INFO:     Started server process [29348]
INFO:     Waiting for application startup.
2026-10-05 10:14:42 | INFO | app.data_sources.factory | Using MultiSourceProvider (failover chain of real APIs).
2026-10-05 10:14:42 | INFO | app.services.auto_refresh | AutoRefreshService started: on_start=True interval=21600s symbols=621 batch_size=20
INFO:     Application startup complete.
2026-10-05 10:14:42 | INFO | app.data_sources.factory | Using YahooHttpProvider (direct v8 chart API, browser UA).
INFO:     Uvicorn running on http://127.0.0.1:8000 (Press CTRL+C to quit)
2026-10-05 10:14:42 | INFO | app.data_sources.factory | Using YFinancePythonProvider (official yfinance package).
2026-10-05 10:14:42 | INFO | app.data_sources.factory | Using FinnhubProvider (Free tier).
2026-10-05 10:14:42 | INFO | app.data_sources.factory | Using AlphaVantageProvider.
2026-10-05 10:14:42 | INFO | app.data_sources.factory | Using StockScraperProvider (HTTP scrape, no key).
2026-10-05 10:14:43 | INFO | app.lakehouse.storage_factory | Using MinIO storage backend.
2026-10-05 10:15:16 | INFO | app.data_sources.yahoo_http_provider | [yahoo_http] returned 1 rows for A (2026-10-02 -> 2026-10-02)
2026-10-05 10:15:16 | INFO | app.data_sources.multi_source | [yahoo_http] returned 1 rows for A (1d)
2026-10-05 10:15:17 | INFO | app.lakehouse.bronze | Bronze append complete: received=1 duplicates=1 paths=1
2026-10-05 10:15:17 | INFO | app.data_sources.yahoo_http_provider | [yahoo_http] returned 1 rows for AAL (2026-10-02 -> 2026-10-02)
2026-10-05 10:15:17 | INFO | app.data_sources.multi_source | [yahoo_http] returned 1 rows for AAL (1d)
2026-10-05 10:15:17 | INFO | app.lakehouse.bronze | Bronze append complete: received=1 duplicates=1 paths=1
2026-10-05 10:15:18 | INFO | app.data_sources.yahoo_http_provider | [yahoo_http] returned 1 rows for AAPL (2026-10-02 -> 2026-10-02)
2026-10-05 10:15:18 | INFO | app.data_sources.multi_source | [yahoo_http] returned 1 rows for AAPL (1d)
2026-10-05 10:15:18 | INFO | app.lakehouse.bronze | Bronze append complete: received=1 duplicates=1 paths=1
2026-10-05 10:15:19 | INFO | app.data_sources.yahoo_http_provider | [yahoo_http] returned 1 rows for ABBV (2026-10-02 -> 2026-10-02)
2026-10-05 10:15:19 | INFO | app.data_sources.multi_source | [yahoo_http] returned 1 rows for ABBV (1d)
2026-10-05 10:15:19 | INFO | app.lakehouse.bronze | Bronze append complete: received=1 duplicates=1 paths=1
2026-10-05 10:15:20 | INFO | app.data_sources.yahoo_http_provider | [yahoo_http] returned 1 rows for ABNB (2026-10-02 -> 2026-10-02)
2026-10-05 10:15:20 | INFO | app.data_sources.multi_source | [yahoo_http] returned 1 rows for ABNB (1d)
2026-10-05 10:15:20 | INFO | app.lakehouse.bronze | Bronze append complete: received=1 duplicates=1 paths=1
2026-10-05 10:15:21 | INFO | app.data_sources.yahoo_http_provider | [yahoo_http] returned 1 rows for ABT (2026-10-02 -> 2026-10-02)
2026-10-05 10:15:21 | INFO | app.data_sources.multi_source | [yahoo_http] returned 1 rows for ABT (1d)
2026-10-05 10:15:21 | INFO | app.lakehouse.bronze | Bronze append complete: received=1 duplicates=1 paths=1
2026-10-05 10:15:22 | INFO | app.data_sources.yahoo_http_provider | [yahoo_http] returned 1 rows for ACAD (2026-10-02 -> 2026-10-02)
2026-10-05 10:15:22 | INFO | app.data_sources.multi_source | [yahoo_http] returned 1 rows for ACAD (1d)
2026-10-05 10:15:22 | INFO | app.lakehouse.bronze | Bronze append complete: received=1 duplicates=1 paths=1
2026-10-05 10:15:23 | INFO | app.data_sources.yahoo_http_provider | [yahoo_http] returned 1 rows for ACHC (2026-10-02 -> 2026-10-02)
2026-10-05 10:15:23 | INFO | app.data_sources.multi_source | [yahoo_http] returned 1 rows for ACHC (1d)
2026-10-05 10:15:23 | INFO | app.lakehouse.bronze | Bronze append complete: received=1 duplicates=1 paths=1
2026-10-05 10:15:23 | INFO | app.data_sources.yahoo_http_provider | [yahoo_http] returned 1 rows for ACI (2026-10-02 -> 2026-10-02)
2026-10-05 10:15:23 | INFO | app.data_sources.multi_source | [yahoo_http] returned 1 rows for ACI (1d)
2026-10-05 10:15:23 | INFO | app.lakehouse.bronze | Bronze append complete: received=1 duplicates=1 paths=1
2026-10-05 10:15:24 | INFO | app.data_sources.yahoo_http_provider | [yahoo_http] returned 1 rows for ACLS (2026-10-02 -> 2026-10-02)
2026-10-05 10:15:24 | INFO | app.data_sources.multi_source | [yahoo_http] returned 1 rows for ACLS (1d)
2026-10-05 10:15:24 | INFO | app.lakehouse.bronze | Bronze append complete: received=1 duplicates=1 paths=1
2026-10-05 10:15:25 | INFO | app.data_sources.yahoo_http_provider | [yahoo_http] returned 1 rows for ADBE (2026-10-02 -> 2026-10-02)
2026-10-05 10:15:25 | INFO | app.data_sources.multi_source | [yahoo_http] returned 1 rows for ADBE (1d)
2026-10-05 10:15:25 | INFO | app.lakehouse.bronze | Bronze append complete: received=1 duplicates=1 paths=1
2026-10-05 10:15:26 | INFO | app.data_sources.yahoo_http_provider | [yahoo_http] returned 1 rows for ADI (2026-10-02 -> 2026-10-02)
2026-10-05 10:15:26 | INFO | app.data_sources.multi_source | [yahoo_http] returned 1 rows for ADI (1d)
2026-10-05 10:15:26 | INFO | app.lakehouse.bronze | Bronze append complete: received=1 duplicates=1 paths=1
2026-10-05 10:15:27 | INFO | app.data_sources.yahoo_http_provider | [yahoo_http] returned 1 rows for ADM (2026-10-02 -> 2026-10-02)
2026-10-05 10:15:27 | INFO | app.data_sources.multi_source | [yahoo_http] returned 1 rows for ADM (1d)
2026-10-05 10:15:27 | INFO | app.lakehouse.bronze | Bronze append complete: received=1 duplicates=1 paths=1
2026-10-05 10:15:27 | INFO | app.data_sources.yahoo_http_provider | [yahoo_http] returned 1 rows for ADP (2026-10-02 -> 2026-10-02)
2026-10-05 10:15:27 | INFO | app.data_sources.multi_source | [yahoo_http] returned 1 rows for ADP (1d)
2026-10-05 10:15:28 | INFO | app.lakehouse.bronze | Bronze append complete: received=1 duplicates=1 paths=1
2026-10-05 10:15:29 | INFO | app.data_sources.yahoo_http_provider | [yahoo_http] returned 1 rows for AEE (2026-10-02 -> 2026-10-02)
2026-10-05 10:15:29 | INFO | app.data_sources.multi_source | [yahoo_http] returned 1 rows for AEE (1d)
2026-10-05 10:15:29 | INFO | app.lakehouse.bronze | Bronze append complete: received=1 duplicates=1 paths=1
2026-10-05 10:15:30 | INFO | app.data_sources.yahoo_http_provider | [yahoo_http] returned 1 rows for AEHR (2026-10-02 -> 2026-10-02)
2026-10-05 10:15:30 | INFO | app.data_sources.multi_source | [yahoo_http] returned 1 rows for AEHR (1d)
2026-10-05 10:15:30 | INFO | app.lakehouse.bronze | Bronze append complete: received=1 duplicates=1 paths=1
2026-10-05 10:15:31 | INFO | app.data_sources.yahoo_http_provider | [yahoo_http] returned 1 rows for AEM (2026-10-02 -> 2026-10-02)
2026-10-05 10:15:31 | INFO | app.data_sources.multi_source | [yahoo_http] returned 1 rows for AEM (1d)
2026-10-05 10:15:31 | INFO | app.lakehouse.bronze | Bronze append complete: received=1 duplicates=1 paths=1
2026-10-05 10:15:32 | INFO | app.data_sources.yahoo_http_provider | [yahoo_http] returned 1 rows for AEO (2026-10-02 -> 2026-10-02)
2026-10-05 10:15:32 | INFO | app.data_sources.multi_source | [yahoo_http] returned 1 rows for AEO (1d)
2026-10-05 10:15:32 | INFO | app.lakehouse.bronze | Bronze append complete: received=1 duplicates=1 paths=1
2026-10-05 10:15:33 | INFO | app.data_sources.yahoo_http_provider | [yahoo_http] returned 1 rows for AEP (2026-10-02 -> 2026-10-02)
2026-10-05 10:15:33 | INFO | app.data_sources.multi_source | [yahoo_http] returned 1 rows for AEP (1d)
2026-10-05 10:15:33 | INFO | app.lakehouse.bronze | Bronze append complete: received=1 duplicates=1 paths=1
2026-10-05 10:15:34 | INFO | app.data_sources.yahoo_http_provider | [yahoo_http] returned 1 rows for AES (2026-10-02 -> 2026-10-02)
2026-10-05 10:15:34 | INFO | app.data_sources.multi_source | [yahoo_http] returned 1 rows for AES (1d)
2026-10-05 10:15:34 | INFO | app.lakehouse.bronze | Bronze append complete: received=1 duplicates=1 paths=1
2026-10-05 10:15:34 | INFO | app.services.auto_refresh | AutoRefresh progress: 20/621 symbols processed
2026-10-05 10:15:34 | INFO | app.data_sources.yahoo_http_provider | [yahoo_http] returned 1 rows for AFL (2026-10-02 -> 2026-10-02)
2026-10-05 10:15:34 | INFO | app.data_sources.multi_source | [yahoo_http] returned 1 rows for AFL (1d)
2026-10-05 10:15:34 | INFO | app.lakehouse.bronze | Bronze append complete: received=1 duplicates=1 paths=1
2026-10-05 10:15:36 | INFO | app.data_sources.yahoo_http_provider | [yahoo_http] returned 1 rows for AG (2026-10-02 -> 2026-10-02)
2026-10-05 10:15:36 | INFO | app.data_sources.multi_source | [yahoo_http] returned 1 rows for AG (1d)
2026-10-05 10:15:36 | INFO | app.lakehouse.bronze | Bronze append complete: received=1 duplicates=1 paths=1
2026-10-05 10:15:37 | INFO | app.data_sources.yahoo_http_provider | [yahoo_http] returned 1 rows for AGG (2026-10-02 -> 2026-10-02)
2026-10-05 10:15:37 | INFO | app.data_sources.multi_source | [yahoo_http] returned 1 rows for AGG (1d)
2026-10-05 10:15:38 | INFO | app.lakehouse.bronze | Bronze append complete: received=1 duplicates=1 paths=1
2026-10-05 10:15:38 | INFO | app.data_sources.yahoo_http_provider | [yahoo_http] returned 1 rows for AJG (2026-10-02 -> 2026-10-02)
2026-10-05 10:15:38 | INFO | app.data_sources.multi_source | [yahoo_http] returned 1 rows for AJG (1d)
2026-10-05 10:15:39 | INFO | app.lakehouse.bronze | Bronze append complete: received=1 duplicates=1 paths=1
2026-10-05 10:15:39 | WARNING | app.data_sources.multi_source | [yahoo_http] failed for AKRO: Yahoo HTTP request failed for AKRO: 404 Client Error: Not Found for url: https://query1.finance.yahoo.com/v8/finance/chart/AKRO?period1=1765299600&period2=1791144883&interval=1d&includeAdjustedClose=true&events=history
2026-10-05 10:15:41 | ERROR | yfinance | HTTP Error 404: {"quoteSummary":{"result":null,"error":{"code":"Not Found","description":"Quote not found for symbol: AKRO"}}}
2026-10-05 10:15:41 | ERROR | yfinance | $AKRO: No data found, symbol may be delisted
2026-10-05 10:15:41 | WARNING | app.data_sources.multi_source | [yfinance] failed for AKRO: No data returned by yfinance for AKRO (1d)
2026-10-05 10:15:42 | WARNING | app.data_sources.multi_source | [finnhub] failed for AKRO: Finnhub authentication failed. Check FINNHUB_API_KEY in .env.
2026-10-05 10:15:43 | WARNING | app.data_sources.multi_source | [alpha_vantage] errored for AKRO: can't compare offset-naive and offset-aware datetimes
2026-10-05 10:15:43 | WARNING | app.data_sources.multi_source | [web_scraper] failed for AKRO: Yahoo Finance request failed: 404 Client Error: Not Found for url: https://query1.finance.yahoo.com/v8/finance/chart/AKRO?period1=1765299600&period2=1791144883&interval=1d&events=history
2026-10-05 10:15:43 | WARNING | app.services.auto_refresh | AutoRefresh: provider fetch failed for AKRO: All providers failed for AKRO (1d): {'yahoo_http': 'Yahoo HTTP request failed for AKRO: 404 Client Error: Not Found for url: https://query1.finance.yahoo.com/v8/finance/chart/AKRO?period1=1765299600&period2=1791144883&interval=1d&includeAdjustedClose=true&events=history', 'yfinance': 'No data returned by yfinance for AKRO (1d)', 'finnhub': 'Finnhub authentication failed. Check FINNHUB_API_KEY in .env.', 'alpha_vantage': "TypeError: can't compare offset-naive and offset-aware datetimes", 'web_scraper': 'Yahoo Finance request failed: 404 Client Error: Not Found for url: https://query1.finance.yahoo.com/v8/finance/chart/AKRO?period1=1765299600&period2=1791144883&interval=1d&events=history'}
2026-10-05 10:15:44 | INFO | app.data_sources.yahoo_http_provider | [yahoo_http] returned 1 rows for ALB (2026-10-02 -> 2026-10-02)
2026-10-05 10:15:44 | INFO | app.data_sources.multi_source | [yahoo_http] returned 1 rows for ALB (1d)
2026-10-05 10:15:44 | INFO | app.lakehouse.bronze | Bronze append complete: received=1 duplicates=1 paths=1
2026-10-05 10:15:45 | INFO | app.data_sources.yahoo_http_provider | [yahoo_http] returned 1 rows for ALK (2026-10-02 -> 2026-10-02)
2026-10-05 10:15:45 | INFO | app.data_sources.multi_source | [yahoo_http] returned 1 rows for ALK (1d)
2026-10-05 10:15:45 | INFO | app.lakehouse.bronze | Bronze append complete: received=1 duplicates=1 paths=1
2026-10-05 10:15:47 | INFO | app.data_sources.yahoo_http_provider | [yahoo_http] returned 1 rows for ALL (2026-10-02 -> 2026-10-02)
2026-10-05 10:15:47 | INFO | app.data_sources.multi_source | [yahoo_http] returned 1 rows for ALL (1d)
2026-10-05 10:15:47 | INFO | app.lakehouse.bronze | Bronze append complete: received=1 duplicates=1 paths=1
2026-10-05 10:15:47 | INFO | app.data_sources.yahoo_http_provider | [yahoo_http] returned 1 rows for ALLE (2026-10-02 -> 2026-10-02)
2026-10-05 10:15:47 | INFO | app.data_sources.multi_source | [yahoo_http] returned 1 rows for ALLE (1d)
2026-10-05 10:15:47 | INFO | app.lakehouse.bronze | Bronze append complete: received=1 duplicates=1 paths=1
2026-10-05 10:15:48 | INFO | app.data_sources.yahoo_http_provider | [yahoo_http] returned 1 rows for ALLY (2026-10-02 -> 2026-10-02)
2026-10-05 10:15:48 | INFO | app.data_sources.multi_source | [yahoo_http] returned 1 rows for ALLY (1d)
2026-10-05 10:15:48 | INFO | app.lakehouse.bronze | Bronze append complete: received=1 duplicates=1 paths=1
2026-10-05 10:15:48 | WARNING | app.data_sources.multi_source | [yahoo_http] failed for ALTM: Yahoo HTTP request failed for ALTM: 404 Client Error: Not Found for url: https://query1.finance.yahoo.com/v8/finance/chart/ALTM?period1=1741194000&period2=1791144883&interval=1d&includeAdjustedClose=true&events=history
2026-10-05 10:15:49 | ERROR | yfinance | $ALTM: No data found, symbol may be delisted
2026-10-05 10:15:49 | WARNING | app.data_sources.multi_source | [yfinance] failed for ALTM: No data returned by yfinance for ALTM (1d)
2026-10-05 10:15:50 | WARNING | app.data_sources.multi_source | [finnhub] failed for ALTM: Finnhub authentication failed. Check FINNHUB_API_KEY in .env.
2026-10-05 10:15:50 | WARNING | app.data_sources.multi_source | [alpha_vantage] errored for ALTM: can't compare offset-naive and offset-aware datetimes
2026-10-05 10:15:51 | WARNING | app.data_sources.multi_source | [web_scraper] failed for ALTM: Yahoo Finance request failed: 404 Client Error: Not Found for url: https://query1.finance.yahoo.com/v8/finance/chart/ALTM?period1=1741194000&period2=1791144883&interval=1d&events=history
2026-10-05 10:15:51 | WARNING | app.services.auto_refresh | AutoRefresh: provider fetch failed for ALTM: All providers failed for ALTM (1d): {'yahoo_http': 'Yahoo HTTP request failed for ALTM: 404 Client Error: Not Found for url: https://query1.finance.yahoo.com/v8/finance/chart/ALTM?period1=1741194000&period2=1791144883&interval=1d&includeAdjustedClose=true&events=history', 'yfinance': 'No data returned by yfinance for ALTM (1d)', 'finnhub': 'Finnhub authentication failed. Check FINNHUB_API_KEY in .env.', 'alpha_vantage': "TypeError: can't compare offset-naive and offset-aware datetimes", 'web_scraper': 'Yahoo Finance request failed: 404 Client Error: Not Found for url: https://query1.finance.yahoo.com/v8/finance/chart/ALTM?period1=1741194000&period2=1791144883&interval=1d&events=history'}
2026-10-05 10:15:51 | WARNING | app.data_sources.multi_source | [yahoo_http] failed for ALXN: Yahoo HTTP request failed for ALXN: 404 Client Error: Not Found for url: https://query1.finance.yahoo.com/v8/finance/chart/ALXN?period1=1627491600&period2=1791144883&interval=1d&includeAdjustedClose=true&events=history
2026-10-05 10:15:51 | ERROR | yfinance | $ALXN: possibly delisted; no timezone found
2026-10-05 10:15:51 | WARNING | app.data_sources.multi_source | [yfinance] failed for ALXN: No data returned by yfinance for ALXN (1d)
2026-10-05 10:15:51 | WARNING | app.data_sources.multi_source | [finnhub] failed for ALXN: Finnhub authentication failed. Check FINNHUB_API_KEY in .env.
2026-10-05 10:15:52 | WARNING | app.data_sources.multi_source | [alpha_vantage] errored for ALXN: can't compare offset-naive and offset-aware datetimes
2026-10-05 10:15:52 | WARNING | app.data_sources.multi_source | [web_scraper] failed for ALXN: Yahoo Finance request failed: 404 Client Error: Not Found for url: https://query1.finance.yahoo.com/v8/finance/chart/ALXN?period1=1627491600&period2=1791144883&interval=1d&events=history
2026-10-05 10:15:52 | WARNING | app.services.auto_refresh | AutoRefresh: provider fetch failed for ALXN: All providers failed for ALXN (1d): {'yahoo_http': 'Yahoo HTTP request failed for ALXN: 404 Client Error: Not Found for url: https://query1.finance.yahoo.com/v8/finance/chart/ALXN?period1=1627491600&period2=1791144883&interval=1d&includeAdjustedClose=true&events=history', 'yfinance': 'No data returned by yfinance for ALXN (1d)', 'finnhub': 'Finnhub authentication failed. Check FINNHUB_API_KEY in .env.', 'alpha_vantage': "TypeError: can't compare offset-naive and offset-aware datetimes", 'web_scraper': 'Yahoo Finance request failed: 404 Client Error: Not Found for url: https://query1.finance.yahoo.com/v8/finance/chart/ALXN?period1=1627491600&period2=1791144883&interval=1d&events=history'}
2026-10-05 10:15:53 | INFO | app.data_sources.yahoo_http_provider | [yahoo_http] returned 1 rows for AMAT (2026-10-02 -> 2026-10-02)
2026-10-05 10:15:53 | INFO | app.data_sources.multi_source | [yahoo_http] returned 1 rows for AMAT (1d)
2026-10-05 10:15:53 | INFO | app.lakehouse.bronze | Bronze append complete: received=1 duplicates=1 paths=1
2026-10-05 10:15:54 | INFO | app.data_sources.yahoo_http_provider | [yahoo_http] returned 1 rows for AMD (2026-10-02 -> 2026-10-02)
2026-10-05 10:15:54 | INFO | app.data_sources.multi_source | [yahoo_http] returned 1 rows for AMD (1d)
2026-10-05 10:15:54 | INFO | app.lakehouse.bronze | Bronze append complete: received=1 duplicates=1 paths=1
2026-10-05 10:15:54 | INFO | app.data_sources.yahoo_http_provider | [yahoo_http] returned 1 rows for AMGN (2026-10-02 -> 2026-10-02)
2026-10-05 10:15:54 | INFO | app.data_sources.multi_source | [yahoo_http] returned 1 rows for AMGN (1d)
2026-10-05 10:15:55 | INFO | app.lakehouse.bronze | Bronze append complete: received=1 duplicates=1 paths=1
2026-10-05 10:15:55 | INFO | app.data_sources.yahoo_http_provider | [yahoo_http] returned 1 rows for AMP (2026-10-02 -> 2026-10-02)
2026-10-05 10:15:55 | INFO | app.data_sources.multi_source | [yahoo_http] returned 1 rows for AMP (1d)
2026-10-05 10:15:55 | INFO | app.lakehouse.bronze | Bronze append complete: received=1 duplicates=1 paths=1
2026-10-05 10:15:56 | INFO | app.data_sources.yahoo_http_provider | [yahoo_http] returned 1 rows for AMT (2026-10-02 -> 2026-10-02)
2026-10-05 10:15:56 | INFO | app.data_sources.multi_source | [yahoo_http] returned 1 rows for AMT (1d)
2026-10-05 10:15:56 | INFO | app.lakehouse.bronze | Bronze append complete: received=1 duplicates=1 paths=1
2026-10-05 10:15:57 | INFO | app.data_sources.yahoo_http_provider | [yahoo_http] returned 1 rows for AMZN (2026-10-02 -> 2026-10-02)
2026-10-05 10:15:57 | INFO | app.data_sources.multi_source | [yahoo_http] returned 1 rows for AMZN (1d)
2026-10-05 10:15:57 | INFO | app.lakehouse.bronze | Bronze append complete: received=1 duplicates=1 paths=1
2026-10-05 10:15:59 | INFO | app.data_sources.yahoo_http_provider | [yahoo_http] returned 1 rows for AN (2026-10-02 -> 2026-10-02)
2026-10-05 10:15:59 | INFO | app.data_sources.multi_source | [yahoo_http] returned 1 rows for AN (1d)
2026-10-05 10:15:59 | INFO | app.lakehouse.bronze | Bronze append complete: received=1 duplicates=1 paths=1
2026-10-05 10:16:00 | INFO | app.data_sources.yahoo_http_provider | [yahoo_http] returned 1 rows for ANET (2026-10-02 -> 2026-10-02)
2026-10-05 10:16:00 | INFO | app.data_sources.multi_source | [yahoo_http] returned 1 rows for ANET (1d)
2026-10-05 10:16:00 | INFO | app.lakehouse.bronze | Bronze append complete: received=1 duplicates=1 paths=1
2026-10-05 10:16:00 | INFO | app.services.auto_refresh | AutoRefresh progress: 40/621 symbols processed
2026-10-05 10:16:01 | INFO | app.data_sources.yahoo_http_provider | [yahoo_http] returned 1 rows for ANF (2026-10-02 -> 2026-10-02)
2026-10-05 10:16:01 | INFO | app.data_sources.multi_source | [yahoo_http] returned 1 rows for ANF (1d)
2026-10-05 10:16:01 | INFO | app.lakehouse.bronze | Bronze append complete: received=1 duplicates=1 paths=1
2026-10-05 10:16:01 | INFO | app.data_sources.yahoo_http_provider | [yahoo_http] returned 1 rows for AON (2026-10-02 -> 2026-10-02)
2026-10-05 10:16:01 | INFO | app.data_sources.multi_source | [yahoo_http] returned 1 rows for AON (1d)
2026-10-05 10:16:02 | INFO | app.lakehouse.bronze | Bronze append complete: received=1 duplicates=1 paths=1
2026-10-05 10:16:02 | INFO | app.data_sources.yahoo_http_provider | [yahoo_http] returned 1 rows for AOS (2026-10-02 -> 2026-10-02)
2026-10-05 10:16:02 | INFO | app.data_sources.multi_source | [yahoo_http] returned 1 rows for AOS (1d)
2026-10-05 10:16:02 | INFO | app.lakehouse.bronze | Bronze append complete: received=1 duplicates=1 paths=1
2026-10-05 10:16:03 | INFO | app.data_sources.yahoo_http_provider | [yahoo_http] returned 1 rows for APA (2026-10-02 -> 2026-10-02)
2026-10-05 10:16:03 | INFO | app.data_sources.multi_source | [yahoo_http] returned 1 rows for APA (1d)
2026-10-05 10:16:03 | INFO | app.lakehouse.bronze | Bronze append complete: received=1 duplicates=1 paths=1
2026-10-05 10:16:04 | INFO | app.data_sources.yahoo_http_provider | [yahoo_http] returned 1 rows for APD (2026-10-02 -> 2026-10-02)
2026-10-05 10:16:04 | INFO | app.data_sources.multi_source | [yahoo_http] returned 1 rows for APD (1d)
2026-10-05 10:16:04 | INFO | app.lakehouse.bronze | Bronze append complete: received=1 duplicates=1 paths=1
2026-10-05 10:16:09 | INFO | app.data_sources.yahoo_http_provider | [yahoo_http] returned 1 rows for AR (2026-10-02 -> 2026-10-02)
2026-10-05 10:16:09 | INFO | app.data_sources.multi_source | [yahoo_http] returned 1 rows for AR (1d)
2026-10-05 10:16:09 | INFO | app.lakehouse.bronze | Bronze append complete: received=1 duplicates=1 paths=1
2026-10-05 10:16:09 | INFO | app.data_sources.yahoo_http_provider | [yahoo_http] returned 1 rows for ARCB (2026-10-02 -> 2026-10-02)
2026-10-05 10:16:09 | INFO | app.data_sources.multi_source | [yahoo_http] returned 1 rows for ARCB (1d)
2026-10-05 10:16:09 | INFO | app.lakehouse.bronze | Bronze append complete: received=1 duplicates=1 paths=1
2026-10-05 10:16:10 | INFO | app.data_sources.yahoo_http_provider | [yahoo_http] returned 1 rows for ARE (2026-10-02 -> 2026-10-02)
2026-10-05 10:16:10 | INFO | app.data_sources.multi_source | [yahoo_http] returned 1 rows for ARE (1d)
2026-10-05 10:16:10 | INFO | app.lakehouse.bronze | Bronze append complete: received=1 duplicates=1 paths=1
2026-10-05 10:16:10 | INFO | app.data_sources.yahoo_http_provider | [yahoo_http] returned 1 rows for ARKF (2026-10-02 -> 2026-10-02)
2026-10-05 10:16:10 | INFO | app.data_sources.multi_source | [yahoo_http] returned 1 rows for ARKF (1d)
2026-10-05 10:16:11 | INFO | app.lakehouse.bronze | Bronze append complete: received=1 duplicates=1 paths=1
2026-10-05 10:16:11 | INFO | app.data_sources.yahoo_http_provider | [yahoo_http] returned 1 rows for ARKK (2026-10-02 -> 2026-10-02)
2026-10-05 10:16:11 | INFO | app.data_sources.multi_source | [yahoo_http] returned 1 rows for ARKK (1d)
2026-10-05 10:16:11 | INFO | app.lakehouse.bronze | Bronze append complete: received=1 duplicates=1 paths=1
2026-10-05 10:16:12 | INFO | app.data_sources.yahoo_http_provider | [yahoo_http] returned 1 rows for ARKW (2026-10-02 -> 2026-10-02)
2026-10-05 10:16:12 | INFO | app.data_sources.multi_source | [yahoo_http] returned 1 rows for ARKW (1d)
2026-10-05 10:16:12 | INFO | app.lakehouse.bronze | Bronze append complete: received=1 duplicates=1 paths=1
2026-10-05 10:16:12 | INFO | app.data_sources.yahoo_http_provider | [yahoo_http] returned 1 rows for ARM (2026-10-02 -> 2026-10-02)
2026-10-05 10:16:12 | INFO | app.data_sources.multi_source | [yahoo_http] returned 1 rows for ARM (1d)
2026-10-05 10:16:12 | INFO | app.lakehouse.bronze | Bronze append complete: received=1 duplicates=1 paths=1
2026-10-05 10:16:13 | INFO | app.data_sources.yahoo_http_provider | [yahoo_http] returned 1 rows for ARVN (2026-10-02 -> 2026-10-02)
2026-10-05 10:16:13 | INFO | app.data_sources.multi_source | [yahoo_http] returned 1 rows for ARVN (1d)
2026-10-05 10:16:13 | INFO | app.lakehouse.bronze | Bronze append complete: received=1 duplicates=1 paths=1
2026-10-05 10:16:13 | INFO | app.data_sources.yahoo_http_provider | [yahoo_http] returned 1 rows for ASML (2026-10-02 -> 2026-10-02)
2026-10-05 10:16:13 | INFO | app.data_sources.multi_source | [yahoo_http] returned 1 rows for ASML (1d)
2026-10-05 10:16:13 | INFO | app.lakehouse.bronze | Bronze append complete: received=1 duplicates=1 paths=1
2026-10-05 10:16:14 | INFO | app.data_sources.yahoo_http_provider | [yahoo_http] returned 1 rows for ATO (2026-10-02 -> 2026-10-02)
2026-10-05 10:16:14 | INFO | app.data_sources.multi_source | [yahoo_http] returned 1 rows for ATO (1d)
2026-10-05 10:16:14 | INFO | app.lakehouse.bronze | Bronze append complete: received=1 duplicates=1 paths=1
2026-10-05 10:16:14 | WARNING | app.data_sources.multi_source | [yahoo_http] failed for ATSG: Yahoo HTTP request failed for ATSG: 404 Client Error: Not Found for url: https://query1.finance.yahoo.com/v8/finance/chart/ATSG?period1=1744390800&period2=1791144883&interval=1d&includeAdjustedClose=true&events=history
2026-10-05 10:16:15 | ERROR | yfinance | $ATSG: No data found, symbol may be delisted
2026-10-05 10:16:15 | WARNING | app.data_sources.multi_source | [yfinance] failed for ATSG: No data returned by yfinance for ATSG (1d)
2026-10-05 10:16:15 | WARNING | app.data_sources.multi_source | [finnhub] failed for ATSG: Finnhub authentication failed. Check FINNHUB_API_KEY in .env.
2026-10-05 10:16:16 | WARNING | app.data_sources.multi_source | [alpha_vantage] errored for ATSG: can't compare offset-naive and offset-aware datetimes
2026-10-05 10:16:16 | WARNING | app.data_sources.multi_source | [web_scraper] failed for ATSG: Yahoo Finance request failed: 404 Client Error: Not Found for url: https://query1.finance.yahoo.com/v8/finance/chart/ATSG?period1=1744390800&period2=1791144883&interval=1d&events=history
2026-10-05 10:16:16 | WARNING | app.services.auto_refresh | AutoRefresh: provider fetch failed for ATSG: All providers failed for ATSG (1d): {'yahoo_http': 'Yahoo HTTP request failed for ATSG: 404 Client Error: Not Found for url: https://query1.finance.yahoo.com/v8/finance/chart/ATSG?period1=1744390800&period2=1791144883&interval=1d&includeAdjustedClose=true&events=history', 'yfinance': 'No data returned by yfinance for ATSG (1d)', 'finnhub': 'Finnhub authentication failed. Check FINNHUB_API_KEY in .env.', 'alpha_vantage': "TypeError: can't compare offset-naive and offset-aware datetimes", 'web_scraper': 'Yahoo Finance request failed: 404 Client Error: Not Found for url: https://query1.finance.yahoo.com/v8/finance/chart/ATSG?period1=1744390800&period2=1791144883&interval=1d&events=history'}
2026-10-05 10:16:16 | WARNING | app.data_sources.multi_source | [yahoo_http] failed for ATVI: Yahoo HTTP request failed for ATVI: 404 Client Error: Not Found for url: https://query1.finance.yahoo.com/v8/finance/chart/ATVI?period1=1697216400&period2=1791144883&interval=1d&includeAdjustedClose=true&events=history
2026-10-05 10:16:17 | ERROR | yfinance | $ATVI: No data found, symbol may be delisted
2026-10-05 10:16:17 | WARNING | app.data_sources.multi_source | [yfinance] failed for ATVI: No data returned by yfinance for ATVI (1d)
2026-10-05 10:16:17 | WARNING | app.data_sources.multi_source | [finnhub] failed for ATVI: Finnhub authentication failed. Check FINNHUB_API_KEY in .env.
2026-10-05 10:16:18 | WARNING | app.data_sources.multi_source | [alpha_vantage] errored for ATVI: can't compare offset-naive and offset-aware datetimes
2026-10-05 10:16:18 | WARNING | app.data_sources.multi_source | [web_scraper] failed for ATVI: Yahoo Finance request failed: 404 Client Error: Not Found for url: https://query1.finance.yahoo.com/v8/finance/chart/ATVI?period1=1697216400&period2=1791144883&interval=1d&events=history
2026-10-05 10:16:18 | WARNING | app.services.auto_refresh | AutoRefresh: provider fetch failed for ATVI: All providers failed for ATVI (1d): {'yahoo_http': 'Yahoo HTTP request failed for ATVI: 404 Client Error: Not Found for url: https://query1.finance.yahoo.com/v8/finance/chart/ATVI?period1=1697216400&period2=1791144883&interval=1d&includeAdjustedClose=true&events=history', 'yfinance': 'No data returned by yfinance for ATVI (1d)', 'finnhub': 'Finnhub authentication failed. Check FINNHUB_API_KEY in .env.', 'alpha_vantage': "TypeError: can't compare offset-naive and offset-aware datetimes", 'web_scraper': 'Yahoo Finance request failed: 404 Client Error: Not Found for url: https://query1.finance.yahoo.com/v8/finance/chart/ATVI?period1=1697216400&period2=1791144883&interval=1d&events=history'}
2026-10-05 10:16:19 | INFO | app.data_sources.yahoo_http_provider | [yahoo_http] returned 1 rows for AU (2026-10-02 -> 2026-10-02)
2026-10-05 10:16:19 | INFO | app.data_sources.multi_source | [yahoo_http] returned 1 rows for AU (1d)
2026-10-05 10:16:19 | INFO | app.lakehouse.bronze | Bronze append complete: received=1 duplicates=1 paths=1
2026-10-05 10:16:19 | INFO | app.data_sources.yahoo_http_provider | [yahoo_http] returned 1 rows for AVA (2026-10-02 -> 2026-10-02)
2026-10-05 10:16:19 | INFO | app.data_sources.multi_source | [yahoo_http] returned 1 rows for AVA (1d)
2026-10-05 10:16:19 | INFO | app.lakehouse.bronze | Bronze append complete: received=1 duplicates=1 paths=1
2026-10-05 10:16:19 | INFO | app.data_sources.yahoo_http_provider | [yahoo_http] returned 1 rows for AVB (2026-08-14 -> 2026-08-14)
2026-10-05 10:16:19 | INFO | app.data_sources.multi_source | [yahoo_http] returned 1 rows for AVB (1d)
2026-10-05 10:16:20 | INFO | app.lakehouse.bronze | Bronze append complete: received=1 duplicates=1 paths=1
2026-10-05 10:16:20 | INFO | app.services.auto_refresh | AutoRefresh progress: 60/621 symbols processed
2026-10-05 10:16:20 | INFO | app.data_sources.yahoo_http_provider | [yahoo_http] returned 1 rows for AVGO (2026-10-02 -> 2026-10-02)
2026-10-05 10:16:20 | INFO | app.data_sources.multi_source | [yahoo_http] returned 1 rows for AVGO (1d)
2026-10-05 10:16:20 | INFO | app.lakehouse.bronze | Bronze append complete: received=1 duplicates=1 paths=1
2026-10-05 10:16:20 | WARNING | app.data_sources.multi_source | [yahoo_http] failed for AVTE: Yahoo HTTP request failed for AVTE: 404 Client Error: Not Found for url: https://query1.finance.yahoo.com/v8/finance/chart/AVTE?period1=1790960400&period2=1791144883&interval=1d&includeAdjustedClose=true&events=history
2026-10-05 10:16:21 | ERROR | yfinance | $AVTE: No data found, symbol may be delisted
2026-10-05 10:16:21 | WARNING | app.data_sources.multi_source | [yfinance] failed for AVTE: No data returned by yfinance for AVTE (1d)
2026-10-05 10:16:21 | WARNING | app.data_sources.multi_source | [finnhub] failed for AVTE: Finnhub authentication failed. Check FINNHUB_API_KEY in .env.
2026-10-05 10:16:22 | WARNING | app.data_sources.multi_source | [alpha_vantage] errored for AVTE: can't compare offset-naive and offset-aware datetimes
2026-10-05 10:16:22 | WARNING | app.data_sources.multi_source | [web_scraper] failed for AVTE: Yahoo Finance request failed: 404 Client Error: Not Found for url: https://query1.finance.yahoo.com/v8/finance/chart/AVTE?period1=1790960400&period2=1791144883&interval=1d&events=history
2026-10-05 10:16:22 | WARNING | app.services.auto_refresh | AutoRefresh: provider fetch failed for AVTE: All providers failed for AVTE (1d): {'yahoo_http': 'Yahoo HTTP request failed for AVTE: 404 Client Error: Not Found for url: https://query1.finance.yahoo.com/v8/finance/chart/AVTE?period1=1790960400&period2=1791144883&interval=1d&includeAdjustedClose=true&events=history', 'yfinance': 'No data returned by yfinance for AVTE (1d)', 'finnhub': 'Finnhub authentication failed. Check FINNHUB_API_KEY in .env.', 'alpha_vantage': "TypeError: can't compare offset-naive and offset-aware datetimes", 'web_scraper': 'Yahoo Finance request failed: 404 Client Error: Not Found for url: https://query1.finance.yahoo.com/v8/finance/chart/AVTE?period1=1790960400&period2=1791144883&interval=1d&events=history'}
2026-10-05 10:16:23 | INFO | app.data_sources.yahoo_http_provider | [yahoo_http] returned 1 rows for AWK (2026-10-02 -> 2026-10-02)
2026-10-05 10:16:23 | INFO | app.data_sources.multi_source | [yahoo_http] returned 1 rows for AWK (1d)
2026-10-05 10:16:23 | INFO | app.lakehouse.bronze | Bronze append complete: received=1 duplicates=1 paths=1
2026-10-05 10:16:24 | INFO | app.data_sources.yahoo_http_provider | [yahoo_http] returned 1 rows for AWR (2026-10-02 -> 2026-10-02)
2026-10-05 10:16:24 | INFO | app.data_sources.multi_source | [yahoo_http] returned 1 rows for AWR (1d)
2026-10-05 10:16:24 | INFO | app.lakehouse.bronze | Bronze append complete: received=1 duplicates=1 paths=1
2026-10-05 10:16:24 | INFO | app.data_sources.yahoo_http_provider | [yahoo_http] returned 1 rows for AXP (2026-10-02 -> 2026-10-02)
2026-10-05 10:16:24 | INFO | app.data_sources.multi_source | [yahoo_http] returned 1 rows for AXP (1d)
2026-10-05 10:16:25 | INFO | app.lakehouse.bronze | Bronze append complete: received=1 duplicates=1 paths=1
2026-10-05 10:16:25 | INFO | app.data_sources.yahoo_http_provider | [yahoo_http] returned 1 rows for AYI (2026-10-02 -> 2026-10-02)
2026-10-05 10:16:25 | INFO | app.data_sources.multi_source | [yahoo_http] returned 1 rows for AYI (1d)
2026-10-05 10:16:25 | INFO | app.lakehouse.bronze | Bronze append complete: received=1 duplicates=1 paths=1
2026-10-05 10:16:26 | INFO | app.data_sources.yahoo_http_provider | [yahoo_http] returned 1 rows for AZO (2026-10-02 -> 2026-10-02)
2026-10-05 10:16:26 | INFO | app.data_sources.multi_source | [yahoo_http] returned 1 rows for AZO (1d)
2026-10-05 10:16:26 | INFO | app.lakehouse.bronze | Bronze append complete: received=1 duplicates=1 paths=1
2026-10-05 10:16:27 | INFO | app.data_sources.yahoo_http_provider | [yahoo_http] returned 1 rows for BA (2026-10-02 -> 2026-10-02)
2026-10-05 10:16:27 | INFO | app.data_sources.multi_source | [yahoo_http] returned 1 rows for BA (1d)
2026-10-05 10:16:27 | INFO | app.lakehouse.bronze | Bronze append complete: received=1 duplicates=1 paths=1
2026-10-05 10:16:28 | INFO | app.data_sources.yahoo_http_provider | [yahoo_http] returned 1 rows for BAC (2026-10-02 -> 2026-10-02)
2026-10-05 10:16:28 | INFO | app.data_sources.multi_source | [yahoo_http] returned 1 rows for BAC (1d)
2026-10-05 10:16:28 | INFO | app.lakehouse.bronze | Bronze append complete: received=1 duplicates=1 paths=1
2026-10-05 10:16:29 | INFO | app.data_sources.yahoo_http_provider | [yahoo_http] returned 1 rows for BAX (2026-10-02 -> 2026-10-02)
2026-10-05 10:16:29 | INFO | app.data_sources.multi_source | [yahoo_http] returned 1 rows for BAX (1d)
2026-10-05 10:16:29 | INFO | app.lakehouse.bronze | Bronze append complete: received=1 duplicates=1 paths=1
2026-10-05 10:16:29 | INFO | app.data_sources.yahoo_http_provider | [yahoo_http] returned 1 rows for BBIO (2026-10-02 -> 2026-10-02)
2026-10-05 10:16:29 | INFO | app.data_sources.multi_source | [yahoo_http] returned 1 rows for BBIO (1d)
2026-10-05 10:16:29 | INFO | app.lakehouse.bronze | Bronze append complete: received=1 duplicates=1 paths=1
2026-10-05 10:16:30 | INFO | app.data_sources.yahoo_http_provider | [yahoo_http] returned 1 rows for BBWI (2026-10-02 -> 2026-10-02)
2026-10-05 10:16:30 | INFO | app.data_sources.multi_source | [yahoo_http] returned 1 rows for BBWI (1d)
2026-10-05 10:16:30 | INFO | app.lakehouse.bronze | Bronze append complete: received=1 duplicates=1 paths=1
2026-10-05 10:16:31 | INFO | app.data_sources.yahoo_http_provider | [yahoo_http] returned 1 rows for BBY (2026-10-02 -> 2026-10-02)
2026-10-05 10:16:31 | INFO | app.data_sources.multi_source | [yahoo_http] returned 1 rows for BBY (1d)
2026-10-05 10:16:31 | INFO | app.lakehouse.bronze | Bronze append complete: received=1 duplicates=1 paths=1
2026-10-05 10:16:31 | INFO | app.data_sources.yahoo_http_provider | [yahoo_http] returned 1 rows for BDN (2026-10-02 -> 2026-10-02)
2026-10-05 10:16:31 | INFO | app.data_sources.multi_source | [yahoo_http] returned 1 rows for BDN (1d)
2026-10-05 10:16:31 | INFO | app.lakehouse.bronze | Bronze append complete: received=1 duplicates=1 paths=1
2026-10-05 10:16:32 | INFO | app.data_sources.yahoo_http_provider | [yahoo_http] returned 1 rows for BDX (2026-10-02 -> 2026-10-02)
2026-10-05 10:16:32 | INFO | app.data_sources.multi_source | [yahoo_http] returned 1 rows for BDX (1d)
2026-10-05 10:16:32 | INFO | app.lakehouse.bronze | Bronze append complete: received=1 duplicates=1 paths=1
2026-10-05 10:16:33 | INFO | app.data_sources.yahoo_http_provider | [yahoo_http] returned 1 rows for BEAM (2026-10-02 -> 2026-10-02)
2026-10-05 10:16:33 | INFO | app.data_sources.multi_source | [yahoo_http] returned 1 rows for BEAM (1d)
2026-10-05 10:16:33 | INFO | app.lakehouse.bronze | Bronze append complete: received=1 duplicates=1 paths=1
2026-10-05 10:16:33 | INFO | app.data_sources.yahoo_http_provider | [yahoo_http] returned 1 rows for BG (2026-10-02 -> 2026-10-02)
2026-10-05 10:16:33 | INFO | app.data_sources.multi_source | [yahoo_http] returned 1 rows for BG (1d)
2026-10-05 10:16:33 | INFO | app.lakehouse.bronze | Bronze append complete: received=1 duplicates=1 paths=1
2026-10-05 10:16:34 | INFO | app.data_sources.yahoo_http_provider | [yahoo_http] returned 1 rows for BIIB (2026-10-02 -> 2026-10-02)
2026-10-05 10:16:34 | INFO | app.data_sources.multi_source | [yahoo_http] returned 1 rows for BIIB (1d)
2026-10-05 10:16:34 | INFO | app.lakehouse.bronze | Bronze append complete: received=1 duplicates=1 paths=1
2026-10-05 10:16:35 | INFO | app.data_sources.yahoo_http_provider | [yahoo_http] returned 1 rows for BIL (2026-10-02 -> 2026-10-02)
2026-10-05 10:16:35 | INFO | app.data_sources.multi_source | [yahoo_http] returned 1 rows for BIL (1d)
2026-10-05 10:16:35 | INFO | app.lakehouse.bronze | Bronze append complete: received=1 duplicates=1 paths=1
2026-10-05 10:16:36 | INFO | app.data_sources.yahoo_http_provider | [yahoo_http] returned 1 rows for BIO (2026-10-02 -> 2026-10-02)
2026-10-05 10:16:36 | INFO | app.data_sources.multi_source | [yahoo_http] returned 1 rows for BIO (1d)
2026-10-05 10:16:36 | INFO | app.lakehouse.bronze | Bronze append complete: received=1 duplicates=1 paths=1
2026-10-05 10:16:36 | INFO | app.services.auto_refresh | AutoRefresh progress: 80/621 symbols processed
2026-10-05 10:16:36 | INFO | app.data_sources.yahoo_http_provider | [yahoo_http] returned 1 rows for BIP (2026-10-02 -> 2026-10-02)
2026-10-05 10:16:36 | INFO | app.data_sources.multi_source | [yahoo_http] returned 1 rows for BIP (1d)
2026-10-05 10:16:36 | INFO | app.lakehouse.bronze | Bronze append complete: received=1 duplicates=1 paths=1
2026-10-05 10:16:37 | INFO | app.data_sources.yahoo_http_provider | [yahoo_http] returned 1 rows for BITO (2026-10-02 -> 2026-10-02)
2026-10-05 10:16:37 | INFO | app.data_sources.multi_source | [yahoo_http] returned 1 rows for BITO (1d)
2026-10-05 10:16:37 | INFO | app.lakehouse.bronze | Bronze append complete: received=1 duplicates=1 paths=1
2026-10-05 10:16:37 | INFO | app.data_sources.yahoo_http_provider | [yahoo_http] returned 1 rows for BITQ (2026-10-02 -> 2026-10-02)
2026-10-05 10:16:37 | INFO | app.data_sources.multi_source | [yahoo_http] returned 1 rows for BITQ (1d)
2026-10-05 10:16:37 | INFO | app.lakehouse.bronze | Bronze append complete: received=1 duplicates=1 paths=1
2026-10-05 10:16:38 | INFO | app.data_sources.yahoo_http_provider | [yahoo_http] returned 1 rows for BITX (2026-10-02 -> 2026-10-02)
2026-10-05 10:16:38 | INFO | app.data_sources.multi_source | [yahoo_http] returned 1 rows for BITX (1d)
2026-10-05 10:16:38 | INFO | app.lakehouse.bronze | Bronze append complete: received=1 duplicates=1 paths=1
2026-10-05 10:16:38 | INFO | app.data_sources.yahoo_http_provider | [yahoo_http] returned 1 rows for BJRI (2026-10-02 -> 2026-10-02)
2026-10-05 10:16:38 | INFO | app.data_sources.multi_source | [yahoo_http] returned 1 rows for BJRI (1d)
2026-10-05 10:16:38 | INFO | app.lakehouse.bronze | Bronze append complete: received=1 duplicates=1 paths=1
2026-10-05 10:16:39 | WARNING | app.data_sources.multi_source | [yahoo_http] failed for BK: Yahoo HTTP request failed for BK: 404 Client Error: Not Found for url: https://query1.finance.yahoo.com/v8/finance/chart/BK?period1=1791032402&period2=1791144883&interval=1d&includeAdjustedClose=true&events=history
2026-10-05 10:16:40 | ERROR | yfinance | $BK: No data found, symbol may be delisted
2026-10-05 10:16:40 | WARNING | app.data_sources.multi_source | [yfinance] failed for BK: No data returned by yfinance for BK (1d)
2026-10-05 10:16:40 | WARNING | app.data_sources.multi_source | [finnhub] failed for BK: Finnhub authentication failed. Check FINNHUB_API_KEY in .env.
2026-10-05 10:16:41 | WARNING | app.data_sources.multi_source | [alpha_vantage] errored for BK: can't compare offset-naive and offset-aware datetimes
2026-10-05 10:16:41 | WARNING | app.data_sources.multi_source | [web_scraper] failed for BK: Yahoo Finance request failed: 404 Client Error: Not Found for url: https://query1.finance.yahoo.com/v8/finance/chart/BK?period1=1791032402&period2=1791144883&interval=1d&events=history
2026-10-05 10:16:41 | WARNING | app.services.auto_refresh | AutoRefresh: provider fetch failed for BK: All providers failed for BK (1d): {'yahoo_http': 'Yahoo HTTP request failed for BK: 404 Client Error: Not Found for url: https://query1.finance.yahoo.com/v8/finance/chart/BK?period1=1791032402&period2=1791144883&interval=1d&includeAdjustedClose=true&events=history', 'yfinance': 'No data returned by yfinance for BK (1d)', 'finnhub': 'Finnhub authentication failed. Check FINNHUB_API_KEY in .env.', 'alpha_vantage': "TypeError: can't compare offset-naive and offset-aware datetimes", 'web_scraper': 'Yahoo Finance request failed: 404 Client Error: Not Found for url: https://query1.finance.yahoo.com/v8/finance/chart/BK?period1=1791032402&period2=1791144883&interval=1d&events=history'}
2026-10-05 10:16:41 | INFO | app.data_sources.yahoo_http_provider | [yahoo_http] returned 1 rows for BKH (2026-10-02 -> 2026-10-02)
2026-10-05 10:16:41 | INFO | app.data_sources.multi_source | [yahoo_http] returned 1 rows for BKH (1d)
2026-10-05 10:16:42 | INFO | app.lakehouse.bronze | Bronze append complete: received=1 duplicates=1 paths=1
2026-10-05 10:16:42 | INFO | app.data_sources.yahoo_http_provider | [yahoo_http] returned 1 rows for BKNG (2026-10-02 -> 2026-10-02)
2026-10-05 10:16:42 | INFO | app.data_sources.multi_source | [yahoo_http] returned 1 rows for BKNG (1d)
2026-10-05 10:16:42 | INFO | app.lakehouse.bronze | Bronze append complete: received=1 duplicates=1 paths=1
2026-10-05 10:16:43 | INFO | app.data_sources.yahoo_http_provider | [yahoo_http] returned 1 rows for BLDR (2026-10-02 -> 2026-10-02)
2026-10-05 10:16:43 | INFO | app.data_sources.multi_source | [yahoo_http] returned 1 rows for BLDR (1d)
2026-10-05 10:16:43 | INFO | app.lakehouse.bronze | Bronze append complete: received=1 duplicates=1 paths=1
2026-10-05 10:16:43 | INFO | app.data_sources.yahoo_http_provider | [yahoo_http] returned 1 rows for BLK (2026-10-02 -> 2026-10-02)
2026-10-05 10:16:43 | INFO | app.data_sources.multi_source | [yahoo_http] returned 1 rows for BLK (1d)
2026-10-05 10:16:44 | INFO | app.lakehouse.bronze | Bronze append complete: received=1 duplicates=1 paths=1
2026-10-05 10:16:44 | INFO | app.data_sources.yahoo_http_provider | [yahoo_http] returned 1 rows for BLMN (2026-10-02 -> 2026-10-02)
2026-10-05 10:16:44 | INFO | app.data_sources.multi_source | [yahoo_http] returned 1 rows for BLMN (1d)
2026-10-05 10:16:44 | INFO | app.lakehouse.bronze | Bronze append complete: received=1 duplicates=1 paths=1
2026-10-05 10:16:44 | WARNING | app.data_sources.multi_source | [yahoo_http] failed for BLUE: Yahoo HTTP request failed for BLUE: 404 Client Error: Not Found for url: https://query1.finance.yahoo.com/v8/finance/chart/BLUE?period1=1748883600&period2=1791144883&interval=1d&includeAdjustedClose=true&events=history
2026-10-05 10:16:45 | ERROR | yfinance | $BLUE: No data found, symbol may be delisted
2026-10-05 10:16:45 | WARNING | app.data_sources.multi_source | [yfinance] failed for BLUE: No data returned by yfinance for BLUE (1d)
2026-10-05 10:16:45 | WARNING | app.data_sources.multi_source | [finnhub] failed for BLUE: Finnhub authentication failed. Check FINNHUB_API_KEY in .env.
2026-10-05 10:16:46 | WARNING | app.data_sources.multi_source | [alpha_vantage] errored for BLUE: can't compare offset-naive and offset-aware datetimes
2026-10-05 10:16:46 | WARNING | app.data_sources.multi_source | [web_scraper] failed for BLUE: Yahoo Finance request failed: 404 Client Error: Not Found for url: https://query1.finance.yahoo.com/v8/finance/chart/BLUE?period1=1748883600&period2=1791144883&interval=1d&events=history
2026-10-05 10:16:46 | WARNING | app.services.auto_refresh | AutoRefresh: provider fetch failed for BLUE: All providers failed for BLUE (1d): {'yahoo_http': 'Yahoo HTTP request failed for BLUE: 404 Client Error: Not Found for url: https://query1.finance.yahoo.com/v8/finance/chart/BLUE?period1=1748883600&period2=1791144883&interval=1d&includeAdjustedClose=true&events=history', 'yfinance': 'No data returned by yfinance for BLUE (1d)', 'finnhub': 'Finnhub authentication failed. Check FINNHUB_API_KEY in .env.', 'alpha_vantage': "TypeError: can't compare offset-naive and offset-aware datetimes", 'web_scraper': 'Yahoo Finance request failed: 404 Client Error: Not Found for url: https://query1.finance.yahoo.com/v8/finance/chart/BLUE?period1=1748883600&period2=1791144883&interval=1d&events=history'}
2026-10-05 10:16:47 | INFO | app.data_sources.yahoo_http_provider | [yahoo_http] returned 1 rows for BMRN (2026-10-02 -> 2026-10-02)
2026-10-05 10:16:47 | INFO | app.data_sources.multi_source | [yahoo_http] returned 1 rows for BMRN (1d)
2026-10-05 10:16:47 | INFO | app.lakehouse.bronze | Bronze append complete: received=1 duplicates=1 paths=1
2026-10-05 10:16:48 | INFO | app.data_sources.yahoo_http_provider | [yahoo_http] returned 1 rows for BND (2026-10-02 -> 2026-10-02)
2026-10-05 10:16:48 | INFO | app.data_sources.multi_source | [yahoo_http] returned 1 rows for BND (1d)
2026-10-05 10:16:48 | INFO | app.lakehouse.bronze | Bronze append complete: received=1 duplicates=1 paths=1
2026-10-05 10:16:49 | INFO | app.data_sources.yahoo_http_provider | [yahoo_http] returned 1 rows for BNDX (2026-10-02 -> 2026-10-02)
2026-10-05 10:16:49 | INFO | app.data_sources.multi_source | [yahoo_http] returned 1 rows for BNDX (1d)
2026-10-05 10:16:49 | INFO | app.lakehouse.bronze | Bronze append complete: received=1 duplicates=1 paths=1
2026-10-05 10:16:49 | INFO | app.data_sources.yahoo_http_provider | [yahoo_http] returned 1 rows for BNTX (2026-10-02 -> 2026-10-02)
2026-10-05 10:16:49 | INFO | app.data_sources.multi_source | [yahoo_http] returned 1 rows for BNTX (1d)
2026-10-05 10:16:50 | INFO | app.lakehouse.bronze | Bronze append complete: received=1 duplicates=1 paths=1
2026-10-05 10:16:50 | INFO | app.data_sources.yahoo_http_provider | [yahoo_http] returned 1 rows for BP (2026-10-02 -> 2026-10-02)
2026-10-05 10:16:50 | INFO | app.data_sources.multi_source | [yahoo_http] returned 1 rows for BP (1d)
2026-10-05 10:16:50 | INFO | app.lakehouse.bronze | Bronze append complete: received=1 duplicates=1 paths=1
2026-10-05 10:16:51 | INFO | app.data_sources.yahoo_http_provider | [yahoo_http] returned 1 rows for BRO (2026-10-02 -> 2026-10-02)
2026-10-05 10:16:51 | INFO | app.data_sources.multi_source | [yahoo_http] returned 1 rows for BRO (1d)
2026-10-05 10:16:51 | INFO | app.lakehouse.bronze | Bronze append complete: received=1 duplicates=1 paths=1
2026-10-05 10:16:52 | INFO | app.data_sources.yahoo_http_provider | [yahoo_http] returned 1 rows for BRX (2026-10-02 -> 2026-10-02)
2026-10-05 10:16:52 | INFO | app.data_sources.multi_source | [yahoo_http] returned 1 rows for BRX (1d)
2026-10-05 10:16:52 | INFO | app.lakehouse.bronze | Bronze append complete: received=1 duplicates=1 paths=1
2026-10-05 10:16:52 | INFO | app.data_sources.yahoo_http_provider | [yahoo_http] returned 1 rows for BSX (2026-10-02 -> 2026-10-02)
2026-10-05 10:16:52 | INFO | app.data_sources.multi_source | [yahoo_http] returned 1 rows for BSX (1d)
2026-10-05 10:16:52 | INFO | app.lakehouse.bronze | Bronze append complete: received=1 duplicates=1 paths=1
2026-10-05 10:16:52 | INFO | app.services.auto_refresh | AutoRefresh progress: 100/621 symbols processed
2026-10-05 10:16:53 | INFO | app.data_sources.yahoo_http_provider | [yahoo_http] returned 1 rows for BTF (2026-10-02 -> 2026-10-02)
2026-10-05 10:16:53 | INFO | app.data_sources.multi_source | [yahoo_http] returned 1 rows for BTF (1d)
2026-10-05 10:16:53 | INFO | app.lakehouse.bronze | Bronze append complete: received=1 duplicates=1 paths=1
2026-10-05 10:16:54 | INFO | app.data_sources.yahoo_http_provider | [yahoo_http] returned 1 rows for BURL (2026-10-02 -> 2026-10-02)
2026-10-05 10:16:54 | INFO | app.data_sources.multi_source | [yahoo_http] returned 1 rows for BURL (1d)
2026-10-05 10:16:54 | INFO | app.lakehouse.bronze | Bronze append complete: received=1 duplicates=1 paths=1
2026-10-05 10:16:54 | INFO | app.data_sources.yahoo_http_provider | [yahoo_http] returned 1 rows for BXP (2026-10-02 -> 2026-10-02)
2026-10-05 10:16:54 | INFO | app.data_sources.multi_source | [yahoo_http] returned 1 rows for BXP (1d)
2026-10-05 10:16:55 | INFO | app.lakehouse.bronze | Bronze append complete: received=1 duplicates=1 paths=1
2026-10-05 10:16:56 | WARNING | app.database.session | MySQL connection check failed: (pymysql.err.OperationalError) (2013, 'Lost connection to MySQL server during query')
(Background on this error at: https://sqlalche.me/e/20/e3q8)
2026-10-05 10:16:58 | WARNING | urllib3.connectionpool | Connection pool is full, discarding connection: localhost. Connection pool size: 0
2026-10-05 10:16:58 | WARNING | urllib3.connectionpool | Connection pool is full, discarding connection: localhost. Connection pool size: 1
2026-10-05 10:16:58 | WARNING | urllib3.connectionpool | Connection pool is full, discarding connection: localhost. Connection pool size: 1
2026-10-05 10:16:58 | WARNING | urllib3.connectionpool | Connection pool is full, discarding connection: localhost. Connection pool size: 0
2026-10-05 10:16:58 | WARNING | urllib3.connectionpool | Connection pool is full, discarding connection: localhost. Connection pool size: 1
2026-10-05 10:16:58 | WARNING | urllib3.connectionpool | Connection pool is full, discarding connection: localhost. Connection pool size: 1
2026-10-05 10:16:58 | WARNING | urllib3.connectionpool | Connection pool is full, discarding connection: localhost. Connection pool size: 1
2026-10-05 10:16:58 | WARNING | urllib3.connectionpool | Connection pool is full, discarding connection: localhost. Connection pool size: 1
2026-10-05 10:16:58 | WARNING | urllib3.connectionpool | Connection pool is full, discarding connection: localhost. Connection pool size: 1
2026-10-05 10:16:58 | WARNING | urllib3.connectionpool | Connection pool is full, discarding connection: localhost. Connection pool size: 1
2026-10-05 10:16:58 | WARNING | urllib3.connectionpool | Connection pool is full, discarding connection: localhost. Connection pool size: 1
2026-10-05 10:16:58 | WARNING | urllib3.connectionpool | Connection pool is full, discarding connection: localhost. Connection pool size: 1
2026-10-05 10:16:58 | WARNING | urllib3.connectionpool | Connection pool is full, discarding connection: localhost. Connection pool size: 1
2026-10-05 10:16:58 | WARNING | urllib3.connectionpool | Connection pool is full, discarding connection: localhost. Connection pool size: 1
2026-10-05 10:16:58 | WARNING | urllib3.connectionpool | Connection pool is full, discarding connection: localhost. Connection pool size: 1
2026-10-05 10:16:58 | WARNING | urllib3.connectionpool | Connection pool is full, discarding connection: localhost. Connection pool size: 0
2026-10-05 10:16:58 | WARNING | urllib3.connectionpool | Connection pool is full, discarding connection: localhost. Connection pool size: 1
2026-10-05 10:16:58 | WARNING | urllib3.connectionpool | Connection pool is full, discarding connection: localhost. Connection pool size: 1
2026-10-05 10:16:58 | WARNING | urllib3.connectionpool | Connection pool is full, discarding connection: localhost. Connection pool size: 1
2026-10-05 10:16:58 | WARNING | urllib3.connectionpool | Connection pool is full, discarding connection: localhost. Connection pool size: 1
2026-10-05 10:16:58 | WARNING | urllib3.connectionpool | Connection pool is full, discarding connection: localhost. Connection pool size: 1
2026-10-05 10:16:58 | WARNING | urllib3.connectionpool | Connection pool is full, discarding connection: localhost. Connection pool size: 1
2026-10-05 10:16:58 | WARNING | urllib3.connectionpool | Connection pool is full, discarding connection: localhost. Connection pool size: 1
2026-10-05 10:16:58 | WARNING | urllib3.connectionpool | Connection pool is full, discarding connection: localhost. Connection pool size: 1
2026-10-05 10:16:58 | WARNING | urllib3.connectionpool | Connection pool is full, discarding connection: localhost. Connection pool size: 1
2026-10-05 10:16:58 | WARNING | urllib3.connectionpool | Connection pool is full, discarding connection: localhost. Connection pool size: 1
2026-10-05 10:16:58 | WARNING | urllib3.connectionpool | Connection pool is full, discarding connection: localhost. Connection pool size: 1
2026-10-05 10:16:58 | WARNING | urllib3.connectionpool | Connection pool is full, discarding connection: localhost. Connection pool size: 1
2026-10-05 10:16:58 | WARNING | urllib3.connectionpool | Connection pool is full, discarding connection: localhost. Connection pool size: 1
2026-10-05 10:16:58 | WARNING | urllib3.connectionpool | Connection pool is full, discarding connection: localhost. Connection pool size: 1
2026-10-05 10:16:58 | WARNING | urllib3.connectionpool | Connection pool is full, discarding connection: localhost. Connection pool size: 1
2026-10-05 10:16:58 | WARNING | urllib3.connectionpool | Connection pool is full, discarding connection: localhost. Connection pool size: 1
2026-10-05 10:16:58 | WARNING | urllib3.connectionpool | Connection pool is full, discarding connection: localhost. Connection pool size: 1
2026-10-05 10:16:58 | WARNING | urllib3.connectionpool | Connection pool is full, discarding connection: localhost. Connection pool size: 1
2026-10-05 10:16:58 | WARNING | urllib3.connectionpool | Connection pool is full, discarding connection: localhost. Connection pool size: 1
2026-10-05 10:16:59 | WARNING | urllib3.connectionpool | Connection pool is full, discarding connection: localhost. Connection pool size: 1
2026-10-05 10:16:59 | WARNING | urllib3.connectionpool | Connection pool is full, discarding connection: localhost. Connection pool size: 1
2026-10-05 10:16:59 | WARNING | urllib3.connectionpool | Connection pool is full, discarding connection: localhost. Connection pool size: 1
2026-10-05 10:16:59 | WARNING | urllib3.connectionpool | Connection pool is full, discarding connection: localhost. Connection pool size: 1
2026-10-05 10:16:59 | WARNING | urllib3.connectionpool | Connection pool is full, discarding connection: localhost. Connection pool size: 1
2026-10-05 10:16:59 | WARNING | urllib3.connectionpool | Connection pool is full, discarding connection: localhost. Connection pool size: 1
2026-10-05 10:16:59 | WARNING | urllib3.connectionpool | Connection pool is full, discarding connection: localhost. Connection pool size: 1
2026-10-05 10:16:59 | WARNING | urllib3.connectionpool | Connection pool is full, discarding connection: localhost. Connection pool size: 1
2026-10-05 10:16:59 | WARNING | urllib3.connectionpool | Connection pool is full, discarding connection: localhost. Connection pool size: 1
2026-10-05 10:16:59 | WARNING | urllib3.connectionpool | Connection pool is full, discarding connection: localhost. Connection pool size: 1
2026-10-05 10:16:59 | WARNING | urllib3.connectionpool | Connection pool is full, discarding connection: localhost. Connection pool size: 1
2026-10-05 10:16:59 | WARNING | urllib3.connectionpool | Connection pool is full, discarding connection: localhost. Connection pool size: 1
2026-10-05 10:16:59 | WARNING | urllib3.connectionpool | Connection pool is full, discarding connection: localhost. Connection pool size: 1
2026-10-05 10:16:59 | WARNING | urllib3.connectionpool | Connection pool is full, discarding connection: localhost. Connection pool size: 1
2026-10-05 10:16:59 | WARNING | urllib3.connectionpool | Connection pool is full, discarding connection: localhost. Connection pool size: 1
2026-10-05 10:16:59 | WARNING | urllib3.connectionpool | Connection pool is full, discarding connection: localhost. Connection pool size: 1
2026-10-05 10:16:59 | WARNING | urllib3.connectionpool | Connection pool is full, discarding connection: localhost. Connection pool size: 1
2026-10-05 10:16:59 | WARNING | urllib3.connectionpool | Connection pool is full, discarding connection: localhost. Connection pool size: 1
2026-10-05 10:16:59 | WARNING | urllib3.connectionpool | Connection pool is full, discarding connection: localhost. Connection pool size: 1
2026-10-05 10:16:59 | WARNING | urllib3.connectionpool | Connection pool is full, discarding connection: localhost. Connection pool size: 1
2026-10-05 10:16:59 | WARNING | urllib3.connectionpool | Connection pool is full, discarding connection: localhost. Connection pool size: 1
2026-10-05 10:16:59 | WARNING | urllib3.connectionpool | Connection pool is full, discarding connection: localhost. Connection pool size: 1
2026-10-05 10:16:59 | WARNING | urllib3.connectionpool | Connection pool is full, discarding connection: localhost. Connection pool size: 1
2026-10-05 10:16:59 | WARNING | urllib3.connectionpool | Connection pool is full, discarding connection: localhost. Connection pool size: 1
2026-10-05 10:16:59 | WARNING | urllib3.connectionpool | Connection pool is full, discarding connection: localhost. Connection pool size: 1
2026-10-05 10:16:59 | WARNING | urllib3.connectionpool | Connection pool is full, discarding connection: localhost. Connection pool size: 1
2026-10-05 10:16:59 | WARNING | urllib3.connectionpool | Connection pool is full, discarding connection: localhost. Connection pool size: 1
2026-10-05 10:16:59 | WARNING | urllib3.connectionpool | Connection pool is full, discarding connection: localhost. Connection pool size: 1
2026-10-05 10:16:59 | WARNING | urllib3.connectionpool | Connection pool is full, discarding connection: localhost. Connection pool size: 0
2026-10-05 10:16:59 | WARNING | urllib3.connectionpool | Connection pool is full, discarding connection: localhost. Connection pool size: 1
2026-10-05 10:16:59 | WARNING | urllib3.connectionpool | Connection pool is full, discarding connection: localhost. Connection pool size: 1
2026-10-05 10:16:59 | WARNING | urllib3.connectionpool | Connection pool is full, discarding connection: localhost. Connection pool size: 1
2026-10-05 10:16:59 | WARNING | urllib3.connectionpool | Connection pool is full, discarding connection: localhost. Connection pool size: 1
2026-10-05 10:16:59 | WARNING | urllib3.connectionpool | Connection pool is full, discarding connection: localhost. Connection pool size: 1
2026-10-05 10:16:59 | WARNING | urllib3.connectionpool | Connection pool is full, discarding connection: localhost. Connection pool size: 1
2026-10-05 10:16:59 | WARNING | urllib3.connectionpool | Connection pool is full, discarding connection: localhost. Connection pool size: 1
2026-10-05 10:16:59 | WARNING | urllib3.connectionpool | Connection pool is full, discarding connection: localhost. Connection pool size: 1
2026-10-05 10:16:59 | WARNING | urllib3.connectionpool | Connection pool is full, discarding connection: localhost. Connection pool size: 1
2026-10-05 10:16:59 | WARNING | urllib3.connectionpool | Connection pool is full, discarding connection: localhost. Connection pool size: 1
2026-10-05 10:16:59 | WARNING | urllib3.connectionpool | Connection pool is full, discarding connection: localhost. Connection pool size: 1
2026-10-05 10:16:59 | WARNING | urllib3.connectionpool | Connection pool is full, discarding connection: localhost. Connection pool size: 1
2026-10-05 10:16:59 | WARNING | urllib3.connectionpool | Connection pool is full, discarding connection: localhost. Connection pool size: 1
2026-10-05 10:16:59 | WARNING | urllib3.connectionpool | Connection pool is full, discarding connection: localhost. Connection pool size: 1
2026-10-05 10:16:59 | WARNING | urllib3.connectionpool | Connection pool is full, discarding connection: localhost. Connection pool size: 1
2026-10-05 10:16:59 | WARNING | urllib3.connectionpool | Connection pool is full, discarding connection: localhost. Connection pool size: 1
2026-10-05 10:16:59 | WARNING | urllib3.connectionpool | Connection pool is full, discarding connection: localhost. Connection pool size: 1
2026-10-05 10:16:59 | WARNING | urllib3.connectionpool | Connection pool is full, discarding connection: localhost. Connection pool size: 1
2026-10-05 10:16:59 | WARNING | urllib3.connectionpool | Connection pool is full, discarding connection: localhost. Connection pool size: 1
2026-10-05 10:16:59 | WARNING | urllib3.connectionpool | Connection pool is full, discarding connection: localhost. Connection pool size: 1
2026-10-05 10:16:59 | WARNING | urllib3.connectionpool | Connection pool is full, discarding connection: localhost. Connection pool size: 1
2026-10-05 10:16:59 | WARNING | urllib3.connectionpool | Connection pool is full, discarding connection: localhost. Connection pool size: 1
2026-10-05 10:17:00 | WARNING | urllib3.connectionpool | Connection pool is full, discarding connection: localhost. Connection pool size: 1
2026-10-05 10:17:00 | WARNING | urllib3.connectionpool | Connection pool is full, discarding connection: localhost. Connection pool size: 1
2026-10-05 10:17:00 | WARNING | urllib3.connectionpool | Connection pool is full, discarding connection: localhost. Connection pool size: 1
2026-10-05 10:17:00 | WARNING | urllib3.connectionpool | Connection pool is full, discarding connection: localhost. Connection pool size: 1
2026-10-05 10:17:00 | WARNING | urllib3.connectionpool | Connection pool is full, discarding connection: localhost. Connection pool size: 1
2026-10-05 10:17:00 | WARNING | urllib3.connectionpool | Connection pool is full, discarding connection: localhost. Connection pool size: 1
2026-10-05 10:17:00 | WARNING | urllib3.connectionpool | Connection pool is full, discarding connection: localhost. Connection pool size: 1
2026-10-05 10:17:00 | WARNING | urllib3.connectionpool | Connection pool is full, discarding connection: localhost. Connection pool size: 1
2026-10-05 10:17:00 | WARNING | urllib3.connectionpool | Connection pool is full, discarding connection: localhost. Connection pool size: 1
2026-10-05 10:17:00 | WARNING | urllib3.connectionpool | Connection pool is full, discarding connection: localhost. Connection pool size: 1
2026-10-05 10:17:00 | WARNING | urllib3.connectionpool | Connection pool is full, discarding connection: localhost. Connection pool size: 1
2026-10-05 10:17:00 | WARNING | urllib3.connectionpool | Connection pool is full, discarding connection: localhost. Connection pool size: 1
2026-10-05 10:17:00 | WARNING | urllib3.connectionpool | Connection pool is full, discarding connection: localhost. Connection pool size: 1
2026-10-05 10:17:00 | WARNING | urllib3.connectionpool | Connection pool is full, discarding connection: localhost. Connection pool size: 1
2026-10-05 10:17:00 | WARNING | urllib3.connectionpool | Connection pool is full, discarding connection: localhost. Connection pool size: 1
2026-10-05 10:17:00 | WARNING | urllib3.connectionpool | Connection pool is full, discarding connection: localhost. Connection pool size: 0
2026-10-05 10:17:00 | WARNING | urllib3.connectionpool | Connection pool is full, discarding connection: localhost. Connection pool size: 1
2026-10-05 10:17:00 | WARNING | urllib3.connectionpool | Connection pool is full, discarding connection: localhost. Connection pool size: 1
2026-10-05 10:17:00 | WARNING | urllib3.connectionpool | Connection pool is full, discarding connection: localhost. Connection pool size: 1
2026-10-05 10:17:01 | WARNING | urllib3.connectionpool | Connection pool is full, discarding connection: localhost. Connection pool size: 1
2026-10-05 10:17:01 | WARNING | urllib3.connectionpool | Connection pool is full, discarding connection: localhost. Connection pool size: 0
2026-10-05 10:17:01 | WARNING | urllib3.connectionpool | Connection pool is full, discarding connection: localhost. Connection pool size: 1
2026-10-05 10:17:01 | WARNING | urllib3.connectionpool | Connection pool is full, discarding connection: localhost. Connection pool size: 1
2026-10-05 10:17:01 | WARNING | app.database.session | MySQL connection check failed: (pymysql.err.OperationalError) (2013, 'Lost connection to MySQL server during query')
(Background on this error at: https://sqlalche.me/e/20/e3q8)
2026-10-05 10:17:02 | WARNING | urllib3.connectionpool | Connection pool is full, discarding connection: localhost. Connection pool size: 1
2026-10-05 10:17:02 | WARNING | urllib3.connectionpool | Connection pool is full, discarding connection: localhost. Connection pool size: 1
2026-10-05 10:17:02 | WARNING | urllib3.connectionpool | Connection pool is full, discarding connection: localhost. Connection pool size: 1
2026-10-05 10:17:02 | WARNING | urllib3.connectionpool | Connection pool is full, discarding connection: localhost. Connection pool size: 1
2026-10-05 10:17:02 | WARNING | urllib3.connectionpool | Connection pool is full, discarding connection: localhost. Connection pool size: 1
2026-10-05 10:17:02 | WARNING | urllib3.connectionpool | Connection pool is full, discarding connection: localhost. Connection pool size: 1
2026-10-05 10:17:02 | WARNING | urllib3.connectionpool | Connection pool is full, discarding connection: localhost. Connection pool size: 1
2026-10-05 10:17:02 | WARNING | urllib3.connectionpool | Connection pool is full, discarding connection: localhost. Connection pool size: 1
2026-10-05 10:17:02 | WARNING | urllib3.connectionpool | Connection pool is full, discarding connection: localhost. Connection pool size: 1
2026-10-05 10:17:02 | WARNING | urllib3.connectionpool | Connection pool is full, discarding connection: localhost. Connection pool size: 1
2026-10-05 10:17:02 | WARNING | urllib3.connectionpool | Connection pool is full, discarding connection: localhost. Connection pool size: 1
2026-10-05 10:17:02 | WARNING | urllib3.connectionpool | Connection pool is full, discarding connection: localhost. Connection pool size: 1
2026-10-05 10:17:02 | WARNING | urllib3.connectionpool | Connection pool is full, discarding connection: localhost. Connection pool size: 1
2026-10-05 10:17:02 | WARNING | urllib3.connectionpool | Connection pool is full, discarding connection: localhost. Connection pool size: 1
2026-10-05 10:17:02 | WARNING | urllib3.connectionpool | Connection pool is full, discarding connection: localhost. Connection pool size: 1
2026-10-05 10:17:02 | WARNING | urllib3.connectionpool | Connection pool is full, discarding connection: localhost. Connection pool size: 1
2026-10-05 10:17:02 | WARNING | urllib3.connectionpool | Connection pool is full, discarding connection: localhost. Connection pool size: 1
2026-10-05 10:17:02 | WARNING | urllib3.connectionpool | Connection pool is full, discarding connection: localhost. Connection pool size: 0
2026-10-05 10:17:02 | WARNING | urllib3.connectionpool | Connection pool is full, discarding connection: localhost. Connection pool size: 1
2026-10-05 10:17:02 | WARNING | urllib3.connectionpool | Connection pool is full, discarding connection: localhost. Connection pool size: 1
2026-10-05 10:17:02 | WARNING | urllib3.connectionpool | Connection pool is full, discarding connection: localhost. Connection pool size: 1
2026-10-05 10:17:02 | WARNING | urllib3.connectionpool | Connection pool is full, discarding connection: localhost. Connection pool size: 1
2026-10-05 10:17:02 | WARNING | urllib3.connectionpool | Connection pool is full, discarding connection: localhost. Connection pool size: 1
2026-10-05 10:17:02 | WARNING | urllib3.connectionpool | Connection pool is full, discarding connection: localhost. Connection pool size: 1
2026-10-05 10:17:02 | WARNING | urllib3.connectionpool | Connection pool is full, discarding connection: localhost. Connection pool size: 1
2026-10-05 10:17:02 | WARNING | urllib3.connectionpool | Connection pool is full, discarding connection: localhost. Connection pool size: 1
2026-10-05 10:17:02 | WARNING | urllib3.connectionpool | Connection pool is full, discarding connection: localhost. Connection pool size: 1
2026-10-05 10:17:02 | WARNING | urllib3.connectionpool | Connection pool is full, discarding connection: localhost. Connection pool size: 1
2026-10-05 10:17:02 | WARNING | urllib3.connectionpool | Connection pool is full, discarding connection: localhost. Connection pool size: 1
2026-10-05 10:17:02 | WARNING | urllib3.connectionpool | Connection pool is full, discarding connection: localhost. Connection pool size: 1
2026-10-05 10:17:02 | WARNING | urllib3.connectionpool | Connection pool is full, discarding connection: localhost. Connection pool size: 1
2026-10-05 10:17:02 | WARNING | urllib3.connectionpool | Connection pool is full, discarding connection: localhost. Connection pool size: 1
2026-10-05 10:17:02 | WARNING | urllib3.connectionpool | Connection pool is full, discarding connection: localhost. Connection pool size: 1
2026-10-05 10:17:02 | WARNING | urllib3.connectionpool | Connection pool is full, discarding connection: localhost. Connection pool size: 1
2026-10-05 10:17:02 | WARNING | urllib3.connectionpool | Connection pool is full, discarding connection: localhost. Connection pool size: 1
2026-10-05 10:17:02 | WARNING | urllib3.connectionpool | Connection pool is full, discarding connection: localhost. Connection pool size: 1
2026-10-05 10:17:02 | WARNING | urllib3.connectionpool | Connection pool is full, discarding connection: localhost. Connection pool size: 1
2026-10-05 10:17:02 | WARNING | urllib3.connectionpool | Connection pool is full, discarding connection: localhost. Connection pool size: 1
2026-10-05 10:17:02 | WARNING | urllib3.connectionpool | Connection pool is full, discarding connection: localhost. Connection pool size: 1
2026-10-05 10:17:02 | WARNING | urllib3.connectionpool | Connection pool is full, discarding connection: localhost. Connection pool size: 1
2026-10-05 10:17:02 | WARNING | urllib3.connectionpool | Connection pool is full, discarding connection: localhost. Connection pool size: 1
2026-10-05 10:17:02 | WARNING | urllib3.connectionpool | Connection pool is full, discarding connection: localhost. Connection pool size: 1
2026-10-05 10:17:02 | WARNING | urllib3.connectionpool | Connection pool is full, discarding connection: localhost. Connection pool size: 1
2026-10-05 10:17:02 | WARNING | urllib3.connectionpool | Connection pool is full, discarding connection: localhost. Connection pool size: 1
2026-10-05 10:17:02 | WARNING | urllib3.connectionpool | Connection pool is full, discarding connection: localhost. Connection pool size: 1
2026-10-05 10:17:02 | WARNING | urllib3.connectionpool | Connection pool is full, discarding connection: localhost. Connection pool size: 1
2026-10-05 10:17:02 | WARNING | urllib3.connectionpool | Connection pool is full, discarding connection: localhost. Connection pool size: 1
2026-10-05 10:17:02 | WARNING | urllib3.connectionpool | Connection pool is full, discarding connection: localhost. Connection pool size: 1
2026-10-05 10:17:02 | WARNING | urllib3.connectionpool | Connection pool is full, discarding connection: localhost. Connection pool size: 1
2026-10-05 10:17:02 | WARNING | urllib3.connectionpool | Connection pool is full, discarding connection: localhost. Connection pool size: 1
2026-10-05 10:17:02 | WARNING | urllib3.connectionpool | Connection pool is full, discarding connection: localhost. Connection pool size: 0
2026-10-05 10:17:02 | WARNING | urllib3.connectionpool | Connection pool is full, discarding connection: localhost. Connection pool size: 1
2026-10-05 10:17:02 | WARNING | urllib3.connectionpool | Connection pool is full, discarding connection: localhost. Connection pool size: 1
2026-10-05 10:17:02 | WARNING | urllib3.connectionpool | Connection pool is full, discarding connection: localhost. Connection pool size: 1
2026-10-05 10:17:03 | WARNING | urllib3.connectionpool | Connection pool is full, discarding connection: localhost. Connection pool size: 1
2026-10-05 10:17:03 | WARNING | urllib3.connectionpool | Connection pool is full, discarding connection: localhost. Connection pool size: 1
2026-10-05 10:17:03 | WARNING | urllib3.connectionpool | Connection pool is full, discarding connection: localhost. Connection pool size: 1
2026-10-05 10:17:03 | WARNING | urllib3.connectionpool | Connection pool is full, discarding connection: localhost. Connection pool size: 1
2026-10-05 10:17:03 | WARNING | urllib3.connectionpool | Connection pool is full, discarding connection: localhost. Connection pool size: 1
2026-10-05 10:17:03 | WARNING | urllib3.connectionpool | Connection pool is full, discarding connection: localhost. Connection pool size: 1
2026-10-05 10:17:03 | WARNING | urllib3.connectionpool | Connection pool is full, discarding connection: localhost. Connection pool size: 1
2026-10-05 10:17:03 | WARNING | urllib3.connectionpool | Connection pool is full, discarding connection: localhost. Connection pool size: 1
2026-10-05 10:17:03 | WARNING | urllib3.connectionpool | Connection pool is full, discarding connection: localhost. Connection pool size: 1
2026-10-05 10:17:03 | WARNING | urllib3.connectionpool | Connection pool is full, discarding connection: localhost. Connection pool size: 0
2026-10-05 10:17:03 | WARNING | urllib3.connectionpool | Connection pool is full, discarding connection: localhost. Connection pool size: 1
2026-10-05 10:17:03 | WARNING | urllib3.connectionpool | Connection pool is full, discarding connection: localhost. Connection pool size: 1
2026-10-05 10:17:03 | WARNING | urllib3.connectionpool | Connection pool is full, discarding connection: localhost. Connection pool size: 1
2026-10-05 10:17:03 | WARNING | urllib3.connectionpool | Connection pool is full, discarding connection: localhost. Connection pool size: 1
2026-10-05 10:17:03 | WARNING | urllib3.connectionpool | Connection pool is full, discarding connection: localhost. Connection pool size: 1
2026-10-05 10:17:03 | WARNING | urllib3.connectionpool | Connection pool is full, discarding connection: localhost. Connection pool size: 1
2026-10-05 10:17:03 | WARNING | urllib3.connectionpool | Connection pool is full, discarding connection: localhost. Connection pool size: 1
2026-10-05 10:17:03 | WARNING | urllib3.connectionpool | Connection pool is full, discarding connection: localhost. Connection pool size: 1
2026-10-05 10:17:03 | WARNING | urllib3.connectionpool | Connection pool is full, discarding connection: localhost. Connection pool size: 1
2026-10-05 10:17:03 | WARNING | urllib3.connectionpool | Connection pool is full, discarding connection: localhost. Connection pool size: 1
2026-10-05 10:17:03 | WARNING | urllib3.connectionpool | Connection pool is full, discarding connection: localhost. Connection pool size: 1
2026-10-05 10:17:03 | WARNING | urllib3.connectionpool | Connection pool is full, discarding connection: localhost. Connection pool size: 1
2026-10-05 10:17:03 | WARNING | urllib3.connectionpool | Connection pool is full, discarding connection: localhost. Connection pool size: 1
2026-10-05 10:17:03 | WARNING | urllib3.connectionpool | Connection pool is full, discarding connection: localhost. Connection pool size: 1
2026-10-05 10:17:03 | WARNING | urllib3.connectionpool | Connection pool is full, discarding connection: localhost. Connection pool size: 1
2026-10-05 10:17:03 | WARNING | urllib3.connectionpool | Connection pool is full, discarding connection: localhost. Connection pool size: 1
2026-10-05 10:17:03 | WARNING | urllib3.connectionpool | Connection pool is full, discarding connection: localhost. Connection pool size: 1
2026-10-05 10:17:03 | WARNING | urllib3.connectionpool | Connection pool is full, discarding connection: localhost. Connection pool size: 1
2026-10-05 10:17:03 | WARNING | urllib3.connectionpool | Connection pool is full, discarding connection: localhost. Connection pool size: 1
2026-10-05 10:17:03 | WARNING | urllib3.connectionpool | Connection pool is full, discarding connection: localhost. Connection pool size: 1
2026-10-05 10:17:03 | WARNING | urllib3.connectionpool | Connection pool is full, discarding connection: localhost. Connection pool size: 0
2026-10-05 10:17:03 | WARNING | urllib3.connectionpool | Connection pool is full, discarding connection: localhost. Connection pool size: 1
2026-10-05 10:17:04 | WARNING | urllib3.connectionpool | Connection pool is full, discarding connection: localhost. Connection pool size: 0
2026-10-05 10:17:04 | WARNING | urllib3.connectionpool | Connection pool is full, discarding connection: localhost. Connection pool size: 1
2026-10-05 10:17:04 | WARNING | urllib3.connectionpool | Connection pool is full, discarding connection: localhost. Connection pool size: 1
2026-10-05 10:17:04 | WARNING | urllib3.connectionpool | Connection pool is full, discarding connection: localhost. Connection pool size: 1
2026-10-05 10:17:04 | WARNING | urllib3.connectionpool | Connection pool is full, discarding connection: localhost. Connection pool size: 1
2026-10-05 10:17:04 | WARNING | urllib3.connectionpool | Connection pool is full, discarding connection: localhost. Connection pool size: 0
2026-10-05 10:17:04 | WARNING | urllib3.connectionpool | Connection pool is full, discarding connection: localhost. Connection pool size: 0
2026-10-05 10:17:04 | WARNING | urllib3.connectionpool | Connection pool is full, discarding connection: localhost. Connection pool size: 0
2026-10-05 10:17:05 | WARNING | urllib3.connectionpool | Connection pool is full, discarding connection: localhost. Connection pool size: 1
2026-10-05 10:17:05 | WARNING | urllib3.connectionpool | Connection pool is full, discarding connection: localhost. Connection pool size: 1
2026-10-05 10:17:05 | WARNING | urllib3.connectionpool | Connection pool is full, discarding connection: localhost. Connection pool size: 1
2026-10-05 10:17:05 | WARNING | urllib3.connectionpool | Connection pool is full, discarding connection: localhost. Connection pool size: 1
2026-10-05 10:17:05 | WARNING | urllib3.connectionpool | Connection pool is full, discarding connection: localhost. Connection pool size: 1
2026-10-05 10:17:05 | WARNING | urllib3.connectionpool | Connection pool is full, discarding connection: localhost. Connection pool size: 1
2026-10-05 10:17:05 | WARNING | urllib3.connectionpool | Connection pool is full, discarding connection: localhost. Connection pool size: 1
2026-10-05 10:17:05 | WARNING | urllib3.connectionpool | Connection pool is full, discarding connection: localhost. Connection pool size: 0
2026-10-05 10:17:05 | WARNING | urllib3.connectionpool | Connection pool is full, discarding connection: localhost. Connection pool size: 1
2026-10-05 10:17:05 | WARNING | urllib3.connectionpool | Connection pool is full, discarding connection: localhost. Connection pool size: 1
2026-10-05 10:17:05 | WARNING | urllib3.connectionpool | Connection pool is full, discarding connection: localhost. Connection pool size: 1
2026-10-05 10:17:05 | WARNING | urllib3.connectionpool | Connection pool is full, discarding connection: localhost. Connection pool size: 0
2026-10-05 10:17:05 | WARNING | urllib3.connectionpool | Connection pool is full, discarding connection: localhost. Connection pool size: 1
2026-10-05 10:17:05 | WARNING | urllib3.connectionpool | Connection pool is full, discarding connection: localhost. Connection pool size: 1
2026-10-05 10:17:05 | WARNING | urllib3.connectionpool | Connection pool is full, discarding connection: localhost. Connection pool size: 1
2026-10-05 10:17:05 | WARNING | urllib3.connectionpool | Connection pool is full, discarding connection: localhost. Connection pool size: 1
2026-10-05 10:17:05 | WARNING | urllib3.connectionpool | Connection pool is full, discarding connection: localhost. Connection pool size: 1
2026-10-05 10:17:05 | WARNING | urllib3.connectionpool | Connection pool is full, discarding connection: localhost. Connection pool size: 1
2026-10-05 10:17:05 | WARNING | urllib3.connectionpool | Connection pool is full, discarding connection: localhost. Connection pool size: 1
2026-10-05 10:17:05 | WARNING | urllib3.connectionpool | Connection pool is full, discarding connection: localhost. Connection pool size: 1
2026-10-05 10:17:05 | WARNING | urllib3.connectionpool | Connection pool is full, discarding connection: localhost. Connection pool size: 1
2026-10-05 10:17:05 | WARNING | urllib3.connectionpool | Connection pool is full, discarding connection: localhost. Connection pool size: 1
2026-10-05 10:17:05 | WARNING | urllib3.connectionpool | Connection pool is full, discarding connection: localhost. Connection pool size: 1
2026-10-05 10:17:05 | WARNING | urllib3.connectionpool | Connection pool is full, discarding connection: localhost. Connection pool size: 1
2026-10-05 10:17:05 | WARNING | urllib3.connectionpool | Connection pool is full, discarding connection: localhost. Connection pool size: 1
2026-10-05 10:17:05 | WARNING | urllib3.connectionpool | Connection pool is full, discarding connection: localhost. Connection pool size: 1
2026-10-05 10:17:05 | WARNING | urllib3.connectionpool | Connection pool is full, discarding connection: localhost. Connection pool size: 1
2026-10-05 10:17:05 | WARNING | urllib3.connectionpool | Connection pool is full, discarding connection: localhost. Connection pool size: 1
2026-10-05 10:17:05 | WARNING | urllib3.connectionpool | Connection pool is full, discarding connection: localhost. Connection pool size: 1
2026-10-05 10:17:05 | WARNING | urllib3.connectionpool | Connection pool is full, discarding connection: localhost. Connection pool size: 1
2026-10-05 10:17:05 | WARNING | urllib3.connectionpool | Connection pool is full, discarding connection: localhost. Connection pool size: 1
2026-10-05 10:17:05 | WARNING | urllib3.connectionpool | Connection pool is full, discarding connection: localhost. Connection pool size: 1
2026-10-05 10:17:05 | WARNING | urllib3.connectionpool | Connection pool is full, discarding connection: localhost. Connection pool size: 1
2026-10-05 10:17:05 | WARNING | urllib3.connectionpool | Connection pool is full, discarding connection: localhost. Connection pool size: 1
2026-10-05 10:17:05 | WARNING | urllib3.connectionpool | Connection pool is full, discarding connection: localhost. Connection pool size: 1
2026-10-05 10:17:05 | WARNING | urllib3.connectionpool | Connection pool is full, discarding connection: localhost. Connection pool size: 1
2026-10-05 10:17:05 | WARNING | urllib3.connectionpool | Connection pool is full, discarding connection: localhost. Connection pool size: 1
2026-10-05 10:17:05 | WARNING | urllib3.connectionpool | Connection pool is full, discarding connection: localhost. Connection pool size: 1
2026-10-05 10:17:05 | WARNING | urllib3.connectionpool | Connection pool is full, discarding connection: localhost. Connection pool size: 1
2026-10-05 10:17:05 | WARNING | urllib3.connectionpool | Connection pool is full, discarding connection: localhost. Connection pool size: 1
2026-10-05 10:17:05 | WARNING | urllib3.connectionpool | Connection pool is full, discarding connection: localhost. Connection pool size: 1
2026-10-05 10:17:05 | WARNING | urllib3.connectionpool | Connection pool is full, discarding connection: localhost. Connection pool size: 1
2026-10-05 10:17:05 | WARNING | urllib3.connectionpool | Connection pool is full, discarding connection: localhost. Connection pool size: 1
2026-10-05 10:17:05 | WARNING | urllib3.connectionpool | Connection pool is full, discarding connection: localhost. Connection pool size: 1
2026-10-05 10:17:05 | WARNING | urllib3.connectionpool | Connection pool is full, discarding connection: localhost. Connection pool size: 1
2026-10-05 10:17:06 | WARNING | urllib3.connectionpool | Connection pool is full, discarding connection: localhost. Connection pool size: 1
2026-10-05 10:17:06 | WARNING | urllib3.connectionpool | Connection pool is full, discarding connection: localhost. Connection pool size: 1
2026-10-05 10:17:06 | WARNING | urllib3.connectionpool | Connection pool is full, discarding connection: localhost. Connection pool size: 1
2026-10-05 10:17:06 | WARNING | urllib3.connectionpool | Connection pool is full, discarding connection: localhost. Connection pool size: 1
2026-10-05 10:17:06 | WARNING | urllib3.connectionpool | Connection pool is full, discarding connection: localhost. Connection pool size: 1
2026-10-05 10:17:06 | WARNING | urllib3.connectionpool | Connection pool is full, discarding connection: localhost. Connection pool size: 1
2026-10-05 10:17:06 | WARNING | urllib3.connectionpool | Connection pool is full, discarding connection: localhost. Connection pool size: 1
2026-10-05 10:17:06 | WARNING | urllib3.connectionpool | Connection pool is full, discarding connection: localhost. Connection pool size: 1
2026-10-05 10:17:06 | WARNING | urllib3.connectionpool | Connection pool is full, discarding connection: localhost. Connection pool size: 1
2026-10-05 10:17:06 | WARNING | urllib3.connectionpool | Connection pool is full, discarding connection: localhost. Connection pool size: 1
2026-10-05 10:17:06 | WARNING | urllib3.connectionpool | Connection pool is full, discarding connection: localhost. Connection pool size: 1
2026-10-05 10:17:06 | WARNING | urllib3.connectionpool | Connection pool is full, discarding connection: localhost. Connection pool size: 1
2026-10-05 10:17:06 | WARNING | urllib3.connectionpool | Connection pool is full, discarding connection: localhost. Connection pool size: 1
2026-10-05 10:17:06 | WARNING | urllib3.connectionpool | Connection pool is full, discarding connection: localhost. Connection pool size: 1
2026-10-05 10:17:06 | WARNING | urllib3.connectionpool | Connection pool is full, discarding connection: localhost. Connection pool size: 1
2026-10-05 10:17:06 | WARNING | urllib3.connectionpool | Connection pool is full, discarding connection: localhost. Connection pool size: 1
2026-10-05 10:17:06 | WARNING | urllib3.connectionpool | Connection pool is full, discarding connection: localhost. Connection pool size: 1
2026-10-05 10:17:06 | WARNING | urllib3.connectionpool | Connection pool is full, discarding connection: localhost. Connection pool size: 1
2026-10-05 10:17:06 | WARNING | urllib3.connectionpool | Connection pool is full, discarding connection: localhost. Connection pool size: 1
2026-10-05 10:17:06 | WARNING | urllib3.connectionpool | Connection pool is full, discarding connection: localhost. Connection pool size: 1
2026-10-05 10:17:06 | WARNING | urllib3.connectionpool | Connection pool is full, discarding connection: localhost. Connection pool size: 1
2026-10-05 10:17:06 | WARNING | urllib3.connectionpool | Connection pool is full, discarding connection: localhost. Connection pool size: 1
2026-10-05 10:17:06 | WARNING | urllib3.connectionpool | Connection pool is full, discarding connection: localhost. Connection pool size: 1
2026-10-05 10:17:06 | WARNING | urllib3.connectionpool | Connection pool is full, discarding connection: localhost. Connection pool size: 1
2026-10-05 10:17:06 | WARNING | urllib3.connectionpool | Connection pool is full, discarding connection: localhost. Connection pool size: 1
2026-10-05 10:17:06 | WARNING | urllib3.connectionpool | Connection pool is full, discarding connection: localhost. Connection pool size: 1
2026-10-05 10:17:06 | WARNING | urllib3.connectionpool | Connection pool is full, discarding connection: localhost. Connection pool size: 1
2026-10-05 10:17:06 | WARNING | urllib3.connectionpool | Connection pool is full, discarding connection: localhost. Connection pool size: 1
2026-10-05 10:17:06 | WARNING | urllib3.connectionpool | Connection pool is full, discarding connection: localhost. Connection pool size: 1
2026-10-05 10:17:06 | WARNING | urllib3.connectionpool | Connection pool is full, discarding connection: localhost. Connection pool size: 1
2026-10-05 10:17:06 | WARNING | urllib3.connectionpool | Connection pool is full, discarding connection: localhost. Connection pool size: 1
2026-10-05 10:17:06 | WARNING | urllib3.connectionpool | Connection pool is full, discarding connection: localhost. Connection pool size: 1
2026-10-05 10:17:06 | WARNING | urllib3.connectionpool | Connection pool is full, discarding connection: localhost. Connection pool size: 0
2026-10-05 10:17:06 | WARNING | urllib3.connectionpool | Connection pool is full, discarding connection: localhost. Connection pool size: 1
2026-10-05 10:17:06 | WARNING | urllib3.connectionpool | Connection pool is full, discarding connection: localhost. Connection pool size: 1
2026-10-05 10:17:06 | WARNING | urllib3.connectionpool | Connection pool is full, discarding connection: localhost. Connection pool size: 1
2026-10-05 10:17:06 | WARNING | urllib3.connectionpool | Connection pool is full, discarding connection: localhost. Connection pool size: 1
2026-10-05 10:17:06 | WARNING | urllib3.connectionpool | Connection pool is full, discarding connection: localhost. Connection pool size: 1
2026-10-05 10:17:06 | WARNING | urllib3.connectionpool | Connection pool is full, discarding connection: localhost. Connection pool size: 1
2026-10-05 10:17:07 | WARNING | urllib3.connectionpool | Connection pool is full, discarding connection: localhost. Connection pool size: 1
2026-10-05 10:17:07 | WARNING | urllib3.connectionpool | Connection pool is full, discarding connection: localhost. Connection pool size: 0
2026-10-05 10:17:07 | WARNING | urllib3.connectionpool | Connection pool is full, discarding connection: localhost. Connection pool size: 0
2026-10-05 10:17:07 | WARNING | urllib3.connectionpool | Connection pool is full, discarding connection: localhost. Connection pool size: 0
2026-10-05 10:17:07 | WARNING | urllib3.connectionpool | Connection pool is full, discarding connection: localhost. Connection pool size: 0
2026-10-05 10:17:07 | WARNING | urllib3.connectionpool | Connection pool is full, discarding connection: localhost. Connection pool size: 0
2026-10-05 10:17:07 | WARNING | urllib3.connectionpool | Connection pool is full, discarding connection: localhost. Connection pool size: 1
2026-10-05 10:17:08 | WARNING | urllib3.connectionpool | Connection pool is full, discarding connection: localhost. Connection pool size: 1
2026-10-05 10:17:08 | WARNING | urllib3.connectionpool | Connection pool is full, discarding connection: localhost. Connection pool size: 1
2026-10-05 10:17:08 | WARNING | urllib3.connectionpool | Connection pool is full, discarding connection: localhost. Connection pool size: 1
2026-10-05 10:17:08 | WARNING | urllib3.connectionpool | Connection pool is full, discarding connection: localhost. Connection pool size: 1
2026-10-05 10:17:08 | WARNING | urllib3.connectionpool | Connection pool is full, discarding connection: localhost. Connection pool size: 1
2026-10-05 10:17:08 | WARNING | urllib3.connectionpool | Connection pool is full, discarding connection: localhost. Connection pool size: 1
2026-10-05 10:17:08 | WARNING | urllib3.connectionpool | Connection pool is full, discarding connection: localhost. Connection pool size: 1
2026-10-05 10:17:08 | WARNING | urllib3.connectionpool | Connection pool is full, discarding connection: localhost. Connection pool size: 1
2026-10-05 10:17:08 | WARNING | urllib3.connectionpool | Connection pool is full, discarding connection: localhost. Connection pool size: 1
2026-10-05 10:17:08 | WARNING | urllib3.connectionpool | Connection pool is full, discarding connection: localhost. Connection pool size: 1
2026-10-05 10:17:08 | WARNING | urllib3.connectionpool | Connection pool is full, discarding connection: localhost. Connection pool size: 1
2026-10-05 10:17:08 | WARNING | urllib3.connectionpool | Connection pool is full, discarding connection: localhost. Connection pool size: 1
2026-10-05 10:17:08 | WARNING | urllib3.connectionpool | Connection pool is full, discarding connection: localhost. Connection pool size: 1
2026-10-05 10:17:08 | WARNING | urllib3.connectionpool | Connection pool is full, discarding connection: localhost. Connection pool size: 1
2026-10-05 10:17:08 | WARNING | urllib3.connectionpool | Connection pool is full, discarding connection: localhost. Connection pool size: 1
2026-10-05 10:17:08 | WARNING | urllib3.connectionpool | Connection pool is full, discarding connection: localhost. Connection pool size: 1
2026-10-05 10:17:08 | WARNING | urllib3.connectionpool | Connection pool is full, discarding connection: localhost. Connection pool size: 1
2026-10-05 10:17:08 | WARNING | urllib3.connectionpool | Connection pool is full, discarding connection: localhost. Connection pool size: 1
2026-10-05 10:17:08 | WARNING | urllib3.connectionpool | Connection pool is full, discarding connection: localhost. Connection pool size: 1
2026-10-05 10:17:08 | WARNING | urllib3.connectionpool | Connection pool is full, discarding connection: localhost. Connection pool size: 1
2026-10-05 10:17:08 | WARNING | urllib3.connectionpool | Connection pool is full, discarding connection: localhost. Connection pool size: 1
2026-10-05 10:17:08 | WARNING | urllib3.connectionpool | Connection pool is full, discarding connection: localhost. Connection pool size: 1
2026-10-05 10:17:08 | WARNING | urllib3.connectionpool | Connection pool is full, discarding connection: localhost. Connection pool size: 1
2026-10-05 10:17:08 | WARNING | urllib3.connectionpool | Connection pool is full, discarding connection: localhost. Connection pool size: 1
2026-10-05 10:17:08 | WARNING | urllib3.connectionpool | Connection pool is full, discarding connection: localhost. Connection pool size: 0
2026-10-05 10:17:08 | WARNING | urllib3.connectionpool | Connection pool is full, discarding connection: localhost. Connection pool size: 1
2026-10-05 10:17:08 | WARNING | urllib3.connectionpool | Connection pool is full, discarding connection: localhost. Connection pool size: 1
2026-10-05 10:17:09 | WARNING | urllib3.connectionpool | Connection pool is full, discarding connection: localhost. Connection pool size: 1
2026-10-05 10:17:09 | WARNING | urllib3.connectionpool | Connection pool is full, discarding connection: localhost. Connection pool size: 1
2026-10-05 10:17:09 | WARNING | urllib3.connectionpool | Connection pool is full, discarding connection: localhost. Connection pool size: 1
2026-10-05 10:17:09 | WARNING | urllib3.connectionpool | Connection pool is full, discarding connection: localhost. Connection pool size: 1
2026-10-05 10:17:09 | WARNING | urllib3.connectionpool | Connection pool is full, discarding connection: localhost. Connection pool size: 1
2026-10-05 10:17:09 | WARNING | urllib3.connectionpool | Connection pool is full, discarding connection: localhost. Connection pool size: 1
2026-10-05 10:17:10 | WARNING | urllib3.connectionpool | Connection pool is full, discarding connection: localhost. Connection pool size: 0
2026-10-05 10:17:10 | WARNING | urllib3.connectionpool | Connection pool is full, discarding connection: localhost. Connection pool size: 1
2026-10-05 10:17:10 | WARNING | urllib3.connectionpool | Connection pool is full, discarding connection: localhost. Connection pool size: 1
2026-10-05 10:17:10 | WARNING | urllib3.connectionpool | Connection pool is full, discarding connection: localhost. Connection pool size: 1
2026-10-05 10:17:10 | WARNING | urllib3.connectionpool | Connection pool is full, discarding connection: localhost. Connection pool size: 1
2026-10-05 10:17:10 | WARNING | urllib3.connectionpool | Connection pool is full, discarding connection: localhost. Connection pool size: 1
2026-10-05 10:17:10 | WARNING | urllib3.connectionpool | Connection pool is full, discarding connection: localhost. Connection pool size: 1
2026-10-05 10:17:10 | WARNING | urllib3.connectionpool | Connection pool is full, discarding connection: localhost. Connection pool size: 1
2026-10-05 10:17:10 | WARNING | urllib3.connectionpool | Connection pool is full, discarding connection: localhost. Connection pool size: 1
2026-10-05 10:17:10 | WARNING | urllib3.connectionpool | Connection pool is full, discarding connection: localhost. Connection pool size: 1
2026-10-05 10:17:11 | WARNING | urllib3.connectionpool | Connection pool is full, discarding connection: localhost. Connection pool size: 1
2026-10-05 10:17:11 | WARNING | urllib3.connectionpool | Connection pool is full, discarding connection: localhost. Connection pool size: 1
2026-10-05 10:17:12 | WARNING | urllib3.connectionpool | Connection pool is full, discarding connection: localhost. Connection pool size: 1
2026-10-05 10:17:12 | WARNING | urllib3.connectionpool | Connection pool is full, discarding connection: localhost. Connection pool size: 1
2026-10-05 10:17:13 | WARNING | urllib3.connectionpool | Connection pool is full, discarding connection: localhost. Connection pool size: 1
2026-10-05 10:17:13 | WARNING | urllib3.connectionpool | Connection pool is full, discarding connection: localhost. Connection pool size: 1
2026-10-05 10:17:13 | WARNING | urllib3.connectionpool | Connection pool is full, discarding connection: localhost. Connection pool size: 1
2026-10-05 10:17:13 | WARNING | urllib3.connectionpool | Connection pool is full, discarding connection: localhost. Connection pool size: 1
2026-10-05 10:17:13 | WARNING | urllib3.connectionpool | Connection pool is full, discarding connection: localhost. Connection pool size: 1
2026-10-05 10:17:13 | WARNING | urllib3.connectionpool | Connection pool is full, discarding connection: localhost. Connection pool size: 1
2026-10-05 10:17:14 | WARNING | urllib3.connectionpool | Connection pool is full, discarding connection: localhost. Connection pool size: 1
2026-10-05 10:17:14 | WARNING | urllib3.connectionpool | Connection pool is full, discarding connection: localhost. Connection pool size: 1
2026-10-05 10:17:14 | WARNING | urllib3.connectionpool | Connection pool is full, discarding connection: localhost. Connection pool size: 1
2026-10-05 10:17:14 | WARNING | urllib3.connectionpool | Connection pool is full, discarding connection: localhost. Connection pool size: 0
2026-10-05 10:17:14 | WARNING | urllib3.connectionpool | Connection pool is full, discarding connection: localhost. Connection pool size: 1
2026-10-05 10:17:14 | WARNING | urllib3.connectionpool | Connection pool is full, discarding connection: localhost. Connection pool size: 1
2026-10-05 10:17:14 | WARNING | urllib3.connectionpool | Connection pool is full, discarding connection: localhost. Connection pool size: 1
2026-10-05 10:17:16 | WARNING | urllib3.connectionpool | Connection pool is full, discarding connection: localhost. Connection pool size: 0
2026-10-05 10:17:16 | WARNING | urllib3.connectionpool | Connection pool is full, discarding connection: localhost. Connection pool size: 1
2026-10-05 10:17:16 | WARNING | urllib3.connectionpool | Connection pool is full, discarding connection: localhost. Connection pool size: 1
2026-10-05 10:17:17 | WARNING | urllib3.connectionpool | Connection pool is full, discarding connection: localhost. Connection pool size: 1
2026-10-05 10:17:17 | WARNING | urllib3.connectionpool | Connection pool is full, discarding connection: localhost. Connection pool size: 0
2026-10-05 10:17:17 | WARNING | urllib3.connectionpool | Connection pool is full, discarding connection: localhost. Connection pool size: 0
2026-10-05 10:17:17 | WARNING | urllib3.connectionpool | Connection pool is full, discarding connection: localhost. Connection pool size: 0
2026-10-05 10:17:17 | WARNING | urllib3.connectionpool | Connection pool is full, discarding connection: localhost. Connection pool size: 1
2026-10-05 10:17:17 | WARNING | urllib3.connectionpool | Connection pool is full, discarding connection: localhost. Connection pool size: 1
2026-10-05 10:17:17 | WARNING | urllib3.connectionpool | Connection pool is full, discarding connection: localhost. Connection pool size: 1
2026-10-05 10:17:18 | WARNING | urllib3.connectionpool | Connection pool is full, discarding connection: localhost. Connection pool size: 1
2026-10-05 10:17:18 | WARNING | urllib3.connectionpool | Connection pool is full, discarding connection: localhost. Connection pool size: 1
2026-10-05 10:17:18 | WARNING | app.api.v1.endpoints.health | record_count failed for bronze: 
2026-10-05 10:17:18 | WARNING | urllib3.connectionpool | Connection pool is full, discarding connection: localhost. Connection pool size: 1
2026-10-05 10:17:18 | WARNING | urllib3.connectionpool | Connection pool is full, discarding connection: localhost. Connection pool size: 1
2026-10-05 10:17:18 | WARNING | urllib3.connectionpool | Connection pool is full, discarding connection: localhost. Connection pool size: 1
2026-10-05 10:17:19 | WARNING | urllib3.connectionpool | Connection pool is full, discarding connection: localhost. Connection pool size: 1
2026-10-05 10:17:19 | WARNING | urllib3.connectionpool | Connection pool is full, discarding connection: localhost. Connection pool size: 1
2026-10-05 10:17:19 | WARNING | urllib3.connectionpool | Connection pool is full, discarding connection: localhost. Connection pool size: 1
2026-10-05 10:17:19 | WARNING | urllib3.connectionpool | Connection pool is full, discarding connection: localhost. Connection pool size: 1
2026-10-05 10:17:19 | WARNING | urllib3.connectionpool | Connection pool is full, discarding connection: localhost. Connection pool size: 1
2026-10-05 10:17:20 | WARNING | urllib3.connectionpool | Connection pool is full, discarding connection: localhost. Connection pool size: 1
2026-10-05 10:17:20 | WARNING | urllib3.connectionpool | Connection pool is full, discarding connection: localhost. Connection pool size: 1
2026-10-05 10:17:20 | WARNING | app.api.v1.endpoints.health | record_count failed for bronze: 
2026-10-05 10:17:20 | WARNING | urllib3.connectionpool | Connection pool is full, discarding connection: localhost. Connection pool size: 1
2026-10-05 10:17:20 | WARNING | urllib3.connectionpool | Connection pool is full, discarding connection: localhost. Connection pool size: 1
2026-10-05 10:17:20 | WARNING | urllib3.connectionpool | Connection pool is full, discarding connection: localhost. Connection pool size: 1
2026-10-05 10:17:20 | WARNING | urllib3.connectionpool | Connection pool is full, discarding connection: localhost. Connection pool size: 1
2026-10-05 10:17:21 | WARNING | urllib3.connectionpool | Connection pool is full, discarding connection: localhost. Connection pool size: 1
2026-10-05 10:17:21 | WARNING | urllib3.connectionpool | Connection pool is full, discarding connection: localhost. Connection pool size: 0
2026-10-05 10:17:21 | WARNING | urllib3.connectionpool | Connection pool is full, discarding connection: localhost. Connection pool size: 1
2026-10-05 10:17:21 | WARNING | urllib3.connectionpool | Connection pool is full, discarding connection: localhost. Connection pool size: 1
2026-10-05 10:17:21 | WARNING | urllib3.connectionpool | Connection pool is full, discarding connection: localhost. Connection pool size: 1
2026-10-05 10:17:22 | WARNING | urllib3.connectionpool | Connection pool is full, discarding connection: localhost. Connection pool size: 1
2026-10-05 10:17:22 | WARNING | urllib3.connectionpool | Connection pool is full, discarding connection: localhost. Connection pool size: 1
2026-10-05 10:17:22 | WARNING | urllib3.connectionpool | Connection pool is full, discarding connection: localhost. Connection pool size: 1
2026-10-05 10:17:22 | WARNING | urllib3.connectionpool | Connection pool is full, discarding connection: localhost. Connection pool size: 1
2026-10-05 10:17:22 | WARNING | urllib3.connectionpool | Connection pool is full, discarding connection: localhost. Connection pool size: 1
2026-10-05 10:17:22 | WARNING | urllib3.connectionpool | Connection pool is full, discarding connection: localhost. Connection pool size: 1
2026-10-05 10:17:22 | WARNING | urllib3.connectionpool | Connection pool is full, discarding connection: localhost. Connection pool size: 1
2026-10-05 10:17:22 | WARNING | urllib3.connectionpool | Connection pool is full, discarding connection: localhost. Connection pool size: 1
2026-10-05 10:17:23 | WARNING | urllib3.connectionpool | Connection pool is full, discarding connection: localhost. Connection pool size: 1
2026-10-05 10:17:23 | WARNING | urllib3.connectionpool | Connection pool is full, discarding connection: localhost. Connection pool size: 1
2026-10-05 10:17:23 | WARNING | urllib3.connectionpool | Connection pool is full, discarding connection: localhost. Connection pool size: 1
2026-10-05 10:17:23 | WARNING | urllib3.connectionpool | Connection pool is full, discarding connection: localhost. Connection pool size: 1
2026-10-05 10:17:23 | WARNING | urllib3.connectionpool | Connection pool is full, discarding connection: localhost. Connection pool size: 1
2026-10-05 10:17:24 | WARNING | urllib3.connectionpool | Connection pool is full, discarding connection: localhost. Connection pool size: 1
2026-10-05 10:17:24 | WARNING | urllib3.connectionpool | Connection pool is full, discarding connection: localhost. Connection pool size: 1
2026-10-05 10:17:24 | WARNING | urllib3.connectionpool | Connection pool is full, discarding connection: localhost. Connection pool size: 1
2026-10-05 10:17:24 | WARNING | urllib3.connectionpool | Connection pool is full, discarding connection: localhost. Connection pool size: 1
2026-10-05 10:17:24 | WARNING | urllib3.connectionpool | Connection pool is full, discarding connection: localhost. Connection pool size: 1
2026-10-05 10:17:24 | WARNING | urllib3.connectionpool | Connection pool is full, discarding connection: localhost. Connection pool size: 1
2026-10-05 10:17:25 | WARNING | urllib3.connectionpool | Connection pool is full, discarding connection: localhost. Connection pool size: 1
2026-10-05 10:17:25 | WARNING | urllib3.connectionpool | Connection pool is full, discarding connection: localhost. Connection pool size: 1
2026-10-05 10:17:25 | WARNING | urllib3.connectionpool | Connection pool is full, discarding connection: localhost. Connection pool size: 1
2026-10-05 10:17:26 | WARNING | urllib3.connectionpool | Connection pool is full, discarding connection: localhost. Connection pool size: 1
2026-10-05 10:17:26 | WARNING | urllib3.connectionpool | Connection pool is full, discarding connection: localhost. Connection pool size: 1
2026-10-05 10:17:26 | WARNING | urllib3.connectionpool | Connection pool is full, discarding connection: localhost. Connection pool size: 1
2026-10-05 10:17:26 | WARNING | urllib3.connectionpool | Connection pool is full, discarding connection: localhost. Connection pool size: 1
2026-10-05 10:17:26 | WARNING | urllib3.connectionpool | Connection pool is full, discarding connection: localhost. Connection pool size: 1
2026-10-05 10:17:27 | WARNING | urllib3.connectionpool | Connection pool is full, discarding connection: localhost. Connection pool size: 0
2026-10-05 10:17:27 | WARNING | urllib3.connectionpool | Connection pool is full, discarding connection: localhost. Connection pool size: 1
2026-10-05 10:17:27 | WARNING | urllib3.connectionpool | Connection pool is full, discarding connection: localhost. Connection pool size: 0
2026-10-05 10:17:27 | WARNING | urllib3.connectionpool | Connection pool is full, discarding connection: localhost. Connection pool size: 1
2026-10-05 10:17:28 | WARNING | urllib3.connectionpool | Connection pool is full, discarding connection: localhost. Connection pool size: 1
2026-10-05 10:17:28 | WARNING | urllib3.connectionpool | Connection pool is full, discarding connection: localhost. Connection pool size: 1
2026-10-05 10:17:28 | WARNING | urllib3.connectionpool | Connection pool is full, discarding connection: localhost. Connection pool size: 0
2026-10-05 10:17:28 | WARNING | urllib3.connectionpool | Connection pool is full, discarding connection: localhost. Connection pool size: 1
2026-10-05 10:17:29 | WARNING | urllib3.connectionpool | Connection pool is full, discarding connection: localhost. Connection pool size: 1
2026-10-05 10:17:29 | WARNING | urllib3.connectionpool | Connection pool is full, discarding connection: localhost. Connection pool size: 1
2026-10-05 10:17:29 | WARNING | urllib3.connectionpool | Connection pool is full, discarding connection: localhost. Connection pool size: 1
2026-10-05 10:17:29 | WARNING | urllib3.connectionpool | Connection pool is full, discarding connection: localhost. Connection pool size: 1
2026-10-05 10:17:29 | WARNING | urllib3.connectionpool | Connection pool is full, discarding connection: localhost. Connection pool size: 0
2026-10-05 10:17:30 | WARNING | urllib3.connectionpool | Connection pool is full, discarding connection: localhost. Connection pool size: 1
2026-10-05 10:17:30 | WARNING | urllib3.connectionpool | Connection pool is full, discarding connection: localhost. Connection pool size: 1
2026-10-05 10:17:30 | WARNING | urllib3.connectionpool | Connection pool is full, discarding connection: localhost. Connection pool size: 1
2026-10-05 10:17:30 | WARNING | urllib3.connectionpool | Connection pool is full, discarding connection: localhost. Connection pool size: 1
2026-10-05 10:17:30 | WARNING | urllib3.connectionpool | Connection pool is full, discarding connection: localhost. Connection pool size: 1
2026-10-05 10:17:30 | WARNING | urllib3.connectionpool | Connection pool is full, discarding connection: localhost. Connection pool size: 1
2026-10-05 10:17:30 | WARNING | urllib3.connectionpool | Connection pool is full, discarding connection: localhost. Connection pool size: 1
2026-10-05 10:17:31 | WARNING | urllib3.connectionpool | Connection pool is full, discarding connection: localhost. Connection pool size: 1
2026-10-05 10:17:31 | WARNING | urllib3.connectionpool | Connection pool is full, discarding connection: localhost. Connection pool size: 1
2026-10-05 10:17:31 | WARNING | urllib3.connectionpool | Connection pool is full, discarding connection: localhost. Connection pool size: 1
2026-10-05 10:17:31 | WARNING | urllib3.connectionpool | Connection pool is full, discarding connection: localhost. Connection pool size: 1
2026-10-05 10:17:31 | WARNING | urllib3.connectionpool | Connection pool is full, discarding connection: localhost. Connection pool size: 1
2026-10-05 10:17:31 | WARNING | urllib3.connectionpool | Connection pool is full, discarding connection: localhost. Connection pool size: 1
2026-10-05 10:17:31 | WARNING | urllib3.connectionpool | Connection pool is full, discarding connection: localhost. Connection pool size: 1
2026-10-05 10:17:32 | WARNING | urllib3.connectionpool | Connection pool is full, discarding connection: localhost. Connection pool size: 1
2026-10-05 10:17:32 | WARNING | urllib3.connectionpool | Connection pool is full, discarding connection: localhost. Connection pool size: 1
2026-10-05 10:17:32 | WARNING | urllib3.connectionpool | Connection pool is full, discarding connection: localhost. Connection pool size: 1
2026-10-05 10:17:32 | WARNING | urllib3.connectionpool | Connection pool is full, discarding connection: localhost. Connection pool size: 1
2026-10-05 10:17:33 | WARNING | urllib3.connectionpool | Connection pool is full, discarding connection: localhost. Connection pool size: 0
2026-10-05 10:17:33 | WARNING | urllib3.connectionpool | Connection pool is full, discarding connection: localhost. Connection pool size: 1
2026-10-05 10:17:33 | WARNING | urllib3.connectionpool | Connection pool is full, discarding connection: localhost. Connection pool size: 1
2026-10-05 10:17:34 | WARNING | urllib3.connectionpool | Connection pool is full, discarding connection: localhost. Connection pool size: 1
2026-10-05 10:17:34 | WARNING | urllib3.connectionpool | Connection pool is full, discarding connection: localhost. Connection pool size: 1
2026-10-05 10:17:34 | WARNING | urllib3.connectionpool | Connection pool is full, discarding connection: localhost. Connection pool size: 1
2026-10-05 10:17:34 | WARNING | urllib3.connectionpool | Connection pool is full, discarding connection: localhost. Connection pool size: 1
2026-10-05 10:17:34 | WARNING | urllib3.connectionpool | Connection pool is full, discarding connection: localhost. Connection pool size: 1
2026-10-05 10:17:34 | WARNING | urllib3.connectionpool | Connection pool is full, discarding connection: localhost. Connection pool size: 1
2026-10-05 10:17:34 | WARNING | urllib3.connectionpool | Connection pool is full, discarding connection: localhost. Connection pool size: 1
2026-10-05 10:17:35 | WARNING | urllib3.connectionpool | Connection pool is full, discarding connection: localhost. Connection pool size: 1
2026-10-05 10:17:35 | WARNING | urllib3.connectionpool | Connection pool is full, discarding connection: localhost. Connection pool size: 1
2026-10-05 10:17:35 | WARNING | urllib3.connectionpool | Connection pool is full, discarding connection: localhost. Connection pool size: 1
2026-10-05 10:17:35 | WARNING | urllib3.connectionpool | Connection pool is full, discarding connection: localhost. Connection pool size: 1
2026-10-05 10:17:35 | WARNING | urllib3.connectionpool | Connection pool is full, discarding connection: localhost. Connection pool size: 1
2026-10-05 10:17:35 | WARNING | urllib3.connectionpool | Connection pool is full, discarding connection: localhost. Connection pool size: 1
2026-10-05 10:17:36 | WARNING | urllib3.connectionpool | Connection pool is full, discarding connection: localhost. Connection pool size: 1
2026-10-05 10:17:36 | WARNING | urllib3.connectionpool | Connection pool is full, discarding connection: localhost. Connection pool size: 1
2026-10-05 10:17:36 | WARNING | urllib3.connectionpool | Connection pool is full, discarding connection: localhost. Connection pool size: 1
2026-10-05 10:17:37 | WARNING | urllib3.connectionpool | Connection pool is full, discarding connection: localhost. Connection pool size: 1
2026-10-05 10:17:37 | WARNING | urllib3.connectionpool | Connection pool is full, discarding connection: localhost. Connection pool size: 1
2026-10-05 10:17:37 | WARNING | urllib3.connectionpool | Connection pool is full, discarding connection: localhost. Connection pool size: 0
2026-10-05 10:17:37 | WARNING | urllib3.connectionpool | Connection pool is full, discarding connection: localhost. Connection pool size: 1
2026-10-05 10:17:37 | WARNING | urllib3.connectionpool | Connection pool is full, discarding connection: localhost. Connection pool size: 1
2026-10-05 10:17:38 | WARNING | urllib3.connectionpool | Connection pool is full, discarding connection: localhost. Connection pool size: 1
2026-10-05 10:17:38 | WARNING | app.api.v1.endpoints.health | record_count failed for silver: 
2026-10-05 10:17:38 | WARNING | urllib3.connectionpool | Connection pool is full, discarding connection: localhost. Connection pool size: 1
2026-10-05 10:17:38 | WARNING | urllib3.connectionpool | Connection pool is full, discarding connection: localhost. Connection pool size: 1
2026-10-05 10:17:38 | WARNING | urllib3.connectionpool | Connection pool is full, discarding connection: localhost. Connection pool size: 1
2026-10-05 10:17:38 | WARNING | urllib3.connectionpool | Connection pool is full, discarding connection: localhost. Connection pool size: 1
2026-10-05 10:17:38 | WARNING | urllib3.connectionpool | Connection pool is full, discarding connection: localhost. Connection pool size: 1
2026-10-05 10:17:38 | WARNING | urllib3.connectionpool | Connection pool is full, discarding connection: localhost. Connection pool size: 1
2026-10-05 10:17:39 | WARNING | urllib3.connectionpool | Connection pool is full, discarding connection: localhost. Connection pool size: 1
2026-10-05 10:17:39 | WARNING | urllib3.connectionpool | Connection pool is full, discarding connection: localhost. Connection pool size: 1
2026-10-05 10:17:39 | WARNING | urllib3.connectionpool | Connection pool is full, discarding connection: localhost. Connection pool size: 1
2026-10-05 10:17:39 | WARNING | urllib3.connectionpool | Connection pool is full, discarding connection: localhost. Connection pool size: 1
2026-10-05 10:17:39 | WARNING | urllib3.connectionpool | Connection pool is full, discarding connection: localhost. Connection pool size: 1
2026-10-05 10:17:40 | WARNING | urllib3.connectionpool | Connection pool is full, discarding connection: localhost. Connection pool size: 1
2026-10-05 10:17:40 | WARNING | urllib3.connectionpool | Connection pool is full, discarding connection: localhost. Connection pool size: 0
2026-10-05 10:17:40 | WARNING | app.api.v1.endpoints.health | record_count failed for silver: 
2026-10-05 10:17:40 | WARNING | urllib3.connectionpool | Connection pool is full, discarding connection: localhost. Connection pool size: 1
2026-10-05 10:17:40 | WARNING | urllib3.connectionpool | Connection pool is full, discarding connection: localhost. Connection pool size: 1
2026-10-05 10:17:40 | WARNING | urllib3.connectionpool | Connection pool is full, discarding connection: localhost. Connection pool size: 1
2026-10-05 10:17:40 | WARNING | urllib3.connectionpool | Connection pool is full, discarding connection: localhost. Connection pool size: 1
2026-10-05 10:17:40 | WARNING | urllib3.connectionpool | Connection pool is full, discarding connection: localhost. Connection pool size: 1
2026-10-05 10:17:41 | WARNING | urllib3.connectionpool | Connection pool is full, discarding connection: localhost. Connection pool size: 1
2026-10-05 10:17:41 | WARNING | urllib3.connectionpool | Connection pool is full, discarding connection: localhost. Connection pool size: 1
2026-10-05 10:17:41 | WARNING | urllib3.connectionpool | Connection pool is full, discarding connection: localhost. Connection pool size: 1
2026-10-05 10:17:41 | WARNING | urllib3.connectionpool | Connection pool is full, discarding connection: localhost. Connection pool size: 1
2026-10-05 10:17:41 | WARNING | urllib3.connectionpool | Connection pool is full, discarding connection: localhost. Connection pool size: 1
2026-10-05 10:17:41 | WARNING | urllib3.connectionpool | Connection pool is full, discarding connection: localhost. Connection pool size: 1
2026-10-05 10:17:42 | WARNING | urllib3.connectionpool | Connection pool is full, discarding connection: localhost. Connection pool size: 1
2026-10-05 10:17:42 | WARNING | urllib3.connectionpool | Connection pool is full, discarding connection: localhost. Connection pool size: 1
2026-10-05 10:17:42 | WARNING | urllib3.connectionpool | Connection pool is full, discarding connection: localhost. Connection pool size: 1
2026-10-05 10:17:42 | WARNING | urllib3.connectionpool | Connection pool is full, discarding connection: localhost. Connection pool size: 1
2026-10-05 10:17:42 | WARNING | urllib3.connectionpool | Connection pool is full, discarding connection: localhost. Connection pool size: 1
2026-10-05 10:17:42 | WARNING | urllib3.connectionpool | Connection pool is full, discarding connection: localhost. Connection pool size: 1
2026-10-05 10:17:43 | WARNING | urllib3.connectionpool | Connection pool is full, discarding connection: localhost. Connection pool size: 1
2026-10-05 10:17:43 | WARNING | urllib3.connectionpool | Connection pool is full, discarding connection: localhost. Connection pool size: 1
2026-10-05 10:17:43 | WARNING | urllib3.connectionpool | Connection pool is full, discarding connection: localhost. Connection pool size: 0
2026-10-05 10:17:44 | WARNING | urllib3.connectionpool | Connection pool is full, discarding connection: localhost. Connection pool size: 1
2026-10-05 10:17:44 | WARNING | urllib3.connectionpool | Connection pool is full, discarding connection: localhost. Connection pool size: 0
2026-10-05 10:17:44 | WARNING | urllib3.connectionpool | Connection pool is full, discarding connection: localhost. Connection pool size: 0
2026-10-05 10:17:44 | WARNING | urllib3.connectionpool | Connection pool is full, discarding connection: localhost. Connection pool size: 1
2026-10-05 10:17:44 | WARNING | urllib3.connectionpool | Connection pool is full, discarding connection: localhost. Connection pool size: 1
2026-10-05 10:17:44 | WARNING | urllib3.connectionpool | Connection pool is full, discarding connection: localhost. Connection pool size: 1
2026-10-05 10:17:45 | WARNING | urllib3.connectionpool | Connection pool is full, discarding connection: localhost. Connection pool size: 1
2026-10-05 10:17:45 | WARNING | urllib3.connectionpool | Connection pool is full, discarding connection: localhost. Connection pool size: 1
2026-10-05 10:17:45 | WARNING | urllib3.connectionpool | Connection pool is full, discarding connection: localhost. Connection pool size: 1
2026-10-05 10:17:45 | WARNING | urllib3.connectionpool | Connection pool is full, discarding connection: localhost. Connection pool size: 1
2026-10-05 10:17:45 | WARNING | urllib3.connectionpool | Connection pool is full, discarding connection: localhost. Connection pool size: 1
2026-10-05 10:17:45 | WARNING | urllib3.connectionpool | Connection pool is full, discarding connection: localhost. Connection pool size: 1
2026-10-05 10:17:46 | WARNING | urllib3.connectionpool | Connection pool is full, discarding connection: localhost. Connection pool size: 1
2026-10-05 10:17:46 | WARNING | urllib3.connectionpool | Connection pool is full, discarding connection: localhost. Connection pool size: 1
2026-10-05 10:17:46 | WARNING | urllib3.connectionpool | Connection pool is full, discarding connection: localhost. Connection pool size: 1
2026-10-05 10:17:46 | WARNING | urllib3.connectionpool | Connection pool is full, discarding connection: localhost. Connection pool size: 1
2026-10-05 10:17:46 | WARNING | urllib3.connectionpool | Connection pool is full, discarding connection: localhost. Connection pool size: 1
2026-10-05 10:17:46 | WARNING | urllib3.connectionpool | Connection pool is full, discarding connection: localhost. Connection pool size: 1
2026-10-05 10:17:47 | WARNING | urllib3.connectionpool | Connection pool is full, discarding connection: localhost. Connection pool size: 1
2026-10-05 10:17:47 | WARNING | urllib3.connectionpool | Connection pool is full, discarding connection: localhost. Connection pool size: 1
2026-10-05 10:17:47 | WARNING | urllib3.connectionpool | Connection pool is full, discarding connection: localhost. Connection pool size: 1
2026-10-05 10:17:47 | WARNING | urllib3.connectionpool | Connection pool is full, discarding connection: localhost. Connection pool size: 1
2026-10-05 10:17:47 | WARNING | urllib3.connectionpool | Connection pool is full, discarding connection: localhost. Connection pool size: 1
2026-10-05 10:17:47 | WARNING | urllib3.connectionpool | Connection pool is full, discarding connection: localhost. Connection pool size: 1
2026-10-05 10:17:48 | WARNING | urllib3.connectionpool | Connection pool is full, discarding connection: localhost. Connection pool size: 1
2026-10-05 10:17:48 | WARNING | urllib3.connectionpool | Connection pool is full, discarding connection: localhost. Connection pool size: 1
2026-10-05 10:17:48 | WARNING | urllib3.connectionpool | Connection pool is full, discarding connection: localhost. Connection pool size: 1
2026-10-05 10:17:49 | INFO | app.data_sources.yahoo_http_provider | [yahoo_http] returned 1 rows for C (2026-10-02 -> 2026-10-02)
2026-10-05 10:17:49 | INFO | app.data_sources.multi_source | [yahoo_http] returned 1 rows for C (1d)
2026-10-05 10:17:49 | WARNING | urllib3.connectionpool | Connection pool is full, discarding connection: localhost. Connection pool size: 1
2026-10-05 10:17:49 | WARNING | urllib3.connectionpool | Connection pool is full, discarding connection: localhost. Connection pool size: 1
2026-10-05 10:17:49 | WARNING | urllib3.connectionpool | Connection pool is full, discarding connection: localhost. Connection pool size: 1
2026-10-05 10:17:49 | INFO | app.lakehouse.bronze | Bronze append complete: received=1 duplicates=1 paths=1
2026-10-05 10:17:50 | WARNING | urllib3.connectionpool | Connection pool is full, discarding connection: localhost. Connection pool size: 1
2026-10-05 10:17:50 | WARNING | urllib3.connectionpool | Connection pool is full, discarding connection: localhost. Connection pool size: 1
2026-10-05 10:17:50 | WARNING | urllib3.connectionpool | Connection pool is full, discarding connection: localhost. Connection pool size: 1
2026-10-05 10:17:50 | WARNING | urllib3.connectionpool | Connection pool is full, discarding connection: localhost. Connection pool size: 1
2026-10-05 10:17:50 | WARNING | urllib3.connectionpool | Connection pool is full, discarding connection: localhost. Connection pool size: 1
2026-10-05 10:17:50 | WARNING | urllib3.connectionpool | Connection pool is full, discarding connection: localhost. Connection pool size: 1
2026-10-05 10:17:51 | WARNING | urllib3.connectionpool | Connection pool is full, discarding connection: localhost. Connection pool size: 1
2026-10-05 10:17:51 | INFO | app.data_sources.yahoo_http_provider | [yahoo_http] returned 1 rows for CAG (2026-10-02 -> 2026-10-02)
2026-10-05 10:17:51 | INFO | app.data_sources.multi_source | [yahoo_http] returned 1 rows for CAG (1d)
2026-10-05 10:17:51 | INFO | app.lakehouse.bronze | Bronze append complete: received=1 duplicates=1 paths=1
2026-10-05 10:17:51 | WARNING | urllib3.connectionpool | Connection pool is full, discarding connection: localhost. Connection pool size: 1
2026-10-05 10:17:51 | WARNING | urllib3.connectionpool | Connection pool is full, discarding connection: localhost. Connection pool size: 1
2026-10-05 10:17:51 | WARNING | urllib3.connectionpool | Connection pool is full, discarding connection: localhost. Connection pool size: 1
2026-10-05 10:17:52 | WARNING | urllib3.connectionpool | Connection pool is full, discarding connection: localhost. Connection pool size: 1
2026-10-05 10:17:52 | WARNING | urllib3.connectionpool | Connection pool is full, discarding connection: localhost. Connection pool size: 1
2026-10-05 10:17:52 | WARNING | urllib3.connectionpool | Connection pool is full, discarding connection: localhost. Connection pool size: 1
2026-10-05 10:17:52 | WARNING | urllib3.connectionpool | Connection pool is full, discarding connection: localhost. Connection pool size: 1
2026-10-05 10:17:52 | WARNING | urllib3.connectionpool | Connection pool is full, discarding connection: localhost. Connection pool size: 1
2026-10-05 10:17:52 | WARNING | urllib3.connectionpool | Connection pool is full, discarding connection: localhost. Connection pool size: 1
2026-10-05 10:17:52 | INFO | app.data_sources.yahoo_http_provider | [yahoo_http] returned 1 rows for CAKE (2026-10-02 -> 2026-10-02)
2026-10-05 10:17:52 | INFO | app.data_sources.multi_source | [yahoo_http] returned 1 rows for CAKE (1d)
2026-10-05 10:17:52 | WARNING | urllib3.connectionpool | Connection pool is full, discarding connection: localhost. Connection pool size: 1
2026-10-05 10:17:52 | WARNING | urllib3.connectionpool | Connection pool is full, discarding connection: localhost. Connection pool size: 1
2026-10-05 10:17:52 | INFO | app.lakehouse.bronze | Bronze append complete: received=1 duplicates=1 paths=1
2026-10-05 10:17:53 | WARNING | urllib3.connectionpool | Connection pool is full, discarding connection: localhost. Connection pool size: 1
2026-10-05 10:17:53 | WARNING | urllib3.connectionpool | Connection pool is full, discarding connection: localhost. Connection pool size: 1
2026-10-05 10:17:53 | WARNING | urllib3.connectionpool | Connection pool is full, discarding connection: localhost. Connection pool size: 1
2026-10-05 10:17:53 | WARNING | urllib3.connectionpool | Connection pool is full, discarding connection: localhost. Connection pool size: 1
2026-10-05 10:17:53 | WARNING | urllib3.connectionpool | Connection pool is full, discarding connection: localhost. Connection pool size: 1
2026-10-05 10:17:53 | WARNING | urllib3.connectionpool | Connection pool is full, discarding connection: localhost. Connection pool size: 1
2026-10-05 10:17:53 | WARNING | urllib3.connectionpool | Connection pool is full, discarding connection: localhost. Connection pool size: 1
2026-10-05 10:17:53 | WARNING | urllib3.connectionpool | Connection pool is full, discarding connection: localhost. Connection pool size: 1
2026-10-05 10:17:53 | INFO | app.data_sources.yahoo_http_provider | [yahoo_http] returned 1 rows for CAR (2026-10-02 -> 2026-10-02)
2026-10-05 10:17:53 | INFO | app.data_sources.multi_source | [yahoo_http] returned 1 rows for CAR (1d)
2026-10-05 10:17:54 | WARNING | urllib3.connectionpool | Connection pool is full, discarding connection: localhost. Connection pool size: 1
2026-10-05 10:17:54 | INFO | app.lakehouse.bronze | Bronze append complete: received=1 duplicates=1 paths=1
2026-10-05 10:17:54 | WARNING | urllib3.connectionpool | Connection pool is full, discarding connection: localhost. Connection pool size: 1
2026-10-05 10:17:54 | WARNING | urllib3.connectionpool | Connection pool is full, discarding connection: localhost. Connection pool size: 1
2026-10-05 10:17:54 | WARNING | urllib3.connectionpool | Connection pool is full, discarding connection: localhost. Connection pool size: 1
2026-10-05 10:17:54 | WARNING | urllib3.connectionpool | Connection pool is full, discarding connection: localhost. Connection pool size: 1
2026-10-05 10:17:54 | WARNING | urllib3.connectionpool | Connection pool is full, discarding connection: localhost. Connection pool size: 1
2026-10-05 10:17:54 | WARNING | urllib3.connectionpool | Connection pool is full, discarding connection: localhost. Connection pool size: 1
2026-10-05 10:17:54 | WARNING | urllib3.connectionpool | Connection pool is full, discarding connection: localhost. Connection pool size: 1
2026-10-05 10:17:55 | WARNING | urllib3.connectionpool | Connection pool is full, discarding connection: localhost. Connection pool size: 1
2026-10-05 10:17:55 | INFO | app.data_sources.yahoo_http_provider | [yahoo_http] returned 1 rows for CAT (2026-10-02 -> 2026-10-02)
2026-10-05 10:17:55 | INFO | app.data_sources.multi_source | [yahoo_http] returned 1 rows for CAT (1d)
2026-10-05 10:17:55 | INFO | app.lakehouse.bronze | Bronze append complete: received=1 duplicates=1 paths=1
2026-10-05 10:17:55 | WARNING | urllib3.connectionpool | Connection pool is full, discarding connection: localhost. Connection pool size: 1
2026-10-05 10:17:55 | WARNING | urllib3.connectionpool | Connection pool is full, discarding connection: localhost. Connection pool size: 1
2026-10-05 10:17:55 | WARNING | urllib3.connectionpool | Connection pool is full, discarding connection: localhost. Connection pool size: 1
2026-10-05 10:17:56 | WARNING | urllib3.connectionpool | Connection pool is full, discarding connection: localhost. Connection pool size: 1
2026-10-05 10:17:56 | WARNING | urllib3.connectionpool | Connection pool is full, discarding connection: localhost. Connection pool size: 1
2026-10-05 10:17:56 | WARNING | urllib3.connectionpool | Connection pool is full, discarding connection: localhost. Connection pool size: 1
2026-10-05 10:17:56 | WARNING | urllib3.connectionpool | Connection pool is full, discarding connection: localhost. Connection pool size: 1
2026-10-05 10:17:56 | WARNING | urllib3.connectionpool | Connection pool is full, discarding connection: localhost. Connection pool size: 1
2026-10-05 10:17:56 | WARNING | urllib3.connectionpool | Connection pool is full, discarding connection: localhost. Connection pool size: 1
2026-10-05 10:17:56 | INFO | app.data_sources.yahoo_http_provider | [yahoo_http] returned 1 rows for CBOE (2026-10-02 -> 2026-10-02)
2026-10-05 10:17:56 | INFO | app.data_sources.multi_source | [yahoo_http] returned 1 rows for CBOE (1d)
2026-10-05 10:17:56 | INFO | app.lakehouse.bronze | Bronze append complete: received=1 duplicates=1 paths=1
2026-10-05 10:17:57 | WARNING | urllib3.connectionpool | Connection pool is full, discarding connection: localhost. Connection pool size: 1
2026-10-05 10:17:57 | WARNING | urllib3.connectionpool | Connection pool is full, discarding connection: localhost. Connection pool size: 1
2026-10-05 10:17:57 | WARNING | urllib3.connectionpool | Connection pool is full, discarding connection: localhost. Connection pool size: 1
2026-10-05 10:17:57 | WARNING | urllib3.connectionpool | Connection pool is full, discarding connection: localhost. Connection pool size: 1
2026-10-05 10:17:57 | WARNING | urllib3.connectionpool | Connection pool is full, discarding connection: localhost. Connection pool size: 1
2026-10-05 10:17:57 | WARNING | urllib3.connectionpool | Connection pool is full, discarding connection: localhost. Connection pool size: 1
2026-10-05 10:17:58 | WARNING | urllib3.connectionpool | Connection pool is full, discarding connection: localhost. Connection pool size: 1
2026-10-05 10:17:58 | WARNING | urllib3.connectionpool | Connection pool is full, discarding connection: localhost. Connection pool size: 1
2026-10-05 10:17:58 | INFO | app.data_sources.yahoo_http_provider | [yahoo_http] returned 1 rows for CBRL (2026-10-02 -> 2026-10-02)
2026-10-05 10:17:58 | INFO | app.data_sources.multi_source | [yahoo_http] returned 1 rows for CBRL (1d)
2026-10-05 10:17:58 | WARNING | app.api.v1.endpoints.health | record_count failed for gold: 
2026-10-05 10:17:58 | WARNING | urllib3.connectionpool | Connection pool is full, discarding connection: localhost. Connection pool size: 1
2026-10-05 10:17:58 | WARNING | urllib3.connectionpool | Connection pool is full, discarding connection: localhost. Connection pool size: 0
2026-10-05 10:17:58 | INFO | app.lakehouse.bronze | Bronze append complete: received=1 duplicates=1 paths=1
2026-10-05 10:17:58 | WARNING | urllib3.connectionpool | Connection pool is full, discarding connection: localhost. Connection pool size: 1
2026-10-05 10:17:59 | WARNING | urllib3.connectionpool | Connection pool is full, discarding connection: localhost. Connection pool size: 1
2026-10-05 10:17:59 | WARNING | urllib3.connectionpool | Connection pool is full, discarding connection: localhost. Connection pool size: 1
2026-10-05 10:17:59 | WARNING | urllib3.connectionpool | Connection pool is full, discarding connection: localhost. Connection pool size: 1
2026-10-05 10:17:59 | WARNING | urllib3.connectionpool | Connection pool is full, discarding connection: localhost. Connection pool size: 1
2026-10-05 10:17:59 | WARNING | urllib3.connectionpool | Connection pool is full, discarding connection: localhost. Connection pool size: 1
2026-10-05 10:17:59 | WARNING | urllib3.connectionpool | Connection pool is full, discarding connection: localhost. Connection pool size: 1
2026-10-05 10:17:59 | WARNING | urllib3.connectionpool | Connection pool is full, discarding connection: localhost. Connection pool size: 1
2026-10-05 10:18:00 | WARNING | urllib3.connectionpool | Connection pool is full, discarding connection: localhost. Connection pool size: 1
2026-10-05 10:18:00 | WARNING | urllib3.connectionpool | Connection pool is full, discarding connection: localhost. Connection pool size: 1
2026-10-05 10:18:00 | WARNING | urllib3.connectionpool | Connection pool is full, discarding connection: localhost. Connection pool size: 1
2026-10-05 10:18:00 | WARNING | urllib3.connectionpool | Connection pool is full, discarding connection: localhost. Connection pool size: 1
2026-10-05 10:18:00 | WARNING | app.api.v1.endpoints.health | record_count failed for gold: 
2026-10-05 10:18:00 | WARNING | urllib3.connectionpool | Connection pool is full, discarding connection: localhost. Connection pool size: 1
2026-10-05 10:18:00 | WARNING | urllib3.connectionpool | Connection pool is full, discarding connection: localhost. Connection pool size: 1
2026-10-05 10:18:00 | WARNING | urllib3.connectionpool | Connection pool is full, discarding connection: localhost. Connection pool size: 1
2026-10-05 10:18:00 | WARNING | urllib3.connectionpool | Connection pool is full, discarding connection: localhost. Connection pool size: 1
2026-10-05 10:18:00 | WARNING | urllib3.connectionpool | Connection pool is full, discarding connection: localhost. Connection pool size: 1
2026-10-05 10:18:00 | WARNING | urllib3.connectionpool | Connection pool is full, discarding connection: localhost. Connection pool size: 1
2026-10-05 10:18:00 | WARNING | urllib3.connectionpool | Connection pool is full, discarding connection: localhost. Connection pool size: 1
2026-10-05 10:18:01 | WARNING | urllib3.connectionpool | Connection pool is full, discarding connection: localhost. Connection pool size: 1
2026-10-05 10:18:01 | WARNING | urllib3.connectionpool | Connection pool is full, discarding connection: localhost. Connection pool size: 1
2026-10-05 10:18:01 | WARNING | urllib3.connectionpool | Connection pool is full, discarding connection: localhost. Connection pool size: 1
2026-10-05 10:18:01 | WARNING | urllib3.connectionpool | Connection pool is full, discarding connection: localhost. Connection pool size: 1
2026-10-05 10:18:01 | WARNING | urllib3.connectionpool | Connection pool is full, discarding connection: localhost. Connection pool size: 1
2026-10-05 10:18:01 | WARNING | urllib3.connectionpool | Connection pool is full, discarding connection: localhost. Connection pool size: 1
2026-10-05 10:18:01 | WARNING | urllib3.connectionpool | Connection pool is full, discarding connection: localhost. Connection pool size: 1
2026-10-05 10:18:01 | WARNING | urllib3.connectionpool | Connection pool is full, discarding connection: localhost. Connection pool size: 1
2026-10-05 10:18:01 | WARNING | urllib3.connectionpool | Connection pool is full, discarding connection: localhost. Connection pool size: 1
2026-10-05 10:18:02 | WARNING | urllib3.connectionpool | Connection pool is full, discarding connection: localhost. Connection pool size: 1
2026-10-05 10:18:02 | WARNING | urllib3.connectionpool | Connection pool is full, discarding connection: localhost. Connection pool size: 1
2026-10-05 10:18:02 | INFO | app.data_sources.yahoo_http_provider | [yahoo_http] returned 1 rows for CC (2026-10-02 -> 2026-10-02)
2026-10-05 10:18:02 | WARNING | urllib3.connectionpool | Connection pool is full, discarding connection: localhost. Connection pool size: 1
2026-10-05 10:18:02 | INFO | app.data_sources.multi_source | [yahoo_http] returned 1 rows for CC (1d)
2026-10-05 10:18:02 | WARNING | urllib3.connectionpool | Connection pool is full, discarding connection: localhost. Connection pool size: 1
2026-10-05 10:18:02 | INFO | app.lakehouse.bronze | Bronze append complete: received=1 duplicates=1 paths=1
2026-10-05 10:18:02 | WARNING | urllib3.connectionpool | Connection pool is full, discarding connection: localhost. Connection pool size: 1
2026-10-05 10:18:02 | WARNING | urllib3.connectionpool | Connection pool is full, discarding connection: localhost. Connection pool size: 1
2026-10-05 10:18:02 | WARNING | urllib3.connectionpool | Connection pool is full, discarding connection: localhost. Connection pool size: 1
2026-10-05 10:18:02 | WARNING | urllib3.connectionpool | Connection pool is full, discarding connection: localhost. Connection pool size: 1
2026-10-05 10:18:03 | WARNING | urllib3.connectionpool | Connection pool is full, discarding connection: localhost. Connection pool size: 1
2026-10-05 10:18:03 | WARNING | urllib3.connectionpool | Connection pool is full, discarding connection: localhost. Connection pool size: 1
2026-10-05 10:18:03 | WARNING | urllib3.connectionpool | Connection pool is full, discarding connection: localhost. Connection pool size: 0
2026-10-05 10:18:03 | INFO | app.data_sources.yahoo_http_provider | [yahoo_http] returned 1 rows for CCEP (2026-10-02 -> 2026-10-02)
2026-10-05 10:18:03 | INFO | app.data_sources.multi_source | [yahoo_http] returned 1 rows for CCEP (1d)
2026-10-05 10:18:03 | INFO | app.lakehouse.bronze | Bronze append complete: received=1 duplicates=1 paths=1
2026-10-05 10:18:03 | WARNING | urllib3.connectionpool | Connection pool is full, discarding connection: localhost. Connection pool size: 1
2026-10-05 10:18:03 | WARNING | urllib3.connectionpool | Connection pool is full, discarding connection: localhost. Connection pool size: 1
2026-10-05 10:18:03 | WARNING | urllib3.connectionpool | Connection pool is full, discarding connection: localhost. Connection pool size: 1
2026-10-05 10:18:03 | WARNING | urllib3.connectionpool | Connection pool is full, discarding connection: localhost. Connection pool size: 1
2026-10-05 10:18:03 | WARNING | urllib3.connectionpool | Connection pool is full, discarding connection: localhost. Connection pool size: 1
2026-10-05 10:18:04 | WARNING | urllib3.connectionpool | Connection pool is full, discarding connection: localhost. Connection pool size: 1
2026-10-05 10:18:04 | WARNING | urllib3.connectionpool | Connection pool is full, discarding connection: localhost. Connection pool size: 1
2026-10-05 10:18:04 | WARNING | urllib3.connectionpool | Connection pool is full, discarding connection: localhost. Connection pool size: 1
2026-10-05 10:18:04 | WARNING | urllib3.connectionpool | Connection pool is full, discarding connection: localhost. Connection pool size: 1
2026-10-05 10:18:04 | WARNING | urllib3.connectionpool | Connection pool is full, discarding connection: localhost. Connection pool size: 1
2026-10-05 10:18:04 | INFO | app.data_sources.yahoo_http_provider | [yahoo_http] returned 1 rows for CCI (2026-10-02 -> 2026-10-02)
2026-10-05 10:18:04 | INFO | app.data_sources.multi_source | [yahoo_http] returned 1 rows for CCI (1d)
2026-10-05 10:18:04 | WARNING | urllib3.connectionpool | Connection pool is full, discarding connection: localhost. Connection pool size: 1
2026-10-05 10:18:04 | WARNING | urllib3.connectionpool | Connection pool is full, discarding connection: localhost. Connection pool size: 1
2026-10-05 10:18:04 | INFO | app.lakehouse.bronze | Bronze append complete: received=1 duplicates=1 paths=1
2026-10-05 10:18:04 | WARNING | urllib3.connectionpool | Connection pool is full, discarding connection: localhost. Connection pool size: 0
2026-10-05 10:18:04 | WARNING | urllib3.connectionpool | Connection pool is full, discarding connection: localhost. Connection pool size: 1
2026-10-05 10:18:05 | WARNING | urllib3.connectionpool | Connection pool is full, discarding connection: localhost. Connection pool size: 1
2026-10-05 10:18:05 | WARNING | urllib3.connectionpool | Connection pool is full, discarding connection: localhost. Connection pool size: 1
2026-10-05 10:18:05 | WARNING | urllib3.connectionpool | Connection pool is full, discarding connection: localhost. Connection pool size: 0
2026-10-05 10:18:05 | WARNING | urllib3.connectionpool | Connection pool is full, discarding connection: localhost. Connection pool size: 1
2026-10-05 10:18:05 | WARNING | urllib3.connectionpool | Connection pool is full, discarding connection: localhost. Connection pool size: 1
2026-10-05 10:18:05 | INFO | app.data_sources.yahoo_http_provider | [yahoo_http] returned 1 rows for CCJ (2026-10-02 -> 2026-10-02)
2026-10-05 10:18:05 | INFO | app.data_sources.multi_source | [yahoo_http] returned 1 rows for CCJ (1d)
2026-10-05 10:18:05 | WARNING | urllib3.connectionpool | Connection pool is full, discarding connection: localhost. Connection pool size: 1
2026-10-05 10:18:05 | INFO | app.lakehouse.bronze | Bronze append complete: received=1 duplicates=1 paths=1
2026-10-05 10:18:05 | WARNING | urllib3.connectionpool | Connection pool is full, discarding connection: localhost. Connection pool size: 1
2026-10-05 10:18:06 | WARNING | app.data_sources.multi_source | [yahoo_http] failed for CCRN: Yahoo HTTP request failed for CCRN: 404 Client Error: Not Found for url: https://query1.finance.yahoo.com/v8/finance/chart/CCRN?period1=1784739600&period2=1791144883&interval=1d&includeAdjustedClose=true&events=history
2026-10-05 10:18:06 | ERROR | yfinance | $CCRN: No data found, symbol may be delisted
2026-10-05 10:18:06 | WARNING | app.data_sources.multi_source | [yfinance] failed for CCRN: No data returned by yfinance for CCRN (1d)
2026-10-05 10:18:07 | WARNING | app.data_sources.multi_source | [finnhub] failed for CCRN: Finnhub authentication failed. Check FINNHUB_API_KEY in .env.
2026-10-05 10:18:08 | WARNING | app.data_sources.multi_source | [alpha_vantage] errored for CCRN: can't compare offset-naive and offset-aware datetimes
2026-10-05 10:18:08 | WARNING | app.data_sources.multi_source | [web_scraper] failed for CCRN: Yahoo Finance request failed: 404 Client Error: Not Found for url: https://query1.finance.yahoo.com/v8/finance/chart/CCRN?period1=1784739600&period2=1791144883&interval=1d&events=history
2026-10-05 10:18:08 | WARNING | app.services.auto_refresh | AutoRefresh: provider fetch failed for CCRN: All providers failed for CCRN (1d): {'yahoo_http': 'Yahoo HTTP request failed for CCRN: 404 Client Error: Not Found for url: https://query1.finance.yahoo.com/v8/finance/chart/CCRN?period1=1784739600&period2=1791144883&interval=1d&includeAdjustedClose=true&events=history', 'yfinance': 'No data returned by yfinance for CCRN (1d)', 'finnhub': 'Finnhub authentication failed. Check FINNHUB_API_KEY in .env.', 'alpha_vantage': "TypeError: can't compare offset-naive and offset-aware datetimes", 'web_scraper': 'Yahoo Finance request failed: 404 Client Error: Not Found for url: https://query1.finance.yahoo.com/v8/finance/chart/CCRN?period1=1784739600&period2=1791144883&interval=1d&events=history'}
2026-10-05 10:18:08 | INFO | app.data_sources.yahoo_http_provider | [yahoo_http] returned 1 rows for CDE (2026-10-02 -> 2026-10-02)
2026-10-05 10:18:08 | INFO | app.data_sources.multi_source | [yahoo_http] returned 1 rows for CDE (1d)
2026-10-05 10:18:08 | INFO | app.lakehouse.bronze | Bronze append complete: received=1 duplicates=1 paths=1
2026-10-05 10:18:09 | INFO | app.data_sources.yahoo_http_provider | [yahoo_http] returned 1 rows for CDNS (2026-10-02 -> 2026-10-02)
2026-10-05 10:18:09 | INFO | app.data_sources.multi_source | [yahoo_http] returned 1 rows for CDNS (1d)
2026-10-05 10:18:09 | INFO | app.lakehouse.bronze | Bronze append complete: received=1 duplicates=1 paths=1
2026-10-05 10:18:10 | INFO | app.data_sources.yahoo_http_provider | [yahoo_http] returned 1 rows for CELH (2026-10-02 -> 2026-10-02)
2026-10-05 10:18:10 | INFO | app.data_sources.multi_source | [yahoo_http] returned 1 rows for CELH (1d)
2026-10-05 10:18:10 | INFO | app.lakehouse.bronze | Bronze append complete: received=1 duplicates=1 paths=1
2026-10-05 10:18:11 | INFO | app.data_sources.yahoo_http_provider | [yahoo_http] returned 1 rows for CF (2026-10-02 -> 2026-10-02)
2026-10-05 10:18:11 | INFO | app.data_sources.multi_source | [yahoo_http] returned 1 rows for CF (1d)
2026-10-05 10:18:11 | INFO | app.lakehouse.bronze | Bronze append complete: received=1 duplicates=1 paths=1
2026-10-05 10:18:12 | INFO | app.data_sources.yahoo_http_provider | [yahoo_http] returned 1 rows for CFG (2026-10-02 -> 2026-10-02)
2026-10-05 10:18:12 | INFO | app.data_sources.multi_source | [yahoo_http] returned 1 rows for CFG (1d)
2026-10-05 10:18:12 | INFO | app.lakehouse.bronze | Bronze append complete: received=1 duplicates=1 paths=1
2026-10-05 10:18:12 | INFO | app.services.auto_refresh | AutoRefresh progress: 120/621 symbols processed
2026-10-05 10:18:12 | INFO | app.data_sources.yahoo_http_provider | [yahoo_http] returned 1 rows for CHD (2026-10-02 -> 2026-10-02)
2026-10-05 10:18:12 | INFO | app.data_sources.multi_source | [yahoo_http] returned 1 rows for CHD (1d)
2026-10-05 10:18:13 | INFO | app.lakehouse.bronze | Bronze append complete: received=1 duplicates=1 paths=1
2026-10-05 10:18:13 | INFO | app.data_sources.yahoo_http_provider | [yahoo_http] returned 1 rows for CHE (2026-10-02 -> 2026-10-02)
2026-10-05 10:18:13 | INFO | app.data_sources.multi_source | [yahoo_http] returned 1 rows for CHE (1d)
2026-10-05 10:18:13 | INFO | app.lakehouse.bronze | Bronze append complete: received=1 duplicates=1 paths=1
2026-10-05 10:18:13 | WARNING | app.data_sources.multi_source | [yahoo_http] failed for CHK: Yahoo HTTP request failed for CHK: 404 Client Error: Not Found for url: https://query1.finance.yahoo.com/v8/finance/chart/CHK?period1=1728061200&period2=1791144883&interval=1d&includeAdjustedClose=true&events=history
2026-10-05 10:18:14 | ERROR | yfinance | $CHK: No data found, symbol may be delisted
2026-10-05 10:18:14 | WARNING | app.data_sources.multi_source | [yfinance] failed for CHK: No data returned by yfinance for CHK (1d)
2026-10-05 10:18:14 | WARNING | app.data_sources.multi_source | [finnhub] failed for CHK: Finnhub authentication failed. Check FINNHUB_API_KEY in .env.
2026-10-05 10:18:15 | WARNING | app.data_sources.multi_source | [alpha_vantage] errored for CHK: can't compare offset-naive and offset-aware datetimes
2026-10-05 10:18:16 | WARNING | app.data_sources.multi_source | [web_scraper] failed for CHK: Yahoo Finance request failed: 404 Client Error: Not Found for url: https://query1.finance.yahoo.com/v8/finance/chart/CHK?period1=1728061200&period2=1791144883&interval=1d&events=history
2026-10-05 10:18:16 | WARNING | app.services.auto_refresh | AutoRefresh: provider fetch failed for CHK: All providers failed for CHK (1d): {'yahoo_http': 'Yahoo HTTP request failed for CHK: 404 Client Error: Not Found for url: https://query1.finance.yahoo.com/v8/finance/chart/CHK?period1=1728061200&period2=1791144883&interval=1d&includeAdjustedClose=true&events=history', 'yfinance': 'No data returned by yfinance for CHK (1d)', 'finnhub': 'Finnhub authentication failed. Check FINNHUB_API_KEY in .env.', 'alpha_vantage': "TypeError: can't compare offset-naive and offset-aware datetimes", 'web_scraper': 'Yahoo Finance request failed: 404 Client Error: Not Found for url: https://query1.finance.yahoo.com/v8/finance/chart/CHK?period1=1728061200&period2=1791144883&interval=1d&events=history'}
2026-10-05 10:18:16 | WARNING | urllib3.connectionpool | Connection pool is full, discarding connection: localhost. Connection pool size: 1
2026-10-05 10:18:16 | WARNING | urllib3.connectionpool | Connection pool is full, discarding connection: localhost. Connection pool size: 1
2026-10-05 10:18:16 | WARNING | urllib3.connectionpool | Connection pool is full, discarding connection: localhost. Connection pool size: 1
2026-10-05 10:18:16 | WARNING | urllib3.connectionpool | Connection pool is full, discarding connection: localhost. Connection pool size: 1
2026-10-05 10:18:16 | WARNING | urllib3.connectionpool | Connection pool is full, discarding connection: localhost. Connection pool size: 1
2026-10-05 10:18:16 | WARNING | urllib3.connectionpool | Connection pool is full, discarding connection: localhost. Connection pool size: 0
2026-10-05 10:18:16 | WARNING | urllib3.connectionpool | Connection pool is full, discarding connection: localhost. Connection pool size: 1
2026-10-05 10:18:16 | WARNING | urllib3.connectionpool | Connection pool is full, discarding connection: localhost. Connection pool size: 1
2026-10-05 10:18:17 | WARNING | urllib3.connectionpool | Connection pool is full, discarding connection: localhost. Connection pool size: 0
2026-10-05 10:18:17 | WARNING | urllib3.connectionpool | Connection pool is full, discarding connection: localhost. Connection pool size: 1
2026-10-05 10:18:17 | WARNING | urllib3.connectionpool | Connection pool is full, discarding connection: localhost. Connection pool size: 1
2026-10-05 10:18:17 | WARNING | urllib3.connectionpool | Connection pool is full, discarding connection: localhost. Connection pool size: 1
2026-10-05 10:18:17 | WARNING | urllib3.connectionpool | Connection pool is full, discarding connection: localhost. Connection pool size: 0
2026-10-05 10:18:17 | WARNING | urllib3.connectionpool | Connection pool is full, discarding connection: localhost. Connection pool size: 1
2026-10-05 10:18:17 | WARNING | urllib3.connectionpool | Connection pool is full, discarding connection: localhost. Connection pool size: 1
2026-10-05 10:18:17 | WARNING | urllib3.connectionpool | Connection pool is full, discarding connection: localhost. Connection pool size: 1
2026-10-05 10:18:18 | WARNING | urllib3.connectionpool | Connection pool is full, discarding connection: localhost. Connection pool size: 1
2026-10-05 10:18:18 | WARNING | urllib3.connectionpool | Connection pool is full, discarding connection: localhost. Connection pool size: 1
2026-10-05 10:18:18 | WARNING | urllib3.connectionpool | Connection pool is full, discarding connection: localhost. Connection pool size: 1
2026-10-05 10:18:18 | WARNING | urllib3.connectionpool | Connection pool is full, discarding connection: localhost. Connection pool size: 0
2026-10-05 10:18:18 | WARNING | urllib3.connectionpool | Connection pool is full, discarding connection: localhost. Connection pool size: 0
2026-10-05 10:18:18 | WARNING | urllib3.connectionpool | Connection pool is full, discarding connection: localhost. Connection pool size: 1
2026-10-05 10:18:18 | WARNING | urllib3.connectionpool | Connection pool is full, discarding connection: localhost. Connection pool size: 1
2026-10-05 10:18:18 | WARNING | urllib3.connectionpool | Connection pool is full, discarding connection: localhost. Connection pool size: 0
2026-10-05 10:18:19 | WARNING | urllib3.connectionpool | Connection pool is full, discarding connection: localhost. Connection pool size: 1
2026-10-05 10:18:19 | INFO | app.data_sources.yahoo_http_provider | [yahoo_http] returned 1 rows for CHRW (2026-10-02 -> 2026-10-02)
2026-10-05 10:18:19 | INFO | app.data_sources.multi_source | [yahoo_http] returned 1 rows for CHRW (1d)
2026-10-05 10:18:19 | INFO | app.lakehouse.bronze | Bronze append complete: received=1 duplicates=1 paths=1
2026-10-05 10:18:19 | INFO | app.data_sources.yahoo_http_provider | [yahoo_http] returned 1 rows for CHTR (2026-10-02 -> 2026-10-02)
2026-10-05 10:18:19 | INFO | app.data_sources.multi_source | [yahoo_http] returned 1 rows for CHTR (1d)
2026-10-05 10:18:20 | INFO | app.lakehouse.bronze | Bronze append complete: received=1 duplicates=1 paths=1
2026-10-05 10:18:20 | INFO | app.data_sources.yahoo_http_provider | [yahoo_http] returned 1 rows for CINF (2026-10-02 -> 2026-10-02)
2026-10-05 10:18:20 | INFO | app.data_sources.multi_source | [yahoo_http] returned 1 rows for CINF (1d)
2026-10-05 10:18:20 | INFO | app.lakehouse.bronze | Bronze append complete: received=1 duplicates=1 paths=1
2026-10-05 10:18:21 | INFO | app.data_sources.yahoo_http_provider | [yahoo_http] returned 1 rows for CL (2026-10-02 -> 2026-10-02)
2026-10-05 10:18:21 | INFO | app.data_sources.multi_source | [yahoo_http] returned 1 rows for CL (1d)
2026-10-05 10:18:21 | INFO | app.lakehouse.bronze | Bronze append complete: received=1 duplicates=1 paths=1
2026-10-05 10:18:22 | INFO | app.data_sources.yahoo_http_provider | [yahoo_http] returned 1 rows for CLH (2026-10-02 -> 2026-10-02)
2026-10-05 10:18:22 | INFO | app.data_sources.multi_source | [yahoo_http] returned 1 rows for CLH (1d)
2026-10-05 10:18:22 | INFO | app.lakehouse.bronze | Bronze append complete: received=1 duplicates=1 paths=1
2026-10-05 10:18:22 | WARNING | app.data_sources.multi_source | [yahoo_http] failed for CMA: Yahoo HTTP request failed for CMA: 404 Client Error: Not Found for url: https://query1.finance.yahoo.com/v8/finance/chart/CMA?period1=1769792400&period2=1791144883&interval=1d&includeAdjustedClose=true&events=history
2026-10-05 10:18:23 | ERROR | yfinance | $CMA: No data found, symbol may be delisted
2026-10-05 10:18:23 | WARNING | app.data_sources.multi_source | [yfinance] failed for CMA: No data returned by yfinance for CMA (1d)
2026-10-05 10:18:23 | WARNING | app.data_sources.multi_source | [finnhub] failed for CMA: Finnhub authentication failed. Check FINNHUB_API_KEY in .env.
2026-10-05 10:18:24 | WARNING | app.data_sources.multi_source | [alpha_vantage] errored for CMA: can't compare offset-naive and offset-aware datetimes
2026-10-05 10:18:24 | WARNING | app.data_sources.multi_source | [web_scraper] failed for CMA: Yahoo Finance request failed: 404 Client Error: Not Found for url: https://query1.finance.yahoo.com/v8/finance/chart/CMA?period1=1769792400&period2=1791144883&interval=1d&events=history
2026-10-05 10:18:24 | WARNING | app.services.auto_refresh | AutoRefresh: provider fetch failed for CMA: All providers failed for CMA (1d): {'yahoo_http': 'Yahoo HTTP request failed for CMA: 404 Client Error: Not Found for url: https://query1.finance.yahoo.com/v8/finance/chart/CMA?period1=1769792400&period2=1791144883&interval=1d&includeAdjustedClose=true&events=history', 'yfinance': 'No data returned by yfinance for CMA (1d)', 'finnhub': 'Finnhub authentication failed. Check FINNHUB_API_KEY in .env.', 'alpha_vantage': "TypeError: can't compare offset-naive and offset-aware datetimes", 'web_scraper': 'Yahoo Finance request failed: 404 Client Error: Not Found for url: https://query1.finance.yahoo.com/v8/finance/chart/CMA?period1=1769792400&period2=1791144883&interval=1d&events=history'}
2026-10-05 10:18:25 | INFO | app.data_sources.yahoo_http_provider | [yahoo_http] returned 1 rows for CMCSA (2026-10-02 -> 2026-10-02)
2026-10-05 10:18:25 | INFO | app.data_sources.multi_source | [yahoo_http] returned 1 rows for CMCSA (1d)
2026-10-05 10:18:25 | INFO | app.lakehouse.bronze | Bronze append complete: received=1 duplicates=1 paths=1
2026-10-05 10:18:25 | INFO | app.data_sources.yahoo_http_provider | [yahoo_http] returned 1 rows for CME (2026-10-02 -> 2026-10-02)
2026-10-05 10:18:25 | INFO | app.data_sources.multi_source | [yahoo_http] returned 1 rows for CME (1d)
2026-10-05 10:18:25 | INFO | app.lakehouse.bronze | Bronze append complete: received=1 duplicates=1 paths=1
2026-10-05 10:18:26 | WARNING | app.data_sources.multi_source | [yahoo_http] failed for CMG: Yahoo returned no timestamps for CMG
2026-10-05 10:18:28 | WARNING | app.data_sources.multi_source | [yfinance] failed for CMG: No data returned by yfinance for CMG (1d)
2026-10-05 10:18:28 | WARNING | app.data_sources.multi_source | [finnhub] failed for CMG: Finnhub authentication failed. Check FINNHUB_API_KEY in .env.
2026-10-05 10:18:29 | WARNING | app.data_sources.multi_source | [alpha_vantage] errored for CMG: can't compare offset-naive and offset-aware datetimes
2026-10-05 10:18:29 | WARNING | app.data_sources.multi_source | [web_scraper] errored for CMG: 'timestamp'
2026-10-05 10:18:29 | WARNING | app.services.auto_refresh | AutoRefresh: provider fetch failed for CMG: All providers failed for CMG (1d): {'yahoo_http': 'Yahoo returned no timestamps for CMG', 'yfinance': 'No data returned by yfinance for CMG (1d)', 'finnhub': 'Finnhub authentication failed. Check FINNHUB_API_KEY in .env.', 'alpha_vantage': "TypeError: can't compare offset-naive and offset-aware datetimes", 'web_scraper': "KeyError: 'timestamp'"}
2026-10-05 10:18:30 | INFO | app.data_sources.yahoo_http_provider | [yahoo_http] returned 1 rows for CMI (2026-10-02 -> 2026-10-02)
2026-10-05 10:18:30 | INFO | app.data_sources.multi_source | [yahoo_http] returned 1 rows for CMI (1d)
2026-10-05 10:18:30 | INFO | app.lakehouse.bronze | Bronze append complete: received=1 duplicates=1 paths=1
2026-10-05 10:18:31 | INFO | app.data_sources.yahoo_http_provider | [yahoo_http] returned 1 rows for CMS (2026-10-02 -> 2026-10-02)
2026-10-05 10:18:31 | INFO | app.data_sources.multi_source | [yahoo_http] returned 1 rows for CMS (1d)
2026-10-05 10:18:31 | INFO | app.lakehouse.bronze | Bronze append complete: received=1 duplicates=1 paths=1
2026-10-05 10:18:32 | INFO | app.data_sources.yahoo_http_provider | [yahoo_http] returned 1 rows for CNP (2026-10-02 -> 2026-10-02)
2026-10-05 10:18:32 | INFO | app.data_sources.multi_source | [yahoo_http] returned 1 rows for CNP (1d)
2026-10-05 10:18:32 | INFO | app.lakehouse.bronze | Bronze append complete: received=1 duplicates=1 paths=1
2026-10-05 10:18:33 | INFO | app.data_sources.yahoo_http_provider | [yahoo_http] returned 1 rows for CNX (2026-10-02 -> 2026-10-02)
2026-10-05 10:18:33 | INFO | app.data_sources.multi_source | [yahoo_http] returned 1 rows for CNX (1d)
2026-10-05 10:18:33 | INFO | app.lakehouse.bronze | Bronze append complete: received=1 duplicates=1 paths=1
2026-10-05 10:18:33 | INFO | app.data_sources.yahoo_http_provider | [yahoo_http] returned 1 rows for COF (2026-10-02 -> 2026-10-02)
2026-10-05 10:18:33 | INFO | app.data_sources.multi_source | [yahoo_http] returned 1 rows for COF (1d)
2026-10-05 10:18:33 | INFO | app.lakehouse.bronze | Bronze append complete: received=1 duplicates=1 paths=1
2026-10-05 10:18:34 | INFO | app.data_sources.yahoo_http_provider | [yahoo_http] returned 1 rows for COP (2026-10-02 -> 2026-10-02)
2026-10-05 10:18:34 | INFO | app.data_sources.multi_source | [yahoo_http] returned 1 rows for COP (1d)
2026-10-05 10:18:34 | INFO | app.lakehouse.bronze | Bronze append complete: received=1 duplicates=1 paths=1
2026-10-05 10:18:35 | INFO | app.data_sources.yahoo_http_provider | [yahoo_http] returned 1 rows for COR (2026-10-02 -> 2026-10-02)
2026-10-05 10:18:35 | INFO | app.data_sources.multi_source | [yahoo_http] returned 1 rows for COR (1d)
2026-10-05 10:18:35 | INFO | app.lakehouse.bronze | Bronze append complete: received=1 duplicates=1 paths=1
2026-10-05 10:18:35 | INFO | app.data_sources.yahoo_http_provider | [yahoo_http] returned 1 rows for COST (2026-10-02 -> 2026-10-02)
2026-10-05 10:18:35 | INFO | app.data_sources.multi_source | [yahoo_http] returned 1 rows for COST (1d)
2026-10-05 10:18:35 | INFO | app.lakehouse.bronze | Bronze append complete: received=1 duplicates=1 paths=1
2026-10-05 10:18:35 | INFO | app.services.auto_refresh | AutoRefresh progress: 140/621 symbols processed
2026-10-05 10:18:36 | INFO | app.data_sources.yahoo_http_provider | [yahoo_http] returned 1 rows for CPB (2026-10-02 -> 2026-10-02)
2026-10-05 10:18:36 | INFO | app.data_sources.multi_source | [yahoo_http] returned 1 rows for CPB (1d)
2026-10-05 10:18:36 | INFO | app.lakehouse.bronze | Bronze append complete: received=1 duplicates=1 paths=1
2026-10-05 10:18:37 | INFO | app.data_sources.yahoo_http_provider | [yahoo_http] returned 1 rows for CPRI (2026-10-02 -> 2026-10-02)
2026-10-05 10:18:37 | INFO | app.data_sources.multi_source | [yahoo_http] returned 1 rows for CPRI (1d)
2026-10-05 10:18:37 | INFO | app.lakehouse.bronze | Bronze append complete: received=1 duplicates=1 paths=1
2026-10-05 10:18:37 | WARNING | app.data_sources.multi_source | [yahoo_http] failed for CPRX: Yahoo HTTP request failed for CPRX: 404 Client Error: Not Found for url: https://query1.finance.yahoo.com/v8/finance/chart/CPRX?period1=1784221200&period2=1791144883&interval=1d&includeAdjustedClose=true&events=history
2026-10-05 10:18:38 | ERROR | yfinance | $CPRX: No data found, symbol may be delisted
2026-10-05 10:18:38 | WARNING | app.data_sources.multi_source | [yfinance] failed for CPRX: No data returned by yfinance for CPRX (1d)
2026-10-05 10:18:38 | WARNING | app.data_sources.multi_source | [finnhub] failed for CPRX: Finnhub authentication failed. Check FINNHUB_API_KEY in .env.
2026-10-05 10:18:39 | WARNING | app.data_sources.multi_source | [alpha_vantage] errored for CPRX: can't compare offset-naive and offset-aware datetimes
2026-10-05 10:18:39 | WARNING | app.data_sources.multi_source | [web_scraper] failed for CPRX: Yahoo Finance request failed: 404 Client Error: Not Found for url: https://query1.finance.yahoo.com/v8/finance/chart/CPRX?period1=1784221200&period2=1791144883&interval=1d&events=history
2026-10-05 10:18:39 | WARNING | app.services.auto_refresh | AutoRefresh: provider fetch failed for CPRX: All providers failed for CPRX (1d): {'yahoo_http': 'Yahoo HTTP request failed for CPRX: 404 Client Error: Not Found for url: https://query1.finance.yahoo.com/v8/finance/chart/CPRX?period1=1784221200&period2=1791144883&interval=1d&includeAdjustedClose=true&events=history', 'yfinance': 'No data returned by yfinance for CPRX (1d)', 'finnhub': 'Finnhub authentication failed. Check FINNHUB_API_KEY in .env.', 'alpha_vantage': "TypeError: can't compare offset-naive and offset-aware datetimes", 'web_scraper': 'Yahoo Finance request failed: 404 Client Error: Not Found for url: https://query1.finance.yahoo.com/v8/finance/chart/CPRX?period1=1784221200&period2=1791144883&interval=1d&events=history'}
2026-10-05 10:18:39 | INFO | app.data_sources.yahoo_http_provider | [yahoo_http] returned 1 rows for CPT (2026-10-02 -> 2026-10-02)
2026-10-05 10:18:39 | INFO | app.data_sources.multi_source | [yahoo_http] returned 1 rows for CPT (1d)
2026-10-05 10:18:40 | INFO | app.lakehouse.bronze | Bronze append complete: received=1 duplicates=1 paths=1
2026-10-05 10:18:40 | INFO | app.data_sources.yahoo_http_provider | [yahoo_http] returned 1 rows for CRM (2026-10-02 -> 2026-10-02)
2026-10-05 10:18:40 | INFO | app.data_sources.multi_source | [yahoo_http] returned 1 rows for CRM (1d)
2026-10-05 10:18:40 | INFO | app.lakehouse.bronze | Bronze append complete: received=1 duplicates=1 paths=1
2026-10-05 10:18:41 | INFO | app.data_sources.yahoo_http_provider | [yahoo_http] returned 1 rows for CRSP (2026-10-02 -> 2026-10-02)
2026-10-05 10:18:41 | INFO | app.data_sources.multi_source | [yahoo_http] returned 1 rows for CRSP (1d)
2026-10-05 10:18:41 | INFO | app.lakehouse.bronze | Bronze append complete: received=1 duplicates=1 paths=1
2026-10-05 10:18:41 | INFO | app.data_sources.yahoo_http_provider | [yahoo_http] returned 1 rows for CRWD (2026-10-02 -> 2026-10-02)
2026-10-05 10:18:41 | INFO | app.data_sources.multi_source | [yahoo_http] returned 1 rows for CRWD (1d)
2026-10-05 10:18:41 | INFO | app.lakehouse.bronze | Bronze append complete: received=1 duplicates=1 paths=1
2026-10-05 10:18:42 | INFO | app.data_sources.yahoo_http_provider | [yahoo_http] returned 1 rows for CSCO (2026-10-02 -> 2026-10-02)
2026-10-05 10:18:42 | INFO | app.data_sources.multi_source | [yahoo_http] returned 1 rows for CSCO (1d)
2026-10-05 10:18:42 | INFO | app.lakehouse.bronze | Bronze append complete: received=1 duplicates=1 paths=1
2026-10-05 10:18:43 | INFO | app.data_sources.yahoo_http_provider | [yahoo_http] returned 1 rows for CSX (2026-10-02 -> 2026-10-02)
2026-10-05 10:18:43 | INFO | app.data_sources.multi_source | [yahoo_http] returned 1 rows for CSX (1d)
2026-10-05 10:18:43 | INFO | app.lakehouse.bronze | Bronze append complete: received=1 duplicates=1 paths=1
2026-10-05 10:18:43 | INFO | app.data_sources.yahoo_http_provider | [yahoo_http] returned 1 rows for CTO (2026-10-02 -> 2026-10-02)
2026-10-05 10:18:43 | INFO | app.data_sources.multi_source | [yahoo_http] returned 1 rows for CTO (1d)
2026-10-05 10:18:43 | INFO | app.lakehouse.bronze | Bronze append complete: received=1 duplicates=1 paths=1
2026-10-05 10:18:43 | WARNING | app.data_sources.multi_source | [yahoo_http] failed for CTRA: Yahoo HTTP request failed for CTRA: 404 Client Error: Not Found for url: https://query1.finance.yahoo.com/v8/finance/chart/CTRA?period1=1778086800&period2=1791144883&interval=1d&includeAdjustedClose=true&events=history
2026-10-05 10:18:44 | ERROR | yfinance | $CTRA: No data found, symbol may be delisted
2026-10-05 10:18:44 | WARNING | app.data_sources.multi_source | [yfinance] failed for CTRA: No data returned by yfinance for CTRA (1d)
2026-10-05 10:18:44 | WARNING | app.data_sources.multi_source | [finnhub] failed for CTRA: Finnhub authentication failed. Check FINNHUB_API_KEY in .env.
2026-10-05 10:18:45 | WARNING | app.data_sources.multi_source | [alpha_vantage] errored for CTRA: can't compare offset-naive and offset-aware datetimes
2026-10-05 10:18:45 | WARNING | app.data_sources.multi_source | [web_scraper] failed for CTRA: Yahoo Finance request failed: 404 Client Error: Not Found for url: https://query1.finance.yahoo.com/v8/finance/chart/CTRA?period1=1778086800&period2=1791144883&interval=1d&events=history
2026-10-05 10:18:45 | WARNING | app.services.auto_refresh | AutoRefresh: provider fetch failed for CTRA: All providers failed for CTRA (1d): {'yahoo_http': 'Yahoo HTTP request failed for CTRA: 404 Client Error: Not Found for url: https://query1.finance.yahoo.com/v8/finance/chart/CTRA?period1=1778086800&period2=1791144883&interval=1d&includeAdjustedClose=true&events=history', 'yfinance': 'No data returned by yfinance for CTRA (1d)', 'finnhub': 'Finnhub authentication failed. Check FINNHUB_API_KEY in .env.', 'alpha_vantage': "TypeError: can't compare offset-naive and offset-aware datetimes", 'web_scraper': 'Yahoo Finance request failed: 404 Client Error: Not Found for url: https://query1.finance.yahoo.com/v8/finance/chart/CTRA?period1=1778086800&period2=1791144883&interval=1d&events=history'}
2026-10-05 10:18:46 | INFO | app.data_sources.yahoo_http_provider | [yahoo_http] returned 1 rows for CUZ (2026-10-02 -> 2026-10-02)
2026-10-05 10:18:46 | INFO | app.data_sources.multi_source | [yahoo_http] returned 1 rows for CUZ (1d)
2026-10-05 10:18:46 | INFO | app.lakehouse.bronze | Bronze append complete: received=1 duplicates=1 paths=1
2026-10-05 10:18:47 | INFO | app.data_sources.yahoo_http_provider | [yahoo_http] returned 1 rows for CVX (2026-10-02 -> 2026-10-02)
2026-10-05 10:18:47 | INFO | app.data_sources.multi_source | [yahoo_http] returned 1 rows for CVX (1d)
2026-10-05 10:18:47 | INFO | app.lakehouse.bronze | Bronze append complete: received=1 duplicates=1 paths=1
2026-10-05 10:18:47 | INFO | app.data_sources.yahoo_http_provider | [yahoo_http] returned 1 rows for CWT (2026-10-02 -> 2026-10-02)
2026-10-05 10:18:47 | INFO | app.data_sources.multi_source | [yahoo_http] returned 1 rows for CWT (1d)
2026-10-05 10:18:48 | INFO | app.lakehouse.bronze | Bronze append complete: received=1 duplicates=1 paths=1
2026-10-05 10:19:02 | INFO | app.data_sources.yahoo_http_provider | [yahoo_http] returned 1 rows for D (2026-10-02 -> 2026-10-02)
2026-10-05 10:19:02 | INFO | app.data_sources.multi_source | [yahoo_http] returned 1 rows for D (1d)
2026-10-05 10:19:02 | INFO | app.lakehouse.bronze | Bronze append complete: received=1 duplicates=1 paths=1
2026-10-05 10:19:03 | INFO | app.data_sources.yahoo_http_provider | [yahoo_http] returned 1 rows for DAL (2026-10-02 -> 2026-10-02)
2026-10-05 10:19:03 | INFO | app.data_sources.multi_source | [yahoo_http] returned 1 rows for DAL (1d)
2026-10-05 10:19:03 | INFO | app.lakehouse.bronze | Bronze append complete: received=1 duplicates=1 paths=1
2026-10-05 10:19:03 | INFO | app.data_sources.yahoo_http_provider | [yahoo_http] returned 1 rows for DASH (2026-10-02 -> 2026-10-02)
2026-10-05 10:19:03 | INFO | app.data_sources.multi_source | [yahoo_http] returned 1 rows for DASH (1d)
2026-10-05 10:19:03 | INFO | app.lakehouse.bronze | Bronze append complete: received=1 duplicates=1 paths=1
2026-10-05 10:19:03 | WARNING | app.data_sources.multi_source | [yahoo_http] failed for DAWN: Yahoo HTTP request failed for DAWN: 404 Client Error: Not Found for url: https://query1.finance.yahoo.com/v8/finance/chart/DAWN?period1=1776963600&period2=1791144883&interval=1d&includeAdjustedClose=true&events=history
2026-10-05 10:19:04 | ERROR | yfinance | $DAWN: No data found, symbol may be delisted
2026-10-05 10:19:04 | WARNING | app.data_sources.multi_source | [yfinance] failed for DAWN: No data returned by yfinance for DAWN (1d)
2026-10-05 10:19:04 | WARNING | app.data_sources.multi_source | [finnhub] failed for DAWN: Finnhub authentication failed. Check FINNHUB_API_KEY in .env.
2026-10-05 10:19:05 | WARNING | app.data_sources.multi_source | [alpha_vantage] errored for DAWN: can't compare offset-naive and offset-aware datetimes
2026-10-05 10:19:05 | WARNING | app.data_sources.multi_source | [web_scraper] failed for DAWN: Yahoo Finance request failed: 404 Client Error: Not Found for url: https://query1.finance.yahoo.com/v8/finance/chart/DAWN?period1=1776963600&period2=1791144883&interval=1d&events=history
2026-10-05 10:19:05 | WARNING | app.services.auto_refresh | AutoRefresh: provider fetch failed for DAWN: All providers failed for DAWN (1d): {'yahoo_http': 'Yahoo HTTP request failed for DAWN: 404 Client Error: Not Found for url: https://query1.finance.yahoo.com/v8/finance/chart/DAWN?period1=1776963600&period2=1791144883&interval=1d&includeAdjustedClose=true&events=history', 'yfinance': 'No data returned by yfinance for DAWN (1d)', 'finnhub': 'Finnhub authentication failed. Check FINNHUB_API_KEY in .env.', 'alpha_vantage': "TypeError: can't compare offset-naive and offset-aware datetimes", 'web_scraper': 'Yahoo Finance request failed: 404 Client Error: Not Found for url: https://query1.finance.yahoo.com/v8/finance/chart/DAWN?period1=1776963600&period2=1791144883&interval=1d&events=history'}
2026-10-05 10:19:07 | INFO | app.data_sources.yahoo_http_provider | [yahoo_http] returned 1 rows for DD (2026-10-02 -> 2026-10-02)
2026-10-05 10:19:07 | INFO | app.data_sources.multi_source | [yahoo_http] returned 1 rows for DD (1d)
2026-10-05 10:19:07 | INFO | app.lakehouse.bronze | Bronze append complete: received=1 duplicates=1 paths=1
2026-10-05 10:19:08 | INFO | app.data_sources.yahoo_http_provider | [yahoo_http] returned 1 rows for DDOG (2026-10-02 -> 2026-10-02)
2026-10-05 10:19:08 | INFO | app.data_sources.multi_source | [yahoo_http] returned 1 rows for DDOG (1d)
2026-10-05 10:19:08 | INFO | app.lakehouse.bronze | Bronze append complete: received=1 duplicates=1 paths=1
2026-10-05 10:19:08 | INFO | app.services.auto_refresh | AutoRefresh progress: 160/621 symbols processed
2026-10-05 10:19:10 | INFO | app.data_sources.yahoo_http_provider | [yahoo_http] returned 1 rows for DE (2026-10-02 -> 2026-10-02)
2026-10-05 10:19:10 | INFO | app.data_sources.multi_source | [yahoo_http] returned 1 rows for DE (1d)
2026-10-05 10:19:10 | INFO | app.lakehouse.bronze | Bronze append complete: received=1 duplicates=1 paths=1
2026-10-05 10:19:10 | INFO | app.data_sources.yahoo_http_provider | [yahoo_http] returned 1 rows for DEI (2026-10-02 -> 2026-10-02)
2026-10-05 10:19:10 | INFO | app.data_sources.multi_source | [yahoo_http] returned 1 rows for DEI (1d)
2026-10-05 10:19:11 | INFO | app.lakehouse.bronze | Bronze append complete: received=1 duplicates=1 paths=1
2026-10-05 10:19:11 | INFO | app.data_sources.yahoo_http_provider | [yahoo_http] returned 1 rows for DELL (2026-10-02 -> 2026-10-02)
2026-10-05 10:19:11 | INFO | app.data_sources.multi_source | [yahoo_http] returned 1 rows for DELL (1d)
2026-10-05 10:19:11 | INFO | app.lakehouse.bronze | Bronze append complete: received=1 duplicates=1 paths=1
2026-10-05 10:19:11 | WARNING | app.data_sources.multi_source | [yahoo_http] failed for DENN: Yahoo HTTP request failed for DENN: 404 Client Error: Not Found for url: https://query1.finance.yahoo.com/v8/finance/chart/DENN?period1=1790960400&period2=1791144883&interval=1d&includeAdjustedClose=true&events=history
2026-10-05 10:19:12 | ERROR | yfinance | $DENN: No data found, symbol may be delisted
2026-10-05 10:19:12 | WARNING | app.data_sources.multi_source | [yfinance] failed for DENN: No data returned by yfinance for DENN (1d)
2026-10-05 10:19:12 | WARNING | app.data_sources.multi_source | [finnhub] failed for DENN: Finnhub authentication failed. Check FINNHUB_API_KEY in .env.
2026-10-05 10:19:13 | WARNING | app.data_sources.multi_source | [alpha_vantage] errored for DENN: can't compare offset-naive and offset-aware datetimes
2026-10-05 10:19:13 | WARNING | app.data_sources.multi_source | [web_scraper] failed for DENN: Yahoo Finance request failed: 404 Client Error: Not Found for url: https://query1.finance.yahoo.com/v8/finance/chart/DENN?period1=1790960400&period2=1791144883&interval=1d&events=history
2026-10-05 10:19:13 | WARNING | app.services.auto_refresh | AutoRefresh: provider fetch failed for DENN: All providers failed for DENN (1d): {'yahoo_http': 'Yahoo HTTP request failed for DENN: 404 Client Error: Not Found for url: https://query1.finance.yahoo.com/v8/finance/chart/DENN?period1=1790960400&period2=1791144883&interval=1d&includeAdjustedClose=true&events=history', 'yfinance': 'No data returned by yfinance for DENN (1d)', 'finnhub': 'Finnhub authentication failed. Check FINNHUB_API_KEY in .env.', 'alpha_vantage': "TypeError: can't compare offset-naive and offset-aware datetimes", 'web_scraper': 'Yahoo Finance request failed: 404 Client Error: Not Found for url: https://query1.finance.yahoo.com/v8/finance/chart/DENN?period1=1790960400&period2=1791144883&interval=1d&events=history'}
2026-10-05 10:19:15 | INFO | app.data_sources.yahoo_http_provider | [yahoo_http] returned 1 rows for DG (2026-10-02 -> 2026-10-02)
2026-10-05 10:19:15 | INFO | app.data_sources.multi_source | [yahoo_http] returned 1 rows for DG (1d)
2026-10-05 10:19:15 | INFO | app.lakehouse.bronze | Bronze append complete: received=1 duplicates=1 paths=1
2026-10-05 10:19:15 | INFO | app.data_sources.yahoo_http_provider | [yahoo_http] returned 1 rows for DGX (2026-10-02 -> 2026-10-02)
2026-10-05 10:19:15 | INFO | app.data_sources.multi_source | [yahoo_http] returned 1 rows for DGX (1d)
2026-10-05 10:19:16 | INFO | app.lakehouse.bronze | Bronze append complete: received=1 duplicates=1 paths=1
2026-10-05 10:19:16 | INFO | app.data_sources.yahoo_http_provider | [yahoo_http] returned 1 rows for DHR (2026-10-02 -> 2026-10-02)
2026-10-05 10:19:16 | INFO | app.data_sources.multi_source | [yahoo_http] returned 1 rows for DHR (1d)
2026-10-05 10:19:16 | INFO | app.lakehouse.bronze | Bronze append complete: received=1 duplicates=1 paths=1
2026-10-05 10:19:17 | INFO | app.data_sources.yahoo_http_provider | [yahoo_http] returned 1 rows for DIA (2026-10-02 -> 2026-10-02)
2026-10-05 10:19:17 | INFO | app.data_sources.multi_source | [yahoo_http] returned 1 rows for DIA (1d)
2026-10-05 10:19:17 | INFO | app.lakehouse.bronze | Bronze append complete: received=1 duplicates=1 paths=1
2026-10-05 10:19:18 | INFO | app.data_sources.yahoo_http_provider | [yahoo_http] returned 1 rows for DIN (2026-10-02 -> 2026-10-02)
2026-10-05 10:19:18 | INFO | app.data_sources.multi_source | [yahoo_http] returned 1 rows for DIN (1d)
2026-10-05 10:19:18 | INFO | app.lakehouse.bronze | Bronze append complete: received=1 duplicates=1 paths=1
2026-10-05 10:19:19 | INFO | app.data_sources.yahoo_http_provider | [yahoo_http] returned 1 rows for DIS (2026-10-02 -> 2026-10-02)
2026-10-05 10:19:19 | INFO | app.data_sources.multi_source | [yahoo_http] returned 1 rows for DIS (1d)
2026-10-05 10:19:19 | INFO | app.lakehouse.bronze | Bronze append complete: received=1 duplicates=1 paths=1
2026-10-05 10:19:20 | INFO | app.data_sources.yahoo_http_provider | [yahoo_http] returned 1 rows for DLR (2026-10-02 -> 2026-10-02)
2026-10-05 10:19:20 | INFO | app.data_sources.multi_source | [yahoo_http] returned 1 rows for DLR (1d)
2026-10-05 10:19:20 | INFO | app.lakehouse.bronze | Bronze append complete: received=1 duplicates=1 paths=1
2026-10-05 10:19:21 | INFO | app.data_sources.yahoo_http_provider | [yahoo_http] returned 1 rows for DLTR (2026-10-02 -> 2026-10-02)
2026-10-05 10:19:21 | INFO | app.data_sources.multi_source | [yahoo_http] returned 1 rows for DLTR (1d)
2026-10-05 10:19:21 | INFO | app.lakehouse.bronze | Bronze append complete: received=1 duplicates=1 paths=1
2026-10-05 10:19:22 | INFO | app.data_sources.yahoo_http_provider | [yahoo_http] returned 1 rows for DOC (2026-10-02 -> 2026-10-02)
2026-10-05 10:19:22 | INFO | app.data_sources.multi_source | [yahoo_http] returned 1 rows for DOC (1d)
2026-10-05 10:19:22 | INFO | app.lakehouse.bronze | Bronze append complete: received=1 duplicates=1 paths=1
2026-10-05 10:19:23 | INFO | app.data_sources.yahoo_http_provider | [yahoo_http] returned 1 rows for DOCS (2026-10-02 -> 2026-10-02)
2026-10-05 10:19:23 | INFO | app.data_sources.multi_source | [yahoo_http] returned 1 rows for DOCS (1d)
2026-10-05 10:19:23 | INFO | app.lakehouse.bronze | Bronze append complete: received=1 duplicates=1 paths=1
2026-10-05 10:19:24 | INFO | app.data_sources.yahoo_http_provider | [yahoo_http] returned 1 rows for DOCU (2026-10-02 -> 2026-10-02)
2026-10-05 10:19:24 | INFO | app.data_sources.multi_source | [yahoo_http] returned 1 rows for DOCU (1d)
2026-10-05 10:19:24 | INFO | app.lakehouse.bronze | Bronze append complete: received=1 duplicates=1 paths=1
