INFO:     Started server process [13420]
INFO:     Waiting for application startup.
2026-10-05 10:19:38 | INFO | app.data_sources.factory | Using MultiSourceProvider (failover chain of real APIs).
2026-10-05 10:19:38 | INFO | app.services.auto_refresh | AutoRefreshService started: on_start=True interval=21600s symbols=621 batch_size=20
INFO:     Application startup complete.
2026-10-05 10:19:38 | INFO | app.data_sources.factory | Using YahooHttpProvider (direct v8 chart API, browser UA).
INFO:     Uvicorn running on http://127.0.0.1:8000 (Press CTRL+C to quit)
2026-10-05 10:19:38 | INFO | app.data_sources.factory | Using YFinancePythonProvider (official yfinance package).
2026-10-05 10:19:38 | INFO | app.data_sources.factory | Using FinnhubProvider (Free tier).
2026-10-05 10:19:38 | INFO | app.data_sources.factory | Using AlphaVantageProvider.
2026-10-05 10:19:38 | INFO | app.data_sources.factory | Using StockScraperProvider (HTTP scrape, no key).
2026-10-05 10:19:38 | INFO | app.lakehouse.storage_factory | Using MinIO storage backend.
2026-10-05 10:19:55 | WARNING | urllib3.connectionpool | Connection pool is full, discarding connection: localhost. Connection pool size: 1
2026-10-05 10:20:10 | INFO | app.data_sources.yahoo_http_provider | [yahoo_http] returned 1 rows for A (2026-10-02 -> 2026-10-02)
2026-10-05 10:20:10 | INFO | app.data_sources.multi_source | [yahoo_http] returned 1 rows for A (1d)
2026-10-05 10:20:10 | INFO | app.lakehouse.bronze | Bronze append complete: received=1 duplicates=1 paths=1
2026-10-05 10:20:11 | INFO | app.data_sources.yahoo_http_provider | [yahoo_http] returned 1 rows for AAL (2026-10-02 -> 2026-10-02)
2026-10-05 10:20:11 | INFO | app.data_sources.multi_source | [yahoo_http] returned 1 rows for AAL (1d)
2026-10-05 10:20:11 | INFO | app.lakehouse.bronze | Bronze append complete: received=1 duplicates=1 paths=1
2026-10-05 10:20:12 | INFO | app.data_sources.yahoo_http_provider | [yahoo_http] returned 1 rows for AAPL (2026-10-02 -> 2026-10-02)
2026-10-05 10:20:12 | INFO | app.data_sources.multi_source | [yahoo_http] returned 1 rows for AAPL (1d)
2026-10-05 10:20:12 | INFO | app.lakehouse.bronze | Bronze append complete: received=1 duplicates=1 paths=1
2026-10-05 10:20:12 | INFO | app.data_sources.yahoo_http_provider | [yahoo_http] returned 1 rows for ABBV (2026-10-02 -> 2026-10-02)
2026-10-05 10:20:12 | INFO | app.data_sources.multi_source | [yahoo_http] returned 1 rows for ABBV (1d)
2026-10-05 10:20:13 | INFO | app.lakehouse.bronze | Bronze append complete: received=1 duplicates=1 paths=1
2026-10-05 10:20:13 | INFO | app.data_sources.yahoo_http_provider | [yahoo_http] returned 1 rows for ABNB (2026-10-02 -> 2026-10-02)
2026-10-05 10:20:13 | INFO | app.data_sources.multi_source | [yahoo_http] returned 1 rows for ABNB (1d)
2026-10-05 10:20:13 | INFO | app.lakehouse.bronze | Bronze append complete: received=1 duplicates=1 paths=1
2026-10-05 10:20:14 | INFO | app.data_sources.yahoo_http_provider | [yahoo_http] returned 1 rows for ABT (2026-10-02 -> 2026-10-02)
2026-10-05 10:20:14 | INFO | app.data_sources.multi_source | [yahoo_http] returned 1 rows for ABT (1d)
2026-10-05 10:20:14 | INFO | app.lakehouse.bronze | Bronze append complete: received=1 duplicates=1 paths=1
2026-10-05 10:20:14 | INFO | app.data_sources.yahoo_http_provider | [yahoo_http] returned 1 rows for ACAD (2026-10-02 -> 2026-10-02)
2026-10-05 10:20:14 | INFO | app.data_sources.multi_source | [yahoo_http] returned 1 rows for ACAD (1d)
2026-10-05 10:20:15 | INFO | app.lakehouse.bronze | Bronze append complete: received=1 duplicates=1 paths=1
2026-10-05 10:20:15 | INFO | app.data_sources.yahoo_http_provider | [yahoo_http] returned 1 rows for ACHC (2026-10-02 -> 2026-10-02)
2026-10-05 10:20:15 | INFO | app.data_sources.multi_source | [yahoo_http] returned 1 rows for ACHC (1d)
2026-10-05 10:20:15 | INFO | app.lakehouse.bronze | Bronze append complete: received=1 duplicates=1 paths=1
2026-10-05 10:20:16 | INFO | app.data_sources.yahoo_http_provider | [yahoo_http] returned 1 rows for ACI (2026-10-02 -> 2026-10-02)
2026-10-05 10:20:16 | INFO | app.data_sources.multi_source | [yahoo_http] returned 1 rows for ACI (1d)
2026-10-05 10:20:16 | INFO | app.lakehouse.bronze | Bronze append complete: received=1 duplicates=1 paths=1
2026-10-05 10:20:16 | INFO | app.data_sources.yahoo_http_provider | [yahoo_http] returned 1 rows for ACLS (2026-10-02 -> 2026-10-02)
2026-10-05 10:20:16 | INFO | app.data_sources.multi_source | [yahoo_http] returned 1 rows for ACLS (1d)
2026-10-05 10:20:17 | INFO | app.lakehouse.bronze | Bronze append complete: received=1 duplicates=1 paths=1
2026-10-05 10:20:17 | INFO | app.data_sources.yahoo_http_provider | [yahoo_http] returned 1 rows for ADBE (2026-10-02 -> 2026-10-02)
2026-10-05 10:20:17 | INFO | app.data_sources.multi_source | [yahoo_http] returned 1 rows for ADBE (1d)
2026-10-05 10:20:17 | INFO | app.lakehouse.bronze | Bronze append complete: received=1 duplicates=1 paths=1
2026-10-05 10:20:18 | INFO | app.data_sources.yahoo_http_provider | [yahoo_http] returned 1 rows for ADI (2026-10-02 -> 2026-10-02)
2026-10-05 10:20:18 | INFO | app.data_sources.multi_source | [yahoo_http] returned 1 rows for ADI (1d)
2026-10-05 10:20:18 | INFO | app.lakehouse.bronze | Bronze append complete: received=1 duplicates=1 paths=1
2026-10-05 10:20:19 | INFO | app.data_sources.yahoo_http_provider | [yahoo_http] returned 1 rows for ADM (2026-10-02 -> 2026-10-02)
2026-10-05 10:20:19 | INFO | app.data_sources.multi_source | [yahoo_http] returned 1 rows for ADM (1d)
2026-10-05 10:20:19 | INFO | app.lakehouse.bronze | Bronze append complete: received=1 duplicates=1 paths=1
2026-10-05 10:20:19 | INFO | app.data_sources.yahoo_http_provider | [yahoo_http] returned 1 rows for ADP (2026-10-02 -> 2026-10-02)
2026-10-05 10:20:19 | INFO | app.data_sources.multi_source | [yahoo_http] returned 1 rows for ADP (1d)
2026-10-05 10:20:19 | INFO | app.lakehouse.bronze | Bronze append complete: received=1 duplicates=1 paths=1
2026-10-05 10:20:20 | INFO | app.data_sources.yahoo_http_provider | [yahoo_http] returned 1 rows for AEE (2026-10-02 -> 2026-10-02)
2026-10-05 10:20:20 | INFO | app.data_sources.multi_source | [yahoo_http] returned 1 rows for AEE (1d)
2026-10-05 10:20:20 | INFO | app.lakehouse.bronze | Bronze append complete: received=1 duplicates=1 paths=1
2026-10-05 10:20:21 | INFO | app.data_sources.yahoo_http_provider | [yahoo_http] returned 1 rows for AEHR (2026-10-02 -> 2026-10-02)
2026-10-05 10:20:21 | INFO | app.data_sources.multi_source | [yahoo_http] returned 1 rows for AEHR (1d)
2026-10-05 10:20:21 | INFO | app.lakehouse.bronze | Bronze append complete: received=1 duplicates=1 paths=1
2026-10-05 10:20:21 | INFO | app.data_sources.yahoo_http_provider | [yahoo_http] returned 1 rows for AEM (2026-10-02 -> 2026-10-02)
2026-10-05 10:20:21 | INFO | app.data_sources.multi_source | [yahoo_http] returned 1 rows for AEM (1d)
2026-10-05 10:20:21 | INFO | app.lakehouse.bronze | Bronze append complete: received=1 duplicates=1 paths=1
2026-10-05 10:20:22 | INFO | app.data_sources.yahoo_http_provider | [yahoo_http] returned 1 rows for AEO (2026-10-02 -> 2026-10-02)
2026-10-05 10:20:22 | INFO | app.data_sources.multi_source | [yahoo_http] returned 1 rows for AEO (1d)
2026-10-05 10:20:22 | INFO | app.lakehouse.bronze | Bronze append complete: received=1 duplicates=1 paths=1
2026-10-05 10:20:23 | INFO | app.data_sources.yahoo_http_provider | [yahoo_http] returned 1 rows for AEP (2026-10-02 -> 2026-10-02)
2026-10-05 10:20:23 | INFO | app.data_sources.multi_source | [yahoo_http] returned 1 rows for AEP (1d)
2026-10-05 10:20:23 | INFO | app.lakehouse.bronze | Bronze append complete: received=1 duplicates=1 paths=1
2026-10-05 10:20:24 | INFO | app.data_sources.yahoo_http_provider | [yahoo_http] returned 1 rows for AES (2026-10-02 -> 2026-10-02)
2026-10-05 10:20:24 | INFO | app.data_sources.multi_source | [yahoo_http] returned 1 rows for AES (1d)
2026-10-05 10:20:24 | INFO | app.lakehouse.bronze | Bronze append complete: received=1 duplicates=1 paths=1
2026-10-05 10:20:24 | INFO | app.services.auto_refresh | AutoRefresh progress: 20/621 symbols processed
2026-10-05 10:20:24 | INFO | app.data_sources.yahoo_http_provider | [yahoo_http] returned 1 rows for AFL (2026-10-02 -> 2026-10-02)
2026-10-05 10:20:24 | INFO | app.data_sources.multi_source | [yahoo_http] returned 1 rows for AFL (1d)
2026-10-05 10:20:24 | INFO | app.lakehouse.bronze | Bronze append complete: received=1 duplicates=1 paths=1
2026-10-05 10:20:25 | INFO | app.data_sources.yahoo_http_provider | [yahoo_http] returned 1 rows for AG (2026-10-02 -> 2026-10-02)
2026-10-05 10:20:25 | INFO | app.data_sources.multi_source | [yahoo_http] returned 1 rows for AG (1d)
2026-10-05 10:20:26 | INFO | app.lakehouse.bronze | Bronze append complete: received=1 duplicates=1 paths=1
2026-10-05 10:20:26 | INFO | app.data_sources.yahoo_http_provider | [yahoo_http] returned 1 rows for AGG (2026-10-02 -> 2026-10-02)
2026-10-05 10:20:26 | INFO | app.data_sources.multi_source | [yahoo_http] returned 1 rows for AGG (1d)
2026-10-05 10:20:26 | INFO | app.lakehouse.bronze | Bronze append complete: received=1 duplicates=1 paths=1
2026-10-05 10:20:27 | INFO | app.data_sources.yahoo_http_provider | [yahoo_http] returned 1 rows for AJG (2026-10-02 -> 2026-10-02)
2026-10-05 10:20:27 | INFO | app.data_sources.multi_source | [yahoo_http] returned 1 rows for AJG (1d)
2026-10-05 10:20:27 | INFO | app.lakehouse.bronze | Bronze append complete: received=1 duplicates=1 paths=1
2026-10-05 10:20:27 | WARNING | app.data_sources.multi_source | [yahoo_http] failed for AKRO: Yahoo HTTP request failed for AKRO: 404 Client Error: Not Found for url: https://query1.finance.yahoo.com/v8/finance/chart/AKRO?period1=1765299600&period2=1791145178&interval=1d&includeAdjustedClose=true&events=history
2026-10-05 10:20:29 | ERROR | yfinance | HTTP Error 404: {"quoteSummary":{"result":null,"error":{"code":"Not Found","description":"Quote not found for symbol: AKRO"}}}
2026-10-05 10:20:29 | ERROR | yfinance | $AKRO: No data found, symbol may be delisted
2026-10-05 10:20:29 | WARNING | app.data_sources.multi_source | [yfinance] failed for AKRO: No data returned by yfinance for AKRO (1d)
2026-10-05 10:20:30 | WARNING | app.data_sources.multi_source | [finnhub] failed for AKRO: Finnhub authentication failed. Check FINNHUB_API_KEY in .env.
2026-10-05 10:20:31 | WARNING | app.data_sources.multi_source | [alpha_vantage] errored for AKRO: can't compare offset-naive and offset-aware datetimes
2026-10-05 10:20:31 | WARNING | app.data_sources.multi_source | [web_scraper] failed for AKRO: Yahoo Finance request failed: 404 Client Error: Not Found for url: https://query1.finance.yahoo.com/v8/finance/chart/AKRO?period1=1765299600&period2=1791145178&interval=1d&events=history
2026-10-05 10:20:31 | WARNING | app.services.auto_refresh | AutoRefresh: provider fetch failed for AKRO: All providers failed for AKRO (1d): {'yahoo_http': 'Yahoo HTTP request failed for AKRO: 404 Client Error: Not Found for url: https://query1.finance.yahoo.com/v8/finance/chart/AKRO?period1=1765299600&period2=1791145178&interval=1d&includeAdjustedClose=true&events=history', 'yfinance': 'No data returned by yfinance for AKRO (1d)', 'finnhub': 'Finnhub authentication failed. Check FINNHUB_API_KEY in .env.', 'alpha_vantage': "TypeError: can't compare offset-naive and offset-aware datetimes", 'web_scraper': 'Yahoo Finance request failed: 404 Client Error: Not Found for url: https://query1.finance.yahoo.com/v8/finance/chart/AKRO?period1=1765299600&period2=1791145178&interval=1d&events=history'}
2026-10-05 10:20:32 | INFO | app.data_sources.yahoo_http_provider | [yahoo_http] returned 1 rows for ALB (2026-10-02 -> 2026-10-02)
2026-10-05 10:20:32 | INFO | app.data_sources.multi_source | [yahoo_http] returned 1 rows for ALB (1d)
2026-10-05 10:20:32 | INFO | app.lakehouse.bronze | Bronze append complete: received=1 duplicates=1 paths=1
2026-10-05 10:20:32 | INFO | app.data_sources.yahoo_http_provider | [yahoo_http] returned 1 rows for ALK (2026-10-02 -> 2026-10-02)
2026-10-05 10:20:32 | INFO | app.data_sources.multi_source | [yahoo_http] returned 1 rows for ALK (1d)
2026-10-05 10:20:33 | INFO | app.lakehouse.bronze | Bronze append complete: received=1 duplicates=1 paths=1
2026-10-05 10:20:34 | INFO | app.data_sources.yahoo_http_provider | [yahoo_http] returned 1 rows for ALL (2026-10-02 -> 2026-10-02)
2026-10-05 10:20:34 | INFO | app.data_sources.multi_source | [yahoo_http] returned 1 rows for ALL (1d)
2026-10-05 10:20:34 | INFO | app.lakehouse.bronze | Bronze append complete: received=1 duplicates=1 paths=1
2026-10-05 10:20:35 | INFO | app.data_sources.yahoo_http_provider | [yahoo_http] returned 1 rows for ALLE (2026-10-02 -> 2026-10-02)
2026-10-05 10:20:35 | INFO | app.data_sources.multi_source | [yahoo_http] returned 1 rows for ALLE (1d)
2026-10-05 10:20:35 | INFO | app.lakehouse.bronze | Bronze append complete: received=1 duplicates=1 paths=1
2026-10-05 10:20:35 | INFO | app.data_sources.yahoo_http_provider | [yahoo_http] returned 1 rows for ALLY (2026-10-02 -> 2026-10-02)
2026-10-05 10:20:35 | INFO | app.data_sources.multi_source | [yahoo_http] returned 1 rows for ALLY (1d)
2026-10-05 10:20:36 | INFO | app.lakehouse.bronze | Bronze append complete: received=1 duplicates=1 paths=1
2026-10-05 10:20:36 | WARNING | app.data_sources.multi_source | [yahoo_http] failed for ALTM: Yahoo HTTP request failed for ALTM: 404 Client Error: Not Found for url: https://query1.finance.yahoo.com/v8/finance/chart/ALTM?period1=1741194000&period2=1791145178&interval=1d&includeAdjustedClose=true&events=history
2026-10-05 10:20:37 | ERROR | yfinance | $ALTM: No data found, symbol may be delisted
2026-10-05 10:20:37 | WARNING | app.data_sources.multi_source | [yfinance] failed for ALTM: No data returned by yfinance for ALTM (1d)
2026-10-05 10:20:37 | WARNING | app.data_sources.multi_source | [finnhub] failed for ALTM: Finnhub authentication failed. Check FINNHUB_API_KEY in .env.
2026-10-05 10:20:38 | WARNING | app.data_sources.multi_source | [alpha_vantage] errored for ALTM: can't compare offset-naive and offset-aware datetimes
2026-10-05 10:20:38 | WARNING | app.data_sources.multi_source | [web_scraper] failed for ALTM: Yahoo Finance request failed: 404 Client Error: Not Found for url: https://query1.finance.yahoo.com/v8/finance/chart/ALTM?period1=1741194000&period2=1791145178&interval=1d&events=history
2026-10-05 10:20:38 | WARNING | app.services.auto_refresh | AutoRefresh: provider fetch failed for ALTM: All providers failed for ALTM (1d): {'yahoo_http': 'Yahoo HTTP request failed for ALTM: 404 Client Error: Not Found for url: https://query1.finance.yahoo.com/v8/finance/chart/ALTM?period1=1741194000&period2=1791145178&interval=1d&includeAdjustedClose=true&events=history', 'yfinance': 'No data returned by yfinance for ALTM (1d)', 'finnhub': 'Finnhub authentication failed. Check FINNHUB_API_KEY in .env.', 'alpha_vantage': "TypeError: can't compare offset-naive and offset-aware datetimes", 'web_scraper': 'Yahoo Finance request failed: 404 Client Error: Not Found for url: https://query1.finance.yahoo.com/v8/finance/chart/ALTM?period1=1741194000&period2=1791145178&interval=1d&events=history'}
2026-10-05 10:20:38 | WARNING | app.data_sources.multi_source | [yahoo_http] failed for ALXN: Yahoo HTTP request failed for ALXN: 404 Client Error: Not Found for url: https://query1.finance.yahoo.com/v8/finance/chart/ALXN?period1=1627491600&period2=1791145178&interval=1d&includeAdjustedClose=true&events=history
2026-10-05 10:20:38 | ERROR | yfinance | $ALXN: possibly delisted; no timezone found
2026-10-05 10:20:38 | WARNING | app.data_sources.multi_source | [yfinance] failed for ALXN: No data returned by yfinance for ALXN (1d)
2026-10-05 10:20:39 | WARNING | app.data_sources.multi_source | [finnhub] failed for ALXN: Finnhub authentication failed. Check FINNHUB_API_KEY in .env.
2026-10-05 10:20:40 | WARNING | app.data_sources.multi_source | [alpha_vantage] errored for ALXN: can't compare offset-naive and offset-aware datetimes
2026-10-05 10:20:40 | WARNING | app.data_sources.multi_source | [web_scraper] failed for ALXN: Yahoo Finance request failed: 404 Client Error: Not Found for url: https://query1.finance.yahoo.com/v8/finance/chart/ALXN?period1=1627491600&period2=1791145178&interval=1d&events=history
2026-10-05 10:20:40 | WARNING | app.services.auto_refresh | AutoRefresh: provider fetch failed for ALXN: All providers failed for ALXN (1d): {'yahoo_http': 'Yahoo HTTP request failed for ALXN: 404 Client Error: Not Found for url: https://query1.finance.yahoo.com/v8/finance/chart/ALXN?period1=1627491600&period2=1791145178&interval=1d&includeAdjustedClose=true&events=history', 'yfinance': 'No data returned by yfinance for ALXN (1d)', 'finnhub': 'Finnhub authentication failed. Check FINNHUB_API_KEY in .env.', 'alpha_vantage': "TypeError: can't compare offset-naive and offset-aware datetimes", 'web_scraper': 'Yahoo Finance request failed: 404 Client Error: Not Found for url: https://query1.finance.yahoo.com/v8/finance/chart/ALXN?period1=1627491600&period2=1791145178&interval=1d&events=history'}
2026-10-05 10:20:40 | INFO | app.data_sources.yahoo_http_provider | [yahoo_http] returned 1 rows for AMAT (2026-10-02 -> 2026-10-02)
2026-10-05 10:20:40 | INFO | app.data_sources.multi_source | [yahoo_http] returned 1 rows for AMAT (1d)
2026-10-05 10:20:40 | INFO | app.lakehouse.bronze | Bronze append complete: received=1 duplicates=1 paths=1
2026-10-05 10:20:41 | INFO | app.data_sources.yahoo_http_provider | [yahoo_http] returned 1 rows for AMD (2026-10-02 -> 2026-10-02)
2026-10-05 10:20:41 | INFO | app.data_sources.multi_source | [yahoo_http] returned 1 rows for AMD (1d)
2026-10-05 10:20:41 | INFO | app.lakehouse.bronze | Bronze append complete: received=1 duplicates=1 paths=1
2026-10-05 10:20:42 | INFO | app.data_sources.yahoo_http_provider | [yahoo_http] returned 1 rows for AMGN (2026-10-02 -> 2026-10-02)
2026-10-05 10:20:42 | INFO | app.data_sources.multi_source | [yahoo_http] returned 1 rows for AMGN (1d)
2026-10-05 10:20:42 | INFO | app.lakehouse.bronze | Bronze append complete: received=1 duplicates=1 paths=1
2026-10-05 10:20:42 | INFO | app.data_sources.yahoo_http_provider | [yahoo_http] returned 1 rows for AMP (2026-10-02 -> 2026-10-02)
2026-10-05 10:20:42 | INFO | app.data_sources.multi_source | [yahoo_http] returned 1 rows for AMP (1d)
2026-10-05 10:20:43 | INFO | app.lakehouse.bronze | Bronze append complete: received=1 duplicates=1 paths=1
2026-10-05 10:20:43 | INFO | app.data_sources.yahoo_http_provider | [yahoo_http] returned 1 rows for AMT (2026-10-02 -> 2026-10-02)
2026-10-05 10:20:43 | INFO | app.data_sources.multi_source | [yahoo_http] returned 1 rows for AMT (1d)
2026-10-05 10:20:43 | INFO | app.lakehouse.bronze | Bronze append complete: received=1 duplicates=1 paths=1
2026-10-05 10:20:44 | INFO | app.data_sources.yahoo_http_provider | [yahoo_http] returned 1 rows for AMZN (2026-10-02 -> 2026-10-02)
2026-10-05 10:20:44 | INFO | app.data_sources.multi_source | [yahoo_http] returned 1 rows for AMZN (1d)
2026-10-05 10:20:44 | INFO | app.lakehouse.bronze | Bronze append complete: received=1 duplicates=1 paths=1
2026-10-05 10:20:46 | INFO | app.data_sources.yahoo_http_provider | [yahoo_http] returned 1 rows for AN (2026-10-02 -> 2026-10-02)
2026-10-05 10:20:46 | INFO | app.data_sources.multi_source | [yahoo_http] returned 1 rows for AN (1d)
2026-10-05 10:20:46 | INFO | app.lakehouse.bronze | Bronze append complete: received=1 duplicates=1 paths=1
2026-10-05 10:20:47 | INFO | app.data_sources.yahoo_http_provider | [yahoo_http] returned 1 rows for ANET (2026-10-02 -> 2026-10-02)
2026-10-05 10:20:47 | INFO | app.data_sources.multi_source | [yahoo_http] returned 1 rows for ANET (1d)
2026-10-05 10:20:47 | INFO | app.lakehouse.bronze | Bronze append complete: received=1 duplicates=1 paths=1
2026-10-05 10:20:47 | INFO | app.services.auto_refresh | AutoRefresh progress: 40/621 symbols processed
2026-10-05 10:20:47 | INFO | app.data_sources.yahoo_http_provider | [yahoo_http] returned 1 rows for ANF (2026-10-02 -> 2026-10-02)
2026-10-05 10:20:47 | INFO | app.data_sources.multi_source | [yahoo_http] returned 1 rows for ANF (1d)
2026-10-05 10:20:48 | INFO | app.lakehouse.bronze | Bronze append complete: received=1 duplicates=1 paths=1
2026-10-05 10:20:48 | INFO | app.data_sources.yahoo_http_provider | [yahoo_http] returned 1 rows for AON (2026-10-02 -> 2026-10-02)
2026-10-05 10:20:48 | INFO | app.data_sources.multi_source | [yahoo_http] returned 1 rows for AON (1d)
2026-10-05 10:20:48 | INFO | app.lakehouse.bronze | Bronze append complete: received=1 duplicates=1 paths=1
2026-10-05 10:20:49 | INFO | app.data_sources.yahoo_http_provider | [yahoo_http] returned 1 rows for AOS (2026-10-02 -> 2026-10-02)
2026-10-05 10:20:49 | INFO | app.data_sources.multi_source | [yahoo_http] returned 1 rows for AOS (1d)
2026-10-05 10:20:49 | INFO | app.lakehouse.bronze | Bronze append complete: received=1 duplicates=1 paths=1
2026-10-05 10:20:50 | INFO | app.data_sources.yahoo_http_provider | [yahoo_http] returned 1 rows for APA (2026-10-02 -> 2026-10-02)
2026-10-05 10:20:50 | INFO | app.data_sources.multi_source | [yahoo_http] returned 1 rows for APA (1d)
2026-10-05 10:20:50 | INFO | app.lakehouse.bronze | Bronze append complete: received=1 duplicates=1 paths=1
2026-10-05 10:20:51 | INFO | app.data_sources.yahoo_http_provider | [yahoo_http] returned 1 rows for APD (2026-10-02 -> 2026-10-02)
2026-10-05 10:20:51 | INFO | app.data_sources.multi_source | [yahoo_http] returned 1 rows for APD (1d)
2026-10-05 10:20:51 | INFO | app.lakehouse.bronze | Bronze append complete: received=1 duplicates=1 paths=1
2026-10-05 10:20:54 | INFO | app.data_sources.yahoo_http_provider | [yahoo_http] returned 1 rows for AR (2026-10-02 -> 2026-10-02)
2026-10-05 10:20:54 | INFO | app.data_sources.multi_source | [yahoo_http] returned 1 rows for AR (1d)
2026-10-05 10:20:54 | INFO | app.lakehouse.bronze | Bronze append complete: received=1 duplicates=1 paths=1
2026-10-05 10:20:55 | INFO | app.data_sources.yahoo_http_provider | [yahoo_http] returned 1 rows for ARCB (2026-10-02 -> 2026-10-02)
2026-10-05 10:20:55 | INFO | app.data_sources.multi_source | [yahoo_http] returned 1 rows for ARCB (1d)
2026-10-05 10:20:55 | INFO | app.lakehouse.bronze | Bronze append complete: received=1 duplicates=1 paths=1
2026-10-05 10:20:56 | INFO | app.data_sources.yahoo_http_provider | [yahoo_http] returned 1 rows for ARE (2026-10-02 -> 2026-10-02)
2026-10-05 10:20:56 | INFO | app.data_sources.multi_source | [yahoo_http] returned 1 rows for ARE (1d)
2026-10-05 10:20:56 | INFO | app.lakehouse.bronze | Bronze append complete: received=1 duplicates=1 paths=1
2026-10-05 10:20:56 | INFO | app.data_sources.yahoo_http_provider | [yahoo_http] returned 1 rows for ARKF (2026-10-02 -> 2026-10-02)
2026-10-05 10:20:56 | INFO | app.data_sources.multi_source | [yahoo_http] returned 1 rows for ARKF (1d)
2026-10-05 10:20:57 | INFO | app.lakehouse.bronze | Bronze append complete: received=1 duplicates=1 paths=1
2026-10-05 10:20:57 | INFO | app.data_sources.yahoo_http_provider | [yahoo_http] returned 1 rows for ARKK (2026-10-02 -> 2026-10-02)
2026-10-05 10:20:57 | INFO | app.data_sources.multi_source | [yahoo_http] returned 1 rows for ARKK (1d)
2026-10-05 10:20:57 | INFO | app.lakehouse.bronze | Bronze append complete: received=1 duplicates=1 paths=1
2026-10-05 10:20:58 | INFO | app.data_sources.yahoo_http_provider | [yahoo_http] returned 1 rows for ARKW (2026-10-02 -> 2026-10-02)
2026-10-05 10:20:58 | INFO | app.data_sources.multi_source | [yahoo_http] returned 1 rows for ARKW (1d)
2026-10-05 10:20:58 | INFO | app.lakehouse.bronze | Bronze append complete: received=1 duplicates=1 paths=1
2026-10-05 10:20:58 | INFO | app.data_sources.yahoo_http_provider | [yahoo_http] returned 1 rows for ARM (2026-10-02 -> 2026-10-02)
2026-10-05 10:20:58 | INFO | app.data_sources.multi_source | [yahoo_http] returned 1 rows for ARM (1d)
2026-10-05 10:20:58 | INFO | app.lakehouse.bronze | Bronze append complete: received=1 duplicates=1 paths=1
2026-10-05 10:20:59 | INFO | app.data_sources.yahoo_http_provider | [yahoo_http] returned 1 rows for ARVN (2026-10-02 -> 2026-10-02)
2026-10-05 10:20:59 | INFO | app.data_sources.multi_source | [yahoo_http] returned 1 rows for ARVN (1d)
2026-10-05 10:20:59 | INFO | app.lakehouse.bronze | Bronze append complete: received=1 duplicates=1 paths=1
2026-10-05 10:20:59 | INFO | app.data_sources.yahoo_http_provider | [yahoo_http] returned 1 rows for ASML (2026-10-02 -> 2026-10-02)
2026-10-05 10:20:59 | INFO | app.data_sources.multi_source | [yahoo_http] returned 1 rows for ASML (1d)
2026-10-05 10:20:59 | INFO | app.lakehouse.bronze | Bronze append complete: received=1 duplicates=1 paths=1
2026-10-05 10:21:00 | INFO | app.data_sources.yahoo_http_provider | [yahoo_http] returned 1 rows for ATO (2026-10-02 -> 2026-10-02)
2026-10-05 10:21:00 | INFO | app.data_sources.multi_source | [yahoo_http] returned 1 rows for ATO (1d)
2026-10-05 10:21:00 | INFO | app.lakehouse.bronze | Bronze append complete: received=1 duplicates=1 paths=1
2026-10-05 10:21:00 | WARNING | app.data_sources.multi_source | [yahoo_http] failed for ATSG: Yahoo HTTP request failed for ATSG: 404 Client Error: Not Found for url: https://query1.finance.yahoo.com/v8/finance/chart/ATSG?period1=1744390800&period2=1791145178&interval=1d&includeAdjustedClose=true&events=history
2026-10-05 10:21:01 | ERROR | yfinance | $ATSG: No data found, symbol may be delisted
2026-10-05 10:21:01 | WARNING | app.data_sources.multi_source | [yfinance] failed for ATSG: No data returned by yfinance for ATSG (1d)
2026-10-05 10:21:01 | WARNING | app.data_sources.multi_source | [finnhub] failed for ATSG: Finnhub authentication failed. Check FINNHUB_API_KEY in .env.
2026-10-05 10:21:02 | WARNING | app.data_sources.multi_source | [alpha_vantage] errored for ATSG: can't compare offset-naive and offset-aware datetimes
2026-10-05 10:21:02 | WARNING | app.data_sources.multi_source | [web_scraper] failed for ATSG: Yahoo Finance request failed: 404 Client Error: Not Found for url: https://query1.finance.yahoo.com/v8/finance/chart/ATSG?period1=1744390800&period2=1791145178&interval=1d&events=history
2026-10-05 10:21:02 | WARNING | app.services.auto_refresh | AutoRefresh: provider fetch failed for ATSG: All providers failed for ATSG (1d): {'yahoo_http': 'Yahoo HTTP request failed for ATSG: 404 Client Error: Not Found for url: https://query1.finance.yahoo.com/v8/finance/chart/ATSG?period1=1744390800&period2=1791145178&interval=1d&includeAdjustedClose=true&events=history', 'yfinance': 'No data returned by yfinance for ATSG (1d)', 'finnhub': 'Finnhub authentication failed. Check FINNHUB_API_KEY in .env.', 'alpha_vantage': "TypeError: can't compare offset-naive and offset-aware datetimes", 'web_scraper': 'Yahoo Finance request failed: 404 Client Error: Not Found for url: https://query1.finance.yahoo.com/v8/finance/chart/ATSG?period1=1744390800&period2=1791145178&interval=1d&events=history'}
2026-10-05 10:21:02 | WARNING | app.data_sources.multi_source | [yahoo_http] failed for ATVI: Yahoo HTTP request failed for ATVI: 404 Client Error: Not Found for url: https://query1.finance.yahoo.com/v8/finance/chart/ATVI?period1=1697216400&period2=1791145178&interval=1d&includeAdjustedClose=true&events=history
2026-10-05 10:21:02 | ERROR | yfinance | $ATVI: No data found, symbol may be delisted
2026-10-05 10:21:02 | WARNING | app.data_sources.multi_source | [yfinance] failed for ATVI: No data returned by yfinance for ATVI (1d)
2026-10-05 10:21:03 | WARNING | app.data_sources.multi_source | [finnhub] failed for ATVI: Finnhub authentication failed. Check FINNHUB_API_KEY in .env.
2026-10-05 10:21:04 | WARNING | app.data_sources.multi_source | [alpha_vantage] errored for ATVI: can't compare offset-naive and offset-aware datetimes
2026-10-05 10:21:04 | WARNING | app.data_sources.multi_source | [web_scraper] failed for ATVI: Yahoo Finance request failed: 404 Client Error: Not Found for url: https://query1.finance.yahoo.com/v8/finance/chart/ATVI?period1=1697216400&period2=1791145178&interval=1d&events=history
2026-10-05 10:21:04 | WARNING | app.services.auto_refresh | AutoRefresh: provider fetch failed for ATVI: All providers failed for ATVI (1d): {'yahoo_http': 'Yahoo HTTP request failed for ATVI: 404 Client Error: Not Found for url: https://query1.finance.yahoo.com/v8/finance/chart/ATVI?period1=1697216400&period2=1791145178&interval=1d&includeAdjustedClose=true&events=history', 'yfinance': 'No data returned by yfinance for ATVI (1d)', 'finnhub': 'Finnhub authentication failed. Check FINNHUB_API_KEY in .env.', 'alpha_vantage': "TypeError: can't compare offset-naive and offset-aware datetimes", 'web_scraper': 'Yahoo Finance request failed: 404 Client Error: Not Found for url: https://query1.finance.yahoo.com/v8/finance/chart/ATVI?period1=1697216400&period2=1791145178&interval=1d&events=history'}
2026-10-05 10:21:04 | INFO | app.data_sources.yahoo_http_provider | [yahoo_http] returned 1 rows for AU (2026-10-02 -> 2026-10-02)
2026-10-05 10:21:04 | INFO | app.data_sources.multi_source | [yahoo_http] returned 1 rows for AU (1d)
2026-10-05 10:21:04 | INFO | app.lakehouse.bronze | Bronze append complete: received=1 duplicates=1 paths=1
2026-10-05 10:21:05 | INFO | app.data_sources.yahoo_http_provider | [yahoo_http] returned 1 rows for AVA (2026-10-02 -> 2026-10-02)
2026-10-05 10:21:05 | INFO | app.data_sources.multi_source | [yahoo_http] returned 1 rows for AVA (1d)
2026-10-05 10:21:05 | INFO | app.lakehouse.bronze | Bronze append complete: received=1 duplicates=1 paths=1
2026-10-05 10:21:05 | INFO | app.data_sources.yahoo_http_provider | [yahoo_http] returned 1 rows for AVB (2026-08-14 -> 2026-08-14)
2026-10-05 10:21:05 | INFO | app.data_sources.multi_source | [yahoo_http] returned 1 rows for AVB (1d)
2026-10-05 10:21:05 | INFO | app.lakehouse.bronze | Bronze append complete: received=1 duplicates=1 paths=1
2026-10-05 10:21:05 | INFO | app.services.auto_refresh | AutoRefresh progress: 60/621 symbols processed
2026-10-05 10:21:06 | INFO | app.data_sources.yahoo_http_provider | [yahoo_http] returned 1 rows for AVGO (2026-10-02 -> 2026-10-02)
2026-10-05 10:21:06 | INFO | app.data_sources.multi_source | [yahoo_http] returned 1 rows for AVGO (1d)
2026-10-05 10:21:06 | INFO | app.lakehouse.bronze | Bronze append complete: received=1 duplicates=1 paths=1
2026-10-05 10:21:06 | WARNING | app.data_sources.multi_source | [yahoo_http] failed for AVTE: Yahoo HTTP request failed for AVTE: 404 Client Error: Not Found for url: https://query1.finance.yahoo.com/v8/finance/chart/AVTE?period1=1790960400&period2=1791145178&interval=1d&includeAdjustedClose=true&events=history
2026-10-05 10:21:07 | ERROR | yfinance | $AVTE: No data found, symbol may be delisted
2026-10-05 10:21:07 | WARNING | app.data_sources.multi_source | [yfinance] failed for AVTE: No data returned by yfinance for AVTE (1d)
2026-10-05 10:21:07 | WARNING | app.data_sources.multi_source | [finnhub] failed for AVTE: Finnhub authentication failed. Check FINNHUB_API_KEY in .env.
2026-10-05 10:21:08 | WARNING | app.data_sources.multi_source | [alpha_vantage] errored for AVTE: can't compare offset-naive and offset-aware datetimes
2026-10-05 10:21:08 | WARNING | app.data_sources.multi_source | [web_scraper] failed for AVTE: Yahoo Finance request failed: 404 Client Error: Not Found for url: https://query1.finance.yahoo.com/v8/finance/chart/AVTE?period1=1790960400&period2=1791145178&interval=1d&events=history
2026-10-05 10:21:08 | WARNING | app.services.auto_refresh | AutoRefresh: provider fetch failed for AVTE: All providers failed for AVTE (1d): {'yahoo_http': 'Yahoo HTTP request failed for AVTE: 404 Client Error: Not Found for url: https://query1.finance.yahoo.com/v8/finance/chart/AVTE?period1=1790960400&period2=1791145178&interval=1d&includeAdjustedClose=true&events=history', 'yfinance': 'No data returned by yfinance for AVTE (1d)', 'finnhub': 'Finnhub authentication failed. Check FINNHUB_API_KEY in .env.', 'alpha_vantage': "TypeError: can't compare offset-naive and offset-aware datetimes", 'web_scraper': 'Yahoo Finance request failed: 404 Client Error: Not Found for url: https://query1.finance.yahoo.com/v8/finance/chart/AVTE?period1=1790960400&period2=1791145178&interval=1d&events=history'}
2026-10-05 10:21:09 | INFO | app.data_sources.yahoo_http_provider | [yahoo_http] returned 1 rows for AWK (2026-10-02 -> 2026-10-02)
2026-10-05 10:21:09 | INFO | app.data_sources.multi_source | [yahoo_http] returned 1 rows for AWK (1d)
2026-10-05 10:21:09 | INFO | app.lakehouse.bronze | Bronze append complete: received=1 duplicates=1 paths=1
2026-10-05 10:21:09 | INFO | app.data_sources.yahoo_http_provider | [yahoo_http] returned 1 rows for AWR (2026-10-02 -> 2026-10-02)
2026-10-05 10:21:09 | INFO | app.data_sources.multi_source | [yahoo_http] returned 1 rows for AWR (1d)
2026-10-05 10:21:10 | INFO | app.lakehouse.bronze | Bronze append complete: received=1 duplicates=1 paths=1
2026-10-05 10:21:10 | INFO | app.data_sources.yahoo_http_provider | [yahoo_http] returned 1 rows for AXP (2026-10-02 -> 2026-10-02)
2026-10-05 10:21:10 | INFO | app.data_sources.multi_source | [yahoo_http] returned 1 rows for AXP (1d)
2026-10-05 10:21:10 | INFO | app.lakehouse.bronze | Bronze append complete: received=1 duplicates=1 paths=1
2026-10-05 10:21:11 | INFO | app.data_sources.yahoo_http_provider | [yahoo_http] returned 1 rows for AYI (2026-10-02 -> 2026-10-02)
2026-10-05 10:21:11 | INFO | app.data_sources.multi_source | [yahoo_http] returned 1 rows for AYI (1d)
2026-10-05 10:21:11 | INFO | app.lakehouse.bronze | Bronze append complete: received=1 duplicates=1 paths=1
2026-10-05 10:21:12 | INFO | app.data_sources.yahoo_http_provider | [yahoo_http] returned 1 rows for AZO (2026-10-02 -> 2026-10-02)
2026-10-05 10:21:12 | INFO | app.data_sources.multi_source | [yahoo_http] returned 1 rows for AZO (1d)
2026-10-05 10:21:12 | INFO | app.lakehouse.bronze | Bronze append complete: received=1 duplicates=1 paths=1
2026-10-05 10:21:13 | INFO | app.data_sources.yahoo_http_provider | [yahoo_http] returned 1 rows for BA (2026-10-02 -> 2026-10-02)
2026-10-05 10:21:13 | INFO | app.data_sources.multi_source | [yahoo_http] returned 1 rows for BA (1d)
2026-10-05 10:21:13 | INFO | app.lakehouse.bronze | Bronze append complete: received=1 duplicates=1 paths=1
2026-10-05 10:21:14 | INFO | app.data_sources.yahoo_http_provider | [yahoo_http] returned 1 rows for BAC (2026-10-02 -> 2026-10-02)
2026-10-05 10:21:14 | INFO | app.data_sources.multi_source | [yahoo_http] returned 1 rows for BAC (1d)
2026-10-05 10:21:14 | INFO | app.lakehouse.bronze | Bronze append complete: received=1 duplicates=1 paths=1
2026-10-05 10:21:15 | INFO | app.data_sources.yahoo_http_provider | [yahoo_http] returned 1 rows for BAX (2026-10-02 -> 2026-10-02)
2026-10-05 10:21:15 | INFO | app.data_sources.multi_source | [yahoo_http] returned 1 rows for BAX (1d)
2026-10-05 10:21:15 | INFO | app.lakehouse.bronze | Bronze append complete: received=1 duplicates=1 paths=1
2026-10-05 10:21:16 | INFO | app.data_sources.yahoo_http_provider | [yahoo_http] returned 1 rows for BBIO (2026-10-02 -> 2026-10-02)
2026-10-05 10:21:16 | INFO | app.data_sources.multi_source | [yahoo_http] returned 1 rows for BBIO (1d)
2026-10-05 10:21:16 | INFO | app.lakehouse.bronze | Bronze append complete: received=1 duplicates=1 paths=1
2026-10-05 10:21:16 | INFO | app.data_sources.yahoo_http_provider | [yahoo_http] returned 1 rows for BBWI (2026-10-02 -> 2026-10-02)
2026-10-05 10:21:16 | INFO | app.data_sources.multi_source | [yahoo_http] returned 1 rows for BBWI (1d)
2026-10-05 10:21:16 | INFO | app.lakehouse.bronze | Bronze append complete: received=1 duplicates=1 paths=1
2026-10-05 10:21:17 | INFO | app.data_sources.yahoo_http_provider | [yahoo_http] returned 1 rows for BBY (2026-10-02 -> 2026-10-02)
2026-10-05 10:21:17 | INFO | app.data_sources.multi_source | [yahoo_http] returned 1 rows for BBY (1d)
2026-10-05 10:21:17 | INFO | app.lakehouse.bronze | Bronze append complete: received=1 duplicates=1 paths=1
2026-10-05 10:21:18 | INFO | app.data_sources.yahoo_http_provider | [yahoo_http] returned 1 rows for BDN (2026-10-02 -> 2026-10-02)
2026-10-05 10:21:18 | INFO | app.data_sources.multi_source | [yahoo_http] returned 1 rows for BDN (1d)
2026-10-05 10:21:18 | INFO | app.lakehouse.bronze | Bronze append complete: received=1 duplicates=1 paths=1
2026-10-05 10:21:19 | INFO | app.data_sources.yahoo_http_provider | [yahoo_http] returned 1 rows for BDX (2026-10-02 -> 2026-10-02)
2026-10-05 10:21:19 | INFO | app.data_sources.multi_source | [yahoo_http] returned 1 rows for BDX (1d)
2026-10-05 10:21:19 | INFO | app.lakehouse.bronze | Bronze append complete: received=1 duplicates=1 paths=1
2026-10-05 10:21:20 | INFO | app.data_sources.yahoo_http_provider | [yahoo_http] returned 1 rows for BEAM (2026-10-02 -> 2026-10-02)
2026-10-05 10:21:20 | INFO | app.data_sources.multi_source | [yahoo_http] returned 1 rows for BEAM (1d)
2026-10-05 10:21:20 | INFO | app.lakehouse.bronze | Bronze append complete: received=1 duplicates=1 paths=1
2026-10-05 10:21:20 | INFO | app.data_sources.yahoo_http_provider | [yahoo_http] returned 1 rows for BG (2026-10-02 -> 2026-10-02)
2026-10-05 10:21:20 | INFO | app.data_sources.multi_source | [yahoo_http] returned 1 rows for BG (1d)
2026-10-05 10:21:20 | INFO | app.lakehouse.bronze | Bronze append complete: received=1 duplicates=1 paths=1
2026-10-05 10:21:21 | INFO | app.data_sources.yahoo_http_provider | [yahoo_http] returned 1 rows for BIIB (2026-10-02 -> 2026-10-02)
2026-10-05 10:21:21 | INFO | app.data_sources.multi_source | [yahoo_http] returned 1 rows for BIIB (1d)
2026-10-05 10:21:21 | INFO | app.lakehouse.bronze | Bronze append complete: received=1 duplicates=1 paths=1
2026-10-05 10:21:22 | INFO | app.data_sources.yahoo_http_provider | [yahoo_http] returned 1 rows for BIL (2026-10-02 -> 2026-10-02)
2026-10-05 10:21:22 | INFO | app.data_sources.multi_source | [yahoo_http] returned 1 rows for BIL (1d)
2026-10-05 10:21:22 | INFO | app.lakehouse.bronze | Bronze append complete: received=1 duplicates=1 paths=1
2026-10-05 10:21:23 | INFO | app.data_sources.yahoo_http_provider | [yahoo_http] returned 1 rows for BIO (2026-10-02 -> 2026-10-02)
2026-10-05 10:21:23 | INFO | app.data_sources.multi_source | [yahoo_http] returned 1 rows for BIO (1d)
2026-10-05 10:21:23 | INFO | app.lakehouse.bronze | Bronze append complete: received=1 duplicates=1 paths=1
2026-10-05 10:21:23 | INFO | app.services.auto_refresh | AutoRefresh progress: 80/621 symbols processed
2026-10-05 10:21:24 | INFO | app.data_sources.yahoo_http_provider | [yahoo_http] returned 1 rows for BIP (2026-10-02 -> 2026-10-02)
2026-10-05 10:21:24 | INFO | app.data_sources.multi_source | [yahoo_http] returned 1 rows for BIP (1d)
2026-10-05 10:21:24 | INFO | app.lakehouse.bronze | Bronze append complete: received=1 duplicates=1 paths=1
2026-10-05 10:21:24 | INFO | app.data_sources.yahoo_http_provider | [yahoo_http] returned 1 rows for BITO (2026-10-02 -> 2026-10-02)
2026-10-05 10:21:24 | INFO | app.data_sources.multi_source | [yahoo_http] returned 1 rows for BITO (1d)
2026-10-05 10:21:24 | INFO | app.lakehouse.bronze | Bronze append complete: received=1 duplicates=1 paths=1
2026-10-05 10:21:25 | INFO | app.data_sources.yahoo_http_provider | [yahoo_http] returned 1 rows for BITQ (2026-10-02 -> 2026-10-02)
2026-10-05 10:21:25 | INFO | app.data_sources.multi_source | [yahoo_http] returned 1 rows for BITQ (1d)
2026-10-05 10:21:25 | INFO | app.lakehouse.bronze | Bronze append complete: received=1 duplicates=1 paths=1
2026-10-05 10:21:25 | INFO | app.data_sources.yahoo_http_provider | [yahoo_http] returned 1 rows for BITX (2026-10-02 -> 2026-10-02)
2026-10-05 10:21:25 | INFO | app.data_sources.multi_source | [yahoo_http] returned 1 rows for BITX (1d)
2026-10-05 10:21:25 | INFO | app.lakehouse.bronze | Bronze append complete: received=1 duplicates=1 paths=1
2026-10-05 10:21:26 | INFO | app.data_sources.yahoo_http_provider | [yahoo_http] returned 1 rows for BJRI (2026-10-02 -> 2026-10-02)
2026-10-05 10:21:26 | INFO | app.data_sources.multi_source | [yahoo_http] returned 1 rows for BJRI (1d)
2026-10-05 10:21:26 | INFO | app.lakehouse.bronze | Bronze append complete: received=1 duplicates=1 paths=1
2026-10-05 10:21:27 | WARNING | app.data_sources.multi_source | [yahoo_http] failed for BK: Yahoo HTTP request failed for BK: 404 Client Error: Not Found for url: https://query1.finance.yahoo.com/v8/finance/chart/BK?period1=1791032402&period2=1791145178&interval=1d&includeAdjustedClose=true&events=history
2026-10-05 10:21:28 | ERROR | yfinance | $BK: No data found, symbol may be delisted
2026-10-05 10:21:28 | WARNING | app.data_sources.multi_source | [yfinance] failed for BK: No data returned by yfinance for BK (1d)
2026-10-05 10:21:28 | WARNING | app.data_sources.multi_source | [finnhub] failed for BK: Finnhub authentication failed. Check FINNHUB_API_KEY in .env.
2026-10-05 10:21:29 | WARNING | app.data_sources.multi_source | [alpha_vantage] errored for BK: can't compare offset-naive and offset-aware datetimes
2026-10-05 10:21:29 | WARNING | app.data_sources.multi_source | [web_scraper] failed for BK: Yahoo Finance request failed: 404 Client Error: Not Found for url: https://query1.finance.yahoo.com/v8/finance/chart/BK?period1=1791032402&period2=1791145178&interval=1d&events=history
2026-10-05 10:21:29 | WARNING | app.services.auto_refresh | AutoRefresh: provider fetch failed for BK: All providers failed for BK (1d): {'yahoo_http': 'Yahoo HTTP request failed for BK: 404 Client Error: Not Found for url: https://query1.finance.yahoo.com/v8/finance/chart/BK?period1=1791032402&period2=1791145178&interval=1d&includeAdjustedClose=true&events=history', 'yfinance': 'No data returned by yfinance for BK (1d)', 'finnhub': 'Finnhub authentication failed. Check FINNHUB_API_KEY in .env.', 'alpha_vantage': "TypeError: can't compare offset-naive and offset-aware datetimes", 'web_scraper': 'Yahoo Finance request failed: 404 Client Error: Not Found for url: https://query1.finance.yahoo.com/v8/finance/chart/BK?period1=1791032402&period2=1791145178&interval=1d&events=history'}
2026-10-05 10:21:30 | INFO | app.data_sources.yahoo_http_provider | [yahoo_http] returned 1 rows for BKH (2026-10-02 -> 2026-10-02)
2026-10-05 10:21:30 | INFO | app.data_sources.multi_source | [yahoo_http] returned 1 rows for BKH (1d)
2026-10-05 10:21:30 | INFO | app.lakehouse.bronze | Bronze append complete: received=1 duplicates=1 paths=1
2026-10-05 10:21:30 | INFO | app.data_sources.yahoo_http_provider | [yahoo_http] returned 1 rows for BKNG (2026-10-02 -> 2026-10-02)
2026-10-05 10:21:30 | INFO | app.data_sources.multi_source | [yahoo_http] returned 1 rows for BKNG (1d)
2026-10-05 10:21:31 | INFO | app.lakehouse.bronze | Bronze append complete: received=1 duplicates=1 paths=1
2026-10-05 10:21:31 | INFO | app.data_sources.yahoo_http_provider | [yahoo_http] returned 1 rows for BLDR (2026-10-02 -> 2026-10-02)
2026-10-05 10:21:31 | INFO | app.data_sources.multi_source | [yahoo_http] returned 1 rows for BLDR (1d)
2026-10-05 10:21:31 | INFO | app.lakehouse.bronze | Bronze append complete: received=1 duplicates=1 paths=1
2026-10-05 10:21:32 | INFO | app.data_sources.yahoo_http_provider | [yahoo_http] returned 1 rows for BLK (2026-10-02 -> 2026-10-02)
2026-10-05 10:21:32 | INFO | app.data_sources.multi_source | [yahoo_http] returned 1 rows for BLK (1d)
2026-10-05 10:21:32 | INFO | app.lakehouse.bronze | Bronze append complete: received=1 duplicates=1 paths=1
2026-10-05 10:21:33 | INFO | app.data_sources.yahoo_http_provider | [yahoo_http] returned 1 rows for BLMN (2026-10-02 -> 2026-10-02)
2026-10-05 10:21:33 | INFO | app.data_sources.multi_source | [yahoo_http] returned 1 rows for BLMN (1d)
2026-10-05 10:21:33 | INFO | app.lakehouse.bronze | Bronze append complete: received=1 duplicates=1 paths=1
2026-10-05 10:21:33 | WARNING | app.data_sources.multi_source | [yahoo_http] failed for BLUE: Yahoo HTTP request failed for BLUE: 404 Client Error: Not Found for url: https://query1.finance.yahoo.com/v8/finance/chart/BLUE?period1=1748883600&period2=1791145178&interval=1d&includeAdjustedClose=true&events=history
2026-10-05 10:21:34 | ERROR | yfinance | $BLUE: No data found, symbol may be delisted
2026-10-05 10:21:34 | WARNING | app.data_sources.multi_source | [yfinance] failed for BLUE: No data returned by yfinance for BLUE (1d)
2026-10-05 10:21:34 | WARNING | app.data_sources.multi_source | [finnhub] failed for BLUE: Finnhub authentication failed. Check FINNHUB_API_KEY in .env.
2026-10-05 10:21:35 | WARNING | app.data_sources.multi_source | [alpha_vantage] errored for BLUE: can't compare offset-naive and offset-aware datetimes
2026-10-05 10:21:35 | WARNING | app.data_sources.multi_source | [web_scraper] failed for BLUE: Yahoo Finance request failed: 404 Client Error: Not Found for url: https://query1.finance.yahoo.com/v8/finance/chart/BLUE?period1=1748883600&period2=1791145178&interval=1d&events=history
2026-10-05 10:21:35 | WARNING | app.services.auto_refresh | AutoRefresh: provider fetch failed for BLUE: All providers failed for BLUE (1d): {'yahoo_http': 'Yahoo HTTP request failed for BLUE: 404 Client Error: Not Found for url: https://query1.finance.yahoo.com/v8/finance/chart/BLUE?period1=1748883600&period2=1791145178&interval=1d&includeAdjustedClose=true&events=history', 'yfinance': 'No data returned by yfinance for BLUE (1d)', 'finnhub': 'Finnhub authentication failed. Check FINNHUB_API_KEY in .env.', 'alpha_vantage': "TypeError: can't compare offset-naive and offset-aware datetimes", 'web_scraper': 'Yahoo Finance request failed: 404 Client Error: Not Found for url: https://query1.finance.yahoo.com/v8/finance/chart/BLUE?period1=1748883600&period2=1791145178&interval=1d&events=history'}
2026-10-05 10:21:36 | INFO | app.data_sources.yahoo_http_provider | [yahoo_http] returned 1 rows for BMRN (2026-10-02 -> 2026-10-02)
2026-10-05 10:21:36 | INFO | app.data_sources.multi_source | [yahoo_http] returned 1 rows for BMRN (1d)
2026-10-05 10:21:36 | INFO | app.lakehouse.bronze | Bronze append complete: received=1 duplicates=1 paths=1
2026-10-05 10:21:37 | INFO | app.data_sources.yahoo_http_provider | [yahoo_http] returned 1 rows for BND (2026-10-02 -> 2026-10-02)
2026-10-05 10:21:37 | INFO | app.data_sources.multi_source | [yahoo_http] returned 1 rows for BND (1d)
2026-10-05 10:21:37 | INFO | app.lakehouse.bronze | Bronze append complete: received=1 duplicates=1 paths=1
2026-10-05 10:21:38 | INFO | app.data_sources.yahoo_http_provider | [yahoo_http] returned 1 rows for BNDX (2026-10-02 -> 2026-10-02)
2026-10-05 10:21:38 | INFO | app.data_sources.multi_source | [yahoo_http] returned 1 rows for BNDX (1d)
2026-10-05 10:21:38 | INFO | app.lakehouse.bronze | Bronze append complete: received=1 duplicates=1 paths=1
2026-10-05 10:21:38 | INFO | app.data_sources.yahoo_http_provider | [yahoo_http] returned 1 rows for BNTX (2026-10-02 -> 2026-10-02)
2026-10-05 10:21:38 | INFO | app.data_sources.multi_source | [yahoo_http] returned 1 rows for BNTX (1d)
2026-10-05 10:21:39 | INFO | app.lakehouse.bronze | Bronze append complete: received=1 duplicates=1 paths=1
2026-10-05 10:21:39 | INFO | app.data_sources.yahoo_http_provider | [yahoo_http] returned 1 rows for BP (2026-10-02 -> 2026-10-02)
2026-10-05 10:21:39 | INFO | app.data_sources.multi_source | [yahoo_http] returned 1 rows for BP (1d)
2026-10-05 10:21:40 | INFO | app.lakehouse.bronze | Bronze append complete: received=1 duplicates=1 paths=1
2026-10-05 10:21:40 | INFO | app.data_sources.yahoo_http_provider | [yahoo_http] returned 1 rows for BRO (2026-10-02 -> 2026-10-02)
2026-10-05 10:21:40 | INFO | app.data_sources.multi_source | [yahoo_http] returned 1 rows for BRO (1d)
2026-10-05 10:21:41 | INFO | app.lakehouse.bronze | Bronze append complete: received=1 duplicates=1 paths=1
2026-10-05 10:21:41 | INFO | app.data_sources.yahoo_http_provider | [yahoo_http] returned 1 rows for BRX (2026-10-02 -> 2026-10-02)
2026-10-05 10:21:41 | INFO | app.data_sources.multi_source | [yahoo_http] returned 1 rows for BRX (1d)
2026-10-05 10:21:42 | INFO | app.lakehouse.bronze | Bronze append complete: received=1 duplicates=1 paths=1
2026-10-05 10:21:42 | INFO | app.data_sources.yahoo_http_provider | [yahoo_http] returned 1 rows for BSX (2026-10-02 -> 2026-10-02)
2026-10-05 10:21:42 | INFO | app.data_sources.multi_source | [yahoo_http] returned 1 rows for BSX (1d)
2026-10-05 10:21:42 | INFO | app.lakehouse.bronze | Bronze append complete: received=1 duplicates=1 paths=1
2026-10-05 10:21:42 | INFO | app.services.auto_refresh | AutoRefresh progress: 100/621 symbols processed
2026-10-05 10:21:43 | INFO | app.data_sources.yahoo_http_provider | [yahoo_http] returned 1 rows for BTF (2026-10-02 -> 2026-10-02)
2026-10-05 10:21:43 | INFO | app.data_sources.multi_source | [yahoo_http] returned 1 rows for BTF (1d)
2026-10-05 10:21:43 | INFO | app.lakehouse.bronze | Bronze append complete: received=1 duplicates=1 paths=1
2026-10-05 10:21:44 | INFO | app.data_sources.yahoo_http_provider | [yahoo_http] returned 1 rows for BURL (2026-10-02 -> 2026-10-02)
2026-10-05 10:21:44 | INFO | app.data_sources.multi_source | [yahoo_http] returned 1 rows for BURL (1d)
2026-10-05 10:21:44 | INFO | app.lakehouse.bronze | Bronze append complete: received=1 duplicates=1 paths=1
2026-10-05 10:21:44 | INFO | app.data_sources.yahoo_http_provider | [yahoo_http] returned 1 rows for BXP (2026-10-02 -> 2026-10-02)
2026-10-05 10:21:44 | INFO | app.data_sources.multi_source | [yahoo_http] returned 1 rows for BXP (1d)
2026-10-05 10:21:45 | INFO | app.lakehouse.bronze | Bronze append complete: received=1 duplicates=1 paths=1
2026-10-05 10:22:10 | INFO | app.data_sources.yahoo_http_provider | [yahoo_http] returned 1 rows for C (2026-10-02 -> 2026-10-02)
2026-10-05 10:22:10 | INFO | app.data_sources.multi_source | [yahoo_http] returned 1 rows for C (1d)
2026-10-05 10:22:10 | INFO | app.lakehouse.bronze | Bronze append complete: received=1 duplicates=1 paths=1
2026-10-05 10:22:11 | INFO | app.data_sources.yahoo_http_provider | [yahoo_http] returned 1 rows for CAG (2026-10-02 -> 2026-10-02)
2026-10-05 10:22:11 | INFO | app.data_sources.multi_source | [yahoo_http] returned 1 rows for CAG (1d)
2026-10-05 10:22:11 | INFO | app.lakehouse.bronze | Bronze append complete: received=1 duplicates=1 paths=1
2026-10-05 10:22:12 | INFO | app.data_sources.yahoo_http_provider | [yahoo_http] returned 1 rows for CAKE (2026-10-02 -> 2026-10-02)
2026-10-05 10:22:12 | INFO | app.data_sources.multi_source | [yahoo_http] returned 1 rows for CAKE (1d)
2026-10-05 10:22:12 | INFO | app.lakehouse.bronze | Bronze append complete: received=1 duplicates=1 paths=1
2026-10-05 10:22:13 | INFO | app.data_sources.yahoo_http_provider | [yahoo_http] returned 1 rows for CAR (2026-10-02 -> 2026-10-02)
2026-10-05 10:22:13 | INFO | app.data_sources.multi_source | [yahoo_http] returned 1 rows for CAR (1d)
2026-10-05 10:22:13 | INFO | app.lakehouse.bronze | Bronze append complete: received=1 duplicates=1 paths=1
2026-10-05 10:22:13 | INFO | app.data_sources.yahoo_http_provider | [yahoo_http] returned 1 rows for CAT (2026-10-02 -> 2026-10-02)
2026-10-05 10:22:13 | INFO | app.data_sources.multi_source | [yahoo_http] returned 1 rows for CAT (1d)
2026-10-05 10:22:13 | INFO | app.lakehouse.bronze | Bronze append complete: received=1 duplicates=1 paths=1
2026-10-05 10:22:14 | INFO | app.data_sources.yahoo_http_provider | [yahoo_http] returned 1 rows for CBOE (2026-10-02 -> 2026-10-02)
2026-10-05 10:22:14 | INFO | app.data_sources.multi_source | [yahoo_http] returned 1 rows for CBOE (1d)
2026-10-05 10:22:14 | INFO | app.lakehouse.bronze | Bronze append complete: received=1 duplicates=1 paths=1
2026-10-05 10:22:15 | INFO | app.data_sources.yahoo_http_provider | [yahoo_http] returned 1 rows for CBRL (2026-10-02 -> 2026-10-02)
2026-10-05 10:22:15 | INFO | app.data_sources.multi_source | [yahoo_http] returned 1 rows for CBRL (1d)
2026-10-05 10:22:15 | INFO | app.lakehouse.bronze | Bronze append complete: received=1 duplicates=1 paths=1
2026-10-05 10:22:17 | INFO | app.data_sources.yahoo_http_provider | [yahoo_http] returned 1 rows for CC (2026-10-02 -> 2026-10-02)
2026-10-05 10:22:17 | INFO | app.data_sources.multi_source | [yahoo_http] returned 1 rows for CC (1d)
2026-10-05 10:22:17 | INFO | app.lakehouse.bronze | Bronze append complete: received=1 duplicates=1 paths=1
2026-10-05 10:22:18 | INFO | app.data_sources.yahoo_http_provider | [yahoo_http] returned 1 rows for CCEP (2026-10-02 -> 2026-10-02)
2026-10-05 10:22:18 | INFO | app.data_sources.multi_source | [yahoo_http] returned 1 rows for CCEP (1d)
2026-10-05 10:22:18 | INFO | app.lakehouse.bronze | Bronze append complete: received=1 duplicates=1 paths=1
2026-10-05 10:22:19 | INFO | app.data_sources.yahoo_http_provider | [yahoo_http] returned 1 rows for CCI (2026-10-02 -> 2026-10-02)
2026-10-05 10:22:19 | INFO | app.data_sources.multi_source | [yahoo_http] returned 1 rows for CCI (1d)
2026-10-05 10:22:19 | INFO | app.lakehouse.bronze | Bronze append complete: received=1 duplicates=1 paths=1
2026-10-05 10:22:20 | INFO | app.data_sources.yahoo_http_provider | [yahoo_http] returned 1 rows for CCJ (2026-10-02 -> 2026-10-02)
2026-10-05 10:22:20 | INFO | app.data_sources.multi_source | [yahoo_http] returned 1 rows for CCJ (1d)
2026-10-05 10:22:20 | INFO | app.lakehouse.bronze | Bronze append complete: received=1 duplicates=1 paths=1
2026-10-05 10:22:20 | WARNING | app.data_sources.multi_source | [yahoo_http] failed for CCRN: Yahoo HTTP request failed for CCRN: 404 Client Error: Not Found for url: https://query1.finance.yahoo.com/v8/finance/chart/CCRN?period1=1784739600&period2=1791145178&interval=1d&includeAdjustedClose=true&events=history
2026-10-05 10:22:21 | ERROR | yfinance | $CCRN: No data found, symbol may be delisted
2026-10-05 10:22:21 | WARNING | app.data_sources.multi_source | [yfinance] failed for CCRN: No data returned by yfinance for CCRN (1d)
2026-10-05 10:22:21 | WARNING | app.data_sources.multi_source | [finnhub] failed for CCRN: Finnhub authentication failed. Check FINNHUB_API_KEY in .env.
2026-10-05 10:22:22 | WARNING | app.data_sources.multi_source | [alpha_vantage] errored for CCRN: can't compare offset-naive and offset-aware datetimes
2026-10-05 10:22:22 | WARNING | app.data_sources.multi_source | [web_scraper] failed for CCRN: Yahoo Finance request failed: 404 Client Error: Not Found for url: https://query1.finance.yahoo.com/v8/finance/chart/CCRN?period1=1784739600&period2=1791145178&interval=1d&events=history
2026-10-05 10:22:22 | WARNING | app.services.auto_refresh | AutoRefresh: provider fetch failed for CCRN: All providers failed for CCRN (1d): {'yahoo_http': 'Yahoo HTTP request failed for CCRN: 404 Client Error: Not Found for url: https://query1.finance.yahoo.com/v8/finance/chart/CCRN?period1=1784739600&period2=1791145178&interval=1d&includeAdjustedClose=true&events=history', 'yfinance': 'No data returned by yfinance for CCRN (1d)', 'finnhub': 'Finnhub authentication failed. Check FINNHUB_API_KEY in .env.', 'alpha_vantage': "TypeError: can't compare offset-naive and offset-aware datetimes", 'web_scraper': 'Yahoo Finance request failed: 404 Client Error: Not Found for url: https://query1.finance.yahoo.com/v8/finance/chart/CCRN?period1=1784739600&period2=1791145178&interval=1d&events=history'}
2026-10-05 10:22:23 | INFO | app.data_sources.yahoo_http_provider | [yahoo_http] returned 1 rows for CDE (2026-10-02 -> 2026-10-02)
2026-10-05 10:22:23 | INFO | app.data_sources.multi_source | [yahoo_http] returned 1 rows for CDE (1d)
2026-10-05 10:22:23 | INFO | app.lakehouse.bronze | Bronze append complete: received=1 duplicates=1 paths=1
2026-10-05 10:22:23 | INFO | app.data_sources.yahoo_http_provider | [yahoo_http] returned 1 rows for CDNS (2026-10-02 -> 2026-10-02)
2026-10-05 10:22:23 | INFO | app.data_sources.multi_source | [yahoo_http] returned 1 rows for CDNS (1d)
2026-10-05 10:22:23 | INFO | app.lakehouse.bronze | Bronze append complete: received=1 duplicates=1 paths=1
2026-10-05 10:22:24 | INFO | app.data_sources.yahoo_http_provider | [yahoo_http] returned 1 rows for CELH (2026-10-02 -> 2026-10-02)
2026-10-05 10:22:24 | INFO | app.data_sources.multi_source | [yahoo_http] returned 1 rows for CELH (1d)
2026-10-05 10:22:24 | INFO | app.lakehouse.bronze | Bronze append complete: received=1 duplicates=1 paths=1
2026-10-05 10:22:25 | INFO | app.data_sources.yahoo_http_provider | [yahoo_http] returned 1 rows for CF (2026-10-02 -> 2026-10-02)
2026-10-05 10:22:25 | INFO | app.data_sources.multi_source | [yahoo_http] returned 1 rows for CF (1d)
2026-10-05 10:22:26 | INFO | app.lakehouse.bronze | Bronze append complete: received=1 duplicates=1 paths=1
2026-10-05 10:22:27 | INFO | app.data_sources.yahoo_http_provider | [yahoo_http] returned 1 rows for CFG (2026-10-02 -> 2026-10-02)
2026-10-05 10:22:27 | INFO | app.data_sources.multi_source | [yahoo_http] returned 1 rows for CFG (1d)
2026-10-05 10:22:27 | INFO | app.lakehouse.bronze | Bronze append complete: received=1 duplicates=1 paths=1
2026-10-05 10:22:27 | INFO | app.services.auto_refresh | AutoRefresh progress: 120/621 symbols processed
2026-10-05 10:22:27 | INFO | app.data_sources.yahoo_http_provider | [yahoo_http] returned 1 rows for CHD (2026-10-02 -> 2026-10-02)
2026-10-05 10:22:27 | INFO | app.data_sources.multi_source | [yahoo_http] returned 1 rows for CHD (1d)
2026-10-05 10:22:28 | INFO | app.lakehouse.bronze | Bronze append complete: received=1 duplicates=1 paths=1
2026-10-05 10:22:28 | INFO | app.data_sources.yahoo_http_provider | [yahoo_http] returned 1 rows for CHE (2026-10-02 -> 2026-10-02)
2026-10-05 10:22:28 | INFO | app.data_sources.multi_source | [yahoo_http] returned 1 rows for CHE (1d)
2026-10-05 10:22:28 | INFO | app.lakehouse.bronze | Bronze append complete: received=1 duplicates=1 paths=1
2026-10-05 10:22:29 | WARNING | app.data_sources.multi_source | [yahoo_http] failed for CHK: Yahoo HTTP request failed for CHK: 404 Client Error: Not Found for url: https://query1.finance.yahoo.com/v8/finance/chart/CHK?period1=1728061200&period2=1791145178&interval=1d&includeAdjustedClose=true&events=history
2026-10-05 10:22:29 | ERROR | yfinance | $CHK: No data found, symbol may be delisted
2026-10-05 10:22:29 | WARNING | app.data_sources.multi_source | [yfinance] failed for CHK: No data returned by yfinance for CHK (1d)
2026-10-05 10:22:29 | WARNING | app.data_sources.multi_source | [finnhub] failed for CHK: Finnhub authentication failed. Check FINNHUB_API_KEY in .env.
2026-10-05 10:22:30 | WARNING | app.data_sources.multi_source | [alpha_vantage] failed for CHK: Alpha Vantage error: We have detected your API key as GHS8FR0JK3K0PAG0 and our standard API rate limit is 25 requests per day. Please subscribe to any of the premium plans at https://www.alphavantage.co/premium/ to instantly remove all daily rate limits.
2026-10-05 10:22:30 | WARNING | app.data_sources.multi_source | [web_scraper] failed for CHK: Yahoo Finance request failed: 404 Client Error: Not Found for url: https://query1.finance.yahoo.com/v8/finance/chart/CHK?period1=1728061200&period2=1791145178&interval=1d&events=history
2026-10-05 10:22:30 | WARNING | app.services.auto_refresh | AutoRefresh: provider fetch failed for CHK: All providers failed for CHK (1d): {'yahoo_http': 'Yahoo HTTP request failed for CHK: 404 Client Error: Not Found for url: https://query1.finance.yahoo.com/v8/finance/chart/CHK?period1=1728061200&period2=1791145178&interval=1d&includeAdjustedClose=true&events=history', 'yfinance': 'No data returned by yfinance for CHK (1d)', 'finnhub': 'Finnhub authentication failed. Check FINNHUB_API_KEY in .env.', 'alpha_vantage': 'Alpha Vantage error: We have detected your API key as GHS8FR0JK3K0PAG0 and our standard API rate limit is 25 requests per day. Please subscribe to any of the premium plans at https://www.alphavantage.co/premium/ to instantly remove all daily rate limits.', 'web_scraper': 'Yahoo Finance request failed: 404 Client Error: Not Found for url: https://query1.finance.yahoo.com/v8/finance/chart/CHK?period1=1728061200&period2=1791145178&interval=1d&events=history'}
2026-10-05 10:22:31 | INFO | app.data_sources.yahoo_http_provider | [yahoo_http] returned 1 rows for CHRW (2026-10-02 -> 2026-10-02)
2026-10-05 10:22:31 | INFO | app.data_sources.multi_source | [yahoo_http] returned 1 rows for CHRW (1d)
2026-10-05 10:22:31 | INFO | app.lakehouse.bronze | Bronze append complete: received=1 duplicates=1 paths=1
2026-10-05 10:22:32 | INFO | app.data_sources.yahoo_http_provider | [yahoo_http] returned 1 rows for CHTR (2026-10-02 -> 2026-10-02)
2026-10-05 10:22:32 | INFO | app.data_sources.multi_source | [yahoo_http] returned 1 rows for CHTR (1d)
2026-10-05 10:22:32 | INFO | app.lakehouse.bronze | Bronze append complete: received=1 duplicates=1 paths=1
2026-10-05 10:22:32 | INFO | app.data_sources.yahoo_http_provider | [yahoo_http] returned 1 rows for CINF (2026-10-02 -> 2026-10-02)
2026-10-05 10:22:32 | INFO | app.data_sources.multi_source | [yahoo_http] returned 1 rows for CINF (1d)
2026-10-05 10:22:33 | INFO | app.lakehouse.bronze | Bronze append complete: received=1 duplicates=1 paths=1
2026-10-05 10:22:34 | INFO | app.data_sources.yahoo_http_provider | [yahoo_http] returned 1 rows for CL (2026-10-02 -> 2026-10-02)
2026-10-05 10:22:34 | INFO | app.data_sources.multi_source | [yahoo_http] returned 1 rows for CL (1d)
2026-10-05 10:22:34 | INFO | app.lakehouse.bronze | Bronze append complete: received=1 duplicates=1 paths=1
2026-10-05 10:22:35 | INFO | app.data_sources.yahoo_http_provider | [yahoo_http] returned 1 rows for CLH (2026-10-02 -> 2026-10-02)
2026-10-05 10:22:35 | INFO | app.data_sources.multi_source | [yahoo_http] returned 1 rows for CLH (1d)
2026-10-05 10:22:35 | INFO | app.lakehouse.bronze | Bronze append complete: received=1 duplicates=1 paths=1
2026-10-05 10:22:35 | WARNING | app.data_sources.multi_source | [yahoo_http] failed for CMA: Yahoo HTTP request failed for CMA: 404 Client Error: Not Found for url: https://query1.finance.yahoo.com/v8/finance/chart/CMA?period1=1769792400&period2=1791145178&interval=1d&includeAdjustedClose=true&events=history
2026-10-05 10:22:35 | ERROR | yfinance | $CMA: No data found, symbol may be delisted
2026-10-05 10:22:35 | WARNING | app.data_sources.multi_source | [yfinance] failed for CMA: No data returned by yfinance for CMA (1d)
2026-10-05 10:22:36 | WARNING | app.data_sources.multi_source | [finnhub] failed for CMA: Finnhub authentication failed. Check FINNHUB_API_KEY in .env.
2026-10-05 10:22:36 | WARNING | app.data_sources.multi_source | [alpha_vantage] failed for CMA: Alpha Vantage error: We have detected your API key as GHS8FR0JK3K0PAG0 and our standard API rate limit is 25 requests per day. Please subscribe to any of the premium plans at https://www.alphavantage.co/premium/ to instantly remove all daily rate limits.
2026-10-05 10:22:36 | WARNING | app.data_sources.multi_source | [web_scraper] failed for CMA: Yahoo Finance request failed: 404 Client Error: Not Found for url: https://query1.finance.yahoo.com/v8/finance/chart/CMA?period1=1769792400&period2=1791145178&interval=1d&events=history
2026-10-05 10:22:36 | WARNING | app.services.auto_refresh | AutoRefresh: provider fetch failed for CMA: All providers failed for CMA (1d): {'yahoo_http': 'Yahoo HTTP request failed for CMA: 404 Client Error: Not Found for url: https://query1.finance.yahoo.com/v8/finance/chart/CMA?period1=1769792400&period2=1791145178&interval=1d&includeAdjustedClose=true&events=history', 'yfinance': 'No data returned by yfinance for CMA (1d)', 'finnhub': 'Finnhub authentication failed. Check FINNHUB_API_KEY in .env.', 'alpha_vantage': 'Alpha Vantage error: We have detected your API key as GHS8FR0JK3K0PAG0 and our standard API rate limit is 25 requests per day. Please subscribe to any of the premium plans at https://www.alphavantage.co/premium/ to instantly remove all daily rate limits.', 'web_scraper': 'Yahoo Finance request failed: 404 Client Error: Not Found for url: https://query1.finance.yahoo.com/v8/finance/chart/CMA?period1=1769792400&period2=1791145178&interval=1d&events=history'}
2026-10-05 10:22:37 | INFO | app.data_sources.yahoo_http_provider | [yahoo_http] returned 1 rows for CMCSA (2026-10-02 -> 2026-10-02)
2026-10-05 10:22:37 | INFO | app.data_sources.multi_source | [yahoo_http] returned 1 rows for CMCSA (1d)
2026-10-05 10:22:37 | INFO | app.lakehouse.bronze | Bronze append complete: received=1 duplicates=1 paths=1
2026-10-05 10:22:38 | INFO | app.data_sources.yahoo_http_provider | [yahoo_http] returned 1 rows for CME (2026-10-02 -> 2026-10-02)
2026-10-05 10:22:38 | INFO | app.data_sources.multi_source | [yahoo_http] returned 1 rows for CME (1d)
2026-10-05 10:22:38 | INFO | app.lakehouse.bronze | Bronze append complete: received=1 duplicates=1 paths=1
2026-10-05 10:22:39 | WARNING | app.data_sources.multi_source | [yahoo_http] failed for CMG: Yahoo returned no timestamps for CMG
2026-10-05 10:22:39 | WARNING | app.data_sources.multi_source | [yfinance] failed for CMG: No data returned by yfinance for CMG (1d)
2026-10-05 10:22:40 | WARNING | app.data_sources.multi_source | [finnhub] failed for CMG: Finnhub authentication failed. Check FINNHUB_API_KEY in .env.
2026-10-05 10:22:40 | WARNING | app.data_sources.multi_source | [alpha_vantage] failed for CMG: Alpha Vantage error: We have detected your API key as GHS8FR0JK3K0PAG0 and our standard API rate limit is 25 requests per day. Please subscribe to any of the premium plans at https://www.alphavantage.co/premium/ to instantly remove all daily rate limits.
2026-10-05 10:22:40 | WARNING | app.data_sources.multi_source | [web_scraper] errored for CMG: 'timestamp'
2026-10-05 10:22:40 | WARNING | app.services.auto_refresh | AutoRefresh: provider fetch failed for CMG: All providers failed for CMG (1d): {'yahoo_http': 'Yahoo returned no timestamps for CMG', 'yfinance': 'No data returned by yfinance for CMG (1d)', 'finnhub': 'Finnhub authentication failed. Check FINNHUB_API_KEY in .env.', 'alpha_vantage': 'Alpha Vantage error: We have detected your API key as GHS8FR0JK3K0PAG0 and our standard API rate limit is 25 requests per day. Please subscribe to any of the premium plans at https://www.alphavantage.co/premium/ to instantly remove all daily rate limits.', 'web_scraper': "KeyError: 'timestamp'"}
2026-10-05 10:22:41 | INFO | app.data_sources.yahoo_http_provider | [yahoo_http] returned 1 rows for CMI (2026-10-02 -> 2026-10-02)
2026-10-05 10:22:41 | INFO | app.data_sources.multi_source | [yahoo_http] returned 1 rows for CMI (1d)
2026-10-05 10:22:41 | INFO | app.lakehouse.bronze | Bronze append complete: received=1 duplicates=1 paths=1
2026-10-05 10:22:42 | INFO | app.data_sources.yahoo_http_provider | [yahoo_http] returned 1 rows for CMS (2026-10-02 -> 2026-10-02)
2026-10-05 10:22:42 | INFO | app.data_sources.multi_source | [yahoo_http] returned 1 rows for CMS (1d)
2026-10-05 10:22:42 | INFO | app.lakehouse.bronze | Bronze append complete: received=1 duplicates=1 paths=1
2026-10-05 10:22:43 | INFO | app.data_sources.yahoo_http_provider | [yahoo_http] returned 1 rows for CNP (2026-10-02 -> 2026-10-02)
2026-10-05 10:22:43 | INFO | app.data_sources.multi_source | [yahoo_http] returned 1 rows for CNP (1d)
2026-10-05 10:22:43 | INFO | app.lakehouse.bronze | Bronze append complete: received=1 duplicates=1 paths=1
2026-10-05 10:22:44 | INFO | app.data_sources.yahoo_http_provider | [yahoo_http] returned 1 rows for CNX (2026-10-02 -> 2026-10-02)
2026-10-05 10:22:44 | INFO | app.data_sources.multi_source | [yahoo_http] returned 1 rows for CNX (1d)
2026-10-05 10:22:44 | INFO | app.lakehouse.bronze | Bronze append complete: received=1 duplicates=1 paths=1
2026-10-05 10:22:45 | INFO | app.data_sources.yahoo_http_provider | [yahoo_http] returned 1 rows for COF (2026-10-02 -> 2026-10-02)
2026-10-05 10:22:45 | INFO | app.data_sources.multi_source | [yahoo_http] returned 1 rows for COF (1d)
2026-10-05 10:22:45 | INFO | app.lakehouse.bronze | Bronze append complete: received=1 duplicates=1 paths=1
2026-10-05 10:22:46 | INFO | app.data_sources.yahoo_http_provider | [yahoo_http] returned 1 rows for COP (2026-10-02 -> 2026-10-02)
2026-10-05 10:22:46 | INFO | app.data_sources.multi_source | [yahoo_http] returned 1 rows for COP (1d)
2026-10-05 10:22:46 | INFO | app.lakehouse.bronze | Bronze append complete: received=1 duplicates=1 paths=1
2026-10-05 10:22:47 | INFO | app.data_sources.yahoo_http_provider | [yahoo_http] returned 1 rows for COR (2026-10-02 -> 2026-10-02)
2026-10-05 10:22:47 | INFO | app.data_sources.multi_source | [yahoo_http] returned 1 rows for COR (1d)
2026-10-05 10:22:47 | INFO | app.lakehouse.bronze | Bronze append complete: received=1 duplicates=1 paths=1
2026-10-05 10:22:48 | INFO | app.data_sources.yahoo_http_provider | [yahoo_http] returned 1 rows for COST (2026-10-02 -> 2026-10-02)
2026-10-05 10:22:48 | INFO | app.data_sources.multi_source | [yahoo_http] returned 1 rows for COST (1d)
2026-10-05 10:22:48 | INFO | app.lakehouse.bronze | Bronze append complete: received=1 duplicates=1 paths=1
2026-10-05 10:22:48 | INFO | app.services.auto_refresh | AutoRefresh progress: 140/621 symbols processed
2026-10-05 10:22:49 | INFO | app.data_sources.yahoo_http_provider | [yahoo_http] returned 1 rows for CPB (2026-10-02 -> 2026-10-02)
2026-10-05 10:22:49 | INFO | app.data_sources.multi_source | [yahoo_http] returned 1 rows for CPB (1d)
2026-10-05 10:22:49 | INFO | app.lakehouse.bronze | Bronze append complete: received=1 duplicates=1 paths=1
2026-10-05 10:22:50 | INFO | app.data_sources.yahoo_http_provider | [yahoo_http] returned 1 rows for CPRI (2026-10-02 -> 2026-10-02)
2026-10-05 10:22:50 | INFO | app.data_sources.multi_source | [yahoo_http] returned 1 rows for CPRI (1d)
2026-10-05 10:22:50 | INFO | app.lakehouse.bronze | Bronze append complete: received=1 duplicates=1 paths=1
2026-10-05 10:22:50 | WARNING | app.data_sources.multi_source | [yahoo_http] failed for CPRX: Yahoo HTTP request failed for CPRX: 404 Client Error: Not Found for url: https://query1.finance.yahoo.com/v8/finance/chart/CPRX?period1=1784221200&period2=1791145178&interval=1d&includeAdjustedClose=true&events=history
2026-10-05 10:22:51 | ERROR | yfinance | $CPRX: No data found, symbol may be delisted
2026-10-05 10:22:51 | WARNING | app.data_sources.multi_source | [yfinance] failed for CPRX: No data returned by yfinance for CPRX (1d)
2026-10-05 10:22:51 | WARNING | app.data_sources.multi_source | [finnhub] failed for CPRX: Finnhub authentication failed. Check FINNHUB_API_KEY in .env.
2026-10-05 10:22:51 | WARNING | app.data_sources.multi_source | [alpha_vantage] failed for CPRX: Alpha Vantage error: We have detected your API key as GHS8FR0JK3K0PAG0 and our standard API rate limit is 25 requests per day. Please subscribe to any of the premium plans at https://www.alphavantage.co/premium/ to instantly remove all daily rate limits.
2026-10-05 10:22:52 | WARNING | app.data_sources.multi_source | [web_scraper] failed for CPRX: Yahoo Finance request failed: 404 Client Error: Not Found for url: https://query1.finance.yahoo.com/v8/finance/chart/CPRX?period1=1784221200&period2=1791145178&interval=1d&events=history
2026-10-05 10:22:52 | WARNING | app.services.auto_refresh | AutoRefresh: provider fetch failed for CPRX: All providers failed for CPRX (1d): {'yahoo_http': 'Yahoo HTTP request failed for CPRX: 404 Client Error: Not Found for url: https://query1.finance.yahoo.com/v8/finance/chart/CPRX?period1=1784221200&period2=1791145178&interval=1d&includeAdjustedClose=true&events=history', 'yfinance': 'No data returned by yfinance for CPRX (1d)', 'finnhub': 'Finnhub authentication failed. Check FINNHUB_API_KEY in .env.', 'alpha_vantage': 'Alpha Vantage error: We have detected your API key as GHS8FR0JK3K0PAG0 and our standard API rate limit is 25 requests per day. Please subscribe to any of the premium plans at https://www.alphavantage.co/premium/ to instantly remove all daily rate limits.', 'web_scraper': 'Yahoo Finance request failed: 404 Client Error: Not Found for url: https://query1.finance.yahoo.com/v8/finance/chart/CPRX?period1=1784221200&period2=1791145178&interval=1d&events=history'}
2026-10-05 10:22:53 | INFO | app.data_sources.yahoo_http_provider | [yahoo_http] returned 1 rows for CPT (2026-10-02 -> 2026-10-02)
2026-10-05 10:22:53 | INFO | app.data_sources.multi_source | [yahoo_http] returned 1 rows for CPT (1d)
2026-10-05 10:22:53 | INFO | app.lakehouse.bronze | Bronze append complete: received=1 duplicates=1 paths=1
2026-10-05 10:22:53 | INFO | app.data_sources.yahoo_http_provider | [yahoo_http] returned 1 rows for CRM (2026-10-02 -> 2026-10-02)
2026-10-05 10:22:53 | INFO | app.data_sources.multi_source | [yahoo_http] returned 1 rows for CRM (1d)
2026-10-05 10:22:53 | INFO | app.lakehouse.bronze | Bronze append complete: received=1 duplicates=1 paths=1
2026-10-05 10:22:54 | INFO | app.data_sources.yahoo_http_provider | [yahoo_http] returned 1 rows for CRSP (2026-10-02 -> 2026-10-02)
2026-10-05 10:22:54 | INFO | app.data_sources.multi_source | [yahoo_http] returned 1 rows for CRSP (1d)
2026-10-05 10:22:54 | INFO | app.lakehouse.bronze | Bronze append complete: received=1 duplicates=1 paths=1
2026-10-05 10:22:55 | INFO | app.data_sources.yahoo_http_provider | [yahoo_http] returned 1 rows for CRWD (2026-10-02 -> 2026-10-02)
2026-10-05 10:22:55 | INFO | app.data_sources.multi_source | [yahoo_http] returned 1 rows for CRWD (1d)
2026-10-05 10:22:55 | INFO | app.lakehouse.bronze | Bronze append complete: received=1 duplicates=1 paths=1
2026-10-05 10:22:56 | INFO | app.data_sources.yahoo_http_provider | [yahoo_http] returned 1 rows for CSCO (2026-10-02 -> 2026-10-02)
2026-10-05 10:22:56 | INFO | app.data_sources.multi_source | [yahoo_http] returned 1 rows for CSCO (1d)
2026-10-05 10:22:56 | INFO | app.lakehouse.bronze | Bronze append complete: received=1 duplicates=1 paths=1
2026-10-05 10:22:57 | INFO | app.data_sources.yahoo_http_provider | [yahoo_http] returned 1 rows for CSX (2026-10-02 -> 2026-10-02)
2026-10-05 10:22:57 | INFO | app.data_sources.multi_source | [yahoo_http] returned 1 rows for CSX (1d)
2026-10-05 10:22:57 | INFO | app.lakehouse.bronze | Bronze append complete: received=1 duplicates=1 paths=1
2026-10-05 10:22:58 | INFO | app.data_sources.yahoo_http_provider | [yahoo_http] returned 1 rows for CTO (2026-10-02 -> 2026-10-02)
2026-10-05 10:22:58 | INFO | app.data_sources.multi_source | [yahoo_http] returned 1 rows for CTO (1d)
2026-10-05 10:22:58 | INFO | app.lakehouse.bronze | Bronze append complete: received=1 duplicates=1 paths=1
2026-10-05 10:22:58 | WARNING | app.data_sources.multi_source | [yahoo_http] failed for CTRA: Yahoo HTTP request failed for CTRA: 404 Client Error: Not Found for url: https://query1.finance.yahoo.com/v8/finance/chart/CTRA?period1=1778086800&period2=1791145178&interval=1d&includeAdjustedClose=true&events=history
2026-10-05 10:22:58 | ERROR | yfinance | $CTRA: No data found, symbol may be delisted
2026-10-05 10:22:58 | WARNING | app.data_sources.multi_source | [yfinance] failed for CTRA: No data returned by yfinance for CTRA (1d)
2026-10-05 10:22:59 | WARNING | app.data_sources.multi_source | [finnhub] failed for CTRA: Finnhub authentication failed. Check FINNHUB_API_KEY in .env.
2026-10-05 10:22:59 | WARNING | app.data_sources.multi_source | [alpha_vantage] failed for CTRA: Alpha Vantage error: We have detected your API key as GHS8FR0JK3K0PAG0 and our standard API rate limit is 25 requests per day. Please subscribe to any of the premium plans at https://www.alphavantage.co/premium/ to instantly remove all daily rate limits.
2026-10-05 10:22:59 | WARNING | app.data_sources.multi_source | [web_scraper] failed for CTRA: Yahoo Finance request failed: 404 Client Error: Not Found for url: https://query1.finance.yahoo.com/v8/finance/chart/CTRA?period1=1778086800&period2=1791145178&interval=1d&events=history
2026-10-05 10:22:59 | WARNING | app.services.auto_refresh | AutoRefresh: provider fetch failed for CTRA: All providers failed for CTRA (1d): {'yahoo_http': 'Yahoo HTTP request failed for CTRA: 404 Client Error: Not Found for url: https://query1.finance.yahoo.com/v8/finance/chart/CTRA?period1=1778086800&period2=1791145178&interval=1d&includeAdjustedClose=true&events=history', 'yfinance': 'No data returned by yfinance for CTRA (1d)', 'finnhub': 'Finnhub authentication failed. Check FINNHUB_API_KEY in .env.', 'alpha_vantage': 'Alpha Vantage error: We have detected your API key as GHS8FR0JK3K0PAG0 and our standard API rate limit is 25 requests per day. Please subscribe to any of the premium plans at https://www.alphavantage.co/premium/ to instantly remove all daily rate limits.', 'web_scraper': 'Yahoo Finance request failed: 404 Client Error: Not Found for url: https://query1.finance.yahoo.com/v8/finance/chart/CTRA?period1=1778086800&period2=1791145178&interval=1d&events=history'}
2026-10-05 10:23:00 | INFO | app.data_sources.yahoo_http_provider | [yahoo_http] returned 1 rows for CUZ (2026-10-02 -> 2026-10-02)
2026-10-05 10:23:00 | INFO | app.data_sources.multi_source | [yahoo_http] returned 1 rows for CUZ (1d)
2026-10-05 10:23:00 | INFO | app.lakehouse.bronze | Bronze append complete: received=1 duplicates=1 paths=1
2026-10-05 10:23:01 | INFO | app.data_sources.yahoo_http_provider | [yahoo_http] returned 1 rows for CVX (2026-10-02 -> 2026-10-02)
2026-10-05 10:23:01 | INFO | app.data_sources.multi_source | [yahoo_http] returned 1 rows for CVX (1d)
2026-10-05 10:23:01 | INFO | app.lakehouse.bronze | Bronze append complete: received=1 duplicates=1 paths=1
2026-10-05 10:23:02 | INFO | app.data_sources.yahoo_http_provider | [yahoo_http] returned 1 rows for CWT (2026-10-02 -> 2026-10-02)
2026-10-05 10:23:02 | INFO | app.data_sources.multi_source | [yahoo_http] returned 1 rows for CWT (1d)
2026-10-05 10:23:02 | INFO | app.lakehouse.bronze | Bronze append complete: received=1 duplicates=1 paths=1
2026-10-05 10:23:09 | WARNING | app.database.session | MySQL connection check failed: (pymysql.err.OperationalError) (2013, 'Lost connection to MySQL server during query')
(Background on this error at: https://sqlalche.me/e/20/e3q8)
2026-10-05 10:23:11 | WARNING | urllib3.connectionpool | Connection pool is full, discarding connection: localhost. Connection pool size: 1
2026-10-05 10:23:11 | WARNING | urllib3.connectionpool | Connection pool is full, discarding connection: localhost. Connection pool size: 1
2026-10-05 10:23:11 | WARNING | urllib3.connectionpool | Connection pool is full, discarding connection: localhost. Connection pool size: 1
2026-10-05 10:23:12 | WARNING | urllib3.connectionpool | Connection pool is full, discarding connection: localhost. Connection pool size: 1
2026-10-05 10:23:12 | WARNING | urllib3.connectionpool | Connection pool is full, discarding connection: localhost. Connection pool size: 1
2026-10-05 10:23:12 | WARNING | urllib3.connectionpool | Connection pool is full, discarding connection: localhost. Connection pool size: 1
2026-10-05 10:23:12 | WARNING | urllib3.connectionpool | Connection pool is full, discarding connection: localhost. Connection pool size: 1
2026-10-05 10:23:12 | WARNING | urllib3.connectionpool | Connection pool is full, discarding connection: localhost. Connection pool size: 0
2026-10-05 10:23:12 | WARNING | urllib3.connectionpool | Connection pool is full, discarding connection: localhost. Connection pool size: 1
2026-10-05 10:23:12 | WARNING | urllib3.connectionpool | Connection pool is full, discarding connection: localhost. Connection pool size: 0
2026-10-05 10:23:12 | WARNING | urllib3.connectionpool | Connection pool is full, discarding connection: localhost. Connection pool size: 1
2026-10-05 10:23:12 | WARNING | urllib3.connectionpool | Connection pool is full, discarding connection: localhost. Connection pool size: 1
2026-10-05 10:23:13 | WARNING | urllib3.connectionpool | Connection pool is full, discarding connection: localhost. Connection pool size: 1
2026-10-05 10:23:13 | WARNING | urllib3.connectionpool | Connection pool is full, discarding connection: localhost. Connection pool size: 1
2026-10-05 10:23:13 | WARNING | urllib3.connectionpool | Connection pool is full, discarding connection: localhost. Connection pool size: 1
2026-10-05 10:23:13 | WARNING | urllib3.connectionpool | Connection pool is full, discarding connection: localhost. Connection pool size: 1
2026-10-05 10:23:13 | WARNING | urllib3.connectionpool | Connection pool is full, discarding connection: localhost. Connection pool size: 1
2026-10-05 10:23:14 | WARNING | app.database.session | MySQL connection check failed: (pymysql.err.OperationalError) (2013, 'Lost connection to MySQL server during query')
(Background on this error at: https://sqlalche.me/e/20/e3q8)
2026-10-05 10:23:14 | WARNING | urllib3.connectionpool | Connection pool is full, discarding connection: localhost. Connection pool size: 0
2026-10-05 10:23:14 | WARNING | urllib3.connectionpool | Connection pool is full, discarding connection: localhost. Connection pool size: 0
2026-10-05 10:23:14 | WARNING | urllib3.connectionpool | Connection pool is full, discarding connection: localhost. Connection pool size: 0
2026-10-05 10:23:14 | WARNING | urllib3.connectionpool | Connection pool is full, discarding connection: localhost. Connection pool size: 0
2026-10-05 10:23:14 | WARNING | urllib3.connectionpool | Connection pool is full, discarding connection: localhost. Connection pool size: 1
2026-10-05 10:23:14 | WARNING | urllib3.connectionpool | Connection pool is full, discarding connection: localhost. Connection pool size: 1
2026-10-05 10:23:14 | WARNING | urllib3.connectionpool | Connection pool is full, discarding connection: localhost. Connection pool size: 1
2026-10-05 10:23:14 | WARNING | urllib3.connectionpool | Connection pool is full, discarding connection: localhost. Connection pool size: 1
2026-10-05 10:23:15 | WARNING | urllib3.connectionpool | Connection pool is full, discarding connection: localhost. Connection pool size: 1
2026-10-05 10:23:15 | WARNING | urllib3.connectionpool | Connection pool is full, discarding connection: localhost. Connection pool size: 1
2026-10-05 10:23:15 | WARNING | urllib3.connectionpool | Connection pool is full, discarding connection: localhost. Connection pool size: 1
2026-10-05 10:23:15 | WARNING | urllib3.connectionpool | Connection pool is full, discarding connection: localhost. Connection pool size: 1
2026-10-05 10:23:15 | WARNING | urllib3.connectionpool | Connection pool is full, discarding connection: localhost. Connection pool size: 1
2026-10-05 10:23:15 | WARNING | urllib3.connectionpool | Connection pool is full, discarding connection: localhost. Connection pool size: 1
2026-10-05 10:23:15 | WARNING | urllib3.connectionpool | Connection pool is full, discarding connection: localhost. Connection pool size: 1
2026-10-05 10:23:15 | WARNING | urllib3.connectionpool | Connection pool is full, discarding connection: localhost. Connection pool size: 1
2026-10-05 10:23:15 | WARNING | urllib3.connectionpool | Connection pool is full, discarding connection: localhost. Connection pool size: 1
2026-10-05 10:23:15 | WARNING | urllib3.connectionpool | Connection pool is full, discarding connection: localhost. Connection pool size: 1
2026-10-05 10:23:15 | WARNING | urllib3.connectionpool | Connection pool is full, discarding connection: localhost. Connection pool size: 1
2026-10-05 10:23:15 | WARNING | urllib3.connectionpool | Connection pool is full, discarding connection: localhost. Connection pool size: 1
2026-10-05 10:23:15 | WARNING | urllib3.connectionpool | Connection pool is full, discarding connection: localhost. Connection pool size: 1
2026-10-05 10:23:15 | WARNING | urllib3.connectionpool | Connection pool is full, discarding connection: localhost. Connection pool size: 1
2026-10-05 10:23:15 | WARNING | urllib3.connectionpool | Connection pool is full, discarding connection: localhost. Connection pool size: 1
2026-10-05 10:23:15 | WARNING | urllib3.connectionpool | Connection pool is full, discarding connection: localhost. Connection pool size: 1
2026-10-05 10:23:15 | WARNING | urllib3.connectionpool | Connection pool is full, discarding connection: localhost. Connection pool size: 1
2026-10-05 10:23:15 | WARNING | urllib3.connectionpool | Connection pool is full, discarding connection: localhost. Connection pool size: 1
2026-10-05 10:23:15 | WARNING | urllib3.connectionpool | Connection pool is full, discarding connection: localhost. Connection pool size: 1
2026-10-05 10:23:15 | WARNING | urllib3.connectionpool | Connection pool is full, discarding connection: localhost. Connection pool size: 1
2026-10-05 10:23:15 | WARNING | urllib3.connectionpool | Connection pool is full, discarding connection: localhost. Connection pool size: 1
2026-10-05 10:23:15 | WARNING | urllib3.connectionpool | Connection pool is full, discarding connection: localhost. Connection pool size: 1
2026-10-05 10:23:15 | WARNING | urllib3.connectionpool | Connection pool is full, discarding connection: localhost. Connection pool size: 1
2026-10-05 10:23:15 | WARNING | urllib3.connectionpool | Connection pool is full, discarding connection: localhost. Connection pool size: 1
2026-10-05 10:23:15 | WARNING | urllib3.connectionpool | Connection pool is full, discarding connection: localhost. Connection pool size: 1
2026-10-05 10:23:15 | WARNING | urllib3.connectionpool | Connection pool is full, discarding connection: localhost. Connection pool size: 1
2026-10-05 10:23:15 | WARNING | urllib3.connectionpool | Connection pool is full, discarding connection: localhost. Connection pool size: 1
2026-10-05 10:23:15 | WARNING | urllib3.connectionpool | Connection pool is full, discarding connection: localhost. Connection pool size: 1
2026-10-05 10:23:15 | WARNING | urllib3.connectionpool | Connection pool is full, discarding connection: localhost. Connection pool size: 0
2026-10-05 10:23:15 | WARNING | urllib3.connectionpool | Connection pool is full, discarding connection: localhost. Connection pool size: 1
2026-10-05 10:23:15 | WARNING | urllib3.connectionpool | Connection pool is full, discarding connection: localhost. Connection pool size: 1
2026-10-05 10:23:15 | WARNING | urllib3.connectionpool | Connection pool is full, discarding connection: localhost. Connection pool size: 1
2026-10-05 10:23:15 | WARNING | urllib3.connectionpool | Connection pool is full, discarding connection: localhost. Connection pool size: 1
2026-10-05 10:23:15 | WARNING | urllib3.connectionpool | Connection pool is full, discarding connection: localhost. Connection pool size: 1
2026-10-05 10:23:15 | WARNING | urllib3.connectionpool | Connection pool is full, discarding connection: localhost. Connection pool size: 1
2026-10-05 10:23:15 | WARNING | urllib3.connectionpool | Connection pool is full, discarding connection: localhost. Connection pool size: 1
2026-10-05 10:23:15 | WARNING | urllib3.connectionpool | Connection pool is full, discarding connection: localhost. Connection pool size: 1
2026-10-05 10:23:15 | WARNING | urllib3.connectionpool | Connection pool is full, discarding connection: localhost. Connection pool size: 1
2026-10-05 10:23:15 | WARNING | urllib3.connectionpool | Connection pool is full, discarding connection: localhost. Connection pool size: 1
2026-10-05 10:23:15 | WARNING | urllib3.connectionpool | Connection pool is full, discarding connection: localhost. Connection pool size: 1
2026-10-05 10:23:16 | WARNING | urllib3.connectionpool | Connection pool is full, discarding connection: localhost. Connection pool size: 1
2026-10-05 10:23:16 | WARNING | urllib3.connectionpool | Connection pool is full, discarding connection: localhost. Connection pool size: 1
2026-10-05 10:23:16 | WARNING | urllib3.connectionpool | Connection pool is full, discarding connection: localhost. Connection pool size: 1
2026-10-05 10:23:16 | WARNING | urllib3.connectionpool | Connection pool is full, discarding connection: localhost. Connection pool size: 1
2026-10-05 10:23:16 | WARNING | urllib3.connectionpool | Connection pool is full, discarding connection: localhost. Connection pool size: 0
2026-10-05 10:23:16 | WARNING | urllib3.connectionpool | Connection pool is full, discarding connection: localhost. Connection pool size: 1
2026-10-05 10:23:16 | WARNING | urllib3.connectionpool | Connection pool is full, discarding connection: localhost. Connection pool size: 1
2026-10-05 10:23:16 | WARNING | urllib3.connectionpool | Connection pool is full, discarding connection: localhost. Connection pool size: 1
2026-10-05 10:23:16 | WARNING | urllib3.connectionpool | Connection pool is full, discarding connection: localhost. Connection pool size: 1
2026-10-05 10:23:16 | WARNING | urllib3.connectionpool | Connection pool is full, discarding connection: localhost. Connection pool size: 1
2026-10-05 10:23:16 | WARNING | urllib3.connectionpool | Connection pool is full, discarding connection: localhost. Connection pool size: 1
2026-10-05 10:23:16 | WARNING | urllib3.connectionpool | Connection pool is full, discarding connection: localhost. Connection pool size: 1
2026-10-05 10:23:16 | WARNING | urllib3.connectionpool | Connection pool is full, discarding connection: localhost. Connection pool size: 1
2026-10-05 10:23:16 | WARNING | urllib3.connectionpool | Connection pool is full, discarding connection: localhost. Connection pool size: 1
2026-10-05 10:23:16 | WARNING | urllib3.connectionpool | Connection pool is full, discarding connection: localhost. Connection pool size: 1
2026-10-05 10:23:16 | WARNING | urllib3.connectionpool | Connection pool is full, discarding connection: localhost. Connection pool size: 1
2026-10-05 10:23:16 | WARNING | urllib3.connectionpool | Connection pool is full, discarding connection: localhost. Connection pool size: 1
2026-10-05 10:23:16 | WARNING | urllib3.connectionpool | Connection pool is full, discarding connection: localhost. Connection pool size: 1
2026-10-05 10:23:16 | WARNING | urllib3.connectionpool | Connection pool is full, discarding connection: localhost. Connection pool size: 0
2026-10-05 10:23:16 | WARNING | urllib3.connectionpool | Connection pool is full, discarding connection: localhost. Connection pool size: 1
2026-10-05 10:23:16 | WARNING | urllib3.connectionpool | Connection pool is full, discarding connection: localhost. Connection pool size: 1
2026-10-05 10:23:16 | WARNING | urllib3.connectionpool | Connection pool is full, discarding connection: localhost. Connection pool size: 1
2026-10-05 10:23:16 | WARNING | urllib3.connectionpool | Connection pool is full, discarding connection: localhost. Connection pool size: 1
2026-10-05 10:23:16 | WARNING | urllib3.connectionpool | Connection pool is full, discarding connection: localhost. Connection pool size: 1
2026-10-05 10:23:16 | WARNING | urllib3.connectionpool | Connection pool is full, discarding connection: localhost. Connection pool size: 1
2026-10-05 10:23:16 | WARNING | urllib3.connectionpool | Connection pool is full, discarding connection: localhost. Connection pool size: 1
2026-10-05 10:23:16 | WARNING | urllib3.connectionpool | Connection pool is full, discarding connection: localhost. Connection pool size: 1
2026-10-05 10:23:16 | WARNING | urllib3.connectionpool | Connection pool is full, discarding connection: localhost. Connection pool size: 1
2026-10-05 10:23:16 | WARNING | urllib3.connectionpool | Connection pool is full, discarding connection: localhost. Connection pool size: 1
2026-10-05 10:23:16 | WARNING | urllib3.connectionpool | Connection pool is full, discarding connection: localhost. Connection pool size: 1
2026-10-05 10:23:16 | WARNING | urllib3.connectionpool | Connection pool is full, discarding connection: localhost. Connection pool size: 1
2026-10-05 10:23:16 | WARNING | urllib3.connectionpool | Connection pool is full, discarding connection: localhost. Connection pool size: 1
2026-10-05 10:23:16 | WARNING | urllib3.connectionpool | Connection pool is full, discarding connection: localhost. Connection pool size: 1
2026-10-05 10:23:16 | WARNING | urllib3.connectionpool | Connection pool is full, discarding connection: localhost. Connection pool size: 1
2026-10-05 10:23:16 | WARNING | urllib3.connectionpool | Connection pool is full, discarding connection: localhost. Connection pool size: 1
2026-10-05 10:23:16 | WARNING | urllib3.connectionpool | Connection pool is full, discarding connection: localhost. Connection pool size: 1
2026-10-05 10:23:16 | WARNING | urllib3.connectionpool | Connection pool is full, discarding connection: localhost. Connection pool size: 1
2026-10-05 10:23:16 | WARNING | urllib3.connectionpool | Connection pool is full, discarding connection: localhost. Connection pool size: 1
2026-10-05 10:23:16 | WARNING | urllib3.connectionpool | Connection pool is full, discarding connection: localhost. Connection pool size: 1
2026-10-05 10:23:16 | WARNING | urllib3.connectionpool | Connection pool is full, discarding connection: localhost. Connection pool size: 1
2026-10-05 10:23:16 | WARNING | urllib3.connectionpool | Connection pool is full, discarding connection: localhost. Connection pool size: 1
2026-10-05 10:23:16 | WARNING | urllib3.connectionpool | Connection pool is full, discarding connection: localhost. Connection pool size: 1
2026-10-05 10:23:16 | WARNING | urllib3.connectionpool | Connection pool is full, discarding connection: localhost. Connection pool size: 1
2026-10-05 10:23:16 | WARNING | urllib3.connectionpool | Connection pool is full, discarding connection: localhost. Connection pool size: 1
2026-10-05 10:23:16 | WARNING | urllib3.connectionpool | Connection pool is full, discarding connection: localhost. Connection pool size: 1
2026-10-05 10:23:16 | WARNING | urllib3.connectionpool | Connection pool is full, discarding connection: localhost. Connection pool size: 0
2026-10-05 10:23:16 | WARNING | urllib3.connectionpool | Connection pool is full, discarding connection: localhost. Connection pool size: 1
2026-10-05 10:23:16 | WARNING | urllib3.connectionpool | Connection pool is full, discarding connection: localhost. Connection pool size: 1
2026-10-05 10:23:16 | WARNING | urllib3.connectionpool | Connection pool is full, discarding connection: localhost. Connection pool size: 1
2026-10-05 10:23:16 | WARNING | urllib3.connectionpool | Connection pool is full, discarding connection: localhost. Connection pool size: 1
2026-10-05 10:23:17 | WARNING | urllib3.connectionpool | Connection pool is full, discarding connection: localhost. Connection pool size: 1
2026-10-05 10:23:17 | WARNING | urllib3.connectionpool | Connection pool is full, discarding connection: localhost. Connection pool size: 1
2026-10-05 10:23:17 | WARNING | urllib3.connectionpool | Connection pool is full, discarding connection: localhost. Connection pool size: 0
2026-10-05 10:23:17 | WARNING | urllib3.connectionpool | Connection pool is full, discarding connection: localhost. Connection pool size: 1
2026-10-05 10:23:17 | WARNING | urllib3.connectionpool | Connection pool is full, discarding connection: localhost. Connection pool size: 1
2026-10-05 10:23:17 | WARNING | urllib3.connectionpool | Connection pool is full, discarding connection: localhost. Connection pool size: 1
2026-10-05 10:23:17 | WARNING | urllib3.connectionpool | Connection pool is full, discarding connection: localhost. Connection pool size: 1
2026-10-05 10:23:17 | WARNING | urllib3.connectionpool | Connection pool is full, discarding connection: localhost. Connection pool size: 1
2026-10-05 10:23:17 | WARNING | urllib3.connectionpool | Connection pool is full, discarding connection: localhost. Connection pool size: 1
2026-10-05 10:23:17 | WARNING | urllib3.connectionpool | Connection pool is full, discarding connection: localhost. Connection pool size: 1
2026-10-05 10:23:17 | WARNING | urllib3.connectionpool | Connection pool is full, discarding connection: localhost. Connection pool size: 1
2026-10-05 10:23:17 | WARNING | urllib3.connectionpool | Connection pool is full, discarding connection: localhost. Connection pool size: 1
2026-10-05 10:23:17 | WARNING | urllib3.connectionpool | Connection pool is full, discarding connection: localhost. Connection pool size: 1
2026-10-05 10:23:17 | WARNING | urllib3.connectionpool | Connection pool is full, discarding connection: localhost. Connection pool size: 1
2026-10-05 10:23:17 | WARNING | urllib3.connectionpool | Connection pool is full, discarding connection: localhost. Connection pool size: 1
2026-10-05 10:23:17 | WARNING | urllib3.connectionpool | Connection pool is full, discarding connection: localhost. Connection pool size: 1
2026-10-05 10:23:17 | WARNING | urllib3.connectionpool | Connection pool is full, discarding connection: localhost. Connection pool size: 1
2026-10-05 10:23:17 | WARNING | urllib3.connectionpool | Connection pool is full, discarding connection: localhost. Connection pool size: 1
2026-10-05 10:23:17 | WARNING | urllib3.connectionpool | Connection pool is full, discarding connection: localhost. Connection pool size: 1
2026-10-05 10:23:17 | WARNING | urllib3.connectionpool | Connection pool is full, discarding connection: localhost. Connection pool size: 1
2026-10-05 10:23:17 | WARNING | urllib3.connectionpool | Connection pool is full, discarding connection: localhost. Connection pool size: 1
2026-10-05 10:23:17 | WARNING | urllib3.connectionpool | Connection pool is full, discarding connection: localhost. Connection pool size: 1
2026-10-05 10:23:17 | WARNING | urllib3.connectionpool | Connection pool is full, discarding connection: localhost. Connection pool size: 1
2026-10-05 10:23:17 | WARNING | urllib3.connectionpool | Connection pool is full, discarding connection: localhost. Connection pool size: 1
2026-10-05 10:23:17 | WARNING | urllib3.connectionpool | Connection pool is full, discarding connection: localhost. Connection pool size: 1
2026-10-05 10:23:17 | WARNING | urllib3.connectionpool | Connection pool is full, discarding connection: localhost. Connection pool size: 1
2026-10-05 10:23:17 | WARNING | urllib3.connectionpool | Connection pool is full, discarding connection: localhost. Connection pool size: 1
2026-10-05 10:23:17 | WARNING | urllib3.connectionpool | Connection pool is full, discarding connection: localhost. Connection pool size: 1
2026-10-05 10:23:17 | WARNING | urllib3.connectionpool | Connection pool is full, discarding connection: localhost. Connection pool size: 1
2026-10-05 10:23:17 | WARNING | urllib3.connectionpool | Connection pool is full, discarding connection: localhost. Connection pool size: 1
2026-10-05 10:23:17 | WARNING | urllib3.connectionpool | Connection pool is full, discarding connection: localhost. Connection pool size: 1
2026-10-05 10:23:17 | WARNING | urllib3.connectionpool | Connection pool is full, discarding connection: localhost. Connection pool size: 1
2026-10-05 10:23:17 | WARNING | urllib3.connectionpool | Connection pool is full, discarding connection: localhost. Connection pool size: 1
2026-10-05 10:23:17 | WARNING | urllib3.connectionpool | Connection pool is full, discarding connection: localhost. Connection pool size: 1
2026-10-05 10:23:17 | WARNING | urllib3.connectionpool | Connection pool is full, discarding connection: localhost. Connection pool size: 1
2026-10-05 10:23:17 | WARNING | urllib3.connectionpool | Connection pool is full, discarding connection: localhost. Connection pool size: 1
2026-10-05 10:23:17 | WARNING | urllib3.connectionpool | Connection pool is full, discarding connection: localhost. Connection pool size: 1
2026-10-05 10:23:17 | WARNING | urllib3.connectionpool | Connection pool is full, discarding connection: localhost. Connection pool size: 1
2026-10-05 10:23:17 | WARNING | urllib3.connectionpool | Connection pool is full, discarding connection: localhost. Connection pool size: 1
2026-10-05 10:23:18 | WARNING | urllib3.connectionpool | Connection pool is full, discarding connection: localhost. Connection pool size: 1
2026-10-05 10:23:18 | WARNING | urllib3.connectionpool | Connection pool is full, discarding connection: localhost. Connection pool size: 1
2026-10-05 10:23:18 | WARNING | urllib3.connectionpool | Connection pool is full, discarding connection: localhost. Connection pool size: 1
2026-10-05 10:23:18 | WARNING | urllib3.connectionpool | Connection pool is full, discarding connection: localhost. Connection pool size: 1
2026-10-05 10:23:19 | WARNING | urllib3.connectionpool | Connection pool is full, discarding connection: localhost. Connection pool size: 1
2026-10-05 10:23:19 | WARNING | urllib3.connectionpool | Connection pool is full, discarding connection: localhost. Connection pool size: 1
2026-10-05 10:23:19 | WARNING | urllib3.connectionpool | Connection pool is full, discarding connection: localhost. Connection pool size: 1
2026-10-05 10:23:19 | WARNING | urllib3.connectionpool | Connection pool is full, discarding connection: localhost. Connection pool size: 1
2026-10-05 10:23:19 | WARNING | urllib3.connectionpool | Connection pool is full, discarding connection: localhost. Connection pool size: 1
2026-10-05 10:23:19 | WARNING | urllib3.connectionpool | Connection pool is full, discarding connection: localhost. Connection pool size: 1
2026-10-05 10:23:19 | WARNING | urllib3.connectionpool | Connection pool is full, discarding connection: localhost. Connection pool size: 1
2026-10-05 10:23:20 | WARNING | urllib3.connectionpool | Connection pool is full, discarding connection: localhost. Connection pool size: 1
2026-10-05 10:23:20 | WARNING | urllib3.connectionpool | Connection pool is full, discarding connection: localhost. Connection pool size: 1
2026-10-05 10:23:20 | WARNING | urllib3.connectionpool | Connection pool is full, discarding connection: localhost. Connection pool size: 1
2026-10-05 10:23:20 | WARNING | urllib3.connectionpool | Connection pool is full, discarding connection: localhost. Connection pool size: 1
2026-10-05 10:23:20 | WARNING | urllib3.connectionpool | Connection pool is full, discarding connection: localhost. Connection pool size: 1
2026-10-05 10:23:21 | WARNING | urllib3.connectionpool | Connection pool is full, discarding connection: localhost. Connection pool size: 1
2026-10-05 10:23:21 | WARNING | urllib3.connectionpool | Connection pool is full, discarding connection: localhost. Connection pool size: 1
2026-10-05 10:23:21 | WARNING | urllib3.connectionpool | Connection pool is full, discarding connection: localhost. Connection pool size: 1
2026-10-05 10:23:21 | WARNING | urllib3.connectionpool | Connection pool is full, discarding connection: localhost. Connection pool size: 1
2026-10-05 10:23:21 | WARNING | urllib3.connectionpool | Connection pool is full, discarding connection: localhost. Connection pool size: 1
2026-10-05 10:23:21 | WARNING | urllib3.connectionpool | Connection pool is full, discarding connection: localhost. Connection pool size: 1
2026-10-05 10:23:21 | WARNING | urllib3.connectionpool | Connection pool is full, discarding connection: localhost. Connection pool size: 1
2026-10-05 10:23:21 | WARNING | urllib3.connectionpool | Connection pool is full, discarding connection: localhost. Connection pool size: 1
2026-10-05 10:23:21 | WARNING | urllib3.connectionpool | Connection pool is full, discarding connection: localhost. Connection pool size: 1
2026-10-05 10:23:22 | WARNING | urllib3.connectionpool | Connection pool is full, discarding connection: localhost. Connection pool size: 1
2026-10-05 10:23:22 | WARNING | urllib3.connectionpool | Connection pool is full, discarding connection: localhost. Connection pool size: 1
2026-10-05 10:23:22 | WARNING | urllib3.connectionpool | Connection pool is full, discarding connection: localhost. Connection pool size: 1
2026-10-05 10:23:22 | WARNING | urllib3.connectionpool | Connection pool is full, discarding connection: localhost. Connection pool size: 1
2026-10-05 10:23:22 | WARNING | urllib3.connectionpool | Connection pool is full, discarding connection: localhost. Connection pool size: 1
2026-10-05 10:23:22 | WARNING | urllib3.connectionpool | Connection pool is full, discarding connection: localhost. Connection pool size: 1
2026-10-05 10:23:22 | WARNING | urllib3.connectionpool | Connection pool is full, discarding connection: localhost. Connection pool size: 1
2026-10-05 10:23:22 | WARNING | urllib3.connectionpool | Connection pool is full, discarding connection: localhost. Connection pool size: 1
2026-10-05 10:23:23 | WARNING | urllib3.connectionpool | Connection pool is full, discarding connection: localhost. Connection pool size: 1
2026-10-05 10:23:23 | WARNING | urllib3.connectionpool | Connection pool is full, discarding connection: localhost. Connection pool size: 1
2026-10-05 10:23:23 | WARNING | urllib3.connectionpool | Connection pool is full, discarding connection: localhost. Connection pool size: 1
2026-10-05 10:23:23 | WARNING | urllib3.connectionpool | Connection pool is full, discarding connection: localhost. Connection pool size: 1
2026-10-05 10:23:23 | WARNING | urllib3.connectionpool | Connection pool is full, discarding connection: localhost. Connection pool size: 1
2026-10-05 10:23:23 | WARNING | urllib3.connectionpool | Connection pool is full, discarding connection: localhost. Connection pool size: 1
2026-10-05 10:23:24 | INFO | app.data_sources.yahoo_http_provider | [yahoo_http] returned 1 rows for D (2026-10-02 -> 2026-10-02)
2026-10-05 10:23:24 | INFO | app.data_sources.multi_source | [yahoo_http] returned 1 rows for D (1d)
2026-10-05 10:23:24 | WARNING | urllib3.connectionpool | Connection pool is full, discarding connection: localhost. Connection pool size: 1
2026-10-05 10:23:24 | WARNING | urllib3.connectionpool | Connection pool is full, discarding connection: localhost. Connection pool size: 1
2026-10-05 10:23:24 | INFO | app.lakehouse.bronze | Bronze append complete: received=1 duplicates=1 paths=1
2026-10-05 10:23:24 | WARNING | urllib3.connectionpool | Connection pool is full, discarding connection: localhost. Connection pool size: 1
2026-10-05 10:23:24 | WARNING | urllib3.connectionpool | Connection pool is full, discarding connection: localhost. Connection pool size: 0
2026-10-05 10:23:24 | WARNING | urllib3.connectionpool | Connection pool is full, discarding connection: localhost. Connection pool size: 1
2026-10-05 10:23:24 | WARNING | urllib3.connectionpool | Connection pool is full, discarding connection: localhost. Connection pool size: 1
2026-10-05 10:23:24 | WARNING | urllib3.connectionpool | Connection pool is full, discarding connection: localhost. Connection pool size: 1
2026-10-05 10:23:25 | WARNING | urllib3.connectionpool | Connection pool is full, discarding connection: localhost. Connection pool size: 1
2026-10-05 10:23:25 | WARNING | urllib3.connectionpool | Connection pool is full, discarding connection: localhost. Connection pool size: 1
2026-10-05 10:23:25 | WARNING | urllib3.connectionpool | Connection pool is full, discarding connection: localhost. Connection pool size: 1
2026-10-05 10:23:25 | INFO | app.data_sources.yahoo_http_provider | [yahoo_http] returned 1 rows for DAL (2026-10-02 -> 2026-10-02)
2026-10-05 10:23:25 | INFO | app.data_sources.multi_source | [yahoo_http] returned 1 rows for DAL (1d)
2026-10-05 10:23:25 | WARNING | urllib3.connectionpool | Connection pool is full, discarding connection: localhost. Connection pool size: 1
2026-10-05 10:23:25 | INFO | app.lakehouse.bronze | Bronze append complete: received=1 duplicates=1 paths=1
2026-10-05 10:23:25 | WARNING | urllib3.connectionpool | Connection pool is full, discarding connection: localhost. Connection pool size: 1
2026-10-05 10:23:25 | WARNING | urllib3.connectionpool | Connection pool is full, discarding connection: localhost. Connection pool size: 1
2026-10-05 10:23:25 | WARNING | urllib3.connectionpool | Connection pool is full, discarding connection: localhost. Connection pool size: 1
2026-10-05 10:23:26 | WARNING | urllib3.connectionpool | Connection pool is full, discarding connection: localhost. Connection pool size: 1
2026-10-05 10:23:26 | WARNING | urllib3.connectionpool | Connection pool is full, discarding connection: localhost. Connection pool size: 1
2026-10-05 10:23:26 | WARNING | urllib3.connectionpool | Connection pool is full, discarding connection: localhost. Connection pool size: 1
2026-10-05 10:23:26 | INFO | app.data_sources.yahoo_http_provider | [yahoo_http] returned 1 rows for DASH (2026-10-02 -> 2026-10-02)
2026-10-05 10:23:26 | INFO | app.data_sources.multi_source | [yahoo_http] returned 1 rows for DASH (1d)
2026-10-05 10:23:26 | INFO | app.lakehouse.bronze | Bronze append complete: received=1 duplicates=1 paths=1
2026-10-05 10:23:26 | WARNING | urllib3.connectionpool | Connection pool is full, discarding connection: localhost. Connection pool size: 1
2026-10-05 10:23:26 | WARNING | urllib3.connectionpool | Connection pool is full, discarding connection: localhost. Connection pool size: 1
2026-10-05 10:23:26 | WARNING | urllib3.connectionpool | Connection pool is full, discarding connection: localhost. Connection pool size: 1
2026-10-05 10:23:26 | WARNING | urllib3.connectionpool | Connection pool is full, discarding connection: localhost. Connection pool size: 1
2026-10-05 10:23:26 | WARNING | urllib3.connectionpool | Connection pool is full, discarding connection: localhost. Connection pool size: 1
2026-10-05 10:23:26 | WARNING | urllib3.connectionpool | Connection pool is full, discarding connection: localhost. Connection pool size: 0
2026-10-05 10:23:27 | WARNING | urllib3.connectionpool | Connection pool is full, discarding connection: localhost. Connection pool size: 1
2026-10-05 10:23:27 | WARNING | urllib3.connectionpool | Connection pool is full, discarding connection: localhost. Connection pool size: 1
2026-10-05 10:23:27 | WARNING | urllib3.connectionpool | Connection pool is full, discarding connection: localhost. Connection pool size: 1
2026-10-05 10:23:27 | WARNING | urllib3.connectionpool | Connection pool is full, discarding connection: localhost. Connection pool size: 1
2026-10-05 10:23:27 | WARNING | urllib3.connectionpool | Connection pool is full, discarding connection: localhost. Connection pool size: 1
2026-10-05 10:23:27 | WARNING | urllib3.connectionpool | Connection pool is full, discarding connection: localhost. Connection pool size: 1
2026-10-05 10:23:28 | WARNING | app.data_sources.multi_source | [yahoo_http] failed for DAWN: Yahoo HTTP request failed for DAWN: 404 Client Error: Not Found for url: https://query1.finance.yahoo.com/v8/finance/chart/DAWN?period1=1776963600&period2=1791145178&interval=1d&includeAdjustedClose=true&events=history
2026-10-05 10:23:28 | WARNING | urllib3.connectionpool | Connection pool is full, discarding connection: localhost. Connection pool size: 1
2026-10-05 10:23:28 | WARNING | urllib3.connectionpool | Connection pool is full, discarding connection: localhost. Connection pool size: 0
2026-10-05 10:23:28 | WARNING | urllib3.connectionpool | Connection pool is full, discarding connection: localhost. Connection pool size: 1
2026-10-05 10:23:28 | WARNING | urllib3.connectionpool | Connection pool is full, discarding connection: localhost. Connection pool size: 1
2026-10-05 10:23:29 | ERROR | yfinance | $DAWN: No data found, symbol may be delisted
2026-10-05 10:23:29 | WARNING | app.data_sources.multi_source | [yfinance] failed for DAWN: No data returned by yfinance for DAWN (1d)
2026-10-05 10:23:29 | WARNING | urllib3.connectionpool | Connection pool is full, discarding connection: localhost. Connection pool size: 0
2026-10-05 10:23:29 | WARNING | urllib3.connectionpool | Connection pool is full, discarding connection: localhost. Connection pool size: 1
2026-10-05 10:23:29 | WARNING | app.data_sources.multi_source | [finnhub] failed for DAWN: Finnhub authentication failed. Check FINNHUB_API_KEY in .env.
2026-10-05 10:23:29 | WARNING | urllib3.connectionpool | Connection pool is full, discarding connection: localhost. Connection pool size: 0
2026-10-05 10:23:30 | WARNING | urllib3.connectionpool | Connection pool is full, discarding connection: localhost. Connection pool size: 0
2026-10-05 10:23:30 | WARNING | app.data_sources.multi_source | [alpha_vantage] failed for DAWN: Alpha Vantage error: We have detected your API key as GHS8FR0JK3K0PAG0 and our standard API rate limit is 25 requests per day. Please subscribe to any of the premium plans at https://www.alphavantage.co/premium/ to instantly remove all daily rate limits.
2026-10-05 10:23:30 | WARNING | urllib3.connectionpool | Connection pool is full, discarding connection: localhost. Connection pool size: 1
2026-10-05 10:23:30 | WARNING | urllib3.connectionpool | Connection pool is full, discarding connection: localhost. Connection pool size: 1
2026-10-05 10:23:31 | WARNING | urllib3.connectionpool | Connection pool is full, discarding connection: localhost. Connection pool size: 0
2026-10-05 10:23:31 | WARNING | app.data_sources.multi_source | [web_scraper] failed for DAWN: Yahoo Finance request failed: 404 Client Error: Not Found for url: https://query1.finance.yahoo.com/v8/finance/chart/DAWN?period1=1776963600&period2=1791145178&interval=1d&events=history
2026-10-05 10:23:31 | WARNING | app.services.auto_refresh | AutoRefresh: provider fetch failed for DAWN: All providers failed for DAWN (1d): {'yahoo_http': 'Yahoo HTTP request failed for DAWN: 404 Client Error: Not Found for url: https://query1.finance.yahoo.com/v8/finance/chart/DAWN?period1=1776963600&period2=1791145178&interval=1d&includeAdjustedClose=true&events=history', 'yfinance': 'No data returned by yfinance for DAWN (1d)', 'finnhub': 'Finnhub authentication failed. Check FINNHUB_API_KEY in .env.', 'alpha_vantage': 'Alpha Vantage error: We have detected your API key as GHS8FR0JK3K0PAG0 and our standard API rate limit is 25 requests per day. Please subscribe to any of the premium plans at https://www.alphavantage.co/premium/ to instantly remove all daily rate limits.', 'web_scraper': 'Yahoo Finance request failed: 404 Client Error: Not Found for url: https://query1.finance.yahoo.com/v8/finance/chart/DAWN?period1=1776963600&period2=1791145178&interval=1d&events=history'}
2026-10-05 10:23:31 | WARNING | app.api.v1.endpoints.health | record_count failed for bronze: 
2026-10-05 10:23:31 | WARNING | urllib3.connectionpool | Connection pool is full, discarding connection: localhost. Connection pool size: 1
2026-10-05 10:23:31 | WARNING | urllib3.connectionpool | Connection pool is full, discarding connection: localhost. Connection pool size: 1
2026-10-05 10:23:31 | WARNING | urllib3.connectionpool | Connection pool is full, discarding connection: localhost. Connection pool size: 0
2026-10-05 10:23:31 | WARNING | urllib3.connectionpool | Connection pool is full, discarding connection: localhost. Connection pool size: 1
2026-10-05 10:23:32 | INFO | app.data_sources.yahoo_http_provider | [yahoo_http] returned 1 rows for DD (2026-10-02 -> 2026-10-02)
2026-10-05 10:23:32 | INFO | app.data_sources.multi_source | [yahoo_http] returned 1 rows for DD (1d)
2026-10-05 10:23:33 | INFO | app.lakehouse.bronze | Bronze append complete: received=1 duplicates=1 paths=1
2026-10-05 10:23:33 | INFO | app.data_sources.yahoo_http_provider | [yahoo_http] returned 1 rows for DDOG (2026-10-02 -> 2026-10-02)
2026-10-05 10:23:33 | INFO | app.data_sources.multi_source | [yahoo_http] returned 1 rows for DDOG (1d)
2026-10-05 10:23:33 | INFO | app.lakehouse.bronze | Bronze append complete: received=1 duplicates=1 paths=1
2026-10-05 10:23:33 | INFO | app.services.auto_refresh | AutoRefresh progress: 160/621 symbols processed
2026-10-05 10:23:35 | INFO | app.data_sources.yahoo_http_provider | [yahoo_http] returned 1 rows for DE (2026-10-02 -> 2026-10-02)
2026-10-05 10:23:35 | INFO | app.data_sources.multi_source | [yahoo_http] returned 1 rows for DE (1d)
2026-10-05 10:23:35 | INFO | app.lakehouse.bronze | Bronze append complete: received=1 duplicates=1 paths=1
2026-10-05 10:23:35 | INFO | app.data_sources.yahoo_http_provider | [yahoo_http] returned 1 rows for DEI (2026-10-02 -> 2026-10-02)
2026-10-05 10:23:35 | INFO | app.data_sources.multi_source | [yahoo_http] returned 1 rows for DEI (1d)
2026-10-05 10:23:36 | INFO | app.lakehouse.bronze | Bronze append complete: received=1 duplicates=1 paths=1
2026-10-05 10:23:36 | INFO | app.data_sources.yahoo_http_provider | [yahoo_http] returned 1 rows for DELL (2026-10-02 -> 2026-10-02)
2026-10-05 10:23:36 | INFO | app.data_sources.multi_source | [yahoo_http] returned 1 rows for DELL (1d)
2026-10-05 10:23:36 | INFO | app.lakehouse.bronze | Bronze append complete: received=1 duplicates=1 paths=1
2026-10-05 10:23:37 | WARNING | app.data_sources.multi_source | [yahoo_http] failed for DENN: Yahoo HTTP request failed for DENN: 404 Client Error: Not Found for url: https://query1.finance.yahoo.com/v8/finance/chart/DENN?period1=1790960400&period2=1791145178&interval=1d&includeAdjustedClose=true&events=history
2026-10-05 10:23:37 | ERROR | yfinance | $DENN: No data found, symbol may be delisted
2026-10-05 10:23:37 | WARNING | app.data_sources.multi_source | [yfinance] failed for DENN: No data returned by yfinance for DENN (1d)
2026-10-05 10:23:37 | WARNING | app.data_sources.multi_source | [finnhub] failed for DENN: Finnhub authentication failed. Check FINNHUB_API_KEY in .env.
2026-10-05 10:23:38 | WARNING | app.data_sources.multi_source | [alpha_vantage] failed for DENN: Alpha Vantage error: We have detected your API key as GHS8FR0JK3K0PAG0 and our standard API rate limit is 25 requests per day. Please subscribe to any of the premium plans at https://www.alphavantage.co/premium/ to instantly remove all daily rate limits.
2026-10-05 10:23:38 | WARNING | app.data_sources.multi_source | [web_scraper] failed for DENN: Yahoo Finance request failed: 404 Client Error: Not Found for url: https://query1.finance.yahoo.com/v8/finance/chart/DENN?period1=1790960400&period2=1791145178&interval=1d&events=history
2026-10-05 10:23:38 | WARNING | app.services.auto_refresh | AutoRefresh: provider fetch failed for DENN: All providers failed for DENN (1d): {'yahoo_http': 'Yahoo HTTP request failed for DENN: 404 Client Error: Not Found for url: https://query1.finance.yahoo.com/v8/finance/chart/DENN?period1=1790960400&period2=1791145178&interval=1d&includeAdjustedClose=true&events=history', 'yfinance': 'No data returned by yfinance for DENN (1d)', 'finnhub': 'Finnhub authentication failed. Check FINNHUB_API_KEY in .env.', 'alpha_vantage': 'Alpha Vantage error: We have detected your API key as GHS8FR0JK3K0PAG0 and our standard API rate limit is 25 requests per day. Please subscribe to any of the premium plans at https://www.alphavantage.co/premium/ to instantly remove all daily rate limits.', 'web_scraper': 'Yahoo Finance request failed: 404 Client Error: Not Found for url: https://query1.finance.yahoo.com/v8/finance/chart/DENN?period1=1790960400&period2=1791145178&interval=1d&events=history'}
2026-10-05 10:23:39 | INFO | app.data_sources.yahoo_http_provider | [yahoo_http] returned 1 rows for DG (2026-10-02 -> 2026-10-02)
2026-10-05 10:23:39 | INFO | app.data_sources.multi_source | [yahoo_http] returned 1 rows for DG (1d)
2026-10-05 10:23:39 | INFO | app.lakehouse.bronze | Bronze append complete: received=1 duplicates=1 paths=1
2026-10-05 10:23:40 | INFO | app.data_sources.yahoo_http_provider | [yahoo_http] returned 1 rows for DGX (2026-10-02 -> 2026-10-02)
2026-10-05 10:23:40 | INFO | app.data_sources.multi_source | [yahoo_http] returned 1 rows for DGX (1d)
2026-10-05 10:23:40 | INFO | app.lakehouse.bronze | Bronze append complete: received=1 duplicates=1 paths=1
2026-10-05 10:23:41 | INFO | app.data_sources.yahoo_http_provider | [yahoo_http] returned 1 rows for DHR (2026-10-02 -> 2026-10-02)
2026-10-05 10:23:41 | INFO | app.data_sources.multi_source | [yahoo_http] returned 1 rows for DHR (1d)
2026-10-05 10:23:41 | INFO | app.lakehouse.bronze | Bronze append complete: received=1 duplicates=1 paths=1
2026-10-05 10:23:42 | INFO | app.data_sources.yahoo_http_provider | [yahoo_http] returned 1 rows for DIA (2026-10-02 -> 2026-10-02)
2026-10-05 10:23:42 | INFO | app.data_sources.multi_source | [yahoo_http] returned 1 rows for DIA (1d)
2026-10-05 10:23:42 | INFO | app.lakehouse.bronze | Bronze append complete: received=1 duplicates=1 paths=1
2026-10-05 10:23:43 | INFO | app.data_sources.yahoo_http_provider | [yahoo_http] returned 1 rows for DIN (2026-10-02 -> 2026-10-02)
2026-10-05 10:23:43 | INFO | app.data_sources.multi_source | [yahoo_http] returned 1 rows for DIN (1d)
2026-10-05 10:23:43 | INFO | app.lakehouse.bronze | Bronze append complete: received=1 duplicates=1 paths=1
2026-10-05 10:23:43 | INFO | app.data_sources.yahoo_http_provider | [yahoo_http] returned 1 rows for DIS (2026-10-02 -> 2026-10-02)
2026-10-05 10:23:43 | INFO | app.data_sources.multi_source | [yahoo_http] returned 1 rows for DIS (1d)
2026-10-05 10:23:43 | INFO | app.lakehouse.bronze | Bronze append complete: received=1 duplicates=1 paths=1
2026-10-05 10:23:44 | INFO | app.data_sources.yahoo_http_provider | [yahoo_http] returned 1 rows for DLR (2026-10-02 -> 2026-10-02)
2026-10-05 10:23:44 | INFO | app.data_sources.multi_source | [yahoo_http] returned 1 rows for DLR (1d)
2026-10-05 10:23:44 | INFO | app.lakehouse.bronze | Bronze append complete: received=1 duplicates=1 paths=1
2026-10-05 10:23:45 | INFO | app.data_sources.yahoo_http_provider | [yahoo_http] returned 1 rows for DLTR (2026-10-02 -> 2026-10-02)
2026-10-05 10:23:45 | INFO | app.data_sources.multi_source | [yahoo_http] returned 1 rows for DLTR (1d)
2026-10-05 10:23:45 | INFO | app.lakehouse.bronze | Bronze append complete: received=1 duplicates=1 paths=1
2026-10-05 10:23:47 | INFO | app.data_sources.yahoo_http_provider | [yahoo_http] returned 1 rows for DOC (2026-10-02 -> 2026-10-02)
2026-10-05 10:23:47 | INFO | app.data_sources.multi_source | [yahoo_http] returned 1 rows for DOC (1d)
2026-10-05 10:23:47 | INFO | app.lakehouse.bronze | Bronze append complete: received=1 duplicates=1 paths=1
2026-10-05 10:23:47 | INFO | app.data_sources.yahoo_http_provider | [yahoo_http] returned 1 rows for DOCS (2026-10-02 -> 2026-10-02)
2026-10-05 10:23:47 | INFO | app.data_sources.multi_source | [yahoo_http] returned 1 rows for DOCS (1d)
2026-10-05 10:23:47 | INFO | app.lakehouse.bronze | Bronze append complete: received=1 duplicates=1 paths=1
2026-10-05 10:23:48 | INFO | app.data_sources.yahoo_http_provider | [yahoo_http] returned 1 rows for DOCU (2026-10-02 -> 2026-10-02)
2026-10-05 10:23:48 | INFO | app.data_sources.multi_source | [yahoo_http] returned 1 rows for DOCU (1d)
2026-10-05 10:23:48 | INFO | app.lakehouse.bronze | Bronze append complete: received=1 duplicates=1 paths=1
2026-10-05 10:23:49 | INFO | app.data_sources.yahoo_http_provider | [yahoo_http] returned 1 rows for DOV (2026-10-02 -> 2026-10-02)
2026-10-05 10:23:49 | INFO | app.data_sources.multi_source | [yahoo_http] returned 1 rows for DOV (1d)
2026-10-05 10:23:49 | INFO | app.lakehouse.bronze | Bronze append complete: received=1 duplicates=1 paths=1
2026-10-05 10:23:50 | INFO | app.data_sources.yahoo_http_provider | [yahoo_http] returned 1 rows for DOW (2026-10-02 -> 2026-10-02)
2026-10-05 10:23:50 | INFO | app.data_sources.multi_source | [yahoo_http] returned 1 rows for DOW (1d)
2026-10-05 10:23:50 | INFO | app.lakehouse.bronze | Bronze append complete: received=1 duplicates=1 paths=1
2026-10-05 10:23:50 | INFO | app.data_sources.yahoo_http_provider | [yahoo_http] returned 1 rows for DPZ (2026-10-02 -> 2026-10-02)
2026-10-05 10:23:50 | INFO | app.data_sources.multi_source | [yahoo_http] returned 1 rows for DPZ (1d)
2026-10-05 10:23:50 | INFO | app.lakehouse.bronze | Bronze append complete: received=1 duplicates=1 paths=1
2026-10-05 10:23:51 | INFO | app.data_sources.yahoo_http_provider | [yahoo_http] returned 1 rows for DRI (2026-10-02 -> 2026-10-02)
2026-10-05 10:23:51 | INFO | app.data_sources.multi_source | [yahoo_http] returned 1 rows for DRI (1d)
2026-10-05 10:23:51 | INFO | app.lakehouse.bronze | Bronze append complete: received=1 duplicates=1 paths=1
2026-10-05 10:23:52 | INFO | app.data_sources.yahoo_http_provider | [yahoo_http] returned 1 rows for DTE (2026-10-02 -> 2026-10-02)
2026-10-05 10:23:52 | INFO | app.data_sources.multi_source | [yahoo_http] returned 1 rows for DTE (1d)
2026-10-05 10:23:52 | INFO | app.lakehouse.bronze | Bronze append complete: received=1 duplicates=1 paths=1
2026-10-05 10:23:52 | INFO | app.services.auto_refresh | AutoRefresh progress: 180/621 symbols processed
2026-10-05 10:23:52 | INFO | app.data_sources.yahoo_http_provider | [yahoo_http] returned 1 rows for DUK (2026-10-02 -> 2026-10-02)
2026-10-05 10:23:52 | INFO | app.data_sources.multi_source | [yahoo_http] returned 1 rows for DUK (1d)
2026-10-05 10:23:52 | INFO | app.lakehouse.bronze | Bronze append complete: received=1 duplicates=1 paths=1
2026-10-05 10:23:53 | INFO | app.data_sources.yahoo_http_provider | [yahoo_http] returned 1 rows for DVN (2026-10-02 -> 2026-10-02)
2026-10-05 10:23:53 | INFO | app.data_sources.multi_source | [yahoo_http] returned 1 rows for DVN (1d)
2026-10-05 10:23:53 | INFO | app.lakehouse.bronze | Bronze append complete: received=1 duplicates=1 paths=1
2026-10-05 10:23:54 | WARNING | app.data_sources.multi_source | [yahoo_http] failed for EA: Yahoo returned no timestamps for EA
2026-10-05 10:23:54 | ERROR | yfinance | $EA: possibly delisted; no price data found  (period=5d)
2026-10-05 10:23:54 | WARNING | app.data_sources.multi_source | [yfinance] failed for EA: No data returned by yfinance for EA (1d)
2026-10-05 10:23:54 | WARNING | app.data_sources.multi_source | [finnhub] failed for EA: Finnhub authentication failed. Check FINNHUB_API_KEY in .env.
2026-10-05 10:23:55 | WARNING | app.data_sources.multi_source | [alpha_vantage] failed for EA: Alpha Vantage error: We have detected your API key as GHS8FR0JK3K0PAG0 and our standard API rate limit is 25 requests per day. Please subscribe to any of the premium plans at https://www.alphavantage.co/premium/ to instantly remove all daily rate limits.
2026-10-05 10:23:55 | WARNING | app.data_sources.multi_source | [web_scraper] errored for EA: 'timestamp'
2026-10-05 10:23:55 | WARNING | app.services.auto_refresh | AutoRefresh: provider fetch failed for EA: All providers failed for EA (1d): {'yahoo_http': 'Yahoo returned no timestamps for EA', 'yfinance': 'No data returned by yfinance for EA (1d)', 'finnhub': 'Finnhub authentication failed. Check FINNHUB_API_KEY in .env.', 'alpha_vantage': 'Alpha Vantage error: We have detected your API key as GHS8FR0JK3K0PAG0 and our standard API rate limit is 25 requests per day. Please subscribe to any of the premium plans at https://www.alphavantage.co/premium/ to instantly remove all daily rate limits.', 'web_scraper': "KeyError: 'timestamp'"}
2026-10-05 10:23:56 | INFO | app.data_sources.yahoo_http_provider | [yahoo_http] returned 1 rows for EAT (2026-10-02 -> 2026-10-02)
2026-10-05 10:23:56 | INFO | app.data_sources.multi_source | [yahoo_http] returned 1 rows for EAT (1d)
2026-10-05 10:23:56 | INFO | app.lakehouse.bronze | Bronze append complete: received=1 duplicates=1 paths=1
2026-10-05 10:23:56 | INFO | app.data_sources.yahoo_http_provider | [yahoo_http] returned 1 rows for EBAY (2026-10-02 -> 2026-10-02)
2026-10-05 10:23:56 | INFO | app.data_sources.multi_source | [yahoo_http] returned 1 rows for EBAY (1d)
2026-10-05 10:23:56 | INFO | app.lakehouse.bronze | Bronze append complete: received=1 duplicates=1 paths=1
2026-10-05 10:23:57 | INFO | app.data_sources.yahoo_http_provider | [yahoo_http] returned 1 rows for ECL (2026-10-02 -> 2026-10-02)
2026-10-05 10:23:57 | INFO | app.data_sources.multi_source | [yahoo_http] returned 1 rows for ECL (1d)
2026-10-05 10:23:57 | INFO | app.lakehouse.bronze | Bronze append complete: received=1 duplicates=1 paths=1
2026-10-05 10:23:58 | INFO | app.data_sources.yahoo_http_provider | [yahoo_http] returned 1 rows for ED (2026-10-02 -> 2026-10-02)
2026-10-05 10:23:58 | INFO | app.data_sources.multi_source | [yahoo_http] returned 1 rows for ED (1d)
2026-10-05 10:23:58 | INFO | app.lakehouse.bronze | Bronze append complete: received=1 duplicates=1 paths=1
2026-10-05 10:23:59 | INFO | app.data_sources.yahoo_http_provider | [yahoo_http] returned 1 rows for EEM (2026-10-02 -> 2026-10-02)
2026-10-05 10:23:59 | INFO | app.data_sources.multi_source | [yahoo_http] returned 1 rows for EEM (1d)
2026-10-05 10:23:59 | INFO | app.lakehouse.bronze | Bronze append complete: received=1 duplicates=1 paths=1
2026-10-05 10:24:00 | INFO | app.data_sources.yahoo_http_provider | [yahoo_http] returned 1 rows for EFA (2026-10-02 -> 2026-10-02)
2026-10-05 10:24:00 | INFO | app.data_sources.multi_source | [yahoo_http] returned 1 rows for EFA (1d)
2026-10-05 10:24:00 | INFO | app.lakehouse.bronze | Bronze append complete: received=1 duplicates=1 paths=1
2026-10-05 10:24:01 | INFO | app.data_sources.yahoo_http_provider | [yahoo_http] returned 1 rows for EIX (2026-10-02 -> 2026-10-02)
2026-10-05 10:24:01 | INFO | app.data_sources.multi_source | [yahoo_http] returned 1 rows for EIX (1d)
2026-10-05 10:24:01 | INFO | app.lakehouse.bronze | Bronze append complete: received=1 duplicates=1 paths=1
2026-10-05 10:24:02 | INFO | app.data_sources.yahoo_http_provider | [yahoo_http] returned 1 rows for ELAN (2026-10-02 -> 2026-10-02)
2026-10-05 10:24:02 | INFO | app.data_sources.multi_source | [yahoo_http] returned 1 rows for ELAN (1d)
2026-10-05 10:24:02 | INFO | app.lakehouse.bronze | Bronze append complete: received=1 duplicates=1 paths=1
2026-10-05 10:24:03 | INFO | app.data_sources.yahoo_http_provider | [yahoo_http] returned 1 rows for EMR (2026-10-02 -> 2026-10-02)
2026-10-05 10:24:03 | INFO | app.data_sources.multi_source | [yahoo_http] returned 1 rows for EMR (1d)
2026-10-05 10:24:03 | INFO | app.lakehouse.bronze | Bronze append complete: received=1 duplicates=1 paths=1
2026-10-05 10:24:03 | INFO | app.data_sources.yahoo_http_provider | [yahoo_http] returned 1 rows for ENB (2026-10-02 -> 2026-10-02)
2026-10-05 10:24:03 | INFO | app.data_sources.multi_source | [yahoo_http] returned 1 rows for ENB (1d)
2026-10-05 10:24:04 | INFO | app.lakehouse.bronze | Bronze append complete: received=1 duplicates=1 paths=1
2026-10-05 10:24:04 | INFO | app.data_sources.yahoo_http_provider | [yahoo_http] returned 1 rows for ENSG (2026-10-02 -> 2026-10-02)
2026-10-05 10:24:04 | INFO | app.data_sources.multi_source | [yahoo_http] returned 1 rows for ENSG (1d)
2026-10-05 10:24:04 | INFO | app.lakehouse.bronze | Bronze append complete: received=1 duplicates=1 paths=1
2026-10-05 10:24:05 | INFO | app.data_sources.yahoo_http_provider | [yahoo_http] returned 1 rows for ENTG (2026-10-02 -> 2026-10-02)
2026-10-05 10:24:05 | INFO | app.data_sources.multi_source | [yahoo_http] returned 1 rows for ENTG (1d)
2026-10-05 10:24:05 | INFO | app.lakehouse.bronze | Bronze append complete: received=1 duplicates=1 paths=1
2026-10-05 10:24:06 | INFO | app.data_sources.yahoo_http_provider | [yahoo_http] returned 1 rows for EOG (2026-10-02 -> 2026-10-02)
2026-10-05 10:24:06 | INFO | app.data_sources.multi_source | [yahoo_http] returned 1 rows for EOG (1d)
2026-10-05 10:24:06 | INFO | app.lakehouse.bronze | Bronze append complete: received=1 duplicates=1 paths=1
2026-10-05 10:24:07 | INFO | app.data_sources.yahoo_http_provider | [yahoo_http] returned 1 rows for EPD (2026-10-02 -> 2026-10-02)
2026-10-05 10:24:07 | INFO | app.data_sources.multi_source | [yahoo_http] returned 1 rows for EPD (1d)
2026-10-05 10:24:07 | INFO | app.lakehouse.bronze | Bronze append complete: received=1 duplicates=1 paths=1
2026-10-05 10:24:08 | INFO | app.data_sources.yahoo_http_provider | [yahoo_http] returned 1 rows for EQIX (2026-10-02 -> 2026-10-02)
2026-10-05 10:24:08 | INFO | app.data_sources.multi_source | [yahoo_http] returned 1 rows for EQIX (1d)
2026-10-05 10:24:08 | INFO | app.lakehouse.bronze | Bronze append complete: received=1 duplicates=1 paths=1
2026-10-05 10:24:09 | INFO | app.data_sources.yahoo_http_provider | [yahoo_http] returned 1 rows for EQNR (2026-10-02 -> 2026-10-02)
2026-10-05 10:24:09 | INFO | app.data_sources.multi_source | [yahoo_http] returned 1 rows for EQNR (1d)
2026-10-05 10:24:09 | INFO | app.lakehouse.bronze | Bronze append complete: received=1 duplicates=1 paths=1
2026-10-05 10:24:09 | INFO | app.data_sources.yahoo_http_provider | [yahoo_http] returned 1 rows for EQR (2026-08-17 -> 2026-08-17)
2026-10-05 10:24:09 | INFO | app.data_sources.multi_source | [yahoo_http] returned 1 rows for EQR (1d)
2026-10-05 10:24:09 | INFO | app.lakehouse.bronze | Bronze append complete: received=1 duplicates=1 paths=1
2026-10-05 10:24:09 | INFO | app.services.auto_refresh | AutoRefresh progress: 200/621 symbols processed
2026-10-05 10:24:10 | INFO | app.data_sources.yahoo_http_provider | [yahoo_http] returned 1 rows for EQT (2026-10-02 -> 2026-10-02)
2026-10-05 10:24:10 | INFO | app.data_sources.multi_source | [yahoo_http] returned 1 rows for EQT (1d)
2026-10-05 10:24:10 | INFO | app.lakehouse.bronze | Bronze append complete: received=1 duplicates=1 paths=1
2026-10-05 10:24:11 | INFO | app.data_sources.yahoo_http_provider | [yahoo_http] returned 1 rows for ERIE (2026-10-02 -> 2026-10-02)
2026-10-05 10:24:11 | INFO | app.data_sources.multi_source | [yahoo_http] returned 1 rows for ERIE (1d)
2026-10-05 10:24:11 | INFO | app.lakehouse.bronze | Bronze append complete: received=1 duplicates=1 paths=1
2026-10-05 10:24:12 | INFO | app.data_sources.yahoo_http_provider | [yahoo_http] returned 1 rows for ES (2026-10-02 -> 2026-10-02)
2026-10-05 10:24:12 | INFO | app.data_sources.multi_source | [yahoo_http] returned 1 rows for ES (1d)
2026-10-05 10:24:13 | INFO | app.lakehouse.bronze | Bronze append complete: received=1 duplicates=1 paths=1
2026-10-05 10:24:13 | INFO | app.data_sources.yahoo_http_provider | [yahoo_http] returned 1 rows for ESS (2026-10-02 -> 2026-10-02)
2026-10-05 10:24:13 | INFO | app.data_sources.multi_source | [yahoo_http] returned 1 rows for ESS (1d)
2026-10-05 10:24:13 | INFO | app.lakehouse.bronze | Bronze append complete: received=1 duplicates=1 paths=1
2026-10-05 10:24:14 | INFO | app.data_sources.yahoo_http_provider | [yahoo_http] returned 1 rows for ESTC (2026-10-02 -> 2026-10-02)
2026-10-05 10:24:14 | INFO | app.data_sources.multi_source | [yahoo_http] returned 1 rows for ESTC (1d)
2026-10-05 10:24:14 | INFO | app.lakehouse.bronze | Bronze append complete: received=1 duplicates=1 paths=1
2026-10-05 10:24:15 | INFO | app.data_sources.yahoo_http_provider | [yahoo_http] returned 1 rows for ETHE (2026-10-02 -> 2026-10-02)
2026-10-05 10:24:15 | INFO | app.data_sources.multi_source | [yahoo_http] returned 1 rows for ETHE (1d)
2026-10-05 10:24:15 | INFO | app.lakehouse.bronze | Bronze append complete: received=1 duplicates=1 paths=1
2026-10-05 10:24:16 | INFO | app.data_sources.yahoo_http_provider | [yahoo_http] returned 1 rows for ETN (2026-10-02 -> 2026-10-02)
2026-10-05 10:24:16 | INFO | app.data_sources.multi_source | [yahoo_http] returned 1 rows for ETN (1d)
2026-10-05 10:24:16 | INFO | app.lakehouse.bronze | Bronze append complete: received=1 duplicates=1 paths=1
2026-10-05 10:24:17 | INFO | app.data_sources.yahoo_http_provider | [yahoo_http] returned 1 rows for ETR (2026-10-02 -> 2026-10-02)
2026-10-05 10:24:17 | INFO | app.data_sources.multi_source | [yahoo_http] returned 1 rows for ETR (1d)
2026-10-05 10:24:17 | INFO | app.lakehouse.bronze | Bronze append complete: received=1 duplicates=1 paths=1
2026-10-05 10:24:18 | INFO | app.data_sources.yahoo_http_provider | [yahoo_http] returned 1 rows for ETSY (2026-10-02 -> 2026-10-02)
2026-10-05 10:24:18 | INFO | app.data_sources.multi_source | [yahoo_http] returned 1 rows for ETSY (1d)
2026-10-05 10:24:18 | INFO | app.lakehouse.bronze | Bronze append complete: received=1 duplicates=1 paths=1
2026-10-05 10:24:19 | INFO | app.data_sources.yahoo_http_provider | [yahoo_http] returned 1 rows for EW (2026-10-02 -> 2026-10-02)
2026-10-05 10:24:19 | INFO | app.data_sources.multi_source | [yahoo_http] returned 1 rows for EW (1d)
2026-10-05 10:24:19 | INFO | app.lakehouse.bronze | Bronze append complete: received=1 duplicates=1 paths=1
2026-10-05 10:24:19 | INFO | app.data_sources.yahoo_http_provider | [yahoo_http] returned 1 rows for EXC (2026-10-02 -> 2026-10-02)
2026-10-05 10:24:19 | INFO | app.data_sources.multi_source | [yahoo_http] returned 1 rows for EXC (1d)
2026-10-05 10:24:20 | INFO | app.lakehouse.bronze | Bronze append complete: received=1 duplicates=1 paths=1
2026-10-05 10:24:20 | INFO | app.data_sources.yahoo_http_provider | [yahoo_http] returned 1 rows for EXEL (2026-10-02 -> 2026-10-02)
2026-10-05 10:24:20 | INFO | app.data_sources.multi_source | [yahoo_http] returned 1 rows for EXEL (1d)
2026-10-05 10:24:20 | INFO | app.lakehouse.bronze | Bronze append complete: received=1 duplicates=1 paths=1
2026-10-05 10:24:22 | INFO | app.data_sources.yahoo_http_provider | [yahoo_http] returned 1 rows for EXP (2026-10-02 -> 2026-10-02)
2026-10-05 10:24:22 | INFO | app.data_sources.multi_source | [yahoo_http] returned 1 rows for EXP (1d)
2026-10-05 10:24:22 | INFO | app.lakehouse.bronze | Bronze append complete: received=1 duplicates=1 paths=1
2026-10-05 10:24:22 | INFO | app.data_sources.yahoo_http_provider | [yahoo_http] returned 1 rows for EXPE (2026-10-02 -> 2026-10-02)
2026-10-05 10:24:22 | INFO | app.data_sources.multi_source | [yahoo_http] returned 1 rows for EXPE (1d)
2026-10-05 10:24:22 | INFO | app.lakehouse.bronze | Bronze append complete: received=1 duplicates=1 paths=1
2026-10-05 10:24:23 | WARNING | app.data_sources.multi_source | [yahoo_http] failed for EXPR: Yahoo HTTP request failed for EXPR: 404 Client Error: Not Found for url: https://query1.finance.yahoo.com/v8/finance/chart/EXPR?period1=1790960400&period2=1791145178&interval=1d&includeAdjustedClose=true&events=history
2026-10-05 10:24:23 | ERROR | yfinance | $EXPR: No data found, symbol may be delisted
2026-10-05 10:24:23 | WARNING | app.data_sources.multi_source | [yfinance] failed for EXPR: No data returned by yfinance for EXPR (1d)
2026-10-05 10:24:23 | WARNING | app.data_sources.multi_source | [finnhub] failed for EXPR: Finnhub authentication failed. Check FINNHUB_API_KEY in .env.
2026-10-05 10:24:24 | WARNING | app.data_sources.multi_source | [alpha_vantage] failed for EXPR: Alpha Vantage error: We have detected your API key as GHS8FR0JK3K0PAG0 and our standard API rate limit is 25 requests per day. Please subscribe to any of the premium plans at https://www.alphavantage.co/premium/ to instantly remove all daily rate limits.
2026-10-05 10:24:24 | WARNING | app.data_sources.multi_source | [web_scraper] failed for EXPR: Yahoo Finance request failed: 404 Client Error: Not Found for url: https://query1.finance.yahoo.com/v8/finance/chart/EXPR?period1=1790960400&period2=1791145178&interval=1d&events=history
2026-10-05 10:24:24 | WARNING | app.services.auto_refresh | AutoRefresh: provider fetch failed for EXPR: All providers failed for EXPR (1d): {'yahoo_http': 'Yahoo HTTP request failed for EXPR: 404 Client Error: Not Found for url: https://query1.finance.yahoo.com/v8/finance/chart/EXPR?period1=1790960400&period2=1791145178&interval=1d&includeAdjustedClose=true&events=history', 'yfinance': 'No data returned by yfinance for EXPR (1d)', 'finnhub': 'Finnhub authentication failed. Check FINNHUB_API_KEY in .env.', 'alpha_vantage': 'Alpha Vantage error: We have detected your API key as GHS8FR0JK3K0PAG0 and our standard API rate limit is 25 requests per day. Please subscribe to any of the premium plans at https://www.alphavantage.co/premium/ to instantly remove all daily rate limits.', 'web_scraper': 'Yahoo Finance request failed: 404 Client Error: Not Found for url: https://query1.finance.yahoo.com/v8/finance/chart/EXPR?period1=1790960400&period2=1791145178&interval=1d&events=history'}
2026-10-05 10:24:25 | INFO | app.data_sources.yahoo_http_provider | [yahoo_http] returned 1 rows for EXR (2026-10-02 -> 2026-10-02)
2026-10-05 10:24:25 | INFO | app.data_sources.multi_source | [yahoo_http] returned 1 rows for EXR (1d)
2026-10-05 10:24:25 | INFO | app.lakehouse.bronze | Bronze append complete: received=1 duplicates=1 paths=1
2026-10-05 10:24:36 | INFO | app.data_sources.yahoo_http_provider | [yahoo_http] returned 1 rows for F (2026-10-02 -> 2026-10-02)
2026-10-05 10:24:36 | INFO | app.data_sources.multi_source | [yahoo_http] returned 1 rows for F (1d)
2026-10-05 10:24:36 | INFO | app.lakehouse.bronze | Bronze append complete: received=1 duplicates=1 paths=1
2026-10-05 10:24:37 | INFO | app.data_sources.yahoo_http_provider | [yahoo_http] returned 1 rows for FAF (2026-10-02 -> 2026-10-02)
2026-10-05 10:24:37 | INFO | app.data_sources.multi_source | [yahoo_http] returned 1 rows for FAF (1d)
2026-10-05 10:24:37 | INFO | app.lakehouse.bronze | Bronze append complete: received=1 duplicates=1 paths=1
2026-10-05 10:24:38 | INFO | app.data_sources.yahoo_http_provider | [yahoo_http] returned 1 rows for FANG (2026-10-02 -> 2026-10-02)
2026-10-05 10:24:38 | INFO | app.data_sources.multi_source | [yahoo_http] returned 1 rows for FANG (1d)
2026-10-05 10:24:38 | INFO | app.lakehouse.bronze | Bronze append complete: received=1 duplicates=1 paths=1
2026-10-05 10:24:38 | INFO | app.data_sources.yahoo_http_provider | [yahoo_http] returned 1 rows for FAST (2026-10-02 -> 2026-10-02)
2026-10-05 10:24:38 | INFO | app.data_sources.multi_source | [yahoo_http] returned 1 rows for FAST (1d)
2026-10-05 10:24:38 | INFO | app.lakehouse.bronze | Bronze append complete: received=1 duplicates=1 paths=1
2026-10-05 10:24:38 | INFO | app.services.auto_refresh | AutoRefresh progress: 220/621 symbols processed
2026-10-05 10:24:39 | INFO | app.data_sources.yahoo_http_provider | [yahoo_http] returned 1 rows for FATE (2026-10-02 -> 2026-10-02)
2026-10-05 10:24:39 | INFO | app.data_sources.multi_source | [yahoo_http] returned 1 rows for FATE (1d)
2026-10-05 10:24:39 | INFO | app.lakehouse.bronze | Bronze append complete: received=1 duplicates=1 paths=1
2026-10-05 10:24:40 | INFO | app.data_sources.yahoo_http_provider | [yahoo_http] returned 1 rows for FCX (2026-10-02 -> 2026-10-02)
2026-10-05 10:24:40 | INFO | app.data_sources.multi_source | [yahoo_http] returned 1 rows for FCX (1d)
2026-10-05 10:24:40 | INFO | app.lakehouse.bronze | Bronze append complete: received=1 duplicates=1 paths=1
2026-10-05 10:24:40 | INFO | app.data_sources.yahoo_http_provider | [yahoo_http] returned 1 rows for FDX (2026-10-02 -> 2026-10-02)
2026-10-05 10:24:40 | INFO | app.data_sources.multi_source | [yahoo_http] returned 1 rows for FDX (1d)
2026-10-05 10:24:41 | INFO | app.lakehouse.bronze | Bronze append complete: received=1 duplicates=1 paths=1
2026-10-05 10:24:41 | INFO | app.data_sources.yahoo_http_provider | [yahoo_http] returned 1 rows for FE (2026-10-02 -> 2026-10-02)
2026-10-05 10:24:41 | INFO | app.data_sources.multi_source | [yahoo_http] returned 1 rows for FE (1d)
2026-10-05 10:24:41 | INFO | app.lakehouse.bronze | Bronze append complete: received=1 duplicates=1 paths=1
2026-10-05 10:24:42 | INFO | app.data_sources.yahoo_http_provider | [yahoo_http] returned 1 rows for FICO (2026-10-02 -> 2026-10-02)
2026-10-05 10:24:42 | INFO | app.data_sources.multi_source | [yahoo_http] returned 1 rows for FICO (1d)
2026-10-05 10:24:42 | INFO | app.lakehouse.bronze | Bronze append complete: received=1 duplicates=1 paths=1
2026-10-05 10:24:43 | INFO | app.data_sources.yahoo_http_provider | [yahoo_http] returned 1 rows for FITB (2026-10-02 -> 2026-10-02)
2026-10-05 10:24:43 | INFO | app.data_sources.multi_source | [yahoo_http] returned 1 rows for FITB (1d)
2026-10-05 10:24:43 | INFO | app.lakehouse.bronze | Bronze append complete: received=1 duplicates=1 paths=1
2026-10-05 10:24:43 | INFO | app.data_sources.yahoo_http_provider | [yahoo_http] returned 1 rows for FLO (2026-10-02 -> 2026-10-02)
2026-10-05 10:24:43 | INFO | app.data_sources.multi_source | [yahoo_http] returned 1 rows for FLO (1d)
2026-10-05 10:24:44 | INFO | app.lakehouse.bronze | Bronze append complete: received=1 duplicates=1 paths=1
2026-10-05 10:24:44 | INFO | app.data_sources.yahoo_http_provider | [yahoo_http] returned 1 rows for FNF (2026-10-02 -> 2026-10-02)
2026-10-05 10:24:44 | INFO | app.data_sources.multi_source | [yahoo_http] returned 1 rows for FNF (1d)
2026-10-05 10:24:44 | INFO | app.lakehouse.bronze | Bronze append complete: received=1 duplicates=1 paths=1
2026-10-05 10:24:45 | INFO | app.data_sources.yahoo_http_provider | [yahoo_http] returned 1 rows for FNKO (2026-10-02 -> 2026-10-02)
2026-10-05 10:24:45 | INFO | app.data_sources.multi_source | [yahoo_http] returned 1 rows for FNKO (1d)
2026-10-05 10:24:45 | INFO | app.lakehouse.bronze | Bronze append complete: received=1 duplicates=1 paths=1
2026-10-05 10:24:45 | INFO | app.data_sources.yahoo_http_provider | [yahoo_http] returned 1 rows for FNV (2026-10-02 -> 2026-10-02)
2026-10-05 10:24:45 | INFO | app.data_sources.multi_source | [yahoo_http] returned 1 rows for FNV (1d)
2026-10-05 10:24:45 | INFO | app.lakehouse.bronze | Bronze append complete: received=1 duplicates=1 paths=1
2026-10-05 10:24:46 | WARNING | app.data_sources.multi_source | [yahoo_http] failed for FOLD: Yahoo HTTP request failed for FOLD: 404 Client Error: Not Found for url: https://query1.finance.yahoo.com/v8/finance/chart/FOLD?period1=1777309200&period2=1791145178&interval=1d&includeAdjustedClose=true&events=history
2026-10-05 10:24:46 | ERROR | yfinance | $FOLD: No data found, symbol may be delisted
2026-10-05 10:24:46 | WARNING | app.data_sources.multi_source | [yfinance] failed for FOLD: No data returned by yfinance for FOLD (1d)
2026-10-05 10:24:46 | WARNING | app.data_sources.multi_source | [finnhub] failed for FOLD: Finnhub authentication failed. Check FINNHUB_API_KEY in .env.
2026-10-05 10:24:47 | WARNING | app.data_sources.multi_source | [alpha_vantage] failed for FOLD: Alpha Vantage error: We have detected your API key as GHS8FR0JK3K0PAG0 and our standard API rate limit is 25 requests per day. Please subscribe to any of the premium plans at https://www.alphavantage.co/premium/ to instantly remove all daily rate limits.
2026-10-05 10:24:47 | WARNING | app.data_sources.multi_source | [web_scraper] failed for FOLD: Yahoo Finance request failed: 404 Client Error: Not Found for url: https://query1.finance.yahoo.com/v8/finance/chart/FOLD?period1=1777309200&period2=1791145178&interval=1d&events=history
2026-10-05 10:24:47 | WARNING | app.services.auto_refresh | AutoRefresh: provider fetch failed for FOLD: All providers failed for FOLD (1d): {'yahoo_http': 'Yahoo HTTP request failed for FOLD: 404 Client Error: Not Found for url: https://query1.finance.yahoo.com/v8/finance/chart/FOLD?period1=1777309200&period2=1791145178&interval=1d&includeAdjustedClose=true&events=history', 'yfinance': 'No data returned by yfinance for FOLD (1d)', 'finnhub': 'Finnhub authentication failed. Check FINNHUB_API_KEY in .env.', 'alpha_vantage': 'Alpha Vantage error: We have detected your API key as GHS8FR0JK3K0PAG0 and our standard API rate limit is 25 requests per day. Please subscribe to any of the premium plans at https://www.alphavantage.co/premium/ to instantly remove all daily rate limits.', 'web_scraper': 'Yahoo Finance request failed: 404 Client Error: Not Found for url: https://query1.finance.yahoo.com/v8/finance/chart/FOLD?period1=1777309200&period2=1791145178&interval=1d&events=history'}
2026-10-05 10:24:48 | INFO | app.data_sources.yahoo_http_provider | [yahoo_http] returned 1 rows for FORM (2026-10-02 -> 2026-10-02)
2026-10-05 10:24:48 | INFO | app.data_sources.multi_source | [yahoo_http] returned 1 rows for FORM (1d)
2026-10-05 10:24:48 | INFO | app.lakehouse.bronze | Bronze append complete: received=1 duplicates=1 paths=1
2026-10-05 10:24:49 | INFO | app.data_sources.yahoo_http_provider | [yahoo_http] returned 1 rows for FOX (2026-10-02 -> 2026-10-02)
2026-10-05 10:24:49 | INFO | app.data_sources.multi_source | [yahoo_http] returned 1 rows for FOX (1d)
2026-10-05 10:24:49 | INFO | app.lakehouse.bronze | Bronze append complete: received=1 duplicates=1 paths=1
2026-10-05 10:24:49 | INFO | app.data_sources.yahoo_http_provider | [yahoo_http] returned 1 rows for FOXA (2026-10-02 -> 2026-10-02)
2026-10-05 10:24:49 | INFO | app.data_sources.multi_source | [yahoo_http] returned 1 rows for FOXA (1d)
2026-10-05 10:24:49 | INFO | app.lakehouse.bronze | Bronze append complete: received=1 duplicates=1 paths=1
2026-10-05 10:24:50 | INFO | app.data_sources.yahoo_http_provider | [yahoo_http] returned 1 rows for FROG (2026-10-02 -> 2026-10-02)
2026-10-05 10:24:50 | INFO | app.data_sources.multi_source | [yahoo_http] returned 1 rows for FROG (1d)
2026-10-05 10:24:50 | INFO | app.lakehouse.bronze | Bronze append complete: received=1 duplicates=1 paths=1
2026-10-05 10:24:50 | INFO | app.data_sources.yahoo_http_provider | [yahoo_http] returned 1 rows for FRT (2026-10-02 -> 2026-10-02)
2026-10-05 10:24:50 | INFO | app.data_sources.multi_source | [yahoo_http] returned 1 rows for FRT (1d)
2026-10-05 10:24:51 | INFO | app.lakehouse.bronze | Bronze append complete: received=1 duplicates=1 paths=1
2026-10-05 10:24:51 | INFO | app.data_sources.yahoo_http_provider | [yahoo_http] returned 1 rows for FTNT (2026-10-02 -> 2026-10-02)
2026-10-05 10:24:51 | INFO | app.data_sources.multi_source | [yahoo_http] returned 1 rows for FTNT (1d)
2026-10-05 10:24:51 | INFO | app.lakehouse.bronze | Bronze append complete: received=1 duplicates=1 paths=1
2026-10-05 10:24:52 | INFO | app.data_sources.yahoo_http_provider | [yahoo_http] returned 1 rows for GBTC (2026-10-02 -> 2026-10-02)
2026-10-05 10:24:52 | INFO | app.data_sources.multi_source | [yahoo_http] returned 1 rows for GBTC (1d)
2026-10-05 10:24:52 | INFO | app.lakehouse.bronze | Bronze append complete: received=1 duplicates=1 paths=1
2026-10-05 10:24:53 | INFO | app.data_sources.yahoo_http_provider | [yahoo_http] returned 1 rows for GD (2026-10-02 -> 2026-10-02)
2026-10-05 10:24:53 | INFO | app.data_sources.multi_source | [yahoo_http] returned 1 rows for GD (1d)
2026-10-05 10:24:53 | INFO | app.lakehouse.bronze | Bronze append complete: received=1 duplicates=1 paths=1
2026-10-05 10:24:53 | INFO | app.data_sources.yahoo_http_provider | [yahoo_http] returned 1 rows for GE (2026-10-02 -> 2026-10-02)
2026-10-05 10:24:53 | INFO | app.data_sources.multi_source | [yahoo_http] returned 1 rows for GE (1d)
2026-10-05 10:24:53 | INFO | app.lakehouse.bronze | Bronze append complete: received=1 duplicates=1 paths=1
2026-10-05 10:24:53 | INFO | app.services.auto_refresh | AutoRefresh progress: 240/621 symbols processed
2026-10-05 10:24:54 | INFO | app.data_sources.yahoo_http_provider | [yahoo_http] returned 1 rows for GILD (2026-10-02 -> 2026-10-02)
2026-10-05 10:24:54 | INFO | app.data_sources.multi_source | [yahoo_http] returned 1 rows for GILD (1d)
2026-10-05 10:24:54 | INFO | app.lakehouse.bronze | Bronze append complete: received=1 duplicates=1 paths=1
2026-10-05 10:24:55 | INFO | app.data_sources.yahoo_http_provider | [yahoo_http] returned 1 rows for GIS (2026-10-02 -> 2026-10-02)
2026-10-05 10:24:55 | INFO | app.data_sources.multi_source | [yahoo_http] returned 1 rows for GIS (1d)
2026-10-05 10:24:55 | INFO | app.lakehouse.bronze | Bronze append complete: received=1 duplicates=1 paths=1
2026-10-05 10:24:55 | INFO | app.data_sources.yahoo_http_provider | [yahoo_http] returned 1 rows for GLBE (2026-10-02 -> 2026-10-02)
2026-10-05 10:24:55 | INFO | app.data_sources.multi_source | [yahoo_http] returned 1 rows for GLBE (1d)
2026-10-05 10:24:55 | INFO | app.lakehouse.bronze | Bronze append complete: received=1 duplicates=1 paths=1
2026-10-05 10:24:56 | INFO | app.data_sources.yahoo_http_provider | [yahoo_http] returned 1 rows for GLD (2026-10-02 -> 2026-10-02)
2026-10-05 10:24:56 | INFO | app.data_sources.multi_source | [yahoo_http] returned 1 rows for GLD (1d)
2026-10-05 10:24:56 | INFO | app.lakehouse.bronze | Bronze append complete: received=1 duplicates=1 paths=1
2026-10-05 10:24:56 | INFO | app.data_sources.yahoo_http_provider | [yahoo_http] returned 1 rows for GM (2026-10-02 -> 2026-10-02)
2026-10-05 10:24:56 | INFO | app.data_sources.multi_source | [yahoo_http] returned 1 rows for GM (1d)
2026-10-05 10:24:57 | INFO | app.lakehouse.bronze | Bronze append complete: received=1 duplicates=1 paths=1
2026-10-05 10:24:57 | INFO | app.data_sources.yahoo_http_provider | [yahoo_http] returned 1 rows for GNRC (2026-10-02 -> 2026-10-02)
2026-10-05 10:24:57 | INFO | app.data_sources.multi_source | [yahoo_http] returned 1 rows for GNRC (1d)
2026-10-05 10:24:57 | INFO | app.lakehouse.bronze | Bronze append complete: received=1 duplicates=1 paths=1
2026-10-05 10:24:58 | INFO | app.data_sources.yahoo_http_provider | [yahoo_http] returned 1 rows for GOLD (2026-10-02 -> 2026-10-02)
2026-10-05 10:24:58 | INFO | app.data_sources.multi_source | [yahoo_http] returned 1 rows for GOLD (1d)
2026-10-05 10:24:58 | INFO | app.lakehouse.bronze | Bronze append complete: received=1 duplicates=1 paths=1
2026-10-05 10:24:59 | INFO | app.data_sources.yahoo_http_provider | [yahoo_http] returned 1 rows for GOOG (2026-10-02 -> 2026-10-02)
2026-10-05 10:24:59 | INFO | app.data_sources.multi_source | [yahoo_http] returned 1 rows for GOOG (1d)
2026-10-05 10:24:59 | INFO | app.lakehouse.bronze | Bronze append complete: received=1 duplicates=1 paths=1
2026-10-05 10:25:00 | INFO | app.data_sources.yahoo_http_provider | [yahoo_http] returned 1 rows for GOOGL (2026-10-02 -> 2026-10-02)
2026-10-05 10:25:00 | INFO | app.data_sources.multi_source | [yahoo_http] returned 1 rows for GOOGL (1d)
2026-10-05 10:25:00 | INFO | app.lakehouse.bronze | Bronze append complete: received=1 duplicates=1 paths=1
2026-10-05 10:25:00 | INFO | app.data_sources.yahoo_http_provider | [yahoo_http] returned 1 rows for GS (2026-10-02 -> 2026-10-02)
2026-10-05 10:25:00 | INFO | app.data_sources.multi_source | [yahoo_http] returned 1 rows for GS (1d)
2026-10-05 10:25:00 | INFO | app.lakehouse.bronze | Bronze append complete: received=1 duplicates=1 paths=1
2026-10-05 10:25:01 | INFO | app.data_sources.yahoo_http_provider | [yahoo_http] returned 1 rows for GTLB (2026-10-02 -> 2026-10-02)
2026-10-05 10:25:01 | INFO | app.data_sources.multi_source | [yahoo_http] returned 1 rows for GTLB (1d)
2026-10-05 10:25:01 | INFO | app.lakehouse.bronze | Bronze append complete: received=1 duplicates=1 paths=1
2026-10-05 10:25:02 | INFO | app.data_sources.yahoo_http_provider | [yahoo_http] returned 1 rows for GTY (2026-10-02 -> 2026-10-02)
2026-10-05 10:25:02 | INFO | app.data_sources.multi_source | [yahoo_http] returned 1 rows for GTY (1d)
2026-10-05 10:25:02 | INFO | app.lakehouse.bronze | Bronze append complete: received=1 duplicates=1 paths=1
2026-10-05 10:25:02 | INFO | app.data_sources.yahoo_http_provider | [yahoo_http] returned 1 rows for HALO (2026-10-02 -> 2026-10-02)
2026-10-05 10:25:02 | INFO | app.data_sources.multi_source | [yahoo_http] returned 1 rows for HALO (1d)
2026-10-05 10:25:02 | INFO | app.lakehouse.bronze | Bronze append complete: received=1 duplicates=1 paths=1
2026-10-05 10:25:03 | INFO | app.data_sources.yahoo_http_provider | [yahoo_http] returned 1 rows for HAS (2026-10-02 -> 2026-10-02)
2026-10-05 10:25:03 | INFO | app.data_sources.multi_source | [yahoo_http] returned 1 rows for HAS (1d)
2026-10-05 10:25:03 | INFO | app.lakehouse.bronze | Bronze append complete: received=1 duplicates=1 paths=1
2026-10-05 10:25:04 | INFO | app.data_sources.yahoo_http_provider | [yahoo_http] returned 1 rows for HBAN (2026-10-02 -> 2026-10-02)
2026-10-05 10:25:04 | INFO | app.data_sources.multi_source | [yahoo_http] returned 1 rows for HBAN (1d)
2026-10-05 10:25:04 | INFO | app.lakehouse.bronze | Bronze append complete: received=1 duplicates=1 paths=1
2026-10-05 10:25:05 | INFO | app.data_sources.yahoo_http_provider | [yahoo_http] returned 1 rows for HD (2026-10-02 -> 2026-10-02)
2026-10-05 10:25:05 | INFO | app.data_sources.multi_source | [yahoo_http] returned 1 rows for HD (1d)
2026-10-05 10:25:05 | INFO | app.lakehouse.bronze | Bronze append complete: received=1 duplicates=1 paths=1
2026-10-05 10:25:06 | INFO | app.data_sources.yahoo_http_provider | [yahoo_http] returned 1 rows for HDV (2026-10-02 -> 2026-10-02)
2026-10-05 10:25:06 | INFO | app.data_sources.multi_source | [yahoo_http] returned 1 rows for HDV (1d)
2026-10-05 10:25:06 | INFO | app.lakehouse.bronze | Bronze append complete: received=1 duplicates=1 paths=1
2026-10-05 10:25:06 | INFO | app.data_sources.yahoo_http_provider | [yahoo_http] returned 1 rows for HEI (2026-10-02 -> 2026-10-02)
2026-10-05 10:25:06 | INFO | app.data_sources.multi_source | [yahoo_http] returned 1 rows for HEI (1d)
2026-10-05 10:25:07 | INFO | app.lakehouse.bronze | Bronze append complete: received=1 duplicates=1 paths=1
2026-10-05 10:25:07 | INFO | app.data_sources.yahoo_http_provider | [yahoo_http] returned 1 rows for HIG (2026-10-02 -> 2026-10-02)
2026-10-05 10:25:07 | INFO | app.data_sources.multi_source | [yahoo_http] returned 1 rows for HIG (1d)
2026-10-05 10:25:07 | INFO | app.lakehouse.bronze | Bronze append complete: received=1 duplicates=1 paths=1
2026-10-05 10:25:08 | INFO | app.data_sources.yahoo_http_provider | [yahoo_http] returned 1 rows for HIW (2026-10-02 -> 2026-10-02)
2026-10-05 10:25:08 | INFO | app.data_sources.multi_source | [yahoo_http] returned 1 rows for HIW (1d)
2026-10-05 10:25:08 | INFO | app.lakehouse.bronze | Bronze append complete: received=1 duplicates=1 paths=1
2026-10-05 10:25:08 | INFO | app.services.auto_refresh | AutoRefresh progress: 260/621 symbols processed
2026-10-05 10:25:08 | INFO | app.data_sources.yahoo_http_provider | [yahoo_http] returned 1 rows for HL (2026-10-02 -> 2026-10-02)
2026-10-05 10:25:08 | INFO | app.data_sources.multi_source | [yahoo_http] returned 1 rows for HL (1d)
2026-10-05 10:25:09 | INFO | app.lakehouse.bronze | Bronze append complete: received=1 duplicates=1 paths=1
2026-10-05 10:25:09 | WARNING | app.data_sources.multi_source | [yahoo_http] failed for HOLX: Yahoo HTTP request failed for HOLX: 404 Client Error: Not Found for url: https://query1.finance.yahoo.com/v8/finance/chart/HOLX?period1=1775581200&period2=1791145178&interval=1d&includeAdjustedClose=true&events=history
2026-10-05 10:25:09 | ERROR | yfinance | $HOLX: No data found, symbol may be delisted
2026-10-05 10:25:09 | WARNING | app.data_sources.multi_source | [yfinance] failed for HOLX: No data returned by yfinance for HOLX (1d)
2026-10-05 10:25:10 | WARNING | app.data_sources.multi_source | [finnhub] failed for HOLX: Finnhub authentication failed. Check FINNHUB_API_KEY in .env.
2026-10-05 10:25:10 | WARNING | app.data_sources.multi_source | [alpha_vantage] failed for HOLX: Alpha Vantage error: We have detected your API key as GHS8FR0JK3K0PAG0 and our standard API rate limit is 25 requests per day. Please subscribe to any of the premium plans at https://www.alphavantage.co/premium/ to instantly remove all daily rate limits.
2026-10-05 10:25:10 | WARNING | app.data_sources.multi_source | [web_scraper] failed for HOLX: Yahoo Finance request failed: 404 Client Error: Not Found for url: https://query1.finance.yahoo.com/v8/finance/chart/HOLX?period1=1775581200&period2=1791145178&interval=1d&events=history
2026-10-05 10:25:10 | WARNING | app.services.auto_refresh | AutoRefresh: provider fetch failed for HOLX: All providers failed for HOLX (1d): {'yahoo_http': 'Yahoo HTTP request failed for HOLX: 404 Client Error: Not Found for url: https://query1.finance.yahoo.com/v8/finance/chart/HOLX?period1=1775581200&period2=1791145178&interval=1d&includeAdjustedClose=true&events=history', 'yfinance': 'No data returned by yfinance for HOLX (1d)', 'finnhub': 'Finnhub authentication failed. Check FINNHUB_API_KEY in .env.', 'alpha_vantage': 'Alpha Vantage error: We have detected your API key as GHS8FR0JK3K0PAG0 and our standard API rate limit is 25 requests per day. Please subscribe to any of the premium plans at https://www.alphavantage.co/premium/ to instantly remove all daily rate limits.', 'web_scraper': 'Yahoo Finance request failed: 404 Client Error: Not Found for url: https://query1.finance.yahoo.com/v8/finance/chart/HOLX?period1=1775581200&period2=1791145178&interval=1d&events=history'}
2026-10-05 10:25:11 | INFO | app.data_sources.yahoo_http_provider | [yahoo_http] returned 1 rows for HON (2026-10-02 -> 2026-10-02)
2026-10-05 10:25:11 | INFO | app.data_sources.multi_source | [yahoo_http] returned 1 rows for HON (1d)
2026-10-05 10:25:11 | INFO | app.lakehouse.bronze | Bronze append complete: received=1 duplicates=1 paths=1
2026-10-05 10:25:11 | INFO | app.data_sources.yahoo_http_provider | [yahoo_http] returned 1 rows for HPE (2026-10-02 -> 2026-10-02)
2026-10-05 10:25:11 | INFO | app.data_sources.multi_source | [yahoo_http] returned 1 rows for HPE (1d)
2026-10-05 10:25:12 | INFO | app.lakehouse.bronze | Bronze append complete: received=1 duplicates=1 paths=1
2026-10-05 10:25:12 | INFO | app.data_sources.yahoo_http_provider | [yahoo_http] returned 1 rows for HPQ (2026-10-02 -> 2026-10-02)
2026-10-05 10:25:12 | INFO | app.data_sources.multi_source | [yahoo_http] returned 1 rows for HPQ (1d)
2026-10-05 10:25:12 | INFO | app.lakehouse.bronze | Bronze append complete: received=1 duplicates=1 paths=1
2026-10-05 10:25:13 | INFO | app.data_sources.yahoo_http_provider | [yahoo_http] returned 1 rows for HQY (2026-10-02 -> 2026-10-02)
2026-10-05 10:25:13 | INFO | app.data_sources.multi_source | [yahoo_http] returned 1 rows for HQY (1d)
2026-10-05 10:25:13 | INFO | app.lakehouse.bronze | Bronze append complete: received=1 duplicates=1 paths=1
2026-10-05 10:25:14 | INFO | app.data_sources.yahoo_http_provider | [yahoo_http] returned 1 rows for HR (2026-10-02 -> 2026-10-02)
2026-10-05 10:25:14 | INFO | app.data_sources.multi_source | [yahoo_http] returned 1 rows for HR (1d)
2026-10-05 10:25:15 | INFO | app.lakehouse.bronze | Bronze append complete: received=1 duplicates=1 paths=1
2026-10-05 10:25:15 | INFO | app.data_sources.yahoo_http_provider | [yahoo_http] returned 1 rows for HRB (2026-10-02 -> 2026-10-02)
2026-10-05 10:25:15 | INFO | app.data_sources.multi_source | [yahoo_http] returned 1 rows for HRB (1d)
2026-10-05 10:25:15 | INFO | app.lakehouse.bronze | Bronze append complete: received=1 duplicates=1 paths=1
2026-10-05 10:25:16 | INFO | app.data_sources.yahoo_http_provider | [yahoo_http] returned 1 rows for HRL (2026-10-02 -> 2026-10-02)
2026-10-05 10:25:16 | INFO | app.data_sources.multi_source | [yahoo_http] returned 1 rows for HRL (1d)
2026-10-05 10:25:16 | INFO | app.lakehouse.bronze | Bronze append complete: received=1 duplicates=1 paths=1
2026-10-05 10:25:17 | INFO | app.data_sources.yahoo_http_provider | [yahoo_http] returned 1 rows for HST (2026-10-02 -> 2026-10-02)
2026-10-05 10:25:17 | INFO | app.data_sources.multi_source | [yahoo_http] returned 1 rows for HST (1d)
2026-10-05 10:25:17 | INFO | app.lakehouse.bronze | Bronze append complete: received=1 duplicates=1 paths=1
2026-10-05 10:25:17 | INFO | app.data_sources.yahoo_http_provider | [yahoo_http] returned 1 rows for HSY (2026-10-02 -> 2026-10-02)
2026-10-05 10:25:17 | INFO | app.data_sources.multi_source | [yahoo_http] returned 1 rows for HSY (1d)
2026-10-05 10:25:17 | INFO | app.lakehouse.bronze | Bronze append complete: received=1 duplicates=1 paths=1
2026-10-05 10:25:18 | INFO | app.data_sources.yahoo_http_provider | [yahoo_http] returned 1 rows for HWM (2026-10-02 -> 2026-10-02)
2026-10-05 10:25:18 | INFO | app.data_sources.multi_source | [yahoo_http] returned 1 rows for HWM (1d)
2026-10-05 10:25:18 | INFO | app.lakehouse.bronze | Bronze append complete: received=1 duplicates=1 paths=1
2026-10-05 10:25:19 | INFO | app.data_sources.yahoo_http_provider | [yahoo_http] returned 1 rows for HYG (2026-10-02 -> 2026-10-02)
2026-10-05 10:25:19 | INFO | app.data_sources.multi_source | [yahoo_http] returned 1 rows for HYG (1d)
2026-10-05 10:25:19 | INFO | app.lakehouse.bronze | Bronze append complete: received=1 duplicates=1 paths=1
2026-10-05 10:25:19 | INFO | app.data_sources.yahoo_http_provider | [yahoo_http] returned 1 rows for IBM (2026-10-02 -> 2026-10-02)
2026-10-05 10:25:19 | INFO | app.data_sources.multi_source | [yahoo_http] returned 1 rows for IBM (1d)
2026-10-05 10:25:20 | INFO | app.lakehouse.bronze | Bronze append complete: received=1 duplicates=1 paths=1
2026-10-05 10:25:20 | INFO | app.data_sources.yahoo_http_provider | [yahoo_http] returned 1 rows for ICE (2026-10-02 -> 2026-10-02)
2026-10-05 10:25:20 | INFO | app.data_sources.multi_source | [yahoo_http] returned 1 rows for ICE (1d)
2026-10-05 10:25:20 | INFO | app.lakehouse.bronze | Bronze append complete: received=1 duplicates=1 paths=1
2026-10-05 10:25:21 | INFO | app.data_sources.yahoo_http_provider | [yahoo_http] returned 1 rows for ICL (2026-10-02 -> 2026-10-02)
2026-10-05 10:25:21 | INFO | app.data_sources.multi_source | [yahoo_http] returned 1 rows for ICL (1d)
2026-10-05 10:25:22 | INFO | app.lakehouse.bronze | Bronze append complete: received=1 duplicates=1 paths=1
2026-10-05 10:25:22 | INFO | app.data_sources.yahoo_http_provider | [yahoo_http] returned 1 rows for ICLR (2026-10-02 -> 2026-10-02)
2026-10-05 10:25:22 | INFO | app.data_sources.multi_source | [yahoo_http] returned 1 rows for ICLR (1d)
2026-10-05 10:25:22 | INFO | app.lakehouse.bronze | Bronze append complete: received=1 duplicates=1 paths=1
2026-10-05 10:25:23 | INFO | app.data_sources.yahoo_http_provider | [yahoo_http] returned 1 rows for IDXX (2026-10-02 -> 2026-10-02)
2026-10-05 10:25:23 | INFO | app.data_sources.multi_source | [yahoo_http] returned 1 rows for IDXX (1d)
2026-10-05 10:25:23 | INFO | app.lakehouse.bronze | Bronze append complete: received=1 duplicates=1 paths=1
2026-10-05 10:25:24 | INFO | app.data_sources.yahoo_http_provider | [yahoo_http] returned 1 rows for IEF (2026-10-02 -> 2026-10-02)
2026-10-05 10:25:24 | INFO | app.data_sources.multi_source | [yahoo_http] returned 1 rows for IEF (1d)
2026-10-05 10:25:24 | INFO | app.lakehouse.bronze | Bronze append complete: received=1 duplicates=1 paths=1
2026-10-05 10:25:24 | INFO | app.data_sources.yahoo_http_provider | [yahoo_http] returned 1 rows for ILMN (2026-10-02 -> 2026-10-02)
2026-10-05 10:25:24 | INFO | app.data_sources.multi_source | [yahoo_http] returned 1 rows for ILMN (1d)
2026-10-05 10:25:24 | INFO | app.lakehouse.bronze | Bronze append complete: received=1 duplicates=1 paths=1
2026-10-05 10:25:24 | INFO | app.services.auto_refresh | AutoRefresh progress: 280/621 symbols processed
2026-10-05 10:25:25 | INFO | app.data_sources.yahoo_http_provider | [yahoo_http] returned 1 rows for IMVT (2026-10-02 -> 2026-10-02)
2026-10-05 10:25:25 | INFO | app.data_sources.multi_source | [yahoo_http] returned 1 rows for IMVT (1d)
2026-10-05 10:25:25 | INFO | app.lakehouse.bronze | Bronze append complete: received=1 duplicates=1 paths=1
2026-10-05 10:25:25 | INFO | app.data_sources.yahoo_http_provider | [yahoo_http] returned 1 rows for INCY (2026-10-02 -> 2026-10-02)
2026-10-05 10:25:25 | INFO | app.data_sources.multi_source | [yahoo_http] returned 1 rows for INCY (1d)
2026-10-05 10:25:25 | INFO | app.lakehouse.bronze | Bronze append complete: received=1 duplicates=1 paths=1
2026-10-05 10:25:26 | INFO | app.data_sources.yahoo_http_provider | [yahoo_http] returned 1 rows for INTC (2026-10-02 -> 2026-10-02)
2026-10-05 10:25:26 | INFO | app.data_sources.multi_source | [yahoo_http] returned 1 rows for INTC (1d)
2026-10-05 10:25:26 | INFO | app.lakehouse.bronze | Bronze append complete: received=1 duplicates=1 paths=1
2026-10-05 10:25:27 | INFO | app.data_sources.yahoo_http_provider | [yahoo_http] returned 1 rows for INTU (2026-10-02 -> 2026-10-02)
2026-10-05 10:25:27 | INFO | app.data_sources.multi_source | [yahoo_http] returned 1 rows for INTU (1d)
2026-10-05 10:25:27 | INFO | app.lakehouse.bronze | Bronze append complete: received=1 duplicates=1 paths=1
2026-10-05 10:25:27 | INFO | app.data_sources.yahoo_http_provider | [yahoo_http] returned 1 rows for IOVA (2026-10-02 -> 2026-10-02)
2026-10-05 10:25:27 | INFO | app.data_sources.multi_source | [yahoo_http] returned 1 rows for IOVA (1d)
2026-10-05 10:25:27 | INFO | app.lakehouse.bronze | Bronze append complete: received=1 duplicates=1 paths=1
2026-10-05 10:25:28 | WARNING | app.data_sources.multi_source | [yahoo_http] failed for IPG: Yahoo HTTP request failed for IPG: 404 Client Error: Not Found for url: https://query1.finance.yahoo.com/v8/finance/chart/IPG?period1=1764176400&period2=1791145178&interval=1d&includeAdjustedClose=true&events=history
2026-10-05 10:25:28 | ERROR | yfinance | $IPG: No data found, symbol may be delisted
2026-10-05 10:25:28 | WARNING | app.data_sources.multi_source | [yfinance] failed for IPG: No data returned by yfinance for IPG (1d)
2026-10-05 10:25:29 | WARNING | app.data_sources.multi_source | [finnhub] failed for IPG: Finnhub authentication failed. Check FINNHUB_API_KEY in .env.
2026-10-05 10:25:29 | WARNING | app.data_sources.multi_source | [alpha_vantage] failed for IPG: Alpha Vantage error: We have detected your API key as GHS8FR0JK3K0PAG0 and our standard API rate limit is 25 requests per day. Please subscribe to any of the premium plans at https://www.alphavantage.co/premium/ to instantly remove all daily rate limits.
2026-10-05 10:25:29 | WARNING | app.data_sources.multi_source | [web_scraper] failed for IPG: Yahoo Finance request failed: 404 Client Error: Not Found for url: https://query1.finance.yahoo.com/v8/finance/chart/IPG?period1=1764176400&period2=1791145178&interval=1d&events=history
2026-10-05 10:25:29 | WARNING | app.services.auto_refresh | AutoRefresh: provider fetch failed for IPG: All providers failed for IPG (1d): {'yahoo_http': 'Yahoo HTTP request failed for IPG: 404 Client Error: Not Found for url: https://query1.finance.yahoo.com/v8/finance/chart/IPG?period1=1764176400&period2=1791145178&interval=1d&includeAdjustedClose=true&events=history', 'yfinance': 'No data returned by yfinance for IPG (1d)', 'finnhub': 'Finnhub authentication failed. Check FINNHUB_API_KEY in .env.', 'alpha_vantage': 'Alpha Vantage error: We have detected your API key as GHS8FR0JK3K0PAG0 and our standard API rate limit is 25 requests per day. Please subscribe to any of the premium plans at https://www.alphavantage.co/premium/ to instantly remove all daily rate limits.', 'web_scraper': 'Yahoo Finance request failed: 404 Client Error: Not Found for url: https://query1.finance.yahoo.com/v8/finance/chart/IPG?period1=1764176400&period2=1791145178&interval=1d&events=history'}
2026-10-05 10:25:30 | INFO | app.data_sources.yahoo_http_provider | [yahoo_http] returned 1 rows for IR (2026-10-02 -> 2026-10-02)
2026-10-05 10:25:30 | INFO | app.data_sources.multi_source | [yahoo_http] returned 1 rows for IR (1d)
2026-10-05 10:25:30 | INFO | app.lakehouse.bronze | Bronze append complete: received=1 duplicates=1 paths=1
2026-10-05 10:25:30 | INFO | app.data_sources.yahoo_http_provider | [yahoo_http] returned 1 rows for IRON (2026-10-02 -> 2026-10-02)
2026-10-05 10:25:30 | INFO | app.data_sources.multi_source | [yahoo_http] returned 1 rows for IRON (1d)
2026-10-05 10:25:30 | INFO | app.lakehouse.bronze | Bronze append complete: received=1 duplicates=1 paths=1
2026-10-05 10:25:31 | INFO | app.data_sources.yahoo_http_provider | [yahoo_http] returned 1 rows for ISRG (2026-10-02 -> 2026-10-02)
2026-10-05 10:25:31 | INFO | app.data_sources.multi_source | [yahoo_http] returned 1 rows for ISRG (1d)
2026-10-05 10:25:31 | INFO | app.lakehouse.bronze | Bronze append complete: received=1 duplicates=1 paths=1
2026-10-05 10:25:32 | INFO | app.data_sources.yahoo_http_provider | [yahoo_http] returned 1 rows for ITW (2026-10-02 -> 2026-10-02)
2026-10-05 10:25:32 | INFO | app.data_sources.multi_source | [yahoo_http] returned 1 rows for ITW (1d)
2026-10-05 10:25:32 | INFO | app.lakehouse.bronze | Bronze append complete: received=1 duplicates=1 paths=1
2026-10-05 10:25:32 | INFO | app.data_sources.yahoo_http_provider | [yahoo_http] returned 1 rows for IWM (2026-10-02 -> 2026-10-02)
2026-10-05 10:25:32 | INFO | app.data_sources.multi_source | [yahoo_http] returned 1 rows for IWM (1d)
2026-10-05 10:25:33 | INFO | app.lakehouse.bronze | Bronze append complete: received=1 duplicates=1 paths=1
2026-10-05 10:25:33 | INFO | app.data_sources.yahoo_http_provider | [yahoo_http] returned 1 rows for JACK (2026-10-02 -> 2026-10-02)
2026-10-05 10:25:33 | INFO | app.data_sources.multi_source | [yahoo_http] returned 1 rows for JACK (1d)
2026-10-05 10:25:33 | INFO | app.lakehouse.bronze | Bronze append complete: received=1 duplicates=1 paths=1
2026-10-05 10:25:34 | INFO | app.data_sources.yahoo_http_provider | [yahoo_http] returned 1 rows for JAZZ (2026-10-02 -> 2026-10-02)
2026-10-05 10:25:34 | INFO | app.data_sources.multi_source | [yahoo_http] returned 1 rows for JAZZ (1d)
2026-10-05 10:25:34 | INFO | app.lakehouse.bronze | Bronze append complete: received=1 duplicates=1 paths=1
2026-10-05 10:25:34 | INFO | app.data_sources.yahoo_http_provider | [yahoo_http] returned 1 rows for JBHT (2026-10-02 -> 2026-10-02)
2026-10-05 10:25:34 | INFO | app.data_sources.multi_source | [yahoo_http] returned 1 rows for JBHT (1d)
2026-10-05 10:25:35 | INFO | app.lakehouse.bronze | Bronze append complete: received=1 duplicates=1 paths=1
2026-10-05 10:25:35 | INFO | app.data_sources.yahoo_http_provider | [yahoo_http] returned 1 rows for JBLU (2026-10-02 -> 2026-10-02)
2026-10-05 10:25:35 | INFO | app.data_sources.multi_source | [yahoo_http] returned 1 rows for JBLU (1d)
2026-10-05 10:25:35 | INFO | app.lakehouse.bronze | Bronze append complete: received=1 duplicates=1 paths=1
2026-10-05 10:25:36 | INFO | app.data_sources.yahoo_http_provider | [yahoo_http] returned 1 rows for JNJ (2026-10-02 -> 2026-10-02)
2026-10-05 10:25:36 | INFO | app.data_sources.multi_source | [yahoo_http] returned 1 rows for JNJ (1d)
2026-10-05 10:25:36 | INFO | app.lakehouse.bronze | Bronze append complete: received=1 duplicates=1 paths=1
2026-10-05 10:25:37 | INFO | app.data_sources.yahoo_http_provider | [yahoo_http] returned 1 rows for JPM (2026-10-02 -> 2026-10-02)
2026-10-05 10:25:37 | INFO | app.data_sources.multi_source | [yahoo_http] returned 1 rows for JPM (1d)
2026-10-05 10:25:37 | INFO | app.lakehouse.bronze | Bronze append complete: received=1 duplicates=1 paths=1
2026-10-05 10:25:37 | INFO | app.data_sources.yahoo_http_provider | [yahoo_http] returned 1 rows for KDP (2026-10-02 -> 2026-10-02)
2026-10-05 10:25:37 | INFO | app.data_sources.multi_source | [yahoo_http] returned 1 rows for KDP (1d)
2026-10-05 10:25:37 | INFO | app.lakehouse.bronze | Bronze append complete: received=1 duplicates=1 paths=1
2026-10-05 10:25:38 | INFO | app.data_sources.yahoo_http_provider | [yahoo_http] returned 1 rows for KEY (2026-10-02 -> 2026-10-02)
2026-10-05 10:25:38 | INFO | app.data_sources.multi_source | [yahoo_http] returned 1 rows for KEY (1d)
2026-10-05 10:25:38 | INFO | app.lakehouse.bronze | Bronze append complete: received=1 duplicates=1 paths=1
2026-10-05 10:25:39 | INFO | app.data_sources.yahoo_http_provider | [yahoo_http] returned 1 rows for KGC (2026-10-02 -> 2026-10-02)
2026-10-05 10:25:39 | INFO | app.data_sources.multi_source | [yahoo_http] returned 1 rows for KGC (1d)
2026-10-05 10:25:39 | INFO | app.lakehouse.bronze | Bronze append complete: received=1 duplicates=1 paths=1
2026-10-05 10:25:39 | INFO | app.services.auto_refresh | AutoRefresh progress: 300/621 symbols processed
2026-10-05 10:25:39 | INFO | app.data_sources.yahoo_http_provider | [yahoo_http] returned 1 rows for KHC (2026-10-02 -> 2026-10-02)
2026-10-05 10:25:39 | INFO | app.data_sources.multi_source | [yahoo_http] returned 1 rows for KHC (1d)
2026-10-05 10:25:39 | INFO | app.lakehouse.bronze | Bronze append complete: received=1 duplicates=1 paths=1
2026-10-05 10:25:40 | INFO | app.data_sources.yahoo_http_provider | [yahoo_http] returned 1 rows for KIM (2026-10-02 -> 2026-10-02)
2026-10-05 10:25:40 | INFO | app.data_sources.multi_source | [yahoo_http] returned 1 rows for KIM (1d)
2026-10-05 10:25:40 | INFO | app.lakehouse.bronze | Bronze append complete: received=1 duplicates=1 paths=1
2026-10-05 10:25:41 | INFO | app.data_sources.yahoo_http_provider | [yahoo_http] returned 1 rows for KLAC (2026-10-02 -> 2026-10-02)
2026-10-05 10:25:41 | INFO | app.data_sources.multi_source | [yahoo_http] returned 1 rows for KLAC (1d)
2026-10-05 10:25:41 | INFO | app.lakehouse.bronze | Bronze append complete: received=1 duplicates=1 paths=1
2026-10-05 10:25:41 | WARNING | app.data_sources.multi_source | [yahoo_http] failed for KLG: Yahoo HTTP request failed for KLG: 404 Client Error: Not Found for url: https://query1.finance.yahoo.com/v8/finance/chart/KLG?period1=1696266000&period2=1791145178&interval=1d&includeAdjustedClose=true&events=history
2026-10-05 10:25:42 | ERROR | yfinance | $KLG: No data found, symbol may be delisted
2026-10-05 10:25:42 | WARNING | app.data_sources.multi_source | [yfinance] failed for KLG: No data returned by yfinance for KLG (1d)
2026-10-05 10:25:42 | WARNING | app.data_sources.multi_source | [finnhub] failed for KLG: Finnhub authentication failed. Check FINNHUB_API_KEY in .env.
2026-10-05 10:25:42 | WARNING | app.data_sources.multi_source | [alpha_vantage] failed for KLG: Alpha Vantage error: We have detected your API key as GHS8FR0JK3K0PAG0 and our standard API rate limit is 25 requests per day. Please subscribe to any of the premium plans at https://www.alphavantage.co/premium/ to instantly remove all daily rate limits.
2026-10-05 10:25:43 | WARNING | app.data_sources.multi_source | [web_scraper] failed for KLG: Yahoo Finance request failed: 404 Client Error: Not Found for url: https://query1.finance.yahoo.com/v8/finance/chart/KLG?period1=1696266000&period2=1791145178&interval=1d&events=history
2026-10-05 10:25:43 | WARNING | app.services.auto_refresh | AutoRefresh: provider fetch failed for KLG: All providers failed for KLG (1d): {'yahoo_http': 'Yahoo HTTP request failed for KLG: 404 Client Error: Not Found for url: https://query1.finance.yahoo.com/v8/finance/chart/KLG?period1=1696266000&period2=1791145178&interval=1d&includeAdjustedClose=true&events=history', 'yfinance': 'No data returned by yfinance for KLG (1d)', 'finnhub': 'Finnhub authentication failed. Check FINNHUB_API_KEY in .env.', 'alpha_vantage': 'Alpha Vantage error: We have detected your API key as GHS8FR0JK3K0PAG0 and our standard API rate limit is 25 requests per day. Please subscribe to any of the premium plans at https://www.alphavantage.co/premium/ to instantly remove all daily rate limits.', 'web_scraper': 'Yahoo Finance request failed: 404 Client Error: Not Found for url: https://query1.finance.yahoo.com/v8/finance/chart/KLG?period1=1696266000&period2=1791145178&interval=1d&events=history'}
2026-10-05 10:25:43 | INFO | app.data_sources.yahoo_http_provider | [yahoo_http] returned 1 rows for KMI (2026-10-02 -> 2026-10-02)
2026-10-05 10:25:43 | INFO | app.data_sources.multi_source | [yahoo_http] returned 1 rows for KMI (1d)
2026-10-05 10:25:43 | INFO | app.lakehouse.bronze | Bronze append complete: received=1 duplicates=1 paths=1
2026-10-05 10:25:44 | INFO | app.data_sources.yahoo_http_provider | [yahoo_http] returned 1 rows for KMX (2026-10-02 -> 2026-10-02)
2026-10-05 10:25:44 | INFO | app.data_sources.multi_source | [yahoo_http] returned 1 rows for KMX (1d)
2026-10-05 10:25:44 | INFO | app.lakehouse.bronze | Bronze append complete: received=1 duplicates=1 paths=1
2026-10-05 10:25:44 | INFO | app.data_sources.yahoo_http_provider | [yahoo_http] returned 1 rows for KNX (2026-10-02 -> 2026-10-02)
2026-10-05 10:25:44 | INFO | app.data_sources.multi_source | [yahoo_http] returned 1 rows for KNX (1d)
2026-10-05 10:25:44 | INFO | app.lakehouse.bronze | Bronze append complete: received=1 duplicates=1 paths=1
2026-10-05 10:25:45 | INFO | app.data_sources.yahoo_http_provider | [yahoo_http] returned 1 rows for KO (2026-10-02 -> 2026-10-02)
2026-10-05 10:25:45 | INFO | app.data_sources.multi_source | [yahoo_http] returned 1 rows for KO (1d)
2026-10-05 10:25:45 | INFO | app.lakehouse.bronze | Bronze append complete: received=1 duplicates=1 paths=1
2026-10-05 10:25:46 | INFO | app.data_sources.yahoo_http_provider | [yahoo_http] returned 1 rows for KR (2026-10-02 -> 2026-10-02)
2026-10-05 10:25:46 | INFO | app.data_sources.multi_source | [yahoo_http] returned 1 rows for KR (1d)
2026-10-05 10:25:47 | INFO | app.lakehouse.bronze | Bronze append complete: received=1 duplicates=1 paths=1
2026-10-05 10:25:47 | INFO | app.data_sources.yahoo_http_provider | [yahoo_http] returned 1 rows for KRC (2026-10-02 -> 2026-10-02)
2026-10-05 10:25:47 | INFO | app.data_sources.multi_source | [yahoo_http] returned 1 rows for KRC (1d)
2026-10-05 10:25:47 | INFO | app.lakehouse.bronze | Bronze append complete: received=1 duplicates=1 paths=1
2026-10-05 10:25:48 | INFO | app.data_sources.yahoo_http_provider | [yahoo_http] returned 1 rows for KRYS (2026-10-02 -> 2026-10-02)
2026-10-05 10:25:48 | INFO | app.data_sources.multi_source | [yahoo_http] returned 1 rows for KRYS (1d)
2026-10-05 10:25:48 | INFO | app.lakehouse.bronze | Bronze append complete: received=1 duplicates=1 paths=1
2026-10-05 10:25:48 | INFO | app.data_sources.yahoo_http_provider | [yahoo_http] returned 1 rows for KSS (2026-10-02 -> 2026-10-02)
2026-10-05 10:25:48 | INFO | app.data_sources.multi_source | [yahoo_http] returned 1 rows for KSS (1d)
2026-10-05 10:25:49 | INFO | app.lakehouse.bronze | Bronze append complete: received=1 duplicates=1 paths=1
2026-10-05 10:25:49 | INFO | app.data_sources.yahoo_http_provider | [yahoo_http] returned 1 rows for KYMR (2026-10-02 -> 2026-10-02)
2026-10-05 10:25:49 | INFO | app.data_sources.multi_source | [yahoo_http] returned 1 rows for KYMR (1d)
2026-10-05 10:25:49 | INFO | app.lakehouse.bronze | Bronze append complete: received=1 duplicates=1 paths=1
2026-10-05 10:25:49 | INFO | app.data_sources.yahoo_http_provider | [yahoo_http] returned 1 rows for LAC (2026-10-02 -> 2026-10-02)
2026-10-05 10:25:49 | INFO | app.data_sources.multi_source | [yahoo_http] returned 1 rows for LAC (1d)
2026-10-05 10:25:49 | INFO | app.lakehouse.bronze | Bronze append complete: received=1 duplicates=1 paths=1
2026-10-05 10:25:50 | INFO | app.data_sources.yahoo_http_provider | [yahoo_http] returned 1 rows for LCID (2026-10-02 -> 2026-10-02)
2026-10-05 10:25:50 | INFO | app.data_sources.multi_source | [yahoo_http] returned 1 rows for LCID (1d)
2026-10-05 10:25:50 | INFO | app.lakehouse.bronze | Bronze append complete: received=1 duplicates=1 paths=1
2026-10-05 10:25:51 | INFO | app.data_sources.yahoo_http_provider | [yahoo_http] returned 1 rows for LH (2026-10-02 -> 2026-10-02)
2026-10-05 10:25:51 | INFO | app.data_sources.multi_source | [yahoo_http] returned 1 rows for LH (1d)
2026-10-05 10:25:51 | INFO | app.lakehouse.bronze | Bronze append complete: received=1 duplicates=1 paths=1
2026-10-05 10:25:51 | INFO | app.data_sources.yahoo_http_provider | [yahoo_http] returned 1 rows for LI (2026-10-02 -> 2026-10-02)
2026-10-05 10:25:51 | INFO | app.data_sources.multi_source | [yahoo_http] returned 1 rows for LI (1d)
2026-10-05 10:25:51 | INFO | app.lakehouse.bronze | Bronze append complete: received=1 duplicates=1 paths=1
2026-10-05 10:25:52 | INFO | app.data_sources.yahoo_http_provider | [yahoo_http] returned 1 rows for LIN (2026-10-02 -> 2026-10-02)
2026-10-05 10:25:52 | INFO | app.data_sources.multi_source | [yahoo_http] returned 1 rows for LIN (1d)
2026-10-05 10:25:52 | INFO | app.lakehouse.bronze | Bronze append complete: received=1 duplicates=1 paths=1
2026-10-05 10:25:53 | INFO | app.data_sources.yahoo_http_provider | [yahoo_http] returned 1 rows for LLY (2026-10-02 -> 2026-10-02)
2026-10-05 10:25:53 | INFO | app.data_sources.multi_source | [yahoo_http] returned 1 rows for LLY (1d)
2026-10-05 10:25:53 | INFO | app.lakehouse.bronze | Bronze append complete: received=1 duplicates=1 paths=1
2026-10-05 10:25:54 | INFO | app.data_sources.yahoo_http_provider | [yahoo_http] returned 1 rows for LMT (2026-10-02 -> 2026-10-02)
2026-10-05 10:25:54 | INFO | app.data_sources.multi_source | [yahoo_http] returned 1 rows for LMT (1d)
2026-10-05 10:25:54 | INFO | app.lakehouse.bronze | Bronze append complete: received=1 duplicates=1 paths=1
2026-10-05 10:25:54 | INFO | app.services.auto_refresh | AutoRefresh progress: 320/621 symbols processed
2026-10-05 10:25:54 | INFO | app.data_sources.yahoo_http_provider | [yahoo_http] returned 1 rows for LNT (2026-10-02 -> 2026-10-02)
2026-10-05 10:25:54 | INFO | app.data_sources.multi_source | [yahoo_http] returned 1 rows for LNT (1d)
2026-10-05 10:25:54 | INFO | app.lakehouse.bronze | Bronze append complete: received=1 duplicates=1 paths=1
2026-10-05 10:25:55 | INFO | app.data_sources.yahoo_http_provider | [yahoo_http] returned 1 rows for LOW (2026-10-02 -> 2026-10-02)
2026-10-05 10:25:55 | INFO | app.data_sources.multi_source | [yahoo_http] returned 1 rows for LOW (1d)
2026-10-05 10:25:55 | INFO | app.lakehouse.bronze | Bronze append complete: received=1 duplicates=1 paths=1
2026-10-05 10:25:56 | INFO | app.data_sources.yahoo_http_provider | [yahoo_http] returned 1 rows for LQD (2026-10-02 -> 2026-10-02)
2026-10-05 10:25:56 | INFO | app.data_sources.multi_source | [yahoo_http] returned 1 rows for LQD (1d)
2026-10-05 10:25:56 | INFO | app.lakehouse.bronze | Bronze append complete: received=1 duplicates=1 paths=1
2026-10-05 10:25:56 | INFO | app.data_sources.yahoo_http_provider | [yahoo_http] returned 1 rows for LRCX (2026-10-02 -> 2026-10-02)
2026-10-05 10:25:56 | INFO | app.data_sources.multi_source | [yahoo_http] returned 1 rows for LRCX (1d)
2026-10-05 10:25:56 | INFO | app.lakehouse.bronze | Bronze append complete: received=1 duplicates=1 paths=1
2026-10-05 10:25:57 | WARNING | app.data_sources.multi_source | [yahoo_http] failed for LTHM: Yahoo HTTP request failed for LTHM: 404 Client Error: Not Found for url: https://query1.finance.yahoo.com/v8/finance/chart/LTHM?period1=1704387600&period2=1791145178&interval=1d&includeAdjustedClose=true&events=history
2026-10-05 10:25:57 | ERROR | yfinance | $LTHM: No data found, symbol may be delisted
2026-10-05 10:25:57 | WARNING | app.data_sources.multi_source | [yfinance] failed for LTHM: No data returned by yfinance for LTHM (1d)
2026-10-05 10:25:57 | WARNING | app.data_sources.multi_source | [finnhub] failed for LTHM: Finnhub authentication failed. Check FINNHUB_API_KEY in .env.
2026-10-05 10:25:58 | WARNING | app.data_sources.multi_source | [alpha_vantage] failed for LTHM: Alpha Vantage error: We have detected your API key as GHS8FR0JK3K0PAG0 and our standard API rate limit is 25 requests per day. Please subscribe to any of the premium plans at https://www.alphavantage.co/premium/ to instantly remove all daily rate limits.
2026-10-05 10:25:58 | WARNING | app.data_sources.multi_source | [web_scraper] failed for LTHM: Yahoo Finance request failed: 404 Client Error: Not Found for url: https://query1.finance.yahoo.com/v8/finance/chart/LTHM?period1=1704387600&period2=1791145178&interval=1d&events=history
2026-10-05 10:25:58 | WARNING | app.services.auto_refresh | AutoRefresh: provider fetch failed for LTHM: All providers failed for LTHM (1d): {'yahoo_http': 'Yahoo HTTP request failed for LTHM: 404 Client Error: Not Found for url: https://query1.finance.yahoo.com/v8/finance/chart/LTHM?period1=1704387600&period2=1791145178&interval=1d&includeAdjustedClose=true&events=history', 'yfinance': 'No data returned by yfinance for LTHM (1d)', 'finnhub': 'Finnhub authentication failed. Check FINNHUB_API_KEY in .env.', 'alpha_vantage': 'Alpha Vantage error: We have detected your API key as GHS8FR0JK3K0PAG0 and our standard API rate limit is 25 requests per day. Please subscribe to any of the premium plans at https://www.alphavantage.co/premium/ to instantly remove all daily rate limits.', 'web_scraper': 'Yahoo Finance request failed: 404 Client Error: Not Found for url: https://query1.finance.yahoo.com/v8/finance/chart/LTHM?period1=1704387600&period2=1791145178&interval=1d&events=history'}
2026-10-05 10:25:59 | INFO | app.data_sources.yahoo_http_provider | [yahoo_http] returned 1 rows for LUV (2026-10-02 -> 2026-10-02)
2026-10-05 10:25:59 | INFO | app.data_sources.multi_source | [yahoo_http] returned 1 rows for LUV (1d)
2026-10-05 10:25:59 | INFO | app.lakehouse.bronze | Bronze append complete: received=1 duplicates=1 paths=1
2026-10-05 10:25:59 | INFO | app.data_sources.yahoo_http_provider | [yahoo_http] returned 1 rows for LYFT (2026-10-02 -> 2026-10-02)
2026-10-05 10:25:59 | INFO | app.data_sources.multi_source | [yahoo_http] returned 1 rows for LYFT (1d)
2026-10-05 10:25:59 | INFO | app.lakehouse.bronze | Bronze append complete: received=1 duplicates=1 paths=1
2026-10-05 10:26:00 | INFO | app.data_sources.yahoo_http_provider | [yahoo_http] returned 1 rows for LYV (2026-10-02 -> 2026-10-02)
2026-10-05 10:26:00 | INFO | app.data_sources.multi_source | [yahoo_http] returned 1 rows for LYV (1d)
2026-10-05 10:26:00 | INFO | app.lakehouse.bronze | Bronze append complete: received=1 duplicates=1 paths=1
2026-10-05 10:26:16 | INFO | app.data_sources.yahoo_http_provider | [yahoo_http] returned 1 rows for M (2026-10-02 -> 2026-10-02)
2026-10-05 10:26:16 | INFO | app.data_sources.multi_source | [yahoo_http] returned 1 rows for M (1d)
2026-10-05 10:26:16 | INFO | app.lakehouse.bronze | Bronze append complete: received=1 duplicates=1 paths=1
2026-10-05 10:26:18 | INFO | app.data_sources.yahoo_http_provider | [yahoo_http] returned 1 rows for MA (2026-10-02 -> 2026-10-02)
2026-10-05 10:26:18 | INFO | app.data_sources.multi_source | [yahoo_http] returned 1 rows for MA (1d)
2026-10-05 10:26:18 | INFO | app.lakehouse.bronze | Bronze append complete: received=1 duplicates=1 paths=1
2026-10-05 10:26:18 | INFO | app.data_sources.yahoo_http_provider | [yahoo_http] returned 1 rows for MAA (2026-10-02 -> 2026-10-02)
2026-10-05 10:26:18 | INFO | app.data_sources.multi_source | [yahoo_http] returned 1 rows for MAA (1d)
2026-10-05 10:26:19 | INFO | app.lakehouse.bronze | Bronze append complete: received=1 duplicates=1 paths=1
2026-10-05 10:26:19 | INFO | app.data_sources.yahoo_http_provider | [yahoo_http] returned 1 rows for MAC (2026-10-02 -> 2026-10-02)
2026-10-05 10:26:19 | INFO | app.data_sources.multi_source | [yahoo_http] returned 1 rows for MAC (1d)
2026-10-05 10:26:19 | INFO | app.lakehouse.bronze | Bronze append complete: received=1 duplicates=1 paths=1
2026-10-05 10:26:20 | INFO | app.data_sources.yahoo_http_provider | [yahoo_http] returned 1 rows for MAS (2026-10-02 -> 2026-10-02)
2026-10-05 10:26:20 | INFO | app.data_sources.multi_source | [yahoo_http] returned 1 rows for MAS (1d)
2026-10-05 10:26:20 | INFO | app.lakehouse.bronze | Bronze append complete: received=1 duplicates=1 paths=1
2026-10-05 10:26:21 | INFO | app.data_sources.yahoo_http_provider | [yahoo_http] returned 1 rows for MAT (2026-10-02 -> 2026-10-02)
2026-10-05 10:26:21 | INFO | app.data_sources.multi_source | [yahoo_http] returned 1 rows for MAT (1d)
2026-10-05 10:26:21 | INFO | app.lakehouse.bronze | Bronze append complete: received=1 duplicates=1 paths=1
2026-10-05 10:26:21 | INFO | app.data_sources.yahoo_http_provider | [yahoo_http] returned 1 rows for MBLY (2026-10-02 -> 2026-10-02)
2026-10-05 10:26:21 | INFO | app.data_sources.multi_source | [yahoo_http] returned 1 rows for MBLY (1d)
2026-10-05 10:26:21 | INFO | app.lakehouse.bronze | Bronze append complete: received=1 duplicates=1 paths=1
2026-10-05 10:26:22 | INFO | app.data_sources.yahoo_http_provider | [yahoo_http] returned 1 rows for MCD (2026-10-02 -> 2026-10-02)
2026-10-05 10:26:22 | INFO | app.data_sources.multi_source | [yahoo_http] returned 1 rows for MCD (1d)
2026-10-05 10:26:22 | INFO | app.lakehouse.bronze | Bronze append complete: received=1 duplicates=1 paths=1
2026-10-05 10:26:22 | INFO | app.data_sources.yahoo_http_provider | [yahoo_http] returned 1 rows for MCHP (2026-10-02 -> 2026-10-02)
2026-10-05 10:26:22 | INFO | app.data_sources.multi_source | [yahoo_http] returned 1 rows for MCHP (1d)
2026-10-05 10:26:22 | INFO | app.lakehouse.bronze | Bronze append complete: received=1 duplicates=1 paths=1
2026-10-05 10:26:23 | INFO | app.data_sources.yahoo_http_provider | [yahoo_http] returned 1 rows for MDT (2026-10-02 -> 2026-10-02)
2026-10-05 10:26:23 | INFO | app.data_sources.multi_source | [yahoo_http] returned 1 rows for MDT (1d)
2026-10-05 10:26:23 | INFO | app.lakehouse.bronze | Bronze append complete: received=1 duplicates=1 paths=1
2026-10-05 10:26:24 | INFO | app.data_sources.yahoo_http_provider | [yahoo_http] returned 1 rows for MEDP (2026-10-02 -> 2026-10-02)
2026-10-05 10:26:24 | INFO | app.data_sources.multi_source | [yahoo_http] returned 1 rows for MEDP (1d)
2026-10-05 10:26:24 | INFO | app.lakehouse.bronze | Bronze append complete: received=1 duplicates=1 paths=1
2026-10-05 10:26:24 | INFO | app.data_sources.yahoo_http_provider | [yahoo_http] returned 1 rows for MELI (2026-10-02 -> 2026-10-02)
2026-10-05 10:26:24 | INFO | app.data_sources.multi_source | [yahoo_http] returned 1 rows for MELI (1d)
2026-10-05 10:26:24 | INFO | app.lakehouse.bronze | Bronze append complete: received=1 duplicates=1 paths=1
2026-10-05 10:26:24 | INFO | app.services.auto_refresh | AutoRefresh progress: 340/621 symbols processed
2026-10-05 10:26:26 | INFO | app.data_sources.yahoo_http_provider | [yahoo_http] returned 1 rows for MET (2026-10-02 -> 2026-10-02)
2026-10-05 10:26:26 | INFO | app.data_sources.multi_source | [yahoo_http] returned 1 rows for MET (1d)
2026-10-05 10:26:26 | INFO | app.lakehouse.bronze | Bronze append complete: received=1 duplicates=1 paths=1
2026-10-05 10:26:26 | INFO | app.data_sources.yahoo_http_provider | [yahoo_http] returned 1 rows for META (2026-10-02 -> 2026-10-02)
2026-10-05 10:26:26 | INFO | app.data_sources.multi_source | [yahoo_http] returned 1 rows for META (1d)
2026-10-05 10:26:26 | INFO | app.lakehouse.bronze | Bronze append complete: received=1 duplicates=1 paths=1
2026-10-05 10:26:27 | INFO | app.data_sources.yahoo_http_provider | [yahoo_http] returned 1 rows for MGEE (2026-10-02 -> 2026-10-02)
2026-10-05 10:26:27 | INFO | app.data_sources.multi_source | [yahoo_http] returned 1 rows for MGEE (1d)
2026-10-05 10:26:27 | INFO | app.lakehouse.bronze | Bronze append complete: received=1 duplicates=1 paths=1
2026-10-05 10:26:28 | INFO | app.data_sources.yahoo_http_provider | [yahoo_http] returned 1 rows for MGM (2026-10-02 -> 2026-10-02)
2026-10-05 10:26:28 | INFO | app.data_sources.multi_source | [yahoo_http] returned 1 rows for MGM (1d)
2026-10-05 10:26:28 | INFO | app.lakehouse.bronze | Bronze append complete: received=1 duplicates=1 paths=1
2026-10-05 10:26:28 | INFO | app.data_sources.yahoo_http_provider | [yahoo_http] returned 1 rows for MGNX (2026-10-02 -> 2026-10-02)
2026-10-05 10:26:28 | INFO | app.data_sources.multi_source | [yahoo_http] returned 1 rows for MGNX (1d)
2026-10-05 10:26:29 | INFO | app.lakehouse.bronze | Bronze append complete: received=1 duplicates=1 paths=1
2026-10-05 10:26:29 | INFO | app.data_sources.yahoo_http_provider | [yahoo_http] returned 1 rows for MKTX (2026-10-02 -> 2026-10-02)
2026-10-05 10:26:29 | INFO | app.data_sources.multi_source | [yahoo_http] returned 1 rows for MKTX (1d)
2026-10-05 10:26:29 | INFO | app.lakehouse.bronze | Bronze append complete: received=1 duplicates=1 paths=1
2026-10-05 10:26:30 | INFO | app.data_sources.yahoo_http_provider | [yahoo_http] returned 1 rows for MLM (2026-10-02 -> 2026-10-02)
2026-10-05 10:26:30 | INFO | app.data_sources.multi_source | [yahoo_http] returned 1 rows for MLM (1d)
2026-10-05 10:26:30 | INFO | app.lakehouse.bronze | Bronze append complete: received=1 duplicates=1 paths=1
2026-10-05 10:26:31 | INFO | app.data_sources.yahoo_http_provider | [yahoo_http] returned 1 rows for MMM (2026-10-02 -> 2026-10-02)
2026-10-05 10:26:31 | INFO | app.data_sources.multi_source | [yahoo_http] returned 1 rows for MMM (1d)
2026-10-05 10:26:31 | INFO | app.lakehouse.bronze | Bronze append complete: received=1 duplicates=1 paths=1
2026-10-05 10:26:31 | INFO | app.data_sources.yahoo_http_provider | [yahoo_http] returned 1 rows for MNDY (2026-10-02 -> 2026-10-02)
2026-10-05 10:26:31 | INFO | app.data_sources.multi_source | [yahoo_http] returned 1 rows for MNDY (1d)
2026-10-05 10:26:31 | INFO | app.lakehouse.bronze | Bronze append complete: received=1 duplicates=1 paths=1
2026-10-05 10:26:32 | INFO | app.data_sources.yahoo_http_provider | [yahoo_http] returned 1 rows for MNST (2026-10-02 -> 2026-10-02)
2026-10-05 10:26:32 | INFO | app.data_sources.multi_source | [yahoo_http] returned 1 rows for MNST (1d)
2026-10-05 10:26:32 | INFO | app.lakehouse.bronze | Bronze append complete: received=1 duplicates=1 paths=1
2026-10-05 10:26:33 | INFO | app.data_sources.yahoo_http_provider | [yahoo_http] returned 1 rows for MO (2026-10-02 -> 2026-10-02)
2026-10-05 10:26:33 | INFO | app.data_sources.multi_source | [yahoo_http] returned 1 rows for MO (1d)
2026-10-05 10:26:33 | INFO | app.lakehouse.bronze | Bronze append complete: received=1 duplicates=1 paths=1
2026-10-05 10:26:34 | INFO | app.data_sources.yahoo_http_provider | [yahoo_http] returned 1 rows for MOS (2026-10-02 -> 2026-10-02)
2026-10-05 10:26:34 | INFO | app.data_sources.multi_source | [yahoo_http] returned 1 rows for MOS (1d)
2026-10-05 10:26:34 | INFO | app.lakehouse.bronze | Bronze append complete: received=1 duplicates=1 paths=1
2026-10-05 10:26:35 | INFO | app.data_sources.yahoo_http_provider | [yahoo_http] returned 1 rows for MPC (2026-10-02 -> 2026-10-02)
2026-10-05 10:26:35 | INFO | app.data_sources.multi_source | [yahoo_http] returned 1 rows for MPC (1d)
2026-10-05 10:26:35 | INFO | app.lakehouse.bronze | Bronze append complete: received=1 duplicates=1 paths=1
2026-10-05 10:26:36 | INFO | app.data_sources.yahoo_http_provider | [yahoo_http] returned 1 rows for MPLX (2026-10-02 -> 2026-10-02)
2026-10-05 10:26:36 | INFO | app.data_sources.multi_source | [yahoo_http] returned 1 rows for MPLX (1d)
2026-10-05 10:26:36 | INFO | app.lakehouse.bronze | Bronze append complete: received=1 duplicates=1 paths=1
2026-10-05 10:26:36 | INFO | app.data_sources.yahoo_http_provider | [yahoo_http] returned 1 rows for MPWR (2026-10-02 -> 2026-10-02)
2026-10-05 10:26:36 | INFO | app.data_sources.multi_source | [yahoo_http] returned 1 rows for MPWR (1d)
2026-10-05 10:26:37 | INFO | app.lakehouse.bronze | Bronze append complete: received=1 duplicates=1 paths=1
2026-10-05 10:26:37 | INFO | app.data_sources.yahoo_http_provider | [yahoo_http] returned 1 rows for MRK (2026-10-02 -> 2026-10-02)
2026-10-05 10:26:37 | INFO | app.data_sources.multi_source | [yahoo_http] returned 1 rows for MRK (1d)
2026-10-05 10:26:37 | INFO | app.lakehouse.bronze | Bronze append complete: received=1 duplicates=1 paths=1
2026-10-05 10:26:38 | INFO | app.data_sources.yahoo_http_provider | [yahoo_http] returned 1 rows for MRNA (2026-10-02 -> 2026-10-02)
2026-10-05 10:26:38 | INFO | app.data_sources.multi_source | [yahoo_http] returned 1 rows for MRNA (1d)
2026-10-05 10:26:38 | INFO | app.lakehouse.bronze | Bronze append complete: received=1 duplicates=1 paths=1
2026-10-05 10:26:40 | INFO | app.data_sources.yahoo_http_provider | [yahoo_http] returned 1 rows for MS (2026-10-02 -> 2026-10-02)
2026-10-05 10:26:40 | INFO | app.data_sources.multi_source | [yahoo_http] returned 1 rows for MS (1d)
2026-10-05 10:26:40 | INFO | app.lakehouse.bronze | Bronze append complete: received=1 duplicates=1 paths=1
2026-10-05 10:26:41 | INFO | app.data_sources.yahoo_http_provider | [yahoo_http] returned 1 rows for MSFT (2026-10-02 -> 2026-10-02)
2026-10-05 10:26:41 | INFO | app.data_sources.multi_source | [yahoo_http] returned 1 rows for MSFT (1d)
2026-10-05 10:26:41 | INFO | app.lakehouse.bronze | Bronze append complete: received=1 duplicates=1 paths=1
2026-10-05 10:26:41 | INFO | app.data_sources.yahoo_http_provider | [yahoo_http] returned 1 rows for MSI (2026-10-02 -> 2026-10-02)
2026-10-05 10:26:41 | INFO | app.data_sources.multi_source | [yahoo_http] returned 1 rows for MSI (1d)
2026-10-05 10:26:42 | INFO | app.lakehouse.bronze | Bronze append complete: received=1 duplicates=1 paths=1
2026-10-05 10:26:42 | INFO | app.services.auto_refresh | AutoRefresh progress: 360/621 symbols processed
2026-10-05 10:26:42 | INFO | app.data_sources.yahoo_http_provider | [yahoo_http] returned 1 rows for MTB (2026-10-02 -> 2026-10-02)
2026-10-05 10:26:42 | INFO | app.data_sources.multi_source | [yahoo_http] returned 1 rows for MTB (1d)
2026-10-05 10:26:42 | INFO | app.lakehouse.bronze | Bronze append complete: received=1 duplicates=1 paths=1
2026-10-05 10:26:43 | INFO | app.data_sources.yahoo_http_provider | [yahoo_http] returned 1 rows for MTCH (2026-10-02 -> 2026-10-02)
2026-10-05 10:26:43 | INFO | app.data_sources.multi_source | [yahoo_http] returned 1 rows for MTCH (1d)
2026-10-05 10:26:43 | INFO | app.lakehouse.bronze | Bronze append complete: received=1 duplicates=1 paths=1
2026-10-05 10:26:44 | INFO | app.data_sources.yahoo_http_provider | [yahoo_http] returned 1 rows for MTD (2026-10-02 -> 2026-10-02)
2026-10-05 10:26:44 | INFO | app.data_sources.multi_source | [yahoo_http] returned 1 rows for MTD (1d)
2026-10-05 10:26:44 | INFO | app.lakehouse.bronze | Bronze append complete: received=1 duplicates=1 paths=1
2026-10-05 10:26:45 | INFO | app.data_sources.yahoo_http_provider | [yahoo_http] returned 1 rows for MTDR (2026-10-02 -> 2026-10-02)
2026-10-05 10:26:45 | INFO | app.data_sources.multi_source | [yahoo_http] returned 1 rows for MTDR (1d)
2026-10-05 10:26:45 | INFO | app.lakehouse.bronze | Bronze append complete: received=1 duplicates=1 paths=1
2026-10-05 10:26:46 | INFO | app.data_sources.yahoo_http_provider | [yahoo_http] returned 1 rows for MTUM (2026-10-02 -> 2026-10-02)
2026-10-05 10:26:46 | INFO | app.data_sources.multi_source | [yahoo_http] returned 1 rows for MTUM (1d)
2026-10-05 10:26:46 | INFO | app.lakehouse.bronze | Bronze append complete: received=1 duplicates=1 paths=1
2026-10-05 10:26:47 | INFO | app.data_sources.yahoo_http_provider | [yahoo_http] returned 1 rows for MU (2026-10-02 -> 2026-10-02)
2026-10-05 10:26:47 | INFO | app.data_sources.multi_source | [yahoo_http] returned 1 rows for MU (1d)
2026-10-05 10:26:47 | INFO | app.lakehouse.bronze | Bronze append complete: received=1 duplicates=1 paths=1
2026-10-05 10:26:48 | INFO | app.data_sources.yahoo_http_provider | [yahoo_http] returned 1 rows for MUB (2026-10-02 -> 2026-10-02)
2026-10-05 10:26:48 | INFO | app.data_sources.multi_source | [yahoo_http] returned 1 rows for MUB (1d)
2026-10-05 10:26:48 | INFO | app.lakehouse.bronze | Bronze append complete: received=1 duplicates=1 paths=1
2026-10-05 10:26:48 | INFO | app.data_sources.yahoo_http_provider | [yahoo_http] returned 1 rows for NBIX (2026-10-02 -> 2026-10-02)
2026-10-05 10:26:48 | INFO | app.data_sources.multi_source | [yahoo_http] returned 1 rows for NBIX (1d)
2026-10-05 10:26:49 | INFO | app.lakehouse.bronze | Bronze append complete: received=1 duplicates=1 paths=1
2026-10-05 10:26:49 | INFO | app.data_sources.yahoo_http_provider | [yahoo_http] returned 1 rows for NDAQ (2026-10-02 -> 2026-10-02)
2026-10-05 10:26:49 | INFO | app.data_sources.multi_source | [yahoo_http] returned 1 rows for NDAQ (1d)
2026-10-05 10:26:49 | INFO | app.lakehouse.bronze | Bronze append complete: received=1 duplicates=1 paths=1
2026-10-05 10:26:50 | INFO | app.data_sources.yahoo_http_provider | [yahoo_http] returned 1 rows for NEE (2026-10-02 -> 2026-10-02)
2026-10-05 10:26:50 | INFO | app.data_sources.multi_source | [yahoo_http] returned 1 rows for NEE (1d)
2026-10-05 10:26:50 | INFO | app.lakehouse.bronze | Bronze append complete: received=1 duplicates=1 paths=1
2026-10-05 10:26:51 | INFO | app.data_sources.yahoo_http_provider | [yahoo_http] returned 1 rows for NEM (2026-10-02 -> 2026-10-02)
2026-10-05 10:26:51 | INFO | app.data_sources.multi_source | [yahoo_http] returned 1 rows for NEM (1d)
2026-10-05 10:26:51 | INFO | app.lakehouse.bronze | Bronze append complete: received=1 duplicates=1 paths=1
2026-10-05 10:26:51 | INFO | app.data_sources.yahoo_http_provider | [yahoo_http] returned 1 rows for NEO (2026-10-02 -> 2026-10-02)
2026-10-05 10:26:51 | INFO | app.data_sources.multi_source | [yahoo_http] returned 1 rows for NEO (1d)
2026-10-05 10:26:52 | INFO | app.lakehouse.bronze | Bronze append complete: received=1 duplicates=1 paths=1
2026-10-05 10:26:52 | INFO | app.data_sources.yahoo_http_provider | [yahoo_http] returned 1 rows for NET (2026-10-02 -> 2026-10-02)
2026-10-05 10:26:52 | INFO | app.data_sources.multi_source | [yahoo_http] returned 1 rows for NET (1d)
2026-10-05 10:26:52 | INFO | app.lakehouse.bronze | Bronze append complete: received=1 duplicates=1 paths=1
2026-10-05 10:26:53 | INFO | app.data_sources.yahoo_http_provider | [yahoo_http] returned 1 rows for NFG (2026-10-02 -> 2026-10-02)
2026-10-05 10:26:53 | INFO | app.data_sources.multi_source | [yahoo_http] returned 1 rows for NFG (1d)
2026-10-05 10:26:53 | INFO | app.lakehouse.bronze | Bronze append complete: received=1 duplicates=1 paths=1
2026-10-05 10:26:54 | INFO | app.data_sources.yahoo_http_provider | [yahoo_http] returned 1 rows for NFLX (2026-10-02 -> 2026-10-02)
2026-10-05 10:26:54 | INFO | app.data_sources.multi_source | [yahoo_http] returned 1 rows for NFLX (1d)
2026-10-05 10:26:54 | INFO | app.lakehouse.bronze | Bronze append complete: received=1 duplicates=1 paths=1
2026-10-05 10:26:54 | INFO | app.data_sources.yahoo_http_provider | [yahoo_http] returned 1 rows for NGL (2026-10-02 -> 2026-10-02)
2026-10-05 10:26:54 | INFO | app.data_sources.multi_source | [yahoo_http] returned 1 rows for NGL (1d)
2026-10-05 10:26:55 | INFO | app.lakehouse.bronze | Bronze append complete: received=1 duplicates=1 paths=1
2026-10-05 10:26:55 | INFO | app.data_sources.yahoo_http_provider | [yahoo_http] returned 1 rows for NHI (2026-10-02 -> 2026-10-02)
2026-10-05 10:26:55 | INFO | app.data_sources.multi_source | [yahoo_http] returned 1 rows for NHI (1d)
2026-10-05 10:26:55 | INFO | app.lakehouse.bronze | Bronze append complete: received=1 duplicates=1 paths=1
2026-10-05 10:26:57 | INFO | app.data_sources.yahoo_http_provider | [yahoo_http] returned 1 rows for NI (2026-10-02 -> 2026-10-02)
2026-10-05 10:26:57 | INFO | app.data_sources.multi_source | [yahoo_http] returned 1 rows for NI (1d)
2026-10-05 10:26:57 | INFO | app.lakehouse.bronze | Bronze append complete: received=1 duplicates=1 paths=1
2026-10-05 10:26:57 | INFO | app.data_sources.yahoo_http_provider | [yahoo_http] returned 1 rows for NIO (2026-10-02 -> 2026-10-02)
2026-10-05 10:26:57 | INFO | app.data_sources.multi_source | [yahoo_http] returned 1 rows for NIO (1d)
2026-10-05 10:26:58 | INFO | app.lakehouse.bronze | Bronze append complete: received=1 duplicates=1 paths=1
2026-10-05 10:26:58 | INFO | app.data_sources.yahoo_http_provider | [yahoo_http] returned 1 rows for NJR (2026-10-02 -> 2026-10-02)
2026-10-05 10:26:58 | INFO | app.data_sources.multi_source | [yahoo_http] returned 1 rows for NJR (1d)
2026-10-05 10:26:58 | INFO | app.lakehouse.bronze | Bronze append complete: received=1 duplicates=1 paths=1
2026-10-05 10:26:58 | INFO | app.services.auto_refresh | AutoRefresh progress: 380/621 symbols processed
2026-10-05 10:26:59 | INFO | app.data_sources.yahoo_http_provider | [yahoo_http] returned 1 rows for NKE (2026-10-02 -> 2026-10-02)
2026-10-05 10:26:59 | INFO | app.data_sources.multi_source | [yahoo_http] returned 1 rows for NKE (1d)
2026-10-05 10:26:59 | INFO | app.lakehouse.bronze | Bronze append complete: received=1 duplicates=1 paths=1
2026-10-05 10:27:00 | INFO | app.data_sources.yahoo_http_provider | [yahoo_http] returned 1 rows for NNN (2026-10-02 -> 2026-10-02)
2026-10-05 10:27:00 | INFO | app.data_sources.multi_source | [yahoo_http] returned 1 rows for NNN (1d)
2026-10-05 10:27:00 | INFO | app.lakehouse.bronze | Bronze append complete: received=1 duplicates=1 paths=1
2026-10-05 10:27:01 | INFO | app.data_sources.yahoo_http_provider | [yahoo_http] returned 1 rows for NOC (2026-10-02 -> 2026-10-02)
2026-10-05 10:27:01 | INFO | app.data_sources.multi_source | [yahoo_http] returned 1 rows for NOC (1d)
2026-10-05 10:27:01 | INFO | app.lakehouse.bronze | Bronze append complete: received=1 duplicates=1 paths=1
2026-10-05 10:27:01 | INFO | app.data_sources.yahoo_http_provider | [yahoo_http] returned 1 rows for NOW (2026-10-02 -> 2026-10-02)
2026-10-05 10:27:01 | INFO | app.data_sources.multi_source | [yahoo_http] returned 1 rows for NOW (1d)
2026-10-05 10:27:02 | INFO | app.lakehouse.bronze | Bronze append complete: received=1 duplicates=1 paths=1
2026-10-05 10:27:02 | INFO | app.data_sources.yahoo_http_provider | [yahoo_http] returned 1 rows for NRG (2026-10-02 -> 2026-10-02)
2026-10-05 10:27:02 | INFO | app.data_sources.multi_source | [yahoo_http] returned 1 rows for NRG (1d)
2026-10-05 10:27:02 | INFO | app.lakehouse.bronze | Bronze append complete: received=1 duplicates=1 paths=1
2026-10-05 10:27:03 | WARNING | app.data_sources.multi_source | [yahoo_http] failed for NSC: Yahoo returned no timestamps for NSC
2026-10-05 10:27:03 | WARNING | app.data_sources.multi_source | [yfinance] failed for NSC: No data returned by yfinance for NSC (1d)
2026-10-05 10:27:04 | WARNING | app.data_sources.multi_source | [finnhub] failed for NSC: Finnhub authentication failed. Check FINNHUB_API_KEY in .env.
2026-10-05 10:27:04 | WARNING | app.data_sources.multi_source | [alpha_vantage] failed for NSC: Alpha Vantage error: We have detected your API key as GHS8FR0JK3K0PAG0 and our standard API rate limit is 25 requests per day. Please subscribe to any of the premium plans at https://www.alphavantage.co/premium/ to instantly remove all daily rate limits.
2026-10-05 10:27:04 | INFO | app.data_sources.web_scraper_provider | Scraped 0 rows from Yahoo Finance for NSC
2026-10-05 10:27:04 | INFO | app.data_sources.multi_source | [web_scraper] returned empty frame for NSC
2026-10-05 10:27:04 | WARNING | app.services.auto_refresh | AutoRefresh: provider fetch failed for NSC: All providers failed for NSC (1d): {'yahoo_http': 'Yahoo returned no timestamps for NSC', 'yfinance': 'No data returned by yfinance for NSC (1d)', 'finnhub': 'Finnhub authentication failed. Check FINNHUB_API_KEY in .env.', 'alpha_vantage': 'Alpha Vantage error: We have detected your API key as GHS8FR0JK3K0PAG0 and our standard API rate limit is 25 requests per day. Please subscribe to any of the premium plans at https://www.alphavantage.co/premium/ to instantly remove all daily rate limits.', 'web_scraper': 'empty frame'}
2026-10-05 10:27:05 | INFO | app.data_sources.yahoo_http_provider | [yahoo_http] returned 1 rows for NTLA (2026-10-02 -> 2026-10-02)
2026-10-05 10:27:05 | INFO | app.data_sources.multi_source | [yahoo_http] returned 1 rows for NTLA (1d)
2026-10-05 10:27:05 | INFO | app.lakehouse.bronze | Bronze append complete: received=1 duplicates=1 paths=1
2026-10-05 10:27:06 | INFO | app.data_sources.yahoo_http_provider | [yahoo_http] returned 1 rows for NTR (2026-10-02 -> 2026-10-02)
2026-10-05 10:27:06 | INFO | app.data_sources.multi_source | [yahoo_http] returned 1 rows for NTR (1d)
2026-10-05 10:27:06 | INFO | app.lakehouse.bronze | Bronze append complete: received=1 duplicates=1 paths=1
2026-10-05 10:27:07 | INFO | app.data_sources.yahoo_http_provider | [yahoo_http] returned 1 rows for NTRA (2026-10-02 -> 2026-10-02)
2026-10-05 10:27:07 | INFO | app.data_sources.multi_source | [yahoo_http] returned 1 rows for NTRA (1d)
2026-10-05 10:27:07 | INFO | app.lakehouse.bronze | Bronze append complete: received=1 duplicates=1 paths=1
2026-10-05 10:27:08 | INFO | app.data_sources.yahoo_http_provider | [yahoo_http] returned 1 rows for NTRS (2026-10-02 -> 2026-10-02)
2026-10-05 10:27:08 | INFO | app.data_sources.multi_source | [yahoo_http] returned 1 rows for NTRS (1d)
2026-10-05 10:27:08 | INFO | app.lakehouse.bronze | Bronze append complete: received=1 duplicates=1 paths=1
2026-10-05 10:27:09 | INFO | app.data_sources.yahoo_http_provider | [yahoo_http] returned 1 rows for NVAX (2026-10-02 -> 2026-10-02)
2026-10-05 10:27:09 | INFO | app.data_sources.multi_source | [yahoo_http] returned 1 rows for NVAX (1d)
2026-10-05 10:27:09 | INFO | app.lakehouse.bronze | Bronze append complete: received=1 duplicates=1 paths=1
2026-10-05 10:27:09 | INFO | app.data_sources.yahoo_http_provider | [yahoo_http] returned 1 rows for NVDA (2026-10-02 -> 2026-10-02)
2026-10-05 10:27:09 | INFO | app.data_sources.multi_source | [yahoo_http] returned 1 rows for NVDA (1d)
2026-10-05 10:27:09 | INFO | app.lakehouse.bronze | Bronze append complete: received=1 duplicates=1 paths=1
2026-10-05 10:27:10 | INFO | app.data_sources.yahoo_http_provider | [yahoo_http] returned 1 rows for NVMI (2026-10-02 -> 2026-10-02)
2026-10-05 10:27:10 | INFO | app.data_sources.multi_source | [yahoo_http] returned 1 rows for NVMI (1d)
2026-10-05 10:27:10 | INFO | app.lakehouse.bronze | Bronze append complete: received=1 duplicates=1 paths=1
2026-10-05 10:27:11 | INFO | app.data_sources.yahoo_http_provider | [yahoo_http] returned 1 rows for NWE (2026-10-02 -> 2026-10-02)
2026-10-05 10:27:11 | INFO | app.data_sources.multi_source | [yahoo_http] returned 1 rows for NWE (1d)
2026-10-05 10:27:11 | INFO | app.lakehouse.bronze | Bronze append complete: received=1 duplicates=1 paths=1
2026-10-05 10:27:12 | INFO | app.data_sources.yahoo_http_provider | [yahoo_http] returned 1 rows for NWS (2026-10-02 -> 2026-10-02)
2026-10-05 10:27:12 | INFO | app.data_sources.multi_source | [yahoo_http] returned 1 rows for NWS (1d)
2026-10-05 10:27:12 | INFO | app.lakehouse.bronze | Bronze append complete: received=1 duplicates=1 paths=1
2026-10-05 10:27:13 | INFO | app.data_sources.yahoo_http_provider | [yahoo_http] returned 1 rows for NWSA (2026-10-02 -> 2026-10-02)
2026-10-05 10:27:13 | INFO | app.data_sources.multi_source | [yahoo_http] returned 1 rows for NWSA (1d)
2026-10-05 10:27:13 | INFO | app.lakehouse.bronze | Bronze append complete: received=1 duplicates=1 paths=1
2026-10-05 10:27:22 | INFO | app.data_sources.yahoo_http_provider | [yahoo_http] returned 1 rows for O (2026-10-02 -> 2026-10-02)
2026-10-05 10:27:22 | INFO | app.data_sources.multi_source | [yahoo_http] returned 1 rows for O (1d)
2026-10-05 10:27:22 | INFO | app.lakehouse.bronze | Bronze append complete: received=1 duplicates=1 paths=1
2026-10-05 10:27:23 | INFO | app.data_sources.yahoo_http_provider | [yahoo_http] returned 1 rows for OC (2026-10-02 -> 2026-10-02)
2026-10-05 10:27:23 | INFO | app.data_sources.multi_source | [yahoo_http] returned 1 rows for OC (1d)
2026-10-05 10:27:23 | INFO | app.lakehouse.bronze | Bronze append complete: received=1 duplicates=1 paths=1
2026-10-05 10:27:24 | INFO | app.data_sources.yahoo_http_provider | [yahoo_http] returned 1 rows for OCGN (2026-10-02 -> 2026-10-02)
2026-10-05 10:27:24 | INFO | app.data_sources.multi_source | [yahoo_http] returned 1 rows for OCGN (1d)
2026-10-05 10:27:24 | INFO | app.lakehouse.bronze | Bronze append complete: received=1 duplicates=1 paths=1
2026-10-05 10:27:25 | INFO | app.data_sources.yahoo_http_provider | [yahoo_http] returned 1 rows for ODFL (2026-10-02 -> 2026-10-02)
2026-10-05 10:27:25 | INFO | app.data_sources.multi_source | [yahoo_http] returned 1 rows for ODFL (1d)
2026-10-05 10:27:25 | INFO | app.lakehouse.bronze | Bronze append complete: received=1 duplicates=1 paths=1
2026-10-05 10:27:25 | INFO | app.services.auto_refresh | AutoRefresh progress: 400/621 symbols processed
2026-10-05 10:27:25 | INFO | app.data_sources.yahoo_http_provider | [yahoo_http] returned 1 rows for OGE (2026-10-02 -> 2026-10-02)
2026-10-05 10:27:25 | INFO | app.data_sources.multi_source | [yahoo_http] returned 1 rows for OGE (1d)
2026-10-05 10:27:26 | INFO | app.lakehouse.bronze | Bronze append complete: received=1 duplicates=1 paths=1
2026-10-05 10:27:26 | INFO | app.data_sources.yahoo_http_provider | [yahoo_http] returned 1 rows for OGS (2026-10-02 -> 2026-10-02)
2026-10-05 10:27:26 | INFO | app.data_sources.multi_source | [yahoo_http] returned 1 rows for OGS (1d)
2026-10-05 10:27:26 | INFO | app.lakehouse.bronze | Bronze append complete: received=1 duplicates=1 paths=1
2026-10-05 10:27:27 | INFO | app.data_sources.yahoo_http_provider | [yahoo_http] returned 1 rows for OHI (2026-10-02 -> 2026-10-02)
2026-10-05 10:27:27 | INFO | app.data_sources.multi_source | [yahoo_http] returned 1 rows for OHI (1d)
2026-10-05 10:27:27 | INFO | app.lakehouse.bronze | Bronze append complete: received=1 duplicates=1 paths=1
2026-10-05 10:27:28 | INFO | app.data_sources.yahoo_http_provider | [yahoo_http] returned 1 rows for OKE (2026-10-02 -> 2026-10-02)
2026-10-05 10:27:28 | INFO | app.data_sources.multi_source | [yahoo_http] returned 1 rows for OKE (1d)
2026-10-05 10:27:28 | INFO | app.lakehouse.bronze | Bronze append complete: received=1 duplicates=1 paths=1
2026-10-05 10:27:28 | INFO | app.data_sources.yahoo_http_provider | [yahoo_http] returned 1 rows for OKTA (2026-10-02 -> 2026-10-02)
2026-10-05 10:27:28 | INFO | app.data_sources.multi_source | [yahoo_http] returned 1 rows for OKTA (1d)
2026-10-05 10:27:28 | INFO | app.lakehouse.bronze | Bronze append complete: received=1 duplicates=1 paths=1
2026-10-05 10:27:29 | INFO | app.data_sources.yahoo_http_provider | [yahoo_http] returned 1 rows for OMC (2026-10-02 -> 2026-10-02)
2026-10-05 10:27:29 | INFO | app.data_sources.multi_source | [yahoo_http] returned 1 rows for OMC (1d)
2026-10-05 10:27:29 | INFO | app.lakehouse.bronze | Bronze append complete: received=1 duplicates=1 paths=1
2026-10-05 10:27:30 | INFO | app.data_sources.yahoo_http_provider | [yahoo_http] returned 1 rows for ON (2026-10-02 -> 2026-10-02)
2026-10-05 10:27:30 | INFO | app.data_sources.multi_source | [yahoo_http] returned 1 rows for ON (1d)
2026-10-05 10:27:30 | INFO | app.lakehouse.bronze | Bronze append complete: received=1 duplicates=1 paths=1
2026-10-05 10:27:32 | INFO | app.data_sources.yahoo_http_provider | [yahoo_http] returned 1 rows for OR (2026-10-02 -> 2026-10-02)
2026-10-05 10:27:32 | INFO | app.data_sources.multi_source | [yahoo_http] returned 1 rows for OR (1d)
2026-10-05 10:27:32 | INFO | app.lakehouse.bronze | Bronze append complete: received=1 duplicates=1 paths=1
2026-10-05 10:27:33 | INFO | app.data_sources.yahoo_http_provider | [yahoo_http] returned 1 rows for ORCL (2026-10-02 -> 2026-10-02)
2026-10-05 10:27:33 | INFO | app.data_sources.multi_source | [yahoo_http] returned 1 rows for ORCL (1d)
2026-10-05 10:27:33 | INFO | app.lakehouse.bronze | Bronze append complete: received=1 duplicates=1 paths=1
2026-10-05 10:27:33 | INFO | app.data_sources.yahoo_http_provider | [yahoo_http] returned 1 rows for ORLY (2026-10-02 -> 2026-10-02)
2026-10-05 10:27:33 | INFO | app.data_sources.multi_source | [yahoo_http] returned 1 rows for ORLY (1d)
2026-10-05 10:27:33 | INFO | app.lakehouse.bronze | Bronze append complete: received=1 duplicates=1 paths=1
2026-10-05 10:27:34 | INFO | app.data_sources.yahoo_http_provider | [yahoo_http] returned 1 rows for OUT (2026-10-02 -> 2026-10-02)
2026-10-05 10:27:34 | INFO | app.data_sources.multi_source | [yahoo_http] returned 1 rows for OUT (1d)
2026-10-05 10:27:34 | INFO | app.lakehouse.bronze | Bronze append complete: received=1 duplicates=1 paths=1
2026-10-05 10:27:35 | INFO | app.data_sources.yahoo_http_provider | [yahoo_http] returned 1 rows for OVV (2026-10-02 -> 2026-10-02)
2026-10-05 10:27:35 | INFO | app.data_sources.multi_source | [yahoo_http] returned 1 rows for OVV (1d)
2026-10-05 10:27:35 | INFO | app.lakehouse.bronze | Bronze append complete: received=1 duplicates=1 paths=1
2026-10-05 10:27:35 | INFO | app.data_sources.yahoo_http_provider | [yahoo_http] returned 1 rows for OXY (2026-10-02 -> 2026-10-02)
2026-10-05 10:27:35 | INFO | app.data_sources.multi_source | [yahoo_http] returned 1 rows for OXY (1d)
2026-10-05 10:27:36 | INFO | app.lakehouse.bronze | Bronze append complete: received=1 duplicates=1 paths=1
2026-10-05 10:27:37 | INFO | app.data_sources.yahoo_http_provider | [yahoo_http] returned 1 rows for PAA (2026-10-02 -> 2026-10-02)
2026-10-05 10:27:37 | INFO | app.data_sources.multi_source | [yahoo_http] returned 1 rows for PAA (1d)
2026-10-05 10:27:37 | INFO | app.lakehouse.bronze | Bronze append complete: received=1 duplicates=1 paths=1
2026-10-05 10:27:38 | INFO | app.data_sources.yahoo_http_provider | [yahoo_http] returned 1 rows for PAAS (2026-10-02 -> 2026-10-02)
2026-10-05 10:27:38 | INFO | app.data_sources.multi_source | [yahoo_http] returned 1 rows for PAAS (1d)
2026-10-05 10:27:38 | INFO | app.lakehouse.bronze | Bronze append complete: received=1 duplicates=1 paths=1
2026-10-05 10:27:38 | INFO | app.data_sources.yahoo_http_provider | [yahoo_http] returned 1 rows for PANW (2026-10-02 -> 2026-10-02)
2026-10-05 10:27:38 | INFO | app.data_sources.multi_source | [yahoo_http] returned 1 rows for PANW (1d)
2026-10-05 10:27:38 | INFO | app.lakehouse.bronze | Bronze append complete: received=1 duplicates=1 paths=1
2026-10-05 10:27:39 | INFO | app.data_sources.yahoo_http_provider | [yahoo_http] returned 1 rows for PARA (2026-10-02 -> 2026-10-02)
2026-10-05 10:27:39 | INFO | app.data_sources.multi_source | [yahoo_http] returned 1 rows for PARA (1d)
2026-10-05 10:27:39 | INFO | app.lakehouse.bronze | Bronze append complete: received=1 duplicates=1 paths=1
2026-10-05 10:27:40 | INFO | app.data_sources.yahoo_http_provider | [yahoo_http] returned 1 rows for PAYC (2026-10-02 -> 2026-10-02)
2026-10-05 10:27:40 | INFO | app.data_sources.multi_source | [yahoo_http] returned 1 rows for PAYC (1d)
2026-10-05 10:27:40 | INFO | app.lakehouse.bronze | Bronze append complete: received=1 duplicates=1 paths=1
2026-10-05 10:27:41 | INFO | app.data_sources.yahoo_http_provider | [yahoo_http] returned 1 rows for PBR (2026-10-02 -> 2026-10-02)
2026-10-05 10:27:41 | INFO | app.data_sources.multi_source | [yahoo_http] returned 1 rows for PBR (1d)
2026-10-05 10:27:41 | INFO | app.lakehouse.bronze | Bronze append complete: received=1 duplicates=1 paths=1
2026-10-05 10:27:42 | INFO | app.data_sources.yahoo_http_provider | [yahoo_http] returned 1 rows for PCAR (2026-10-02 -> 2026-10-02)
2026-10-05 10:27:42 | INFO | app.data_sources.multi_source | [yahoo_http] returned 1 rows for PCAR (1d)
2026-10-05 10:27:42 | INFO | app.lakehouse.bronze | Bronze append complete: received=1 duplicates=1 paths=1
2026-10-05 10:27:42 | INFO | app.services.auto_refresh | AutoRefresh progress: 420/621 symbols processed
2026-10-05 10:27:42 | INFO | app.data_sources.yahoo_http_provider | [yahoo_http] returned 1 rows for PCG (2026-10-02 -> 2026-10-02)
2026-10-05 10:27:42 | INFO | app.data_sources.multi_source | [yahoo_http] returned 1 rows for PCG (1d)
2026-10-05 10:27:42 | INFO | app.lakehouse.bronze | Bronze append complete: received=1 duplicates=1 paths=1
2026-10-05 10:27:43 | WARNING | app.data_sources.multi_source | [yahoo_http] failed for PEAK: Yahoo HTTP request failed for PEAK: 404 Client Error: Not Found for url: https://query1.finance.yahoo.com/v8/finance/chart/PEAK?period1=1676307600&period2=1791145178&interval=1d&includeAdjustedClose=true&events=history
2026-10-05 10:27:43 | ERROR | yfinance | $PEAK: No data found, symbol may be delisted
2026-10-05 10:27:43 | WARNING | app.data_sources.multi_source | [yfinance] failed for PEAK: No data returned by yfinance for PEAK (1d)
2026-10-05 10:27:43 | WARNING | app.data_sources.multi_source | [finnhub] failed for PEAK: Finnhub authentication failed. Check FINNHUB_API_KEY in .env.
2026-10-05 10:27:44 | WARNING | app.data_sources.multi_source | [alpha_vantage] failed for PEAK: Alpha Vantage error: We have detected your API key as GHS8FR0JK3K0PAG0 and our standard API rate limit is 25 requests per day. Please subscribe to any of the premium plans at https://www.alphavantage.co/premium/ to instantly remove all daily rate limits.
2026-10-05 10:27:44 | WARNING | app.data_sources.multi_source | [web_scraper] failed for PEAK: Yahoo Finance request failed: 404 Client Error: Not Found for url: https://query1.finance.yahoo.com/v8/finance/chart/PEAK?period1=1676307600&period2=1791145178&interval=1d&events=history
2026-10-05 10:27:44 | WARNING | app.services.auto_refresh | AutoRefresh: provider fetch failed for PEAK: All providers failed for PEAK (1d): {'yahoo_http': 'Yahoo HTTP request failed for PEAK: 404 Client Error: Not Found for url: https://query1.finance.yahoo.com/v8/finance/chart/PEAK?period1=1676307600&period2=1791145178&interval=1d&includeAdjustedClose=true&events=history', 'yfinance': 'No data returned by yfinance for PEAK (1d)', 'finnhub': 'Finnhub authentication failed. Check FINNHUB_API_KEY in .env.', 'alpha_vantage': 'Alpha Vantage error: We have detected your API key as GHS8FR0JK3K0PAG0 and our standard API rate limit is 25 requests per day. Please subscribe to any of the premium plans at https://www.alphavantage.co/premium/ to instantly remove all daily rate limits.', 'web_scraper': 'Yahoo Finance request failed: 404 Client Error: Not Found for url: https://query1.finance.yahoo.com/v8/finance/chart/PEAK?period1=1676307600&period2=1791145178&interval=1d&events=history'}
2026-10-05 10:27:45 | INFO | app.data_sources.yahoo_http_provider | [yahoo_http] returned 1 rows for PEG (2026-10-02 -> 2026-10-02)
2026-10-05 10:27:45 | INFO | app.data_sources.multi_source | [yahoo_http] returned 1 rows for PEG (1d)
2026-10-05 10:27:45 | INFO | app.lakehouse.bronze | Bronze append complete: received=1 duplicates=1 paths=1
2026-10-05 10:27:46 | INFO | app.data_sources.yahoo_http_provider | [yahoo_http] returned 1 rows for PEP (2026-10-02 -> 2026-10-02)
2026-10-05 10:27:46 | INFO | app.data_sources.multi_source | [yahoo_http] returned 1 rows for PEP (1d)
2026-10-05 10:27:46 | INFO | app.lakehouse.bronze | Bronze append complete: received=1 duplicates=1 paths=1
2026-10-05 10:27:46 | INFO | app.data_sources.yahoo_http_provider | [yahoo_http] returned 1 rows for PFE (2026-10-02 -> 2026-10-02)
2026-10-05 10:27:46 | INFO | app.data_sources.multi_source | [yahoo_http] returned 1 rows for PFE (1d)
2026-10-05 10:27:47 | INFO | app.lakehouse.bronze | Bronze append complete: received=1 duplicates=1 paths=1
2026-10-05 10:27:47 | INFO | app.data_sources.yahoo_http_provider | [yahoo_http] returned 1 rows for PFGC (2026-10-02 -> 2026-10-02)
2026-10-05 10:27:47 | INFO | app.data_sources.multi_source | [yahoo_http] returned 1 rows for PFGC (1d)
2026-10-05 10:27:47 | INFO | app.lakehouse.bronze | Bronze append complete: received=1 duplicates=1 paths=1
2026-10-05 10:27:48 | INFO | app.data_sources.yahoo_http_provider | [yahoo_http] returned 1 rows for PG (2026-10-02 -> 2026-10-02)
2026-10-05 10:27:48 | INFO | app.data_sources.multi_source | [yahoo_http] returned 1 rows for PG (1d)
2026-10-05 10:27:49 | INFO | app.lakehouse.bronze | Bronze append complete: received=1 duplicates=1 paths=1
2026-10-05 10:27:49 | INFO | app.data_sources.yahoo_http_provider | [yahoo_http] returned 1 rows for PGR (2026-10-02 -> 2026-10-02)
2026-10-05 10:27:49 | INFO | app.data_sources.multi_source | [yahoo_http] returned 1 rows for PGR (1d)
2026-10-05 10:27:49 | INFO | app.lakehouse.bronze | Bronze append complete: received=1 duplicates=1 paths=1
2026-10-05 10:27:50 | WARNING | app.data_sources.multi_source | [yahoo_http] failed for PGRE: Yahoo HTTP request failed for PGRE: 404 Client Error: Not Found for url: https://query1.finance.yahoo.com/v8/finance/chart/PGRE?period1=1766077200&period2=1791145178&interval=1d&includeAdjustedClose=true&events=history
2026-10-05 10:27:50 | ERROR | yfinance | $PGRE: No data found, symbol may be delisted
2026-10-05 10:27:50 | WARNING | app.data_sources.multi_source | [yfinance] failed for PGRE: No data returned by yfinance for PGRE (1d)
2026-10-05 10:27:50 | WARNING | app.data_sources.multi_source | [finnhub] failed for PGRE: Finnhub authentication failed. Check FINNHUB_API_KEY in .env.
2026-10-05 10:27:51 | WARNING | app.data_sources.multi_source | [alpha_vantage] failed for PGRE: Alpha Vantage error: We have detected your API key as GHS8FR0JK3K0PAG0 and our standard API rate limit is 25 requests per day. Please subscribe to any of the premium plans at https://www.alphavantage.co/premium/ to instantly remove all daily rate limits.
2026-10-05 10:27:51 | WARNING | app.data_sources.multi_source | [web_scraper] failed for PGRE: Yahoo Finance request failed: 404 Client Error: Not Found for url: https://query1.finance.yahoo.com/v8/finance/chart/PGRE?period1=1766077200&period2=1791145178&interval=1d&events=history
2026-10-05 10:27:51 | WARNING | app.services.auto_refresh | AutoRefresh: provider fetch failed for PGRE: All providers failed for PGRE (1d): {'yahoo_http': 'Yahoo HTTP request failed for PGRE: 404 Client Error: Not Found for url: https://query1.finance.yahoo.com/v8/finance/chart/PGRE?period1=1766077200&period2=1791145178&interval=1d&includeAdjustedClose=true&events=history', 'yfinance': 'No data returned by yfinance for PGRE (1d)', 'finnhub': 'Finnhub authentication failed. Check FINNHUB_API_KEY in .env.', 'alpha_vantage': 'Alpha Vantage error: We have detected your API key as GHS8FR0JK3K0PAG0 and our standard API rate limit is 25 requests per day. Please subscribe to any of the premium plans at https://www.alphavantage.co/premium/ to instantly remove all daily rate limits.', 'web_scraper': 'Yahoo Finance request failed: 404 Client Error: Not Found for url: https://query1.finance.yahoo.com/v8/finance/chart/PGRE?period1=1766077200&period2=1791145178&interval=1d&events=history'}
2026-10-05 10:27:52 | INFO | app.data_sources.yahoo_http_provider | [yahoo_http] returned 1 rows for PH (2026-10-02 -> 2026-10-02)
2026-10-05 10:27:52 | INFO | app.data_sources.multi_source | [yahoo_http] returned 1 rows for PH (1d)
2026-10-05 10:27:52 | INFO | app.lakehouse.bronze | Bronze append complete: received=1 duplicates=1 paths=1
2026-10-05 10:27:53 | INFO | app.data_sources.yahoo_http_provider | [yahoo_http] returned 1 rows for PINS (2026-10-02 -> 2026-10-02)
2026-10-05 10:27:53 | INFO | app.data_sources.multi_source | [yahoo_http] returned 1 rows for PINS (1d)
2026-10-05 10:27:53 | INFO | app.lakehouse.bronze | Bronze append complete: received=1 duplicates=1 paths=1
2026-10-05 10:27:53 | INFO | app.data_sources.yahoo_http_provider | [yahoo_http] returned 1 rows for PLD (2026-10-02 -> 2026-10-02)
2026-10-05 10:27:53 | INFO | app.data_sources.multi_source | [yahoo_http] returned 1 rows for PLD (1d)
2026-10-05 10:27:53 | INFO | app.lakehouse.bronze | Bronze append complete: received=1 duplicates=1 paths=1
2026-10-05 10:27:54 | WARNING | app.data_sources.multi_source | [yahoo_http] failed for PLL: Yahoo HTTP request failed for PLL: 404 Client Error: Not Found for url: https://query1.finance.yahoo.com/v8/finance/chart/PLL?period1=1756486800&period2=1791145178&interval=1d&includeAdjustedClose=true&events=history
2026-10-05 10:27:54 | ERROR | yfinance | $PLL: No data found, symbol may be delisted
2026-10-05 10:27:54 | WARNING | app.data_sources.multi_source | [yfinance] failed for PLL: No data returned by yfinance for PLL (1d)
2026-10-05 10:27:54 | WARNING | app.data_sources.multi_source | [finnhub] failed for PLL: Finnhub authentication failed. Check FINNHUB_API_KEY in .env.
2026-10-05 10:27:55 | WARNING | app.data_sources.multi_source | [alpha_vantage] failed for PLL: Alpha Vantage error: We have detected your API key as GHS8FR0JK3K0PAG0 and our standard API rate limit is 25 requests per day. Please subscribe to any of the premium plans at https://www.alphavantage.co/premium/ to instantly remove all daily rate limits.
2026-10-05 10:27:55 | WARNING | app.data_sources.multi_source | [web_scraper] failed for PLL: Yahoo Finance request failed: 404 Client Error: Not Found for url: https://query1.finance.yahoo.com/v8/finance/chart/PLL?period1=1756486800&period2=1791145178&interval=1d&events=history
2026-10-05 10:27:55 | WARNING | app.services.auto_refresh | AutoRefresh: provider fetch failed for PLL: All providers failed for PLL (1d): {'yahoo_http': 'Yahoo HTTP request failed for PLL: 404 Client Error: Not Found for url: https://query1.finance.yahoo.com/v8/finance/chart/PLL?period1=1756486800&period2=1791145178&interval=1d&includeAdjustedClose=true&events=history', 'yfinance': 'No data returned by yfinance for PLL (1d)', 'finnhub': 'Finnhub authentication failed. Check FINNHUB_API_KEY in .env.', 'alpha_vantage': 'Alpha Vantage error: We have detected your API key as GHS8FR0JK3K0PAG0 and our standard API rate limit is 25 requests per day. Please subscribe to any of the premium plans at https://www.alphavantage.co/premium/ to instantly remove all daily rate limits.', 'web_scraper': 'Yahoo Finance request failed: 404 Client Error: Not Found for url: https://query1.finance.yahoo.com/v8/finance/chart/PLL?period1=1756486800&period2=1791145178&interval=1d&events=history'}
2026-10-05 10:27:56 | INFO | app.data_sources.yahoo_http_provider | [yahoo_http] returned 1 rows for PLTR (2026-10-02 -> 2026-10-02)
2026-10-05 10:27:56 | INFO | app.data_sources.multi_source | [yahoo_http] returned 1 rows for PLTR (1d)
2026-10-05 10:27:56 | INFO | app.lakehouse.bronze | Bronze append complete: received=1 duplicates=1 paths=1
2026-10-05 10:27:56 | INFO | app.data_sources.yahoo_http_provider | [yahoo_http] returned 1 rows for PM (2026-10-02 -> 2026-10-02)
2026-10-05 10:27:56 | INFO | app.data_sources.multi_source | [yahoo_http] returned 1 rows for PM (1d)
2026-10-05 10:27:56 | INFO | app.lakehouse.bronze | Bronze append complete: received=1 duplicates=1 paths=1
2026-10-05 10:27:57 | INFO | app.data_sources.yahoo_http_provider | [yahoo_http] returned 1 rows for PNC (2026-10-02 -> 2026-10-02)
2026-10-05 10:27:57 | INFO | app.data_sources.multi_source | [yahoo_http] returned 1 rows for PNC (1d)
2026-10-05 10:27:57 | INFO | app.lakehouse.bronze | Bronze append complete: received=1 duplicates=1 paths=1
2026-10-05 10:27:58 | INFO | app.data_sources.yahoo_http_provider | [yahoo_http] returned 1 rows for PNR (2026-10-02 -> 2026-10-02)
2026-10-05 10:27:58 | INFO | app.data_sources.multi_source | [yahoo_http] returned 1 rows for PNR (1d)
2026-10-05 10:27:58 | INFO | app.lakehouse.bronze | Bronze append complete: received=1 duplicates=1 paths=1
2026-10-05 10:27:59 | INFO | app.data_sources.yahoo_http_provider | [yahoo_http] returned 1 rows for PNW (2026-10-02 -> 2026-10-02)
2026-10-05 10:27:59 | INFO | app.data_sources.multi_source | [yahoo_http] returned 1 rows for PNW (1d)
2026-10-05 10:27:59 | INFO | app.lakehouse.bronze | Bronze append complete: received=1 duplicates=1 paths=1
2026-10-05 10:28:00 | INFO | app.data_sources.yahoo_http_provider | [yahoo_http] returned 1 rows for POST (2026-10-02 -> 2026-10-02)
2026-10-05 10:28:00 | INFO | app.data_sources.multi_source | [yahoo_http] returned 1 rows for POST (1d)
2026-10-05 10:28:00 | INFO | app.lakehouse.bronze | Bronze append complete: received=1 duplicates=1 paths=1
2026-10-05 10:28:00 | INFO | app.data_sources.yahoo_http_provider | [yahoo_http] returned 1 rows for POWL (2026-10-02 -> 2026-10-02)
2026-10-05 10:28:00 | INFO | app.data_sources.multi_source | [yahoo_http] returned 1 rows for POWL (1d)
2026-10-05 10:28:00 | INFO | app.lakehouse.bronze | Bronze append complete: received=1 duplicates=1 paths=1
2026-10-05 10:28:00 | INFO | app.services.auto_refresh | AutoRefresh progress: 440/621 symbols processed
2026-10-05 10:28:01 | INFO | app.data_sources.yahoo_http_provider | [yahoo_http] returned 1 rows for PPG (2026-10-02 -> 2026-10-02)
2026-10-05 10:28:01 | INFO | app.data_sources.multi_source | [yahoo_http] returned 1 rows for PPG (1d)
2026-10-05 10:28:01 | INFO | app.lakehouse.bronze | Bronze append complete: received=1 duplicates=1 paths=1
2026-10-05 10:28:02 | INFO | app.data_sources.yahoo_http_provider | [yahoo_http] returned 1 rows for PPL (2026-10-02 -> 2026-10-02)
2026-10-05 10:28:02 | INFO | app.data_sources.multi_source | [yahoo_http] returned 1 rows for PPL (1d)
2026-10-05 10:28:02 | INFO | app.lakehouse.bronze | Bronze append complete: received=1 duplicates=1 paths=1
2026-10-05 10:28:04 | INFO | app.data_sources.yahoo_http_provider | [yahoo_http] returned 1 rows for PR (2026-10-02 -> 2026-10-02)
2026-10-05 10:28:04 | INFO | app.data_sources.multi_source | [yahoo_http] returned 1 rows for PR (1d)
2026-10-05 10:28:04 | INFO | app.lakehouse.bronze | Bronze append complete: received=1 duplicates=1 paths=1
2026-10-05 10:28:04 | INFO | app.data_sources.yahoo_http_provider | [yahoo_http] returned 1 rows for PRGO (2026-10-02 -> 2026-10-02)
2026-10-05 10:28:04 | INFO | app.data_sources.multi_source | [yahoo_http] returned 1 rows for PRGO (1d)
2026-10-05 10:28:05 | INFO | app.lakehouse.bronze | Bronze append complete: received=1 duplicates=1 paths=1
2026-10-05 10:28:05 | INFO | app.data_sources.yahoo_http_provider | [yahoo_http] returned 1 rows for PRME (2026-10-02 -> 2026-10-02)
2026-10-05 10:28:05 | INFO | app.data_sources.multi_source | [yahoo_http] returned 1 rows for PRME (1d)
2026-10-05 10:28:05 | INFO | app.lakehouse.bronze | Bronze append complete: received=1 duplicates=1 paths=1
2026-10-05 10:28:06 | INFO | app.data_sources.yahoo_http_provider | [yahoo_http] returned 1 rows for PRU (2026-10-02 -> 2026-10-02)
2026-10-05 10:28:06 | INFO | app.data_sources.multi_source | [yahoo_http] returned 1 rows for PRU (1d)
2026-10-05 10:28:06 | INFO | app.lakehouse.bronze | Bronze append complete: received=1 duplicates=1 paths=1
2026-10-05 10:28:06 | INFO | app.data_sources.yahoo_http_provider | [yahoo_http] returned 1 rows for PSA (2026-10-02 -> 2026-10-02)
2026-10-05 10:28:06 | INFO | app.data_sources.multi_source | [yahoo_http] returned 1 rows for PSA (1d)
2026-10-05 10:28:07 | INFO | app.lakehouse.bronze | Bronze append complete: received=1 duplicates=1 paths=1
2026-10-05 10:28:07 | INFO | app.data_sources.yahoo_http_provider | [yahoo_http] returned 1 rows for PSNL (2026-10-02 -> 2026-10-02)
2026-10-05 10:28:07 | INFO | app.data_sources.multi_source | [yahoo_http] returned 1 rows for PSNL (1d)
2026-10-05 10:28:07 | INFO | app.lakehouse.bronze | Bronze append complete: received=1 duplicates=1 paths=1
2026-10-05 10:28:08 | INFO | app.data_sources.yahoo_http_provider | [yahoo_http] returned 1 rows for PSX (2026-10-02 -> 2026-10-02)
2026-10-05 10:28:08 | INFO | app.data_sources.multi_source | [yahoo_http] returned 1 rows for PSX (1d)
2026-10-05 10:28:08 | INFO | app.lakehouse.bronze | Bronze append complete: received=1 duplicates=1 paths=1
2026-10-05 10:28:09 | INFO | app.data_sources.yahoo_http_provider | [yahoo_http] returned 1 rows for PTCT (2026-10-02 -> 2026-10-02)
2026-10-05 10:28:09 | INFO | app.data_sources.multi_source | [yahoo_http] returned 1 rows for PTCT (1d)
2026-10-05 10:28:09 | INFO | app.lakehouse.bronze | Bronze append complete: received=1 duplicates=1 paths=1
2026-10-05 10:28:09 | INFO | app.data_sources.yahoo_http_provider | [yahoo_http] returned 1 rows for PTGX (2026-10-02 -> 2026-10-02)
2026-10-05 10:28:09 | INFO | app.data_sources.multi_source | [yahoo_http] returned 1 rows for PTGX (1d)
2026-10-05 10:28:09 | INFO | app.lakehouse.bronze | Bronze append complete: received=1 duplicates=1 paths=1
2026-10-05 10:28:10 | INFO | app.data_sources.yahoo_http_provider | [yahoo_http] returned 1 rows for PVH (2026-10-02 -> 2026-10-02)
2026-10-05 10:28:10 | INFO | app.data_sources.multi_source | [yahoo_http] returned 1 rows for PVH (1d)
2026-10-05 10:28:10 | INFO | app.lakehouse.bronze | Bronze append complete: received=1 duplicates=1 paths=1
2026-10-05 10:28:11 | INFO | app.data_sources.yahoo_http_provider | [yahoo_http] returned 1 rows for PYPL (2026-10-02 -> 2026-10-02)
2026-10-05 10:28:11 | INFO | app.data_sources.multi_source | [yahoo_http] returned 1 rows for PYPL (1d)
2026-10-05 10:28:11 | INFO | app.lakehouse.bronze | Bronze append complete: received=1 duplicates=1 paths=1
2026-10-05 10:28:12 | INFO | app.data_sources.yahoo_http_provider | [yahoo_http] returned 1 rows for PZZA (2026-10-02 -> 2026-10-02)
2026-10-05 10:28:12 | INFO | app.data_sources.multi_source | [yahoo_http] returned 1 rows for PZZA (1d)
2026-10-05 10:28:12 | INFO | app.lakehouse.bronze | Bronze append complete: received=1 duplicates=1 paths=1
2026-10-05 10:28:13 | INFO | app.data_sources.yahoo_http_provider | [yahoo_http] returned 1 rows for QCOM (2026-10-02 -> 2026-10-02)
2026-10-05 10:28:13 | INFO | app.data_sources.multi_source | [yahoo_http] returned 1 rows for QCOM (1d)
2026-10-05 10:28:13 | INFO | app.lakehouse.bronze | Bronze append complete: received=1 duplicates=1 paths=1
2026-10-05 10:28:14 | INFO | app.data_sources.yahoo_http_provider | [yahoo_http] returned 1 rows for QQQ (2026-10-02 -> 2026-10-02)
2026-10-05 10:28:14 | INFO | app.data_sources.multi_source | [yahoo_http] returned 1 rows for QQQ (1d)
2026-10-05 10:28:14 | INFO | app.lakehouse.bronze | Bronze append complete: received=1 duplicates=1 paths=1
2026-10-05 10:28:14 | INFO | app.data_sources.yahoo_http_provider | [yahoo_http] returned 1 rows for QRVO (2026-10-02 -> 2026-10-02)
2026-10-05 10:28:14 | INFO | app.data_sources.multi_source | [yahoo_http] returned 1 rows for QRVO (1d)
2026-10-05 10:28:14 | INFO | app.lakehouse.bronze | Bronze append complete: received=1 duplicates=1 paths=1
2026-10-05 10:28:15 | INFO | app.data_sources.yahoo_http_provider | [yahoo_http] returned 1 rows for QSR (2026-10-02 -> 2026-10-02)
2026-10-05 10:28:15 | INFO | app.data_sources.multi_source | [yahoo_http] returned 1 rows for QSR (1d)
2026-10-05 10:28:15 | INFO | app.lakehouse.bronze | Bronze append complete: received=1 duplicates=1 paths=1
2026-10-05 10:28:16 | INFO | app.data_sources.yahoo_http_provider | [yahoo_http] returned 1 rows for QUAL (2026-10-02 -> 2026-10-02)
2026-10-05 10:28:16 | INFO | app.data_sources.multi_source | [yahoo_http] returned 1 rows for QUAL (1d)
2026-10-05 10:28:16 | INFO | app.lakehouse.bronze | Bronze append complete: received=1 duplicates=1 paths=1
2026-10-05 10:28:17 | INFO | app.data_sources.yahoo_http_provider | [yahoo_http] returned 1 rows for RARE (2026-10-02 -> 2026-10-02)
2026-10-05 10:28:17 | INFO | app.data_sources.multi_source | [yahoo_http] returned 1 rows for RARE (1d)
2026-10-05 10:28:17 | INFO | app.lakehouse.bronze | Bronze append complete: received=1 duplicates=1 paths=1
2026-10-05 10:28:17 | INFO | app.services.auto_refresh | AutoRefresh progress: 460/621 symbols processed
2026-10-05 10:28:17 | INFO | app.data_sources.yahoo_http_provider | [yahoo_http] returned 1 rows for RBLX (2026-10-02 -> 2026-10-02)
2026-10-05 10:28:17 | INFO | app.data_sources.multi_source | [yahoo_http] returned 1 rows for RBLX (1d)
2026-10-05 10:28:17 | INFO | app.lakehouse.bronze | Bronze append complete: received=1 duplicates=1 paths=1
2026-10-05 10:28:19 | INFO | app.data_sources.yahoo_http_provider | [yahoo_http] returned 1 rows for REG (2026-10-02 -> 2026-10-02)
2026-10-05 10:28:19 | INFO | app.data_sources.multi_source | [yahoo_http] returned 1 rows for REG (1d)
2026-10-05 10:28:19 | INFO | app.lakehouse.bronze | Bronze append complete: received=1 duplicates=1 paths=1
2026-10-05 10:28:19 | INFO | app.data_sources.yahoo_http_provider | [yahoo_http] returned 1 rows for REGN (2026-10-02 -> 2026-10-02)
2026-10-05 10:28:19 | INFO | app.data_sources.multi_source | [yahoo_http] returned 1 rows for REGN (1d)
2026-10-05 10:28:19 | INFO | app.lakehouse.bronze | Bronze append complete: received=1 duplicates=1 paths=1
2026-10-05 10:28:20 | INFO | app.data_sources.yahoo_http_provider | [yahoo_http] returned 1 rows for REXR (2026-10-02 -> 2026-10-02)
2026-10-05 10:28:20 | INFO | app.data_sources.multi_source | [yahoo_http] returned 1 rows for REXR (1d)
2026-10-05 10:28:20 | INFO | app.lakehouse.bronze | Bronze append complete: received=1 duplicates=1 paths=1
2026-10-05 10:28:21 | INFO | app.data_sources.yahoo_http_provider | [yahoo_http] returned 1 rows for RF (2026-10-02 -> 2026-10-02)
2026-10-05 10:28:21 | INFO | app.data_sources.multi_source | [yahoo_http] returned 1 rows for RF (1d)
2026-10-05 10:28:21 | INFO | app.lakehouse.bronze | Bronze append complete: received=1 duplicates=1 paths=1
2026-10-05 10:28:22 | INFO | app.data_sources.yahoo_http_provider | [yahoo_http] returned 1 rows for RGLD (2026-10-02 -> 2026-10-02)
2026-10-05 10:28:22 | INFO | app.data_sources.multi_source | [yahoo_http] returned 1 rows for RGLD (1d)
2026-10-05 10:28:22 | INFO | app.lakehouse.bronze | Bronze append complete: received=1 duplicates=1 paths=1
2026-10-05 10:28:23 | INFO | app.data_sources.yahoo_http_provider | [yahoo_http] returned 1 rows for RIGL (2026-10-02 -> 2026-10-02)
2026-10-05 10:28:23 | INFO | app.data_sources.multi_source | [yahoo_http] returned 1 rows for RIGL (1d)
2026-10-05 10:28:23 | INFO | app.lakehouse.bronze | Bronze append complete: received=1 duplicates=1 paths=1
2026-10-05 10:28:23 | INFO | app.data_sources.yahoo_http_provider | [yahoo_http] returned 1 rows for RIVN (2026-10-02 -> 2026-10-02)
2026-10-05 10:28:23 | INFO | app.data_sources.multi_source | [yahoo_http] returned 1 rows for RIVN (1d)
2026-10-05 10:28:23 | INFO | app.lakehouse.bronze | Bronze append complete: received=1 duplicates=1 paths=1
2026-10-05 10:28:24 | INFO | app.data_sources.yahoo_http_provider | [yahoo_http] returned 1 rows for RJF (2026-10-02 -> 2026-10-02)
2026-10-05 10:28:24 | INFO | app.data_sources.multi_source | [yahoo_http] returned 1 rows for RJF (1d)
2026-10-05 10:28:24 | INFO | app.lakehouse.bronze | Bronze append complete: received=1 duplicates=1 paths=1
2026-10-05 10:28:25 | INFO | app.data_sources.yahoo_http_provider | [yahoo_http] returned 1 rows for RL (2026-10-02 -> 2026-10-02)
2026-10-05 10:28:25 | INFO | app.data_sources.multi_source | [yahoo_http] returned 1 rows for RL (1d)
2026-10-05 10:28:25 | INFO | app.lakehouse.bronze | Bronze append complete: received=1 duplicates=1 paths=1
2026-10-05 10:28:25 | INFO | app.data_sources.yahoo_http_provider | [yahoo_http] returned 1 rows for ROKU (2026-10-02 -> 2026-10-02)
2026-10-05 10:28:25 | INFO | app.data_sources.multi_source | [yahoo_http] returned 1 rows for ROKU (1d)
2026-10-05 10:28:25 | INFO | app.lakehouse.bronze | Bronze append complete: received=1 duplicates=1 paths=1
2026-10-05 10:28:26 | INFO | app.data_sources.yahoo_http_provider | [yahoo_http] returned 1 rows for ROP (2026-10-02 -> 2026-10-02)
2026-10-05 10:28:26 | INFO | app.data_sources.multi_source | [yahoo_http] returned 1 rows for ROP (1d)
2026-10-05 10:28:26 | INFO | app.lakehouse.bronze | Bronze append complete: received=1 duplicates=1 paths=1
2026-10-05 10:28:27 | INFO | app.data_sources.yahoo_http_provider | [yahoo_http] returned 1 rows for ROST (2026-10-02 -> 2026-10-02)
2026-10-05 10:28:27 | INFO | app.data_sources.multi_source | [yahoo_http] returned 1 rows for ROST (1d)
2026-10-05 10:28:27 | INFO | app.lakehouse.bronze | Bronze append complete: received=1 duplicates=1 paths=1
2026-10-05 10:28:28 | INFO | app.data_sources.yahoo_http_provider | [yahoo_http] returned 1 rows for RRC (2026-10-02 -> 2026-10-02)
2026-10-05 10:28:28 | INFO | app.data_sources.multi_source | [yahoo_http] returned 1 rows for RRC (1d)
2026-10-05 10:28:28 | INFO | app.lakehouse.bronze | Bronze append complete: received=1 duplicates=1 paths=1
2026-10-05 10:28:29 | INFO | app.data_sources.yahoo_http_provider | [yahoo_http] returned 1 rows for RSG (2026-10-02 -> 2026-10-02)
2026-10-05 10:28:29 | INFO | app.data_sources.multi_source | [yahoo_http] returned 1 rows for RSG (1d)
2026-10-05 10:28:29 | INFO | app.lakehouse.bronze | Bronze append complete: received=1 duplicates=1 paths=1
2026-10-05 10:28:29 | INFO | app.data_sources.yahoo_http_provider | [yahoo_http] returned 1 rows for RTX (2026-10-02 -> 2026-10-02)
2026-10-05 10:28:29 | INFO | app.data_sources.multi_source | [yahoo_http] returned 1 rows for RTX (1d)
2026-10-05 10:28:29 | INFO | app.lakehouse.bronze | Bronze append complete: received=1 duplicates=1 paths=1
2026-10-05 10:28:30 | INFO | app.data_sources.yahoo_http_provider | [yahoo_http] returned 1 rows for RVMD (2026-10-02 -> 2026-10-02)
2026-10-05 10:28:30 | INFO | app.data_sources.multi_source | [yahoo_http] returned 1 rows for RVMD (1d)
2026-10-05 10:28:30 | INFO | app.lakehouse.bronze | Bronze append complete: received=1 duplicates=1 paths=1
2026-10-05 10:28:51 | INFO | app.data_sources.yahoo_http_provider | [yahoo_http] returned 1 rows for S (2026-10-02 -> 2026-10-02)
2026-10-05 10:28:51 | INFO | app.data_sources.multi_source | [yahoo_http] returned 1 rows for S (1d)
2026-10-05 10:28:51 | INFO | app.lakehouse.bronze | Bronze append complete: received=1 duplicates=1 paths=1
2026-10-05 10:28:52 | INFO | app.data_sources.yahoo_http_provider | [yahoo_http] returned 1 rows for SAP (2026-10-02 -> 2026-10-02)
2026-10-05 10:28:52 | INFO | app.data_sources.multi_source | [yahoo_http] returned 1 rows for SAP (1d)
2026-10-05 10:28:52 | INFO | app.lakehouse.bronze | Bronze append complete: received=1 duplicates=1 paths=1
2026-10-05 10:28:53 | INFO | app.data_sources.yahoo_http_provider | [yahoo_http] returned 1 rows for SBUX (2026-10-02 -> 2026-10-02)
2026-10-05 10:28:53 | INFO | app.data_sources.multi_source | [yahoo_http] returned 1 rows for SBUX (1d)
2026-10-05 10:28:53 | INFO | app.lakehouse.bronze | Bronze append complete: received=1 duplicates=1 paths=1
2026-10-05 10:28:53 | INFO | app.services.auto_refresh | AutoRefresh progress: 480/621 symbols processed
2026-10-05 10:28:53 | INFO | app.data_sources.yahoo_http_provider | [yahoo_http] returned 1 rows for SCHD (2026-10-02 -> 2026-10-02)
2026-10-05 10:28:53 | INFO | app.data_sources.multi_source | [yahoo_http] returned 1 rows for SCHD (1d)
2026-10-05 10:28:53 | INFO | app.lakehouse.bronze | Bronze append complete: received=1 duplicates=1 paths=1
2026-10-05 10:28:54 | INFO | app.data_sources.yahoo_http_provider | [yahoo_http] returned 1 rows for SCHW (2026-10-02 -> 2026-10-02)
2026-10-05 10:28:54 | INFO | app.data_sources.multi_source | [yahoo_http] returned 1 rows for SCHW (1d)
2026-10-05 10:28:54 | INFO | app.lakehouse.bronze | Bronze append complete: received=1 duplicates=1 paths=1
2026-10-05 10:28:55 | INFO | app.data_sources.yahoo_http_provider | [yahoo_http] returned 1 rows for SHEL (2026-10-02 -> 2026-10-02)
2026-10-05 10:28:55 | INFO | app.data_sources.multi_source | [yahoo_http] returned 1 rows for SHEL (1d)
2026-10-05 10:28:55 | INFO | app.lakehouse.bronze | Bronze append complete: received=1 duplicates=1 paths=1
2026-10-05 10:28:56 | INFO | app.data_sources.yahoo_http_provider | [yahoo_http] returned 1 rows for SHOP (2026-10-02 -> 2026-10-02)
2026-10-05 10:28:56 | INFO | app.data_sources.multi_source | [yahoo_http] returned 1 rows for SHOP (1d)
2026-10-05 10:28:56 | INFO | app.lakehouse.bronze | Bronze append complete: received=1 duplicates=1 paths=1
2026-10-05 10:28:56 | INFO | app.data_sources.yahoo_http_provider | [yahoo_http] returned 1 rows for SHW (2026-10-02 -> 2026-10-02)
2026-10-05 10:28:56 | INFO | app.data_sources.multi_source | [yahoo_http] returned 1 rows for SHW (1d)
2026-10-05 10:28:56 | INFO | app.lakehouse.bronze | Bronze append complete: received=1 duplicates=1 paths=1
2026-10-05 10:28:57 | INFO | app.data_sources.yahoo_http_provider | [yahoo_http] returned 1 rows for SHY (2026-10-02 -> 2026-10-02)
2026-10-05 10:28:57 | INFO | app.data_sources.multi_source | [yahoo_http] returned 1 rows for SHY (1d)
2026-10-05 10:28:57 | INFO | app.lakehouse.bronze | Bronze append complete: received=1 duplicates=1 paths=1
2026-10-05 10:28:58 | INFO | app.data_sources.yahoo_http_provider | [yahoo_http] returned 1 rows for SJM (2026-10-02 -> 2026-10-02)
2026-10-05 10:28:58 | INFO | app.data_sources.multi_source | [yahoo_http] returned 1 rows for SJM (1d)
2026-10-05 10:28:58 | INFO | app.lakehouse.bronze | Bronze append complete: received=1 duplicates=1 paths=1
2026-10-05 10:28:58 | INFO | app.data_sources.yahoo_http_provider | [yahoo_http] returned 1 rows for SKT (2026-10-02 -> 2026-10-02)
2026-10-05 10:28:58 | INFO | app.data_sources.multi_source | [yahoo_http] returned 1 rows for SKT (1d)
2026-10-05 10:28:59 | INFO | app.lakehouse.bronze | Bronze append complete: received=1 duplicates=1 paths=1
2026-10-05 10:28:59 | INFO | app.data_sources.yahoo_http_provider | [yahoo_http] returned 1 rows for SLB (2026-10-02 -> 2026-10-02)
2026-10-05 10:28:59 | INFO | app.data_sources.multi_source | [yahoo_http] returned 1 rows for SLB (1d)
2026-10-05 10:28:59 | INFO | app.lakehouse.bronze | Bronze append complete: received=1 duplicates=1 paths=1
2026-10-05 10:29:00 | INFO | app.data_sources.yahoo_http_provider | [yahoo_http] returned 1 rows for SLG (2026-10-02 -> 2026-10-02)
2026-10-05 10:29:00 | INFO | app.data_sources.multi_source | [yahoo_http] returned 1 rows for SLG (1d)
2026-10-05 10:29:00 | INFO | app.lakehouse.bronze | Bronze append complete: received=1 duplicates=1 paths=1
2026-10-05 10:29:01 | INFO | app.data_sources.yahoo_http_provider | [yahoo_http] returned 1 rows for SLV (2026-10-02 -> 2026-10-02)
2026-10-05 10:29:01 | INFO | app.data_sources.multi_source | [yahoo_http] returned 1 rows for SLV (1d)
2026-10-05 10:29:01 | INFO | app.lakehouse.bronze | Bronze append complete: received=1 duplicates=1 paths=1
2026-10-05 10:29:02 | INFO | app.data_sources.yahoo_http_provider | [yahoo_http] returned 1 rows for SNAP (2026-10-02 -> 2026-10-02)
2026-10-05 10:29:02 | INFO | app.data_sources.multi_source | [yahoo_http] returned 1 rows for SNAP (1d)
2026-10-05 10:29:02 | INFO | app.lakehouse.bronze | Bronze append complete: received=1 duplicates=1 paths=1
2026-10-05 10:29:03 | INFO | app.data_sources.yahoo_http_provider | [yahoo_http] returned 1 rows for SNDR (2026-10-02 -> 2026-10-02)
2026-10-05 10:29:03 | INFO | app.data_sources.multi_source | [yahoo_http] returned 1 rows for SNDR (1d)
2026-10-05 10:29:03 | INFO | app.lakehouse.bronze | Bronze append complete: received=1 duplicates=1 paths=1
2026-10-05 10:29:03 | INFO | app.data_sources.yahoo_http_provider | [yahoo_http] returned 1 rows for SNOW (2026-10-02 -> 2026-10-02)
2026-10-05 10:29:03 | INFO | app.data_sources.multi_source | [yahoo_http] returned 1 rows for SNOW (1d)
2026-10-05 10:29:03 | INFO | app.lakehouse.bronze | Bronze append complete: received=1 duplicates=1 paths=1
2026-10-05 10:29:04 | INFO | app.data_sources.yahoo_http_provider | [yahoo_http] returned 1 rows for SNPS (2026-10-02 -> 2026-10-02)
2026-10-05 10:29:04 | INFO | app.data_sources.multi_source | [yahoo_http] returned 1 rows for SNPS (1d)
2026-10-05 10:29:04 | INFO | app.lakehouse.bronze | Bronze append complete: received=1 duplicates=1 paths=1
2026-10-05 10:29:05 | INFO | app.data_sources.yahoo_http_provider | [yahoo_http] returned 1 rows for SO (2026-10-02 -> 2026-10-02)
2026-10-05 10:29:05 | INFO | app.data_sources.multi_source | [yahoo_http] returned 1 rows for SO (1d)
2026-10-05 10:29:05 | INFO | app.lakehouse.bronze | Bronze append complete: received=1 duplicates=1 paths=1
2026-10-05 10:29:06 | INFO | app.data_sources.yahoo_http_provider | [yahoo_http] returned 1 rows for SOXL (2026-10-02 -> 2026-10-02)
2026-10-05 10:29:06 | INFO | app.data_sources.multi_source | [yahoo_http] returned 1 rows for SOXL (1d)
2026-10-05 10:29:06 | INFO | app.lakehouse.bronze | Bronze append complete: received=1 duplicates=1 paths=1
2026-10-05 10:29:07 | INFO | app.data_sources.yahoo_http_provider | [yahoo_http] returned 1 rows for SPB (2026-10-02 -> 2026-10-02)
2026-10-05 10:29:07 | INFO | app.data_sources.multi_source | [yahoo_http] returned 1 rows for SPB (1d)
2026-10-05 10:29:07 | INFO | app.lakehouse.bronze | Bronze append complete: received=1 duplicates=1 paths=1
2026-10-05 10:29:08 | INFO | app.data_sources.yahoo_http_provider | [yahoo_http] returned 1 rows for SPG (2026-10-02 -> 2026-10-02)
2026-10-05 10:29:08 | INFO | app.data_sources.multi_source | [yahoo_http] returned 1 rows for SPG (1d)
2026-10-05 10:29:08 | INFO | app.lakehouse.bronze | Bronze append complete: received=1 duplicates=1 paths=1
2026-10-05 10:29:09 | INFO | app.data_sources.yahoo_http_provider | [yahoo_http] returned 1 rows for SPGI (2026-10-02 -> 2026-10-02)
2026-10-05 10:29:09 | INFO | app.data_sources.multi_source | [yahoo_http] returned 1 rows for SPGI (1d)
2026-10-05 10:29:09 | INFO | app.lakehouse.bronze | Bronze append complete: received=1 duplicates=1 paths=1
2026-10-05 10:29:09 | INFO | app.services.auto_refresh | AutoRefresh progress: 500/621 symbols processed
2026-10-05 10:29:10 | INFO | app.data_sources.yahoo_http_provider | [yahoo_http] returned 1 rows for SPOT (2026-10-02 -> 2026-10-02)
2026-10-05 10:29:10 | INFO | app.data_sources.multi_source | [yahoo_http] returned 1 rows for SPOT (1d)
2026-10-05 10:29:10 | INFO | app.lakehouse.bronze | Bronze append complete: received=1 duplicates=1 paths=1
2026-10-05 10:29:10 | INFO | app.data_sources.yahoo_http_provider | [yahoo_http] returned 1 rows for SPXU (2026-10-02 -> 2026-10-02)
2026-10-05 10:29:10 | INFO | app.data_sources.multi_source | [yahoo_http] returned 1 rows for SPXU (1d)
2026-10-05 10:29:11 | INFO | app.lakehouse.bronze | Bronze append complete: received=1 duplicates=1 paths=1
2026-10-05 10:29:11 | INFO | app.data_sources.yahoo_http_provider | [yahoo_http] returned 1 rows for SPY (2026-10-02 -> 2026-10-02)
2026-10-05 10:29:11 | INFO | app.data_sources.multi_source | [yahoo_http] returned 1 rows for SPY (1d)
2026-10-05 10:29:11 | INFO | app.lakehouse.bronze | Bronze append complete: received=1 duplicates=1 paths=1
2026-10-05 10:29:12 | INFO | app.data_sources.yahoo_http_provider | [yahoo_http] returned 1 rows for SQM (2026-10-02 -> 2026-10-02)
2026-10-05 10:29:12 | INFO | app.data_sources.multi_source | [yahoo_http] returned 1 rows for SQM (1d)
2026-10-05 10:29:12 | INFO | app.lakehouse.bronze | Bronze append complete: received=1 duplicates=1 paths=1
2026-10-05 10:29:13 | INFO | app.data_sources.yahoo_http_provider | [yahoo_http] returned 1 rows for SQQQ (2026-10-02 -> 2026-10-02)
2026-10-05 10:29:13 | INFO | app.data_sources.multi_source | [yahoo_http] returned 1 rows for SQQQ (1d)
2026-10-05 10:29:13 | INFO | app.lakehouse.bronze | Bronze append complete: received=1 duplicates=1 paths=1
2026-10-05 10:29:14 | INFO | app.data_sources.yahoo_http_provider | [yahoo_http] returned 1 rows for SR (2026-10-02 -> 2026-10-02)
2026-10-05 10:29:14 | INFO | app.data_sources.multi_source | [yahoo_http] returned 1 rows for SR (1d)
2026-10-05 10:29:14 | INFO | app.lakehouse.bronze | Bronze append complete: received=1 duplicates=1 paths=1
2026-10-05 10:29:15 | INFO | app.data_sources.yahoo_http_provider | [yahoo_http] returned 1 rows for SRE (2026-10-02 -> 2026-10-02)
2026-10-05 10:29:15 | INFO | app.data_sources.multi_source | [yahoo_http] returned 1 rows for SRE (1d)
2026-10-05 10:29:15 | INFO | app.lakehouse.bronze | Bronze append complete: received=1 duplicates=1 paths=1
2026-10-05 10:29:16 | INFO | app.data_sources.yahoo_http_provider | [yahoo_http] returned 1 rows for SSRM (2026-10-02 -> 2026-10-02)
2026-10-05 10:29:16 | INFO | app.data_sources.multi_source | [yahoo_http] returned 1 rows for SSRM (1d)
2026-10-05 10:29:16 | INFO | app.lakehouse.bronze | Bronze append complete: received=1 duplicates=1 paths=1
2026-10-05 10:29:16 | INFO | app.data_sources.yahoo_http_provider | [yahoo_http] returned 1 rows for STLA (2026-10-02 -> 2026-10-02)
2026-10-05 10:29:16 | INFO | app.data_sources.multi_source | [yahoo_http] returned 1 rows for STLA (1d)
2026-10-05 10:29:17 | INFO | app.lakehouse.bronze | Bronze append complete: received=1 duplicates=1 paths=1
2026-10-05 10:29:17 | INFO | app.data_sources.yahoo_http_provider | [yahoo_http] returned 1 rows for STM (2026-10-02 -> 2026-10-02)
2026-10-05 10:29:17 | INFO | app.data_sources.multi_source | [yahoo_http] returned 1 rows for STM (1d)
2026-10-05 10:29:17 | INFO | app.lakehouse.bronze | Bronze append complete: received=1 duplicates=1 paths=1
2026-10-05 10:29:18 | INFO | app.data_sources.yahoo_http_provider | [yahoo_http] returned 1 rows for STT (2026-10-02 -> 2026-10-02)
2026-10-05 10:29:18 | INFO | app.data_sources.multi_source | [yahoo_http] returned 1 rows for STT (1d)
2026-10-05 10:29:18 | INFO | app.lakehouse.bronze | Bronze append complete: received=1 duplicates=1 paths=1
2026-10-05 10:29:19 | INFO | app.data_sources.yahoo_http_provider | [yahoo_http] returned 1 rows for SWK (2026-10-02 -> 2026-10-02)
2026-10-05 10:29:19 | INFO | app.data_sources.multi_source | [yahoo_http] returned 1 rows for SWK (1d)
2026-10-05 10:29:20 | INFO | app.lakehouse.bronze | Bronze append complete: received=1 duplicates=1 paths=1
2026-10-05 10:29:20 | INFO | app.data_sources.yahoo_http_provider | [yahoo_http] returned 1 rows for SWKS (2026-10-02 -> 2026-10-02)
2026-10-05 10:29:20 | INFO | app.data_sources.multi_source | [yahoo_http] returned 1 rows for SWKS (1d)
2026-10-05 10:29:20 | INFO | app.lakehouse.bronze | Bronze append complete: received=1 duplicates=1 paths=1
2026-10-05 10:29:21 | INFO | app.data_sources.yahoo_http_provider | [yahoo_http] returned 1 rows for SWX (2026-10-02 -> 2026-10-02)
2026-10-05 10:29:21 | INFO | app.data_sources.multi_source | [yahoo_http] returned 1 rows for SWX (1d)
2026-10-05 10:29:21 | INFO | app.lakehouse.bronze | Bronze append complete: received=1 duplicates=1 paths=1
2026-10-05 10:29:22 | INFO | app.data_sources.yahoo_http_provider | [yahoo_http] returned 1 rows for SYF (2026-10-02 -> 2026-10-02)
2026-10-05 10:29:22 | INFO | app.data_sources.multi_source | [yahoo_http] returned 1 rows for SYF (1d)
2026-10-05 10:29:22 | INFO | app.lakehouse.bronze | Bronze append complete: received=1 duplicates=1 paths=1
2026-10-05 10:29:23 | INFO | app.data_sources.yahoo_http_provider | [yahoo_http] returned 1 rows for SYK (2026-10-02 -> 2026-10-02)
2026-10-05 10:29:23 | INFO | app.data_sources.multi_source | [yahoo_http] returned 1 rows for SYK (1d)
2026-10-05 10:29:23 | INFO | app.lakehouse.bronze | Bronze append complete: received=1 duplicates=1 paths=1
2026-10-05 10:29:23 | INFO | app.data_sources.yahoo_http_provider | [yahoo_http] returned 1 rows for SYY (2026-10-02 -> 2026-10-02)
2026-10-05 10:29:23 | INFO | app.data_sources.multi_source | [yahoo_http] returned 1 rows for SYY (1d)
2026-10-05 10:29:23 | INFO | app.lakehouse.bronze | Bronze append complete: received=1 duplicates=1 paths=1
2026-10-05 10:29:38 | INFO | app.data_sources.yahoo_http_provider | [yahoo_http] returned 1 rows for T (2026-10-02 -> 2026-10-02)
2026-10-05 10:29:38 | INFO | app.data_sources.multi_source | [yahoo_http] returned 1 rows for T (1d)
2026-10-05 10:29:38 | INFO | app.lakehouse.bronze | Bronze append complete: received=1 duplicates=1 paths=1
2026-10-05 10:29:38 | INFO | app.data_sources.yahoo_http_provider | [yahoo_http] returned 1 rows for TARS (2026-10-02 -> 2026-10-02)
2026-10-05 10:29:38 | INFO | app.data_sources.multi_source | [yahoo_http] returned 1 rows for TARS (1d)
2026-10-05 10:29:38 | INFO | app.lakehouse.bronze | Bronze append complete: received=1 duplicates=1 paths=1
2026-10-05 10:29:38 | WARNING | app.data_sources.multi_source | [yahoo_http] failed for TCO: Yahoo HTTP request failed for TCO: 404 Client Error: Not Found for url: https://query1.finance.yahoo.com/v8/finance/chart/TCO?period1=1609261200&period2=1791145178&interval=1d&includeAdjustedClose=true&events=history
2026-10-05 10:29:39 | ERROR | yfinance | $TCO: possibly delisted; no timezone found
2026-10-05 10:29:39 | WARNING | app.data_sources.multi_source | [yfinance] failed for TCO: No data returned by yfinance for TCO (1d)
2026-10-05 10:29:39 | WARNING | app.data_sources.multi_source | [finnhub] failed for TCO: Finnhub authentication failed. Check FINNHUB_API_KEY in .env.
2026-10-05 10:29:40 | WARNING | app.data_sources.multi_source | [alpha_vantage] failed for TCO: Alpha Vantage error: We have detected your API key as GHS8FR0JK3K0PAG0 and our standard API rate limit is 25 requests per day. Please subscribe to any of the premium plans at https://www.alphavantage.co/premium/ to instantly remove all daily rate limits.
2026-10-05 10:29:40 | WARNING | app.data_sources.multi_source | [web_scraper] failed for TCO: Yahoo Finance request failed: 404 Client Error: Not Found for url: https://query1.finance.yahoo.com/v8/finance/chart/TCO?period1=1609261200&period2=1791145178&interval=1d&events=history
2026-10-05 10:29:40 | WARNING | app.services.auto_refresh | AutoRefresh: provider fetch failed for TCO: All providers failed for TCO (1d): {'yahoo_http': 'Yahoo HTTP request failed for TCO: 404 Client Error: Not Found for url: https://query1.finance.yahoo.com/v8/finance/chart/TCO?period1=1609261200&period2=1791145178&interval=1d&includeAdjustedClose=true&events=history', 'yfinance': 'No data returned by yfinance for TCO (1d)', 'finnhub': 'Finnhub authentication failed. Check FINNHUB_API_KEY in .env.', 'alpha_vantage': 'Alpha Vantage error: We have detected your API key as GHS8FR0JK3K0PAG0 and our standard API rate limit is 25 requests per day. Please subscribe to any of the premium plans at https://www.alphavantage.co/premium/ to instantly remove all daily rate limits.', 'web_scraper': 'Yahoo Finance request failed: 404 Client Error: Not Found for url: https://query1.finance.yahoo.com/v8/finance/chart/TCO?period1=1609261200&period2=1791145178&interval=1d&events=history'}
2026-10-05 10:29:40 | INFO | app.services.auto_refresh | AutoRefresh progress: 520/621 symbols processed
2026-10-05 10:29:41 | INFO | app.data_sources.yahoo_http_provider | [yahoo_http] returned 1 rows for TDG (2026-10-02 -> 2026-10-02)
2026-10-05 10:29:41 | INFO | app.data_sources.multi_source | [yahoo_http] returned 1 rows for TDG (1d)
2026-10-05 10:29:41 | INFO | app.lakehouse.bronze | Bronze append complete: received=1 duplicates=1 paths=1
2026-10-05 10:29:41 | INFO | app.data_sources.yahoo_http_provider | [yahoo_http] returned 1 rows for TDY (2026-10-02 -> 2026-10-02)
2026-10-05 10:29:41 | INFO | app.data_sources.multi_source | [yahoo_http] returned 1 rows for TDY (1d)
2026-10-05 10:29:41 | INFO | app.lakehouse.bronze | Bronze append complete: received=1 duplicates=1 paths=1
2026-10-05 10:29:42 | INFO | app.data_sources.yahoo_http_provider | [yahoo_http] returned 1 rows for TEAM (2026-10-02 -> 2026-10-02)
2026-10-05 10:29:42 | INFO | app.data_sources.multi_source | [yahoo_http] returned 1 rows for TEAM (1d)
2026-10-05 10:29:42 | INFO | app.lakehouse.bronze | Bronze append complete: received=1 duplicates=1 paths=1
2026-10-05 10:29:43 | INFO | app.data_sources.yahoo_http_provider | [yahoo_http] returned 1 rows for TFC (2026-10-02 -> 2026-10-02)
2026-10-05 10:29:43 | INFO | app.data_sources.multi_source | [yahoo_http] returned 1 rows for TFC (1d)
2026-10-05 10:29:43 | INFO | app.lakehouse.bronze | Bronze append complete: received=1 duplicates=1 paths=1
2026-10-05 10:29:43 | WARNING | app.data_sources.multi_source | [yahoo_http] failed for TGNA: Yahoo HTTP request failed for TGNA: 404 Client Error: Not Found for url: https://query1.finance.yahoo.com/v8/finance/chart/TGNA?period1=1774026000&period2=1791145178&interval=1d&includeAdjustedClose=true&events=history
2026-10-05 10:29:44 | ERROR | yfinance | $TGNA: No data found, symbol may be delisted
2026-10-05 10:29:44 | WARNING | app.data_sources.multi_source | [yfinance] failed for TGNA: No data returned by yfinance for TGNA (1d)
2026-10-05 10:29:44 | WARNING | app.data_sources.multi_source | [finnhub] failed for TGNA: Finnhub authentication failed. Check FINNHUB_API_KEY in .env.
2026-10-05 10:29:45 | WARNING | app.data_sources.multi_source | [alpha_vantage] failed for TGNA: Alpha Vantage error: We have detected your API key as GHS8FR0JK3K0PAG0 and our standard API rate limit is 25 requests per day. Please subscribe to any of the premium plans at https://www.alphavantage.co/premium/ to instantly remove all daily rate limits.
2026-10-05 10:29:45 | WARNING | app.data_sources.multi_source | [web_scraper] failed for TGNA: Yahoo Finance request failed: 404 Client Error: Not Found for url: https://query1.finance.yahoo.com/v8/finance/chart/TGNA?period1=1774026000&period2=1791145178&interval=1d&events=history
2026-10-05 10:29:45 | WARNING | app.services.auto_refresh | AutoRefresh: provider fetch failed for TGNA: All providers failed for TGNA (1d): {'yahoo_http': 'Yahoo HTTP request failed for TGNA: 404 Client Error: Not Found for url: https://query1.finance.yahoo.com/v8/finance/chart/TGNA?period1=1774026000&period2=1791145178&interval=1d&includeAdjustedClose=true&events=history', 'yfinance': 'No data returned by yfinance for TGNA (1d)', 'finnhub': 'Finnhub authentication failed. Check FINNHUB_API_KEY in .env.', 'alpha_vantage': 'Alpha Vantage error: We have detected your API key as GHS8FR0JK3K0PAG0 and our standard API rate limit is 25 requests per day. Please subscribe to any of the premium plans at https://www.alphavantage.co/premium/ to instantly remove all daily rate limits.', 'web_scraper': 'Yahoo Finance request failed: 404 Client Error: Not Found for url: https://query1.finance.yahoo.com/v8/finance/chart/TGNA?period1=1774026000&period2=1791145178&interval=1d&events=history'}
2026-10-05 10:29:46 | INFO | app.data_sources.yahoo_http_provider | [yahoo_http] returned 1 rows for TGT (2026-10-02 -> 2026-10-02)
2026-10-05 10:29:46 | INFO | app.data_sources.multi_source | [yahoo_http] returned 1 rows for TGT (1d)
2026-10-05 10:29:46 | INFO | app.lakehouse.bronze | Bronze append complete: received=1 duplicates=1 paths=1
2026-10-05 10:29:47 | INFO | app.data_sources.yahoo_http_provider | [yahoo_http] returned 1 rows for TGTX (2026-10-02 -> 2026-10-02)
2026-10-05 10:29:47 | INFO | app.data_sources.multi_source | [yahoo_http] returned 1 rows for TGTX (1d)
2026-10-05 10:29:47 | INFO | app.lakehouse.bronze | Bronze append complete: received=1 duplicates=1 paths=1
2026-10-05 10:29:48 | INFO | app.data_sources.yahoo_http_provider | [yahoo_http] returned 1 rows for TIP (2026-10-02 -> 2026-10-02)
2026-10-05 10:29:48 | INFO | app.data_sources.multi_source | [yahoo_http] returned 1 rows for TIP (1d)
2026-10-05 10:29:48 | INFO | app.lakehouse.bronze | Bronze append complete: received=1 duplicates=1 paths=1
2026-10-05 10:29:49 | INFO | app.data_sources.yahoo_http_provider | [yahoo_http] returned 1 rows for TJX (2026-10-02 -> 2026-10-02)
2026-10-05 10:29:49 | INFO | app.data_sources.multi_source | [yahoo_http] returned 1 rows for TJX (1d)
2026-10-05 10:29:49 | INFO | app.lakehouse.bronze | Bronze append complete: received=1 duplicates=1 paths=1
2026-10-05 10:29:50 | INFO | app.data_sources.yahoo_http_provider | [yahoo_http] returned 1 rows for TLT (2026-10-02 -> 2026-10-02)
2026-10-05 10:29:50 | INFO | app.data_sources.multi_source | [yahoo_http] returned 1 rows for TLT (1d)
2026-10-05 10:29:50 | INFO | app.lakehouse.bronze | Bronze append complete: received=1 duplicates=1 paths=1
2026-10-05 10:29:50 | INFO | app.data_sources.yahoo_http_provider | [yahoo_http] returned 1 rows for TMO (2026-10-02 -> 2026-10-02)
2026-10-05 10:29:50 | INFO | app.data_sources.multi_source | [yahoo_http] returned 1 rows for TMO (1d)
2026-10-05 10:29:51 | INFO | app.lakehouse.bronze | Bronze append complete: received=1 duplicates=1 paths=1
2026-10-05 10:29:51 | INFO | app.data_sources.yahoo_http_provider | [yahoo_http] returned 1 rows for TMUS (2026-10-02 -> 2026-10-02)
2026-10-05 10:29:51 | INFO | app.data_sources.multi_source | [yahoo_http] returned 1 rows for TMUS (1d)
2026-10-05 10:29:51 | INFO | app.lakehouse.bronze | Bronze append complete: received=1 duplicates=1 paths=1
2026-10-05 10:29:52 | INFO | app.data_sources.yahoo_http_provider | [yahoo_http] returned 1 rows for TPL (2026-10-02 -> 2026-10-02)
2026-10-05 10:29:52 | INFO | app.data_sources.multi_source | [yahoo_http] returned 1 rows for TPL (1d)
2026-10-05 10:29:52 | INFO | app.lakehouse.bronze | Bronze append complete: received=1 duplicates=1 paths=1
2026-10-05 10:29:52 | INFO | app.data_sources.yahoo_http_provider | [yahoo_http] returned 1 rows for TPR (2026-10-02 -> 2026-10-02)
2026-10-05 10:29:52 | INFO | app.data_sources.multi_source | [yahoo_http] returned 1 rows for TPR (1d)
2026-10-05 10:29:53 | INFO | app.lakehouse.bronze | Bronze append complete: received=1 duplicates=1 paths=1
2026-10-05 10:29:53 | INFO | app.data_sources.yahoo_http_provider | [yahoo_http] returned 1 rows for TQQQ (2026-10-02 -> 2026-10-02)
2026-10-05 10:29:53 | INFO | app.data_sources.multi_source | [yahoo_http] returned 1 rows for TQQQ (1d)
2026-10-05 10:29:53 | INFO | app.lakehouse.bronze | Bronze append complete: received=1 duplicates=1 paths=1
2026-10-05 10:29:54 | INFO | app.data_sources.yahoo_http_provider | [yahoo_http] returned 1 rows for TROX (2026-10-02 -> 2026-10-02)
2026-10-05 10:29:54 | INFO | app.data_sources.multi_source | [yahoo_http] returned 1 rows for TROX (1d)
2026-10-05 10:29:54 | INFO | app.lakehouse.bronze | Bronze append complete: received=1 duplicates=1 paths=1
2026-10-05 10:29:54 | INFO | app.data_sources.yahoo_http_provider | [yahoo_http] returned 1 rows for TRP (2026-10-02 -> 2026-10-02)
2026-10-05 10:29:54 | INFO | app.data_sources.multi_source | [yahoo_http] returned 1 rows for TRP (1d)
2026-10-05 10:29:55 | INFO | app.lakehouse.bronze | Bronze append complete: received=1 duplicates=1 paths=1
2026-10-05 10:29:55 | INFO | app.data_sources.yahoo_http_provider | [yahoo_http] returned 1 rows for TRV (2026-10-02 -> 2026-10-02)
2026-10-05 10:29:55 | INFO | app.data_sources.multi_source | [yahoo_http] returned 1 rows for TRV (1d)
2026-10-05 10:29:55 | INFO | app.lakehouse.bronze | Bronze append complete: received=1 duplicates=1 paths=1
2026-10-05 10:29:56 | INFO | app.data_sources.yahoo_http_provider | [yahoo_http] returned 1 rows for TSLA (2026-10-02 -> 2026-10-02)
2026-10-05 10:29:56 | INFO | app.data_sources.multi_source | [yahoo_http] returned 1 rows for TSLA (1d)
2026-10-05 10:29:56 | INFO | app.lakehouse.bronze | Bronze append complete: received=1 duplicates=1 paths=1
2026-10-05 10:29:57 | INFO | app.data_sources.yahoo_http_provider | [yahoo_http] returned 1 rows for TSM (2026-10-02 -> 2026-10-02)
2026-10-05 10:29:57 | INFO | app.data_sources.multi_source | [yahoo_http] returned 1 rows for TSM (1d)
2026-10-05 10:29:57 | INFO | app.lakehouse.bronze | Bronze append complete: received=1 duplicates=1 paths=1
2026-10-05 10:29:57 | INFO | app.services.auto_refresh | AutoRefresh progress: 540/621 symbols processed
2026-10-05 10:29:57 | INFO | app.data_sources.yahoo_http_provider | [yahoo_http] returned 1 rows for TSN (2026-10-02 -> 2026-10-02)
2026-10-05 10:29:57 | INFO | app.data_sources.multi_source | [yahoo_http] returned 1 rows for TSN (1d)
2026-10-05 10:29:57 | INFO | app.lakehouse.bronze | Bronze append complete: received=1 duplicates=1 paths=1
2026-10-05 10:29:58 | INFO | app.data_sources.yahoo_http_provider | [yahoo_http] returned 1 rows for TTD (2026-10-02 -> 2026-10-02)
2026-10-05 10:29:58 | INFO | app.data_sources.multi_source | [yahoo_http] returned 1 rows for TTD (1d)
2026-10-05 10:29:58 | INFO | app.lakehouse.bronze | Bronze append complete: received=1 duplicates=1 paths=1
2026-10-05 10:29:59 | INFO | app.data_sources.yahoo_http_provider | [yahoo_http] returned 1 rows for TTE (2026-10-02 -> 2026-10-02)
2026-10-05 10:29:59 | INFO | app.data_sources.multi_source | [yahoo_http] returned 1 rows for TTE (1d)
2026-10-05 10:29:59 | INFO | app.lakehouse.bronze | Bronze append complete: received=1 duplicates=1 paths=1
2026-10-05 10:30:00 | INFO | app.data_sources.yahoo_http_provider | [yahoo_http] returned 1 rows for TW (2026-10-02 -> 2026-10-02)
2026-10-05 10:30:00 | INFO | app.data_sources.multi_source | [yahoo_http] returned 1 rows for TW (1d)
2026-10-05 10:30:00 | INFO | app.lakehouse.bronze | Bronze append complete: received=1 duplicates=1 paths=1
2026-10-05 10:30:00 | INFO | app.data_sources.yahoo_http_provider | [yahoo_http] returned 1 rows for TWLO (2026-10-02 -> 2026-10-02)
2026-10-05 10:30:00 | INFO | app.data_sources.multi_source | [yahoo_http] returned 1 rows for TWLO (1d)
2026-10-05 10:30:01 | INFO | app.lakehouse.bronze | Bronze append complete: received=1 duplicates=1 paths=1
2026-10-05 10:30:01 | INFO | app.data_sources.yahoo_http_provider | [yahoo_http] returned 1 rows for TXN (2026-10-02 -> 2026-10-02)
2026-10-05 10:30:01 | INFO | app.data_sources.multi_source | [yahoo_http] returned 1 rows for TXN (1d)
2026-10-05 10:30:01 | INFO | app.lakehouse.bronze | Bronze append complete: received=1 duplicates=1 paths=1
2026-10-05 10:30:02 | INFO | app.data_sources.yahoo_http_provider | [yahoo_http] returned 1 rows for TXRH (2026-10-02 -> 2026-10-02)
2026-10-05 10:30:02 | INFO | app.data_sources.multi_source | [yahoo_http] returned 1 rows for TXRH (1d)
2026-10-05 10:30:02 | INFO | app.lakehouse.bronze | Bronze append complete: received=1 duplicates=1 paths=1
2026-10-05 10:30:03 | INFO | app.data_sources.yahoo_http_provider | [yahoo_http] returned 1 rows for TXT (2026-10-02 -> 2026-10-02)
2026-10-05 10:30:03 | INFO | app.data_sources.multi_source | [yahoo_http] returned 1 rows for TXT (1d)
2026-10-05 10:30:03 | INFO | app.lakehouse.bronze | Bronze append complete: received=1 duplicates=1 paths=1
2026-10-05 10:30:13 | INFO | app.data_sources.yahoo_http_provider | [yahoo_http] returned 1 rows for U (2026-10-02 -> 2026-10-02)
2026-10-05 10:30:13 | INFO | app.data_sources.multi_source | [yahoo_http] returned 1 rows for U (1d)
2026-10-05 10:30:13 | INFO | app.lakehouse.bronze | Bronze append complete: received=1 duplicates=1 paths=1
2026-10-05 10:30:13 | INFO | app.data_sources.yahoo_http_provider | [yahoo_http] returned 1 rows for UAL (2026-10-02 -> 2026-10-02)
2026-10-05 10:30:13 | INFO | app.data_sources.multi_source | [yahoo_http] returned 1 rows for UAL (1d)
2026-10-05 10:30:13 | INFO | app.lakehouse.bronze | Bronze append complete: received=1 duplicates=1 paths=1
2026-10-05 10:30:14 | INFO | app.data_sources.yahoo_http_provider | [yahoo_http] returned 1 rows for UBER (2026-10-02 -> 2026-10-02)
2026-10-05 10:30:14 | INFO | app.data_sources.multi_source | [yahoo_http] returned 1 rows for UBER (1d)
2026-10-05 10:30:14 | INFO | app.lakehouse.bronze | Bronze append complete: received=1 duplicates=1 paths=1
2026-10-05 10:30:15 | INFO | app.data_sources.yahoo_http_provider | [yahoo_http] returned 1 rows for UCTT (2026-10-02 -> 2026-10-02)
2026-10-05 10:30:15 | INFO | app.data_sources.multi_source | [yahoo_http] returned 1 rows for UCTT (1d)
2026-10-05 10:30:15 | INFO | app.lakehouse.bronze | Bronze append complete: received=1 duplicates=1 paths=1
2026-10-05 10:30:15 | INFO | app.data_sources.yahoo_http_provider | [yahoo_http] returned 1 rows for UDR (2026-10-02 -> 2026-10-02)
2026-10-05 10:30:15 | INFO | app.data_sources.multi_source | [yahoo_http] returned 1 rows for UDR (1d)
2026-10-05 10:30:16 | INFO | app.lakehouse.bronze | Bronze append complete: received=1 duplicates=1 paths=1
2026-10-05 10:30:16 | INFO | app.data_sources.yahoo_http_provider | [yahoo_http] returned 1 rows for ULTA (2026-10-02 -> 2026-10-02)
2026-10-05 10:30:16 | INFO | app.data_sources.multi_source | [yahoo_http] returned 1 rows for ULTA (1d)
2026-10-05 10:30:16 | INFO | app.lakehouse.bronze | Bronze append complete: received=1 duplicates=1 paths=1
2026-10-05 10:30:17 | INFO | app.data_sources.yahoo_http_provider | [yahoo_http] returned 1 rows for UNFI (2026-10-02 -> 2026-10-02)
2026-10-05 10:30:17 | INFO | app.data_sources.multi_source | [yahoo_http] returned 1 rows for UNFI (1d)
2026-10-05 10:30:17 | INFO | app.lakehouse.bronze | Bronze append complete: received=1 duplicates=1 paths=1
2026-10-05 10:30:18 | INFO | app.data_sources.yahoo_http_provider | [yahoo_http] returned 1 rows for UNG (2026-10-02 -> 2026-10-02)
2026-10-05 10:30:18 | INFO | app.data_sources.multi_source | [yahoo_http] returned 1 rows for UNG (1d)
2026-10-05 10:30:18 | INFO | app.lakehouse.bronze | Bronze append complete: received=1 duplicates=1 paths=1
2026-10-05 10:30:19 | INFO | app.data_sources.yahoo_http_provider | [yahoo_http] returned 1 rows for UNH (2026-10-02 -> 2026-10-02)
2026-10-05 10:30:19 | INFO | app.data_sources.multi_source | [yahoo_http] returned 1 rows for UNH (1d)
2026-10-05 10:30:19 | INFO | app.lakehouse.bronze | Bronze append complete: received=1 duplicates=1 paths=1
2026-10-05 10:30:19 | INFO | app.data_sources.yahoo_http_provider | [yahoo_http] returned 1 rows for UNP (2026-10-02 -> 2026-10-02)
2026-10-05 10:30:19 | INFO | app.data_sources.multi_source | [yahoo_http] returned 1 rows for UNP (1d)
2026-10-05 10:30:19 | INFO | app.lakehouse.bronze | Bronze append complete: received=1 duplicates=1 paths=1
2026-10-05 10:30:20 | INFO | app.data_sources.yahoo_http_provider | [yahoo_http] returned 1 rows for UPRO (2026-10-02 -> 2026-10-02)
2026-10-05 10:30:20 | INFO | app.data_sources.multi_source | [yahoo_http] returned 1 rows for UPRO (1d)
2026-10-05 10:30:20 | INFO | app.lakehouse.bronze | Bronze append complete: received=1 duplicates=1 paths=1
2026-10-05 10:30:21 | INFO | app.data_sources.yahoo_http_provider | [yahoo_http] returned 1 rows for UPS (2026-10-02 -> 2026-10-02)
2026-10-05 10:30:21 | INFO | app.data_sources.multi_source | [yahoo_http] returned 1 rows for UPS (1d)
2026-10-05 10:30:21 | INFO | app.lakehouse.bronze | Bronze append complete: received=1 duplicates=1 paths=1
2026-10-05 10:30:21 | INFO | app.services.auto_refresh | AutoRefresh progress: 560/621 symbols processed
2026-10-05 10:30:21 | INFO | app.data_sources.yahoo_http_provider | [yahoo_http] returned 1 rows for URA (2026-10-02 -> 2026-10-02)
2026-10-05 10:30:21 | INFO | app.data_sources.multi_source | [yahoo_http] returned 1 rows for URA (1d)
2026-10-05 10:30:22 | INFO | app.lakehouse.bronze | Bronze append complete: received=1 duplicates=1 paths=1
2026-10-05 10:30:22 | INFO | app.data_sources.yahoo_http_provider | [yahoo_http] returned 1 rows for URBN (2026-10-02 -> 2026-10-02)
2026-10-05 10:30:22 | INFO | app.data_sources.multi_source | [yahoo_http] returned 1 rows for URBN (1d)
2026-10-05 10:30:22 | INFO | app.lakehouse.bronze | Bronze append complete: received=1 duplicates=1 paths=1
2026-10-05 10:30:23 | INFO | app.data_sources.yahoo_http_provider | [yahoo_http] returned 1 rows for USB (2026-10-02 -> 2026-10-02)
2026-10-05 10:30:23 | INFO | app.data_sources.multi_source | [yahoo_http] returned 1 rows for USB (1d)
2026-10-05 10:30:23 | INFO | app.lakehouse.bronze | Bronze append complete: received=1 duplicates=1 paths=1
2026-10-05 10:30:24 | INFO | app.data_sources.yahoo_http_provider | [yahoo_http] returned 1 rows for USFD (2026-10-02 -> 2026-10-02)
2026-10-05 10:30:24 | INFO | app.data_sources.multi_source | [yahoo_http] returned 1 rows for USFD (1d)
2026-10-05 10:30:24 | INFO | app.lakehouse.bronze | Bronze append complete: received=1 duplicates=1 paths=1
2026-10-05 10:30:24 | INFO | app.data_sources.yahoo_http_provider | [yahoo_http] returned 1 rows for USMV (2026-10-02 -> 2026-10-02)
2026-10-05 10:30:24 | INFO | app.data_sources.multi_source | [yahoo_http] returned 1 rows for USMV (1d)
2026-10-05 10:30:25 | INFO | app.lakehouse.bronze | Bronze append complete: received=1 duplicates=1 paths=1
2026-10-05 10:30:25 | INFO | app.data_sources.yahoo_http_provider | [yahoo_http] returned 1 rows for USO (2026-10-02 -> 2026-10-02)
2026-10-05 10:30:25 | INFO | app.data_sources.multi_source | [yahoo_http] returned 1 rows for USO (1d)
2026-10-05 10:30:25 | INFO | app.lakehouse.bronze | Bronze append complete: received=1 duplicates=1 paths=1
2026-10-05 10:30:26 | INFO | app.data_sources.yahoo_http_provider | [yahoo_http] returned 1 rows for UTHR (2026-10-02 -> 2026-10-02)
2026-10-05 10:30:26 | INFO | app.data_sources.multi_source | [yahoo_http] returned 1 rows for UTHR (1d)
2026-10-05 10:30:26 | INFO | app.lakehouse.bronze | Bronze append complete: received=1 duplicates=1 paths=1
2026-10-05 10:30:27 | INFO | app.data_sources.yahoo_http_provider | [yahoo_http] returned 1 rows for UUUU (2026-10-02 -> 2026-10-02)
2026-10-05 10:30:27 | INFO | app.data_sources.multi_source | [yahoo_http] returned 1 rows for UUUU (1d)
2026-10-05 10:30:27 | INFO | app.lakehouse.bronze | Bronze append complete: received=1 duplicates=1 paths=1
2026-10-05 10:30:27 | INFO | app.data_sources.yahoo_http_provider | [yahoo_http] returned 1 rows for UVV (2026-10-02 -> 2026-10-02)
2026-10-05 10:30:27 | INFO | app.data_sources.multi_source | [yahoo_http] returned 1 rows for UVV (1d)
2026-10-05 10:30:27 | INFO | app.lakehouse.bronze | Bronze append complete: received=1 duplicates=1 paths=1
2026-10-05 10:30:38 | INFO | app.data_sources.yahoo_http_provider | [yahoo_http] returned 1 rows for V (2026-10-02 -> 2026-10-02)
2026-10-05 10:30:38 | INFO | app.data_sources.multi_source | [yahoo_http] returned 1 rows for V (1d)
2026-10-05 10:30:38 | INFO | app.lakehouse.bronze | Bronze append complete: received=1 duplicates=1 paths=1
2026-10-05 10:30:39 | INFO | app.data_sources.yahoo_http_provider | [yahoo_http] returned 1 rows for VEA (2026-10-02 -> 2026-10-02)
2026-10-05 10:30:39 | INFO | app.data_sources.multi_source | [yahoo_http] returned 1 rows for VEA (1d)
2026-10-05 10:30:39 | INFO | app.lakehouse.bronze | Bronze append complete: received=1 duplicates=1 paths=1
2026-10-05 10:30:39 | INFO | app.data_sources.yahoo_http_provider | [yahoo_http] returned 1 rows for VEEV (2026-10-02 -> 2026-10-02)
2026-10-05 10:30:39 | INFO | app.data_sources.multi_source | [yahoo_http] returned 1 rows for VEEV (1d)
2026-10-05 10:30:40 | INFO | app.lakehouse.bronze | Bronze append complete: received=1 duplicates=1 paths=1
2026-10-05 10:30:40 | INFO | app.data_sources.yahoo_http_provider | [yahoo_http] returned 1 rows for VFC (2026-10-02 -> 2026-10-02)
2026-10-05 10:30:40 | INFO | app.data_sources.multi_source | [yahoo_http] returned 1 rows for VFC (1d)
2026-10-05 10:30:40 | INFO | app.lakehouse.bronze | Bronze append complete: received=1 duplicates=1 paths=1
2026-10-05 10:30:41 | INFO | app.data_sources.yahoo_http_provider | [yahoo_http] returned 1 rows for VICI (2026-10-02 -> 2026-10-02)
2026-10-05 10:30:41 | INFO | app.data_sources.multi_source | [yahoo_http] returned 1 rows for VICI (1d)
2026-10-05 10:30:41 | INFO | app.lakehouse.bronze | Bronze append complete: received=1 duplicates=1 paths=1
2026-10-05 10:30:41 | INFO | app.data_sources.yahoo_http_provider | [yahoo_http] returned 1 rows for VIG (2026-10-02 -> 2026-10-02)
2026-10-05 10:30:41 | INFO | app.data_sources.multi_source | [yahoo_http] returned 1 rows for VIG (1d)
2026-10-05 10:30:42 | INFO | app.lakehouse.bronze | Bronze append complete: received=1 duplicates=1 paths=1
2026-10-05 10:30:42 | INFO | app.data_sources.yahoo_http_provider | [yahoo_http] returned 1 rows for VLO (2026-10-02 -> 2026-10-02)
2026-10-05 10:30:42 | INFO | app.data_sources.multi_source | [yahoo_http] returned 1 rows for VLO (1d)
2026-10-05 10:30:42 | INFO | app.lakehouse.bronze | Bronze append complete: received=1 duplicates=1 paths=1
2026-10-05 10:30:43 | INFO | app.data_sources.yahoo_http_provider | [yahoo_http] returned 1 rows for VMC (2026-10-02 -> 2026-10-02)
2026-10-05 10:30:43 | INFO | app.data_sources.multi_source | [yahoo_http] returned 1 rows for VMC (1d)
2026-10-05 10:30:43 | INFO | app.lakehouse.bronze | Bronze append complete: received=1 duplicates=1 paths=1
2026-10-05 10:30:44 | INFO | app.data_sources.yahoo_http_provider | [yahoo_http] returned 1 rows for VNO (2026-10-02 -> 2026-10-02)
2026-10-05 10:30:44 | INFO | app.data_sources.multi_source | [yahoo_http] returned 1 rows for VNO (1d)
2026-10-05 10:30:44 | INFO | app.lakehouse.bronze | Bronze append complete: received=1 duplicates=1 paths=1
2026-10-05 10:30:45 | INFO | app.data_sources.yahoo_http_provider | [yahoo_http] returned 1 rows for VNOM (2026-10-02 -> 2026-10-02)
2026-10-05 10:30:45 | INFO | app.data_sources.multi_source | [yahoo_http] returned 1 rows for VNOM (1d)
2026-10-05 10:30:45 | INFO | app.lakehouse.bronze | Bronze append complete: received=1 duplicates=1 paths=1
2026-10-05 10:30:46 | INFO | app.data_sources.yahoo_http_provider | [yahoo_http] returned 1 rows for VOO (2026-10-02 -> 2026-10-02)
2026-10-05 10:30:46 | INFO | app.data_sources.multi_source | [yahoo_http] returned 1 rows for VOO (1d)
2026-10-05 10:30:46 | INFO | app.lakehouse.bronze | Bronze append complete: received=1 duplicates=1 paths=1
2026-10-05 10:30:46 | INFO | app.services.auto_refresh | AutoRefresh progress: 580/621 symbols processed
2026-10-05 10:30:46 | INFO | app.data_sources.yahoo_http_provider | [yahoo_http] returned 1 rows for VRSK (2026-10-02 -> 2026-10-02)
2026-10-05 10:30:46 | INFO | app.data_sources.multi_source | [yahoo_http] returned 1 rows for VRSK (1d)
2026-10-05 10:30:47 | INFO | app.lakehouse.bronze | Bronze append complete: received=1 duplicates=1 paths=1
2026-10-05 10:30:47 | INFO | app.data_sources.yahoo_http_provider | [yahoo_http] returned 1 rows for VRTX (2026-10-02 -> 2026-10-02)
2026-10-05 10:30:47 | INFO | app.data_sources.multi_source | [yahoo_http] returned 1 rows for VRTX (1d)
2026-10-05 10:30:47 | INFO | app.lakehouse.bronze | Bronze append complete: received=1 duplicates=1 paths=1
2026-10-05 10:30:48 | INFO | app.data_sources.yahoo_http_provider | [yahoo_http] returned 1 rows for VTEB (2026-10-02 -> 2026-10-02)
2026-10-05 10:30:48 | INFO | app.data_sources.multi_source | [yahoo_http] returned 1 rows for VTEB (1d)
2026-10-05 10:30:48 | INFO | app.lakehouse.bronze | Bronze append complete: received=1 duplicates=1 paths=1
2026-10-05 10:30:49 | INFO | app.data_sources.yahoo_http_provider | [yahoo_http] returned 1 rows for VTI (2026-10-02 -> 2026-10-02)
2026-10-05 10:30:49 | INFO | app.data_sources.multi_source | [yahoo_http] returned 1 rows for VTI (1d)
2026-10-05 10:30:49 | INFO | app.lakehouse.bronze | Bronze append complete: received=1 duplicates=1 paths=1
2026-10-05 10:30:49 | INFO | app.data_sources.yahoo_http_provider | [yahoo_http] returned 1 rows for VTR (2026-10-02 -> 2026-10-02)
2026-10-05 10:30:49 | INFO | app.data_sources.multi_source | [yahoo_http] returned 1 rows for VTR (1d)
2026-10-05 10:30:49 | INFO | app.lakehouse.bronze | Bronze append complete: received=1 duplicates=1 paths=1
2026-10-05 10:30:50 | INFO | app.data_sources.yahoo_http_provider | [yahoo_http] returned 1 rows for VTV (2026-10-02 -> 2026-10-02)
2026-10-05 10:30:50 | INFO | app.data_sources.multi_source | [yahoo_http] returned 1 rows for VTV (1d)
2026-10-05 10:30:50 | INFO | app.lakehouse.bronze | Bronze append complete: received=1 duplicates=1 paths=1
2026-10-05 10:30:51 | INFO | app.data_sources.yahoo_http_provider | [yahoo_http] returned 1 rows for VUG (2026-10-02 -> 2026-10-02)
2026-10-05 10:30:51 | INFO | app.data_sources.multi_source | [yahoo_http] returned 1 rows for VUG (1d)
2026-10-05 10:30:51 | INFO | app.lakehouse.bronze | Bronze append complete: received=1 duplicates=1 paths=1
2026-10-05 10:30:52 | INFO | app.data_sources.yahoo_http_provider | [yahoo_http] returned 1 rows for VWO (2026-10-02 -> 2026-10-02)
2026-10-05 10:30:52 | INFO | app.data_sources.multi_source | [yahoo_http] returned 1 rows for VWO (1d)
2026-10-05 10:30:52 | INFO | app.lakehouse.bronze | Bronze append complete: received=1 duplicates=1 paths=1
2026-10-05 10:30:52 | INFO | app.data_sources.yahoo_http_provider | [yahoo_http] returned 1 rows for VZ (2026-10-02 -> 2026-10-02)
2026-10-05 10:30:52 | INFO | app.data_sources.multi_source | [yahoo_http] returned 1 rows for VZ (1d)
2026-10-05 10:30:53 | INFO | app.lakehouse.bronze | Bronze append complete: received=1 duplicates=1 paths=1
2026-10-05 10:30:53 | INFO | app.data_sources.yahoo_http_provider | [yahoo_http] returned 1 rows for WAT (2026-10-02 -> 2026-10-02)
2026-10-05 10:30:53 | INFO | app.data_sources.multi_source | [yahoo_http] returned 1 rows for WAT (1d)
2026-10-05 10:30:53 | INFO | app.lakehouse.bronze | Bronze append complete: received=1 duplicates=1 paths=1
2026-10-05 10:30:54 | WARNING | app.data_sources.multi_source | [yahoo_http] failed for WBA: Yahoo HTTP request failed for WBA: 404 Client Error: Not Found for url: https://query1.finance.yahoo.com/v8/finance/chart/WBA?period1=1756400400&period2=1791145178&interval=1d&includeAdjustedClose=true&events=history
2026-10-05 10:30:54 | ERROR | yfinance | $WBA: No data found, symbol may be delisted
2026-10-05 10:30:54 | WARNING | app.data_sources.multi_source | [yfinance] failed for WBA: No data returned by yfinance for WBA (1d)
2026-10-05 10:30:54 | WARNING | app.data_sources.multi_source | [finnhub] failed for WBA: Finnhub authentication failed. Check FINNHUB_API_KEY in .env.
2026-10-05 10:30:55 | WARNING | app.data_sources.multi_source | [alpha_vantage] failed for WBA: Alpha Vantage error: We have detected your API key as GHS8FR0JK3K0PAG0 and our standard API rate limit is 25 requests per day. Please subscribe to any of the premium plans at https://www.alphavantage.co/premium/ to instantly remove all daily rate limits.
2026-10-05 10:30:55 | WARNING | app.data_sources.multi_source | [web_scraper] failed for WBA: Yahoo Finance request failed: 404 Client Error: Not Found for url: https://query1.finance.yahoo.com/v8/finance/chart/WBA?period1=1756400400&period2=1791145178&interval=1d&events=history
2026-10-05 10:30:55 | WARNING | app.services.auto_refresh | AutoRefresh: provider fetch failed for WBA: All providers failed for WBA (1d): {'yahoo_http': 'Yahoo HTTP request failed for WBA: 404 Client Error: Not Found for url: https://query1.finance.yahoo.com/v8/finance/chart/WBA?period1=1756400400&period2=1791145178&interval=1d&includeAdjustedClose=true&events=history', 'yfinance': 'No data returned by yfinance for WBA (1d)', 'finnhub': 'Finnhub authentication failed. Check FINNHUB_API_KEY in .env.', 'alpha_vantage': 'Alpha Vantage error: We have detected your API key as GHS8FR0JK3K0PAG0 and our standard API rate limit is 25 requests per day. Please subscribe to any of the premium plans at https://www.alphavantage.co/premium/ to instantly remove all daily rate limits.', 'web_scraper': 'Yahoo Finance request failed: 404 Client Error: Not Found for url: https://query1.finance.yahoo.com/v8/finance/chart/WBA?period1=1756400400&period2=1791145178&interval=1d&events=history'}
2026-10-05 10:30:56 | INFO | app.data_sources.yahoo_http_provider | [yahoo_http] returned 1 rows for WBD (2026-10-02 -> 2026-10-02)
2026-10-05 10:30:56 | INFO | app.data_sources.multi_source | [yahoo_http] returned 1 rows for WBD (1d)
2026-10-05 10:30:56 | INFO | app.lakehouse.bronze | Bronze append complete: received=1 duplicates=1 paths=1
2026-10-05 10:30:57 | INFO | app.data_sources.yahoo_http_provider | [yahoo_http] returned 1 rows for WCN (2026-10-02 -> 2026-10-02)
2026-10-05 10:30:57 | INFO | app.data_sources.multi_source | [yahoo_http] returned 1 rows for WCN (1d)
2026-10-05 10:30:57 | INFO | app.lakehouse.bronze | Bronze append complete: received=1 duplicates=1 paths=1
2026-10-05 10:30:57 | INFO | app.data_sources.yahoo_http_provider | [yahoo_http] returned 1 rows for WDAY (2026-10-02 -> 2026-10-02)
2026-10-05 10:30:57 | INFO | app.data_sources.multi_source | [yahoo_http] returned 1 rows for WDAY (1d)
2026-10-05 10:30:57 | INFO | app.lakehouse.bronze | Bronze append complete: received=1 duplicates=1 paths=1
2026-10-05 10:30:58 | INFO | app.data_sources.yahoo_http_provider | [yahoo_http] returned 1 rows for WEC (2026-10-02 -> 2026-10-02)
2026-10-05 10:30:58 | INFO | app.data_sources.multi_source | [yahoo_http] returned 1 rows for WEC (1d)
2026-10-05 10:30:58 | INFO | app.lakehouse.bronze | Bronze append complete: received=1 duplicates=1 paths=1
2026-10-05 10:30:59 | INFO | app.data_sources.yahoo_http_provider | [yahoo_http] returned 1 rows for WELL (2026-10-02 -> 2026-10-02)
2026-10-05 10:30:59 | INFO | app.data_sources.multi_source | [yahoo_http] returned 1 rows for WELL (1d)
2026-10-05 10:30:59 | INFO | app.lakehouse.bronze | Bronze append complete: received=1 duplicates=1 paths=1
2026-10-05 10:31:00 | INFO | app.data_sources.yahoo_http_provider | [yahoo_http] returned 1 rows for WERN (2026-10-02 -> 2026-10-02)
2026-10-05 10:31:00 | INFO | app.data_sources.multi_source | [yahoo_http] returned 1 rows for WERN (1d)
2026-10-05 10:31:00 | INFO | app.lakehouse.bronze | Bronze append complete: received=1 duplicates=1 paths=1
2026-10-05 10:31:00 | INFO | app.data_sources.yahoo_http_provider | [yahoo_http] returned 1 rows for WEST (2026-10-02 -> 2026-10-02)
2026-10-05 10:31:00 | INFO | app.data_sources.multi_source | [yahoo_http] returned 1 rows for WEST (1d)
2026-10-05 10:31:00 | INFO | app.lakehouse.bronze | Bronze append complete: received=1 duplicates=1 paths=1
2026-10-05 10:31:01 | INFO | app.data_sources.yahoo_http_provider | [yahoo_http] returned 1 rows for WFC (2026-10-02 -> 2026-10-02)
2026-10-05 10:31:01 | INFO | app.data_sources.multi_source | [yahoo_http] returned 1 rows for WFC (1d)
2026-10-05 10:31:01 | INFO | app.lakehouse.bronze | Bronze append complete: received=1 duplicates=1 paths=1
2026-10-05 10:31:02 | INFO | app.data_sources.yahoo_http_provider | [yahoo_http] returned 1 rows for WING (2026-10-02 -> 2026-10-02)
2026-10-05 10:31:02 | INFO | app.data_sources.multi_source | [yahoo_http] returned 1 rows for WING (1d)
2026-10-05 10:31:02 | INFO | app.lakehouse.bronze | Bronze append complete: received=1 duplicates=1 paths=1
2026-10-05 10:31:02 | INFO | app.services.auto_refresh | AutoRefresh progress: 600/621 symbols processed
2026-10-05 10:31:04 | INFO | app.data_sources.yahoo_http_provider | [yahoo_http] returned 1 rows for WM (2026-10-02 -> 2026-10-02)
2026-10-05 10:31:04 | INFO | app.data_sources.multi_source | [yahoo_http] returned 1 rows for WM (1d)
2026-10-05 10:31:04 | INFO | app.lakehouse.bronze | Bronze append complete: received=1 duplicates=1 paths=1
2026-10-05 10:31:05 | INFO | app.data_sources.yahoo_http_provider | [yahoo_http] returned 1 rows for WMB (2026-10-02 -> 2026-10-02)
2026-10-05 10:31:05 | INFO | app.data_sources.multi_source | [yahoo_http] returned 1 rows for WMB (1d)
2026-10-05 10:31:05 | INFO | app.lakehouse.bronze | Bronze append complete: received=1 duplicates=1 paths=1
2026-10-05 10:31:05 | INFO | app.data_sources.yahoo_http_provider | [yahoo_http] returned 1 rows for WMT (2026-10-02 -> 2026-10-02)
2026-10-05 10:31:05 | INFO | app.data_sources.multi_source | [yahoo_http] returned 1 rows for WMT (1d)
2026-10-05 10:31:06 | INFO | app.lakehouse.bronze | Bronze append complete: received=1 duplicates=1 paths=1
2026-10-05 10:31:06 | INFO | app.data_sources.yahoo_http_provider | [yahoo_http] returned 1 rows for WOLF (2026-10-02 -> 2026-10-02)
2026-10-05 10:31:06 | INFO | app.data_sources.multi_source | [yahoo_http] returned 1 rows for WOLF (1d)
2026-10-05 10:31:06 | INFO | app.lakehouse.bronze | Bronze append complete: received=1 duplicates=1 paths=1
2026-10-05 10:31:06 | INFO | app.data_sources.yahoo_http_provider | [yahoo_http] returned 1 rows for WPM (2026-10-02 -> 2026-10-02)
2026-10-05 10:31:06 | INFO | app.data_sources.multi_source | [yahoo_http] returned 1 rows for WPM (1d)
2026-10-05 10:31:07 | INFO | app.lakehouse.bronze | Bronze append complete: received=1 duplicates=1 paths=1
2026-10-05 10:31:07 | INFO | app.data_sources.yahoo_http_provider | [yahoo_http] returned 1 rows for WRB (2026-10-02 -> 2026-10-02)
2026-10-05 10:31:07 | INFO | app.data_sources.multi_source | [yahoo_http] returned 1 rows for WRB (1d)
2026-10-05 10:31:08 | INFO | app.lakehouse.bronze | Bronze append complete: received=1 duplicates=1 paths=1
2026-10-05 10:31:08 | INFO | app.data_sources.yahoo_http_provider | [yahoo_http] returned 1 rows for WTW (2026-10-02 -> 2026-10-02)
2026-10-05 10:31:08 | INFO | app.data_sources.multi_source | [yahoo_http] returned 1 rows for WTW (1d)
2026-10-05 10:31:08 | INFO | app.lakehouse.bronze | Bronze append complete: received=1 duplicates=1 paths=1
2026-10-05 10:31:09 | INFO | app.data_sources.yahoo_http_provider | [yahoo_http] returned 1 rows for XEL (2026-10-02 -> 2026-10-02)
2026-10-05 10:31:09 | INFO | app.data_sources.multi_source | [yahoo_http] returned 1 rows for XEL (1d)
2026-10-05 10:31:09 | INFO | app.lakehouse.bronze | Bronze append complete: received=1 duplicates=1 paths=1
2026-10-05 10:31:10 | INFO | app.data_sources.yahoo_http_provider | [yahoo_http] returned 1 rows for XOM (2026-10-02 -> 2026-10-02)
2026-10-05 10:31:10 | INFO | app.data_sources.multi_source | [yahoo_http] returned 1 rows for XOM (1d)
2026-10-05 10:31:10 | INFO | app.lakehouse.bronze | Bronze append complete: received=1 duplicates=1 paths=1
2026-10-05 10:31:11 | INFO | app.data_sources.yahoo_http_provider | [yahoo_http] returned 1 rows for XPEV (2026-10-02 -> 2026-10-02)
2026-10-05 10:31:11 | INFO | app.data_sources.multi_source | [yahoo_http] returned 1 rows for XPEV (1d)
2026-10-05 10:31:11 | INFO | app.lakehouse.bronze | Bronze append complete: received=1 duplicates=1 paths=1
2026-10-05 10:31:12 | INFO | app.data_sources.yahoo_http_provider | [yahoo_http] returned 1 rows for XPO (2026-10-02 -> 2026-10-02)
2026-10-05 10:31:12 | INFO | app.data_sources.multi_source | [yahoo_http] returned 1 rows for XPO (1d)
2026-10-05 10:31:12 | INFO | app.lakehouse.bronze | Bronze append complete: received=1 duplicates=1 paths=1
2026-10-05 10:31:12 | INFO | app.data_sources.yahoo_http_provider | [yahoo_http] returned 1 rows for XRAY (2026-10-02 -> 2026-10-02)
2026-10-05 10:31:12 | INFO | app.data_sources.multi_source | [yahoo_http] returned 1 rows for XRAY (1d)
2026-10-05 10:31:13 | INFO | app.lakehouse.bronze | Bronze append complete: received=1 duplicates=1 paths=1
2026-10-05 10:31:13 | INFO | app.data_sources.yahoo_http_provider | [yahoo_http] returned 1 rows for XYL (2026-10-02 -> 2026-10-02)
2026-10-05 10:31:13 | INFO | app.data_sources.multi_source | [yahoo_http] returned 1 rows for XYL (1d)
2026-10-05 10:31:13 | INFO | app.lakehouse.bronze | Bronze append complete: received=1 duplicates=1 paths=1
2026-10-05 10:31:14 | INFO | app.data_sources.yahoo_http_provider | [yahoo_http] returned 1 rows for YELP (2026-10-02 -> 2026-10-02)
2026-10-05 10:31:14 | INFO | app.data_sources.multi_source | [yahoo_http] returned 1 rows for YELP (1d)
2026-10-05 10:31:14 | INFO | app.lakehouse.bronze | Bronze append complete: received=1 duplicates=1 paths=1
2026-10-05 10:31:15 | INFO | app.data_sources.yahoo_http_provider | [yahoo_http] returned 1 rows for YPF (2026-10-02 -> 2026-10-02)
2026-10-05 10:31:15 | INFO | app.data_sources.multi_source | [yahoo_http] returned 1 rows for YPF (1d)
2026-10-05 10:31:15 | INFO | app.lakehouse.bronze | Bronze append complete: received=1 duplicates=1 paths=1
2026-10-05 10:31:16 | INFO | app.data_sources.yahoo_http_provider | [yahoo_http] returned 1 rows for YUM (2026-10-02 -> 2026-10-02)
2026-10-05 10:31:16 | INFO | app.data_sources.multi_source | [yahoo_http] returned 1 rows for YUM (1d)
2026-10-05 10:31:16 | INFO | app.lakehouse.bronze | Bronze append complete: received=1 duplicates=1 paths=1
2026-10-05 10:31:16 | INFO | app.data_sources.yahoo_http_provider | [yahoo_http] returned 1 rows for ZBH (2026-10-02 -> 2026-10-02)
2026-10-05 10:31:16 | INFO | app.data_sources.multi_source | [yahoo_http] returned 1 rows for ZBH (1d)
2026-10-05 10:31:17 | INFO | app.lakehouse.bronze | Bronze append complete: received=1 duplicates=1 paths=1
2026-10-05 10:31:17 | INFO | app.data_sources.yahoo_http_provider | [yahoo_http] returned 1 rows for ZION (2026-10-02 -> 2026-10-02)
2026-10-05 10:31:17 | INFO | app.data_sources.multi_source | [yahoo_http] returned 1 rows for ZION (1d)
2026-10-05 10:31:17 | INFO | app.lakehouse.bronze | Bronze append complete: received=1 duplicates=1 paths=1
2026-10-05 10:31:18 | INFO | app.data_sources.yahoo_http_provider | [yahoo_http] returned 1 rows for ZM (2026-10-02 -> 2026-10-02)
2026-10-05 10:31:18 | INFO | app.data_sources.multi_source | [yahoo_http] returned 1 rows for ZM (1d)
2026-10-05 10:31:18 | INFO | app.lakehouse.bronze | Bronze append complete: received=1 duplicates=1 paths=1
2026-10-05 10:31:18 | INFO | app.data_sources.yahoo_http_provider | [yahoo_http] returned 1 rows for ZS (2026-10-02 -> 2026-10-02)
2026-10-05 10:31:18 | INFO | app.data_sources.multi_source | [yahoo_http] returned 1 rows for ZS (1d)
2026-10-05 10:31:19 | INFO | app.lakehouse.bronze | Bronze append complete: received=1 duplicates=1 paths=1
2026-10-05 10:31:19 | INFO | app.services.auto_refresh | AutoRefresh progress: 620/621 symbols processed
2026-10-05 10:31:19 | INFO | app.data_sources.yahoo_http_provider | [yahoo_http] returned 1 rows for ZTS (2026-10-02 -> 2026-10-02)
2026-10-05 10:31:19 | INFO | app.data_sources.multi_source | [yahoo_http] returned 1 rows for ZTS (1d)
2026-10-05 10:31:19 | INFO | app.lakehouse.bronze | Bronze append complete: received=1 duplicates=1 paths=1
2026-10-05 10:31:49 | WARNING | app.lakehouse.silver | Silver rejected 4 invalid/duplicate rows
2026-10-05 10:38:13 | INFO | app.pipelines.orchestrator | Silver transform for A: {'engine': 'pandas', 'record_count': 146558, 'source_count': 146562, 'duplicate_count': 0, 'missing_count': 0, 'invalid_ohlc_count': 4, 'invalid_volume_count': 0, 'error_count': 4, 'min_timestamp': '2016-10-05T13:30:00+00:00', 'max_timestamp': '2026-10-02T20:04:08+00:00', 'quality_status': 'warning'}
2026-10-05 10:39:37 | WARNING | app.database.session | MySQL connection check failed: (pymysql.err.OperationalError) (2013, 'Lost connection to MySQL server during query')
(Background on this error at: https://sqlalche.me/e/20/e3q8)
2026-10-05 10:39:37 | WARNING | urllib3.connectionpool | Connection pool is full, discarding connection: localhost. Connection pool size: 0
2026-10-05 10:39:37 | WARNING | urllib3.connectionpool | Connection pool is full, discarding connection: localhost. Connection pool size: 1
2026-10-05 10:39:38 | WARNING | urllib3.connectionpool | Connection pool is full, discarding connection: localhost. Connection pool size: 1
2026-10-05 10:39:38 | WARNING | urllib3.connectionpool | Connection pool is full, discarding connection: localhost. Connection pool size: 1
2026-10-05 10:39:38 | WARNING | urllib3.connectionpool | Connection pool is full, discarding connection: localhost. Connection pool size: 1
2026-10-05 10:39:38 | WARNING | urllib3.connectionpool | Connection pool is full, discarding connection: localhost. Connection pool size: 1
2026-10-05 10:39:38 | WARNING | urllib3.connectionpool | Connection pool is full, discarding connection: localhost. Connection pool size: 1
2026-10-05 10:39:38 | WARNING | urllib3.connectionpool | Connection pool is full, discarding connection: localhost. Connection pool size: 1
2026-10-05 10:39:38 | WARNING | urllib3.connectionpool | Connection pool is full, discarding connection: localhost. Connection pool size: 1
2026-10-05 10:39:38 | WARNING | urllib3.connectionpool | Connection pool is full, discarding connection: localhost. Connection pool size: 1
2026-10-05 10:39:38 | WARNING | urllib3.connectionpool | Connection pool is full, discarding connection: localhost. Connection pool size: 1
2026-10-05 10:39:38 | WARNING | urllib3.connectionpool | Connection pool is full, discarding connection: localhost. Connection pool size: 1
2026-10-05 10:39:38 | WARNING | urllib3.connectionpool | Connection pool is full, discarding connection: localhost. Connection pool size: 1
2026-10-05 10:39:38 | WARNING | urllib3.connectionpool | Connection pool is full, discarding connection: localhost. Connection pool size: 1
2026-10-05 10:39:38 | WARNING | urllib3.connectionpool | Connection pool is full, discarding connection: localhost. Connection pool size: 1
2026-10-05 10:39:38 | WARNING | urllib3.connectionpool | Connection pool is full, discarding connection: localhost. Connection pool size: 1
2026-10-05 10:39:38 | WARNING | urllib3.connectionpool | Connection pool is full, discarding connection: localhost. Connection pool size: 1
2026-10-05 10:39:38 | WARNING | urllib3.connectionpool | Connection pool is full, discarding connection: localhost. Connection pool size: 1
2026-10-05 10:39:39 | WARNING | urllib3.connectionpool | Connection pool is full, discarding connection: localhost. Connection pool size: 1
2026-10-05 10:39:39 | WARNING | urllib3.connectionpool | Connection pool is full, discarding connection: localhost. Connection pool size: 1
2026-10-05 10:39:39 | WARNING | urllib3.connectionpool | Connection pool is full, discarding connection: localhost. Connection pool size: 1
2026-10-05 10:39:39 | WARNING | urllib3.connectionpool | Connection pool is full, discarding connection: localhost. Connection pool size: 0
2026-10-05 10:39:39 | WARNING | urllib3.connectionpool | Connection pool is full, discarding connection: localhost. Connection pool size: 1
2026-10-05 10:39:40 | WARNING | urllib3.connectionpool | Connection pool is full, discarding connection: localhost. Connection pool size: 1
2026-10-05 10:39:40 | WARNING | urllib3.connectionpool | Connection pool is full, discarding connection: localhost. Connection pool size: 0
2026-10-05 10:39:40 | WARNING | urllib3.connectionpool | Connection pool is full, discarding connection: localhost. Connection pool size: 0
2026-10-05 10:39:40 | WARNING | urllib3.connectionpool | Connection pool is full, discarding connection: localhost. Connection pool size: 1
2026-10-05 10:39:41 | WARNING | urllib3.connectionpool | Connection pool is full, discarding connection: localhost. Connection pool size: 1
2026-10-05 10:39:41 | WARNING | urllib3.connectionpool | Connection pool is full, discarding connection: localhost. Connection pool size: 0
2026-10-05 10:39:41 | WARNING | urllib3.connectionpool | Connection pool is full, discarding connection: localhost. Connection pool size: 1
2026-10-05 10:39:41 | WARNING | urllib3.connectionpool | Connection pool is full, discarding connection: localhost. Connection pool size: 1
2026-10-05 10:39:42 | WARNING | urllib3.connectionpool | Connection pool is full, discarding connection: localhost. Connection pool size: 0
2026-10-05 10:39:42 | WARNING | urllib3.connectionpool | Connection pool is full, discarding connection: localhost. Connection pool size: 1
2026-10-05 10:39:42 | WARNING | urllib3.connectionpool | Connection pool is full, discarding connection: localhost. Connection pool size: 1
2026-10-05 10:39:42 | WARNING | urllib3.connectionpool | Connection pool is full, discarding connection: localhost. Connection pool size: 1
2026-10-05 10:39:43 | WARNING | urllib3.connectionpool | Connection pool is full, discarding connection: localhost. Connection pool size: 0
2026-10-05 10:39:43 | WARNING | urllib3.connectionpool | Connection pool is full, discarding connection: localhost. Connection pool size: 1
2026-10-05 10:39:43 | WARNING | urllib3.connectionpool | Connection pool is full, discarding connection: localhost. Connection pool size: 1
2026-10-05 10:39:43 | WARNING | urllib3.connectionpool | Connection pool is full, discarding connection: localhost. Connection pool size: 1
2026-10-05 10:39:43 | WARNING | urllib3.connectionpool | Connection pool is full, discarding connection: localhost. Connection pool size: 0
2026-10-05 10:39:44 | WARNING | urllib3.connectionpool | Connection pool is full, discarding connection: localhost. Connection pool size: 1
2026-10-05 10:39:44 | WARNING | urllib3.connectionpool | Connection pool is full, discarding connection: localhost. Connection pool size: 1
2026-10-05 10:39:44 | WARNING | urllib3.connectionpool | Connection pool is full, discarding connection: localhost. Connection pool size: 0
2026-10-05 10:39:44 | WARNING | urllib3.connectionpool | Connection pool is full, discarding connection: localhost. Connection pool size: 1
2026-10-05 10:39:44 | WARNING | urllib3.connectionpool | Connection pool is full, discarding connection: localhost. Connection pool size: 1
2026-10-05 10:39:44 | WARNING | urllib3.connectionpool | Connection pool is full, discarding connection: localhost. Connection pool size: 1
2026-10-05 10:39:44 | WARNING | urllib3.connectionpool | Connection pool is full, discarding connection: localhost. Connection pool size: 1
2026-10-05 10:39:45 | WARNING | urllib3.connectionpool | Connection pool is full, discarding connection: localhost. Connection pool size: 1
2026-10-05 10:39:45 | WARNING | urllib3.connectionpool | Connection pool is full, discarding connection: localhost. Connection pool size: 1
2026-10-05 10:39:45 | WARNING | urllib3.connectionpool | Connection pool is full, discarding connection: localhost. Connection pool size: 1
2026-10-05 10:39:45 | WARNING | urllib3.connectionpool | Connection pool is full, discarding connection: localhost. Connection pool size: 1
2026-10-05 10:39:45 | WARNING | urllib3.connectionpool | Connection pool is full, discarding connection: localhost. Connection pool size: 0
2026-10-05 10:39:45 | WARNING | urllib3.connectionpool | Connection pool is full, discarding connection: localhost. Connection pool size: 1
2026-10-05 10:39:45 | WARNING | urllib3.connectionpool | Connection pool is full, discarding connection: localhost. Connection pool size: 1
2026-10-05 10:39:46 | WARNING | urllib3.connectionpool | Connection pool is full, discarding connection: localhost. Connection pool size: 1
2026-10-05 10:39:46 | WARNING | urllib3.connectionpool | Connection pool is full, discarding connection: localhost. Connection pool size: 1
2026-10-05 10:39:46 | WARNING | urllib3.connectionpool | Connection pool is full, discarding connection: localhost. Connection pool size: 1
2026-10-05 10:39:46 | WARNING | urllib3.connectionpool | Connection pool is full, discarding connection: localhost. Connection pool size: 0
2026-10-05 10:39:47 | WARNING | urllib3.connectionpool | Connection pool is full, discarding connection: localhost. Connection pool size: 0
2026-10-05 10:39:47 | WARNING | urllib3.connectionpool | Connection pool is full, discarding connection: localhost. Connection pool size: 0
2026-10-05 10:39:47 | WARNING | urllib3.connectionpool | Connection pool is full, discarding connection: localhost. Connection pool size: 1
2026-10-05 10:39:48 | WARNING | urllib3.connectionpool | Connection pool is full, discarding connection: localhost. Connection pool size: 0
2026-10-05 10:39:48 | WARNING | urllib3.connectionpool | Connection pool is full, discarding connection: localhost. Connection pool size: 0
2026-10-05 10:39:48 | WARNING | urllib3.connectionpool | Connection pool is full, discarding connection: localhost. Connection pool size: 0
2026-10-05 10:39:48 | WARNING | urllib3.connectionpool | Connection pool is full, discarding connection: localhost. Connection pool size: 0
2026-10-05 10:39:48 | WARNING | urllib3.connectionpool | Connection pool is full, discarding connection: localhost. Connection pool size: 0
2026-10-05 10:39:48 | WARNING | urllib3.connectionpool | Connection pool is full, discarding connection: localhost. Connection pool size: 1
2026-10-05 10:39:48 | WARNING | urllib3.connectionpool | Connection pool is full, discarding connection: localhost. Connection pool size: 1
2026-10-05 10:39:48 | WARNING | urllib3.connectionpool | Connection pool is full, discarding connection: localhost. Connection pool size: 1
2026-10-05 10:39:49 | WARNING | urllib3.connectionpool | Connection pool is full, discarding connection: localhost. Connection pool size: 1
2026-10-05 10:39:49 | WARNING | urllib3.connectionpool | Connection pool is full, discarding connection: localhost. Connection pool size: 1
2026-10-05 10:39:49 | WARNING | urllib3.connectionpool | Connection pool is full, discarding connection: localhost. Connection pool size: 1
2026-10-05 10:39:49 | WARNING | urllib3.connectionpool | Connection pool is full, discarding connection: localhost. Connection pool size: 1
2026-10-05 10:39:49 | WARNING | urllib3.connectionpool | Connection pool is full, discarding connection: localhost. Connection pool size: 1
2026-10-05 10:39:50 | WARNING | urllib3.connectionpool | Connection pool is full, discarding connection: localhost. Connection pool size: 1
2026-10-05 10:39:50 | WARNING | urllib3.connectionpool | Connection pool is full, discarding connection: localhost. Connection pool size: 1
2026-10-05 10:39:50 | WARNING | urllib3.connectionpool | Connection pool is full, discarding connection: localhost. Connection pool size: 1
2026-10-05 10:39:50 | WARNING | urllib3.connectionpool | Connection pool is full, discarding connection: localhost. Connection pool size: 1
2026-10-05 10:39:50 | WARNING | urllib3.connectionpool | Connection pool is full, discarding connection: localhost. Connection pool size: 1
2026-10-05 10:39:50 | WARNING | urllib3.connectionpool | Connection pool is full, discarding connection: localhost. Connection pool size: 1
2026-10-05 10:39:50 | WARNING | urllib3.connectionpool | Connection pool is full, discarding connection: localhost. Connection pool size: 1
2026-10-05 10:39:50 | WARNING | urllib3.connectionpool | Connection pool is full, discarding connection: localhost. Connection pool size: 1
2026-10-05 10:39:50 | WARNING | urllib3.connectionpool | Connection pool is full, discarding connection: localhost. Connection pool size: 1
2026-10-05 10:39:51 | WARNING | urllib3.connectionpool | Connection pool is full, discarding connection: localhost. Connection pool size: 1
2026-10-05 10:39:51 | WARNING | urllib3.connectionpool | Connection pool is full, discarding connection: localhost. Connection pool size: 1
2026-10-05 10:39:51 | WARNING | urllib3.connectionpool | Connection pool is full, discarding connection: localhost. Connection pool size: 1
2026-10-05 10:39:51 | WARNING | urllib3.connectionpool | Connection pool is full, discarding connection: localhost. Connection pool size: 1
2026-10-05 10:39:51 | WARNING | urllib3.connectionpool | Connection pool is full, discarding connection: localhost. Connection pool size: 1
2026-10-05 10:39:51 | WARNING | urllib3.connectionpool | Connection pool is full, discarding connection: localhost. Connection pool size: 1
2026-10-05 10:39:51 | WARNING | urllib3.connectionpool | Connection pool is full, discarding connection: localhost. Connection pool size: 1
2026-10-05 10:39:51 | WARNING | urllib3.connectionpool | Connection pool is full, discarding connection: localhost. Connection pool size: 1
2026-10-05 10:39:51 | WARNING | urllib3.connectionpool | Connection pool is full, discarding connection: localhost. Connection pool size: 1
2026-10-05 10:39:52 | WARNING | urllib3.connectionpool | Connection pool is full, discarding connection: localhost. Connection pool size: 1
2026-10-05 10:39:52 | WARNING | urllib3.connectionpool | Connection pool is full, discarding connection: localhost. Connection pool size: 1
2026-10-05 10:39:52 | WARNING | urllib3.connectionpool | Connection pool is full, discarding connection: localhost. Connection pool size: 1
2026-10-05 10:39:52 | WARNING | urllib3.connectionpool | Connection pool is full, discarding connection: localhost. Connection pool size: 1
2026-10-05 10:39:52 | WARNING | urllib3.connectionpool | Connection pool is full, discarding connection: localhost. Connection pool size: 1
2026-10-05 10:39:52 | WARNING | urllib3.connectionpool | Connection pool is full, discarding connection: localhost. Connection pool size: 1
2026-10-05 10:39:52 | WARNING | urllib3.connectionpool | Connection pool is full, discarding connection: localhost. Connection pool size: 1
2026-10-05 10:39:52 | WARNING | urllib3.connectionpool | Connection pool is full, discarding connection: localhost. Connection pool size: 1
2026-10-05 10:39:53 | WARNING | urllib3.connectionpool | Connection pool is full, discarding connection: localhost. Connection pool size: 1
2026-10-05 10:39:53 | WARNING | urllib3.connectionpool | Connection pool is full, discarding connection: localhost. Connection pool size: 1
2026-10-05 10:39:53 | WARNING | urllib3.connectionpool | Connection pool is full, discarding connection: localhost. Connection pool size: 1
2026-10-05 10:39:53 | WARNING | urllib3.connectionpool | Connection pool is full, discarding connection: localhost. Connection pool size: 1
2026-10-05 10:39:53 | WARNING | urllib3.connectionpool | Connection pool is full, discarding connection: localhost. Connection pool size: 1
2026-10-05 10:39:53 | WARNING | urllib3.connectionpool | Connection pool is full, discarding connection: localhost. Connection pool size: 1
2026-10-05 10:39:53 | WARNING | urllib3.connectionpool | Connection pool is full, discarding connection: localhost. Connection pool size: 1
2026-10-05 10:39:53 | WARNING | urllib3.connectionpool | Connection pool is full, discarding connection: localhost. Connection pool size: 1
2026-10-05 10:39:54 | WARNING | urllib3.connectionpool | Connection pool is full, discarding connection: localhost. Connection pool size: 1
2026-10-05 10:39:54 | WARNING | urllib3.connectionpool | Connection pool is full, discarding connection: localhost. Connection pool size: 1
2026-10-05 10:39:54 | WARNING | urllib3.connectionpool | Connection pool is full, discarding connection: localhost. Connection pool size: 1
2026-10-05 10:39:54 | WARNING | urllib3.connectionpool | Connection pool is full, discarding connection: localhost. Connection pool size: 1
2026-10-05 10:39:54 | WARNING | urllib3.connectionpool | Connection pool is full, discarding connection: localhost. Connection pool size: 1
2026-10-05 10:39:54 | WARNING | urllib3.connectionpool | Connection pool is full, discarding connection: localhost. Connection pool size: 1
2026-10-05 10:39:55 | WARNING | urllib3.connectionpool | Connection pool is full, discarding connection: localhost. Connection pool size: 1
2026-10-05 10:39:55 | WARNING | urllib3.connectionpool | Connection pool is full, discarding connection: localhost. Connection pool size: 1
2026-10-05 10:39:55 | WARNING | urllib3.connectionpool | Connection pool is full, discarding connection: localhost. Connection pool size: 1
2026-10-05 10:39:55 | WARNING | urllib3.connectionpool | Connection pool is full, discarding connection: localhost. Connection pool size: 1
2026-10-05 10:39:55 | WARNING | urllib3.connectionpool | Connection pool is full, discarding connection: localhost. Connection pool size: 1
2026-10-05 10:39:55 | WARNING | urllib3.connectionpool | Connection pool is full, discarding connection: localhost. Connection pool size: 1
2026-10-05 10:39:55 | WARNING | urllib3.connectionpool | Connection pool is full, discarding connection: localhost. Connection pool size: 1
2026-10-05 10:39:55 | WARNING | urllib3.connectionpool | Connection pool is full, discarding connection: localhost. Connection pool size: 1
2026-10-05 10:39:55 | WARNING | urllib3.connectionpool | Connection pool is full, discarding connection: localhost. Connection pool size: 1
2026-10-05 10:39:55 | WARNING | urllib3.connectionpool | Connection pool is full, discarding connection: localhost. Connection pool size: 1
2026-10-05 10:39:56 | WARNING | urllib3.connectionpool | Connection pool is full, discarding connection: localhost. Connection pool size: 1
2026-10-05 10:39:56 | WARNING | urllib3.connectionpool | Connection pool is full, discarding connection: localhost. Connection pool size: 1
2026-10-05 10:39:56 | WARNING | urllib3.connectionpool | Connection pool is full, discarding connection: localhost. Connection pool size: 1
2026-10-05 10:39:56 | WARNING | urllib3.connectionpool | Connection pool is full, discarding connection: localhost. Connection pool size: 1
2026-10-05 10:39:56 | WARNING | urllib3.connectionpool | Connection pool is full, discarding connection: localhost. Connection pool size: 1
2026-10-05 10:39:56 | WARNING | urllib3.connectionpool | Connection pool is full, discarding connection: localhost. Connection pool size: 1
2026-10-05 10:39:56 | WARNING | urllib3.connectionpool | Connection pool is full, discarding connection: localhost. Connection pool size: 1
2026-10-05 10:39:56 | WARNING | urllib3.connectionpool | Connection pool is full, discarding connection: localhost. Connection pool size: 1
2026-10-05 10:39:56 | WARNING | urllib3.connectionpool | Connection pool is full, discarding connection: localhost. Connection pool size: 1
2026-10-05 10:39:56 | WARNING | urllib3.connectionpool | Connection pool is full, discarding connection: localhost. Connection pool size: 1
2026-10-05 10:39:56 | WARNING | urllib3.connectionpool | Connection pool is full, discarding connection: localhost. Connection pool size: 1
2026-10-05 10:39:56 | WARNING | urllib3.connectionpool | Connection pool is full, discarding connection: localhost. Connection pool size: 1
2026-10-05 10:39:56 | WARNING | urllib3.connectionpool | Connection pool is full, discarding connection: localhost. Connection pool size: 1
2026-10-05 10:39:56 | WARNING | urllib3.connectionpool | Connection pool is full, discarding connection: localhost. Connection pool size: 1
2026-10-05 10:39:57 | WARNING | urllib3.connectionpool | Connection pool is full, discarding connection: localhost. Connection pool size: 1
2026-10-05 10:39:57 | WARNING | urllib3.connectionpool | Connection pool is full, discarding connection: localhost. Connection pool size: 1
2026-10-05 10:39:57 | WARNING | urllib3.connectionpool | Connection pool is full, discarding connection: localhost. Connection pool size: 1
2026-10-05 10:39:57 | WARNING | urllib3.connectionpool | Connection pool is full, discarding connection: localhost. Connection pool size: 1
2026-10-05 10:39:57 | WARNING | urllib3.connectionpool | Connection pool is full, discarding connection: localhost. Connection pool size: 1
2026-10-05 10:39:57 | WARNING | urllib3.connectionpool | Connection pool is full, discarding connection: localhost. Connection pool size: 1
2026-10-05 10:39:57 | WARNING | urllib3.connectionpool | Connection pool is full, discarding connection: localhost. Connection pool size: 1
2026-10-05 10:39:57 | WARNING | urllib3.connectionpool | Connection pool is full, discarding connection: localhost. Connection pool size: 1
2026-10-05 10:39:57 | WARNING | urllib3.connectionpool | Connection pool is full, discarding connection: localhost. Connection pool size: 1
2026-10-05 10:39:58 | WARNING | urllib3.connectionpool | Connection pool is full, discarding connection: localhost. Connection pool size: 1
2026-10-05 10:39:58 | WARNING | urllib3.connectionpool | Connection pool is full, discarding connection: localhost. Connection pool size: 1
2026-10-05 10:39:58 | WARNING | urllib3.connectionpool | Connection pool is full, discarding connection: localhost. Connection pool size: 1
2026-10-05 10:39:58 | WARNING | urllib3.connectionpool | Connection pool is full, discarding connection: localhost. Connection pool size: 1
2026-10-05 10:39:58 | WARNING | urllib3.connectionpool | Connection pool is full, discarding connection: localhost. Connection pool size: 1
2026-10-05 10:39:58 | WARNING | urllib3.connectionpool | Connection pool is full, discarding connection: localhost. Connection pool size: 1
2026-10-05 10:39:58 | WARNING | urllib3.connectionpool | Connection pool is full, discarding connection: localhost. Connection pool size: 1
2026-10-05 10:39:58 | WARNING | urllib3.connectionpool | Connection pool is full, discarding connection: localhost. Connection pool size: 1
2026-10-05 10:39:58 | WARNING | urllib3.connectionpool | Connection pool is full, discarding connection: localhost. Connection pool size: 1
2026-10-05 10:39:58 | WARNING | urllib3.connectionpool | Connection pool is full, discarding connection: localhost. Connection pool size: 1
2026-10-05 10:39:58 | WARNING | urllib3.connectionpool | Connection pool is full, discarding connection: localhost. Connection pool size: 1
2026-10-05 10:39:59 | WARNING | urllib3.connectionpool | Connection pool is full, discarding connection: localhost. Connection pool size: 1
2026-10-05 10:39:59 | WARNING | urllib3.connectionpool | Connection pool is full, discarding connection: localhost. Connection pool size: 1
2026-10-05 10:39:59 | WARNING | urllib3.connectionpool | Connection pool is full, discarding connection: localhost. Connection pool size: 1
2026-10-05 10:39:59 | WARNING | urllib3.connectionpool | Connection pool is full, discarding connection: localhost. Connection pool size: 1
2026-10-05 10:39:59 | WARNING | urllib3.connectionpool | Connection pool is full, discarding connection: localhost. Connection pool size: 1
2026-10-05 10:39:59 | WARNING | urllib3.connectionpool | Connection pool is full, discarding connection: localhost. Connection pool size: 1
2026-10-05 10:39:59 | WARNING | app.api.v1.endpoints.health | record_count failed for bronze: 
2026-10-05 10:39:59 | WARNING | urllib3.connectionpool | Connection pool is full, discarding connection: localhost. Connection pool size: 1
2026-10-05 10:39:59 | WARNING | urllib3.connectionpool | Connection pool is full, discarding connection: localhost. Connection pool size: 1
2026-10-05 10:39:59 | WARNING | urllib3.connectionpool | Connection pool is full, discarding connection: localhost. Connection pool size: 1
2026-10-05 10:39:59 | WARNING | urllib3.connectionpool | Connection pool is full, discarding connection: localhost. Connection pool size: 1
2026-10-05 10:39:59 | WARNING | urllib3.connectionpool | Connection pool is full, discarding connection: localhost. Connection pool size: 1
2026-10-05 10:39:59 | WARNING | urllib3.connectionpool | Connection pool is full, discarding connection: localhost. Connection pool size: 1
2026-10-05 10:39:59 | WARNING | app.api.v1.endpoints.health | record_count failed for bronze: 
2026-10-05 10:40:00 | WARNING | urllib3.connectionpool | Connection pool is full, discarding connection: localhost. Connection pool size: 1
2026-10-05 10:40:00 | WARNING | urllib3.connectionpool | Connection pool is full, discarding connection: localhost. Connection pool size: 1
2026-10-05 10:40:00 | WARNING | urllib3.connectionpool | Connection pool is full, discarding connection: localhost. Connection pool size: 1
2026-10-05 10:40:00 | WARNING | urllib3.connectionpool | Connection pool is full, discarding connection: localhost. Connection pool size: 1
2026-10-05 10:40:00 | WARNING | urllib3.connectionpool | Connection pool is full, discarding connection: localhost. Connection pool size: 1
2026-10-05 10:40:00 | WARNING | urllib3.connectionpool | Connection pool is full, discarding connection: localhost. Connection pool size: 1
2026-10-05 10:40:01 | WARNING | urllib3.connectionpool | Connection pool is full, discarding connection: localhost. Connection pool size: 1
2026-10-05 10:40:01 | WARNING | urllib3.connectionpool | Connection pool is full, discarding connection: localhost. Connection pool size: 1
2026-10-05 10:40:01 | WARNING | urllib3.connectionpool | Connection pool is full, discarding connection: localhost. Connection pool size: 1
2026-10-05 10:40:01 | WARNING | urllib3.connectionpool | Connection pool is full, discarding connection: localhost. Connection pool size: 1
2026-10-05 10:40:01 | WARNING | urllib3.connectionpool | Connection pool is full, discarding connection: localhost. Connection pool size: 1
2026-10-05 10:40:01 | WARNING | urllib3.connectionpool | Connection pool is full, discarding connection: localhost. Connection pool size: 1
2026-10-05 10:40:01 | WARNING | urllib3.connectionpool | Connection pool is full, discarding connection: localhost. Connection pool size: 1
2026-10-05 10:40:01 | WARNING | urllib3.connectionpool | Connection pool is full, discarding connection: localhost. Connection pool size: 1
2026-10-05 10:40:01 | WARNING | urllib3.connectionpool | Connection pool is full, discarding connection: localhost. Connection pool size: 1
2026-10-05 10:40:01 | WARNING | urllib3.connectionpool | Connection pool is full, discarding connection: localhost. Connection pool size: 1
2026-10-05 10:40:01 | WARNING | urllib3.connectionpool | Connection pool is full, discarding connection: localhost. Connection pool size: 1
2026-10-05 10:40:01 | WARNING | urllib3.connectionpool | Connection pool is full, discarding connection: localhost. Connection pool size: 1
2026-10-05 10:40:01 | WARNING | urllib3.connectionpool | Connection pool is full, discarding connection: localhost. Connection pool size: 1
2026-10-05 10:40:01 | WARNING | urllib3.connectionpool | Connection pool is full, discarding connection: localhost. Connection pool size: 1
2026-10-05 10:40:01 | WARNING | urllib3.connectionpool | Connection pool is full, discarding connection: localhost. Connection pool size: 1
2026-10-05 10:40:02 | WARNING | urllib3.connectionpool | Connection pool is full, discarding connection: localhost. Connection pool size: 1
2026-10-05 10:40:02 | WARNING | urllib3.connectionpool | Connection pool is full, discarding connection: localhost. Connection pool size: 1
2026-10-05 10:40:02 | WARNING | urllib3.connectionpool | Connection pool is full, discarding connection: localhost. Connection pool size: 1
2026-10-05 10:40:02 | WARNING | urllib3.connectionpool | Connection pool is full, discarding connection: localhost. Connection pool size: 1
2026-10-05 10:40:02 | WARNING | urllib3.connectionpool | Connection pool is full, discarding connection: localhost. Connection pool size: 1
2026-10-05 10:40:02 | WARNING | urllib3.connectionpool | Connection pool is full, discarding connection: localhost. Connection pool size: 1
2026-10-05 10:40:02 | WARNING | urllib3.connectionpool | Connection pool is full, discarding connection: localhost. Connection pool size: 1
2026-10-05 10:40:02 | WARNING | urllib3.connectionpool | Connection pool is full, discarding connection: localhost. Connection pool size: 1
2026-10-05 10:40:02 | WARNING | urllib3.connectionpool | Connection pool is full, discarding connection: localhost. Connection pool size: 1
2026-10-05 10:40:02 | WARNING | urllib3.connectionpool | Connection pool is full, discarding connection: localhost. Connection pool size: 1
2026-10-05 10:40:02 | WARNING | urllib3.connectionpool | Connection pool is full, discarding connection: localhost. Connection pool size: 1
2026-10-05 10:40:02 | WARNING | urllib3.connectionpool | Connection pool is full, discarding connection: localhost. Connection pool size: 1
2026-10-05 10:40:02 | WARNING | urllib3.connectionpool | Connection pool is full, discarding connection: localhost. Connection pool size: 1
2026-10-05 10:40:03 | WARNING | urllib3.connectionpool | Connection pool is full, discarding connection: localhost. Connection pool size: 1
2026-10-05 10:40:03 | WARNING | urllib3.connectionpool | Connection pool is full, discarding connection: localhost. Connection pool size: 1
2026-10-05 10:40:03 | WARNING | urllib3.connectionpool | Connection pool is full, discarding connection: localhost. Connection pool size: 1
2026-10-05 10:40:03 | WARNING | urllib3.connectionpool | Connection pool is full, discarding connection: localhost. Connection pool size: 1
2026-10-05 10:40:03 | WARNING | urllib3.connectionpool | Connection pool is full, discarding connection: localhost. Connection pool size: 1
2026-10-05 10:40:03 | WARNING | urllib3.connectionpool | Connection pool is full, discarding connection: localhost. Connection pool size: 1
2026-10-05 10:40:03 | WARNING | urllib3.connectionpool | Connection pool is full, discarding connection: localhost. Connection pool size: 1
2026-10-05 10:40:03 | WARNING | urllib3.connectionpool | Connection pool is full, discarding connection: localhost. Connection pool size: 1
2026-10-05 10:40:03 | WARNING | urllib3.connectionpool | Connection pool is full, discarding connection: localhost. Connection pool size: 1
2026-10-05 10:40:03 | WARNING | urllib3.connectionpool | Connection pool is full, discarding connection: localhost. Connection pool size: 1
2026-10-05 10:40:03 | WARNING | urllib3.connectionpool | Connection pool is full, discarding connection: localhost. Connection pool size: 1
2026-10-05 10:40:03 | WARNING | urllib3.connectionpool | Connection pool is full, discarding connection: localhost. Connection pool size: 1
2026-10-05 10:40:03 | WARNING | urllib3.connectionpool | Connection pool is full, discarding connection: localhost. Connection pool size: 1
2026-10-05 10:40:03 | WARNING | urllib3.connectionpool | Connection pool is full, discarding connection: localhost. Connection pool size: 1
2026-10-05 10:40:03 | WARNING | urllib3.connectionpool | Connection pool is full, discarding connection: localhost. Connection pool size: 1
2026-10-05 10:40:03 | WARNING | urllib3.connectionpool | Connection pool is full, discarding connection: localhost. Connection pool size: 1
2026-10-05 10:40:04 | WARNING | urllib3.connectionpool | Connection pool is full, discarding connection: localhost. Connection pool size: 1
2026-10-05 10:40:04 | WARNING | urllib3.connectionpool | Connection pool is full, discarding connection: localhost. Connection pool size: 1
2026-10-05 10:40:04 | WARNING | urllib3.connectionpool | Connection pool is full, discarding connection: localhost. Connection pool size: 1
2026-10-05 10:40:04 | WARNING | urllib3.connectionpool | Connection pool is full, discarding connection: localhost. Connection pool size: 1
2026-10-05 10:40:04 | WARNING | urllib3.connectionpool | Connection pool is full, discarding connection: localhost. Connection pool size: 1
2026-10-05 10:40:04 | WARNING | urllib3.connectionpool | Connection pool is full, discarding connection: localhost. Connection pool size: 1
2026-10-05 10:40:04 | WARNING | urllib3.connectionpool | Connection pool is full, discarding connection: localhost. Connection pool size: 1
2026-10-05 10:40:04 | WARNING | urllib3.connectionpool | Connection pool is full, discarding connection: localhost. Connection pool size: 1
2026-10-05 10:40:04 | WARNING | urllib3.connectionpool | Connection pool is full, discarding connection: localhost. Connection pool size: 1
2026-10-05 10:40:04 | WARNING | urllib3.connectionpool | Connection pool is full, discarding connection: localhost. Connection pool size: 1
2026-10-05 10:40:04 | WARNING | urllib3.connectionpool | Connection pool is full, discarding connection: localhost. Connection pool size: 1
2026-10-05 10:40:04 | WARNING | urllib3.connectionpool | Connection pool is full, discarding connection: localhost. Connection pool size: 1
2026-10-05 10:40:04 | WARNING | urllib3.connectionpool | Connection pool is full, discarding connection: localhost. Connection pool size: 1
2026-10-05 10:40:04 | WARNING | urllib3.connectionpool | Connection pool is full, discarding connection: localhost. Connection pool size: 1
2026-10-05 10:40:04 | WARNING | urllib3.connectionpool | Connection pool is full, discarding connection: localhost. Connection pool size: 1
2026-10-05 10:40:05 | WARNING | urllib3.connectionpool | Connection pool is full, discarding connection: localhost. Connection pool size: 1
2026-10-05 10:40:05 | WARNING | urllib3.connectionpool | Connection pool is full, discarding connection: localhost. Connection pool size: 1
2026-10-05 10:40:05 | WARNING | urllib3.connectionpool | Connection pool is full, discarding connection: localhost. Connection pool size: 1
2026-10-05 10:40:05 | WARNING | urllib3.connectionpool | Connection pool is full, discarding connection: localhost. Connection pool size: 1
2026-10-05 10:40:05 | WARNING | urllib3.connectionpool | Connection pool is full, discarding connection: localhost. Connection pool size: 1
2026-10-05 10:40:05 | WARNING | urllib3.connectionpool | Connection pool is full, discarding connection: localhost. Connection pool size: 1
2026-10-05 10:40:05 | WARNING | urllib3.connectionpool | Connection pool is full, discarding connection: localhost. Connection pool size: 1
2026-10-05 10:40:05 | WARNING | urllib3.connectionpool | Connection pool is full, discarding connection: localhost. Connection pool size: 1
2026-10-05 10:40:05 | WARNING | urllib3.connectionpool | Connection pool is full, discarding connection: localhost. Connection pool size: 1
2026-10-05 10:40:06 | WARNING | urllib3.connectionpool | Connection pool is full, discarding connection: localhost. Connection pool size: 1
2026-10-05 10:40:06 | WARNING | urllib3.connectionpool | Connection pool is full, discarding connection: localhost. Connection pool size: 1
2026-10-05 10:40:06 | WARNING | urllib3.connectionpool | Connection pool is full, discarding connection: localhost. Connection pool size: 1
2026-10-05 10:40:06 | WARNING | urllib3.connectionpool | Connection pool is full, discarding connection: localhost. Connection pool size: 1
2026-10-05 10:40:06 | WARNING | urllib3.connectionpool | Connection pool is full, discarding connection: localhost. Connection pool size: 1
2026-10-05 10:40:06 | WARNING | urllib3.connectionpool | Connection pool is full, discarding connection: localhost. Connection pool size: 1
2026-10-05 10:40:06 | WARNING | urllib3.connectionpool | Connection pool is full, discarding connection: localhost. Connection pool size: 1
2026-10-05 10:40:06 | WARNING | urllib3.connectionpool | Connection pool is full, discarding connection: localhost. Connection pool size: 1
2026-10-05 10:40:07 | WARNING | urllib3.connectionpool | Connection pool is full, discarding connection: localhost. Connection pool size: 1
2026-10-05 10:40:07 | WARNING | urllib3.connectionpool | Connection pool is full, discarding connection: localhost. Connection pool size: 1
2026-10-05 10:40:07 | WARNING | urllib3.connectionpool | Connection pool is full, discarding connection: localhost. Connection pool size: 1
2026-10-05 10:40:07 | WARNING | urllib3.connectionpool | Connection pool is full, discarding connection: localhost. Connection pool size: 1
2026-10-05 10:40:07 | WARNING | urllib3.connectionpool | Connection pool is full, discarding connection: localhost. Connection pool size: 1
2026-10-05 10:40:07 | WARNING | urllib3.connectionpool | Connection pool is full, discarding connection: localhost. Connection pool size: 1
2026-10-05 10:40:07 | WARNING | urllib3.connectionpool | Connection pool is full, discarding connection: localhost. Connection pool size: 1
2026-10-05 10:40:07 | WARNING | urllib3.connectionpool | Connection pool is full, discarding connection: localhost. Connection pool size: 1
2026-10-05 10:40:07 | WARNING | urllib3.connectionpool | Connection pool is full, discarding connection: localhost. Connection pool size: 1
2026-10-05 10:40:07 | WARNING | urllib3.connectionpool | Connection pool is full, discarding connection: localhost. Connection pool size: 1
2026-10-05 10:40:07 | WARNING | urllib3.connectionpool | Connection pool is full, discarding connection: localhost. Connection pool size: 1
2026-10-05 10:40:07 | WARNING | urllib3.connectionpool | Connection pool is full, discarding connection: localhost. Connection pool size: 1
2026-10-05 10:40:07 | WARNING | urllib3.connectionpool | Connection pool is full, discarding connection: localhost. Connection pool size: 1
2026-10-05 10:40:08 | WARNING | urllib3.connectionpool | Connection pool is full, discarding connection: localhost. Connection pool size: 1
2026-10-05 10:40:08 | WARNING | urllib3.connectionpool | Connection pool is full, discarding connection: localhost. Connection pool size: 1
2026-10-05 10:40:08 | WARNING | urllib3.connectionpool | Connection pool is full, discarding connection: localhost. Connection pool size: 1
2026-10-05 10:40:08 | WARNING | urllib3.connectionpool | Connection pool is full, discarding connection: localhost. Connection pool size: 1
2026-10-05 10:40:08 | WARNING | urllib3.connectionpool | Connection pool is full, discarding connection: localhost. Connection pool size: 1
2026-10-05 10:40:08 | WARNING | urllib3.connectionpool | Connection pool is full, discarding connection: localhost. Connection pool size: 1
2026-10-05 10:40:08 | WARNING | urllib3.connectionpool | Connection pool is full, discarding connection: localhost. Connection pool size: 1
2026-10-05 10:40:08 | WARNING | urllib3.connectionpool | Connection pool is full, discarding connection: localhost. Connection pool size: 1
2026-10-05 10:40:08 | WARNING | urllib3.connectionpool | Connection pool is full, discarding connection: localhost. Connection pool size: 1
2026-10-05 10:40:08 | WARNING | urllib3.connectionpool | Connection pool is full, discarding connection: localhost. Connection pool size: 1
2026-10-05 10:40:08 | WARNING | urllib3.connectionpool | Connection pool is full, discarding connection: localhost. Connection pool size: 1
2026-10-05 10:40:09 | WARNING | urllib3.connectionpool | Connection pool is full, discarding connection: localhost. Connection pool size: 1
2026-10-05 10:40:09 | WARNING | urllib3.connectionpool | Connection pool is full, discarding connection: localhost. Connection pool size: 1
2026-10-05 10:40:09 | WARNING | urllib3.connectionpool | Connection pool is full, discarding connection: localhost. Connection pool size: 1
2026-10-05 10:40:09 | WARNING | urllib3.connectionpool | Connection pool is full, discarding connection: localhost. Connection pool size: 1
2026-10-05 10:40:09 | WARNING | urllib3.connectionpool | Connection pool is full, discarding connection: localhost. Connection pool size: 1
2026-10-05 10:40:09 | WARNING | urllib3.connectionpool | Connection pool is full, discarding connection: localhost. Connection pool size: 1
2026-10-05 10:40:09 | WARNING | urllib3.connectionpool | Connection pool is full, discarding connection: localhost. Connection pool size: 1
2026-10-05 10:40:09 | WARNING | urllib3.connectionpool | Connection pool is full, discarding connection: localhost. Connection pool size: 1
2026-10-05 10:40:09 | WARNING | urllib3.connectionpool | Connection pool is full, discarding connection: localhost. Connection pool size: 1
2026-10-05 10:40:09 | WARNING | urllib3.connectionpool | Connection pool is full, discarding connection: localhost. Connection pool size: 1
2026-10-05 10:40:09 | WARNING | urllib3.connectionpool | Connection pool is full, discarding connection: localhost. Connection pool size: 1
2026-10-05 10:40:09 | WARNING | urllib3.connectionpool | Connection pool is full, discarding connection: localhost. Connection pool size: 1
2026-10-05 10:40:09 | WARNING | urllib3.connectionpool | Connection pool is full, discarding connection: localhost. Connection pool size: 1
2026-10-05 10:40:09 | WARNING | urllib3.connectionpool | Connection pool is full, discarding connection: localhost. Connection pool size: 1
2026-10-05 10:40:10 | WARNING | urllib3.connectionpool | Connection pool is full, discarding connection: localhost. Connection pool size: 1
2026-10-05 10:40:10 | WARNING | urllib3.connectionpool | Connection pool is full, discarding connection: localhost. Connection pool size: 1
2026-10-05 10:40:10 | WARNING | urllib3.connectionpool | Connection pool is full, discarding connection: localhost. Connection pool size: 1
2026-10-05 10:40:10 | WARNING | urllib3.connectionpool | Connection pool is full, discarding connection: localhost. Connection pool size: 1
2026-10-05 10:40:10 | WARNING | urllib3.connectionpool | Connection pool is full, discarding connection: localhost. Connection pool size: 1
2026-10-05 10:40:10 | WARNING | urllib3.connectionpool | Connection pool is full, discarding connection: localhost. Connection pool size: 1
2026-10-05 10:40:10 | WARNING | urllib3.connectionpool | Connection pool is full, discarding connection: localhost. Connection pool size: 1
2026-10-05 10:40:10 | WARNING | urllib3.connectionpool | Connection pool is full, discarding connection: localhost. Connection pool size: 1
2026-10-05 10:40:10 | WARNING | urllib3.connectionpool | Connection pool is full, discarding connection: localhost. Connection pool size: 1
2026-10-05 10:40:10 | WARNING | urllib3.connectionpool | Connection pool is full, discarding connection: localhost. Connection pool size: 1
2026-10-05 10:40:10 | WARNING | urllib3.connectionpool | Connection pool is full, discarding connection: localhost. Connection pool size: 1
2026-10-05 10:40:10 | WARNING | urllib3.connectionpool | Connection pool is full, discarding connection: localhost. Connection pool size: 1
2026-10-05 10:40:11 | WARNING | urllib3.connectionpool | Connection pool is full, discarding connection: localhost. Connection pool size: 1
2026-10-05 10:40:11 | WARNING | urllib3.connectionpool | Connection pool is full, discarding connection: localhost. Connection pool size: 1
2026-10-05 10:40:11 | WARNING | urllib3.connectionpool | Connection pool is full, discarding connection: localhost. Connection pool size: 1
2026-10-05 10:40:11 | WARNING | urllib3.connectionpool | Connection pool is full, discarding connection: localhost. Connection pool size: 0
2026-10-05 10:40:11 | WARNING | urllib3.connectionpool | Connection pool is full, discarding connection: localhost. Connection pool size: 1
2026-10-05 10:40:26 | WARNING | app.database.session | MySQL connection check failed: (pymysql.err.OperationalError) (2013, 'Lost connection to MySQL server during query')
(Background on this error at: https://sqlalche.me/e/20/e3q8)
2026-10-05 10:40:29 | WARNING | urllib3.connectionpool | Connection pool is full, discarding connection: localhost. Connection pool size: 1
2026-10-05 10:40:29 | WARNING | urllib3.connectionpool | Connection pool is full, discarding connection: localhost. Connection pool size: 0
2026-10-05 10:40:29 | WARNING | urllib3.connectionpool | Connection pool is full, discarding connection: localhost. Connection pool size: 1
2026-10-05 10:40:29 | WARNING | urllib3.connectionpool | Connection pool is full, discarding connection: localhost. Connection pool size: 0
2026-10-05 10:40:30 | WARNING | urllib3.connectionpool | Connection pool is full, discarding connection: localhost. Connection pool size: 1
2026-10-05 10:40:30 | WARNING | urllib3.connectionpool | Connection pool is full, discarding connection: localhost. Connection pool size: 1
2026-10-05 10:40:30 | WARNING | urllib3.connectionpool | Connection pool is full, discarding connection: localhost. Connection pool size: 0
2026-10-05 10:40:30 | WARNING | urllib3.connectionpool | Connection pool is full, discarding connection: localhost. Connection pool size: 1
2026-10-05 10:40:31 | WARNING | urllib3.connectionpool | Connection pool is full, discarding connection: localhost. Connection pool size: 1
2026-10-05 10:40:31 | WARNING | urllib3.connectionpool | Connection pool is full, discarding connection: localhost. Connection pool size: 1
2026-10-05 10:40:31 | WARNING | urllib3.connectionpool | Connection pool is full, discarding connection: localhost. Connection pool size: 1
2026-10-05 10:40:31 | WARNING | urllib3.connectionpool | Connection pool is full, discarding connection: localhost. Connection pool size: 1
2026-10-05 10:40:31 | WARNING | urllib3.connectionpool | Connection pool is full, discarding connection: localhost. Connection pool size: 1
2026-10-05 10:40:31 | WARNING | urllib3.connectionpool | Connection pool is full, discarding connection: localhost. Connection pool size: 1
2026-10-05 10:40:31 | WARNING | urllib3.connectionpool | Connection pool is full, discarding connection: localhost. Connection pool size: 1
2026-10-05 10:40:31 | WARNING | urllib3.connectionpool | Connection pool is full, discarding connection: localhost. Connection pool size: 1
2026-10-05 10:40:31 | WARNING | urllib3.connectionpool | Connection pool is full, discarding connection: localhost. Connection pool size: 1
2026-10-05 10:40:32 | WARNING | urllib3.connectionpool | Connection pool is full, discarding connection: localhost. Connection pool size: 1
2026-10-05 10:40:32 | WARNING | urllib3.connectionpool | Connection pool is full, discarding connection: localhost. Connection pool size: 1
2026-10-05 10:40:32 | WARNING | urllib3.connectionpool | Connection pool is full, discarding connection: localhost. Connection pool size: 1
2026-10-05 10:40:32 | WARNING | urllib3.connectionpool | Connection pool is full, discarding connection: localhost. Connection pool size: 1
2026-10-05 10:40:32 | WARNING | urllib3.connectionpool | Connection pool is full, discarding connection: localhost. Connection pool size: 1
2026-10-05 10:40:32 | WARNING | urllib3.connectionpool | Connection pool is full, discarding connection: localhost. Connection pool size: 1
2026-10-05 10:40:32 | WARNING | urllib3.connectionpool | Connection pool is full, discarding connection: localhost. Connection pool size: 1
2026-10-05 10:40:32 | WARNING | urllib3.connectionpool | Connection pool is full, discarding connection: localhost. Connection pool size: 1
2026-10-05 10:40:32 | WARNING | urllib3.connectionpool | Connection pool is full, discarding connection: localhost. Connection pool size: 1
2026-10-05 10:40:33 | WARNING | urllib3.connectionpool | Connection pool is full, discarding connection: localhost. Connection pool size: 1
2026-10-05 10:40:33 | WARNING | urllib3.connectionpool | Connection pool is full, discarding connection: localhost. Connection pool size: 1
2026-10-05 10:40:33 | WARNING | urllib3.connectionpool | Connection pool is full, discarding connection: localhost. Connection pool size: 1
2026-10-05 10:40:33 | WARNING | urllib3.connectionpool | Connection pool is full, discarding connection: localhost. Connection pool size: 1
2026-10-05 10:40:33 | WARNING | urllib3.connectionpool | Connection pool is full, discarding connection: localhost. Connection pool size: 1
2026-10-05 10:40:33 | WARNING | urllib3.connectionpool | Connection pool is full, discarding connection: localhost. Connection pool size: 1
2026-10-05 10:40:33 | WARNING | urllib3.connectionpool | Connection pool is full, discarding connection: localhost. Connection pool size: 1
2026-10-05 10:40:33 | WARNING | urllib3.connectionpool | Connection pool is full, discarding connection: localhost. Connection pool size: 1
2026-10-05 10:40:34 | WARNING | urllib3.connectionpool | Connection pool is full, discarding connection: localhost. Connection pool size: 1
2026-10-05 10:40:35 | WARNING | urllib3.connectionpool | Connection pool is full, discarding connection: localhost. Connection pool size: 1
2026-10-05 10:40:35 | WARNING | urllib3.connectionpool | Connection pool is full, discarding connection: localhost. Connection pool size: 1
2026-10-05 10:40:35 | WARNING | urllib3.connectionpool | Connection pool is full, discarding connection: localhost. Connection pool size: 1
2026-10-05 10:40:35 | WARNING | urllib3.connectionpool | Connection pool is full, discarding connection: localhost. Connection pool size: 1
2026-10-05 10:40:35 | WARNING | urllib3.connectionpool | Connection pool is full, discarding connection: localhost. Connection pool size: 1
2026-10-05 10:40:35 | WARNING | urllib3.connectionpool | Connection pool is full, discarding connection: localhost. Connection pool size: 1
2026-10-05 10:40:35 | WARNING | urllib3.connectionpool | Connection pool is full, discarding connection: localhost. Connection pool size: 1
2026-10-05 10:40:35 | WARNING | urllib3.connectionpool | Connection pool is full, discarding connection: localhost. Connection pool size: 0
2026-10-05 10:40:36 | WARNING | urllib3.connectionpool | Connection pool is full, discarding connection: localhost. Connection pool size: 1
2026-10-05 10:40:36 | WARNING | urllib3.connectionpool | Connection pool is full, discarding connection: localhost. Connection pool size: 1
2026-10-05 10:40:36 | WARNING | urllib3.connectionpool | Connection pool is full, discarding connection: localhost. Connection pool size: 0
2026-10-05 10:40:36 | WARNING | urllib3.connectionpool | Connection pool is full, discarding connection: localhost. Connection pool size: 1
2026-10-05 10:40:37 | WARNING | urllib3.connectionpool | Connection pool is full, discarding connection: localhost. Connection pool size: 0
2026-10-05 10:40:37 | WARNING | urllib3.connectionpool | Connection pool is full, discarding connection: localhost. Connection pool size: 0
2026-10-05 10:40:37 | WARNING | urllib3.connectionpool | Connection pool is full, discarding connection: localhost. Connection pool size: 0
2026-10-05 10:40:38 | WARNING | urllib3.connectionpool | Connection pool is full, discarding connection: localhost. Connection pool size: 1
2026-10-05 10:40:38 | WARNING | urllib3.connectionpool | Connection pool is full, discarding connection: localhost. Connection pool size: 1
2026-10-05 10:40:38 | WARNING | urllib3.connectionpool | Connection pool is full, discarding connection: localhost. Connection pool size: 0
2026-10-05 10:40:38 | WARNING | urllib3.connectionpool | Connection pool is full, discarding connection: localhost. Connection pool size: 0
2026-10-05 10:40:38 | WARNING | urllib3.connectionpool | Connection pool is full, discarding connection: localhost. Connection pool size: 1
2026-10-05 10:40:38 | WARNING | urllib3.connectionpool | Connection pool is full, discarding connection: localhost. Connection pool size: 0
2026-10-05 10:40:39 | WARNING | urllib3.connectionpool | Connection pool is full, discarding connection: localhost. Connection pool size: 1
2026-10-05 10:40:39 | WARNING | urllib3.connectionpool | Connection pool is full, discarding connection: localhost. Connection pool size: 1
2026-10-05 10:40:39 | WARNING | urllib3.connectionpool | Connection pool is full, discarding connection: localhost. Connection pool size: 1
2026-10-05 10:40:39 | WARNING | urllib3.connectionpool | Connection pool is full, discarding connection: localhost. Connection pool size: 1
2026-10-05 10:40:39 | WARNING | urllib3.connectionpool | Connection pool is full, discarding connection: localhost. Connection pool size: 1
2026-10-05 10:40:39 | WARNING | urllib3.connectionpool | Connection pool is full, discarding connection: localhost. Connection pool size: 1
2026-10-05 10:40:39 | WARNING | urllib3.connectionpool | Connection pool is full, discarding connection: localhost. Connection pool size: 1
2026-10-05 10:40:39 | WARNING | urllib3.connectionpool | Connection pool is full, discarding connection: localhost. Connection pool size: 1
2026-10-05 10:40:39 | WARNING | urllib3.connectionpool | Connection pool is full, discarding connection: localhost. Connection pool size: 1
2026-10-05 10:40:40 | WARNING | urllib3.connectionpool | Connection pool is full, discarding connection: localhost. Connection pool size: 1
2026-10-05 10:40:40 | WARNING | urllib3.connectionpool | Connection pool is full, discarding connection: localhost. Connection pool size: 1
2026-10-05 10:40:40 | WARNING | urllib3.connectionpool | Connection pool is full, discarding connection: localhost. Connection pool size: 1
2026-10-05 10:40:40 | WARNING | urllib3.connectionpool | Connection pool is full, discarding connection: localhost. Connection pool size: 1
2026-10-05 10:40:40 | WARNING | urllib3.connectionpool | Connection pool is full, discarding connection: localhost. Connection pool size: 1
2026-10-05 10:40:40 | WARNING | urllib3.connectionpool | Connection pool is full, discarding connection: localhost. Connection pool size: 1
2026-10-05 10:40:40 | WARNING | urllib3.connectionpool | Connection pool is full, discarding connection: localhost. Connection pool size: 1
2026-10-05 10:40:40 | WARNING | urllib3.connectionpool | Connection pool is full, discarding connection: localhost. Connection pool size: 1
2026-10-05 10:40:40 | WARNING | urllib3.connectionpool | Connection pool is full, discarding connection: localhost. Connection pool size: 1
2026-10-05 10:40:40 | WARNING | urllib3.connectionpool | Connection pool is full, discarding connection: localhost. Connection pool size: 1
2026-10-05 10:40:40 | WARNING | urllib3.connectionpool | Connection pool is full, discarding connection: localhost. Connection pool size: 1
2026-10-05 10:40:40 | WARNING | urllib3.connectionpool | Connection pool is full, discarding connection: localhost. Connection pool size: 1
2026-10-05 10:40:41 | WARNING | urllib3.connectionpool | Connection pool is full, discarding connection: localhost. Connection pool size: 1
2026-10-05 10:40:41 | WARNING | urllib3.connectionpool | Connection pool is full, discarding connection: localhost. Connection pool size: 1
2026-10-05 10:40:41 | WARNING | urllib3.connectionpool | Connection pool is full, discarding connection: localhost. Connection pool size: 1
2026-10-05 10:40:41 | WARNING | urllib3.connectionpool | Connection pool is full, discarding connection: localhost. Connection pool size: 1
2026-10-05 10:40:41 | WARNING | urllib3.connectionpool | Connection pool is full, discarding connection: localhost. Connection pool size: 1
2026-10-05 10:40:41 | WARNING | urllib3.connectionpool | Connection pool is full, discarding connection: localhost. Connection pool size: 1
2026-10-05 10:40:41 | WARNING | urllib3.connectionpool | Connection pool is full, discarding connection: localhost. Connection pool size: 1
2026-10-05 10:40:41 | WARNING | urllib3.connectionpool | Connection pool is full, discarding connection: localhost. Connection pool size: 1
2026-10-05 10:40:41 | WARNING | urllib3.connectionpool | Connection pool is full, discarding connection: localhost. Connection pool size: 1
2026-10-05 10:40:41 | WARNING | urllib3.connectionpool | Connection pool is full, discarding connection: localhost. Connection pool size: 1
2026-10-05 10:40:42 | WARNING | urllib3.connectionpool | Connection pool is full, discarding connection: localhost. Connection pool size: 1
2026-10-05 10:40:42 | WARNING | urllib3.connectionpool | Connection pool is full, discarding connection: localhost. Connection pool size: 1
2026-10-05 10:40:42 | WARNING | urllib3.connectionpool | Connection pool is full, discarding connection: localhost. Connection pool size: 0
2026-10-05 10:40:42 | WARNING | urllib3.connectionpool | Connection pool is full, discarding connection: localhost. Connection pool size: 0
2026-10-05 10:40:58 | WARNING | app.database.session | MySQL connection check failed: (pymysql.err.OperationalError) (2013, 'Lost connection to MySQL server during query')
(Background on this error at: https://sqlalche.me/e/20/e3q8)
2026-10-05 10:41:00 | WARNING | urllib3.connectionpool | Connection pool is full, discarding connection: localhost. Connection pool size: 1
2026-10-05 10:41:00 | WARNING | urllib3.connectionpool | Connection pool is full, discarding connection: localhost. Connection pool size: 0
2026-10-05 10:41:01 | WARNING | urllib3.connectionpool | Connection pool is full, discarding connection: localhost. Connection pool size: 1
2026-10-05 10:41:01 | WARNING | urllib3.connectionpool | Connection pool is full, discarding connection: localhost. Connection pool size: 1
2026-10-05 10:41:01 | WARNING | urllib3.connectionpool | Connection pool is full, discarding connection: localhost. Connection pool size: 1
2026-10-05 10:41:01 | WARNING | urllib3.connectionpool | Connection pool is full, discarding connection: localhost. Connection pool size: 0
2026-10-05 10:41:01 | WARNING | urllib3.connectionpool | Connection pool is full, discarding connection: localhost. Connection pool size: 0
2026-10-05 10:41:02 | WARNING | urllib3.connectionpool | Connection pool is full, discarding connection: localhost. Connection pool size: 1
2026-10-05 10:41:02 | WARNING | urllib3.connectionpool | Connection pool is full, discarding connection: localhost. Connection pool size: 1
2026-10-05 10:41:02 | WARNING | urllib3.connectionpool | Connection pool is full, discarding connection: localhost. Connection pool size: 1
2026-10-05 10:41:02 | WARNING | urllib3.connectionpool | Connection pool is full, discarding connection: localhost. Connection pool size: 1
2026-10-05 10:41:02 | WARNING | urllib3.connectionpool | Connection pool is full, discarding connection: localhost. Connection pool size: 1
2026-10-05 10:41:02 | WARNING | urllib3.connectionpool | Connection pool is full, discarding connection: localhost. Connection pool size: 1
2026-10-05 10:41:03 | WARNING | urllib3.connectionpool | Connection pool is full, discarding connection: localhost. Connection pool size: 1
2026-10-05 10:41:03 | WARNING | urllib3.connectionpool | Connection pool is full, discarding connection: localhost. Connection pool size: 1
2026-10-05 10:41:03 | WARNING | urllib3.connectionpool | Connection pool is full, discarding connection: localhost. Connection pool size: 1
2026-10-05 10:41:03 | WARNING | urllib3.connectionpool | Connection pool is full, discarding connection: localhost. Connection pool size: 1
2026-10-05 10:41:03 | WARNING | urllib3.connectionpool | Connection pool is full, discarding connection: localhost. Connection pool size: 1
2026-10-05 10:41:03 | WARNING | urllib3.connectionpool | Connection pool is full, discarding connection: localhost. Connection pool size: 1
2026-10-05 10:41:03 | WARNING | urllib3.connectionpool | Connection pool is full, discarding connection: localhost. Connection pool size: 1
2026-10-05 10:41:04 | WARNING | urllib3.connectionpool | Connection pool is full, discarding connection: localhost. Connection pool size: 1
2026-10-05 10:41:04 | WARNING | urllib3.connectionpool | Connection pool is full, discarding connection: localhost. Connection pool size: 1
2026-10-05 10:41:04 | WARNING | urllib3.connectionpool | Connection pool is full, discarding connection: localhost. Connection pool size: 1
2026-10-05 10:41:04 | WARNING | urllib3.connectionpool | Connection pool is full, discarding connection: localhost. Connection pool size: 1
2026-10-05 10:41:04 | WARNING | urllib3.connectionpool | Connection pool is full, discarding connection: localhost. Connection pool size: 1
2026-10-05 10:41:04 | WARNING | urllib3.connectionpool | Connection pool is full, discarding connection: localhost. Connection pool size: 1
2026-10-05 10:41:05 | WARNING | urllib3.connectionpool | Connection pool is full, discarding connection: localhost. Connection pool size: 1
2026-10-05 10:41:05 | WARNING | urllib3.connectionpool | Connection pool is full, discarding connection: localhost. Connection pool size: 1
2026-10-05 10:41:05 | WARNING | urllib3.connectionpool | Connection pool is full, discarding connection: localhost. Connection pool size: 1
2026-10-05 10:41:05 | WARNING | urllib3.connectionpool | Connection pool is full, discarding connection: localhost. Connection pool size: 0
2026-10-05 10:41:06 | WARNING | urllib3.connectionpool | Connection pool is full, discarding connection: localhost. Connection pool size: 1
2026-10-05 10:41:06 | WARNING | urllib3.connectionpool | Connection pool is full, discarding connection: localhost. Connection pool size: 0
2026-10-05 10:41:06 | WARNING | urllib3.connectionpool | Connection pool is full, discarding connection: localhost. Connection pool size: 1
2026-10-05 10:41:06 | WARNING | urllib3.connectionpool | Connection pool is full, discarding connection: localhost. Connection pool size: 1
2026-10-05 10:41:07 | WARNING | urllib3.connectionpool | Connection pool is full, discarding connection: localhost. Connection pool size: 1
2026-10-05 10:41:07 | WARNING | urllib3.connectionpool | Connection pool is full, discarding connection: localhost. Connection pool size: 0
2026-10-05 10:41:07 | WARNING | urllib3.connectionpool | Connection pool is full, discarding connection: localhost. Connection pool size: 1
2026-10-05 10:41:07 | WARNING | urllib3.connectionpool | Connection pool is full, discarding connection: localhost. Connection pool size: 1
2026-10-05 10:41:09 | WARNING | urllib3.connectionpool | Connection pool is full, discarding connection: localhost. Connection pool size: 1
2026-10-05 10:41:09 | WARNING | urllib3.connectionpool | Connection pool is full, discarding connection: localhost. Connection pool size: 1
2026-10-05 10:41:09 | WARNING | urllib3.connectionpool | Connection pool is full, discarding connection: localhost. Connection pool size: 1
2026-10-05 10:41:09 | WARNING | urllib3.connectionpool | Connection pool is full, discarding connection: localhost. Connection pool size: 1
2026-10-05 10:41:09 | WARNING | urllib3.connectionpool | Connection pool is full, discarding connection: localhost. Connection pool size: 1
2026-10-05 10:41:09 | WARNING | urllib3.connectionpool | Connection pool is full, discarding connection: localhost. Connection pool size: 0
2026-10-05 10:41:10 | WARNING | urllib3.connectionpool | Connection pool is full, discarding connection: localhost. Connection pool size: 1
2026-10-05 10:41:10 | WARNING | urllib3.connectionpool | Connection pool is full, discarding connection: localhost. Connection pool size: 0
2026-10-05 10:41:10 | WARNING | urllib3.connectionpool | Connection pool is full, discarding connection: localhost. Connection pool size: 1
2026-10-05 10:41:10 | WARNING | urllib3.connectionpool | Connection pool is full, discarding connection: localhost. Connection pool size: 0
2026-10-05 10:41:10 | WARNING | urllib3.connectionpool | Connection pool is full, discarding connection: localhost. Connection pool size: 1
2026-10-05 10:41:10 | WARNING | urllib3.connectionpool | Connection pool is full, discarding connection: localhost. Connection pool size: 1
2026-10-05 10:41:11 | WARNING | urllib3.connectionpool | Connection pool is full, discarding connection: localhost. Connection pool size: 0
2026-10-05 10:41:11 | WARNING | urllib3.connectionpool | Connection pool is full, discarding connection: localhost. Connection pool size: 1
2026-10-05 10:41:11 | WARNING | urllib3.connectionpool | Connection pool is full, discarding connection: localhost. Connection pool size: 0
2026-10-05 10:41:11 | WARNING | urllib3.connectionpool | Connection pool is full, discarding connection: localhost. Connection pool size: 1
2026-10-05 10:41:11 | WARNING | urllib3.connectionpool | Connection pool is full, discarding connection: localhost. Connection pool size: 0
2026-10-05 10:41:11 | WARNING | urllib3.connectionpool | Connection pool is full, discarding connection: localhost. Connection pool size: 0
2026-10-05 10:41:12 | WARNING | urllib3.connectionpool | Connection pool is full, discarding connection: localhost. Connection pool size: 1
2026-10-05 10:41:12 | WARNING | urllib3.connectionpool | Connection pool is full, discarding connection: localhost. Connection pool size: 1
2026-10-05 10:41:12 | WARNING | urllib3.connectionpool | Connection pool is full, discarding connection: localhost. Connection pool size: 0
2026-10-05 10:41:12 | WARNING | urllib3.connectionpool | Connection pool is full, discarding connection: localhost. Connection pool size: 1
2026-10-05 10:41:27 | WARNING | app.database.session | MySQL connection check failed: (pymysql.err.OperationalError) (2013, 'Lost connection to MySQL server during query')
(Background on this error at: https://sqlalche.me/e/20/e3q8)
2026-10-05 10:41:29 | WARNING | urllib3.connectionpool | Connection pool is full, discarding connection: localhost. Connection pool size: 1
2026-10-05 10:41:29 | WARNING | urllib3.connectionpool | Connection pool is full, discarding connection: localhost. Connection pool size: 0
2026-10-05 10:41:30 | WARNING | urllib3.connectionpool | Connection pool is full, discarding connection: localhost. Connection pool size: 0
2026-10-05 10:41:30 | WARNING | urllib3.connectionpool | Connection pool is full, discarding connection: localhost. Connection pool size: 1
2026-10-05 10:41:31 | WARNING | urllib3.connectionpool | Connection pool is full, discarding connection: localhost. Connection pool size: 0
2026-10-05 10:41:31 | WARNING | urllib3.connectionpool | Connection pool is full, discarding connection: localhost. Connection pool size: 1
2026-10-05 10:41:31 | WARNING | urllib3.connectionpool | Connection pool is full, discarding connection: localhost. Connection pool size: 1
2026-10-05 10:41:31 | WARNING | urllib3.connectionpool | Connection pool is full, discarding connection: localhost. Connection pool size: 0
2026-10-05 10:41:31 | WARNING | urllib3.connectionpool | Connection pool is full, discarding connection: localhost. Connection pool size: 0
2026-10-05 10:41:31 | WARNING | urllib3.connectionpool | Connection pool is full, discarding connection: localhost. Connection pool size: 1
2026-10-05 10:41:31 | WARNING | urllib3.connectionpool | Connection pool is full, discarding connection: localhost. Connection pool size: 1
2026-10-05 10:41:31 | WARNING | urllib3.connectionpool | Connection pool is full, discarding connection: localhost. Connection pool size: 1
2026-10-05 10:41:31 | WARNING | urllib3.connectionpool | Connection pool is full, discarding connection: localhost. Connection pool size: 0
2026-10-05 10:41:32 | WARNING | urllib3.connectionpool | Connection pool is full, discarding connection: localhost. Connection pool size: 0
2026-10-05 10:41:32 | WARNING | urllib3.connectionpool | Connection pool is full, discarding connection: localhost. Connection pool size: 1
2026-10-05 10:41:32 | WARNING | urllib3.connectionpool | Connection pool is full, discarding connection: localhost. Connection pool size: 1
2026-10-05 10:41:32 | WARNING | urllib3.connectionpool | Connection pool is full, discarding connection: localhost. Connection pool size: 1
2026-10-05 10:41:32 | WARNING | urllib3.connectionpool | Connection pool is full, discarding connection: localhost. Connection pool size: 1
2026-10-05 10:41:33 | WARNING | urllib3.connectionpool | Connection pool is full, discarding connection: localhost. Connection pool size: 1
2026-10-05 10:41:33 | WARNING | urllib3.connectionpool | Connection pool is full, discarding connection: localhost. Connection pool size: 1
2026-10-05 10:41:33 | WARNING | urllib3.connectionpool | Connection pool is full, discarding connection: localhost. Connection pool size: 1
2026-10-05 10:41:34 | WARNING | urllib3.connectionpool | Connection pool is full, discarding connection: localhost. Connection pool size: 0
2026-10-05 10:41:34 | WARNING | urllib3.connectionpool | Connection pool is full, discarding connection: localhost. Connection pool size: 1
2026-10-05 10:41:34 | WARNING | urllib3.connectionpool | Connection pool is full, discarding connection: localhost. Connection pool size: 1
2026-10-05 10:41:34 | WARNING | urllib3.connectionpool | Connection pool is full, discarding connection: localhost. Connection pool size: 1
2026-10-05 10:41:35 | WARNING | urllib3.connectionpool | Connection pool is full, discarding connection: localhost. Connection pool size: 1
2026-10-05 10:41:35 | WARNING | urllib3.connectionpool | Connection pool is full, discarding connection: localhost. Connection pool size: 1
2026-10-05 10:41:35 | WARNING | urllib3.connectionpool | Connection pool is full, discarding connection: localhost. Connection pool size: 1
2026-10-05 10:41:35 | WARNING | urllib3.connectionpool | Connection pool is full, discarding connection: localhost. Connection pool size: 1
2026-10-05 10:41:36 | WARNING | urllib3.connectionpool | Connection pool is full, discarding connection: localhost. Connection pool size: 1
2026-10-05 10:41:36 | WARNING | urllib3.connectionpool | Connection pool is full, discarding connection: localhost. Connection pool size: 0
2026-10-05 10:41:36 | WARNING | urllib3.connectionpool | Connection pool is full, discarding connection: localhost. Connection pool size: 1
2026-10-05 10:41:37 | WARNING | urllib3.connectionpool | Connection pool is full, discarding connection: localhost. Connection pool size: 0
2026-10-05 10:41:37 | WARNING | urllib3.connectionpool | Connection pool is full, discarding connection: localhost. Connection pool size: 1
2026-10-05 10:41:37 | WARNING | urllib3.connectionpool | Connection pool is full, discarding connection: localhost. Connection pool size: 1
2026-10-05 10:41:37 | WARNING | urllib3.connectionpool | Connection pool is full, discarding connection: localhost. Connection pool size: 1
2026-10-05 10:41:38 | WARNING | urllib3.connectionpool | Connection pool is full, discarding connection: localhost. Connection pool size: 1
2026-10-05 10:41:38 | WARNING | urllib3.connectionpool | Connection pool is full, discarding connection: localhost. Connection pool size: 1
2026-10-05 10:41:38 | WARNING | urllib3.connectionpool | Connection pool is full, discarding connection: localhost. Connection pool size: 1
2026-10-05 10:41:38 | WARNING | urllib3.connectionpool | Connection pool is full, discarding connection: localhost. Connection pool size: 1
2026-10-05 10:41:38 | WARNING | urllib3.connectionpool | Connection pool is full, discarding connection: localhost. Connection pool size: 1
2026-10-05 10:41:39 | WARNING | urllib3.connectionpool | Connection pool is full, discarding connection: localhost. Connection pool size: 1
2026-10-05 10:41:39 | WARNING | urllib3.connectionpool | Connection pool is full, discarding connection: localhost. Connection pool size: 1
2026-10-05 10:41:39 | WARNING | urllib3.connectionpool | Connection pool is full, discarding connection: localhost. Connection pool size: 1
2026-10-05 10:41:39 | WARNING | urllib3.connectionpool | Connection pool is full, discarding connection: localhost. Connection pool size: 1
2026-10-05 10:41:40 | WARNING | urllib3.connectionpool | Connection pool is full, discarding connection: localhost. Connection pool size: 1
2026-10-05 10:41:40 | WARNING | urllib3.connectionpool | Connection pool is full, discarding connection: localhost. Connection pool size: 1
2026-10-05 10:41:40 | WARNING | urllib3.connectionpool | Connection pool is full, discarding connection: localhost. Connection pool size: 1
2026-10-05 10:41:40 | WARNING | urllib3.connectionpool | Connection pool is full, discarding connection: localhost. Connection pool size: 1
2026-10-05 10:41:41 | WARNING | urllib3.connectionpool | Connection pool is full, discarding connection: localhost. Connection pool size: 1
2026-10-05 10:41:41 | WARNING | urllib3.connectionpool | Connection pool is full, discarding connection: localhost. Connection pool size: 1
2026-10-05 10:41:41 | WARNING | urllib3.connectionpool | Connection pool is full, discarding connection: localhost. Connection pool size: 0
2026-10-05 10:41:41 | WARNING | urllib3.connectionpool | Connection pool is full, discarding connection: localhost. Connection pool size: 0
2026-10-05 10:41:42 | WARNING | urllib3.connectionpool | Connection pool is full, discarding connection: localhost. Connection pool size: 1
2026-10-05 10:41:42 | WARNING | urllib3.connectionpool | Connection pool is full, discarding connection: localhost. Connection pool size: 0
2026-10-05 10:41:42 | WARNING | urllib3.connectionpool | Connection pool is full, discarding connection: localhost. Connection pool size: 1
2026-10-05 10:41:42 | WARNING | urllib3.connectionpool | Connection pool is full, discarding connection: localhost. Connection pool size: 1
2026-10-05 10:41:42 | WARNING | urllib3.connectionpool | Connection pool is full, discarding connection: localhost. Connection pool size: 1
2026-10-05 10:41:43 | WARNING | urllib3.connectionpool | Connection pool is full, discarding connection: localhost. Connection pool size: 1
2026-10-05 10:41:43 | WARNING | urllib3.connectionpool | Connection pool is full, discarding connection: localhost. Connection pool size: 0
2026-10-05 10:41:43 | WARNING | urllib3.connectionpool | Connection pool is full, discarding connection: localhost. Connection pool size: 0
2026-10-05 10:41:43 | WARNING | urllib3.connectionpool | Connection pool is full, discarding connection: localhost. Connection pool size: 0
2026-10-05 10:41:43 | WARNING | urllib3.connectionpool | Connection pool is full, discarding connection: localhost. Connection pool size: 1
2026-10-05 10:41:44 | WARNING | urllib3.connectionpool | Connection pool is full, discarding connection: localhost. Connection pool size: 1
2026-10-05 10:41:44 | WARNING | urllib3.connectionpool | Connection pool is full, discarding connection: localhost. Connection pool size: 1
2026-10-05 10:41:44 | WARNING | urllib3.connectionpool | Connection pool is full, discarding connection: localhost. Connection pool size: 1
2026-10-05 10:41:44 | WARNING | urllib3.connectionpool | Connection pool is full, discarding connection: localhost. Connection pool size: 0
2026-10-05 10:41:44 | WARNING | urllib3.connectionpool | Connection pool is full, discarding connection: localhost. Connection pool size: 0
2026-10-05 10:41:45 | WARNING | urllib3.connectionpool | Connection pool is full, discarding connection: localhost. Connection pool size: 1
2026-10-05 10:41:45 | WARNING | urllib3.connectionpool | Connection pool is full, discarding connection: localhost. Connection pool size: 0
2026-10-05 10:41:45 | WARNING | urllib3.connectionpool | Connection pool is full, discarding connection: localhost. Connection pool size: 1
2026-10-05 10:41:45 | WARNING | urllib3.connectionpool | Connection pool is full, discarding connection: localhost. Connection pool size: 0
2026-10-05 10:42:39 | INFO | app.lakehouse.gold | Gold write complete: 146558 rows, 7068 partitions
2026-10-05 10:42:39 | INFO | app.pipelines.orchestrator | Gold build for A: 146558 rows
2026-10-05 10:42:46 | INFO | app.pipelines.orchestrator | Silver transform for AAL: {'engine': 'pandas', 'record_count': 2513, 'source_count': 2513, 'duplicate_count': 0, 'missing_count': 0, 'invalid_ohlc_count': 0, 'invalid_volume_count': 0, 'error_count': 0, 'min_timestamp': '2016-10-05T13:30:00+00:00', 'max_timestamp': '2026-10-02T20:00:01+00:00', 'quality_status': 'passed'}
2026-10-05 10:42:49 | INFO | app.lakehouse.gold | Gold write complete: 2513 rows, 121 partitions
2026-10-05 10:42:49 | INFO | app.pipelines.orchestrator | Gold build for AAL: 2513 rows
2026-10-05 10:42:57 | INFO | app.pipelines.orchestrator | Silver transform for AAPL: {'engine': 'pandas', 'record_count': 2513, 'source_count': 2513, 'duplicate_count': 0, 'missing_count': 0, 'invalid_ohlc_count': 0, 'invalid_volume_count': 0, 'error_count': 0, 'min_timestamp': '2016-10-05T13:30:00+00:00', 'max_timestamp': '2026-10-02T20:00:01+00:00', 'quality_status': 'passed'}
2026-10-05 10:43:00 | INFO | app.lakehouse.gold | Gold write complete: 2513 rows, 121 partitions
2026-10-05 10:43:00 | INFO | app.pipelines.orchestrator | Gold build for AAPL: 2513 rows
2026-10-05 10:43:07 | INFO | app.pipelines.orchestrator | Silver transform for ABBV: {'engine': 'pandas', 'record_count': 2513, 'source_count': 2513, 'duplicate_count': 0, 'missing_count': 0, 'invalid_ohlc_count': 0, 'invalid_volume_count': 0, 'error_count': 0, 'min_timestamp': '2016-10-05T13:30:00+00:00', 'max_timestamp': '2026-10-02T20:02:33+00:00', 'quality_status': 'passed'}
2026-10-05 10:43:10 | INFO | app.lakehouse.gold | Gold write complete: 2513 rows, 121 partitions
2026-10-05 10:43:10 | INFO | app.pipelines.orchestrator | Gold build for ABBV: 2513 rows
2026-10-05 10:43:15 | INFO | app.pipelines.orchestrator | Silver transform for ABNB: {'engine': 'pandas', 'record_count': 1460, 'source_count': 1460, 'duplicate_count': 0, 'missing_count': 0, 'invalid_ohlc_count': 0, 'invalid_volume_count': 0, 'error_count': 0, 'min_timestamp': '2020-12-10T14:30:00+00:00', 'max_timestamp': '2026-10-02T20:00:01+00:00', 'quality_status': 'passed'}
2026-10-05 10:43:16 | INFO | app.lakehouse.gold | Gold write complete: 1460 rows, 71 partitions
2026-10-05 10:43:16 | INFO | app.pipelines.orchestrator | Gold build for ABNB: 1460 rows
2026-10-05 10:43:24 | INFO | app.pipelines.orchestrator | Silver transform for ABT: {'engine': 'pandas', 'record_count': 2513, 'source_count': 2513, 'duplicate_count': 0, 'missing_count': 0, 'invalid_ohlc_count': 0, 'invalid_volume_count': 0, 'error_count': 0, 'min_timestamp': '2016-10-05T13:30:00+00:00', 'max_timestamp': '2026-10-02T20:02:51+00:00', 'quality_status': 'passed'}
2026-10-05 10:43:27 | INFO | app.lakehouse.gold | Gold write complete: 2513 rows, 121 partitions
2026-10-05 10:43:27 | INFO | app.pipelines.orchestrator | Gold build for ABT: 2513 rows
2026-10-05 10:43:34 | INFO | app.pipelines.orchestrator | Silver transform for ACAD: {'engine': 'pandas', 'record_count': 2513, 'source_count': 2513, 'duplicate_count': 0, 'missing_count': 0, 'invalid_ohlc_count': 0, 'invalid_volume_count': 0, 'error_count': 0, 'min_timestamp': '2016-10-05T13:30:00+00:00', 'max_timestamp': '2026-10-02T20:00:01+00:00', 'quality_status': 'passed'}
2026-10-05 10:43:37 | INFO | app.lakehouse.gold | Gold write complete: 2513 rows, 121 partitions
2026-10-05 10:43:37 | INFO | app.pipelines.orchestrator | Gold build for ACAD: 2513 rows
2026-10-05 10:43:45 | INFO | app.pipelines.orchestrator | Silver transform for ACHC: {'engine': 'pandas', 'record_count': 2513, 'source_count': 2513, 'duplicate_count': 0, 'missing_count': 0, 'invalid_ohlc_count': 0, 'invalid_volume_count': 0, 'error_count': 0, 'min_timestamp': '2016-10-05T13:30:00+00:00', 'max_timestamp': '2026-10-02T20:00:01+00:00', 'quality_status': 'passed'}
2026-10-05 10:43:48 | INFO | app.lakehouse.gold | Gold write complete: 2513 rows, 121 partitions
2026-10-05 10:43:48 | INFO | app.pipelines.orchestrator | Gold build for ACHC: 2513 rows
2026-10-05 10:43:53 | INFO | app.pipelines.orchestrator | Silver transform for ACI: {'engine': 'pandas', 'record_count': 1576, 'source_count': 1576, 'duplicate_count': 0, 'missing_count': 0, 'invalid_ohlc_count': 0, 'invalid_volume_count': 0, 'error_count': 0, 'min_timestamp': '2020-06-26T13:30:00+00:00', 'max_timestamp': '2026-10-02T20:00:02+00:00', 'quality_status': 'passed'}
2026-10-05 10:43:55 | INFO | app.lakehouse.gold | Gold write complete: 1576 rows, 77 partitions
2026-10-05 10:43:55 | INFO | app.pipelines.orchestrator | Gold build for ACI: 1576 rows
2026-10-05 10:44:02 | INFO | app.pipelines.orchestrator | Silver transform for ACLS: {'engine': 'pandas', 'record_count': 2513, 'source_count': 2513, 'duplicate_count': 0, 'missing_count': 0, 'invalid_ohlc_count': 0, 'invalid_volume_count': 0, 'error_count': 0, 'min_timestamp': '2016-10-05T13:30:00+00:00', 'max_timestamp': '2026-10-02T20:00:01+00:00', 'quality_status': 'passed'}
2026-10-05 10:44:06 | INFO | app.lakehouse.gold | Gold write complete: 2513 rows, 121 partitions
2026-10-05 10:44:06 | INFO | app.pipelines.orchestrator | Gold build for ACLS: 2513 rows
2026-10-05 10:44:14 | INFO | app.pipelines.orchestrator | Silver transform for ADBE: {'engine': 'pandas', 'record_count': 2513, 'source_count': 2513, 'duplicate_count': 0, 'missing_count': 0, 'invalid_ohlc_count': 0, 'invalid_volume_count': 0, 'error_count': 0, 'min_timestamp': '2016-10-05T13:30:00+00:00', 'max_timestamp': '2026-10-02T20:00:01+00:00', 'quality_status': 'passed'}
2026-10-05 10:44:18 | INFO | app.lakehouse.gold | Gold write complete: 2513 rows, 121 partitions
2026-10-05 10:44:18 | INFO | app.pipelines.orchestrator | Gold build for ADBE: 2513 rows
2026-10-05 10:44:25 | INFO | app.pipelines.orchestrator | Silver transform for ADI: {'engine': 'pandas', 'record_count': 2513, 'source_count': 2513, 'duplicate_count': 0, 'missing_count': 0, 'invalid_ohlc_count': 0, 'invalid_volume_count': 0, 'error_count': 0, 'min_timestamp': '2016-10-05T13:30:00+00:00', 'max_timestamp': '2026-10-02T20:00:01+00:00', 'quality_status': 'passed'}
2026-10-05 10:44:28 | INFO | app.lakehouse.gold | Gold write complete: 2513 rows, 121 partitions
2026-10-05 10:44:29 | INFO | app.pipelines.orchestrator | Gold build for ADI: 2513 rows
2026-10-05 10:44:36 | INFO | app.pipelines.orchestrator | Silver transform for ADM: {'engine': 'pandas', 'record_count': 2513, 'source_count': 2513, 'duplicate_count': 0, 'missing_count': 0, 'invalid_ohlc_count': 0, 'invalid_volume_count': 0, 'error_count': 0, 'min_timestamp': '2016-10-05T13:30:00+00:00', 'max_timestamp': '2026-10-02T20:00:02+00:00', 'quality_status': 'passed'}
2026-10-05 10:44:40 | INFO | app.lakehouse.gold | Gold write complete: 2513 rows, 121 partitions
2026-10-05 10:44:40 | INFO | app.pipelines.orchestrator | Gold build for ADM: 2513 rows
2026-10-05 10:44:48 | INFO | app.pipelines.orchestrator | Silver transform for ADP: {'engine': 'pandas', 'record_count': 2513, 'source_count': 2513, 'duplicate_count': 0, 'missing_count': 0, 'invalid_ohlc_count': 0, 'invalid_volume_count': 0, 'error_count': 0, 'min_timestamp': '2016-10-05T13:30:00+00:00', 'max_timestamp': '2026-10-02T20:00:01+00:00', 'quality_status': 'passed'}
2026-10-05 10:44:51 | INFO | app.lakehouse.gold | Gold write complete: 2513 rows, 121 partitions
2026-10-05 10:44:51 | INFO | app.pipelines.orchestrator | Gold build for ADP: 2513 rows
2026-10-05 10:44:59 | INFO | app.pipelines.orchestrator | Silver transform for AEE: {'engine': 'pandas', 'record_count': 2513, 'source_count': 2513, 'duplicate_count': 0, 'missing_count': 0, 'invalid_ohlc_count': 0, 'invalid_volume_count': 0, 'error_count': 0, 'min_timestamp': '2016-10-05T13:30:00+00:00', 'max_timestamp': '2026-10-02T20:00:03+00:00', 'quality_status': 'passed'}
2026-10-05 10:45:02 | INFO | app.lakehouse.gold | Gold write complete: 2513 rows, 121 partitions
2026-10-05 10:45:02 | INFO | app.pipelines.orchestrator | Gold build for AEE: 2513 rows
2026-10-05 10:45:09 | INFO | app.pipelines.orchestrator | Silver transform for AEHR: {'engine': 'pandas', 'record_count': 2513, 'source_count': 2513, 'duplicate_count': 0, 'missing_count': 0, 'invalid_ohlc_count': 0, 'invalid_volume_count': 0, 'error_count': 0, 'min_timestamp': '2016-10-05T13:30:00+00:00', 'max_timestamp': '2026-10-02T20:00:00+00:00', 'quality_status': 'passed'}
2026-10-05 10:45:12 | INFO | app.lakehouse.gold | Gold write complete: 2513 rows, 121 partitions
2026-10-05 10:45:12 | INFO | app.pipelines.orchestrator | Gold build for AEHR: 2513 rows
2026-10-05 10:45:16 | WARNING | app.database.session | MySQL connection check failed: (pymysql.err.OperationalError) (2013, 'Lost connection to MySQL server during query')
(Background on this error at: https://sqlalche.me/e/20/e3q8)
2026-10-05 10:45:18 | WARNING | urllib3.connectionpool | Connection pool is full, discarding connection: localhost. Connection pool size: 1
2026-10-05 10:45:18 | WARNING | urllib3.connectionpool | Connection pool is full, discarding connection: localhost. Connection pool size: 1
2026-10-05 10:45:18 | WARNING | urllib3.connectionpool | Connection pool is full, discarding connection: localhost. Connection pool size: 1
2026-10-05 10:45:19 | WARNING | urllib3.connectionpool | Connection pool is full, discarding connection: localhost. Connection pool size: 1
2026-10-05 10:45:19 | WARNING | urllib3.connectionpool | Connection pool is full, discarding connection: localhost. Connection pool size: 0
2026-10-05 10:45:19 | WARNING | urllib3.connectionpool | Connection pool is full, discarding connection: localhost. Connection pool size: 0
2026-10-05 10:45:20 | WARNING | urllib3.connectionpool | Connection pool is full, discarding connection: localhost. Connection pool size: 1
2026-10-05 10:45:20 | WARNING | urllib3.connectionpool | Connection pool is full, discarding connection: localhost. Connection pool size: 0
2026-10-05 10:45:20 | WARNING | urllib3.connectionpool | Connection pool is full, discarding connection: localhost. Connection pool size: 1
2026-10-05 10:45:20 | WARNING | urllib3.connectionpool | Connection pool is full, discarding connection: localhost. Connection pool size: 0
2026-10-05 10:45:20 | WARNING | urllib3.connectionpool | Connection pool is full, discarding connection: localhost. Connection pool size: 1
2026-10-05 10:45:20 | WARNING | urllib3.connectionpool | Connection pool is full, discarding connection: localhost. Connection pool size: 1
2026-10-05 10:45:20 | WARNING | urllib3.connectionpool | Connection pool is full, discarding connection: localhost. Connection pool size: 1
2026-10-05 10:45:20 | WARNING | urllib3.connectionpool | Connection pool is full, discarding connection: localhost. Connection pool size: 0
2026-10-05 10:45:21 | WARNING | urllib3.connectionpool | Connection pool is full, discarding connection: localhost. Connection pool size: 1
2026-10-05 10:45:21 | WARNING | urllib3.connectionpool | Connection pool is full, discarding connection: localhost. Connection pool size: 1
2026-10-05 10:45:21 | WARNING | urllib3.connectionpool | Connection pool is full, discarding connection: localhost. Connection pool size: 0
2026-10-05 10:45:21 | WARNING | urllib3.connectionpool | Connection pool is full, discarding connection: localhost. Connection pool size: 1
2026-10-05 10:45:21 | WARNING | urllib3.connectionpool | Connection pool is full, discarding connection: localhost. Connection pool size: 1
2026-10-05 10:45:22 | WARNING | urllib3.connectionpool | Connection pool is full, discarding connection: localhost. Connection pool size: 0
2026-10-05 10:45:22 | WARNING | urllib3.connectionpool | Connection pool is full, discarding connection: localhost. Connection pool size: 0
2026-10-05 10:45:22 | WARNING | urllib3.connectionpool | Connection pool is full, discarding connection: localhost. Connection pool size: 0
2026-10-05 10:45:22 | WARNING | urllib3.connectionpool | Connection pool is full, discarding connection: localhost. Connection pool size: 0
2026-10-05 10:45:23 | WARNING | urllib3.connectionpool | Connection pool is full, discarding connection: localhost. Connection pool size: 0
2026-10-05 10:45:23 | WARNING | urllib3.connectionpool | Connection pool is full, discarding connection: localhost. Connection pool size: 1
2026-10-05 10:45:23 | WARNING | urllib3.connectionpool | Connection pool is full, discarding connection: localhost. Connection pool size: 0
2026-10-05 10:45:23 | WARNING | urllib3.connectionpool | Connection pool is full, discarding connection: localhost. Connection pool size: 1
2026-10-05 10:45:24 | WARNING | urllib3.connectionpool | Connection pool is full, discarding connection: localhost. Connection pool size: 0
2026-10-05 10:45:24 | WARNING | urllib3.connectionpool | Connection pool is full, discarding connection: localhost. Connection pool size: 0
2026-10-05 10:45:24 | WARNING | urllib3.connectionpool | Connection pool is full, discarding connection: localhost. Connection pool size: 1
2026-10-05 10:45:24 | WARNING | urllib3.connectionpool | Connection pool is full, discarding connection: localhost. Connection pool size: 1
2026-10-05 10:45:25 | WARNING | urllib3.connectionpool | Connection pool is full, discarding connection: localhost. Connection pool size: 1
2026-10-05 10:45:25 | WARNING | urllib3.connectionpool | Connection pool is full, discarding connection: localhost. Connection pool size: 1
2026-10-05 10:45:25 | INFO | app.api.v1.endpoints.pipeline | Starting pipeline for 1 symbols
2026-10-05 10:45:25 | INFO | app.lakehouse.pipeline | Starting pipeline run 6eb32f21
2026-10-05 10:45:25 | WARNING | urllib3.connectionpool | Connection pool is full, discarding connection: localhost. Connection pool size: 0
2026-10-05 10:45:25 | INFO | app.lakehouse.pipeline | Storage backend: minio
2026-10-05 10:45:25 | INFO | app.lakehouse.pipeline | Symbols: ['ABNB']
2026-10-05 10:45:25 | WARNING | urllib3.connectionpool | Connection pool is full, discarding connection: localhost. Connection pool size: 1
2026-10-05 10:45:25 | INFO | app.data_sources.factory | Using MultiSourceProvider (failover chain of real APIs).
2026-10-05 10:45:25 | INFO | app.data_sources.factory | Using YahooHttpProvider (direct v8 chart API, browser UA).
2026-10-05 10:45:25 | WARNING | urllib3.connectionpool | Connection pool is full, discarding connection: localhost. Connection pool size: 1
2026-10-05 10:45:25 | WARNING | urllib3.connectionpool | Connection pool is full, discarding connection: localhost. Connection pool size: 0
2026-10-05 10:45:25 | INFO | app.data_sources.factory | Using YFinancePythonProvider (official yfinance package).
2026-10-05 10:45:25 | INFO | app.pipelines.orchestrator | Silver transform for AEM: {'engine': 'pandas', 'record_count': 2513, 'source_count': 2513, 'duplicate_count': 0, 'missing_count': 0, 'invalid_ohlc_count': 0, 'invalid_volume_count': 0, 'error_count': 0, 'min_timestamp': '2016-10-05T13:30:00+00:00', 'max_timestamp': '2026-10-02T20:00:03+00:00', 'quality_status': 'passed'}
2026-10-05 10:45:25 | WARNING | urllib3.connectionpool | Connection pool is full, discarding connection: localhost. Connection pool size: 1
2026-10-05 10:45:25 | INFO | app.data_sources.factory | Using FinnhubProvider (Free tier).
2026-10-05 10:45:25 | INFO | app.data_sources.factory | Using AlphaVantageProvider.
2026-10-05 10:45:25 | WARNING | urllib3.connectionpool | Connection pool is full, discarding connection: localhost. Connection pool size: 1
2026-10-05 10:45:25 | INFO | app.data_sources.factory | Using StockScraperProvider (HTTP scrape, no key).
2026-10-05 10:45:25 | WARNING | urllib3.connectionpool | Connection pool is full, discarding connection: localhost. Connection pool size: 0
2026-10-05 10:45:26 | WARNING | urllib3.connectionpool | Connection pool is full, discarding connection: localhost. Connection pool size: 1
2026-10-05 10:45:26 | WARNING | urllib3.connectionpool | Connection pool is full, discarding connection: localhost. Connection pool size: 1
2026-10-05 10:45:26 | WARNING | urllib3.connectionpool | Connection pool is full, discarding connection: localhost. Connection pool size: 1
2026-10-05 10:45:26 | WARNING | urllib3.connectionpool | Connection pool is full, discarding connection: localhost. Connection pool size: 0
2026-10-05 10:45:26 | WARNING | urllib3.connectionpool | Connection pool is full, discarding connection: localhost. Connection pool size: 0
2026-10-05 10:45:26 | WARNING | urllib3.connectionpool | Connection pool is full, discarding connection: localhost. Connection pool size: 1
2026-10-05 10:45:26 | WARNING | urllib3.connectionpool | Connection pool is full, discarding connection: localhost. Connection pool size: 1
2026-10-05 10:45:26 | WARNING | urllib3.connectionpool | Connection pool is full, discarding connection: localhost. Connection pool size: 0
2026-10-05 10:45:26 | INFO | app.data_sources.yahoo_http_provider | [yahoo_http] returned 1459 rows for ABNB (2020-12-10 -> 2026-10-02)
2026-10-05 10:45:27 | INFO | app.data_sources.multi_source | [yahoo_http] returned 1459 rows for ABNB (1d)
2026-10-05 10:45:27 | WARNING | urllib3.connectionpool | Connection pool is full, discarding connection: localhost. Connection pool size: 1
2026-10-05 10:45:27 | WARNING | urllib3.connectionpool | Connection pool is full, discarding connection: localhost. Connection pool size: 1
2026-10-05 10:45:27 | WARNING | urllib3.connectionpool | Connection pool is full, discarding connection: localhost. Connection pool size: 1
2026-10-05 10:45:27 | WARNING | urllib3.connectionpool | Connection pool is full, discarding connection: localhost. Connection pool size: 1
2026-10-05 10:45:27 | WARNING | urllib3.connectionpool | Connection pool is full, discarding connection: localhost. Connection pool size: 0
2026-10-05 10:45:27 | WARNING | urllib3.connectionpool | Connection pool is full, discarding connection: localhost. Connection pool size: 1
2026-10-05 10:45:27 | WARNING | urllib3.connectionpool | Connection pool is full, discarding connection: localhost. Connection pool size: 0
2026-10-05 10:45:28 | WARNING | urllib3.connectionpool | Connection pool is full, discarding connection: localhost. Connection pool size: 1
2026-10-05 10:45:28 | WARNING | urllib3.connectionpool | Connection pool is full, discarding connection: localhost. Connection pool size: 1
2026-10-05 10:45:28 | WARNING | urllib3.connectionpool | Connection pool is full, discarding connection: localhost. Connection pool size: 1
2026-10-05 10:45:28 | WARNING | urllib3.connectionpool | Connection pool is full, discarding connection: localhost. Connection pool size: 0
2026-10-05 10:45:28 | WARNING | urllib3.connectionpool | Connection pool is full, discarding connection: localhost. Connection pool size: 1
2026-10-05 10:45:28 | WARNING | urllib3.connectionpool | Connection pool is full, discarding connection: localhost. Connection pool size: 0
2026-10-05 10:45:28 | WARNING | urllib3.connectionpool | Connection pool is full, discarding connection: localhost. Connection pool size: 1
2026-10-05 10:45:28 | WARNING | urllib3.connectionpool | Connection pool is full, discarding connection: localhost. Connection pool size: 1
2026-10-05 10:45:28 | WARNING | urllib3.connectionpool | Connection pool is full, discarding connection: localhost. Connection pool size: 0
2026-10-05 10:45:28 | WARNING | urllib3.connectionpool | Connection pool is full, discarding connection: localhost. Connection pool size: 0
2026-10-05 10:45:28 | WARNING | urllib3.connectionpool | Connection pool is full, discarding connection: localhost. Connection pool size: 1
2026-10-05 10:45:29 | WARNING | urllib3.connectionpool | Connection pool is full, discarding connection: localhost. Connection pool size: 1
2026-10-05 10:45:29 | WARNING | urllib3.connectionpool | Connection pool is full, discarding connection: localhost. Connection pool size: 1
2026-10-05 10:45:29 | WARNING | urllib3.connectionpool | Connection pool is full, discarding connection: localhost. Connection pool size: 1
2026-10-05 10:45:29 | WARNING | urllib3.connectionpool | Connection pool is full, discarding connection: localhost. Connection pool size: 1
2026-10-05 10:45:29 | WARNING | urllib3.connectionpool | Connection pool is full, discarding connection: localhost. Connection pool size: 0
2026-10-05 10:45:29 | WARNING | urllib3.connectionpool | Connection pool is full, discarding connection: localhost. Connection pool size: 1
2026-10-05 10:45:29 | WARNING | urllib3.connectionpool | Connection pool is full, discarding connection: localhost. Connection pool size: 1
2026-10-05 10:45:29 | WARNING | urllib3.connectionpool | Connection pool is full, discarding connection: localhost. Connection pool size: 0
2026-10-05 10:45:29 | WARNING | urllib3.connectionpool | Connection pool is full, discarding connection: localhost. Connection pool size: 1
2026-10-05 10:45:29 | WARNING | urllib3.connectionpool | Connection pool is full, discarding connection: localhost. Connection pool size: 1
2026-10-05 10:45:29 | WARNING | urllib3.connectionpool | Connection pool is full, discarding connection: localhost. Connection pool size: 1
2026-10-05 10:45:29 | WARNING | urllib3.connectionpool | Connection pool is full, discarding connection: localhost. Connection pool size: 0
2026-10-05 10:45:29 | WARNING | urllib3.connectionpool | Connection pool is full, discarding connection: localhost. Connection pool size: 1
2026-10-05 10:45:29 | WARNING | urllib3.connectionpool | Connection pool is full, discarding connection: localhost. Connection pool size: 1
2026-10-05 10:45:30 | WARNING | urllib3.connectionpool | Connection pool is full, discarding connection: localhost. Connection pool size: 0
2026-10-05 10:45:30 | WARNING | urllib3.connectionpool | Connection pool is full, discarding connection: localhost. Connection pool size: 0
2026-10-05 10:45:30 | WARNING | urllib3.connectionpool | Connection pool is full, discarding connection: localhost. Connection pool size: 0
2026-10-05 10:45:30 | WARNING | urllib3.connectionpool | Connection pool is full, discarding connection: localhost. Connection pool size: 1
2026-10-05 10:45:30 | WARNING | urllib3.connectionpool | Connection pool is full, discarding connection: localhost. Connection pool size: 0
2026-10-05 10:45:30 | WARNING | urllib3.connectionpool | Connection pool is full, discarding connection: localhost. Connection pool size: 1
2026-10-05 10:45:30 | WARNING | urllib3.connectionpool | Connection pool is full, discarding connection: localhost. Connection pool size: 0
2026-10-05 10:45:30 | WARNING | urllib3.connectionpool | Connection pool is full, discarding connection: localhost. Connection pool size: 1
2026-10-05 10:45:30 | WARNING | urllib3.connectionpool | Connection pool is full, discarding connection: localhost. Connection pool size: 1
2026-10-05 10:45:30 | WARNING | urllib3.connectionpool | Connection pool is full, discarding connection: localhost. Connection pool size: 1
2026-10-05 10:45:30 | WARNING | urllib3.connectionpool | Connection pool is full, discarding connection: localhost. Connection pool size: 1
2026-10-05 10:45:30 | WARNING | urllib3.connectionpool | Connection pool is full, discarding connection: localhost. Connection pool size: 1
2026-10-05 10:45:30 | WARNING | urllib3.connectionpool | Connection pool is full, discarding connection: localhost. Connection pool size: 1
2026-10-05 10:45:30 | WARNING | urllib3.connectionpool | Connection pool is full, discarding connection: localhost. Connection pool size: 1
2026-10-05 10:45:30 | WARNING | urllib3.connectionpool | Connection pool is full, discarding connection: localhost. Connection pool size: 1
2026-10-05 10:45:30 | WARNING | urllib3.connectionpool | Connection pool is full, discarding connection: localhost. Connection pool size: 1
2026-10-05 10:45:30 | WARNING | urllib3.connectionpool | Connection pool is full, discarding connection: localhost. Connection pool size: 1
2026-10-05 10:45:30 | WARNING | urllib3.connectionpool | Connection pool is full, discarding connection: localhost. Connection pool size: 0
2026-10-05 10:45:30 | WARNING | urllib3.connectionpool | Connection pool is full, discarding connection: localhost. Connection pool size: 1
2026-10-05 10:45:30 | WARNING | urllib3.connectionpool | Connection pool is full, discarding connection: localhost. Connection pool size: 1
2026-10-05 10:45:30 | WARNING | urllib3.connectionpool | Connection pool is full, discarding connection: localhost. Connection pool size: 1
2026-10-05 10:45:31 | WARNING | urllib3.connectionpool | Connection pool is full, discarding connection: localhost. Connection pool size: 1
2026-10-05 10:45:32 | WARNING | urllib3.connectionpool | Connection pool is full, discarding connection: localhost. Connection pool size: 1
2026-10-05 10:45:32 | WARNING | urllib3.connectionpool | Connection pool is full, discarding connection: localhost. Connection pool size: 1
2026-10-05 10:45:33 | WARNING | urllib3.connectionpool | Connection pool is full, discarding connection: localhost. Connection pool size: 1
2026-10-05 10:45:33 | WARNING | urllib3.connectionpool | Connection pool is full, discarding connection: localhost. Connection pool size: 1
2026-10-05 10:45:33 | WARNING | urllib3.connectionpool | Connection pool is full, discarding connection: localhost. Connection pool size: 1
2026-10-05 10:45:33 | WARNING | urllib3.connectionpool | Connection pool is full, discarding connection: localhost. Connection pool size: 1
2026-10-05 10:45:33 | WARNING | urllib3.connectionpool | Connection pool is full, discarding connection: localhost. Connection pool size: 1
2026-10-05 10:45:33 | WARNING | urllib3.connectionpool | Connection pool is full, discarding connection: localhost. Connection pool size: 1
2026-10-05 10:45:33 | WARNING | urllib3.connectionpool | Connection pool is full, discarding connection: localhost. Connection pool size: 1
2026-10-05 10:45:33 | WARNING | urllib3.connectionpool | Connection pool is full, discarding connection: localhost. Connection pool size: 1
2026-10-05 10:45:33 | WARNING | urllib3.connectionpool | Connection pool is full, discarding connection: localhost. Connection pool size: 1
2026-10-05 10:45:33 | WARNING | urllib3.connectionpool | Connection pool is full, discarding connection: localhost. Connection pool size: 1
2026-10-05 10:45:33 | WARNING | urllib3.connectionpool | Connection pool is full, discarding connection: localhost. Connection pool size: 1
2026-10-05 10:45:34 | WARNING | urllib3.connectionpool | Connection pool is full, discarding connection: localhost. Connection pool size: 1
2026-10-05 10:45:34 | INFO | app.lakehouse.bronze | Bronze append complete: received=1459 duplicates=1459 paths=71
2026-10-05 10:45:34 | INFO | app.lakehouse.pipeline | Bronze: ABNB - 1459 records
2026-10-05 10:45:34 | WARNING | urllib3.connectionpool | Connection pool is full, discarding connection: localhost. Connection pool size: 1
2026-10-05 10:45:34 | WARNING | urllib3.connectionpool | Connection pool is full, discarding connection: localhost. Connection pool size: 1
2026-10-05 10:45:34 | WARNING | urllib3.connectionpool | Connection pool is full, discarding connection: localhost. Connection pool size: 1
2026-10-05 10:45:34 | WARNING | urllib3.connectionpool | Connection pool is full, discarding connection: localhost. Connection pool size: 1
2026-10-05 10:45:34 | WARNING | urllib3.connectionpool | Connection pool is full, discarding connection: localhost. Connection pool size: 0
2026-10-05 10:45:34 | WARNING | urllib3.connectionpool | Connection pool is full, discarding connection: localhost. Connection pool size: 1
2026-10-05 10:45:34 | WARNING | urllib3.connectionpool | Connection pool is full, discarding connection: localhost. Connection pool size: 1
2026-10-05 10:45:34 | WARNING | urllib3.connectionpool | Connection pool is full, discarding connection: localhost. Connection pool size: 1
2026-10-05 10:45:35 | WARNING | urllib3.connectionpool | Connection pool is full, discarding connection: localhost. Connection pool size: 1
2026-10-05 10:45:35 | WARNING | urllib3.connectionpool | Connection pool is full, discarding connection: localhost. Connection pool size: 1
2026-10-05 10:45:35 | INFO | app.lakehouse.gold | Gold write complete: 2513 rows, 121 partitions
2026-10-05 10:45:35 | INFO | app.pipelines.orchestrator | Gold build for AEM: 2513 rows
2026-10-05 10:45:35 | WARNING | urllib3.connectionpool | Connection pool is full, discarding connection: localhost. Connection pool size: 1
2026-10-05 10:45:35 | WARNING | urllib3.connectionpool | Connection pool is full, discarding connection: localhost. Connection pool size: 1
2026-10-05 10:45:35 | WARNING | urllib3.connectionpool | Connection pool is full, discarding connection: localhost. Connection pool size: 1
2026-10-05 10:45:35 | WARNING | urllib3.connectionpool | Connection pool is full, discarding connection: localhost. Connection pool size: 1
2026-10-05 10:45:35 | WARNING | urllib3.connectionpool | Connection pool is full, discarding connection: localhost. Connection pool size: 1
2026-10-05 10:45:35 | WARNING | urllib3.connectionpool | Connection pool is full, discarding connection: localhost. Connection pool size: 1
2026-10-05 10:45:35 | WARNING | urllib3.connectionpool | Connection pool is full, discarding connection: localhost. Connection pool size: 1
2026-10-05 10:45:35 | WARNING | urllib3.connectionpool | Connection pool is full, discarding connection: localhost. Connection pool size: 1
2026-10-05 10:45:35 | WARNING | urllib3.connectionpool | Connection pool is full, discarding connection: localhost. Connection pool size: 1
2026-10-05 10:45:36 | WARNING | urllib3.connectionpool | Connection pool is full, discarding connection: localhost. Connection pool size: 1
2026-10-05 10:45:36 | WARNING | urllib3.connectionpool | Connection pool is full, discarding connection: localhost. Connection pool size: 1
2026-10-05 10:45:37 | WARNING | urllib3.connectionpool | Connection pool is full, discarding connection: localhost. Connection pool size: 1
2026-10-05 10:45:38 | INFO | app.lakehouse.pipeline | Silver: ABNB - 1460 records, errors: 0
2026-10-05 10:45:38 | WARNING | urllib3.connectionpool | Connection pool is full, discarding connection: localhost. Connection pool size: 0
2026-10-05 10:45:38 | WARNING | urllib3.connectionpool | Connection pool is full, discarding connection: localhost. Connection pool size: 1
2026-10-05 10:45:38 | WARNING | urllib3.connectionpool | Connection pool is full, discarding connection: localhost. Connection pool size: 1
2026-10-05 10:45:38 | WARNING | urllib3.connectionpool | Connection pool is full, discarding connection: localhost. Connection pool size: 1
2026-10-05 10:45:38 | WARNING | urllib3.connectionpool | Connection pool is full, discarding connection: localhost. Connection pool size: 1
2026-10-05 10:45:39 | WARNING | urllib3.connectionpool | Connection pool is full, discarding connection: localhost. Connection pool size: 1
2026-10-05 10:45:39 | WARNING | urllib3.connectionpool | Connection pool is full, discarding connection: localhost. Connection pool size: 0
2026-10-05 10:45:39 | WARNING | urllib3.connectionpool | Connection pool is full, discarding connection: localhost. Connection pool size: 1
2026-10-05 10:45:39 | WARNING | urllib3.connectionpool | Connection pool is full, discarding connection: localhost. Connection pool size: 1
2026-10-05 10:45:40 | WARNING | urllib3.connectionpool | Connection pool is full, discarding connection: localhost. Connection pool size: 1
2026-10-05 10:45:41 | WARNING | urllib3.connectionpool | Connection pool is full, discarding connection: localhost. Connection pool size: 1
2026-10-05 10:45:41 | WARNING | urllib3.connectionpool | Connection pool is full, discarding connection: localhost. Connection pool size: 1
2026-10-05 10:45:42 | WARNING | urllib3.connectionpool | Connection pool is full, discarding connection: localhost. Connection pool size: 1
2026-10-05 10:45:42 | INFO | app.lakehouse.gold | Gold write complete: 1460 rows, 71 partitions
2026-10-05 10:45:42 | INFO | app.lakehouse.pipeline | Gold: ABNB - 1460 records
2026-10-05 10:45:42 | INFO | app.lakehouse.pipeline | Pipeline 6eb32f21 completed successfully
2026-10-05 10:45:42 | INFO | app.lakehouse.pipeline |   Bronze: 1459 records
2026-10-05 10:45:42 | INFO | app.lakehouse.pipeline |   Silver: 1460 records
2026-10-05 10:45:42 | INFO | app.lakehouse.pipeline |   Gold: 1460 records
2026-10-05 10:45:42 | WARNING | urllib3.connectionpool | Connection pool is full, discarding connection: localhost. Connection pool size: 1
2026-10-05 10:45:42 | INFO | app.lakehouse.pipeline |   Quality: 80.0%
2026-10-05 10:45:43 | INFO | app.pipelines.orchestrator | Silver transform for AEO: {'engine': 'pandas', 'record_count': 2513, 'source_count': 2513, 'duplicate_count': 0, 'missing_count': 0, 'invalid_ohlc_count': 0, 'invalid_volume_count': 0, 'error_count': 0, 'min_timestamp': '2016-10-05T13:30:00+00:00', 'max_timestamp': '2026-10-02T20:00:03+00:00', 'quality_status': 'passed'}
2026-10-05 10:45:46 | INFO | app.lakehouse.gold | Gold write complete: 2513 rows, 121 partitions
2026-10-05 10:45:46 | INFO | app.pipelines.orchestrator | Gold build for AEO: 2513 rows
2026-10-05 10:45:53 | INFO | app.pipelines.orchestrator | Silver transform for AEP: {'engine': 'pandas', 'record_count': 2513, 'source_count': 2513, 'duplicate_count': 0, 'missing_count': 0, 'invalid_ohlc_count': 0, 'invalid_volume_count': 0, 'error_count': 0, 'min_timestamp': '2016-10-05T13:30:00+00:00', 'max_timestamp': '2026-10-02T20:00:01+00:00', 'quality_status': 'passed'}
2026-10-05 10:45:57 | INFO | app.lakehouse.gold | Gold write complete: 2513 rows, 121 partitions
2026-10-05 10:45:57 | INFO | app.pipelines.orchestrator | Gold build for AEP: 2513 rows
2026-10-05 10:46:04 | INFO | app.pipelines.orchestrator | Silver transform for AES: {'engine': 'pandas', 'record_count': 2513, 'source_count': 2513, 'duplicate_count': 0, 'missing_count': 0, 'invalid_ohlc_count': 0, 'invalid_volume_count': 0, 'error_count': 0, 'min_timestamp': '2016-10-05T13:30:00+00:00', 'max_timestamp': '2026-10-02T20:00:03+00:00', 'quality_status': 'passed'}
2026-10-05 10:46:07 | INFO | app.lakehouse.gold | Gold write complete: 2513 rows, 121 partitions
2026-10-05 10:46:07 | INFO | app.pipelines.orchestrator | Gold build for AES: 2513 rows
2026-10-05 10:46:15 | INFO | app.pipelines.orchestrator | Silver transform for AFL: {'engine': 'pandas', 'record_count': 2513, 'source_count': 2513, 'duplicate_count': 0, 'missing_count': 0, 'invalid_ohlc_count': 0, 'invalid_volume_count': 0, 'error_count': 0, 'min_timestamp': '2016-10-05T13:30:00+00:00', 'max_timestamp': '2026-10-02T20:00:03+00:00', 'quality_status': 'passed'}
2026-10-05 10:46:18 | INFO | app.lakehouse.gold | Gold write complete: 2513 rows, 121 partitions
2026-10-05 10:46:18 | INFO | app.pipelines.orchestrator | Gold build for AFL: 2513 rows
2026-10-05 10:46:32 | INFO | app.pipelines.orchestrator | Silver transform for AG: {'engine': 'pandas', 'record_count': 5026, 'source_count': 5026, 'duplicate_count': 0, 'missing_count': 0, 'invalid_ohlc_count': 0, 'invalid_volume_count': 0, 'error_count': 0, 'min_timestamp': '2016-10-05T13:30:00+00:00', 'max_timestamp': '2026-10-02T20:00:02+00:00', 'quality_status': 'passed'}
2026-10-05 10:46:39 | INFO | app.lakehouse.gold | Gold write complete: 5026 rows, 242 partitions
2026-10-05 10:46:39 | INFO | app.pipelines.orchestrator | Gold build for AG: 5026 rows
2026-10-05 10:46:46 | INFO | app.pipelines.orchestrator | Silver transform for AGG: {'engine': 'pandas', 'record_count': 2513, 'source_count': 2513, 'duplicate_count': 0, 'missing_count': 0, 'invalid_ohlc_count': 0, 'invalid_volume_count': 0, 'error_count': 0, 'min_timestamp': '2016-10-05T13:30:00+00:00', 'max_timestamp': '2026-10-02T20:00:00+00:00', 'quality_status': 'passed'}
2026-10-05 10:46:49 | INFO | app.lakehouse.gold | Gold write complete: 2513 rows, 121 partitions
2026-10-05 10:46:49 | INFO | app.pipelines.orchestrator | Gold build for AGG: 2513 rows
2026-10-05 10:46:57 | INFO | app.pipelines.orchestrator | Silver transform for AJG: {'engine': 'pandas', 'record_count': 2513, 'source_count': 2513, 'duplicate_count': 0, 'missing_count': 0, 'invalid_ohlc_count': 0, 'invalid_volume_count': 0, 'error_count': 0, 'min_timestamp': '2016-10-05T13:30:00+00:00', 'max_timestamp': '2026-10-02T20:00:53+00:00', 'quality_status': 'passed'}
2026-10-05 10:47:00 | INFO | app.lakehouse.gold | Gold write complete: 2513 rows, 121 partitions
2026-10-05 10:47:00 | INFO | app.pipelines.orchestrator | Gold build for AJG: 2513 rows
2026-10-05 10:47:07 | INFO | app.pipelines.orchestrator | Silver transform for ALB: {'engine': 'pandas', 'record_count': 2513, 'source_count': 2513, 'duplicate_count': 0, 'missing_count': 0, 'invalid_ohlc_count': 0, 'invalid_volume_count': 0, 'error_count': 0, 'min_timestamp': '2016-10-05T13:30:00+00:00', 'max_timestamp': '2026-10-02T20:00:03+00:00', 'quality_status': 'passed'}
2026-10-05 10:47:11 | INFO | app.lakehouse.gold | Gold write complete: 2513 rows, 121 partitions
2026-10-05 10:47:11 | INFO | app.pipelines.orchestrator | Gold build for ALB: 2513 rows
2026-10-05 10:47:18 | INFO | app.pipelines.orchestrator | Silver transform for ALK: {'engine': 'pandas', 'record_count': 2513, 'source_count': 2513, 'duplicate_count': 0, 'missing_count': 0, 'invalid_ohlc_count': 0, 'invalid_volume_count': 0, 'error_count': 0, 'min_timestamp': '2016-10-05T13:30:00+00:00', 'max_timestamp': '2026-10-02T20:00:03+00:00', 'quality_status': 'passed'}
2026-10-05 10:47:21 | INFO | app.lakehouse.gold | Gold write complete: 2513 rows, 121 partitions
2026-10-05 10:47:21 | INFO | app.pipelines.orchestrator | Gold build for ALK: 2513 rows
2026-10-05 10:47:43 | INFO | app.pipelines.orchestrator | Silver transform for ALL: {'engine': 'pandas', 'record_count': 7539, 'source_count': 7539, 'duplicate_count': 0, 'missing_count': 0, 'invalid_ohlc_count': 0, 'invalid_volume_count': 0, 'error_count': 0, 'min_timestamp': '2016-10-05T13:30:00+00:00', 'max_timestamp': '2026-10-02T20:00:03+00:00', 'quality_status': 'passed'}
2026-10-05 10:47:53 | INFO | app.lakehouse.gold | Gold write complete: 7539 rows, 363 partitions
2026-10-05 10:47:53 | INFO | app.pipelines.orchestrator | Gold build for ALL: 7539 rows
2026-10-05 10:48:00 | INFO | app.pipelines.orchestrator | Silver transform for ALLE: {'engine': 'pandas', 'record_count': 2513, 'source_count': 2513, 'duplicate_count': 0, 'missing_count': 0, 'invalid_ohlc_count': 0, 'invalid_volume_count': 0, 'error_count': 0, 'min_timestamp': '2016-10-05T13:30:00+00:00', 'max_timestamp': '2026-10-02T20:00:03+00:00', 'quality_status': 'passed'}
2026-10-05 10:48:03 | INFO | app.lakehouse.gold | Gold write complete: 2513 rows, 121 partitions
2026-10-05 10:48:03 | INFO | app.pipelines.orchestrator | Gold build for ALLE: 2513 rows
2026-10-05 10:48:11 | INFO | app.pipelines.orchestrator | Silver transform for ALLY: {'engine': 'pandas', 'record_count': 2513, 'source_count': 2513, 'duplicate_count': 0, 'missing_count': 0, 'invalid_ohlc_count': 0, 'invalid_volume_count': 0, 'error_count': 0, 'min_timestamp': '2016-10-05T13:30:00+00:00', 'max_timestamp': '2026-10-02T20:00:03+00:00', 'quality_status': 'passed'}
2026-10-05 10:48:14 | INFO | app.lakehouse.gold | Gold write complete: 2513 rows, 121 partitions
2026-10-05 10:48:14 | INFO | app.pipelines.orchestrator | Gold build for ALLY: 2513 rows
2026-10-05 10:48:21 | INFO | app.pipelines.orchestrator | Silver transform for AMAT: {'engine': 'pandas', 'record_count': 2513, 'source_count': 2513, 'duplicate_count': 0, 'missing_count': 0, 'invalid_ohlc_count': 0, 'invalid_volume_count': 0, 'error_count': 0, 'min_timestamp': '2016-10-05T13:30:00+00:00', 'max_timestamp': '2026-10-02T20:00:01+00:00', 'quality_status': 'passed'}
2026-10-05 10:48:24 | INFO | app.lakehouse.gold | Gold write complete: 2513 rows, 121 partitions
2026-10-05 10:48:24 | INFO | app.pipelines.orchestrator | Gold build for AMAT: 2513 rows
2026-10-05 10:48:31 | INFO | app.pipelines.orchestrator | Silver transform for AMD: {'engine': 'pandas', 'record_count': 2513, 'source_count': 2513, 'duplicate_count': 0, 'missing_count': 0, 'invalid_ohlc_count': 0, 'invalid_volume_count': 0, 'error_count': 0, 'min_timestamp': '2016-10-05T13:30:00+00:00', 'max_timestamp': '2026-10-02T20:00:01+00:00', 'quality_status': 'passed'}
2026-10-05 10:48:34 | INFO | app.lakehouse.gold | Gold write complete: 2513 rows, 121 partitions
2026-10-05 10:48:34 | INFO | app.pipelines.orchestrator | Gold build for AMD: 2513 rows
2026-10-05 10:48:42 | INFO | app.pipelines.orchestrator | Silver transform for AMGN: {'engine': 'pandas', 'record_count': 2513, 'source_count': 2513, 'duplicate_count': 0, 'missing_count': 0, 'invalid_ohlc_count': 0, 'invalid_volume_count': 0, 'error_count': 0, 'min_timestamp': '2016-10-05T13:30:00+00:00', 'max_timestamp': '2026-10-02T20:00:00+00:00', 'quality_status': 'passed'}
2026-10-05 10:48:45 | INFO | app.lakehouse.gold | Gold write complete: 2513 rows, 121 partitions
2026-10-05 10:48:45 | INFO | app.pipelines.orchestrator | Gold build for AMGN: 2513 rows
2026-10-05 10:48:52 | INFO | app.pipelines.orchestrator | Silver transform for AMP: {'engine': 'pandas', 'record_count': 2513, 'source_count': 2513, 'duplicate_count': 0, 'missing_count': 0, 'invalid_ohlc_count': 0, 'invalid_volume_count': 0, 'error_count': 0, 'min_timestamp': '2016-10-05T13:30:00+00:00', 'max_timestamp': '2026-10-02T20:00:22+00:00', 'quality_status': 'passed'}
2026-10-05 10:48:56 | INFO | app.lakehouse.gold | Gold write complete: 2513 rows, 121 partitions
2026-10-05 10:48:56 | INFO | app.pipelines.orchestrator | Gold build for AMP: 2513 rows
2026-10-05 10:49:03 | INFO | app.pipelines.orchestrator | Silver transform for AMT: {'engine': 'pandas', 'record_count': 2513, 'source_count': 2513, 'duplicate_count': 0, 'missing_count': 0, 'invalid_ohlc_count': 0, 'invalid_volume_count': 0, 'error_count': 0, 'min_timestamp': '2016-10-05T13:30:00+00:00', 'max_timestamp': '2026-10-02T20:00:03+00:00', 'quality_status': 'passed'}
2026-10-05 10:49:06 | INFO | app.lakehouse.gold | Gold write complete: 2513 rows, 121 partitions
2026-10-05 10:49:06 | INFO | app.pipelines.orchestrator | Gold build for AMT: 2513 rows
2026-10-05 10:49:13 | INFO | app.pipelines.orchestrator | Silver transform for AMZN: {'engine': 'pandas', 'record_count': 2513, 'source_count': 2513, 'duplicate_count': 0, 'missing_count': 0, 'invalid_ohlc_count': 0, 'invalid_volume_count': 0, 'error_count': 0, 'min_timestamp': '2016-10-05T13:30:00+00:00', 'max_timestamp': '2026-10-02T20:00:01+00:00', 'quality_status': 'passed'}
2026-10-05 10:49:17 | INFO | app.lakehouse.gold | Gold write complete: 2513 rows, 121 partitions
2026-10-05 10:49:17 | INFO | app.pipelines.orchestrator | Gold build for AMZN: 2513 rows
2026-10-05 10:49:39 | INFO | app.pipelines.orchestrator | Silver transform for AN: {'engine': 'pandas', 'record_count': 7539, 'source_count': 7539, 'duplicate_count': 0, 'missing_count': 0, 'invalid_ohlc_count': 0, 'invalid_volume_count': 0, 'error_count': 0, 'min_timestamp': '2016-10-05T13:30:00+00:00', 'max_timestamp': '2026-10-02T20:00:03+00:00', 'quality_status': 'passed'}
2026-10-05 10:49:48 | INFO | app.lakehouse.gold | Gold write complete: 7539 rows, 363 partitions
2026-10-05 10:49:48 | INFO | app.pipelines.orchestrator | Gold build for AN: 7539 rows
2026-10-05 10:49:55 | INFO | app.pipelines.orchestrator | Silver transform for ANET: {'engine': 'pandas', 'record_count': 2513, 'source_count': 2513, 'duplicate_count': 0, 'missing_count': 0, 'invalid_ohlc_count': 0, 'invalid_volume_count': 0, 'error_count': 0, 'min_timestamp': '2016-10-05T13:30:00+00:00', 'max_timestamp': '2026-10-02T20:00:03+00:00', 'quality_status': 'passed'}
2026-10-05 10:49:59 | INFO | app.lakehouse.gold | Gold write complete: 2513 rows, 121 partitions
2026-10-05 10:49:59 | INFO | app.pipelines.orchestrator | Gold build for ANET: 2513 rows
2026-10-05 10:50:06 | INFO | app.pipelines.orchestrator | Silver transform for ANF: {'engine': 'pandas', 'record_count': 2513, 'source_count': 2513, 'duplicate_count': 0, 'missing_count': 0, 'invalid_ohlc_count': 0, 'invalid_volume_count': 0, 'error_count': 0, 'min_timestamp': '2016-10-05T13:30:00+00:00', 'max_timestamp': '2026-10-02T20:00:03+00:00', 'quality_status': 'passed'}
2026-10-05 10:50:09 | INFO | app.lakehouse.gold | Gold write complete: 2513 rows, 121 partitions
2026-10-05 10:50:09 | INFO | app.pipelines.orchestrator | Gold build for ANF: 2513 rows
2026-10-05 10:50:17 | INFO | app.pipelines.orchestrator | Silver transform for AON: {'engine': 'pandas', 'record_count': 2513, 'source_count': 2513, 'duplicate_count': 0, 'missing_count': 0, 'invalid_ohlc_count': 0, 'invalid_volume_count': 0, 'error_count': 0, 'min_timestamp': '2016-10-05T13:30:00+00:00', 'max_timestamp': '2026-10-02T20:00:47+00:00', 'quality_status': 'passed'}
2026-10-05 10:50:20 | INFO | app.lakehouse.gold | Gold write complete: 2513 rows, 121 partitions
2026-10-05 10:50:20 | INFO | app.pipelines.orchestrator | Gold build for AON: 2513 rows
2026-10-05 10:50:28 | INFO | app.pipelines.orchestrator | Silver transform for AOS: {'engine': 'pandas', 'record_count': 2513, 'source_count': 2513, 'duplicate_count': 0, 'missing_count': 0, 'invalid_ohlc_count': 0, 'invalid_volume_count': 0, 'error_count': 0, 'min_timestamp': '2016-10-05T13:30:00+00:00', 'max_timestamp': '2026-10-02T20:00:03+00:00', 'quality_status': 'passed'}
2026-10-05 10:50:31 | INFO | app.lakehouse.gold | Gold write complete: 2513 rows, 121 partitions
2026-10-05 10:50:31 | INFO | app.pipelines.orchestrator | Gold build for AOS: 2513 rows
2026-10-05 10:50:39 | INFO | app.pipelines.orchestrator | Silver transform for APA: {'engine': 'pandas', 'record_count': 2513, 'source_count': 2513, 'duplicate_count': 0, 'missing_count': 0, 'invalid_ohlc_count': 0, 'invalid_volume_count': 0, 'error_count': 0, 'min_timestamp': '2016-10-05T13:30:00+00:00', 'max_timestamp': '2026-10-02T20:00:01+00:00', 'quality_status': 'passed'}
2026-10-05 10:50:42 | INFO | app.lakehouse.gold | Gold write complete: 2513 rows, 121 partitions
2026-10-05 10:50:42 | INFO | app.pipelines.orchestrator | Gold build for APA: 2513 rows
2026-10-05 10:50:49 | INFO | app.pipelines.orchestrator | Silver transform for APD: {'engine': 'pandas', 'record_count': 2513, 'source_count': 2513, 'duplicate_count': 0, 'missing_count': 0, 'invalid_ohlc_count': 0, 'invalid_volume_count': 0, 'error_count': 0, 'min_timestamp': '2016-10-05T13:30:00+00:00', 'max_timestamp': '2026-10-02T20:00:03+00:00', 'quality_status': 'passed'}
2026-10-05 10:50:53 | INFO | app.lakehouse.gold | Gold write complete: 2513 rows, 121 partitions
2026-10-05 10:50:53 | INFO | app.pipelines.orchestrator | Gold build for APD: 2513 rows
2026-10-05 10:50:55 | WARNING | app.lakehouse.silver | Silver rejected 1 invalid/duplicate rows
2026-10-05 10:51:43 | INFO | app.pipelines.orchestrator | Silver transform for AR: {'engine': 'pandas', 'record_count': 17274, 'source_count': 17275, 'duplicate_count': 0, 'missing_count': 0, 'invalid_ohlc_count': 1, 'invalid_volume_count': 0, 'error_count': 1, 'min_timestamp': '2016-10-05T13:30:00+00:00', 'max_timestamp': '2026-10-02T20:00:03+00:00', 'quality_status': 'warning'}
2026-10-05 10:52:06 | INFO | app.lakehouse.gold | Gold write complete: 17274 rows, 834 partitions
2026-10-05 10:52:06 | INFO | app.pipelines.orchestrator | Gold build for AR: 17274 rows
2026-10-05 10:52:13 | INFO | app.pipelines.orchestrator | Silver transform for ARCB: {'engine': 'pandas', 'record_count': 2513, 'source_count': 2513, 'duplicate_count': 0, 'missing_count': 0, 'invalid_ohlc_count': 0, 'invalid_volume_count': 0, 'error_count': 0, 'min_timestamp': '2016-10-05T13:30:00+00:00', 'max_timestamp': '2026-10-02T20:00:01+00:00', 'quality_status': 'passed'}
2026-10-05 10:52:16 | INFO | app.lakehouse.gold | Gold write complete: 2513 rows, 121 partitions
2026-10-05 10:52:16 | INFO | app.pipelines.orchestrator | Gold build for ARCB: 2513 rows
2026-10-05 10:52:24 | INFO | app.pipelines.orchestrator | Silver transform for ARE: {'engine': 'pandas', 'record_count': 2513, 'source_count': 2513, 'duplicate_count': 0, 'missing_count': 0, 'invalid_ohlc_count': 0, 'invalid_volume_count': 0, 'error_count': 0, 'min_timestamp': '2016-10-05T13:30:00+00:00', 'max_timestamp': '2026-10-02T20:00:03+00:00', 'quality_status': 'passed'}
2026-10-05 10:52:27 | INFO | app.lakehouse.gold | Gold write complete: 2513 rows, 121 partitions
2026-10-05 10:52:27 | INFO | app.pipelines.orchestrator | Gold build for ARE: 2513 rows
2026-10-05 10:52:33 | INFO | app.pipelines.orchestrator | Silver transform for ARKF: {'engine': 'pandas', 'record_count': 1928, 'source_count': 1928, 'duplicate_count': 0, 'missing_count': 0, 'invalid_ohlc_count': 0, 'invalid_volume_count': 0, 'error_count': 0, 'min_timestamp': '2019-02-04T14:30:00+00:00', 'max_timestamp': '2026-10-02T20:00:00+00:00', 'quality_status': 'passed'}
2026-10-05 10:52:36 | INFO | app.lakehouse.gold | Gold write complete: 1928 rows, 93 partitions
2026-10-05 10:52:36 | INFO | app.pipelines.orchestrator | Gold build for ARKF: 1928 rows
2026-10-05 10:52:43 | INFO | app.pipelines.orchestrator | Silver transform for ARKK: {'engine': 'pandas', 'record_count': 2513, 'source_count': 2513, 'duplicate_count': 0, 'missing_count': 0, 'invalid_ohlc_count': 0, 'invalid_volume_count': 0, 'error_count': 0, 'min_timestamp': '2016-10-05T13:30:00+00:00', 'max_timestamp': '2026-10-02T20:00:00+00:00', 'quality_status': 'passed'}
2026-10-05 10:52:48 | INFO | app.lakehouse.gold | Gold write complete: 2513 rows, 121 partitions
2026-10-05 10:52:48 | INFO | app.pipelines.orchestrator | Gold build for ARKK: 2513 rows
2026-10-05 10:52:55 | INFO | app.pipelines.orchestrator | Silver transform for ARKW: {'engine': 'pandas', 'record_count': 2513, 'source_count': 2513, 'duplicate_count': 0, 'missing_count': 0, 'invalid_ohlc_count': 0, 'invalid_volume_count': 0, 'error_count': 0, 'min_timestamp': '2016-10-05T13:30:00+00:00', 'max_timestamp': '2026-10-02T20:00:01+00:00', 'quality_status': 'passed'}
2026-10-05 10:52:58 | INFO | app.lakehouse.gold | Gold write complete: 2513 rows, 121 partitions
2026-10-05 10:52:58 | INFO | app.pipelines.orchestrator | Gold build for ARKW: 2513 rows
2026-10-05 10:53:01 | INFO | app.pipelines.orchestrator | Silver transform for ARM: {'engine': 'pandas', 'record_count': 767, 'source_count': 767, 'duplicate_count': 0, 'missing_count': 0, 'invalid_ohlc_count': 0, 'invalid_volume_count': 0, 'error_count': 0, 'min_timestamp': '2023-09-14T13:30:00+00:00', 'max_timestamp': '2026-10-02T20:00:01+00:00', 'quality_status': 'passed'}
2026-10-05 10:53:02 | INFO | app.lakehouse.gold | Gold write complete: 767 rows, 38 partitions
2026-10-05 10:53:02 | INFO | app.pipelines.orchestrator | Gold build for ARM: 767 rows
2026-10-05 10:53:09 | INFO | app.pipelines.orchestrator | Silver transform for ARVN: {'engine': 'pandas', 'record_count': 2015, 'source_count': 2015, 'duplicate_count': 0, 'missing_count': 0, 'invalid_ohlc_count': 0, 'invalid_volume_count': 0, 'error_count': 0, 'min_timestamp': '2018-09-27T13:30:00+00:00', 'max_timestamp': '2026-10-02T20:00:01+00:00', 'quality_status': 'passed'}
2026-10-05 10:53:12 | INFO | app.lakehouse.gold | Gold write complete: 2015 rows, 98 partitions
2026-10-05 10:53:12 | INFO | app.pipelines.orchestrator | Gold build for ARVN: 2015 rows
2026-10-05 10:53:20 | INFO | app.pipelines.orchestrator | Silver transform for ASML: {'engine': 'pandas', 'record_count': 2513, 'source_count': 2513, 'duplicate_count': 0, 'missing_count': 0, 'invalid_ohlc_count': 0, 'invalid_volume_count': 0, 'error_count': 0, 'min_timestamp': '2016-10-05T13:30:00+00:00', 'max_timestamp': '2026-10-02T20:00:00+00:00', 'quality_status': 'passed'}
2026-10-05 10:53:24 | INFO | app.lakehouse.gold | Gold write complete: 2513 rows, 121 partitions
2026-10-05 10:53:24 | INFO | app.pipelines.orchestrator | Gold build for ASML: 2513 rows
2026-10-05 10:53:31 | INFO | app.pipelines.orchestrator | Silver transform for ATO: {'engine': 'pandas', 'record_count': 2513, 'source_count': 2513, 'duplicate_count': 0, 'missing_count': 0, 'invalid_ohlc_count': 0, 'invalid_volume_count': 0, 'error_count': 0, 'min_timestamp': '2016-10-05T13:30:00+00:00', 'max_timestamp': '2026-10-02T20:00:03+00:00', 'quality_status': 'passed'}
2026-10-05 10:53:35 | INFO | app.lakehouse.gold | Gold write complete: 2513 rows, 121 partitions
2026-10-05 10:53:35 | INFO | app.pipelines.orchestrator | Gold build for ATO: 2513 rows
2026-10-05 10:53:42 | INFO | app.pipelines.orchestrator | Silver transform for AU: {'engine': 'pandas', 'record_count': 2513, 'source_count': 2513, 'duplicate_count': 0, 'missing_count': 0, 'invalid_ohlc_count': 0, 'invalid_volume_count': 0, 'error_count': 0, 'min_timestamp': '2016-10-05T13:30:00+00:00', 'max_timestamp': '2026-10-02T20:00:58+00:00', 'quality_status': 'passed'}
2026-10-05 10:53:46 | INFO | app.lakehouse.gold | Gold write complete: 2513 rows, 121 partitions
2026-10-05 10:53:46 | INFO | app.pipelines.orchestrator | Gold build for AU: 2513 rows
2026-10-05 10:53:54 | INFO | app.pipelines.orchestrator | Silver transform for AVA: {'engine': 'pandas', 'record_count': 2513, 'source_count': 2513, 'duplicate_count': 0, 'missing_count': 0, 'invalid_ohlc_count': 0, 'invalid_volume_count': 0, 'error_count': 0, 'min_timestamp': '2016-10-05T13:30:00+00:00', 'max_timestamp': '2026-10-02T20:00:03+00:00', 'quality_status': 'passed'}
2026-10-05 10:53:58 | INFO | app.lakehouse.gold | Gold write complete: 2513 rows, 121 partitions
2026-10-05 10:53:58 | INFO | app.pipelines.orchestrator | Gold build for AVA: 2513 rows
2026-10-05 10:53:58 | INFO | app.pipelines.orchestrator | Silver transform for AVB: {'engine': 'pandas', 'record_count': 1, 'source_count': 1, 'duplicate_count': 0, 'missing_count': 0, 'invalid_ohlc_count': 0, 'invalid_volume_count': 0, 'error_count': 0, 'min_timestamp': '2026-08-14T20:00:03+00:00', 'max_timestamp': '2026-08-14T20:00:03+00:00', 'quality_status': 'passed'}
2026-10-05 10:53:58 | INFO | app.lakehouse.gold | Gold write complete: 1 rows, 1 partitions
2026-10-05 10:53:58 | INFO | app.pipelines.orchestrator | Gold build for AVB: 1 rows
2026-10-05 10:54:06 | INFO | app.pipelines.orchestrator | Silver transform for AVGO: {'engine': 'pandas', 'record_count': 2513, 'source_count': 2513, 'duplicate_count': 0, 'missing_count': 0, 'invalid_ohlc_count': 0, 'invalid_volume_count': 0, 'error_count': 0, 'min_timestamp': '2016-10-05T13:30:00+00:00', 'max_timestamp': '2026-10-02T20:00:01+00:00', 'quality_status': 'passed'}
2026-10-05 10:54:10 | INFO | app.lakehouse.gold | Gold write complete: 2513 rows, 121 partitions
2026-10-05 10:54:10 | INFO | app.pipelines.orchestrator | Gold build for AVGO: 2513 rows
2026-10-05 10:54:18 | INFO | app.pipelines.orchestrator | Silver transform for AWK: {'engine': 'pandas', 'record_count': 2513, 'source_count': 2513, 'duplicate_count': 0, 'missing_count': 0, 'invalid_ohlc_count': 0, 'invalid_volume_count': 0, 'error_count': 0, 'min_timestamp': '2016-10-05T13:30:00+00:00', 'max_timestamp': '2026-10-02T20:00:02+00:00', 'quality_status': 'passed'}
2026-10-05 10:54:22 | INFO | app.lakehouse.gold | Gold write complete: 2513 rows, 121 partitions
2026-10-05 10:54:22 | INFO | app.pipelines.orchestrator | Gold build for AWK: 2513 rows
2026-10-05 10:54:30 | INFO | app.pipelines.orchestrator | Silver transform for AWR: {'engine': 'pandas', 'record_count': 2513, 'source_count': 2513, 'duplicate_count': 0, 'missing_count': 0, 'invalid_ohlc_count': 0, 'invalid_volume_count': 0, 'error_count': 0, 'min_timestamp': '2016-10-05T13:30:00+00:00', 'max_timestamp': '2026-10-02T20:00:02+00:00', 'quality_status': 'passed'}
2026-10-05 10:54:33 | INFO | app.lakehouse.gold | Gold write complete: 2513 rows, 121 partitions
2026-10-05 10:54:33 | INFO | app.pipelines.orchestrator | Gold build for AWR: 2513 rows
2026-10-05 10:54:34 | WARNING | app.lakehouse.silver | Silver rejected 1 invalid/duplicate rows
2026-10-05 10:54:39 | WARNING | urllib3.connectionpool | Connection pool is full, discarding connection: localhost. Connection pool size: 1
2026-10-05 10:54:41 | INFO | app.pipelines.orchestrator | Silver transform for AXP: {'engine': 'pandas', 'record_count': 2512, 'source_count': 2513, 'duplicate_count': 0, 'missing_count': 0, 'invalid_ohlc_count': 1, 'invalid_volume_count': 0, 'error_count': 1, 'min_timestamp': '2016-10-05T13:30:00+00:00', 'max_timestamp': '2026-10-02T13:30:00+00:00', 'quality_status': 'warning'}
2026-10-05 10:54:44 | WARNING | urllib3.connectionpool | Connection pool is full, discarding connection: localhost. Connection pool size: 1
2026-10-05 10:54:44 | WARNING | urllib3.connectionpool | Connection pool is full, discarding connection: localhost. Connection pool size: 1
2026-10-05 10:54:44 | WARNING | urllib3.connectionpool | Connection pool is full, discarding connection: localhost. Connection pool size: 1
2026-10-05 10:54:44 | WARNING | urllib3.connectionpool | Connection pool is full, discarding connection: localhost. Connection pool size: 1
2026-10-05 10:54:44 | WARNING | urllib3.connectionpool | Connection pool is full, discarding connection: localhost. Connection pool size: 1
2026-10-05 10:54:44 | WARNING | urllib3.connectionpool | Connection pool is full, discarding connection: localhost. Connection pool size: 1
2026-10-05 10:54:44 | WARNING | urllib3.connectionpool | Connection pool is full, discarding connection: localhost. Connection pool size: 1
2026-10-05 10:54:44 | WARNING | urllib3.connectionpool | Connection pool is full, discarding connection: localhost. Connection pool size: 1
2026-10-05 10:54:45 | WARNING | urllib3.connectionpool | Connection pool is full, discarding connection: localhost. Connection pool size: 1
2026-10-05 10:54:45 | WARNING | urllib3.connectionpool | Connection pool is full, discarding connection: localhost. Connection pool size: 1
2026-10-05 10:54:45 | WARNING | urllib3.connectionpool | Connection pool is full, discarding connection: localhost. Connection pool size: 1
2026-10-05 10:54:45 | WARNING | urllib3.connectionpool | Connection pool is full, discarding connection: localhost. Connection pool size: 1
2026-10-05 10:54:45 | WARNING | urllib3.connectionpool | Connection pool is full, discarding connection: localhost. Connection pool size: 1
2026-10-05 10:54:45 | WARNING | urllib3.connectionpool | Connection pool is full, discarding connection: localhost. Connection pool size: 1
2026-10-05 10:54:45 | WARNING | urllib3.connectionpool | Connection pool is full, discarding connection: localhost. Connection pool size: 1
2026-10-05 10:54:45 | WARNING | urllib3.connectionpool | Connection pool is full, discarding connection: localhost. Connection pool size: 1
2026-10-05 10:54:45 | WARNING | urllib3.connectionpool | Connection pool is full, discarding connection: localhost. Connection pool size: 1
2026-10-05 10:54:45 | WARNING | urllib3.connectionpool | Connection pool is full, discarding connection: localhost. Connection pool size: 1
2026-10-05 10:54:46 | INFO | app.lakehouse.gold | Gold write complete: 2512 rows, 121 partitions
2026-10-05 10:54:46 | INFO | app.pipelines.orchestrator | Gold build for AXP: 2512 rows
2026-10-05 10:54:47 | WARNING | app.lakehouse.silver | Silver rejected 1 invalid/duplicate rows
2026-10-05 10:54:55 | INFO | app.pipelines.orchestrator | Silver transform for AYI: {'engine': 'pandas', 'record_count': 2512, 'source_count': 2513, 'duplicate_count': 0, 'missing_count': 0, 'invalid_ohlc_count': 1, 'invalid_volume_count': 0, 'error_count': 1, 'min_timestamp': '2016-10-05T13:30:00+00:00', 'max_timestamp': '2026-10-02T13:30:00+00:00', 'quality_status': 'warning'}
2026-10-05 10:54:59 | INFO | app.lakehouse.gold | Gold write complete: 2512 rows, 121 partitions
2026-10-05 10:54:59 | INFO | app.pipelines.orchestrator | Gold build for AYI: 2512 rows
2026-10-05 10:55:00 | WARNING | app.lakehouse.silver | Silver rejected 1 invalid/duplicate rows
2026-10-05 10:55:07 | INFO | app.pipelines.orchestrator | Silver transform for AZO: {'engine': 'pandas', 'record_count': 2512, 'source_count': 2513, 'duplicate_count': 0, 'missing_count': 0, 'invalid_ohlc_count': 1, 'invalid_volume_count': 0, 'error_count': 1, 'min_timestamp': '2016-10-05T13:30:00+00:00', 'max_timestamp': '2026-10-02T13:30:00+00:00', 'quality_status': 'warning'}
2026-10-05 10:55:11 | INFO | app.lakehouse.gold | Gold write complete: 2512 rows, 121 partitions
2026-10-05 10:55:11 | INFO | app.pipelines.orchestrator | Gold build for AZO: 2512 rows
2026-10-05 10:55:33 | INFO | app.pipelines.orchestrator | Silver transform for BA: {'engine': 'pandas', 'record_count': 7539, 'source_count': 7539, 'duplicate_count': 0, 'missing_count': 0, 'invalid_ohlc_count': 0, 'invalid_volume_count': 0, 'error_count': 0, 'min_timestamp': '2016-10-05T13:30:00+00:00', 'max_timestamp': '2026-10-02T20:00:03+00:00', 'quality_status': 'passed'}
2026-10-05 10:55:44 | INFO | app.lakehouse.gold | Gold write complete: 7539 rows, 363 partitions
2026-10-05 10:55:44 | INFO | app.pipelines.orchestrator | Gold build for BA: 7539 rows
2026-10-05 10:55:51 | INFO | app.pipelines.orchestrator | Silver transform for BAC: {'engine': 'pandas', 'record_count': 2513, 'source_count': 2513, 'duplicate_count': 0, 'missing_count': 0, 'invalid_ohlc_count': 0, 'invalid_volume_count': 0, 'error_count': 0, 'min_timestamp': '2016-10-05T13:30:00+00:00', 'max_timestamp': '2026-10-02T20:00:03+00:00', 'quality_status': 'passed'}
2026-10-05 10:55:54 | INFO | app.lakehouse.gold | Gold write complete: 2513 rows, 121 partitions
2026-10-05 10:55:54 | INFO | app.pipelines.orchestrator | Gold build for BAC: 2513 rows
2026-10-05 10:56:02 | INFO | app.pipelines.orchestrator | Silver transform for BAX: {'engine': 'pandas', 'record_count': 2513, 'source_count': 2513, 'duplicate_count': 0, 'missing_count': 0, 'invalid_ohlc_count': 0, 'invalid_volume_count': 0, 'error_count': 0, 'min_timestamp': '2016-10-05T13:30:00+00:00', 'max_timestamp': '2026-10-02T20:00:02+00:00', 'quality_status': 'passed'}
2026-10-05 10:56:06 | INFO | app.lakehouse.gold | Gold write complete: 2513 rows, 121 partitions
2026-10-05 10:56:06 | INFO | app.pipelines.orchestrator | Gold build for BAX: 2513 rows
2026-10-05 10:56:12 | INFO | app.pipelines.orchestrator | Silver transform for BBIO: {'engine': 'pandas', 'record_count': 1828, 'source_count': 1828, 'duplicate_count': 0, 'missing_count': 0, 'invalid_ohlc_count': 0, 'invalid_volume_count': 0, 'error_count': 0, 'min_timestamp': '2019-06-27T13:30:00+00:00', 'max_timestamp': '2026-10-02T20:00:01+00:00', 'quality_status': 'passed'}
2026-10-05 10:56:14 | INFO | app.lakehouse.gold | Gold write complete: 1828 rows, 89 partitions
2026-10-05 10:56:14 | INFO | app.pipelines.orchestrator | Gold build for BBIO: 1828 rows
2026-10-05 10:56:22 | INFO | app.pipelines.orchestrator | Silver transform for BBWI: {'engine': 'pandas', 'record_count': 2513, 'source_count': 2513, 'duplicate_count': 0, 'missing_count': 0, 'invalid_ohlc_count': 0, 'invalid_volume_count': 0, 'error_count': 0, 'min_timestamp': '2016-10-05T13:30:00+00:00', 'max_timestamp': '2026-10-02T20:00:02+00:00', 'quality_status': 'passed'}
2026-10-05 10:56:25 | INFO | app.lakehouse.gold | Gold write complete: 2513 rows, 121 partitions
2026-10-05 10:56:25 | INFO | app.pipelines.orchestrator | Gold build for BBWI: 2513 rows
2026-10-05 10:56:32 | INFO | app.pipelines.orchestrator | Silver transform for BBY: {'engine': 'pandas', 'record_count': 2513, 'source_count': 2513, 'duplicate_count': 0, 'missing_count': 0, 'invalid_ohlc_count': 0, 'invalid_volume_count': 0, 'error_count': 0, 'min_timestamp': '2016-10-05T13:30:00+00:00', 'max_timestamp': '2026-10-02T20:00:03+00:00', 'quality_status': 'passed'}
2026-10-05 10:56:35 | INFO | app.lakehouse.gold | Gold write complete: 2513 rows, 121 partitions
2026-10-05 10:56:35 | INFO | app.pipelines.orchestrator | Gold build for BBY: 2513 rows
2026-10-05 10:56:43 | INFO | app.pipelines.orchestrator | Silver transform for BDN: {'engine': 'pandas', 'record_count': 2513, 'source_count': 2513, 'duplicate_count': 0, 'missing_count': 0, 'invalid_ohlc_count': 0, 'invalid_volume_count': 0, 'error_count': 0, 'min_timestamp': '2016-10-05T13:30:00+00:00', 'max_timestamp': '2026-10-02T20:00:02+00:00', 'quality_status': 'passed'}
2026-10-05 10:56:46 | INFO | app.lakehouse.gold | Gold write complete: 2513 rows, 121 partitions
2026-10-05 10:56:46 | INFO | app.pipelines.orchestrator | Gold build for BDN: 2513 rows
2026-10-05 10:56:53 | INFO | app.pipelines.orchestrator | Silver transform for BDX: {'engine': 'pandas', 'record_count': 2513, 'source_count': 2513, 'duplicate_count': 0, 'missing_count': 0, 'invalid_ohlc_count': 0, 'invalid_volume_count': 0, 'error_count': 0, 'min_timestamp': '2016-10-05T13:30:00+00:00', 'max_timestamp': '2026-10-02T20:00:03+00:00', 'quality_status': 'passed'}
2026-10-05 10:56:57 | INFO | app.lakehouse.gold | Gold write complete: 2513 rows, 121 partitions
2026-10-05 10:56:57 | INFO | app.pipelines.orchestrator | Gold build for BDX: 2513 rows
2026-10-05 10:57:02 | INFO | app.pipelines.orchestrator | Silver transform for BEAM: {'engine': 'pandas', 'record_count': 1674, 'source_count': 1674, 'duplicate_count': 0, 'missing_count': 0, 'invalid_ohlc_count': 0, 'invalid_volume_count': 0, 'error_count': 0, 'min_timestamp': '2020-02-06T14:30:00+00:00', 'max_timestamp': '2026-10-02T20:00:01+00:00', 'quality_status': 'passed'}
2026-10-05 10:57:04 | INFO | app.lakehouse.gold | Gold write complete: 1674 rows, 81 partitions
2026-10-05 10:57:04 | INFO | app.pipelines.orchestrator | Gold build for BEAM: 1674 rows
2026-10-05 10:57:11 | INFO | app.pipelines.orchestrator | Silver transform for BG: {'engine': 'pandas', 'record_count': 2513, 'source_count': 2513, 'duplicate_count': 0, 'missing_count': 0, 'invalid_ohlc_count': 0, 'invalid_volume_count': 0, 'error_count': 0, 'min_timestamp': '2016-10-05T13:30:00+00:00', 'max_timestamp': '2026-10-02T20:00:02+00:00', 'quality_status': 'passed'}
2026-10-05 10:57:14 | INFO | app.lakehouse.gold | Gold write complete: 2513 rows, 121 partitions
2026-10-05 10:57:14 | INFO | app.pipelines.orchestrator | Gold build for BG: 2513 rows
2026-10-05 10:57:22 | INFO | app.pipelines.orchestrator | Silver transform for BIIB: {'engine': 'pandas', 'record_count': 2513, 'source_count': 2513, 'duplicate_count': 0, 'missing_count': 0, 'invalid_ohlc_count': 0, 'invalid_volume_count': 0, 'error_count': 0, 'min_timestamp': '2016-10-05T13:30:00+00:00', 'max_timestamp': '2026-10-02T20:00:01+00:00', 'quality_status': 'passed'}
2026-10-05 10:57:25 | INFO | app.lakehouse.gold | Gold write complete: 2513 rows, 121 partitions
2026-10-05 10:57:25 | INFO | app.pipelines.orchestrator | Gold build for BIIB: 2513 rows
2026-10-05 10:57:32 | INFO | app.pipelines.orchestrator | Silver transform for BIL: {'engine': 'pandas', 'record_count': 2513, 'source_count': 2513, 'duplicate_count': 0, 'missing_count': 0, 'invalid_ohlc_count': 0, 'invalid_volume_count': 0, 'error_count': 0, 'min_timestamp': '2016-10-05T13:30:00+00:00', 'max_timestamp': '2026-10-02T20:00:00+00:00', 'quality_status': 'passed'}
2026-10-05 10:57:36 | INFO | app.lakehouse.gold | Gold write complete: 2513 rows, 121 partitions
2026-10-05 10:57:36 | INFO | app.pipelines.orchestrator | Gold build for BIL: 2513 rows
2026-10-05 10:57:36 | WARNING | app.lakehouse.silver | Silver rejected 1 invalid/duplicate rows
2026-10-05 10:57:43 | INFO | app.pipelines.orchestrator | Silver transform for BIO: {'engine': 'pandas', 'record_count': 2512, 'source_count': 2513, 'duplicate_count': 0, 'missing_count': 0, 'invalid_ohlc_count': 1, 'invalid_volume_count': 0, 'error_count': 1, 'min_timestamp': '2016-10-05T13:30:00+00:00', 'max_timestamp': '2026-10-02T13:30:00+00:00', 'quality_status': 'warning'}
2026-10-05 10:57:46 | INFO | app.lakehouse.gold | Gold write complete: 2512 rows, 121 partitions
2026-10-05 10:57:46 | INFO | app.pipelines.orchestrator | Gold build for BIO: 2512 rows
2026-10-05 10:57:54 | INFO | app.pipelines.orchestrator | Silver transform for BIP: {'engine': 'pandas', 'record_count': 2513, 'source_count': 2513, 'duplicate_count': 0, 'missing_count': 0, 'invalid_ohlc_count': 0, 'invalid_volume_count': 0, 'error_count': 0, 'min_timestamp': '2016-10-05T13:30:00+00:00', 'max_timestamp': '2026-10-02T20:00:02+00:00', 'quality_status': 'passed'}
2026-10-05 10:57:57 | INFO | app.lakehouse.gold | Gold write complete: 2513 rows, 121 partitions
2026-10-05 10:57:57 | INFO | app.pipelines.orchestrator | Gold build for BIP: 2513 rows
2026-10-05 10:58:00 | INFO | app.pipelines.orchestrator | Silver transform for BITO: {'engine': 'pandas', 'record_count': 1244, 'source_count': 1244, 'duplicate_count': 0, 'missing_count': 0, 'invalid_ohlc_count': 0, 'invalid_volume_count': 0, 'error_count': 0, 'min_timestamp': '2021-10-20T13:30:00+00:00', 'max_timestamp': '2026-10-02T20:00:00+00:00', 'quality_status': 'passed'}
2026-10-05 10:58:02 | INFO | app.lakehouse.gold | Gold write complete: 1244 rows, 61 partitions
2026-10-05 10:58:02 | INFO | app.pipelines.orchestrator | Gold build for BITO: 1244 rows
2026-10-05 10:58:06 | INFO | app.pipelines.orchestrator | Silver transform for BITQ: {'engine': 'pandas', 'record_count': 1356, 'source_count': 1356, 'duplicate_count': 0, 'missing_count': 0, 'invalid_ohlc_count': 0, 'invalid_volume_count': 0, 'error_count': 0, 'min_timestamp': '2021-05-12T13:30:00+00:00', 'max_timestamp': '2026-10-02T20:00:00+00:00', 'quality_status': 'passed'}
2026-10-05 10:58:08 | INFO | app.lakehouse.gold | Gold write complete: 1356 rows, 66 partitions
2026-10-05 10:58:08 | INFO | app.pipelines.orchestrator | Gold build for BITQ: 1356 rows
2026-10-05 10:58:11 | INFO | app.pipelines.orchestrator | Silver transform for BITX: {'engine': 'pandas', 'record_count': 822, 'source_count': 822, 'duplicate_count': 0, 'missing_count': 0, 'invalid_ohlc_count': 0, 'invalid_volume_count': 0, 'error_count': 0, 'min_timestamp': '2023-06-27T13:30:00+00:00', 'max_timestamp': '2026-10-02T20:00:00+00:00', 'quality_status': 'passed'}
2026-10-05 10:58:12 | INFO | app.lakehouse.gold | Gold write complete: 822 rows, 41 partitions
2026-10-05 10:58:12 | INFO | app.pipelines.orchestrator | Gold build for BITX: 822 rows
2026-10-05 10:58:19 | INFO | app.pipelines.orchestrator | Silver transform for BJRI: {'engine': 'pandas', 'record_count': 2513, 'source_count': 2513, 'duplicate_count': 0, 'missing_count': 0, 'invalid_ohlc_count': 0, 'invalid_volume_count': 0, 'error_count': 0, 'min_timestamp': '2016-10-05T13:30:00+00:00', 'max_timestamp': '2026-10-02T20:00:01+00:00', 'quality_status': 'passed'}
2026-10-05 10:58:22 | INFO | app.lakehouse.gold | Gold write complete: 2513 rows, 121 partitions
2026-10-05 10:58:22 | INFO | app.pipelines.orchestrator | Gold build for BJRI: 2513 rows
2026-10-05 10:58:30 | INFO | app.pipelines.orchestrator | Silver transform for BKH: {'engine': 'pandas', 'record_count': 2513, 'source_count': 2513, 'duplicate_count': 0, 'missing_count': 0, 'invalid_ohlc_count': 0, 'invalid_volume_count': 0, 'error_count': 0, 'min_timestamp': '2016-10-05T13:30:00+00:00', 'max_timestamp': '2026-10-02T20:00:02+00:00', 'quality_status': 'passed'}
2026-10-05 10:58:33 | INFO | app.lakehouse.gold | Gold write complete: 2513 rows, 121 partitions
2026-10-05 10:58:33 | INFO | app.pipelines.orchestrator | Gold build for BKH: 2513 rows
2026-10-05 10:58:40 | INFO | app.pipelines.orchestrator | Silver transform for BKNG: {'engine': 'pandas', 'record_count': 2513, 'source_count': 2513, 'duplicate_count': 0, 'missing_count': 0, 'invalid_ohlc_count': 0, 'invalid_volume_count': 0, 'error_count': 0, 'min_timestamp': '2016-10-05T13:30:00+00:00', 'max_timestamp': '2026-10-02T20:00:01+00:00', 'quality_status': 'passed'}
2026-10-05 10:58:43 | INFO | app.lakehouse.gold | Gold write complete: 2513 rows, 121 partitions
2026-10-05 10:58:43 | INFO | app.pipelines.orchestrator | Gold build for BKNG: 2513 rows
2026-10-05 10:58:51 | INFO | app.pipelines.orchestrator | Silver transform for BLDR: {'engine': 'pandas', 'record_count': 2513, 'source_count': 2513, 'duplicate_count': 0, 'missing_count': 0, 'invalid_ohlc_count': 0, 'invalid_volume_count': 0, 'error_count': 0, 'min_timestamp': '2016-10-05T13:30:00+00:00', 'max_timestamp': '2026-10-02T20:00:02+00:00', 'quality_status': 'passed'}
2026-10-05 10:58:54 | INFO | app.lakehouse.gold | Gold write complete: 2513 rows, 121 partitions
2026-10-05 10:58:54 | INFO | app.pipelines.orchestrator | Gold build for BLDR: 2513 rows
2026-10-05 10:59:01 | INFO | app.pipelines.orchestrator | Silver transform for BLK: {'engine': 'pandas', 'record_count': 2513, 'source_count': 2513, 'duplicate_count': 0, 'missing_count': 0, 'invalid_ohlc_count': 0, 'invalid_volume_count': 0, 'error_count': 0, 'min_timestamp': '2016-10-05T13:30:00+00:00', 'max_timestamp': '2026-10-02T20:00:02+00:00', 'quality_status': 'passed'}
2026-10-05 10:59:04 | INFO | app.lakehouse.gold | Gold write complete: 2513 rows, 121 partitions
2026-10-05 10:59:04 | INFO | app.pipelines.orchestrator | Gold build for BLK: 2513 rows
2026-10-05 10:59:12 | INFO | app.pipelines.orchestrator | Silver transform for BLMN: {'engine': 'pandas', 'record_count': 2513, 'source_count': 2513, 'duplicate_count': 0, 'missing_count': 0, 'invalid_ohlc_count': 0, 'invalid_volume_count': 0, 'error_count': 0, 'min_timestamp': '2016-10-05T13:30:00+00:00', 'max_timestamp': '2026-10-02T20:00:01+00:00', 'quality_status': 'passed'}
2026-10-05 10:59:15 | INFO | app.lakehouse.gold | Gold write complete: 2513 rows, 121 partitions
2026-10-05 10:59:15 | INFO | app.pipelines.orchestrator | Gold build for BLMN: 2513 rows
2026-10-05 10:59:22 | INFO | app.pipelines.orchestrator | Silver transform for BMRN: {'engine': 'pandas', 'record_count': 2513, 'source_count': 2513, 'duplicate_count': 0, 'missing_count': 0, 'invalid_ohlc_count': 0, 'invalid_volume_count': 0, 'error_count': 0, 'min_timestamp': '2016-10-05T13:30:00+00:00', 'max_timestamp': '2026-10-02T20:00:01+00:00', 'quality_status': 'passed'}
2026-10-05 10:59:26 | INFO | app.lakehouse.gold | Gold write complete: 2513 rows, 121 partitions
2026-10-05 10:59:26 | INFO | app.pipelines.orchestrator | Gold build for BMRN: 2513 rows
2026-10-05 10:59:40 | INFO | app.pipelines.orchestrator | Silver transform for BND: {'engine': 'pandas', 'record_count': 5026, 'source_count': 5026, 'duplicate_count': 0, 'missing_count': 0, 'invalid_ohlc_count': 0, 'invalid_volume_count': 0, 'error_count': 0, 'min_timestamp': '2016-10-05T13:30:00+00:00', 'max_timestamp': '2026-10-02T20:00:01+00:00', 'quality_status': 'passed'}
2026-10-05 10:59:46 | INFO | app.lakehouse.gold | Gold write complete: 5026 rows, 242 partitions
2026-10-05 10:59:47 | INFO | app.pipelines.orchestrator | Gold build for BND: 5026 rows
2026-10-05 10:59:54 | INFO | app.pipelines.orchestrator | Silver transform for BNDX: {'engine': 'pandas', 'record_count': 2513, 'source_count': 2513, 'duplicate_count': 0, 'missing_count': 0, 'invalid_ohlc_count': 0, 'invalid_volume_count': 0, 'error_count': 0, 'min_timestamp': '2016-10-05T13:30:00+00:00', 'max_timestamp': '2026-10-02T20:00:01+00:00', 'quality_status': 'passed'}
2026-10-05 10:59:57 | INFO | app.lakehouse.gold | Gold write complete: 2513 rows, 121 partitions
2026-10-05 10:59:57 | INFO | app.pipelines.orchestrator | Gold build for BNDX: 2513 rows
2026-10-05 11:00:02 | INFO | app.pipelines.orchestrator | Silver transform for BNTX: {'engine': 'pandas', 'record_count': 1755, 'source_count': 1755, 'duplicate_count': 0, 'missing_count': 0, 'invalid_ohlc_count': 0, 'invalid_volume_count': 0, 'error_count': 0, 'min_timestamp': '2019-10-10T13:30:00+00:00', 'max_timestamp': '2026-10-02T20:00:01+00:00', 'quality_status': 'passed'}
2026-10-05 11:00:05 | INFO | app.lakehouse.gold | Gold write complete: 1755 rows, 85 partitions
2026-10-05 11:00:05 | INFO | app.pipelines.orchestrator | Gold build for BNTX: 1755 rows
2026-10-05 11:00:13 | INFO | app.pipelines.orchestrator | Silver transform for BP: {'engine': 'pandas', 'record_count': 2513, 'source_count': 2513, 'duplicate_count': 0, 'missing_count': 0, 'invalid_ohlc_count': 0, 'invalid_volume_count': 0, 'error_count': 0, 'min_timestamp': '2016-10-05T13:30:00+00:00', 'max_timestamp': '2026-10-02T20:00:02+00:00', 'quality_status': 'passed'}
2026-10-05 11:00:16 | INFO | app.lakehouse.gold | Gold write complete: 2513 rows, 121 partitions
2026-10-05 11:00:16 | INFO | app.pipelines.orchestrator | Gold build for BP: 2513 rows
2026-10-05 11:00:24 | INFO | app.pipelines.orchestrator | Silver transform for BRO: {'engine': 'pandas', 'record_count': 2513, 'source_count': 2513, 'duplicate_count': 0, 'missing_count': 0, 'invalid_ohlc_count': 0, 'invalid_volume_count': 0, 'error_count': 0, 'min_timestamp': '2016-10-05T13:30:00+00:00', 'max_timestamp': '2026-10-02T20:00:02+00:00', 'quality_status': 'passed'}
2026-10-05 11:00:27 | INFO | app.lakehouse.gold | Gold write complete: 2513 rows, 121 partitions
2026-10-05 11:00:27 | INFO | app.pipelines.orchestrator | Gold build for BRO: 2513 rows
2026-10-05 11:00:34 | INFO | app.pipelines.orchestrator | Silver transform for BRX: {'engine': 'pandas', 'record_count': 2513, 'source_count': 2513, 'duplicate_count': 0, 'missing_count': 0, 'invalid_ohlc_count': 0, 'invalid_volume_count': 0, 'error_count': 0, 'min_timestamp': '2016-10-05T13:30:00+00:00', 'max_timestamp': '2026-10-02T20:00:03+00:00', 'quality_status': 'passed'}
2026-10-05 11:00:38 | INFO | app.lakehouse.gold | Gold write complete: 2513 rows, 121 partitions
2026-10-05 11:00:38 | INFO | app.pipelines.orchestrator | Gold build for BRX: 2513 rows
2026-10-05 11:00:45 | INFO | app.pipelines.orchestrator | Silver transform for BSX: {'engine': 'pandas', 'record_count': 2513, 'source_count': 2513, 'duplicate_count': 0, 'missing_count': 0, 'invalid_ohlc_count': 0, 'invalid_volume_count': 0, 'error_count': 0, 'min_timestamp': '2016-10-05T13:30:00+00:00', 'max_timestamp': '2026-10-02T20:00:02+00:00', 'quality_status': 'passed'}
2026-10-05 11:00:48 | INFO | app.lakehouse.gold | Gold write complete: 2513 rows, 121 partitions
2026-10-05 11:00:48 | INFO | app.pipelines.orchestrator | Gold build for BSX: 2513 rows
2026-10-05 11:00:52 | INFO | app.pipelines.orchestrator | Silver transform for BTF: {'engine': 'pandas', 'record_count': 1242, 'source_count': 1242, 'duplicate_count': 0, 'missing_count': 0, 'invalid_ohlc_count': 0, 'invalid_volume_count': 0, 'error_count': 0, 'min_timestamp': '2021-10-22T13:30:00+00:00', 'max_timestamp': '2026-10-02T20:00:00+00:00', 'quality_status': 'passed'}
2026-10-05 11:00:53 | INFO | app.lakehouse.gold | Gold write complete: 1242 rows, 61 partitions
2026-10-05 11:00:53 | INFO | app.pipelines.orchestrator | Gold build for BTF: 1242 rows
2026-10-05 11:01:01 | INFO | app.pipelines.orchestrator | Silver transform for BURL: {'engine': 'pandas', 'record_count': 2513, 'source_count': 2513, 'duplicate_count': 0, 'missing_count': 0, 'invalid_ohlc_count': 0, 'invalid_volume_count': 0, 'error_count': 0, 'min_timestamp': '2016-10-05T13:30:00+00:00', 'max_timestamp': '2026-10-02T20:00:03+00:00', 'quality_status': 'passed'}
2026-10-05 11:01:04 | INFO | app.lakehouse.gold | Gold write complete: 2513 rows, 121 partitions
2026-10-05 11:01:04 | INFO | app.pipelines.orchestrator | Gold build for BURL: 2513 rows
2026-10-05 11:01:06 | WARNING | urllib3.connectionpool | Connection pool is full, discarding connection: localhost. Connection pool size: 1
2026-10-05 11:01:06 | WARNING | urllib3.connectionpool | Connection pool is full, discarding connection: localhost. Connection pool size: 1
2026-10-05 11:01:06 | WARNING | urllib3.connectionpool | Connection pool is full, discarding connection: localhost. Connection pool size: 1
2026-10-05 11:01:06 | WARNING | urllib3.connectionpool | Connection pool is full, discarding connection: localhost. Connection pool size: 1
2026-10-05 11:01:06 | WARNING | urllib3.connectionpool | Connection pool is full, discarding connection: localhost. Connection pool size: 1
2026-10-05 11:01:06 | WARNING | urllib3.connectionpool | Connection pool is full, discarding connection: localhost. Connection pool size: 1
2026-10-05 11:01:06 | WARNING | urllib3.connectionpool | Connection pool is full, discarding connection: localhost. Connection pool size: 1
2026-10-05 11:01:06 | WARNING | urllib3.connectionpool | Connection pool is full, discarding connection: localhost. Connection pool size: 1
2026-10-05 11:01:06 | WARNING | urllib3.connectionpool | Connection pool is full, discarding connection: localhost. Connection pool size: 1
2026-10-05 11:01:06 | WARNING | urllib3.connectionpool | Connection pool is full, discarding connection: localhost. Connection pool size: 1
2026-10-05 11:01:06 | WARNING | urllib3.connectionpool | Connection pool is full, discarding connection: localhost. Connection pool size: 1
2026-10-05 11:01:07 | WARNING | urllib3.connectionpool | Connection pool is full, discarding connection: localhost. Connection pool size: 1
2026-10-05 11:01:07 | WARNING | urllib3.connectionpool | Connection pool is full, discarding connection: localhost. Connection pool size: 1
2026-10-05 11:01:07 | WARNING | urllib3.connectionpool | Connection pool is full, discarding connection: localhost. Connection pool size: 1
2026-10-05 11:01:07 | WARNING | urllib3.connectionpool | Connection pool is full, discarding connection: localhost. Connection pool size: 1
2026-10-05 11:01:07 | WARNING | urllib3.connectionpool | Connection pool is full, discarding connection: localhost. Connection pool size: 1
2026-10-05 11:01:07 | WARNING | urllib3.connectionpool | Connection pool is full, discarding connection: localhost. Connection pool size: 1
2026-10-05 11:01:07 | WARNING | urllib3.connectionpool | Connection pool is full, discarding connection: localhost. Connection pool size: 1
2026-10-05 11:01:07 | WARNING | urllib3.connectionpool | Connection pool is full, discarding connection: localhost. Connection pool size: 1
2026-10-05 11:01:07 | WARNING | urllib3.connectionpool | Connection pool is full, discarding connection: localhost. Connection pool size: 1
2026-10-05 11:01:07 | WARNING | urllib3.connectionpool | Connection pool is full, discarding connection: localhost. Connection pool size: 1
2026-10-05 11:01:07 | WARNING | urllib3.connectionpool | Connection pool is full, discarding connection: localhost. Connection pool size: 1
2026-10-05 11:01:07 | WARNING | urllib3.connectionpool | Connection pool is full, discarding connection: localhost. Connection pool size: 1
2026-10-05 11:01:07 | WARNING | urllib3.connectionpool | Connection pool is full, discarding connection: localhost. Connection pool size: 1
2026-10-05 11:01:07 | WARNING | urllib3.connectionpool | Connection pool is full, discarding connection: localhost. Connection pool size: 1
2026-10-05 11:01:09 | WARNING | urllib3.connectionpool | Connection pool is full, discarding connection: localhost. Connection pool size: 1
2026-10-05 11:01:09 | WARNING | urllib3.connectionpool | Connection pool is full, discarding connection: localhost. Connection pool size: 1
2026-10-05 11:01:09 | WARNING | urllib3.connectionpool | Connection pool is full, discarding connection: localhost. Connection pool size: 1
2026-10-05 11:01:09 | WARNING | urllib3.connectionpool | Connection pool is full, discarding connection: localhost. Connection pool size: 1
2026-10-05 11:01:09 | WARNING | urllib3.connectionpool | Connection pool is full, discarding connection: localhost. Connection pool size: 1
2026-10-05 11:01:09 | WARNING | urllib3.connectionpool | Connection pool is full, discarding connection: localhost. Connection pool size: 1
2026-10-05 11:01:09 | WARNING | urllib3.connectionpool | Connection pool is full, discarding connection: localhost. Connection pool size: 1
2026-10-05 11:01:09 | WARNING | urllib3.connectionpool | Connection pool is full, discarding connection: localhost. Connection pool size: 1
2026-10-05 11:01:09 | WARNING | urllib3.connectionpool | Connection pool is full, discarding connection: localhost. Connection pool size: 1
2026-10-05 11:01:09 | WARNING | urllib3.connectionpool | Connection pool is full, discarding connection: localhost. Connection pool size: 1
2026-10-05 11:01:09 | WARNING | urllib3.connectionpool | Connection pool is full, discarding connection: localhost. Connection pool size: 1
2026-10-05 11:01:09 | WARNING | urllib3.connectionpool | Connection pool is full, discarding connection: localhost. Connection pool size: 1
2026-10-05 11:01:09 | WARNING | urllib3.connectionpool | Connection pool is full, discarding connection: localhost. Connection pool size: 1
2026-10-05 11:01:09 | WARNING | urllib3.connectionpool | Connection pool is full, discarding connection: localhost. Connection pool size: 1
2026-10-05 11:01:11 | WARNING | urllib3.connectionpool | Connection pool is full, discarding connection: localhost. Connection pool size: 1
2026-10-05 11:01:11 | WARNING | urllib3.connectionpool | Connection pool is full, discarding connection: localhost. Connection pool size: 1
2026-10-05 11:01:11 | WARNING | urllib3.connectionpool | Connection pool is full, discarding connection: localhost. Connection pool size: 1
2026-10-05 11:01:11 | INFO | app.pipelines.orchestrator | Silver transform for BXP: {'engine': 'pandas', 'record_count': 2513, 'source_count': 2513, 'duplicate_count': 0, 'missing_count': 0, 'invalid_ohlc_count': 0, 'invalid_volume_count': 0, 'error_count': 0, 'min_timestamp': '2016-10-05T13:30:00+00:00', 'max_timestamp': '2026-10-02T20:00:02+00:00', 'quality_status': 'passed'}
2026-10-05 11:01:11 | WARNING | urllib3.connectionpool | Connection pool is full, discarding connection: localhost. Connection pool size: 1
2026-10-05 11:01:11 | WARNING | urllib3.connectionpool | Connection pool is full, discarding connection: localhost. Connection pool size: 1
2026-10-05 11:01:11 | WARNING | urllib3.connectionpool | Connection pool is full, discarding connection: localhost. Connection pool size: 1
2026-10-05 11:01:11 | WARNING | urllib3.connectionpool | Connection pool is full, discarding connection: localhost. Connection pool size: 1
2026-10-05 11:01:11 | WARNING | urllib3.connectionpool | Connection pool is full, discarding connection: localhost. Connection pool size: 1
2026-10-05 11:01:11 | WARNING | urllib3.connectionpool | Connection pool is full, discarding connection: localhost. Connection pool size: 1
2026-10-05 11:01:11 | WARNING | urllib3.connectionpool | Connection pool is full, discarding connection: localhost. Connection pool size: 1
2026-10-05 11:01:11 | WARNING | urllib3.connectionpool | Connection pool is full, discarding connection: localhost. Connection pool size: 1
2026-10-05 11:01:11 | WARNING | urllib3.connectionpool | Connection pool is full, discarding connection: localhost. Connection pool size: 1
2026-10-05 11:01:11 | WARNING | urllib3.connectionpool | Connection pool is full, discarding connection: localhost. Connection pool size: 1
2026-10-05 11:01:11 | WARNING | urllib3.connectionpool | Connection pool is full, discarding connection: localhost. Connection pool size: 1
2026-10-05 11:01:11 | WARNING | urllib3.connectionpool | Connection pool is full, discarding connection: localhost. Connection pool size: 1
2026-10-05 11:01:11 | WARNING | urllib3.connectionpool | Connection pool is full, discarding connection: localhost. Connection pool size: 1
2026-10-05 11:01:11 | WARNING | urllib3.connectionpool | Connection pool is full, discarding connection: localhost. Connection pool size: 1
2026-10-05 11:01:12 | WARNING | urllib3.connectionpool | Connection pool is full, discarding connection: localhost. Connection pool size: 1
2026-10-05 11:01:12 | WARNING | urllib3.connectionpool | Connection pool is full, discarding connection: localhost. Connection pool size: 1
2026-10-05 11:01:12 | WARNING | urllib3.connectionpool | Connection pool is full, discarding connection: localhost. Connection pool size: 1
2026-10-05 11:01:12 | WARNING | urllib3.connectionpool | Connection pool is full, discarding connection: localhost. Connection pool size: 1
2026-10-05 11:01:12 | WARNING | urllib3.connectionpool | Connection pool is full, discarding connection: localhost. Connection pool size: 1
2026-10-05 11:01:12 | WARNING | urllib3.connectionpool | Connection pool is full, discarding connection: localhost. Connection pool size: 1
2026-10-05 11:01:12 | WARNING | urllib3.connectionpool | Connection pool is full, discarding connection: localhost. Connection pool size: 1
2026-10-05 11:01:12 | WARNING | urllib3.connectionpool | Connection pool is full, discarding connection: localhost. Connection pool size: 1
2026-10-05 11:01:12 | WARNING | urllib3.connectionpool | Connection pool is full, discarding connection: localhost. Connection pool size: 1
2026-10-05 11:01:12 | WARNING | urllib3.connectionpool | Connection pool is full, discarding connection: localhost. Connection pool size: 1
2026-10-05 11:01:12 | WARNING | urllib3.connectionpool | Connection pool is full, discarding connection: localhost. Connection pool size: 1
2026-10-05 11:01:12 | WARNING | urllib3.connectionpool | Connection pool is full, discarding connection: localhost. Connection pool size: 1
2026-10-05 11:01:12 | WARNING | urllib3.connectionpool | Connection pool is full, discarding connection: localhost. Connection pool size: 1
2026-10-05 11:01:12 | WARNING | urllib3.connectionpool | Connection pool is full, discarding connection: localhost. Connection pool size: 1
2026-10-05 11:01:12 | WARNING | urllib3.connectionpool | Connection pool is full, discarding connection: localhost. Connection pool size: 1
2026-10-05 11:01:12 | WARNING | urllib3.connectionpool | Connection pool is full, discarding connection: localhost. Connection pool size: 1
2026-10-05 11:01:12 | WARNING | urllib3.connectionpool | Connection pool is full, discarding connection: localhost. Connection pool size: 1
2026-10-05 11:01:12 | WARNING | urllib3.connectionpool | Connection pool is full, discarding connection: localhost. Connection pool size: 1
2026-10-05 11:01:12 | WARNING | urllib3.connectionpool | Connection pool is full, discarding connection: localhost. Connection pool size: 1
2026-10-05 11:01:12 | WARNING | urllib3.connectionpool | Connection pool is full, discarding connection: localhost. Connection pool size: 1
2026-10-05 11:01:12 | WARNING | urllib3.connectionpool | Connection pool is full, discarding connection: localhost. Connection pool size: 1
2026-10-05 11:01:12 | WARNING | urllib3.connectionpool | Connection pool is full, discarding connection: localhost. Connection pool size: 1
2026-10-05 11:01:12 | WARNING | urllib3.connectionpool | Connection pool is full, discarding connection: localhost. Connection pool size: 1
2026-10-05 11:01:12 | WARNING | urllib3.connectionpool | Connection pool is full, discarding connection: localhost. Connection pool size: 1
2026-10-05 11:01:12 | WARNING | urllib3.connectionpool | Connection pool is full, discarding connection: localhost. Connection pool size: 1
2026-10-05 11:01:12 | WARNING | urllib3.connectionpool | Connection pool is full, discarding connection: localhost. Connection pool size: 1
2026-10-05 11:01:12 | WARNING | urllib3.connectionpool | Connection pool is full, discarding connection: localhost. Connection pool size: 1
2026-10-05 11:01:12 | WARNING | urllib3.connectionpool | Connection pool is full, discarding connection: localhost. Connection pool size: 1
2026-10-05 11:01:12 | WARNING | urllib3.connectionpool | Connection pool is full, discarding connection: localhost. Connection pool size: 1
2026-10-05 11:01:12 | WARNING | urllib3.connectionpool | Connection pool is full, discarding connection: localhost. Connection pool size: 1
2026-10-05 11:01:16 | INFO | app.lakehouse.gold | Gold write complete: 2513 rows, 121 partitions
2026-10-05 11:01:16 | INFO | app.pipelines.orchestrator | Gold build for BXP: 2513 rows
2026-10-05 11:01:35 | WARNING | app.lakehouse.silver | Silver rejected 2 invalid/duplicate rows
2026-10-05 11:06:21 | WARNING | urllib3.connectionpool | Connection pool is full, discarding connection: localhost. Connection pool size: 1
2026-10-05 11:06:21 | WARNING | urllib3.connectionpool | Connection pool is full, discarding connection: localhost. Connection pool size: 1
2026-10-05 11:06:21 | WARNING | urllib3.connectionpool | Connection pool is full, discarding connection: localhost. Connection pool size: 0
2026-10-05 11:06:21 | WARNING | urllib3.connectionpool | Connection pool is full, discarding connection: localhost. Connection pool size: 1
2026-10-05 11:06:21 | WARNING | urllib3.connectionpool | Connection pool is full, discarding connection: localhost. Connection pool size: 1
2026-10-05 11:06:21 | WARNING | urllib3.connectionpool | Connection pool is full, discarding connection: localhost. Connection pool size: 1
2026-10-05 11:06:21 | WARNING | urllib3.connectionpool | Connection pool is full, discarding connection: localhost. Connection pool size: 1
2026-10-05 11:06:21 | WARNING | urllib3.connectionpool | Connection pool is full, discarding connection: localhost. Connection pool size: 1
2026-10-05 11:06:21 | WARNING | urllib3.connectionpool | Connection pool is full, discarding connection: localhost. Connection pool size: 1
2026-10-05 11:06:21 | WARNING | urllib3.connectionpool | Connection pool is full, discarding connection: localhost. Connection pool size: 0
2026-10-05 11:06:21 | WARNING | urllib3.connectionpool | Connection pool is full, discarding connection: localhost. Connection pool size: 1
2026-10-05 11:06:21 | WARNING | urllib3.connectionpool | Connection pool is full, discarding connection: localhost. Connection pool size: 1
2026-10-05 11:06:21 | WARNING | urllib3.connectionpool | Connection pool is full, discarding connection: localhost. Connection pool size: 1
2026-10-05 11:06:21 | WARNING | urllib3.connectionpool | Connection pool is full, discarding connection: localhost. Connection pool size: 1
2026-10-05 11:06:21 | WARNING | urllib3.connectionpool | Connection pool is full, discarding connection: localhost. Connection pool size: 1
2026-10-05 11:06:21 | WARNING | urllib3.connectionpool | Connection pool is full, discarding connection: localhost. Connection pool size: 1
2026-10-05 11:06:21 | WARNING | urllib3.connectionpool | Connection pool is full, discarding connection: localhost. Connection pool size: 1
2026-10-05 11:06:21 | WARNING | urllib3.connectionpool | Connection pool is full, discarding connection: localhost. Connection pool size: 1
2026-10-05 11:06:21 | WARNING | urllib3.connectionpool | Connection pool is full, discarding connection: localhost. Connection pool size: 1
2026-10-05 11:06:21 | WARNING | urllib3.connectionpool | Connection pool is full, discarding connection: localhost. Connection pool size: 1
2026-10-05 11:06:22 | WARNING | urllib3.connectionpool | Connection pool is full, discarding connection: localhost. Connection pool size: 1
2026-10-05 11:06:22 | WARNING | urllib3.connectionpool | Connection pool is full, discarding connection: localhost. Connection pool size: 1
2026-10-05 11:06:22 | WARNING | urllib3.connectionpool | Connection pool is full, discarding connection: localhost. Connection pool size: 1
2026-10-05 11:06:32 | WARNING | urllib3.connectionpool | Connection pool is full, discarding connection: localhost. Connection pool size: 1
2026-10-05 11:06:32 | WARNING | urllib3.connectionpool | Connection pool is full, discarding connection: localhost. Connection pool size: 1
2026-10-05 11:06:32 | WARNING | urllib3.connectionpool | Connection pool is full, discarding connection: localhost. Connection pool size: 1
2026-10-05 11:06:32 | WARNING | urllib3.connectionpool | Connection pool is full, discarding connection: localhost. Connection pool size: 1
2026-10-05 11:06:32 | WARNING | urllib3.connectionpool | Connection pool is full, discarding connection: localhost. Connection pool size: 1
2026-10-05 11:06:32 | WARNING | urllib3.connectionpool | Connection pool is full, discarding connection: localhost. Connection pool size: 0
2026-10-05 11:06:32 | WARNING | urllib3.connectionpool | Connection pool is full, discarding connection: localhost. Connection pool size: 1
2026-10-05 11:06:32 | WARNING | urllib3.connectionpool | Connection pool is full, discarding connection: localhost. Connection pool size: 1
2026-10-05 11:06:32 | WARNING | urllib3.connectionpool | Connection pool is full, discarding connection: localhost. Connection pool size: 1
2026-10-05 11:06:32 | WARNING | urllib3.connectionpool | Connection pool is full, discarding connection: localhost. Connection pool size: 1
2026-10-05 11:06:32 | WARNING | urllib3.connectionpool | Connection pool is full, discarding connection: localhost. Connection pool size: 1
2026-10-05 11:06:32 | WARNING | urllib3.connectionpool | Connection pool is full, discarding connection: localhost. Connection pool size: 1
2026-10-05 11:06:32 | WARNING | urllib3.connectionpool | Connection pool is full, discarding connection: localhost. Connection pool size: 1
2026-10-05 11:06:32 | WARNING | urllib3.connectionpool | Connection pool is full, discarding connection: localhost. Connection pool size: 1
2026-10-05 11:06:32 | WARNING | urllib3.connectionpool | Connection pool is full, discarding connection: localhost. Connection pool size: 1
2026-10-05 11:06:32 | WARNING | urllib3.connectionpool | Connection pool is full, discarding connection: localhost. Connection pool size: 1
2026-10-05 11:06:32 | WARNING | urllib3.connectionpool | Connection pool is full, discarding connection: localhost. Connection pool size: 1
2026-10-05 11:06:32 | WARNING | urllib3.connectionpool | Connection pool is full, discarding connection: localhost. Connection pool size: 1
2026-10-05 11:06:32 | WARNING | urllib3.connectionpool | Connection pool is full, discarding connection: localhost. Connection pool size: 1
2026-10-05 11:06:33 | WARNING | urllib3.connectionpool | Connection pool is full, discarding connection: localhost. Connection pool size: 1
2026-10-05 11:06:33 | WARNING | urllib3.connectionpool | Connection pool is full, discarding connection: localhost. Connection pool size: 1
2026-10-05 11:06:33 | WARNING | urllib3.connectionpool | Connection pool is full, discarding connection: localhost. Connection pool size: 1
2026-10-05 11:06:45 | WARNING | app.database.session | MySQL connection check failed: (pymysql.err.OperationalError) (2013, 'Lost connection to MySQL server during query')
(Background on this error at: https://sqlalche.me/e/20/e3q8)
2026-10-05 11:06:51 | ERROR | app.agent.llm_client | LLM request failed (gemini)
Traceback (most recent call last):
  File "D:\School\kltn\stock-lakehouse-ai\backend\app\agent\llm_client.py", line 100, in _chat_gemini
    with urllib.request.urlopen(req, timeout=settings.openai_timeout_seconds) as resp:
         ^^^^^^^^^^^^^^^^^^^^^^^^^^^^^^^^^^^^^^^^^^^^^^^^^^^^^^^^^^^^^^^^^^^^
  File "C:\Users\acer\AppData\Local\Programs\Python\Python311\Lib\urllib\request.py", line 216, in urlopen
    return opener.open(url, data, timeout)
           ^^^^^^^^^^^^^^^^^^^^^^^^^^^^^^^
  File "C:\Users\acer\AppData\Local\Programs\Python\Python311\Lib\urllib\request.py", line 525, in open
    response = meth(req, response)
               ^^^^^^^^^^^^^^^^^^^
  File "C:\Users\acer\AppData\Local\Programs\Python\Python311\Lib\urllib\request.py", line 634, in http_response
    response = self.parent.error(
               ^^^^^^^^^^^^^^^^^^
  File "C:\Users\acer\AppData\Local\Programs\Python\Python311\Lib\urllib\request.py", line 563, in error
    return self._call_chain(*args)
           ^^^^^^^^^^^^^^^^^^^^^^^
  File "C:\Users\acer\AppData\Local\Programs\Python\Python311\Lib\urllib\request.py", line 496, in _call_chain
    result = func(*args)
             ^^^^^^^^^^^
  File "C:\Users\acer\AppData\Local\Programs\Python\Python311\Lib\urllib\request.py", line 643, in http_error_default
    raise HTTPError(req.full_url, code, msg, hdrs, fp)
urllib.error.HTTPError: HTTP Error 503: Service Unavailable

The above exception was the direct cause of the following exception:

Traceback (most recent call last):
  File "D:\School\kltn\stock-lakehouse-ai\backend\app\agent\llm_client.py", line 45, in chat
    return self._chat_gemini(messages, tools)
           ^^^^^^^^^^^^^^^^^^^^^^^^^^^^^^^^^^
  File "D:\School\kltn\stock-lakehouse-ai\backend\app\agent\llm_client.py", line 104, in _chat_gemini
    raise AgentError(f"Gemini API error {exc.code}: {err_body[:200]}") from exc
app.core.exceptions.AgentError: Gemini API error 503: {
  "error": {
    "code": 503,
    "message": "This model is currently experiencing high demand. Spikes in demand are usually temporary. Please try again later.",
    "status": "UNAVAILABLE"
  }
}

2026-10-05 11:06:51 | WARNING | app.agent.agent | LLM path failed (LLM request failed: Gemini API error 503: {
  "error": {
    "code": 503,
    "message": "This model is currently experiencing high demand. Spikes in demand are usually temporary. Please try again later.",
    "status": "UNAVAILABLE"
  }
}
). Falling back to local tool router.
2026-10-05 11:06:55 | INFO | app.pipelines.orchestrator | Silver transform for C: {'engine': 'pandas', 'record_count': 115491, 'source_count': 115493, 'duplicate_count': 0, 'missing_count': 0, 'invalid_ohlc_count': 2, 'invalid_volume_count': 0, 'error_count': 2, 'min_timestamp': '2016-10-05T02:00:00+00:00', 'max_timestamp': '2026-10-02T20:03:10+00:00', 'quality_status': 'warning'}
