symbol,timestamp,open,high,low,close,adj_close,volume,source,ingestion_time
AAPL,2021-01-04 00:00:00+00:00,151.16423269445005,152.47391573641113,149.57411151235652,150.8627075247601,150.8627075247601,1746338.0,sample,2026-09-24 19:05:19.241239+00:00
AAPL,2021-01-05 00:00:00+00:00,150.8920996272162,152.46871515702014,147.88871859630493,148.1018907078748,148.1018907078748,12874777.0,sample,2026-09-24 19:05:19.241239+00:00
AAPL,2021-01-06 00:00:00+00:00,148.33760316352854,150.50571372207298,146.89200849984113,150.15357582198817,150.15357582198817,16364000.0,sample,2026-09-24 19:05:19.241239+00:00
AAPL,2021-01-07 00:00:00+00:00,150.01929117957962,154.46455544202325,149.40229559687833,152.75552598202256,152.75552598202256,12117126.0,sample,2026-09-24 19:05:19.241239+00:00
AAPL,2021-01-08 00:00:00+00:00,152.74038520942807,152.93683858528425,146.26580986702425,147.5209413037841,147.5209413037841,11501792.0,sample,2026-09-24 19:05:19.241239+00:00
AAPL,2021-01-11 00:00:00+00:00,147.48686429699666,148.99096443243528,142.97620138522012,144.1394032650195,144.1394032650195,15160748.0,sample,2026-09-24 19:05:19.241239+00:00
AAPL,2021-01-12 00:00:00+00:00,143.8983857177608,144.77408357859002,142.72145398184182,144.5075906722754,144.5075906722754,17574868.0,sample,2026-09-24 19:05:19.241239+00:00
AAPL,2021-01-13 00:00:00+00:00,144.69894228705743,145.15342868928747,142.6181153504635,143.72326361202798,143.72326361202798,15720114.0,sample,2026-09-24 19:05:19.241239+00:00
AAPL,2021-01-14 00:00:00+00:00,143.9101754305124,144.06025008612036,142.05579576045042,143.71572971599772,143.71572971599772,5318491.0,sample,2026-09-24 19:05:19.241239+00:00
AAPL,2021-01-15 00:00:00+00:00,143.88633600820714,144.73495225958467,140.62810476227216,141.56124617316144,141.56124617316144,10793726.0,sample,2026-09-24 19:05:19.241239+00:00
AAPL,2021-01-18 00:00:00+00:00,141.9963957197493,144.52878126348753,140.71054589991115,143.85583066552078,143.85583066552078,15010363.0,sample,2026-09-24 19:05:19.241239+00:00
AAPL,2021-01-19 00:00:00+00:00,144.272824066126,146.33284885031682,143.00900240227938,145.92048892656243,145.92048892656243,6360175.0,sample,2026-09-24 19:05:19.241239+00:00
AAPL,2021-01-20 00:00:00+00:00,145.811064701636,147.001783439473,145.28629893996265,146.13055427769294,146.13055427769294,12640756.0,sample,2026-09-24 19:05:19.241239+00:00
AAPL,2021-01-21 00:00:00+00:00,146.23958296182767,149.97253582474664,145.6376075733592,149.16316460308445,149.16316460308445,1876204.0,sample,2026-09-24 19:05:19.241239+00:00
AAPL,2021-01-22 00:00:00+00:00,148.97712809856762,151.8823020767995,148.1332936254398,150.46130468621053,150.46130468621053,15975989.0,sample,2026-09-24 19:05:19.241239+00:00
AAPL,2021-01-25 00:00:00+00:00,150.46833282887843,152.09706727139366,147.58816932833093,148.18902800668053,148.18902800668053,11637653.0,sample,2026-09-24 19:05:19.241239+00:00
AAPL,2021-01-26 00:00:00+00:00,148.0112754308556,150.43350636377804,147.26616090331575,149.21320499654996,149.21320499654996,13761366.0,sample,2026-09-24 19:05:19.241239+00:00
AAPL,2021-01-27 00:00:00+00:00,149.69667676284183,150.05123547882314,145.91899482686162,146.69656978748733,146.69656978748733,15120235.0,sample,2026-09-24 19:05:19.241239+00:00
AAPL,2021-01-28 00:00:00+00:00,146.80327632967408,149.70530132141513,145.68133079728798,149.0718504946691,149.0718504946691,5109841.0,sample,2026-09-24 19:05:19.241239+00:00
AAPL,2021-01-29 00:00:00+00:00,149.00684648349255,150.65285080168923,148.46586901079422,148.9751839499616,148.9751839499616,8933906.0,sample,2026-09-24 19:05:19.241239+00:00
AAPL,2021-02-01 00:00:00+00:00,149.3308230425784,149.62591260922545,147.05493197809014,148.51741422251493,148.51741422251493,15667618.0,sample,2026-09-24 19:05:19.241239+00:00
AAPL,2021-02-02 00:00:00+00:00,147.8726658466462,148.68232994593882,145.89185476822672,146.74486800034472,146.74486800034472,4217651.0,sample,2026-09-24 19:05:19.241239+00:00
AAPL,2021-02-03 00:00:00+00:00,146.1537495614994,151.7530694673988,144.8721733366273,150.04739804596767,150.04739804596767,15070666.0,sample,2026-09-24 19:05:19.241239+00:00
AAPL,2021-02-04 00:00:00+00:00,150.28622508492793,152.0081014438124,149.384278128956,149.66802884975718,149.66802884975718,6253354.0,sample,2026-09-24 19:05:19.241239+00:00
AAPL,2021-02-05 00:00:00+00:00,149.68612923663184,150.51288089679326,147.63914242620905,148.5556743872875,148.5556743872875,10995882.0,sample,2026-09-24 19:05:19.241239+00:00
AAPL,2021-02-08 00:00:00+00:00,148.63008482535355,149.8698627271722,147.46046730313614,147.6539552393263,147.6539552393263,9914817.0,sample,2026-09-24 19:05:19.241239+00:00
AAPL,2021-02-09 00:00:00+00:00,147.2622599775883,150.01106975465274,146.02010135531256,149.1127842836903,149.1127842836903,12827130.0,sample,2026-09-24 19:05:19.241239+00:00
AAPL,2021-02-10 00:00:00+00:00,149.10585539706202,151.5288675011674,148.39300850623334,150.13440920949753,150.13440920949753,15305240.0,sample,2026-09-24 19:05:19.241239+00:00
AAPL,2021-02-11 00:00:00+00:00,150.7360006128501,151.49560717648825,149.0113123117804,151.29175747375155,151.29175747375155,7258130.0,sample,2026-09-24 19:05:19.241239+00:00
AAPL,2021-02-12 00:00:00+00:00,151.54114669172776,152.90201795553213,150.84930583837223,152.50767449405748,152.50767449405748,4333926.0,sample,2026-09-24 19:05:19.241239+00:00
AAPL,2021-02-15 00:00:00+00:00,152.55943759514977,159.77088790261297,151.46072513969608,158.54121263573185,158.54121263573185,8476666.0,sample,2026-09-24 19:05:19.241239+00:00
AAPL,2021-02-16 00:00:00+00:00,158.40199635709087,158.9656025223597,156.82185576060584,157.42499236148163,157.42499236148163,11600472.0,sample,2026-09-24 19:05:19.241239+00:00
AAPL,2021-02-17 00:00:00+00:00,157.30076110509845,158.61053773592275,154.79888394952818,156.01914697385894,156.01914697385894,13882297.0,sample,2026-09-24 19:05:19.241239+00:00
AAPL,2021-02-18 00:00:00+00:00,155.35475569703587,156.11031612573333,152.84501744176782,153.78889151175596,153.78889151175596,13930582.0,sample,2026-09-24 19:05:19.241239+00:00
AAPL,2021-02-19 00:00:00+00:00,153.86813598124013,157.2149779314627,153.08696116812067,155.54241461563336,155.54241461563336,7109350.0,sample,2026-09-24 19:05:19.241239+00:00
AAPL,2021-02-22 00:00:00+00:00,155.80543158405337,160.3649291234682,155.30053117610169,158.77529417981785,158.77529417981785,16944784.0,sample,2026-09-24 19:05:19.241239+00:00
AAPL,2021-02-23 00:00:00+00:00,158.27495533544402,159.50728447695124,157.92251898701224,158.4895886262092,158.4895886262092,2872285.0,sample,2026-09-24 19:05:19.241239+00:00
AAPL,2021-02-24 00:00:00+00:00,158.27993324386495,159.78388478779755,155.78778443221108,156.14984446601972,156.14984446601972,3425610.0,sample,2026-09-24 19:05:19.241239+00:00
AAPL,2021-02-25 00:00:00+00:00,155.7883686214234,156.40879840869312,152.04302386893988,153.88805550678805,153.88805550678805,1908711.0,sample,2026-09-24 19:05:19.241239+00:00
AAPL,2021-02-26 00:00:00+00:00,153.5909434702875,156.74218556605476,152.74075339786705,155.73971123077365,155.73971123077365,16785461.0,sample,2026-09-24 19:05:19.241239+00:00
AAPL,2021-03-01 00:00:00+00:00,155.75636965700846,158.37758372664746,155.5973070801301,157.87675090393333,157.87675090393333,4471966.0,sample,2026-09-24 19:05:19.241239+00:00
AAPL,2021-03-02 00:00:00+00:00,157.21859362431985,161.13729531167485,155.4133756635457,159.46770861169813,159.46770861169813,11424214.0,sample,2026-09-24 19:05:19.241239+00:00
AAPL,2021-03-03 00:00:00+00:00,159.66362121024352,161.26883834923794,157.41596328898999,157.6082105006324,157.6082105006324,14913726.0,sample,2026-09-24 19:05:19.241239+00:00
AAPL,2021-03-04 00:00:00+00:00,157.84583799773054,160.03708846179262,156.96119930434665,158.30779014737703,158.30779014737703,14150576.0,sample,2026-09-24 19:05:19.241239+00:00
AAPL,2021-03-05 00:00:00+00:00,158.2282871557522,160.37060737633468,156.82128112408788,158.68030559982262,158.68030559982262,17155931.0,sample,2026-09-24 19:05:19.241239+00:00
AAPL,2021-03-08 00:00:00+00:00,157.89302643088575,161.1873284914564,156.14663613513702,159.34599644680017,159.34599644680017,2387282.0,sample,2026-09-24 19:05:19.241239+00:00
AAPL,2021-03-09 00:00:00+00:00,159.02844580912316,162.47419370805977,157.62235617469818,161.90562994248563,161.90562994248563,8216722.0,sample,2026-09-24 19:05:19.241239+00:00
AAPL,2021-03-10 00:00:00+00:00,162.30485747108207,164.42846460413784,161.31481678085234,162.59921253663708,162.59921253663708,9851444.0,sample,2026-09-24 19:05:19.241239+00:00
AAPL,2021-03-11 00:00:00+00:00,161.6958131716816,165.83871968630214,159.80092218180565,164.63959271463588,164.63959271463588,12986445.0,sample,2026-09-24 19:05:19.241239+00:00
AAPL,2021-03-12 00:00:00+00:00,164.5251604885512,165.81235881543128,164.28947602222019,164.88120114821103,164.88120114821103,11773389.0,sample,2026-09-24 19:05:19.241239+00:00
AAPL,2021-03-15 00:00:00+00:00,164.49208125679203,166.97063242757778,162.5418936994479,165.7829447021899,165.7829447021899,10739170.0,sample,2026-09-24 19:05:19.241239+00:00
AAPL,2021-03-16 00:00:00+00:00,166.04971276982323,168.51922712090476,164.3322096019601,167.7194358711928,167.7194358711928,6562758.0,sample,2026-09-24 19:05:19.241239+00:00
AAPL,2021-03-17 00:00:00+00:00,167.49297640878822,168.19210600706054,161.58513005975476,163.41839523451281,163.41839523451281,3256832.0,sample,2026-09-24 19:05:19.241239+00:00
AAPL,2021-03-18 00:00:00+00:00,163.5504222701471,164.14811037305398,161.90341076887827,162.52139784217613,162.52139784217613,8622228.0,sample,2026-09-24 19:05:19.241239+00:00
AAPL,2021-03-19 00:00:00+00:00,162.7051966776717,163.0154279589494,160.77769349300115,161.1914782711671,161.1914782711671,5784348.0,sample,2026-09-24 19:05:19.241239+00:00
AAPL,2021-03-22 00:00:00+00:00,161.7834461862587,162.8289254159165,158.06590839291277,159.3882680701837,159.3882680701837,10645919.0,sample,2026-09-24 19:05:19.241239+00:00
AAPL,2021-03-23 00:00:00+00:00,159.32357494034127,161.03875351784902,157.58165604038666,158.64049469587474,158.64049469587474,14652589.0,sample,2026-09-24 19:05:19.241239+00:00
AAPL,2021-03-24 00:00:00+00:00,158.75980642552378,164.30096977094865,157.6874081331643,163.00804349170448,163.00804349170448,10617041.0,sample,2026-09-24 19:05:19.241239+00:00
AAPL,2021-03-25 00:00:00+00:00,162.52389151544608,163.61779626638364,158.73416948550226,160.5273906205588,160.5273906205588,11120209.0,sample,2026-09-24 19:05:19.241239+00:00
AAPL,2021-03-26 00:00:00+00:00,160.90957858670853,164.32428986655137,159.65112247695018,163.39059072479824,163.39059072479824,2190715.0,sample,2026-09-24 19:05:19.241239+00:00
AAPL,2021-03-29 00:00:00+00:00,163.1420707449226,164.13861068838915,157.8539808294339,158.5550641030034,158.5550641030034,12136706.0,sample,2026-09-24 19:05:19.241239+00:00
AAPL,2021-03-30 00:00:00+00:00,158.37724327813748,158.9002129846947,156.79020553078863,157.64158550516817,157.64158550516817,8751449.0,sample,2026-09-24 19:05:19.241239+00:00
AAPL,2021-03-31 00:00:00+00:00,157.6345711498601,159.73331951118482,157.24545743284528,158.14361331328254,158.14361331328254,3541006.0,sample,2026-09-24 19:05:19.241239+00:00
AAPL,2021-04-01 00:00:00+00:00,157.64929295815693,160.369852736253,157.1581437679695,159.86114060100607,159.86114060100607,5027999.0,sample,2026-09-24 19:05:19.241239+00:00
AAPL,2021-04-02 00:00:00+00:00,159.93428347652588,163.4000152092068,159.52215669463135,161.96133689529094,161.96133689529094,14382269.0,sample,2026-09-24 19:05:19.241239+00:00
AAPL,2021-04-05 00:00:00+00:00,162.274721157219,165.8699751388172,160.6660586200988,164.33185606007018,164.33185606007018,16625468.0,sample,2026-09-24 19:05:19.241239+00:00
AAPL,2021-04-06 00:00:00+00:00,164.42813277790634,165.63233198558115,161.91454539645414,163.34439825187178,163.34439825187178,9877432.0,sample,2026-09-24 19:05:19.241239+00:00
AAPL,2021-04-07 00:00:00+00:00,162.8253232188625,164.5337174671585,160.92384807611762,162.03113567230793,162.03113567230793,17613569.0,sample,2026-09-24 19:05:19.241239+00:00
AAPL,2021-04-08 00:00:00+00:00,161.99101375117388,165.28559065085176,161.16193626368593,164.59403992428386,164.59403992428386,4470638.0,sample,2026-09-24 19:05:19.241239+00:00
AAPL,2021-04-09 00:00:00+00:00,164.83830699404783,166.60171249287305,162.69870871815425,164.06925090095106,164.06925090095106,6444173.0,sample,2026-09-24 19:05:19.241239+00:00
AAPL,2021-04-12 00:00:00+00:00,163.4530104808862,164.92793118184238,158.79031151575984,160.38485110150918,160.38485110150918,16846089.0,sample,2026-09-24 19:05:19.241239+00:00
AAPL,2021-04-13 00:00:00+00:00,160.04009872731893,161.60629084027389,155.50469501166717,157.18556917119548,157.18556917119548,4390559.0,sample,2026-09-24 19:05:19.241239+00:00
AAPL,2021-04-14 00:00:00+00:00,157.46112918181734,158.7696904974276,153.5590249955471,154.64419088858855,154.64419088858855,12379792.0,sample,2026-09-24 19:05:19.241239+00:00
AAPL,2021-04-15 00:00:00+00:00,154.72772826835686,157.6823898115302,153.17755195434643,156.07330939117986,156.07330939117986,5121818.0,sample,2026-09-24 19:05:19.241239+00:00
AAPL,2021-04-16 00:00:00+00:00,156.20190492757516,158.37934098500472,155.16716641948497,156.51306549868687,156.51306549868687,6964429.0,sample,2026-09-24 19:05:19.241239+00:00
AAPL,2021-04-19 00:00:00+00:00,157.09513596392688,159.4011971357646,156.11803077028355,158.51008649473155,158.51008649473155,9382912.0,sample,2026-09-24 19:05:19.241239+00:00
AAPL,2021-04-20 00:00:00+00:00,158.6586271776283,160.23776799997862,155.67993590361195,157.33506148142857,157.33506148142857,7439800.0,sample,2026-09-24 19:05:19.241239+00:00
AAPL,2021-04-21 00:00:00+00:00,157.54207918256736,159.27460660738453,156.71496541751281,157.8241431759159,157.8241431759159,15929342.0,sample,2026-09-24 19:05:19.241239+00:00
AAPL,2021-04-22 00:00:00+00:00,158.67978535631826,160.6062593639756,157.83004884273168,159.6512936841955,159.6512936841955,17551019.0,sample,2026-09-24 19:05:19.241239+00:00
AAPL,2021-04-23 00:00:00+00:00,159.58302533560607,161.36978694374207,158.1130452555804,158.8044839166082,158.8044839166082,9750597.0,sample,2026-09-24 19:05:19.241239+00:00
AAPL,2021-04-26 00:00:00+00:00,158.55106919560342,161.01060363529578,157.4878702766459,160.15558338851048,160.15558338851048,10166081.0,sample,2026-09-24 19:05:19.241239+00:00
AAPL,2021-04-27 00:00:00+00:00,160.292611351976,161.449944055183,157.19124004651596,158.29827534909134,158.29827534909134,2413969.0,sample,2026-09-24 19:05:19.241239+00:00
AAPL,2021-04-28 00:00:00+00:00,158.43725839478333,158.78033303566292,156.00634587043092,157.30649547574015,157.30649547574015,5364346.0,sample,2026-09-24 19:05:19.241239+00:00
AAPL,2021-04-29 00:00:00+00:00,157.14078397089978,157.68818815583498,155.37208428179915,156.268365462879,156.268365462879,2158112.0,sample,2026-09-24 19:05:19.241239+00:00
AAPL,2021-04-30 00:00:00+00:00,155.94570347336983,157.54378168977703,152.45930631886972,152.97885466711435,152.97885466711435,15634710.0,sample,2026-09-24 19:05:19.241239+00:00
AAPL,2021-05-03 00:00:00+00:00,153.68556937541547,155.19198554559406,152.06645153091307,154.36427197765386,154.36427197765386,5251950.0,sample,2026-09-24 19:05:19.241239+00:00
AAPL,2021-05-04 00:00:00+00:00,154.46517788636805,155.2892380229653,152.36795834106812,153.1037765517273,153.1037765517273,7120463.0,sample,2026-09-24 19:05:19.241239+00:00
AAPL,2021-05-05 00:00:00+00:00,152.87954523691474,153.74414203745422,151.17457481832756,153.17650190463442,153.17650190463442,15405726.0,sample,2026-09-24 19:05:19.241239+00:00
AAPL,2021-05-06 00:00:00+00:00,153.4570999040177,155.53667799203177,152.9536245515553,154.5463889815815,154.5463889815815,13269287.0,sample,2026-09-24 19:05:19.241239+00:00
AAPL,2021-05-07 00:00:00+00:00,154.5126530034842,157.36965365451326,153.40624471911605,155.8325237324899,155.8325237324899,11754429.0,sample,2026-09-24 19:05:19.241239+00:00
AAPL,2021-05-10 00:00:00+00:00,155.75370942452022,159.4606522396111,154.67857801024132,157.7495733322265,157.7495733322265,2134785.0,sample,2026-09-24 19:05:19.241239+00:00
AAPL,2021-05-11 00:00:00+00:00,157.92696994350808,158.20669947127413,155.91631580261776,157.50954474545733,157.50954474545733,10788804.0,sample,2026-09-24 19:05:19.241239+00:00
AAPL,2021-05-12 00:00:00+00:00,157.10257716958952,158.25304374793075,155.9579038841539,156.35306518850825,156.35306518850825,10754723.0,sample,2026-09-24 19:05:19.241239+00:00
AAPL,2021-05-13 00:00:00+00:00,156.46333387691087,157.42401984948336,154.44860707850754,156.16790781625008,156.16790781625008,6762998.0,sample,2026-09-24 19:05:19.241239+00:00
AAPL,2021-05-14 00:00:00+00:00,156.7653921163911,157.98143699525824,150.49659983979632,151.53395735089407,151.53395735089407,13791316.0,sample,2026-09-24 19:05:19.241239+00:00
AAPL,2021-05-17 00:00:00+00:00,151.67524084285677,152.57316320658424,146.5749122483723,147.67467556822805,147.67467556822805,16835519.0,sample,2026-09-24 19:05:19.241239+00:00
AAPL,2021-05-18 00:00:00+00:00,147.56356156748592,148.3582050742746,143.28266235160535,144.23632832270005,144.23632832270005,5774092.0,sample,2026-09-24 19:05:19.241239+00:00
AAPL,2021-05-19 00:00:00+00:00,144.090042315256,144.98205878761016,141.50788369166884,141.70574373378054,141.70574373378054,6964441.0,sample,2026-09-24 19:05:19.241239+00:00
AAPL,2021-05-20 00:00:00+00:00,141.5894486715674,143.82155741656487,140.67364850270104,142.7648136342563,142.7648136342563,6818527.0,sample,2026-09-24 19:05:19.241239+00:00
AAPL,2021-05-21 00:00:00+00:00,142.6922997654532,143.62134297700473,139.94413762805866,140.49192213575935,140.49192213575935,15276582.0,sample,2026-09-24 19:05:19.241239+00:00
AAPL,2021-05-24 00:00:00+00:00,140.38576460379403,141.2552563257575,138.90803379329418,139.57374051663874,139.57374051663874,2783210.0,sample,2026-09-24 19:05:19.241239+00:00
AAPL,2021-05-25 00:00:00+00:00,139.82952654725665,144.3405926847453,138.69129775845994,142.91201723448214,142.91201723448214,16282408.0,sample,2026-09-24 19:05:19.241239+00:00
AAPL,2021-05-26 00:00:00+00:00,142.4166244160246,143.72716040950218,141.1143712684327,142.03399428640404,142.03399428640404,14288077.0,sample,2026-09-24 19:05:19.241239+00:00
AAPL,2021-05-27 00:00:00+00:00,142.27886090687429,144.6526858143156,141.9906892537123,143.9680939977877,143.9680939977877,9475027.0,sample,2026-09-24 19:05:19.241239+00:00
AAPL,2021-05-28 00:00:00+00:00,143.85876850710486,145.26949769603988,141.34892870998283,141.60430556443924,141.60430556443924,11128087.0,sample,2026-09-24 19:05:19.241239+00:00
AAPL,2021-05-31 00:00:00+00:00,141.71106042329416,143.18346064060995,140.68760143047967,141.1169121907,141.1169121907,16255772.0,sample,2026-09-24 19:05:19.241239+00:00
AAPL,2021-06-01 00:00:00+00:00,140.7988380827724,141.1773636867411,138.32884199771365,138.75895822079448,138.75895822079448,14202308.0,sample,2026-09-24 19:05:19.241239+00:00
AAPL,2021-06-02 00:00:00+00:00,139.1276771461861,140.15854465489093,136.88821994061962,137.94923000199373,137.94923000199373,6067254.0,sample,2026-09-24 19:05:19.241239+00:00
AAPL,2021-06-03 00:00:00+00:00,138.29289876923227,140.6664039309578,137.88411061602753,140.08666480442122,140.08666480442122,2331603.0,sample,2026-09-24 19:05:19.241239+00:00
AAPL,2021-06-04 00:00:00+00:00,140.35551647708172,141.6370880366643,134.3788351635227,135.83209097659832,135.83209097659832,12364151.0,sample,2026-09-24 19:05:19.241239+00:00
AAPL,2021-06-07 00:00:00+00:00,135.42058635957267,137.4292448282466,134.97270074500327,136.93263962862753,136.93263962862753,3905827.0,sample,2026-09-24 19:05:19.241239+00:00
AAPL,2021-06-08 00:00:00+00:00,137.1597071022931,138.70769989181557,136.88505220920342,137.55424717513853,137.55424717513853,2951401.0,sample,2026-09-24 19:05:19.241239+00:00
AAPL,2021-06-09 00:00:00+00:00,137.66562624872802,138.1896327260011,134.6775660888838,136.12501140136337,136.12501140136337,17707854.0,sample,2026-09-24 19:05:19.241239+00:00
AAPL,2021-06-10 00:00:00+00:00,135.68797626772695,136.58658093525315,132.0970618387642,132.66068446545214,132.66068446545214,9319914.0,sample,2026-09-24 19:05:19.241239+00:00
AAPL,2021-06-11 00:00:00+00:00,132.65423785032863,134.38558652524313,131.90080835050466,132.86624623188646,132.86624623188646,12238967.0,sample,2026-09-24 19:05:19.241239+00:00
AAPL,2021-06-14 00:00:00+00:00,132.9631148902463,133.65377622362382,130.11850143355306,131.6388365617727,131.6388365617727,5085974.0,sample,2026-09-24 19:05:19.241239+00:00
AAPL,2021-06-15 00:00:00+00:00,131.78523876594642,133.6303287672472,130.28446037385137,132.22437072404472,132.22437072404472,3178020.0,sample,2026-09-24 19:05:19.241239+00:00
AAPL,2021-06-16 00:00:00+00:00,132.27124726944172,133.87817578451387,131.0987835871646,132.30946313684308,132.30946313684308,2535594.0,sample,2026-09-24 19:05:19.241239+00:00
AAPL,2021-06-17 00:00:00+00:00,132.3865284816664,137.6608352459551,132.1537494797173,136.213787237497,136.213787237497,7347025.0,sample,2026-09-24 19:05:19.241239+00:00
AAPL,2021-06-18 00:00:00+00:00,136.61523961480722,137.00111295576275,134.64100375271101,135.66209727389565,135.66209727389565,1561470.0,sample,2026-09-24 19:05:19.241239+00:00
AAPL,2021-06-21 00:00:00+00:00,135.99474993699044,137.35690604752173,131.63636014478666,133.21898264634,133.21898264634,8430922.0,sample,2026-09-24 19:05:19.241239+00:00
AAPL,2021-06-22 00:00:00+00:00,132.45509035807183,133.8639451888763,130.9429726471421,133.6829861042487,133.6829861042487,6858409.0,sample,2026-09-24 19:05:19.241239+00:00
AAPL,2021-06-23 00:00:00+00:00,133.59811383641807,134.9620122494489,133.3087366588928,134.24696983234074,134.24696983234074,10192743.0,sample,2026-09-24 19:05:19.241239+00:00
AAPL,2021-06-24 00:00:00+00:00,134.20276202928562,139.06188490616626,133.48402030402818,137.60627647929317,137.60627647929317,11227254.0,sample,2026-09-24 19:05:19.241239+00:00
AAPL,2021-06-25 00:00:00+00:00,137.12407695805788,140.92364908409064,136.51100834578878,139.7253263529912,139.7253263529912,6589120.0,sample,2026-09-24 19:05:19.241239+00:00
AAPL,2021-06-28 00:00:00+00:00,139.75164587008805,141.62588112609228,139.41246734320669,140.66092681440853,140.66092681440853,9011300.0,sample,2026-09-24 19:05:19.241239+00:00
AAPL,2021-06-29 00:00:00+00:00,141.01222966567644,145.2119438142869,139.7934917866023,144.45119099922934,144.45119099922934,2788605.0,sample,2026-09-24 19:05:19.241239+00:00
AAPL,2021-06-30 00:00:00+00:00,144.13727895639065,145.56932122260397,140.86099231107022,141.42845020867904,141.42845020867904,6479193.0,sample,2026-09-24 19:05:19.241239+00:00
AAPL,2021-07-01 00:00:00+00:00,141.52360353549435,142.76973902373194,139.17377884024685,139.84412498646725,139.84412498646725,17640173.0,sample,2026-09-24 19:05:19.241239+00:00
AAPL,2021-07-02 00:00:00+00:00,139.58797992081807,140.44678917658138,137.29118444911552,137.56548281943995,137.56548281943995,17854800.0,sample,2026-09-24 19:05:19.241239+00:00
AAPL,2021-07-05 00:00:00+00:00,137.3806190155406,138.86671019233904,135.75268693139694,136.63777769564908,136.63777769564908,9515847.0,sample,2026-09-24 19:05:19.241239+00:00
AAPL,2021-07-06 00:00:00+00:00,137.04151326155844,137.52519144248697,132.9614861631682,133.32678107768317,133.32678107768317,17002163.0,sample,2026-09-24 19:05:19.241239+00:00
AAPL,2021-07-07 00:00:00+00:00,133.1821061022751,135.28125965845857,132.41591015714448,134.89353428247264,134.89353428247264,9771487.0,sample,2026-09-24 19:05:19.241239+00:00
AAPL,2021-07-08 00:00:00+00:00,135.0182332349369,136.1079439825198,134.04234182339022,134.38862966587507,134.38862966587507,3573279.0,sample,2026-09-24 19:05:19.241239+00:00
AAPL,2021-07-09 00:00:00+00:00,133.88568878902828,135.45107193060565,129.4056979003701,130.91016315543638,130.91016315543638,15820409.0,sample,2026-09-24 19:05:19.241239+00:00
AAPL,2021-07-12 00:00:00+00:00,131.39775574705524,131.8865320498907,128.23733244744992,128.57094935807643,128.57094935807643,8349272.0,sample,2026-09-24 19:05:19.241239+00:00
AAPL,2021-07-13 00:00:00+00:00,128.72591655238563,129.81540895566772,127.8582062114535,129.33088706122183,129.33088706122183,11605081.0,sample,2026-09-24 19:05:19.241239+00:00
AAPL,2021-07-14 00:00:00+00:00,129.28368132814484,131.6624822639803,128.87426860020594,131.32962898358508,131.32962898358508,12205974.0,sample,2026-09-24 19:05:19.241239+00:00
AAPL,2021-07-15 00:00:00+00:00,131.48080160282726,137.59483358935745,131.23887957876784,136.1696548690292,136.1696548690292,6582593.0,sample,2026-09-24 19:05:19.241239+00:00
AAPL,2021-07-16 00:00:00+00:00,135.78570561889424,144.03918645157793,135.34774310909052,143.53818465535073,143.53818465535073,13602598.0,sample,2026-09-24 19:05:19.241239+00:00
AAPL,2021-07-19 00:00:00+00:00,143.87766128729137,145.59432644103035,143.6470951508293,144.64905013556177,144.64905013556177,9771573.0,sample,2026-09-24 19:05:19.241239+00:00
AAPL,2021-07-20 00:00:00+00:00,144.55532195549387,146.27547206826827,141.77087427581904,142.1309447198379,142.1309447198379,7545140.0,sample,2026-09-24 19:05:19.241239+00:00
AAPL,2021-07-21 00:00:00+00:00,142.0729355339132,142.23398229722136,135.93446154088093,136.81394615189012,136.81394615189012,6415591.0,sample,2026-09-24 19:05:19.241239+00:00
AAPL,2021-07-22 00:00:00+00:00,136.67941546222778,138.48844074466828,135.56274863828463,137.50919008697244,137.50919008697244,13813649.0,sample,2026-09-24 19:05:19.241239+00:00
AAPL,2021-07-23 00:00:00+00:00,137.34950027874362,138.26083886317414,135.27978961737864,135.5455589408882,135.5455589408882,5614128.0,sample,2026-09-24 19:05:19.241239+00:00
AAPL,2021-07-26 00:00:00+00:00,135.73387797355417,137.07518945178467,133.78218485240757,134.5695790276187,134.5695790276187,3548475.0,sample,2026-09-24 19:05:19.241239+00:00
AAPL,2021-07-27 00:00:00+00:00,134.6384535817963,135.2992721631651,132.144028511098,133.12834182872558,133.12834182872558,16048801.0,sample,2026-09-24 19:05:19.241239+00:00
AAPL,2021-07-28 00:00:00+00:00,133.30187412743544,134.03686799546853,132.3495475116001,132.82459233345793,132.82459233345793,6974908.0,sample,2026-09-24 19:05:19.241239+00:00
AAPL,2021-07-29 00:00:00+00:00,132.8222560313667,135.81726182250887,132.14581054091593,135.43164489114352,135.43164489114352,12077038.0,sample,2026-09-24 19:05:19.241239+00:00
AAPL,2021-07-30 00:00:00+00:00,135.57065188028756,137.0918707874632,135.32795552711454,135.84899276126276,135.84899276126276,13321147.0,sample,2026-09-24 19:05:19.241239+00:00
AAPL,2021-08-02 00:00:00+00:00,135.73519240129968,137.04256635614533,135.0319187981008,135.49550880683182,135.49550880683182,15332590.0,sample,2026-09-24 19:05:19.241239+00:00
AAPL,2021-08-03 00:00:00+00:00,136.09974610754097,136.44044412951084,132.21026245926433,133.02628321856315,133.02628321856315,11823766.0,sample,2026-09-24 19:05:19.241239+00:00
AAPL,2021-08-04 00:00:00+00:00,132.60913130727698,133.3156764472555,127.57268236854915,129.10840933473372,129.10840933473372,13181031.0,sample,2026-09-24 19:05:19.241239+00:00
AAPL,2021-08-05 00:00:00+00:00,129.43400455896577,130.83473352517018,126.4842624252886,128.01518523282604,128.01518523282604,15313968.0,sample,2026-09-24 19:05:19.241239+00:00
AAPL,2021-08-06 00:00:00+00:00,128.36541108419686,128.49759921856247,126.41688829901067,127.92329232888751,127.92329232888751,17065475.0,sample,2026-09-24 19:05:19.241239+00:00
AAPL,2021-08-09 00:00:00+00:00,127.70527040879516,132.65884181601325,126.98323116332996,132.09264653003584,132.09264653003584,2273140.0,sample,2026-09-24 19:05:19.241239+00:00
AAPL,2021-08-10 00:00:00+00:00,132.68158783215168,133.62435222862615,132.18589373133628,132.43586432781015,132.43586432781015,13763688.0,sample,2026-09-24 19:05:19.241239+00:00
AAPL,2021-08-11 00:00:00+00:00,132.69954155991374,135.46345986523173,132.09452350373036,134.83311069654695,134.83311069654695,4377463.0,sample,2026-09-24 19:05:19.241239+00:00
AAPL,2021-08-12 00:00:00+00:00,135.09499408296432,135.6343604524921,133.1769997089549,133.6601622329369,133.6601622329369,16206080.0,sample,2026-09-24 19:05:19.241239+00:00
AAPL,2021-08-13 00:00:00+00:00,133.6676531330649,134.47773422676073,130.7210191812744,130.8722279488724,130.8722279488724,2300160.0,sample,2026-09-24 19:05:19.241239+00:00
AAPL,2021-08-16 00:00:00+00:00,130.8153702062827,131.20739171496098,128.3870741391007,128.6504949962396,128.6504949962396,5571752.0,sample,2026-09-24 19:05:19.241239+00:00
AAPL,2021-08-17 00:00:00+00:00,128.59661389772913,129.4743986504706,126.25355464036703,127.01374604524108,127.01374604524108,4669884.0,sample,2026-09-24 19:05:19.241239+00:00
AAPL,2021-08-18 00:00:00+00:00,127.11295155320873,133.1655595366835,126.51090812028953,132.00737237624995,132.00737237624995,11456385.0,sample,2026-09-24 19:05:19.241239+00:00
AAPL,2021-08-19 00:00:00+00:00,132.37730621300375,133.34739947639264,129.71431567488358,130.10252742748264,130.10252742748264,1570666.0,sample,2026-09-24 19:05:19.241239+00:00
AAPL,2021-08-20 00:00:00+00:00,130.14970630348725,132.38148263970015,128.99435438766687,132.11405701677916,132.11405701677916,1780911.0,sample,2026-09-24 19:05:19.241239+00:00
AAPL,2021-08-23 00:00:00+00:00,131.8732279871897,133.23000500176911,129.37594561124928,130.01670323144182,130.01670323144182,9819469.0,sample,2026-09-24 19:05:19.241239+00:00
AAPL,2021-08-24 00:00:00+00:00,130.23108180885396,132.63509756720308,128.88051433051243,132.24830351990883,132.24830351990883,17532468.0,sample,2026-09-24 19:05:19.241239+00:00
AAPL,2021-08-25 00:00:00+00:00,132.49194476690244,134.45495913506895,132.00824996345122,133.20114580637602,133.20114580637602,10217187.0,sample,2026-09-24 19:05:19.241239+00:00
AAPL,2021-08-26 00:00:00+00:00,133.37554860498062,134.0379204176186,131.93963128281416,132.8593271753228,132.8593271753228,8857826.0,sample,2026-09-24 19:05:19.241239+00:00
AAPL,2021-08-27 00:00:00+00:00,133.0574201415845,134.33615182287392,132.39329960767077,132.7950752761758,132.7950752761758,12355214.0,sample,2026-09-24 19:05:19.241239+00:00
AAPL,2021-08-30 00:00:00+00:00,132.7231194332983,133.15699156787133,130.42544843386858,131.27193011085816,131.27193011085816,10604841.0,sample,2026-09-24 19:05:19.241239+00:00
AAPL,2021-08-31 00:00:00+00:00,131.02802970881555,132.76742390597354,130.67725043015852,132.3632813306456,132.3632813306456,7851055.0,sample,2026-09-24 19:05:19.241239+00:00
AAPL,2021-09-01 00:00:00+00:00,132.13344746802696,132.98799203945072,130.9518033507907,131.31651723235134,131.31651723235134,11211063.0,sample,2026-09-24 19:05:19.241239+00:00
AAPL,2021-09-02 00:00:00+00:00,130.88699055665336,131.0652974015028,127.48964480886508,128.48339411480654,128.48339411480654,1552926.0,sample,2026-09-24 19:05:19.241239+00:00
AAPL,2021-09-03 00:00:00+00:00,128.544282038491,128.991393851778,125.10301441497941,125.59303403210545,125.59303403210545,5534049.0,sample,2026-09-24 19:05:19.241239+00:00
AAPL,2021-09-06 00:00:00+00:00,125.57207286036203,127.14492389705354,125.20841117824015,126.01530571305142,126.01530571305142,12619204.0,sample,2026-09-24 19:05:19.241239+00:00
AAPL,2021-09-07 00:00:00+00:00,125.90441534285884,131.00512598383813,124.49082972020229,129.68092574670337,129.68092574670337,7135591.0,sample,2026-09-24 19:05:19.241239+00:00
AAPL,2021-09-08 00:00:00+00:00,128.91435097611244,130.33313152493164,128.72445552738716,130.08744330566293,130.08744330566293,2395802.0,sample,2026-09-24 19:05:19.241239+00:00
AAPL,2021-09-09 00:00:00+00:00,129.76292262441694,131.23208014899794,128.82647172278251,129.84239583895362,129.84239583895362,3553276.0,sample,2026-09-24 19:05:19.241239+00:00
AAPL,2021-09-10 00:00:00+00:00,130.13346111001738,131.8205451473094,129.21850546417573,130.54477166135763,130.54477166135763,15791812.0,sample,2026-09-24 19:05:19.241239+00:00
AAPL,2021-09-13 00:00:00+00:00,130.37124476252075,135.09596379159873,129.88147941780915,133.68339455973955,133.68339455973955,6938023.0,sample,2026-09-24 19:05:19.241239+00:00
AAPL,2021-09-14 00:00:00+00:00,133.7798047987779,135.41151460896438,132.97973612150358,134.24589587592607,134.24589587592607,1873790.0,sample,2026-09-24 19:05:19.241239+00:00
AAPL,2021-09-15 00:00:00+00:00,133.87250825306882,134.99913694403847,133.0279721496866,133.28990221771105,133.28990221771105,13525292.0,sample,2026-09-24 19:05:19.241239+00:00
AAPL,2021-09-16 00:00:00+00:00,133.67343204383855,136.92630210936417,132.47919739759425,136.00473057776438,136.00473057776438,10252839.0,sample,2026-09-24 19:05:19.241239+00:00
AAPL,2021-09-17 00:00:00+00:00,135.9655536915614,138.21420113948366,135.49801320703,137.09269250634546,137.09269250634546,8947873.0,sample,2026-09-24 19:05:19.241239+00:00
AAPL,2021-09-20 00:00:00+00:00,137.17221734412453,142.53674610463324,136.7432470420781,140.97053438396367,140.97053438396367,16266145.0,sample,2026-09-24 19:05:19.241239+00:00
AAPL,2021-09-21 00:00:00+00:00,141.62626722420563,141.92449560560996,140.84013562502952,141.47161728558888,141.47161728558888,6676452.0,sample,2026-09-24 19:05:19.241239+00:00
AAPL,2021-09-22 00:00:00+00:00,141.90068375268308,142.53546358485863,136.90982163394992,138.42223251454925,138.42223251454925,10946077.0,sample,2026-09-24 19:05:19.241239+00:00
AAPL,2021-09-23 00:00:00+00:00,138.3373615191277,138.58595440928494,133.77010857490197,135.08872762981,135.08872762981,13790859.0,sample,2026-09-24 19:05:19.241239+00:00
AAPL,2021-09-24 00:00:00+00:00,134.9284529098531,140.78402156426952,133.38813462587885,139.19815688335302,139.19815688335302,11538876.0,sample,2026-09-24 19:05:19.241239+00:00
AAPL,2021-09-27 00:00:00+00:00,139.10752635218083,144.46757465023336,137.97079726428296,143.62051233999782,143.62051233999782,4931565.0,sample,2026-09-24 19:05:19.241239+00:00
AAPL,2021-09-28 00:00:00+00:00,143.76697603537278,144.97875756705275,142.0055919189194,143.19296756922034,143.19296756922034,12746578.0,sample,2026-09-24 19:05:19.241239+00:00
AAPL,2021-09-29 00:00:00+00:00,143.1628328571338,144.63058413327246,141.3509248489892,142.24426735235937,142.24426735235937,13766097.0,sample,2026-09-24 19:05:19.241239+00:00
AAPL,2021-09-30 00:00:00+00:00,142.13182492469673,147.81071645349016,140.57447947536477,146.07230949952813,146.07230949952813,3519745.0,sample,2026-09-24 19:05:19.241239+00:00
AAPL,2021-10-01 00:00:00+00:00,146.50093860701907,146.90815364670996,142.27805712308816,143.22616400513988,143.22616400513988,4229900.0,sample,2026-09-24 19:05:19.241239+00:00
AAPL,2021-10-04 00:00:00+00:00,143.1934483157583,144.59597640090587,140.28164166811615,140.97320840745448,140.97320840745448,12636297.0,sample,2026-09-24 19:05:19.241239+00:00
AAPL,2021-10-05 00:00:00+00:00,141.621569312383,144.18596654897607,140.4823476906879,142.65080821068278,142.65080821068278,3463174.0,sample,2026-09-24 19:05:19.241239+00:00
AAPL,2021-10-06 00:00:00+00:00,142.6766972107995,142.89608105879446,140.68377604400416,141.67657955277804,141.67657955277804,16025855.0,sample,2026-09-24 19:05:19.241239+00:00
AAPL,2021-10-07 00:00:00+00:00,142.18245515979086,143.5040405348107,141.3639316106076,141.69893878779416,141.69893878779416,3307863.0,sample,2026-09-24 19:05:19.241239+00:00
AAPL,2021-10-08 00:00:00+00:00,141.8002023538069,142.4953039017433,140.56619327109638,141.3180021530265,141.3180021530265,17574643.0,sample,2026-09-24 19:05:19.241239+00:00
AAPL,2021-10-11 00:00:00+00:00,141.59016948175397,143.3717180760032,140.96057753361433,142.21486207824796,142.21486207824796,12579980.0,sample,2026-09-24 19:05:19.241239+00:00
AAPL,2021-10-12 00:00:00+00:00,142.00876115674401,146.871225704861,140.54391642734205,145.9003275751793,145.9003275751793,8810357.0,sample,2026-09-24 19:05:19.241239+00:00
AAPL,2021-10-13 00:00:00+00:00,145.65120007468764,146.73877630419926,144.8985812709255,146.17495541548269,146.17495541548269,5928515.0,sample,2026-09-24 19:05:19.241239+00:00
AAPL,2021-10-14 00:00:00+00:00,146.30935041043978,148.28401777318726,144.8408277234787,147.91608612615005,147.91608612615005,7184330.0,sample,2026-09-24 19:05:19.241239+00:00
AAPL,2021-10-15 00:00:00+00:00,148.2085319792556,148.54739886632194,141.75617010500602,142.59265935970708,142.59265935970708,13850474.0,sample,2026-09-24 19:05:19.241239+00:00
AAPL,2021-10-18 00:00:00+00:00,142.60413992306061,142.9088210028207,141.1796488772588,142.50329158436153,142.50329158436153,13929608.0,sample,2026-09-24 19:05:19.241239+00:00
AAPL,2021-10-19 00:00:00+00:00,142.1366610153183,143.27598449040272,140.04247251855605,140.39178148044024,140.39178148044024,4942866.0,sample,2026-09-24 19:05:19.241239+00:00
AAPL,2021-10-20 00:00:00+00:00,140.00984328980618,140.69106389367863,135.84496876429978,137.3796578611581,137.3796578611581,10457425.0,sample,2026-09-24 19:05:19.241239+00:00
AAPL,2021-10-21 00:00:00+00:00,136.98753883985103,137.4509632755235,134.4087561421041,135.2590157943552,135.2590157943552,17883454.0,sample,2026-09-24 19:05:19.241239+00:00
AAPL,2021-10-22 00:00:00+00:00,134.78084213977016,135.94140439195732,133.96279506867754,134.4815955728377,134.4815955728377,5745526.0,sample,2026-09-24 19:05:19.241239+00:00
AAPL,2021-10-25 00:00:00+00:00,134.51104310449833,137.92120657036128,134.01921885403254,136.75125239637376,136.75125239637376,12941174.0,sample,2026-09-24 19:05:19.241239+00:00
AAPL,2021-10-26 00:00:00+00:00,137.05895472696275,138.00888994998581,133.03536477531947,133.55835929986637,133.55835929986637,4340605.0,sample,2026-09-24 19:05:19.241239+00:00
AAPL,2021-10-27 00:00:00+00:00,133.55477571888557,135.173783811189,132.8824655318544,133.66543144008276,133.66543144008276,15262384.0,sample,2026-09-24 19:05:19.241239+00:00
AAPL,2021-10-28 00:00:00+00:00,133.06115281253656,133.75833424675457,131.36009339161632,132.53872245827108,132.53872245827108,4308799.0,sample,2026-09-24 19:05:19.241239+00:00
AAPL,2021-10-29 00:00:00+00:00,132.4881561628545,133.83880570156836,130.28379286108793,131.79223851760278,131.79223851760278,6410702.0,sample,2026-09-24 19:05:19.241239+00:00
AAPL,2021-11-01 00:00:00+00:00,131.74932722921352,134.47136009343788,130.64798035757485,134.22619145986982,134.22619145986982,9076421.0,sample,2026-09-24 19:05:19.241239+00:00
AAPL,2021-11-02 00:00:00+00:00,134.78886731896466,136.8053472580463,133.84280731079303,135.5665211328219,135.5665211328219,7615831.0,sample,2026-09-24 19:05:19.241239+00:00
AAPL,2021-11-03 00:00:00+00:00,135.1714428974914,140.5535574632456,134.3692577117003,138.90435693016178,138.90435693016178,4307052.0,sample,2026-09-24 19:05:19.241239+00:00
AAPL,2021-11-04 00:00:00+00:00,138.79582328784966,140.22716637179812,137.15242803589473,138.55322037179027,138.55322037179027,12076282.0,sample,2026-09-24 19:05:19.241239+00:00
AAPL,2021-11-05 00:00:00+00:00,139.0259231365289,140.05142170949475,135.44659420330208,136.86260609858994,136.86260609858994,1825362.0,sample,2026-09-24 19:05:19.241239+00:00
AAPL,2021-11-08 00:00:00+00:00,136.98577651555914,138.06720068824475,135.7704687981817,136.34631579425206,136.34631579425206,17728116.0,sample,2026-09-24 19:05:19.241239+00:00
AAPL,2021-11-09 00:00:00+00:00,136.49992711867748,137.64629530406637,134.93186745255747,136.97700033369043,136.97700033369043,2359464.0,sample,2026-09-24 19:05:19.241239+00:00
AAPL,2021-11-10 00:00:00+00:00,137.00839119862732,138.61218298168532,136.27590748467026,137.44740727754484,137.44740727754484,7008728.0,sample,2026-09-24 19:05:19.241239+00:00
AAPL,2021-11-11 00:00:00+00:00,137.53810704541766,138.84119110193527,133.50289497285462,134.82428878480113,134.82428878480113,16843094.0,sample,2026-09-24 19:05:19.241239+00:00
AAPL,2021-11-12 00:00:00+00:00,135.0339700885453,136.6961387565906,133.4628473269791,135.07783693568797,135.07783693568797,4058855.0,sample,2026-09-24 19:05:19.241239+00:00
AAPL,2021-11-15 00:00:00+00:00,134.85914961371785,136.53839844234454,133.68044840000204,135.6678056403088,135.6678056403088,2703862.0,sample,2026-09-24 19:05:19.241239+00:00
AAPL,2021-11-16 00:00:00+00:00,135.90605420155705,142.23018543772957,135.52863520771635,141.99244114312359,141.99244114312359,13774627.0,sample,2026-09-24 19:05:19.241239+00:00
AAPL,2021-11-17 00:00:00+00:00,141.6025290429947,148.01787942548046,140.5479432865516,146.90807158659814,146.90807158659814,2707481.0,sample,2026-09-24 19:05:19.241239+00:00
AAPL,2021-11-18 00:00:00+00:00,147.0045513979171,147.34402395882515,144.371441731503,144.7052112984461,144.7052112984461,16343386.0,sample,2026-09-24 19:05:19.241239+00:00
AAPL,2021-11-19 00:00:00+00:00,144.75694079616616,145.29144356507157,142.60064388437064,143.9945925281542,143.9945925281542,8944609.0,sample,2026-09-24 19:05:19.241239+00:00
AAPL,2021-11-22 00:00:00+00:00,143.81710678392992,144.4810498224532,139.71168674215792,140.2860834692227,140.2860834692227,15843974.0,sample,2026-09-24 19:05:19.241239+00:00
AAPL,2021-11-23 00:00:00+00:00,140.27971861236696,141.54803364490675,137.63649233378837,138.83706685619921,138.83706685619921,5544154.0,sample,2026-09-24 19:05:19.241239+00:00
AAPL,2021-11-24 00:00:00+00:00,138.66420355860663,140.0849868552886,137.1373738969161,139.66294089982512,139.66294089982512,3828749.0,sample,2026-09-24 19:05:19.241239+00:00
AAPL,2021-11-25 00:00:00+00:00,139.3635869816736,143.16626173780426,138.94673539193937,142.76320090314735,142.76320090314735,17384448.0,sample,2026-09-24 19:05:19.241239+00:00
AAPL,2021-11-26 00:00:00+00:00,142.66223455834873,142.87545848531823,140.18712893561062,140.93711681441934,140.93711681441934,14075879.0,sample,2026-09-24 19:05:19.241239+00:00
AAPL,2021-11-29 00:00:00+00:00,140.625930863889,142.11735876284308,138.19113116703585,139.32219144294018,139.32219144294018,16531266.0,sample,2026-09-24 19:05:19.241239+00:00
AAPL,2021-11-30 00:00:00+00:00,139.41213714311957,140.61506308689076,133.3204858246006,134.07347524534592,134.07347524534592,6778150.0,sample,2026-09-24 19:05:19.241239+00:00
AAPL,2021-12-01 00:00:00+00:00,133.7650833272854,133.9576262759344,133.32405881643288,133.71490861187746,133.71490861187746,8178263.0,sample,2026-09-24 19:05:19.241239+00:00
AAPL,2021-12-02 00:00:00+00:00,133.90531249700348,134.08089119980554,131.04173588168229,131.2149117155503,131.2149117155503,11024170.0,sample,2026-09-24 19:05:19.241239+00:00
AAPL,2021-12-03 00:00:00+00:00,130.9048563723662,131.84022619266756,129.29143053175247,130.0028816472904,130.0028816472904,8904070.0,sample,2026-09-24 19:05:19.241239+00:00
AAPL,2021-12-06 00:00:00+00:00,129.8556417055149,130.38907289303307,126.95700706207006,127.99908592977816,127.99908592977816,5503956.0,sample,2026-09-24 19:05:19.241239+00:00
AAPL,2021-12-07 00:00:00+00:00,127.83918859913783,128.80616292474133,126.8792305271741,127.81404021468616,127.81404021468616,7689375.0,sample,2026-09-24 19:05:19.241239+00:00
AAPL,2021-12-08 00:00:00+00:00,128.1527849292757,128.89359080421448,123.52763914969368,123.86438350645373,123.86438350645373,11544493.0,sample,2026-09-24 19:05:19.241239+00:00
AAPL,2021-12-09 00:00:00+00:00,123.94620582743809,125.32900401106835,119.94760541976552,120.66649147385861,120.66649147385861,2124790.0,sample,2026-09-24 19:05:19.241239+00:00
AAPL,2021-12-10 00:00:00+00:00,120.6153931236997,125.93478141513916,120.00457488026326,125.412326309738,125.412326309738,7043058.0,sample,2026-09-24 19:05:19.241239+00:00
AAPL,2021-12-13 00:00:00+00:00,125.5374174402989,126.60079456956313,122.07785533914047,122.57012471295606,122.57012471295606,6331972.0,sample,2026-09-24 19:05:19.241239+00:00
AAPL,2021-12-14 00:00:00+00:00,122.05356705534328,122.2481933594241,119.11962546556798,120.20410493889189,120.20410493889189,2660309.0,sample,2026-09-24 19:05:19.241239+00:00
AAPL,2021-12-15 00:00:00+00:00,120.1937352698207,125.70706193269808,119.66414095919953,124.27608914502524,124.27608914502524,3524112.0,sample,2026-09-24 19:05:19.241239+00:00
AAPL,2021-12-16 00:00:00+00:00,124.77257564508388,132.52432533514087,123.90645914076669,130.98028621651258,130.98028621651258,9678712.0,sample,2026-09-24 19:05:19.241239+00:00
AAPL,2021-12-17 00:00:00+00:00,131.01495578308933,132.2110988671233,126.84812161221241,128.27913422018958,128.27913422018958,3189110.0,sample,2026-09-24 19:05:19.241239+00:00
AAPL,2021-12-20 00:00:00+00:00,128.29655790527596,129.08139120993957,126.57993052165077,127.4635121516905,127.4635121516905,7190924.0,sample,2026-09-24 19:05:19.241239+00:00
AAPL,2021-12-21 00:00:00+00:00,127.60324488844893,128.72035203039,126.60956626298345,128.28163808588855,128.28163808588855,10754215.0,sample,2026-09-24 19:05:19.241239+00:00
AAPL,2021-12-22 00:00:00+00:00,128.5114175012699,133.68460447200394,128.27936368317324,132.36916213093355,132.36916213093355,15918415.0,sample,2026-09-24 19:05:19.241239+00:00
AAPL,2021-12-23 00:00:00+00:00,131.840356145889,133.0400895526257,129.68616430733806,130.07110657104943,130.07110657104943,3129620.0,sample,2026-09-24 19:05:19.241239+00:00
AAPL,2021-12-24 00:00:00+00:00,129.63346243684876,130.07959527643703,129.2571175501316,129.5304868749592,129.5304868749592,8671623.0,sample,2026-09-24 19:05:19.241239+00:00
AAPL,2021-12-27 00:00:00+00:00,129.5849651415991,132.17198714409128,128.36518932467962,131.38846931960956,131.38846931960956,3198366.0,sample,2026-09-24 19:05:19.241239+00:00
AAPL,2021-12-28 00:00:00+00:00,131.2006162451692,133.26057919348443,129.86300865848924,132.45383094754175,132.45383094754175,8571453.0,sample,2026-09-24 19:05:19.241239+00:00
AAPL,2021-12-29 00:00:00+00:00,132.80139649210372,134.14143111482983,131.19144357174667,131.59293469788028,131.59293469788028,9428476.0,sample,2026-09-24 19:05:19.241239+00:00
AAPL,2021-12-30 00:00:00+00:00,131.50998525206705,132.63075168518537,130.86113110260501,131.30915653446047,131.30915653446047,14687869.0,sample,2026-09-24 19:05:19.241239+00:00
AAPL,2021-12-31 00:00:00+00:00,130.80111333606752,131.85731178772687,127.54773730279724,128.13141178389827,128.13141178389827,8797659.0,sample,2026-09-24 19:05:19.241239+00:00
AAPL,2022-01-03 00:00:00+00:00,127.80646695724457,128.84784704130902,126.6578213571304,127.61517171628405,127.61517171628405,16935979.0,sample,2026-09-24 19:05:19.241239+00:00
AAPL,2022-01-04 00:00:00+00:00,126.91337096146545,127.54147175516056,125.91840082943611,127.0364800398713,127.0364800398713,3770973.0,sample,2026-09-24 19:05:19.241239+00:00
AAPL,2022-01-05 00:00:00+00:00,126.97699507158356,128.24971568758554,125.89079658241178,127.60037983039882,127.60037983039882,2377129.0,sample,2026-09-24 19:05:19.241239+00:00
AAPL,2022-01-06 00:00:00+00:00,127.55230405801291,127.74392398894697,124.97826797652773,126.36284082724006,126.36284082724006,1573408.0,sample,2026-09-24 19:05:19.241239+00:00
AAPL,2022-01-07 00:00:00+00:00,126.25556819957352,128.7027110167925,125.71955756499315,127.47179839842175,127.47179839842175,7386309.0,sample,2026-09-24 19:05:19.241239+00:00
AAPL,2022-01-10 00:00:00+00:00,127.74685170114071,130.59755217407533,126.69340659352866,129.8492335902419,129.8492335902419,4684078.0,sample,2026-09-24 19:05:19.241239+00:00
AAPL,2022-01-11 00:00:00+00:00,130.1604873546707,131.00369268977488,129.22893508502636,130.24558239685538,130.24558239685538,3011139.0,sample,2026-09-24 19:05:19.241239+00:00
AAPL,2022-01-12 00:00:00+00:00,130.20119771798798,131.59058500373877,129.63297239517672,131.1056358873875,131.1056358873875,5392222.0,sample,2026-09-24 19:05:19.241239+00:00
AAPL,2022-01-13 00:00:00+00:00,130.54589514598885,131.69760590623332,129.11229664501056,131.26394918470345,131.26394918470345,17587281.0,sample,2026-09-24 19:05:19.241239+00:00
AAPL,2022-01-14 00:00:00+00:00,131.4260028207322,132.40723477586286,131.0277682474011,131.2969687242159,131.2969687242159,14704099.0,sample,2026-09-24 19:05:19.241239+00:00
AAPL,2022-01-17 00:00:00+00:00,131.44280295332223,131.91048737796532,128.49017022613515,129.63510897283152,129.63510897283152,1806456.0,sample,2026-09-24 19:05:19.241239+00:00
AAPL,2022-01-18 00:00:00+00:00,129.71532499265666,130.6308478314471,128.54702954004227,130.40833243714604,130.40833243714604,16604732.0,sample,2026-09-24 19:05:19.241239+00:00
AAPL,2022-01-19 00:00:00+00:00,130.66431871200223,131.89812720048533,128.77144428995933,130.21271568767327,130.21271568767327,4886704.0,sample,2026-09-24 19:05:19.241239+00:00
AAPL,2022-01-20 00:00:00+00:00,129.9093648281743,135.94146795576347,129.0384022343357,135.24614537199926,135.24614537199926,8198082.0,sample,2026-09-24 19:05:19.241239+00:00
AAPL,2022-01-21 00:00:00+00:00,135.78949821795283,139.8871482414629,135.17330642458762,139.16590819927032,139.16590819927032,6905999.0,sample,2026-09-24 19:05:19.241239+00:00
AAPL,2022-01-24 00:00:00+00:00,138.89886893003518,140.97606269653573,137.49527539018473,140.17085108873482,140.17085108873482,8182940.0,sample,2026-09-24 19:05:19.241239+00:00
AAPL,2022-01-25 00:00:00+00:00,140.38088951945667,141.77985429936695,136.98246018579272,138.2933306493491,138.2933306493491,14051946.0,sample,2026-09-24 19:05:19.241239+00:00
AAPL,2022-01-26 00:00:00+00:00,137.82663278410124,138.45087797632848,134.70388107720115,135.58565857864045,135.58565857864045,13255941.0,sample,2026-09-24 19:05:19.241239+00:00
AAPL,2022-01-27 00:00:00+00:00,135.33339747808853,139.85263280943877,134.054979858956,138.55871632515505,138.55871632515505,11301623.0,sample,2026-09-24 19:05:19.241239+00:00
AAPL,2022-01-28 00:00:00+00:00,138.978928511487,140.82879038639769,138.43042987731377,139.250388176555,139.250388176555,11844213.0,sample,2026-09-24 19:05:19.241239+00:00
AAPL,2022-01-31 00:00:00+00:00,139.17772737329886,141.65602962785226,138.13604198121055,140.49420574691698,140.49420574691698,13504190.0,sample,2026-09-24 19:05:19.241239+00:00
AAPL,2022-02-01 00:00:00+00:00,140.730214265511,141.53920076130902,134.75266503882426,136.1849243397977,136.1849243397977,4538313.0,sample,2026-09-24 19:05:19.241239+00:00
AAPL,2022-02-02 00:00:00+00:00,136.24946384316698,139.78995615588133,135.63663697841503,138.5120870017728,138.5120870017728,8028542.0,sample,2026-09-24 19:05:19.241239+00:00
AAPL,2022-02-03 00:00:00+00:00,138.48301105530194,140.52787685111718,137.60793001105642,139.68461881723744,139.68461881723744,3276870.0,sample,2026-09-24 19:05:19.241239+00:00
AAPL,2022-02-04 00:00:00+00:00,140.0656366427614,140.84421949467287,135.38488523888725,136.95458936037969,136.95458936037969,13118830.0,sample,2026-09-24 19:05:19.241239+00:00
AAPL,2022-02-07 00:00:00+00:00,136.88976633608226,137.81762088715752,134.50259438748694,135.83106708335984,135.83106708335984,8720596.0,sample,2026-09-24 19:05:19.241239+00:00
AAPL,2022-02-08 00:00:00+00:00,135.34730796866714,137.12511305870362,133.89131888258453,136.51150127537935,136.51150127537935,12015088.0,sample,2026-09-24 19:05:19.241239+00:00
AAPL,2022-02-09 00:00:00+00:00,136.29219825370555,136.9680549748228,135.57833819865692,136.6746483483211,136.6746483483211,10819667.0,sample,2026-09-24 19:05:19.241239+00:00
AAPL,2022-02-10 00:00:00+00:00,136.8253162197067,137.58652636117188,134.36507256820187,135.99174570235635,135.99174570235635,6014936.0,sample,2026-09-24 19:05:19.241239+00:00
AAPL,2022-02-11 00:00:00+00:00,136.0993176499872,136.4208421747247,135.4089673951251,135.77259650276216,135.77259650276216,3788675.0,sample,2026-09-24 19:05:19.241239+00:00
AAPL,2022-02-14 00:00:00+00:00,135.34706936775106,136.09348899363863,134.2853136858845,135.19197548099635,135.19197548099635,17553528.0,sample,2026-09-24 19:05:19.241239+00:00
AAPL,2022-02-15 00:00:00+00:00,134.996124888749,136.56394045253722,134.14942822076475,135.5976349678352,135.5976349678352,6339012.0,sample,2026-09-24 19:05:19.241239+00:00
AAPL,2022-02-16 00:00:00+00:00,135.43987488951095,140.83710479873847,134.11489989829442,139.2719908180065,139.2719908180065,3307805.0,sample,2026-09-24 19:05:19.241239+00:00
AAPL,2022-02-17 00:00:00+00:00,139.170191462095,139.36481340977167,131.55476814512693,133.017265780037,133.017265780037,6548059.0,sample,2026-09-24 19:05:19.241239+00:00
AAPL,2022-02-18 00:00:00+00:00,132.65122525302624,133.6906858880083,131.28650129809216,132.48449675129538,132.48449675129538,16389899.0,sample,2026-09-24 19:05:19.241239+00:00
AAPL,2022-02-21 00:00:00+00:00,132.31799789123085,133.74163013263959,131.27335012982434,132.9393297050819,132.9393297050819,5811420.0,sample,2026-09-24 19:05:19.241239+00:00
AAPL,2022-02-22 00:00:00+00:00,132.7456077260289,133.84639997510928,131.98872929361355,133.6829228170753,133.6829228170753,17782035.0,sample,2026-09-24 19:05:19.241239+00:00
AAPL,2022-02-23 00:00:00+00:00,133.8892044595064,134.39062353822422,131.94573427962763,132.82417828443323,132.82417828443323,9102560.0,sample,2026-09-24 19:05:19.241239+00:00
AAPL,2022-02-24 00:00:00+00:00,133.03912003096264,133.3455540618028,127.87217072634687,128.7220326459938,128.7220326459938,15719958.0,sample,2026-09-24 19:05:19.241239+00:00
AAPL,2022-02-25 00:00:00+00:00,128.68449460890133,129.95499949078314,128.5269779401301,129.51661997596432,129.51661997596432,12275549.0,sample,2026-09-24 19:05:19.241239+00:00
AAPL,2022-02-28 00:00:00+00:00,129.41506863744982,134.1775240239713,128.56953478785726,133.64025376307725,133.64025376307725,2224908.0,sample,2026-09-24 19:05:19.241239+00:00
AAPL,2022-03-01 00:00:00+00:00,133.67765280421432,134.4014330356814,128.6791001540311,130.0334871900961,130.0334871900961,9904933.0,sample,2026-09-24 19:05:19.241239+00:00
AAPL,2022-03-02 00:00:00+00:00,129.82112297254596,133.0050638380893,128.6784356147344,132.10418813470523,132.10418813470523,8379374.0,sample,2026-09-24 19:05:19.241239+00:00
AAPL,2022-03-03 00:00:00+00:00,131.8011854924221,131.9344219840189,130.0770277891215,131.3581367478311,131.3581367478311,4824033.0,sample,2026-09-24 19:05:19.241239+00:00
AAPL,2022-03-04 00:00:00+00:00,131.11112533556056,131.61096385804788,130.41684801943785,131.2460260185458,131.2460260185458,10574791.0,sample,2026-09-24 19:05:19.241239+00:00
AAPL,2022-03-07 00:00:00+00:00,131.07939260847476,131.34538287601913,127.93590427682246,128.81425073041612,128.81425073041612,3198494.0,sample,2026-09-24 19:05:19.241239+00:00
AAPL,2022-03-08 00:00:00+00:00,128.5145067188867,129.42007228899578,127.89786075186554,128.07310564888076,128.07310564888076,13021946.0,sample,2026-09-24 19:05:19.241239+00:00
AAPL,2022-03-09 00:00:00+00:00,128.1146165909393,131.74407652010663,127.44675799467079,131.13824098290664,131.13824098290664,15060862.0,sample,2026-09-24 19:05:19.241239+00:00
AAPL,2022-03-10 00:00:00+00:00,131.32962824266193,133.4861329071452,130.5129449035301,132.55396371379757,132.55396371379757,3027013.0,sample,2026-09-24 19:05:19.241239+00:00
AAPL,2022-03-11 00:00:00+00:00,132.1332113726491,137.25707091749825,131.6301408750525,136.78651759262655,136.78651759262655,9408527.0,sample,2026-09-24 19:05:19.241239+00:00
AAPL,2022-03-14 00:00:00+00:00,136.79339213042422,139.9283604060606,136.60958958390813,139.75136210635057,139.75136210635057,12309556.0,sample,2026-09-24 19:05:19.241239+00:00
AAPL,2022-03-15 00:00:00+00:00,139.68988945242174,142.49536464131882,138.48932620665306,140.89549127774322,140.89549127774322,2525296.0,sample,2026-09-24 19:05:19.241239+00:00
AAPL,2022-03-16 00:00:00+00:00,140.99172534579188,145.74350070442998,140.1759521210871,145.4248183088231,145.4248183088231,7923900.0,sample,2026-09-24 19:05:19.241239+00:00
AAPL,2022-03-17 00:00:00+00:00,145.42105507282187,146.96635734577833,144.61070204220445,146.6151486410602,146.6151486410602,5759004.0,sample,2026-09-24 19:05:19.241239+00:00
AAPL,2022-03-18 00:00:00+00:00,146.18890929207677,149.24265139317762,145.64072218278685,148.8538429090548,148.8538429090548,2147741.0,sample,2026-09-24 19:05:19.241239+00:00
AAPL,2022-03-21 00:00:00+00:00,148.47801991229048,150.22917588016105,147.07408885060042,148.09835699033243,148.09835699033243,14766557.0,sample,2026-09-24 19:05:19.241239+00:00
AAPL,2022-03-22 00:00:00+00:00,148.10707215673426,149.46892269500657,147.24534157947483,148.31293274401375,148.31293274401375,8837087.0,sample,2026-09-24 19:05:19.241239+00:00
AAPL,2022-03-23 00:00:00+00:00,148.61809577473085,149.76441530592504,145.5890035391861,146.49932532515825,146.49932532515825,13903484.0,sample,2026-09-24 19:05:19.241239+00:00
AAPL,2022-03-24 00:00:00+00:00,145.85057141315568,150.9377212411946,144.77279624278577,149.1695135297319,149.1695135297319,11186742.0,sample,2026-09-24 19:05:19.241239+00:00
AAPL,2022-03-25 00:00:00+00:00,149.2726572611785,149.56714630947957,145.91929942795718,146.07553760426418,146.07553760426418,15950974.0,sample,2026-09-24 19:05:19.241239+00:00
AAPL,2022-03-28 00:00:00+00:00,146.4230869522007,149.92085824561553,144.8146798669389,148.18421191916147,148.18421191916147,17950601.0,sample,2026-09-24 19:05:19.241239+00:00
AAPL,2022-03-29 00:00:00+00:00,148.13885988142377,148.61944376554993,147.45026093999817,147.7134806558227,147.7134806558227,11434449.0,sample,2026-09-24 19:05:19.241239+00:00
AAPL,2022-03-30 00:00:00+00:00,147.87602530732988,152.08354525214986,146.99465872921874,150.89842126245492,150.89842126245492,7310790.0,sample,2026-09-24 19:05:19.241239+00:00
AAPL,2022-03-31 00:00:00+00:00,150.68623723376308,153.84994221467278,150.19182037551346,152.98999779584972,152.98999779584972,8477947.0,sample,2026-09-24 19:05:19.241239+00:00
AAPL,2022-04-01 00:00:00+00:00,152.95347412672118,158.95228314297236,151.91926298869853,158.1263150880824,158.1263150880824,15119193.0,sample,2026-09-24 19:05:19.241239+00:00
AAPL,2022-04-04 00:00:00+00:00,157.61369692462935,162.06201278938278,156.97023408989654,160.26010005040504,160.26010005040504,8539477.0,sample,2026-09-24 19:05:19.241239+00:00
AAPL,2022-04-05 00:00:00+00:00,159.50869066408563,159.9300336700668,154.19780611741353,155.82777579054775,155.82777579054775,10075686.0,sample,2026-09-24 19:05:19.241239+00:00
AAPL,2022-04-06 00:00:00+00:00,156.12159398634043,157.99001961688646,154.8445738772173,155.67900684239805,155.67900684239805,4701000.0,sample,2026-09-24 19:05:19.241239+00:00
AAPL,2022-04-07 00:00:00+00:00,155.37232077821218,156.1756540456671,151.24354436575913,152.46729430447323,152.46729430447323,17836074.0,sample,2026-09-24 19:05:19.241239+00:00
AAPL,2022-04-08 00:00:00+00:00,152.3283881084572,153.56781168546587,150.5245799421877,151.0893029562478,151.0893029562478,12238182.0,sample,2026-09-24 19:05:19.241239+00:00
AAPL,2022-04-11 00:00:00+00:00,150.67034976897642,157.10319057249083,150.4875161728988,155.29447979676166,155.29447979676166,6948445.0,sample,2026-09-24 19:05:19.241239+00:00
AAPL,2022-04-12 00:00:00+00:00,154.85655877362245,157.382802688534,154.01325642827277,157.12611964402186,157.12611964402186,11153634.0,sample,2026-09-24 19:05:19.241239+00:00
AAPL,2022-04-13 00:00:00+00:00,157.07149075749444,158.82307474201983,154.12944004378414,155.20053346035542,155.20053346035542,8118790.0,sample,2026-09-24 19:05:19.241239+00:00
AAPL,2022-04-14 00:00:00+00:00,154.9740719208947,156.09700246000105,151.5094058386603,152.43238678562696,152.43238678562696,4055262.0,sample,2026-09-24 19:05:19.241239+00:00
AAPL,2022-04-15 00:00:00+00:00,152.54761682834712,153.8951506357845,150.7807862274115,152.56049563337768,152.56049563337768,15933345.0,sample,2026-09-24 19:05:19.241239+00:00
AAPL,2022-04-18 00:00:00+00:00,152.69857460436305,153.10185551352998,147.98326120271037,149.29334477679734,149.29334477679734,16113438.0,sample,2026-09-24 19:05:19.241239+00:00
AAPL,2022-04-19 00:00:00+00:00,149.38914621053786,150.4150405785525,145.7741098420843,147.53753269821283,147.53753269821283,15275744.0,sample,2026-09-24 19:05:19.241239+00:00
AAPL,2022-04-20 00:00:00+00:00,147.60793784219968,149.65344702777335,146.98124457817892,148.40555651704403,148.40555651704403,7579725.0,sample,2026-09-24 19:05:19.241239+00:00
AAPL,2022-04-21 00:00:00+00:00,148.87385565405967,152.47414943129436,147.43281835383803,151.56194049103695,151.56194049103695,5730630.0,sample,2026-09-24 19:05:19.241239+00:00
AAPL,2022-04-22 00:00:00+00:00,151.2383273244518,153.68472773514645,150.1628499301378,153.27015694989112,153.27015694989112,2320689.0,sample,2026-09-24 19:05:19.241239+00:00
AAPL,2022-04-25 00:00:00+00:00,153.25331719876124,153.81810315449192,145.97706124576655,147.11416012405132,147.11416012405132,13570382.0,sample,2026-09-24 19:05:19.241239+00:00
AAPL,2022-04-26 00:00:00+00:00,147.44742954730495,149.49786563291468,145.70100539427938,147.95933699613215,147.95933699613215,6910035.0,sample,2026-09-24 19:05:19.241239+00:00
AAPL,2022-04-27 00:00:00+00:00,148.3335379397219,148.53811672521658,146.97411413209744,148.188348595161,148.188348595161,16221633.0,sample,2026-09-24 19:05:19.241239+00:00
AAPL,2022-04-28 00:00:00+00:00,147.76697098058298,150.6475685816125,146.15823406348753,149.33380697391547,149.33380697391547,15852635.0,sample,2026-09-24 19:05:19.241239+00:00
AAPL,2022-04-29 00:00:00+00:00,149.24051651945248,155.62477641346348,147.8998512641033,153.78044290362445,153.78044290362445,3614978.0,sample,2026-09-24 19:05:19.241239+00:00
AAPL,2022-05-02 00:00:00+00:00,154.1981478309029,154.3650384842726,147.85520729093574,148.21109879752947,148.21109879752947,16629783.0,sample,2026-09-24 19:05:19.241239+00:00
AAPL,2022-05-03 00:00:00+00:00,148.3617047224447,148.77288955962206,145.40399896708664,146.67917798893205,146.67917798893205,3814754.0,sample,2026-09-24 19:05:19.241239+00:00
AAPL,2022-05-04 00:00:00+00:00,146.73646003083022,149.5325995971251,145.80798926556338,148.2846967846233,148.2846967846233,9591573.0,sample,2026-09-24 19:05:19.241239+00:00
AAPL,2022-05-05 00:00:00+00:00,148.22013816710208,148.4661686529702,142.55764367968578,144.15878327109976,144.15878327109976,9319844.0,sample,2026-09-24 19:05:19.241239+00:00
AAPL,2022-05-06 00:00:00+00:00,144.04812672216306,149.18575879622756,142.62562569782125,148.07700411954798,148.07700411954798,17279609.0,sample,2026-09-24 19:05:19.241239+00:00
AAPL,2022-05-09 00:00:00+00:00,148.16236135033307,150.3702720245866,147.84448173562473,149.09934900382822,149.09934900382822,12345591.0,sample,2026-09-24 19:05:19.241239+00:00
AAPL,2022-05-10 00:00:00+00:00,149.02409136834703,152.55775074596997,148.65554404870844,151.42665273230955,151.42665273230955,15941489.0,sample,2026-09-24 19:05:19.241239+00:00
AAPL,2022-05-11 00:00:00+00:00,151.41375765618412,152.17340528319303,149.65117705966165,149.91588669199336,149.91588669199336,11330722.0,sample,2026-09-24 19:05:19.241239+00:00
AAPL,2022-05-12 00:00:00+00:00,149.93945308143353,153.48531022428267,148.97598809405338,152.16601485909064,152.16601485909064,15116306.0,sample,2026-09-24 19:05:19.241239+00:00
AAPL,2022-05-13 00:00:00+00:00,151.9596559745301,156.329129856818,151.67268178239792,155.15965450295485,155.15965450295485,15559973.0,sample,2026-09-24 19:05:19.241239+00:00
AAPL,2022-05-16 00:00:00+00:00,155.3247845225595,156.36219024443875,153.93300273942373,155.85037622294007,155.85037622294007,15685216.0,sample,2026-09-24 19:05:19.241239+00:00
AAPL,2022-05-17 00:00:00+00:00,156.75874847266252,157.88654787449678,155.4407357926146,156.5484640192872,156.5484640192872,8291686.0,sample,2026-09-24 19:05:19.241239+00:00
AAPL,2022-05-18 00:00:00+00:00,155.9920949613486,159.03526080624422,154.40179686100316,157.35144622345197,157.35144622345197,7800944.0,sample,2026-09-24 19:05:19.241239+00:00
AAPL,2022-05-19 00:00:00+00:00,157.4534139020036,158.76581426659558,154.33190483452134,154.96380907653474,154.96380907653474,17749553.0,sample,2026-09-24 19:05:19.241239+00:00
AAPL,2022-05-20 00:00:00+00:00,154.72820517302551,155.68592736290273,153.55409540213938,154.59148910692198,154.59148910692198,13981737.0,sample,2026-09-24 19:05:19.241239+00:00
AAPL,2022-05-23 00:00:00+00:00,154.77001215546773,155.4722694982344,153.8527183070721,154.20620156601788,154.20620156601788,16635527.0,sample,2026-09-24 19:05:19.241239+00:00
AAPL,2022-05-24 00:00:00+00:00,154.22056046825068,155.61494073559777,152.5656643533324,155.3128962440668,155.3128962440668,11026093.0,sample,2026-09-24 19:05:19.241239+00:00
AAPL,2022-05-25 00:00:00+00:00,155.5495479870146,158.7566787589132,155.09455706845122,158.17287872436043,158.17287872436043,16828903.0,sample,2026-09-24 19:05:19.241239+00:00
AAPL,2022-05-26 00:00:00+00:00,158.54474524269204,158.7227995980355,154.896431025021,155.22644007171607,155.22644007171607,13374786.0,sample,2026-09-24 19:05:19.241239+00:00
AAPL,2022-05-27 00:00:00+00:00,155.28617776192763,157.12676698343594,154.41193356652778,154.91627225660355,154.91627225660355,13752324.0,sample,2026-09-24 19:05:19.241239+00:00
AAPL,2022-05-30 00:00:00+00:00,155.2670188976449,159.6912667338721,153.73475912099755,159.14265350479096,159.14265350479096,4433470.0,sample,2026-09-24 19:05:19.241239+00:00
AAPL,2022-05-31 00:00:00+00:00,158.3964979299445,159.97470287913043,156.7261632189565,157.066047833124,157.066047833124,10853609.0,sample,2026-09-24 19:05:19.241239+00:00
AAPL,2022-06-01 00:00:00+00:00,157.56565994652556,158.01552466955235,153.5961792357627,154.79720468596327,154.79720468596327,13567999.0,sample,2026-09-24 19:05:19.241239+00:00
AAPL,2022-06-02 00:00:00+00:00,154.91332183135614,156.0409644078145,153.48688084589077,155.40077341650232,155.40077341650232,14056498.0,sample,2026-09-24 19:05:19.241239+00:00
AAPL,2022-06-03 00:00:00+00:00,155.7357687987116,158.70414906140422,154.2933608083746,157.8201902043333,157.8201902043333,17300275.0,sample,2026-09-24 19:05:19.241239+00:00
AAPL,2022-06-06 00:00:00+00:00,157.43514816018023,158.61344455973145,156.9485681097514,157.89212035952437,157.89212035952437,6894593.0,sample,2026-09-24 19:05:19.241239+00:00
AAPL,2022-06-07 00:00:00+00:00,157.62977632324936,163.33734023663948,157.36529499904162,161.75507491097324,161.75507491097324,6493944.0,sample,2026-09-24 19:05:19.241239+00:00
AAPL,2022-06-08 00:00:00+00:00,161.80228743037677,166.20537300411354,160.8416882483617,164.31011701184437,164.31011701184437,17496418.0,sample,2026-09-24 19:05:19.241239+00:00
AAPL,2022-06-09 00:00:00+00:00,164.30451801666302,168.633971575753,163.7742516710321,166.86053784643065,166.86053784643065,17771661.0,sample,2026-09-24 19:05:19.241239+00:00
AAPL,2022-06-10 00:00:00+00:00,166.9550038001162,169.0286461694051,165.50383442997753,168.57528711911158,168.57528711911158,4468031.0,sample,2026-09-24 19:05:19.241239+00:00
AAPL,2022-06-13 00:00:00+00:00,168.9409320283892,177.51028250554194,168.1091309421232,175.83221450169052,175.83221450169052,7743204.0,sample,2026-09-24 19:05:19.241239+00:00
AAPL,2022-06-14 00:00:00+00:00,175.21144930744438,175.68827741800274,174.17018635027225,175.22788087203136,175.22788087203136,17143484.0,sample,2026-09-24 19:05:19.241239+00:00
AAPL,2022-06-15 00:00:00+00:00,175.56916137661096,177.50870764184742,168.68330743239264,169.06341850903556,169.06341850903556,4795437.0,sample,2026-09-24 19:05:19.241239+00:00
AAPL,2022-06-16 00:00:00+00:00,169.0662188450541,175.22569378422065,167.8416632357466,174.06007190898077,174.06007190898077,14422214.0,sample,2026-09-24 19:05:19.241239+00:00
AAPL,2022-06-17 00:00:00+00:00,173.9891313381786,174.80691365592213,172.15005204759774,172.67511668630507,172.67511668630507,3352722.0,sample,2026-09-24 19:05:19.241239+00:00
AAPL,2022-06-20 00:00:00+00:00,172.16706669679226,173.52597620121335,170.7090109648375,173.05400938105618,173.05400938105618,4442141.0,sample,2026-09-24 19:05:19.241239+00:00
AAPL,2022-06-21 00:00:00+00:00,173.22811855900903,177.42622933944025,172.91927758691966,177.2259817080306,177.2259817080306,14451871.0,sample,2026-09-24 19:05:19.241239+00:00
AAPL,2022-06-22 00:00:00+00:00,176.37029644033453,177.02770206540276,170.20962099416008,172.23072103733293,172.23072103733293,11523212.0,sample,2026-09-24 19:05:19.241239+00:00
AAPL,2022-06-23 00:00:00+00:00,172.4540677734768,174.36041309858402,166.99918727401067,168.43591136579477,168.43591136579477,10654619.0,sample,2026-09-24 19:05:19.241239+00:00
AAPL,2022-06-24 00:00:00+00:00,167.93326295329055,169.5739514713971,163.20038396639677,163.69129830254536,163.69129830254536,15633676.0,sample,2026-09-24 19:05:19.241239+00:00
AAPL,2022-06-27 00:00:00+00:00,163.70879949278716,165.61890969244678,161.2219786403893,161.4084119901366,161.4084119901366,6567666.0,sample,2026-09-24 19:05:19.241239+00:00
AAPL,2022-06-28 00:00:00+00:00,161.369942284553,163.07455510381416,160.61487750854215,162.7314558885996,162.7314558885996,9804397.0,sample,2026-09-24 19:05:19.241239+00:00
AAPL,2022-06-29 00:00:00+00:00,163.1120971794524,165.54988848820247,162.67480247053263,164.31522941177965,164.31522941177965,11539431.0,sample,2026-09-24 19:05:19.241239+00:00
AAPL,2022-06-30 00:00:00+00:00,164.25651788161542,165.8080830381056,163.69763102824874,165.17568230078277,165.17568230078277,13707828.0,sample,2026-09-24 19:05:19.241239+00:00
AAPL,2022-07-01 00:00:00+00:00,164.94637267988574,166.0964379669473,159.36115268627944,161.06851972033317,161.06851972033317,6979669.0,sample,2026-09-24 19:05:19.241239+00:00
AAPL,2022-07-04 00:00:00+00:00,160.90532422768035,161.63342142178928,153.36695551811107,154.5469603922617,154.5469603922617,11954976.0,sample,2026-09-24 19:05:19.241239+00:00
AAPL,2022-07-05 00:00:00+00:00,154.94040071795516,155.57846404406195,154.2818304793924,154.73691704183366,154.73691704183366,8897902.0,sample,2026-09-24 19:05:19.241239+00:00
AAPL,2022-07-06 00:00:00+00:00,154.9028869210935,156.0355830412415,152.37363840426778,153.46682146320325,153.46682146320325,10442307.0,sample,2026-09-24 19:05:19.241239+00:00
AAPL,2022-07-07 00:00:00+00:00,153.3484586481527,155.2466744557533,152.76365093100242,154.77978127948785,154.77978127948785,15733958.0,sample,2026-09-24 19:05:19.241239+00:00
AAPL,2022-07-08 00:00:00+00:00,154.706587029155,157.7529301207499,152.8906086983486,156.78704855561656,156.78704855561656,7995287.0,sample,2026-09-24 19:05:19.241239+00:00
AAPL,2022-07-11 00:00:00+00:00,156.2956224144228,158.49969714079083,156.08300886338938,157.21697408164925,157.21697408164925,12524746.0,sample,2026-09-24 19:05:19.241239+00:00
AAPL,2022-07-12 00:00:00+00:00,157.3391235583826,159.80692226962455,155.91433870901926,159.42271308390988,159.42271308390988,17042863.0,sample,2026-09-24 19:05:19.241239+00:00
AAPL,2022-07-13 00:00:00+00:00,158.8616038946129,161.92105928603533,157.3519472694664,160.1218442617392,160.1218442617392,14079630.0,sample,2026-09-24 19:05:19.241239+00:00
AAPL,2022-07-14 00:00:00+00:00,160.36260233497725,162.75853887499733,160.08376538095135,161.6973239151474,161.6973239151474,17813933.0,sample,2026-09-24 19:05:19.241239+00:00
AAPL,2022-07-15 00:00:00+00:00,161.7389194497545,163.3587036241499,159.2375877139041,159.69920833769956,159.69920833769956,11127643.0,sample,2026-09-24 19:05:19.241239+00:00
AAPL,2022-07-18 00:00:00+00:00,160.46159696316397,161.7762523663909,158.39121370520434,159.22353455050697,159.22353455050697,6152199.0,sample,2026-09-24 19:05:19.241239+00:00
AAPL,2022-07-19 00:00:00+00:00,158.87319960780965,161.23654187710724,157.19713452269983,159.82845156405236,159.82845156405236,17858067.0,sample,2026-09-24 19:05:19.241239+00:00
AAPL,2022-07-20 00:00:00+00:00,159.79563491796165,163.6874541917042,158.6919265758283,162.2471151052483,162.2471151052483,12135511.0,sample,2026-09-24 19:05:19.241239+00:00
AAPL,2022-07-21 00:00:00+00:00,162.83064908845634,164.5609036643582,159.81884966262294,161.141560072193,161.141560072193,5483266.0,sample,2026-09-24 19:05:19.241239+00:00
AAPL,2022-07-22 00:00:00+00:00,161.5255248427738,163.96189115127763,159.97275716666726,162.70101364874125,162.70101364874125,6733623.0,sample,2026-09-24 19:05:19.241239+00:00
AAPL,2022-07-25 00:00:00+00:00,162.4744648357282,163.13417431173852,160.32746003102037,161.96481918463843,161.96481918463843,5827804.0,sample,2026-09-24 19:05:19.241239+00:00
AAPL,2022-07-26 00:00:00+00:00,162.03736887271796,162.3767733293719,160.65427766288366,161.66291359275152,161.66291359275152,15254521.0,sample,2026-09-24 19:05:19.241239+00:00
AAPL,2022-07-27 00:00:00+00:00,161.66356003631827,165.39461609406447,160.59711006478406,164.13589780932517,164.13589780932517,3027222.0,sample,2026-09-24 19:05:19.241239+00:00
AAPL,2022-07-28 00:00:00+00:00,164.22845596819988,164.5125516278045,156.98209504872102,158.3914725765475,158.3914725765475,13708447.0,sample,2026-09-24 19:05:19.241239+00:00
AAPL,2022-07-29 00:00:00+00:00,158.1701425303154,158.7481322889447,154.1735264461894,154.77665484403568,154.77665484403568,10641321.0,sample,2026-09-24 19:05:19.241239+00:00
AAPL,2022-08-01 00:00:00+00:00,154.749005417757,155.0070925640022,149.17199447576513,150.73959386365317,150.73959386365317,2712297.0,sample,2026-09-24 19:05:19.241239+00:00
AAPL,2022-08-02 00:00:00+00:00,150.25781433160904,151.31529328975725,144.39741194591377,144.57504480760142,144.57504480760142,11620427.0,sample,2026-09-24 19:05:19.241239+00:00
AAPL,2022-08-03 00:00:00+00:00,144.61411576581818,145.01378859936779,142.4059075474398,142.85640344776533,142.85640344776533,13926997.0,sample,2026-09-24 19:05:19.241239+00:00
AAPL,2022-08-04 00:00:00+00:00,142.9849801175297,145.95007925226352,141.5834128350158,144.83276967286713,144.83276967286713,13478365.0,sample,2026-09-24 19:05:19.241239+00:00
AAPL,2022-08-05 00:00:00+00:00,144.76689410604595,146.17106297532231,143.44443214407102,144.12800827451605,144.12800827451605,10220482.0,sample,2026-09-24 19:05:19.241239+00:00
AAPL,2022-08-08 00:00:00+00:00,143.6624601382721,146.1308842580799,143.28201879123915,144.6782154467284,144.6782154467284,7034857.0,sample,2026-09-24 19:05:19.241239+00:00
AAPL,2022-08-09 00:00:00+00:00,144.96425349838754,148.22972888856663,144.5214888436504,147.57964371774187,147.57964371774187,4203424.0,sample,2026-09-24 19:05:19.241239+00:00
AAPL,2022-08-10 00:00:00+00:00,147.68723666820821,152.25095559923363,146.67730402173513,151.18682713764596,151.18682713764596,1702237.0,sample,2026-09-24 19:05:19.241239+00:00
AAPL,2022-08-11 00:00:00+00:00,150.9672992994951,152.12297294651415,149.41112885797,151.03654917149416,151.03654917149416,7432631.0,sample,2026-09-24 19:05:19.241239+00:00
AAPL,2022-08-12 00:00:00+00:00,150.95178732512136,155.76041232941853,150.68352216776032,154.8003776932837,154.8003776932837,11931787.0,sample,2026-09-24 19:05:19.241239+00:00
AAPL,2022-08-15 00:00:00+00:00,154.33576931259694,156.3688196650538,154.12968630313424,155.09606216972475,155.09606216972475,2121330.0,sample,2026-09-24 19:05:19.241239+00:00
AAPL,2022-08-16 00:00:00+00:00,154.77798802387014,155.29045149758042,151.87926238628052,152.81400264104286,152.81400264104286,17978475.0,sample,2026-09-24 19:05:19.241239+00:00
AAPL,2022-08-17 00:00:00+00:00,152.64963243203763,154.44657439089897,149.4837062036444,151.22553118208876,151.22553118208876,11168197.0,sample,2026-09-24 19:05:19.241239+00:00
AAPL,2022-08-18 00:00:00+00:00,151.59706836179316,151.91222018693156,146.6861455663104,147.28546601041137,147.28546601041137,6360064.0,sample,2026-09-24 19:05:19.241239+00:00
AAPL,2022-08-19 00:00:00+00:00,147.09708690052716,148.5859201443681,143.31114911380152,144.98586282688078,144.98586282688078,17374758.0,sample,2026-09-24 19:05:19.241239+00:00
AAPL,2022-08-22 00:00:00+00:00,145.17150668646346,146.26538209811287,142.53949087711612,144.09055261380695,144.09055261380695,4534918.0,sample,2026-09-24 19:05:19.241239+00:00
AAPL,2022-08-23 00:00:00+00:00,143.93542005550435,146.76652637959944,143.34319980777371,146.22645327258684,146.22645327258684,17300372.0,sample,2026-09-24 19:05:19.241239+00:00
AAPL,2022-08-24 00:00:00+00:00,146.29896625742876,152.25255187429127,144.83796206101783,150.86423506482905,150.86423506482905,6149154.0,sample,2026-09-24 19:05:19.241239+00:00
AAPL,2022-08-25 00:00:00+00:00,150.82157201628397,151.11255054470521,145.9362387418001,147.19394332662966,147.19394332662966,7765560.0,sample,2026-09-24 19:05:19.241239+00:00
AAPL,2022-08-26 00:00:00+00:00,147.45096061405965,149.68686325642554,146.47335392145993,148.27548875572535,148.27548875572535,8519355.0,sample,2026-09-24 19:05:19.241239+00:00
AAPL,2022-08-29 00:00:00+00:00,148.11688993059244,149.22626135898312,144.7378321943024,145.5605517242854,145.5605517242854,17914812.0,sample,2026-09-24 19:05:19.241239+00:00
AAPL,2022-08-30 00:00:00+00:00,145.10275556494065,147.1720789851954,143.65600414176424,146.84633658475747,146.84633658475747,5640063.0,sample,2026-09-24 19:05:19.241239+00:00
AAPL,2022-08-31 00:00:00+00:00,146.44046827955225,146.81157434289398,145.01649965269854,146.53688199042261,146.53688199042261,17552376.0,sample,2026-09-24 19:05:19.241239+00:00
AAPL,2022-09-01 00:00:00+00:00,146.38100265129611,147.73637358241737,140.49905800686685,141.82172996382505,141.82172996382505,7224840.0,sample,2026-09-24 19:05:19.241239+00:00
AAPL,2022-09-02 00:00:00+00:00,141.4674422720848,144.85650012114834,139.77254695214825,144.2474448600579,144.2474448600579,6205536.0,sample,2026-09-24 19:05:19.241239+00:00
AAPL,2022-09-05 00:00:00+00:00,144.36578893028326,145.9223871153284,141.82683522271196,142.7207864313134,142.7207864313134,12030411.0,sample,2026-09-24 19:05:19.241239+00:00
AAPL,2022-09-06 00:00:00+00:00,142.58783683374696,143.92571044993926,139.99472304784004,141.3911233806929,141.3911233806929,12946857.0,sample,2026-09-24 19:05:19.241239+00:00
AAPL,2022-09-07 00:00:00+00:00,142.06261995608367,143.2957366653559,137.2743928855528,138.72928323097602,138.72928323097602,7192961.0,sample,2026-09-24 19:05:19.241239+00:00
AAPL,2022-09-08 00:00:00+00:00,138.24713943048926,138.80906795777028,136.68296980706288,137.13931849750196,137.13931849750196,3712104.0,sample,2026-09-24 19:05:19.241239+00:00
AAPL,2022-09-09 00:00:00+00:00,137.19517072820543,139.45044006777087,136.99449111778384,138.2342016901555,138.2342016901555,8034972.0,sample,2026-09-24 19:05:19.241239+00:00
AAPL,2022-09-12 00:00:00+00:00,137.9223583186589,139.49875908848685,137.047257575683,137.79856739281308,137.79856739281308,10416935.0,sample,2026-09-24 19:05:19.241239+00:00
AAPL,2022-09-13 00:00:00+00:00,137.66258739710423,138.92914081156596,136.22757833403372,138.65084663085364,138.65084663085364,2160515.0,sample,2026-09-24 19:05:19.241239+00:00
AAPL,2022-09-14 00:00:00+00:00,138.69006249027115,140.23236109416177,138.11031915429578,139.59194270626517,139.59194270626517,2797770.0,sample,2026-09-24 19:05:19.241239+00:00
AAPL,2022-09-15 00:00:00+00:00,138.94273649080068,143.49789677250337,137.73391916415767,142.985808125639,142.985808125639,16646051.0,sample,2026-09-24 19:05:19.241239+00:00
AAPL,2022-09-16 00:00:00+00:00,143.05353367302737,143.8154012414779,141.98818028333673,142.14181135045033,142.14181135045033,2091750.0,sample,2026-09-24 19:05:19.241239+00:00
AAPL,2022-09-19 00:00:00+00:00,142.6827767774902,143.99055848362656,137.76794234673366,138.447582742598,138.447582742598,8213618.0,sample,2026-09-24 19:05:19.241239+00:00
AAPL,2022-09-20 00:00:00+00:00,138.32202786993392,142.04575416961544,137.24717115058976,141.16815853994393,141.16815853994393,14104241.0,sample,2026-09-24 19:05:19.241239+00:00
AAPL,2022-09-21 00:00:00+00:00,141.2415117333828,142.26947263472644,140.02272440418636,140.36343264753566,140.36343264753566,6914368.0,sample,2026-09-24 19:05:19.241239+00:00
AAPL,2022-09-22 00:00:00+00:00,140.65115570161967,143.88199392075865,139.1233077634785,143.24374223860025,143.24374223860025,9663751.0,sample,2026-09-24 19:05:19.241239+00:00
AAPL,2022-09-23 00:00:00+00:00,143.1967716128063,144.64021513695081,142.80741762208064,144.27171891833143,144.27171891833143,2926989.0,sample,2026-09-24 19:05:19.241239+00:00
AAPL,2022-09-26 00:00:00+00:00,144.10408666828633,144.67131928144786,142.38280219564726,143.9675580588372,143.9675580588372,14608223.0,sample,2026-09-24 19:05:19.241239+00:00
AAPL,2022-09-27 00:00:00+00:00,143.31229363317837,146.42570130103474,142.8278576099496,144.91044762348452,144.91044762348452,11964023.0,sample,2026-09-24 19:05:19.241239+00:00
AAPL,2022-09-28 00:00:00+00:00,145.09622012762455,151.27234572198438,143.36419705677127,150.12738621245242,150.12738621245242,15552295.0,sample,2026-09-24 19:05:19.241239+00:00
AAPL,2022-09-29 00:00:00+00:00,150.09340685734358,156.6892342025128,148.9448567091038,155.88519777487977,155.88519777487977,15753111.0,sample,2026-09-24 19:05:19.241239+00:00
AAPL,2022-09-30 00:00:00+00:00,155.56947292996563,157.63165499743943,155.26956705854255,156.11902312182448,156.11902312182448,7288280.0,sample,2026-09-24 19:05:19.241239+00:00
AAPL,2022-10-03 00:00:00+00:00,156.15855143130247,156.87662819590346,155.89026329771724,156.60897847825217,156.60897847825217,2179027.0,sample,2026-09-24 19:05:19.241239+00:00
AAPL,2022-10-04 00:00:00+00:00,156.4261593093777,160.3181159485813,156.1408163049254,159.71235860070297,159.71235860070297,7214771.0,sample,2026-09-24 19:05:19.241239+00:00
AAPL,2022-10-05 00:00:00+00:00,159.54356623320956,160.10693605524077,156.16068946409075,157.33897274460614,157.33897274460614,3896995.0,sample,2026-09-24 19:05:19.241239+00:00
AAPL,2022-10-06 00:00:00+00:00,157.52975919997868,160.1990787610526,155.96936845602332,158.3246713644145,158.3246713644145,10299394.0,sample,2026-09-24 19:05:19.241239+00:00
AAPL,2022-10-07 00:00:00+00:00,157.900873453549,159.6782977475626,157.04306272225264,158.29055112512566,158.29055112512566,3915432.0,sample,2026-09-24 19:05:19.241239+00:00
AAPL,2022-10-10 00:00:00+00:00,158.6221113527944,160.4685606368969,157.68732058067397,159.2272812302985,159.2272812302985,16711373.0,sample,2026-09-24 19:05:19.241239+00:00
AAPL,2022-10-11 00:00:00+00:00,158.7821816947654,158.9496706367766,155.72189441451633,156.8958147475226,156.8958147475226,11437535.0,sample,2026-09-24 19:05:19.241239+00:00
AAPL,2022-10-12 00:00:00+00:00,156.68786459272613,157.16222300447478,151.46168087246787,152.50841423766835,152.50841423766835,5675054.0,sample,2026-09-24 19:05:19.241239+00:00
AAPL,2022-10-13 00:00:00+00:00,153.09494518711128,154.31831988582886,145.70010979127971,146.9593573599657,146.9593573599657,16700303.0,sample,2026-09-24 19:05:19.241239+00:00
AAPL,2022-10-14 00:00:00+00:00,147.29070802254103,148.05321914348417,143.17737923279904,144.06911561451142,144.06911561451142,14199846.0,sample,2026-09-24 19:05:19.241239+00:00
AAPL,2022-10-17 00:00:00+00:00,144.09723905626996,145.70638506074846,141.65508378930153,142.92028093648557,142.92028093648557,8723178.0,sample,2026-09-24 19:05:19.241239+00:00
AAPL,2022-10-18 00:00:00+00:00,142.6514392512282,143.99406980587872,140.50132365017245,142.20355972506144,142.20355972506144,3917367.0,sample,2026-09-24 19:05:19.241239+00:00
AAPL,2022-10-19 00:00:00+00:00,142.05303091290818,148.15862264504082,141.3636083096447,147.28650613210155,147.28650613210155,7172806.0,sample,2026-09-24 19:05:19.241239+00:00
AAPL,2022-10-20 00:00:00+00:00,147.30809106224365,151.67495638227737,147.14098916942288,150.28561624292539,150.28561624292539,11136127.0,sample,2026-09-24 19:05:19.241239+00:00
AAPL,2022-10-21 00:00:00+00:00,150.29689464711657,152.05979419162466,147.39045694572613,147.74236085551786,147.74236085551786,14136371.0,sample,2026-09-24 19:05:19.241239+00:00
AAPL,2022-10-24 00:00:00+00:00,147.7155098841657,149.60988506401577,146.6684054435834,148.7071155321567,148.7071155321567,5821799.0,sample,2026-09-24 19:05:19.241239+00:00
AAPL,2022-10-25 00:00:00+00:00,148.69794550368857,149.8976085232738,146.95155379097568,147.65837014246307,147.65837014246307,13752389.0,sample,2026-09-24 19:05:19.241239+00:00
AAPL,2022-10-26 00:00:00+00:00,147.59506158386674,149.2341506102344,145.27494976651147,146.94123523939888,146.94123523939888,6166804.0,sample,2026-09-24 19:05:19.241239+00:00
AAPL,2022-10-27 00:00:00+00:00,146.5174629661911,148.01995121542134,145.3596956012484,147.46909203055452,147.46909203055452,5571476.0,sample,2026-09-24 19:05:19.241239+00:00
AAPL,2022-10-28 00:00:00+00:00,147.31675329021354,150.76290424314683,146.3262091348276,149.15912489002218,149.15912489002218,8875798.0,sample,2026-09-24 19:05:19.241239+00:00
AAPL,2022-10-31 00:00:00+00:00,149.43197393701428,149.74174518983344,146.83807929558773,148.28810481775213,148.28810481775213,4153634.0,sample,2026-09-24 19:05:19.241239+00:00
AAPL,2022-11-01 00:00:00+00:00,147.88228941827015,152.42251965227578,147.3137576451896,151.19287857302066,151.19287857302066,8176816.0,sample,2026-09-24 19:05:19.241239+00:00
AAPL,2022-11-02 00:00:00+00:00,151.13555968614267,152.5881567556171,146.66980595672857,148.15388175289962,148.15388175289962,7403865.0,sample,2026-09-24 19:05:19.241239+00:00
AAPL,2022-11-03 00:00:00+00:00,147.91098229964044,149.35802672793034,147.7580908360397,148.20783486551176,148.20783486551176,6120688.0,sample,2026-09-24 19:05:19.241239+00:00
AAPL,2022-11-04 00:00:00+00:00,148.24084087761665,156.34324370440805,147.082123611145,155.34115610526084,155.34115610526084,14297455.0,sample,2026-09-24 19:05:19.241239+00:00
AAPL,2022-11-07 00:00:00+00:00,155.22041464996528,157.22057680512893,153.4691669169095,156.00516891160635,156.00516891160635,6973514.0,sample,2026-09-24 19:05:19.241239+00:00
AAPL,2022-11-08 00:00:00+00:00,156.46613100811297,160.54941054733396,154.9536574939241,160.12215646967678,160.12215646967678,12968545.0,sample,2026-09-24 19:05:19.241239+00:00
AAPL,2022-11-09 00:00:00+00:00,160.2843868438371,160.96709623262447,158.61903589314326,160.42625475923055,160.42625475923055,13384767.0,sample,2026-09-24 19:05:19.241239+00:00
AAPL,2022-11-10 00:00:00+00:00,160.00535942149665,162.79624534279486,159.14669039665054,162.15267874629032,162.15267874629032,12486586.0,sample,2026-09-24 19:05:19.241239+00:00
AAPL,2022-11-11 00:00:00+00:00,162.37036158655573,163.60041007270007,160.39645845845826,162.0275293885333,162.0275293885333,5943934.0,sample,2026-09-24 19:05:19.241239+00:00
AAPL,2022-11-14 00:00:00+00:00,161.77649953572055,162.72465733262337,160.43112726295655,161.5716857562684,161.5716857562684,15185571.0,sample,2026-09-24 19:05:19.241239+00:00
AAPL,2022-11-15 00:00:00+00:00,161.38523320347096,161.98062113604854,158.1167498045613,159.36038913432387,159.36038913432387,5403101.0,sample,2026-09-24 19:05:19.241239+00:00
AAPL,2022-11-16 00:00:00+00:00,159.4604097766479,162.3602460488632,159.19760806119245,160.6396503912161,160.6396503912161,6072650.0,sample,2026-09-24 19:05:19.241239+00:00
AAPL,2022-11-17 00:00:00+00:00,160.48166212404362,161.3022273689498,157.72669175633757,158.23574702037973,158.23574702037973,15937310.0,sample,2026-09-24 19:05:19.241239+00:00
AAPL,2022-11-18 00:00:00+00:00,158.51831043453444,161.12903438709176,157.39907469327557,160.18293806520487,160.18293806520487,7104781.0,sample,2026-09-24 19:05:19.241239+00:00
AAPL,2022-11-21 00:00:00+00:00,159.9348114707763,164.28345112018883,159.6714289622354,163.38374392273286,163.38374392273286,13000801.0,sample,2026-09-24 19:05:19.241239+00:00
AAPL,2022-11-22 00:00:00+00:00,163.18149231263197,165.000108882085,161.68741646025575,164.50636400376578,164.50636400376578,2198600.0,sample,2026-09-24 19:05:19.241239+00:00
AAPL,2022-11-23 00:00:00+00:00,164.2904096254948,165.7768923577595,162.0254393840507,163.7018489739488,163.7018489739488,11636347.0,sample,2026-09-24 19:05:19.241239+00:00
AAPL,2022-11-24 00:00:00+00:00,163.51665675603476,166.06572925279104,161.69769975972557,165.08626568891378,165.08626568891378,15834305.0,sample,2026-09-24 19:05:19.241239+00:00
AAPL,2022-11-25 00:00:00+00:00,165.44918854727814,165.64422471786403,163.86457792726142,164.21261886332036,164.21261886332036,13193616.0,sample,2026-09-24 19:05:19.241239+00:00
AAPL,2022-11-28 00:00:00+00:00,164.41913143553097,168.98149836960508,162.55512444740023,167.04310500143643,167.04310500143643,11110090.0,sample,2026-09-24 19:05:19.241239+00:00
AAPL,2022-11-29 00:00:00+00:00,167.61437369634965,169.2860588453062,161.38474603737998,161.6666636122878,161.6666636122878,15508985.0,sample,2026-09-24 19:05:19.241239+00:00
AAPL,2022-11-30 00:00:00+00:00,162.39986855769607,163.85483381023397,159.73427306652482,160.73316836817074,160.73316836817074,6419017.0,sample,2026-09-24 19:05:19.241239+00:00
AAPL,2022-12-01 00:00:00+00:00,160.40182753970367,162.09567253488515,153.52531247570013,155.11410925977216,155.11410925977216,7716882.0,sample,2026-09-24 19:05:19.241239+00:00
AAPL,2022-12-02 00:00:00+00:00,155.13595526019262,156.83855372022748,150.7653934744694,151.03323922281137,151.03323922281137,2645372.0,sample,2026-09-24 19:05:19.241239+00:00
AAPL,2022-12-05 00:00:00+00:00,150.67794853521627,155.55521955564706,150.49705335922772,154.82562134592408,154.82562134592408,13023159.0,sample,2026-09-24 19:05:19.241239+00:00
AAPL,2022-12-06 00:00:00+00:00,154.58483470407228,158.59498436588396,154.38782794067058,157.37992549619256,157.37992549619256,13436256.0,sample,2026-09-24 19:05:19.241239+00:00
AAPL,2022-12-07 00:00:00+00:00,157.18160081915158,158.39140966643424,154.36441481053663,155.39373868303636,155.39373868303636,13897740.0,sample,2026-09-24 19:05:19.241239+00:00
AAPL,2022-12-08 00:00:00+00:00,155.06518818651767,155.6761909826136,149.78334933259447,151.2852432965055,151.2852432965055,13854169.0,sample,2026-09-24 19:05:19.241239+00:00
AAPL,2022-12-09 00:00:00+00:00,150.96697325250364,151.4865222814391,143.11535482139737,143.45990151742527,143.45990151742527,3601829.0,sample,2026-09-24 19:05:19.241239+00:00
AAPL,2022-12-12 00:00:00+00:00,143.4185034719592,143.74162246365935,141.76193232015495,142.09880778189998,142.09880778189998,12491947.0,sample,2026-09-24 19:05:19.241239+00:00
AAPL,2022-12-13 00:00:00+00:00,141.753019308582,149.68883499622555,140.72474072273465,148.46364527298672,148.46364527298672,14094937.0,sample,2026-09-24 19:05:19.241239+00:00
AAPL,2022-12-14 00:00:00+00:00,148.7136957492592,151.1031094602835,148.18170944187005,149.66777915912598,149.66777915912598,4862386.0,sample,2026-09-24 19:05:19.241239+00:00
AAPL,2022-12-15 00:00:00+00:00,149.39306289160456,150.79294801408807,146.86625474389407,148.20489337359555,148.20489337359555,9361930.0,sample,2026-09-24 19:05:19.241239+00:00
AAPL,2022-12-16 00:00:00+00:00,149.03767711287335,150.15771918826283,147.331793459822,149.48815737394943,149.48815737394943,16568064.0,sample,2026-09-24 19:05:19.241239+00:00
AAPL,2022-12-19 00:00:00+00:00,149.3532041142656,149.83977569815278,144.01231944069588,145.38275067271493,145.38275067271493,8344364.0,sample,2026-09-24 19:05:19.241239+00:00
AAPL,2022-12-20 00:00:00+00:00,145.40369091847265,146.2746235431939,143.10263059032442,144.64292281004467,144.64292281004467,13927107.0,sample,2026-09-24 19:05:19.241239+00:00
AAPL,2022-12-21 00:00:00+00:00,144.26819894012988,145.95511693828695,143.29937354926682,144.93838171824953,144.93838171824953,10250710.0,sample,2026-09-24 19:05:19.241239+00:00
AAPL,2022-12-22 00:00:00+00:00,145.43293807522124,147.0486919683399,143.28009994917775,144.75011149359267,144.75011149359267,12352979.0,sample,2026-09-24 19:05:19.241239+00:00
AAPL,2022-12-23 00:00:00+00:00,145.0742071903194,148.4221269994827,144.6372531046251,146.8620038991489,146.8620038991489,11837349.0,sample,2026-09-24 19:05:19.241239+00:00
AAPL,2022-12-26 00:00:00+00:00,146.94921521868042,149.45012959695669,146.69178564605136,147.81285952161352,147.81285952161352,12240574.0,sample,2026-09-24 19:05:19.241239+00:00
AAPL,2022-12-27 00:00:00+00:00,147.41471004972132,151.18836979383084,146.20362682678393,149.6391724647796,149.6391724647796,14359692.0,sample,2026-09-24 19:05:19.241239+00:00
AAPL,2022-12-28 00:00:00+00:00,149.7022204992765,151.44032214949158,147.60111474390112,147.83343166161637,147.83343166161637,16421902.0,sample,2026-09-24 19:05:19.241239+00:00
AAPL,2022-12-29 00:00:00+00:00,147.50186166180717,151.19927992715003,145.90629042110695,150.27949428704594,150.27949428704594,6378491.0,sample,2026-09-24 19:05:19.241239+00:00
AAPL,2022-12-30 00:00:00+00:00,150.7190183059715,155.0253685677425,149.42176530393354,154.78974630457546,154.78974630457546,16817067.0,sample,2026-09-24 19:05:19.241239+00:00
AAPL,2023-01-02 00:00:00+00:00,155.04025639908454,155.33780692326846,150.40241741627375,152.14819747784023,152.14819747784023,11859726.0,sample,2026-09-24 19:05:19.241239+00:00
AAPL,2023-01-03 00:00:00+00:00,152.17723923319008,152.9827190761517,149.1069466473231,149.77385265190765,149.77385265190765,11328017.0,sample,2026-09-24 19:05:19.241239+00:00
AAPL,2023-01-04 00:00:00+00:00,149.04404191272386,154.0454748940112,148.0979488772696,153.45703499221125,153.45703499221125,6907539.0,sample,2026-09-24 19:05:19.241239+00:00
AAPL,2023-01-05 00:00:00+00:00,153.1552107917133,153.59466616051674,151.56667724747868,152.96764581298606,152.96764581298606,8375045.0,sample,2026-09-24 19:05:19.241239+00:00
AAPL,2023-01-06 00:00:00+00:00,153.17805621535106,158.7237080771364,152.61580561522464,156.9214275817602,156.9214275817602,12251817.0,sample,2026-09-24 19:05:19.241239+00:00
AAPL,2023-01-09 00:00:00+00:00,157.30208246255188,157.79752353533505,154.63150553972687,155.71533676297122,155.71533676297122,7501610.0,sample,2026-09-24 19:05:19.241239+00:00
AAPL,2023-01-10 00:00:00+00:00,156.06076626441885,161.73470025809274,154.77261884725414,159.88749255666158,159.88749255666158,6240193.0,sample,2026-09-24 19:05:19.241239+00:00
AAPL,2023-01-11 00:00:00+00:00,159.3784066225696,161.8083725127987,157.50301761487137,160.30642518662674,160.30642518662674,15014800.0,sample,2026-09-24 19:05:19.241239+00:00
AAPL,2023-01-12 00:00:00+00:00,160.40310673125066,162.39041916009953,158.92872368263517,161.09355124956238,161.09355124956238,8354575.0,sample,2026-09-24 19:05:19.241239+00:00
AAPL,2023-01-13 00:00:00+00:00,161.42073715470477,167.1348559011768,161.0495599592897,165.73666681373393,165.73666681373393,12135988.0,sample,2026-09-24 19:05:19.241239+00:00
AAPL,2023-01-16 00:00:00+00:00,165.1869727955374,165.95446740926462,163.6762135429419,164.7020881632888,164.7020881632888,2014623.0,sample,2026-09-24 19:05:19.241239+00:00
AAPL,2023-01-17 00:00:00+00:00,164.69948438291303,166.03531206574905,160.76498055242564,161.97599058181146,161.97599058181146,2774889.0,sample,2026-09-24 19:05:19.241239+00:00
AAPL,2023-01-18 00:00:00+00:00,162.06470236927007,162.55958530006268,160.2936888839996,160.713610175049,160.713610175049,15494843.0,sample,2026-09-24 19:05:19.241239+00:00
AAPL,2023-01-19 00:00:00+00:00,160.61693625056196,163.90175607279363,159.6931276033095,162.06799563770926,162.06799563770926,3846069.0,sample,2026-09-24 19:05:19.241239+00:00
AAPL,2023-01-20 00:00:00+00:00,161.46764331870628,162.16513941512488,156.95352126906735,157.60348813756963,157.60348813756963,14630734.0,sample,2026-09-24 19:05:19.241239+00:00
AAPL,2023-01-23 00:00:00+00:00,157.50082582111477,160.06926205899873,157.13745519889147,159.4621813009199,159.4621813009199,16353067.0,sample,2026-09-24 19:05:19.241239+00:00
AAPL,2023-01-24 00:00:00+00:00,159.35779562519969,160.76377611518444,156.91501432940822,157.96269579104668,157.96269579104668,9443035.0,sample,2026-09-24 19:05:19.241239+00:00
AAPL,2023-01-25 00:00:00+00:00,157.91591595865745,162.6266135234936,157.4702829459865,161.30057186178968,161.30057186178968,16094219.0,sample,2026-09-24 19:05:19.241239+00:00
AAPL,2023-01-26 00:00:00+00:00,161.118795335492,162.079754249484,153.37696243153215,154.53534570570525,154.53534570570525,8549244.0,sample,2026-09-24 19:05:19.241239+00:00
AAPL,2023-01-27 00:00:00+00:00,154.39842363319926,155.62695777519158,151.96403454352566,152.4009171097836,152.4009171097836,17205235.0,sample,2026-09-24 19:05:19.241239+00:00
AAPL,2023-01-30 00:00:00+00:00,152.3888145620942,152.80855793815786,146.55610318721793,147.8810499849305,147.8810499849305,5412403.0,sample,2026-09-24 19:05:19.241239+00:00
AAPL,2023-01-31 00:00:00+00:00,148.01191128803768,149.25618990605764,145.2757240217402,145.7344461958086,145.7344461958086,8559540.0,sample,2026-09-24 19:05:19.241239+00:00
AAPL,2023-02-01 00:00:00+00:00,145.6457152644244,147.0044592752693,144.0641286187427,146.42217960968173,146.42217960968173,7917079.0,sample,2026-09-24 19:05:19.241239+00:00
AAPL,2023-02-02 00:00:00+00:00,146.3022162317489,146.88760003659135,145.79898782900892,145.987063389353,145.987063389353,14437004.0,sample,2026-09-24 19:05:19.241239+00:00
AAPL,2023-02-03 00:00:00+00:00,146.01402837902685,146.42052840926317,144.37909053778105,145.3590973944309,145.3590973944309,2221350.0,sample,2026-09-24 19:05:19.241239+00:00
AAPL,2023-02-06 00:00:00+00:00,144.8006521841135,145.65447817799205,144.1459863643856,144.9794324133468,144.9794324133468,15165712.0,sample,2026-09-24 19:05:19.241239+00:00
AAPL,2023-02-07 00:00:00+00:00,145.11775297731984,146.22344367755707,144.61334662799067,145.54755551903264,145.54755551903264,1886615.0,sample,2026-09-24 19:05:19.241239+00:00
AAPL,2023-02-08 00:00:00+00:00,145.5473916042131,146.4200892710384,142.08029751205297,142.9649115694341,142.9649115694341,6708998.0,sample,2026-09-24 19:05:19.241239+00:00
AAPL,2023-02-09 00:00:00+00:00,142.9762611324739,145.279918829365,141.50900801519586,144.83172047967446,144.83172047967446,11335126.0,sample,2026-09-24 19:05:19.241239+00:00
AAPL,2023-02-10 00:00:00+00:00,145.11001008505997,147.06412611295565,143.50392534520435,146.6062626015223,146.6062626015223,3898072.0,sample,2026-09-24 19:05:19.241239+00:00
AAPL,2023-02-13 00:00:00+00:00,146.03367262870114,148.69038808500542,145.40050935236764,147.66278441550216,147.66278441550216,9586928.0,sample,2026-09-24 19:05:19.241239+00:00
AAPL,2023-02-14 00:00:00+00:00,147.07986080510815,149.54741892671728,146.68323350915705,149.18673739452947,149.18673739452947,17950934.0,sample,2026-09-24 19:05:19.241239+00:00
AAPL,2023-02-15 00:00:00+00:00,149.26843319926925,151.30922682901635,147.9367281668619,150.02235500755125,150.02235500755125,15082944.0,sample,2026-09-24 19:05:19.241239+00:00
AAPL,2023-02-16 00:00:00+00:00,150.020219632818,157.43060384152054,148.909772070377,155.65867600735328,155.65867600735328,1998616.0,sample,2026-09-24 19:05:19.241239+00:00
AAPL,2023-02-17 00:00:00+00:00,155.71165504268174,156.59839427648205,154.95451096719202,155.45370041330767,155.45370041330767,11264078.0,sample,2026-09-24 19:05:19.241239+00:00
AAPL,2023-02-20 00:00:00+00:00,155.3100216855142,157.0047892501897,153.187563884667,154.63545487487576,154.63545487487576,11356042.0,sample,2026-09-24 19:05:19.241239+00:00
AAPL,2023-02-21 00:00:00+00:00,154.84092014010352,155.16321880602825,151.56674822143466,152.5903601838823,152.5903601838823,2625711.0,sample,2026-09-24 19:05:19.241239+00:00
AAPL,2023-02-22 00:00:00+00:00,152.87498357782928,153.10009717378264,148.59213011806202,149.81874822604624,149.81874822604624,12228502.0,sample,2026-09-24 19:05:19.241239+00:00
AAPL,2023-02-23 00:00:00+00:00,149.963767468933,151.3037023770769,145.81091671168164,146.53667319733532,146.53667319733532,10096506.0,sample,2026-09-24 19:05:19.241239+00:00
AAPL,2023-02-24 00:00:00+00:00,146.46023132819573,147.83274491139474,143.40606765813263,144.24703844746116,144.24703844746116,12749524.0,sample,2026-09-24 19:05:19.241239+00:00
AAPL,2023-02-27 00:00:00+00:00,143.63898254320011,145.58008580767884,143.2103978499338,144.0996577065242,144.0996577065242,6408783.0,sample,2026-09-24 19:05:19.241239+00:00
AAPL,2023-02-28 00:00:00+00:00,144.32135105507143,145.24124456231857,142.97603439077145,145.00561124702526,145.00561124702526,5717857.0,sample,2026-09-24 19:05:19.241239+00:00
AAPL,2023-03-01 00:00:00+00:00,145.35992627107106,146.7475288718501,144.77953644003344,145.17544797052597,145.17544797052597,13643317.0,sample,2026-09-24 19:05:19.241239+00:00
AAPL,2023-03-02 00:00:00+00:00,145.36259608293184,146.11003980399073,141.85508814020304,143.22450468479707,143.22450468479707,13406057.0,sample,2026-09-24 19:05:19.241239+00:00
AAPL,2023-03-03 00:00:00+00:00,142.9725319828782,146.23194443767207,141.57453421178948,145.6005166446283,145.6005166446283,4168351.0,sample,2026-09-24 19:05:19.241239+00:00
AAPL,2023-03-06 00:00:00+00:00,145.79672626828886,148.0167094450468,144.45355780175274,147.5882220009842,147.5882220009842,5070592.0,sample,2026-09-24 19:05:19.241239+00:00
AAPL,2023-03-07 00:00:00+00:00,147.8422301001383,149.60985742517997,147.0228556005092,147.20150680767205,147.20150680767205,11174942.0,sample,2026-09-24 19:05:19.241239+00:00
AAPL,2023-03-08 00:00:00+00:00,147.66042700869667,147.91149395632638,144.9353016638762,145.51802354531569,145.51802354531569,15179131.0,sample,2026-09-24 19:05:19.241239+00:00
AAPL,2023-03-09 00:00:00+00:00,145.26304397615152,148.48264872355202,144.3694271047799,146.998392990052,146.998392990052,4829641.0,sample,2026-09-24 19:05:19.241239+00:00
AAPL,2023-03-10 00:00:00+00:00,146.93181607002558,148.7188355823259,145.82233566568885,147.53348681299323,147.53348681299323,5115425.0,sample,2026-09-24 19:05:19.241239+00:00
AAPL,2023-03-13 00:00:00+00:00,147.7539821155994,149.0964577886799,142.17593254035256,143.77346319493518,143.77346319493518,14828340.0,sample,2026-09-24 19:05:19.241239+00:00
AAPL,2023-03-14 00:00:00+00:00,143.78997128452102,145.05947688240437,142.89646771722175,143.63354706310912,143.63354706310912,12995649.0,sample,2026-09-24 19:05:19.241239+00:00
AAPL,2023-03-15 00:00:00+00:00,143.31257560968083,145.85609993154742,141.78984273321888,144.3486983275026,144.3486983275026,16387714.0,sample,2026-09-24 19:05:19.241239+00:00
AAPL,2023-03-16 00:00:00+00:00,144.46839696960058,144.90493896935638,141.667921707329,142.06538117375803,142.06538117375803,14426322.0,sample,2026-09-24 19:05:19.241239+00:00
AAPL,2023-03-17 00:00:00+00:00,142.22979674491518,142.731197778275,141.5066883171595,142.58731708226986,142.58731708226986,17229085.0,sample,2026-09-24 19:05:19.241239+00:00
AAPL,2023-03-20 00:00:00+00:00,142.6124018690511,143.6939477104248,138.71776688182146,138.93660622469744,138.93660622469744,4617604.0,sample,2026-09-24 19:05:19.241239+00:00
AAPL,2023-03-21 00:00:00+00:00,138.99762299381842,143.0507731863486,137.72337865871853,142.35431253711337,142.35431253711337,5986974.0,sample,2026-09-24 19:05:19.241239+00:00
AAPL,2023-03-22 00:00:00+00:00,142.28065673554585,145.9685349745685,141.90259137287796,145.62461904322586,145.62461904322586,5426777.0,sample,2026-09-24 19:05:19.241239+00:00
AAPL,2023-03-23 00:00:00+00:00,146.0551666569324,146.50027361786144,144.44550863614887,145.00045731133935,145.00045731133935,2414670.0,sample,2026-09-24 19:05:19.241239+00:00
AAPL,2023-03-24 00:00:00+00:00,144.73925575426918,146.66741528683121,143.36024297497244,145.98867852729308,145.98867852729308,14355211.0,sample,2026-09-24 19:05:19.241239+00:00
AAPL,2023-03-27 00:00:00+00:00,145.817194163238,146.0756649212738,138.86396789749568,139.82623581739745,139.82623581739745,12418945.0,sample,2026-09-24 19:05:19.241239+00:00
AAPL,2023-03-28 00:00:00+00:00,139.8293079434076,140.05667672168212,136.8221428681321,136.98017688637123,136.98017688637123,2918983.0,sample,2026-09-24 19:05:19.241239+00:00
AAPL,2023-03-29 00:00:00+00:00,137.22097544275013,138.74087459660493,136.15216057002687,136.2918034143875,136.2918034143875,4769196.0,sample,2026-09-24 19:05:19.241239+00:00
AAPL,2023-03-30 00:00:00+00:00,135.88364403491448,136.48603392679985,132.83537080774988,133.72023328791715,133.72023328791715,4647555.0,sample,2026-09-24 19:05:19.241239+00:00
AAPL,2023-03-31 00:00:00+00:00,133.36980691380708,137.08406495507705,132.78904666904694,135.4847303516321,135.4847303516321,8148347.0,sample,2026-09-24 19:05:19.241239+00:00
AAPL,2023-04-03 00:00:00+00:00,134.93256815683156,142.1100078871072,134.53000683743653,140.47931874451334,140.47931874451334,9016259.0,sample,2026-09-24 19:05:19.241239+00:00
AAPL,2023-04-04 00:00:00+00:00,140.4885047504529,140.84931914422276,136.50366969179447,137.56977121696036,137.56977121696036,6268371.0,sample,2026-09-24 19:05:19.241239+00:00
AAPL,2023-04-05 00:00:00+00:00,137.26208106611296,138.47879512100207,135.06928764716636,135.54543180114626,135.54543180114626,16848001.0,sample,2026-09-24 19:05:19.241239+00:00
AAPL,2023-04-06 00:00:00+00:00,135.44118377972316,137.19112097259938,134.42344098458585,136.15513644791707,136.15513644791707,5010667.0,sample,2026-09-24 19:05:19.241239+00:00
AAPL,2023-04-07 00:00:00+00:00,136.33523652329384,141.40178943456763,135.63012084290804,140.1965035775803,140.1965035775803,10770984.0,sample,2026-09-24 19:05:19.241239+00:00
AAPL,2023-04-10 00:00:00+00:00,140.0166194848815,140.30478782948225,136.7608001941744,137.1797758170122,137.1797758170122,8726681.0,sample,2026-09-24 19:05:19.241239+00:00
AAPL,2023-04-11 00:00:00+00:00,137.24323024907306,138.25425165907888,136.89749367510808,137.83053841189388,137.83053841189388,7896684.0,sample,2026-09-24 19:05:19.241239+00:00
AAPL,2023-04-12 00:00:00+00:00,137.74802260190887,142.72213903460414,137.2513767024631,142.45958242339518,142.45958242339518,15125533.0,sample,2026-09-24 19:05:19.241239+00:00
AAPL,2023-04-13 00:00:00+00:00,142.65108067273403,143.74171612310815,138.13723212589002,138.3209435280237,138.3209435280237,17643108.0,sample,2026-09-24 19:05:19.241239+00:00
AAPL,2023-04-14 00:00:00+00:00,138.45238385316816,140.0933909867566,134.60820297494897,135.20165666464743,135.20165666464743,1596949.0,sample,2026-09-24 19:05:19.241239+00:00
AAPL,2023-04-17 00:00:00+00:00,135.01455550059762,136.147574686305,132.74246783498546,134.20822315786353,134.20822315786353,9151236.0,sample,2026-09-24 19:05:19.241239+00:00
AAPL,2023-04-18 00:00:00+00:00,134.16295425355085,135.34605374819603,131.64055132347008,132.9897299238854,132.9897299238854,3466072.0,sample,2026-09-24 19:05:19.241239+00:00
AAPL,2023-04-19 00:00:00+00:00,133.26734422903078,136.57989199254388,132.58874140508797,134.98298450654914,134.98298450654914,8656627.0,sample,2026-09-24 19:05:19.241239+00:00
AAPL,2023-04-20 00:00:00+00:00,135.08918287451462,136.75228661901204,134.0984158685753,135.60531959103236,135.60531959103236,11681050.0,sample,2026-09-24 19:05:19.241239+00:00
AAPL,2023-04-21 00:00:00+00:00,135.22644861843656,135.421444792086,130.42286490669457,131.37414061173845,131.37414061173845,8292131.0,sample,2026-09-24 19:05:19.241239+00:00
AAPL,2023-04-24 00:00:00+00:00,131.5464031304503,134.02932357139778,130.2156648606986,132.6317743932491,132.6317743932491,6600080.0,sample,2026-09-24 19:05:19.241239+00:00
AAPL,2023-04-25 00:00:00+00:00,132.3440667304901,133.00730388518818,130.82038705034685,131.29293541718408,131.29293541718408,6650971.0,sample,2026-09-24 19:05:19.241239+00:00
AAPL,2023-04-26 00:00:00+00:00,131.66384139172473,134.51402597388451,131.10291888186873,134.37320287921537,134.37320287921537,6447808.0,sample,2026-09-24 19:05:19.241239+00:00
AAPL,2023-04-27 00:00:00+00:00,134.64842576156403,135.53435530583687,132.32294039075617,132.89700759021656,132.89700759021656,6873964.0,sample,2026-09-24 19:05:19.241239+00:00
AAPL,2023-04-28 00:00:00+00:00,132.97405741480338,134.47761702399376,131.22517655679263,131.41567275876778,131.41567275876778,7670776.0,sample,2026-09-24 19:05:19.241239+00:00
AAPL,2023-05-01 00:00:00+00:00,131.45699847856767,133.24360407585706,130.87049433846715,132.73514384841283,132.73514384841283,12849311.0,sample,2026-09-24 19:05:19.241239+00:00
AAPL,2023-05-02 00:00:00+00:00,132.6796519952673,135.46653415160455,131.26567810531702,134.60417301257277,134.60417301257277,3084068.0,sample,2026-09-24 19:05:19.241239+00:00
AAPL,2023-05-03 00:00:00+00:00,134.7868373232676,136.12335868521365,133.29988724830983,135.72817987781693,135.72817987781693,2173787.0,sample,2026-09-24 19:05:19.241239+00:00
AAPL,2023-05-04 00:00:00+00:00,135.62752978565788,135.84922917543693,131.41431352473992,131.7048529557208,131.7048529557208,10026281.0,sample,2026-09-24 19:05:19.241239+00:00
AAPL,2023-05-05 00:00:00+00:00,131.76690434606766,133.27068622493363,130.9712109252999,133.01981160331914,133.01981160331914,12749975.0,sample,2026-09-24 19:05:19.241239+00:00
AAPL,2023-05-08 00:00:00+00:00,133.2517806936489,134.45066295017614,129.9204257755185,130.59886571511316,130.59886571511316,5768835.0,sample,2026-09-24 19:05:19.241239+00:00
AAPL,2023-05-09 00:00:00+00:00,130.45212312044163,132.5639974686794,129.6194535894728,131.18591317208438,131.18591317208438,4819874.0,sample,2026-09-24 19:05:19.241239+00:00
AAPL,2023-05-10 00:00:00+00:00,131.024241557513,131.36179763809093,126.99034099286811,127.89866642029689,127.89866642029689,11808545.0,sample,2026-09-24 19:05:19.241239+00:00
AAPL,2023-05-11 00:00:00+00:00,127.5931509158907,129.5005214914204,127.43712409570738,128.9625536512999,128.9625536512999,7839432.0,sample,2026-09-24 19:05:19.241239+00:00
AAPL,2023-05-12 00:00:00+00:00,128.68799940403463,129.09276487561516,125.83047826369732,127.13548135472621,127.13548135472621,13645116.0,sample,2026-09-24 19:05:19.241239+00:00
AAPL,2023-05-15 00:00:00+00:00,126.67057351867253,126.83466429551235,122.80975688452965,124.26493717541636,124.26493717541636,3917893.0,sample,2026-09-24 19:05:19.241239+00:00
AAPL,2023-05-16 00:00:00+00:00,124.446321432648,126.79573223533136,123.42742303335267,125.90336130708715,125.90336130708715,3498356.0,sample,2026-09-24 19:05:19.241239+00:00
AAPL,2023-05-17 00:00:00+00:00,126.35885814941814,127.58410123137043,125.31450539336798,126.48380045380688,126.48380045380688,10620392.0,sample,2026-09-24 19:05:19.241239+00:00
AAPL,2023-05-18 00:00:00+00:00,126.84436249714076,127.87518252606824,124.27310467620771,125.12492745918767,125.12492745918767,7976056.0,sample,2026-09-24 19:05:19.241239+00:00
AAPL,2023-05-19 00:00:00+00:00,124.71800005182388,129.14536568920605,124.13469302659736,128.46851786651712,128.46851786651712,13534282.0,sample,2026-09-24 19:05:19.241239+00:00
AAPL,2023-05-22 00:00:00+00:00,128.65475987716403,129.5688664461696,127.14903340873424,127.48543637729827,127.48543637729827,9851099.0,sample,2026-09-24 19:05:19.241239+00:00
AAPL,2023-05-23 00:00:00+00:00,127.84803207448813,128.10821462946578,126.64370542850021,127.5910301378015,127.5910301378015,7351817.0,sample,2026-09-24 19:05:19.241239+00:00
AAPL,2023-05-24 00:00:00+00:00,127.47446042576215,128.58809368028193,127.28396827254214,128.24218080014154,128.24218080014154,4134683.0,sample,2026-09-24 19:05:19.241239+00:00
AAPL,2023-05-25 00:00:00+00:00,128.2682004796278,129.71118448984072,125.57409190163872,126.85142591778701,126.85142591778701,4196373.0,sample,2026-09-24 19:05:19.241239+00:00
AAPL,2023-05-26 00:00:00+00:00,126.34201772461704,129.1636077835807,125.63070853954726,127.96374482439423,127.96374482439423,13971484.0,sample,2026-09-24 19:05:19.241239+00:00
AAPL,2023-05-29 00:00:00+00:00,128.03200994226304,129.45958350420415,126.06744157469937,126.77258829452803,126.77258829452803,5237342.0,sample,2026-09-24 19:05:19.241239+00:00
AAPL,2023-05-30 00:00:00+00:00,126.5029278551155,127.90502092182915,125.28934988561794,125.86820257499703,125.86820257499703,9790374.0,sample,2026-09-24 19:05:19.241239+00:00
AAPL,2023-05-31 00:00:00+00:00,125.91845797674813,130.07656733648147,124.4498845028858,129.02586855690015,129.02586855690015,14998863.0,sample,2026-09-24 19:05:19.241239+00:00
AAPL,2023-06-01 00:00:00+00:00,128.62299743084216,130.06494163803774,126.2929232848644,126.66329772130402,126.66329772130402,16314278.0,sample,2026-09-24 19:05:19.241239+00:00
AAPL,2023-06-02 00:00:00+00:00,126.80081814711896,127.50884159842337,120.98715452062577,121.31037218231788,121.31037218231788,5916204.0,sample,2026-09-24 19:05:19.241239+00:00
AAPL,2023-06-05 00:00:00+00:00,121.5589402102409,125.04059257834291,121.21604109713921,124.91071308040014,124.91071308040014,3308710.0,sample,2026-09-24 19:05:19.241239+00:00
AAPL,2023-06-06 00:00:00+00:00,124.71505797040604,131.02969129017922,123.68693168724842,130.80884902904089,130.80884902904089,14282592.0,sample,2026-09-24 19:05:19.241239+00:00
AAPL,2023-06-07 00:00:00+00:00,130.51140996042204,130.79910416813257,128.34345236188852,129.8905591340977,129.8905591340977,12840063.0,sample,2026-09-24 19:05:19.241239+00:00
AAPL,2023-06-08 00:00:00+00:00,129.33046505709208,129.59544869304352,125.0210935100615,125.47156489432055,125.47156489432055,6964790.0,sample,2026-09-24 19:05:19.241239+00:00
AAPL,2023-06-09 00:00:00+00:00,125.40471024826167,126.01527145911011,123.43542345086104,124.80349330645178,124.80349330645178,11293857.0,sample,2026-09-24 19:05:19.241239+00:00
AAPL,2023-06-12 00:00:00+00:00,124.65832339708341,125.74459339415777,123.68838368699193,124.19320199778406,124.19320199778406,4614087.0,sample,2026-09-24 19:05:19.241239+00:00
AAPL,2023-06-13 00:00:00+00:00,123.80794986342362,125.00853249916592,122.7941900336492,123.80030260410891,123.80030260410891,13061255.0,sample,2026-09-24 19:05:19.241239+00:00
AAPL,2023-06-14 00:00:00+00:00,123.91247032234249,124.84086542591672,121.19881369514717,121.37425878693226,121.37425878693226,13500591.0,sample,2026-09-24 19:05:19.241239+00:00
AAPL,2023-06-15 00:00:00+00:00,121.26502914378247,122.99802718079194,120.48260368424434,122.67774039133238,122.67774039133238,6439587.0,sample,2026-09-24 19:05:19.241239+00:00
AAPL,2023-06-16 00:00:00+00:00,122.41380267800378,125.01536662902727,121.40997648972451,123.87240614171682,123.87240614171682,9230992.0,sample,2026-09-24 19:05:19.241239+00:00
AAPL,2023-06-19 00:00:00+00:00,123.73501370518386,124.34166434248732,119.78270656117489,120.61489111917652,120.61489111917652,7012123.0,sample,2026-09-24 19:05:19.241239+00:00
AAPL,2023-06-20 00:00:00+00:00,120.87332167981346,122.31266171680063,120.4362208753134,122.17302688581205,122.17302688581205,2016074.0,sample,2026-09-24 19:05:19.241239+00:00
AAPL,2023-06-21 00:00:00+00:00,122.32035214869177,127.3214219496381,121.08326937341435,126.8032436864759,126.8032436864759,3600616.0,sample,2026-09-24 19:05:19.241239+00:00
AAPL,2023-06-22 00:00:00+00:00,126.77026823375233,127.81805391821945,125.29066884223526,127.2281471157768,127.2281471157768,17339049.0,sample,2026-09-24 19:05:19.241239+00:00
AAPL,2023-06-23 00:00:00+00:00,127.38568228451552,127.89735246758967,125.72418710381464,126.48959551177786,126.48959551177786,9024558.0,sample,2026-09-24 19:05:19.241239+00:00
AAPL,2023-06-26 00:00:00+00:00,126.19590894420158,127.45145991870385,125.18695852871483,126.19823925723112,126.19823925723112,3937931.0,sample,2026-09-24 19:05:19.241239+00:00
AAPL,2023-06-27 00:00:00+00:00,126.20640935666377,128.83007453168756,124.98289552174374,127.63550949985527,127.63550949985527,2230452.0,sample,2026-09-24 19:05:19.241239+00:00
AAPL,2023-06-28 00:00:00+00:00,127.67311662127996,128.77762598834667,123.29914185729045,123.7516247818813,123.7516247818813,7331215.0,sample,2026-09-24 19:05:19.241239+00:00
AAPL,2023-06-29 00:00:00+00:00,123.63533871926417,124.46336639098988,122.33606060701152,124.14938565922176,124.14938565922176,17716532.0,sample,2026-09-24 19:05:19.241239+00:00
AAPL,2023-06-30 00:00:00+00:00,124.25750942900035,125.4859406646057,122.80732300833321,123.31070318886935,123.31070318886935,7849111.0,sample,2026-09-24 19:05:19.241239+00:00
AAPL,2023-07-03 00:00:00+00:00,123.1182315927007,128.59031601353342,121.94440527912465,127.51296716852906,127.51296716852906,17991092.0,sample,2026-09-24 19:05:19.241239+00:00
AAPL,2023-07-04 00:00:00+00:00,127.64298467087406,128.04419395766232,126.86168073761377,127.1456085224756,127.1456085224756,9575593.0,sample,2026-09-24 19:05:19.241239+00:00
AAPL,2023-07-05 00:00:00+00:00,127.28594136112523,132.11874494460272,126.75487211654294,131.0534074402107,131.0534074402107,14105286.0,sample,2026-09-24 19:05:19.241239+00:00
AAPL,2023-07-06 00:00:00+00:00,130.28879995538423,131.11204642151873,127.62471875850223,128.5075423497056,128.5075423497056,14459826.0,sample,2026-09-24 19:05:19.241239+00:00
AAPL,2023-07-07 00:00:00+00:00,128.81346887091144,130.66335003450556,127.94086800565924,129.9056298927952,129.9056298927952,1964689.0,sample,2026-09-24 19:05:19.241239+00:00
AAPL,2023-07-10 00:00:00+00:00,129.1138206366273,130.97917384237786,127.77688020239745,130.68730272776747,130.68730272776747,1600489.0,sample,2026-09-24 19:05:19.241239+00:00
AAPL,2023-07-11 00:00:00+00:00,130.52628315677148,131.40098507730193,127.15224558741002,128.69105599905356,128.69105599905356,16720819.0,sample,2026-09-24 19:05:19.241239+00:00
AAPL,2023-07-12 00:00:00+00:00,128.95496224164393,129.40600621185268,128.6739282030246,129.13491974466058,129.13491974466058,16885788.0,sample,2026-09-24 19:05:19.241239+00:00
AAPL,2023-07-13 00:00:00+00:00,129.05297415305753,132.38785927032518,128.53866327630442,132.01731475320327,132.01731475320327,3688342.0,sample,2026-09-24 19:05:19.241239+00:00
AAPL,2023-07-14 00:00:00+00:00,131.63019088053443,131.95373913454844,130.6352443229723,131.28293924740439,131.28293924740439,12158826.0,sample,2026-09-24 19:05:19.241239+00:00
AAPL,2023-07-17 00:00:00+00:00,130.9957612149524,132.50158251944825,126.57837461309441,127.3767853580444,127.3767853580444,16741623.0,sample,2026-09-24 19:05:19.241239+00:00
AAPL,2023-07-18 00:00:00+00:00,127.63839326370844,128.16598804221618,126.54900051088617,127.36836209809279,127.36836209809279,17185706.0,sample,2026-09-24 19:05:19.241239+00:00
AAPL,2023-07-19 00:00:00+00:00,126.8788843284527,127.50151042393271,124.04159674176687,125.34748510403651,125.34748510403651,6390191.0,sample,2026-09-24 19:05:19.241239+00:00
AAPL,2023-07-20 00:00:00+00:00,125.63051749445735,126.20124269763471,123.42778988488226,124.60859995980871,124.60859995980871,14986927.0,sample,2026-09-24 19:05:19.241239+00:00
AAPL,2023-07-21 00:00:00+00:00,124.5948675689757,125.95055378441286,124.30658177474363,124.45684691060409,124.45684691060409,12164489.0,sample,2026-09-24 19:05:19.241239+00:00
AAPL,2023-07-24 00:00:00+00:00,124.16004338440851,125.05308001952105,119.99906624274585,120.72404301835245,120.72404301835245,16809330.0,sample,2026-09-24 19:05:19.241239+00:00
AAPL,2023-07-25 00:00:00+00:00,120.5832510002058,121.9230224280324,116.3782977731365,117.29304419964201,117.29304419964201,3920875.0,sample,2026-09-24 19:05:19.241239+00:00
AAPL,2023-07-26 00:00:00+00:00,117.05441752043843,118.85361580671848,116.34455839288029,118.34483079139348,118.34483079139348,11416509.0,sample,2026-09-24 19:05:19.241239+00:00
AAPL,2023-07-27 00:00:00+00:00,118.54985734103917,118.81815717536905,116.9800782345998,117.26586662206896,117.26586662206896,1904083.0,sample,2026-09-24 19:05:19.241239+00:00
AAPL,2023-07-28 00:00:00+00:00,117.43764418576883,118.273612662101,111.40159284975734,112.00329864187732,112.00329864187732,7395598.0,sample,2026-09-24 19:05:19.241239+00:00
AAPL,2023-07-31 00:00:00+00:00,111.61819520609527,114.17072718534553,111.00114608778556,113.625223066809,113.625223066809,1688234.0,sample,2026-09-24 19:05:19.241239+00:00
AAPL,2023-08-01 00:00:00+00:00,113.53350657781948,115.33388090487733,113.18554055516334,114.21220566907337,114.21220566907337,8808082.0,sample,2026-09-24 19:05:19.241239+00:00
AAPL,2023-08-02 00:00:00+00:00,114.01503299227684,115.23199040406278,111.73112876023686,112.78218863704372,112.78218863704372,14882925.0,sample,2026-09-24 19:05:19.241239+00:00
AAPL,2023-08-03 00:00:00+00:00,113.07395840757707,113.77482569866976,109.66823435190712,110.1678906272866,110.1678906272866,12357533.0,sample,2026-09-24 19:05:19.241239+00:00
AAPL,2023-08-04 00:00:00+00:00,109.8704154833231,113.17295572666121,109.0487100062189,111.86580941911731,111.86580941911731,6728404.0,sample,2026-09-24 19:05:19.241239+00:00
AAPL,2023-08-07 00:00:00+00:00,112.22472619369591,113.39717843120195,111.47584700567506,112.5996192186724,112.5996192186724,8544375.0,sample,2026-09-24 19:05:19.241239+00:00
AAPL,2023-08-08 00:00:00+00:00,112.59212126868921,118.03101154705269,111.39282401023732,117.5630958094348,117.5630958094348,7562833.0,sample,2026-09-24 19:05:19.241239+00:00
AAPL,2023-08-09 00:00:00+00:00,117.28989459755172,119.24104618129152,117.01518239948145,118.48526061560355,118.48526061560355,13572600.0,sample,2026-09-24 19:05:19.241239+00:00
AAPL,2023-08-10 00:00:00+00:00,118.32476659920243,119.51317853383381,118.05772025099559,119.34485297588348,119.34485297588348,5892452.0,sample,2026-09-24 19:05:19.241239+00:00
AAPL,2023-08-11 00:00:00+00:00,119.15351481049507,120.32646353103324,118.50435613218882,119.01654578412352,119.01654578412352,3015492.0,sample,2026-09-24 19:05:19.241239+00:00
AAPL,2023-08-14 00:00:00+00:00,118.713144425322,121.0650542675792,118.03133154821236,120.80944738336653,120.80944738336653,9861030.0,sample,2026-09-24 19:05:19.241239+00:00
AAPL,2023-08-15 00:00:00+00:00,120.83235934440879,122.74421301093001,120.3147177779766,122.20696268310445,122.20696268310445,15194779.0,sample,2026-09-24 19:05:19.241239+00:00
AAPL,2023-08-16 00:00:00+00:00,121.90684302334165,125.92539476051228,120.76152117395732,125.02291906750385,125.02291906750385,9372763.0,sample,2026-09-24 19:05:19.241239+00:00
AAPL,2023-08-17 00:00:00+00:00,124.47772757139866,124.66104920477889,123.42806071331634,123.88618243457944,123.88618243457944,4869112.0,sample,2026-09-24 19:05:19.241239+00:00
AAPL,2023-08-18 00:00:00+00:00,123.79210909751221,124.02390807521394,122.71217028023746,122.94977344327388,122.94977344327388,2260015.0,sample,2026-09-24 19:05:19.241239+00:00
AAPL,2023-08-21 00:00:00+00:00,122.50645192147311,123.56702456944696,121.24760808549927,121.92450831578927,121.92450831578927,17075135.0,sample,2026-09-24 19:05:19.241239+00:00
AAPL,2023-08-22 00:00:00+00:00,121.74109462776225,123.92474033716988,120.58368108102988,123.70336722083869,123.70336722083869,14051961.0,sample,2026-09-24 19:05:19.241239+00:00
AAPL,2023-08-23 00:00:00+00:00,123.47844904389784,127.91112848516725,122.19968382914554,127.11691325733133,127.11691325733133,4066505.0,sample,2026-09-24 19:05:19.241239+00:00
AAPL,2023-08-24 00:00:00+00:00,126.89542066161913,127.49508425595171,124.95953489898645,126.10288368391737,126.10288368391737,2719838.0,sample,2026-09-24 19:05:19.241239+00:00
AAPL,2023-08-25 00:00:00+00:00,126.60753811842864,127.05178795225264,124.28034269118818,125.17367635948541,125.17367635948541,3631209.0,sample,2026-09-24 19:05:19.241239+00:00
AAPL,2023-08-28 00:00:00+00:00,125.18779884598905,126.30219630527965,124.06535143121344,125.91481084306426,125.91481084306426,7712776.0,sample,2026-09-24 19:05:19.241239+00:00
AAPL,2023-08-29 00:00:00+00:00,125.9766025314323,127.16047070626786,124.32514754511278,125.3903744987355,125.3903744987355,14895955.0,sample,2026-09-24 19:05:19.241239+00:00
AAPL,2023-08-30 00:00:00+00:00,124.94488800346095,129.05266146063775,124.49783107632021,127.58959613903248,127.58959613903248,4137912.0,sample,2026-09-24 19:05:19.241239+00:00
AAPL,2023-08-31 00:00:00+00:00,127.42271835481138,127.74662399507426,121.68715714241436,122.55217300487307,122.55217300487307,15008580.0,sample,2026-09-24 19:05:19.241239+00:00
AAPL,2023-09-01 00:00:00+00:00,122.60494461517906,124.02182784977002,119.62768064033152,120.77220289665831,120.77220289665831,1531176.0,sample,2026-09-24 19:05:19.241239+00:00
AAPL,2023-09-04 00:00:00+00:00,120.52473366917067,121.43377791844505,118.5783859234118,119.11300406905231,119.11300406905231,13689530.0,sample,2026-09-24 19:05:19.241239+00:00
AAPL,2023-09-05 00:00:00+00:00,119.32932825540213,120.2909155401985,113.33281901217165,114.26910631581622,114.26910631581622,6159849.0,sample,2026-09-24 19:05:19.241239+00:00
AAPL,2023-09-06 00:00:00+00:00,113.99424418773623,114.99844116188227,111.6249472260589,112.33222288261577,112.33222288261577,17348752.0,sample,2026-09-24 19:05:19.241239+00:00
AAPL,2023-09-07 00:00:00+00:00,112.26788659341568,113.2497038170458,109.80233051424628,110.52458072640695,110.52458072640695,9351450.0,sample,2026-09-24 19:05:19.241239+00:00
AAPL,2023-09-08 00:00:00+00:00,110.39503450282231,111.50096336863864,109.93348192918994,110.15275259504931,110.15275259504931,5963903.0,sample,2026-09-24 19:05:19.241239+00:00
AAPL,2023-09-11 00:00:00+00:00,110.1889533409276,113.12005946157144,109.27125689401632,112.40983667142876,112.40983667142876,5508267.0,sample,2026-09-24 19:05:19.241239+00:00
AAPL,2023-09-12 00:00:00+00:00,112.26584190269489,113.03676520409465,110.76513357054034,111.94306085265146,111.94306085265146,15139704.0,sample,2026-09-24 19:05:19.241239+00:00
AAPL,2023-09-13 00:00:00+00:00,111.88241152909185,112.39282994611324,109.63171402038097,109.9126225645211,109.9126225645211,8149470.0,sample,2026-09-24 19:05:19.241239+00:00
AAPL,2023-09-14 00:00:00+00:00,109.86071520921367,110.09777634429925,109.27533289027001,109.82745332139694,109.82745332139694,7308668.0,sample,2026-09-24 19:05:19.241239+00:00
AAPL,2023-09-15 00:00:00+00:00,109.66614144710755,112.87966601975529,109.49776641380953,111.94925108093706,111.94925108093706,13638524.0,sample,2026-09-24 19:05:19.241239+00:00
AAPL,2023-09-18 00:00:00+00:00,112.05786287150148,112.21134960887306,109.88139578649906,110.02728654915067,110.02728654915067,10367077.0,sample,2026-09-24 19:05:19.241239+00:00
AAPL,2023-09-19 00:00:00+00:00,110.07974500120713,110.52358494371151,106.97879069288703,108.26566271868651,108.26566271868651,12453289.0,sample,2026-09-24 19:05:19.241239+00:00
AAPL,2023-09-20 00:00:00+00:00,108.24647502366861,109.60975604053631,107.55064648435837,109.38698632438329,109.38698632438329,8852400.0,sample,2026-09-24 19:05:19.241239+00:00
AAPL,2023-09-21 00:00:00+00:00,109.29281324471205,109.6314022414024,108.44373548116168,108.97889916443792,108.97889916443792,2556027.0,sample,2026-09-24 19:05:19.241239+00:00
AAPL,2023-09-22 00:00:00+00:00,109.15251214760207,111.16915997144669,108.71332087755495,110.28401604270954,110.28401604270954,1596525.0,sample,2026-09-24 19:05:19.241239+00:00
AAPL,2023-09-25 00:00:00+00:00,110.23199854765309,111.15720464719585,108.93345027210864,110.28449663367225,110.28449663367225,2145234.0,sample,2026-09-24 19:05:19.241239+00:00
AAPL,2023-09-26 00:00:00+00:00,110.21684872165865,112.34327188604354,109.8008067195916,111.71414207189643,111.71414207189643,10978626.0,sample,2026-09-24 19:05:19.241239+00:00
AAPL,2023-09-27 00:00:00+00:00,111.73753278564129,111.96010185439968,108.6942091212251,109.67943672674811,109.67943672674811,9974809.0,sample,2026-09-24 19:05:19.241239+00:00
AAPL,2023-09-28 00:00:00+00:00,110.05159807024081,110.68627808106254,109.23095793896684,109.68299876532342,109.68299876532342,13833847.0,sample,2026-09-24 19:05:19.241239+00:00
AAPL,2023-09-29 00:00:00+00:00,109.38897018870445,109.92280953988433,109.10110195935121,109.29514286836533,109.29514286836533,16261525.0,sample,2026-09-24 19:05:19.241239+00:00
AAPL,2023-10-02 00:00:00+00:00,109.46342610659468,110.44039273235741,106.04498677149383,106.95582716906438,106.95582716906438,4380114.0,sample,2026-09-24 19:05:19.241239+00:00
AAPL,2023-10-03 00:00:00+00:00,106.5508557940187,107.336060236755,103.90789255264492,104.01377226166021,104.01377226166021,17295262.0,sample,2026-09-24 19:05:19.241239+00:00
AAPL,2023-10-04 00:00:00+00:00,104.05897106325733,106.00683604727787,103.18141744927834,105.33195070367388,105.33195070367388,16872321.0,sample,2026-09-24 19:05:19.241239+00:00
AAPL,2023-10-05 00:00:00+00:00,105.66376379717767,106.3354475178743,104.30178215246893,104.69482144047466,104.69482144047466,11662963.0,sample,2026-09-24 19:05:19.241239+00:00
AAPL,2023-10-06 00:00:00+00:00,104.79714356830002,106.01585740173047,101.86504167438065,102.81164354382146,102.81164354382146,10251592.0,sample,2026-09-24 19:05:19.241239+00:00
AAPL,2023-10-09 00:00:00+00:00,102.84672803333041,103.8051810088236,101.68756646995801,102.65946952176941,102.65946952176941,4414889.0,sample,2026-09-24 19:05:19.241239+00:00
AAPL,2023-10-10 00:00:00+00:00,102.54439863144725,105.46906471896217,101.62506967797435,104.79140228117829,104.79140228117829,4441059.0,sample,2026-09-24 19:05:19.241239+00:00
AAPL,2023-10-11 00:00:00+00:00,104.79790924053049,105.45514395657806,100.47393331739059,100.60162876113424,100.60162876113424,1807939.0,sample,2026-09-24 19:05:19.241239+00:00
AAPL,2023-10-12 00:00:00+00:00,100.55091290157485,100.68075129037572,97.09592634580902,97.95213603797173,97.95213603797173,12158134.0,sample,2026-09-24 19:05:19.241239+00:00
AAPL,2023-10-13 00:00:00+00:00,97.79815986272622,98.9098904102577,95.21658351390559,96.36248784342335,96.36248784342335,8646865.0,sample,2026-09-24 19:05:19.241239+00:00
AAPL,2023-10-16 00:00:00+00:00,96.30662157247875,99.40167704928362,95.95328422585098,98.95529823981099,98.95529823981099,4666724.0,sample,2026-09-24 19:05:19.241239+00:00
AAPL,2023-10-17 00:00:00+00:00,98.99455997364088,99.86435856884371,98.59693601902953,99.48479127004737,99.48479127004737,3708486.0,sample,2026-09-24 19:05:19.241239+00:00
AAPL,2023-10-18 00:00:00+00:00,99.33213841020418,102.10366670171602,98.34390362173757,100.89359949981555,100.89359949981555,2548300.0,sample,2026-09-24 19:05:19.241239+00:00
AAPL,2023-10-19 00:00:00+00:00,100.73090214961526,101.62796990050374,98.59547834035916,98.86878774251201,98.86878774251201,12075803.0,sample,2026-09-24 19:05:19.241239+00:00
AAPL,2023-10-20 00:00:00+00:00,98.59981650309312,98.74978697251446,96.11940034132878,96.92058665902786,96.92058665902786,12807701.0,sample,2026-09-24 19:05:19.241239+00:00
AAPL,2023-10-23 00:00:00+00:00,96.99632525652967,97.89367348564959,96.09374630629078,97.72941572330014,97.72941572330014,11921987.0,sample,2026-09-24 19:05:19.241239+00:00
AAPL,2023-10-24 00:00:00+00:00,97.83600397084487,97.98174951136929,97.69817580964353,97.85644265307263,97.85644265307263,3326465.0,sample,2026-09-24 19:05:19.241239+00:00
AAPL,2023-10-25 00:00:00+00:00,97.90178158702547,99.60336384384318,97.20752255379523,98.85249924963773,98.85249924963773,2182409.0,sample,2026-09-24 19:05:19.241239+00:00
AAPL,2023-10-26 00:00:00+00:00,99.0433182804542,99.22032943986405,97.82098005951968,98.54376406322281,98.54376406322281,3252587.0,sample,2026-09-24 19:05:19.241239+00:00
AAPL,2023-10-27 00:00:00+00:00,98.56108167861736,100.17930303847412,98.13353633479782,99.06313179477117,99.06313179477117,13901369.0,sample,2026-09-24 19:05:19.241239+00:00
AAPL,2023-10-30 00:00:00+00:00,99.14079945707768,100.49379883272852,98.0859620352564,99.37032077436001,99.37032077436001,13709068.0,sample,2026-09-24 19:05:19.241239+00:00
AAPL,2023-10-31 00:00:00+00:00,99.43070561925774,101.50270627447081,99.15326939991594,100.79646628457245,100.79646628457245,6364712.0,sample,2026-09-24 19:05:19.241239+00:00
AAPL,2023-11-01 00:00:00+00:00,100.7780124636105,103.09308769604975,100.2735034424355,102.29690797189198,102.29690797189198,2410836.0,sample,2026-09-24 19:05:19.241239+00:00
AAPL,2023-11-02 00:00:00+00:00,102.18830510848869,102.61860354938493,98.35492455052956,99.38207361751964,99.38207361751964,6775611.0,sample,2026-09-24 19:05:19.241239+00:00
AAPL,2023-11-03 00:00:00+00:00,99.82216777404575,99.99223459829312,95.17040687616836,95.46607201462635,95.46607201462635,14861191.0,sample,2026-09-24 19:05:19.241239+00:00
AAPL,2023-11-06 00:00:00+00:00,95.3797800450468,98.11331980402402,94.42263293596788,97.22737762929012,97.22737762929012,3866378.0,sample,2026-09-24 19:05:19.241239+00:00
AAPL,2023-11-07 00:00:00+00:00,97.09789454194205,99.56381435956416,96.9163446902986,99.35322071498457,99.35322071498457,14636454.0,sample,2026-09-24 19:05:19.241239+00:00
AAPL,2023-11-08 00:00:00+00:00,99.439461262548,99.63248658683794,96.94639562296217,97.56903434153662,97.56903434153662,9145003.0,sample,2026-09-24 19:05:19.241239+00:00
AAPL,2023-11-09 00:00:00+00:00,97.61818072572659,98.04999027737584,94.20778517941947,94.38037264799537,94.38037264799537,3832991.0,sample,2026-09-24 19:05:19.241239+00:00
AAPL,2023-11-10 00:00:00+00:00,94.11520314848295,94.67994821251958,93.31927657547983,94.57240782257139,94.57240782257139,16909232.0,sample,2026-09-24 19:05:19.241239+00:00
AAPL,2023-11-13 00:00:00+00:00,94.78475659405966,96.74983566910187,93.8656651707322,96.1943716806296,96.1943716806296,10053280.0,sample,2026-09-24 19:05:19.241239+00:00
AAPL,2023-11-14 00:00:00+00:00,96.17624970464641,100.25567587431132,95.18097516749381,99.38264997832188,99.38264997832188,12580595.0,sample,2026-09-24 19:05:19.241239+00:00
AAPL,2023-11-15 00:00:00+00:00,99.16183542595017,101.32041213682703,97.99233216652652,100.33563411768807,100.33563411768807,3094320.0,sample,2026-09-24 19:05:19.241239+00:00
AAPL,2023-11-16 00:00:00+00:00,100.57418893357352,101.3433180089154,98.85483107322614,99.69145903864731,99.69145903864731,7632113.0,sample,2026-09-24 19:05:19.241239+00:00
AAPL,2023-11-17 00:00:00+00:00,99.81620805988184,100.84587375618594,97.19788456313154,98.12612642197523,98.12612642197523,11937425.0,sample,2026-09-24 19:05:19.241239+00:00
AAPL,2023-11-20 00:00:00+00:00,97.87795720723967,98.7080386663515,97.23555079168227,98.17089423872066,98.17089423872066,12148333.0,sample,2026-09-24 19:05:19.241239+00:00
AAPL,2023-11-21 00:00:00+00:00,98.5198294960283,99.53817901763693,96.58964239731434,97.66790642858616,97.66790642858616,2538345.0,sample,2026-09-24 19:05:19.241239+00:00
AAPL,2023-11-22 00:00:00+00:00,97.79659314804414,98.43923474835087,95.14838482173089,95.92357606536514,95.92357606536514,11470529.0,sample,2026-09-24 19:05:19.241239+00:00
AAPL,2023-11-23 00:00:00+00:00,95.92161996961968,99.89571997193165,94.89342984529536,99.55192760318727,99.55192760318727,17083934.0,sample,2026-09-24 19:05:19.241239+00:00
AAPL,2023-11-24 00:00:00+00:00,99.86854629800825,103.99925115551345,99.51002099442702,102.828486917561,102.828486917561,14475334.0,sample,2026-09-24 19:05:19.241239+00:00
AAPL,2023-11-27 00:00:00+00:00,102.86124761772203,105.40160917277943,102.19634062360561,104.97910192156776,104.97910192156776,4927557.0,sample,2026-09-24 19:05:19.241239+00:00
AAPL,2023-11-28 00:00:00+00:00,104.97320564956053,105.10843384687774,102.34679385628728,103.27919930747078,103.27919930747078,16557944.0,sample,2026-09-24 19:05:19.241239+00:00
AAPL,2023-11-29 00:00:00+00:00,103.14280877290001,105.29216819963418,102.80966376131248,104.90722012782682,104.90722012782682,12767761.0,sample,2026-09-24 19:05:19.241239+00:00
AAPL,2023-11-30 00:00:00+00:00,105.02930075206253,106.68286492030553,104.68010587352917,106.1485594405503,106.1485594405503,2439597.0,sample,2026-09-24 19:05:19.241239+00:00
AAPL,2023-12-01 00:00:00+00:00,106.24974087736337,107.5449059061681,105.00040647140007,107.02424935952445,107.02424935952445,3616808.0,sample,2026-09-24 19:05:19.241239+00:00
AAPL,2023-12-04 00:00:00+00:00,107.02739162142882,110.22766768762295,106.40869688371252,109.48629845038481,109.48629845038481,16700779.0,sample,2026-09-24 19:05:19.241239+00:00
AAPL,2023-12-05 00:00:00+00:00,109.31331308696224,111.9602051490592,108.98537642905073,110.77333579606587,110.77333579606587,4958341.0,sample,2026-09-24 19:05:19.241239+00:00
AAPL,2023-12-06 00:00:00+00:00,110.80212132279681,112.76017398245847,110.28732328755417,112.28680420031309,112.28680420031309,3096536.0,sample,2026-09-24 19:05:19.241239+00:00
AAPL,2023-12-07 00:00:00+00:00,112.2711292351325,114.37432301261384,111.66810554803122,113.60990143930454,113.60990143930454,8940669.0,sample,2026-09-24 19:05:19.241239+00:00
AAPL,2023-12-08 00:00:00+00:00,113.30690966745806,114.87966982866949,112.41700424297426,114.33753514822229,114.33753514822229,10172500.0,sample,2026-09-24 19:05:19.241239+00:00
AAPL,2023-12-11 00:00:00+00:00,114.00096835532005,115.14548149358082,109.51747044149285,110.75271331188272,110.75271331188272,10956086.0,sample,2026-09-24 19:05:19.241239+00:00
AAPL,2023-12-12 00:00:00+00:00,110.87789785216384,111.25056220481527,109.56371858405116,110.94727488733568,110.94727488733568,12371269.0,sample,2026-09-24 19:05:19.241239+00:00
AAPL,2023-12-13 00:00:00+00:00,110.36993005110331,110.6059686129569,108.97204694678246,109.86953673154495,109.86953673154495,17981243.0,sample,2026-09-24 19:05:19.241239+00:00
AAPL,2023-12-14 00:00:00+00:00,109.91467345041897,110.63274027294332,106.45999603862928,107.39423415777254,107.39423415777254,14027487.0,sample,2026-09-24 19:05:19.241239+00:00
AAPL,2023-12-15 00:00:00+00:00,107.29154743006998,111.65178334240856,106.80443083676622,110.72273506467239,110.72273506467239,1927782.0,sample,2026-09-24 19:05:19.241239+00:00
AAPL,2023-12-18 00:00:00+00:00,111.01244034957803,115.36541995549315,109.85471996730725,114.25138020098997,114.25138020098997,2961467.0,sample,2026-09-24 19:05:19.241239+00:00
AAPL,2023-12-19 00:00:00+00:00,114.13862135302769,117.98707379130471,113.7510315128093,117.11040016396676,117.11040016396676,1505187.0,sample,2026-09-24 19:05:19.241239+00:00
AAPL,2023-12-20 00:00:00+00:00,117.26486508443247,118.79844438235263,117.01037838196854,117.67904047069648,117.67904047069648,8021394.0,sample,2026-09-24 19:05:19.241239+00:00
AAPL,2023-12-21 00:00:00+00:00,117.58562359072367,121.24676937799424,116.20918792953351,120.6051726965412,120.6051726965412,7281057.0,sample,2026-09-24 19:05:19.241239+00:00
AAPL,2023-12-22 00:00:00+00:00,120.63260992793143,120.82578929824741,119.36530097483367,120.66150330738982,120.66150330738982,16903431.0,sample,2026-09-24 19:05:19.241239+00:00
AAPL,2023-12-25 00:00:00+00:00,120.83931891441505,121.40887564433748,120.31486461175872,121.13304451087768,121.13304451087768,7541580.0,sample,2026-09-24 19:05:19.241239+00:00
AAPL,2023-12-26 00:00:00+00:00,121.02098294652907,121.19355264936837,117.80072356690815,118.80185226791039,118.80185226791039,2005789.0,sample,2026-09-24 19:05:19.241239+00:00
AAPL,2023-12-27 00:00:00+00:00,119.03863740024049,120.23649439187166,118.30807324485923,119.68374933901943,119.68374933901943,16083314.0,sample,2026-09-24 19:05:19.241239+00:00
AAPL,2023-12-28 00:00:00+00:00,119.44589036373478,120.616908595135,118.90188477423953,119.84386714477195,119.84386714477195,5794493.0,sample,2026-09-24 19:05:19.241239+00:00
AAPL,2023-12-29 00:00:00+00:00,119.91447743574268,120.50439578657176,116.60928244802412,117.0957586883058,117.0957586883058,16557612.0,sample,2026-09-24 19:05:19.241239+00:00
AAPL,2024-01-01 00:00:00+00:00,117.31183308497742,118.15255939057407,116.72503952935183,117.01714966208515,117.01714966208515,14278388.0,sample,2026-09-24 19:05:19.241239+00:00
AAPL,2024-01-02 00:00:00+00:00,117.17162107400398,117.90824397842884,116.05543395347392,116.87855102106174,116.87855102106174,16028662.0,sample,2026-09-24 19:05:19.241239+00:00
AAPL,2024-01-03 00:00:00+00:00,117.32653362167088,121.77356296063562,116.63283303068683,120.7523158480739,120.7523158480739,15025374.0,sample,2026-09-24 19:05:19.241239+00:00
AAPL,2024-01-04 00:00:00+00:00,120.56794171692444,123.76558557266556,119.76808788802735,122.74233382105723,122.74233382105723,3862449.0,sample,2026-09-24 19:05:19.241239+00:00
AAPL,2024-01-05 00:00:00+00:00,122.40377382546106,123.35075277591375,121.99140422141734,122.7983192870322,122.7983192870322,11831980.0,sample,2026-09-24 19:05:19.241239+00:00
AAPL,2024-01-08 00:00:00+00:00,122.55411392676962,123.97356239516634,121.16622322297576,123.38030559124695,123.38030559124695,8299729.0,sample,2026-09-24 19:05:19.241239+00:00
AAPL,2024-01-09 00:00:00+00:00,123.54327680261937,124.46202195171628,122.51830539855457,123.50940702547527,123.50940702547527,11874823.0,sample,2026-09-24 19:05:19.241239+00:00
AAPL,2024-01-10 00:00:00+00:00,123.63240335818728,124.56715793545366,121.74874727885978,123.08988633449556,123.08988633449556,13807105.0,sample,2026-09-24 19:05:19.241239+00:00
AAPL,2024-01-11 00:00:00+00:00,123.11505985572147,123.66436220132147,120.47915752579,120.74503602147755,120.74503602147755,9765776.0,sample,2026-09-24 19:05:19.241239+00:00
AAPL,2024-01-12 00:00:00+00:00,120.47385304278751,121.03206824854175,119.5016170998246,120.44729222733606,120.44729222733606,6658082.0,sample,2026-09-24 19:05:19.241239+00:00
AAPL,2024-01-15 00:00:00+00:00,120.63202640529445,121.67362305162823,117.64063692898749,118.87024020388019,118.87024020388019,16619497.0,sample,2026-09-24 19:05:19.241239+00:00
AAPL,2024-01-16 00:00:00+00:00,118.57907830168388,119.54212054523654,115.71449099316641,116.25392414890966,116.25392414890966,12443427.0,sample,2026-09-24 19:05:19.241239+00:00
AAPL,2024-01-17 00:00:00+00:00,116.52338902259378,117.64966498798738,116.15673945603551,117.35796485963911,117.35796485963911,16111452.0,sample,2026-09-24 19:05:19.241239+00:00
AAPL,2024-01-18 00:00:00+00:00,118.02865117574198,118.90869907001628,117.56654134473847,118.21695719371016,118.21695719371016,5412857.0,sample,2026-09-24 19:05:19.241239+00:00
AAPL,2024-01-19 00:00:00+00:00,118.30359867272583,119.58361602975184,114.04584536056285,114.50412188631024,114.50412188631024,15331268.0,sample,2026-09-24 19:05:19.241239+00:00
AAPL,2024-01-22 00:00:00+00:00,114.63765845638676,114.79807808951338,113.6036596991051,114.28010519660974,114.28010519660974,6836417.0,sample,2026-09-24 19:05:19.241239+00:00
AAPL,2024-01-23 00:00:00+00:00,114.16745706413661,117.5869603854094,113.64393081519988,116.37585969177303,116.37585969177303,9098024.0,sample,2026-09-24 19:05:19.241239+00:00
AAPL,2024-01-24 00:00:00+00:00,115.95452942883907,118.97723963123832,115.49256486749212,118.6456298738726,118.6456298738726,15697089.0,sample,2026-09-24 19:05:19.241239+00:00
AAPL,2024-01-25 00:00:00+00:00,118.50260983694479,121.68240300083973,117.53875282851183,120.8869985903584,120.8869985903584,7352846.0,sample,2026-09-24 19:05:19.241239+00:00
AAPL,2024-01-26 00:00:00+00:00,120.62276493941818,121.68775160398167,120.43177615015281,121.00194877202851,121.00194877202851,5633399.0,sample,2026-09-24 19:05:19.241239+00:00
AAPL,2024-01-29 00:00:00+00:00,120.651768024772,120.78586313984759,118.63962595679314,119.2051353045829,119.2051353045829,16606558.0,sample,2026-09-24 19:05:19.241239+00:00
AAPL,2024-01-30 00:00:00+00:00,119.61576360444047,120.93983430798748,115.9274890822755,116.93161260127226,116.93161260127226,17411347.0,sample,2026-09-24 19:05:19.241239+00:00
AAPL,2024-01-31 00:00:00+00:00,116.99542510977464,118.39522222007419,116.6521199067665,117.68859898198033,117.68859898198033,6632769.0,sample,2026-09-24 19:05:19.241239+00:00
AAPL,2024-02-01 00:00:00+00:00,117.77796878080697,119.88710981537203,117.37396602858242,118.52444012964057,118.52444012964057,6553282.0,sample,2026-09-24 19:05:19.241239+00:00
AAPL,2024-02-02 00:00:00+00:00,118.45118672399572,121.8373213364103,118.07127433819507,121.33328069523832,121.33328069523832,5256600.0,sample,2026-09-24 19:05:19.241239+00:00
AAPL,2024-02-05 00:00:00+00:00,121.29133066409791,125.0939141135519,121.16880371753814,123.79051958492207,123.79051958492207,1888213.0,sample,2026-09-24 19:05:19.241239+00:00
AAPL,2024-02-06 00:00:00+00:00,124.02932404516287,125.41179027826685,122.75983018883494,123.52711208492983,123.52711208492983,10622557.0,sample,2026-09-24 19:05:19.241239+00:00
AAPL,2024-02-07 00:00:00+00:00,123.51912306315869,124.39921615561768,120.64898619521217,120.82158547044054,120.82158547044054,5705864.0,sample,2026-09-24 19:05:19.241239+00:00
AAPL,2024-02-08 00:00:00+00:00,120.94982403642393,121.34042613102596,119.67870213915967,120.15962155008681,120.15962155008681,15509862.0,sample,2026-09-24 19:05:19.241239+00:00
AAPL,2024-02-09 00:00:00+00:00,120.11251794558432,121.69071239386402,118.67803364156377,120.66054622362206,120.66054622362206,4324881.0,sample,2026-09-24 19:05:19.241239+00:00
AAPL,2024-02-12 00:00:00+00:00,120.57797751424663,121.42669680634073,118.91741398370178,120.25250033189897,120.25250033189897,11982008.0,sample,2026-09-24 19:05:19.241239+00:00
AAPL,2024-02-13 00:00:00+00:00,119.91413043956699,121.27993155911255,118.6371999777034,119.03786164659327,119.03786164659327,9862644.0,sample,2026-09-24 19:05:19.241239+00:00
AAPL,2024-02-14 00:00:00+00:00,118.56700760807779,120.30841693190773,118.04412393273383,119.61084734574885,119.61084734574885,11596772.0,sample,2026-09-24 19:05:19.241239+00:00
AAPL,2024-02-15 00:00:00+00:00,119.54827606450901,120.02092812099998,117.83706425988274,118.56037149428802,118.56037149428802,3359815.0,sample,2026-09-24 19:05:19.241239+00:00
AAPL,2024-02-16 00:00:00+00:00,118.57376803186986,118.87271111910857,116.05047937043093,117.25688255372604,117.25688255372604,9198129.0,sample,2026-09-24 19:05:19.241239+00:00
AAPL,2024-02-19 00:00:00+00:00,116.95526735639967,118.9699247888558,115.80570171169353,117.9455711297651,117.9455711297651,11829806.0,sample,2026-09-24 19:05:19.241239+00:00
AAPL,2024-02-20 00:00:00+00:00,117.93743881447284,119.31910018274554,116.84472034794328,117.12449044161978,117.12449044161978,7125532.0,sample,2026-09-24 19:05:19.241239+00:00
AAPL,2024-02-21 00:00:00+00:00,117.13708192472016,117.82402418113568,116.85959151840684,117.66966729126236,117.66966729126236,15935834.0,sample,2026-09-24 19:05:19.241239+00:00
AAPL,2024-02-22 00:00:00+00:00,117.16227380176176,119.36097188803332,116.50803324519964,118.27931946922375,118.27931946922375,10237317.0,sample,2026-09-24 19:05:19.241239+00:00
AAPL,2024-02-23 00:00:00+00:00,118.06283882531827,119.38469799411253,114.68186455580927,115.90712448127051,115.90712448127051,7481561.0,sample,2026-09-24 19:05:19.241239+00:00
AAPL,2024-02-26 00:00:00+00:00,116.00153405492637,116.21295808856419,113.7060097738095,114.93616406581165,114.93616406581165,2008531.0,sample,2026-09-24 19:05:19.241239+00:00
AAPL,2024-02-27 00:00:00+00:00,115.0251381570615,118.23998046573558,114.77426553027546,117.97902613865291,117.97902613865291,4280129.0,sample,2026-09-24 19:05:19.241239+00:00
AAPL,2024-02-28 00:00:00+00:00,117.70680725241803,118.72044272862624,114.72010133156407,115.56572697797948,115.56572697797948,9363762.0,sample,2026-09-24 19:05:19.241239+00:00
AAPL,2024-02-29 00:00:00+00:00,115.60234930626797,116.54191862927193,110.971514283854,111.27333510109806,111.27333510109806,8100412.0,sample,2026-09-24 19:05:19.241239+00:00
AAPL,2024-03-01 00:00:00+00:00,111.5008684246927,111.69678677548846,106.71292434862494,107.63290828092205,107.63290828092205,15879989.0,sample,2026-09-24 19:05:19.241239+00:00
AAPL,2024-03-04 00:00:00+00:00,107.80018552596735,108.89744591387213,106.52266765396982,107.71624614249009,107.71624614249009,14468452.0,sample,2026-09-24 19:05:19.241239+00:00
AAPL,2024-03-05 00:00:00+00:00,107.69571848791433,108.53165284508067,107.04927900673302,107.80315552235169,107.80315552235169,4123007.0,sample,2026-09-24 19:05:19.241239+00:00
AAPL,2024-03-06 00:00:00+00:00,107.70225687577954,108.88473838259677,107.39613454942678,107.60207529347832,107.60207529347832,11259546.0,sample,2026-09-24 19:05:19.241239+00:00
AAPL,2024-03-07 00:00:00+00:00,107.46663774830053,111.17959382432241,106.67441560137402,110.00714866852914,110.00714866852914,8997716.0,sample,2026-09-24 19:05:19.241239+00:00
AAPL,2024-03-08 00:00:00+00:00,110.11007570934639,111.20430399666574,104.29000234666637,104.86610351578445,104.86610351578445,3168863.0,sample,2026-09-24 19:05:19.241239+00:00
AAPL,2024-03-11 00:00:00+00:00,104.90702310267234,106.34769321976762,103.86635736397437,105.64254110478626,105.64254110478626,12487568.0,sample,2026-09-24 19:05:19.241239+00:00
AAPL,2024-03-12 00:00:00+00:00,105.77552478195861,109.0906035317559,105.27374800011371,108.68100470719965,108.68100470719965,10363588.0,sample,2026-09-24 19:05:19.241239+00:00
AAPL,2024-03-13 00:00:00+00:00,108.70966906420881,109.42342745870555,105.39195131707531,106.52364458440104,106.52364458440104,2943053.0,sample,2026-09-24 19:05:19.241239+00:00
AAPL,2024-03-14 00:00:00+00:00,106.6980800244917,106.923098289533,105.39990020060037,105.82433031671609,105.82433031671609,9223408.0,sample,2026-09-24 19:05:19.241239+00:00
AAPL,2024-03-15 00:00:00+00:00,105.84435069962251,106.71728162107942,104.14060623283422,104.42597045519574,104.42597045519574,13572514.0,sample,2026-09-24 19:05:19.241239+00:00
AAPL,2024-03-18 00:00:00+00:00,104.58985421657033,104.84858330688942,102.33475063597074,102.78404891993912,102.78404891993912,6897352.0,sample,2026-09-24 19:05:19.241239+00:00
AAPL,2024-03-19 00:00:00+00:00,102.96306230039905,103.6449766321261,102.06628205594242,102.20774510891118,102.20774510891118,7388692.0,sample,2026-09-24 19:05:19.241239+00:00
AAPL,2024-03-20 00:00:00+00:00,102.04328740340048,105.06183901509753,101.62555222268034,104.89419692958354,104.89419692958354,3317649.0,sample,2026-09-24 19:05:19.241239+00:00
AAPL,2024-03-21 00:00:00+00:00,104.51486929412452,108.91421954664497,103.6514412343672,108.44847268065462,108.44847268065462,4871583.0,sample,2026-09-24 19:05:19.241239+00:00
AAPL,2024-03-22 00:00:00+00:00,108.78325156631116,109.16974595638081,107.54505108668002,107.82162571505013,107.82162571505013,17688346.0,sample,2026-09-24 19:05:19.241239+00:00
AAPL,2024-03-25 00:00:00+00:00,107.87697243824884,112.48380529653477,107.63694458871186,111.61096879491981,111.61096879491981,11743185.0,sample,2026-09-24 19:05:19.241239+00:00
AAPL,2024-03-26 00:00:00+00:00,111.22825793135672,112.78891397605612,110.95505483488385,111.71038884231778,111.71038884231778,4404714.0,sample,2026-09-24 19:05:19.241239+00:00
AAPL,2024-03-27 00:00:00+00:00,111.55090673512272,115.5097742389972,111.34419527297797,115.32176142339763,115.32176142339763,9465403.0,sample,2026-09-24 19:05:19.241239+00:00
AAPL,2024-03-28 00:00:00+00:00,115.49978922938467,116.69557246924101,113.9339593249955,115.15704105234965,115.15704105234965,4680257.0,sample,2026-09-24 19:05:19.241239+00:00
AAPL,2024-03-29 00:00:00+00:00,115.09262753970133,116.66654721676048,113.78226732939474,115.45788276229217,115.45788276229217,8805218.0,sample,2026-09-24 19:05:19.241239+00:00
AAPL,2024-04-01 00:00:00+00:00,115.33963970765448,116.80291133414329,115.16522625683434,116.24898957005557,116.24898957005557,3902114.0,sample,2026-09-24 19:05:19.241239+00:00
AAPL,2024-04-02 00:00:00+00:00,116.57469177159237,124.14111293441485,115.48346060958582,123.12544562657276,123.12544562657276,11710229.0,sample,2026-09-24 19:05:19.241239+00:00
AAPL,2024-04-03 00:00:00+00:00,122.86755023337778,125.73681089884693,121.74839036118104,125.0579036362744,125.0579036362744,10908185.0,sample,2026-09-24 19:05:19.241239+00:00
AAPL,2024-04-04 00:00:00+00:00,124.85827286487225,125.1949032173959,122.0289028168586,123.50678546509154,123.50678546509154,11951671.0,sample,2026-09-24 19:05:19.241239+00:00
AAPL,2024-04-05 00:00:00+00:00,123.55900079313956,126.56806500979941,122.96263372730388,125.71130642711097,125.71130642711097,8820547.0,sample,2026-09-24 19:05:19.241239+00:00
AAPL,2024-04-08 00:00:00+00:00,125.80947562632979,126.05479862096348,124.40916841424725,124.92643868994142,124.92643868994142,6218624.0,sample,2026-09-24 19:05:19.241239+00:00
AAPL,2024-04-09 00:00:00+00:00,125.05045142523892,126.38388861222862,123.1197786486501,123.86095060328682,123.86095060328682,5617693.0,sample,2026-09-24 19:05:19.241239+00:00
AAPL,2024-04-10 00:00:00+00:00,124.0866842241392,127.34114795731772,122.79341223118244,125.93481033596775,125.93481033596775,5049895.0,sample,2026-09-24 19:05:19.241239+00:00
AAPL,2024-04-11 00:00:00+00:00,125.98482625783237,127.30192615901292,124.84913225342986,126.03680095255575,126.03680095255575,8585485.0,sample,2026-09-24 19:05:19.241239+00:00
AAPL,2024-04-12 00:00:00+00:00,126.16016172475847,127.61276460142373,125.37950005995644,126.70205439294138,126.70205439294138,8949115.0,sample,2026-09-24 19:05:19.241239+00:00
AAPL,2024-04-15 00:00:00+00:00,126.63636970159558,127.66993448373066,126.16905727488013,126.76564107115121,126.76564107115121,12613110.0,sample,2026-09-24 19:05:19.241239+00:00
AAPL,2024-04-16 00:00:00+00:00,126.78153705235896,129.07708419993062,125.64086161077469,127.56786941286487,127.56786941286487,2365170.0,sample,2026-09-24 19:05:19.241239+00:00
AAPL,2024-04-17 00:00:00+00:00,127.59530522534186,129.05877349359264,126.26834013805443,128.57956791188644,128.57956791188644,6148058.0,sample,2026-09-24 19:05:19.241239+00:00
AAPL,2024-04-18 00:00:00+00:00,128.63488236261097,128.8709829452259,123.53424685878903,124.20488661577717,124.20488661577717,15568307.0,sample,2026-09-24 19:05:19.241239+00:00
AAPL,2024-04-19 00:00:00+00:00,124.39679305419115,126.63849210336292,123.35752752236574,125.73554115482172,125.73554115482172,16601555.0,sample,2026-09-24 19:05:19.241239+00:00
AAPL,2024-04-22 00:00:00+00:00,125.8751442402999,126.4562646645735,122.89588018628693,123.5634107831732,123.5634107831732,16859948.0,sample,2026-09-24 19:05:19.241239+00:00
AAPL,2024-04-23 00:00:00+00:00,123.5743379905591,124.13607313359255,119.67263367060906,120.42691898520445,120.42691898520445,6554712.0,sample,2026-09-24 19:05:19.241239+00:00
AAPL,2024-04-24 00:00:00+00:00,120.23203788632982,120.46015609550957,119.41758435685715,120.3304472260872,120.3304472260872,3762660.0,sample,2026-09-24 19:05:19.241239+00:00
AAPL,2024-04-25 00:00:00+00:00,120.34673305158128,121.45375260677733,119.19946957645475,120.54261515706752,120.54261515706752,4769954.0,sample,2026-09-24 19:05:19.241239+00:00
AAPL,2024-04-26 00:00:00+00:00,120.53586048294304,121.00647716792915,117.67752671831053,119.07698684449291,119.07698684449291,3675928.0,sample,2026-09-24 19:05:19.241239+00:00
AAPL,2024-04-29 00:00:00+00:00,119.12299380536894,121.27255798151448,118.4215943075316,120.90181931943181,120.90181931943181,17250369.0,sample,2026-09-24 19:05:19.241239+00:00
AAPL,2024-04-30 00:00:00+00:00,121.43536516744709,121.61080906249902,117.48290064236681,118.04544207308815,118.04544207308815,16075893.0,sample,2026-09-24 19:05:19.241239+00:00
AAPL,2024-05-01 00:00:00+00:00,117.92178409471066,118.51233371749458,116.61431843156308,117.21321950216777,117.21321950216777,14874250.0,sample,2026-09-24 19:05:19.241239+00:00
AAPL,2024-05-02 00:00:00+00:00,117.31221521315196,118.5637790691188,115.72782392010443,116.01470272923848,116.01470272923848,13541729.0,sample,2026-09-24 19:05:19.241239+00:00
AAPL,2024-05-03 00:00:00+00:00,116.26261734745611,116.80944448683684,115.45177462108744,115.94643994588522,115.94643994588522,7161770.0,sample,2026-09-24 19:05:19.241239+00:00
AAPL,2024-05-06 00:00:00+00:00,115.96916589198062,117.5462726292814,115.74291914757531,116.55903897969988,116.55903897969988,9348850.0,sample,2026-09-24 19:05:19.241239+00:00
AAPL,2024-05-07 00:00:00+00:00,117.10403294044805,118.19567867914385,113.83871441381268,114.49210216664014,114.49210216664014,15383625.0,sample,2026-09-24 19:05:19.241239+00:00
AAPL,2024-05-08 00:00:00+00:00,114.4055371402163,116.55828537965837,114.08051902188772,116.02352033932632,116.02352033932632,14937060.0,sample,2026-09-24 19:05:19.241239+00:00
AAPL,2024-05-09 00:00:00+00:00,116.09872428428154,117.35047573164093,115.54023436579519,116.18421301466643,116.18421301466643,10060435.0,sample,2026-09-24 19:05:19.241239+00:00
AAPL,2024-05-10 00:00:00+00:00,115.99859578102246,116.99742213548248,111.22942359572266,112.3222466349606,112.3222466349606,15319768.0,sample,2026-09-24 19:05:19.241239+00:00
AAPL,2024-05-13 00:00:00+00:00,112.2432785389625,113.04600481121659,108.05660506725236,108.458465825635,108.458465825635,7221416.0,sample,2026-09-24 19:05:19.241239+00:00
AAPL,2024-05-14 00:00:00+00:00,108.51246380566221,108.62216091138096,107.62303129035291,108.46153011637745,108.46153011637745,8322776.0,sample,2026-09-24 19:05:19.241239+00:00
AAPL,2024-05-15 00:00:00+00:00,108.64511298346063,108.79569493895606,106.87876536286726,108.05800186301113,108.05800186301113,15353591.0,sample,2026-09-24 19:05:19.241239+00:00
AAPL,2024-05-16 00:00:00+00:00,108.12696336334993,109.41362278977344,107.10332746166345,107.88399993373238,107.88399993373238,7711009.0,sample,2026-09-24 19:05:19.241239+00:00
AAPL,2024-05-17 00:00:00+00:00,108.15567662637676,109.19452522066825,107.51885829188586,107.85663493680435,107.85663493680435,13910723.0,sample,2026-09-24 19:05:19.241239+00:00
AAPL,2024-05-20 00:00:00+00:00,107.83614965913185,109.54798474237579,107.31935266168358,108.32250860484949,108.32250860484949,8979214.0,sample,2026-09-24 19:05:19.241239+00:00
AAPL,2024-05-21 00:00:00+00:00,108.250545947986,111.41776063922131,107.4393097231639,110.2136396761846,110.2136396761846,6414934.0,sample,2026-09-24 19:05:19.241239+00:00
AAPL,2024-05-22 00:00:00+00:00,110.80967175679153,110.94539951131789,107.34804952604945,108.05828666214205,108.05828666214205,5110767.0,sample,2026-09-24 19:05:19.241239+00:00
AAPL,2024-05-23 00:00:00+00:00,108.14348795201488,109.19359584624381,105.55023373556494,105.82907410600764,105.82907410600764,11510195.0,sample,2026-09-24 19:05:19.241239+00:00
AAPL,2024-05-24 00:00:00+00:00,105.6767899743131,106.3068987387018,103.17877192419868,103.7926806986571,103.7926806986571,9414382.0,sample,2026-09-24 19:05:19.241239+00:00
AAPL,2024-05-27 00:00:00+00:00,103.64856170466577,105.37068796946053,102.9257442427524,104.35994724453997,104.35994724453997,7594938.0,sample,2026-09-24 19:05:19.241239+00:00
AAPL,2024-05-28 00:00:00+00:00,104.16319119224201,106.86627697791607,103.75271948592194,106.75163920805993,106.75163920805993,13762084.0,sample,2026-09-24 19:05:19.241239+00:00
AAPL,2024-05-29 00:00:00+00:00,106.95159983599943,107.39760857552062,105.13275784120404,105.95250182341613,105.95250182341613,1517357.0,sample,2026-09-24 19:05:19.241239+00:00
AAPL,2024-05-30 00:00:00+00:00,105.87528845183677,106.8561765765975,101.13304912084182,101.3125507566405,101.3125507566405,3021192.0,sample,2026-09-24 19:05:19.241239+00:00
AAPL,2024-05-31 00:00:00+00:00,101.33835759119938,102.32369361556876,97.81467913802001,98.27684342551564,98.27684342551564,17369959.0,sample,2026-09-24 19:05:19.241239+00:00
AAPL,2024-06-03 00:00:00+00:00,98.26436056140777,99.03247937117733,95.88484306268734,96.83841531153645,96.83841531153645,12448243.0,sample,2026-09-24 19:05:19.241239+00:00
AAPL,2024-06-04 00:00:00+00:00,96.98008844273129,97.39844290203462,95.52567663069665,95.89507720391033,95.89507720391033,10568879.0,sample,2026-09-24 19:05:19.241239+00:00
AAPL,2024-06-05 00:00:00+00:00,95.7326800235922,96.15524297268938,94.48747087949026,95.21653871283381,95.21653871283381,1743113.0,sample,2026-09-24 19:05:19.241239+00:00
AAPL,2024-06-06 00:00:00+00:00,95.01171417238983,96.41534382189124,94.4881685726439,95.30650942552157,95.30650942552157,11374137.0,sample,2026-09-24 19:05:19.241239+00:00
AAPL,2024-06-07 00:00:00+00:00,95.3492634123636,95.9052768112649,94.37210648385876,94.79689721660596,94.79689721660596,8674140.0,sample,2026-09-24 19:05:19.241239+00:00
AAPL,2024-06-10 00:00:00+00:00,94.91083536769209,97.20048762425513,93.8594654704545,96.6286027326948,96.6286027326948,11398208.0,sample,2026-09-24 19:05:19.241239+00:00
AAPL,2024-06-11 00:00:00+00:00,96.69286699825099,97.37703287398506,95.02776961095951,95.48378862222592,95.48378862222592,2176507.0,sample,2026-09-24 19:05:19.241239+00:00
AAPL,2024-06-12 00:00:00+00:00,95.32920920468871,95.85395128724169,93.69780978702076,94.03666478833682,94.03666478833682,10585584.0,sample,2026-09-24 19:05:19.241239+00:00
AAPL,2024-06-13 00:00:00+00:00,94.16408161832668,95.54611044494753,93.12805878039072,94.87445742444697,94.87445742444697,11034832.0,sample,2026-09-24 19:05:19.241239+00:00
AAPL,2024-06-14 00:00:00+00:00,94.73331062073208,95.27856615622404,91.46120929562241,92.31096756085621,92.31096756085621,6285789.0,sample,2026-09-24 19:05:19.241239+00:00
AAPL,2024-06-17 00:00:00+00:00,92.214680087015,93.92256550804628,91.43087403962491,92.98399767063141,92.98399767063141,2399456.0,sample,2026-09-24 19:05:19.241239+00:00
AAPL,2024-06-18 00:00:00+00:00,92.80845252594354,94.20402167648413,92.66507419890652,93.17909254383098,93.17909254383098,17531006.0,sample,2026-09-24 19:05:19.241239+00:00
AAPL,2024-06-19 00:00:00+00:00,93.42157405219744,94.47286691053333,92.72824869750823,92.95536231108312,92.95536231108312,13204874.0,sample,2026-09-24 19:05:19.241239+00:00
AAPL,2024-06-20 00:00:00+00:00,93.0731221687668,96.36468369749494,92.32651381879253,95.67512833810906,95.67512833810906,11757528.0,sample,2026-09-24 19:05:19.241239+00:00
AAPL,2024-06-21 00:00:00+00:00,95.79089397583263,96.3525767312946,94.32058023882865,94.63322581868856,94.63322581868856,14156973.0,sample,2026-09-24 19:05:19.241239+00:00
AAPL,2024-06-24 00:00:00+00:00,94.86928109880981,99.09346748086757,94.5389445693723,98.23317662044093,98.23317662044093,12570202.0,sample,2026-09-24 19:05:19.241239+00:00
AAPL,2024-06-25 00:00:00+00:00,98.78576756118811,99.7955121624883,96.92326899995219,97.85983890440981,97.85983890440981,3717498.0,sample,2026-09-24 19:05:19.241239+00:00
AAPL,2024-06-26 00:00:00+00:00,97.5253097220501,98.22679022455306,95.26344455003304,95.65997181988472,95.65997181988472,9004080.0,sample,2026-09-24 19:05:19.241239+00:00
AAPL,2024-06-27 00:00:00+00:00,95.51870565404639,96.63786699092381,95.34796975752137,95.80438880841055,95.80438880841055,16163051.0,sample,2026-09-24 19:05:19.241239+00:00
AAPL,2024-06-28 00:00:00+00:00,95.68632425373393,96.57113788129988,93.85812645690314,93.9897827786342,93.9897827786342,6249713.0,sample,2026-09-24 19:05:19.241239+00:00
AAPL,2024-07-01 00:00:00+00:00,93.82984607565109,94.62180108524176,92.20480036854057,92.74970095313988,92.74970095313988,17541442.0,sample,2026-09-24 19:05:19.241239+00:00
AAPL,2024-07-02 00:00:00+00:00,92.54980990520517,94.29860680316477,91.82899363723034,93.43827675596023,93.43827675596023,2561758.0,sample,2026-09-24 19:05:19.241239+00:00
AAPL,2024-07-03 00:00:00+00:00,93.38227862410028,94.71204999477732,92.39637303294963,94.40098942121067,94.40098942121067,6956930.0,sample,2026-09-24 19:05:19.241239+00:00
AAPL,2024-07-04 00:00:00+00:00,94.17129223229698,94.78172185072529,93.16584848851527,93.37302907958967,93.37302907958967,7278798.0,sample,2026-09-24 19:05:19.241239+00:00
AAPL,2024-07-05 00:00:00+00:00,93.43559692104361,95.7814480217558,93.14002265197622,95.07117563231141,95.07117563231141,11687389.0,sample,2026-09-24 19:05:19.241239+00:00
AAPL,2024-07-08 00:00:00+00:00,95.08100567270428,97.19679113196578,94.43181094322952,97.09704748700774,97.09704748700774,4405607.0,sample,2026-09-24 19:05:19.241239+00:00
AAPL,2024-07-09 00:00:00+00:00,97.19046041321808,100.70305315824237,96.70400349977226,99.66498378923693,99.66498378923693,5280823.0,sample,2026-09-24 19:05:19.241239+00:00
AAPL,2024-07-10 00:00:00+00:00,99.76618928504065,101.42042879017757,99.13687294607675,100.64443307812127,100.64443307812127,12424456.0,sample,2026-09-24 19:05:19.241239+00:00
AAPL,2024-07-11 00:00:00+00:00,100.76581164393195,103.42049286551023,99.64072395882239,103.17076805767256,103.17076805767256,6196418.0,sample,2026-09-24 19:05:19.241239+00:00
AAPL,2024-07-12 00:00:00+00:00,103.09371828404913,104.12258614898575,99.06367314391828,99.76138513658282,99.76138513658282,16003564.0,sample,2026-09-24 19:05:19.241239+00:00
AAPL,2024-07-15 00:00:00+00:00,100.18460154442295,101.07500487710985,98.66467618440814,99.21695014475162,99.21695014475162,15858179.0,sample,2026-09-24 19:05:19.241239+00:00
AAPL,2024-07-16 00:00:00+00:00,99.2634692255444,100.19071857212975,96.54389324579297,97.70500377761057,97.70500377761057,6495455.0,sample,2026-09-24 19:05:19.241239+00:00
AAPL,2024-07-17 00:00:00+00:00,97.34105561802868,98.45969185526383,97.17388477875122,97.93939205906776,97.93939205906776,10739152.0,sample,2026-09-24 19:05:19.241239+00:00
AAPL,2024-07-18 00:00:00+00:00,97.74304791675756,98.75920688664185,95.87024937242651,96.96137981937076,96.96137981937076,6992563.0,sample,2026-09-24 19:05:19.241239+00:00
AAPL,2024-07-19 00:00:00+00:00,96.62385667657901,97.23306679867088,95.99403529869615,96.69598794373445,96.69598794373445,7190391.0,sample,2026-09-24 19:05:19.241239+00:00
AAPL,2024-07-22 00:00:00+00:00,96.6993403219173,100.7810478802063,96.06679902059965,100.05310146689736,100.05310146689736,12561014.0,sample,2026-09-24 19:05:19.241239+00:00
AAPL,2024-07-23 00:00:00+00:00,100.02872748601455,100.1294629505399,98.66122016345741,99.77285011619185,99.77285011619185,6336563.0,sample,2026-09-24 19:05:19.241239+00:00
AAPL,2024-07-24 00:00:00+00:00,99.67937778229766,101.35765412981436,99.02343127969672,100.54389165981307,100.54389165981307,3962978.0,sample,2026-09-24 19:05:19.241239+00:00
AAPL,2024-07-25 00:00:00+00:00,100.94826433417524,101.8466971952329,99.56632673609286,100.149444674002,100.149444674002,5775411.0,sample,2026-09-24 19:05:19.241239+00:00
AAPL,2024-07-26 00:00:00+00:00,100.25940533395068,101.03717205612105,99.85863094235121,100.31109994948933,100.31109994948933,16835717.0,sample,2026-09-24 19:05:19.241239+00:00
AAPL,2024-07-29 00:00:00+00:00,100.45677140010574,101.10593782278087,99.51948733918186,100.3470478811551,100.3470478811551,5778832.0,sample,2026-09-24 19:05:19.241239+00:00
AAPL,2024-07-30 00:00:00+00:00,100.1601869294043,102.18807784337297,99.43241339571945,101.18540122450081,101.18540122450081,7503471.0,sample,2026-09-24 19:05:19.241239+00:00
AAPL,2024-07-31 00:00:00+00:00,100.98320347107934,104.23409102962587,100.6441220900119,103.35607088335605,103.35607088335605,11875491.0,sample,2026-09-24 19:05:19.241239+00:00
AAPL,2024-08-01 00:00:00+00:00,103.36367902690317,106.92564828037672,102.45371253052694,106.4934112852154,106.4934112852154,3169790.0,sample,2026-09-24 19:05:19.241239+00:00
AAPL,2024-08-02 00:00:00+00:00,106.53025952617192,108.35251025243286,105.66896712588158,107.11534867856994,107.11534867856994,5929567.0,sample,2026-09-24 19:05:19.241239+00:00
AAPL,2024-08-05 00:00:00+00:00,106.71766975703488,109.23589765505628,106.14452407865949,108.28516053620035,108.28516053620035,4382286.0,sample,2026-09-24 19:05:19.241239+00:00
AAPL,2024-08-06 00:00:00+00:00,108.24611138637022,109.53070351851842,105.98033960868055,106.09156708347899,106.09156708347899,16751985.0,sample,2026-09-24 19:05:19.241239+00:00
AAPL,2024-08-07 00:00:00+00:00,106.09455294212735,107.33414838160428,105.32395016291895,105.95037035407047,105.95037035407047,16890310.0,sample,2026-09-24 19:05:19.241239+00:00
AAPL,2024-08-08 00:00:00+00:00,105.90478008648083,108.98309263577978,105.79181788720776,107.78580714084967,107.78580714084967,13969612.0,sample,2026-09-24 19:05:19.241239+00:00
AAPL,2024-08-09 00:00:00+00:00,107.61046325661884,110.52585224565897,107.41407594941505,109.5064472066458,109.5064472066458,5577468.0,sample,2026-09-24 19:05:19.241239+00:00
AAPL,2024-08-12 00:00:00+00:00,109.38828204481545,110.79887293730872,108.76075331066814,109.95183445544336,109.95183445544336,11670847.0,sample,2026-09-24 19:05:19.241239+00:00
AAPL,2024-08-13 00:00:00+00:00,109.91294246989608,112.07151459367208,109.70398491673255,111.74812921915007,111.74812921915007,12427435.0,sample,2026-09-24 19:05:19.241239+00:00
AAPL,2024-08-14 00:00:00+00:00,111.76842268469304,113.55461756772942,111.31773666405442,112.76785142527484,112.76785142527484,15844746.0,sample,2026-09-24 19:05:19.241239+00:00
AAPL,2024-08-15 00:00:00+00:00,112.90425351992347,116.34522677881533,111.97726386618862,115.25958045290601,115.25958045290601,4076726.0,sample,2026-09-24 19:05:19.241239+00:00
AAPL,2024-08-16 00:00:00+00:00,115.50873851833113,116.67031748245492,115.00110432177841,115.89044101731405,115.89044101731405,13648191.0,sample,2026-09-24 19:05:19.241239+00:00
AAPL,2024-08-19 00:00:00+00:00,115.82221684233001,117.0442142457855,113.8004298793729,115.17960597706939,115.17960597706939,4702677.0,sample,2026-09-24 19:05:19.241239+00:00
AAPL,2024-08-20 00:00:00+00:00,115.07452619520426,116.16268070888921,113.7995784225599,115.90696503664216,115.90696503664216,10883436.0,sample,2026-09-24 19:05:19.241239+00:00
AAPL,2024-08-21 00:00:00+00:00,116.008419718343,116.6105433036862,109.16068086437483,109.97874776611657,109.97874776611657,16007430.0,sample,2026-09-24 19:05:19.241239+00:00
AAPL,2024-08-22 00:00:00+00:00,110.11310768408889,111.49427420177334,108.83178547799018,110.76702129366943,110.76702129366943,2524206.0,sample,2026-09-24 19:05:19.241239+00:00
AAPL,2024-08-23 00:00:00+00:00,110.67083111639641,111.30780574538404,102.65803752277725,103.75243797628603,103.75243797628603,3942548.0,sample,2026-09-24 19:05:19.241239+00:00
AAPL,2024-08-26 00:00:00+00:00,103.91644847667763,104.14448813757585,100.1548252533696,100.60835602229524,100.60835602229524,14916652.0,sample,2026-09-24 19:05:19.241239+00:00
AAPL,2024-08-27 00:00:00+00:00,100.80546496380971,101.72797650133083,99.87346211961747,101.45518266638014,101.45518266638014,1809384.0,sample,2026-09-24 19:05:19.241239+00:00
AAPL,2024-08-28 00:00:00+00:00,101.71727923902233,103.40203687820387,101.46246223517797,102.35658815896888,102.35658815896888,12804587.0,sample,2026-09-24 19:05:19.241239+00:00
AAPL,2024-08-29 00:00:00+00:00,102.72063388029608,103.37067335379129,99.40697736461162,100.26222069114324,100.26222069114324,9770347.0,sample,2026-09-24 19:05:19.241239+00:00
AAPL,2024-08-30 00:00:00+00:00,100.08848307893396,100.24221365365455,98.37617433759449,99.0100266361701,99.0100266361701,7218959.0,sample,2026-09-24 19:05:19.241239+00:00
AAPL,2024-09-02 00:00:00+00:00,99.0127787603225,101.62825211574236,98.89544016855476,101.50832978425464,101.50832978425464,15734992.0,sample,2026-09-24 19:05:19.241239+00:00
AAPL,2024-09-03 00:00:00+00:00,101.5106193445498,102.14082055820374,100.24866041233882,100.65293575172747,100.65293575172747,15507825.0,sample,2026-09-24 19:05:19.241239+00:00
AAPL,2024-09-04 00:00:00+00:00,100.63319296654258,105.12026920491046,99.47498498012673,104.82590067626667,104.82590067626667,6878852.0,sample,2026-09-24 19:05:19.241239+00:00
AAPL,2024-09-05 00:00:00+00:00,104.68978153561899,105.76658084038733,104.22138413314755,104.84848707829467,104.84848707829467,1573054.0,sample,2026-09-24 19:05:19.241239+00:00
AAPL,2024-09-06 00:00:00+00:00,104.53696922129511,106.67771997335487,104.22377656517577,105.64780619778657,105.64780619778657,3614677.0,sample,2026-09-24 19:05:19.241239+00:00
AAPL,2024-09-09 00:00:00+00:00,105.66738895809173,109.17693596678134,105.34374602775863,108.79492827426682,108.79492827426682,3271515.0,sample,2026-09-24 19:05:19.241239+00:00
AAPL,2024-09-10 00:00:00+00:00,108.62774187652754,109.89870343033944,107.94649973168234,109.07908900289809,109.07908900289809,17706808.0,sample,2026-09-24 19:05:19.241239+00:00
AAPL,2024-09-11 00:00:00+00:00,109.09784918397837,109.392292395807,106.05510118849126,107.1554961568205,107.1554961568205,11348709.0,sample,2026-09-24 19:05:19.241239+00:00
AAPL,2024-09-12 00:00:00+00:00,106.98532389745878,107.44957699277145,105.97190676452259,106.97080219239015,106.97080219239015,12666187.0,sample,2026-09-24 19:05:19.241239+00:00
AAPL,2024-09-13 00:00:00+00:00,106.73553952160509,108.08133249736194,106.11590000021144,106.92898550618756,106.92898550618756,5309929.0,sample,2026-09-24 19:05:19.241239+00:00
AAPL,2024-09-16 00:00:00+00:00,106.97909207814929,107.726349488338,104.01635413220386,104.36032531755944,104.36032531755944,15536395.0,sample,2026-09-24 19:05:19.241239+00:00
AAPL,2024-09-17 00:00:00+00:00,104.39182575682935,105.513492503924,103.75026881614995,103.90682667632487,103.90682667632487,13424046.0,sample,2026-09-24 19:05:19.241239+00:00
AAPL,2024-09-18 00:00:00+00:00,104.0272093791064,104.38898749384873,101.9291124693447,102.55355424278521,102.55355424278521,13910281.0,sample,2026-09-24 19:05:19.241239+00:00
AAPL,2024-09-19 00:00:00+00:00,103.0018904394585,104.78316956553141,101.97573113602978,104.30023156431743,104.30023156431743,9226014.0,sample,2026-09-24 19:05:19.241239+00:00
AAPL,2024-09-20 00:00:00+00:00,104.35807428894874,105.03651468868,103.41608593001673,104.39132685700682,104.39132685700682,13020997.0,sample,2026-09-24 19:05:19.241239+00:00
AAPL,2024-09-23 00:00:00+00:00,104.49260351560274,105.14890910560183,103.31644015768597,103.88725997355024,103.88725997355024,10476849.0,sample,2026-09-24 19:05:19.241239+00:00
AAPL,2024-09-24 00:00:00+00:00,103.66337018573128,104.95671243642522,102.88156910002174,103.71481796801838,103.71481796801838,7845307.0,sample,2026-09-24 19:05:19.241239+00:00
AAPL,2024-09-25 00:00:00+00:00,103.44787522614455,104.39351378723441,102.84801081858488,104.15823091475407,104.15823091475407,11309145.0,sample,2026-09-24 19:05:19.241239+00:00
AAPL,2024-09-26 00:00:00+00:00,104.48796034478545,106.44006415228068,103.71797004893443,105.34744101161708,105.34744101161708,6851609.0,sample,2026-09-24 19:05:19.241239+00:00
AAPL,2024-09-27 00:00:00+00:00,105.15286854833319,106.25702650042926,102.80191448181769,103.49455778018971,103.49455778018971,17221967.0,sample,2026-09-24 19:05:19.241239+00:00
AAPL,2024-09-30 00:00:00+00:00,103.27847272014192,104.0102198003991,100.73502642996345,101.59765478994639,101.59765478994639,13329816.0,sample,2026-09-24 19:05:19.241239+00:00
AAPL,2024-10-01 00:00:00+00:00,101.58971007254556,104.1599478638826,100.92076242609923,103.66397701473892,103.66397701473892,13693238.0,sample,2026-09-24 19:05:19.241239+00:00
AAPL,2024-10-02 00:00:00+00:00,103.6452776062044,104.34089155472343,101.75531187531979,102.92315216530545,102.92315216530545,13325764.0,sample,2026-09-24 19:05:19.241239+00:00
AAPL,2024-10-03 00:00:00+00:00,102.73737453631976,103.17063291626948,99.78369487319839,100.35656123500068,100.35656123500068,8897675.0,sample,2026-09-24 19:05:19.241239+00:00
AAPL,2024-10-04 00:00:00+00:00,100.29534910800305,102.17741386616927,100.17749411602641,101.18677691101283,101.18677691101283,17184708.0,sample,2026-09-24 19:05:19.241239+00:00
AAPL,2024-10-07 00:00:00+00:00,101.43557004397618,102.72123889908491,101.0703909465495,102.05978223014898,102.05978223014898,4929716.0,sample,2026-09-24 19:05:19.241239+00:00
AAPL,2024-10-08 00:00:00+00:00,101.89526316575645,103.03488668605564,98.6647688786817,99.31095301752168,99.31095301752168,10882886.0,sample,2026-09-24 19:05:19.241239+00:00
AAPL,2024-10-09 00:00:00+00:00,99.03413913228827,100.52993009535986,98.34621924525564,99.74695591264785,99.74695591264785,2645333.0,sample,2026-09-24 19:05:19.241239+00:00
AAPL,2024-10-10 00:00:00+00:00,99.93499760134272,101.77479530116572,99.22783430519726,101.10170939051984,101.10170939051984,6361248.0,sample,2026-09-24 19:05:19.241239+00:00
AAPL,2024-10-11 00:00:00+00:00,101.20125350916908,102.70893030571158,100.30460300719197,101.81077974675746,101.81077974675746,10980035.0,sample,2026-09-24 19:05:19.241239+00:00
AAPL,2024-10-14 00:00:00+00:00,101.68442877752622,103.67526944123861,101.2755425142831,103.00130485453329,103.00130485453329,9577225.0,sample,2026-09-24 19:05:19.241239+00:00
AAPL,2024-10-15 00:00:00+00:00,102.67537432021554,103.79962550368336,99.62031591510872,100.45549693646815,100.45549693646815,17029157.0,sample,2026-09-24 19:05:19.241239+00:00
AAPL,2024-10-16 00:00:00+00:00,100.30589391786508,101.38730269451982,99.42878357242247,101.08113747422694,101.08113747422694,11626277.0,sample,2026-09-24 19:05:19.241239+00:00
AAPL,2024-10-17 00:00:00+00:00,101.07007830082371,102.25328908360675,100.00167916682044,100.55716582792274,100.55716582792274,8289319.0,sample,2026-09-24 19:05:19.241239+00:00
AAPL,2024-10-18 00:00:00+00:00,100.7915991912096,101.7928726206606,99.17118859079815,99.71201259647454,99.71201259647454,8541041.0,sample,2026-09-24 19:05:19.241239+00:00
AAPL,2024-10-21 00:00:00+00:00,99.50529324660357,102.3726732565022,99.20994435743283,101.31213108239314,101.31213108239314,11591291.0,sample,2026-09-24 19:05:19.241239+00:00
AAPL,2024-10-22 00:00:00+00:00,101.29500530376362,104.72891484737048,100.73242691025159,104.07201373742429,104.07201373742429,14553696.0,sample,2026-09-24 19:05:19.241239+00:00
AAPL,2024-10-23 00:00:00+00:00,104.21254106606295,108.61279467743984,103.20637114877628,107.51514918404025,107.51514918404025,6062759.0,sample,2026-09-24 19:05:19.241239+00:00
AAPL,2024-10-24 00:00:00+00:00,107.00310455739968,110.5992465314417,105.82620918376249,110.11753572851532,110.11753572851532,10982931.0,sample,2026-09-24 19:05:19.241239+00:00
AAPL,2024-10-25 00:00:00+00:00,110.34521169908264,111.38040757452305,109.09999532086947,109.9277230553944,109.9277230553944,1655689.0,sample,2026-09-24 19:05:19.241239+00:00
AAPL,2024-10-28 00:00:00+00:00,109.66775485733798,110.93714375810345,109.19694309478875,110.65553077227172,110.65553077227172,16560734.0,sample,2026-09-24 19:05:19.241239+00:00
AAPL,2024-10-29 00:00:00+00:00,110.72900504735668,112.71278740395385,109.78723416359576,112.22152968156166,112.22152968156166,10902358.0,sample,2026-09-24 19:05:19.241239+00:00
AAPL,2024-10-30 00:00:00+00:00,112.27689600235362,113.15875779135344,111.250504598448,112.49469493654988,112.49469493654988,5494278.0,sample,2026-09-24 19:05:19.241239+00:00
AAPL,2024-10-31 00:00:00+00:00,112.73871536702998,113.30066495952077,112.21399099067227,112.78798526642294,112.78798526642294,11954462.0,sample,2026-09-24 19:05:19.241239+00:00
AAPL,2024-11-01 00:00:00+00:00,112.91226056833321,115.1033929610851,111.77274704516911,114.50143734754977,114.50143734754977,12683923.0,sample,2026-09-24 19:05:19.241239+00:00
AAPL,2024-11-04 00:00:00+00:00,113.95703099095827,115.55441700849842,113.75069421947148,114.40791785166601,114.40791785166601,16601810.0,sample,2026-09-24 19:05:19.241239+00:00
AAPL,2024-11-05 00:00:00+00:00,114.22834793238539,114.66509257456597,112.8178089132309,112.94411328660507,112.94411328660507,2062226.0,sample,2026-09-24 19:05:19.241239+00:00
AAPL,2024-11-06 00:00:00+00:00,112.975332198178,114.01448979843349,111.86884497580898,112.13265706712123,112.13265706712123,8326407.0,sample,2026-09-24 19:05:19.241239+00:00
AAPL,2024-11-07 00:00:00+00:00,112.08892984171072,113.65325500316425,111.78448601557106,113.44781997417853,113.44781997417853,4472566.0,sample,2026-09-24 19:05:19.241239+00:00
AAPL,2024-11-08 00:00:00+00:00,113.55618776635288,114.62624250672245,112.27164558381578,113.48229965023694,113.48229965023694,10978716.0,sample,2026-09-24 19:05:19.241239+00:00
AAPL,2024-11-11 00:00:00+00:00,113.66145791424572,115.31713735985744,113.01645201785664,114.20792083305888,114.20792083305888,9776530.0,sample,2026-09-24 19:05:19.241239+00:00
AAPL,2024-11-12 00:00:00+00:00,114.34690084854867,116.24919721357021,113.88674049155965,115.62267418633319,115.62267418633319,9337457.0,sample,2026-09-24 19:05:19.241239+00:00
AAPL,2024-11-13 00:00:00+00:00,115.57312410259465,116.60718643699862,114.21683315594372,114.8738918610201,114.8738918610201,17703433.0,sample,2026-09-24 19:05:19.241239+00:00
AAPL,2024-11-14 00:00:00+00:00,114.44970002471119,117.76641605133113,113.83816668568865,116.47741611203476,116.47741611203476,10272331.0,sample,2026-09-24 19:05:19.241239+00:00
AAPL,2024-11-15 00:00:00+00:00,116.37130955412658,118.45422819140688,115.86904186464695,117.30373164226906,117.30373164226906,8281713.0,sample,2026-09-24 19:05:19.241239+00:00
AAPL,2024-11-18 00:00:00+00:00,117.40141471729642,118.0230448316261,114.46508755132392,114.75391114316169,114.75391114316169,2610517.0,sample,2026-09-24 19:05:19.241239+00:00
AAPL,2024-11-19 00:00:00+00:00,114.50364496891072,118.54680244615282,113.56298950087957,117.80154877625016,117.80154877625016,6278537.0,sample,2026-09-24 19:05:19.241239+00:00
AAPL,2024-11-20 00:00:00+00:00,117.95027905807342,119.07940917596001,116.48147272553395,116.77371628332295,116.77371628332295,16305180.0,sample,2026-09-24 19:05:19.241239+00:00
AAPL,2024-11-21 00:00:00+00:00,116.98586920566049,117.47937883146827,112.29405594963082,113.3744771879444,113.3744771879444,8952563.0,sample,2026-09-24 19:05:19.241239+00:00
AAPL,2024-11-22 00:00:00+00:00,113.4032441421643,114.51943940357657,110.93137328551529,111.28956633872473,111.28956633872473,16521803.0,sample,2026-09-24 19:05:19.241239+00:00
AAPL,2024-11-25 00:00:00+00:00,110.60763287336628,111.11739940365965,108.30165742406308,109.29019647289962,109.29019647289962,10288353.0,sample,2026-09-24 19:05:19.241239+00:00
AAPL,2024-11-26 00:00:00+00:00,109.01083141635863,110.49976158413179,107.93582686218964,109.42023290157806,109.42023290157806,10542983.0,sample,2026-09-24 19:05:19.241239+00:00
AAPL,2024-11-27 00:00:00+00:00,109.83300741562934,110.0477095141654,108.65036744449583,108.90941787282611,108.90941787282611,8592936.0,sample,2026-09-24 19:05:19.241239+00:00
AAPL,2024-11-28 00:00:00+00:00,108.79037164705767,108.95229200144603,108.06656903870973,108.2781666055765,108.2781666055765,10683166.0,sample,2026-09-24 19:05:19.241239+00:00
AAPL,2024-11-29 00:00:00+00:00,107.84848782460992,110.83154895837436,106.61412947544666,109.52010809899515,109.52010809899515,2600307.0,sample,2026-09-24 19:05:19.241239+00:00
AAPL,2024-12-02 00:00:00+00:00,109.79067695398864,111.38409498799899,109.12166583091242,110.21973062829709,110.21973062829709,2449674.0,sample,2026-09-24 19:05:19.241239+00:00
AAPL,2024-12-03 00:00:00+00:00,110.22267472770174,112.06388930545843,109.34832339136719,110.87625794479106,110.87625794479106,9350277.0,sample,2026-09-24 19:05:19.241239+00:00
AAPL,2024-12-04 00:00:00+00:00,111.1212812781257,113.00596028640905,110.98172796784392,111.72513447121055,111.72513447121055,11366183.0,sample,2026-09-24 19:05:19.241239+00:00
AAPL,2024-12-05 00:00:00+00:00,111.78702096167426,113.657179747814,111.33251595195566,112.99935632236787,112.99935632236787,10589306.0,sample,2026-09-24 19:05:19.241239+00:00
AAPL,2024-12-06 00:00:00+00:00,113.1029900968233,113.5729546348246,108.10554093756605,108.81932762768511,108.81932762768511,8581004.0,sample,2026-09-24 19:05:19.241239+00:00
AAPL,2024-12-09 00:00:00+00:00,108.89833247220295,109.16298536118389,106.97257475920945,108.13485155415592,108.13485155415592,6351417.0,sample,2026-09-24 19:05:19.241239+00:00
AAPL,2024-12-10 00:00:00+00:00,108.28569714429658,108.99099442628419,103.5848925496542,103.99941691928514,103.99941691928514,13199219.0,sample,2026-09-24 19:05:19.241239+00:00
AAPL,2024-12-11 00:00:00+00:00,104.47311979673326,104.83047339653844,103.10125808963298,104.0929626241883,104.0929626241883,11477739.0,sample,2026-09-24 19:05:19.241239+00:00
AAPL,2024-12-12 00:00:00+00:00,104.295112476662,105.47271478928256,103.24782122530901,104.11030663313397,104.11030663313397,2277561.0,sample,2026-09-24 19:05:19.241239+00:00
AAPL,2024-12-13 00:00:00+00:00,103.78124741120338,106.2254846919262,103.54587377898997,106.11469725659208,106.11469725659208,8964315.0,sample,2026-09-24 19:05:19.241239+00:00
AAPL,2024-12-16 00:00:00+00:00,106.20949195953207,108.71391859034296,105.760530958959,108.43468148973024,108.43468148973024,13229646.0,sample,2026-09-24 19:05:19.241239+00:00
AAPL,2024-12-17 00:00:00+00:00,108.68223369676208,109.26239614436913,108.28918392030627,108.85839711800662,108.85839711800662,14438867.0,sample,2026-09-24 19:05:19.241239+00:00
AAPL,2024-12-18 00:00:00+00:00,109.12024528203075,109.4681777841779,107.27614910493216,107.90933990334005,107.90933990334005,6233748.0,sample,2026-09-24 19:05:19.241239+00:00
AAPL,2024-12-19 00:00:00+00:00,107.8172705790973,109.26234644526428,106.9559532646191,108.88304551808797,108.88304551808797,16762034.0,sample,2026-09-24 19:05:19.241239+00:00
AAPL,2024-12-20 00:00:00+00:00,109.13673091619088,110.0334554474666,107.25803758954434,107.88024958451918,107.88024958451918,12253137.0,sample,2026-09-24 19:05:19.241239+00:00
AAPL,2024-12-23 00:00:00+00:00,108.08041974774662,108.57787423935632,107.50636093068637,107.90451806365982,107.90451806365982,8721586.0,sample,2026-09-24 19:05:19.241239+00:00
AAPL,2024-12-24 00:00:00+00:00,108.45969057215298,110.71756192814637,107.52100812692535,109.86443512366665,109.86443512366665,11847578.0,sample,2026-09-24 19:05:19.241239+00:00
AAPL,2024-12-25 00:00:00+00:00,109.69963808947723,110.88360843196683,107.9858713463068,108.794122688843,108.794122688843,15880167.0,sample,2026-09-24 19:05:19.241239+00:00
AAPL,2024-12-26 00:00:00+00:00,108.68371828772041,111.25320242327828,107.9541839388516,110.41097377788083,110.41097377788083,5242884.0,sample,2026-09-24 19:05:19.241239+00:00
AAPL,2024-12-27 00:00:00+00:00,110.34337597341599,112.75930519309104,109.56009076647445,111.79342556853908,111.79342556853908,3981070.0,sample,2026-09-24 19:05:19.241239+00:00
AAPL,2024-12-30 00:00:00+00:00,111.68381834165426,112.24453100357604,109.53779618608213,109.91600695583486,109.91600695583486,8767463.0,sample,2026-09-24 19:05:19.241239+00:00
AAPL,2024-12-31 00:00:00+00:00,109.72035190199117,112.19628977163332,108.78940305993996,111.88780132508545,111.88780132508545,2884758.0,sample,2026-09-24 19:05:19.241239+00:00
AAPL,2025-01-01 00:00:00+00:00,111.26958194887645,113.8449005727245,110.68402511838956,113.33191220748938,113.33191220748938,15287948.0,sample,2026-09-24 19:05:19.241239+00:00
AAPL,2025-01-02 00:00:00+00:00,113.23338156230412,114.88661884045672,112.66742458725362,113.56841782044094,113.56841782044094,17512292.0,sample,2026-09-24 19:05:19.241239+00:00
AAPL,2025-01-03 00:00:00+00:00,113.65231264133965,114.54333827454892,111.75210245745188,112.0487039250418,112.0487039250418,11492262.0,sample,2026-09-24 19:05:19.241239+00:00
AAPL,2025-01-06 00:00:00+00:00,111.9381741879689,112.3918173304462,109.52183687346702,110.35670862416627,110.35670862416627,17667519.0,sample,2026-09-24 19:05:19.241239+00:00
AAPL,2025-01-07 00:00:00+00:00,110.7838732188611,111.44415262976706,108.48711801508647,109.32116289413499,109.32116289413499,2634181.0,sample,2026-09-24 19:05:19.241239+00:00
AAPL,2025-01-08 00:00:00+00:00,109.32408741293649,111.54697111084695,108.8055296950599,110.42170291155807,110.42170291155807,11936978.0,sample,2026-09-24 19:05:19.241239+00:00
AAPL,2025-01-09 00:00:00+00:00,110.70681816512155,111.6315388524801,107.43027391280684,108.56569198549343,108.56569198549343,8807995.0,sample,2026-09-24 19:05:19.241239+00:00
AAPL,2025-01-10 00:00:00+00:00,108.62245456150774,110.23586366711955,107.50363927289051,109.45140560529573,109.45140560529573,6076537.0,sample,2026-09-24 19:05:19.241239+00:00
AAPL,2025-01-13 00:00:00+00:00,109.63230848863635,110.80940774221689,106.82340460615815,107.05889106151206,107.05889106151206,6644229.0,sample,2026-09-24 19:05:19.241239+00:00
AAPL,2025-01-14 00:00:00+00:00,107.1186816437169,108.0181395704308,105.77062364478242,106.69302994145559,106.69302994145559,10495461.0,sample,2026-09-24 19:05:19.241239+00:00
AAPL,2025-01-15 00:00:00+00:00,106.98510950088578,107.84848222729643,106.36036974587537,106.93054289596314,106.93054289596314,12087153.0,sample,2026-09-24 19:05:19.241239+00:00
AAPL,2025-01-16 00:00:00+00:00,106.94250614612095,112.11493243743615,105.65953151232905,111.76984867299412,111.76984867299412,4206155.0,sample,2026-09-24 19:05:19.241239+00:00
AAPL,2025-01-17 00:00:00+00:00,111.88075134592737,112.12356340096474,108.68120151350557,109.06021410516416,109.06021410516416,11640305.0,sample,2026-09-24 19:05:19.241239+00:00
AAPL,2025-01-20 00:00:00+00:00,109.14011880151946,113.31777316531628,108.69419778655592,112.01652610060798,112.01652610060798,16787941.0,sample,2026-09-24 19:05:19.241239+00:00
AAPL,2025-01-21 00:00:00+00:00,111.95194062951849,113.19957151306332,111.29554745484855,112.34714406561152,112.34714406561152,1671568.0,sample,2026-09-24 19:05:19.241239+00:00
AAPL,2025-01-22 00:00:00+00:00,112.43814127946804,113.84088426020834,111.99335098782439,113.21001944560324,113.21001944560324,15992919.0,sample,2026-09-24 19:05:19.241239+00:00
AAPL,2025-01-23 00:00:00+00:00,113.71592926636528,114.5664367457091,112.50253011877507,113.47980996157095,113.47980996157095,11526975.0,sample,2026-09-24 19:05:19.241239+00:00
AAPL,2025-01-24 00:00:00+00:00,113.41844077436458,114.61269102634508,112.70504000295719,114.42047246219684,114.42047246219684,7146621.0,sample,2026-09-24 19:05:19.241239+00:00
AAPL,2025-01-27 00:00:00+00:00,114.51646320463999,115.66659785267191,113.74147661562458,114.13291452711775,114.13291452711775,13625019.0,sample,2026-09-24 19:05:19.241239+00:00
AAPL,2025-01-28 00:00:00+00:00,114.42002248210493,117.58529445471234,113.66826980305774,117.18883280999326,117.18883280999326,11693486.0,sample,2026-09-24 19:05:19.241239+00:00
AAPL,2025-01-29 00:00:00+00:00,117.4560827121965,118.61302583981104,115.00607517051886,116.25895907571974,116.25895907571974,14184045.0,sample,2026-09-24 19:05:19.241239+00:00
AAPL,2025-01-30 00:00:00+00:00,116.26168335277605,119.49863483590018,115.13204389979708,118.68231851863955,118.68231851863955,2841262.0,sample,2026-09-24 19:05:19.241239+00:00
AAPL,2025-01-31 00:00:00+00:00,118.11658632424333,118.5940480739533,116.58183491026955,117.34305316240957,117.34305316240957,2473100.0,sample,2026-09-24 19:05:19.241239+00:00
AAPL,2025-02-03 00:00:00+00:00,117.46431613504524,117.62081495119831,116.75585416862492,117.24516733479221,117.24516733479221,12093237.0,sample,2026-09-24 19:05:19.241239+00:00
AAPL,2025-02-04 00:00:00+00:00,116.72472207309717,117.88895393341333,114.69066875679411,115.03332439973558,115.03332439973558,6510363.0,sample,2026-09-24 19:05:19.241239+00:00
AAPL,2025-02-05 00:00:00+00:00,115.3715079324038,116.34955159828675,114.14139249655778,116.00836385914731,116.00836385914731,5431470.0,sample,2026-09-24 19:05:19.241239+00:00
AAPL,2025-02-06 00:00:00+00:00,116.04768463217532,119.28232751487424,115.02509142692406,119.09536490930066,119.09536490930066,8451013.0,sample,2026-09-24 19:05:19.241239+00:00
AAPL,2025-02-07 00:00:00+00:00,119.33347799367466,120.44502817579996,118.09172117370684,118.9593867124792,118.9593867124792,13466040.0,sample,2026-09-24 19:05:19.241239+00:00
AAPL,2025-02-10 00:00:00+00:00,118.74475753699016,119.32072606777676,117.30261511063016,118.56818597378945,118.56818597378945,4466233.0,sample,2026-09-24 19:05:19.241239+00:00
AAPL,2025-02-11 00:00:00+00:00,118.20002998414958,118.82444221661633,115.97025860268278,116.24210158648657,116.24210158648657,17557716.0,sample,2026-09-24 19:05:19.241239+00:00
AAPL,2025-02-12 00:00:00+00:00,116.3027228617075,116.73510654901702,114.80718333943246,115.79227245072717,115.79227245072717,8442108.0,sample,2026-09-24 19:05:19.241239+00:00
AAPL,2025-02-13 00:00:00+00:00,115.78449041337781,116.99454986942187,112.16690226241546,112.54774531130315,112.54774531130315,3984565.0,sample,2026-09-24 19:05:19.241239+00:00
AAPL,2025-02-14 00:00:00+00:00,112.43710168787825,112.91727836134426,110.48355303920056,110.74117597894056,110.74117597894056,2673637.0,sample,2026-09-24 19:05:19.241239+00:00
AAPL,2025-02-17 00:00:00+00:00,110.75992695851703,111.5903442037522,110.08188862140256,111.2219639053805,111.2219639053805,15644844.0,sample,2026-09-24 19:05:19.241239+00:00
AAPL,2025-02-18 00:00:00+00:00,111.83756321516863,114.42415532958705,111.24914975796553,113.9226964434588,113.9226964434588,3368085.0,sample,2026-09-24 19:05:19.241239+00:00
AAPL,2025-02-19 00:00:00+00:00,114.11283924467328,120.24908954722649,112.81732648482381,119.86138049294624,119.86138049294624,8412888.0,sample,2026-09-24 19:05:19.241239+00:00
AAPL,2025-02-20 00:00:00+00:00,120.11296919639464,120.65278179485918,118.09072206766042,118.6321324295319,118.6321324295319,12533463.0,sample,2026-09-24 19:05:19.241239+00:00
AAPL,2025-02-21 00:00:00+00:00,118.83236849569374,122.00026979114291,117.64833170630601,121.76741415360775,121.76741415360775,9966087.0,sample,2026-09-24 19:05:19.241239+00:00
AAPL,2025-02-24 00:00:00+00:00,122.12771471279781,122.6690895821078,120.9996091649782,122.3334274147792,122.3334274147792,5832445.0,sample,2026-09-24 19:05:19.241239+00:00
AAPL,2025-02-25 00:00:00+00:00,122.28692317637838,122.97021135259062,121.01272139735569,122.03133680437482,122.03133680437482,13238196.0,sample,2026-09-24 19:05:19.241239+00:00
AAPL,2025-02-26 00:00:00+00:00,121.52984626599577,124.3291071860969,120.17789901192793,123.01601755691237,123.01601755691237,9589767.0,sample,2026-09-24 19:05:19.241239+00:00
AAPL,2025-02-27 00:00:00+00:00,122.96961932681467,123.38480139427388,122.29486405455154,123.1839870785518,123.1839870785518,2293790.0,sample,2026-09-24 19:05:19.241239+00:00
AAPL,2025-02-28 00:00:00+00:00,123.3839727609746,123.87215788659302,122.73171781924611,123.45987329744376,123.45987329744376,4489770.0,sample,2026-09-24 19:05:19.241239+00:00
AAPL,2025-03-03 00:00:00+00:00,123.22041042963433,124.57482483653838,122.24679697401663,122.58641302781663,122.58641302781663,10784600.0,sample,2026-09-24 19:05:19.241239+00:00
AAPL,2025-03-04 00:00:00+00:00,122.54317288931519,123.86543350519017,119.08751953079972,119.56979026991439,119.56979026991439,4278353.0,sample,2026-09-24 19:05:19.241239+00:00
AAPL,2025-03-05 00:00:00+00:00,119.40436074374267,120.41618842095797,115.0802845411922,116.32232089368877,116.32232089368877,7958902.0,sample,2026-09-24 19:05:19.241239+00:00
AAPL,2025-03-06 00:00:00+00:00,116.67175995093798,118.15672906289457,115.9462712092905,117.72758739060033,117.72758739060033,3554616.0,sample,2026-09-24 19:05:19.241239+00:00
AAPL,2025-03-07 00:00:00+00:00,117.90405092315387,118.56642599753383,116.6148408164391,117.1719802888599,117.1719802888599,14650027.0,sample,2026-09-24 19:05:19.241239+00:00
AAPL,2025-03-10 00:00:00+00:00,117.32466489837887,117.71458531958856,115.55888466715258,115.95047639670963,115.95047639670963,11901756.0,sample,2026-09-24 19:05:19.241239+00:00
AAPL,2025-03-11 00:00:00+00:00,116.09462633348002,116.37493374390787,115.26243389925413,115.99722560397929,115.99722560397929,14435201.0,sample,2026-09-24 19:05:19.241239+00:00
AAPL,2025-03-12 00:00:00+00:00,115.98858398407556,118.30803231783,114.95822038347484,117.69835690764226,117.69835690764226,2365438.0,sample,2026-09-24 19:05:19.241239+00:00
AAPL,2025-03-13 00:00:00+00:00,117.7448610073428,118.97684323568572,117.25579450675254,118.11061553381411,118.11061553381411,7696734.0,sample,2026-09-24 19:05:19.241239+00:00
AAPL,2025-03-14 00:00:00+00:00,117.8306497731584,118.41500253420226,115.66335867097754,116.75323632352857,116.75323632352857,5915668.0,sample,2026-09-24 19:05:19.241239+00:00
AAPL,2025-03-17 00:00:00+00:00,116.24268796942307,120.31043009696583,115.32115481982629,119.38885912954335,119.38885912954335,11774781.0,sample,2026-09-24 19:05:19.241239+00:00
AAPL,2025-03-18 00:00:00+00:00,119.42469515940087,123.38517760375947,118.27067185578859,122.86193294704485,122.86193294704485,15054676.0,sample,2026-09-24 19:05:19.241239+00:00
AAPL,2025-03-19 00:00:00+00:00,122.94154508532806,124.58722836940308,122.47928414828539,123.99152894748767,123.99152894748767,5254556.0,sample,2026-09-24 19:05:19.241239+00:00
AAPL,2025-03-20 00:00:00+00:00,124.29140607296985,127.43926306166861,123.30436953771151,126.21530159590596,126.21530159590596,14200619.0,sample,2026-09-24 19:05:19.241239+00:00
AAPL,2025-03-21 00:00:00+00:00,126.61195484377653,130.47733074156974,126.27123092202285,129.10092611845067,129.10092611845067,11076712.0,sample,2026-09-24 19:05:19.241239+00:00
AAPL,2025-03-24 00:00:00+00:00,129.50630263528652,132.38553014840522,128.85854230988105,131.78690462112178,131.78690462112178,15096964.0,sample,2026-09-24 19:05:19.241239+00:00
AAPL,2025-03-25 00:00:00+00:00,131.52385174092367,134.25625152941782,130.34435096225016,133.285046868497,133.285046868497,2840867.0,sample,2026-09-24 19:05:19.241239+00:00
AAPL,2025-03-26 00:00:00+00:00,133.19114354511018,135.30910903604715,132.13249342078154,134.7620042560477,134.7620042560477,17850221.0,sample,2026-09-24 19:05:19.241239+00:00
AAPL,2025-03-27 00:00:00+00:00,134.8914658808995,136.27836633246116,134.4778255201741,136.0624785748955,136.0624785748955,8670970.0,sample,2026-09-24 19:05:19.241239+00:00
AAPL,2025-03-28 00:00:00+00:00,136.75147302683345,137.9981581206394,132.04139028924214,133.43468449375604,133.43468449375604,6121351.0,sample,2026-09-24 19:05:19.241239+00:00
AAPL,2025-03-31 00:00:00+00:00,133.8296776342901,135.5515507476761,133.61730856419982,135.1621434336255,135.1621434336255,4515006.0,sample,2026-09-24 19:05:19.241239+00:00
AAPL,2025-04-01 00:00:00+00:00,135.46474367316392,136.23456783382323,130.94068974204515,131.93646338728308,131.93646338728308,17751033.0,sample,2026-09-24 19:05:19.241239+00:00
AAPL,2025-04-02 00:00:00+00:00,131.83413664448437,132.67227222451737,128.55736400496622,130.09535460486794,130.09535460486794,16075789.0,sample,2026-09-24 19:05:19.241239+00:00
AAPL,2025-04-03 00:00:00+00:00,129.8655542664639,133.62086959429192,128.97642298964138,133.21732933534796,133.21732933534796,3664664.0,sample,2026-09-24 19:05:19.241239+00:00
AAPL,2025-04-04 00:00:00+00:00,133.4275217379798,135.55722058896063,132.11894599295294,135.2812321490273,135.2812321490273,8840863.0,sample,2026-09-24 19:05:19.241239+00:00
AAPL,2025-04-07 00:00:00+00:00,134.98343452501862,139.65785058535306,133.96471579931853,138.9868024057952,138.9868024057952,13603360.0,sample,2026-09-24 19:05:19.241239+00:00
AAPL,2025-04-08 00:00:00+00:00,138.9205233937951,140.51465654086056,137.0133489885634,138.34337827959794,138.34337827959794,11247766.0,sample,2026-09-24 19:05:19.241239+00:00
AAPL,2025-04-09 00:00:00+00:00,138.3116207411641,139.38581676660084,134.42453022580764,135.53750122721283,135.53750122721283,4619071.0,sample,2026-09-24 19:05:19.241239+00:00
AAPL,2025-04-10 00:00:00+00:00,135.9692998756815,136.67573007449218,133.82471243659478,134.98592237609685,134.98592237609685,7446300.0,sample,2026-09-24 19:05:19.241239+00:00
AAPL,2025-04-11 00:00:00+00:00,134.8901640908882,135.46103820301497,134.41724960772777,135.26787310627228,135.26787310627228,7574265.0,sample,2026-09-24 19:05:19.241239+00:00
AAPL,2025-04-14 00:00:00+00:00,134.60796888510237,136.52436590085023,133.3749558452393,135.49420265220743,135.49420265220743,6264227.0,sample,2026-09-24 19:05:19.241239+00:00
AAPL,2025-04-15 00:00:00+00:00,135.6309013028418,138.60080712645112,135.14032314561044,138.32211102724557,138.32211102724557,17351576.0,sample,2026-09-24 19:05:19.241239+00:00
AAPL,2025-04-16 00:00:00+00:00,138.12873067049455,139.09120956369762,135.83965387867647,137.4598996300436,137.4598996300436,4848176.0,sample,2026-09-24 19:05:19.241239+00:00
AAPL,2025-04-17 00:00:00+00:00,137.4716197427243,139.65115953125016,136.98969110790267,138.3682841297399,138.3682841297399,13159066.0,sample,2026-09-24 19:05:19.241239+00:00
AAPL,2025-04-18 00:00:00+00:00,138.34428976837688,139.12724081397275,135.47180465599885,135.9617460764478,135.9617460764478,16545881.0,sample,2026-09-24 19:05:19.241239+00:00
AAPL,2025-04-21 00:00:00+00:00,135.88731953008883,137.69121614197874,134.46792153491276,137.10256266378124,137.10256266378124,14614421.0,sample,2026-09-24 19:05:19.241239+00:00
AAPL,2025-04-22 00:00:00+00:00,137.319278102061,137.5281718367568,136.6408056662691,137.14451614557484,137.14451614557484,14691185.0,sample,2026-09-24 19:05:19.241239+00:00
AAPL,2025-04-23 00:00:00+00:00,136.7240681214584,136.89805724038635,134.66716236741138,135.3397917572415,135.3397917572415,4120375.0,sample,2026-09-24 19:05:19.241239+00:00
AAPL,2025-04-24 00:00:00+00:00,135.1998465621598,135.97458119729293,133.60572732018852,134.80019750125163,134.80019750125163,3698808.0,sample,2026-09-24 19:05:19.241239+00:00
AAPL,2025-04-25 00:00:00+00:00,134.98461439282474,136.4312172353748,134.01858548476585,134.38764545725573,134.38764545725573,14418175.0,sample,2026-09-24 19:05:19.241239+00:00
AAPL,2025-04-28 00:00:00+00:00,134.22259464311637,134.71716337143923,133.4013336670773,133.7691707017579,133.7691707017579,13820960.0,sample,2026-09-24 19:05:19.241239+00:00
AAPL,2025-04-29 00:00:00+00:00,133.33875322312096,139.1479615765623,132.49205978634058,138.13753927256946,138.13753927256946,13741243.0,sample,2026-09-24 19:05:19.241239+00:00
AAPL,2025-04-30 00:00:00+00:00,138.32224445253948,139.50176858256245,137.4197853449794,137.92744998565718,137.92744998565718,8405757.0,sample,2026-09-24 19:05:19.241239+00:00
AAPL,2025-05-01 00:00:00+00:00,138.23726114259597,138.46799690080817,136.8641717721472,137.35759286971006,137.35759286971006,10136821.0,sample,2026-09-24 19:05:19.241239+00:00
AAPL,2025-05-02 00:00:00+00:00,137.34523200288504,137.7138809078668,132.1557748868529,132.30152196583364,132.30152196583364,1754044.0,sample,2026-09-24 19:05:19.241239+00:00
AAPL,2025-05-05 00:00:00+00:00,131.7826762517986,132.3946808946368,129.56076201466792,130.2216296886729,130.2216296886729,6301965.0,sample,2026-09-24 19:05:19.241239+00:00
AAPL,2025-05-06 00:00:00+00:00,130.40549475052492,131.49712239621718,129.0553788924053,129.63885174529898,129.63885174529898,10218060.0,sample,2026-09-24 19:05:19.241239+00:00
AAPL,2025-05-07 00:00:00+00:00,129.20847982735262,129.96168596104005,127.90829433513274,128.0802694957459,128.0802694957459,3574442.0,sample,2026-09-24 19:05:19.241239+00:00
AAPL,2025-05-08 00:00:00+00:00,128.15937168494352,132.53054067981452,127.15542692157184,131.33849337133822,131.33849337133822,3645766.0,sample,2026-09-24 19:05:19.241239+00:00
AAPL,2025-05-09 00:00:00+00:00,131.10537704801183,132.48769662327211,129.94801765166494,130.98188478176436,130.98188478176436,2246031.0,sample,2026-09-24 19:05:19.241239+00:00
AAPL,2025-05-12 00:00:00+00:00,130.678048910377,135.34130235235048,130.44559811882013,134.08863359319267,134.08863359319267,4963916.0,sample,2026-09-24 19:05:19.241239+00:00
AAPL,2025-05-13 00:00:00+00:00,133.97012337246994,135.8710137330355,133.3689381788285,134.27120995892906,134.27120995892906,17882474.0,sample,2026-09-24 19:05:19.241239+00:00
AAPL,2025-05-14 00:00:00+00:00,134.22198678956104,135.64440904100113,132.7991181843327,134.39480989444314,134.39480989444314,12984675.0,sample,2026-09-24 19:05:19.241239+00:00
AAPL,2025-05-15 00:00:00+00:00,134.2216534037569,135.61406496321266,133.22002601049888,134.21372263681803,134.21372263681803,17146201.0,sample,2026-09-24 19:05:19.241239+00:00
AAPL,2025-05-16 00:00:00+00:00,134.37174675381354,135.73643023735391,133.51378465603892,134.25645403163216,134.25645403163216,5742843.0,sample,2026-09-24 19:05:19.241239+00:00
AAPL,2025-05-19 00:00:00+00:00,134.13667864562422,139.7608136491409,133.31628245990427,138.50966644405867,138.50966644405867,11381019.0,sample,2026-09-24 19:05:19.241239+00:00
AAPL,2025-05-20 00:00:00+00:00,138.7811982654322,140.14400464945362,132.44144410679598,132.8787587239241,132.8787587239241,16216155.0,sample,2026-09-24 19:05:19.241239+00:00
AAPL,2025-05-21 00:00:00+00:00,132.95348260639847,134.45339938207124,126.93548506262718,128.2086866191035,128.2086866191035,7308503.0,sample,2026-09-24 19:05:19.241239+00:00
AAPL,2025-05-22 00:00:00+00:00,128.0298208325047,128.82709852417824,125.58924530006965,126.99303285844124,126.99303285844124,12343301.0,sample,2026-09-24 19:05:19.241239+00:00
AAPL,2025-05-23 00:00:00+00:00,126.77309619419935,128.07715890139167,125.37639839548876,127.05800664853565,127.05800664853565,12931768.0,sample,2026-09-24 19:05:19.241239+00:00
AAPL,2025-05-26 00:00:00+00:00,126.63935145710005,129.5358705576468,126.20076413818157,128.67831491055878,128.67831491055878,15232677.0,sample,2026-09-24 19:05:19.241239+00:00
AAPL,2025-05-27 00:00:00+00:00,128.75313702139178,131.156238398422,128.18428725734444,129.81121161995327,129.81121161995327,17496406.0,sample,2026-09-24 19:05:19.241239+00:00
AAPL,2025-05-28 00:00:00+00:00,129.71915274168518,130.46438351875315,128.59193100080662,128.94871281428473,128.94871281428473,11650627.0,sample,2026-09-24 19:05:19.241239+00:00
AAPL,2025-05-29 00:00:00+00:00,128.33692969450956,132.68457482638217,127.77491501163557,131.36865572678147,131.36865572678147,11111806.0,sample,2026-09-24 19:05:19.241239+00:00
AAPL,2025-05-30 00:00:00+00:00,131.22790344140435,135.1717665630355,130.61626867434842,133.86088030471058,133.86088030471058,15836018.0,sample,2026-09-24 19:05:19.241239+00:00
AAPL,2025-06-02 00:00:00+00:00,133.61965388802943,135.8944251274743,132.5554851700693,134.33868281403545,134.33868281403545,12794633.0,sample,2026-09-24 19:05:19.241239+00:00
AAPL,2025-06-03 00:00:00+00:00,134.76203171857907,137.23202267551866,134.34614123831994,136.7209423349232,136.7209423349232,7467797.0,sample,2026-09-24 19:05:19.241239+00:00
AAPL,2025-06-04 00:00:00+00:00,136.2553313421116,138.6380826359732,134.7410759525584,137.4279178691516,137.4279178691516,11897291.0,sample,2026-09-24 19:05:19.241239+00:00
AAPL,2025-06-05 00:00:00+00:00,137.03175419049862,138.309728016669,135.78957934787857,136.07998685460637,136.07998685460637,10560819.0,sample,2026-09-24 19:05:19.241239+00:00
AAPL,2025-06-06 00:00:00+00:00,136.38207616349206,139.39188186953663,136.23537567565646,137.83448132348244,137.83448132348244,5274485.0,sample,2026-09-24 19:05:19.241239+00:00
AAPL,2025-06-09 00:00:00+00:00,138.20849881565815,139.725465153963,136.70641774180638,138.14371976446972,138.14371976446972,10012191.0,sample,2026-09-24 19:05:19.241239+00:00
AAPL,2025-06-10 00:00:00+00:00,137.93789033583647,139.19153200916642,136.73211069728228,138.18159253042518,138.18159253042518,11788847.0,sample,2026-09-24 19:05:19.241239+00:00
AAPL,2025-06-11 00:00:00+00:00,138.0069072792019,142.97582022459815,137.32943708845403,141.9297010993344,141.9297010993344,16412546.0,sample,2026-09-24 19:05:19.241239+00:00
AAPL,2025-06-12 00:00:00+00:00,142.1046253106137,142.5082313665558,134.81278361959573,135.8384312553535,135.8384312553535,11077792.0,sample,2026-09-24 19:05:19.241239+00:00
AAPL,2025-06-13 00:00:00+00:00,135.2062120837701,136.7914494489483,131.99088639368208,132.44902560096807,132.44902560096807,4221104.0,sample,2026-09-24 19:05:19.241239+00:00
AAPL,2025-06-16 00:00:00+00:00,131.9559990210332,132.45811694470146,129.31150095160868,129.68138938051914,129.68138938051914,17796144.0,sample,2026-09-24 19:05:19.241239+00:00
AAPL,2025-06-17 00:00:00+00:00,129.60857758558345,130.77143849754952,128.07167491533278,128.86842203886496,128.86842203886496,11038002.0,sample,2026-09-24 19:05:19.241239+00:00
AAPL,2025-06-18 00:00:00+00:00,129.26788594204493,130.52873194504562,127.68444101840365,128.31124995928386,128.31124995928386,6237231.0,sample,2026-09-24 19:05:19.241239+00:00
AAPL,2025-06-19 00:00:00+00:00,128.1994318147688,128.94983059357304,123.93772676609267,124.90795310853667,124.90795310853667,13948114.0,sample,2026-09-24 19:05:19.241239+00:00
AAPL,2025-06-20 00:00:00+00:00,124.93316872463464,125.34833800059698,122.32590229895784,122.74318506708582,122.74318506708582,7847594.0,sample,2026-09-24 19:05:19.241239+00:00
AAPL,2025-06-23 00:00:00+00:00,123.02151488010462,123.40024451489408,119.88372561481734,120.88613821906782,120.88613821906782,7605821.0,sample,2026-09-24 19:05:19.241239+00:00
AAPL,2025-06-24 00:00:00+00:00,121.39552453722523,127.70210626669086,120.2500998911377,126.38499064635604,126.38499064635604,15350723.0,sample,2026-09-24 19:05:19.241239+00:00
AAPL,2025-06-25 00:00:00+00:00,126.23918066858961,131.44790339970783,125.88154537609844,130.58365878227514,130.58365878227514,15815095.0,sample,2026-09-24 19:05:19.241239+00:00
AAPL,2025-06-26 00:00:00+00:00,130.5792615803011,130.83931106799338,129.45962471914743,129.65182591685812,129.65182591685812,10144773.0,sample,2026-09-24 19:05:19.241239+00:00
AAPL,2025-06-27 00:00:00+00:00,130.124291489595,131.28073394073726,128.08646480164276,128.83829566785082,128.83829566785082,7654743.0,sample,2026-09-24 19:05:19.241239+00:00
AAPL,2025-06-30 00:00:00+00:00,128.4460605472858,128.9279749559866,125.03111288760638,126.23211870969484,126.23211870969484,15744054.0,sample,2026-09-24 19:05:19.241239+00:00
AAPL,2025-07-01 00:00:00+00:00,126.49154618105881,127.83745952520174,121.00526235403842,122.00061390194595,122.00061390194595,4359594.0,sample,2026-09-24 19:05:19.241239+00:00
AAPL,2025-07-02 00:00:00+00:00,121.75214366175803,122.31110600667915,120.690379873464,121.77465338692832,121.77465338692832,13828744.0,sample,2026-09-24 19:05:19.241239+00:00
AAPL,2025-07-03 00:00:00+00:00,121.79961046089977,122.18973207136894,118.98707361686498,119.63684918908244,119.63684918908244,11136797.0,sample,2026-09-24 19:05:19.241239+00:00
AAPL,2025-07-04 00:00:00+00:00,119.578796832314,119.80999560554129,119.0558544029414,119.48413345009928,119.48413345009928,15591938.0,sample,2026-09-24 19:05:19.241239+00:00
AAPL,2025-07-07 00:00:00+00:00,119.25519907820942,120.0454845001663,115.3252906330479,116.12066695349503,116.12066695349503,8439372.0,sample,2026-09-24 19:05:19.241239+00:00
AAPL,2025-07-08 00:00:00+00:00,115.89235005044914,116.58284982189124,114.19540199165556,114.56751988906039,114.56751988906039,15228436.0,sample,2026-09-24 19:05:19.241239+00:00
AAPL,2025-07-09 00:00:00+00:00,114.63085610540892,115.96766615585508,113.60049485940267,114.90315352070799,114.90315352070799,1750636.0,sample,2026-09-24 19:05:19.241239+00:00
AAPL,2025-07-10 00:00:00+00:00,115.13193473722754,116.39894099815679,114.76735438180786,115.69199023016371,115.69199023016371,14011414.0,sample,2026-09-24 19:05:19.241239+00:00
AAPL,2025-07-11 00:00:00+00:00,115.66197135106015,117.15132516840076,115.17574045999545,116.59377656696364,116.59377656696364,2652336.0,sample,2026-09-24 19:05:19.241239+00:00
AAPL,2025-07-14 00:00:00+00:00,116.61012608289111,117.06236394869784,113.13518299282738,113.88362533138796,113.88362533138796,12099644.0,sample,2026-09-24 19:05:19.241239+00:00
AAPL,2025-07-15 00:00:00+00:00,114.01372007811695,116.14772077514479,113.2892986459414,115.67811226793307,115.67811226793307,4722073.0,sample,2026-09-24 19:05:19.241239+00:00
AAPL,2025-07-16 00:00:00+00:00,115.45332221692063,116.74712988969577,113.18449509567546,114.0523586284602,114.0523586284602,17397228.0,sample,2026-09-24 19:05:19.241239+00:00
AAPL,2025-07-17 00:00:00+00:00,114.22108597894878,115.71276761346174,113.55724552239782,115.38785104578186,115.38785104578186,14193944.0,sample,2026-09-24 19:05:19.241239+00:00
AAPL,2025-07-18 00:00:00+00:00,115.57693552425971,116.94882689176795,114.11208245149318,115.39460187342299,115.39460187342299,3226176.0,sample,2026-09-24 19:05:19.241239+00:00
AAPL,2025-07-21 00:00:00+00:00,115.99549071376595,116.5286192133976,111.44604176935218,112.5989736291312,112.5989736291312,16218652.0,sample,2026-09-24 19:05:19.241239+00:00
AAPL,2025-07-22 00:00:00+00:00,112.51427573746196,112.73618680972231,110.79298483093322,111.98792374623461,111.98792374623461,5657041.0,sample,2026-09-24 19:05:19.241239+00:00
AAPL,2025-07-23 00:00:00+00:00,111.88532448648512,113.17623701029926,110.99866883752661,112.75502997557956,112.75502997557956,10503074.0,sample,2026-09-24 19:05:19.241239+00:00
AAPL,2025-07-24 00:00:00+00:00,112.92843951537854,114.22180051067018,112.02669609266435,114.03449222322546,114.03449222322546,2907024.0,sample,2026-09-24 19:05:19.241239+00:00
AAPL,2025-07-25 00:00:00+00:00,114.22130447918511,115.32814632258851,112.89771039999076,113.77390434478427,113.77390434478427,3241830.0,sample,2026-09-24 19:05:19.241239+00:00
AAPL,2025-07-28 00:00:00+00:00,113.65214643557546,117.76031746705515,112.99481359553087,116.98376960729304,116.98376960729304,5481689.0,sample,2026-09-24 19:05:19.241239+00:00
AAPL,2025-07-29 00:00:00+00:00,116.88944262786856,119.71527414340619,116.35839448499041,119.15443177169138,119.15443177169138,10317912.0,sample,2026-09-24 19:05:19.241239+00:00
AAPL,2025-07-30 00:00:00+00:00,119.2833880467754,120.27135815367247,117.74370072949858,118.63488978967257,118.63488978967257,10457774.0,sample,2026-09-24 19:05:19.241239+00:00
AAPL,2025-07-31 00:00:00+00:00,118.43852905929012,121.23230667892358,118.28682704464737,120.2776495293178,120.2776495293178,15617490.0,sample,2026-09-24 19:05:19.241239+00:00
AAPL,2025-08-01 00:00:00+00:00,120.17889340305712,125.98160345366642,120.04885734720432,124.56916440048334,124.56916440048334,4224809.0,sample,2026-09-24 19:05:19.241239+00:00
AAPL,2025-08-04 00:00:00+00:00,124.59148539281817,130.56970507461182,123.29971338565474,129.07579911259768,129.07579911259768,13866380.0,sample,2026-09-24 19:05:19.241239+00:00
AAPL,2025-08-05 00:00:00+00:00,129.33290227581884,130.43061806872223,126.09480154589147,126.28557668250743,126.28557668250743,1597022.0,sample,2026-09-24 19:05:19.241239+00:00
AAPL,2025-08-06 00:00:00+00:00,126.13287251269607,127.39369357819811,123.3865909375601,124.2279554068337,124.2279554068337,6303119.0,sample,2026-09-24 19:05:19.241239+00:00
AAPL,2025-08-07 00:00:00+00:00,123.77020409725093,128.8651538851399,122.80914512284019,127.62506249020974,127.62506249020974,4387681.0,sample,2026-09-24 19:05:19.241239+00:00
AAPL,2025-08-08 00:00:00+00:00,127.13585074708857,127.95007181648901,124.84996758695223,125.24824240963189,125.24824240963189,3544195.0,sample,2026-09-24 19:05:19.241239+00:00
AAPL,2025-08-11 00:00:00+00:00,124.93276386348656,126.02580575780614,121.0047261274741,122.33240451162783,122.33240451162783,11144657.0,sample,2026-09-24 19:05:19.241239+00:00
AAPL,2025-08-12 00:00:00+00:00,122.01111858263893,122.23816286095462,120.9218696653759,121.29680457639446,121.29680457639446,16361248.0,sample,2026-09-24 19:05:19.241239+00:00
AAPL,2025-08-13 00:00:00+00:00,121.25929699444701,123.3899238062631,119.95822537641207,122.24834045194137,122.24834045194137,12505114.0,sample,2026-09-24 19:05:19.241239+00:00
AAPL,2025-08-14 00:00:00+00:00,121.95766320039426,123.46713887507619,120.8121279239764,122.05373669967841,122.05373669967841,15592464.0,sample,2026-09-24 19:05:19.241239+00:00
AAPL,2025-08-15 00:00:00+00:00,121.8821889620176,122.1179971490718,120.22276826942307,120.6629675881912,120.6629675881912,11258814.0,sample,2026-09-24 19:05:19.241239+00:00
AAPL,2025-08-18 00:00:00+00:00,120.47616058809106,121.70468896356115,118.92032344167085,119.23727828510124,119.23727828510124,2386303.0,sample,2026-09-24 19:05:19.241239+00:00
AAPL,2025-08-19 00:00:00+00:00,119.13222836831983,120.47398848226463,117.22026330192973,117.74760298462171,117.74760298462171,7208806.0,sample,2026-09-24 19:05:19.241239+00:00
AAPL,2025-08-20 00:00:00+00:00,118.05904641456897,118.47084555201917,115.30378288094207,115.9271761966882,115.9271761966882,15090629.0,sample,2026-09-24 19:05:19.241239+00:00
AAPL,2025-08-21 00:00:00+00:00,116.08065162635395,121.63584258583089,115.65073167524216,120.81755458388967,120.81755458388967,2229453.0,sample,2026-09-24 19:05:19.241239+00:00
AAPL,2025-08-22 00:00:00+00:00,120.8214520169107,122.85820766103517,119.37306776428656,121.49666254370916,121.49666254370916,3104008.0,sample,2026-09-24 19:05:19.241239+00:00
AAPL,2025-08-25 00:00:00+00:00,121.38463623483814,124.91014114542884,120.95661268035916,123.4823778738719,123.4823778738719,15257740.0,sample,2026-09-24 19:05:19.241239+00:00
AAPL,2025-08-26 00:00:00+00:00,123.37538467664704,123.67231298331485,121.18961073937534,122.43068855983739,122.43068855983739,2544179.0,sample,2026-09-24 19:05:19.241239+00:00
AAPL,2025-08-27 00:00:00+00:00,122.51094101181593,123.10377714981662,121.71640112553246,122.05208037854393,122.05208037854393,17330830.0,sample,2026-09-24 19:05:19.241239+00:00
AAPL,2025-08-28 00:00:00+00:00,122.19467847993482,123.25527831795185,119.10449456743243,120.52459865660245,120.52459865660245,14016914.0,sample,2026-09-24 19:05:19.241239+00:00
AAPL,2025-08-29 00:00:00+00:00,120.3058181852895,120.7193265454646,114.53566856380795,114.93573203730811,114.93573203730811,12474403.0,sample,2026-09-24 19:05:19.241239+00:00
AAPL,2025-09-01 00:00:00+00:00,114.94411792201171,115.46969724772278,111.51559230708838,112.14794681566514,112.14794681566514,10349125.0,sample,2026-09-24 19:05:19.241239+00:00
AAPL,2025-09-02 00:00:00+00:00,111.69226288899296,111.83257089504905,107.80326766523206,108.5789781147408,108.5789781147408,2974108.0,sample,2026-09-24 19:05:19.241239+00:00
AAPL,2025-09-03 00:00:00+00:00,108.62495344741691,108.91701754075186,104.05357008775417,104.29586428088639,104.29586428088639,8340042.0,sample,2026-09-24 19:05:19.241239+00:00
AAPL,2025-09-04 00:00:00+00:00,104.45484230868861,105.20541557631154,101.08179515730487,102.10127854135257,102.10127854135257,14827990.0,sample,2026-09-24 19:05:19.241239+00:00
AAPL,2025-09-05 00:00:00+00:00,102.04408781158484,105.44770399007301,101.63371334298125,104.59172627189751,104.59172627189751,16413726.0,sample,2026-09-24 19:05:19.241239+00:00
AAPL,2025-09-08 00:00:00+00:00,104.9717136605891,105.82597663042206,103.79810539862476,104.53423221269364,104.53423221269364,8875195.0,sample,2026-09-24 19:05:19.241239+00:00
AAPL,2025-09-09 00:00:00+00:00,104.34999304369558,108.0410540950316,103.61474592310526,107.01775405724845,107.01775405724845,15348508.0,sample,2026-09-24 19:05:19.241239+00:00
AAPL,2025-09-10 00:00:00+00:00,107.06429402702251,108.43978954330723,106.2474954770698,107.83932985052999,107.83932985052999,14313817.0,sample,2026-09-24 19:05:19.241239+00:00
AAPL,2025-09-11 00:00:00+00:00,107.83160321718495,109.8349602071041,107.65795704225472,109.39645568619942,109.39645568619942,2450787.0,sample,2026-09-24 19:05:19.241239+00:00
AAPL,2025-09-12 00:00:00+00:00,109.37451126753561,109.50263122477908,107.35632657539693,107.66368555182044,107.66368555182044,11732889.0,sample,2026-09-24 19:05:19.241239+00:00
AAPL,2025-09-15 00:00:00+00:00,107.6390688599251,109.06685542070635,107.34057337877232,108.71105196540752,108.71105196540752,11665439.0,sample,2026-09-24 19:05:19.241239+00:00
AAPL,2025-09-16 00:00:00+00:00,108.73433896637374,110.66269310205499,108.2643278431154,110.17393223962104,110.17393223962104,10457504.0,sample,2026-09-24 19:05:19.241239+00:00
AAPL,2025-09-17 00:00:00+00:00,110.36077813790976,110.68747643690533,108.78062524899327,109.06354215495729,109.06354215495729,14242412.0,sample,2026-09-24 19:05:19.241239+00:00
AAPL,2025-09-18 00:00:00+00:00,109.36406374312402,110.32970911302102,108.14562399637654,110.19509597537629,110.19509597537629,16176726.0,sample,2026-09-24 19:05:19.241239+00:00
AAPL,2025-09-19 00:00:00+00:00,110.19460004355808,111.6559170195355,109.46263252785332,111.3517126372676,111.3517126372676,10583094.0,sample,2026-09-24 19:05:19.241239+00:00
AAPL,2025-09-22 00:00:00+00:00,111.5332863192216,112.46203460001756,109.41647285095415,110.28322473537794,110.28322473537794,6786390.0,sample,2026-09-24 19:05:19.241239+00:00
AAPL,2025-09-23 00:00:00+00:00,110.12843849168394,111.00125477712152,107.57060482841429,108.10381282403883,108.10381282403883,17719590.0,sample,2026-09-24 19:05:19.241239+00:00
AAPL,2025-09-24 00:00:00+00:00,108.26941823382498,109.49205280823267,105.42299699968679,105.85049619799823,105.85049619799823,17399866.0,sample,2026-09-24 19:05:19.241239+00:00
AAPL,2025-09-25 00:00:00+00:00,105.68918183620671,107.07902604864923,104.998508436525,106.04195154105065,106.04195154105065,12819783.0,sample,2026-09-24 19:05:19.241239+00:00
AAPL,2025-09-26 00:00:00+00:00,106.2732629572315,107.46768081441745,105.82292440238552,106.69464426408693,106.69464426408693,12070503.0,sample,2026-09-24 19:05:19.241239+00:00
AAPL,2025-09-29 00:00:00+00:00,107.16637134810516,107.43569328023747,104.70678618921849,105.20969961967526,105.20969961967526,3218359.0,sample,2026-09-24 19:05:19.241239+00:00
AAPL,2025-09-30 00:00:00+00:00,105.18401080131152,106.04494285036505,104.5549831091645,105.28637661612407,105.28637661612407,8126663.0,sample,2026-09-24 19:05:19.241239+00:00
AAPL,2025-10-01 00:00:00+00:00,104.82468669668332,106.57829088072256,104.13671488156498,106.39980035633997,106.39980035633997,4771917.0,sample,2026-09-24 19:05:19.241239+00:00
AAPL,2025-10-02 00:00:00+00:00,106.28317065498403,108.23496413392408,105.02611132931374,107.6172696461755,107.6172696461755,9995749.0,sample,2026-09-24 19:05:19.241239+00:00
AAPL,2025-10-03 00:00:00+00:00,107.88241172316997,111.2793673762136,107.50951093801191,110.69348393228053,110.69348393228053,15133052.0,sample,2026-09-24 19:05:19.241239+00:00
AAPL,2025-10-06 00:00:00+00:00,110.81592792515632,113.94209322570016,110.11028115054603,113.29563378848404,113.29563378848404,5204749.0,sample,2026-09-24 19:05:19.241239+00:00
AAPL,2025-10-07 00:00:00+00:00,113.35203543632497,113.81429468335807,111.00544480736228,111.2997914785572,111.2997914785572,17946485.0,sample,2026-09-24 19:05:19.241239+00:00
AAPL,2025-10-08 00:00:00+00:00,111.52432063393478,115.73345865162602,110.98342862014914,114.7529935914635,114.7529935914635,3637245.0,sample,2026-09-24 19:05:19.241239+00:00
AAPL,2025-10-09 00:00:00+00:00,114.86417855628237,116.04158108476362,112.67912594211768,113.68987645546216,113.68987645546216,3122597.0,sample,2026-09-24 19:05:19.241239+00:00
AAPL,2025-10-10 00:00:00+00:00,113.96676250769819,116.97279080809705,113.6340840024405,115.8773228766569,115.8773228766569,17578789.0,sample,2026-09-24 19:05:19.241239+00:00
AAPL,2025-10-13 00:00:00+00:00,116.09040358513543,117.00812992439013,115.19006317916879,116.04822405797134,116.04822405797134,3155433.0,sample,2026-09-24 19:05:19.241239+00:00
AAPL,2025-10-14 00:00:00+00:00,116.401405328148,117.20711173660425,114.57593398468394,115.2192852047643,115.2192852047643,13630531.0,sample,2026-09-24 19:05:19.241239+00:00
AAPL,2025-10-15 00:00:00+00:00,115.30196566140819,115.4566923646845,111.3835880864345,111.5584419981728,111.5584419981728,14095886.0,sample,2026-09-24 19:05:19.241239+00:00
AAPL,2025-10-16 00:00:00+00:00,111.76042065504254,112.76093056149364,109.9892562862083,111.24227004407624,111.24227004407624,6946791.0,sample,2026-09-24 19:05:19.241239+00:00
AAPL,2025-10-17 00:00:00+00:00,111.17393901847213,111.95157985848947,107.58986444363036,108.19028096410965,108.19028096410965,2561845.0,sample,2026-09-24 19:05:19.241239+00:00
AAPL,2025-10-20 00:00:00+00:00,108.06013653572671,110.55611095548949,107.02025310583124,110.11804468454055,110.11804468454055,6589989.0,sample,2026-09-24 19:05:19.241239+00:00
AAPL,2025-10-21 00:00:00+00:00,110.49393651512813,113.71563221289261,109.87744130047544,113.19422988477726,113.19422988477726,2631241.0,sample,2026-09-24 19:05:19.241239+00:00
AAPL,2025-10-22 00:00:00+00:00,113.24317612844492,114.52188122975213,110.34759905605895,111.61001587603772,111.61001587603772,12591967.0,sample,2026-09-24 19:05:19.241239+00:00
AAPL,2025-10-23 00:00:00+00:00,111.78968134150615,113.12953173884058,111.32070421279,112.24637894707112,112.24637894707112,16165471.0,sample,2026-09-24 19:05:19.241239+00:00
AAPL,2025-10-24 00:00:00+00:00,112.2741576841682,112.97419118691091,110.20467409118902,110.81800043108287,110.81800043108287,17951900.0,sample,2026-09-24 19:05:19.241239+00:00
AAPL,2025-10-27 00:00:00+00:00,110.6880074477699,111.55470994686027,108.57433200133347,109.59880758326673,109.59880758326673,14707421.0,sample,2026-09-24 19:05:19.241239+00:00
AAPL,2025-10-28 00:00:00+00:00,109.60121500712842,111.78229824361428,109.07728388367808,111.16520180224926,111.16520180224926,14281455.0,sample,2026-09-24 19:05:19.241239+00:00
AAPL,2025-10-29 00:00:00+00:00,111.48446693179321,112.17254961970198,110.55942964442815,111.11588999726567,111.11588999726567,16045792.0,sample,2026-09-24 19:05:19.241239+00:00
AAPL,2025-10-30 00:00:00+00:00,111.23928198729708,115.15994745530128,109.91074513464564,114.67905210903739,114.67905210903739,14202916.0,sample,2026-09-24 19:05:19.241239+00:00
AAPL,2025-10-31 00:00:00+00:00,114.28651186970149,114.95376067562013,112.90762674201778,113.71635010733448,113.71635010733448,12233471.0,sample,2026-09-24 19:05:19.241239+00:00
