symbol,timestamp,open,high,low,close,adj_close,volume,source,ingestion_time
AAPL,2025-01-02 14:30:00+00:00,150.95046150597148,151.4132240657344,149.12161818584127,150.87763514694163,150.87763514694163,11002892.0,sample,2026-09-24 19:05:19.245756+00:00
AAPL,2025-01-02 14:45:00+00:00,151.46227120816718,152.43455643164816,149.8016481627912,150.94693717006717,150.94693717006717,7084927.0,sample,2026-09-24 19:05:19.245756+00:00
AAPL,2025-01-02 15:00:00+00:00,150.67778636972693,152.2245919181987,150.22033622605753,151.15191288669448,151.15191288669448,7691667.0,sample,2026-09-24 19:05:19.245756+00:00
AAPL,2025-01-02 15:15:00+00:00,151.12362771506182,152.39884113999986,150.568966259956,151.84818309286013,151.84818309286013,9574463.0,sample,2026-09-24 19:05:19.245756+00:00
AAPL,2025-01-02 15:30:00+00:00,152.15513113329132,153.75905949438268,151.56859747577394,152.3572667483846,152.3572667483846,13943722.0,sample,2026-09-24 19:05:19.245756+00:00
AAPL,2025-01-02 15:45:00+00:00,152.3595935566619,153.56809107484438,152.0119265959302,152.7181442560918,152.7181442560918,2200307.0,sample,2026-09-24 19:05:19.245756+00:00
AAPL,2025-01-02 16:00:00+00:00,152.4959385286381,154.29754293706756,152.03351237389384,152.49431943177677,152.49431943177677,14764776.0,sample,2026-09-24 19:05:19.245756+00:00
AAPL,2025-01-02 16:15:00+00:00,152.34495462041198,152.8892436589026,150.993405803188,151.88168833161697,151.88168833161697,4072402.0,sample,2026-09-24 19:05:19.245756+00:00
AAPL,2025-01-02 16:30:00+00:00,152.2040448441922,153.02295968649162,151.39224373818195,152.1179987296462,152.1179987296462,13753536.0,sample,2026-09-24 19:05:19.245756+00:00
AAPL,2025-01-02 16:45:00+00:00,151.73750485551784,152.1213580984044,150.06645860988564,151.81439498203028,151.81439498203028,15421770.0,sample,2026-09-24 19:05:19.245756+00:00
AAPL,2025-01-02 17:00:00+00:00,152.30054070387777,153.70404508233193,151.97787831175484,152.3251877249346,152.3251877249346,6329331.0,sample,2026-09-24 19:05:19.245756+00:00
AAPL,2025-01-02 17:15:00+00:00,152.84392025146627,154.51920999310573,151.25500287518727,152.46158250692244,152.46158250692244,2372059.0,sample,2026-09-24 19:05:19.245756+00:00
AAPL,2025-01-02 17:30:00+00:00,152.48332894654698,153.46586972546783,150.33686446804384,152.0153448812176,152.0153448812176,4518982.0,sample,2026-09-24 19:05:19.245756+00:00
AAPL,2025-01-02 17:45:00+00:00,152.1203437314927,152.9329250071638,150.7797346493744,152.18583457430606,152.18583457430606,9235490.0,sample,2026-09-24 19:05:19.245756+00:00
AAPL,2025-01-02 18:00:00+00:00,152.31586349920244,153.8431471065944,151.32996606238578,152.62578746102227,152.62578746102227,2620113.0,sample,2026-09-24 19:05:19.245756+00:00
AAPL,2025-01-02 18:15:00+00:00,152.52667163637634,153.7254070129342,150.96239680337587,152.74183943937945,152.74183943937945,9706625.0,sample,2026-09-24 19:05:19.245756+00:00
AAPL,2025-01-02 18:30:00+00:00,152.84049745316435,153.1438896444774,151.0456760701641,152.2720762290094,152.2720762290094,15780111.0,sample,2026-09-24 19:05:19.245756+00:00
AAPL,2025-01-02 18:45:00+00:00,151.66097984179706,154.24490668311373,151.42648181426276,152.4395634023594,152.4395634023594,6926502.0,sample,2026-09-24 19:05:19.245756+00:00
AAPL,2025-01-02 19:00:00+00:00,151.94877665891622,153.30101115973332,150.73964419308356,152.66503670102682,152.66503670102682,10306237.0,sample,2026-09-24 19:05:19.245756+00:00
AAPL,2025-01-02 19:15:00+00:00,152.38979913702462,154.6792173121962,150.85730885522668,153.17688554231108,153.17688554231108,7799988.0,sample,2026-09-24 19:05:19.245756+00:00
AAPL,2025-01-02 19:30:00+00:00,152.96038398071104,155.03609401337252,151.2634797252387,153.6276021325181,153.6276021325181,12718432.0,sample,2026-09-24 19:05:19.245756+00:00
AAPL,2025-01-02 19:45:00+00:00,153.7645815800766,154.5576185385991,152.11035330448107,153.07813478413448,153.07813478413448,17853155.0,sample,2026-09-24 19:05:19.245756+00:00
AAPL,2025-01-02 20:00:00+00:00,153.12614539850748,154.40163597626062,152.48190364949707,152.78128524620942,152.78128524620942,14891860.0,sample,2026-09-24 19:05:19.245756+00:00
AAPL,2025-01-02 20:15:00+00:00,153.00235480469377,153.43055941116424,151.25092069424636,153.15955834521847,153.15955834521847,16519632.0,sample,2026-09-24 19:05:19.245756+00:00
AAPL,2025-01-02 20:30:00+00:00,153.1498985884699,153.35406995161827,150.59147921694276,152.13062527149015,152.13062527149015,3272361.0,sample,2026-09-24 19:05:19.245756+00:00
AAPL,2025-01-02 20:45:00+00:00,152.12430546166883,153.8174026704817,151.6664115072435,152.61195285900178,152.61195285900178,8599030.0,sample,2026-09-24 19:05:19.245756+00:00
AAPL,2025-01-02 21:00:00+00:00,152.7354867931592,153.3600968018753,151.34438516363736,152.10797709442735,152.10797709442735,14541498.0,sample,2026-09-24 19:05:19.245756+00:00
AAPL,2025-01-02 21:15:00+00:00,151.86174400470793,153.34301566527648,151.12839229909005,151.8591644548431,151.8591644548431,5376526.0,sample,2026-09-24 19:05:19.245756+00:00
AAPL,2025-01-02 21:30:00+00:00,151.5913932469152,153.91656021636732,151.18755895265213,152.74607489171566,152.74607489171566,4580607.0,sample,2026-09-24 19:05:19.245756+00:00
AAPL,2025-01-02 21:45:00+00:00,152.55686348311147,153.04230188186676,150.90888007052567,152.7143174652072,152.7143174652072,11643577.0,sample,2026-09-24 19:05:19.245756+00:00
AAPL,2025-01-02 22:00:00+00:00,152.2959332579905,152.85475776185703,151.13364581486238,152.53765037795526,152.53765037795526,9260163.0,sample,2026-09-24 19:05:19.245756+00:00
AAPL,2025-01-02 22:15:00+00:00,152.37333547397068,154.2628665316219,150.74788047986573,152.7170870915862,152.7170870915862,13691291.0,sample,2026-09-24 19:05:19.245756+00:00
AAPL,2025-01-02 22:30:00+00:00,152.63403696510693,153.19140776002263,151.6743448327501,152.66734308297302,152.66734308297302,12531906.0,sample,2026-09-24 19:05:19.245756+00:00
AAPL,2025-01-02 22:45:00+00:00,152.34996224234607,152.87673910473433,151.90740588804888,152.29321215940607,152.29321215940607,8661025.0,sample,2026-09-24 19:05:19.245756+00:00
AAPL,2025-01-02 23:00:00+00:00,152.0281545844199,152.73018428762086,151.8407409305841,152.45311714256297,152.45311714256297,12878966.0,sample,2026-09-24 19:05:19.245756+00:00
AAPL,2025-01-02 23:15:00+00:00,152.26296398469728,155.48071607352963,150.61481770388974,153.76945565768162,153.76945565768162,13425069.0,sample,2026-09-24 19:05:19.245756+00:00
AAPL,2025-01-02 23:30:00+00:00,154.07802978235802,155.83755770677735,152.84652169669943,154.34385877318283,154.34385877318283,12455614.0,sample,2026-09-24 19:05:19.245756+00:00
AAPL,2025-01-02 23:45:00+00:00,154.71818922384222,155.15357181872002,154.23022473076634,154.62217884757686,154.62217884757686,14727513.0,sample,2026-09-24 19:05:19.245756+00:00
AAPL,2025-01-03 00:00:00+00:00,154.36801288733238,155.07927632163094,153.28110676019918,154.7891273986346,154.7891273986346,10521791.0,sample,2026-09-24 19:05:19.245756+00:00
AAPL,2025-01-03 00:15:00+00:00,155.0876542008191,155.81228760510143,154.37712688744838,155.29163706711606,155.29163706711606,14330545.0,sample,2026-09-24 19:05:19.245756+00:00
AAPL,2025-01-03 00:30:00+00:00,155.25601467411903,156.847280757423,154.2336352894741,155.68756819578766,155.68756819578766,14399473.0,sample,2026-09-24 19:05:19.245756+00:00
AAPL,2025-01-03 00:45:00+00:00,155.36798940937445,156.02568803832622,153.84841518985206,155.1627069592419,155.1627069592419,15331733.0,sample,2026-09-24 19:05:19.245756+00:00
AAPL,2025-01-03 01:00:00+00:00,155.0716076684422,155.92836215612468,153.96230515023612,155.48550635679132,155.48550635679132,14612233.0,sample,2026-09-24 19:05:19.245756+00:00
AAPL,2025-01-03 01:15:00+00:00,155.25614658909345,156.3322667365083,153.59194636844305,155.5257748043708,155.5257748043708,9967973.0,sample,2026-09-24 19:05:19.245756+00:00
AAPL,2025-01-03 01:30:00+00:00,155.2823341906049,158.22025315599794,153.84565911534818,156.60471614640701,156.60471614640701,6704773.0,sample,2026-09-24 19:05:19.245756+00:00
AAPL,2025-01-03 01:45:00+00:00,156.16979260582383,157.11924862529548,155.3889410595386,156.48037376274723,156.48037376274723,4174296.0,sample,2026-09-24 19:05:19.245756+00:00
AAPL,2025-01-03 02:00:00+00:00,156.49569073259002,157.64725940747192,156.07576132043093,157.27370666759515,157.27370666759515,4093151.0,sample,2026-09-24 19:05:19.245756+00:00
AAPL,2025-01-03 02:15:00+00:00,156.78263089470954,157.71489461031067,155.39047621080138,156.55617678694392,156.55617678694392,17919934.0,sample,2026-09-24 19:05:19.245756+00:00
AAPL,2025-01-03 02:30:00+00:00,156.33226678905928,157.8511537694435,155.87497836220416,156.76009092770292,156.76009092770292,4860167.0,sample,2026-09-24 19:05:19.245756+00:00
AAPL,2025-01-03 02:45:00+00:00,156.88647528251747,158.58174493750883,155.55542370490883,156.32243892269295,156.32243892269295,16386641.0,sample,2026-09-24 19:05:19.245756+00:00
AAPL,2025-01-03 03:00:00+00:00,156.80761588159297,158.3104794754606,154.6882029005848,155.7825734399147,155.7825734399147,6466302.0,sample,2026-09-24 19:05:19.245756+00:00
AAPL,2025-01-03 03:15:00+00:00,155.71099376808013,156.89564278027788,153.89636789608613,156.28051506446738,156.28051506446738,14594117.0,sample,2026-09-24 19:05:19.245756+00:00
AAPL,2025-01-03 03:30:00+00:00,156.27262201492806,158.0468038668249,155.0566596239668,155.674921228511,155.674921228511,17579335.0,sample,2026-09-24 19:05:19.245756+00:00
AAPL,2025-01-03 03:45:00+00:00,155.85449142220858,156.78558397588478,154.3586512301742,155.59672380509474,155.59672380509474,3618617.0,sample,2026-09-24 19:05:19.245756+00:00
AAPL,2025-01-03 04:00:00+00:00,155.50797104024414,156.88996304222874,154.7071519879179,155.16818921472358,155.16818921472358,12916016.0,sample,2026-09-24 19:05:19.245756+00:00
AAPL,2025-01-03 04:15:00+00:00,155.51214045123504,157.11429255528276,153.58581843329938,155.42189209921762,155.42189209921762,10586530.0,sample,2026-09-24 19:05:19.245756+00:00
AAPL,2025-01-03 04:30:00+00:00,154.71402396118546,156.46393839507385,153.17402759200377,155.6023599641952,155.6023599641952,16314507.0,sample,2026-09-24 19:05:19.245756+00:00
AAPL,2025-01-03 04:45:00+00:00,155.65680720181004,157.05954720857895,152.45085904059312,154.2685097774703,154.2685097774703,7748036.0,sample,2026-09-24 19:05:19.245756+00:00
AAPL,2025-01-03 05:00:00+00:00,153.97433586301048,155.46768736167323,153.46310538421181,154.7095990045919,154.7095990045919,14384854.0,sample,2026-09-24 19:05:19.245756+00:00
AAPL,2025-01-03 05:15:00+00:00,154.70700012955996,156.41916771583976,153.18969782454667,154.34066227373012,154.34066227373012,9439198.0,sample,2026-09-24 19:05:19.245756+00:00
AAPL,2025-01-03 05:30:00+00:00,154.67085376367095,156.41410153732375,153.32438772397487,155.592975955163,155.592975955163,13406136.0,sample,2026-09-24 19:05:19.245756+00:00
AAPL,2025-01-03 05:45:00+00:00,155.5546880949512,157.66669324802336,155.1375713154219,156.15208529867598,156.15208529867598,11375542.0,sample,2026-09-24 19:05:19.245756+00:00
AAPL,2025-01-03 06:00:00+00:00,155.97466464748908,158.17923200029733,154.95413078116138,156.75860026084513,156.75860026084513,12832460.0,sample,2026-09-24 19:05:19.245756+00:00
AAPL,2025-01-03 06:15:00+00:00,156.73403844683565,157.74091882065113,154.28971209170803,155.29815205191483,155.29815205191483,5919199.0,sample,2026-09-24 19:05:19.245756+00:00
AAPL,2025-01-03 06:30:00+00:00,155.1149393687882,157.55795655054985,153.4320565711131,156.3991951579005,156.3991951579005,3670660.0,sample,2026-09-24 19:05:19.245756+00:00
AAPL,2025-01-03 06:45:00+00:00,156.37250991635884,157.39555771219386,154.66772256589067,156.44899002007625,156.44899002007625,11511630.0,sample,2026-09-24 19:05:19.245756+00:00
AAPL,2025-01-03 07:00:00+00:00,156.279684535035,157.42514972144127,153.78462476934158,155.64514171170387,155.64514171170387,13648089.0,sample,2026-09-24 19:05:19.245756+00:00
AAPL,2025-01-03 07:15:00+00:00,155.36820829151725,156.25972375379865,154.78083844732706,155.8599141814112,155.8599141814112,2930962.0,sample,2026-09-24 19:05:19.245756+00:00
AAPL,2025-01-03 07:30:00+00:00,155.3977309173071,158.49362965441836,154.44935905552364,156.6795127344672,156.6795127344672,10576758.0,sample,2026-09-24 19:05:19.245756+00:00
AAPL,2025-01-03 07:45:00+00:00,156.7929774441154,157.29750637889865,154.8074349848912,155.7236782529266,155.7236782529266,16188208.0,sample,2026-09-24 19:05:19.245756+00:00
AAPL,2025-01-03 08:00:00+00:00,155.56954257351265,157.49530589285385,154.60307309367812,156.39889271828446,156.39889271828446,15508904.0,sample,2026-09-24 19:05:19.245756+00:00
AAPL,2025-01-03 08:15:00+00:00,155.95644724047241,156.75577168749408,154.19786597425232,156.2227693262664,156.2227693262664,13454259.0,sample,2026-09-24 19:05:19.245756+00:00
AAPL,2025-01-03 08:30:00+00:00,155.80078635102592,156.92324693204398,154.29890871932005,155.89907280270805,155.89907280270805,17422357.0,sample,2026-09-24 19:05:19.245756+00:00
AAPL,2025-01-03 08:45:00+00:00,155.85524417212991,156.7735361425755,155.4426015117156,155.66389287034323,155.66389287034323,17705192.0,sample,2026-09-24 19:05:19.245756+00:00
AAPL,2025-01-03 09:00:00+00:00,155.34146048957547,156.61481732598298,154.97972851065163,155.18293207712082,155.18293207712082,7986286.0,sample,2026-09-24 19:05:19.245756+00:00
AAPL,2025-01-03 09:15:00+00:00,155.17023163993684,157.16513260266936,153.30928004896532,155.32690492346148,155.32690492346148,5198045.0,sample,2026-09-24 19:05:19.245756+00:00
AAPL,2025-01-03 09:30:00+00:00,155.58016471548555,155.95054064813,153.97847535167793,155.50077412178894,155.50077412178894,14304886.0,sample,2026-09-24 19:05:19.245756+00:00
AAPL,2025-01-03 09:45:00+00:00,156.36282176665358,158.1114046726426,155.39653110182425,156.15729872247056,156.15729872247056,15266755.0,sample,2026-09-24 19:05:19.245756+00:00
AAPL,2025-01-03 10:00:00+00:00,156.19508540152037,158.31032892553296,155.77897660979158,157.03650794583652,157.03650794583652,12020157.0,sample,2026-09-24 19:05:19.245756+00:00
AAPL,2025-01-03 10:15:00+00:00,157.43725542929022,159.16573732115884,155.23377923312776,156.86071510024746,156.86071510024746,2962200.0,sample,2026-09-24 19:05:19.245756+00:00
AAPL,2025-01-03 10:30:00+00:00,156.34027425929193,158.38035534112964,155.48214285632602,157.54383685105444,157.54383685105444,16130551.0,sample,2026-09-24 19:05:19.245756+00:00
AAPL,2025-01-03 10:45:00+00:00,157.2911286827502,157.92115613400597,154.989674232383,156.8507598493134,156.8507598493134,10983932.0,sample,2026-09-24 19:05:19.245756+00:00
AAPL,2025-01-03 11:00:00+00:00,156.84345286194105,158.62005944213763,156.03378344377188,157.26246025151224,157.26246025151224,3282866.0,sample,2026-09-24 19:05:19.245756+00:00
AAPL,2025-01-03 11:15:00+00:00,157.33171227829556,157.70578843561506,155.90099444198356,156.60994435250913,156.60994435250913,17317337.0,sample,2026-09-24 19:05:19.245756+00:00
AAPL,2025-01-03 11:30:00+00:00,156.0934708742627,157.77282209005824,155.03689203691906,156.28618136778582,156.28618136778582,17560580.0,sample,2026-09-24 19:05:19.245756+00:00
AAPL,2025-01-03 11:45:00+00:00,156.52923103457215,157.281235557342,155.16377504520455,156.67535092922802,156.67535092922802,8749046.0,sample,2026-09-24 19:05:19.245756+00:00
AAPL,2025-01-03 12:00:00+00:00,156.77876703836333,158.40053357937492,155.4870032006671,156.2439721125422,156.2439721125422,12074331.0,sample,2026-09-24 19:05:19.245756+00:00
AAPL,2025-01-03 12:15:00+00:00,156.28993127781962,157.57516852272582,155.34024537813713,156.56215624756464,156.56215624756464,7700984.0,sample,2026-09-24 19:05:19.245756+00:00
AAPL,2025-01-03 12:30:00+00:00,156.64185876354367,158.03876880407455,154.7664430248219,155.69406397292272,155.69406397292272,10421768.0,sample,2026-09-24 19:05:19.245756+00:00
AAPL,2025-01-03 12:45:00+00:00,155.48818876518936,156.49115791975262,154.886334651943,155.2814024130891,155.2814024130891,1787945.0,sample,2026-09-24 19:05:19.245756+00:00
AAPL,2025-01-03 13:00:00+00:00,155.51167884879365,156.74837278313254,154.57054381326856,155.6217790525629,155.6217790525629,13962790.0,sample,2026-09-24 19:05:19.245756+00:00
AAPL,2025-01-03 13:15:00+00:00,155.62162026083823,158.3578299963998,154.88193664326624,156.55105777154904,156.55105777154904,12359190.0,sample,2026-09-24 19:05:19.245756+00:00
AAPL,2025-01-03 13:30:00+00:00,156.3914376374773,157.90697554718417,154.00188839058288,155.86409878245874,155.86409878245874,11193122.0,sample,2026-09-24 19:05:19.245756+00:00
AAPL,2025-01-03 13:45:00+00:00,155.9641063212083,158.07708851452045,154.41201164332048,156.83883588537668,156.83883588537668,5530692.0,sample,2026-09-24 19:05:19.245756+00:00
AAPL,2025-01-03 14:00:00+00:00,156.47182797195057,157.93174910800442,155.97486690845363,157.01504340145226,157.01504340145226,14621039.0,sample,2026-09-24 19:05:19.245756+00:00
AAPL,2025-01-03 14:15:00+00:00,156.83541148712817,160.1133253603378,156.59442881539965,158.41800430122757,158.41800430122757,12333282.0,sample,2026-09-24 19:05:19.245756+00:00
AAPL,2025-01-03 14:30:00+00:00,158.2332542591659,159.76079640700144,157.85700950904038,158.24636286115978,158.24636286115978,8397295.0,sample,2026-09-24 19:05:19.245756+00:00
AAPL,2025-01-03 14:45:00+00:00,158.25517570207586,159.84031597687795,156.1430029191631,157.9500968433636,157.9500968433636,5696301.0,sample,2026-09-24 19:05:19.245756+00:00
AAPL,2025-01-03 15:00:00+00:00,157.78829202567206,159.15519149950995,157.25725190306412,158.16396515280223,158.16396515280223,3856209.0,sample,2026-09-24 19:05:19.245756+00:00
AAPL,2025-01-03 15:15:00+00:00,158.16707000535968,158.52435791503189,156.38095427152024,157.51526560648645,157.51526560648645,8772653.0,sample,2026-09-24 19:05:19.245756+00:00
AAPL,2025-01-03 15:30:00+00:00,157.06374144009393,158.21834529071052,155.26017373838206,157.6063362535316,157.6063362535316,1766022.0,sample,2026-09-24 19:05:19.245756+00:00
AAPL,2025-01-03 15:45:00+00:00,157.19268865527243,158.0286554886368,156.6728219058356,157.58096060903202,157.58096060903202,8050657.0,sample,2026-09-24 19:05:19.245756+00:00
AAPL,2025-01-03 16:00:00+00:00,157.65841182133826,159.61059942592073,156.46234313914016,158.40781970525487,158.40781970525487,17752243.0,sample,2026-09-24 19:05:19.245756+00:00
AAPL,2025-01-03 16:15:00+00:00,158.34244842361545,159.06326069917185,157.88950217427487,158.63187954904492,158.63187954904492,5176171.0,sample,2026-09-24 19:05:19.245756+00:00
AAPL,2025-01-03 16:30:00+00:00,158.35450438857592,158.53602016686565,157.65020853333385,157.87430255557152,157.87430255557152,12377262.0,sample,2026-09-24 19:05:19.245756+00:00
AAPL,2025-01-03 16:45:00+00:00,157.90045576962476,159.00342726864815,156.59185819256987,157.08538250153126,157.08538250153126,16764219.0,sample,2026-09-24 19:05:19.245756+00:00
AAPL,2025-01-03 17:00:00+00:00,157.12922752313708,158.43609264495916,155.21236811935253,156.51445751789075,156.51445751789075,8184153.0,sample,2026-09-24 19:05:19.245756+00:00
AAPL,2025-01-03 17:15:00+00:00,156.75782993073105,156.91560246037966,153.89899504412492,155.27814707533815,155.27814707533815,14175380.0,sample,2026-09-24 19:05:19.245756+00:00
AAPL,2025-01-03 17:30:00+00:00,155.3552722034471,156.3748523418791,152.57859672193044,153.9994556571156,153.9994556571156,12821120.0,sample,2026-09-24 19:05:19.245756+00:00
AAPL,2025-01-03 17:45:00+00:00,153.74193013919108,156.9617321340859,152.20192813790823,155.28445684506403,155.28445684506403,10495689.0,sample,2026-09-24 19:05:19.245756+00:00
AAPL,2025-01-03 18:00:00+00:00,155.26032003503516,157.03144816097014,153.9274391004638,154.7946070497568,154.7946070497568,17298749.0,sample,2026-09-24 19:05:19.245756+00:00
AAPL,2025-01-03 18:15:00+00:00,155.0575163031005,157.2407980749941,154.66370727233368,155.58572688460794,155.58572688460794,5764781.0,sample,2026-09-24 19:05:19.245756+00:00
AAPL,2025-01-03 18:30:00+00:00,155.71554819859773,157.49857642633765,153.54629947933333,155.14922913965657,155.14922913965657,1848127.0,sample,2026-09-24 19:05:19.245756+00:00
AAPL,2025-01-03 18:45:00+00:00,154.92927558230753,155.50610406403916,153.35445936544903,154.91673363230757,154.91673363230757,10630419.0,sample,2026-09-24 19:05:19.245756+00:00
AAPL,2025-01-03 19:00:00+00:00,155.22182390560917,155.83260739796228,153.52972725534778,153.9004387466315,153.9004387466315,9088362.0,sample,2026-09-24 19:05:19.245756+00:00
AAPL,2025-01-03 19:15:00+00:00,153.65752043225064,155.8910470163372,152.02472452565283,154.67497513492287,154.67497513492287,9990588.0,sample,2026-09-24 19:05:19.245756+00:00
AAPL,2025-01-03 19:30:00+00:00,154.58074792529814,154.89256678377546,153.7301644805746,154.4511149989462,154.4511149989462,3173453.0,sample,2026-09-24 19:05:19.245756+00:00
AAPL,2025-01-03 19:45:00+00:00,153.89131048271037,155.98306251499125,152.27405680121544,155.4747704643964,155.4747704643964,1634831.0,sample,2026-09-24 19:05:19.245756+00:00
AAPL,2025-01-03 20:00:00+00:00,155.4590010611935,156.73060719797326,153.57044151298155,155.0622580212445,155.0622580212445,1662254.0,sample,2026-09-24 19:05:19.245756+00:00
AAPL,2025-01-03 20:15:00+00:00,155.1133590608555,156.57235870595377,154.5924915701234,155.8580794314558,155.8580794314558,6531120.0,sample,2026-09-24 19:05:19.245756+00:00
AAPL,2025-01-03 20:30:00+00:00,155.75607660093524,158.5362898064014,154.63203033226873,156.78236902002192,156.78236902002192,1661712.0,sample,2026-09-24 19:05:19.245756+00:00
AAPL,2025-01-03 20:45:00+00:00,156.73821953836975,158.09871958091182,154.15852338835538,155.8765169970097,155.8765169970097,17611060.0,sample,2026-09-24 19:05:19.245756+00:00
AAPL,2025-01-03 21:00:00+00:00,155.62637400199824,156.7151651176323,154.24757471996713,156.16834504780178,156.16834504780178,14520763.0,sample,2026-09-24 19:05:19.245756+00:00
AAPL,2025-01-03 21:15:00+00:00,156.27664330219383,157.01161831551454,154.4568251860314,155.55200685149475,155.55200685149475,16322287.0,sample,2026-09-24 19:05:19.245756+00:00
AAPL,2025-01-03 21:30:00+00:00,155.35857934973444,156.46541665767313,153.3788218218274,154.86182320401002,154.86182320401002,13012812.0,sample,2026-09-24 19:05:19.245756+00:00
AAPL,2025-01-03 21:45:00+00:00,154.9872980883836,156.61346418317908,154.04264207141608,154.94671701313626,154.94671701313626,8894089.0,sample,2026-09-24 19:05:19.245756+00:00
AAPL,2025-01-03 22:00:00+00:00,155.0302482822939,156.55014305455316,153.77172035173885,155.45279548500767,155.45279548500767,8831523.0,sample,2026-09-24 19:05:19.245756+00:00
AAPL,2025-01-03 22:15:00+00:00,155.4402925787323,158.09949007242128,154.72199838016422,156.29050502920438,156.29050502920438,2966542.0,sample,2026-09-24 19:05:19.245756+00:00
AAPL,2025-01-03 22:30:00+00:00,156.3509840184208,157.90862235763743,155.58639824851085,156.0921553985085,156.0921553985085,9987267.0,sample,2026-09-24 19:05:19.245756+00:00
AAPL,2025-01-03 22:45:00+00:00,156.1458881004113,156.9970054767283,155.8111483068737,156.71211597991717,156.71211597991717,5750298.0,sample,2026-09-24 19:05:19.245756+00:00
AAPL,2025-01-03 23:00:00+00:00,156.6373944559734,158.89809215086717,155.09651950691594,157.0691904933683,157.0691904933683,8063784.0,sample,2026-09-24 19:05:19.245756+00:00
AAPL,2025-01-03 23:15:00+00:00,156.60212994403926,158.70612191281674,156.32894434167454,157.07227910443513,157.07227910443513,7903511.0,sample,2026-09-24 19:05:19.245756+00:00
AAPL,2025-01-03 23:30:00+00:00,157.52507714399812,158.1807485751875,156.3161911126055,156.4983027070512,156.4983027070512,11205082.0,sample,2026-09-24 19:05:19.245756+00:00
AAPL,2025-01-03 23:45:00+00:00,157.1399191286984,157.4301873028119,154.95422429837018,156.5320243900604,156.5320243900604,3513657.0,sample,2026-09-24 19:05:19.245756+00:00
AAPL,2025-01-04 00:00:00+00:00,156.59637761082305,159.89903540443345,155.21338407138734,158.72355542592814,158.72355542592814,5911396.0,sample,2026-09-24 19:05:19.245756+00:00
AAPL,2025-01-04 00:15:00+00:00,158.49051104874334,159.02433361369552,157.02353318571028,158.1489433582061,158.1489433582061,15791925.0,sample,2026-09-24 19:05:19.245756+00:00
AAPL,2025-01-04 00:30:00+00:00,158.21076623866014,158.4504109695262,156.3371829728801,158.05029857177922,158.05029857177922,3580508.0,sample,2026-09-24 19:05:19.245756+00:00
AAPL,2025-01-04 00:45:00+00:00,157.64739983140237,158.60845303652567,156.09113661934728,157.50198314568445,157.50198314568445,1664787.0,sample,2026-09-24 19:05:19.245756+00:00
AAPL,2025-01-04 01:00:00+00:00,157.6599999535694,159.760812376672,156.35323186768127,158.36524269070426,158.36524269070426,5985927.0,sample,2026-09-24 19:05:19.245756+00:00
AAPL,2025-01-04 01:15:00+00:00,158.84258104624615,159.74182617453044,157.50873022023873,159.50358887855435,159.50358887855435,4232167.0,sample,2026-09-24 19:05:19.245756+00:00
AAPL,2025-01-04 01:30:00+00:00,159.64882955607766,160.8639699913342,158.72427672688633,160.35552781673712,160.35552781673712,17782724.0,sample,2026-09-24 19:05:19.245756+00:00
AAPL,2025-01-04 01:45:00+00:00,160.5179110496156,163.368298032432,160.08161594009638,161.62081302700483,161.62081302700483,3202665.0,sample,2026-09-24 19:05:19.245756+00:00
AAPL,2025-01-04 02:00:00+00:00,161.03473389710464,163.46917336545468,159.56006808590732,161.57751077754398,161.57751077754398,4590530.0,sample,2026-09-24 19:05:19.245756+00:00
AAPL,2025-01-04 02:15:00+00:00,161.47927113661683,163.11339582790922,160.4411927918024,162.6557278265878,162.6557278265878,14851239.0,sample,2026-09-24 19:05:19.245756+00:00
AAPL,2025-01-04 02:30:00+00:00,162.2686963255328,162.87873044687217,160.96812272247487,162.13153208257444,162.13153208257444,2378726.0,sample,2026-09-24 19:05:19.245756+00:00
AAPL,2025-01-04 02:45:00+00:00,162.6435125547396,163.54626109619213,161.4088509623462,163.13484985801173,163.13484985801173,3828087.0,sample,2026-09-24 19:05:19.245756+00:00
AAPL,2025-01-04 03:00:00+00:00,163.11235391205014,164.7842347707345,161.8580495407479,164.1021584032637,164.1021584032637,8109427.0,sample,2026-09-24 19:05:19.245756+00:00
AAPL,2025-01-04 03:15:00+00:00,164.01525555169582,164.82728595917393,162.3076229174906,163.70143567086492,163.70143567086492,13964805.0,sample,2026-09-24 19:05:19.245756+00:00
AAPL,2025-01-04 03:30:00+00:00,163.87645342025533,165.90763267181632,162.93382720406873,164.31736078208766,164.31736078208766,15575170.0,sample,2026-09-24 19:05:19.245756+00:00
AAPL,2025-01-04 03:45:00+00:00,164.65444909219036,165.80902005181682,163.1580699587954,163.62027396045283,163.62027396045283,15645747.0,sample,2026-09-24 19:05:19.245756+00:00
AAPL,2025-01-04 04:00:00+00:00,163.82779600701156,165.40005613141528,162.45271742910808,162.717036715829,162.717036715829,6576346.0,sample,2026-09-24 19:05:19.245756+00:00
AAPL,2025-01-04 04:15:00+00:00,162.50942532277242,162.99841315789354,160.1730240023301,161.82442795311388,161.82442795311388,4957455.0,sample,2026-09-24 19:05:19.245756+00:00
AAPL,2025-01-04 04:30:00+00:00,161.95106264267375,163.8468643676888,160.33861093921556,161.11929942888912,161.11929942888912,12609899.0,sample,2026-09-24 19:05:19.245756+00:00
AAPL,2025-01-04 04:45:00+00:00,161.3008813068522,162.47465982347956,158.53761559025045,160.3929006488551,160.3929006488551,12596987.0,sample,2026-09-24 19:05:19.245756+00:00
AAPL,2025-01-04 05:00:00+00:00,160.32140648515752,160.55060114426158,159.4280733095304,160.32191624469286,160.32191624469286,11328533.0,sample,2026-09-24 19:05:19.245756+00:00
AAPL,2025-01-04 05:15:00+00:00,160.55564380791077,161.91902612750692,159.07450203038943,161.43300455003265,161.43300455003265,17440751.0,sample,2026-09-24 19:05:19.245756+00:00
AAPL,2025-01-04 05:30:00+00:00,161.2333302498848,161.68143933552275,160.56219952828357,161.26830812767045,161.26830812767045,14556607.0,sample,2026-09-24 19:05:19.245756+00:00
AAPL,2025-01-04 05:45:00+00:00,161.4629429669498,162.25131890833316,159.6567794006976,160.7235453967053,160.7235453967053,15439289.0,sample,2026-09-24 19:05:19.245756+00:00
AAPL,2025-01-04 06:00:00+00:00,161.0909843213624,161.77411499899583,160.82244752771132,161.15611348927746,161.15611348927746,10979755.0,sample,2026-09-24 19:05:19.245756+00:00
AAPL,2025-01-04 06:15:00+00:00,161.3161425886409,161.52549681809663,159.25528192361364,160.99463686032067,160.99463686032067,5954133.0,sample,2026-09-24 19:05:19.245756+00:00
AAPL,2025-01-04 06:30:00+00:00,160.7573188254099,161.36791169464553,160.1291371490751,161.04969645016115,161.04969645016115,7389231.0,sample,2026-09-24 19:05:19.245756+00:00
AAPL,2025-01-04 06:45:00+00:00,161.22447736631244,162.50188867335686,159.8196427225902,161.2995358343119,161.2995358343119,16737445.0,sample,2026-09-24 19:05:19.245756+00:00
AAPL,2025-01-04 07:00:00+00:00,161.59244425048985,161.93713948162497,160.1753025812407,161.57574275947522,161.57574275947522,3481060.0,sample,2026-09-24 19:05:19.245756+00:00
AAPL,2025-01-04 07:15:00+00:00,161.82786412292774,162.4310018092522,159.52786783322605,161.1311410953025,161.1311410953025,5215655.0,sample,2026-09-24 19:05:19.245756+00:00
AAPL,2025-01-04 07:30:00+00:00,160.8862948372825,162.30524729630648,159.90882685683758,160.96861703537974,160.96861703537974,8703587.0,sample,2026-09-24 19:05:19.245756+00:00
AAPL,2025-01-04 07:45:00+00:00,160.99505620129545,161.84145777308166,159.19970498562532,161.56254670347357,161.56254670347357,14004353.0,sample,2026-09-24 19:05:19.245756+00:00
AAPL,2025-01-04 08:00:00+00:00,161.62466275703466,163.39301187112542,159.88770292029315,161.31627168021242,161.31627168021242,17148263.0,sample,2026-09-24 19:05:19.245756+00:00
AAPL,2025-01-04 08:15:00+00:00,162.28936686746422,164.2213844687483,160.5290687891054,161.15677892118384,161.15677892118384,8627784.0,sample,2026-09-24 19:05:19.245756+00:00
AAPL,2025-01-04 08:30:00+00:00,161.412073462722,162.53834282723034,160.85807990645128,161.34842721991342,161.34842721991342,4101362.0,sample,2026-09-24 19:05:19.245756+00:00
AAPL,2025-01-04 08:45:00+00:00,161.32458619122215,163.25076389282512,160.40821902475315,161.61443317239267,161.61443317239267,4396331.0,sample,2026-09-24 19:05:19.245756+00:00
AAPL,2025-01-04 09:00:00+00:00,162.01929329444306,163.53033372242882,160.71752063840006,161.4055106173409,161.4055106173409,3369424.0,sample,2026-09-24 19:05:19.245756+00:00
AAPL,2025-01-04 09:15:00+00:00,161.38752761642095,162.14436777505924,159.54328162356845,161.76246784056616,161.76246784056616,3664190.0,sample,2026-09-24 19:05:19.245756+00:00
AAPL,2025-01-04 09:30:00+00:00,161.81141962097252,163.04461601424484,160.81026272391412,161.75320262857085,161.75320262857085,15003711.0,sample,2026-09-24 19:05:19.245756+00:00
AAPL,2025-01-04 09:45:00+00:00,162.30094328614254,163.68733988566382,159.79091420295654,160.9049739939014,160.9049739939014,4448990.0,sample,2026-09-24 19:05:19.245756+00:00
AAPL,2025-01-04 10:00:00+00:00,161.3492737798041,162.48948381294852,159.88141525271593,161.3168391275987,161.3168391275987,5500910.0,sample,2026-09-24 19:05:19.245756+00:00
AAPL,2025-01-04 10:15:00+00:00,161.46817970750692,162.50672375038695,160.52840666816294,160.75325391677626,160.75325391677626,13737227.0,sample,2026-09-24 19:05:19.245756+00:00
AAPL,2025-01-04 10:30:00+00:00,160.5791266796175,163.06131670997175,160.06439405640364,162.7272847444708,162.7272847444708,11164605.0,sample,2026-09-24 19:05:19.245756+00:00
AAPL,2025-01-04 10:45:00+00:00,161.86112014176445,163.39954452580557,160.9355058817292,162.9118012661742,162.9118012661742,8032408.0,sample,2026-09-24 19:05:19.245756+00:00
AAPL,2025-01-04 11:00:00+00:00,163.00215483886996,164.66200768342787,161.58444458688084,162.72562419375512,162.72562419375512,10316695.0,sample,2026-09-24 19:05:19.245756+00:00
AAPL,2025-01-04 11:15:00+00:00,162.48588902699416,164.39103797565244,160.82927550238787,163.27652438401086,163.27652438401086,11753247.0,sample,2026-09-24 19:05:19.245756+00:00
AAPL,2025-01-04 11:30:00+00:00,163.66088501775815,165.05295905487253,163.0193748256966,164.23203540132607,164.23203540132607,4858743.0,sample,2026-09-24 19:05:19.245756+00:00
AAPL,2025-01-04 11:45:00+00:00,164.64135954369985,165.92584415575462,163.74396486561014,165.22682649557623,165.22682649557623,8741773.0,sample,2026-09-24 19:05:19.245756+00:00
AAPL,2025-01-04 12:00:00+00:00,164.87960459076803,166.59056896896212,164.5287178195087,165.42635423341318,165.42635423341318,4272592.0,sample,2026-09-24 19:05:19.245756+00:00
AAPL,2025-01-04 12:15:00+00:00,165.0664558474244,167.64077607242118,164.86082138251484,166.1350036846538,166.1350036846538,9363375.0,sample,2026-09-24 19:05:19.245756+00:00
AAPL,2025-01-04 12:30:00+00:00,166.0477532727748,166.887394450914,165.87422477829864,166.60335691825537,166.60335691825537,14763279.0,sample,2026-09-24 19:05:19.245756+00:00
AAPL,2025-01-04 12:45:00+00:00,166.68368773126545,168.26022523946435,166.3863400564485,166.66423200252734,166.66423200252734,5330114.0,sample,2026-09-24 19:05:19.245756+00:00
AAPL,2025-01-04 13:00:00+00:00,167.00519275028878,168.45749154661223,165.4927763491669,165.66100237066874,165.66100237066874,5415053.0,sample,2026-09-24 19:05:19.245756+00:00
AAPL,2025-01-04 13:15:00+00:00,165.28844980191033,166.01190278301414,165.0868406075967,165.67760175242395,165.67760175242395,17807374.0,sample,2026-09-24 19:05:19.245756+00:00
AAPL,2025-01-04 13:30:00+00:00,165.04508341761422,166.21384700640107,162.10056561201526,163.98644812871197,163.98644812871197,10279107.0,sample,2026-09-24 19:05:19.245756+00:00
AAPL,2025-01-04 13:45:00+00:00,163.91559730062713,164.30757161453363,161.7874563679154,163.40821043582258,163.40821043582258,1544662.0,sample,2026-09-24 19:05:19.245756+00:00
AAPL,2025-01-04 14:00:00+00:00,163.2691351269016,165.64237001733494,163.03367184407884,164.30211984641798,164.30211984641798,7107268.0,sample,2026-09-24 19:05:19.245756+00:00
AAPL,2025-01-04 14:15:00+00:00,164.27925722824375,165.91021172075082,163.93563106607107,164.42148832926586,164.42148832926586,8406411.0,sample,2026-09-24 19:05:19.245756+00:00
AAPL,2025-01-04 14:30:00+00:00,164.8824821098797,165.26987890399553,163.0302633891801,164.39504643462294,164.39504643462294,2842708.0,sample,2026-09-24 19:05:19.245756+00:00
AAPL,2025-01-04 14:45:00+00:00,164.2419048470215,165.51948249528516,162.24443705202796,163.82411544453035,163.82411544453035,8017840.0,sample,2026-09-24 19:05:19.245756+00:00
AAPL,2025-01-04 15:00:00+00:00,164.15356197077193,164.63966750496206,161.39735696179585,163.26701043593684,163.26701043593684,17433502.0,sample,2026-09-24 19:05:19.245756+00:00
AAPL,2025-01-04 15:15:00+00:00,163.20674625020894,164.5801377238968,161.853566284563,162.82217140365879,162.82217140365879,12144841.0,sample,2026-09-24 19:05:19.245756+00:00
AAPL,2025-01-04 15:30:00+00:00,162.9809853423591,164.88091392040744,161.4442655244418,161.92041201872013,161.92041201872013,8190220.0,sample,2026-09-24 19:05:19.245756+00:00
AAPL,2025-01-04 15:45:00+00:00,162.19665037306422,162.70710596028633,159.80151244931204,160.45766754793053,160.45766754793053,7235875.0,sample,2026-09-24 19:05:19.245756+00:00
AAPL,2025-01-04 16:00:00+00:00,160.4322975422177,162.0730495217321,159.64223259812988,161.1215089017293,161.1215089017293,12069166.0,sample,2026-09-24 19:05:19.245756+00:00
AAPL,2025-01-04 16:15:00+00:00,160.630812969191,163.24772563444736,159.89098026753723,162.19127610597965,162.19127610597965,10070069.0,sample,2026-09-24 19:05:19.245756+00:00
AAPL,2025-01-04 16:30:00+00:00,161.88118047500097,162.40607458083517,160.907514325225,161.77855572407705,161.77855572407705,9375214.0,sample,2026-09-24 19:05:19.245756+00:00
AAPL,2025-01-04 16:45:00+00:00,161.72305849290078,164.03012805424964,161.17351595118168,162.2759061712695,162.2759061712695,15902000.0,sample,2026-09-24 19:05:19.245756+00:00
AAPL,2025-01-04 17:00:00+00:00,161.79966119105015,162.12423122296195,160.4658597424859,161.47808561394206,161.47808561394206,17005414.0,sample,2026-09-24 19:05:19.245756+00:00
AAPL,2025-01-04 17:15:00+00:00,161.05324248541723,161.8902617588572,160.6026540471493,161.70422978968878,161.70422978968878,9672916.0,sample,2026-09-24 19:05:19.245756+00:00
AAPL,2025-01-04 17:30:00+00:00,161.53380638099142,163.2470565351567,159.08603465060997,160.81019730203218,160.81019730203218,1847842.0,sample,2026-09-24 19:05:19.245756+00:00
AAPL,2025-01-04 17:45:00+00:00,160.49001391393287,162.47916063750608,160.17710540495014,161.39594004924416,161.39594004924416,7400523.0,sample,2026-09-24 19:05:19.245756+00:00
AAPL,2025-01-04 18:00:00+00:00,161.61720989445905,161.88026098995974,159.64623962613422,161.42943932331667,161.42943932331667,2131207.0,sample,2026-09-24 19:05:19.245756+00:00
AAPL,2025-01-04 18:15:00+00:00,161.64144713194952,162.22152311925245,160.04596015213664,160.60708702297885,160.60708702297885,8734819.0,sample,2026-09-24 19:05:19.245756+00:00
AAPL,2025-01-04 18:30:00+00:00,159.80957938333376,161.1857111409679,158.74456920069383,160.95880027983762,160.95880027983762,2111961.0,sample,2026-09-24 19:05:19.245756+00:00
AAPL,2025-01-04 18:45:00+00:00,161.13142654106662,163.1599457401987,160.33736486879607,162.02401385862942,162.02401385862942,16563360.0,sample,2026-09-24 19:05:19.245756+00:00
AAPL,2025-01-04 19:00:00+00:00,161.78232446402092,163.32260533638876,161.33359546363457,162.02635837435886,162.02635837435886,15431662.0,sample,2026-09-24 19:05:19.245756+00:00
AAPL,2025-01-04 19:15:00+00:00,161.95248786128897,162.46717275450615,161.58798156093172,161.99838051463362,161.99838051463362,3744880.0,sample,2026-09-24 19:05:19.245756+00:00
AAPL,2025-01-04 19:30:00+00:00,162.42540618683242,163.53126745838173,161.02806751453514,162.0038881145861,162.0038881145861,10239386.0,sample,2026-09-24 19:05:19.245756+00:00
AAPL,2025-01-04 19:45:00+00:00,162.0403333325054,162.52059901445617,161.69349729079178,162.08354450288377,162.08354450288377,14286941.0,sample,2026-09-24 19:05:19.245756+00:00
AAPL,2025-01-04 20:00:00+00:00,161.9922406694555,163.81173811798354,160.85299607595454,162.8944214893344,162.8944214893344,14192122.0,sample,2026-09-24 19:05:19.245756+00:00
AAPL,2025-01-04 20:15:00+00:00,162.6208899452978,164.7547497171247,161.61683493086252,163.73631711556158,163.73631711556158,6434495.0,sample,2026-09-24 19:05:19.245756+00:00
AAPL,2025-01-04 20:30:00+00:00,163.77795312001845,165.60202510303347,161.11525038459882,162.35873856416632,162.35873856416632,2054499.0,sample,2026-09-24 19:05:19.245756+00:00
AAPL,2025-01-04 20:45:00+00:00,162.5374703722681,163.53185852895209,161.53604505421137,163.14365818478612,163.14365818478612,11476951.0,sample,2026-09-24 19:05:19.245756+00:00
AAPL,2025-01-04 21:00:00+00:00,163.40870802432886,163.9059867409116,162.3469857806821,163.00902248280826,163.00902248280826,13388165.0,sample,2026-09-24 19:05:19.245756+00:00
AAPL,2025-01-04 21:15:00+00:00,162.86050003630038,164.35825790472745,161.89711031163853,164.0978430274977,164.0978430274977,15858121.0,sample,2026-09-24 19:05:19.245756+00:00
AAPL,2025-01-04 21:30:00+00:00,164.72758533507042,165.3197942875134,162.5114584677139,164.3985987024059,164.3985987024059,14148866.0,sample,2026-09-24 19:05:19.245756+00:00
AAPL,2025-01-04 21:45:00+00:00,164.37720947251557,166.5685766800403,163.36366309077695,165.03117420812904,165.03117420812904,7097248.0,sample,2026-09-24 19:05:19.245756+00:00
AAPL,2025-01-04 22:00:00+00:00,165.62181073927104,166.45714853031396,163.00883052637113,164.689892887109,164.689892887109,9234613.0,sample,2026-09-24 19:05:19.245756+00:00
AAPL,2025-01-04 22:15:00+00:00,164.73608166783688,165.47708712835552,162.24723211902844,163.80749039636885,163.80749039636885,16782360.0,sample,2026-09-24 19:05:19.245756+00:00
AAPL,2025-01-04 22:30:00+00:00,164.36216457106045,165.77432028475877,163.1233305865236,163.96288258180613,163.96288258180613,6159664.0,sample,2026-09-24 19:05:19.245756+00:00
AAPL,2025-01-04 22:45:00+00:00,164.50197491392117,166.03404570751647,163.29601224583328,164.59482160623566,164.59482160623566,3662878.0,sample,2026-09-24 19:05:19.245756+00:00
AAPL,2025-01-04 23:00:00+00:00,164.3606166255392,166.67555574699233,163.86238502805045,165.07831195676513,165.07831195676513,9046471.0,sample,2026-09-24 19:05:19.245756+00:00
AAPL,2025-01-04 23:15:00+00:00,165.05126677850046,166.70336666284908,163.3865913171793,165.59415778838203,165.59415778838203,15880521.0,sample,2026-09-24 19:05:19.245756+00:00
AAPL,2025-01-04 23:30:00+00:00,165.5620002694922,167.48594649902313,164.43012764308023,165.7416029516727,165.7416029516727,14119618.0,sample,2026-09-24 19:05:19.245756+00:00
AAPL,2025-01-04 23:45:00+00:00,166.00237946532908,167.4650261077394,164.30852637717035,166.21677671255432,166.21677671255432,17983412.0,sample,2026-09-24 19:05:19.245756+00:00
AAPL,2025-01-05 00:00:00+00:00,165.95938021638378,167.35062804434048,163.82791482766712,165.66573331235358,165.66573331235358,4195270.0,sample,2026-09-24 19:05:19.245756+00:00
AAPL,2025-01-05 00:15:00+00:00,165.32071267795988,167.5336798405724,164.47824271960468,165.5676752667029,165.5676752667029,3378030.0,sample,2026-09-24 19:05:19.245756+00:00
AAPL,2025-01-05 00:30:00+00:00,166.5695196220544,166.77682907665087,162.77066633307317,164.53562673522612,164.53562673522612,7565977.0,sample,2026-09-24 19:05:19.245756+00:00
AAPL,2025-01-05 00:45:00+00:00,164.80464175141077,166.15779670612002,164.08462963410864,164.4966847588054,164.4966847588054,16316665.0,sample,2026-09-24 19:05:19.245756+00:00
AAPL,2025-01-05 01:00:00+00:00,164.90728829815606,166.042308600874,162.86258948418748,164.2890118450959,164.2890118450959,1986070.0,sample,2026-09-24 19:05:19.245756+00:00
AAPL,2025-01-05 01:15:00+00:00,164.39032678699328,164.83523537833258,162.89554368633765,164.3206450285045,164.3206450285045,17924607.0,sample,2026-09-24 19:05:19.245756+00:00
AAPL,2025-01-05 01:30:00+00:00,164.4710386407077,165.42051062590014,164.21977184476796,165.00496549783375,165.00496549783375,11436348.0,sample,2026-09-24 19:05:19.245756+00:00
AAPL,2025-01-05 01:45:00+00:00,165.29024296617865,165.97583010889923,163.91923561953502,165.04322504037688,165.04322504037688,17462927.0,sample,2026-09-24 19:05:19.245756+00:00
AAPL,2025-01-05 02:00:00+00:00,165.1817930715282,167.1626482178961,161.6728898318731,163.13085480769755,163.13085480769755,3870146.0,sample,2026-09-24 19:05:19.245756+00:00
AAPL,2025-01-05 02:15:00+00:00,163.1025522442392,164.73213801535442,161.45963414200276,164.0254688963497,164.0254688963497,17870996.0,sample,2026-09-24 19:05:19.245756+00:00
AAPL,2025-01-05 02:30:00+00:00,163.97248543239843,165.17000866897857,163.3686673107778,164.12248470745882,164.12248470745882,9747821.0,sample,2026-09-24 19:05:19.245756+00:00
AAPL,2025-01-05 02:45:00+00:00,164.61762778297265,166.34873415172197,163.17343072599434,164.63040068117772,164.63040068117772,16197427.0,sample,2026-09-24 19:05:19.245756+00:00
AAPL,2025-01-05 03:00:00+00:00,164.4483993648331,164.79942436434558,162.95297332394284,164.10538906791328,164.10538906791328,14891600.0,sample,2026-09-24 19:05:19.245756+00:00
AAPL,2025-01-05 03:15:00+00:00,164.36163426786686,164.8236424096762,164.0817358120881,164.6465748188127,164.6465748188127,10082327.0,sample,2026-09-24 19:05:19.245756+00:00
AAPL,2025-01-05 03:30:00+00:00,164.71689794412939,165.98333195604712,163.39578910719732,165.6575847144672,165.6575847144672,7269080.0,sample,2026-09-24 19:05:19.245756+00:00
AAPL,2025-01-05 03:45:00+00:00,165.6234283143903,166.8479240474643,162.86742973846896,164.58410312539488,164.58410312539488,6600986.0,sample,2026-09-24 19:05:19.245756+00:00
AAPL,2025-01-05 04:00:00+00:00,164.896101756681,166.57620154864478,163.5554472683998,165.39308516415286,165.39308516415286,6489237.0,sample,2026-09-24 19:05:19.245756+00:00
AAPL,2025-01-05 04:15:00+00:00,165.2908335753321,166.74755428062315,164.16146048002688,164.77080809726758,164.77080809726758,1703652.0,sample,2026-09-24 19:05:19.245756+00:00
AAPL,2025-01-05 04:30:00+00:00,164.12073692028378,165.01110814303797,163.74609757237567,164.25961043109692,164.25961043109692,12658764.0,sample,2026-09-24 19:05:19.245756+00:00
AAPL,2025-01-05 04:45:00+00:00,164.57422967990286,166.42393828788025,162.72459122864808,164.2569346432101,164.2569346432101,11938119.0,sample,2026-09-24 19:05:19.245756+00:00
AAPL,2025-01-05 05:00:00+00:00,164.34474576480537,166.96193140963643,163.77771635311015,165.6324001248151,165.6324001248151,8091492.0,sample,2026-09-24 19:05:19.245756+00:00
AAPL,2025-01-05 05:15:00+00:00,165.78575468054382,167.0478215545912,162.79625661997972,164.4329267214826,164.4329267214826,16714306.0,sample,2026-09-24 19:05:19.245756+00:00
AAPL,2025-01-05 05:30:00+00:00,164.8226750328677,165.56774020512376,162.74898326759018,164.00865151677283,164.00865151677283,6899782.0,sample,2026-09-24 19:05:19.245756+00:00
AAPL,2025-01-05 05:45:00+00:00,164.00435459143637,165.28094575720695,162.15801296163787,164.0323118457657,164.0323118457657,6420792.0,sample,2026-09-24 19:05:19.245756+00:00
AAPL,2025-01-05 06:00:00+00:00,164.47534310975095,165.3359034784263,163.67788868927136,164.4575396178862,164.4575396178862,10970735.0,sample,2026-09-24 19:05:19.245756+00:00
AAPL,2025-01-05 06:15:00+00:00,164.39792466918564,165.0633533637418,164.20447951183309,164.37887651262278,164.37887651262278,9167759.0,sample,2026-09-24 19:05:19.245756+00:00
AAPL,2025-01-05 06:30:00+00:00,165.11515866141886,166.90289794138326,164.04588934171528,164.65838182557908,164.65838182557908,10513129.0,sample,2026-09-24 19:05:19.245756+00:00
AAPL,2025-01-05 06:45:00+00:00,164.28400133706918,166.20380708783824,162.4565580480107,163.97252828641726,163.97252828641726,7739093.0,sample,2026-09-24 19:05:19.245756+00:00
AAPL,2025-01-05 07:00:00+00:00,163.97747894364684,165.7938505719205,162.90283259611394,164.47776060354548,164.47776060354548,7892387.0,sample,2026-09-24 19:05:19.245756+00:00
AAPL,2025-01-05 07:15:00+00:00,164.39071581624748,165.42911394239331,163.7424398764166,165.17114781386485,165.17114781386485,12227776.0,sample,2026-09-24 19:05:19.245756+00:00
AAPL,2025-01-05 07:30:00+00:00,164.76238514423713,165.36970092457918,162.58856893597235,164.4388441230165,164.4388441230165,10150618.0,sample,2026-09-24 19:05:19.245756+00:00
AAPL,2025-01-05 07:45:00+00:00,164.11360699957012,164.51960684128164,163.70683602401107,163.9163156037779,163.9163156037779,14059672.0,sample,2026-09-24 19:05:19.245756+00:00
AAPL,2025-01-05 08:00:00+00:00,163.91012939369483,165.89525365105698,162.3910643210034,164.1742716318516,164.1742716318516,12359340.0,sample,2026-09-24 19:05:19.245756+00:00
AAPL,2025-01-05 08:15:00+00:00,163.59739309181003,165.27435661676324,162.34783603895247,164.3907099819951,164.3907099819951,9012708.0,sample,2026-09-24 19:05:19.245756+00:00
AAPL,2025-01-05 08:30:00+00:00,164.36431567570483,165.28609382800985,163.3515886898627,164.73735932930424,164.73735932930424,8782165.0,sample,2026-09-24 19:05:19.245756+00:00
AAPL,2025-01-05 08:45:00+00:00,164.95810250632167,165.9500057593057,163.4593548316973,163.92867211709807,163.92867211709807,6505613.0,sample,2026-09-24 19:05:19.245756+00:00
AAPL,2025-01-05 09:00:00+00:00,163.53924052142096,164.8443323156727,162.1600827661168,163.66763580155842,163.66763580155842,7654863.0,sample,2026-09-24 19:05:19.245756+00:00
AAPL,2025-01-05 09:15:00+00:00,163.38063244220677,164.05539074831248,162.31484499478552,163.3431298548969,163.3431298548969,13403750.0,sample,2026-09-24 19:05:19.245756+00:00
AAPL,2025-01-05 09:30:00+00:00,162.84026552733602,165.89643311553047,162.1115672564759,164.23464678079827,164.23464678079827,5867235.0,sample,2026-09-24 19:05:19.245756+00:00
AAPL,2025-01-05 09:45:00+00:00,164.04579361550992,165.32265855838375,163.54088420467352,164.17067386290068,164.17067386290068,15948854.0,sample,2026-09-24 19:05:19.245756+00:00
AAPL,2025-01-05 10:00:00+00:00,164.07433320785407,164.57681857690528,163.50528807059325,163.83629862994314,163.83629862994314,13072528.0,sample,2026-09-24 19:05:19.245756+00:00
AAPL,2025-01-05 10:15:00+00:00,163.531772570023,165.4043838440246,161.62596109631332,163.23834364525828,163.23834364525828,11549673.0,sample,2026-09-24 19:05:19.245756+00:00
AAPL,2025-01-05 10:30:00+00:00,162.96414221411223,164.6665802679604,162.65025666252248,163.2374207442182,163.2374207442182,11805355.0,sample,2026-09-24 19:05:19.245756+00:00
AAPL,2025-01-05 10:45:00+00:00,163.24919759857642,165.8180582144459,162.62539744479207,164.02161687092664,164.02161687092664,6083019.0,sample,2026-09-24 19:05:19.245756+00:00
AAPL,2025-01-05 11:00:00+00:00,164.1014256735722,165.01230145144257,162.40246075690456,162.99836640902734,162.99836640902734,7928695.0,sample,2026-09-24 19:05:19.245756+00:00
AAPL,2025-01-05 11:15:00+00:00,162.57267507098013,164.30295931414096,162.09126516271832,163.0728417478904,163.0728417478904,4895345.0,sample,2026-09-24 19:05:19.245756+00:00
AAPL,2025-01-05 11:30:00+00:00,162.86546134742986,164.3649567290567,161.80527830384773,163.40653429556212,163.40653429556212,5439104.0,sample,2026-09-24 19:05:19.245756+00:00
AAPL,2025-01-05 11:45:00+00:00,163.13816207623887,164.91511964944422,162.9444724556833,164.72084029936187,164.72084029936187,5112857.0,sample,2026-09-24 19:05:19.245756+00:00
AAPL,2025-01-05 12:00:00+00:00,164.15605585562798,165.95079639469782,162.69855442781176,165.17224213865424,165.17224213865424,9801051.0,sample,2026-09-24 19:05:19.245756+00:00
AAPL,2025-01-05 12:15:00+00:00,165.11380415914724,166.9130371041566,163.3926326207254,166.07490894174936,166.07490894174936,7857964.0,sample,2026-09-24 19:05:19.245756+00:00
AAPL,2025-01-05 12:30:00+00:00,166.17280639638014,167.17784503216856,164.88291765562755,166.10374791103206,166.10374791103206,15446883.0,sample,2026-09-24 19:05:19.245756+00:00
AAPL,2025-01-05 12:45:00+00:00,166.1427258841171,167.31932558871677,164.85185640650423,165.17468092203217,165.17468092203217,15185193.0,sample,2026-09-24 19:05:19.245756+00:00
AAPL,2025-01-05 13:00:00+00:00,164.85106756706423,166.67473194746583,162.60310004635397,164.22907521849345,164.22907521849345,5445395.0,sample,2026-09-24 19:05:19.245756+00:00
AAPL,2025-01-05 13:15:00+00:00,164.54530191579786,166.06642782222391,162.74715264665178,163.7523613223825,163.7523613223825,2075892.0,sample,2026-09-24 19:05:19.245756+00:00
AAPL,2025-01-05 13:30:00+00:00,163.98332887693084,165.71946172400897,161.93963181867238,163.840448169169,163.840448169169,7129506.0,sample,2026-09-24 19:05:19.245756+00:00
AAPL,2025-01-05 13:45:00+00:00,163.57756040349628,164.41574566946792,163.12477869448173,163.6491119773032,163.6491119773032,7266972.0,sample,2026-09-24 19:05:19.245756+00:00
AAPL,2025-01-05 14:00:00+00:00,163.50570376016856,164.63445506155972,163.0033509507348,163.33948329333012,163.33948329333012,7225693.0,sample,2026-09-24 19:05:19.245756+00:00
AAPL,2025-01-05 14:15:00+00:00,163.58580812355666,165.57045181217848,162.08895091404545,164.53415149530676,164.53415149530676,13807917.0,sample,2026-09-24 19:05:19.245756+00:00
AAPL,2025-01-05 14:30:00+00:00,164.3389712339163,165.3674431831822,161.43139605126547,162.9507097413672,162.9507097413672,14296985.0,sample,2026-09-24 19:05:19.245756+00:00
AAPL,2025-01-05 14:45:00+00:00,163.28190424784626,164.58404507367962,160.5311333020485,162.26061672397324,162.26061672397324,5425394.0,sample,2026-09-24 19:05:19.245756+00:00
AAPL,2025-01-05 15:00:00+00:00,162.71475610460212,164.55923184766755,161.87445554603346,163.8325800641074,163.8325800641074,16610641.0,sample,2026-09-24 19:05:19.245756+00:00
AAPL,2025-01-05 15:15:00+00:00,163.7794885448607,164.565950958527,163.52563360662515,164.03452993287812,164.03452993287812,12482300.0,sample,2026-09-24 19:05:19.245756+00:00
AAPL,2025-01-05 15:30:00+00:00,164.02269034869792,164.44980036081174,162.34684851811264,163.5890083096185,163.5890083096185,15023586.0,sample,2026-09-24 19:05:19.245756+00:00
AAPL,2025-01-05 15:45:00+00:00,163.5722569166929,163.79824655599845,161.60737524701273,162.84726108490716,162.84726108490716,2681108.0,sample,2026-09-24 19:05:19.245756+00:00
AAPL,2025-01-05 16:00:00+00:00,163.2413853548893,164.60775894744046,162.07938646987637,163.3750559581044,163.3750559581044,14357456.0,sample,2026-09-24 19:05:19.245756+00:00
AAPL,2025-01-05 16:15:00+00:00,163.62594409824382,165.01315297161182,161.7607293000334,163.83438891541314,163.83438891541314,2313400.0,sample,2026-09-24 19:05:19.245756+00:00
AAPL,2025-01-05 16:30:00+00:00,163.48085471560603,165.67994312612475,162.23164967179596,164.36895288209354,164.36895288209354,8498546.0,sample,2026-09-24 19:05:19.245756+00:00
AAPL,2025-01-05 16:45:00+00:00,163.90402117515077,165.18238015674854,162.84486771188432,163.50917713392846,163.50917713392846,6376632.0,sample,2026-09-24 19:05:19.245756+00:00
AAPL,2025-01-05 17:00:00+00:00,163.28084690702616,165.01542746229367,161.78738274902827,163.59578932277407,163.59578932277407,12958904.0,sample,2026-09-24 19:05:19.245756+00:00
AAPL,2025-01-05 17:15:00+00:00,163.46148947101292,164.73785581967178,162.36887553131055,163.4478809103209,163.4478809103209,14007225.0,sample,2026-09-24 19:05:19.245756+00:00
AAPL,2025-01-05 17:30:00+00:00,163.09680842972045,164.2347566230826,162.93152447388914,163.73786073459593,163.73786073459593,4736190.0,sample,2026-09-24 19:05:19.245756+00:00
AAPL,2025-01-05 17:45:00+00:00,163.9942049689809,164.3774689331636,160.85292448016864,162.67065760717097,162.67065760717097,14288156.0,sample,2026-09-24 19:05:19.245756+00:00
AAPL,2025-01-05 18:00:00+00:00,162.6718036680303,164.36782685085697,161.62702714342214,163.05896766729663,163.05896766729663,14560422.0,sample,2026-09-24 19:05:19.245756+00:00
AAPL,2025-01-05 18:15:00+00:00,163.32510424905217,165.28036793419204,161.86646300917758,164.07007975290279,164.07007975290279,6595588.0,sample,2026-09-24 19:05:19.245756+00:00
AAPL,2025-01-05 18:30:00+00:00,164.36849504370142,165.77299430220845,161.95472951184706,163.1629441932216,163.1629441932216,9136696.0,sample,2026-09-24 19:05:19.245756+00:00
AAPL,2025-01-05 18:45:00+00:00,162.8499526766177,164.35082464155303,162.09075034566243,163.73837141320237,163.73837141320237,11593024.0,sample,2026-09-24 19:05:19.245756+00:00
AAPL,2025-01-05 19:00:00+00:00,164.36893978518972,165.45712964359137,163.31870679171288,164.84745657297194,164.84745657297194,8932317.0,sample,2026-09-24 19:05:19.245756+00:00
AAPL,2025-01-05 19:15:00+00:00,165.34773688976878,167.14377321998032,164.55927605240421,165.43782694106432,165.43782694106432,14256536.0,sample,2026-09-24 19:05:19.245756+00:00
AAPL,2025-01-05 19:30:00+00:00,165.3487933176683,165.68336387316856,164.29180802041802,165.40572648937146,165.40572648937146,15322567.0,sample,2026-09-24 19:05:19.245756+00:00
AAPL,2025-01-05 19:45:00+00:00,165.10339572504031,166.57416574855546,164.6401439376913,165.493540812039,165.493540812039,3474999.0,sample,2026-09-24 19:05:19.245756+00:00
AAPL,2025-01-05 20:00:00+00:00,165.20312547474066,166.5938204183403,163.6164538663854,165.1403684626983,165.1403684626983,5729482.0,sample,2026-09-24 19:05:19.245756+00:00
AAPL,2025-01-05 20:15:00+00:00,165.2858121051412,166.32273576742776,164.9284853197922,165.28944303920892,165.28944303920892,12912003.0,sample,2026-09-24 19:05:19.245756+00:00
AAPL,2025-01-05 20:30:00+00:00,165.08973199851167,166.78519844820073,163.06809161593517,164.5979059015268,164.5979059015268,10616222.0,sample,2026-09-24 19:05:19.245756+00:00
AAPL,2025-01-05 20:45:00+00:00,164.67016082689074,166.33876855454318,164.23834296612864,164.63675571743585,164.63675571743585,3428832.0,sample,2026-09-24 19:05:19.245756+00:00
AAPL,2025-01-05 21:00:00+00:00,165.1912829809236,166.0935545738636,163.0492294045307,164.08080769927568,164.08080769927568,17399952.0,sample,2026-09-24 19:05:19.245756+00:00
AAPL,2025-01-05 21:15:00+00:00,164.02982239363476,165.73672959574643,161.2204210090998,163.12398436927998,163.12398436927998,16320796.0,sample,2026-09-24 19:05:19.245756+00:00
AAPL,2025-01-05 21:30:00+00:00,162.98633744734866,165.00282534118813,161.34862071291985,164.12037879813312,164.12037879813312,10093654.0,sample,2026-09-24 19:05:19.245756+00:00
AAPL,2025-01-05 21:45:00+00:00,164.23329329380374,165.61654552735877,161.8855770365077,162.8977866329228,162.8977866329228,6028451.0,sample,2026-09-24 19:05:19.245756+00:00
AAPL,2025-01-05 22:00:00+00:00,162.97085083940698,165.50950043597865,161.70274601183112,164.0836701323997,164.0836701323997,15038299.0,sample,2026-09-24 19:05:19.245756+00:00
AAPL,2025-01-05 22:15:00+00:00,163.72666906860135,164.74550763886074,161.87097122236696,162.6475178961332,162.6475178961332,6130775.0,sample,2026-09-24 19:05:19.245756+00:00
AAPL,2025-01-05 22:30:00+00:00,162.05037957693625,164.6935734726812,160.26789277104257,163.27004361395464,163.27004361395464,2100227.0,sample,2026-09-24 19:05:19.245756+00:00
AAPL,2025-01-05 22:45:00+00:00,163.17784699867235,165.1403240609487,161.68415891155774,163.3996181866629,163.3996181866629,15644958.0,sample,2026-09-24 19:05:19.245756+00:00
AAPL,2025-01-05 23:00:00+00:00,163.23345116545897,164.67294933152402,161.64917656164545,162.3382506684754,162.3382506684754,15720858.0,sample,2026-09-24 19:05:19.245756+00:00
AAPL,2025-01-05 23:15:00+00:00,162.14688368740747,164.0667105659897,161.83158527385817,162.01035316152587,162.01035316152587,10480059.0,sample,2026-09-24 19:05:19.245756+00:00
AAPL,2025-01-05 23:30:00+00:00,161.99055006744737,162.3359774271932,160.95559590793735,161.348142179623,161.348142179623,8845839.0,sample,2026-09-24 19:05:19.245756+00:00
AAPL,2025-01-05 23:45:00+00:00,161.4653830768218,162.98301043715585,160.0273464926479,160.7321509392289,160.7321509392289,15250630.0,sample,2026-09-24 19:05:19.245756+00:00
AAPL,2025-01-06 00:00:00+00:00,160.4329460143286,162.85684024880032,159.41357207759805,161.31273343818535,161.31273343818535,5133575.0,sample,2026-09-24 19:05:19.245756+00:00
AAPL,2025-01-06 00:15:00+00:00,161.5180811361909,162.63170649801356,159.07375426634238,160.55140896907253,160.55140896907253,2831283.0,sample,2026-09-24 19:05:19.245756+00:00
AAPL,2025-01-06 00:30:00+00:00,160.25432029898062,160.93121679196412,158.2821509102604,159.31010705957848,159.31010705957848,14721238.0,sample,2026-09-24 19:05:19.245756+00:00
AAPL,2025-01-06 00:45:00+00:00,159.2293417587775,161.532210505675,157.83442412206878,160.0373885052152,160.0373885052152,14421397.0,sample,2026-09-24 19:05:19.245756+00:00
AAPL,2025-01-06 01:00:00+00:00,160.0760657667256,161.19499225254364,158.98886053696032,160.29614944510467,160.29614944510467,6835665.0,sample,2026-09-24 19:05:19.245756+00:00
AAPL,2025-01-06 01:15:00+00:00,160.50506142386544,160.90389621734255,158.58565855645818,160.30337534704387,160.30337534704387,6392248.0,sample,2026-09-24 19:05:19.245756+00:00
AAPL,2025-01-06 01:30:00+00:00,160.6727664217233,161.14700033195686,158.5587982302866,160.1251602879211,160.1251602879211,3997029.0,sample,2026-09-24 19:05:19.245756+00:00
AAPL,2025-01-06 01:45:00+00:00,160.23938616336247,161.41173326182482,159.59821653555005,160.58362791409348,160.58362791409348,3824557.0,sample,2026-09-24 19:05:19.245756+00:00
AAPL,2025-01-06 02:00:00+00:00,160.5433663338579,161.2008475971754,158.80537258284647,160.83189398375177,160.83189398375177,6382952.0,sample,2026-09-24 19:05:19.245756+00:00
AAPL,2025-01-06 02:15:00+00:00,160.94105239924718,162.81712159735005,160.20151983836772,160.76341448117026,160.76341448117026,15587250.0,sample,2026-09-24 19:05:19.245756+00:00
AAPL,2025-01-06 02:30:00+00:00,160.86675472212704,161.90066219542905,159.40736472032455,160.38497007067326,160.38497007067326,11684490.0,sample,2026-09-24 19:05:19.245756+00:00
AAPL,2025-01-06 02:45:00+00:00,160.15866474674974,162.97358368856925,159.14047441521228,161.09383983822013,161.09383983822013,5376524.0,sample,2026-09-24 19:05:19.245756+00:00
AAPL,2025-01-06 03:00:00+00:00,161.07465973262342,163.50595596480514,160.21850337562933,162.05372049724096,162.05372049724096,4492720.0,sample,2026-09-24 19:05:19.245756+00:00
AAPL,2025-01-06 03:15:00+00:00,161.93301535695804,163.7613321708197,161.06532788783431,162.3700185909033,162.3700185909033,16159967.0,sample,2026-09-24 19:05:19.245756+00:00
AAPL,2025-01-06 03:30:00+00:00,162.44014521433783,165.40977592360062,161.21831579083198,164.36195661964985,164.36195661964985,11041311.0,sample,2026-09-24 19:05:19.245756+00:00
AAPL,2025-01-06 03:45:00+00:00,163.79872593340932,166.45494651693082,162.76864264344871,164.52095022306517,164.52095022306517,12963338.0,sample,2026-09-24 19:05:19.245756+00:00
AAPL,2025-01-06 04:00:00+00:00,164.0380493915147,164.93222424993198,163.08788090874785,164.65310567730782,164.65310567730782,15223735.0,sample,2026-09-24 19:05:19.245756+00:00
AAPL,2025-01-06 04:15:00+00:00,163.91518551400145,166.63510210537396,162.87860269841246,165.67987750883202,165.67987750883202,10257898.0,sample,2026-09-24 19:05:19.245756+00:00
AAPL,2025-01-06 04:30:00+00:00,165.9192712756771,167.19347007028713,165.53392701997117,165.88681857971173,165.88681857971173,8024399.0,sample,2026-09-24 19:05:19.245756+00:00
AAPL,2025-01-06 04:45:00+00:00,165.72974225182438,166.4165436087606,164.48491427035916,166.0719121716624,166.0719121716624,4589484.0,sample,2026-09-24 19:05:19.245756+00:00
AAPL,2025-01-06 05:00:00+00:00,166.04512090346742,167.72879679279927,164.74458024676127,165.84033983728818,165.84033983728818,17585880.0,sample,2026-09-24 19:05:19.245756+00:00
AAPL,2025-01-06 05:15:00+00:00,165.1806123978865,166.59147529077953,164.35841277725066,166.17238734557134,166.17238734557134,11142274.0,sample,2026-09-24 19:05:19.245756+00:00
AAPL,2025-01-06 05:30:00+00:00,166.33002857454758,168.14491797188327,163.75592303009222,165.04983283438318,165.04983283438318,14669952.0,sample,2026-09-24 19:05:19.245756+00:00
AAPL,2025-01-06 05:45:00+00:00,165.10553404861363,166.70199835408127,164.11712954354874,164.5703477114749,164.5703477114749,8226127.0,sample,2026-09-24 19:05:19.245756+00:00
AAPL,2025-01-06 06:00:00+00:00,164.9840595725708,165.61283137185146,162.60213503169518,163.85844981874246,163.85844981874246,10359432.0,sample,2026-09-24 19:05:19.245756+00:00
AAPL,2025-01-06 06:15:00+00:00,164.32890449773998,166.03789062548833,161.74946924495384,162.4190421506335,162.4190421506335,12962213.0,sample,2026-09-24 19:05:19.245756+00:00
AAPL,2025-01-06 06:30:00+00:00,162.52933748850361,164.68446930724642,161.7082453357386,163.14867744485966,163.14867744485966,10539921.0,sample,2026-09-24 19:05:19.245756+00:00
AAPL,2025-01-06 06:45:00+00:00,163.1706086425184,164.13041567047657,162.51305246029386,162.93772039737308,162.93772039737308,15295254.0,sample,2026-09-24 19:05:19.245756+00:00
AAPL,2025-01-06 07:00:00+00:00,163.02593349303905,163.35071075035688,161.97330273280164,162.36400656240406,162.36400656240406,16650809.0,sample,2026-09-24 19:05:19.245756+00:00
AAPL,2025-01-06 07:15:00+00:00,162.3160373162141,163.36708271726238,162.08841660022844,162.62264524314887,162.62264524314887,4349042.0,sample,2026-09-24 19:05:19.245756+00:00
AAPL,2025-01-06 07:30:00+00:00,162.5123435482057,163.6999866299267,160.37930850565286,161.81040930502164,161.81040930502164,7339265.0,sample,2026-09-24 19:05:19.245756+00:00
AAPL,2025-01-06 07:45:00+00:00,161.79149227080737,162.67994288059325,159.8687732296339,162.40993934603236,162.40993934603236,4980487.0,sample,2026-09-24 19:05:19.245756+00:00
AAPL,2025-01-06 08:00:00+00:00,162.4596302528046,164.2315259996935,161.66946341842535,163.34995173006405,163.34995173006405,13790384.0,sample,2026-09-24 19:05:19.245756+00:00
AAPL,2025-01-06 08:15:00+00:00,163.08368842536905,163.97580159085356,160.98355496389948,162.4117055604202,162.4117055604202,3637335.0,sample,2026-09-24 19:05:19.245756+00:00
AAPL,2025-01-06 08:30:00+00:00,162.2886642603403,164.57839777364993,161.10990915474653,163.20581973144496,163.20581973144496,10724312.0,sample,2026-09-24 19:05:19.245756+00:00
AAPL,2025-01-06 08:45:00+00:00,163.78791977472702,164.0210553142844,162.774440641836,163.3502824015884,163.3502824015884,16853663.0,sample,2026-09-24 19:05:19.245756+00:00
AAPL,2025-01-06 09:00:00+00:00,163.16459239983365,165.9764156869962,162.5338005021032,164.11348365770488,164.11348365770488,4750496.0,sample,2026-09-24 19:05:19.245756+00:00
AAPL,2025-01-06 09:15:00+00:00,163.9610506126556,165.77791961256534,162.67618614598538,164.25488761485065,164.25488761485065,11502941.0,sample,2026-09-24 19:05:19.245756+00:00
AAPL,2025-01-06 09:30:00+00:00,164.3815590949743,165.17367970399164,162.84688954737453,163.7011738481944,163.7011738481944,8912037.0,sample,2026-09-24 19:05:19.245756+00:00
AAPL,2025-01-06 09:45:00+00:00,163.38396584659264,163.8164157800964,161.67199122242874,162.65236128178802,162.65236128178802,8816170.0,sample,2026-09-24 19:05:19.245756+00:00
AAPL,2025-01-06 10:00:00+00:00,162.5073431990455,163.97327593638948,160.6648622069693,161.92845947224936,161.92845947224936,3921702.0,sample,2026-09-24 19:05:19.245756+00:00
AAPL,2025-01-06 10:15:00+00:00,161.44020059904247,161.87736757068336,159.64817218943878,161.60751205052844,161.60751205052844,13660415.0,sample,2026-09-24 19:05:19.245756+00:00
AAPL,2025-01-06 10:30:00+00:00,161.56151370016866,163.58939778162335,160.59887043155382,162.31046667252718,162.31046667252718,5398450.0,sample,2026-09-24 19:05:19.245756+00:00
AAPL,2025-01-06 10:45:00+00:00,161.98521497862498,163.38981984022374,160.65311489807598,162.73952765808824,162.73952765808824,3525871.0,sample,2026-09-24 19:05:19.245756+00:00
AAPL,2025-01-06 11:00:00+00:00,162.050108544712,163.84946560165474,160.59687147846716,162.94915488489997,162.94915488489997,14365045.0,sample,2026-09-24 19:05:19.245756+00:00
AAPL,2025-01-06 11:15:00+00:00,163.05109269914976,164.5876681289453,161.1334554533071,163.93298212550536,163.93298212550536,5328030.0,sample,2026-09-24 19:05:19.245756+00:00
AAPL,2025-01-06 11:30:00+00:00,164.14933093051593,164.44466871879513,161.42281871590512,162.72178568685365,162.72178568685365,10734518.0,sample,2026-09-24 19:05:19.245756+00:00
AAPL,2025-01-06 11:45:00+00:00,162.62546845673867,164.45999530674584,160.36322768077434,161.9571125979727,161.9571125979727,8429601.0,sample,2026-09-24 19:05:19.245756+00:00
AAPL,2025-01-06 12:00:00+00:00,162.53151594283707,163.1926305778104,159.67815384934588,161.21624026245362,161.21624026245362,8800437.0,sample,2026-09-24 19:05:19.245756+00:00
AAPL,2025-01-06 12:15:00+00:00,160.64520574630546,161.9270047636704,159.0250184892714,161.2706473920289,161.2706473920289,2008007.0,sample,2026-09-24 19:05:19.245756+00:00
AAPL,2025-01-06 12:30:00+00:00,160.74894010839188,161.0989423986147,159.06115242636693,160.19394238684396,160.19394238684396,3033027.0,sample,2026-09-24 19:05:19.245756+00:00
AAPL,2025-01-06 12:45:00+00:00,160.19635572050322,161.9478763139313,158.4203106699977,159.82447815432423,159.82447815432423,17467736.0,sample,2026-09-24 19:05:19.245756+00:00
AAPL,2025-01-06 13:00:00+00:00,160.10111910507433,161.4673881475605,159.14517093068503,160.7243260719111,160.7243260719111,6481749.0,sample,2026-09-24 19:05:19.245756+00:00
AAPL,2025-01-06 13:15:00+00:00,160.656282868346,162.5091256362033,159.1082839291934,161.38846765808415,161.38846765808415,9564544.0,sample,2026-09-24 19:05:19.245756+00:00
AAPL,2025-01-06 13:30:00+00:00,161.22474363242299,162.81060126118504,160.75297080287802,162.41722106243387,162.41722106243387,1826155.0,sample,2026-09-24 19:05:19.245756+00:00
AAPL,2025-01-06 13:45:00+00:00,162.04347066710613,162.24983609913622,161.48154674074357,162.05581330057618,162.05581330057618,13770415.0,sample,2026-09-24 19:05:19.245756+00:00
AAPL,2025-01-06 14:00:00+00:00,162.6263380490122,163.5313424289497,161.14832400349147,161.3914704929318,161.3914704929318,4952057.0,sample,2026-09-24 19:05:19.245756+00:00
AAPL,2025-01-06 14:15:00+00:00,161.18265976304681,162.44999650027825,159.77285765445126,161.58044657596827,161.58044657596827,14103976.0,sample,2026-09-24 19:05:19.245756+00:00
AAPL,2025-01-06 14:30:00+00:00,161.76392877467453,163.66919315443243,160.3171837991421,160.9885301025864,160.9885301025864,3252117.0,sample,2026-09-24 19:05:19.245756+00:00
AAPL,2025-01-06 14:45:00+00:00,161.04040642779933,161.7700423288338,160.56651605987085,160.94310011494613,160.94310011494613,6279563.0,sample,2026-09-24 19:05:19.245756+00:00
AAPL,2025-01-06 15:00:00+00:00,160.4600078877569,162.49420967909387,159.89185936837748,160.86808972944985,160.86808972944985,2766140.0,sample,2026-09-24 19:05:19.245756+00:00
AAPL,2025-01-06 15:15:00+00:00,161.11761202530047,162.65765629143598,160.4174097820809,161.231226134188,161.231226134188,10846965.0,sample,2026-09-24 19:05:19.245756+00:00
AAPL,2025-01-06 15:30:00+00:00,160.9995013581724,163.435740328644,159.86630581017212,162.1894429887607,162.1894429887607,14935717.0,sample,2026-09-24 19:05:19.245756+00:00
AAPL,2025-01-06 15:45:00+00:00,162.3007510176402,163.34469850947332,161.68844534764287,163.11969013675855,163.11969013675855,15317941.0,sample,2026-09-24 19:05:19.245756+00:00
AAPL,2025-01-06 16:00:00+00:00,163.27181285297095,164.51120665855578,161.72183884705018,163.75609794397502,163.75609794397502,16514683.0,sample,2026-09-24 19:05:19.245756+00:00
AAPL,2025-01-06 16:15:00+00:00,163.6722415486414,163.87040310931468,163.19497141161764,163.635715992384,163.635715992384,11794815.0,sample,2026-09-24 19:05:19.245756+00:00
AAPL,2025-01-06 16:30:00+00:00,164.17808897990844,165.6016710749919,162.91555684295182,164.0914466037516,164.0914466037516,6834392.0,sample,2026-09-24 19:05:19.245756+00:00
AAPL,2025-01-06 16:45:00+00:00,164.52981670841004,165.57691563738797,162.84087579642295,163.85557252087509,163.85557252087509,17670404.0,sample,2026-09-24 19:05:19.245756+00:00
AAPL,2025-01-06 17:00:00+00:00,163.8144638626541,165.03582881329848,161.6076595876129,163.26706285077634,163.26706285077634,16077212.0,sample,2026-09-24 19:05:19.245756+00:00
AAPL,2025-01-06 17:15:00+00:00,163.5249952803145,165.32672067709674,161.196977049974,162.27860065632265,162.27860065632265,5262188.0,sample,2026-09-24 19:05:19.245756+00:00
AAPL,2025-01-06 17:30:00+00:00,162.67509740383704,163.15474816332406,161.03298502822196,161.91844462945738,161.91844462945738,3440180.0,sample,2026-09-24 19:05:19.245756+00:00
AAPL,2025-01-06 17:45:00+00:00,162.4887570921198,162.79864460921846,160.79290224604716,162.26650212225582,162.26650212225582,16056265.0,sample,2026-09-24 19:05:19.245756+00:00
AAPL,2025-01-06 18:00:00+00:00,162.15388444463215,164.0113611105763,160.38824788638942,162.7371931253029,162.7371931253029,10974085.0,sample,2026-09-24 19:05:19.245756+00:00
AAPL,2025-01-06 18:15:00+00:00,163.39716918356876,164.8288685763158,161.88186669519385,162.7845950216764,162.7845950216764,6228788.0,sample,2026-09-24 19:05:19.245756+00:00
AAPL,2025-01-06 18:30:00+00:00,162.4781670732257,165.07683945955998,161.70402780366416,163.18923617108655,163.18923617108655,17868816.0,sample,2026-09-24 19:05:19.245756+00:00
AAPL,2025-01-06 18:45:00+00:00,162.78278895919763,164.53019754678283,160.99613531967663,162.83622949360716,162.83622949360716,12744599.0,sample,2026-09-24 19:05:19.245756+00:00
AAPL,2025-01-06 19:00:00+00:00,163.04114992969457,164.2151952450624,161.55513009172617,163.9617871439545,163.9617871439545,5684012.0,sample,2026-09-24 19:05:19.245756+00:00
AAPL,2025-01-06 19:15:00+00:00,163.63010234214943,165.61302174740408,163.00975319629592,164.08433488527,164.08433488527,2733824.0,sample,2026-09-24 19:05:19.245756+00:00
AAPL,2025-01-06 19:30:00+00:00,164.635031030046,165.31310797393235,163.32780756737614,163.89422556363556,163.89422556363556,3594886.0,sample,2026-09-24 19:05:19.245756+00:00
AAPL,2025-01-06 19:45:00+00:00,163.25714112336894,164.78796794545227,161.8694698694062,164.3602342390892,164.3602342390892,7020618.0,sample,2026-09-24 19:05:19.245756+00:00
AAPL,2025-01-06 20:00:00+00:00,164.34437244650638,165.31613186317153,163.8444987037722,164.28154288938316,164.28154288938316,10312116.0,sample,2026-09-24 19:05:19.245756+00:00
AAPL,2025-01-06 20:15:00+00:00,164.4766470558515,165.52181532910595,164.20367100285878,164.53041107305143,164.53041107305143,5715808.0,sample,2026-09-24 19:05:19.245756+00:00
AAPL,2025-01-06 20:30:00+00:00,163.9580140147012,167.2674287037413,162.54838934825648,165.54958429734782,165.54958429734782,13878878.0,sample,2026-09-24 19:05:19.245756+00:00
AAPL,2025-01-06 20:45:00+00:00,165.8842475249276,167.57906613885405,163.5834562715315,165.03551760516615,165.03551760516615,16073613.0,sample,2026-09-24 19:05:19.245756+00:00
AAPL,2025-01-06 21:00:00+00:00,164.53396707395072,165.7310622944217,163.46807981131633,164.87826650948318,164.87826650948318,15168523.0,sample,2026-09-24 19:05:19.245756+00:00
AAPL,2025-01-06 21:15:00+00:00,164.9714531255252,165.4498175617944,164.19466969996114,164.78860423416245,164.78860423416245,15971658.0,sample,2026-09-24 19:05:19.245756+00:00
AAPL,2025-01-06 21:30:00+00:00,164.8435860741854,165.17229876104253,163.11585552725072,164.85177671918083,164.85177671918083,7961172.0,sample,2026-09-24 19:05:19.245756+00:00
AAPL,2025-01-06 21:45:00+00:00,164.91069737790016,166.71707918674034,163.7702041102665,166.15731047384153,166.15731047384153,11895211.0,sample,2026-09-24 19:05:19.245756+00:00
AAPL,2025-01-06 22:00:00+00:00,166.42157569301662,168.58715034397875,165.06882014346692,166.8058906359957,166.8058906359957,15386832.0,sample,2026-09-24 19:05:19.245756+00:00
AAPL,2025-01-06 22:15:00+00:00,167.0636436789674,169.09724275523823,165.26100518547287,167.73037923512288,167.73037923512288,8234725.0,sample,2026-09-24 19:05:19.245756+00:00
AAPL,2025-01-06 22:30:00+00:00,167.43455609694942,168.88208280197443,164.33222864527463,166.04244671993865,166.04244671993865,6297055.0,sample,2026-09-24 19:05:19.245756+00:00
AAPL,2025-01-06 22:45:00+00:00,165.7116730472435,166.64480354588835,164.26011798699466,166.4229174921234,166.4229174921234,6668639.0,sample,2026-09-24 19:05:19.245756+00:00
AAPL,2025-01-06 23:00:00+00:00,166.43638536634379,167.00871250395213,165.86536669178463,166.6577044656239,166.6577044656239,8364291.0,sample,2026-09-24 19:05:19.245756+00:00
AAPL,2025-01-06 23:15:00+00:00,166.07866274665872,167.34988673368167,165.64991982628763,167.0715803379393,167.0715803379393,2873428.0,sample,2026-09-24 19:05:19.245756+00:00
AAPL,2025-01-06 23:30:00+00:00,167.4994586572544,169.22842795237167,165.91787211445077,167.13542669032265,167.13542669032265,17140865.0,sample,2026-09-24 19:05:19.245756+00:00
AAPL,2025-01-06 23:45:00+00:00,167.05461995984749,168.6471511335857,165.38179884199232,166.7379908381259,166.7379908381259,4593043.0,sample,2026-09-24 19:05:19.245756+00:00
AAPL,2025-01-07 00:00:00+00:00,167.50840821792409,168.09281068664717,166.1200586181265,167.2707272130089,167.2707272130089,12781595.0,sample,2026-09-24 19:05:19.245756+00:00
AAPL,2025-01-07 00:15:00+00:00,167.44375622773262,167.6623726156149,165.68695505037329,167.18952065798686,167.18952065798686,5960339.0,sample,2026-09-24 19:05:19.245756+00:00
AAPL,2025-01-07 00:30:00+00:00,166.96477094404517,168.9482561939709,165.83140376269438,167.23717386360673,167.23717386360673,5978775.0,sample,2026-09-24 19:05:19.245756+00:00
AAPL,2025-01-07 00:45:00+00:00,166.87555400493153,168.4900655687541,165.7550279410204,166.88410197528285,166.88410197528285,14133228.0,sample,2026-09-24 19:05:19.245756+00:00
AAPL,2025-01-07 01:00:00+00:00,167.2981373275272,168.27443055452608,165.42630759377997,166.79673961969993,166.79673961969993,17405010.0,sample,2026-09-24 19:05:19.245756+00:00
AAPL,2025-01-07 01:15:00+00:00,165.6892600867569,168.86137339091906,164.57913330513605,167.20419930450166,167.20419930450166,12292953.0,sample,2026-09-24 19:05:19.245756+00:00
AAPL,2025-01-07 01:30:00+00:00,167.03665829461727,169.0357022046244,165.81877945459289,167.8075597755442,167.8075597755442,10428130.0,sample,2026-09-24 19:05:19.245756+00:00
AAPL,2025-01-07 01:45:00+00:00,168.50371744372896,168.77753104368136,167.159840786598,167.83379810730867,167.83379810730867,13231376.0,sample,2026-09-24 19:05:19.245756+00:00
AAPL,2025-01-07 02:00:00+00:00,167.79275398694656,169.3865194320004,166.944724288205,167.9409239140717,167.9409239140717,3949538.0,sample,2026-09-24 19:05:19.245756+00:00
AAPL,2025-01-07 02:15:00+00:00,168.15291918053416,169.5459282910442,167.50821274245044,167.8531188631711,167.8531188631711,17392761.0,sample,2026-09-24 19:05:19.245756+00:00
AAPL,2025-01-07 02:30:00+00:00,167.83211537777711,169.31986698701016,167.37658062589585,168.50763259651578,168.50763259651578,16278586.0,sample,2026-09-24 19:05:19.245756+00:00
AAPL,2025-01-07 02:45:00+00:00,168.67959353176906,170.1245638172357,167.6493246874592,168.26055829366732,168.26055829366732,6412728.0,sample,2026-09-24 19:05:19.245756+00:00
AAPL,2025-01-07 03:00:00+00:00,167.96295111132446,168.59578654783368,166.80911012636903,168.10950087698959,168.10950087698959,6622497.0,sample,2026-09-24 19:05:19.245756+00:00
AAPL,2025-01-07 03:15:00+00:00,168.12052237583174,168.63630947944682,167.27996791967078,168.22986895512324,168.22986895512324,2434590.0,sample,2026-09-24 19:05:19.245756+00:00
AAPL,2025-01-07 03:30:00+00:00,168.63554340984874,169.35182527854775,166.99523511134595,167.98606423100105,167.98606423100105,12061146.0,sample,2026-09-24 19:05:19.245756+00:00
AAPL,2025-01-07 03:45:00+00:00,167.9684663909422,170.03341350308315,166.80331593274033,168.2321296239589,168.2321296239589,16722403.0,sample,2026-09-24 19:05:19.245756+00:00
AAPL,2025-01-07 04:00:00+00:00,168.2606646533368,170.732725680704,166.3042881683729,169.40160621172615,169.40160621172615,4923377.0,sample,2026-09-24 19:05:19.245756+00:00
AAPL,2025-01-07 04:15:00+00:00,169.8028578078586,171.41233966770918,167.55055244258344,169.44410066859538,169.44410066859538,5715157.0,sample,2026-09-24 19:05:19.245756+00:00
AAPL,2025-01-07 04:30:00+00:00,169.78916326283104,172.3219464451835,169.13897180893917,170.50415328593394,170.50415328593394,11941011.0,sample,2026-09-24 19:05:19.245756+00:00
AAPL,2025-01-07 04:45:00+00:00,170.5588183672474,173.20409436865327,169.20100957791254,171.19896041131108,171.19896041131108,7109679.0,sample,2026-09-24 19:05:19.245756+00:00
AAPL,2025-01-07 05:00:00+00:00,170.90735350262688,173.28964820933334,170.2004226623984,171.37897184196873,171.37897184196873,3847492.0,sample,2026-09-24 19:05:19.245756+00:00
AAPL,2025-01-07 05:15:00+00:00,170.9894689783934,172.65204709589094,169.50134950185927,171.91599721161427,171.91599721161427,9679041.0,sample,2026-09-24 19:05:19.245756+00:00
AAPL,2025-01-07 05:30:00+00:00,171.97630786075936,173.18734382734456,171.187943471915,172.97971884653856,172.97971884653856,3208349.0,sample,2026-09-24 19:05:19.245756+00:00
AAPL,2025-01-07 05:45:00+00:00,172.97527387920636,173.47745703792523,172.15281668148776,172.44722827687065,172.44722827687065,2868923.0,sample,2026-09-24 19:05:19.245756+00:00
AAPL,2025-01-07 06:00:00+00:00,173.03811299786935,173.73000492264114,171.1904081034343,172.99946222734837,172.99946222734837,15022613.0,sample,2026-09-24 19:05:19.245756+00:00
AAPL,2025-01-07 06:15:00+00:00,174.09075560245864,175.50307124935068,172.6648330942538,173.93019984225305,173.93019984225305,13535616.0,sample,2026-09-24 19:05:19.245756+00:00
AAPL,2025-01-07 06:30:00+00:00,174.4967644406316,174.90510538681679,171.47930790337557,173.4734823537196,173.4734823537196,16130328.0,sample,2026-09-24 19:05:19.245756+00:00
AAPL,2025-01-07 06:45:00+00:00,173.28999359062874,175.09181217328594,172.45986149685834,174.47974427309336,174.47974427309336,10684831.0,sample,2026-09-24 19:05:19.245756+00:00
AAPL,2025-01-07 07:00:00+00:00,174.36859506536422,176.65735221594682,173.64087870058643,175.00961628376322,175.00961628376322,13784236.0,sample,2026-09-24 19:05:19.245756+00:00
AAPL,2025-01-07 07:15:00+00:00,174.43297174183328,175.0578426754448,173.90104430995729,174.50340254014748,174.50340254014748,13066034.0,sample,2026-09-24 19:05:19.245756+00:00
AAPL,2025-01-07 07:30:00+00:00,174.58916204472683,175.67627663959897,173.7239639801197,174.89134402966565,174.89134402966565,6969492.0,sample,2026-09-24 19:05:19.245756+00:00
AAPL,2025-01-07 07:45:00+00:00,174.97401310321396,176.1384388968221,172.0110006063888,173.9569972780904,173.9569972780904,13106142.0,sample,2026-09-24 19:05:19.245756+00:00
AAPL,2025-01-07 08:00:00+00:00,174.2763455806132,174.77265976183577,172.322371898853,173.16131410076437,173.16131410076437,17090758.0,sample,2026-09-24 19:05:19.245756+00:00
AAPL,2025-01-07 08:15:00+00:00,172.8220390791296,174.19936014276774,171.90419429356393,172.16863658735392,172.16863658735392,12436929.0,sample,2026-09-24 19:05:19.245756+00:00
AAPL,2025-01-07 08:30:00+00:00,172.26275143127958,174.1834252823898,172.04558871081255,172.40299345072938,172.40299345072938,4642278.0,sample,2026-09-24 19:05:19.245756+00:00
AAPL,2025-01-07 08:45:00+00:00,172.38993135076726,173.53677678530738,171.83408580579996,172.1918107519197,172.1918107519197,10844104.0,sample,2026-09-24 19:05:19.245756+00:00
AAPL,2025-01-07 09:00:00+00:00,172.52072697782742,173.8448494326778,171.30142101798833,171.71232384806163,171.71232384806163,2962280.0,sample,2026-09-24 19:05:19.245756+00:00
AAPL,2025-01-07 09:15:00+00:00,171.2025076050225,172.96144348525726,169.1936275558002,171.39039131363424,171.39039131363424,7305709.0,sample,2026-09-24 19:05:19.245756+00:00
AAPL,2025-01-07 09:30:00+00:00,171.82847485258728,173.25941091552318,170.69157870275606,171.3719155921127,171.3719155921127,11666538.0,sample,2026-09-24 19:05:19.245756+00:00
AAPL,2025-01-07 09:45:00+00:00,171.36807103580412,171.6965583799191,170.48680628629185,171.17945349672402,171.17945349672402,8548926.0,sample,2026-09-24 19:05:19.245756+00:00
AAPL,2025-01-07 10:00:00+00:00,171.14532576978507,172.92952784296133,169.24006112582094,170.8717188273967,170.8717188273967,10165927.0,sample,2026-09-24 19:05:19.245756+00:00
AAPL,2025-01-07 10:15:00+00:00,170.43308140135633,171.48631858975682,169.09288480695577,171.01710786142752,171.01710786142752,12122388.0,sample,2026-09-24 19:05:19.245756+00:00
AAPL,2025-01-07 10:30:00+00:00,170.92578362309496,172.40215679167673,168.93675307477892,170.3961021155364,170.3961021155364,17490261.0,sample,2026-09-24 19:05:19.245756+00:00
AAPL,2025-01-07 10:45:00+00:00,170.4762095358055,172.4360260315029,169.77564958021935,170.0584414199001,170.0584414199001,13993671.0,sample,2026-09-24 19:05:19.245756+00:00
AAPL,2025-01-07 11:00:00+00:00,169.945039494745,171.90578006829614,168.42068237245104,170.88811106610774,170.88811106610774,10649484.0,sample,2026-09-24 19:05:19.245756+00:00
AAPL,2025-01-07 11:15:00+00:00,170.92635227275375,171.62974714956974,169.471725067647,171.16112472687854,171.16112472687854,5084968.0,sample,2026-09-24 19:05:19.245756+00:00
AAPL,2025-01-07 11:30:00+00:00,170.73474510470916,172.7648614287019,168.1206347372084,169.95212983104383,169.95212983104383,9284511.0,sample,2026-09-24 19:05:19.245756+00:00
AAPL,2025-01-07 11:45:00+00:00,169.91975246162917,172.92750492373972,168.08977628717182,171.05011383536322,171.05011383536322,15673170.0,sample,2026-09-24 19:05:19.245756+00:00
AAPL,2025-01-07 12:00:00+00:00,170.7000611047137,171.26718006308283,169.51530655303966,170.49530663024274,170.49530663024274,11569829.0,sample,2026-09-24 19:05:19.245756+00:00
AAPL,2025-01-07 12:15:00+00:00,169.8243573681944,172.2035729647623,168.84432704547055,171.66791895448034,171.66791895448034,12308639.0,sample,2026-09-24 19:05:19.245756+00:00
AAPL,2025-01-07 12:30:00+00:00,171.1574479651858,172.03771174348344,169.7048198582048,171.76942558496282,171.76942558496282,11280364.0,sample,2026-09-24 19:05:19.245756+00:00
AAPL,2025-01-07 12:45:00+00:00,171.64108462217516,174.49425709382544,169.76383921439236,172.47362995035655,172.47362995035655,15064217.0,sample,2026-09-24 19:05:19.245756+00:00
AAPL,2025-01-07 13:00:00+00:00,172.57230235544594,173.2430792576513,170.89625327463946,171.27763429976983,171.27763429976983,17051528.0,sample,2026-09-24 19:05:19.245756+00:00
AAPL,2025-01-07 13:15:00+00:00,171.27842375191813,172.74751621802548,169.39942122491706,170.77238148498688,170.77238148498688,17823065.0,sample,2026-09-24 19:05:19.245756+00:00
AAPL,2025-01-07 13:30:00+00:00,171.2175488115754,171.41799191142073,168.52600228725055,170.35503311379054,170.35503311379054,13480160.0,sample,2026-09-24 19:05:19.245756+00:00
AAPL,2025-01-07 13:45:00+00:00,170.44788439566716,172.4104329330255,167.95315635205853,169.99252252491954,169.99252252491954,3952553.0,sample,2026-09-24 19:05:19.245756+00:00
AAPL,2025-01-07 14:00:00+00:00,169.99239954591764,170.85719987269795,168.70997478864422,169.47804342156573,169.47804342156573,13303329.0,sample,2026-09-24 19:05:19.245756+00:00
AAPL,2025-01-07 14:15:00+00:00,169.2834918403867,170.18771052150032,167.10159785988935,169.06690449568595,169.06690449568595,8364954.0,sample,2026-09-24 19:05:19.245756+00:00
AAPL,2025-01-07 14:30:00+00:00,169.229057600454,170.78583018318656,167.39226251554243,169.00157099159324,169.00157099159324,9599543.0,sample,2026-09-24 19:05:19.245756+00:00
AAPL,2025-01-07 14:45:00+00:00,168.95531897820769,170.8246288659203,167.74503596835805,168.60263268217486,168.60263268217486,4038106.0,sample,2026-09-24 19:05:19.245756+00:00
AAPL,2025-01-07 15:00:00+00:00,167.9425587517712,170.1901473778847,167.3109098055364,168.51692052766708,168.51692052766708,12856175.0,sample,2026-09-24 19:05:19.245756+00:00
AAPL,2025-01-07 15:15:00+00:00,168.4764585613465,169.12031156625628,166.5212667911275,168.75555999061285,168.75555999061285,11365034.0,sample,2026-09-24 19:05:19.245756+00:00
AAPL,2025-01-07 15:30:00+00:00,168.72682507672707,169.07010368070542,165.83305307823093,167.57300547180157,167.57300547180157,14046961.0,sample,2026-09-24 19:05:19.245756+00:00
AAPL,2025-01-07 15:45:00+00:00,167.51099465483935,169.12312059280325,166.03076852969522,167.42633109892213,167.42633109892213,6150946.0,sample,2026-09-24 19:05:19.245756+00:00
AAPL,2025-01-07 16:00:00+00:00,168.33921467102476,169.66519652463614,165.85692052503438,166.78712130136907,166.78712130136907,15927102.0,sample,2026-09-24 19:05:19.245756+00:00
AAPL,2025-01-07 16:15:00+00:00,166.98117927330247,168.5290048368303,166.42603030184952,166.73218851959746,166.73218851959746,8556556.0,sample,2026-09-24 19:05:19.245756+00:00
AAPL,2025-01-07 16:30:00+00:00,167.00240865950434,167.5212118724737,166.51610085967465,167.1498929696877,167.1498929696877,15041089.0,sample,2026-09-24 19:05:19.245756+00:00
AAPL,2025-01-07 16:45:00+00:00,167.35001775029184,167.93905512814476,165.92533983992627,166.22606715634373,166.22606715634373,10638869.0,sample,2026-09-24 19:05:19.245756+00:00
AAPL,2025-01-07 17:00:00+00:00,166.06024780234634,167.7777766656098,165.09111308512578,165.97833833355645,165.97833833355645,5093546.0,sample,2026-09-24 19:05:19.245756+00:00
AAPL,2025-01-07 17:15:00+00:00,166.0485361458989,168.53322061984258,165.81653441695292,166.6001087898698,166.6001087898698,5532459.0,sample,2026-09-24 19:05:19.245756+00:00
AAPL,2025-01-07 17:30:00+00:00,166.67718113932088,169.11490657646945,165.76432286167366,167.30932723481342,167.30932723481342,14384019.0,sample,2026-09-24 19:05:19.245756+00:00
AAPL,2025-01-07 17:45:00+00:00,167.39494186812462,168.96818391298675,166.3837315600017,166.96649818037156,166.96649818037156,10437430.0,sample,2026-09-24 19:05:19.245756+00:00
AAPL,2025-01-07 18:00:00+00:00,166.7091996014504,168.13404205218924,165.63528026005216,167.57429002560957,167.57429002560957,9677537.0,sample,2026-09-24 19:05:19.245756+00:00
AAPL,2025-01-07 18:15:00+00:00,167.67511128570658,168.11791729556657,165.7927520908361,167.78275016056187,167.78275016056187,12989144.0,sample,2026-09-24 19:05:19.245756+00:00
AAPL,2025-01-07 18:30:00+00:00,167.6605267894639,168.47404594816473,167.00389440498336,167.8302505229051,167.8302505229051,3192160.0,sample,2026-09-24 19:05:19.245756+00:00
AAPL,2025-01-07 18:45:00+00:00,167.40962382638074,168.3345838702774,166.56802445533384,167.5039037955245,167.5039037955245,15587225.0,sample,2026-09-24 19:05:19.245756+00:00
AAPL,2025-01-07 19:00:00+00:00,167.141662418488,168.62688362925633,166.6005478616543,167.69670599347864,167.69670599347864,9063173.0,sample,2026-09-24 19:05:19.245756+00:00
AAPL,2025-01-07 19:15:00+00:00,167.54200706936746,168.9918368395836,166.41486463520914,168.16305548155103,168.16305548155103,7211271.0,sample,2026-09-24 19:05:19.245756+00:00
AAPL,2025-01-07 19:30:00+00:00,168.11992610674912,168.6298758444547,166.21675652535845,167.72795898515395,167.72795898515395,11372548.0,sample,2026-09-24 19:05:19.245756+00:00
AAPL,2025-01-07 19:45:00+00:00,167.26718108308702,169.6324363352145,166.5740133632395,168.05278743651905,168.05278743651905,7334107.0,sample,2026-09-24 19:05:19.245756+00:00
AAPL,2025-01-07 20:00:00+00:00,167.50070473042837,168.56192506247484,166.32533610973843,167.2906661175282,167.2906661175282,4506432.0,sample,2026-09-24 19:05:19.245756+00:00
AAPL,2025-01-07 20:15:00+00:00,166.93282626643136,168.52712152113924,164.67257170298103,166.5139791200921,166.5139791200921,6778986.0,sample,2026-09-24 19:05:19.245756+00:00
AAPL,2025-01-07 20:30:00+00:00,166.30974562550753,168.28963759812106,165.96746551797708,166.88912648086912,166.88912648086912,16142947.0,sample,2026-09-24 19:05:19.245756+00:00
AAPL,2025-01-07 20:45:00+00:00,167.3796742435232,168.52989643025387,165.5752301897912,166.7524491987614,166.7524491987614,4410831.0,sample,2026-09-24 19:05:19.245756+00:00
AAPL,2025-01-07 21:00:00+00:00,166.89259077303132,167.82358851238024,166.00949898129522,166.22401766748442,166.22401766748442,7196766.0,sample,2026-09-24 19:05:19.245756+00:00
AAPL,2025-01-07 21:15:00+00:00,165.44463628780088,168.32603820341637,163.6754753269678,166.4644870303622,166.4644870303622,9674586.0,sample,2026-09-24 19:05:19.245756+00:00
AAPL,2025-01-07 21:30:00+00:00,166.26121061982266,167.8610981942914,165.89590995834894,166.94530761294692,166.94530761294692,14922501.0,sample,2026-09-24 19:05:19.245756+00:00
AAPL,2025-01-07 21:45:00+00:00,166.96735364818002,168.2575035068297,165.07912678593408,166.9881889743591,166.9881889743591,7492689.0,sample,2026-09-24 19:05:19.245756+00:00
AAPL,2025-01-07 22:00:00+00:00,167.31758874091096,169.47702366496569,165.53126001491586,167.980336360674,167.980336360674,9216196.0,sample,2026-09-24 19:05:19.245756+00:00
AAPL,2025-01-07 22:15:00+00:00,167.92002185695404,168.417404562782,166.16715147365656,167.53170932464727,167.53170932464727,5811460.0,sample,2026-09-24 19:05:19.245756+00:00
AAPL,2025-01-07 22:30:00+00:00,168.11247059961448,168.48873958558582,165.18444477028982,167.10675876684257,167.10675876684257,11901024.0,sample,2026-09-24 19:05:19.245756+00:00
AAPL,2025-01-07 22:45:00+00:00,166.8480315205775,168.57703245787314,166.03057210326162,167.73146602319375,167.73146602319375,17973974.0,sample,2026-09-24 19:05:19.245756+00:00
AAPL,2025-01-07 23:00:00+00:00,168.41337846917642,170.38045714828002,165.585974575197,167.07201115220093,167.07201115220093,1764331.0,sample,2026-09-24 19:05:19.245756+00:00
AAPL,2025-01-07 23:15:00+00:00,166.9364414217964,168.56764702278784,166.56637006540888,167.55749232643825,167.55749232643825,3689879.0,sample,2026-09-24 19:05:19.245756+00:00
AAPL,2025-01-07 23:30:00+00:00,167.5184356169877,167.71946849476836,165.61839733923642,166.49588367190512,166.49588367190512,11098701.0,sample,2026-09-24 19:05:19.245756+00:00
AAPL,2025-01-07 23:45:00+00:00,166.6080081259719,167.73996486588982,165.6527172053816,165.8484727790775,165.8484727790775,13431351.0,sample,2026-09-24 19:05:19.245756+00:00
AAPL,2025-01-08 00:00:00+00:00,165.6581327221621,166.40401453134444,164.5400956261287,165.7427628856831,165.7427628856831,7989138.0,sample,2026-09-24 19:05:19.245756+00:00
AAPL,2025-01-08 00:15:00+00:00,165.3646175864426,166.9652648192206,164.35214272823612,165.48421446682704,165.48421446682704,17573274.0,sample,2026-09-24 19:05:19.245756+00:00
AAPL,2025-01-08 00:30:00+00:00,165.61612033984767,168.02716836375384,164.65790951802148,166.5018961899769,166.5018961899769,9883962.0,sample,2026-09-24 19:05:19.245756+00:00
AAPL,2025-01-08 00:45:00+00:00,166.566272858162,168.068697931151,165.39515759838514,165.8790666506479,165.8790666506479,8564383.0,sample,2026-09-24 19:05:19.245756+00:00
AAPL,2025-01-08 01:00:00+00:00,166.39657314771426,168.00319966103004,164.2345379554948,165.86676609573306,165.86676609573306,7154351.0,sample,2026-09-24 19:05:19.245756+00:00
AAPL,2025-01-08 01:15:00+00:00,166.14979476277156,167.91666529776958,164.85374650564083,165.97922392110448,165.97922392110448,16225543.0,sample,2026-09-24 19:05:19.245756+00:00
AAPL,2025-01-08 01:30:00+00:00,165.76588091100248,166.75647393311857,165.34183158465743,165.91837129200957,165.91837129200957,5559864.0,sample,2026-09-24 19:05:19.245756+00:00
AAPL,2025-01-08 01:45:00+00:00,166.09870286026307,168.35722279449143,165.08551487014978,166.67878568701187,166.67878568701187,5267758.0,sample,2026-09-24 19:05:19.245756+00:00
AAPL,2025-01-08 02:00:00+00:00,166.3973834037101,167.3106314233556,165.25429752127698,166.31150738252273,166.31150738252273,6947312.0,sample,2026-09-24 19:05:19.245756+00:00
AAPL,2025-01-08 02:15:00+00:00,165.74860905671125,167.8142834655513,163.7860757917145,165.97957154049067,165.97957154049067,12223897.0,sample,2026-09-24 19:05:19.245756+00:00
AAPL,2025-01-08 02:30:00+00:00,165.8796133283091,167.84071602125272,164.98546878614323,165.33932415490798,165.33932415490798,1916995.0,sample,2026-09-24 19:05:19.245756+00:00
AAPL,2025-01-08 02:45:00+00:00,165.12120896251196,166.8496118829649,163.46094998156772,165.92692248107784,165.92692248107784,7249922.0,sample,2026-09-24 19:05:19.245756+00:00
AAPL,2025-01-08 03:00:00+00:00,165.66728253403554,167.83015793779938,164.12848146346712,166.10870963864713,166.10870963864713,5003296.0,sample,2026-09-24 19:05:19.245756+00:00
AAPL,2025-01-08 03:15:00+00:00,166.39957277408936,168.15673275217185,165.08296855916112,166.30081042443106,166.30081042443106,7627453.0,sample,2026-09-24 19:05:19.245756+00:00
AAPL,2025-01-08 03:30:00+00:00,166.25105446527317,168.14208758394997,164.65027465181058,166.4523918017507,166.4523918017507,17078996.0,sample,2026-09-24 19:05:19.245756+00:00
AAPL,2025-01-08 03:45:00+00:00,166.10542068528673,167.94678385848096,164.20237194440998,165.7301420246922,165.7301420246922,7032188.0,sample,2026-09-24 19:05:19.245756+00:00
AAPL,2025-01-08 04:00:00+00:00,165.5276876637399,166.40489619705755,164.17471747353446,166.06907737911902,166.06907737911902,11649132.0,sample,2026-09-24 19:05:19.245756+00:00
AAPL,2025-01-08 04:15:00+00:00,166.11477993507592,168.2064966788796,165.22187187920406,166.29090155586383,166.29090155586383,14913593.0,sample,2026-09-24 19:05:19.245756+00:00
AAPL,2025-01-08 04:30:00+00:00,165.5560719819003,167.99180632622168,165.0493384606898,167.24973606652418,167.24973606652418,3007380.0,sample,2026-09-24 19:05:19.245756+00:00
AAPL,2025-01-08 04:45:00+00:00,167.36598132518918,168.01424448879868,166.52030590080798,167.54299856692603,167.54299856692603,4833659.0,sample,2026-09-24 19:05:19.245756+00:00
AAPL,2025-01-08 05:00:00+00:00,167.57543449188518,168.30847914011744,166.58319638473137,167.03596142093954,167.03596142093954,3702010.0,sample,2026-09-24 19:05:19.245756+00:00
AAPL,2025-01-08 05:15:00+00:00,167.1511511743525,168.21635929130744,166.37350512883393,166.8473833683508,166.8473833683508,10946914.0,sample,2026-09-24 19:05:19.245756+00:00
AAPL,2025-01-08 05:30:00+00:00,167.2494374902946,168.39529281576083,165.62611549728769,168.05244315680602,168.05244315680602,15255219.0,sample,2026-09-24 19:05:19.245756+00:00
AAPL,2025-01-08 05:45:00+00:00,168.44251017459328,169.6827853356285,165.43354850882707,167.2706305165916,167.2706305165916,8130264.0,sample,2026-09-24 19:05:19.245756+00:00
AAPL,2025-01-08 06:00:00+00:00,167.07512024853338,167.7745693924643,165.15291572153228,166.38763318785317,166.38763318785317,15190388.0,sample,2026-09-24 19:05:19.245756+00:00
AAPL,2025-01-08 06:15:00+00:00,166.71925448971803,168.20997720399959,166.0729034475946,166.55928313706187,166.55928313706187,6954874.0,sample,2026-09-24 19:05:19.245756+00:00
AAPL,2025-01-08 06:30:00+00:00,166.58655288559802,168.87212699602622,166.4048263910964,167.5282758561251,167.5282758561251,4612471.0,sample,2026-09-24 19:05:19.245756+00:00
AAPL,2025-01-08 06:45:00+00:00,167.09097596052302,167.83988583753901,165.2522175011438,167.59128039108379,167.59128039108379,11842167.0,sample,2026-09-24 19:05:19.245756+00:00
AAPL,2025-01-08 07:00:00+00:00,167.5433506017641,169.34676524578782,165.71052511852304,166.8334418058219,166.8334418058219,10987314.0,sample,2026-09-24 19:05:19.245756+00:00
AAPL,2025-01-08 07:15:00+00:00,166.74228665945293,169.76968018412563,164.80849927488856,168.30010608272042,168.30010608272042,4655289.0,sample,2026-09-24 19:05:19.245756+00:00
AAPL,2025-01-08 07:30:00+00:00,168.4247475043894,168.69491370048613,165.80812438077768,167.80984387390188,167.80984387390188,4729178.0,sample,2026-09-24 19:05:19.245756+00:00
AAPL,2025-01-08 07:45:00+00:00,167.50311957876752,169.66475629038976,167.27144951322774,168.37264293302948,168.37264293302948,7091899.0,sample,2026-09-24 19:05:19.245756+00:00
AAPL,2025-01-08 08:00:00+00:00,168.05490379792,170.6379156875478,167.8672597500594,169.35366148640855,169.35366148640855,7467185.0,sample,2026-09-24 19:05:19.245756+00:00
AAPL,2025-01-08 08:15:00+00:00,169.42422657148884,169.8427608967843,169.23330377032417,169.43419330316303,169.43419330316303,11374594.0,sample,2026-09-24 19:05:19.245756+00:00
AAPL,2025-01-08 08:30:00+00:00,169.15255692733547,171.31615162641307,167.52237977087694,169.85649541883814,169.85649541883814,14850347.0,sample,2026-09-24 19:05:19.245756+00:00
AAPL,2025-01-08 08:45:00+00:00,169.66373705966546,171.92308502327126,168.99905285924734,170.86949999177227,170.86949999177227,2484001.0,sample,2026-09-24 19:05:19.245756+00:00
AAPL,2025-01-08 09:00:00+00:00,170.59979106304633,171.56930731173375,168.9180462271441,170.02214809033285,170.02214809033285,10135329.0,sample,2026-09-24 19:05:19.245756+00:00
AAPL,2025-01-08 09:15:00+00:00,170.1064490967028,171.08055203599523,168.21392708384374,170.56903628843892,170.56903628843892,3632315.0,sample,2026-09-24 19:05:19.245756+00:00
AAPL,2025-01-08 09:30:00+00:00,170.60514722673457,171.7679991580771,169.4621682397737,171.3857655045144,171.3857655045144,7473766.0,sample,2026-09-24 19:05:19.245756+00:00
AAPL,2025-01-08 09:45:00+00:00,171.19965014186417,173.3316319658466,170.12562271989634,172.25758276336052,172.25758276336052,11598453.0,sample,2026-09-24 19:05:19.245756+00:00
AAPL,2025-01-08 10:00:00+00:00,171.2278634486829,173.5698396548314,169.8770011847465,171.9922713882489,171.9922713882489,5430263.0,sample,2026-09-24 19:05:19.245756+00:00
AAPL,2025-01-08 10:15:00+00:00,172.1876784956989,174.11969031151364,171.1426702246293,172.31872412556174,172.31872412556174,10595282.0,sample,2026-09-24 19:05:19.245756+00:00
AAPL,2025-01-08 10:30:00+00:00,171.95670560292433,173.02478519367145,171.37499260306498,171.9461004138523,171.9461004138523,16222359.0,sample,2026-09-24 19:05:19.245756+00:00
AAPL,2025-01-08 10:45:00+00:00,171.94982814757253,172.90997030931024,171.06541568201564,171.55710472682014,171.55710472682014,8571655.0,sample,2026-09-24 19:05:19.245756+00:00
AAPL,2025-01-08 11:00:00+00:00,171.34410490586853,171.89662932133643,169.6318021554817,170.94290722860757,170.94290722860757,12918585.0,sample,2026-09-24 19:05:19.245756+00:00
AAPL,2025-01-08 11:15:00+00:00,170.2738839885274,172.64106976815242,169.1103940668903,171.3848497163937,171.3848497163937,5124695.0,sample,2026-09-24 19:05:19.245756+00:00
AAPL,2025-01-08 11:30:00+00:00,171.52168406679255,172.73179757801734,169.7290595804682,171.53590446464713,171.53590446464713,3391340.0,sample,2026-09-24 19:05:19.245756+00:00
AAPL,2025-01-08 11:45:00+00:00,171.3111889760955,174.21880543276467,170.05467154180224,172.3250768712497,172.3250768712497,16456883.0,sample,2026-09-24 19:05:19.245756+00:00
AAPL,2025-01-08 12:00:00+00:00,172.24911594033298,172.72065081735934,170.3818353834853,170.7292871781764,170.7292871781764,17113101.0,sample,2026-09-24 19:05:19.245756+00:00
AAPL,2025-01-08 12:15:00+00:00,170.72359511696078,172.2809165722436,168.21329251215246,170.14731081320556,170.14731081320556,14563800.0,sample,2026-09-24 19:05:19.245756+00:00
AAPL,2025-01-08 12:30:00+00:00,170.89054988667942,172.7841711220123,168.43840093513788,170.38662941215512,170.38662941215512,9225198.0,sample,2026-09-24 19:05:19.245756+00:00
AAPL,2025-01-08 12:45:00+00:00,170.17093384680035,173.0777078541686,168.371894892816,171.5784318755194,171.5784318755194,16701155.0,sample,2026-09-24 19:05:19.245756+00:00
AAPL,2025-01-08 13:00:00+00:00,171.42596076637588,172.64860707170874,169.94196633684234,171.11462778104277,171.11462778104277,7824487.0,sample,2026-09-24 19:05:19.245756+00:00
AAPL,2025-01-08 13:15:00+00:00,170.84180173314982,171.53928418029457,167.990122109988,169.94424307591888,169.94424307591888,13136050.0,sample,2026-09-24 19:05:19.245756+00:00
AAPL,2025-01-08 13:30:00+00:00,169.79699465578165,171.8270058408428,168.840683988834,169.5764544197975,169.5764544197975,17429718.0,sample,2026-09-24 19:05:19.245756+00:00
AAPL,2025-01-08 13:45:00+00:00,169.62633700757485,169.96769658793875,167.51894359945905,169.55094745565725,169.55094745565725,7468886.0,sample,2026-09-24 19:05:19.245756+00:00
AAPL,2025-01-08 14:00:00+00:00,169.4163398030526,171.15381194598967,167.44588515681568,170.1264852293205,170.1264852293205,4031579.0,sample,2026-09-24 19:05:19.245756+00:00
AAPL,2025-01-08 14:15:00+00:00,170.14008801065617,172.0040298123267,168.27564287205243,170.91861676285214,170.91861676285214,11836422.0,sample,2026-09-24 19:05:19.245756+00:00
AAPL,2025-01-08 14:30:00+00:00,170.8629312823857,171.94429089888868,169.0526024389588,171.4340091047936,171.4340091047936,1725968.0,sample,2026-09-24 19:05:19.245756+00:00
AAPL,2025-01-08 14:45:00+00:00,171.34973233261772,172.75832444627196,169.7971944594434,171.40384166077038,171.40384166077038,14860488.0,sample,2026-09-24 19:05:19.245756+00:00
AAPL,2025-01-08 15:00:00+00:00,171.30126192342166,174.18214717735734,169.63087541867762,172.86267067496638,172.86267067496638,3055092.0,sample,2026-09-24 19:05:19.245756+00:00
AAPL,2025-01-08 15:15:00+00:00,173.67622732327445,174.0715228211859,172.22815656637331,172.427327340169,172.427327340169,5387250.0,sample,2026-09-24 19:05:19.245756+00:00
AAPL,2025-01-08 15:30:00+00:00,172.11244731461073,173.2896722614503,170.4500264549443,172.4637076464776,172.4637076464776,7595829.0,sample,2026-09-24 19:05:19.245756+00:00
AAPL,2025-01-08 15:45:00+00:00,172.4347580568663,173.55270848943664,171.05012909265722,172.90534187549656,172.90534187549656,11992966.0,sample,2026-09-24 19:05:19.245756+00:00
AAPL,2025-01-08 16:00:00+00:00,172.53553241875883,173.55725019406938,170.58120159307043,172.59415432848124,172.59415432848124,3373107.0,sample,2026-09-24 19:05:19.245756+00:00
AAPL,2025-01-08 16:15:00+00:00,172.78660267629687,173.96878730765658,170.89719670934562,172.47777161808705,172.47777161808705,14670681.0,sample,2026-09-24 19:05:19.245756+00:00
AAPL,2025-01-08 16:30:00+00:00,172.67252569726153,174.99162089082768,172.16191288100566,172.95640338640357,172.95640338640357,16882076.0,sample,2026-09-24 19:05:19.245756+00:00
AAPL,2025-01-08 16:45:00+00:00,172.87323551135879,173.96234564881945,171.26495169052518,172.38190093125726,172.38190093125726,4185852.0,sample,2026-09-24 19:05:19.245756+00:00
AAPL,2025-01-08 17:00:00+00:00,172.0092088565149,174.35847013303587,171.6300911233316,172.29709035545378,172.29709035545378,16466468.0,sample,2026-09-24 19:05:19.245756+00:00
AAPL,2025-01-08 17:15:00+00:00,172.513790507509,174.20858749107592,170.73017353107767,172.23487023319288,172.23487023319288,14328429.0,sample,2026-09-24 19:05:19.245756+00:00
AAPL,2025-01-08 17:30:00+00:00,172.63383447181428,175.66385108963374,171.9643902682428,173.82987983295817,173.82987983295817,16009402.0,sample,2026-09-24 19:05:19.245756+00:00
AAPL,2025-01-08 17:45:00+00:00,173.23543168886326,176.19889371214714,172.60316900372277,174.44290984330868,174.44290984330868,4567460.0,sample,2026-09-24 19:05:19.245756+00:00
AAPL,2025-01-08 18:00:00+00:00,174.13669256859194,175.58577815167013,173.08417910306585,174.02269371522672,174.02269371522672,7990060.0,sample,2026-09-24 19:05:19.245756+00:00
AAPL,2025-01-08 18:15:00+00:00,173.94481117801004,176.61087834158434,173.21487977168837,174.59508522622258,174.59508522622258,11128926.0,sample,2026-09-24 19:05:19.245756+00:00
AAPL,2025-01-08 18:30:00+00:00,174.54746384491165,175.4778465602854,173.15447246763944,173.92633279409196,173.92633279409196,6742817.0,sample,2026-09-24 19:05:19.245756+00:00
AAPL,2025-01-08 18:45:00+00:00,173.90670164932445,175.2226546982215,171.93897576022388,174.27569420165494,174.27569420165494,14420299.0,sample,2026-09-24 19:05:19.245756+00:00
AAPL,2025-01-08 19:00:00+00:00,174.48004873990845,176.30201231246238,171.29500689631493,173.21044290449024,173.21044290449024,3687624.0,sample,2026-09-24 19:05:19.245756+00:00
AAPL,2025-01-08 19:15:00+00:00,173.07287634217175,174.01007535869658,172.42091590101117,173.7698834131542,173.7698834131542,4264667.0,sample,2026-09-24 19:05:19.245756+00:00
AAPL,2025-01-08 19:30:00+00:00,173.72827088930748,174.6854001584558,171.71030906682145,173.72221098482524,173.72221098482524,10570726.0,sample,2026-09-24 19:05:19.245756+00:00
AAPL,2025-01-08 19:45:00+00:00,173.93175967724213,175.71922329304041,171.4549085765914,172.87995593784103,172.87995593784103,12860427.0,sample,2026-09-24 19:05:19.245756+00:00
AAPL,2025-01-08 20:00:00+00:00,172.75293721091265,174.0942118924449,171.15638014236785,173.23020459466136,173.23020459466136,6174913.0,sample,2026-09-24 19:05:19.245756+00:00
AAPL,2025-01-08 20:15:00+00:00,173.72169517097703,174.06946174506336,172.1393951437215,173.87359412804136,173.87359412804136,5026947.0,sample,2026-09-24 19:05:19.245756+00:00
AAPL,2025-01-08 20:30:00+00:00,173.9244106705837,175.28768271731417,173.55839879566796,174.20693633448704,174.20693633448704,17901908.0,sample,2026-09-24 19:05:19.245756+00:00
AAPL,2025-01-08 20:45:00+00:00,174.56202362566304,176.07519357378075,173.27989222826463,174.39555969421957,174.39555969421957,3283501.0,sample,2026-09-24 19:05:19.245756+00:00
AAPL,2025-01-08 21:00:00+00:00,174.51301078350411,175.76818145763096,172.9806823888898,173.5671451147074,173.5671451147074,16706297.0,sample,2026-09-24 19:05:19.245756+00:00
AAPL,2025-01-08 21:15:00+00:00,173.85857337971925,176.1651675748704,172.06195786647362,174.18759915032737,174.18759915032737,13357504.0,sample,2026-09-24 19:05:19.245756+00:00
AAPL,2025-01-08 21:30:00+00:00,174.23688549933058,174.49070133936442,171.89212874528232,172.77876541072797,172.77876541072797,10804989.0,sample,2026-09-24 19:05:19.245756+00:00
AAPL,2025-01-08 21:45:00+00:00,172.87062876217362,173.88267391820705,171.43758894678024,172.46017946649397,172.46017946649397,7372189.0,sample,2026-09-24 19:05:19.245756+00:00
AAPL,2025-01-08 22:00:00+00:00,172.6581237509159,175.2209992335451,171.5028968318438,173.87082473750561,173.87082473750561,10155107.0,sample,2026-09-24 19:05:19.245756+00:00
AAPL,2025-01-08 22:15:00+00:00,173.7656355920947,174.12467134930512,171.52059013655847,172.99485316214725,172.99485316214725,15496164.0,sample,2026-09-24 19:05:19.245756+00:00
AAPL,2025-01-08 22:30:00+00:00,173.58709040456338,175.23182703321928,170.66885701588959,171.8560083368999,171.8560083368999,9849373.0,sample,2026-09-24 19:05:19.245756+00:00
AAPL,2025-01-08 22:45:00+00:00,171.67545073791817,172.8029355087769,169.29353415668604,171.29479188181415,171.29479188181415,5139836.0,sample,2026-09-24 19:05:19.245756+00:00
AAPL,2025-01-08 23:00:00+00:00,171.76416287488004,172.8052737513002,171.00171926261112,171.60902851558654,171.60902851558654,2614202.0,sample,2026-09-24 19:05:19.245756+00:00
AAPL,2025-01-08 23:15:00+00:00,171.55203513579247,172.14864918008695,170.2958198255801,171.61251274278234,171.61251274278234,7944594.0,sample,2026-09-24 19:05:19.245756+00:00
AAPL,2025-01-08 23:30:00+00:00,171.98337272197992,174.2440568350391,171.7468371600519,172.34267627652545,172.34267627652545,9665476.0,sample,2026-09-24 19:05:19.245756+00:00
AAPL,2025-01-08 23:45:00+00:00,172.57694780039174,174.0396111041125,171.98769233096658,172.43286044650478,172.43286044650478,4046926.0,sample,2026-09-24 19:05:19.245756+00:00
AAPL,2025-01-09 00:00:00+00:00,172.930387025715,173.46677407484214,171.31030298077312,171.78167785254973,171.78167785254973,6208486.0,sample,2026-09-24 19:05:19.245756+00:00
AAPL,2025-01-09 00:15:00+00:00,172.85518936785766,174.20897932914505,170.4105578224058,172.46155165493303,172.46155165493303,9925035.0,sample,2026-09-24 19:05:19.245756+00:00
AAPL,2025-01-09 00:30:00+00:00,173.39416094907895,175.24537926749431,171.5056083963484,172.13577960032805,172.13577960032805,2400213.0,sample,2026-09-24 19:05:19.245756+00:00
AAPL,2025-01-09 00:45:00+00:00,172.0786098871773,173.99123606960703,170.51768209384662,172.6412858969139,172.6412858969139,12185828.0,sample,2026-09-24 19:05:19.245756+00:00
AAPL,2025-01-09 01:00:00+00:00,172.75166135119053,174.23589189693348,172.25854306460292,173.6384016783981,173.6384016783981,4169883.0,sample,2026-09-24 19:05:19.245756+00:00
AAPL,2025-01-09 01:15:00+00:00,173.45794022401944,175.9670461663832,173.03028112777912,174.03955548708277,174.03955548708277,16633724.0,sample,2026-09-24 19:05:19.245756+00:00
AAPL,2025-01-09 01:30:00+00:00,174.19136164094988,175.88766029981383,173.66555302543824,174.98485238858638,174.98485238858638,2610328.0,sample,2026-09-24 19:05:19.245756+00:00
AAPL,2025-01-09 01:45:00+00:00,174.62816957168255,175.10865377998851,172.64996034973603,174.21601545965487,174.21601545965487,4960347.0,sample,2026-09-24 19:05:19.245756+00:00
AAPL,2025-01-09 02:00:00+00:00,174.42949042466208,175.77999747699198,173.31666982460473,173.98748441024463,173.98748441024463,12926059.0,sample,2026-09-24 19:05:19.245756+00:00
AAPL,2025-01-09 02:15:00+00:00,173.5585863869729,175.9394525291095,172.91082784455907,174.1746205454127,174.1746205454127,17717770.0,sample,2026-09-24 19:05:19.245756+00:00
AAPL,2025-01-09 02:30:00+00:00,174.768435417296,175.3359051399562,172.7132049732688,173.43776843933506,173.43776843933506,3004204.0,sample,2026-09-24 19:05:19.245756+00:00
AAPL,2025-01-09 02:45:00+00:00,173.37382180561258,174.61127317616118,171.58302917278996,174.405260515094,174.405260515094,10928317.0,sample,2026-09-24 19:05:19.245756+00:00
AAPL,2025-01-09 03:00:00+00:00,174.03655634569827,177.13646080503307,173.718234477108,175.3149289634801,175.3149289634801,15140423.0,sample,2026-09-24 19:05:19.245756+00:00
AAPL,2025-01-09 03:15:00+00:00,175.1897628317941,176.1825157166095,173.08912240160686,175.70688369645086,175.70688369645086,2636955.0,sample,2026-09-24 19:05:19.245756+00:00
AAPL,2025-01-09 03:30:00+00:00,175.79857362296107,177.44594827158548,174.06194034528198,176.18943345200847,176.18943345200847,16072267.0,sample,2026-09-24 19:05:19.245756+00:00
AAPL,2025-01-09 03:45:00+00:00,175.8342876940327,176.3525005645987,174.45856239447613,176.17202661576286,176.17202661576286,14734946.0,sample,2026-09-24 19:05:19.245756+00:00
AAPL,2025-01-09 04:00:00+00:00,176.7858118723683,177.2924707811737,174.4294537923085,175.513216987048,175.513216987048,17491358.0,sample,2026-09-24 19:05:19.245756+00:00
AAPL,2025-01-09 04:15:00+00:00,175.69745250166608,176.54208076680308,173.97444451224524,175.16294847271948,175.16294847271948,4955982.0,sample,2026-09-24 19:05:19.245756+00:00
AAPL,2025-01-09 04:30:00+00:00,175.0041294469946,177.08842515173302,174.62562706751817,175.06170305069531,175.06170305069531,5011327.0,sample,2026-09-24 19:05:19.245756+00:00
AAPL,2025-01-09 04:45:00+00:00,174.65810666308124,176.2890094419893,174.47080871420937,175.29262743559144,175.29262743559144,10668906.0,sample,2026-09-24 19:05:19.245756+00:00
AAPL,2025-01-09 05:00:00+00:00,175.39792198706684,177.1471508568647,173.59328057975938,175.27467358225957,175.27467358225957,9188714.0,sample,2026-09-24 19:05:19.245756+00:00
AAPL,2025-01-09 05:15:00+00:00,175.4471157980816,177.30812364474377,175.0156606507582,175.5408404840551,175.5408404840551,14282521.0,sample,2026-09-24 19:05:19.245756+00:00
AAPL,2025-01-09 05:30:00+00:00,175.82734002344296,177.1567588632162,173.85742535083648,174.7116559283661,174.7116559283661,17150407.0,sample,2026-09-24 19:05:19.245756+00:00
AAPL,2025-01-09 05:45:00+00:00,174.69950323113386,176.69053528693885,173.9248862197015,174.2731773538551,174.2731773538551,12459907.0,sample,2026-09-24 19:05:19.245756+00:00
AAPL,2025-01-09 06:00:00+00:00,173.98997222930538,176.45793783476896,172.5611972771419,174.4637582869666,174.4637582869666,6981712.0,sample,2026-09-24 19:05:19.245756+00:00
AAPL,2025-01-09 06:15:00+00:00,174.77329796409012,175.44851251497096,174.2373416515803,175.19666401764798,175.19666401764798,7359892.0,sample,2026-09-24 19:05:19.245756+00:00
AAPL,2025-01-09 06:30:00+00:00,175.1697750672461,176.27374123389492,172.6089726229607,174.16200990840818,174.16200990840818,8290401.0,sample,2026-09-24 19:05:19.245756+00:00
AAPL,2025-01-09 06:45:00+00:00,173.83664850473818,175.99542916169725,172.98768070803717,174.4656847702515,174.4656847702515,10106900.0,sample,2026-09-24 19:05:19.245756+00:00
AAPL,2025-01-09 07:00:00+00:00,174.4820734847536,176.4560463542068,173.08711162122043,175.04137437571447,175.04137437571447,17409354.0,sample,2026-09-24 19:05:19.245756+00:00
AAPL,2025-01-09 07:15:00+00:00,174.98703942093778,175.97729067903919,174.20135269444543,175.07500289204953,175.07500289204953,4077566.0,sample,2026-09-24 19:05:19.245756+00:00
AAPL,2025-01-09 07:30:00+00:00,174.92383585972254,175.70800704240602,173.42569798747766,175.20829748050318,175.20829748050318,14428662.0,sample,2026-09-24 19:05:19.245756+00:00
AAPL,2025-01-09 07:45:00+00:00,175.46562653424743,177.33797872434835,174.13033813693804,175.01205094710505,175.01205094710505,5390645.0,sample,2026-09-24 19:05:19.245756+00:00
AAPL,2025-01-09 08:00:00+00:00,174.1005276527213,175.5145492560429,172.91491780374142,175.06371919799497,175.06371919799497,17094537.0,sample,2026-09-24 19:05:19.245756+00:00
AAPL,2025-01-09 08:15:00+00:00,175.33364631378927,176.7215907881278,173.82688421191824,174.88690782760884,174.88690782760884,12995166.0,sample,2026-09-24 19:05:19.245756+00:00
AAPL,2025-01-09 08:30:00+00:00,174.73688670035145,175.1772010658301,173.21833345261513,173.9406843317048,173.9406843317048,3630217.0,sample,2026-09-24 19:05:19.245756+00:00
AAPL,2025-01-09 08:45:00+00:00,173.75758985427169,176.58105815816825,172.42673605490612,174.94045925186595,174.94045925186595,13128046.0,sample,2026-09-24 19:05:19.245756+00:00
AAPL,2025-01-09 09:00:00+00:00,174.80050572666946,177.33695499959504,172.7049123737719,175.2376147268034,175.2376147268034,2602615.0,sample,2026-09-24 19:05:19.245756+00:00
AAPL,2025-01-09 09:15:00+00:00,175.34040967981264,177.11221492075038,174.15589168968637,174.9597310072543,174.9597310072543,7468152.0,sample,2026-09-24 19:05:19.245756+00:00
AAPL,2025-01-09 09:30:00+00:00,174.52813090817386,176.38743895698204,172.82947171731348,175.94589553272922,175.94589553272922,16691847.0,sample,2026-09-24 19:05:19.245756+00:00
AAPL,2025-01-09 09:45:00+00:00,175.9029849246566,177.82412907493364,175.03470932260822,175.8376253783848,175.8376253783848,11837867.0,sample,2026-09-24 19:05:19.245756+00:00
AAPL,2025-01-09 10:00:00+00:00,176.17893696650958,176.8421901895879,175.66396191639674,176.35842441306357,176.35842441306357,12872238.0,sample,2026-09-24 19:05:19.245756+00:00
AAPL,2025-01-09 10:15:00+00:00,176.6269175975707,178.68731627701976,173.21416246526596,175.29583433920297,175.29583433920297,10484233.0,sample,2026-09-24 19:05:19.245756+00:00
AAPL,2025-01-09 10:30:00+00:00,174.9171632906304,175.29113750965575,174.3031347604204,174.96883430945522,174.96883430945522,16617195.0,sample,2026-09-24 19:05:19.245756+00:00
AAPL,2025-01-09 10:45:00+00:00,174.67919265901534,176.51686814956332,174.32027704488925,175.78814612785493,175.78814612785493,15263268.0,sample,2026-09-24 19:05:19.245756+00:00
AAPL,2025-01-09 11:00:00+00:00,175.26476958280506,177.0748249769394,173.43195242646527,176.88063653448646,176.88063653448646,10697952.0,sample,2026-09-24 19:05:19.245756+00:00
AAPL,2025-01-09 11:15:00+00:00,176.36964568503745,179.25362949171546,175.19093279707118,178.26451876028733,178.26451876028733,5048010.0,sample,2026-09-24 19:05:19.245756+00:00
AAPL,2025-01-09 11:30:00+00:00,178.55601309471555,180.910791940646,177.74521372843446,179.34671319232635,179.34671319232635,5415420.0,sample,2026-09-24 19:05:19.245756+00:00
AAPL,2025-01-09 11:45:00+00:00,179.6729052255206,182.06304189671266,179.39465929753197,180.69824644328716,180.69824644328716,8161944.0,sample,2026-09-24 19:05:19.245756+00:00
AAPL,2025-01-09 12:00:00+00:00,180.24478501999414,182.14627890700643,179.07814848332706,180.3020321356987,180.3020321356987,12790666.0,sample,2026-09-24 19:05:19.245756+00:00
AAPL,2025-01-09 12:15:00+00:00,180.97673323191046,183.06110061812132,178.2344144002435,179.40297227913678,179.40297227913678,15631902.0,sample,2026-09-24 19:05:19.245756+00:00
AAPL,2025-01-09 12:30:00+00:00,179.8818413616815,180.9762510405447,176.91094068984663,177.8109054397409,177.8109054397409,4089197.0,sample,2026-09-24 19:05:19.245756+00:00
AAPL,2025-01-09 12:45:00+00:00,178.01755807547417,178.7768451199012,177.7357929089054,177.97102059197425,177.97102059197425,1702068.0,sample,2026-09-24 19:05:19.245756+00:00
AAPL,2025-01-09 13:00:00+00:00,177.81725828332577,178.75727694866256,176.36160255320002,177.89065959257232,177.89065959257232,12140946.0,sample,2026-09-24 19:05:19.245756+00:00
AAPL,2025-01-09 13:15:00+00:00,177.7023254951999,180.44424166501915,176.37820869217447,179.0503532258334,179.0503532258334,10578716.0,sample,2026-09-24 19:05:19.245756+00:00
AAPL,2025-01-09 13:30:00+00:00,179.33903115390353,180.06976192970654,178.1569467876485,178.97967676735573,178.97967676735573,8070765.0,sample,2026-09-24 19:05:19.245756+00:00
AAPL,2025-01-09 13:45:00+00:00,179.17138590545514,181.03629664518925,177.40538747572504,180.2189377643812,180.2189377643812,11619184.0,sample,2026-09-24 19:05:19.245756+00:00
AAPL,2025-01-09 14:00:00+00:00,179.68656232508144,181.00166641851803,178.4510258219382,179.19967362893485,179.19967362893485,17818472.0,sample,2026-09-24 19:05:19.245756+00:00
AAPL,2025-01-09 14:15:00+00:00,179.28206258645412,182.3971799922429,177.7549058880861,180.541912120336,180.541912120336,13630931.0,sample,2026-09-24 19:05:19.245756+00:00
AAPL,2025-01-09 14:30:00+00:00,180.61693795489654,181.32793630161683,179.95467336633595,180.5849406096629,180.5849406096629,5998206.0,sample,2026-09-24 19:05:19.245756+00:00
AAPL,2025-01-09 14:45:00+00:00,181.08580793387614,183.36023684131587,179.6661439455052,181.65832729176358,181.65832729176358,4233367.0,sample,2026-09-24 19:05:19.245756+00:00
AAPL,2025-01-09 15:00:00+00:00,181.34901043623847,182.99164268255205,179.2713134295553,182.46422607406376,182.46422607406376,15140076.0,sample,2026-09-24 19:05:19.245756+00:00
AAPL,2025-01-09 15:15:00+00:00,182.34192277791436,182.95614576358534,180.8028631903054,181.93992200054126,181.93992200054126,3595143.0,sample,2026-09-24 19:05:19.245756+00:00
AAPL,2025-01-09 15:30:00+00:00,181.87244160572473,184.5054274560946,181.28925889417897,182.68951973042783,182.68951973042783,12705056.0,sample,2026-09-24 19:05:19.245756+00:00
AAPL,2025-01-09 15:45:00+00:00,182.61964856508428,183.13375360786262,181.50109629967375,182.35519043699665,182.35519043699665,11148364.0,sample,2026-09-24 19:05:19.245756+00:00
AAPL,2025-01-09 16:00:00+00:00,182.13610324614228,185.1983082992048,180.96889181293915,183.10230080970828,183.10230080970828,7232703.0,sample,2026-09-24 19:05:19.245756+00:00
AAPL,2025-01-09 16:15:00+00:00,183.59618185430543,185.3498676061488,181.68456525690954,183.63343219371242,183.63343219371242,10924582.0,sample,2026-09-24 19:05:19.245756+00:00
AAPL,2025-01-09 16:30:00+00:00,183.31271799051027,185.16020521978885,182.1650870779814,184.04731020768193,184.04731020768193,8360398.0,sample,2026-09-24 19:05:19.245756+00:00
AAPL,2025-01-09 16:45:00+00:00,183.85364141789802,185.72764515715775,183.21928276604004,184.03687346121438,184.03687346121438,16162012.0,sample,2026-09-24 19:05:19.245756+00:00
AAPL,2025-01-09 17:00:00+00:00,183.67767927845208,184.9585556449115,182.17490917765033,183.9666528941064,183.9666528941064,13859867.0,sample,2026-09-24 19:05:19.245756+00:00
AAPL,2025-01-09 17:15:00+00:00,183.86277855868536,185.06799322636456,183.14128069162587,184.12011423712423,184.12011423712423,14276125.0,sample,2026-09-24 19:05:19.245756+00:00
AAPL,2025-01-09 17:30:00+00:00,184.50325109224474,184.79799721126756,182.19379809658312,182.48220103305408,182.48220103305408,4732821.0,sample,2026-09-24 19:05:19.245756+00:00
AAPL,2025-01-09 17:45:00+00:00,182.54743417182286,183.94924713924686,181.9881264355803,183.30012328140515,183.30012328140515,5474145.0,sample,2026-09-24 19:05:19.245756+00:00
AAPL,2025-01-09 18:00:00+00:00,183.57186031192256,185.70609775859387,183.16327098231227,183.35156957526135,183.35156957526135,6894485.0,sample,2026-09-24 19:05:19.245756+00:00
AAPL,2025-01-09 18:15:00+00:00,183.5662915934949,185.2123671679458,181.98356491684223,183.61791089229072,183.61791089229072,6195931.0,sample,2026-09-24 19:05:19.245756+00:00
AAPL,2025-01-09 18:30:00+00:00,183.55075741811356,184.00677747588483,181.3795281720847,183.05030269032542,183.05030269032542,17884405.0,sample,2026-09-24 19:05:19.245756+00:00
AAPL,2025-01-09 18:45:00+00:00,182.3882343923901,184.66276515237763,181.21884377617837,183.3783531687546,183.3783531687546,16988321.0,sample,2026-09-24 19:05:19.245756+00:00
AAPL,2025-01-09 19:00:00+00:00,183.44970379772082,184.18915631548592,182.88835056498195,183.14819844989034,183.14819844989034,17532725.0,sample,2026-09-24 19:05:19.245756+00:00
AAPL,2025-01-09 19:15:00+00:00,183.13305918922882,185.08261996473098,182.9454609378016,184.41065521121206,184.41065521121206,16738390.0,sample,2026-09-24 19:05:19.245756+00:00
AAPL,2025-01-09 19:30:00+00:00,184.3177249646498,185.10635115325562,181.82836629180503,183.48850601701153,183.48850601701153,17478626.0,sample,2026-09-24 19:05:19.245756+00:00
AAPL,2025-01-09 19:45:00+00:00,183.31936696767923,185.11461159359015,182.51847456648002,184.50533224487867,184.50533224487867,2965787.0,sample,2026-09-24 19:05:19.245756+00:00
AAPL,2025-01-09 20:00:00+00:00,184.4211642679416,185.7146151949333,183.20081256406644,184.02467108407328,184.02467108407328,3746299.0,sample,2026-09-24 19:05:19.245756+00:00
AAPL,2025-01-09 20:15:00+00:00,183.7611394409948,185.62042375372351,182.10435918544505,184.39572442554427,184.39572442554427,11860389.0,sample,2026-09-24 19:05:19.245756+00:00
AAPL,2025-01-09 20:30:00+00:00,184.1015324526456,186.16253785539445,183.86078101437494,184.3128620864901,184.3128620864901,14207237.0,sample,2026-09-24 19:05:19.245756+00:00
AAPL,2025-01-09 20:45:00+00:00,184.07525409570783,185.9095722260147,182.70588947741086,183.70642573117127,183.70642573117127,14756357.0,sample,2026-09-24 19:05:19.245756+00:00
AAPL,2025-01-09 21:00:00+00:00,183.78516141012528,184.53262984501188,180.85968582051058,182.30938850652842,182.30938850652842,10809456.0,sample,2026-09-24 19:05:19.245756+00:00
AAPL,2025-01-09 21:15:00+00:00,182.92823600289645,184.12161822944017,181.91688278457949,182.94797799058497,182.94797799058497,16636112.0,sample,2026-09-24 19:05:19.245756+00:00
AAPL,2025-01-09 21:30:00+00:00,183.17514894008923,184.77178350475063,179.63203170636177,181.79811191236126,181.79811191236126,16980304.0,sample,2026-09-24 19:05:19.245756+00:00
AAPL,2025-01-09 21:45:00+00:00,181.1085227904127,183.16872825409163,178.99143035721403,181.5586636259813,181.5586636259813,1906275.0,sample,2026-09-24 19:05:19.245756+00:00
AAPL,2025-01-09 22:00:00+00:00,181.61185398142268,184.5171632648648,179.9861890219538,182.60400900796245,182.60400900796245,12008023.0,sample,2026-09-24 19:05:19.245756+00:00
AAPL,2025-01-09 22:15:00+00:00,182.7963291934286,184.47325529518844,182.0839554996555,183.67681217464508,183.67681217464508,4746015.0,sample,2026-09-24 19:05:19.245756+00:00
AAPL,2025-01-09 22:30:00+00:00,183.98782586268337,186.06762648247,181.87386725544027,183.984277621196,183.984277621196,14565659.0,sample,2026-09-24 19:05:19.245756+00:00
AAPL,2025-01-09 22:45:00+00:00,183.77629043908556,184.73219013186426,181.40232695084958,182.89398389222652,182.89398389222652,13303298.0,sample,2026-09-24 19:05:19.245756+00:00
AAPL,2025-01-09 23:00:00+00:00,182.32702727139736,184.14533204066643,180.91763901852386,182.89188338144547,182.89188338144547,14306950.0,sample,2026-09-24 19:05:19.245756+00:00
AAPL,2025-01-09 23:15:00+00:00,183.20239482108843,183.50825023302502,182.55814429159832,183.0359640940668,183.0359640940668,7758741.0,sample,2026-09-24 19:05:19.245756+00:00
AAPL,2025-01-09 23:30:00+00:00,182.87692213996095,184.48859281394277,180.36434159127728,182.54065192282536,182.54065192282536,12748251.0,sample,2026-09-24 19:05:19.245756+00:00
AAPL,2025-01-09 23:45:00+00:00,183.22283337334625,185.1019855177928,181.7238030813291,183.6087381436801,183.6087381436801,9654154.0,sample,2026-09-24 19:05:19.245756+00:00
AAPL,2025-01-10 00:00:00+00:00,183.18971182779632,184.2411977837567,181.5846107308795,183.8714688924114,183.8714688924114,13610458.0,sample,2026-09-24 19:05:19.245756+00:00
AAPL,2025-01-10 00:15:00+00:00,184.60906770717648,186.6429050740298,182.3848221274883,184.19219430632174,184.19219430632174,9478368.0,sample,2026-09-24 19:05:19.245756+00:00
AAPL,2025-01-10 00:30:00+00:00,183.7592857841988,185.6450758307461,181.63759583053886,184.20332484414388,184.20332484414388,3691554.0,sample,2026-09-24 19:05:19.245756+00:00
AAPL,2025-01-10 00:45:00+00:00,184.9263437267163,186.57497714514304,182.05161029449764,183.29265589255556,183.29265589255556,10960792.0,sample,2026-09-24 19:05:19.245756+00:00
AAPL,2025-01-10 01:00:00+00:00,183.38400675479545,185.54346627295308,181.9836837244558,182.7001459813745,182.7001459813745,1703289.0,sample,2026-09-24 19:05:19.245756+00:00
AAPL,2025-01-10 01:15:00+00:00,183.07177082876277,184.95348204838223,180.84531387602107,182.0747721112428,182.0747721112428,4568188.0,sample,2026-09-24 19:05:19.245756+00:00
AAPL,2025-01-10 01:30:00+00:00,182.31077093836927,184.7803699831256,181.15900584244906,183.04525357549167,183.04525357549167,15554521.0,sample,2026-09-24 19:05:19.245756+00:00
AAPL,2025-01-10 01:45:00+00:00,183.47325192260885,183.6727286879417,182.57758315576956,183.16014757876184,183.16014757876184,7857803.0,sample,2026-09-24 19:05:19.245756+00:00
AAPL,2025-01-10 02:00:00+00:00,183.31313100302233,184.65297000155093,183.04379735851694,183.57755415207026,183.57755415207026,17415871.0,sample,2026-09-24 19:05:19.245756+00:00
AAPL,2025-01-10 02:15:00+00:00,183.9220308100136,185.07498422879078,182.5129079792528,183.96715939920577,183.96715939920577,13715155.0,sample,2026-09-24 19:05:19.245756+00:00
AAPL,2025-01-10 02:30:00+00:00,183.58309851569868,184.55770494574247,182.81526744801388,184.35062097743105,184.35062097743105,13717504.0,sample,2026-09-24 19:05:19.245756+00:00
AAPL,2025-01-10 02:45:00+00:00,184.35522752106957,186.24502516364163,182.34044177488266,185.6715709884182,185.6715709884182,10381136.0,sample,2026-09-24 19:05:19.245756+00:00
AAPL,2025-01-10 03:00:00+00:00,185.2466150218566,187.92543174288485,184.17290144016195,186.39003281812072,186.39003281812072,2858960.0,sample,2026-09-24 19:05:19.245756+00:00
AAPL,2025-01-10 03:15:00+00:00,186.40477319973542,186.9780517915686,184.49095026525163,186.70246507678425,186.70246507678425,8078036.0,sample,2026-09-24 19:05:19.245756+00:00
AAPL,2025-01-10 03:30:00+00:00,186.8256858226655,188.62689889934995,185.84212052745806,186.90432832222976,186.90432832222976,5583199.0,sample,2026-09-24 19:05:19.245756+00:00
AAPL,2025-01-10 03:45:00+00:00,186.9065478038714,189.19970159457057,184.96370598288559,188.08539964925552,188.08539964925552,10791989.0,sample,2026-09-24 19:05:19.245756+00:00
AAPL,2025-01-10 04:00:00+00:00,188.53158211297037,189.13949514336653,184.63683478717914,186.82841969407056,186.82841969407056,8085114.0,sample,2026-09-24 19:05:19.245756+00:00
AAPL,2025-01-10 04:15:00+00:00,187.18258183182144,189.09346011255386,186.26131341339388,187.92094306275737,187.92094306275737,6621202.0,sample,2026-09-24 19:05:19.245756+00:00
AAPL,2025-01-10 04:30:00+00:00,188.1998947149984,189.76292064237452,186.89355139403415,187.62129169296117,187.62129169296117,8427748.0,sample,2026-09-24 19:05:19.245756+00:00
AAPL,2025-01-10 04:45:00+00:00,188.0250244648679,190.20230635984876,187.2324189356911,188.07914038135942,188.07914038135942,17493691.0,sample,2026-09-24 19:05:19.245756+00:00
AAPL,2025-01-10 05:00:00+00:00,188.68092105026392,190.41265159939715,187.3306727186272,187.96748193629966,187.96748193629966,11999454.0,sample,2026-09-24 19:05:19.245756+00:00
AAPL,2025-01-10 05:15:00+00:00,187.71448073725094,189.28929904616444,187.10034199858194,188.08404035795436,188.08404035795436,10789278.0,sample,2026-09-24 19:05:19.245756+00:00
AAPL,2025-01-10 05:30:00+00:00,187.98739237422262,189.35797617075528,186.06265846815637,187.99012751060621,187.99012751060621,13456133.0,sample,2026-09-24 19:05:19.245756+00:00
AAPL,2025-01-10 05:45:00+00:00,188.05191077318833,188.66654277610863,184.9863723701701,185.37475607203757,185.37475607203757,16248846.0,sample,2026-09-24 19:05:19.245756+00:00
AAPL,2025-01-10 06:00:00+00:00,185.0560086969797,186.245016489505,183.54227432842094,184.61668201811145,184.61668201811145,6541641.0,sample,2026-09-24 19:05:19.245756+00:00
AAPL,2025-01-10 06:15:00+00:00,184.46944813851454,185.25682456412522,182.7716986126231,184.08392106129878,184.08392106129878,8218211.0,sample,2026-09-24 19:05:19.245756+00:00
AAPL,2025-01-10 06:30:00+00:00,183.5494646490653,184.24670228032753,182.2366760139845,183.1725442488378,183.1725442488378,3097300.0,sample,2026-09-24 19:05:19.245756+00:00
AAPL,2025-01-10 06:45:00+00:00,182.76358850349797,183.23885408314487,181.30488774404648,181.86420745342335,181.86420745342335,17110995.0,sample,2026-09-24 19:05:19.245756+00:00
AAPL,2025-01-10 07:00:00+00:00,182.38760620848302,184.15252727886406,180.65545765695668,182.2949244497926,182.2949244497926,5692552.0,sample,2026-09-24 19:05:19.245756+00:00
AAPL,2025-01-10 07:15:00+00:00,182.22893955337943,184.30584846558185,180.9539251197556,181.59735873553004,181.59735873553004,9707475.0,sample,2026-09-24 19:05:19.245756+00:00
AAPL,2025-01-10 07:30:00+00:00,180.92837879639185,182.6738288904525,179.08621878582406,181.7186948954103,181.7186948954103,15795477.0,sample,2026-09-24 19:05:19.245756+00:00
AAPL,2025-01-10 07:45:00+00:00,181.82954502869137,184.26988150119035,179.84901693891337,182.63282632153513,182.63282632153513,10259220.0,sample,2026-09-24 19:05:19.245756+00:00
AAPL,2025-01-10 08:00:00+00:00,182.5107597380087,184.56527923073727,181.05556902037068,181.88682526520114,181.88682526520114,10787453.0,sample,2026-09-24 19:05:19.245756+00:00
AAPL,2025-01-10 08:15:00+00:00,181.19672169950988,183.5660263774186,180.9458571325805,181.79620289342435,181.79620289342435,9073756.0,sample,2026-09-24 19:05:19.245756+00:00
AAPL,2025-01-10 08:30:00+00:00,181.5289123284262,183.91676396854209,180.8683843576898,182.6634268621065,182.6634268621065,8209488.0,sample,2026-09-24 19:05:19.245756+00:00
AAPL,2025-01-10 08:45:00+00:00,182.5668956975032,184.22612814985567,181.86319154878043,182.4744105610209,182.4744105610209,15791207.0,sample,2026-09-24 19:05:19.245756+00:00
AAPL,2025-01-10 09:00:00+00:00,182.56595336854272,183.22552473499607,180.47986447389889,182.23644526053462,182.23644526053462,11708242.0,sample,2026-09-24 19:05:19.245756+00:00
AAPL,2025-01-10 09:15:00+00:00,182.02689574903218,182.90792502006357,179.40713779041712,180.72537398720831,180.72537398720831,3857790.0,sample,2026-09-24 19:05:19.245756+00:00
AAPL,2025-01-10 09:30:00+00:00,181.14088364145493,183.57513131894112,179.00698015133761,181.7307066014211,181.7307066014211,17914150.0,sample,2026-09-24 19:05:19.245756+00:00
AAPL,2025-01-10 09:45:00+00:00,181.6543425271293,183.61881558447854,179.58943466358937,181.57678805171037,181.57678805171037,8170781.0,sample,2026-09-24 19:05:19.245756+00:00
AAPL,2025-01-10 10:00:00+00:00,182.43742680557213,182.80682161246358,178.7879262007255,180.6259786309445,180.6259786309445,5652425.0,sample,2026-09-24 19:05:19.245756+00:00
AAPL,2025-01-10 10:15:00+00:00,180.98879393145916,182.91996430736535,179.88763996052708,181.25667675135762,181.25667675135762,10422519.0,sample,2026-09-24 19:05:19.245756+00:00
AAPL,2025-01-10 10:30:00+00:00,181.81088483403616,183.59374568170287,180.4638604948046,180.9671143575359,180.9671143575359,10482327.0,sample,2026-09-24 19:05:19.245756+00:00
AAPL,2025-01-10 10:45:00+00:00,181.45269193503174,181.92551466409154,180.28904887064823,180.92869828402777,180.92869828402777,10261056.0,sample,2026-09-24 19:05:19.245756+00:00
AAPL,2025-01-10 11:00:00+00:00,180.5016054053501,182.42555499599567,179.06445252822417,180.46741363641337,180.46741363641337,15735368.0,sample,2026-09-24 19:05:19.245756+00:00
AAPL,2025-01-10 11:15:00+00:00,180.9461266268583,182.7531428578591,180.19160596694712,181.00979258543046,181.00979258543046,3148650.0,sample,2026-09-24 19:05:19.245756+00:00
AAPL,2025-01-10 11:30:00+00:00,181.98731208005864,183.50008006416516,180.6025676665243,181.50585477954593,181.50585477954593,8127417.0,sample,2026-09-24 19:05:19.245756+00:00
AAPL,2025-01-10 11:45:00+00:00,182.16085435953264,183.72528007771143,179.15792100460664,181.17849402388484,181.17849402388484,15452154.0,sample,2026-09-24 19:05:19.245756+00:00
AAPL,2025-01-10 12:00:00+00:00,181.32960859368052,183.47603610195148,179.93672326182806,181.2031158426787,181.2031158426787,3300281.0,sample,2026-09-24 19:05:19.245756+00:00
AAPL,2025-01-10 12:15:00+00:00,180.84798734662837,183.59222739153356,179.71115117320863,182.33816293698237,182.33816293698237,3303149.0,sample,2026-09-24 19:05:19.245756+00:00
AAPL,2025-01-10 12:30:00+00:00,182.77424148349985,184.12601722629043,180.53413308746073,182.46066236815378,182.46066236815378,2125771.0,sample,2026-09-24 19:05:19.245756+00:00
AAPL,2025-01-10 12:45:00+00:00,182.31125816965167,182.5285356358842,181.819029074992,182.1377253799868,182.1377253799868,12399467.0,sample,2026-09-24 19:05:19.245756+00:00
AAPL,2025-01-10 13:00:00+00:00,182.2559346524119,184.9099730520142,181.3035541859252,183.17282309327888,183.17282309327888,11395113.0,sample,2026-09-24 19:05:19.245756+00:00
AAPL,2025-01-10 13:15:00+00:00,183.52961314434825,185.3746797315,181.28353137557704,182.70839110041078,182.70839110041078,10334977.0,sample,2026-09-24 19:05:19.245756+00:00
AAPL,2025-01-10 13:30:00+00:00,183.15481483953957,183.7552922243108,181.64602922536616,182.7718581020188,182.7718581020188,4251653.0,sample,2026-09-24 19:05:19.245756+00:00
AAPL,2025-01-10 13:45:00+00:00,182.49428157287403,184.21765185036895,180.54947838369182,181.8994665100648,181.8994665100648,8968872.0,sample,2026-09-24 19:05:19.245756+00:00
AAPL,2025-01-10 14:00:00+00:00,182.2722117702521,183.5510900943985,180.06068540410382,181.27189258092804,181.27189258092804,4062541.0,sample,2026-09-24 19:05:19.245756+00:00
AAPL,2025-01-10 14:15:00+00:00,181.4839630547455,182.6074362291235,180.24950131262804,180.87843447452758,180.87843447452758,14739358.0,sample,2026-09-24 19:05:19.245756+00:00
AAPL,2025-01-10 14:30:00+00:00,180.8002878635483,182.27779692669185,180.15116982487282,181.28755271397478,181.28755271397478,3807689.0,sample,2026-09-24 19:05:19.245756+00:00
AAPL,2025-01-10 14:45:00+00:00,181.19542204205274,182.29198237637195,179.590019798897,182.05042907869938,182.05042907869938,5750095.0,sample,2026-09-24 19:05:19.245756+00:00
AAPL,2025-01-10 15:00:00+00:00,182.2137551729359,183.38929088155552,180.17917718219505,181.73712148518558,181.73712148518558,12304582.0,sample,2026-09-24 19:05:19.245756+00:00
AAPL,2025-01-10 15:15:00+00:00,182.38090241999862,183.869645830536,181.98446137776756,182.29235374275342,182.29235374275342,14996160.0,sample,2026-09-24 19:05:19.245756+00:00
AAPL,2025-01-10 15:30:00+00:00,182.17534690953187,184.26685777678492,181.57515575041737,182.23418630515414,182.23418630515414,10448194.0,sample,2026-09-24 19:05:19.245756+00:00
AAPL,2025-01-10 15:45:00+00:00,182.58774307099432,183.65811664674578,180.4647620383004,182.75588961887328,182.75588961887328,14259398.0,sample,2026-09-24 19:05:19.245756+00:00
AAPL,2025-01-10 16:00:00+00:00,182.47525917652212,183.7040904711406,180.0291025219282,182.19189363507496,182.19189363507496,5401263.0,sample,2026-09-24 19:05:19.245756+00:00
AAPL,2025-01-10 16:15:00+00:00,182.02064040332777,183.21013655742018,181.3388289798417,182.40117060226493,182.40117060226493,7655231.0,sample,2026-09-24 19:05:19.245756+00:00
AAPL,2025-01-10 16:30:00+00:00,182.40775955948868,183.30968783649536,180.76004130933683,182.3010400273159,182.3010400273159,6804697.0,sample,2026-09-24 19:05:19.245756+00:00
AAPL,2025-01-10 16:45:00+00:00,182.27579692040078,183.4117730333963,180.91005595470892,182.41092540357485,182.41092540357485,9762272.0,sample,2026-09-24 19:05:19.245756+00:00
AAPL,2025-01-10 17:00:00+00:00,182.37775763686545,185.74418852322856,181.4436067723781,184.25358532914137,184.25358532914137,5766735.0,sample,2026-09-24 19:05:19.245756+00:00
AAPL,2025-01-10 17:15:00+00:00,183.99241998367026,186.12004488489174,182.3808396409458,184.4841985712279,184.4841985712279,4503553.0,sample,2026-09-24 19:05:19.245756+00:00
AAPL,2025-01-10 17:30:00+00:00,184.2687564039123,186.06053940880244,183.1128370007718,185.54178993420456,185.54178993420456,6164829.0,sample,2026-09-24 19:05:19.245756+00:00
AAPL,2025-01-10 17:45:00+00:00,185.39918179483718,187.5204365793971,183.588424345343,186.36142524199246,186.36142524199246,1999090.0,sample,2026-09-24 19:05:19.245756+00:00
AAPL,2025-01-10 18:00:00+00:00,186.61954352838413,187.75228387602968,184.18098063452865,185.24942705126966,185.24942705126966,9769950.0,sample,2026-09-24 19:05:19.245756+00:00
AAPL,2025-01-10 18:15:00+00:00,185.3912310054047,186.7331881129434,184.57424203103537,185.5756224415083,185.5756224415083,3486733.0,sample,2026-09-24 19:05:19.245756+00:00
AAPL,2025-01-10 18:30:00+00:00,185.87494586862337,186.88219345192758,184.65995401950585,186.3981617728261,186.3981617728261,9457331.0,sample,2026-09-24 19:05:19.245756+00:00
AAPL,2025-01-10 18:45:00+00:00,186.83559043474142,188.43006704556316,184.85697157493968,185.2716665216564,185.2716665216564,14564742.0,sample,2026-09-24 19:05:19.245756+00:00
AAPL,2025-01-10 19:00:00+00:00,185.2576438862965,186.84109931648143,183.5084182851018,184.70349627895297,184.70349627895297,17123000.0,sample,2026-09-24 19:05:19.245756+00:00
AAPL,2025-01-10 19:15:00+00:00,184.47296028362172,189.44374978303844,183.03134467694832,187.2885931837434,187.2885931837434,12838858.0,sample,2026-09-24 19:05:19.245756+00:00
AAPL,2025-01-10 19:30:00+00:00,187.02309646129757,189.6008938386568,186.4369543491839,187.388220675655,187.388220675655,5384404.0,sample,2026-09-24 19:05:19.245756+00:00
AAPL,2025-01-10 19:45:00+00:00,188.00627258102182,188.68708055683146,186.83310820576398,187.0936797085107,187.0936797085107,12818520.0,sample,2026-09-24 19:05:19.245756+00:00
AAPL,2025-01-10 20:00:00+00:00,187.43373584581306,187.961079015244,186.094785237334,187.1548694436674,187.1548694436674,5689499.0,sample,2026-09-24 19:05:19.245756+00:00
AAPL,2025-01-10 20:15:00+00:00,187.734859993494,188.17971752796132,185.35858191804272,186.5544854270812,186.5544854270812,14579395.0,sample,2026-09-24 19:05:19.245756+00:00
AAPL,2025-01-10 20:30:00+00:00,186.99950570522935,187.9913270018712,184.44475769003907,186.67131403831863,186.67131403831863,11566179.0,sample,2026-09-24 19:05:19.245756+00:00
AAPL,2025-01-10 20:45:00+00:00,186.63294992021585,189.10558442791995,184.8641930829899,186.8764657256735,186.8764657256735,9430683.0,sample,2026-09-24 19:05:19.245756+00:00
AAPL,2025-01-10 21:00:00+00:00,187.08229667811653,187.82960306674485,184.48570478504502,186.700969394294,186.700969394294,15906707.0,sample,2026-09-24 19:05:19.245756+00:00
AAPL,2025-01-10 21:15:00+00:00,186.76304247571872,189.3312605674643,185.39101499788387,187.79961978906508,187.79961978906508,6244595.0,sample,2026-09-24 19:05:19.245756+00:00
AAPL,2025-01-10 21:30:00+00:00,188.64198982360762,190.58820239335196,186.38802255655563,189.1259251327047,189.1259251327047,8336682.0,sample,2026-09-24 19:05:19.245756+00:00
AAPL,2025-01-10 21:45:00+00:00,189.35833290197723,190.32636709786357,188.63725400114433,189.95338777327427,189.95338777327427,11993941.0,sample,2026-09-24 19:05:19.245756+00:00
AAPL,2025-01-10 22:00:00+00:00,190.57226752875164,190.79975817823242,188.85485296838294,189.40758003812147,189.40758003812147,17429100.0,sample,2026-09-24 19:05:19.245756+00:00
AAPL,2025-01-10 22:15:00+00:00,189.4725468439168,190.98084961196193,188.6585951869271,189.05312366917713,189.05312366917713,14758857.0,sample,2026-09-24 19:05:19.245756+00:00
AAPL,2025-01-10 22:30:00+00:00,189.5691884968303,190.322780339984,186.92427698411845,188.07818465103077,188.07818465103077,7783651.0,sample,2026-09-24 19:05:19.245756+00:00
AAPL,2025-01-10 22:45:00+00:00,188.1966464400072,188.62168768915416,186.39789769166143,188.41334416931068,188.41334416931068,13280850.0,sample,2026-09-24 19:05:19.245756+00:00
AAPL,2025-01-10 23:00:00+00:00,188.20220661926638,188.61772910753317,186.72263608038816,188.09420467988647,188.09420467988647,2698500.0,sample,2026-09-24 19:05:19.245756+00:00
AAPL,2025-01-10 23:15:00+00:00,188.61214456213338,189.52999112891908,186.6168376187682,187.71090214745908,187.71090214745908,14154158.0,sample,2026-09-24 19:05:19.245756+00:00
AAPL,2025-01-10 23:30:00+00:00,187.4728822792969,188.92854860235937,186.24318886500066,187.23449789487577,187.23449789487577,2378299.0,sample,2026-09-24 19:05:19.245756+00:00
AAPL,2025-01-10 23:45:00+00:00,187.15476392121616,187.67677171690303,186.1626527163948,187.44580530012556,187.44580530012556,8549346.0,sample,2026-09-24 19:05:19.245756+00:00
AAPL,2025-01-11 00:00:00+00:00,187.76045617698722,188.91689482328314,187.11769661284725,187.5951061894988,187.5951061894988,10484138.0,sample,2026-09-24 19:05:19.245756+00:00
AAPL,2025-01-11 00:15:00+00:00,187.7700542633927,188.0932076856411,185.09472984093279,186.76523546370558,186.76523546370558,2478511.0,sample,2026-09-24 19:05:19.245756+00:00
AAPL,2025-01-11 00:30:00+00:00,186.63791690980446,189.6512984351227,185.85837582617305,187.93815343479287,187.93815343479287,8194639.0,sample,2026-09-24 19:05:19.245756+00:00
AAPL,2025-01-11 00:45:00+00:00,187.9834313220245,188.61000446048325,185.90784758444892,188.10064343969253,188.10064343969253,16931191.0,sample,2026-09-24 19:05:19.245756+00:00
AAPL,2025-01-11 01:00:00+00:00,188.62375040898075,190.7425840031244,186.44460336526285,187.10959575987667,187.10959575987667,8029677.0,sample,2026-09-24 19:05:19.245756+00:00
AAPL,2025-01-11 01:15:00+00:00,186.87131484538548,189.4778680963483,185.31684891945238,187.77917132902957,187.77917132902957,1516802.0,sample,2026-09-24 19:05:19.245756+00:00
AAPL,2025-01-11 01:30:00+00:00,186.84873338043957,189.3133332820714,185.98959692880572,187.16773475245853,187.16773475245853,12285465.0,sample,2026-09-24 19:05:19.245756+00:00
AAPL,2025-01-11 01:45:00+00:00,187.58319789872124,189.49971440013127,185.66814056067494,188.56778363696714,188.56778363696714,2507833.0,sample,2026-09-24 19:05:19.245756+00:00
AAPL,2025-01-11 02:00:00+00:00,188.39614003106294,191.3473693025233,187.4470309291021,189.61728400027985,189.61728400027985,9787825.0,sample,2026-09-24 19:05:19.245756+00:00
AAPL,2025-01-11 02:15:00+00:00,189.52157160513025,191.7830925949381,187.90866726486385,190.06525471026754,190.06525471026754,1886616.0,sample,2026-09-24 19:05:19.245756+00:00
AAPL,2025-01-11 02:30:00+00:00,190.37889124187038,193.16016186057604,188.9950687704811,191.88826111655965,191.88826111655965,6917773.0,sample,2026-09-24 19:05:19.245756+00:00
AAPL,2025-01-11 02:45:00+00:00,191.73774607712593,192.5033674122028,189.53847425664907,191.24030265325786,191.24030265325786,2921463.0,sample,2026-09-24 19:05:19.245756+00:00
AAPL,2025-01-11 03:00:00+00:00,191.17323886808262,192.42533591522633,188.88812534970154,191.51107818916378,191.51107818916378,5815625.0,sample,2026-09-24 19:05:19.245756+00:00
AAPL,2025-01-11 03:15:00+00:00,191.96231620149337,193.27879274000628,190.77933239661633,191.34633391344127,191.34633391344127,7911973.0,sample,2026-09-24 19:05:19.245756+00:00
AAPL,2025-01-11 03:30:00+00:00,191.6104805048566,193.31402276950067,189.2410582576777,190.6974007131545,190.6974007131545,16118612.0,sample,2026-09-24 19:05:19.245756+00:00
AAPL,2025-01-11 03:45:00+00:00,190.69396833953334,192.48319339960958,189.3967247757472,189.7549365995181,189.7549365995181,4380644.0,sample,2026-09-24 19:05:19.245756+00:00
AAPL,2025-01-11 04:00:00+00:00,189.4570673566924,191.87617215039174,187.27474604576943,190.64162596299872,190.64162596299872,13911036.0,sample,2026-09-24 19:05:19.245756+00:00
AAPL,2025-01-11 04:15:00+00:00,190.291901431293,191.07501320652528,189.25318926763677,190.49348637976763,190.49348637976763,2318800.0,sample,2026-09-24 19:05:19.245756+00:00
AAPL,2025-01-11 04:30:00+00:00,190.85942442520343,192.63849907698318,187.67287496891382,189.80108313450054,189.80108313450054,17793766.0,sample,2026-09-24 19:05:19.245756+00:00
AAPL,2025-01-11 04:45:00+00:00,190.03389841078115,190.55334622201912,188.95763922475115,189.43571556865356,189.43571556865356,9918154.0,sample,2026-09-24 19:05:19.245756+00:00
AAPL,2025-01-11 05:00:00+00:00,189.08908215321856,193.35204684792078,186.8972048496251,191.84062912008292,191.84062912008292,7852029.0,sample,2026-09-24 19:05:19.245756+00:00
AAPL,2025-01-11 05:15:00+00:00,191.94966511623025,194.21180017670306,190.62977751761173,191.89677706386414,191.89677706386414,11408084.0,sample,2026-09-24 19:05:19.245756+00:00
AAPL,2025-01-11 05:30:00+00:00,191.10252831815757,193.1375961673698,190.50019664546787,191.39142742778262,191.39142742778262,13878353.0,sample,2026-09-24 19:05:19.245756+00:00
AAPL,2025-01-11 05:45:00+00:00,191.65586273951,193.44495870819927,190.04504605435912,191.25298868193295,191.25298868193295,4066519.0,sample,2026-09-24 19:05:19.245756+00:00
AAPL,2025-01-11 06:00:00+00:00,191.37046914629792,194.33044425646187,190.16511204037275,192.1978980763622,192.1978980763622,17392975.0,sample,2026-09-24 19:05:19.245756+00:00
AAPL,2025-01-11 06:15:00+00:00,191.92502375636198,194.16299221739533,189.93788276981837,192.1437452931952,192.1437452931952,5931437.0,sample,2026-09-24 19:05:19.245756+00:00
AAPL,2025-01-11 06:30:00+00:00,192.58274507703777,194.01049464317796,190.08926654336804,192.0294584257861,192.0294584257861,13397271.0,sample,2026-09-24 19:05:19.245756+00:00
AAPL,2025-01-11 06:45:00+00:00,192.17952155059265,193.87253996124906,190.001371067653,192.00622261689296,192.00622261689296,17391902.0,sample,2026-09-24 19:05:19.245756+00:00
AAPL,2025-01-11 07:00:00+00:00,191.8827358736641,193.7681480869515,189.57307093361,191.63269527259652,191.63269527259652,3693518.0,sample,2026-09-24 19:05:19.245756+00:00
AAPL,2025-01-11 07:15:00+00:00,191.50511016930346,192.41452718175992,190.95101618388296,191.46279107524674,191.46279107524674,5066507.0,sample,2026-09-24 19:05:19.245756+00:00
AAPL,2025-01-11 07:30:00+00:00,191.35305751231385,194.4389521634701,189.4399406931121,192.55212771388295,192.55212771388295,10413411.0,sample,2026-09-24 19:05:19.245756+00:00
AAPL,2025-01-11 07:45:00+00:00,192.8709000299783,193.85905532187573,190.46156977794817,192.40895497938075,192.40895497938075,16379458.0,sample,2026-09-24 19:05:19.245756+00:00
AAPL,2025-01-11 08:00:00+00:00,192.64878296674112,193.69492425616232,190.45889713932917,192.36981646107714,192.36981646107714,11683289.0,sample,2026-09-24 19:05:19.245756+00:00
AAPL,2025-01-11 08:15:00+00:00,192.2002021982782,193.09862325270464,189.20327906605758,190.17494485925462,190.17494485925462,5517213.0,sample,2026-09-24 19:05:19.245756+00:00
AAPL,2025-01-11 08:30:00+00:00,189.7106501048275,191.71140434772528,188.30321813816707,190.7306730703602,190.7306730703602,16679398.0,sample,2026-09-24 19:05:19.245756+00:00
AAPL,2025-01-11 08:45:00+00:00,190.64361628370833,192.2545523989226,189.78704995561637,191.70202542086113,191.70202542086113,15340569.0,sample,2026-09-24 19:05:19.245756+00:00
AAPL,2025-01-11 09:00:00+00:00,191.84100350671403,194.08635050121094,189.87849156077706,191.2006052785849,191.2006052785849,17998501.0,sample,2026-09-24 19:05:19.245756+00:00
AAPL,2025-01-11 09:15:00+00:00,190.883628572611,193.4173132348122,189.62952812365126,191.58604081152424,191.58604081152424,11690582.0,sample,2026-09-24 19:05:19.245756+00:00
AAPL,2025-01-11 09:30:00+00:00,191.28262204943707,192.86881660281142,190.40687758655602,190.7750648886072,190.7750648886072,15109533.0,sample,2026-09-24 19:05:19.245756+00:00
AAPL,2025-01-11 09:45:00+00:00,190.704791365199,193.05836761729702,190.5103952874858,191.03873109604564,191.03873109604564,5285998.0,sample,2026-09-24 19:05:19.245756+00:00
AAPL,2025-01-11 10:00:00+00:00,191.15078198560576,192.9053729988182,189.92249279219737,191.3329476268149,191.3329476268149,16179453.0,sample,2026-09-24 19:05:19.245756+00:00
AAPL,2025-01-11 10:15:00+00:00,191.57054257572526,193.7920366520943,187.91123295450885,189.64719969578903,189.64719969578903,6260634.0,sample,2026-09-24 19:05:19.245756+00:00
AAPL,2025-01-11 10:30:00+00:00,190.04872444947839,192.73011550012552,188.2588924529192,190.493861788995,190.493861788995,6524372.0,sample,2026-09-24 19:05:19.245756+00:00
AAPL,2025-01-11 10:45:00+00:00,189.7909658599647,192.0875382356349,188.0829746148481,191.51867595056882,191.51867595056882,17108745.0,sample,2026-09-24 19:05:19.245756+00:00
AAPL,2025-01-11 11:00:00+00:00,191.90352029450753,192.86689085797437,190.76509147792294,191.42453294873334,191.42453294873334,15266711.0,sample,2026-09-24 19:05:19.245756+00:00
AAPL,2025-01-11 11:15:00+00:00,191.55730848915601,193.59539662963607,188.5013592179554,190.6044921066275,190.6044921066275,9592011.0,sample,2026-09-24 19:05:19.245756+00:00
AAPL,2025-01-11 11:30:00+00:00,190.38706672366482,190.89237098224442,188.99070850307635,190.61496694496012,190.61496694496012,3018325.0,sample,2026-09-24 19:05:19.245756+00:00
AAPL,2025-01-11 11:45:00+00:00,190.919986990676,192.96105222089153,188.74565634,190.5185812250435,190.5185812250435,7474174.0,sample,2026-09-24 19:05:19.245756+00:00
AAPL,2025-01-11 12:00:00+00:00,189.73470107244074,192.18180964973334,189.53785001090094,191.24862331419004,191.24862331419004,5416173.0,sample,2026-09-24 19:05:19.245756+00:00
AAPL,2025-01-11 12:15:00+00:00,190.52645046283138,192.65533166655084,188.65970058589062,191.22357955818862,191.22357955818862,15516445.0,sample,2026-09-24 19:05:19.245756+00:00
AAPL,2025-01-11 12:30:00+00:00,191.96478143968235,193.33556463399486,189.93154725048868,191.14349961978402,191.14349961978402,7433971.0,sample,2026-09-24 19:05:19.245756+00:00
AAPL,2025-01-11 12:45:00+00:00,190.62618448412948,193.69503124524928,188.41342042502703,191.9327757094894,191.9327757094894,13488066.0,sample,2026-09-24 19:05:19.245756+00:00
AAPL,2025-01-11 13:00:00+00:00,192.0038736007999,192.73374718930856,191.09180854063393,192.4623589258482,192.4623589258482,12924319.0,sample,2026-09-24 19:05:19.245756+00:00
AAPL,2025-01-11 13:15:00+00:00,192.02099475429105,193.44249747832598,191.61076410374153,192.5614313334819,192.5614313334819,13116596.0,sample,2026-09-24 19:05:19.245756+00:00
AAPL,2025-01-11 13:30:00+00:00,192.36389388925554,194.39075233888263,190.0756378630272,192.05947614652783,192.05947614652783,7877799.0,sample,2026-09-24 19:05:19.245756+00:00
AAPL,2025-01-11 13:45:00+00:00,191.64614492257743,192.2608050820688,190.44134086272803,191.50654801307388,191.50654801307388,15585653.0,sample,2026-09-24 19:05:19.245756+00:00
AAPL,2025-01-11 14:00:00+00:00,191.87614962847405,193.52500343766903,189.82506998008898,191.01838549344976,191.01838549344976,4931509.0,sample,2026-09-24 19:05:19.245756+00:00
AAPL,2025-01-11 14:15:00+00:00,190.22845111717598,192.32884450871381,188.3657709357245,190.43456726123588,190.43456726123588,11850868.0,sample,2026-09-24 19:05:19.245756+00:00
AAPL,2025-01-11 14:30:00+00:00,190.40744413579182,191.21054896602658,188.07632063390662,190.18115852237673,190.18115852237673,16062464.0,sample,2026-09-24 19:05:19.245756+00:00
AAPL,2025-01-11 14:45:00+00:00,189.7706687283479,193.3317320040968,189.03628921018364,191.1155957522956,191.1155957522956,17795678.0,sample,2026-09-24 19:05:19.245756+00:00
AAPL,2025-01-11 15:00:00+00:00,190.68587649874843,191.28802466918157,189.88307112165037,190.88937643261363,190.88937643261363,16253586.0,sample,2026-09-24 19:05:19.245756+00:00
AAPL,2025-01-11 15:15:00+00:00,191.17307500058263,192.01006469638202,189.6521371951638,190.7333843875459,190.7333843875459,10602082.0,sample,2026-09-24 19:05:19.245756+00:00
AAPL,2025-01-11 15:30:00+00:00,190.35761283482142,191.94178303921646,187.216538736823,189.20713501500114,189.20713501500114,12133814.0,sample,2026-09-24 19:05:19.245756+00:00
AAPL,2025-01-11 15:45:00+00:00,189.13891408616033,191.4660819711704,187.38604608091686,190.03424046350898,190.03424046350898,3437007.0,sample,2026-09-24 19:05:19.245756+00:00
AAPL,2025-01-11 16:00:00+00:00,190.18885465910412,190.69935623181237,187.55326046403246,189.78832767459093,189.78832767459093,16063227.0,sample,2026-09-24 19:05:19.245756+00:00
AAPL,2025-01-11 16:15:00+00:00,189.79459158270646,192.23971582754552,189.4498311866768,190.3130803212091,190.3130803212091,17158285.0,sample,2026-09-24 19:05:19.245756+00:00
AAPL,2025-01-11 16:30:00+00:00,190.53840496449422,192.5861462235926,190.00675938720303,190.73541606837944,190.73541606837944,11786854.0,sample,2026-09-24 19:05:19.245756+00:00
AAPL,2025-01-11 16:45:00+00:00,191.11775592143366,192.53118565593235,189.89746056405855,190.2769667233164,190.2769667233164,4494057.0,sample,2026-09-24 19:05:19.245756+00:00
AAPL,2025-01-11 17:00:00+00:00,190.35304988745952,191.99451487412298,189.51474229080353,190.69420655866273,190.69420655866273,10216756.0,sample,2026-09-24 19:05:19.245756+00:00
AAPL,2025-01-11 17:15:00+00:00,190.55080186901574,192.09349056515083,188.25591348744047,189.601506476577,189.601506476577,16561289.0,sample,2026-09-24 19:05:19.245756+00:00
AAPL,2025-01-11 17:30:00+00:00,189.55813289322583,190.02888333077652,188.31847889706697,189.11488716148972,189.11488716148972,11684872.0,sample,2026-09-24 19:05:19.245756+00:00
AAPL,2025-01-11 17:45:00+00:00,188.93639679371014,191.50104221098218,187.3844702101353,190.29866528172533,190.29866528172533,11830480.0,sample,2026-09-24 19:05:19.245756+00:00
AAPL,2025-01-11 18:00:00+00:00,190.6490515886131,192.7649580836625,188.23312800049504,189.62737858881368,189.62737858881368,9869036.0,sample,2026-09-24 19:05:19.245756+00:00
AAPL,2025-01-11 18:15:00+00:00,189.34014523326096,191.1893205170827,188.2088915312927,189.99841314380512,189.99841314380512,16814145.0,sample,2026-09-24 19:05:19.245756+00:00
AAPL,2025-01-11 18:30:00+00:00,190.11089958710022,191.81677812698757,188.7883040733511,190.0562320639809,190.0562320639809,10797999.0,sample,2026-09-24 19:05:19.245756+00:00
AAPL,2025-01-11 18:45:00+00:00,190.28725444874303,191.38928225040368,187.65902474977338,189.4943215690331,189.4943215690331,15519190.0,sample,2026-09-24 19:05:19.245756+00:00
AAPL,2025-01-11 19:00:00+00:00,189.20749559900912,190.91653518340425,188.31336382289268,190.66857520880808,190.66857520880808,2705420.0,sample,2026-09-24 19:05:19.245756+00:00
AAPL,2025-01-11 19:15:00+00:00,190.0614170582082,191.75008897583422,188.11799396276146,190.61306497534864,190.61306497534864,8707660.0,sample,2026-09-24 19:05:19.245756+00:00
AAPL,2025-01-11 19:30:00+00:00,190.91613585335935,192.94261210932373,190.13072086900448,191.2385972612614,191.2385972612614,5623788.0,sample,2026-09-24 19:05:19.245756+00:00
AAPL,2025-01-11 19:45:00+00:00,191.25747235278544,193.79640632715947,189.80749619060225,192.87646894165036,192.87646894165036,8029707.0,sample,2026-09-24 19:05:19.245756+00:00
AAPL,2025-01-11 20:00:00+00:00,192.81983654432423,193.88834949006946,190.71783046499357,191.75769326209019,191.75769326209019,4656799.0,sample,2026-09-24 19:05:19.245756+00:00
AAPL,2025-01-11 20:15:00+00:00,191.73282089924516,193.45521670823837,189.93259858364019,191.72822351660096,191.72822351660096,12914227.0,sample,2026-09-24 19:05:19.245756+00:00
AAPL,2025-01-11 20:30:00+00:00,191.77801118580805,192.93371940400507,189.80201699021427,192.47266854500998,192.47266854500998,6376746.0,sample,2026-09-24 19:05:19.245756+00:00
AAPL,2025-01-11 20:45:00+00:00,192.60420856571898,194.46210802614695,190.16098153811686,192.43232914183923,192.43232914183923,6444545.0,sample,2026-09-24 19:05:19.245756+00:00
AAPL,2025-01-11 21:00:00+00:00,192.3748700028457,195.0772995144656,190.9327625453302,193.37741222915332,193.37741222915332,12625429.0,sample,2026-09-24 19:05:19.245756+00:00
AAPL,2025-01-11 21:15:00+00:00,193.11536565181743,195.83158010041146,192.5998587993719,193.90486607851247,193.90486607851247,2012514.0,sample,2026-09-24 19:05:19.245756+00:00
AAPL,2025-01-11 21:30:00+00:00,194.08161954829913,194.5031085668597,193.63415712512676,194.1158923412036,194.1158923412036,7514129.0,sample,2026-09-24 19:05:19.245756+00:00
AAPL,2025-01-11 21:45:00+00:00,194.37152095543527,195.36538845464162,193.59677806145964,194.52120586192933,194.52120586192933,13382966.0,sample,2026-09-24 19:05:19.245756+00:00
AAPL,2025-01-11 22:00:00+00:00,194.2529215092135,195.96890273448048,191.7819926376437,193.92729264707742,193.92729264707742,5023621.0,sample,2026-09-24 19:05:19.245756+00:00
AAPL,2025-01-11 22:15:00+00:00,193.16242435777275,193.9825624425346,192.3924233329961,192.74392319422867,192.74392319422867,8555069.0,sample,2026-09-24 19:05:19.245756+00:00
AAPL,2025-01-11 22:30:00+00:00,193.12795342350014,193.36625886430897,189.16398644785548,191.35800212106022,191.35800212106022,9560590.0,sample,2026-09-24 19:05:19.245756+00:00
AAPL,2025-01-11 22:45:00+00:00,191.67425096495057,192.5382825784194,189.48941644519942,191.59479547802164,191.59479547802164,10054868.0,sample,2026-09-24 19:05:19.245756+00:00
AAPL,2025-01-11 23:00:00+00:00,191.87589482849805,193.31149956152956,189.65384692673504,190.84314511440073,190.84314511440073,13010213.0,sample,2026-09-24 19:05:19.245756+00:00
AAPL,2025-01-11 23:15:00+00:00,190.6586030396761,193.31419863606328,188.4364511155844,191.90646957252105,191.90646957252105,2559097.0,sample,2026-09-24 19:05:19.245756+00:00
AAPL,2025-01-11 23:30:00+00:00,192.33933467152448,194.5935644905702,190.1641463932853,190.99218779477926,190.99218779477926,9977805.0,sample,2026-09-24 19:05:19.245756+00:00
AAPL,2025-01-11 23:45:00+00:00,191.14997180030988,192.40289567599945,189.1891239587047,189.66768304215844,189.66768304215844,6597747.0,sample,2026-09-24 19:05:19.245756+00:00
AAPL,2025-01-12 00:00:00+00:00,189.53710814677493,191.24026231775392,187.22512729860756,188.14659185967284,188.14659185967284,8018363.0,sample,2026-09-24 19:05:19.245756+00:00
AAPL,2025-01-12 00:15:00+00:00,187.85778457374855,191.17321221841217,187.42845199083126,189.23028192971452,189.23028192971452,5702236.0,sample,2026-09-24 19:05:19.245756+00:00
AAPL,2025-01-12 00:30:00+00:00,189.8507264034935,190.71896895437905,187.80022297153153,189.28492242789343,189.28492242789343,3936297.0,sample,2026-09-24 19:05:19.245756+00:00
AAPL,2025-01-12 00:45:00+00:00,189.3404890262333,190.99023821019554,187.29783383831008,189.72593989667428,189.72593989667428,12008452.0,sample,2026-09-24 19:05:19.245756+00:00
AAPL,2025-01-12 01:00:00+00:00,189.71201413212745,190.0227637001216,188.48192155170426,188.7965914092962,188.7965914092962,16361284.0,sample,2026-09-24 19:05:19.245756+00:00
AAPL,2025-01-12 01:15:00+00:00,188.42984154356006,191.6827674154903,187.32689605214162,189.9894224599007,189.9894224599007,8791287.0,sample,2026-09-24 19:05:19.245756+00:00
AAPL,2025-01-12 01:30:00+00:00,190.26665149648005,192.00361144686545,187.50755846284088,188.85529901362398,188.85529901362398,4932959.0,sample,2026-09-24 19:05:19.245756+00:00
AAPL,2025-01-12 01:45:00+00:00,188.76796306574062,190.1626788787603,188.20284147053954,188.83450327484192,188.83450327484192,3857646.0,sample,2026-09-24 19:05:19.245756+00:00
AAPL,2025-01-12 02:00:00+00:00,189.4850479294877,190.93668066475936,186.61301242630194,188.50153692119306,188.50153692119306,14292866.0,sample,2026-09-24 19:05:19.245756+00:00
AAPL,2025-01-12 02:15:00+00:00,188.55883497340542,190.9894633416673,186.95971831276768,189.3023125163054,189.3023125163054,2892649.0,sample,2026-09-24 19:05:19.245756+00:00
AAPL,2025-01-12 02:30:00+00:00,189.48750085460279,191.6169015888929,187.93303659939932,188.43994312539573,188.43994312539573,9207490.0,sample,2026-09-24 19:05:19.245756+00:00
AAPL,2025-01-12 02:45:00+00:00,188.12025590121303,189.20403270621685,187.5525725579957,188.13015807584242,188.13015807584242,15167045.0,sample,2026-09-24 19:05:19.245756+00:00
AAPL,2025-01-12 03:00:00+00:00,187.67030086305024,190.07574214268615,187.14139988197715,187.89791531961484,187.89791531961484,2936312.0,sample,2026-09-24 19:05:19.245756+00:00
AAPL,2025-01-12 03:15:00+00:00,187.53972708150616,189.13683693496688,185.47970066123014,187.85102538985052,187.85102538985052,15769866.0,sample,2026-09-24 19:05:19.245756+00:00
AAPL,2025-01-12 03:30:00+00:00,187.65018324510694,188.95795777154322,187.15015350490728,187.8665969525305,187.8665969525305,17287263.0,sample,2026-09-24 19:05:19.245756+00:00
AAPL,2025-01-12 03:45:00+00:00,187.36104680738512,189.4973536231234,185.59158076275725,188.42714139884464,188.42714139884464,16021316.0,sample,2026-09-24 19:05:19.245756+00:00
AAPL,2025-01-12 04:00:00+00:00,188.00304573388516,190.68823899804252,187.0913612084949,189.15776336190484,189.15776336190484,6305179.0,sample,2026-09-24 19:05:19.245756+00:00
AAPL,2025-01-12 04:15:00+00:00,188.6464535546359,191.03244339159582,187.73268063251635,188.92215425994237,188.92215425994237,4219221.0,sample,2026-09-24 19:05:19.245756+00:00
AAPL,2025-01-12 04:30:00+00:00,189.06316649903002,191.14162066340032,186.72753575406233,188.82614070472604,188.82614070472604,5390665.0,sample,2026-09-24 19:05:19.245756+00:00
AAPL,2025-01-12 04:45:00+00:00,189.11533988190143,190.74486869356818,187.21469231255742,188.97095112040108,188.97095112040108,3566634.0,sample,2026-09-24 19:05:19.245756+00:00
AAPL,2025-01-12 05:00:00+00:00,188.65921645497326,189.73516619348612,187.06721313924052,189.2872495749137,189.2872495749137,2075443.0,sample,2026-09-24 19:05:19.245756+00:00
AAPL,2025-01-12 05:15:00+00:00,189.83159695524853,191.65972980296198,188.27907539642715,189.22679116624278,189.22679116624278,10369020.0,sample,2026-09-24 19:05:19.245756+00:00
AAPL,2025-01-12 05:30:00+00:00,189.37329463276538,191.3928463611465,187.1273693003531,189.6590112682218,189.6590112682218,14794262.0,sample,2026-09-24 19:05:19.245756+00:00
AAPL,2025-01-12 05:45:00+00:00,189.6705772164095,191.7709301219161,188.74295701370025,189.90854442070946,189.90854442070946,12003380.0,sample,2026-09-24 19:05:19.245756+00:00
AAPL,2025-01-12 06:00:00+00:00,189.99990847368434,191.81527957359785,189.80582824794826,190.5523324137586,190.5523324137586,15403220.0,sample,2026-09-24 19:05:19.245756+00:00
AAPL,2025-01-12 06:15:00+00:00,191.2069207182944,192.59134133945807,189.7702639453892,190.09832463188525,190.09832463188525,10580365.0,sample,2026-09-24 19:05:19.245756+00:00
AAPL,2025-01-12 06:30:00+00:00,190.34799266635923,192.16510170127583,188.02027721864616,190.28626900001862,190.28626900001862,4283526.0,sample,2026-09-24 19:05:19.245756+00:00
AAPL,2025-01-12 06:45:00+00:00,190.70363764472677,192.23439932879074,188.32013601647486,189.87480302020916,189.87480302020916,7762785.0,sample,2026-09-24 19:05:19.245756+00:00
AAPL,2025-01-12 07:00:00+00:00,191.01394313459406,192.86228704026584,187.81362102402045,188.54396316963314,188.54396316963314,13988872.0,sample,2026-09-24 19:05:19.245756+00:00
AAPL,2025-01-12 07:15:00+00:00,188.4464781935829,188.6906501563122,186.97001482952177,188.0353354700275,188.0353354700275,17614578.0,sample,2026-09-24 19:05:19.245756+00:00
AAPL,2025-01-12 07:30:00+00:00,187.95150936856768,189.3433209539341,186.0206998438062,188.1799803058326,188.1799803058326,10261962.0,sample,2026-09-24 19:05:19.245756+00:00
AAPL,2025-01-12 07:45:00+00:00,188.34852440547755,189.9357197832713,186.0795961738611,187.8189105124578,187.8189105124578,3058851.0,sample,2026-09-24 19:05:19.245756+00:00
AAPL,2025-01-12 08:00:00+00:00,187.4511195020832,189.03672897894745,186.27872400428623,187.09606452504855,187.09606452504855,16572754.0,sample,2026-09-24 19:05:19.245756+00:00
AAPL,2025-01-12 08:15:00+00:00,186.84587509709752,189.21663708483985,184.81460415025893,187.62866588292394,187.62866588292394,6888315.0,sample,2026-09-24 19:05:19.245756+00:00
AAPL,2025-01-12 08:30:00+00:00,187.3137761264973,190.58524900354774,185.92268522183502,188.57941475849188,188.57941475849188,9092054.0,sample,2026-09-24 19:05:19.245756+00:00
AAPL,2025-01-12 08:45:00+00:00,189.24535463769436,190.21324078635038,187.1817725195254,189.117936799662,189.117936799662,5206119.0,sample,2026-09-24 19:05:19.245756+00:00
AAPL,2025-01-12 09:00:00+00:00,189.31013319991052,191.85115554003232,187.0518415217489,189.66988588132227,189.66988588132227,8374620.0,sample,2026-09-24 19:05:19.245756+00:00
AAPL,2025-01-12 09:15:00+00:00,189.49772722377494,191.43956562305627,187.10100446296903,188.6903804703325,188.6903804703325,7988352.0,sample,2026-09-24 19:05:19.245756+00:00
AAPL,2025-01-12 09:30:00+00:00,188.3678286817694,190.57791967021095,187.67651197326896,189.12902892286394,189.12902892286394,13933056.0,sample,2026-09-24 19:05:19.245756+00:00
AAPL,2025-01-12 09:45:00+00:00,189.38928674378383,191.77186632389595,187.71426421662144,190.4112334117539,190.4112334117539,5279774.0,sample,2026-09-24 19:05:19.245756+00:00
AAPL,2025-01-12 10:00:00+00:00,190.76565776003287,192.9727401251549,189.89359769117837,191.4482310573782,191.4482310573782,12243584.0,sample,2026-09-24 19:05:19.245756+00:00
AAPL,2025-01-12 10:15:00+00:00,191.29662613816453,193.58460543686584,189.8043356136568,191.5496304111558,191.5496304111558,7890723.0,sample,2026-09-24 19:05:19.245756+00:00
AAPL,2025-01-12 10:30:00+00:00,191.90569571296962,193.6690934446492,190.94099003673344,192.48645215029853,192.48645215029853,1521331.0,sample,2026-09-24 19:05:19.245756+00:00
AAPL,2025-01-12 10:45:00+00:00,192.25073275997144,193.17008368829434,190.2630449874072,192.33211991649702,192.33211991649702,3503974.0,sample,2026-09-24 19:05:19.245756+00:00
AAPL,2025-01-12 11:00:00+00:00,192.79318349357692,194.38176556081365,191.35517614275864,192.10684692767438,192.10684692767438,12652259.0,sample,2026-09-24 19:05:19.245756+00:00
AAPL,2025-01-12 11:15:00+00:00,192.30566212543604,194.77795715382618,190.44087242733053,192.5021151915024,192.5021151915024,12411766.0,sample,2026-09-24 19:05:19.245756+00:00
AAPL,2025-01-12 11:30:00+00:00,192.3994594448634,194.01200626490836,191.0044757159556,192.87161354763765,192.87161354763765,7274052.0,sample,2026-09-24 19:05:19.245756+00:00
AAPL,2025-01-12 11:45:00+00:00,192.34631790529477,193.6651819907952,190.06989210458346,192.43114585003457,192.43114585003457,15620233.0,sample,2026-09-24 19:05:19.245756+00:00
AAPL,2025-01-12 12:00:00+00:00,192.4584116725448,194.36429927141657,190.6227997579659,192.31967447883335,192.31967447883335,9381276.0,sample,2026-09-24 19:05:19.245756+00:00
AAPL,2025-01-12 12:15:00+00:00,192.50490714814427,194.0649014433882,190.79979882225004,193.18547031398776,193.18547031398776,2285617.0,sample,2026-09-24 19:05:19.245756+00:00
AAPL,2025-01-12 12:30:00+00:00,193.90324888745724,194.86243301035336,191.83160331149864,192.84263524098813,192.84263524098813,10144991.0,sample,2026-09-24 19:05:19.245756+00:00
AAPL,2025-01-12 12:45:00+00:00,192.66519432188858,194.05260744716932,190.61983005370084,193.00139152515817,193.00139152515817,5622668.0,sample,2026-09-24 19:05:19.245756+00:00
AAPL,2025-01-12 13:00:00+00:00,192.93936912820524,194.36495365837504,190.760315604361,193.29078386013515,193.29078386013515,6409196.0,sample,2026-09-24 19:05:19.245756+00:00
AAPL,2025-01-12 13:15:00+00:00,192.95482029130733,194.80161643284822,191.62942256222425,194.08802709543187,194.08802709543187,7504455.0,sample,2026-09-24 19:05:19.245756+00:00
AAPL,2025-01-12 13:30:00+00:00,194.27243375723035,195.36118568383674,192.15643867861007,194.0686834197909,194.0686834197909,5490775.0,sample,2026-09-24 19:05:19.245756+00:00
AAPL,2025-01-12 13:45:00+00:00,193.97126507851607,196.3988248581364,192.18253916711842,194.3340872873359,194.3340872873359,7820284.0,sample,2026-09-24 19:05:19.245756+00:00
AAPL,2025-01-12 14:00:00+00:00,193.94167526522313,196.7524654762305,192.4298533842048,195.30947320227983,195.30947320227983,14826598.0,sample,2026-09-24 19:05:19.245756+00:00
AAPL,2025-01-12 14:15:00+00:00,195.17580607593808,196.49944091539294,194.52563057070546,194.9793427588192,194.9793427588192,9691905.0,sample,2026-09-24 19:05:19.245756+00:00
AAPL,2025-01-12 14:30:00+00:00,194.858274227727,195.59693233011384,194.00301674212733,194.51824269558563,194.51824269558563,6099519.0,sample,2026-09-24 19:05:19.245756+00:00
AAPL,2025-01-12 14:45:00+00:00,194.1723962683234,195.4400443847033,192.65030803552736,193.46795871403228,193.46795871403228,8759502.0,sample,2026-09-24 19:05:19.245756+00:00
AAPL,2025-01-12 15:00:00+00:00,193.5606327379968,194.3952241535765,192.37266870986838,194.07944922283892,194.07944922283892,10178205.0,sample,2026-09-24 19:05:19.245756+00:00
AAPL,2025-01-12 15:15:00+00:00,193.82201412175806,194.94646017228055,192.76548381792892,193.75173465400135,193.75173465400135,12986185.0,sample,2026-09-24 19:05:19.245756+00:00
AAPL,2025-01-12 15:30:00+00:00,193.5449309468219,194.46083900837618,191.2339184130301,193.36391007318105,193.36391007318105,7198706.0,sample,2026-09-24 19:05:19.245756+00:00
AAPL,2025-01-12 15:45:00+00:00,193.3282464534646,195.55745658751664,191.22566989141637,192.0173019121596,192.0173019121596,8665823.0,sample,2026-09-24 19:05:19.245756+00:00
AAPL,2025-01-12 16:00:00+00:00,191.36992109016046,193.50097788919902,190.54754694532912,191.71163057096325,191.71163057096325,7565307.0,sample,2026-09-24 19:05:19.245756+00:00
AAPL,2025-01-12 16:15:00+00:00,191.75730007247938,191.99045754751512,190.19969308976397,191.00681414499013,191.00681414499013,11859995.0,sample,2026-09-24 19:05:19.245756+00:00
AAPL,2025-01-12 16:30:00+00:00,190.84348979618002,192.63189079192261,189.61127251551437,190.7990206799871,190.7990206799871,5189530.0,sample,2026-09-24 19:05:19.245756+00:00
AAPL,2025-01-12 16:45:00+00:00,190.48080028752074,192.42635852081267,190.0070625683537,190.5666871159494,190.5666871159494,5746322.0,sample,2026-09-24 19:05:19.245756+00:00
AAPL,2025-01-12 17:00:00+00:00,191.24687092274456,193.44970958538477,189.23826112742714,190.61732460168284,190.61732460168284,9304269.0,sample,2026-09-24 19:05:19.245756+00:00
AAPL,2025-01-12 17:15:00+00:00,190.76496590481312,193.13470452984777,188.8984182429841,191.88709941148855,191.88709941148855,1718789.0,sample,2026-09-24 19:05:19.245756+00:00
AAPL,2025-01-12 17:30:00+00:00,191.56453089838985,193.4422227898921,189.67354017040137,191.08118443259846,191.08118443259846,3628745.0,sample,2026-09-24 19:05:19.245756+00:00
AAPL,2025-01-12 17:45:00+00:00,190.49028684102151,191.65701375041755,190.08967189251288,191.04832552332132,191.04832552332132,8251107.0,sample,2026-09-24 19:05:19.245756+00:00
AAPL,2025-01-12 18:00:00+00:00,190.74627084033312,192.1451556900492,190.15144528627275,190.64938022544985,190.64938022544985,1606268.0,sample,2026-09-24 19:05:19.245756+00:00
AAPL,2025-01-12 18:15:00+00:00,191.13199230217657,191.67968328570078,189.04758960020763,190.45660917995173,190.45660917995173,8500238.0,sample,2026-09-24 19:05:19.245756+00:00
AAPL,2025-01-12 18:30:00+00:00,189.6024538348719,191.60377994005506,187.60271445083075,190.61636554663463,190.61636554663463,6542422.0,sample,2026-09-24 19:05:19.245756+00:00
AAPL,2025-01-12 18:45:00+00:00,190.7553225818288,192.07464300489673,189.59271419910445,191.32608630606225,191.32608630606225,11902587.0,sample,2026-09-24 19:05:19.245756+00:00
AAPL,2025-01-12 19:00:00+00:00,190.87928187063412,193.42904201430937,189.51087213042126,191.45080086114368,191.45080086114368,17827067.0,sample,2026-09-24 19:05:19.245756+00:00
AAPL,2025-01-12 19:15:00+00:00,191.51167547482555,192.31418728286482,190.870652270234,191.66051135222136,191.66051135222136,13005235.0,sample,2026-09-24 19:05:19.245756+00:00
AAPL,2025-01-12 19:30:00+00:00,192.50050311148382,194.5930418028611,190.83788472302797,192.21469277251765,192.21469277251765,2837979.0,sample,2026-09-24 19:05:19.245756+00:00
AAPL,2025-01-12 19:45:00+00:00,192.63822199218674,194.32314080823855,191.85338362493434,192.3817454708302,192.3817454708302,1591678.0,sample,2026-09-24 19:05:19.245756+00:00
AAPL,2025-01-12 20:00:00+00:00,192.50233479895164,193.2485058586697,190.34438217225662,192.11235718465116,192.11235718465116,10467003.0,sample,2026-09-24 19:05:19.245756+00:00
AAPL,2025-01-12 20:15:00+00:00,191.9923064814902,193.16012743337626,191.19683597400277,192.16534473556172,192.16534473556172,7993114.0,sample,2026-09-24 19:05:19.245756+00:00
AAPL,2025-01-12 20:30:00+00:00,192.4405105617935,193.99825637790266,190.24558851901807,192.32947230367324,192.32947230367324,14838435.0,sample,2026-09-24 19:05:19.245756+00:00
AAPL,2025-01-12 20:45:00+00:00,191.9753901985396,193.20011566695172,190.6196047174108,191.19272824940882,191.19272824940882,13226963.0,sample,2026-09-24 19:05:19.245756+00:00
AAPL,2025-01-12 21:00:00+00:00,190.78241841469512,192.80711120986768,188.8333267078772,191.84732216469305,191.84732216469305,16082471.0,sample,2026-09-24 19:05:19.245756+00:00
AAPL,2025-01-12 21:15:00+00:00,191.85321879132022,192.2657535427646,190.12275446788055,192.05620777795977,192.05620777795977,1687386.0,sample,2026-09-24 19:05:19.245756+00:00
AAPL,2025-01-12 21:30:00+00:00,192.73166289888604,194.58085863782097,192.0395578680607,192.6755142484114,192.6755142484114,4288522.0,sample,2026-09-24 19:05:19.245756+00:00
AAPL,2025-01-12 21:45:00+00:00,192.77241934325778,194.5179744833954,192.54226231377024,192.92955848848297,192.92955848848297,14185948.0,sample,2026-09-24 19:05:19.245756+00:00
AAPL,2025-01-12 22:00:00+00:00,193.3639541191749,194.32634179708128,190.51243421964037,192.07932431320688,192.07932431320688,16333034.0,sample,2026-09-24 19:05:19.245756+00:00
AAPL,2025-01-12 22:15:00+00:00,191.83247977235328,193.86885938102856,190.90630812994843,191.66767731815227,191.66767731815227,8312297.0,sample,2026-09-24 19:05:19.245756+00:00
AAPL,2025-01-12 22:30:00+00:00,191.70002266442359,193.4392106182702,189.68621145873448,191.74608539526517,191.74608539526517,3187359.0,sample,2026-09-24 19:05:19.245756+00:00
AAPL,2025-01-12 22:45:00+00:00,191.1768585053319,192.3103018958385,189.0094059670907,190.9149460961576,190.9149460961576,16927724.0,sample,2026-09-24 19:05:19.245756+00:00
AAPL,2025-01-12 23:00:00+00:00,190.96280270293002,192.9631165734492,189.43704659240444,191.89893257205495,191.89893257205495,7151218.0,sample,2026-09-24 19:05:19.245756+00:00
AAPL,2025-01-12 23:15:00+00:00,191.6376681693364,192.0204196270027,190.05670408942646,191.0867791258624,191.0867791258624,4903600.0,sample,2026-09-24 19:05:19.245756+00:00
AAPL,2025-01-12 23:30:00+00:00,191.5361366507774,194.21656300373633,190.40291067202207,192.41394281789152,192.41394281789152,12106558.0,sample,2026-09-24 19:05:19.245756+00:00
AAPL,2025-01-12 23:45:00+00:00,192.65858681598738,193.15696010481219,191.2448170150262,192.72228316131694,192.72228316131694,2958054.0,sample,2026-09-24 19:05:19.245756+00:00
AAPL,2025-01-13 00:00:00+00:00,192.94530673416583,193.7317464027495,191.90992777951183,193.24518162409163,193.24518162409163,11052350.0,sample,2026-09-24 19:05:19.245756+00:00
AAPL,2025-01-13 00:15:00+00:00,193.70044951880314,194.70814744913383,190.99597494200054,192.44136723050633,192.44136723050633,9261885.0,sample,2026-09-24 19:05:19.245756+00:00
AAPL,2025-01-13 00:30:00+00:00,192.28042833146563,194.18269290077347,191.7601373384134,192.31827878531723,192.31827878531723,16503868.0,sample,2026-09-24 19:05:19.245756+00:00
AAPL,2025-01-13 00:45:00+00:00,191.41762149649716,194.4281555071579,189.763293387482,192.13841799221254,192.13841799221254,10248838.0,sample,2026-09-24 19:05:19.245756+00:00
AAPL,2025-01-13 01:00:00+00:00,191.43907347036634,195.38991312849075,189.55631396086264,193.2871573515478,193.2871573515478,15847455.0,sample,2026-09-24 19:05:19.245756+00:00
AAPL,2025-01-13 01:15:00+00:00,193.25619136652892,196.51726692270097,192.67629364128481,194.90932343389684,194.90932343389684,6473222.0,sample,2026-09-24 19:05:19.245756+00:00
AAPL,2025-01-13 01:30:00+00:00,194.3736908366019,198.64859560926433,193.10049720998725,196.41221804875488,196.41221804875488,7579193.0,sample,2026-09-24 19:05:19.245756+00:00
AAPL,2025-01-13 01:45:00+00:00,196.06780792977244,198.05123783039383,192.51022252175318,194.66992842023708,194.66992842023708,17886525.0,sample,2026-09-24 19:05:19.245756+00:00
AAPL,2025-01-13 02:00:00+00:00,194.3841208507223,196.02104822231865,193.17116077761614,194.8374083199913,194.8374083199913,13201188.0,sample,2026-09-24 19:05:19.245756+00:00
AAPL,2025-01-13 02:15:00+00:00,194.89040998339058,195.69338082982478,192.14337276232882,194.01016596893112,194.01016596893112,4459428.0,sample,2026-09-24 19:05:19.245756+00:00
AAPL,2025-01-13 02:30:00+00:00,192.8876717545994,195.50390360173265,192.0564925918517,194.08612131748728,194.08612131748728,16264400.0,sample,2026-09-24 19:05:19.245756+00:00
AAPL,2025-01-13 02:45:00+00:00,194.28809358369662,195.60928555095938,191.63167117722293,193.88902421510178,193.88902421510178,5345538.0,sample,2026-09-24 19:05:19.245756+00:00
AAPL,2025-01-13 03:00:00+00:00,194.0609258005428,194.34744492735229,190.77486376690368,192.78042627314753,192.78042627314753,6252538.0,sample,2026-09-24 19:05:19.245756+00:00
AAPL,2025-01-13 03:15:00+00:00,192.6970499173793,193.13503224250945,190.81973874863246,192.0230438306476,192.0230438306476,9503158.0,sample,2026-09-24 19:05:19.245756+00:00
AAPL,2025-01-13 03:30:00+00:00,191.92047582831987,193.0884545166481,191.3014026390619,192.6386597180692,192.6386597180692,4385893.0,sample,2026-09-24 19:05:19.245756+00:00
AAPL,2025-01-13 03:45:00+00:00,193.2906060571409,194.64373772943011,191.47213825002342,192.66815655310825,192.66815655310825,16258196.0,sample,2026-09-24 19:05:19.245756+00:00
AAPL,2025-01-13 04:00:00+00:00,192.63505569233357,194.5760124446652,191.6330618667998,192.33117467356826,192.33117467356826,15023010.0,sample,2026-09-24 19:05:19.245756+00:00
AAPL,2025-01-13 04:15:00+00:00,191.32442092555863,193.1711098607555,189.58049057121508,192.5459157934302,192.5459157934302,3853919.0,sample,2026-09-24 19:05:19.245756+00:00
AAPL,2025-01-13 04:30:00+00:00,192.99393769512957,195.20156153150657,189.68498189935,191.8778334222316,191.8778334222316,10248834.0,sample,2026-09-24 19:05:19.245756+00:00
AAPL,2025-01-13 04:45:00+00:00,191.37790425748395,194.18223599346325,190.99767587077605,192.46930175036857,192.46930175036857,9027603.0,sample,2026-09-24 19:05:19.245756+00:00
AAPL,2025-01-13 05:00:00+00:00,192.43384795543093,192.8088456923368,190.65336667179426,192.32790596525996,192.32790596525996,7552605.0,sample,2026-09-24 19:05:19.245756+00:00
AAPL,2025-01-13 05:15:00+00:00,192.9009331395903,194.43888472929868,191.32457777619805,193.25106589205322,193.25106589205322,11494810.0,sample,2026-09-24 19:05:19.245756+00:00
AAPL,2025-01-13 05:30:00+00:00,192.81839208591347,194.1393851965675,190.48578263838795,191.89130995755784,191.89130995755784,17981586.0,sample,2026-09-24 19:05:19.245756+00:00
AAPL,2025-01-13 05:45:00+00:00,191.72332138766652,193.10069109020054,190.06080275729568,192.27300923711147,192.27300923711147,12109767.0,sample,2026-09-24 19:05:19.245756+00:00
AAPL,2025-01-13 06:00:00+00:00,192.47476348782092,194.4756725891274,190.65651866455485,192.08513225246986,192.08513225246986,4201640.0,sample,2026-09-24 19:05:19.245756+00:00
AAPL,2025-01-13 06:15:00+00:00,191.95516690620443,192.18900566159533,189.60321444914035,191.18967404734775,191.18967404734775,17981496.0,sample,2026-09-24 19:05:19.245756+00:00
AAPL,2025-01-13 06:30:00+00:00,191.4244050797171,192.4659573157165,189.15301469254632,190.58935545373328,190.58935545373328,9593372.0,sample,2026-09-24 19:05:19.245756+00:00
AAPL,2025-01-13 06:45:00+00:00,190.34650550261262,192.54351200912572,189.36681713474104,190.75999580174033,190.75999580174033,9065396.0,sample,2026-09-24 19:05:19.245756+00:00
AAPL,2025-01-13 07:00:00+00:00,190.54206983637647,192.04966516539335,188.7463199646488,191.3308877165568,191.3308877165568,8250006.0,sample,2026-09-24 19:05:19.245756+00:00
AAPL,2025-01-13 07:15:00+00:00,191.26189772399977,191.70839517838948,189.74730725360678,191.13296129072066,191.13296129072066,12606784.0,sample,2026-09-24 19:05:19.245756+00:00
AAPL,2025-01-13 07:30:00+00:00,191.03453565810017,192.40768417619762,190.22286964071114,191.1182916831419,191.1182916831419,5816318.0,sample,2026-09-24 19:05:19.245756+00:00
AAPL,2025-01-13 07:45:00+00:00,191.24165654361386,191.56431791239498,189.05768619754846,190.88542311933404,190.88542311933404,5793706.0,sample,2026-09-24 19:05:19.245756+00:00
AAPL,2025-01-13 08:00:00+00:00,191.20460843068528,193.13385964247172,188.9096076912657,190.626274742206,190.626274742206,3474445.0,sample,2026-09-24 19:05:19.245756+00:00
AAPL,2025-01-13 08:15:00+00:00,191.09803380286658,193.48709691724784,190.5687549676009,192.16814148977224,192.16814148977224,9812878.0,sample,2026-09-24 19:05:19.245756+00:00
AAPL,2025-01-13 08:30:00+00:00,191.6280705866862,194.78366447838368,189.48390122617005,192.82823803590315,192.82823803590315,10376662.0,sample,2026-09-24 19:05:19.245756+00:00
AAPL,2025-01-13 08:45:00+00:00,192.65129944435185,195.10256501143695,192.45085722560796,194.12668483550826,194.12668483550826,2975460.0,sample,2026-09-24 19:05:19.245756+00:00
AAPL,2025-01-13 09:00:00+00:00,194.11006225818437,194.88965338904984,192.87371862652705,193.95418527180937,193.95418527180937,4805705.0,sample,2026-09-24 19:05:19.245756+00:00
AAPL,2025-01-13 09:15:00+00:00,194.3237154574307,196.70617683330178,192.04114194700338,194.3842824230669,194.3842824230669,2450147.0,sample,2026-09-24 19:05:19.245756+00:00
AAPL,2025-01-13 09:30:00+00:00,194.69412668191688,196.7608872140909,193.0316056718971,194.41728040969,194.41728040969,14355558.0,sample,2026-09-24 19:05:19.245756+00:00
AAPL,2025-01-13 09:45:00+00:00,194.00507721229658,196.67103506967277,192.25916188741596,195.3345466942801,195.3345466942801,16592978.0,sample,2026-09-24 19:05:19.245756+00:00
AAPL,2025-01-13 10:00:00+00:00,196.0940263004763,197.9477540121252,193.42429056329107,195.6612905306474,195.6612905306474,11257273.0,sample,2026-09-24 19:05:19.245756+00:00
AAPL,2025-01-13 10:15:00+00:00,195.5742664825314,199.12990801288186,194.05896841134393,197.01690734575416,197.01690734575416,9648515.0,sample,2026-09-24 19:05:19.245756+00:00
AAPL,2025-01-13 10:30:00+00:00,197.92786445197444,199.46589267240807,195.4107580797553,197.28582947415882,197.28582947415882,9952224.0,sample,2026-09-24 19:05:19.245756+00:00
AAPL,2025-01-13 10:45:00+00:00,196.9512567699797,197.6977320814711,196.1256351767401,197.1232216448093,197.1232216448093,7935085.0,sample,2026-09-24 19:05:19.245756+00:00
AAPL,2025-01-13 11:00:00+00:00,196.8754921793027,197.27678345815974,194.73014178981725,196.49973074221236,196.49973074221236,11658374.0,sample,2026-09-24 19:05:19.245756+00:00
AAPL,2025-01-13 11:15:00+00:00,197.09436752981136,198.9026544252698,194.49129897093835,196.17080126390863,196.17080126390863,9391837.0,sample,2026-09-24 19:05:19.245756+00:00
AAPL,2025-01-13 11:30:00+00:00,195.98507887535098,197.55159358651775,195.6423309295487,196.8721022100246,196.8721022100246,4513709.0,sample,2026-09-24 19:05:19.245756+00:00
AAPL,2025-01-13 11:45:00+00:00,196.88940670224554,198.99883864826327,194.3430054007019,196.60921691054506,196.60921691054506,3346313.0,sample,2026-09-24 19:05:19.245756+00:00
AAPL,2025-01-13 12:00:00+00:00,197.05153358411013,197.7876248478743,196.1842505910869,196.786380603455,196.786380603455,10762392.0,sample,2026-09-24 19:05:19.245756+00:00
AAPL,2025-01-13 12:15:00+00:00,196.9976490438564,198.931999659136,194.78549976514716,197.49432859707395,197.49432859707395,12617784.0,sample,2026-09-24 19:05:19.245756+00:00
AAPL,2025-01-13 12:30:00+00:00,198.30055001604728,200.35773685986788,197.5107172875173,198.57072395423057,198.57072395423057,12960886.0,sample,2026-09-24 19:05:19.245756+00:00
AAPL,2025-01-13 12:45:00+00:00,198.30797227574945,199.5162604916986,196.87498202065242,197.84803747608404,197.84803747608404,4561334.0,sample,2026-09-24 19:05:19.245756+00:00
AAPL,2025-01-13 13:00:00+00:00,197.92867092409307,199.06535652104836,195.5054317244796,197.74107377478785,197.74107377478785,6136066.0,sample,2026-09-24 19:05:19.245756+00:00
AAPL,2025-01-13 13:15:00+00:00,197.4592932307218,199.29139823203968,194.66258018046457,196.8871983431081,196.8871983431081,12696445.0,sample,2026-09-24 19:05:19.245756+00:00
AAPL,2025-01-13 13:30:00+00:00,197.178623038071,199.39973319976113,194.95049184533272,197.1011254197127,197.1011254197127,11003867.0,sample,2026-09-24 19:05:19.245756+00:00
AAPL,2025-01-13 13:45:00+00:00,197.47762807234324,198.39091784017725,195.5228476080458,197.1411280810261,197.1411280810261,14381264.0,sample,2026-09-24 19:05:19.245756+00:00
AAPL,2025-01-13 14:00:00+00:00,197.34405716495357,199.37197891842362,196.2223747662595,197.36778946490455,197.36778946490455,9335976.0,sample,2026-09-24 19:05:19.245756+00:00
AAPL,2025-01-13 14:15:00+00:00,196.94106601799155,197.35866664076886,195.47360155249714,196.48102065405828,196.48102065405828,9362056.0,sample,2026-09-24 19:05:19.245756+00:00
AAPL,2025-01-13 14:30:00+00:00,196.67689471363997,197.41492996541766,194.4299255587317,196.21536254977187,196.21536254977187,8870125.0,sample,2026-09-24 19:05:19.245756+00:00
AAPL,2025-01-13 14:45:00+00:00,195.82547674129023,196.0488599537146,192.79310439047046,195.00126560180595,195.00126560180595,12023563.0,sample,2026-09-24 19:05:19.245756+00:00
AAPL,2025-01-13 15:00:00+00:00,194.7100549858876,197.31640735885094,193.4794773408161,195.534185400293,195.534185400293,16556008.0,sample,2026-09-24 19:05:19.245756+00:00
AAPL,2025-01-13 15:15:00+00:00,195.3561644935741,196.18049462465808,194.00427714262474,195.2093856669274,195.2093856669274,12948409.0,sample,2026-09-24 19:05:19.245756+00:00
AAPL,2025-01-13 15:30:00+00:00,195.24951028935993,196.73079790544605,193.16512465594397,194.76999078970627,194.76999078970627,2461578.0,sample,2026-09-24 19:05:19.245756+00:00
AAPL,2025-01-13 15:45:00+00:00,194.94268000062127,195.46072715868462,193.72692139600326,195.03968931300503,195.03968931300503,14559817.0,sample,2026-09-24 19:05:19.245756+00:00
AAPL,2025-01-13 16:00:00+00:00,194.74008869171925,197.04293675208808,193.51683971129864,195.6017419710784,195.6017419710784,5809878.0,sample,2026-09-24 19:05:19.245756+00:00
AAPL,2025-01-13 16:15:00+00:00,195.49426696664148,196.003063334798,193.60944025272528,195.24475842637278,195.24475842637278,7634670.0,sample,2026-09-24 19:05:19.245756+00:00
AAPL,2025-01-13 16:30:00+00:00,195.9743338737756,197.3142477871085,194.3340506851861,195.31286338521772,195.31286338521772,8385675.0,sample,2026-09-24 19:05:19.245756+00:00
AAPL,2025-01-13 16:45:00+00:00,195.23086711305479,197.85324385631841,194.94611319079527,195.5665275482161,195.5665275482161,16460550.0,sample,2026-09-24 19:05:19.245756+00:00
AAPL,2025-01-13 17:00:00+00:00,195.7050070774666,197.39918274780922,193.8626079083627,195.37728496119726,195.37728496119726,1681141.0,sample,2026-09-24 19:05:19.245756+00:00
AAPL,2025-01-13 17:15:00+00:00,195.10001915075622,195.82162962291687,193.81403417342875,194.70482095910126,194.70482095910126,2477541.0,sample,2026-09-24 19:05:19.245756+00:00
AAPL,2025-01-13 17:30:00+00:00,195.5623448589422,197.1777369802936,192.6301553250768,194.2115920065708,194.2115920065708,4144803.0,sample,2026-09-24 19:05:19.245756+00:00
AAPL,2025-01-13 17:45:00+00:00,193.92282341066257,195.95400415770462,192.1133107306214,194.79696935149607,194.79696935149607,7115501.0,sample,2026-09-24 19:05:19.245756+00:00
AAPL,2025-01-13 18:00:00+00:00,194.69976053708203,195.7400752543867,193.20582343111798,194.9706138293499,194.9706138293499,16728735.0,sample,2026-09-24 19:05:19.245756+00:00
AAPL,2025-01-13 18:15:00+00:00,194.83241800058883,196.2637969708145,192.69522229126292,194.13694046048496,194.13694046048496,2481411.0,sample,2026-09-24 19:05:19.245756+00:00
AAPL,2025-01-13 18:30:00+00:00,194.00728871621078,195.25697219777044,193.55109940946593,193.78443832399043,193.78443832399043,12342449.0,sample,2026-09-24 19:05:19.245756+00:00
AAPL,2025-01-13 18:45:00+00:00,194.0725420152412,194.80427384764906,192.9976201780541,194.29996491203588,194.29996491203588,12905025.0,sample,2026-09-24 19:05:19.245756+00:00
AAPL,2025-01-13 19:00:00+00:00,194.157295542041,195.4916305779603,192.95754729345757,194.31800629602543,194.31800629602543,11283144.0,sample,2026-09-24 19:05:19.245756+00:00
AAPL,2025-01-13 19:15:00+00:00,194.52750374611003,196.25747480148166,192.25645922151412,193.73290219990113,193.73290219990113,11199481.0,sample,2026-09-24 19:05:19.245756+00:00
AAPL,2025-01-13 19:30:00+00:00,194.44276007949478,196.24556474778518,192.09694125994014,192.8654390580643,192.8654390580643,5320924.0,sample,2026-09-24 19:05:19.245756+00:00
AAPL,2025-01-13 19:45:00+00:00,192.4070885390699,194.945882697902,190.62688703395273,192.9972037913212,192.9972037913212,9881857.0,sample,2026-09-24 19:05:19.245756+00:00
AAPL,2025-01-13 20:00:00+00:00,192.7816264179543,196.37702706254584,192.0368580936777,194.23839004430226,194.23839004430226,14268421.0,sample,2026-09-24 19:05:19.245756+00:00
AAPL,2025-01-13 20:15:00+00:00,193.8143230391332,194.9063782057179,191.9477043570036,194.1098440590256,194.1098440590256,1626283.0,sample,2026-09-24 19:05:19.245756+00:00
AAPL,2025-01-13 20:30:00+00:00,194.0784777976845,195.72609457518226,192.82479881411788,193.4729570788811,193.4729570788811,15583364.0,sample,2026-09-24 19:05:19.245756+00:00
AAPL,2025-01-13 20:45:00+00:00,193.21966563094267,194.93150832640995,191.59521051917147,192.81535573699114,192.81535573699114,13072695.0,sample,2026-09-24 19:05:19.245756+00:00
AAPL,2025-01-13 21:00:00+00:00,192.96501399563155,194.55785821200695,192.76210099157828,193.5406381199241,193.5406381199241,3619227.0,sample,2026-09-24 19:05:19.245756+00:00
AAPL,2025-01-13 21:15:00+00:00,192.20295144857812,194.2292414722966,191.79114510456483,192.06374770419808,192.06374770419808,8993476.0,sample,2026-09-24 19:05:19.245756+00:00
AAPL,2025-01-13 21:30:00+00:00,192.37079511996723,194.38246016631595,190.72180554640187,191.67449017625844,191.67449017625844,8012288.0,sample,2026-09-24 19:05:19.245756+00:00
AAPL,2025-01-13 21:45:00+00:00,191.35775023904384,192.7497932479184,190.1448556544727,191.5867348312451,191.5867348312451,16984863.0,sample,2026-09-24 19:05:19.245756+00:00
AAPL,2025-01-13 22:00:00+00:00,191.61600626741625,191.9837475256268,189.6183485767367,191.09849724186074,191.09849724186074,17313723.0,sample,2026-09-24 19:05:19.245756+00:00
AAPL,2025-01-13 22:15:00+00:00,190.24360445726938,192.92024759492875,189.37749573103542,192.58086002728652,192.58086002728652,10989036.0,sample,2026-09-24 19:05:19.245756+00:00
AAPL,2025-01-13 22:30:00+00:00,192.97115277121944,195.10022793743144,190.7909834981748,192.70438139959066,192.70438139959066,3350411.0,sample,2026-09-24 19:05:19.245756+00:00
AAPL,2025-01-13 22:45:00+00:00,191.8348619362943,193.14917393617102,190.23936866482384,192.7803791030792,192.7803791030792,2600981.0,sample,2026-09-24 19:05:19.245756+00:00
AAPL,2025-01-13 23:00:00+00:00,192.18830997980206,194.94352538613376,191.133911146326,193.51700435852445,193.51700435852445,17411577.0,sample,2026-09-24 19:05:19.245756+00:00
AAPL,2025-01-13 23:15:00+00:00,193.51116292469632,194.34439268082386,193.15180213757782,193.45204054869532,193.45204054869532,8662059.0,sample,2026-09-24 19:05:19.245756+00:00
AAPL,2025-01-13 23:30:00+00:00,192.96525519667236,194.24225067148865,191.26358749584006,192.16609535475143,192.16609535475143,13594942.0,sample,2026-09-24 19:05:19.245756+00:00
AAPL,2025-01-13 23:45:00+00:00,191.78540640501805,192.51654601163486,189.50594999257194,192.3151568603659,192.3151568603659,3761132.0,sample,2026-09-24 19:05:19.245756+00:00
AAPL,2025-01-14 00:00:00+00:00,193.0116048574466,193.31141152562415,191.395977627466,191.9263571586347,191.9263571586347,3207589.0,sample,2026-09-24 19:05:19.245756+00:00
AAPL,2025-01-14 00:15:00+00:00,192.0005246678352,194.03211314418365,190.34019565058324,191.47300876018699,191.47300876018699,13799281.0,sample,2026-09-24 19:05:19.245756+00:00
AAPL,2025-01-14 00:30:00+00:00,191.22114609393165,193.0210568684971,190.74903734400252,192.36237157508108,192.36237157508108,11639770.0,sample,2026-09-24 19:05:19.245756+00:00
AAPL,2025-01-14 00:45:00+00:00,192.037445457121,192.3102803461231,190.26811658851042,191.694433606463,191.694433606463,2136432.0,sample,2026-09-24 19:05:19.245756+00:00
AAPL,2025-01-14 01:00:00+00:00,191.87388646860816,192.31257711434583,189.48158679664064,191.68923177330754,191.68923177330754,14505030.0,sample,2026-09-24 19:05:19.245756+00:00
AAPL,2025-01-14 01:15:00+00:00,191.86703141058456,194.16742192492038,189.5261469150569,191.66390917023216,191.66390917023216,16462760.0,sample,2026-09-24 19:05:19.245756+00:00
