symbol,timestamp,open,high,low,close,adj_close,volume,source,ingestion_time
AAPL,2025-01-02 14:30:00+00:00,149.56323858210655,150.26288478547403,149.18651771414008,149.7330187551232,149.7330187551232,2758885.0,sample,2026-09-24 19:05:19.247270+00:00
AAPL,2025-01-02 14:35:00+00:00,149.8255694137066,150.09070480144626,148.4549597426182,149.3679012497539,149.3679012497539,5364681.0,sample,2026-09-24 19:05:19.247270+00:00
AAPL,2025-01-02 14:40:00+00:00,149.88029044426054,150.77545182208536,149.05518254943357,149.4562276990119,149.4562276990119,9713608.0,sample,2026-09-24 19:05:19.247270+00:00
AAPL,2025-01-02 14:45:00+00:00,149.14903517683024,151.5918843834019,148.9211213940672,149.96908442539856,149.96908442539856,17131295.0,sample,2026-09-24 19:05:19.247270+00:00
AAPL,2025-01-02 14:50:00+00:00,150.54695139060863,150.7535574021244,148.373603095052,149.88752421659063,149.88752421659063,2289903.0,sample,2026-09-24 19:05:19.247270+00:00
AAPL,2025-01-02 14:55:00+00:00,150.13837029244564,150.98822687381238,148.50350466397705,150.0524814741491,150.0524814741491,2141269.0,sample,2026-09-24 19:05:19.247270+00:00
AAPL,2025-01-02 15:00:00+00:00,149.65088431790915,150.58374902182294,148.55794310437923,150.37945225694526,150.37945225694526,15890370.0,sample,2026-09-24 19:05:19.247270+00:00
AAPL,2025-01-02 15:05:00+00:00,150.35775537494516,151.92909033039078,150.06601433056449,150.80249654119115,150.80249654119115,11958098.0,sample,2026-09-24 19:05:19.247270+00:00
AAPL,2025-01-02 15:10:00+00:00,151.26881458834566,152.1886006870484,149.72615535188066,150.27296636568948,150.27296636568948,2898908.0,sample,2026-09-24 19:05:19.247270+00:00
AAPL,2025-01-02 15:15:00+00:00,150.1874640912444,152.28410853890907,148.7585222271717,150.56256284537855,150.56256284537855,14351530.0,sample,2026-09-24 19:05:19.247270+00:00
AAPL,2025-01-02 15:20:00+00:00,150.67069399718898,152.02048903240666,150.0135686939083,150.55937840349165,150.55937840349165,6385581.0,sample,2026-09-24 19:05:19.247270+00:00
AAPL,2025-01-02 15:25:00+00:00,150.73111529000553,151.96058877528716,149.0750250655144,150.20512027639285,150.20512027639285,13405826.0,sample,2026-09-24 19:05:19.247270+00:00
AAPL,2025-01-02 15:30:00+00:00,150.04853458088633,150.76175237701057,149.24805050293773,149.80602467139263,149.80602467139263,12692459.0,sample,2026-09-24 19:05:19.247270+00:00
AAPL,2025-01-02 15:35:00+00:00,149.88695386662403,150.21101657732626,148.9303148812182,149.6774173056438,149.6774173056438,14009072.0,sample,2026-09-24 19:05:19.247270+00:00
AAPL,2025-01-02 15:40:00+00:00,149.63302516084244,151.02237821255122,148.6404446223083,149.0912009228133,149.0912009228133,10215771.0,sample,2026-09-24 19:05:19.247270+00:00
AAPL,2025-01-02 15:45:00+00:00,148.89231092078504,150.3799545109084,146.52759213014028,148.23110763114053,148.23110763114053,10900927.0,sample,2026-09-24 19:05:19.247270+00:00
AAPL,2025-01-02 15:50:00+00:00,148.19405869171288,149.04162657120298,147.9402455870883,148.27632939341242,148.27632939341242,7158244.0,sample,2026-09-24 19:05:19.247270+00:00
AAPL,2025-01-02 15:55:00+00:00,148.52594582548687,149.26731990440538,147.6400043137661,148.74384935707826,148.74384935707826,12254361.0,sample,2026-09-24 19:05:19.247270+00:00
AAPL,2025-01-02 16:00:00+00:00,148.7520334853592,150.22516678500568,148.03097137868096,148.60788129815668,148.60788129815668,2117211.0,sample,2026-09-24 19:05:19.247270+00:00
AAPL,2025-01-02 16:05:00+00:00,148.47854929755732,149.97877642421972,146.7401683141853,149.05589285892742,149.05589285892742,11897965.0,sample,2026-09-24 19:05:19.247270+00:00
AAPL,2025-01-02 16:10:00+00:00,148.98849467616927,150.30040037217148,147.48271001584015,148.8250556622169,148.8250556622169,3976243.0,sample,2026-09-24 19:05:19.247270+00:00
AAPL,2025-01-02 16:15:00+00:00,148.2036815674634,149.24093649495418,146.71814956244353,148.24110767610804,148.24110767610804,10627794.0,sample,2026-09-24 19:05:19.247270+00:00
AAPL,2025-01-02 16:20:00+00:00,148.59026164066535,149.43014099484265,146.92539576769536,147.34858873658473,147.34858873658473,7065843.0,sample,2026-09-24 19:05:19.247270+00:00
AAPL,2025-01-02 16:25:00+00:00,146.93458080158692,147.5916627796522,145.62241187952907,146.87327287296216,146.87327287296216,13822634.0,sample,2026-09-24 19:05:19.247270+00:00
AAPL,2025-01-02 16:30:00+00:00,146.78206794786706,148.36159536954216,145.38585433399723,147.73693931936813,147.73693931936813,4471464.0,sample,2026-09-24 19:05:19.247270+00:00
AAPL,2025-01-02 16:35:00+00:00,147.7501654024626,148.4742350569821,145.94215659573175,147.60941425145995,147.60941425145995,7641720.0,sample,2026-09-24 19:05:19.247270+00:00
AAPL,2025-01-02 16:40:00+00:00,147.73725720233585,148.375345009646,144.8512305911641,146.5481655912122,146.5481655912122,17877280.0,sample,2026-09-24 19:05:19.247270+00:00
AAPL,2025-01-02 16:45:00+00:00,146.86566656630055,148.4185478828181,145.78671266623513,146.55474704154915,146.55474704154915,14093382.0,sample,2026-09-24 19:05:19.247270+00:00
AAPL,2025-01-02 16:50:00+00:00,146.64779942563266,147.13995735394045,145.41640790633622,146.33541270269814,146.33541270269814,2280300.0,sample,2026-09-24 19:05:19.247270+00:00
AAPL,2025-01-02 16:55:00+00:00,146.74218304172106,148.42513046491337,144.45941148859657,146.06505805182692,146.06505805182692,10023285.0,sample,2026-09-24 19:05:19.247270+00:00
AAPL,2025-01-02 17:00:00+00:00,146.148111583931,147.05316520946076,144.7678325459564,145.69855858884637,145.69855858884637,9074907.0,sample,2026-09-24 19:05:19.247270+00:00
AAPL,2025-01-02 17:05:00+00:00,145.67657952407347,146.2979812207336,145.0025668262846,145.21405481295346,145.21405481295346,3214536.0,sample,2026-09-24 19:05:19.247270+00:00
AAPL,2025-01-02 17:10:00+00:00,145.04419668319133,145.48658217131225,144.19678968644897,145.00602862979062,145.00602862979062,13545161.0,sample,2026-09-24 19:05:19.247270+00:00
AAPL,2025-01-02 17:15:00+00:00,144.59187363571297,145.1320127958641,143.3235029586409,143.96447067080751,143.96447067080751,7701654.0,sample,2026-09-24 19:05:19.247270+00:00
AAPL,2025-01-02 17:20:00+00:00,144.21254396197756,145.67207187871915,142.1023117696589,143.3131045495144,143.3131045495144,3297544.0,sample,2026-09-24 19:05:19.247270+00:00
AAPL,2025-01-02 17:25:00+00:00,143.3285453468571,144.93751254909864,142.07212985755552,143.13155565385205,143.13155565385205,15962259.0,sample,2026-09-24 19:05:19.247270+00:00
AAPL,2025-01-02 17:30:00+00:00,142.64924616114112,144.6907759906049,141.73480906963277,143.57695682503154,143.57695682503154,17163823.0,sample,2026-09-24 19:05:19.247270+00:00
AAPL,2025-01-02 17:35:00+00:00,143.58500735464042,144.88911414875307,142.63646473428253,143.84705301358017,143.84705301358017,11501157.0,sample,2026-09-24 19:05:19.247270+00:00
AAPL,2025-01-02 17:40:00+00:00,143.8761097425079,146.58297480548399,143.64479332221927,144.9239029303381,144.9239029303381,8103185.0,sample,2026-09-24 19:05:19.247270+00:00
AAPL,2025-01-02 17:45:00+00:00,144.5430238239931,146.02439303548107,143.52078339290648,145.63403692159343,145.63403692159343,5750899.0,sample,2026-09-24 19:05:19.247270+00:00
AAPL,2025-01-02 17:50:00+00:00,145.4769197800933,145.7938197119877,143.8381865715263,144.56128363838775,144.56128363838775,11821712.0,sample,2026-09-24 19:05:19.247270+00:00
AAPL,2025-01-02 17:55:00+00:00,144.37537278440598,145.2930354346327,143.77978942284727,144.87309079303355,144.87309079303355,4597514.0,sample,2026-09-24 19:05:19.247270+00:00
AAPL,2025-01-02 18:00:00+00:00,145.1014160617716,146.86489682927987,143.90225923692145,145.44887963625342,145.44887963625342,13016710.0,sample,2026-09-24 19:05:19.247270+00:00
AAPL,2025-01-02 18:05:00+00:00,145.2995227600874,146.67866815326025,143.9379655042531,145.58780803414845,145.58780803414845,11814252.0,sample,2026-09-24 19:05:19.247270+00:00
AAPL,2025-01-02 18:10:00+00:00,145.60258629190594,146.77791281936805,143.18751521934755,144.51876810018223,144.51876810018223,7402636.0,sample,2026-09-24 19:05:19.247270+00:00
AAPL,2025-01-02 18:15:00+00:00,144.2741720604761,144.79712255533278,143.22968574403455,144.31533413325198,144.31533413325198,3061070.0,sample,2026-09-24 19:05:19.247270+00:00
AAPL,2025-01-02 18:20:00+00:00,144.37884995963736,145.55797526463434,143.57184200326887,143.85066070792118,143.85066070792118,10380624.0,sample,2026-09-24 19:05:19.247270+00:00
AAPL,2025-01-02 18:25:00+00:00,144.17934153240256,145.14764025138632,143.4437098375444,144.07042754872114,144.07042754872114,8197691.0,sample,2026-09-24 19:05:19.247270+00:00
AAPL,2025-01-02 18:30:00+00:00,144.57925162945256,145.7857418468473,143.77209797750052,144.74319315977655,144.74319315977655,6341668.0,sample,2026-09-24 19:05:19.247270+00:00
AAPL,2025-01-02 18:35:00+00:00,144.39030966209745,146.527622167828,143.78149034800663,145.12402118637314,145.12402118637314,13044776.0,sample,2026-09-24 19:05:19.247270+00:00
AAPL,2025-01-02 18:40:00+00:00,145.4668955462042,146.70545028555304,143.5657872778304,144.53110228502803,144.53110228502803,17418729.0,sample,2026-09-24 19:05:19.247270+00:00
AAPL,2025-01-02 18:45:00+00:00,144.5321846327238,146.26238645366877,143.89147924417847,144.9950095463975,144.9950095463975,9258268.0,sample,2026-09-24 19:05:19.247270+00:00
AAPL,2025-01-02 18:50:00+00:00,145.3113559887315,145.68892540672311,144.80717638919023,145.00616666459754,145.00616666459754,2492876.0,sample,2026-09-24 19:05:19.247270+00:00
AAPL,2025-01-02 18:55:00+00:00,144.66508079356868,146.49698032875685,143.801928544633,145.58889133486568,145.58889133486568,6125813.0,sample,2026-09-24 19:05:19.247270+00:00
AAPL,2025-01-02 19:00:00+00:00,145.62246306882588,146.63017570499719,143.72446153940052,145.42071628445063,145.42071628445063,15617396.0,sample,2026-09-24 19:05:19.247270+00:00
AAPL,2025-01-02 19:05:00+00:00,145.34623029560092,146.00859845996203,144.1525545477641,145.54051043793456,145.54051043793456,8048075.0,sample,2026-09-24 19:05:19.247270+00:00
AAPL,2025-01-02 19:10:00+00:00,145.4921516123062,146.2261708005705,143.84940668398056,145.50571250737542,145.50571250737542,5280867.0,sample,2026-09-24 19:05:19.247270+00:00
AAPL,2025-01-02 19:15:00+00:00,145.34129694170815,145.73336094781664,145.0156945204277,145.3761544179286,145.3761544179286,17127808.0,sample,2026-09-24 19:05:19.247270+00:00
AAPL,2025-01-02 19:20:00+00:00,145.09394529770077,147.33789424031048,143.7456912227654,146.25417807257782,146.25417807257782,2628966.0,sample,2026-09-24 19:05:19.247270+00:00
AAPL,2025-01-02 19:25:00+00:00,146.2032738133823,147.06764143446185,144.88300967528977,146.7742138079525,146.7742138079525,10600142.0,sample,2026-09-24 19:05:19.247270+00:00
AAPL,2025-01-02 19:30:00+00:00,146.5857414879217,147.58165644759436,145.6687865579081,147.01796812013683,147.01796812013683,8577770.0,sample,2026-09-24 19:05:19.247270+00:00
AAPL,2025-01-02 19:35:00+00:00,146.79631340087792,147.78115270345168,144.62655331400947,146.1997294660117,146.1997294660117,2376269.0,sample,2026-09-24 19:05:19.247270+00:00
AAPL,2025-01-02 19:40:00+00:00,146.01032173128146,146.61953075324462,144.71439197213945,145.78663977498002,145.78663977498002,16305706.0,sample,2026-09-24 19:05:19.247270+00:00
AAPL,2025-01-02 19:45:00+00:00,146.01018144388036,147.31337415359394,144.72103804085077,145.7878713122754,145.7878713122754,3978937.0,sample,2026-09-24 19:05:19.247270+00:00
AAPL,2025-01-02 19:50:00+00:00,145.93292786123132,147.7721839807944,145.13478062987548,146.11874865058974,146.11874865058974,6297811.0,sample,2026-09-24 19:05:19.247270+00:00
AAPL,2025-01-02 19:55:00+00:00,146.4115170072965,147.2854468437744,144.59841374335016,145.10936679400558,145.10936679400558,5947261.0,sample,2026-09-24 19:05:19.247270+00:00
AAPL,2025-01-02 20:00:00+00:00,145.269654927073,146.6545863042935,143.59362306093252,145.57744921974316,145.57744921974316,14962618.0,sample,2026-09-24 19:05:19.247270+00:00
AAPL,2025-01-02 20:05:00+00:00,145.8308378216555,146.02548091261585,143.20683326846182,144.9080278452613,144.9080278452613,17869278.0,sample,2026-09-24 19:05:19.247270+00:00
AAPL,2025-01-02 20:10:00+00:00,144.87857270273264,146.38692238131546,142.52932451529693,144.18632159971645,144.18632159971645,3953253.0,sample,2026-09-24 19:05:19.247270+00:00
AAPL,2025-01-02 20:15:00+00:00,144.09858211615827,146.03545266926943,143.616223974951,144.7704794238728,144.7704794238728,14035743.0,sample,2026-09-24 19:05:19.247270+00:00
AAPL,2025-01-02 20:20:00+00:00,145.15139790014416,146.69287984534736,144.10644292055306,144.39761378959008,144.39761378959008,1671481.0,sample,2026-09-24 19:05:19.247270+00:00
AAPL,2025-01-02 20:25:00+00:00,144.14834215014085,144.77031376248434,143.6660876244438,144.56766993164817,144.56766993164817,8267171.0,sample,2026-09-24 19:05:19.247270+00:00
AAPL,2025-01-02 20:30:00+00:00,145.4033928007626,146.3988210893777,144.9110155714976,145.11762021535262,145.11762021535262,4332099.0,sample,2026-09-24 19:05:19.247270+00:00
AAPL,2025-01-02 20:35:00+00:00,145.68552794714057,146.18099913667606,143.70467845690615,145.43886740328668,145.43886740328668,11541121.0,sample,2026-09-24 19:05:19.247270+00:00
AAPL,2025-01-02 20:40:00+00:00,145.7131975661222,146.21475635910767,143.43613467169342,144.76971672422488,144.76971672422488,14662297.0,sample,2026-09-24 19:05:19.247270+00:00
AAPL,2025-01-02 20:45:00+00:00,144.8586993813245,145.8959825956186,142.68956752464806,144.39177992652932,144.39177992652932,5327991.0,sample,2026-09-24 19:05:19.247270+00:00
AAPL,2025-01-02 20:50:00+00:00,144.22519275186784,144.4680916464017,142.9978982451007,143.99781060924607,143.99781060924607,5241603.0,sample,2026-09-24 19:05:19.247270+00:00
AAPL,2025-01-02 20:55:00+00:00,143.49372367826737,144.32477955559222,142.06432934243028,144.17892414043774,144.17892414043774,9719469.0,sample,2026-09-24 19:05:19.247270+00:00
AAPL,2025-01-02 21:00:00+00:00,144.30744138582872,146.05210436641104,144.05341119359142,144.32831443485168,144.32831443485168,8854119.0,sample,2026-09-24 19:05:19.247270+00:00
AAPL,2025-01-02 21:05:00+00:00,144.16951914386402,145.5914355317381,143.70302897907675,144.92766177189105,144.92766177189105,10541740.0,sample,2026-09-24 19:05:19.247270+00:00
AAPL,2025-01-02 21:10:00+00:00,144.90622071867682,145.33508967526285,144.00068830602166,145.18213262237242,145.18213262237242,9491477.0,sample,2026-09-24 19:05:19.247270+00:00
AAPL,2025-01-02 21:15:00+00:00,145.12234409564604,146.77793384694218,144.1722573515565,145.7001757012702,145.7001757012702,8391183.0,sample,2026-09-24 19:05:19.247270+00:00
AAPL,2025-01-02 21:20:00+00:00,145.56472404849458,145.89758441510688,144.7673988536216,145.54826621763112,145.54826621763112,3742869.0,sample,2026-09-24 19:05:19.247270+00:00
AAPL,2025-01-02 21:25:00+00:00,145.9038457300086,147.22715404366232,143.78871607518255,145.32391965638132,145.32391965638132,8752976.0,sample,2026-09-24 19:05:19.247270+00:00
AAPL,2025-01-02 21:30:00+00:00,145.48820838334663,145.87046315410296,142.98861568670128,144.39335712282613,144.39335712282613,14392076.0,sample,2026-09-24 19:05:19.247270+00:00
AAPL,2025-01-02 21:35:00+00:00,144.6398865564337,145.85546663047325,143.16428277354055,143.9760157859326,143.9760157859326,4974590.0,sample,2026-09-24 19:05:19.247270+00:00
AAPL,2025-01-02 21:40:00+00:00,144.25731118453743,144.7188290687528,141.72479975012035,142.96866687144367,142.96866687144367,13004839.0,sample,2026-09-24 19:05:19.247270+00:00
AAPL,2025-01-02 21:45:00+00:00,142.78498425083964,143.0055389571256,140.88765707536365,142.46030981544922,142.46030981544922,10473481.0,sample,2026-09-24 19:05:19.247270+00:00
AAPL,2025-01-02 21:50:00+00:00,142.7520235007619,145.0075658402007,142.01398320443826,143.28933748285155,143.28933748285155,13192070.0,sample,2026-09-24 19:05:19.247270+00:00
AAPL,2025-01-02 21:55:00+00:00,143.31517093562968,144.20657575854102,142.35317315701963,143.39863919215338,143.39863919215338,10198719.0,sample,2026-09-24 19:05:19.247270+00:00
AAPL,2025-01-02 22:00:00+00:00,143.38951744280686,144.39106899320714,141.86677874410665,143.40637435191226,143.40637435191226,5611257.0,sample,2026-09-24 19:05:19.247270+00:00
AAPL,2025-01-02 22:05:00+00:00,143.10517491916968,144.91543852624713,141.4795694230472,143.32062125254245,143.32062125254245,15084424.0,sample,2026-09-24 19:05:19.247270+00:00
AAPL,2025-01-02 22:10:00+00:00,143.38998952417452,143.97712362647107,141.9699102994861,143.01082182550343,143.01082182550343,2260305.0,sample,2026-09-24 19:05:19.247270+00:00
AAPL,2025-01-02 22:15:00+00:00,142.9594209900104,143.25253683553404,142.5071955997934,142.94231699929242,142.94231699929242,5177657.0,sample,2026-09-24 19:05:19.247270+00:00
AAPL,2025-01-02 22:20:00+00:00,143.0840022847871,144.03332243216573,142.34746357254625,143.5088751589236,143.5088751589236,5995636.0,sample,2026-09-24 19:05:19.247270+00:00
AAPL,2025-01-02 22:25:00+00:00,143.33112349223816,143.8262026327388,142.3812538074029,142.8842490396858,142.8842490396858,11959190.0,sample,2026-09-24 19:05:19.247270+00:00
AAPL,2025-01-02 22:30:00+00:00,143.26000200564084,144.66508657720522,141.0250166794688,142.4943490410335,142.4943490410335,9009355.0,sample,2026-09-24 19:05:19.247270+00:00
AAPL,2025-01-02 22:35:00+00:00,142.44555092832755,143.75694244956355,141.07958813132373,141.94867237205798,141.94867237205798,1569560.0,sample,2026-09-24 19:05:19.247270+00:00
AAPL,2025-01-02 22:40:00+00:00,142.1462750017308,142.3684837143441,140.11620994018958,141.73351025372617,141.73351025372617,11673184.0,sample,2026-09-24 19:05:19.247270+00:00
AAPL,2025-01-02 22:45:00+00:00,141.53568907503657,143.4371891337352,140.87595396734972,143.2129589158649,143.2129589158649,16427149.0,sample,2026-09-24 19:05:19.247270+00:00
AAPL,2025-01-02 22:50:00+00:00,143.18076127394133,145.6746540683936,141.73208148541775,144.2825564977876,144.2825564977876,11861346.0,sample,2026-09-24 19:05:19.247270+00:00
AAPL,2025-01-02 22:55:00+00:00,144.38441557134388,146.12505907974145,144.04826490798595,145.4216323189965,145.4216323189965,16346870.0,sample,2026-09-24 19:05:19.247270+00:00
AAPL,2025-01-02 23:00:00+00:00,145.1677441414365,145.44503470921296,144.11449006536714,144.64715395787655,144.64715395787655,3448531.0,sample,2026-09-24 19:05:19.247270+00:00
AAPL,2025-01-02 23:05:00+00:00,144.96509586948295,145.44708259525825,142.637493206623,143.8222397319085,143.8222397319085,16084421.0,sample,2026-09-24 19:05:19.247270+00:00
AAPL,2025-01-02 23:10:00+00:00,143.71885864426372,144.98078231079717,143.0056778231895,144.3575154281947,144.3575154281947,14169278.0,sample,2026-09-24 19:05:19.247270+00:00
AAPL,2025-01-02 23:15:00+00:00,144.05411936265827,144.90107431309627,143.24453719236098,143.81526800610376,143.81526800610376,16424088.0,sample,2026-09-24 19:05:19.247270+00:00
AAPL,2025-01-02 23:20:00+00:00,143.9680715257262,145.69357837582947,142.38378700468112,143.98912016129887,143.98912016129887,6161652.0,sample,2026-09-24 19:05:19.247270+00:00
AAPL,2025-01-02 23:25:00+00:00,144.08297308544928,144.28153077124495,142.23721111440125,143.18697811857302,143.18697811857302,10790980.0,sample,2026-09-24 19:05:19.247270+00:00
AAPL,2025-01-02 23:30:00+00:00,143.8933296302282,144.35314536646507,142.22499670767948,143.84091751924214,143.84091751924214,3117963.0,sample,2026-09-24 19:05:19.247270+00:00
AAPL,2025-01-02 23:35:00+00:00,144.04198392653032,144.92538720853173,142.193725404124,143.76753655140075,143.76753655140075,13082627.0,sample,2026-09-24 19:05:19.247270+00:00
AAPL,2025-01-02 23:40:00+00:00,144.43611432693265,145.3512185145085,142.95052717275018,143.5385114058256,143.5385114058256,7175701.0,sample,2026-09-24 19:05:19.247270+00:00
AAPL,2025-01-02 23:45:00+00:00,143.38859335556344,146.78136968981175,142.98730106763952,145.18702372385627,145.18702372385627,14758846.0,sample,2026-09-24 19:05:19.247270+00:00
AAPL,2025-01-02 23:50:00+00:00,145.00050267777198,146.91773417587942,144.58968082276567,145.29367358073455,145.29367358073455,14929518.0,sample,2026-09-24 19:05:19.247270+00:00
AAPL,2025-01-02 23:55:00+00:00,145.77374277039104,146.2210958592108,144.28648724810185,144.6694306820345,144.6694306820345,3237755.0,sample,2026-09-24 19:05:19.247270+00:00
AAPL,2025-01-03 00:00:00+00:00,144.5880805373056,145.3240971992784,142.69340765769923,144.13057279039725,144.13057279039725,13415495.0,sample,2026-09-24 19:05:19.247270+00:00
AAPL,2025-01-03 00:05:00+00:00,143.71553811658436,145.92501554485983,143.34332478801542,144.83847452008055,144.83847452008055,4741768.0,sample,2026-09-24 19:05:19.247270+00:00
AAPL,2025-01-03 00:10:00+00:00,144.63464205170368,145.59373756804646,143.87133827843124,144.27430870004446,144.27430870004446,17380910.0,sample,2026-09-24 19:05:19.247270+00:00
AAPL,2025-01-03 00:15:00+00:00,144.22456741214307,146.06474470801817,142.99479988230019,145.1641074994045,145.1641074994045,6968041.0,sample,2026-09-24 19:05:19.247270+00:00
AAPL,2025-01-03 00:20:00+00:00,145.15714232066944,146.3965691854506,143.22255152163964,144.43742544565234,144.43742544565234,11150066.0,sample,2026-09-24 19:05:19.247270+00:00
AAPL,2025-01-03 00:25:00+00:00,144.447432306364,146.07314673103417,143.04754374952026,144.51587040379826,144.51587040379826,15920280.0,sample,2026-09-24 19:05:19.247270+00:00
AAPL,2025-01-03 00:30:00+00:00,144.28746506980315,145.09860501055277,142.33771968086617,143.7826896385943,143.7826896385943,2600332.0,sample,2026-09-24 19:05:19.247270+00:00
AAPL,2025-01-03 00:35:00+00:00,143.7744377489078,144.80800126072452,143.02331200576992,144.33355869717107,144.33355869717107,14516705.0,sample,2026-09-24 19:05:19.247270+00:00
AAPL,2025-01-03 00:40:00+00:00,144.05526111849147,146.0572783296349,143.36836331847346,144.96977862433354,144.96977862433354,5675994.0,sample,2026-09-24 19:05:19.247270+00:00
AAPL,2025-01-03 00:45:00+00:00,145.05830146582662,146.1774774864712,144.69969811336557,145.180019011744,145.180019011744,5326632.0,sample,2026-09-24 19:05:19.247270+00:00
AAPL,2025-01-03 00:50:00+00:00,144.91641950697144,146.31540616655755,143.53602379566115,144.94976507438614,144.94976507438614,8337672.0,sample,2026-09-24 19:05:19.247270+00:00
AAPL,2025-01-03 00:55:00+00:00,144.61960705363492,145.93808583901327,143.81352068753543,144.4983506085509,144.4983506085509,7035607.0,sample,2026-09-24 19:05:19.247270+00:00
AAPL,2025-01-03 01:00:00+00:00,144.29245522012624,145.72019178069212,143.41886843069332,144.2984387477371,144.2984387477371,16362799.0,sample,2026-09-24 19:05:19.247270+00:00
AAPL,2025-01-03 01:05:00+00:00,144.05467003587617,145.1348982562425,143.2652593122795,143.46488114108593,143.46488114108593,14956118.0,sample,2026-09-24 19:05:19.247270+00:00
AAPL,2025-01-03 01:10:00+00:00,143.28459361800589,143.87868391876697,141.67573380602778,142.91805960718764,142.91805960718764,12477436.0,sample,2026-09-24 19:05:19.247270+00:00
AAPL,2025-01-03 01:15:00+00:00,143.09858180185813,144.22034411720958,141.6630769872308,143.57176603265424,143.57176603265424,2882793.0,sample,2026-09-24 19:05:19.247270+00:00
AAPL,2025-01-03 01:20:00+00:00,143.60897205866715,144.9854890031046,142.59027962932367,143.1944848706774,143.1944848706774,5510250.0,sample,2026-09-24 19:05:19.247270+00:00
AAPL,2025-01-03 01:25:00+00:00,143.32335709426488,144.30994372825086,141.88157924328038,143.10955426952987,143.10955426952987,7142773.0,sample,2026-09-24 19:05:19.247270+00:00
AAPL,2025-01-03 01:30:00+00:00,143.53868061153815,145.34205634973964,142.7711741899458,143.84793045393968,143.84793045393968,11154314.0,sample,2026-09-24 19:05:19.247270+00:00
AAPL,2025-01-03 01:35:00+00:00,144.35749516929528,145.33760350690505,142.81606403408867,143.9813943770509,143.9813943770509,6059440.0,sample,2026-09-24 19:05:19.247270+00:00
AAPL,2025-01-03 01:40:00+00:00,144.60128810500143,144.77038670670933,142.26627421362429,143.94068244619882,143.94068244619882,7190597.0,sample,2026-09-24 19:05:19.247270+00:00
AAPL,2025-01-03 01:45:00+00:00,143.65697172460514,145.1998523927085,143.12908269115047,144.50751908645682,144.50751908645682,7378313.0,sample,2026-09-24 19:05:19.247270+00:00
AAPL,2025-01-03 01:50:00+00:00,144.4993693678531,146.08448908667668,143.03175447705112,144.73349856631256,144.73349856631256,8036980.0,sample,2026-09-24 19:05:19.247270+00:00
AAPL,2025-01-03 01:55:00+00:00,144.62585201540347,145.44429420683502,143.34120765213098,144.91434661980347,144.91434661980347,5212655.0,sample,2026-09-24 19:05:19.247270+00:00
AAPL,2025-01-03 02:00:00+00:00,144.9241301067338,145.83709778706256,143.30852760762681,144.98678947606874,144.98678947606874,10053800.0,sample,2026-09-24 19:05:19.247270+00:00
AAPL,2025-01-03 02:05:00+00:00,144.74654461905192,146.91193966516045,143.0602945723498,145.79272540018704,145.79272540018704,14793620.0,sample,2026-09-24 19:05:19.247270+00:00
AAPL,2025-01-03 02:10:00+00:00,146.253306073383,148.50069453657972,145.00676904980867,146.74714704205567,146.74714704205567,9293434.0,sample,2026-09-24 19:05:19.247270+00:00
AAPL,2025-01-03 02:15:00+00:00,146.42395317101938,147.75057159305322,143.6903854518384,145.31364774591447,145.31364774591447,12475385.0,sample,2026-09-24 19:05:19.247270+00:00
AAPL,2025-01-03 02:20:00+00:00,145.14521565750871,147.67866796913728,143.68674766050006,146.42456367620002,146.42456367620002,17548748.0,sample,2026-09-24 19:05:19.247270+00:00
AAPL,2025-01-03 02:25:00+00:00,146.19170369607417,147.04495895190786,144.7305776805911,146.8603437955786,146.8603437955786,10948710.0,sample,2026-09-24 19:05:19.247270+00:00
AAPL,2025-01-03 02:30:00+00:00,146.37443790410796,147.7115076856276,145.06194391034003,146.63845974697344,146.63845974697344,4585615.0,sample,2026-09-24 19:05:19.247270+00:00
AAPL,2025-01-03 02:35:00+00:00,146.52606850322977,147.50467758638607,145.51814301497973,147.13273379468754,147.13273379468754,16704791.0,sample,2026-09-24 19:05:19.247270+00:00
AAPL,2025-01-03 02:40:00+00:00,146.8051141483508,148.4552895060909,145.14158135791848,146.24195112381338,146.24195112381338,15491006.0,sample,2026-09-24 19:05:19.247270+00:00
AAPL,2025-01-03 02:45:00+00:00,145.83119056786478,147.10840159669672,145.3902947576649,146.39651693622437,146.39651693622437,2679709.0,sample,2026-09-24 19:05:19.247270+00:00
AAPL,2025-01-03 02:50:00+00:00,146.59987473163892,147.35019210598892,146.04819562191742,147.08158922253668,147.08158922253668,17819856.0,sample,2026-09-24 19:05:19.247270+00:00
AAPL,2025-01-03 02:55:00+00:00,147.50728814414637,148.37661624794762,145.66180540349438,146.87934504946097,146.87934504946097,8853868.0,sample,2026-09-24 19:05:19.247270+00:00
AAPL,2025-01-03 03:00:00+00:00,146.7525834281232,148.06826155160178,144.60152178551206,145.47532483778394,145.47532483778394,9573490.0,sample,2026-09-24 19:05:19.247270+00:00
AAPL,2025-01-03 03:05:00+00:00,146.0187048355792,147.2076944050706,145.05670672418861,145.52894451949228,145.52894451949228,12454012.0,sample,2026-09-24 19:05:19.247270+00:00
AAPL,2025-01-03 03:10:00+00:00,145.57586592442823,146.73308033375915,143.79193703580677,145.381159683975,145.381159683975,11642628.0,sample,2026-09-24 19:05:19.247270+00:00
AAPL,2025-01-03 03:15:00+00:00,144.80808912975053,147.75287375234697,143.69250996777788,146.22752922660496,146.22752922660496,8767345.0,sample,2026-09-24 19:05:19.247270+00:00
AAPL,2025-01-03 03:20:00+00:00,146.5528108851664,148.16408242168617,146.2278927141954,146.7627268864377,146.7627268864377,13353515.0,sample,2026-09-24 19:05:19.247270+00:00
AAPL,2025-01-03 03:25:00+00:00,146.91448598534095,149.45617086853372,145.91872249284987,147.9479590133876,147.9479590133876,8220627.0,sample,2026-09-24 19:05:19.247270+00:00
AAPL,2025-01-03 03:30:00+00:00,148.1233150834473,148.92940692474923,147.19787304857996,148.01467721049502,148.01467721049502,3807897.0,sample,2026-09-24 19:05:19.247270+00:00
AAPL,2025-01-03 03:35:00+00:00,147.79409195757054,149.76156501788876,147.23812916112985,148.46387205470154,148.46387205470154,11820399.0,sample,2026-09-24 19:05:19.247270+00:00
AAPL,2025-01-03 03:40:00+00:00,148.3123577145727,149.0608768250382,147.64512895905523,148.86722102341878,148.86722102341878,11111346.0,sample,2026-09-24 19:05:19.247270+00:00
AAPL,2025-01-03 03:45:00+00:00,148.46905496026267,149.8317542150704,147.46945619754175,148.51389153770043,148.51389153770043,16721657.0,sample,2026-09-24 19:05:19.247270+00:00
AAPL,2025-01-03 03:50:00+00:00,148.54421046215455,150.0097362817437,147.92109217746568,148.72112479144454,148.72112479144454,15112143.0,sample,2026-09-24 19:05:19.247270+00:00
AAPL,2025-01-03 03:55:00+00:00,148.85104904322463,151.7685427236585,148.04766315910797,150.30651306594734,150.30651306594734,16411414.0,sample,2026-09-24 19:05:19.247270+00:00
AAPL,2025-01-03 04:00:00+00:00,150.26442923226404,151.54973778516265,149.7210354314158,149.9952337533506,149.9952337533506,14315272.0,sample,2026-09-24 19:05:19.247270+00:00
AAPL,2025-01-03 04:05:00+00:00,149.65746814403283,151.56552729718874,147.99950877789684,150.37151723816584,150.37151723816584,9197319.0,sample,2026-09-24 19:05:19.247270+00:00
AAPL,2025-01-03 04:10:00+00:00,150.42810233841388,151.08806837555974,150.04366439360624,150.34179987047972,150.34179987047972,12904270.0,sample,2026-09-24 19:05:19.247270+00:00
AAPL,2025-01-03 04:15:00+00:00,150.613403392504,152.25540480001627,149.44420840120034,150.86606750300368,150.86606750300368,15173203.0,sample,2026-09-24 19:05:19.247270+00:00
AAPL,2025-01-03 04:20:00+00:00,150.9673854707686,151.3774122808518,148.69761524309018,150.39140527386616,150.39140527386616,3446602.0,sample,2026-09-24 19:05:19.247270+00:00
AAPL,2025-01-03 04:25:00+00:00,150.17614819946414,152.22177477925217,148.75658562344137,151.27724341542515,151.27724341542515,9381275.0,sample,2026-09-24 19:05:19.247270+00:00
AAPL,2025-01-03 04:30:00+00:00,151.03559907205928,151.58605616633966,149.28772763166063,151.24279728125592,151.24279728125592,10725093.0,sample,2026-09-24 19:05:19.247270+00:00
AAPL,2025-01-03 04:35:00+00:00,150.86349165857303,152.05149574104078,150.0613855275065,151.12024955642076,151.12024955642076,14434659.0,sample,2026-09-24 19:05:19.247270+00:00
AAPL,2025-01-03 04:40:00+00:00,151.3957576662022,151.5717720110078,149.17118441819062,150.83090436619028,150.83090436619028,13670895.0,sample,2026-09-24 19:05:19.247270+00:00
AAPL,2025-01-03 04:45:00+00:00,151.05998844549893,152.44358591593783,149.7055208316129,151.11081126709826,151.11081126709826,16449644.0,sample,2026-09-24 19:05:19.247270+00:00
AAPL,2025-01-03 04:50:00+00:00,151.32455323007534,152.76203363113808,148.97820643702264,150.57864221191826,150.57864221191826,1510069.0,sample,2026-09-24 19:05:19.247270+00:00
AAPL,2025-01-03 04:55:00+00:00,150.6727212407439,152.56576980309495,150.3607085522628,151.12597727483873,151.12597727483873,5452695.0,sample,2026-09-24 19:05:19.247270+00:00
AAPL,2025-01-03 05:00:00+00:00,151.0436972469903,151.56552948587034,149.96519528223442,150.75071503103263,150.75071503103263,15954868.0,sample,2026-09-24 19:05:19.247270+00:00
AAPL,2025-01-03 05:05:00+00:00,150.977888272163,151.28673434915683,149.3605222774364,150.67403528920025,150.67403528920025,5176402.0,sample,2026-09-24 19:05:19.247270+00:00
AAPL,2025-01-03 05:10:00+00:00,150.4707521679329,153.11205761464663,149.42231497390608,151.46044553838684,151.46044553838684,7348214.0,sample,2026-09-24 19:05:19.247270+00:00
AAPL,2025-01-03 05:15:00+00:00,150.9024475825229,152.75088488200268,149.75567738584655,152.36951089339135,152.36951089339135,5839897.0,sample,2026-09-24 19:05:19.247270+00:00
AAPL,2025-01-03 05:20:00+00:00,152.44537801381412,152.9234811923375,151.41486156366165,152.5159601846729,152.5159601846729,12727040.0,sample,2026-09-24 19:05:19.247270+00:00
AAPL,2025-01-03 05:25:00+00:00,152.7247730979904,153.0178176921315,150.95392063431038,152.19742807474285,152.19742807474285,8815272.0,sample,2026-09-24 19:05:19.247270+00:00
AAPL,2025-01-03 05:30:00+00:00,152.24987381994754,153.86986659246713,151.4968085621714,152.23017013171494,152.23017013171494,11216576.0,sample,2026-09-24 19:05:19.247270+00:00
AAPL,2025-01-03 05:35:00+00:00,152.49331026928286,153.5483356703197,152.13049902957613,152.74227190048836,152.74227190048836,13195764.0,sample,2026-09-24 19:05:19.247270+00:00
AAPL,2025-01-03 05:40:00+00:00,153.0875394736661,153.83683708471602,152.07973273391633,152.84592019866784,152.84592019866784,4436802.0,sample,2026-09-24 19:05:19.247270+00:00
AAPL,2025-01-03 05:45:00+00:00,152.76124094187813,153.67533241527843,152.3536886215431,153.19585318942936,153.19585318942936,1702936.0,sample,2026-09-24 19:05:19.247270+00:00
AAPL,2025-01-03 05:50:00+00:00,153.18364234167493,155.29403347136198,151.94721608946935,153.95180866870282,153.95180866870282,11898565.0,sample,2026-09-24 19:05:19.247270+00:00
AAPL,2025-01-03 05:55:00+00:00,153.93457210963786,155.7186226282983,151.44321844606188,152.8460475340047,152.8460475340047,1944331.0,sample,2026-09-24 19:05:19.247270+00:00
AAPL,2025-01-03 06:00:00+00:00,152.728511914086,153.2850256063725,151.69206267421083,152.90430976836998,152.90430976836998,17075464.0,sample,2026-09-24 19:05:19.247270+00:00
AAPL,2025-01-03 06:05:00+00:00,152.8120159511427,154.64960043591833,152.11011878665468,152.9911763954163,152.9911763954163,1879893.0,sample,2026-09-24 19:05:19.247270+00:00
AAPL,2025-01-03 06:10:00+00:00,153.340788848212,153.75143180169619,151.89825016179083,152.67551667867193,152.67551667867193,12855779.0,sample,2026-09-24 19:05:19.247270+00:00
AAPL,2025-01-03 06:15:00+00:00,152.6233344643455,154.0022978327439,150.79200061052464,153.0059647202693,153.0059647202693,10551452.0,sample,2026-09-24 19:05:19.247270+00:00
AAPL,2025-01-03 06:20:00+00:00,153.17135831799868,154.7069775365733,152.33364469807577,152.5152584568883,152.5152584568883,16280575.0,sample,2026-09-24 19:05:19.247270+00:00
AAPL,2025-01-03 06:25:00+00:00,152.58195174039886,154.18161171454778,151.06073689204447,152.2861361064352,152.2861361064352,7677659.0,sample,2026-09-24 19:05:19.247270+00:00
AAPL,2025-01-03 06:30:00+00:00,152.04861911299503,152.80414086003572,150.32626968294238,152.08250147464827,152.08250147464827,9413538.0,sample,2026-09-24 19:05:19.247270+00:00
AAPL,2025-01-03 06:35:00+00:00,151.563850734469,154.2238446266432,151.22176297524848,153.2412546274518,153.2412546274518,3026843.0,sample,2026-09-24 19:05:19.247270+00:00
AAPL,2025-01-03 06:40:00+00:00,153.33607513880497,153.7631245567014,151.29343263965706,152.55797536822175,152.55797536822175,17676070.0,sample,2026-09-24 19:05:19.247270+00:00
AAPL,2025-01-03 06:45:00+00:00,152.54185877450948,152.84884597909158,150.85599668118928,152.48409709126915,152.48409709126915,16593859.0,sample,2026-09-24 19:05:19.247270+00:00
AAPL,2025-01-03 06:50:00+00:00,152.16818723592326,153.66487513241117,151.35862329866148,153.11072343428037,153.11072343428037,11871595.0,sample,2026-09-24 19:05:19.247270+00:00
AAPL,2025-01-03 06:55:00+00:00,153.49563033265565,154.94760964529243,151.9728367609454,153.49614231817543,153.49614231817543,14403703.0,sample,2026-09-24 19:05:19.247270+00:00
AAPL,2025-01-03 07:00:00+00:00,153.53213990729603,155.1400592824838,151.87956091557032,152.7258109202354,152.7258109202354,4390074.0,sample,2026-09-24 19:05:19.247270+00:00
AAPL,2025-01-03 07:05:00+00:00,153.07926348628934,154.78781385487108,152.22313155113125,152.78286017709453,152.78286017709453,16147024.0,sample,2026-09-24 19:05:19.247270+00:00
AAPL,2025-01-03 07:10:00+00:00,152.50146560062134,152.74688713873337,150.06140062994476,151.66143510803263,151.66143510803263,15094541.0,sample,2026-09-24 19:05:19.247270+00:00
AAPL,2025-01-03 07:15:00+00:00,151.38431903844116,153.76839628586737,151.13137260790424,152.14905272323352,152.14905272323352,14945350.0,sample,2026-09-24 19:05:19.247270+00:00
AAPL,2025-01-03 07:20:00+00:00,152.13999751720962,153.60674718508764,151.679919571599,152.532504343155,152.532504343155,5631789.0,sample,2026-09-24 19:05:19.247270+00:00
AAPL,2025-01-03 07:25:00+00:00,152.20015257921835,153.4555671138132,151.6319615204845,152.185516704083,152.185516704083,5482114.0,sample,2026-09-24 19:05:19.247270+00:00
AAPL,2025-01-03 07:30:00+00:00,152.22865075696146,153.03140528321123,151.12555530030758,151.53101813223518,151.53101813223518,16055144.0,sample,2026-09-24 19:05:19.247270+00:00
AAPL,2025-01-03 07:35:00+00:00,151.37578070440588,152.44952474312953,150.95449470530968,151.57727911456027,151.57727911456027,7655799.0,sample,2026-09-24 19:05:19.247270+00:00
AAPL,2025-01-03 07:40:00+00:00,151.5702631550243,153.00307655552308,150.55111490740404,151.12574787726237,151.12574787726237,12415997.0,sample,2026-09-24 19:05:19.247270+00:00
AAPL,2025-01-03 07:45:00+00:00,151.10279947127742,152.05448038774256,149.7332307007915,150.50896948373463,150.50896948373463,3824430.0,sample,2026-09-24 19:05:19.247270+00:00
AAPL,2025-01-03 07:50:00+00:00,150.2795692586838,152.02715408265817,149.1726405927991,150.57094781463337,150.57094781463337,7816973.0,sample,2026-09-24 19:05:19.247270+00:00
AAPL,2025-01-03 07:55:00+00:00,150.49789973331974,152.66266735835808,149.36451505342495,151.2091932856311,151.2091932856311,9351061.0,sample,2026-09-24 19:05:19.247270+00:00
AAPL,2025-01-03 08:00:00+00:00,151.37647121947444,152.95504126977016,150.7016070180156,150.91455607801254,150.91455607801254,4253822.0,sample,2026-09-24 19:05:19.247270+00:00
AAPL,2025-01-03 08:05:00+00:00,150.8148657926649,151.71146906356213,149.91912892194952,150.35237096387823,150.35237096387823,3678449.0,sample,2026-09-24 19:05:19.247270+00:00
AAPL,2025-01-03 08:10:00+00:00,150.13354296571143,151.44590203926276,149.53628411633326,149.82423079817184,149.82423079817184,2771597.0,sample,2026-09-24 19:05:19.247270+00:00
AAPL,2025-01-03 08:15:00+00:00,150.12085556087234,151.2711663276529,149.0374576225117,150.56556015805378,150.56556015805378,9112924.0,sample,2026-09-24 19:05:19.247270+00:00
AAPL,2025-01-03 08:20:00+00:00,150.38799650317551,151.4235482970553,148.32979513122027,149.953942188218,149.953942188218,14429813.0,sample,2026-09-24 19:05:19.247270+00:00
AAPL,2025-01-03 08:25:00+00:00,150.16531737959104,150.32240139633467,147.69513005846386,149.31288281759768,149.31288281759768,1932005.0,sample,2026-09-24 19:05:19.247270+00:00
AAPL,2025-01-03 08:30:00+00:00,149.1848155129573,149.87037513643398,147.63207574493953,149.68934987116887,149.68934987116887,2921120.0,sample,2026-09-24 19:05:19.247270+00:00
AAPL,2025-01-03 08:35:00+00:00,149.76592587460846,149.9498766218563,148.36897815749262,149.78818025276792,149.78818025276792,13167905.0,sample,2026-09-24 19:05:19.247270+00:00
AAPL,2025-01-03 08:40:00+00:00,149.5503742459186,151.03926068448902,148.33250538127885,150.4676488292498,150.4676488292498,7271183.0,sample,2026-09-24 19:05:19.247270+00:00
AAPL,2025-01-03 08:45:00+00:00,150.20332157448553,151.10603959361396,149.02728013328374,150.64630534983604,150.64630534983604,4112663.0,sample,2026-09-24 19:05:19.247270+00:00
AAPL,2025-01-03 08:50:00+00:00,150.64623312918977,151.1271260377715,149.38011221587035,150.19084435228822,150.19084435228822,3141261.0,sample,2026-09-24 19:05:19.247270+00:00
AAPL,2025-01-03 08:55:00+00:00,150.13249444303847,152.43328391730907,149.15715193012002,150.91270409667356,150.91270409667356,4261722.0,sample,2026-09-24 19:05:19.247270+00:00
AAPL,2025-01-03 09:00:00+00:00,150.61260205354807,150.81497891167828,149.54667077983382,150.103868270828,150.103868270828,16180557.0,sample,2026-09-24 19:05:19.247270+00:00
AAPL,2025-01-03 09:05:00+00:00,149.66358959069055,151.72455367527178,147.98705390771894,150.45782296935172,150.45782296935172,6302179.0,sample,2026-09-24 19:05:19.247270+00:00
AAPL,2025-01-03 09:10:00+00:00,149.66331271945865,150.6717550585652,148.81251507550328,150.252745992634,150.252745992634,3132398.0,sample,2026-09-24 19:05:19.247270+00:00
AAPL,2025-01-03 09:15:00+00:00,149.9542884003971,151.64107062967446,149.73050782487655,150.93772958428337,150.93772958428337,8711070.0,sample,2026-09-24 19:05:19.247270+00:00
AAPL,2025-01-03 09:20:00+00:00,151.10490857323998,152.6386483988778,149.98519121518234,150.80058030837182,150.80058030837182,9890374.0,sample,2026-09-24 19:05:19.247270+00:00
AAPL,2025-01-03 09:25:00+00:00,150.54259267209088,151.68974040642624,149.02235420702095,151.04413696622578,151.04413696622578,16336044.0,sample,2026-09-24 19:05:19.247270+00:00
AAPL,2025-01-03 09:30:00+00:00,151.20386734702478,151.90140460537813,150.08544147121185,150.88898356312603,150.88898356312603,16279825.0,sample,2026-09-24 19:05:19.247270+00:00
AAPL,2025-01-03 09:35:00+00:00,150.98508477142295,152.17564500044398,150.8132669292552,151.01116607130956,151.01116607130956,8415351.0,sample,2026-09-24 19:05:19.247270+00:00
AAPL,2025-01-03 09:40:00+00:00,150.70203153632917,153.11340498667568,148.99935374355522,151.30086004824028,151.30086004824028,11974687.0,sample,2026-09-24 19:05:19.247270+00:00
AAPL,2025-01-03 09:45:00+00:00,151.22813993760994,151.86314524785786,150.5099470339993,151.03707688316396,151.03707688316396,8364936.0,sample,2026-09-24 19:05:19.247270+00:00
AAPL,2025-01-03 09:50:00+00:00,151.0817974839505,151.27660062811933,149.62674315781774,150.89710833413613,150.89710833413613,9970394.0,sample,2026-09-24 19:05:19.247270+00:00
AAPL,2025-01-03 09:55:00+00:00,150.5533200660314,152.8650696276587,150.07506787194166,151.78390502574047,151.78390502574047,7199368.0,sample,2026-09-24 19:05:19.247270+00:00
AAPL,2025-01-03 10:00:00+00:00,151.6583929882826,153.37007965949385,151.22050788897806,151.75397485530803,151.75397485530803,12209124.0,sample,2026-09-24 19:05:19.247270+00:00
AAPL,2025-01-03 10:05:00+00:00,152.07210368570802,153.78769273069238,151.7559399742,153.2142213296559,153.2142213296559,3746646.0,sample,2026-09-24 19:05:19.247270+00:00
AAPL,2025-01-03 10:10:00+00:00,153.2121508761292,154.33331341327045,152.1638146039213,153.2113483925031,153.2113483925031,8430230.0,sample,2026-09-24 19:05:19.247270+00:00
AAPL,2025-01-03 10:15:00+00:00,153.60309952656434,153.81909945285065,150.87747876953543,152.28867943894903,152.28867943894903,5923766.0,sample,2026-09-24 19:05:19.247270+00:00
AAPL,2025-01-03 10:20:00+00:00,152.17799303320032,152.58348261393684,150.54798387338735,151.16068513058448,151.16068513058448,6134020.0,sample,2026-09-24 19:05:19.247270+00:00
AAPL,2025-01-03 10:25:00+00:00,151.0309936733311,152.96181684208688,149.3642289390934,151.99849969569132,151.99849969569132,10453688.0,sample,2026-09-24 19:05:19.247270+00:00
AAPL,2025-01-03 10:30:00+00:00,152.05066917689302,153.27396205216783,150.3561569563196,151.7308007356849,151.7308007356849,13900791.0,sample,2026-09-24 19:05:19.247270+00:00
AAPL,2025-01-03 10:35:00+00:00,151.7641603026498,152.08449151777992,149.450052899188,151.07461231859037,151.07461231859037,12438101.0,sample,2026-09-24 19:05:19.247270+00:00
AAPL,2025-01-03 10:40:00+00:00,151.80797890375825,153.61418269274597,150.90222868762456,152.08308607261986,152.08308607261986,14515404.0,sample,2026-09-24 19:05:19.247270+00:00
AAPL,2025-01-03 10:45:00+00:00,152.50320525062327,154.09825036401546,151.05121569151376,151.9330537534934,151.9330537534934,13886528.0,sample,2026-09-24 19:05:19.247270+00:00
AAPL,2025-01-03 10:50:00+00:00,151.97597503276774,152.1372178301273,151.3739550713706,151.63362411362232,151.63362411362232,15078701.0,sample,2026-09-24 19:05:19.247270+00:00
AAPL,2025-01-03 10:55:00+00:00,151.33984006529005,153.48114287850655,150.25429350512417,152.0823185226158,152.0823185226158,9521352.0,sample,2026-09-24 19:05:19.247270+00:00
AAPL,2025-01-03 11:00:00+00:00,152.02506050129122,152.97688015942606,150.5941907802598,152.0619014378629,152.0619014378629,17324073.0,sample,2026-09-24 19:05:19.247270+00:00
AAPL,2025-01-03 11:05:00+00:00,152.13959125182342,153.43280363671963,151.76166391819856,152.26579389099982,152.26579389099982,3989673.0,sample,2026-09-24 19:05:19.247270+00:00
AAPL,2025-01-03 11:10:00+00:00,152.1470248270597,153.6233653484301,150.6684251804959,152.33055128132565,152.33055128132565,7025203.0,sample,2026-09-24 19:05:19.247270+00:00
AAPL,2025-01-03 11:15:00+00:00,152.01829764897553,153.4405215036463,151.066983781663,151.84788457882152,151.84788457882152,14325011.0,sample,2026-09-24 19:05:19.247270+00:00
AAPL,2025-01-03 11:20:00+00:00,151.66664752596844,152.21300241571774,150.66806024574166,151.2043135355539,151.2043135355539,8270453.0,sample,2026-09-24 19:05:19.247270+00:00
AAPL,2025-01-03 11:25:00+00:00,151.00584624692982,152.57163856285703,150.12461840076855,151.68968085770985,151.68968085770985,2990519.0,sample,2026-09-24 19:05:19.247270+00:00
AAPL,2025-01-03 11:30:00+00:00,152.03714665989315,152.4569131883131,150.88225685671526,151.90752543809316,151.90752543809316,16183336.0,sample,2026-09-24 19:05:19.247270+00:00
AAPL,2025-01-03 11:35:00+00:00,152.43903392292694,154.15405142043255,150.25694710847517,151.7710525151737,151.7710525151737,16382453.0,sample,2026-09-24 19:05:19.247270+00:00
AAPL,2025-01-03 11:40:00+00:00,151.87495320509964,152.26821441252477,148.69526865959537,150.07011633295505,150.07011633295505,11276717.0,sample,2026-09-24 19:05:19.247270+00:00
AAPL,2025-01-03 11:45:00+00:00,150.28278322881692,151.74602626512907,148.39159093809093,149.62723606141165,149.62723606141165,3221484.0,sample,2026-09-24 19:05:19.247270+00:00
AAPL,2025-01-03 11:50:00+00:00,149.52641685298227,150.74547110821158,148.5697281591086,149.52810821838753,149.52810821838753,2325313.0,sample,2026-09-24 19:05:19.247270+00:00
AAPL,2025-01-03 11:55:00+00:00,149.93677938027204,150.74091456640872,149.37021108322998,150.2551000014873,150.2551000014873,2773274.0,sample,2026-09-24 19:05:19.247270+00:00
AAPL,2025-01-03 12:00:00+00:00,150.35493331067752,151.17842819440114,149.20216659458026,150.52503836052296,150.52503836052296,6197525.0,sample,2026-09-24 19:05:19.247270+00:00
AAPL,2025-01-03 12:05:00+00:00,150.52283880226932,153.38640607793783,148.92153144741775,151.5911464167553,151.5911464167553,6442150.0,sample,2026-09-24 19:05:19.247270+00:00
AAPL,2025-01-03 12:10:00+00:00,151.55892914633645,152.12223895927542,149.18648644503395,150.30250694190056,150.30250694190056,8474257.0,sample,2026-09-24 19:05:19.247270+00:00
AAPL,2025-01-03 12:15:00+00:00,150.04004906379956,150.57585446255572,149.30495314472284,149.8345780371783,149.8345780371783,4720762.0,sample,2026-09-24 19:05:19.247270+00:00
AAPL,2025-01-03 12:20:00+00:00,150.01464123705537,150.24595950068368,148.40183408896965,149.9367500218798,149.9367500218798,9807741.0,sample,2026-09-24 19:05:19.247270+00:00
AAPL,2025-01-03 12:25:00+00:00,149.56826218752525,149.96572281611842,147.4146124295817,149.09832182254013,149.09832182254013,17176655.0,sample,2026-09-24 19:05:19.247270+00:00
AAPL,2025-01-03 12:30:00+00:00,149.02151699942704,149.23900315188956,147.762481005718,149.0895852076654,149.0895852076654,12296579.0,sample,2026-09-24 19:05:19.247270+00:00
AAPL,2025-01-03 12:35:00+00:00,149.1252073703032,150.48924037022235,148.6078908881459,149.3141079305277,149.3141079305277,7232102.0,sample,2026-09-24 19:05:19.247270+00:00
AAPL,2025-01-03 12:40:00+00:00,149.5443115063095,150.93260727940464,148.37519144616303,149.5910562924113,149.5910562924113,12475345.0,sample,2026-09-24 19:05:19.247270+00:00
AAPL,2025-01-03 12:45:00+00:00,149.8140985708158,150.2845349313644,149.3499436394602,150.12588989988626,150.12588989988626,11613798.0,sample,2026-09-24 19:05:19.247270+00:00
AAPL,2025-01-03 12:50:00+00:00,149.87679525301098,151.60386000215172,147.40513240667215,149.0807509101105,149.0807509101105,2173383.0,sample,2026-09-24 19:05:19.247270+00:00
AAPL,2025-01-03 12:55:00+00:00,149.24424801768347,150.8675382261393,148.07740160146176,148.32928528194142,148.32928528194142,5395479.0,sample,2026-09-24 19:05:19.247270+00:00
AAPL,2025-01-03 13:00:00+00:00,148.56088843581898,149.33241150523574,147.93118781259423,148.1843835845853,148.1843835845853,12019956.0,sample,2026-09-24 19:05:19.247270+00:00
AAPL,2025-01-03 13:05:00+00:00,148.39673029099288,149.1611433641983,146.8435564586616,148.26835930118855,148.26835930118855,4935592.0,sample,2026-09-24 19:05:19.247270+00:00
AAPL,2025-01-03 13:10:00+00:00,148.10975451671942,149.10664429398412,146.95842620573282,147.63945542094032,147.63945542094032,12121599.0,sample,2026-09-24 19:05:19.247270+00:00
AAPL,2025-01-03 13:15:00+00:00,147.42585653484127,148.42109649198756,145.5565667741102,147.21400331107822,147.21400331107822,9651564.0,sample,2026-09-24 19:05:19.247270+00:00
AAPL,2025-01-03 13:20:00+00:00,147.43338479694836,149.05502920063293,146.16469208348008,146.938117857252,146.938117857252,14965731.0,sample,2026-09-24 19:05:19.247270+00:00
AAPL,2025-01-03 13:25:00+00:00,146.8026900390466,148.7298922007581,145.31581336598813,147.3500359947254,147.3500359947254,2204075.0,sample,2026-09-24 19:05:19.247270+00:00
AAPL,2025-01-03 13:30:00+00:00,147.54847191581823,148.247275021686,146.08493784713798,147.55298067860767,147.55298067860767,2053835.0,sample,2026-09-24 19:05:19.247270+00:00
AAPL,2025-01-03 13:35:00+00:00,147.58387878408772,149.13893061059156,145.9816666132838,148.09981378948112,148.09981378948112,12616091.0,sample,2026-09-24 19:05:19.247270+00:00
AAPL,2025-01-03 13:40:00+00:00,148.18172457927662,149.64602638568687,146.4503723332203,148.2942193677899,148.2942193677899,10919087.0,sample,2026-09-24 19:05:19.247270+00:00
AAPL,2025-01-03 13:45:00+00:00,148.18547433796473,151.6366781809085,146.82673811607478,149.89749651779974,149.89749651779974,11393518.0,sample,2026-09-24 19:05:19.247270+00:00
AAPL,2025-01-03 13:50:00+00:00,150.223724151037,151.3343042986424,148.25588758054897,149.70594203104824,149.70594203104824,5203406.0,sample,2026-09-24 19:05:19.247270+00:00
AAPL,2025-01-03 13:55:00+00:00,149.75252788767392,150.03937070685654,149.11665892970535,149.71914906787563,149.71914906787563,10320875.0,sample,2026-09-24 19:05:19.247270+00:00
AAPL,2025-01-03 14:00:00+00:00,149.7655453454686,150.50319212792004,148.33748867690124,149.78326686113346,149.78326686113346,13888813.0,sample,2026-09-24 19:05:19.247270+00:00
AAPL,2025-01-03 14:05:00+00:00,150.02263619685405,150.93162280214835,148.9867382918837,150.65343549736426,150.65343549736426,7591569.0,sample,2026-09-24 19:05:19.247270+00:00
AAPL,2025-01-03 14:10:00+00:00,151.06774197507798,152.62394702824614,150.0895830664679,152.15001230108845,152.15001230108845,17467831.0,sample,2026-09-24 19:05:19.247270+00:00
AAPL,2025-01-03 14:15:00+00:00,152.2640613201322,152.94108287280784,150.8215423465196,152.32223431490183,152.32223431490183,10038365.0,sample,2026-09-24 19:05:19.247270+00:00
AAPL,2025-01-03 14:20:00+00:00,152.6807743392376,154.19836255282564,152.2199072013229,152.50059380651146,152.50059380651146,13546131.0,sample,2026-09-24 19:05:19.247270+00:00
AAPL,2025-01-03 14:25:00+00:00,152.83836878659656,154.32405548070724,151.15288027012397,153.28959456734495,153.28959456734495,16308302.0,sample,2026-09-24 19:05:19.247270+00:00
AAPL,2025-01-03 14:30:00+00:00,153.1452628176684,154.72429073223037,151.94319418443044,152.98402730952463,152.98402730952463,4613447.0,sample,2026-09-24 19:05:19.247270+00:00
AAPL,2025-01-03 14:35:00+00:00,152.66246535731415,153.730057371309,151.6192169402006,152.77890063019248,152.77890063019248,17323746.0,sample,2026-09-24 19:05:19.247270+00:00
AAPL,2025-01-03 14:40:00+00:00,152.5814159742025,153.67281675106804,150.80596259440372,151.03774610540475,151.03774610540475,2976838.0,sample,2026-09-24 19:05:19.247270+00:00
AAPL,2025-01-03 14:45:00+00:00,151.04489186835994,151.63974047844502,150.57578691523904,151.2425838915966,151.2425838915966,10533868.0,sample,2026-09-24 19:05:19.247270+00:00
AAPL,2025-01-03 14:50:00+00:00,150.74912577945324,151.4030022585835,149.0250636765951,150.8359398548792,150.8359398548792,3496075.0,sample,2026-09-24 19:05:19.247270+00:00
AAPL,2025-01-03 14:55:00+00:00,150.54927553743943,152.3710372461562,149.7663795965438,151.35862497115542,151.35862497115542,10365972.0,sample,2026-09-24 19:05:19.247270+00:00
AAPL,2025-01-03 15:00:00+00:00,151.3509943296403,152.98446520882456,150.60052217380007,151.35250053096598,151.35250053096598,15049629.0,sample,2026-09-24 19:05:19.247270+00:00
AAPL,2025-01-03 15:05:00+00:00,151.43146493661854,151.93954955460214,149.68900937787507,150.63053818242173,150.63053818242173,8931150.0,sample,2026-09-24 19:05:19.247270+00:00
AAPL,2025-01-03 15:10:00+00:00,150.18523271172356,151.2394337629411,148.7332549952642,150.55510678238602,150.55510678238602,11472626.0,sample,2026-09-24 19:05:19.247270+00:00
AAPL,2025-01-03 15:15:00+00:00,150.43384118090054,151.8859529742223,149.5400316392622,150.45200729127976,150.45200729127976,2372484.0,sample,2026-09-24 19:05:19.247270+00:00
AAPL,2025-01-03 15:20:00+00:00,149.94813942667233,151.91862801985357,148.91741628635182,150.30322117032705,150.30322117032705,11240692.0,sample,2026-09-24 19:05:19.247270+00:00
AAPL,2025-01-03 15:25:00+00:00,150.6428443102486,151.69169832545882,149.09151402990403,150.2141453641095,150.2141453641095,16408257.0,sample,2026-09-24 19:05:19.247270+00:00
AAPL,2025-01-03 15:30:00+00:00,150.29648849806776,150.56562359740676,149.5158803824682,150.32573673699747,150.32573673699747,1638996.0,sample,2026-09-24 19:05:19.247270+00:00
AAPL,2025-01-03 15:35:00+00:00,150.20293752489067,150.56768957275128,148.8367049213626,150.3955039652411,150.3955039652411,3930572.0,sample,2026-09-24 19:05:19.247270+00:00
AAPL,2025-01-03 15:40:00+00:00,150.3011512133777,151.21451403876358,149.55768414494074,150.32141011568564,150.32141011568564,2437096.0,sample,2026-09-24 19:05:19.247270+00:00
AAPL,2025-01-03 15:45:00+00:00,150.52515363022263,150.74781773820914,149.82338072222274,150.56404780719276,150.56404780719276,13965084.0,sample,2026-09-24 19:05:19.247270+00:00
AAPL,2025-01-03 15:50:00+00:00,150.04992922687168,152.34789469499074,148.84359435516367,150.55508607635124,150.55508607635124,7613337.0,sample,2026-09-24 19:05:19.247270+00:00
AAPL,2025-01-03 15:55:00+00:00,150.19888591200788,151.48289445369178,148.40093506293275,150.63566319423083,150.63566319423083,16264319.0,sample,2026-09-24 19:05:19.247270+00:00
AAPL,2025-01-03 16:00:00+00:00,150.63064865353732,152.3654153971284,150.42605702055425,150.65016957501646,150.65016957501646,2018484.0,sample,2026-09-24 19:05:19.247270+00:00
AAPL,2025-01-03 16:05:00+00:00,150.7383864555297,151.36952178626865,149.22672386613505,150.3173155018304,150.3173155018304,6529224.0,sample,2026-09-24 19:05:19.247270+00:00
AAPL,2025-01-03 16:10:00+00:00,150.22283767383163,151.65271251228404,149.03686965451854,149.83660685266747,149.83660685266747,5184739.0,sample,2026-09-24 19:05:19.247270+00:00
AAPL,2025-01-03 16:15:00+00:00,149.18783748251275,151.25920957782964,148.19238103685979,149.77865050490516,149.77865050490516,6119160.0,sample,2026-09-24 19:05:19.247270+00:00
AAPL,2025-01-03 16:20:00+00:00,149.58464592467408,151.19425717708512,148.97856456519312,149.45342278111463,149.45342278111463,12152655.0,sample,2026-09-24 19:05:19.247270+00:00
AAPL,2025-01-03 16:25:00+00:00,149.21744752013169,150.55182201521322,148.18521174306474,150.14064676516986,150.14064676516986,13438315.0,sample,2026-09-24 19:05:19.247270+00:00
AAPL,2025-01-03 16:30:00+00:00,149.59219989175716,151.4670446038061,148.14728853884978,150.37315892753819,150.37315892753819,12015062.0,sample,2026-09-24 19:05:19.247270+00:00
AAPL,2025-01-03 16:35:00+00:00,149.73846872104042,150.96082699361796,148.69031777474578,149.52970898244857,149.52970898244857,3159590.0,sample,2026-09-24 19:05:19.247270+00:00
AAPL,2025-01-03 16:40:00+00:00,149.39727432722532,151.220580716183,149.10730494290544,149.88767521465434,149.88767521465434,12633656.0,sample,2026-09-24 19:05:19.247270+00:00
AAPL,2025-01-03 16:45:00+00:00,149.44816601614707,151.30438148619277,148.96634432134175,149.75247433216032,149.75247433216032,12165476.0,sample,2026-09-24 19:05:19.247270+00:00
AAPL,2025-01-03 16:50:00+00:00,149.63467424471682,151.29482344503154,148.91092720292838,150.02472079182394,150.02472079182394,4648348.0,sample,2026-09-24 19:05:19.247270+00:00
AAPL,2025-01-03 16:55:00+00:00,150.0600575857688,150.6735785252711,149.449536129658,149.69020229428756,149.69020229428756,17126686.0,sample,2026-09-24 19:05:19.247270+00:00
AAPL,2025-01-03 17:00:00+00:00,149.23508633627063,151.0262684891444,148.67701874740013,149.77333284846148,149.77333284846148,4994446.0,sample,2026-09-24 19:05:19.247270+00:00
AAPL,2025-01-03 17:05:00+00:00,149.86128557572624,151.43638856970605,148.17284133130835,149.93706361316313,149.93706361316313,15516868.0,sample,2026-09-24 19:05:19.247270+00:00
AAPL,2025-01-03 17:10:00+00:00,149.89891378910562,151.34238133144933,148.84915889042625,149.19435901183965,149.19435901183965,8205047.0,sample,2026-09-24 19:05:19.247270+00:00
AAPL,2025-01-03 17:15:00+00:00,148.94861557821443,150.67708437674892,147.18649336159189,149.60366989095516,149.60366989095516,7075198.0,sample,2026-09-24 19:05:19.247270+00:00
AAPL,2025-01-03 17:20:00+00:00,149.8058555130714,151.47168962512637,148.5696472518356,149.23135982270492,149.23135982270492,12270690.0,sample,2026-09-24 19:05:19.247270+00:00
AAPL,2025-01-03 17:25:00+00:00,149.50055689261964,151.04272040268302,148.36804926691752,148.63901834262114,148.63901834262114,11641686.0,sample,2026-09-24 19:05:19.247270+00:00
AAPL,2025-01-03 17:30:00+00:00,148.535303634315,149.42822866807026,147.75585050292574,148.4756282947696,148.4756282947696,7719303.0,sample,2026-09-24 19:05:19.247270+00:00
AAPL,2025-01-03 17:35:00+00:00,148.33731883924827,150.13196006365249,147.73315706704423,148.62012102778823,148.62012102778823,8073223.0,sample,2026-09-24 19:05:19.247270+00:00
AAPL,2025-01-03 17:40:00+00:00,148.53522052514057,150.07309210885137,146.09376911534835,147.68629183536947,147.68629183536947,5377644.0,sample,2026-09-24 19:05:19.247270+00:00
AAPL,2025-01-03 17:45:00+00:00,146.86419449835734,149.6818256228506,145.67352516613872,148.65541324482894,148.65541324482894,1875688.0,sample,2026-09-24 19:05:19.247270+00:00
AAPL,2025-01-03 17:50:00+00:00,148.459213980932,150.30421303701604,147.91245561280917,149.14790662408376,149.14790662408376,9935975.0,sample,2026-09-24 19:05:19.247270+00:00
AAPL,2025-01-03 17:55:00+00:00,148.96473847457568,149.36485075612666,147.58489785820566,148.74573277790338,148.74573277790338,12548740.0,sample,2026-09-24 19:05:19.247270+00:00
AAPL,2025-01-03 18:00:00+00:00,148.58352425091607,150.11385387885102,146.86104190008166,148.77056900857494,148.77056900857494,2992779.0,sample,2026-09-24 19:05:19.247270+00:00
AAPL,2025-01-03 18:05:00+00:00,148.5948651977797,150.69144115399686,147.3356679998167,149.70029981170455,149.70029981170455,5454220.0,sample,2026-09-24 19:05:19.247270+00:00
AAPL,2025-01-03 18:10:00+00:00,149.47660388897336,149.85883084447536,148.59634475763073,149.41856147359624,149.41856147359624,4855527.0,sample,2026-09-24 19:05:19.247270+00:00
AAPL,2025-01-03 18:15:00+00:00,149.80197746160502,150.57866922055325,148.23453944369018,149.2887103321608,149.2887103321608,13360967.0,sample,2026-09-24 19:05:19.247270+00:00
AAPL,2025-01-03 18:20:00+00:00,149.31484740387447,151.28939623208277,148.50293722340433,150.18626449036526,150.18626449036526,5925929.0,sample,2026-09-24 19:05:19.247270+00:00
AAPL,2025-01-03 18:25:00+00:00,150.2903087068129,151.13797620041998,148.61533279292115,150.80297829002998,150.80297829002998,15203282.0,sample,2026-09-24 19:05:19.247270+00:00
AAPL,2025-01-03 18:30:00+00:00,150.97557802927176,152.06394410765216,149.70295604810184,150.13322894014286,150.13322894014286,13118089.0,sample,2026-09-24 19:05:19.247270+00:00
AAPL,2025-01-03 18:35:00+00:00,150.4117152274231,151.634773488737,149.50987367694873,150.49329531137636,150.49329531137636,17568018.0,sample,2026-09-24 19:05:19.247270+00:00
AAPL,2025-01-03 18:40:00+00:00,150.68712303297843,152.73929424249985,150.37131664400704,151.0322782298343,151.0322782298343,14910286.0,sample,2026-09-24 19:05:19.247270+00:00
AAPL,2025-01-03 18:45:00+00:00,151.0548502560577,152.40640877141996,149.43215034266586,151.1422814036477,151.1422814036477,9222561.0,sample,2026-09-24 19:05:19.247270+00:00
AAPL,2025-01-03 18:50:00+00:00,150.6252705232041,152.6105325681608,150.08530329347934,151.637509505139,151.637509505139,2795448.0,sample,2026-09-24 19:05:19.247270+00:00
AAPL,2025-01-03 18:55:00+00:00,151.79308891551764,152.8125652644663,150.35272175273525,151.13838854950694,151.13838854950694,16696449.0,sample,2026-09-24 19:05:19.247270+00:00
AAPL,2025-01-03 19:00:00+00:00,151.31016286034352,153.4559087896803,149.66148487332396,152.39796920978748,152.39796920978748,12263851.0,sample,2026-09-24 19:05:19.247270+00:00
AAPL,2025-01-03 19:05:00+00:00,152.22697578570245,153.50723685254144,150.60838692478328,152.13529578118715,152.13529578118715,3601583.0,sample,2026-09-24 19:05:19.247270+00:00
AAPL,2025-01-03 19:10:00+00:00,151.89704870785994,152.66058370391312,150.1779565195171,151.5303074910378,151.5303074910378,11783051.0,sample,2026-09-24 19:05:19.247270+00:00
AAPL,2025-01-03 19:15:00+00:00,150.9968186383632,153.1585537144078,150.18923810322386,151.55580184771375,151.55580184771375,17974239.0,sample,2026-09-24 19:05:19.247270+00:00
AAPL,2025-01-03 19:20:00+00:00,151.58791648659485,152.27394844816774,149.7294685146232,150.50101154798253,150.50101154798253,3077368.0,sample,2026-09-24 19:05:19.247270+00:00
AAPL,2025-01-03 19:25:00+00:00,150.28633513139263,151.95697338655282,148.24894789487234,149.94654941929574,149.94654941929574,12981332.0,sample,2026-09-24 19:05:19.247270+00:00
AAPL,2025-01-03 19:30:00+00:00,149.70075528698516,150.07901596091634,148.84061638448637,149.18841559275697,149.18841559275697,8199027.0,sample,2026-09-24 19:05:19.247270+00:00
AAPL,2025-01-03 19:35:00+00:00,149.26821863145784,149.9548862428888,147.9872546998272,149.62621003798097,149.62621003798097,3387956.0,sample,2026-09-24 19:05:19.247270+00:00
AAPL,2025-01-03 19:40:00+00:00,149.2014667081913,151.95938460312473,147.64750863276464,150.63531762042953,150.63531762042953,5621485.0,sample,2026-09-24 19:05:19.247270+00:00
AAPL,2025-01-03 19:45:00+00:00,150.53990296801163,151.29838015549356,149.26468384966387,150.91901350450317,150.91901350450317,16109342.0,sample,2026-09-24 19:05:19.247270+00:00
AAPL,2025-01-03 19:50:00+00:00,150.9786429101954,151.73946564059804,149.21869725590167,151.4795520376524,151.4795520376524,14395515.0,sample,2026-09-24 19:05:19.247270+00:00
AAPL,2025-01-03 19:55:00+00:00,151.6683953978872,152.8437960032462,149.46369727702512,151.00603361276487,151.00603361276487,15479047.0,sample,2026-09-24 19:05:19.247270+00:00
AAPL,2025-01-03 20:00:00+00:00,151.1948590380351,152.5788804465855,150.69109420549347,151.37343126434834,151.37343126434834,11762989.0,sample,2026-09-24 19:05:19.247270+00:00
AAPL,2025-01-03 20:05:00+00:00,151.4568693404891,151.89204570135044,150.18864987793506,151.29430015388186,151.29430015388186,4383822.0,sample,2026-09-24 19:05:19.247270+00:00
AAPL,2025-01-03 20:10:00+00:00,150.79613863440085,153.9271395727277,150.44010174807468,152.7726378524642,152.7726378524642,16040099.0,sample,2026-09-24 19:05:19.247270+00:00
AAPL,2025-01-03 20:15:00+00:00,153.09093518763564,154.9926540492033,152.34621348843353,153.5715556824749,153.5715556824749,15906507.0,sample,2026-09-24 19:05:19.247270+00:00
AAPL,2025-01-03 20:20:00+00:00,153.54554814355282,153.77874549255853,151.6412631964178,153.2438103713493,153.2438103713493,10560523.0,sample,2026-09-24 19:05:19.247270+00:00
AAPL,2025-01-03 20:25:00+00:00,152.966596964011,154.69561400832004,152.23600761611556,153.21176555554297,153.21176555554297,13752733.0,sample,2026-09-24 19:05:19.247270+00:00
AAPL,2025-01-03 20:30:00+00:00,152.84291874092906,154.1571816652964,150.77444048492507,152.00858203952,152.00858203952,14958090.0,sample,2026-09-24 19:05:19.247270+00:00
AAPL,2025-01-03 20:35:00+00:00,152.01757440304618,153.44286238709603,150.74635538061779,152.59271688853687,152.59271688853687,14423198.0,sample,2026-09-24 19:05:19.247270+00:00
AAPL,2025-01-03 20:40:00+00:00,152.44141086214523,154.48733251445387,151.58386337674108,153.7801707346281,153.7801707346281,3755179.0,sample,2026-09-24 19:05:19.247270+00:00
AAPL,2025-01-03 20:45:00+00:00,154.137117794504,155.82558907218643,153.7237923512635,153.96373581795254,153.96373581795254,8918968.0,sample,2026-09-24 19:05:19.247270+00:00
AAPL,2025-01-03 20:50:00+00:00,154.1072662510198,155.95400445528182,152.3718059639194,154.47656800641784,154.47656800641784,8001884.0,sample,2026-09-24 19:05:19.247270+00:00
AAPL,2025-01-03 20:55:00+00:00,154.79454911816134,155.45556588672136,152.68936570911342,154.10685788051518,154.10685788051518,1554912.0,sample,2026-09-24 19:05:19.247270+00:00
AAPL,2025-01-03 21:00:00+00:00,153.97069158045255,155.85723264960905,153.41319673528002,154.48208069028388,154.48208069028388,4530360.0,sample,2026-09-24 19:05:19.247270+00:00
AAPL,2025-01-03 21:05:00+00:00,154.5928446721245,155.0604086751686,153.34021932981935,154.26317958487593,154.26317958487593,1612667.0,sample,2026-09-24 19:05:19.247270+00:00
AAPL,2025-01-03 21:10:00+00:00,154.51504848883516,155.24717886147585,153.92004731420303,154.82754213239326,154.82754213239326,3887279.0,sample,2026-09-24 19:05:19.247270+00:00
AAPL,2025-01-03 21:15:00+00:00,154.75764401991302,156.4851184538298,153.90860965935227,154.1982021926804,154.1982021926804,8697213.0,sample,2026-09-24 19:05:19.247270+00:00
AAPL,2025-01-03 21:20:00+00:00,153.81710590905485,155.5746921879891,153.22254706959598,153.98368513778183,153.98368513778183,12768321.0,sample,2026-09-24 19:05:19.247270+00:00
AAPL,2025-01-03 21:25:00+00:00,153.94211298291088,154.34328972929387,153.12688845322512,153.54815020963903,153.54815020963903,16387771.0,sample,2026-09-24 19:05:19.247270+00:00
AAPL,2025-01-03 21:30:00+00:00,153.704147581094,154.42217547793086,152.83957377740302,153.99372577736165,153.99372577736165,7561946.0,sample,2026-09-24 19:05:19.247270+00:00
AAPL,2025-01-03 21:35:00+00:00,153.69157189740298,154.3125192480381,152.2031691370678,152.49866875432423,152.49866875432423,3360646.0,sample,2026-09-24 19:05:19.247270+00:00
AAPL,2025-01-03 21:40:00+00:00,152.5057215506795,154.22488826717506,150.99580746878132,153.71491003531887,153.71491003531887,1500747.0,sample,2026-09-24 19:05:19.247270+00:00
AAPL,2025-01-03 21:45:00+00:00,153.57811760078562,156.03956961658022,152.06214640026556,155.06518135745645,155.06518135745645,14613529.0,sample,2026-09-24 19:05:19.247270+00:00
AAPL,2025-01-03 21:50:00+00:00,155.0963809067948,155.79895199371762,154.30481430697762,154.84436571198745,154.84436571198745,15600909.0,sample,2026-09-24 19:05:19.247270+00:00
AAPL,2025-01-03 21:55:00+00:00,154.56931130853334,155.29049789860795,152.82620829735706,153.79307719306388,153.79307719306388,11798229.0,sample,2026-09-24 19:05:19.247270+00:00
AAPL,2025-01-03 22:00:00+00:00,153.60913586302502,156.7509431189602,152.42314860008048,155.0881871572442,155.0881871572442,2721975.0,sample,2026-09-24 19:05:19.247270+00:00
AAPL,2025-01-03 22:05:00+00:00,155.1330096924679,156.6197296563392,154.9398751697446,155.304195657953,155.304195657953,12686983.0,sample,2026-09-24 19:05:19.247270+00:00
AAPL,2025-01-03 22:10:00+00:00,155.03647720767063,155.6935616158255,153.40285351028604,155.13987576648952,155.13987576648952,2872571.0,sample,2026-09-24 19:05:19.247270+00:00
AAPL,2025-01-03 22:15:00+00:00,154.85233499505088,156.42768309214648,154.51638790283712,155.04451710776505,155.04451710776505,9576529.0,sample,2026-09-24 19:05:19.247270+00:00
AAPL,2025-01-03 22:20:00+00:00,154.62910840486927,155.71236212773255,152.9296795664736,155.022880969995,155.022880969995,4223005.0,sample,2026-09-24 19:05:19.247270+00:00
AAPL,2025-01-03 22:25:00+00:00,155.1291732935729,156.61799739715235,154.71570304474153,155.92961299523148,155.92961299523148,8394511.0,sample,2026-09-24 19:05:19.247270+00:00
AAPL,2025-01-03 22:30:00+00:00,156.22591815128374,156.90279919497908,155.2224272621035,155.91978829298273,155.91978829298273,17512169.0,sample,2026-09-24 19:05:19.247270+00:00
AAPL,2025-01-03 22:35:00+00:00,155.84922254007208,156.804917390588,154.87526139168347,155.98677677753798,155.98677677753798,14574376.0,sample,2026-09-24 19:05:19.247270+00:00
AAPL,2025-01-03 22:40:00+00:00,155.767191861868,157.33954377316977,154.12053203810024,156.3031029880174,156.3031029880174,16947148.0,sample,2026-09-24 19:05:19.247270+00:00
AAPL,2025-01-03 22:45:00+00:00,156.42539684829418,158.0362710536768,155.20851331855724,156.5084373953335,156.5084373953335,5502656.0,sample,2026-09-24 19:05:19.247270+00:00
AAPL,2025-01-03 22:50:00+00:00,156.87281327425325,158.09195889582844,155.09924852460696,155.8438597238826,155.8438597238826,14331226.0,sample,2026-09-24 19:05:19.247270+00:00
AAPL,2025-01-03 22:55:00+00:00,154.94843691931473,156.50362693871742,153.70201075749577,156.03030165200627,156.03030165200627,6056231.0,sample,2026-09-24 19:05:19.247270+00:00
AAPL,2025-01-03 23:00:00+00:00,156.27418546387935,158.14483829755125,153.9827719449811,155.2829768796429,155.2829768796429,7796192.0,sample,2026-09-24 19:05:19.247270+00:00
AAPL,2025-01-03 23:05:00+00:00,155.03498723756607,157.55303558579598,154.401856838111,155.7964269819643,155.7964269819643,11274728.0,sample,2026-09-24 19:05:19.247270+00:00
AAPL,2025-01-03 23:10:00+00:00,155.97986089111438,157.44537211494278,154.64251398183092,155.35640195795003,155.35640195795003,6828647.0,sample,2026-09-24 19:05:19.247270+00:00
AAPL,2025-01-03 23:15:00+00:00,155.38704132296266,156.89857746880432,154.54120921461404,155.34519438631455,155.34519438631455,12232174.0,sample,2026-09-24 19:05:19.247270+00:00
AAPL,2025-01-03 23:20:00+00:00,155.01598713087654,156.20949665587037,154.23629833191225,155.6246996814741,155.6246996814741,13962787.0,sample,2026-09-24 19:05:19.247270+00:00
AAPL,2025-01-03 23:25:00+00:00,155.12715347848572,155.59164398804873,153.7401766047004,154.37674306684488,154.37674306684488,2724491.0,sample,2026-09-24 19:05:19.247270+00:00
AAPL,2025-01-03 23:30:00+00:00,153.90660070809258,155.73016835015233,152.02015741463555,153.77259154201403,153.77259154201403,14059274.0,sample,2026-09-24 19:05:19.247270+00:00
AAPL,2025-01-03 23:35:00+00:00,154.21774980451406,155.81815191054028,152.9398860128012,153.50255828186553,153.50255828186553,8945731.0,sample,2026-09-24 19:05:19.247270+00:00
AAPL,2025-01-03 23:40:00+00:00,153.51623163902008,154.66162869848355,152.98985439062855,153.44260920119302,153.44260920119302,17425308.0,sample,2026-09-24 19:05:19.247270+00:00
AAPL,2025-01-03 23:45:00+00:00,153.23398766093308,155.0326042001968,152.3317876238266,153.6932459448436,153.6932459448436,6320538.0,sample,2026-09-24 19:05:19.247270+00:00
AAPL,2025-01-03 23:50:00+00:00,153.7436464037609,155.72752875300162,152.10628765464008,154.08169266601968,154.08169266601968,14875074.0,sample,2026-09-24 19:05:19.247270+00:00
AAPL,2025-01-03 23:55:00+00:00,154.11242396804533,155.55918724208377,152.84350395755646,154.91976374541852,154.91976374541852,4593787.0,sample,2026-09-24 19:05:19.247270+00:00
AAPL,2025-01-04 00:00:00+00:00,154.93049526557894,156.3141230074131,153.31863213640554,155.25997841740224,155.25997841740224,2558974.0,sample,2026-09-24 19:05:19.247270+00:00
AAPL,2025-01-04 00:05:00+00:00,155.14957166172263,156.1592430217598,153.94569723660663,155.51040848134124,155.51040848134124,12915547.0,sample,2026-09-24 19:05:19.247270+00:00
AAPL,2025-01-04 00:10:00+00:00,155.0779352481898,156.61979697640254,153.69259108124575,155.13199022560488,155.13199022560488,13511670.0,sample,2026-09-24 19:05:19.247270+00:00
AAPL,2025-01-04 00:15:00+00:00,154.69839617892984,155.97991043257326,153.76032477005683,155.35831229692164,155.35831229692164,3854809.0,sample,2026-09-24 19:05:19.247270+00:00
AAPL,2025-01-04 00:20:00+00:00,155.67468715857441,156.78975765094899,154.75884954197804,155.96676227892277,155.96676227892277,17640167.0,sample,2026-09-24 19:05:19.247270+00:00
AAPL,2025-01-04 00:25:00+00:00,155.88520595646958,157.51947501517614,155.39474200162854,156.09291375851637,156.09291375851637,13559652.0,sample,2026-09-24 19:05:19.247270+00:00
AAPL,2025-01-04 00:30:00+00:00,156.06401537932106,158.26928441729706,154.8499567153843,156.6499942904523,156.6499942904523,14757306.0,sample,2026-09-24 19:05:19.247270+00:00
AAPL,2025-01-04 00:35:00+00:00,156.30126543304604,158.38926910644398,155.79185493729204,158.0915927565965,158.0915927565965,7114678.0,sample,2026-09-24 19:05:19.247270+00:00
AAPL,2025-01-04 00:40:00+00:00,158.36344735940932,160.21132268974787,156.1605754310549,156.95073952503674,156.95073952503674,13892673.0,sample,2026-09-24 19:05:19.247270+00:00
AAPL,2025-01-04 00:45:00+00:00,156.7003157995213,157.2842750311159,155.05516534393573,156.7760645845194,156.7760645845194,10667566.0,sample,2026-09-24 19:05:19.247270+00:00
AAPL,2025-01-04 00:50:00+00:00,156.7531852238528,158.11956551009862,156.0906707818451,157.12084861867922,157.12084861867922,11094955.0,sample,2026-09-24 19:05:19.247270+00:00
AAPL,2025-01-04 00:55:00+00:00,157.14237217298856,160.6780390075303,155.77507510258346,158.86420476222125,158.86420476222125,13629400.0,sample,2026-09-24 19:05:19.247270+00:00
AAPL,2025-01-04 01:00:00+00:00,158.52777387219712,158.9095657853103,156.44653486165936,158.10682896503462,158.10682896503462,10820677.0,sample,2026-09-24 19:05:19.247270+00:00
AAPL,2025-01-04 01:05:00+00:00,158.1510103237207,159.69862388596135,157.51076379448915,157.98420949311875,157.98420949311875,10142612.0,sample,2026-09-24 19:05:19.247270+00:00
AAPL,2025-01-04 01:10:00+00:00,158.0843739447055,159.28403335754126,156.18908931628917,158.47613679266027,158.47613679266027,5772028.0,sample,2026-09-24 19:05:19.247270+00:00
AAPL,2025-01-04 01:15:00+00:00,158.59997852975584,159.9257954803904,157.46824639731483,159.15804561784373,159.15804561784373,4000109.0,sample,2026-09-24 19:05:19.247270+00:00
AAPL,2025-01-04 01:20:00+00:00,158.92832144929994,159.99815326907128,156.80172271630371,157.9607650373094,157.9607650373094,8938669.0,sample,2026-09-24 19:05:19.247270+00:00
AAPL,2025-01-04 01:25:00+00:00,157.91360567946117,159.44173347914509,156.39201266638716,157.57468251011937,157.57468251011937,7725711.0,sample,2026-09-24 19:05:19.247270+00:00
AAPL,2025-01-04 01:30:00+00:00,157.89255090410242,159.61989273108642,155.75917231511002,157.6238368172548,157.6238368172548,3200704.0,sample,2026-09-24 19:05:19.247270+00:00
AAPL,2025-01-04 01:35:00+00:00,157.9550853468688,159.201473348228,155.74249492186067,156.84151661297395,156.84151661297395,11937924.0,sample,2026-09-24 19:05:19.247270+00:00
AAPL,2025-01-04 01:40:00+00:00,156.81139918013,158.18418812212056,155.67651236182112,156.28707878480284,156.28707878480284,11038611.0,sample,2026-09-24 19:05:19.247270+00:00
AAPL,2025-01-04 01:45:00+00:00,156.54976220092348,158.48552228399126,155.58725840471465,157.76787817968204,157.76787817968204,2522246.0,sample,2026-09-24 19:05:19.247270+00:00
AAPL,2025-01-04 01:50:00+00:00,158.02657964939664,159.52641179743543,156.4778673736985,157.85159245336337,157.85159245336337,8976883.0,sample,2026-09-24 19:05:19.247270+00:00
AAPL,2025-01-04 01:55:00+00:00,157.8295055408062,158.54166134880938,157.48747084494897,158.30517729295394,158.30517729295394,15423893.0,sample,2026-09-24 19:05:19.247270+00:00
AAPL,2025-01-04 02:00:00+00:00,158.6532623775829,158.88883932158257,157.80830754839457,158.2820853630893,158.2820853630893,9429935.0,sample,2026-09-24 19:05:19.247270+00:00
AAPL,2025-01-04 02:05:00+00:00,158.35784505874403,160.73332494709456,157.5744508658714,158.88240042869313,158.88240042869313,15545832.0,sample,2026-09-24 19:05:19.247270+00:00
AAPL,2025-01-04 02:10:00+00:00,158.37725612805465,159.86713540342862,157.66701332945294,158.4330189757357,158.4330189757357,3283251.0,sample,2026-09-24 19:05:19.247270+00:00
AAPL,2025-01-04 02:15:00+00:00,159.2923763877119,159.88007963979564,157.0818920153967,158.7248264651085,158.7248264651085,2567130.0,sample,2026-09-24 19:05:19.247270+00:00
AAPL,2025-01-04 02:20:00+00:00,158.35157590748642,162.1708152449971,157.6772453810066,160.85165075686837,160.85165075686837,16197809.0,sample,2026-09-24 19:05:19.247270+00:00
AAPL,2025-01-04 02:25:00+00:00,160.75672414931205,161.99858055029972,159.1332887106972,160.6299461270332,160.6299461270332,10525711.0,sample,2026-09-24 19:05:19.247270+00:00
AAPL,2025-01-04 02:30:00+00:00,160.55044628761055,162.86966350534547,160.03881112305623,161.87816434890942,161.87816434890942,12350239.0,sample,2026-09-24 19:05:19.247270+00:00
AAPL,2025-01-04 02:35:00+00:00,161.54237014780986,163.30325734386784,160.19776048856642,161.2132408269548,161.2132408269548,12086073.0,sample,2026-09-24 19:05:19.247270+00:00
AAPL,2025-01-04 02:40:00+00:00,161.1767222745292,163.44361896756484,159.53850189262212,162.55825449803362,162.55825449803362,3461109.0,sample,2026-09-24 19:05:19.247270+00:00
AAPL,2025-01-04 02:45:00+00:00,162.53200014602618,163.90503460254752,161.0309275633745,162.37270341008417,162.37270341008417,1722674.0,sample,2026-09-24 19:05:19.247270+00:00
AAPL,2025-01-04 02:50:00+00:00,161.9977794986401,163.40515728142907,161.09566902751862,162.78026125129335,162.78026125129335,11187985.0,sample,2026-09-24 19:05:19.247270+00:00
AAPL,2025-01-04 02:55:00+00:00,163.01211355903064,164.224201698413,161.83994933559336,162.86915994010008,162.86915994010008,17118365.0,sample,2026-09-24 19:05:19.247270+00:00
AAPL,2025-01-04 03:00:00+00:00,163.45931058080433,164.41129057523256,162.1449470789497,163.7890317678116,163.7890317678116,8458459.0,sample,2026-09-24 19:05:19.247270+00:00
AAPL,2025-01-04 03:05:00+00:00,164.00742003685005,164.71089482036822,162.03825288920305,163.9297711775394,163.9297711775394,7518975.0,sample,2026-09-24 19:05:19.247270+00:00
AAPL,2025-01-04 03:10:00+00:00,164.26757661453877,165.65233538203654,161.61551766559376,163.2733744667219,163.2733744667219,17528507.0,sample,2026-09-24 19:05:19.247270+00:00
AAPL,2025-01-04 03:15:00+00:00,163.54821640489283,165.39535232777513,160.80632091601302,161.9500748569653,161.9500748569653,13611052.0,sample,2026-09-24 19:05:19.247270+00:00
AAPL,2025-01-04 03:20:00+00:00,161.79266406160306,164.56150785407806,160.836299545909,162.72073229855863,162.72073229855863,17003288.0,sample,2026-09-24 19:05:19.247270+00:00
AAPL,2025-01-04 03:25:00+00:00,163.24850938433678,164.4555110346425,160.93574683815854,161.67534725266907,161.67534725266907,3011296.0,sample,2026-09-24 19:05:19.247270+00:00
AAPL,2025-01-04 03:30:00+00:00,161.9643308602375,163.8280620137626,159.71272923447071,161.0177242155266,161.0177242155266,14503698.0,sample,2026-09-24 19:05:19.247270+00:00
AAPL,2025-01-04 03:35:00+00:00,161.27879123697377,161.87758061492596,159.14141852263663,160.5573415817309,160.5573415817309,17112371.0,sample,2026-09-24 19:05:19.247270+00:00
AAPL,2025-01-04 03:40:00+00:00,161.1977949370314,161.9360142359428,158.20294350167512,160.0454358797075,160.0454358797075,1710392.0,sample,2026-09-24 19:05:19.247270+00:00
AAPL,2025-01-04 03:45:00+00:00,160.4597465105084,161.02813883309094,158.1936688458679,159.94010959390687,159.94010959390687,9711475.0,sample,2026-09-24 19:05:19.247270+00:00
AAPL,2025-01-04 03:50:00+00:00,159.99544288973544,161.00157821146914,158.63777321613122,160.11209209036616,160.11209209036616,4880901.0,sample,2026-09-24 19:05:19.247270+00:00
AAPL,2025-01-04 03:55:00+00:00,160.2367518742904,161.90799384198473,158.64229900468823,159.6537781854278,159.6537781854278,15867659.0,sample,2026-09-24 19:05:19.247270+00:00
AAPL,2025-01-04 04:00:00+00:00,160.13540361535786,161.27271544385212,159.74497676582703,160.5283574569067,160.5283574569067,4636999.0,sample,2026-09-24 19:05:19.247270+00:00
AAPL,2025-01-04 04:05:00+00:00,160.8423445965989,162.44205580082036,159.1783119025036,160.72079065919655,160.72079065919655,2934129.0,sample,2026-09-24 19:05:19.247270+00:00
AAPL,2025-01-04 04:10:00+00:00,160.32601551718253,161.50515630473615,159.097509301512,161.31191216131845,161.31191216131845,2414010.0,sample,2026-09-24 19:05:19.247270+00:00
AAPL,2025-01-04 04:15:00+00:00,161.89599135890714,162.78653727968754,160.14870058988467,161.10920316866,161.10920316866,9943307.0,sample,2026-09-24 19:05:19.247270+00:00
AAPL,2025-01-04 04:20:00+00:00,161.4602567324441,161.9270697960717,159.54617386930178,161.15540382015305,161.15540382015305,5814322.0,sample,2026-09-24 19:05:19.247270+00:00
AAPL,2025-01-04 04:25:00+00:00,161.86719804900105,162.4640557226546,160.54587592155283,160.88589416018306,160.88589416018306,3290992.0,sample,2026-09-24 19:05:19.247270+00:00
AAPL,2025-01-04 04:30:00+00:00,160.93726948205705,161.9368370169185,158.62717278947005,159.93785081620015,159.93785081620015,12965062.0,sample,2026-09-24 19:05:19.247270+00:00
AAPL,2025-01-04 04:35:00+00:00,159.38002252249018,160.75389857091122,158.74633478632327,159.14655501021355,159.14655501021355,16879795.0,sample,2026-09-24 19:05:19.247270+00:00
AAPL,2025-01-04 04:40:00+00:00,158.97865154880373,159.6405823881461,157.33218119846535,158.62684105405623,158.62684105405623,5317056.0,sample,2026-09-24 19:05:19.247270+00:00
AAPL,2025-01-04 04:45:00+00:00,158.4317404812829,160.12942059345906,158.03211941040098,158.8684083298942,158.8684083298942,12289009.0,sample,2026-09-24 19:05:19.247270+00:00
AAPL,2025-01-04 04:50:00+00:00,158.95092571597772,160.1382179720394,157.71414793389428,158.91850230320946,158.91850230320946,10647661.0,sample,2026-09-24 19:05:19.247270+00:00
AAPL,2025-01-04 04:55:00+00:00,159.7952466568213,161.00382268387264,157.9416655701724,158.6953468361638,158.6953468361638,9015171.0,sample,2026-09-24 19:05:19.247270+00:00
AAPL,2025-01-04 05:00:00+00:00,158.59856570113757,160.77145853206108,157.38191072774455,159.24319691463202,159.24319691463202,7455591.0,sample,2026-09-24 19:05:19.247270+00:00
AAPL,2025-01-04 05:05:00+00:00,159.78144307562866,160.43420190179523,158.3541292220085,158.88157269639518,158.88157269639518,14341009.0,sample,2026-09-24 19:05:19.247270+00:00
AAPL,2025-01-04 05:10:00+00:00,158.76095020409502,159.43945079385207,157.2415153778105,158.290751830045,158.290751830045,17234193.0,sample,2026-09-24 19:05:19.247270+00:00
AAPL,2025-01-04 05:15:00+00:00,158.62859608909318,160.50697900472207,157.71147421737996,158.49031407939646,158.49031407939646,8947797.0,sample,2026-09-24 19:05:19.247270+00:00
AAPL,2025-01-04 05:20:00+00:00,159.18729734495543,159.37882996221316,157.51849145876446,159.19631865409895,159.19631865409895,4878785.0,sample,2026-09-24 19:05:19.247270+00:00
AAPL,2025-01-04 05:25:00+00:00,159.1144013538795,160.35488072987482,158.02865118378529,159.41834370723683,159.41834370723683,11105096.0,sample,2026-09-24 19:05:19.247270+00:00
AAPL,2025-01-04 05:30:00+00:00,159.90271677009864,161.03415084661785,158.34999664399663,159.06107150034475,159.06107150034475,9961013.0,sample,2026-09-24 19:05:19.247270+00:00
AAPL,2025-01-04 05:35:00+00:00,159.04946706817702,159.28373797410524,157.5441987394577,159.0022577321186,159.0022577321186,17854918.0,sample,2026-09-24 19:05:19.247270+00:00
AAPL,2025-01-04 05:40:00+00:00,159.3530017136617,162.18899958904922,157.67605949903074,160.3506263668914,160.3506263668914,14449711.0,sample,2026-09-24 19:05:19.247270+00:00
AAPL,2025-01-04 05:45:00+00:00,160.7367881197271,162.26789703172227,158.30084740902186,159.4415810818749,159.4415810818749,16307821.0,sample,2026-09-24 19:05:19.247270+00:00
AAPL,2025-01-04 05:50:00+00:00,159.40280812774537,159.81486153026907,157.76866772127215,159.59106077776045,159.59106077776045,7054624.0,sample,2026-09-24 19:05:19.247270+00:00
AAPL,2025-01-04 05:55:00+00:00,158.91735362625997,159.4836337716681,157.028682459445,158.17035742959803,158.17035742959803,7433905.0,sample,2026-09-24 19:05:19.247270+00:00
AAPL,2025-01-04 06:00:00+00:00,158.44469882208838,158.61147808176676,156.39190425679016,157.72659508224928,157.72659508224928,17775298.0,sample,2026-09-24 19:05:19.247270+00:00
AAPL,2025-01-04 06:05:00+00:00,157.26620535193524,158.90644254536616,157.01068873072063,157.65947359956564,157.65947359956564,8380756.0,sample,2026-09-24 19:05:19.247270+00:00
AAPL,2025-01-04 06:10:00+00:00,157.19457657785603,158.54180646166807,156.83542851047406,157.88823852654207,157.88823852654207,3472106.0,sample,2026-09-24 19:05:19.247270+00:00
AAPL,2025-01-04 06:15:00+00:00,157.95327943776198,159.74502287669932,156.51481912765422,157.96016884699208,157.96016884699208,9655877.0,sample,2026-09-24 19:05:19.247270+00:00
AAPL,2025-01-04 06:20:00+00:00,157.61456358336633,159.6411479988963,157.29421653315865,158.41515823585684,158.41515823585684,8773485.0,sample,2026-09-24 19:05:19.247270+00:00
AAPL,2025-01-04 06:25:00+00:00,158.69126383950348,160.42187552186877,156.5969856896547,156.99287601803618,156.99287601803618,3331616.0,sample,2026-09-24 19:05:19.247270+00:00
AAPL,2025-01-04 06:30:00+00:00,157.56701239824534,157.864828747484,155.88122956112022,156.97303680075467,156.97303680075467,10440889.0,sample,2026-09-24 19:05:19.247270+00:00
AAPL,2025-01-04 06:35:00+00:00,157.15411463048954,158.22896346903258,155.51185720882572,157.62409947310766,157.62409947310766,8203353.0,sample,2026-09-24 19:05:19.247270+00:00
AAPL,2025-01-04 06:40:00+00:00,157.8964897939289,159.251501461065,156.6645344611523,157.4735718204326,157.4735718204326,14732000.0,sample,2026-09-24 19:05:19.247270+00:00
AAPL,2025-01-04 06:45:00+00:00,157.78251703991273,159.64383715157612,156.53532706101137,156.7554628056212,156.7554628056212,12396843.0,sample,2026-09-24 19:05:19.247270+00:00
AAPL,2025-01-04 06:50:00+00:00,156.35755620798002,156.76514836017745,154.81763722419117,155.627214698644,155.627214698644,2873164.0,sample,2026-09-24 19:05:19.247270+00:00
AAPL,2025-01-04 06:55:00+00:00,155.42497599337028,156.75925575434417,153.6773377197877,154.7261497761832,154.7261497761832,7688985.0,sample,2026-09-24 19:05:19.247270+00:00
AAPL,2025-01-04 07:00:00+00:00,153.98584344617294,156.42238009693088,152.53501836376182,154.77352753426436,154.77352753426436,16463095.0,sample,2026-09-24 19:05:19.247270+00:00
AAPL,2025-01-04 07:05:00+00:00,155.4357346045573,155.84636836301908,152.64581786365855,154.18599919153664,154.18599919153664,3289632.0,sample,2026-09-24 19:05:19.247270+00:00
AAPL,2025-01-04 07:10:00+00:00,153.68576698911028,154.92146419943842,152.71537537975954,153.73075782101097,153.73075782101097,16710673.0,sample,2026-09-24 19:05:19.247270+00:00
AAPL,2025-01-04 07:15:00+00:00,154.04330815715477,154.53803703852006,152.95044795671774,154.20079027162208,154.20079027162208,7970290.0,sample,2026-09-24 19:05:19.247270+00:00
AAPL,2025-01-04 07:20:00+00:00,154.14902386859322,155.56828187266052,152.31495295523098,153.08576254881712,153.08576254881712,14324634.0,sample,2026-09-24 19:05:19.247270+00:00
AAPL,2025-01-04 07:25:00+00:00,152.6307854480681,155.23879746006713,151.15164799503472,153.58894885294188,153.58894885294188,1968794.0,sample,2026-09-24 19:05:19.247270+00:00
AAPL,2025-01-04 07:30:00+00:00,154.09796931415298,155.23197754919923,153.47880872032584,153.77264470794856,153.77264470794856,3605579.0,sample,2026-09-24 19:05:19.247270+00:00
AAPL,2025-01-04 07:35:00+00:00,153.7280545765135,154.8942421776999,152.59847863055396,153.5569211729726,153.5569211729726,10942362.0,sample,2026-09-24 19:05:19.247270+00:00
AAPL,2025-01-04 07:40:00+00:00,154.1632692246512,155.34287550856655,151.96570186441286,152.3812939270523,152.3812939270523,2655041.0,sample,2026-09-24 19:05:19.247270+00:00
AAPL,2025-01-04 07:45:00+00:00,151.96693388939926,152.6320864171121,151.651924928032,152.13331125050382,152.13331125050382,1806190.0,sample,2026-09-24 19:05:19.247270+00:00
AAPL,2025-01-04 07:50:00+00:00,152.26450549806287,153.1286939297566,150.54880205881838,152.41424249672195,152.41424249672195,12609975.0,sample,2026-09-24 19:05:19.247270+00:00
AAPL,2025-01-04 07:55:00+00:00,152.70422433722675,152.89224087697454,151.0528197529721,151.25916767180996,151.25916767180996,3764084.0,sample,2026-09-24 19:05:19.247270+00:00
AAPL,2025-01-04 08:00:00+00:00,150.9746193330577,152.53372355652354,150.30202003195842,151.11455010259354,151.11455010259354,17438153.0,sample,2026-09-24 19:05:19.247270+00:00
AAPL,2025-01-04 08:05:00+00:00,150.78105178140868,151.66018235447066,149.69988295782522,151.00632796036916,151.00632796036916,10763008.0,sample,2026-09-24 19:05:19.247270+00:00
AAPL,2025-01-04 08:10:00+00:00,151.34088270521144,153.1284581983674,148.65668456962584,149.37840508791177,149.37840508791177,3102543.0,sample,2026-09-24 19:05:19.247270+00:00
AAPL,2025-01-04 08:15:00+00:00,149.107509780302,149.7963119877178,147.08084866435246,148.68276929399124,148.68276929399124,9541506.0,sample,2026-09-24 19:05:19.247270+00:00
AAPL,2025-01-04 08:20:00+00:00,148.2234556542765,149.37880329777,146.5411609165588,148.93215792995542,148.93215792995542,16101908.0,sample,2026-09-24 19:05:19.247270+00:00
AAPL,2025-01-04 08:25:00+00:00,149.1418426232947,149.8372566149952,147.23591599089363,148.6746785741635,148.6746785741635,15446108.0,sample,2026-09-24 19:05:19.247270+00:00
AAPL,2025-01-04 08:30:00+00:00,148.54780277516892,151.071881844636,148.116869611101,149.56909271544677,149.56909271544677,7699739.0,sample,2026-09-24 19:05:19.247270+00:00
AAPL,2025-01-04 08:35:00+00:00,149.92424365554868,151.47275321954385,148.3185709059351,150.38207987676546,150.38207987676546,8530323.0,sample,2026-09-24 19:05:19.247270+00:00
AAPL,2025-01-04 08:40:00+00:00,150.4867435328546,151.4072849084629,149.24370617678179,149.5434200631722,149.5434200631722,5302924.0,sample,2026-09-24 19:05:19.247270+00:00
AAPL,2025-01-04 08:45:00+00:00,149.43256303306674,150.8247363057026,147.91968468158203,148.48926482261953,148.48926482261953,15298510.0,sample,2026-09-24 19:05:19.247270+00:00
AAPL,2025-01-04 08:50:00+00:00,148.4285353640943,150.333637368461,148.00207545600762,148.96762260400845,148.96762260400845,2701175.0,sample,2026-09-24 19:05:19.247270+00:00
AAPL,2025-01-04 08:55:00+00:00,149.17714821599748,150.15375109926185,148.74924243014496,149.0291177071409,149.0291177071409,9854589.0,sample,2026-09-24 19:05:19.247270+00:00
AAPL,2025-01-04 09:00:00+00:00,149.65687435240073,151.3872377244241,148.51871542386044,149.48295616815182,149.48295616815182,9858420.0,sample,2026-09-24 19:05:19.247270+00:00
AAPL,2025-01-04 09:05:00+00:00,150.0222340600138,151.19811220835962,148.20354253338837,149.80693332735515,149.80693332735515,6096800.0,sample,2026-09-24 19:05:19.247270+00:00
AAPL,2025-01-04 09:10:00+00:00,149.42288849715993,150.15660389241805,147.91186040961867,149.90981267354377,149.90981267354377,12565715.0,sample,2026-09-24 19:05:19.247270+00:00
AAPL,2025-01-04 09:15:00+00:00,149.72608616506386,151.44334426346168,148.29422635090927,149.37781266275658,149.37781266275658,5160004.0,sample,2026-09-24 19:05:19.247270+00:00
AAPL,2025-01-04 09:20:00+00:00,149.18595692526782,150.42344931046932,148.38877310385132,149.78943523367516,149.78943523367516,3948571.0,sample,2026-09-24 19:05:19.247270+00:00
AAPL,2025-01-04 09:25:00+00:00,149.85303301477444,151.1759705369654,148.32577332546103,150.8708606770771,150.8708606770771,8165243.0,sample,2026-09-24 19:05:19.247270+00:00
AAPL,2025-01-04 09:30:00+00:00,150.93333881678473,151.2131746408563,149.613956365643,150.2768029066916,150.2768029066916,4262285.0,sample,2026-09-24 19:05:19.247270+00:00
AAPL,2025-01-04 09:35:00+00:00,150.3236245160795,152.75735766008972,149.3784969455338,151.27449986919487,151.27449986919487,6689008.0,sample,2026-09-24 19:05:19.247270+00:00
AAPL,2025-01-04 09:40:00+00:00,151.89567923326481,153.66500465849103,150.19215960328745,151.09484510585784,151.09484510585784,9943179.0,sample,2026-09-24 19:05:19.247270+00:00
AAPL,2025-01-04 09:45:00+00:00,151.12873943392538,152.22633642769367,150.76411485862093,151.24043242501105,151.24043242501105,6819480.0,sample,2026-09-24 19:05:19.247270+00:00
AAPL,2025-01-04 09:50:00+00:00,151.10795884419016,152.6433285343839,149.73656744873378,150.85182002582675,150.85182002582675,8607033.0,sample,2026-09-24 19:05:19.247270+00:00
AAPL,2025-01-04 09:55:00+00:00,150.8266474411134,151.63072368958782,148.6678665797711,150.2549845133582,150.2549845133582,15121070.0,sample,2026-09-24 19:05:19.247270+00:00
AAPL,2025-01-04 10:00:00+00:00,150.1411944098671,151.84027713867033,149.74596595527936,150.92313766416996,150.92313766416996,15774928.0,sample,2026-09-24 19:05:19.247270+00:00
AAPL,2025-01-04 10:05:00+00:00,150.8576456196634,151.73681232012635,148.506821214376,150.1909994952262,150.1909994952262,6383387.0,sample,2026-09-24 19:05:19.247270+00:00
AAPL,2025-01-04 10:10:00+00:00,150.59900837986388,151.63868138646063,149.45152883049496,150.33991184613865,150.33991184613865,5418701.0,sample,2026-09-24 19:05:19.247270+00:00
AAPL,2025-01-04 10:15:00+00:00,150.47211345459735,151.21362766363492,149.02795958135422,150.08716421919885,150.08716421919885,3257647.0,sample,2026-09-24 19:05:19.247270+00:00
AAPL,2025-01-04 10:20:00+00:00,149.38168883058066,152.62685380248212,148.6098476648113,151.27545093594202,151.27545093594202,5642489.0,sample,2026-09-24 19:05:19.247270+00:00
AAPL,2025-01-04 10:25:00+00:00,152.00388034742,153.250359497132,149.60893691517336,150.95268512875774,150.95268512875774,17736820.0,sample,2026-09-24 19:05:19.247270+00:00
AAPL,2025-01-04 10:30:00+00:00,151.12804643602814,151.72418036564196,150.44444793698338,150.6000312030728,150.6000312030728,7269485.0,sample,2026-09-24 19:05:19.247270+00:00
AAPL,2025-01-04 10:35:00+00:00,150.0470779801109,151.84912296474081,148.40313957858842,151.47295800065868,151.47295800065868,15750234.0,sample,2026-09-24 19:05:19.247270+00:00
AAPL,2025-01-04 10:40:00+00:00,151.3204689374316,152.0410999094837,150.42746644791538,151.22675998510093,151.22675998510093,5698401.0,sample,2026-09-24 19:05:19.247270+00:00
AAPL,2025-01-04 10:45:00+00:00,151.04361746315772,152.73603182105228,149.95788058459462,150.7465266603595,150.7465266603595,11143005.0,sample,2026-09-24 19:05:19.247270+00:00
AAPL,2025-01-04 10:50:00+00:00,150.7332826681144,151.76082612113655,149.7991068133262,151.15111964347247,151.15111964347247,3222242.0,sample,2026-09-24 19:05:19.247270+00:00
AAPL,2025-01-04 10:55:00+00:00,151.02881160208105,151.65368746333934,150.07730857423445,151.47217477128302,151.47217477128302,5024598.0,sample,2026-09-24 19:05:19.247270+00:00
AAPL,2025-01-04 11:00:00+00:00,150.76261808779202,152.25436668314734,150.2119413889085,151.50514340076003,151.50514340076003,13197975.0,sample,2026-09-24 19:05:19.247270+00:00
AAPL,2025-01-04 11:05:00+00:00,151.3328187755972,151.81998471985798,149.70242269054165,151.0721751550415,151.0721751550415,16304126.0,sample,2026-09-24 19:05:19.247270+00:00
AAPL,2025-01-04 11:10:00+00:00,151.57321061096854,151.91831909785947,150.7675362093223,151.11730263851553,151.11730263851553,17903653.0,sample,2026-09-24 19:05:19.247270+00:00
AAPL,2025-01-04 11:15:00+00:00,150.6638530960699,152.04290369747028,150.0982340747382,151.64756459095878,151.64756459095878,8910722.0,sample,2026-09-24 19:05:19.247270+00:00
AAPL,2025-01-04 11:20:00+00:00,152.20668511943776,152.84009809054973,150.10405707388944,151.6339209904461,151.6339209904461,5615225.0,sample,2026-09-24 19:05:19.247270+00:00
AAPL,2025-01-04 11:25:00+00:00,151.22568620645654,154.1010524576004,150.85560503413643,152.62637376179643,152.62637376179643,12091269.0,sample,2026-09-24 19:05:19.247270+00:00
AAPL,2025-01-04 11:30:00+00:00,152.34513824405377,152.9614168648267,151.60045008148703,152.09393266281646,152.09393266281646,16751482.0,sample,2026-09-24 19:05:19.247270+00:00
AAPL,2025-01-04 11:35:00+00:00,152.02229166313685,153.6936595176001,149.64355102359562,150.31535126520765,150.31535126520765,10104721.0,sample,2026-09-24 19:05:19.247270+00:00
AAPL,2025-01-04 11:40:00+00:00,150.09103163992782,151.65465587950584,148.67266184236342,150.83751813202963,150.83751813202963,4012653.0,sample,2026-09-24 19:05:19.247270+00:00
AAPL,2025-01-04 11:45:00+00:00,150.71631820228413,153.23896049929257,150.10157693225668,151.64808144458016,151.64808144458016,4147825.0,sample,2026-09-24 19:05:19.247270+00:00
AAPL,2025-01-04 11:50:00+00:00,151.78206273818668,152.51503743087213,150.58952222618302,151.6213786456742,151.6213786456742,5296129.0,sample,2026-09-24 19:05:19.247270+00:00
AAPL,2025-01-04 11:55:00+00:00,151.66651432953276,153.56619210733209,151.33813224228436,152.42807034679976,152.42807034679976,2657137.0,sample,2026-09-24 19:05:19.247270+00:00
AAPL,2025-01-04 12:00:00+00:00,153.23449167298952,154.11497662965215,149.8252387451181,151.49224777979637,151.49224777979637,17594835.0,sample,2026-09-24 19:05:19.247270+00:00
AAPL,2025-01-04 12:05:00+00:00,151.43369526313003,153.01989222900485,150.00620591400093,151.7098992821753,151.7098992821753,17944068.0,sample,2026-09-24 19:05:19.247270+00:00
AAPL,2025-01-04 12:10:00+00:00,151.8787363441424,153.59620343003652,149.92477779654774,151.4691162754245,151.4691162754245,12565469.0,sample,2026-09-24 19:05:19.247270+00:00
AAPL,2025-01-04 12:15:00+00:00,151.30784908362,153.1089553287321,150.20585300792257,151.1516958851487,151.1516958851487,8414273.0,sample,2026-09-24 19:05:19.247270+00:00
AAPL,2025-01-04 12:20:00+00:00,150.6725078654245,153.43583280766686,149.09924500749437,152.0995969513455,152.0995969513455,5116485.0,sample,2026-09-24 19:05:19.247270+00:00
AAPL,2025-01-04 12:25:00+00:00,151.75871364838602,152.82816284932326,150.9916504260471,152.29789739592724,152.29789739592724,11778014.0,sample,2026-09-24 19:05:19.247270+00:00
AAPL,2025-01-04 12:30:00+00:00,152.5375114044293,154.1522156841749,149.54933403535875,150.88136871028271,150.88136871028271,4198531.0,sample,2026-09-24 19:05:19.247270+00:00
AAPL,2025-01-04 12:35:00+00:00,151.0967672579195,151.41611779691758,149.6960900769158,151.19830889698835,151.19830889698835,3940612.0,sample,2026-09-24 19:05:19.247270+00:00
AAPL,2025-01-04 12:40:00+00:00,151.24938645554386,153.84092778233864,150.44619699336843,152.40687925225814,152.40687925225814,16383676.0,sample,2026-09-24 19:05:19.247270+00:00
AAPL,2025-01-04 12:45:00+00:00,152.87104416220373,153.10115920055904,150.53303847637292,151.27103011897205,151.27103011897205,13236921.0,sample,2026-09-24 19:05:19.247270+00:00
AAPL,2025-01-04 12:50:00+00:00,150.65806379343246,151.0946196557586,148.94051861314563,150.16492048977148,150.16492048977148,4974124.0,sample,2026-09-24 19:05:19.247270+00:00
AAPL,2025-01-04 12:55:00+00:00,150.02663195361094,151.34619598379186,148.98295199033694,149.69896882745195,149.69896882745195,17462198.0,sample,2026-09-24 19:05:19.247270+00:00
AAPL,2025-01-04 13:00:00+00:00,149.65887605582935,150.59579763515552,146.9662593872151,148.73845213294643,148.73845213294643,2191422.0,sample,2026-09-24 19:05:19.247270+00:00
AAPL,2025-01-04 13:05:00+00:00,148.8513940986814,150.5969887119733,148.33126264049727,148.61682451353107,148.61682451353107,11197079.0,sample,2026-09-24 19:05:19.247270+00:00
AAPL,2025-01-04 13:10:00+00:00,148.27292443775406,149.2013533223241,147.80482409050603,148.58030661753168,148.58030661753168,4927349.0,sample,2026-09-24 19:05:19.247270+00:00
AAPL,2025-01-04 13:15:00+00:00,148.91769855277758,151.18855040918106,148.1897280002791,149.54613138387683,149.54613138387683,4300171.0,sample,2026-09-24 19:05:19.247270+00:00
AAPL,2025-01-04 13:20:00+00:00,149.31415552918358,151.53450544898809,148.77669210734575,150.92949812944357,150.92949812944357,10260737.0,sample,2026-09-24 19:05:19.247270+00:00
AAPL,2025-01-04 13:25:00+00:00,150.9933703552087,151.564046686864,149.08330970701215,149.9798769633868,149.9798769633868,11716923.0,sample,2026-09-24 19:05:19.247270+00:00
AAPL,2025-01-04 13:30:00+00:00,149.78696033261787,151.46218259003018,148.96934891775476,150.71253921230002,150.71253921230002,9482070.0,sample,2026-09-24 19:05:19.247270+00:00
AAPL,2025-01-04 13:35:00+00:00,150.371201767697,152.85063627427107,149.57940853976456,151.0415183585119,151.0415183585119,4948739.0,sample,2026-09-24 19:05:19.247270+00:00
AAPL,2025-01-04 13:40:00+00:00,150.83574134812804,151.2820238005527,150.1083336993107,151.05685694156986,151.05685694156986,3432210.0,sample,2026-09-24 19:05:19.247270+00:00
AAPL,2025-01-04 13:45:00+00:00,151.32198547934507,152.5761567137887,149.87472325441482,151.6582800318029,151.6582800318029,15672287.0,sample,2026-09-24 19:05:19.247270+00:00
AAPL,2025-01-04 13:50:00+00:00,151.45922764078415,153.05350234126115,149.54004923493932,151.0976973322935,151.0976973322935,15011141.0,sample,2026-09-24 19:05:19.247270+00:00
AAPL,2025-01-04 13:55:00+00:00,150.72125848619754,152.12882436374392,150.48760270532435,151.18201801016082,151.18201801016082,9453918.0,sample,2026-09-24 19:05:19.247270+00:00
AAPL,2025-01-04 14:00:00+00:00,151.61381636454215,151.92246650945873,150.0433969239567,150.78902635148313,150.78902635148313,5716848.0,sample,2026-09-24 19:05:19.247270+00:00
AAPL,2025-01-04 14:05:00+00:00,150.74681482838093,151.11858922816853,149.6768926426148,150.65290480209606,150.65290480209606,2382472.0,sample,2026-09-24 19:05:19.247270+00:00
AAPL,2025-01-04 14:10:00+00:00,150.28906652258556,153.16565479380418,149.39434188710254,151.66586198463042,151.66586198463042,14851063.0,sample,2026-09-24 19:05:19.247270+00:00
AAPL,2025-01-04 14:15:00+00:00,152.05437526306568,153.08408620793153,151.38543890653108,151.97877010980466,151.97877010980466,7048081.0,sample,2026-09-24 19:05:19.247270+00:00
AAPL,2025-01-04 14:20:00+00:00,152.01747297700038,152.5043957131299,150.90976666870378,151.74108562219286,151.74108562219286,8579239.0,sample,2026-09-24 19:05:19.247270+00:00
AAPL,2025-01-04 14:25:00+00:00,151.25423975131554,152.6501577195253,150.6158025812791,151.12057383433805,151.12057383433805,2853087.0,sample,2026-09-24 19:05:19.247270+00:00
AAPL,2025-01-04 14:30:00+00:00,150.53038045765467,152.97440227971174,149.69925197729953,151.62962174067047,151.62962174067047,5034676.0,sample,2026-09-24 19:05:19.247270+00:00
AAPL,2025-01-04 14:35:00+00:00,151.2765808557526,153.33064980576842,149.94018296625487,151.55217999849458,151.55217999849458,17022218.0,sample,2026-09-24 19:05:19.247270+00:00
AAPL,2025-01-04 14:40:00+00:00,151.6207589234231,152.10646567062972,150.42591127242056,150.79814382719113,150.79814382719113,11869476.0,sample,2026-09-24 19:05:19.247270+00:00
AAPL,2025-01-04 14:45:00+00:00,150.7727472326764,152.34827821621738,149.01771247428036,151.30051527017793,151.30051527017793,4223781.0,sample,2026-09-24 19:05:19.247270+00:00
AAPL,2025-01-04 14:50:00+00:00,151.2540866267598,152.36705259766524,149.26106223084588,150.5894208433087,150.5894208433087,8068879.0,sample,2026-09-24 19:05:19.247270+00:00
AAPL,2025-01-04 14:55:00+00:00,150.37120006997333,151.34132185058075,150.12884635170795,150.82628900536784,150.82628900536784,2998419.0,sample,2026-09-24 19:05:19.247270+00:00
AAPL,2025-01-04 15:00:00+00:00,151.019121473735,151.55984999070503,150.09522486469768,151.13213421392,151.13213421392,1605923.0,sample,2026-09-24 19:05:19.247270+00:00
AAPL,2025-01-04 15:05:00+00:00,151.1929907547008,152.9632129475659,150.30423691413174,151.17693791610142,151.17693791610142,5628482.0,sample,2026-09-24 19:05:19.247270+00:00
AAPL,2025-01-04 15:10:00+00:00,151.6344554776771,153.3478623852464,150.03139722600554,151.940188328011,151.940188328011,9569104.0,sample,2026-09-24 19:05:19.247270+00:00
AAPL,2025-01-04 15:15:00+00:00,151.84375405556392,153.4065728015512,151.31734136105175,151.58875773222698,151.58875773222698,12924127.0,sample,2026-09-24 19:05:19.247270+00:00
AAPL,2025-01-04 15:20:00+00:00,151.64279875227425,151.9954982293587,150.65110800797305,151.21284169825387,151.21284169825387,13884417.0,sample,2026-09-24 19:05:19.247270+00:00
AAPL,2025-01-04 15:25:00+00:00,151.52027387920725,152.3430057054114,149.9246240977388,151.53253086675463,151.53253086675463,12480860.0,sample,2026-09-24 19:05:19.247270+00:00
AAPL,2025-01-04 15:30:00+00:00,151.5391176257543,152.21894565508407,151.25184348300576,151.82510179220577,151.82510179220577,16242018.0,sample,2026-09-24 19:05:19.247270+00:00
AAPL,2025-01-04 15:35:00+00:00,151.29137522252393,153.83648778799585,149.6521894180954,152.48091133550838,152.48091133550838,1830727.0,sample,2026-09-24 19:05:19.247270+00:00
AAPL,2025-01-04 15:40:00+00:00,152.69831849060816,153.54643647504363,150.7176374928075,152.51490786194773,152.51490786194773,1661043.0,sample,2026-09-24 19:05:19.247270+00:00
AAPL,2025-01-04 15:45:00+00:00,152.80674942423593,154.324983256823,152.26703999163357,152.78356830258298,152.78356830258298,14515436.0,sample,2026-09-24 19:05:19.247270+00:00
AAPL,2025-01-04 15:50:00+00:00,153.41336963782817,155.47166176259134,151.961672940971,153.7328799326131,153.7328799326131,4464133.0,sample,2026-09-24 19:05:19.247270+00:00
AAPL,2025-01-04 15:55:00+00:00,153.32588975050925,153.87881126133686,152.07389494728824,153.16864024180552,153.16864024180552,10479444.0,sample,2026-09-24 19:05:19.247270+00:00
AAPL,2025-01-04 16:00:00+00:00,153.12880455969022,154.2065283267259,151.27180959472366,152.87771805001267,152.87771805001267,8057211.0,sample,2026-09-24 19:05:19.247270+00:00
AAPL,2025-01-04 16:05:00+00:00,152.2007626772848,154.6762901312645,150.5791579349571,153.41971615858319,153.41971615858319,3401437.0,sample,2026-09-24 19:05:19.247270+00:00
AAPL,2025-01-04 16:10:00+00:00,153.58489513291005,154.99418728368641,152.7100244092296,153.05067619344,153.05067619344,4548591.0,sample,2026-09-24 19:05:19.247270+00:00
AAPL,2025-01-04 16:15:00+00:00,153.11575539112548,154.1320155938764,150.58668919243263,152.3787409514847,152.3787409514847,10834911.0,sample,2026-09-24 19:05:19.247270+00:00
AAPL,2025-01-04 16:20:00+00:00,152.35374341340372,153.5235198602307,150.99118076150532,151.90462834680068,151.90462834680068,3482531.0,sample,2026-09-24 19:05:19.247270+00:00
AAPL,2025-01-04 16:25:00+00:00,152.03274173734312,153.8449752555283,150.30269874904863,151.9525189562205,151.9525189562205,14139490.0,sample,2026-09-24 19:05:19.247270+00:00
AAPL,2025-01-04 16:30:00+00:00,151.72204660204127,153.7061516599822,150.2215424748236,152.59341723888807,152.59341723888807,4840904.0,sample,2026-09-24 19:05:19.247270+00:00
AAPL,2025-01-04 16:35:00+00:00,152.69339963936986,154.19717251914568,152.19940242234142,152.86460789446562,152.86460789446562,8189526.0,sample,2026-09-24 19:05:19.247270+00:00
AAPL,2025-01-04 16:40:00+00:00,153.58845799198386,153.8745555704661,152.64567155571865,153.42667761857575,153.42667761857575,9949491.0,sample,2026-09-24 19:05:19.247270+00:00
AAPL,2025-01-04 16:45:00+00:00,153.1293691027696,154.807389995395,152.34104446170815,154.13427232046212,154.13427232046212,8687866.0,sample,2026-09-24 19:05:19.247270+00:00
AAPL,2025-01-04 16:50:00+00:00,153.99510187566375,156.242586089847,152.8906692656229,154.59159872412792,154.59159872412792,16125496.0,sample,2026-09-24 19:05:19.247270+00:00
AAPL,2025-01-04 16:55:00+00:00,154.70599250878936,156.51643347899466,153.96052461559205,154.85095032029105,154.85095032029105,9243405.0,sample,2026-09-24 19:05:19.247270+00:00
AAPL,2025-01-04 17:00:00+00:00,155.19902431013267,156.9125683125964,153.88348794560102,154.6182979286509,154.6182979286509,2366309.0,sample,2026-09-24 19:05:19.247270+00:00
AAPL,2025-01-04 17:05:00+00:00,154.6758062406292,155.24452931075467,154.0862273322576,154.80235594338276,154.80235594338276,10397747.0,sample,2026-09-24 19:05:19.247270+00:00
AAPL,2025-01-04 17:10:00+00:00,154.71216243533837,157.46293287338736,152.86114879004023,155.70782048347493,155.70782048347493,13087760.0,sample,2026-09-24 19:05:19.247270+00:00
AAPL,2025-01-04 17:15:00+00:00,155.36230934579456,158.44552158275422,153.95901490721639,156.66264752125048,156.66264752125048,12600532.0,sample,2026-09-24 19:05:19.247270+00:00
AAPL,2025-01-04 17:20:00+00:00,156.28216113528575,157.73839811526307,155.16661262571407,157.10686435053546,157.10686435053546,10918522.0,sample,2026-09-24 19:05:19.247270+00:00
AAPL,2025-01-04 17:25:00+00:00,157.17214432363548,157.83871431075264,155.31838179245224,156.8738295893646,156.8738295893646,4518535.0,sample,2026-09-24 19:05:19.247270+00:00
AAPL,2025-01-04 17:30:00+00:00,156.63101395464528,158.3008980206907,155.61748370651455,156.75498206804926,156.75498206804926,8768333.0,sample,2026-09-24 19:05:19.247270+00:00
AAPL,2025-01-04 17:35:00+00:00,156.7088822565209,158.24700578086635,155.7126976625615,156.76368693301325,156.76368693301325,2188352.0,sample,2026-09-24 19:05:19.247270+00:00
AAPL,2025-01-04 17:40:00+00:00,157.10388052802077,158.64939380166797,156.3436725045169,157.60111264697036,157.60111264697036,15384035.0,sample,2026-09-24 19:05:19.247270+00:00
AAPL,2025-01-04 17:45:00+00:00,157.15877385915874,160.1297584289105,156.05686328662347,158.93662240674448,158.93662240674448,16856886.0,sample,2026-09-24 19:05:19.247270+00:00
AAPL,2025-01-04 17:50:00+00:00,158.71926573143682,160.2057708109258,157.80892297152826,159.80625552335553,159.80625552335553,15016018.0,sample,2026-09-24 19:05:19.247270+00:00
AAPL,2025-01-04 17:55:00+00:00,159.79855720518205,161.56295068656257,157.03495836060708,158.5274500947682,158.5274500947682,12657882.0,sample,2026-09-24 19:05:19.247270+00:00
AAPL,2025-01-04 18:00:00+00:00,158.50631544791582,159.9142158563596,157.1772422259439,158.74318581275324,158.74318581275324,15468167.0,sample,2026-09-24 19:05:19.247270+00:00
AAPL,2025-01-04 18:05:00+00:00,158.51457378888026,159.26094853721253,157.97997951570886,158.832769109905,158.832769109905,5762412.0,sample,2026-09-24 19:05:19.247270+00:00
AAPL,2025-01-04 18:10:00+00:00,158.2516064189367,159.00855424084924,156.67623486817294,158.64384639290995,158.64384639290995,1604350.0,sample,2026-09-24 19:05:19.247270+00:00
AAPL,2025-01-04 18:15:00+00:00,158.50076359815915,161.24460249731413,158.34082803469352,159.5398731310488,159.5398731310488,15999863.0,sample,2026-09-24 19:05:19.247270+00:00
AAPL,2025-01-04 18:20:00+00:00,159.08287641513624,159.77590101383018,157.81544086263838,159.26190383736864,159.26190383736864,9892964.0,sample,2026-09-24 19:05:19.247270+00:00
AAPL,2025-01-04 18:25:00+00:00,159.46690319147964,159.85985614267867,157.3528934244994,158.67089231663903,158.67089231663903,17522115.0,sample,2026-09-24 19:05:19.247270+00:00
AAPL,2025-01-04 18:30:00+00:00,159.1501189765272,159.4177435710529,157.43810223450717,158.37942296038585,158.37942296038585,10860704.0,sample,2026-09-24 19:05:19.247270+00:00
AAPL,2025-01-04 18:35:00+00:00,157.7218069458154,160.4291302220025,156.54624449607698,159.57853921309828,159.57853921309828,2982919.0,sample,2026-09-24 19:05:19.247270+00:00
AAPL,2025-01-04 18:40:00+00:00,159.3400607632473,161.16778175800167,158.8750656858609,160.45287923868082,160.45287923868082,12276470.0,sample,2026-09-24 19:05:19.247270+00:00
AAPL,2025-01-04 18:45:00+00:00,160.62479385886581,161.6848459832241,159.26579001513218,160.90033031534153,160.90033031534153,17271201.0,sample,2026-09-24 19:05:19.247270+00:00
AAPL,2025-01-04 18:50:00+00:00,160.56734219717134,162.36110521806734,160.00911355106084,161.30719984783252,161.30719984783252,17834517.0,sample,2026-09-24 19:05:19.247270+00:00
AAPL,2025-01-04 18:55:00+00:00,161.2150324204933,161.70749599098906,160.85027203495733,161.1689540256071,161.1689540256071,3719729.0,sample,2026-09-24 19:05:19.247270+00:00
AAPL,2025-01-04 19:00:00+00:00,161.07912836617166,161.4432150049258,159.96865077198356,160.31282049517168,160.31282049517168,11163543.0,sample,2026-09-24 19:05:19.247270+00:00
AAPL,2025-01-04 19:05:00+00:00,160.6689376218142,162.36701492315655,158.79768382773207,160.37142180470195,160.37142180470195,12742417.0,sample,2026-09-24 19:05:19.247270+00:00
AAPL,2025-01-04 19:10:00+00:00,160.35626203714614,162.00768959272858,159.62430124221171,160.60404096597202,160.60404096597202,7243842.0,sample,2026-09-24 19:05:19.247270+00:00
AAPL,2025-01-04 19:15:00+00:00,160.94497824746398,161.35887875279263,159.22399645599296,159.78499420148472,159.78499420148472,9509906.0,sample,2026-09-24 19:05:19.247270+00:00
AAPL,2025-01-04 19:20:00+00:00,160.22773284309855,162.0407463397027,158.69511058329087,159.36659822848105,159.36659822848105,9559085.0,sample,2026-09-24 19:05:19.247270+00:00
AAPL,2025-01-04 19:25:00+00:00,159.46948657268445,160.4967736012082,157.90683617879017,160.29883994605098,160.29883994605098,5580429.0,sample,2026-09-24 19:05:19.247270+00:00
AAPL,2025-01-04 19:30:00+00:00,160.15077343624847,162.49010198257164,158.9926153270163,160.79665908102936,160.79665908102936,17846785.0,sample,2026-09-24 19:05:19.247270+00:00
AAPL,2025-01-04 19:35:00+00:00,161.20183321490322,162.45595672398156,160.0375417211914,160.2797925615301,160.2797925615301,11530521.0,sample,2026-09-24 19:05:19.247270+00:00
AAPL,2025-01-04 19:40:00+00:00,160.56287838146156,161.6693180921318,158.9555948738732,160.363768862412,160.363768862412,5442085.0,sample,2026-09-24 19:05:19.247270+00:00
AAPL,2025-01-04 19:45:00+00:00,159.84084006568705,160.81825143468217,159.50971405984376,159.8428025929676,159.8428025929676,8931713.0,sample,2026-09-24 19:05:19.247270+00:00
AAPL,2025-01-04 19:50:00+00:00,159.86951861975817,160.53402905874466,159.3119785265803,160.08540321329002,160.08540321329002,13037738.0,sample,2026-09-24 19:05:19.247270+00:00
AAPL,2025-01-04 19:55:00+00:00,160.2602292253468,161.48552674440234,158.23086619553527,159.1199781348113,159.1199781348113,14924613.0,sample,2026-09-24 19:05:19.247270+00:00
AAPL,2025-01-04 20:00:00+00:00,158.9034046089868,159.77959264447372,158.22405123083823,158.77775950483374,158.77775950483374,6669369.0,sample,2026-09-24 19:05:19.247270+00:00
AAPL,2025-01-04 20:05:00+00:00,158.7172615864381,160.43699741172293,156.9386981241227,158.166946520628,158.166946520628,16697186.0,sample,2026-09-24 19:05:19.247270+00:00
AAPL,2025-01-04 20:10:00+00:00,157.9626886139795,160.20889909574683,157.66767712690827,158.31845129683663,158.31845129683663,16647044.0,sample,2026-09-24 19:05:19.247270+00:00
AAPL,2025-01-04 20:15:00+00:00,158.1752591877614,159.4557065556916,156.29474909436638,159.0843647987748,159.0843647987748,8036251.0,sample,2026-09-24 19:05:19.247270+00:00
AAPL,2025-01-04 20:20:00+00:00,158.77056297332578,161.88363277012118,158.01876308402487,160.44886345456564,160.44886345456564,4551485.0,sample,2026-09-24 19:05:19.247270+00:00
AAPL,2025-01-04 20:25:00+00:00,160.4900903791414,161.92293279146278,158.9240073633276,160.1723356772427,160.1723356772427,7972310.0,sample,2026-09-24 19:05:19.247270+00:00
AAPL,2025-01-04 20:30:00+00:00,159.8065937469636,160.6300676514572,158.10731838539982,159.2414844440708,159.2414844440708,10829647.0,sample,2026-09-24 19:05:19.247270+00:00
AAPL,2025-01-04 20:35:00+00:00,159.02046561374812,160.69473060011626,158.77029312321753,159.0537898586734,159.0537898586734,6388569.0,sample,2026-09-24 19:05:19.247270+00:00
AAPL,2025-01-04 20:40:00+00:00,158.97833125530875,160.33050156938958,157.0983867949695,160.0397583341615,160.0397583341615,12452627.0,sample,2026-09-24 19:05:19.247270+00:00
AAPL,2025-01-04 20:45:00+00:00,160.13529584783277,161.37067165089826,159.00632256847427,159.55308681807836,159.55308681807836,2077998.0,sample,2026-09-24 19:05:19.247270+00:00
AAPL,2025-01-04 20:50:00+00:00,159.59274590407577,161.40362514694866,158.55176278895652,160.2447296899352,160.2447296899352,12122281.0,sample,2026-09-24 19:05:19.247270+00:00
AAPL,2025-01-04 20:55:00+00:00,160.59720339339106,161.18047422142735,159.02074448890417,159.7943843091791,159.7943843091791,13738467.0,sample,2026-09-24 19:05:19.247270+00:00
AAPL,2025-01-04 21:00:00+00:00,159.60380079298278,161.3857906718814,158.36285734710765,159.14886627171114,159.14886627171114,3520822.0,sample,2026-09-24 19:05:19.247270+00:00
AAPL,2025-01-04 21:05:00+00:00,159.53295859547404,161.08642924694806,158.22225896011346,158.67237292025084,158.67237292025084,11498022.0,sample,2026-09-24 19:05:19.247270+00:00
AAPL,2025-01-04 21:10:00+00:00,157.88628280293904,160.4885347191236,156.66936130327358,158.77282863510123,158.77282863510123,8550481.0,sample,2026-09-24 19:05:19.247270+00:00
AAPL,2025-01-04 21:15:00+00:00,159.189677607387,160.90916679393024,158.06319157079656,158.90647915127258,158.90647915127258,4381944.0,sample,2026-09-24 19:05:19.247270+00:00
AAPL,2025-01-04 21:20:00+00:00,158.94152926731738,160.95440739697437,157.80228453108867,159.12659370708417,159.12659370708417,15500566.0,sample,2026-09-24 19:05:19.247270+00:00
AAPL,2025-01-04 21:25:00+00:00,158.83162822576335,160.76213212422292,157.33770565182976,159.13847890905808,159.13847890905808,8513377.0,sample,2026-09-24 19:05:19.247270+00:00
AAPL,2025-01-04 21:30:00+00:00,159.06215725195696,161.11913631248134,157.57218954233895,159.519196809602,159.519196809602,4880684.0,sample,2026-09-24 19:05:19.247270+00:00
AAPL,2025-01-04 21:35:00+00:00,159.39685416065961,160.1309733552816,158.52283687747988,159.33396886492451,159.33396886492451,7887315.0,sample,2026-09-24 19:05:19.247270+00:00
AAPL,2025-01-04 21:40:00+00:00,159.22876119126073,161.38484555475705,158.52039428324943,159.8565325909397,159.8565325909397,2586648.0,sample,2026-09-24 19:05:19.247270+00:00
AAPL,2025-01-04 21:45:00+00:00,160.41039875085193,160.7487324181081,159.1797038005604,160.4634048924818,160.4634048924818,5468322.0,sample,2026-09-24 19:05:19.247270+00:00
AAPL,2025-01-04 21:50:00+00:00,160.53060463144652,161.33171719061008,159.18675564221593,160.61783343384067,160.61783343384067,7635349.0,sample,2026-09-24 19:05:19.247270+00:00
AAPL,2025-01-04 21:55:00+00:00,160.3354951396447,162.15156083524295,158.58722065937485,160.22789897417138,160.22789897417138,11404356.0,sample,2026-09-24 19:05:19.247270+00:00
AAPL,2025-01-04 22:00:00+00:00,160.32123507143248,161.0539705064277,158.27408794211928,159.68953913845542,159.68953913845542,11509702.0,sample,2026-09-24 19:05:19.247270+00:00
AAPL,2025-01-04 22:05:00+00:00,160.0285171195482,160.31810311131187,159.62832934916284,159.9838096257189,159.9838096257189,12790098.0,sample,2026-09-24 19:05:19.247270+00:00
AAPL,2025-01-04 22:10:00+00:00,159.84232152734924,160.8692839521693,158.22674580413937,160.0637368040012,160.0637368040012,11989054.0,sample,2026-09-24 19:05:19.247270+00:00
AAPL,2025-01-04 22:15:00+00:00,160.1769651657935,161.73069921956198,157.29511049686573,158.4673035944651,158.4673035944651,15988748.0,sample,2026-09-24 19:05:19.247270+00:00
AAPL,2025-01-04 22:20:00+00:00,158.4803845779733,159.99487988772574,156.51362085160923,157.72347150700222,157.72347150700222,7013405.0,sample,2026-09-24 19:05:19.247270+00:00
AAPL,2025-01-04 22:25:00+00:00,158.0007473303773,159.65785787819695,156.27383215449183,157.45308754303105,157.45308754303105,9826599.0,sample,2026-09-24 19:05:19.247270+00:00
AAPL,2025-01-04 22:30:00+00:00,157.55727016558723,159.26428704344806,155.65014718170502,156.9107567708729,156.9107567708729,7686074.0,sample,2026-09-24 19:05:19.247270+00:00
AAPL,2025-01-04 22:35:00+00:00,156.6293133751936,157.79017612271775,156.2017003554606,157.25054049802003,157.25054049802003,15218802.0,sample,2026-09-24 19:05:19.247270+00:00
AAPL,2025-01-04 22:40:00+00:00,157.74042119441307,159.51278871836348,156.61578744621409,156.8814541026595,156.8814541026595,5609343.0,sample,2026-09-24 19:05:19.247270+00:00
AAPL,2025-01-04 22:45:00+00:00,157.06634471018856,157.69129424349816,155.9126539709048,156.39354151616402,156.39354151616402,6693237.0,sample,2026-09-24 19:05:19.247270+00:00
AAPL,2025-01-04 22:50:00+00:00,156.53505550493654,158.0517493715953,154.69647226801698,157.7141097636661,157.7141097636661,6430515.0,sample,2026-09-24 19:05:19.247270+00:00
AAPL,2025-01-04 22:55:00+00:00,157.83109128036165,159.1323445993832,155.60567444418123,157.18993017848334,157.18993017848334,12882729.0,sample,2026-09-24 19:05:19.247270+00:00
AAPL,2025-01-04 23:00:00+00:00,157.3030393178893,157.7472340306511,156.99442238519313,157.23226882236625,157.23226882236625,10079446.0,sample,2026-09-24 19:05:19.247270+00:00
AAPL,2025-01-04 23:05:00+00:00,157.42615040118437,158.03178769417644,156.60743509110233,156.8359588794787,156.8359588794787,11449307.0,sample,2026-09-24 19:05:19.247270+00:00
AAPL,2025-01-04 23:10:00+00:00,156.71246562492237,157.91423277577402,156.14979317915729,156.67141198158498,156.67141198158498,5974373.0,sample,2026-09-24 19:05:19.247270+00:00
AAPL,2025-01-04 23:15:00+00:00,156.2154953214951,156.80827400850626,155.5369044584939,156.31814755293965,156.31814755293965,4348231.0,sample,2026-09-24 19:05:19.247270+00:00
AAPL,2025-01-04 23:20:00+00:00,156.3620905888901,157.7029435138894,154.50441170463063,156.41235645201667,156.41235645201667,6509908.0,sample,2026-09-24 19:05:19.247270+00:00
AAPL,2025-01-04 23:25:00+00:00,156.0449262021203,158.46176982864208,155.20690116278095,156.58568740328172,156.58568740328172,2107340.0,sample,2026-09-24 19:05:19.247270+00:00
AAPL,2025-01-04 23:30:00+00:00,157.05342287619868,158.45733635260981,156.86883597346522,157.31956407228014,157.31956407228014,14231002.0,sample,2026-09-24 19:05:19.247270+00:00
AAPL,2025-01-04 23:35:00+00:00,156.94962943591196,158.806873347987,155.49197060680717,156.95749649555438,156.95749649555438,4810744.0,sample,2026-09-24 19:05:19.247270+00:00
AAPL,2025-01-04 23:40:00+00:00,157.2769196995488,158.1809664517779,156.97523540998986,157.73764396012479,157.73764396012479,9151334.0,sample,2026-09-24 19:05:19.247270+00:00
AAPL,2025-01-04 23:45:00+00:00,157.85082079284248,158.5100458901883,155.51836346074523,156.33468373757427,156.33468373757427,7803040.0,sample,2026-09-24 19:05:19.247270+00:00
AAPL,2025-01-04 23:50:00+00:00,156.456341163781,158.9422704722724,155.15869964670023,157.08581074378176,157.08581074378176,14772897.0,sample,2026-09-24 19:05:19.247270+00:00
AAPL,2025-01-04 23:55:00+00:00,156.8645210354423,158.45003577610768,155.49178346102275,156.327728006043,156.327728006043,3296218.0,sample,2026-09-24 19:05:19.247270+00:00
AAPL,2025-01-05 00:00:00+00:00,156.2980864317037,157.28158120899516,154.29220444349514,156.06712217369267,156.06712217369267,4489274.0,sample,2026-09-24 19:05:19.247270+00:00
AAPL,2025-01-05 00:05:00+00:00,155.58243759171597,158.408590857305,153.79535059600073,156.90600618032693,156.90600618032693,10545208.0,sample,2026-09-24 19:05:19.247270+00:00
AAPL,2025-01-05 00:10:00+00:00,156.7513890302746,158.8655841735895,156.26360064193426,158.079874152631,158.079874152631,15944130.0,sample,2026-09-24 19:05:19.247270+00:00
AAPL,2025-01-05 00:15:00+00:00,158.06729579635225,160.27371830825598,157.40919257730607,158.50076938578513,158.50076938578513,8058296.0,sample,2026-09-24 19:05:19.247270+00:00
AAPL,2025-01-05 00:20:00+00:00,158.44712736621065,160.79838485103798,158.1314504270732,159.18932624147092,159.18932624147092,4729748.0,sample,2026-09-24 19:05:19.247270+00:00
AAPL,2025-01-05 00:25:00+00:00,158.82177919112564,159.94405441362738,157.60647313074762,159.05972845397113,159.05972845397113,14152096.0,sample,2026-09-24 19:05:19.247270+00:00
AAPL,2025-01-05 00:30:00+00:00,159.492082679924,161.68976273429908,158.37022959230433,160.71506259917132,160.71506259917132,5233006.0,sample,2026-09-24 19:05:19.247270+00:00
AAPL,2025-01-05 00:35:00+00:00,160.280833373525,160.5301546508208,157.73588100662835,159.5460156286304,159.5460156286304,1623674.0,sample,2026-09-24 19:05:19.247270+00:00
AAPL,2025-01-05 00:40:00+00:00,159.56797178160423,160.7170348077862,158.6125537472011,160.45799859650126,160.45799859650126,16619620.0,sample,2026-09-24 19:05:19.247270+00:00
AAPL,2025-01-05 00:45:00+00:00,160.6274381766603,162.15523468679257,159.394544330632,159.90633431697742,159.90633431697742,15935842.0,sample,2026-09-24 19:05:19.247270+00:00
AAPL,2025-01-05 00:50:00+00:00,159.90160424721986,160.88391812721017,158.53154338623,160.20775919147013,160.20775919147013,12388564.0,sample,2026-09-24 19:05:19.247270+00:00
AAPL,2025-01-05 00:55:00+00:00,159.62942158467823,162.07496880739268,157.95046699345056,161.01644153303786,161.01644153303786,12109059.0,sample,2026-09-24 19:05:19.247270+00:00
AAPL,2025-01-05 01:00:00+00:00,160.23280604913717,161.98123908965022,158.84969680961504,160.63898962129727,160.63898962129727,3033478.0,sample,2026-09-24 19:05:19.247270+00:00
AAPL,2025-01-05 01:05:00+00:00,160.2542979592939,163.2427026773144,159.0223690353701,161.537283168337,161.537283168337,5426539.0,sample,2026-09-24 19:05:19.247270+00:00
AAPL,2025-01-05 01:10:00+00:00,161.66377350638544,162.9745086637119,160.08049375358715,162.06922169966418,162.06922169966418,14330626.0,sample,2026-09-24 19:05:19.247270+00:00
AAPL,2025-01-05 01:15:00+00:00,161.62622431712867,163.36740533958871,161.32095826367342,162.2886147717616,162.2886147717616,12707077.0,sample,2026-09-24 19:05:19.247270+00:00
AAPL,2025-01-05 01:20:00+00:00,162.66871292363686,163.78662071975037,160.76554659711766,163.06209968914445,163.06209968914445,16045960.0,sample,2026-09-24 19:05:19.247270+00:00
AAPL,2025-01-05 01:25:00+00:00,161.90102764263366,164.73399053526117,160.38788873855373,164.1488486114563,164.1488486114563,5735451.0,sample,2026-09-24 19:05:19.247270+00:00
AAPL,2025-01-05 01:30:00+00:00,163.93364066514408,165.22180971353626,162.43129918679688,164.72671682978753,164.72671682978753,9178841.0,sample,2026-09-24 19:05:19.247270+00:00
AAPL,2025-01-05 01:35:00+00:00,165.29577586233665,167.01568982830656,163.2947581167709,164.35982966618786,164.35982966618786,13165478.0,sample,2026-09-24 19:05:19.247270+00:00
AAPL,2025-01-05 01:40:00+00:00,163.9727977924323,165.77524262178434,162.7799140933984,164.88713355587225,164.88713355587225,12306236.0,sample,2026-09-24 19:05:19.247270+00:00
AAPL,2025-01-05 01:45:00+00:00,164.9052279465909,166.26445455349864,163.08018510847262,165.00898463671285,165.00898463671285,3650555.0,sample,2026-09-24 19:05:19.247270+00:00
AAPL,2025-01-05 01:50:00+00:00,164.99382743266585,165.97631961414652,162.23666650852383,164.08819873857877,164.08819873857877,12235391.0,sample,2026-09-24 19:05:19.247270+00:00
AAPL,2025-01-05 01:55:00+00:00,163.96529656242225,165.04999088770205,162.91889811033698,164.22343268221474,164.22343268221474,4936024.0,sample,2026-09-24 19:05:19.247270+00:00
AAPL,2025-01-05 02:00:00+00:00,163.57375034574562,165.51644242041937,162.87171143386968,164.41072181195622,164.41072181195622,15925231.0,sample,2026-09-24 19:05:19.247270+00:00
AAPL,2025-01-05 02:05:00+00:00,164.58952759020593,166.26259536110365,162.49688255118252,163.76339704561872,163.76339704561872,15481398.0,sample,2026-09-24 19:05:19.247270+00:00
AAPL,2025-01-05 02:10:00+00:00,163.58607070456233,164.9088210825271,162.2267551923717,163.59891967479535,163.59891967479535,3842724.0,sample,2026-09-24 19:05:19.247270+00:00
AAPL,2025-01-05 02:15:00+00:00,163.49100378796763,164.26033272568336,162.2505382003701,162.49666345995738,162.49666345995738,6506137.0,sample,2026-09-24 19:05:19.247270+00:00
AAPL,2025-01-05 02:20:00+00:00,162.6828800169229,162.98854870037204,161.99391730046108,162.4590027074581,162.4590027074581,7184769.0,sample,2026-09-24 19:05:19.247270+00:00
AAPL,2025-01-05 02:25:00+00:00,162.52789520687145,164.03068321988513,160.79027169424276,161.96463545606508,161.96463545606508,9331288.0,sample,2026-09-24 19:05:19.247270+00:00
AAPL,2025-01-05 02:30:00+00:00,162.12209066738436,162.98736262749622,160.6087069309615,161.03035717865401,161.03035717865401,8549203.0,sample,2026-09-24 19:05:19.247270+00:00
AAPL,2025-01-05 02:35:00+00:00,160.90892067589087,162.71509063033326,160.0330347275985,161.56243324104318,161.56243324104318,16827831.0,sample,2026-09-24 19:05:19.247270+00:00
AAPL,2025-01-05 02:40:00+00:00,161.16771566705685,163.00180552054783,160.53435023418044,161.26261979989252,161.26261979989252,10608602.0,sample,2026-09-24 19:05:19.247270+00:00
AAPL,2025-01-05 02:45:00+00:00,161.42023815819044,162.32390017089185,158.1675743565376,159.98950997797198,159.98950997797198,1912389.0,sample,2026-09-24 19:05:19.247270+00:00
AAPL,2025-01-05 02:50:00+00:00,159.63217814433978,161.0622729243206,158.33860060286707,160.20263584626554,160.20263584626554,11978648.0,sample,2026-09-24 19:05:19.247270+00:00
AAPL,2025-01-05 02:55:00+00:00,159.90364128177765,160.71434623708234,157.57916197948654,158.80086533390573,158.80086533390573,11668579.0,sample,2026-09-24 19:05:19.247270+00:00
AAPL,2025-01-05 03:00:00+00:00,158.8700775069117,160.71147625111777,156.34442019549581,157.7964721099133,157.7964721099133,14836193.0,sample,2026-09-24 19:05:19.247270+00:00
AAPL,2025-01-05 03:05:00+00:00,158.08163171590263,158.28978184670376,157.283420812085,157.79268832372918,157.79268832372918,8495730.0,sample,2026-09-24 19:05:19.247270+00:00
AAPL,2025-01-05 03:10:00+00:00,158.41714379208338,160.29591345636678,155.79141693477212,157.4726926565167,157.4726926565167,7035958.0,sample,2026-09-24 19:05:19.247270+00:00
AAPL,2025-01-05 03:15:00+00:00,156.86967607088,157.99968989072872,155.72351205642184,157.62867291565036,157.62867291565036,5690213.0,sample,2026-09-24 19:05:19.247270+00:00
AAPL,2025-01-05 03:20:00+00:00,158.01731315892155,159.7909496834003,156.34456190862454,157.50374498388575,157.50374498388575,11057287.0,sample,2026-09-24 19:05:19.247270+00:00
AAPL,2025-01-05 03:25:00+00:00,157.45823632162075,158.33804097015675,155.88197751119594,157.24477177566752,157.24477177566752,6381335.0,sample,2026-09-24 19:05:19.247270+00:00
AAPL,2025-01-05 03:30:00+00:00,157.15412875742973,158.52692481110364,156.69732119605547,157.55777225722028,157.55777225722028,6611106.0,sample,2026-09-24 19:05:19.247270+00:00
AAPL,2025-01-05 03:35:00+00:00,157.4376869049361,158.59353530840653,155.3217703886092,157.1738220205474,157.1738220205474,5531528.0,sample,2026-09-24 19:05:19.247270+00:00
AAPL,2025-01-05 03:40:00+00:00,157.14595762491882,158.65222023932975,155.91514457636933,156.50026340500483,156.50026340500483,3513593.0,sample,2026-09-24 19:05:19.247270+00:00
AAPL,2025-01-05 03:45:00+00:00,156.64496186306357,157.89164809425597,155.47887389549425,156.19600007986887,156.19600007986887,1648039.0,sample,2026-09-24 19:05:19.247270+00:00
AAPL,2025-01-05 03:50:00+00:00,156.4355862436628,158.17815975942943,154.57329303763552,156.53120141409497,156.53120141409497,11906927.0,sample,2026-09-24 19:05:19.247270+00:00
AAPL,2025-01-05 03:55:00+00:00,156.6968969180714,158.5368769235242,156.40343679433997,157.24839977011362,157.24839977011362,13912324.0,sample,2026-09-24 19:05:19.247270+00:00
AAPL,2025-01-05 04:00:00+00:00,157.21614328399068,157.3784863899702,155.85099743495653,156.83227484911086,156.83227484911086,15168343.0,sample,2026-09-24 19:05:19.247270+00:00
AAPL,2025-01-05 04:05:00+00:00,157.04553134265174,158.47709775660562,154.6026101554271,155.97339720178212,155.97339720178212,7221843.0,sample,2026-09-24 19:05:19.247270+00:00
AAPL,2025-01-05 04:10:00+00:00,155.8965781577744,156.80289497419088,155.53362024996935,156.03781910684245,156.03781910684245,12176915.0,sample,2026-09-24 19:05:19.247270+00:00
AAPL,2025-01-05 04:15:00+00:00,157.0922222553408,158.24958082072152,155.24702678808126,157.07078727044527,157.07078727044527,3646002.0,sample,2026-09-24 19:05:19.247270+00:00
AAPL,2025-01-05 04:20:00+00:00,157.41484399168948,158.92402729099723,156.13930216003973,157.5427884107509,157.5427884107509,16871517.0,sample,2026-09-24 19:05:19.247270+00:00
AAPL,2025-01-05 04:25:00+00:00,157.79447567058375,159.3550283434118,156.51248589587485,158.42143759791227,158.42143759791227,4446510.0,sample,2026-09-24 19:05:19.247270+00:00
AAPL,2025-01-05 04:30:00+00:00,158.7576752044805,159.42646947161938,158.05140419708826,158.54164223809482,158.54164223809482,7065627.0,sample,2026-09-24 19:05:19.247270+00:00
AAPL,2025-01-05 04:35:00+00:00,158.34700247128646,160.6558476101338,156.46490364794303,159.28018576471223,159.28018576471223,3579341.0,sample,2026-09-24 19:05:19.247270+00:00
AAPL,2025-01-05 04:40:00+00:00,159.4350902780681,160.42481585804538,157.93681105346474,159.90726787653077,159.90726787653077,14307509.0,sample,2026-09-24 19:05:19.247270+00:00
AAPL,2025-01-05 04:45:00+00:00,160.05594581599678,162.22152217961494,158.64068635716336,160.32738017933502,160.32738017933502,12112524.0,sample,2026-09-24 19:05:19.247270+00:00
AAPL,2025-01-05 04:50:00+00:00,160.61326527972946,162.65757467838077,159.17200756080123,160.96897110920375,160.96897110920375,3094678.0,sample,2026-09-24 19:05:19.247270+00:00
AAPL,2025-01-05 04:55:00+00:00,160.89043210463183,161.2106932147701,158.8415457717621,160.63950333148566,160.63950333148566,1917774.0,sample,2026-09-24 19:05:19.247270+00:00
AAPL,2025-01-05 05:00:00+00:00,160.36184438192748,162.52732369325608,159.00400375584047,161.30205882249555,161.30205882249555,17215019.0,sample,2026-09-24 19:05:19.247270+00:00
AAPL,2025-01-05 05:05:00+00:00,161.37997800245938,161.6333574308019,158.98449017521455,160.34067040876752,160.34067040876752,7131929.0,sample,2026-09-24 19:05:19.247270+00:00
AAPL,2025-01-05 05:10:00+00:00,160.27826918123154,161.01841369483327,158.01631369204495,159.72104664537926,159.72104664537926,17940477.0,sample,2026-09-24 19:05:19.247270+00:00
AAPL,2025-01-05 05:15:00+00:00,159.51896283625692,160.37317011859207,158.8626417504999,159.40489357963705,159.40489357963705,6200410.0,sample,2026-09-24 19:05:19.247270+00:00
AAPL,2025-01-05 05:20:00+00:00,159.78887428680866,160.70051805813807,158.59054062202506,159.5779007006075,159.5779007006075,11074910.0,sample,2026-09-24 19:05:19.247270+00:00
AAPL,2025-01-05 05:25:00+00:00,160.0307910355949,160.57581027611468,159.41466324267589,159.8723610441408,159.8723610441408,17163986.0,sample,2026-09-24 19:05:19.247270+00:00
AAPL,2025-01-05 05:30:00+00:00,159.94183350662865,161.24453350923787,158.1168138445256,160.22302842117705,160.22302842117705,17722035.0,sample,2026-09-24 19:05:19.247270+00:00
AAPL,2025-01-05 05:35:00+00:00,160.18636922280785,161.3697194036415,159.4130142131143,159.72140636731282,159.72140636731282,14348222.0,sample,2026-09-24 19:05:19.247270+00:00
AAPL,2025-01-05 05:40:00+00:00,159.74452326067035,161.04378231228893,158.5927632701578,159.65825227247214,159.65825227247214,10166751.0,sample,2026-09-24 19:05:19.247270+00:00
AAPL,2025-01-05 05:45:00+00:00,159.89707458768785,160.18414079689455,159.21861749172385,159.7310463498371,159.7310463498371,5109204.0,sample,2026-09-24 19:05:19.247270+00:00
AAPL,2025-01-05 05:50:00+00:00,159.58070900312407,159.97657401745695,157.8534823199503,158.91627498563463,158.91627498563463,16178785.0,sample,2026-09-24 19:05:19.247270+00:00
AAPL,2025-01-05 05:55:00+00:00,158.9565816122626,160.91835479984815,157.27528341632086,160.04135136203718,160.04135136203718,3153477.0,sample,2026-09-24 19:05:19.247270+00:00
AAPL,2025-01-05 06:00:00+00:00,159.46934200783835,161.3861428105655,157.66970994777265,159.9308859882213,159.9308859882213,12852165.0,sample,2026-09-24 19:05:19.247270+00:00
AAPL,2025-01-05 06:05:00+00:00,159.7368570297811,161.6674662081058,158.26476330571734,160.12764492821054,160.12764492821054,14223017.0,sample,2026-09-24 19:05:19.247270+00:00
AAPL,2025-01-05 06:10:00+00:00,159.79778331002754,161.60885851246618,157.6721535703444,159.5174340847257,159.5174340847257,5011224.0,sample,2026-09-24 19:05:19.247270+00:00
AAPL,2025-01-05 06:15:00+00:00,159.4687339193604,160.4216149512256,158.8868907195463,159.6317269274758,159.6317269274758,2825935.0,sample,2026-09-24 19:05:19.247270+00:00
AAPL,2025-01-05 06:20:00+00:00,159.60904501585222,160.6456886766462,158.01297677637606,158.94524275473898,158.94524275473898,11431674.0,sample,2026-09-24 19:05:19.247270+00:00
AAPL,2025-01-05 06:25:00+00:00,158.4393350724176,160.2584495742555,157.6240586470431,159.5631348647116,159.5631348647116,7892988.0,sample,2026-09-24 19:05:19.247270+00:00
AAPL,2025-01-05 06:30:00+00:00,159.19986424098042,160.9725231516044,158.58805578366056,159.34321915581094,159.34321915581094,4466614.0,sample,2026-09-24 19:05:19.247270+00:00
AAPL,2025-01-05 06:35:00+00:00,159.57185950340897,160.63850144752888,156.1462996961536,157.91859240573538,157.91859240573538,17955470.0,sample,2026-09-24 19:05:19.247270+00:00
AAPL,2025-01-05 06:40:00+00:00,158.20831507538125,158.40995471601485,155.8775082685098,157.27554820016212,157.27554820016212,13232743.0,sample,2026-09-24 19:05:19.247270+00:00
AAPL,2025-01-05 06:45:00+00:00,157.07338434207077,159.3419344484547,155.70199951996267,157.54643262934061,157.54643262934061,4795389.0,sample,2026-09-24 19:05:19.247270+00:00
AAPL,2025-01-05 06:50:00+00:00,157.7574112893799,158.90297286539965,157.16584967994345,158.11163314684683,158.11163314684683,10273052.0,sample,2026-09-24 19:05:19.247270+00:00
AAPL,2025-01-05 06:55:00+00:00,158.05892804114396,158.7936871067069,156.94612678455053,157.9068287480517,157.9068287480517,13194629.0,sample,2026-09-24 19:05:19.247270+00:00
AAPL,2025-01-05 07:00:00+00:00,157.91817149906967,158.49090294454058,156.90827200943883,157.44030562424334,157.44030562424334,11560153.0,sample,2026-09-24 19:05:19.247270+00:00
AAPL,2025-01-05 07:05:00+00:00,157.46156409417262,158.48821423934018,156.54182229688465,157.57797100081592,157.57797100081592,11706431.0,sample,2026-09-24 19:05:19.247270+00:00
AAPL,2025-01-05 07:10:00+00:00,158.01944359730575,158.1788813224747,156.70238139719916,157.4575663015208,157.4575663015208,6125742.0,sample,2026-09-24 19:05:19.247270+00:00
AAPL,2025-01-05 07:15:00+00:00,157.49976508892811,158.86449099280327,155.13355005621253,156.52358810704925,156.52358810704925,17607560.0,sample,2026-09-24 19:05:19.247270+00:00
AAPL,2025-01-05 07:20:00+00:00,156.5753285950419,158.34438145794246,155.24068668351796,156.5027917722295,156.5027917722295,4147028.0,sample,2026-09-24 19:05:19.247270+00:00
AAPL,2025-01-05 07:25:00+00:00,156.54197712073585,158.29611295329437,154.64151345052014,155.1683576488122,155.1683576488122,5450836.0,sample,2026-09-24 19:05:19.247270+00:00
AAPL,2025-01-05 07:30:00+00:00,155.15285657508548,156.53432547591484,154.4055028922374,154.75690717104845,154.75690717104845,10459263.0,sample,2026-09-24 19:05:19.247270+00:00
AAPL,2025-01-05 07:35:00+00:00,155.02210855123064,156.8031242631006,152.00551221731448,153.53814522370186,153.53814522370186,2942181.0,sample,2026-09-24 19:05:19.247270+00:00
AAPL,2025-01-05 07:40:00+00:00,153.1861595710803,155.00816102312763,152.30958779125052,153.42346259255717,153.42346259255717,9321036.0,sample,2026-09-24 19:05:19.247270+00:00
AAPL,2025-01-05 07:45:00+00:00,154.09841231217837,155.907073251524,151.02751355368864,152.7003844489365,152.7003844489365,15544456.0,sample,2026-09-24 19:05:19.247270+00:00
AAPL,2025-01-05 07:50:00+00:00,152.51043065140124,154.30653816454407,151.98669609170702,152.5539608621693,152.5539608621693,3564056.0,sample,2026-09-24 19:05:19.247270+00:00
AAPL,2025-01-05 07:55:00+00:00,152.75649391289676,154.58339230359383,152.56135469302765,152.89516148709492,152.89516148709492,2296044.0,sample,2026-09-24 19:05:19.247270+00:00
AAPL,2025-01-05 08:00:00+00:00,153.25610149235803,153.4809099318581,150.88189559968328,151.90121210603138,151.90121210603138,2393430.0,sample,2026-09-24 19:05:19.247270+00:00
AAPL,2025-01-05 08:05:00+00:00,152.0514833923896,153.32339449799903,150.4333093364014,151.62354806755104,151.62354806755104,13340848.0,sample,2026-09-24 19:05:19.247270+00:00
AAPL,2025-01-05 08:10:00+00:00,150.874865992839,152.5668229481145,149.09207686258665,150.4089247599012,150.4089247599012,1836615.0,sample,2026-09-24 19:05:19.247270+00:00
AAPL,2025-01-05 08:15:00+00:00,150.32224145255566,151.43787340152608,150.02102029232736,150.69339515449545,150.69339515449545,15027057.0,sample,2026-09-24 19:05:19.247270+00:00
AAPL,2025-01-05 08:20:00+00:00,150.65582207096733,151.49822125299303,149.6925654395909,150.4456891078017,150.4456891078017,13249605.0,sample,2026-09-24 19:05:19.247270+00:00
AAPL,2025-01-05 08:25:00+00:00,150.6409686200611,151.4764465868448,149.14744900003527,149.69972057755317,149.69972057755317,14408787.0,sample,2026-09-24 19:05:19.247270+00:00
AAPL,2025-01-05 08:30:00+00:00,149.87390641263087,151.15216252494355,148.7048729857444,150.2780703224171,150.2780703224171,16197285.0,sample,2026-09-24 19:05:19.247270+00:00
AAPL,2025-01-05 08:35:00+00:00,150.5360958607759,151.1105627611447,148.47799006868132,150.2204190896209,150.2204190896209,3303576.0,sample,2026-09-24 19:05:19.247270+00:00
AAPL,2025-01-05 08:40:00+00:00,150.27425754147316,150.62765180252666,149.16537130354575,150.35010203400643,150.35010203400643,3064516.0,sample,2026-09-24 19:05:19.247270+00:00
AAPL,2025-01-05 08:45:00+00:00,150.6923017701644,150.98649319352202,148.72856206445005,150.3714873190036,150.3714873190036,17081989.0,sample,2026-09-24 19:05:19.247270+00:00
AAPL,2025-01-05 08:50:00+00:00,150.40791962352694,151.5670644515125,148.607820874549,150.19863799999507,150.19863799999507,4597810.0,sample,2026-09-24 19:05:19.247270+00:00
AAPL,2025-01-05 08:55:00+00:00,150.47749400299895,151.66254333465508,149.87605414986714,150.80164195283595,150.80164195283595,6010516.0,sample,2026-09-24 19:05:19.247270+00:00
AAPL,2025-01-05 09:00:00+00:00,151.0683174636596,151.5475588691853,150.54431653195581,150.77775257950486,150.77775257950486,15203167.0,sample,2026-09-24 19:05:19.247270+00:00
AAPL,2025-01-05 09:05:00+00:00,150.82425592577783,151.14047522442604,150.02678678879238,150.29843084825282,150.29843084825282,1742524.0,sample,2026-09-24 19:05:19.247270+00:00
AAPL,2025-01-05 09:10:00+00:00,150.66627233980603,151.48503961460688,149.28505592433973,150.62399579908111,150.62399579908111,13272286.0,sample,2026-09-24 19:05:19.247270+00:00
AAPL,2025-01-05 09:15:00+00:00,150.85617272457074,152.25967147015206,150.05835897885993,150.85757397494356,150.85757397494356,5270034.0,sample,2026-09-24 19:05:19.247270+00:00
AAPL,2025-01-05 09:20:00+00:00,150.89672539822735,152.22266929033987,149.7168216887983,150.77764799908016,150.77764799908016,8362381.0,sample,2026-09-24 19:05:19.247270+00:00
AAPL,2025-01-05 09:25:00+00:00,150.609700687906,151.34465024320355,149.607011157028,150.91136966256443,150.91136966256443,15951282.0,sample,2026-09-24 19:05:19.247270+00:00
AAPL,2025-01-05 09:30:00+00:00,150.97749213835698,151.2831933317784,149.85088402360702,150.16357298024826,150.16357298024826,5864376.0,sample,2026-09-24 19:05:19.247270+00:00
AAPL,2025-01-05 09:35:00+00:00,150.34734347683838,151.164609603067,149.87655026408888,150.8659574871386,150.8659574871386,14298531.0,sample,2026-09-24 19:05:19.247270+00:00
AAPL,2025-01-05 09:40:00+00:00,150.4985685577607,152.35170026170164,148.93053605809533,151.4557447973507,151.4557447973507,10792397.0,sample,2026-09-24 19:05:19.247270+00:00
AAPL,2025-01-05 09:45:00+00:00,151.19007619720526,152.75260033562157,149.37765882233063,151.57717341712598,151.57717341712598,7557460.0,sample,2026-09-24 19:05:19.247270+00:00
AAPL,2025-01-05 09:50:00+00:00,151.63699061774068,153.05782005016547,150.81082788335547,152.01952954324977,152.01952954324977,11768313.0,sample,2026-09-24 19:05:19.247270+00:00
AAPL,2025-01-05 09:55:00+00:00,151.81359759797485,155.1970177085399,151.5469793921646,153.48619500533417,153.48619500533417,12514251.0,sample,2026-09-24 19:05:19.247270+00:00
AAPL,2025-01-05 10:00:00+00:00,153.81766278722722,155.45612691393276,152.25923583487233,152.6765064527685,152.6765064527685,7956112.0,sample,2026-09-24 19:05:19.247270+00:00
AAPL,2025-01-05 10:05:00+00:00,153.08055570749966,153.5151579574597,152.06898644774225,152.64675566185463,152.64675566185463,4335847.0,sample,2026-09-24 19:05:19.247270+00:00
AAPL,2025-01-05 10:10:00+00:00,152.64817915272047,153.16006379419161,151.59807973290685,152.68802560392967,152.68802560392967,5225492.0,sample,2026-09-24 19:05:19.247270+00:00
AAPL,2025-01-05 10:15:00+00:00,152.60048382603478,153.0263897436894,150.6161706659977,152.4127032354193,152.4127032354193,13665852.0,sample,2026-09-24 19:05:19.247270+00:00
AAPL,2025-01-05 10:20:00+00:00,151.94841225108615,152.7472803957131,150.786715489335,151.1487247718101,151.1487247718101,3992211.0,sample,2026-09-24 19:05:19.247270+00:00
AAPL,2025-01-05 10:25:00+00:00,150.7701151469964,153.12680294442671,150.46641503973734,151.66090328257573,151.66090328257573,12769922.0,sample,2026-09-24 19:05:19.247270+00:00
AAPL,2025-01-05 10:30:00+00:00,151.92211994450696,153.5945460188987,149.64216308559355,150.9111423736079,150.9111423736079,15555997.0,sample,2026-09-24 19:05:19.247270+00:00
AAPL,2025-01-05 10:35:00+00:00,151.04755276877881,152.5727636329529,149.89727603211927,150.45507845306753,150.45507845306753,5566512.0,sample,2026-09-24 19:05:19.247270+00:00
AAPL,2025-01-05 10:40:00+00:00,150.99170629407678,151.52652949406163,148.79390201625134,150.00987938019358,150.00987938019358,7846749.0,sample,2026-09-24 19:05:19.247270+00:00
AAPL,2025-01-05 10:45:00+00:00,150.07007379739375,152.43990365620357,149.06055311827126,150.86760324874095,150.86760324874095,4922616.0,sample,2026-09-24 19:05:19.247270+00:00
AAPL,2025-01-05 10:50:00+00:00,151.18111890130038,151.739713956398,150.08648786677279,150.42641185685213,150.42641185685213,7205572.0,sample,2026-09-24 19:05:19.247270+00:00
AAPL,2025-01-05 10:55:00+00:00,150.7673024478546,150.97452217017977,150.24760147699524,150.7290604076721,150.7290604076721,17754969.0,sample,2026-09-24 19:05:19.247270+00:00
AAPL,2025-01-05 11:00:00+00:00,150.74951398506053,151.0578208631106,148.95744118617378,149.911136125839,149.911136125839,8532328.0,sample,2026-09-24 19:05:19.247270+00:00
AAPL,2025-01-05 11:05:00+00:00,150.30948820518347,151.1421300087274,148.27399019736083,149.91526323754061,149.91526323754061,4598175.0,sample,2026-09-24 19:05:19.247270+00:00
AAPL,2025-01-05 11:10:00+00:00,149.2319388329501,149.73121675164427,147.69329185836435,149.2743333699263,149.2743333699263,12473685.0,sample,2026-09-24 19:05:19.247270+00:00
AAPL,2025-01-05 11:15:00+00:00,148.55899201022117,149.19074507281576,147.89460863126112,148.36503630572471,148.36503630572471,12672587.0,sample,2026-09-24 19:05:19.247270+00:00
AAPL,2025-01-05 11:20:00+00:00,148.80655743303066,150.02762704723594,148.14168646156477,148.3620402116056,148.3620402116056,2753413.0,sample,2026-09-24 19:05:19.247270+00:00
AAPL,2025-01-05 11:25:00+00:00,148.05006072360464,148.87577896255678,146.36635802618673,148.43115607764136,148.43115607764136,15113565.0,sample,2026-09-24 19:05:19.247270+00:00
AAPL,2025-01-05 11:30:00+00:00,148.91433863801137,150.7489013723666,147.3656010423453,149.40610726678423,149.40610726678423,1658649.0,sample,2026-09-24 19:05:19.247270+00:00
AAPL,2025-01-05 11:35:00+00:00,149.88717772749203,150.6753825667176,148.00970952524824,149.42896205606124,149.42896205606124,9723127.0,sample,2026-09-24 19:05:19.247270+00:00
AAPL,2025-01-05 11:40:00+00:00,149.30657148530972,150.02459942277957,147.67581693844417,148.91186161521702,148.91186161521702,1714029.0,sample,2026-09-24 19:05:19.247270+00:00
AAPL,2025-01-05 11:45:00+00:00,148.47009708981182,149.4480030295089,147.31235468958363,148.24709273057047,148.24709273057047,2426689.0,sample,2026-09-24 19:05:19.247270+00:00
AAPL,2025-01-05 11:50:00+00:00,148.32343997617147,150.29145000727047,147.8546241169772,149.42932386671637,149.42932386671637,14166601.0,sample,2026-09-24 19:05:19.247270+00:00
AAPL,2025-01-05 11:55:00+00:00,149.86225819592372,150.69950657354798,148.7065616416616,149.00085305904807,149.00085305904807,13659315.0,sample,2026-09-24 19:05:19.247270+00:00
AAPL,2025-01-05 12:00:00+00:00,148.94422369313827,150.5376287438169,147.36820623614898,149.13413542540383,149.13413542540383,3614949.0,sample,2026-09-24 19:05:19.247270+00:00
AAPL,2025-01-05 12:05:00+00:00,149.70975041906496,150.08286309320079,149.12194076660825,149.56743991070834,149.56743991070834,13093951.0,sample,2026-09-24 19:05:19.247270+00:00
AAPL,2025-01-05 12:10:00+00:00,149.5793146975118,149.76327849074028,148.06262741719254,149.32258479245297,149.32258479245297,10928997.0,sample,2026-09-24 19:05:19.247270+00:00
AAPL,2025-01-05 12:15:00+00:00,149.37396278045296,149.67388938204482,147.61691539010982,148.86430189426446,148.86430189426446,2162079.0,sample,2026-09-24 19:05:19.247270+00:00
AAPL,2025-01-05 12:20:00+00:00,148.61666017560646,148.83632588004943,146.51801652486773,147.81363760180636,147.81363760180636,15935133.0,sample,2026-09-24 19:05:19.247270+00:00
AAPL,2025-01-05 12:25:00+00:00,147.4917012612565,148.63441281976145,145.98212222135155,147.81974270200718,147.81974270200718,5802947.0,sample,2026-09-24 19:05:19.247270+00:00
AAPL,2025-01-05 12:30:00+00:00,147.68084321456857,150.17771333955028,146.90933557279428,149.06991233292382,149.06991233292382,16480130.0,sample,2026-09-24 19:05:19.247270+00:00
AAPL,2025-01-05 12:35:00+00:00,149.06489894927608,149.35629717154893,147.20918909929225,148.72704608109103,148.72704608109103,10892483.0,sample,2026-09-24 19:05:19.247270+00:00
AAPL,2025-01-05 12:40:00+00:00,148.907935986527,150.18525861594614,148.28426576323014,149.32666978355851,149.32666978355851,9108647.0,sample,2026-09-24 19:05:19.247270+00:00
AAPL,2025-01-05 12:45:00+00:00,148.8175360545061,149.52912171910222,148.23034196382147,148.8593865629201,148.8593865629201,3390112.0,sample,2026-09-24 19:05:19.247270+00:00
AAPL,2025-01-05 12:50:00+00:00,149.40524324521004,150.620152983188,148.2243732745253,149.35607794631818,149.35607794631818,7064963.0,sample,2026-09-24 19:05:19.247270+00:00
AAPL,2025-01-05 12:55:00+00:00,149.2330798040182,150.0328229129112,148.9487942008755,149.21865649627267,149.21865649627267,17376771.0,sample,2026-09-24 19:05:19.247270+00:00
AAPL,2025-01-05 13:00:00+00:00,149.1470378033536,150.5416169970977,147.83794847726654,150.218593513635,150.218593513635,8888006.0,sample,2026-09-24 19:05:19.247270+00:00
AAPL,2025-01-05 13:05:00+00:00,150.42079314617433,152.14513529285443,149.98555340531007,150.8093403195658,150.8093403195658,9086037.0,sample,2026-09-24 19:05:19.247270+00:00
AAPL,2025-01-05 13:10:00+00:00,150.3521968151943,152.00628642312333,149.28113224226985,150.63079507899883,150.63079507899883,14936691.0,sample,2026-09-24 19:05:19.247270+00:00
AAPL,2025-01-05 13:15:00+00:00,150.55305960337034,153.8747919109499,149.0457587401784,152.2878226643552,152.2878226643552,13705853.0,sample,2026-09-24 19:05:19.247270+00:00
AAPL,2025-01-05 13:20:00+00:00,152.33106009668114,152.9881536699442,150.06706045544726,151.88628439450585,151.88628439450585,2281056.0,sample,2026-09-24 19:05:19.247270+00:00
AAPL,2025-01-05 13:25:00+00:00,151.55316886891458,151.86027850595778,148.89331392451868,150.69214138701184,150.69214138701184,8143745.0,sample,2026-09-24 19:05:19.247270+00:00
AAPL,2025-01-05 13:30:00+00:00,151.31795394683294,152.7247184791424,150.18920912932845,150.65363519871912,150.65363519871912,1926637.0,sample,2026-09-24 19:05:19.247270+00:00
AAPL,2025-01-05 13:35:00+00:00,150.46986374639155,151.3339427856815,149.2816333868291,150.03316172573685,150.03316172573685,6259734.0,sample,2026-09-24 19:05:19.247270+00:00
AAPL,2025-01-05 13:40:00+00:00,149.84997808203892,151.0104109069478,148.8005176708109,150.17299646569603,150.17299646569603,15562654.0,sample,2026-09-24 19:05:19.247270+00:00
AAPL,2025-01-05 13:45:00+00:00,150.22835703914362,150.95465186319421,148.46096287648427,149.79988701113723,149.79988701113723,17303233.0,sample,2026-09-24 19:05:19.247270+00:00
AAPL,2025-01-05 13:50:00+00:00,149.8952571441684,151.56409416053953,149.10291822137236,149.6725878659556,149.6725878659556,2359503.0,sample,2026-09-24 19:05:19.247270+00:00
AAPL,2025-01-05 13:55:00+00:00,149.51673141238663,150.67710877431048,148.88536112004672,149.63015390238283,149.63015390238283,3938707.0,sample,2026-09-24 19:05:19.247270+00:00
AAPL,2025-01-05 14:00:00+00:00,149.81765689881132,151.1980627906017,149.12140382947345,149.51420576159896,149.51420576159896,13889258.0,sample,2026-09-24 19:05:19.247270+00:00
AAPL,2025-01-05 14:05:00+00:00,149.53453118455118,151.145086195235,148.26948193931543,149.0066223184177,149.0066223184177,8878193.0,sample,2026-09-24 19:05:19.247270+00:00
AAPL,2025-01-05 14:10:00+00:00,149.0018394520101,150.6097592145099,148.7107372696223,149.02443692511648,149.02443692511648,12460253.0,sample,2026-09-24 19:05:19.247270+00:00
AAPL,2025-01-05 14:15:00+00:00,149.19797526805783,151.02660158284652,147.81366861689293,149.32234736648996,149.32234736648996,16685932.0,sample,2026-09-24 19:05:19.247270+00:00
AAPL,2025-01-05 14:20:00+00:00,149.59360157676753,151.04050198288857,147.34178852828208,149.06283792057638,149.06283792057638,1961475.0,sample,2026-09-24 19:05:19.247270+00:00
AAPL,2025-01-05 14:25:00+00:00,148.74103804746105,149.087197124588,147.1899724746951,148.77835813656102,148.77835813656102,7454962.0,sample,2026-09-24 19:05:19.247270+00:00
AAPL,2025-01-05 14:30:00+00:00,149.02830624205143,149.41488768194407,147.5015361456903,148.9647120692154,148.9647120692154,10532535.0,sample,2026-09-24 19:05:19.247270+00:00
AAPL,2025-01-05 14:35:00+00:00,149.43152829239585,150.2194139383469,147.02897959910226,148.1456490617844,148.1456490617844,13414508.0,sample,2026-09-24 19:05:19.247270+00:00
AAPL,2025-01-05 14:40:00+00:00,148.7517743154912,149.6922889394713,146.43295532894464,147.7565590538458,147.7565590538458,17086216.0,sample,2026-09-24 19:05:19.247270+00:00
AAPL,2025-01-05 14:45:00+00:00,147.9749545826532,149.3996582218604,146.9253586451978,148.17286182557126,148.17286182557126,16927398.0,sample,2026-09-24 19:05:19.247270+00:00
AAPL,2025-01-05 14:50:00+00:00,147.65908397975818,149.3983471954044,146.45929375700322,148.0518122353729,148.0518122353729,3638043.0,sample,2026-09-24 19:05:19.247270+00:00
AAPL,2025-01-05 14:55:00+00:00,147.7351846567624,148.2319850057115,146.8344451519555,147.92388478807644,147.92388478807644,17565906.0,sample,2026-09-24 19:05:19.247270+00:00
AAPL,2025-01-05 15:00:00+00:00,148.04867394626922,149.79741188784783,146.31980257830838,149.5619726831996,149.5619726831996,7664090.0,sample,2026-09-24 19:05:19.247270+00:00
AAPL,2025-01-05 15:05:00+00:00,149.3696346865724,151.05234505002934,148.70540497570707,149.61239791094826,149.61239791094826,3405062.0,sample,2026-09-24 19:05:19.247270+00:00
AAPL,2025-01-05 15:10:00+00:00,149.5974079489886,151.24589049332332,149.21758373832674,149.46465541705135,149.46465541705135,3212824.0,sample,2026-09-24 19:05:19.247270+00:00
AAPL,2025-01-05 15:15:00+00:00,149.29109011267056,149.9194998011933,148.50297159349404,149.00368471693594,149.00368471693594,7720103.0,sample,2026-09-24 19:05:19.247270+00:00
AAPL,2025-01-05 15:20:00+00:00,149.15915645687136,150.08210980935095,148.43965964346773,149.04097686511813,149.04097686511813,2303478.0,sample,2026-09-24 19:05:19.247270+00:00
AAPL,2025-01-05 15:25:00+00:00,149.33030519693258,150.96522308699127,146.07916388162792,147.22588284718026,147.22588284718026,5794238.0,sample,2026-09-24 19:05:19.247270+00:00
AAPL,2025-01-05 15:30:00+00:00,147.3156574618787,148.181678440459,145.07160466670217,146.06107925817528,146.06107925817528,9995989.0,sample,2026-09-24 19:05:19.247270+00:00
AAPL,2025-01-05 15:35:00+00:00,146.2872592849524,146.73090438122512,145.58156348783507,146.52084938266722,146.52084938266722,4963869.0,sample,2026-09-24 19:05:19.247270+00:00
AAPL,2025-01-05 15:40:00+00:00,146.45900935566442,147.58649036616032,146.18585316167503,146.55671724215003,146.55671724215003,7175588.0,sample,2026-09-24 19:05:19.247270+00:00
AAPL,2025-01-05 15:45:00+00:00,146.79158901051306,148.8050924910037,145.2840163410886,147.2397035326532,147.2397035326532,4817232.0,sample,2026-09-24 19:05:19.247270+00:00
AAPL,2025-01-05 15:50:00+00:00,146.89106949671952,147.42664114202955,145.3334813901362,146.94255422783326,146.94255422783326,16697495.0,sample,2026-09-24 19:05:19.247270+00:00
AAPL,2025-01-05 15:55:00+00:00,146.65477559571806,148.75633522375423,145.974539032431,147.53157533706352,147.53157533706352,9811207.0,sample,2026-09-24 19:05:19.247270+00:00
AAPL,2025-01-05 16:00:00+00:00,147.5965568462967,149.14759942856855,146.7937022190449,147.68535076027229,147.68535076027229,13819507.0,sample,2026-09-24 19:05:19.247270+00:00
AAPL,2025-01-05 16:05:00+00:00,148.01958782497155,150.13155252335744,147.00007085752324,149.1982607870386,149.1982607870386,7960869.0,sample,2026-09-24 19:05:19.247270+00:00
AAPL,2025-01-05 16:10:00+00:00,149.12195829002476,149.99621104816828,146.5779908406206,148.01494065043363,148.01494065043363,10760853.0,sample,2026-09-24 19:05:19.247270+00:00
AAPL,2025-01-05 16:15:00+00:00,148.07624142375906,148.9508099755322,146.4003824243417,148.41055700024486,148.41055700024486,2447359.0,sample,2026-09-24 19:05:19.247270+00:00
AAPL,2025-01-05 16:20:00+00:00,148.37453396088256,149.69601479712802,147.78110516690006,148.67993722560013,148.67993722560013,6898557.0,sample,2026-09-24 19:05:19.247270+00:00
AAPL,2025-01-05 16:25:00+00:00,148.72760601767746,150.2643760539409,146.96707435691826,147.96310895239347,147.96310895239347,12551447.0,sample,2026-09-24 19:05:19.247270+00:00
AAPL,2025-01-05 16:30:00+00:00,147.9454625102902,148.70690376718616,146.75670151557486,148.49953159426926,148.49953159426926,14983730.0,sample,2026-09-24 19:05:19.247270+00:00
AAPL,2025-01-05 16:35:00+00:00,148.58008976465774,150.61768228968302,146.7994513691619,149.23686939844407,149.23686939844407,16688211.0,sample,2026-09-24 19:05:19.247270+00:00
AAPL,2025-01-05 16:40:00+00:00,148.9041852752597,150.583936076353,148.5292977567312,149.63178460994044,149.63178460994044,11650012.0,sample,2026-09-24 19:05:19.247270+00:00
AAPL,2025-01-05 16:45:00+00:00,150.0710521628702,150.76385581993466,148.97053944345188,150.29475867381043,150.29475867381043,13461977.0,sample,2026-09-24 19:05:19.247270+00:00
AAPL,2025-01-05 16:50:00+00:00,149.97695744449427,151.48092491555823,148.47796031927945,150.09526066117323,150.09526066117323,10080435.0,sample,2026-09-24 19:05:19.247270+00:00
AAPL,2025-01-05 16:55:00+00:00,150.1335096753037,151.7789476940482,149.61118259479835,151.140827036972,151.140827036972,13310966.0,sample,2026-09-24 19:05:19.247270+00:00
AAPL,2025-01-05 17:00:00+00:00,150.91419586852265,151.83098229134742,149.89961774409855,150.7044577889344,150.7044577889344,17637502.0,sample,2026-09-24 19:05:19.247270+00:00
AAPL,2025-01-05 17:05:00+00:00,151.16116913223115,151.6105784933312,149.89079799681468,150.68524920592807,150.68524920592807,12823448.0,sample,2026-09-24 19:05:19.247270+00:00
AAPL,2025-01-05 17:10:00+00:00,150.37760327290556,151.9153153751646,148.9488622677759,150.3226544127412,150.3226544127412,7365786.0,sample,2026-09-24 19:05:19.247270+00:00
AAPL,2025-01-05 17:15:00+00:00,150.1360558423422,151.29214768403043,149.69836894875743,150.03917386521235,150.03917386521235,6478475.0,sample,2026-09-24 19:05:19.247270+00:00
AAPL,2025-01-05 17:20:00+00:00,149.50870144730652,150.77128343610457,148.0723729007206,149.83003369299286,149.83003369299286,2574318.0,sample,2026-09-24 19:05:19.247270+00:00
AAPL,2025-01-05 17:25:00+00:00,149.66807758336142,151.0293362009546,148.59109871600737,149.26500282128575,149.26500282128575,10584158.0,sample,2026-09-24 19:05:19.247270+00:00
AAPL,2025-01-05 17:30:00+00:00,149.4754115726141,150.13305250436795,148.4213718403864,149.05137663597264,149.05137663597264,13173332.0,sample,2026-09-24 19:05:19.247270+00:00
AAPL,2025-01-05 17:35:00+00:00,149.2182639102611,149.47302422439222,148.54658565935134,149.14281688117816,149.14281688117816,7633735.0,sample,2026-09-24 19:05:19.247270+00:00
AAPL,2025-01-05 17:40:00+00:00,149.06837093867466,150.67308406747648,147.7462210522093,148.83803883384758,148.83803883384758,17874201.0,sample,2026-09-24 19:05:19.247270+00:00
AAPL,2025-01-05 17:45:00+00:00,149.04342395905917,149.65464384973853,148.86704098443502,149.36309131377084,149.36309131377084,6961715.0,sample,2026-09-24 19:05:19.247270+00:00
AAPL,2025-01-05 17:50:00+00:00,149.56049510034376,150.9617828775431,147.90457527305617,148.90781280484006,148.90781280484006,9639617.0,sample,2026-09-24 19:05:19.247270+00:00
AAPL,2025-01-05 17:55:00+00:00,149.04034308444025,149.7744203101836,147.50683260175165,148.4301125740236,148.4301125740236,12520558.0,sample,2026-09-24 19:05:19.247270+00:00
AAPL,2025-01-05 18:00:00+00:00,149.2098442798608,149.44992134515982,147.57716430409297,148.63449043261298,148.63449043261298,4144930.0,sample,2026-09-24 19:05:19.247270+00:00
AAPL,2025-01-05 18:05:00+00:00,148.61091876180896,149.20792486562829,147.5979290104972,148.9134693781151,148.9134693781151,2293201.0,sample,2026-09-24 19:05:19.247270+00:00
AAPL,2025-01-05 18:10:00+00:00,148.85865872473013,150.071590565817,146.5961762582386,147.89904268350955,147.89904268350955,17089093.0,sample,2026-09-24 19:05:19.247270+00:00
AAPL,2025-01-05 18:15:00+00:00,147.71199146765935,148.3974094183033,145.87402281522535,147.28394790997464,147.28394790997464,9073764.0,sample,2026-09-24 19:05:19.247270+00:00
AAPL,2025-01-05 18:20:00+00:00,147.66561818601906,148.31817148721873,146.37011631800965,147.58609641205274,147.58609641205274,15561580.0,sample,2026-09-24 19:05:19.247270+00:00
AAPL,2025-01-05 18:25:00+00:00,147.08059523924564,148.69135577241627,146.58995443364591,146.92002866462275,146.92002866462275,6769895.0,sample,2026-09-24 19:05:19.247270+00:00
AAPL,2025-01-05 18:30:00+00:00,146.90086688927985,148.04720701943955,145.97229401651816,146.52919890931082,146.52919890931082,13298684.0,sample,2026-09-24 19:05:19.247270+00:00
AAPL,2025-01-05 18:35:00+00:00,146.56015768469317,146.9859288322444,145.01156688924058,145.19545364373408,145.19545364373408,16362681.0,sample,2026-09-24 19:05:19.247270+00:00
AAPL,2025-01-05 18:40:00+00:00,144.75890804387382,146.53201295986742,143.43274573651416,145.78055292427428,145.78055292427428,15753302.0,sample,2026-09-24 19:05:19.247270+00:00
AAPL,2025-01-05 18:45:00+00:00,145.78814731010303,147.16089719897244,144.14712449186695,144.9189949672138,144.9189949672138,6675678.0,sample,2026-09-24 19:05:19.247270+00:00
AAPL,2025-01-05 18:50:00+00:00,144.10963362502417,146.28148958864685,143.30536045667967,145.11637012162913,145.11637012162913,11170022.0,sample,2026-09-24 19:05:19.247270+00:00
AAPL,2025-01-05 18:55:00+00:00,145.041467147163,146.7976950242301,144.56061807219308,146.03464687435655,146.03464687435655,5118481.0,sample,2026-09-24 19:05:19.247270+00:00
AAPL,2025-01-05 19:00:00+00:00,145.78952126158643,146.77474301624432,144.61140048329915,146.03269516851242,146.03269516851242,7257847.0,sample,2026-09-24 19:05:19.247270+00:00
AAPL,2025-01-05 19:05:00+00:00,146.22749024515892,147.68981161277716,145.86369117119906,146.82029631598226,146.82029631598226,1629555.0,sample,2026-09-24 19:05:19.247270+00:00
AAPL,2025-01-05 19:10:00+00:00,146.74280091820242,147.82147016072153,145.48735528509246,146.7257210367707,146.7257210367707,9701593.0,sample,2026-09-24 19:05:19.247270+00:00
AAPL,2025-01-05 19:15:00+00:00,146.81871159653576,147.26035683630434,144.87134933770264,146.0802978324498,146.0802978324498,8856480.0,sample,2026-09-24 19:05:19.247270+00:00
AAPL,2025-01-05 19:20:00+00:00,146.1628083238713,147.9148648885556,145.1217779024309,145.44795826930485,145.44795826930485,4874190.0,sample,2026-09-24 19:05:19.247270+00:00
AAPL,2025-01-05 19:25:00+00:00,146.14006051513948,147.07402111662051,144.1394425700089,145.28079395281105,145.28079395281105,9818506.0,sample,2026-09-24 19:05:19.247270+00:00
AAPL,2025-01-05 19:30:00+00:00,145.21027364353637,147.43231518080322,143.90795035637134,146.23091336634073,146.23091336634073,2479372.0,sample,2026-09-24 19:05:19.247270+00:00
AAPL,2025-01-05 19:35:00+00:00,146.26365481430742,148.1626997518771,145.3244343665239,147.27344207243334,147.27344207243334,11437955.0,sample,2026-09-24 19:05:19.247270+00:00
AAPL,2025-01-05 19:40:00+00:00,147.1636046533566,148.2625293914255,146.41150136149068,147.43400052350114,147.43400052350114,12977276.0,sample,2026-09-24 19:05:19.247270+00:00
AAPL,2025-01-05 19:45:00+00:00,147.52314842793163,148.17123097467083,146.35718057084927,148.01835612023865,148.01835612023865,15340561.0,sample,2026-09-24 19:05:19.247270+00:00
AAPL,2025-01-05 19:50:00+00:00,148.33850384775954,150.04971658492767,146.8777855270869,148.47430089718878,148.47430089718878,13863657.0,sample,2026-09-24 19:05:19.247270+00:00
AAPL,2025-01-05 19:55:00+00:00,148.54755164632385,149.5035537941506,145.7599414161638,147.4890759518571,147.4890759518571,3047732.0,sample,2026-09-24 19:05:19.247270+00:00
AAPL,2025-01-05 20:00:00+00:00,147.55660508311186,148.94643957906337,146.57565570727465,148.02177647382254,148.02177647382254,10024324.0,sample,2026-09-24 19:05:19.247270+00:00
AAPL,2025-01-05 20:05:00+00:00,148.29545873303607,149.97063609934352,146.51303849995878,147.49547709475976,147.49547709475976,12331768.0,sample,2026-09-24 19:05:19.247270+00:00
AAPL,2025-01-05 20:10:00+00:00,147.70890294569637,148.59471005034604,146.55348158917624,147.0669632216737,147.0669632216737,13863616.0,sample,2026-09-24 19:05:19.247270+00:00
AAPL,2025-01-05 20:15:00+00:00,146.69347683727725,148.22601842133108,145.25996520286026,147.1967921316512,147.1967921316512,14314732.0,sample,2026-09-24 19:05:19.247270+00:00
AAPL,2025-01-05 20:20:00+00:00,146.91881999970465,149.35860081437633,145.7848742280916,149.18780678459748,149.18780678459748,17581589.0,sample,2026-09-24 19:05:19.247270+00:00
AAPL,2025-01-05 20:25:00+00:00,149.23611685842403,150.0223980020395,148.65094057193687,149.08477161378264,149.08477161378264,7750468.0,sample,2026-09-24 19:05:19.247270+00:00
AAPL,2025-01-05 20:30:00+00:00,149.36012845592694,150.03754045568016,148.24181626364128,149.59745589764898,149.59745589764898,12522240.0,sample,2026-09-24 19:05:19.247270+00:00
AAPL,2025-01-05 20:35:00+00:00,149.49927912630352,151.17984899472532,147.53670845687392,148.83572757155903,148.83572757155903,7561876.0,sample,2026-09-24 19:05:19.247270+00:00
AAPL,2025-01-05 20:40:00+00:00,148.57122314597916,150.46138762621663,147.2643418983117,149.29729319647495,149.29729319647495,12552087.0,sample,2026-09-24 19:05:19.247270+00:00
AAPL,2025-01-05 20:45:00+00:00,148.96574691266534,150.51037364070612,147.4940285787802,149.3620691744,149.3620691744,3019188.0,sample,2026-09-24 19:05:19.247270+00:00
AAPL,2025-01-05 20:50:00+00:00,149.0388939044397,150.87229986859307,147.78942147078556,149.42866725080017,149.42866725080017,5839336.0,sample,2026-09-24 19:05:19.247270+00:00
AAPL,2025-01-05 20:55:00+00:00,149.4798115499371,151.17971564188613,147.43258951796824,148.77748983116012,148.77748983116012,13728843.0,sample,2026-09-24 19:05:19.247270+00:00
AAPL,2025-01-05 21:00:00+00:00,148.98966596002597,149.72930523411074,148.3690714507375,148.56221227647973,148.56221227647973,2978989.0,sample,2026-09-24 19:05:19.247270+00:00
AAPL,2025-01-05 21:05:00+00:00,149.091517364028,150.75620099529203,147.12326433050953,147.77792199563655,147.77792199563655,3712789.0,sample,2026-09-24 19:05:19.247270+00:00
AAPL,2025-01-05 21:10:00+00:00,147.59052840574293,148.58993636828072,145.9802571884995,147.37397168015627,147.37397168015627,12543731.0,sample,2026-09-24 19:05:19.247270+00:00
AAPL,2025-01-05 21:15:00+00:00,147.23397097695184,148.5075464021358,145.85753820642745,147.03076920260193,147.03076920260193,13662853.0,sample,2026-09-24 19:05:19.247270+00:00
AAPL,2025-01-05 21:20:00+00:00,147.13526995923672,147.99375196104666,144.44770946939013,146.2012384607638,146.2012384607638,14771568.0,sample,2026-09-24 19:05:19.247270+00:00
AAPL,2025-01-05 21:25:00+00:00,146.67702154850545,147.217942558943,145.1260910059302,146.3457621948192,146.3457621948192,7419042.0,sample,2026-09-24 19:05:19.247270+00:00
AAPL,2025-01-05 21:30:00+00:00,146.79099336856018,148.024811467397,145.79900203028578,146.95221259621178,146.95221259621178,17941050.0,sample,2026-09-24 19:05:19.247270+00:00
AAPL,2025-01-05 21:35:00+00:00,146.65195794245128,149.0721800292161,145.78446649548243,147.9366856943006,147.9366856943006,12874616.0,sample,2026-09-24 19:05:19.247270+00:00
AAPL,2025-01-05 21:40:00+00:00,147.93358215317937,150.49018540908148,146.43507391458246,149.41516518224617,149.41516518224617,14006773.0,sample,2026-09-24 19:05:19.247270+00:00
AAPL,2025-01-05 21:45:00+00:00,149.75011873459513,150.408490900563,148.7774527670795,149.51541446132214,149.51541446132214,17537552.0,sample,2026-09-24 19:05:19.247270+00:00
AAPL,2025-01-05 21:50:00+00:00,148.76813622613335,149.5934295673716,147.86184344595054,149.01249631607956,149.01249631607956,16030253.0,sample,2026-09-24 19:05:19.247270+00:00
AAPL,2025-01-05 21:55:00+00:00,148.88974462214082,150.30374424754467,148.2508872364592,149.0207949902664,149.0207949902664,9163856.0,sample,2026-09-24 19:05:19.247270+00:00
AAPL,2025-01-05 22:00:00+00:00,148.56156974446205,149.5133853448801,147.99278977365088,148.7211232821677,148.7211232821677,5396035.0,sample,2026-09-24 19:05:19.247270+00:00
AAPL,2025-01-05 22:05:00+00:00,148.22859168331593,149.6559184995895,146.75062558704988,149.2755689246932,149.2755689246932,6811195.0,sample,2026-09-24 19:05:19.247270+00:00
AAPL,2025-01-05 22:10:00+00:00,149.53588458199104,149.98893388103758,148.96766966411764,149.61585720424299,149.61585720424299,11072850.0,sample,2026-09-24 19:05:19.247270+00:00
AAPL,2025-01-05 22:15:00+00:00,150.1436556691724,150.99597114664118,147.8935531250469,149.23782119956851,149.23782119956851,4423597.0,sample,2026-09-24 19:05:19.247270+00:00
AAPL,2025-01-05 22:20:00+00:00,149.37805500079534,149.65293347542237,147.51842832063724,149.27212205996148,149.27212205996148,15169574.0,sample,2026-09-24 19:05:19.247270+00:00
AAPL,2025-01-05 22:25:00+00:00,148.9841352502729,150.13268278993579,147.6378617244671,149.04315524806367,149.04315524806367,15691708.0,sample,2026-09-24 19:05:19.247270+00:00
AAPL,2025-01-05 22:30:00+00:00,149.193284759359,149.4494968064839,146.2857938534572,147.58549919925173,147.58549919925173,13156108.0,sample,2026-09-24 19:05:19.247270+00:00
AAPL,2025-01-05 22:35:00+00:00,147.67756122387127,149.18886095950498,145.95930924441933,147.58828696220894,147.58828696220894,17616882.0,sample,2026-09-24 19:05:19.247270+00:00
AAPL,2025-01-05 22:40:00+00:00,147.43960425328873,148.7157468840005,145.71132460522566,147.52300740554978,147.52300740554978,3865836.0,sample,2026-09-24 19:05:19.247270+00:00
AAPL,2025-01-05 22:45:00+00:00,147.5516940131156,149.47047700839005,146.29723152892237,147.98460815377064,147.98460815377064,13152952.0,sample,2026-09-24 19:05:19.247270+00:00
AAPL,2025-01-05 22:50:00+00:00,148.29508255636316,149.09733767551447,146.38456835859773,147.91587786852406,147.91587786852406,7334388.0,sample,2026-09-24 19:05:19.247270+00:00
AAPL,2025-01-05 22:55:00+00:00,147.55492969726666,147.72731424312857,147.14200276636535,147.52603925418325,147.52603925418325,6599128.0,sample,2026-09-24 19:05:19.247270+00:00
AAPL,2025-01-05 23:00:00+00:00,147.14342637167874,148.44678318441913,146.01264814822315,148.12426932078515,148.12426932078515,12217680.0,sample,2026-09-24 19:05:19.247270+00:00
AAPL,2025-01-05 23:05:00+00:00,148.05703149709612,150.2401594574005,146.4009617992376,148.99703292219968,148.99703292219968,14151548.0,sample,2026-09-24 19:05:19.247270+00:00
AAPL,2025-01-05 23:10:00+00:00,148.4803425408241,148.74696517116786,147.80587342018939,148.0868349560255,148.0868349560255,15924849.0,sample,2026-09-24 19:05:19.247270+00:00
AAPL,2025-01-05 23:15:00+00:00,148.25917527392036,148.70924622068566,147.68362680859633,148.38306459098507,148.38306459098507,4470407.0,sample,2026-09-24 19:05:19.247270+00:00
AAPL,2025-01-05 23:20:00+00:00,148.66859817577324,150.28571360873633,147.1695065653403,148.72447620311166,148.72447620311166,13303802.0,sample,2026-09-24 19:05:19.247270+00:00
AAPL,2025-01-05 23:25:00+00:00,148.55458872009646,149.1004429057654,147.28489027276856,148.3853660653352,148.3853660653352,14827953.0,sample,2026-09-24 19:05:19.247270+00:00
AAPL,2025-01-05 23:30:00+00:00,147.94292211739432,149.13182095653877,146.2564260237521,147.5933679488657,147.5933679488657,4080411.0,sample,2026-09-24 19:05:19.247270+00:00
AAPL,2025-01-05 23:35:00+00:00,147.43199211568236,148.8454744919491,146.49150667872684,147.10890231637913,147.10890231637913,17682648.0,sample,2026-09-24 19:05:19.247270+00:00
AAPL,2025-01-05 23:40:00+00:00,146.97441852246823,147.75770847984614,145.31726078115656,146.32168107179024,146.32168107179024,4358740.0,sample,2026-09-24 19:05:19.247270+00:00
AAPL,2025-01-05 23:45:00+00:00,146.24832702799844,147.7243357328722,145.78392715607234,146.90139305974566,146.90139305974566,3223376.0,sample,2026-09-24 19:05:19.247270+00:00
AAPL,2025-01-05 23:50:00+00:00,147.21281782038167,148.4071547423056,145.59346820885378,146.89943359932906,146.89943359932906,3210945.0,sample,2026-09-24 19:05:19.247270+00:00
AAPL,2025-01-05 23:55:00+00:00,146.49206243823213,148.07423528768473,145.8815770361001,146.52878445429138,146.52878445429138,7489027.0,sample,2026-09-24 19:05:19.247270+00:00
AAPL,2025-01-06 00:00:00+00:00,146.70626104401714,148.0132838303982,145.14280348496743,146.07061901102406,146.07061901102406,10316039.0,sample,2026-09-24 19:05:19.247270+00:00
AAPL,2025-01-06 00:05:00+00:00,145.99704362728468,146.83156257649304,143.5970484274863,145.2690422275849,145.2690422275849,3669277.0,sample,2026-09-24 19:05:19.247270+00:00
AAPL,2025-01-06 00:10:00+00:00,145.38185830573082,145.73853142705292,143.4301402921162,144.83956745079792,144.83956745079792,7874598.0,sample,2026-09-24 19:05:19.247270+00:00
AAPL,2025-01-06 00:15:00+00:00,144.76761960484134,145.77140493290688,143.75207420558172,144.92821841698537,144.92821841698537,12954020.0,sample,2026-09-24 19:05:19.247270+00:00
AAPL,2025-01-06 00:20:00+00:00,144.9152740596997,146.47688339586475,143.1721956575608,144.80772337022307,144.80772337022307,17964962.0,sample,2026-09-24 19:05:19.247270+00:00
AAPL,2025-01-06 00:25:00+00:00,144.45509205519423,145.8492370724238,143.4119608723573,144.6120602504349,144.6120602504349,4788955.0,sample,2026-09-24 19:05:19.247270+00:00
AAPL,2025-01-06 00:30:00+00:00,144.46828584241467,144.99015940454987,143.13040705380334,144.2485639116329,144.2485639116329,13247604.0,sample,2026-09-24 19:05:19.247270+00:00
AAPL,2025-01-06 00:35:00+00:00,144.30318275617788,145.82195556494727,142.88946134156885,144.3514777928636,144.3514777928636,10444717.0,sample,2026-09-24 19:05:19.247270+00:00
AAPL,2025-01-06 00:40:00+00:00,143.95610785798533,146.06763644703352,143.57983486637875,144.38214987992478,144.38214987992478,9751693.0,sample,2026-09-24 19:05:19.247270+00:00
AAPL,2025-01-06 00:45:00+00:00,143.924814525341,146.51924071702862,143.74271751304332,144.85842680700165,144.85842680700165,7694179.0,sample,2026-09-24 19:05:19.247270+00:00
AAPL,2025-01-06 00:50:00+00:00,144.82735462378454,146.29927169733173,144.07663495063673,145.4455388693419,145.4455388693419,4073897.0,sample,2026-09-24 19:05:19.247270+00:00
AAPL,2025-01-06 00:55:00+00:00,145.36238543570354,145.7290991016839,144.259165533342,144.91236917203724,144.91236917203724,16110559.0,sample,2026-09-24 19:05:19.247270+00:00
AAPL,2025-01-06 01:00:00+00:00,145.39735695629392,146.83840075007495,143.60348214519186,144.92254396012018,144.92254396012018,6672218.0,sample,2026-09-24 19:05:19.247270+00:00
AAPL,2025-01-06 01:05:00+00:00,144.78321624366018,145.84589777357004,144.32683456906068,144.94376372428775,144.94376372428775,5756891.0,sample,2026-09-24 19:05:19.247270+00:00
AAPL,2025-01-06 01:10:00+00:00,145.4856465063344,146.48548736813552,143.63796043664036,144.4041962479913,144.4041962479913,3969067.0,sample,2026-09-24 19:05:19.247270+00:00
AAPL,2025-01-06 01:15:00+00:00,144.42692173109506,145.8754374694466,144.2752548151517,144.67073637750232,144.67073637750232,1512935.0,sample,2026-09-24 19:05:19.247270+00:00
AAPL,2025-01-06 01:20:00+00:00,145.05149587165758,145.40920898825726,144.64678381304284,144.93133818232795,144.93133818232795,3512627.0,sample,2026-09-24 19:05:19.247270+00:00
AAPL,2025-01-06 01:25:00+00:00,144.983940876772,147.1183943137003,143.39861835610697,145.71377491465304,145.71377491465304,5054656.0,sample,2026-09-24 19:05:19.247270+00:00
AAPL,2025-01-06 01:30:00+00:00,145.82943550922477,146.31883906104505,143.52422930262503,144.54120096749628,144.54120096749628,9078204.0,sample,2026-09-24 19:05:19.247270+00:00
AAPL,2025-01-06 01:35:00+00:00,144.74889706449162,145.00821298612215,143.90711701321638,144.4369476907379,144.4369476907379,2266421.0,sample,2026-09-24 19:05:19.247270+00:00
AAPL,2025-01-06 01:40:00+00:00,144.44226480222693,146.44925277906304,143.3170200722495,145.39050313566645,145.39050313566645,5499312.0,sample,2026-09-24 19:05:19.247270+00:00
AAPL,2025-01-06 01:45:00+00:00,145.52617244224894,146.23906766013985,144.00747600105785,145.35633718251296,145.35633718251296,17571947.0,sample,2026-09-24 19:05:19.247270+00:00
AAPL,2025-01-06 01:50:00+00:00,145.18853704419564,146.53802656872242,143.93478580976034,144.88083498455427,144.88083498455427,2656032.0,sample,2026-09-24 19:05:19.247270+00:00
AAPL,2025-01-06 01:55:00+00:00,144.3518767303499,146.43939539766538,143.64187528929423,145.5213710654195,145.5213710654195,17836019.0,sample,2026-09-24 19:05:19.247270+00:00
AAPL,2025-01-06 02:00:00+00:00,145.3180276354149,147.09786937383734,144.37536389071624,145.7472582954341,145.7472582954341,13029125.0,sample,2026-09-24 19:05:19.247270+00:00
AAPL,2025-01-06 02:05:00+00:00,145.82781490711193,147.0503268745324,144.61043377337998,146.5456704724257,146.5456704724257,14827561.0,sample,2026-09-24 19:05:19.247270+00:00
AAPL,2025-01-06 02:10:00+00:00,146.43937260700554,147.98304724132035,145.65854498157282,146.66727464680355,146.66727464680355,4007226.0,sample,2026-09-24 19:05:19.247270+00:00
AAPL,2025-01-06 02:15:00+00:00,146.9427331201157,148.6899814889479,145.95844745143413,147.11756367510034,147.11756367510034,17679962.0,sample,2026-09-24 19:05:19.247270+00:00
AAPL,2025-01-06 02:20:00+00:00,147.46545979709097,149.13563656836058,145.76446968859807,147.4749100541442,147.4749100541442,8638520.0,sample,2026-09-24 19:05:19.247270+00:00
AAPL,2025-01-06 02:25:00+00:00,147.39285035586207,148.81880236908577,145.00484098645563,146.5904286700807,146.5904286700807,6814921.0,sample,2026-09-24 19:05:19.247270+00:00
AAPL,2025-01-06 02:30:00+00:00,146.61873264971098,148.7943981677719,145.75437554103775,147.28902651086682,147.28902651086682,17529485.0,sample,2026-09-24 19:05:19.247270+00:00
AAPL,2025-01-06 02:35:00+00:00,146.95295860847267,147.17203557879714,146.06839220382201,146.8230463533213,146.8230463533213,3043484.0,sample,2026-09-24 19:05:19.247270+00:00
AAPL,2025-01-06 02:40:00+00:00,146.78797632099275,147.3721235773014,145.87145433838808,146.60451341326277,146.60451341326277,9625528.0,sample,2026-09-24 19:05:19.247270+00:00
AAPL,2025-01-06 02:45:00+00:00,146.46417606450646,147.91614661433678,144.82277562972067,146.53701619155282,146.53701619155282,13235839.0,sample,2026-09-24 19:05:19.247270+00:00
AAPL,2025-01-06 02:50:00+00:00,147.01884749642093,148.44523753310685,146.28264572295834,146.90267525613714,146.90267525613714,11293539.0,sample,2026-09-24 19:05:19.247270+00:00
AAPL,2025-01-06 02:55:00+00:00,147.1760597574679,147.62578075267731,146.925467076589,147.22799788611178,147.22799788611178,8003732.0,sample,2026-09-24 19:05:19.247270+00:00
AAPL,2025-01-06 03:00:00+00:00,147.4678208044689,148.0616384640172,146.27126742590508,146.4628454707388,146.4628454707388,4506167.0,sample,2026-09-24 19:05:19.247270+00:00
AAPL,2025-01-06 03:05:00+00:00,147.49210527394814,148.2344076247689,146.09727736758612,146.36922915397543,146.36922915397543,14752425.0,sample,2026-09-24 19:05:19.247270+00:00
AAPL,2025-01-06 03:10:00+00:00,146.48924915805196,148.01344594693666,144.47581754664162,146.09673244447148,146.09673244447148,16809943.0,sample,2026-09-24 19:05:19.247270+00:00
AAPL,2025-01-06 03:15:00+00:00,145.7313925901874,146.7753377529841,143.9177042287816,145.66092690881098,145.66092690881098,1520925.0,sample,2026-09-24 19:05:19.247270+00:00
AAPL,2025-01-06 03:20:00+00:00,145.85397793281,146.58432500628254,143.29975467768202,144.9932956531007,144.9932956531007,2102463.0,sample,2026-09-24 19:05:19.247270+00:00
AAPL,2025-01-06 03:25:00+00:00,145.18869354435284,145.69973249878655,143.01154058173708,144.66951007189374,144.66951007189374,17406894.0,sample,2026-09-24 19:05:19.247270+00:00
AAPL,2025-01-06 03:30:00+00:00,144.98986605674045,145.52610978450693,143.6650968578777,144.55056510718111,144.55056510718111,16415902.0,sample,2026-09-24 19:05:19.247270+00:00
AAPL,2025-01-06 03:35:00+00:00,144.6327818305405,146.18338598296327,143.6033746687442,145.29595790779422,145.29595790779422,14439826.0,sample,2026-09-24 19:05:19.247270+00:00
AAPL,2025-01-06 03:40:00+00:00,144.9835655104772,145.4286695238373,143.91448086593843,145.05496034557075,145.05496034557075,10203836.0,sample,2026-09-24 19:05:19.247270+00:00
AAPL,2025-01-06 03:45:00+00:00,145.35634113918675,146.06190123282184,143.59726419580255,144.74951322610323,144.74951322610323,14713321.0,sample,2026-09-24 19:05:19.247270+00:00
AAPL,2025-01-06 03:50:00+00:00,144.8347727390898,145.67683651113725,143.5759812610524,143.91861216466538,143.91861216466538,17527724.0,sample,2026-09-24 19:05:19.247270+00:00
AAPL,2025-01-06 03:55:00+00:00,144.07250185622945,144.9793107565805,142.29947898043534,143.8693828453758,143.8693828453758,9922640.0,sample,2026-09-24 19:05:19.247270+00:00
AAPL,2025-01-06 04:00:00+00:00,144.0087133675047,146.02185504810433,143.26877623500945,144.88228003637107,144.88228003637107,9057590.0,sample,2026-09-24 19:05:19.247270+00:00
AAPL,2025-01-06 04:05:00+00:00,144.72489452039483,145.6068426727154,143.38917928176465,144.28606947212478,144.28606947212478,8586060.0,sample,2026-09-24 19:05:19.247270+00:00
AAPL,2025-01-06 04:10:00+00:00,143.8645553774156,144.41517661817454,143.26219878712342,144.02459217092468,144.02459217092468,3681424.0,sample,2026-09-24 19:05:19.247270+00:00
AAPL,2025-01-06 04:15:00+00:00,143.8134724994154,144.97666352001937,142.28691650049694,142.93747249648888,142.93747249648888,15669595.0,sample,2026-09-24 19:05:19.247270+00:00
AAPL,2025-01-06 04:20:00+00:00,142.64109982109287,144.29390454181947,142.1981030694313,142.44437687381463,142.44437687381463,2632682.0,sample,2026-09-24 19:05:19.247270+00:00
AAPL,2025-01-06 04:25:00+00:00,142.242576283006,143.02779023762216,141.5835285489862,141.8521411359607,141.8521411359607,17390057.0,sample,2026-09-24 19:05:19.247270+00:00
AAPL,2025-01-06 04:30:00+00:00,141.82140144081137,142.8431262675534,140.68490567017662,141.9866885988614,141.9866885988614,13152533.0,sample,2026-09-24 19:05:19.247270+00:00
AAPL,2025-01-06 04:35:00+00:00,142.18702985961622,143.09969163962137,140.57500670302508,142.21331967775154,142.21331967775154,17840759.0,sample,2026-09-24 19:05:19.247270+00:00
AAPL,2025-01-06 04:40:00+00:00,142.2812004069537,143.55694264241072,141.39725983841006,141.97211256263276,141.97211256263276,16963277.0,sample,2026-09-24 19:05:19.247270+00:00
AAPL,2025-01-06 04:45:00+00:00,141.94249675933776,143.49190826573087,140.66270310862515,141.57212204370055,141.57212204370055,12144612.0,sample,2026-09-24 19:05:19.247270+00:00
AAPL,2025-01-06 04:50:00+00:00,141.2612028453692,142.3864479771973,140.16522003574627,141.3945667946638,141.3945667946638,11480508.0,sample,2026-09-24 19:05:19.247270+00:00
AAPL,2025-01-06 04:55:00+00:00,141.46799561119914,142.4695638565999,140.70019144481495,141.52058197607403,141.52058197607403,11655103.0,sample,2026-09-24 19:05:19.247270+00:00
AAPL,2025-01-06 05:00:00+00:00,141.33985781160266,142.35076521513025,139.96783250882814,141.5396250804355,141.5396250804355,3218975.0,sample,2026-09-24 19:05:19.247270+00:00
AAPL,2025-01-06 05:05:00+00:00,141.82631143759727,143.4069189572648,140.25848545460508,140.87656101248612,140.87656101248612,6103312.0,sample,2026-09-24 19:05:19.247270+00:00
AAPL,2025-01-06 05:10:00+00:00,140.77291978386484,142.47691208264519,139.64622017914067,140.92897442029846,140.92897442029846,10844841.0,sample,2026-09-24 19:05:19.247270+00:00
AAPL,2025-01-06 05:15:00+00:00,141.34719441929045,142.18341736554763,140.1730224342984,140.35843108178116,140.35843108178116,8917659.0,sample,2026-09-24 19:05:19.247270+00:00
AAPL,2025-01-06 05:20:00+00:00,140.7387391138444,141.85894813176523,139.06616576286984,140.9584881049619,140.9584881049619,13829485.0,sample,2026-09-24 19:05:19.247270+00:00
AAPL,2025-01-06 05:25:00+00:00,140.86566756691917,141.424725497741,140.53197927730824,140.88845886129286,140.88845886129286,14639837.0,sample,2026-09-24 19:05:19.247270+00:00
AAPL,2025-01-06 05:30:00+00:00,140.63199145792927,141.830966258311,139.30574894594125,141.01728472607883,141.01728472607883,14911035.0,sample,2026-09-24 19:05:19.247270+00:00
AAPL,2025-01-06 05:35:00+00:00,140.69400986170572,142.9671686723277,139.86926952327133,141.3475013563977,141.3475013563977,12140214.0,sample,2026-09-24 19:05:19.247270+00:00
AAPL,2025-01-06 05:40:00+00:00,141.05331989300683,141.60552772103136,138.92481960360533,140.22057772203706,140.22057772203706,12818701.0,sample,2026-09-24 19:05:19.247270+00:00
AAPL,2025-01-06 05:45:00+00:00,140.4174542028539,143.3738877773911,139.48172583172945,141.68669254465487,141.68669254465487,4708682.0,sample,2026-09-24 19:05:19.247270+00:00
AAPL,2025-01-06 05:50:00+00:00,141.677979029034,142.26957004194927,140.15618101516048,141.6497286300281,141.6497286300281,3873464.0,sample,2026-09-24 19:05:19.247270+00:00
AAPL,2025-01-06 05:55:00+00:00,142.01202341664842,142.89462661123238,139.52057188394826,141.1570342180384,141.1570342180384,8863338.0,sample,2026-09-24 19:05:19.247270+00:00
AAPL,2025-01-06 06:00:00+00:00,141.02597558911117,141.79943479515853,140.1540218031614,140.62516124760148,140.62516124760148,17802054.0,sample,2026-09-24 19:05:19.247270+00:00
AAPL,2025-01-06 06:05:00+00:00,140.49662971443172,142.56959477477417,139.42142841643917,141.36596946831307,141.36596946831307,17448887.0,sample,2026-09-24 19:05:19.247270+00:00
AAPL,2025-01-06 06:10:00+00:00,140.8276280308125,143.90203355823473,140.13653015681635,142.2058169326687,142.2058169326687,7478539.0,sample,2026-09-24 19:05:19.247270+00:00
AAPL,2025-01-06 06:15:00+00:00,142.20328651210323,144.73060281374237,141.01980090026584,143.14847073211916,143.14847073211916,8338583.0,sample,2026-09-24 19:05:19.247270+00:00
AAPL,2025-01-06 06:20:00+00:00,142.98566751312072,144.37101173054702,141.65621635697607,143.2144656887773,143.2144656887773,3270643.0,sample,2026-09-24 19:05:19.247270+00:00
AAPL,2025-01-06 06:25:00+00:00,143.12394669264907,144.39122537118732,141.47877350262496,142.93137048155495,142.93137048155495,13008567.0,sample,2026-09-24 19:05:19.247270+00:00
AAPL,2025-01-06 06:30:00+00:00,142.7811851075782,144.95717494866807,141.54521125440164,143.81601398352922,143.81601398352922,17993522.0,sample,2026-09-24 19:05:19.247270+00:00
AAPL,2025-01-06 06:35:00+00:00,143.9499802554568,145.6991740528318,142.77264262254758,144.08870720314604,144.08870720314604,6726446.0,sample,2026-09-24 19:05:19.247270+00:00
AAPL,2025-01-06 06:40:00+00:00,143.9753574981626,144.75161581419158,142.06023033478306,143.68172465503312,143.68172465503312,6273262.0,sample,2026-09-24 19:05:19.247270+00:00
AAPL,2025-01-06 06:45:00+00:00,143.8512213291661,145.3908105970822,141.6814342443664,143.12754793463344,143.12754793463344,11006824.0,sample,2026-09-24 19:05:19.247270+00:00
AAPL,2025-01-06 06:50:00+00:00,142.9453568274486,144.0844523329227,141.3950926559776,143.53598294903094,143.53598294903094,3154378.0,sample,2026-09-24 19:05:19.247270+00:00
AAPL,2025-01-06 06:55:00+00:00,144.0238934395866,145.3783331286792,143.84196025195556,144.08719494528918,144.08719494528918,14332062.0,sample,2026-09-24 19:05:19.247270+00:00
AAPL,2025-01-06 07:00:00+00:00,143.9456447672069,144.94583631438132,142.70445999131238,143.1584813969859,143.1584813969859,15386378.0,sample,2026-09-24 19:05:19.247270+00:00
AAPL,2025-01-06 07:05:00+00:00,143.6645188390119,144.68524672937735,142.5777454294525,143.1540252428643,143.1540252428643,3906975.0,sample,2026-09-24 19:05:19.247270+00:00
AAPL,2025-01-06 07:10:00+00:00,143.40444880862876,143.93621218201525,142.23107263533612,143.72816260976794,143.72816260976794,14866077.0,sample,2026-09-24 19:05:19.247270+00:00
AAPL,2025-01-06 07:15:00+00:00,143.74699347105567,145.4502513501705,142.49376736482301,142.97393021372227,142.97393021372227,13959670.0,sample,2026-09-24 19:05:19.247270+00:00
AAPL,2025-01-06 07:20:00+00:00,143.11547414842656,143.7997505578346,141.80048658272725,143.483196082223,143.483196082223,8171601.0,sample,2026-09-24 19:05:19.247270+00:00
AAPL,2025-01-06 07:25:00+00:00,143.54927224420007,145.0891673574492,142.18024269564654,143.6371358367192,143.6371358367192,4881121.0,sample,2026-09-24 19:05:19.247270+00:00
AAPL,2025-01-06 07:30:00+00:00,143.48373423684586,144.22637985264407,141.82855834987046,143.34941204371466,143.34941204371466,2893796.0,sample,2026-09-24 19:05:19.247270+00:00
AAPL,2025-01-06 07:35:00+00:00,143.67554455423422,145.50610073548174,142.4955666186745,143.9555158146065,143.9555158146065,14082171.0,sample,2026-09-24 19:05:19.247270+00:00
AAPL,2025-01-06 07:40:00+00:00,144.37418715103578,144.70299297014174,143.3106838465349,144.2227054854127,144.2227054854127,11656936.0,sample,2026-09-24 19:05:19.247270+00:00
AAPL,2025-01-06 07:45:00+00:00,144.09613631650527,145.71689886580478,142.36694930774618,143.21474206936819,143.21474206936819,11700056.0,sample,2026-09-24 19:05:19.247270+00:00
AAPL,2025-01-06 07:50:00+00:00,143.2262652990616,143.61204593448446,142.77530385575096,143.13116843538555,143.13116843538555,14568220.0,sample,2026-09-24 19:05:19.247270+00:00
AAPL,2025-01-06 07:55:00+00:00,143.1676592105268,145.25749305675745,142.790854793256,143.67701047317541,143.67701047317541,16744651.0,sample,2026-09-24 19:05:19.247270+00:00
AAPL,2025-01-06 08:00:00+00:00,143.98614329577327,144.22954411832845,141.83674955644835,143.2836047954208,143.2836047954208,5303221.0,sample,2026-09-24 19:05:19.247270+00:00
AAPL,2025-01-06 08:05:00+00:00,143.46730016218567,145.19470419390956,141.77192137692472,143.59033701609133,143.59033701609133,10747912.0,sample,2026-09-24 19:05:19.247270+00:00
AAPL,2025-01-06 08:10:00+00:00,143.6056166034438,144.89895207928137,143.1361974059504,143.77526475245108,143.77526475245108,13184375.0,sample,2026-09-24 19:05:19.247270+00:00
AAPL,2025-01-06 08:15:00+00:00,144.02095859514952,145.2076972783962,141.91229980139306,143.57580227168705,143.57580227168705,12364152.0,sample,2026-09-24 19:05:19.247270+00:00
AAPL,2025-01-06 08:20:00+00:00,144.20041365514828,144.56178548105552,143.69505855624953,143.94750087839824,143.94750087839824,16505732.0,sample,2026-09-24 19:05:19.247270+00:00
AAPL,2025-01-06 08:25:00+00:00,144.53072200603964,144.92007017005082,142.99580870557793,143.90364333462924,143.90364333462924,7121703.0,sample,2026-09-24 19:05:19.247270+00:00
AAPL,2025-01-06 08:30:00+00:00,143.71883338707772,145.34324169275106,142.1398681452379,142.651938802825,142.651938802825,15438906.0,sample,2026-09-24 19:05:19.247270+00:00
AAPL,2025-01-06 08:35:00+00:00,142.40145888421236,142.96831766881067,140.72452743264208,142.03572253033576,142.03572253033576,3322285.0,sample,2026-09-24 19:05:19.247270+00:00
AAPL,2025-01-06 08:40:00+00:00,142.23009134458292,143.86022575562583,140.3005630635544,141.6589408797029,141.6589408797029,2706658.0,sample,2026-09-24 19:05:19.247270+00:00
AAPL,2025-01-06 08:45:00+00:00,141.4118537951032,144.312775037089,141.1710281868628,142.73138172172395,142.73138172172395,6524937.0,sample,2026-09-24 19:05:19.247270+00:00
AAPL,2025-01-06 08:50:00+00:00,142.58827547918207,143.50610596473967,140.92173358995265,142.37031954887615,142.37031954887615,15323989.0,sample,2026-09-24 19:05:19.247270+00:00
AAPL,2025-01-06 08:55:00+00:00,142.49957814924448,143.15421997137548,141.32152323166372,142.8017955391827,142.8017955391827,8029694.0,sample,2026-09-24 19:05:19.247270+00:00
AAPL,2025-01-06 09:00:00+00:00,142.70823191954227,144.8304606621387,142.41217014841044,143.68991992224673,143.68991992224673,5102913.0,sample,2026-09-24 19:05:19.247270+00:00
AAPL,2025-01-06 09:05:00+00:00,143.94628138918154,144.93511698571368,142.0506495641694,143.48384134048388,143.48384134048388,4918901.0,sample,2026-09-24 19:05:19.247270+00:00
AAPL,2025-01-06 09:10:00+00:00,143.4514370344042,144.98492117852373,142.52624855865434,143.5210868711254,143.5210868711254,7022489.0,sample,2026-09-24 19:05:19.247270+00:00
AAPL,2025-01-06 09:15:00+00:00,143.52562065609948,144.91575622867455,141.40846130177945,143.07886577868575,143.07886577868575,7953248.0,sample,2026-09-24 19:05:19.247270+00:00
AAPL,2025-01-06 09:20:00+00:00,142.48566271775965,143.537521972454,140.9180553672719,143.07806366166105,143.07806366166105,5519140.0,sample,2026-09-24 19:05:19.247270+00:00
AAPL,2025-01-06 09:25:00+00:00,143.14536858673083,143.8661960208719,142.71741436398122,142.92179516105833,142.92179516105833,8356858.0,sample,2026-09-24 19:05:19.247270+00:00
AAPL,2025-01-06 09:30:00+00:00,143.08117957009085,143.7041184816163,141.59315786456295,142.4060010489193,142.4060010489193,2397789.0,sample,2026-09-24 19:05:19.247270+00:00
AAPL,2025-01-06 09:35:00+00:00,142.50524762124167,144.02671959778937,142.1098256185175,142.90639463138226,142.90639463138226,17232071.0,sample,2026-09-24 19:05:19.247270+00:00
AAPL,2025-01-06 09:40:00+00:00,142.59795201498906,143.5340145612866,141.39530249056526,142.86804540618743,142.86804540618743,14660557.0,sample,2026-09-24 19:05:19.247270+00:00
AAPL,2025-01-06 09:45:00+00:00,143.1171427641212,144.0715507955227,141.7630558991097,143.41508788670623,143.41508788670623,15063724.0,sample,2026-09-24 19:05:19.247270+00:00
AAPL,2025-01-06 09:50:00+00:00,143.57327746241526,144.1127113734949,142.25053527510892,143.02092615491688,143.02092615491688,17424146.0,sample,2026-09-24 19:05:19.247270+00:00
AAPL,2025-01-06 09:55:00+00:00,143.17928660165603,143.39456072179615,141.42260978007403,142.81181179673894,142.81181179673894,3022024.0,sample,2026-09-24 19:05:19.247270+00:00
AAPL,2025-01-06 10:00:00+00:00,142.66053011320813,144.25278718664174,142.05472111776558,142.53937588449315,142.53937588449315,15319851.0,sample,2026-09-24 19:05:19.247270+00:00
AAPL,2025-01-06 10:05:00+00:00,142.3892126742838,143.08365660973868,141.7770764005838,142.41166550532898,142.41166550532898,13642560.0,sample,2026-09-24 19:05:19.247270+00:00
