symbol,timestamp,open,high,low,close,adj_close,volume,source,ingestion_time
AAPL,2025-01-02 14:30:00+00:00,150.2060592313854,151.382073862345,148.39163975937387,150.1541168231312,150.1541168231312,16004190.0,sample,2026-09-24 19:05:19.244767+00:00
AAPL,2025-01-02 15:30:00+00:00,149.78328852082592,151.076189928023,148.05450279178433,150.56952315584994,150.56952315584994,5811287.0,sample,2026-09-24 19:05:19.244767+00:00
AAPL,2025-01-02 16:30:00+00:00,150.9236130536789,151.37711435279786,148.63490722417066,150.22479534229117,150.22479534229117,13853861.0,sample,2026-09-24 19:05:19.244767+00:00
AAPL,2025-01-02 17:30:00+00:00,150.117198128672,151.1126046789889,148.1562884427458,149.68724968979512,149.68724968979512,13272980.0,sample,2026-09-24 19:05:19.244767+00:00
AAPL,2025-01-02 18:30:00+00:00,150.19216664711172,151.75670978534907,146.7425880325377,148.50680209405053,148.50680209405053,8096395.0,sample,2026-09-24 19:05:19.244767+00:00
AAPL,2025-01-02 19:30:00+00:00,148.906324296794,149.86222463990478,147.89351658434705,149.09255006141717,149.09255006141717,7867766.0,sample,2026-09-24 19:05:19.244767+00:00
AAPL,2025-01-02 20:30:00+00:00,148.8140168731396,150.88112630434296,147.43717930707848,149.10993962064586,149.10993962064586,17916738.0,sample,2026-09-24 19:05:19.244767+00:00
AAPL,2025-01-02 21:30:00+00:00,148.80203973724454,149.62445424891808,148.32286304295818,149.24015829864487,149.24015829864487,16956303.0,sample,2026-09-24 19:05:19.244767+00:00
AAPL,2025-01-02 22:30:00+00:00,148.84165844250046,150.36951111286683,147.78980059069676,148.78055417405068,148.78055417405068,10390808.0,sample,2026-09-24 19:05:19.244767+00:00
AAPL,2025-01-02 23:30:00+00:00,148.4770672044953,149.7487121363674,148.1865490129995,149.51973961334667,149.51973961334667,12303007.0,sample,2026-09-24 19:05:19.244767+00:00
AAPL,2025-01-03 00:30:00+00:00,149.88098405779908,150.37623846857943,149.50709743696117,150.09241794003506,150.09241794003506,8545083.0,sample,2026-09-24 19:05:19.244767+00:00
AAPL,2025-01-03 01:30:00+00:00,150.5747748606974,150.8099785433857,149.6186579645468,150.02679754598879,150.02679754598879,14999091.0,sample,2026-09-24 19:05:19.244767+00:00
AAPL,2025-01-03 02:30:00+00:00,149.84213876101967,150.64418016628696,149.25633706100547,149.7010753273438,149.7010753273438,13632740.0,sample,2026-09-24 19:05:19.244767+00:00
AAPL,2025-01-03 03:30:00+00:00,150.02162853911324,150.92914701167786,147.70790023812913,149.49511385895468,149.49511385895468,15161904.0,sample,2026-09-24 19:05:19.244767+00:00
AAPL,2025-01-03 04:30:00+00:00,149.47366494833864,150.53012015541984,148.6872155619291,149.0257644708901,149.0257644708901,16175770.0,sample,2026-09-24 19:05:19.244767+00:00
AAPL,2025-01-03 05:30:00+00:00,148.9383548224123,149.26688990668313,147.56464695604117,149.04905254911654,149.04905254911654,13958861.0,sample,2026-09-24 19:05:19.244767+00:00
AAPL,2025-01-03 06:30:00+00:00,148.99930777056883,150.48074997905354,147.8321099702795,148.68958231822396,148.68958231822396,17159680.0,sample,2026-09-24 19:05:19.244767+00:00
AAPL,2025-01-03 07:30:00+00:00,148.91984419952138,149.89161484562416,147.40821651111725,149.04569886442707,149.04569886442707,14504378.0,sample,2026-09-24 19:05:19.244767+00:00
AAPL,2025-01-03 08:30:00+00:00,148.43992234139097,150.5081572543563,147.42357085978512,148.83898564881144,148.83898564881144,3984986.0,sample,2026-09-24 19:05:19.244767+00:00
AAPL,2025-01-03 09:30:00+00:00,148.7239333754037,150.4766876236594,147.50579314936178,148.6358359220536,148.6358359220536,5133966.0,sample,2026-09-24 19:05:19.244767+00:00
AAPL,2025-01-03 10:30:00+00:00,148.4474017569261,151.1574827329684,147.0596921630508,149.5600930357818,149.5600930357818,7016129.0,sample,2026-09-24 19:05:19.244767+00:00
AAPL,2025-01-03 11:30:00+00:00,149.80049202125113,150.50235753904724,148.0671648356316,149.13402437314477,149.13402437314477,4719289.0,sample,2026-09-24 19:05:19.244767+00:00
AAPL,2025-01-03 12:30:00+00:00,149.35295846399399,149.6081246340379,146.7336282152243,148.2090430942901,148.2090430942901,15693653.0,sample,2026-09-24 19:05:19.244767+00:00
AAPL,2025-01-03 13:30:00+00:00,148.50610972256487,148.85802475147614,146.65533150636202,148.43372930057015,148.43372930057015,6428090.0,sample,2026-09-24 19:05:19.244767+00:00
AAPL,2025-01-03 14:30:00+00:00,148.62156887313938,150.0052527920635,145.8540417916996,147.21249942385725,147.21249942385725,13885357.0,sample,2026-09-24 19:05:19.244767+00:00
AAPL,2025-01-03 15:30:00+00:00,147.31555141402,148.52597855443742,145.6819583733873,147.3756297258416,147.3756297258416,2011761.0,sample,2026-09-24 19:05:19.244767+00:00
AAPL,2025-01-03 16:30:00+00:00,147.13135641422082,149.57942317552556,146.4036305628636,147.9628919657359,147.9628919657359,13775062.0,sample,2026-09-24 19:05:19.244767+00:00
AAPL,2025-01-03 17:30:00+00:00,148.03883082161755,148.78373028726156,146.7427102126862,148.0117958811687,148.0117958811687,2178637.0,sample,2026-09-24 19:05:19.244767+00:00
AAPL,2025-01-03 18:30:00+00:00,147.90038592677448,148.92403228042096,146.55537435222553,148.024688314036,148.024688314036,13790423.0,sample,2026-09-24 19:05:19.244767+00:00
AAPL,2025-01-03 19:30:00+00:00,147.8676072255526,148.2557240887382,146.66324408747715,146.82283199328162,146.82283199328162,9799225.0,sample,2026-09-24 19:05:19.244767+00:00
AAPL,2025-01-03 20:30:00+00:00,146.16662372580956,148.85600399364466,144.742047853512,147.15667714730984,147.15667714730984,9055866.0,sample,2026-09-24 19:05:19.244767+00:00
AAPL,2025-01-03 21:30:00+00:00,147.4748002277571,149.15365086179767,147.02017375350894,147.39750021036133,147.39750021036133,8558136.0,sample,2026-09-24 19:05:19.244767+00:00
AAPL,2025-01-03 22:30:00+00:00,147.10905736998834,148.5903819680178,145.47768937123374,146.71545480887448,146.71545480887448,2258565.0,sample,2026-09-24 19:05:19.244767+00:00
AAPL,2025-01-03 23:30:00+00:00,146.70471715546412,148.91112846500036,145.31793560797905,147.84992105466856,147.84992105466856,15378913.0,sample,2026-09-24 19:05:19.244767+00:00
AAPL,2025-01-04 00:30:00+00:00,148.41139248735487,148.6923757699288,145.76726506379526,147.13516403434386,147.13516403434386,15771691.0,sample,2026-09-24 19:05:19.244767+00:00
AAPL,2025-01-04 01:30:00+00:00,147.40229679898238,147.5797096285791,144.8576859961898,146.15745304142115,146.15745304142115,7930233.0,sample,2026-09-24 19:05:19.244767+00:00
AAPL,2025-01-04 02:30:00+00:00,146.01902135417217,146.1944206285819,144.37940910857242,145.1097358289797,145.1097358289797,14671088.0,sample,2026-09-24 19:05:19.244767+00:00
AAPL,2025-01-04 03:30:00+00:00,145.83903164049116,146.16704178128916,143.6167297871636,145.13206755997336,145.13206755997336,9861915.0,sample,2026-09-24 19:05:19.244767+00:00
AAPL,2025-01-04 04:30:00+00:00,145.43709193491227,146.2968930586469,144.72493721543356,145.33561057368746,145.33561057368746,6753248.0,sample,2026-09-24 19:05:19.244767+00:00
AAPL,2025-01-04 05:30:00+00:00,145.0913181264203,146.41621189123126,144.78337486764667,145.59947344209377,145.59947344209377,15485716.0,sample,2026-09-24 19:05:19.244767+00:00
AAPL,2025-01-04 06:30:00+00:00,145.46677845539597,147.0433938834,143.80800784060534,145.4103985473489,145.4103985473489,10309735.0,sample,2026-09-24 19:05:19.244767+00:00
AAPL,2025-01-04 07:30:00+00:00,145.7159753029404,146.8725017402014,144.01313108195956,144.9457275049174,144.9457275049174,3892953.0,sample,2026-09-24 19:05:19.244767+00:00
AAPL,2025-01-04 08:30:00+00:00,145.19254200490292,146.27904383873724,144.5043816661561,145.44244445749482,145.44244445749482,16133506.0,sample,2026-09-24 19:05:19.244767+00:00
AAPL,2025-01-04 09:30:00+00:00,145.56339007836254,145.8885107336987,144.72663980044337,144.92843894321226,144.92843894321226,12563432.0,sample,2026-09-24 19:05:19.244767+00:00
AAPL,2025-01-04 10:30:00+00:00,144.57895665453307,144.74397099160004,143.9742813796259,144.23598388764958,144.23598388764958,13028812.0,sample,2026-09-24 19:05:19.244767+00:00
AAPL,2025-01-04 11:30:00+00:00,144.2101272293726,146.76412052957386,143.48200020626982,145.05398709438225,145.05398709438225,9789643.0,sample,2026-09-24 19:05:19.244767+00:00
AAPL,2025-01-04 12:30:00+00:00,145.30360768277873,146.17989363136655,144.7091479530344,145.1643115484954,145.1643115484954,5872304.0,sample,2026-09-24 19:05:19.244767+00:00
AAPL,2025-01-04 13:30:00+00:00,145.72063509284175,146.62387042803508,144.0521098933673,145.4454996410549,145.4454996410549,7355460.0,sample,2026-09-24 19:05:19.244767+00:00
AAPL,2025-01-04 14:30:00+00:00,145.49577852987093,147.5147655170404,144.46142273024714,145.81734930349117,145.81734930349117,6917992.0,sample,2026-09-24 19:05:19.244767+00:00
AAPL,2025-01-04 15:30:00+00:00,145.76225907147438,147.352231022376,145.18505019553473,145.4914930526892,145.4914930526892,11634187.0,sample,2026-09-24 19:05:19.244767+00:00
AAPL,2025-01-04 16:30:00+00:00,145.43059716711653,146.9376556687294,144.16669785391423,145.18897468212805,145.18897468212805,8609744.0,sample,2026-09-24 19:05:19.244767+00:00
AAPL,2025-01-04 17:30:00+00:00,145.34087703393536,145.82734736061963,144.79050008762732,145.56875155658634,145.56875155658634,14257162.0,sample,2026-09-24 19:05:19.244767+00:00
AAPL,2025-01-04 18:30:00+00:00,145.0413248072176,146.48457028009162,144.3171058462095,145.21710368149232,145.21710368149232,12415316.0,sample,2026-09-24 19:05:19.244767+00:00
AAPL,2025-01-04 19:30:00+00:00,145.10138989479458,146.05070054873056,143.77165997250867,145.41968952093475,145.41968952093475,4154446.0,sample,2026-09-24 19:05:19.244767+00:00
AAPL,2025-01-04 20:30:00+00:00,145.38524202603222,146.1311150492438,144.86174975069866,145.37493067336013,145.37493067336013,5958793.0,sample,2026-09-24 19:05:19.244767+00:00
AAPL,2025-01-04 21:30:00+00:00,145.4815625151488,146.1685139296959,144.22720240668974,144.68935253466648,144.68935253466648,8422604.0,sample,2026-09-24 19:05:19.244767+00:00
AAPL,2025-01-04 22:30:00+00:00,144.67172303977117,145.44004006029795,143.81157127339273,145.25700343209851,145.25700343209851,12825572.0,sample,2026-09-24 19:05:19.244767+00:00
AAPL,2025-01-04 23:30:00+00:00,145.1867758413839,146.23823619781635,143.66336877429316,144.5170022369772,144.5170022369772,5882016.0,sample,2026-09-24 19:05:19.244767+00:00
AAPL,2025-01-05 00:30:00+00:00,144.37331080503125,146.0341094135212,142.6653411540283,144.65896648428742,144.65896648428742,13627068.0,sample,2026-09-24 19:05:19.244767+00:00
AAPL,2025-01-05 01:30:00+00:00,144.6825063554136,145.5691819194158,144.1785782452861,144.7049664826069,144.7049664826069,1738233.0,sample,2026-09-24 19:05:19.244767+00:00
AAPL,2025-01-05 02:30:00+00:00,144.85966579308473,146.24085287584327,144.50598519612925,145.44723874419654,145.44723874419654,10963345.0,sample,2026-09-24 19:05:19.244767+00:00
AAPL,2025-01-05 03:30:00+00:00,145.56126351978097,147.02292834026267,143.8987879963306,144.80454964236455,144.80454964236455,11816461.0,sample,2026-09-24 19:05:19.244767+00:00
AAPL,2025-01-05 04:30:00+00:00,145.09405675200773,145.7321283580902,144.02004483605248,144.49748648501563,144.49748648501563,13703883.0,sample,2026-09-24 19:05:19.244767+00:00
AAPL,2025-01-05 05:30:00+00:00,144.37778889114782,145.77731002129278,143.0249536109651,144.4467440964788,144.4467440964788,4061636.0,sample,2026-09-24 19:05:19.244767+00:00
AAPL,2025-01-05 06:30:00+00:00,144.62659054241598,145.32348332367906,143.8692603028629,144.55850072174204,144.55850072174204,6652032.0,sample,2026-09-24 19:05:19.244767+00:00
AAPL,2025-01-05 07:30:00+00:00,144.1190534667949,145.58329435191118,142.63482085395398,145.0687986705379,145.0687986705379,4684845.0,sample,2026-09-24 19:05:19.244767+00:00
AAPL,2025-01-05 08:30:00+00:00,144.97548705919948,146.32682901436414,144.6866348291253,145.25669648006127,145.25669648006127,16190642.0,sample,2026-09-24 19:05:19.244767+00:00
AAPL,2025-01-05 09:30:00+00:00,145.67378566626954,147.35934833431958,144.684504969319,145.2784056011532,145.2784056011532,2555565.0,sample,2026-09-24 19:05:19.244767+00:00
AAPL,2025-01-05 10:30:00+00:00,145.0225753307888,146.92478225137393,143.9909164769907,145.8845114598211,145.8845114598211,4953417.0,sample,2026-09-24 19:05:19.244767+00:00
AAPL,2025-01-05 11:30:00+00:00,146.09333353790083,148.84137094362006,144.5291988248313,147.12014199518572,147.12014199518572,1595522.0,sample,2026-09-24 19:05:19.244767+00:00
AAPL,2025-01-05 12:30:00+00:00,146.93722673987696,147.8776122290948,144.72033528493566,146.33191696344608,146.33191696344608,14597885.0,sample,2026-09-24 19:05:19.244767+00:00
AAPL,2025-01-05 13:30:00+00:00,146.37264892843984,147.08406020323477,144.94031085738294,146.33586997652515,146.33586997652515,12647756.0,sample,2026-09-24 19:05:19.244767+00:00
AAPL,2025-01-05 14:30:00+00:00,145.8877387898443,147.5859411731312,144.72329715122805,146.78853571292598,146.78853571292598,12296751.0,sample,2026-09-24 19:05:19.244767+00:00
AAPL,2025-01-05 15:30:00+00:00,147.3100489683922,148.49734699116914,145.25053140329493,146.8462306308135,146.8462306308135,13458698.0,sample,2026-09-24 19:05:19.244767+00:00
AAPL,2025-01-05 16:30:00+00:00,147.29428209992437,148.02216151959894,146.29537406373288,147.69872250196684,147.69872250196684,17974978.0,sample,2026-09-24 19:05:19.244767+00:00
AAPL,2025-01-05 17:30:00+00:00,147.48988012310798,147.74495107223078,147.2587497719805,147.50880229354394,147.50880229354394,2879556.0,sample,2026-09-24 19:05:19.244767+00:00
AAPL,2025-01-05 18:30:00+00:00,147.2109895607628,147.62191283110943,145.71053264457234,146.91906190365546,146.91906190365546,10112180.0,sample,2026-09-24 19:05:19.244767+00:00
AAPL,2025-01-05 19:30:00+00:00,146.4483773593675,148.9795739839846,145.3685201621019,147.43890384759175,147.43890384759175,5512916.0,sample,2026-09-24 19:05:19.244767+00:00
AAPL,2025-01-05 20:30:00+00:00,147.51116776372768,148.99312652348493,145.07450159320967,145.81989730626765,145.81989730626765,6330855.0,sample,2026-09-24 19:05:19.244767+00:00
AAPL,2025-01-05 21:30:00+00:00,145.88618889074002,146.80233976888977,144.4147006895814,145.54993810453433,145.54993810453433,16287559.0,sample,2026-09-24 19:05:19.244767+00:00
AAPL,2025-01-05 22:30:00+00:00,145.72542162930554,147.96887206563437,145.5020749848151,146.94135526078963,146.94135526078963,8744249.0,sample,2026-09-24 19:05:19.244767+00:00
AAPL,2025-01-05 23:30:00+00:00,147.07888851420725,148.2148363380154,146.2740460703008,146.9641291673747,146.9641291673747,11730904.0,sample,2026-09-24 19:05:19.244767+00:00
AAPL,2025-01-06 00:30:00+00:00,146.68284556597055,148.06615034900395,146.1558367676608,147.18195267556763,147.18195267556763,4794383.0,sample,2026-09-24 19:05:19.244767+00:00
AAPL,2025-01-06 01:30:00+00:00,147.50760335739758,147.98364822374322,145.24451200465515,146.63011193321577,146.63011193321577,9403139.0,sample,2026-09-24 19:05:19.244767+00:00
AAPL,2025-01-06 02:30:00+00:00,147.09890564908295,148.46322575577173,146.4494600251055,146.62384400516777,146.62384400516777,17754585.0,sample,2026-09-24 19:05:19.244767+00:00
AAPL,2025-01-06 03:30:00+00:00,146.5416834045855,148.01342442060053,145.61921459607655,146.54779596247,146.54779596247,4053765.0,sample,2026-09-24 19:05:19.244767+00:00
AAPL,2025-01-06 04:30:00+00:00,146.38408196831116,149.19911026604743,145.48624228273007,147.6485774136066,147.6485774136066,12736813.0,sample,2026-09-24 19:05:19.244767+00:00
AAPL,2025-01-06 05:30:00+00:00,147.59214858777247,147.78397116391167,146.5810679722941,147.06058488078352,147.06058488078352,11122646.0,sample,2026-09-24 19:05:19.244767+00:00
AAPL,2025-01-06 06:30:00+00:00,146.95468372825272,148.63506107463616,143.9456651843931,145.45221149554217,145.45221149554217,6738831.0,sample,2026-09-24 19:05:19.244767+00:00
AAPL,2025-01-06 07:30:00+00:00,145.71526915047417,146.04782953485028,145.51881408017533,145.6962818749449,145.6962818749449,16494358.0,sample,2026-09-24 19:05:19.244767+00:00
AAPL,2025-01-06 08:30:00+00:00,145.9693081738409,147.8978661149697,145.18321741072188,146.6097444761717,146.6097444761717,14683331.0,sample,2026-09-24 19:05:19.244767+00:00
AAPL,2025-01-06 09:30:00+00:00,146.8007717154422,148.51447145592954,145.08737644961806,146.2137503956966,146.2137503956966,12714644.0,sample,2026-09-24 19:05:19.244767+00:00
AAPL,2025-01-06 10:30:00+00:00,146.13182554190266,147.6781586231118,144.86325322013712,145.1583879964741,145.1583879964741,1743493.0,sample,2026-09-24 19:05:19.244767+00:00
AAPL,2025-01-06 11:30:00+00:00,145.18113236332908,146.17579737841317,143.8903422706511,144.54403330426115,144.54403330426115,12373314.0,sample,2026-09-24 19:05:19.244767+00:00
AAPL,2025-01-06 12:30:00+00:00,144.8475220750631,145.0979737198562,143.6143987903128,144.80217034978313,144.80217034978313,12603254.0,sample,2026-09-24 19:05:19.244767+00:00
AAPL,2025-01-06 13:30:00+00:00,144.99258754324518,145.91226761506547,143.4718571577236,144.48409523624343,144.48409523624343,3442911.0,sample,2026-09-24 19:05:19.244767+00:00
AAPL,2025-01-06 14:30:00+00:00,144.55431061709862,145.27982755682547,143.70794736394555,144.51581418646163,144.51581418646163,6731675.0,sample,2026-09-24 19:05:19.244767+00:00
AAPL,2025-01-06 15:30:00+00:00,144.62519967211983,145.0230727105928,141.4541935127664,143.16658409719628,143.16658409719628,9717240.0,sample,2026-09-24 19:05:19.244767+00:00
AAPL,2025-01-06 16:30:00+00:00,143.503308349304,144.21212235227415,142.66926710218945,142.87604324251586,142.87604324251586,5073362.0,sample,2026-09-24 19:05:19.244767+00:00
AAPL,2025-01-06 17:30:00+00:00,142.77913776963263,143.67556909910002,142.08751667873017,143.3344182080116,143.3344182080116,7286873.0,sample,2026-09-24 19:05:19.244767+00:00
AAPL,2025-01-06 18:30:00+00:00,143.05015250770313,143.5054147229873,141.5573304268981,143.1899180621891,143.1899180621891,15573680.0,sample,2026-09-24 19:05:19.244767+00:00
AAPL,2025-01-06 19:30:00+00:00,143.0985919101905,143.93955397201222,141.92657836799657,142.61171797537193,142.61171797537193,12432532.0,sample,2026-09-24 19:05:19.244767+00:00
AAPL,2025-01-06 20:30:00+00:00,143.16112600461665,144.83041474787632,141.66647480181726,143.22021302808398,143.22021302808398,12441212.0,sample,2026-09-24 19:05:19.244767+00:00
AAPL,2025-01-06 21:30:00+00:00,143.00035093089858,144.03538382158445,141.47145749362696,143.79394120976067,143.79394120976067,15730075.0,sample,2026-09-24 19:05:19.244767+00:00
AAPL,2025-01-06 22:30:00+00:00,144.1545834723653,144.72123480244963,142.29441523090867,143.533676968071,143.533676968071,9582397.0,sample,2026-09-24 19:05:19.244767+00:00
AAPL,2025-01-06 23:30:00+00:00,143.2261628706484,144.81421113293692,141.54600224629732,143.11555184498022,143.11555184498022,13763859.0,sample,2026-09-24 19:05:19.244767+00:00
AAPL,2025-01-07 00:30:00+00:00,143.13351320846613,144.49074741755553,142.06833454661262,143.8562599175765,143.8562599175765,5309905.0,sample,2026-09-24 19:05:19.244767+00:00
AAPL,2025-01-07 01:30:00+00:00,144.05687823545253,145.21310920559444,142.6337594596514,143.5473422838581,143.5473422838581,12955024.0,sample,2026-09-24 19:05:19.244767+00:00
AAPL,2025-01-07 02:30:00+00:00,143.4476705451644,144.88483087093317,142.62087213306845,143.46074485876898,143.46074485876898,12421482.0,sample,2026-09-24 19:05:19.244767+00:00
AAPL,2025-01-07 03:30:00+00:00,143.28664195552182,144.72547874560257,141.92692001906403,144.50517372577627,144.50517372577627,14158376.0,sample,2026-09-24 19:05:19.244767+00:00
AAPL,2025-01-07 04:30:00+00:00,144.63288153497464,145.1111006426385,143.30602448694697,144.62045402337242,144.62045402337242,9960398.0,sample,2026-09-24 19:05:19.244767+00:00
AAPL,2025-01-07 05:30:00+00:00,144.3282130645277,145.59416782658494,143.24175645715462,144.34136294713,144.34136294713,7596488.0,sample,2026-09-24 19:05:19.244767+00:00
AAPL,2025-01-07 06:30:00+00:00,144.6638502339473,145.05796099936833,141.7015425718499,143.21190953917366,143.21190953917366,7781217.0,sample,2026-09-24 19:05:19.244767+00:00
AAPL,2025-01-07 07:30:00+00:00,143.05135160892593,143.93885535267563,142.56434055180796,143.23935527940634,143.23935527940634,8701633.0,sample,2026-09-24 19:05:19.244767+00:00
AAPL,2025-01-07 08:30:00+00:00,143.38804578390827,145.0703240326209,141.8646836118108,143.19691090557257,143.19691090557257,17105406.0,sample,2026-09-24 19:05:19.244767+00:00
AAPL,2025-01-07 09:30:00+00:00,143.03670866406966,143.30755683541378,142.32771725731723,142.84716987446836,142.84716987446836,11096630.0,sample,2026-09-24 19:05:19.244767+00:00
AAPL,2025-01-07 10:30:00+00:00,142.82073943495163,144.90145848712734,141.70973083127384,143.38416616188454,143.38416616188454,3736276.0,sample,2026-09-24 19:05:19.244767+00:00
AAPL,2025-01-07 11:30:00+00:00,143.35180993959418,143.82745332396865,142.2142628056812,142.6525352722003,142.6525352722003,4295313.0,sample,2026-09-24 19:05:19.244767+00:00
AAPL,2025-01-07 12:30:00+00:00,142.9406723424175,143.29575504832889,140.35336125356685,141.7592710366536,141.7592710366536,15415330.0,sample,2026-09-24 19:05:19.244767+00:00
AAPL,2025-01-07 13:30:00+00:00,141.9333700899811,143.48783022204415,141.0550353642425,141.32012208778127,141.32012208778127,11737156.0,sample,2026-09-24 19:05:19.244767+00:00
AAPL,2025-01-07 14:30:00+00:00,141.00194040112626,142.12834056142205,140.0552514007606,141.29643223083278,141.29643223083278,4170448.0,sample,2026-09-24 19:05:19.244767+00:00
AAPL,2025-01-07 15:30:00+00:00,140.89572791565737,141.85945085041266,138.7698364879699,140.44139454365896,140.44139454365896,13889214.0,sample,2026-09-24 19:05:19.244767+00:00
AAPL,2025-01-07 16:30:00+00:00,140.11723351698004,140.4072231670581,138.25018633738867,139.7710321480692,139.7710321480692,16844646.0,sample,2026-09-24 19:05:19.244767+00:00
AAPL,2025-01-07 17:30:00+00:00,139.54339066640395,140.1051153572765,138.89144920965447,139.2879183465393,139.2879183465393,4210745.0,sample,2026-09-24 19:05:19.244767+00:00
AAPL,2025-01-07 18:30:00+00:00,139.58641425179113,140.41338167872647,138.6807720506642,139.24408555736113,139.24408555736113,14495800.0,sample,2026-09-24 19:05:19.244767+00:00
AAPL,2025-01-07 19:30:00+00:00,139.29474511151193,140.73571559194167,137.92806530920177,138.82272142593496,138.82272142593496,14216890.0,sample,2026-09-24 19:05:19.244767+00:00
AAPL,2025-01-07 20:30:00+00:00,139.13235300180946,139.59954792382717,138.88442451162024,139.33394858435713,139.33394858435713,16226412.0,sample,2026-09-24 19:05:19.244767+00:00
AAPL,2025-01-07 21:30:00+00:00,139.11894479626588,139.56721175311924,136.96409951870365,138.07132902246028,138.07132902246028,3418376.0,sample,2026-09-24 19:05:19.244767+00:00
AAPL,2025-01-07 22:30:00+00:00,137.99835745879028,139.8764884369021,137.29090912463386,138.25541524409954,138.25541524409954,14583539.0,sample,2026-09-24 19:05:19.244767+00:00
AAPL,2025-01-07 23:30:00+00:00,138.13718371848822,139.72362394029847,136.62957131890354,137.88526753359304,137.88526753359304,11393483.0,sample,2026-09-24 19:05:19.244767+00:00
AAPL,2025-01-08 00:30:00+00:00,137.46302787925347,139.56075081947833,135.82738640492377,138.09813787968582,138.09813787968582,7930535.0,sample,2026-09-24 19:05:19.244767+00:00
AAPL,2025-01-08 01:30:00+00:00,138.43512070185903,140.05223625137958,137.49992540248664,139.14941935941724,139.14941935941724,17364670.0,sample,2026-09-24 19:05:19.244767+00:00
AAPL,2025-01-08 02:30:00+00:00,138.85071708938682,139.88712223134186,138.25541179830245,139.0655614509666,139.0655614509666,12835772.0,sample,2026-09-24 19:05:19.244767+00:00
AAPL,2025-01-08 03:30:00+00:00,138.72353646357942,139.5919208066091,137.79817881475785,139.12988099656852,139.12988099656852,15519128.0,sample,2026-09-24 19:05:19.244767+00:00
AAPL,2025-01-08 04:30:00+00:00,139.21571093027902,140.99194186547695,137.85343153681043,139.5503911580786,139.5503911580786,7023283.0,sample,2026-09-24 19:05:19.244767+00:00
AAPL,2025-01-08 05:30:00+00:00,139.84159953848695,140.76529598321892,137.2061359566987,138.7664868638263,138.7664868638263,5647847.0,sample,2026-09-24 19:05:19.244767+00:00
AAPL,2025-01-08 06:30:00+00:00,138.9933253582418,139.59977075293398,137.94932109497643,139.0892771833884,139.0892771833884,5462825.0,sample,2026-09-24 19:05:19.244767+00:00
AAPL,2025-01-08 07:30:00+00:00,139.2350188821529,140.795068797078,137.6780667292468,139.4987205648911,139.4987205648911,2732319.0,sample,2026-09-24 19:05:19.244767+00:00
AAPL,2025-01-08 08:30:00+00:00,139.92670768640306,140.1826065163387,137.8841354725659,139.37821067248788,139.37821067248788,2915649.0,sample,2026-09-24 19:05:19.244767+00:00
AAPL,2025-01-08 09:30:00+00:00,139.2145528068865,141.11130035841626,139.01449773831987,139.6984624906621,139.6984624906621,17129186.0,sample,2026-09-24 19:05:19.244767+00:00
AAPL,2025-01-08 10:30:00+00:00,139.23187902706974,140.2210306395134,138.9363441389025,139.72607736989744,139.72607736989744,15764921.0,sample,2026-09-24 19:05:19.244767+00:00
AAPL,2025-01-08 11:30:00+00:00,139.8827368447214,141.0730465342037,138.28438935936023,139.25623108695805,139.25623108695805,16489193.0,sample,2026-09-24 19:05:19.244767+00:00
AAPL,2025-01-08 12:30:00+00:00,139.16099162892758,139.95754868094497,138.28046631952486,138.4822643816339,138.4822643816339,3456465.0,sample,2026-09-24 19:05:19.244767+00:00
AAPL,2025-01-08 13:30:00+00:00,138.65947270728503,139.79010236573967,137.56075902455942,138.98305791357188,138.98305791357188,11124729.0,sample,2026-09-24 19:05:19.244767+00:00
AAPL,2025-01-08 14:30:00+00:00,139.51774774116,141.5097362303281,138.99413104263175,139.9325495577709,139.9325495577709,10240785.0,sample,2026-09-24 19:05:19.244767+00:00
AAPL,2025-01-08 15:30:00+00:00,140.23622288943008,141.09288175304516,138.02070928392297,139.44959831258868,139.44959831258868,1806036.0,sample,2026-09-24 19:05:19.244767+00:00
AAPL,2025-01-08 16:30:00+00:00,139.54816296750099,140.5900570356351,137.9256948698589,139.6119162161231,139.6119162161231,16258336.0,sample,2026-09-24 19:05:19.244767+00:00
AAPL,2025-01-08 17:30:00+00:00,139.4608587042741,140.1925335576597,138.3349387709439,138.8929849993008,138.8929849993008,10173846.0,sample,2026-09-24 19:05:19.244767+00:00
AAPL,2025-01-08 18:30:00+00:00,139.20581336919196,139.7794264087201,137.9173947486167,138.58972298300463,138.58972298300463,2124262.0,sample,2026-09-24 19:05:19.244767+00:00
AAPL,2025-01-08 19:30:00+00:00,138.89201092421956,139.56058352778368,138.05874822905488,138.2735420767205,138.2735420767205,14344341.0,sample,2026-09-24 19:05:19.244767+00:00
AAPL,2025-01-08 20:30:00+00:00,138.50504399475284,139.77036727881213,136.22719066561393,137.60370751355973,137.60370751355973,6723244.0,sample,2026-09-24 19:05:19.244767+00:00
AAPL,2025-01-08 21:30:00+00:00,137.68335797905007,138.80696859542772,137.07952164960355,137.52204533649584,137.52204533649584,11795968.0,sample,2026-09-24 19:05:19.244767+00:00
AAPL,2025-01-08 22:30:00+00:00,137.28269083382878,138.26159491483597,136.92162738162816,138.02829458593098,138.02829458593098,12442051.0,sample,2026-09-24 19:05:19.244767+00:00
AAPL,2025-01-08 23:30:00+00:00,138.11332827131974,139.80844029522632,136.73478719403275,138.29801621468255,138.29801621468255,13077441.0,sample,2026-09-24 19:05:19.244767+00:00
AAPL,2025-01-09 00:30:00+00:00,138.65987737866652,138.9501490672027,137.81984995657803,137.97308741877245,137.97308741877245,14452746.0,sample,2026-09-24 19:05:19.244767+00:00
AAPL,2025-01-09 01:30:00+00:00,137.7916128742373,139.1879330459539,136.16463246543097,138.72139217041465,138.72139217041465,8697841.0,sample,2026-09-24 19:05:19.244767+00:00
AAPL,2025-01-09 02:30:00+00:00,138.90806279025753,140.00884924327988,137.9772818743029,138.8044897810463,138.8044897810463,10595735.0,sample,2026-09-24 19:05:19.244767+00:00
AAPL,2025-01-09 03:30:00+00:00,139.37443726554255,140.51982515498395,139.15208901421957,139.77059159350165,139.77059159350165,8542597.0,sample,2026-09-24 19:05:19.244767+00:00
AAPL,2025-01-09 04:30:00+00:00,139.97361548969903,140.39039500753276,138.8506181469742,139.0050274280368,139.0050274280368,15803060.0,sample,2026-09-24 19:05:19.244767+00:00
AAPL,2025-01-09 05:30:00+00:00,139.18863258509046,141.65169898589886,138.27174115160477,140.65615271855495,140.65615271855495,13917117.0,sample,2026-09-24 19:05:19.244767+00:00
AAPL,2025-01-09 06:30:00+00:00,140.7186086434646,141.38727026452702,139.32853988367228,140.52057144916063,140.52057144916063,7791233.0,sample,2026-09-24 19:05:19.244767+00:00
AAPL,2025-01-09 07:30:00+00:00,140.74649384217665,142.17459027911983,138.16646843022758,139.82173097384054,139.82173097384054,10389203.0,sample,2026-09-24 19:05:19.244767+00:00
AAPL,2025-01-09 08:30:00+00:00,140.7008184996614,142.33498228578569,138.99032872977227,139.19121507831528,139.19121507831528,13727529.0,sample,2026-09-24 19:05:19.244767+00:00
AAPL,2025-01-09 09:30:00+00:00,139.00280283300967,139.83479841716579,138.27203278857058,139.67658581186552,139.67658581186552,9920317.0,sample,2026-09-24 19:05:19.244767+00:00
AAPL,2025-01-09 10:30:00+00:00,139.50112964875396,140.5886455386702,137.95137132808455,140.14843173161634,140.14843173161634,11269478.0,sample,2026-09-24 19:05:19.244767+00:00
AAPL,2025-01-09 11:30:00+00:00,140.25461114889376,140.7430514494257,139.04686493132513,140.57004415542596,140.57004415542596,5640357.0,sample,2026-09-24 19:05:19.244767+00:00
AAPL,2025-01-09 12:30:00+00:00,140.30480779185825,142.4519485214775,140.15730439982696,140.87832749763874,140.87832749763874,16976473.0,sample,2026-09-24 19:05:19.244767+00:00
AAPL,2025-01-09 13:30:00+00:00,140.66249219763512,142.08220477939915,138.99876143157155,140.2105171359301,140.2105171359301,17591670.0,sample,2026-09-24 19:05:19.244767+00:00
AAPL,2025-01-09 14:30:00+00:00,139.94936814346516,141.20222780573044,139.06023045490045,140.09624630151808,140.09624630151808,13290871.0,sample,2026-09-24 19:05:19.244767+00:00
AAPL,2025-01-09 15:30:00+00:00,140.11166262931832,141.61015225406584,137.3599549356427,138.77320823888715,138.77320823888715,2070443.0,sample,2026-09-24 19:05:19.244767+00:00
AAPL,2025-01-09 16:30:00+00:00,138.21837407173862,138.95345457552807,137.3866968649668,138.25621312740958,138.25621312740958,5034707.0,sample,2026-09-24 19:05:19.244767+00:00
AAPL,2025-01-09 17:30:00+00:00,138.07335297885322,139.86644429150147,137.85294699709502,138.59541483649335,138.59541483649335,17294937.0,sample,2026-09-24 19:05:19.244767+00:00
AAPL,2025-01-09 18:30:00+00:00,138.2822896945377,139.14087963301048,136.97250700500038,137.52686572139538,137.52686572139538,1662738.0,sample,2026-09-24 19:05:19.244767+00:00
AAPL,2025-01-09 19:30:00+00:00,137.41753192803446,139.58545993091005,136.44698132731062,138.80944487143924,138.80944487143924,4366025.0,sample,2026-09-24 19:05:19.244767+00:00
AAPL,2025-01-09 20:30:00+00:00,138.94018161626457,140.34897233242788,138.28029832272043,139.48512708938452,139.48512708938452,8270714.0,sample,2026-09-24 19:05:19.244767+00:00
AAPL,2025-01-09 21:30:00+00:00,139.61530828962015,140.59355921094323,138.31829825623146,138.81902394287252,138.81902394287252,3251967.0,sample,2026-09-24 19:05:19.244767+00:00
AAPL,2025-01-09 22:30:00+00:00,138.84807905776358,139.62394623532032,138.46670037917184,139.1946057129793,139.1946057129793,12128800.0,sample,2026-09-24 19:05:19.244767+00:00
AAPL,2025-01-09 23:30:00+00:00,139.34938792567246,139.73511271352515,138.65132031629622,139.47774174217315,139.47774174217315,2465930.0,sample,2026-09-24 19:05:19.244767+00:00
AAPL,2025-01-10 00:30:00+00:00,139.39520033244116,139.84178259632574,138.61506855683328,139.3742735165379,139.3742735165379,5198949.0,sample,2026-09-24 19:05:19.244767+00:00
AAPL,2025-01-10 01:30:00+00:00,139.35289529153755,141.14029118146675,138.64589788442848,139.67779929171877,139.67779929171877,11310109.0,sample,2026-09-24 19:05:19.244767+00:00
AAPL,2025-01-10 02:30:00+00:00,139.46621817602718,140.74934909616314,139.13366014289392,139.50371133496324,139.50371133496324,13330522.0,sample,2026-09-24 19:05:19.244767+00:00
AAPL,2025-01-10 03:30:00+00:00,139.54611338710487,140.3914132918565,138.06345362207455,139.4686194428179,139.4686194428179,3252852.0,sample,2026-09-24 19:05:19.244767+00:00
AAPL,2025-01-10 04:30:00+00:00,139.37474227229268,140.75800271149762,137.77074136964626,139.7520842726982,139.7520842726982,17195443.0,sample,2026-09-24 19:05:19.244767+00:00
AAPL,2025-01-10 05:30:00+00:00,139.28597390835793,140.7683266262434,138.64108552196672,139.99946039004183,139.99946039004183,11800355.0,sample,2026-09-24 19:05:19.244767+00:00
AAPL,2025-01-10 06:30:00+00:00,140.00620086803147,140.56698190235704,139.25329061833995,140.16979481513033,140.16979481513033,2730460.0,sample,2026-09-24 19:05:19.244767+00:00
AAPL,2025-01-10 07:30:00+00:00,140.79998337832959,141.23617371190966,139.66561586061437,140.35219825195645,140.35219825195645,5088381.0,sample,2026-09-24 19:05:19.244767+00:00
AAPL,2025-01-10 08:30:00+00:00,139.91253353305402,141.9790250735962,138.57153329502552,140.88683907924764,140.88683907924764,7102821.0,sample,2026-09-24 19:05:19.244767+00:00
AAPL,2025-01-10 09:30:00+00:00,140.90516612979704,141.99399773159405,139.31710655791775,141.32463339419766,141.32463339419766,5496986.0,sample,2026-09-24 19:05:19.244767+00:00
AAPL,2025-01-10 10:30:00+00:00,140.818601319321,142.353997045197,140.0383512343094,140.6513820156502,140.6513820156502,11506761.0,sample,2026-09-24 19:05:19.244767+00:00
AAPL,2025-01-10 11:30:00+00:00,141.08993572022908,142.24214575880822,138.80271679962857,140.22345343895003,140.22345343895003,14795037.0,sample,2026-09-24 19:05:19.244767+00:00
AAPL,2025-01-10 12:30:00+00:00,140.74775318848242,142.34544285108706,140.24617850778245,141.04506185883506,141.04506185883506,2436084.0,sample,2026-09-24 19:05:19.244767+00:00
AAPL,2025-01-10 13:30:00+00:00,141.3488510207594,143.52296916134466,140.66395865643872,141.93001446925155,141.93001446925155,6547117.0,sample,2026-09-24 19:05:19.244767+00:00
AAPL,2025-01-10 14:30:00+00:00,142.35147174880544,142.70287344770637,141.664074497739,142.24830154527163,142.24830154527163,13830250.0,sample,2026-09-24 19:05:19.244767+00:00
AAPL,2025-01-10 15:30:00+00:00,142.197239220568,142.44690970640025,141.82990767818453,142.09496957706006,142.09496957706006,4712370.0,sample,2026-09-24 19:05:19.244767+00:00
AAPL,2025-01-10 16:30:00+00:00,141.8975055924888,143.6980919987931,141.2703331166735,142.56616319063758,142.56616319063758,3087708.0,sample,2026-09-24 19:05:19.244767+00:00
AAPL,2025-01-10 17:30:00+00:00,142.17827155838484,144.44908480125062,141.15008369473668,142.96020314559522,142.96020314559522,16640615.0,sample,2026-09-24 19:05:19.244767+00:00
AAPL,2025-01-10 18:30:00+00:00,142.94309743902147,144.36850044173286,141.92765382845883,142.0836262490775,142.0836262490775,6799984.0,sample,2026-09-24 19:05:19.244767+00:00
AAPL,2025-01-10 19:30:00+00:00,142.33803550275252,143.52607665364528,141.59217536934946,142.1282749452825,142.1282749452825,9647014.0,sample,2026-09-24 19:05:19.244767+00:00
AAPL,2025-01-10 20:30:00+00:00,142.25319680872929,142.7260621141168,141.04577677384896,141.3406691644695,141.3406691644695,8936847.0,sample,2026-09-24 19:05:19.244767+00:00
AAPL,2025-01-10 21:30:00+00:00,141.27395665004283,142.31236853812965,140.52103157626578,141.0876415035539,141.0876415035539,10896323.0,sample,2026-09-24 19:05:19.244767+00:00
AAPL,2025-01-10 22:30:00+00:00,141.5636075052007,142.88251369828538,140.8925406742281,141.11251381723832,141.11251381723832,2003104.0,sample,2026-09-24 19:05:19.244767+00:00
AAPL,2025-01-10 23:30:00+00:00,140.74933249980293,142.25281486024303,140.047730462336,142.09402819056552,142.09402819056552,15312411.0,sample,2026-09-24 19:05:19.244767+00:00
AAPL,2025-01-11 00:30:00+00:00,141.85677161608547,143.07299682629585,140.6864394822379,140.9031856359134,140.9031856359134,9761609.0,sample,2026-09-24 19:05:19.244767+00:00
AAPL,2025-01-11 01:30:00+00:00,141.16695046694753,141.86202863519966,140.28568735314605,140.70948861606257,140.70948861606257,3931033.0,sample,2026-09-24 19:05:19.244767+00:00
AAPL,2025-01-11 02:30:00+00:00,140.1722747310075,141.69736809621907,139.17061018925241,141.1011986153269,141.1011986153269,5322190.0,sample,2026-09-24 19:05:19.244767+00:00
AAPL,2025-01-11 03:30:00+00:00,140.73745092796773,142.88849842405727,140.12281685738046,141.4854415977936,141.4854415977936,11399792.0,sample,2026-09-24 19:05:19.244767+00:00
AAPL,2025-01-11 04:30:00+00:00,141.4463832926121,142.52875911277872,140.25105561216853,141.97497355754243,141.97497355754243,11680193.0,sample,2026-09-24 19:05:19.244767+00:00
AAPL,2025-01-11 05:30:00+00:00,142.14576570953332,142.34010083376177,140.1218028009753,141.41886271295397,141.41886271295397,6696272.0,sample,2026-09-24 19:05:19.244767+00:00
AAPL,2025-01-11 06:30:00+00:00,141.590735834773,142.13858189566113,140.4326808233011,141.3528502082448,141.3528502082448,17448229.0,sample,2026-09-24 19:05:19.244767+00:00
AAPL,2025-01-11 07:30:00+00:00,141.68834926355996,142.3986213267962,140.92654678261903,141.09860878628163,141.09860878628163,6663616.0,sample,2026-09-24 19:05:19.244767+00:00
AAPL,2025-01-11 08:30:00+00:00,141.24731612230113,142.86304838299645,140.7193623769436,141.84715065093675,141.84715065093675,15751386.0,sample,2026-09-24 19:05:19.244767+00:00
AAPL,2025-01-11 09:30:00+00:00,141.57748772561916,142.23485669009858,140.4864114206957,141.7760793275255,141.7760793275255,15533081.0,sample,2026-09-24 19:05:19.244767+00:00
AAPL,2025-01-11 10:30:00+00:00,141.66059513972172,142.78272350202855,140.23491032402018,141.79341227594145,141.79341227594145,4280669.0,sample,2026-09-24 19:05:19.244767+00:00
AAPL,2025-01-11 11:30:00+00:00,141.66125529352394,142.69516225288717,140.32397332116528,141.9089055397323,141.9089055397323,8412626.0,sample,2026-09-24 19:05:19.244767+00:00
AAPL,2025-01-11 12:30:00+00:00,142.1382798680344,142.55396012295878,140.99380447165686,141.17461732676315,141.17461732676315,16470872.0,sample,2026-09-24 19:05:19.244767+00:00
AAPL,2025-01-11 13:30:00+00:00,141.37142581944963,142.8534412457557,139.90215834296103,141.47428065903628,141.47428065903628,12042671.0,sample,2026-09-24 19:05:19.244767+00:00
AAPL,2025-01-11 14:30:00+00:00,141.346947636932,142.19896774107642,139.71311566107946,140.85716993296364,140.85716993296364,10182814.0,sample,2026-09-24 19:05:19.244767+00:00
AAPL,2025-01-11 15:30:00+00:00,140.38332487231787,142.33428154342894,138.76186827889487,140.96745139126148,140.96745139126148,16365906.0,sample,2026-09-24 19:05:19.244767+00:00
AAPL,2025-01-11 16:30:00+00:00,141.0175595315002,142.37146111646288,139.27448267436137,140.56599798587706,140.56599798587706,14930097.0,sample,2026-09-24 19:05:19.244767+00:00
AAPL,2025-01-11 17:30:00+00:00,140.14090363211233,142.85478195994503,139.62193797208963,141.2484298797088,141.2484298797088,2225661.0,sample,2026-09-24 19:05:19.244767+00:00
AAPL,2025-01-11 18:30:00+00:00,140.9428949809977,142.84187708605896,140.2927213463569,141.2769082510396,141.2769082510396,3414647.0,sample,2026-09-24 19:05:19.244767+00:00
AAPL,2025-01-11 19:30:00+00:00,141.31806361647978,143.9396070467035,139.88136040903086,142.37944397395245,142.37944397395245,10866262.0,sample,2026-09-24 19:05:19.244767+00:00
AAPL,2025-01-11 20:30:00+00:00,142.44765121733616,143.37455681952338,139.43431190186098,141.11986392479085,141.11986392479085,11341896.0,sample,2026-09-24 19:05:19.244767+00:00
AAPL,2025-01-11 21:30:00+00:00,140.90225215921478,143.00678101291564,139.52567920991842,141.9037459218211,141.9037459218211,4511376.0,sample,2026-09-24 19:05:19.244767+00:00
AAPL,2025-01-11 22:30:00+00:00,141.90386377820963,143.19426795066192,140.36185627824813,142.39985028456516,142.39985028456516,10981841.0,sample,2026-09-24 19:05:19.244767+00:00
AAPL,2025-01-11 23:30:00+00:00,142.49219113796093,142.78415546081345,141.7252837196874,142.5737029560997,142.5737029560997,11903765.0,sample,2026-09-24 19:05:19.244767+00:00
AAPL,2025-01-12 00:30:00+00:00,143.0682625209815,144.61195004553824,142.5018517873977,143.84522979359693,143.84522979359693,6623343.0,sample,2026-09-24 19:05:19.244767+00:00
AAPL,2025-01-12 01:30:00+00:00,144.05393592896914,145.37686985457276,141.64654509881626,143.0330440844732,143.0330440844732,2343517.0,sample,2026-09-24 19:05:19.244767+00:00
AAPL,2025-01-12 02:30:00+00:00,142.81762632700438,143.99061410244994,142.65811281408094,143.16187919574105,143.16187919574105,7137127.0,sample,2026-09-24 19:05:19.244767+00:00
AAPL,2025-01-12 03:30:00+00:00,143.02625942450305,144.3664610858207,142.3408500680837,143.88507265607805,143.88507265607805,11928859.0,sample,2026-09-24 19:05:19.244767+00:00
AAPL,2025-01-12 04:30:00+00:00,143.969007611268,145.8544905655326,142.5110870041616,144.2421759664922,144.2421759664922,7720265.0,sample,2026-09-24 19:05:19.244767+00:00
AAPL,2025-01-12 05:30:00+00:00,144.47402507690455,144.75623598373014,142.9486913609602,144.0311417531317,144.0311417531317,6312686.0,sample,2026-09-24 19:05:19.244767+00:00
AAPL,2025-01-12 06:30:00+00:00,144.0212801412162,145.97306789180774,142.44922490522853,144.4121470634873,144.4121470634873,12601339.0,sample,2026-09-24 19:05:19.244767+00:00
AAPL,2025-01-12 07:30:00+00:00,144.37585542589392,144.9717459729136,143.86119427658514,144.17970274298526,144.17970274298526,10440742.0,sample,2026-09-24 19:05:19.244767+00:00
AAPL,2025-01-12 08:30:00+00:00,144.58781467579004,145.29324582066909,142.3694022237339,143.99052069336958,143.99052069336958,12752312.0,sample,2026-09-24 19:05:19.244767+00:00
AAPL,2025-01-12 09:30:00+00:00,143.995498811205,144.1561274967212,142.61392877253874,143.6169073792225,143.6169073792225,10304909.0,sample,2026-09-24 19:05:19.244767+00:00
AAPL,2025-01-12 10:30:00+00:00,143.0417658911422,144.4521072413853,141.46462219539183,144.23103569155595,144.23103569155595,1505096.0,sample,2026-09-24 19:05:19.244767+00:00
AAPL,2025-01-12 11:30:00+00:00,145.019799170445,146.62687289745676,144.04184537574696,144.41845141706565,144.41845141706565,6773155.0,sample,2026-09-24 19:05:19.244767+00:00
AAPL,2025-01-12 12:30:00+00:00,144.31706117185738,146.2168019587513,143.74995257286764,145.88676605863418,145.88676605863418,16631102.0,sample,2026-09-24 19:05:19.244767+00:00
AAPL,2025-01-12 13:30:00+00:00,145.74495443726835,147.0392711753636,144.25910641775602,146.3891567482666,146.3891567482666,16412383.0,sample,2026-09-24 19:05:19.244767+00:00
AAPL,2025-01-12 14:30:00+00:00,146.49007810622624,147.7790575517944,144.92215098637112,145.5303823220552,145.5303823220552,4942132.0,sample,2026-09-24 19:05:19.244767+00:00
AAPL,2025-01-12 15:30:00+00:00,145.55934718989332,146.67582149635595,145.40218180885918,146.0056224669882,146.0056224669882,11990351.0,sample,2026-09-24 19:05:19.244767+00:00
AAPL,2025-01-12 16:30:00+00:00,146.24460750808777,146.9664004139916,144.25389218455763,145.3783880676885,145.3783880676885,2404639.0,sample,2026-09-24 19:05:19.244767+00:00
AAPL,2025-01-12 17:30:00+00:00,145.4016633060817,146.1099856327466,143.71033006119677,145.22514077139343,145.22514077139343,15102687.0,sample,2026-09-24 19:05:19.244767+00:00
AAPL,2025-01-12 18:30:00+00:00,145.41496434057717,146.552595261789,145.1413415830631,145.31441490045444,145.31441490045444,11533395.0,sample,2026-09-24 19:05:19.244767+00:00
AAPL,2025-01-12 19:30:00+00:00,145.08643082576444,146.12392754907722,144.088957177153,144.689236975684,144.689236975684,12473858.0,sample,2026-09-24 19:05:19.244767+00:00
AAPL,2025-01-12 20:30:00+00:00,144.0113042089246,145.69161348322194,143.39978206663974,144.40424367998747,144.40424367998747,5133938.0,sample,2026-09-24 19:05:19.244767+00:00
AAPL,2025-01-12 21:30:00+00:00,144.50979728243513,146.10951515605362,142.94858711045987,144.02274629486337,144.02274629486337,5700916.0,sample,2026-09-24 19:05:19.244767+00:00
AAPL,2025-01-12 22:30:00+00:00,143.71801787460106,145.2681420601526,142.75956513948142,144.11115377144208,144.11115377144208,17882041.0,sample,2026-09-24 19:05:19.244767+00:00
AAPL,2025-01-12 23:30:00+00:00,143.65457295392056,144.7643509889369,143.06845142684915,144.07598530619248,144.07598530619248,1714132.0,sample,2026-09-24 19:05:19.244767+00:00
AAPL,2025-01-13 00:30:00+00:00,144.11660689698448,144.90631504835378,143.043767476605,144.02316058257256,144.02316058257256,4928631.0,sample,2026-09-24 19:05:19.244767+00:00
AAPL,2025-01-13 01:30:00+00:00,144.05630485927114,146.03845251787473,143.28651296227082,145.0167726703295,145.0167726703295,15578356.0,sample,2026-09-24 19:05:19.244767+00:00
AAPL,2025-01-13 02:30:00+00:00,145.15386061131855,146.96146049728932,143.89480301977179,145.33903968284875,145.33903968284875,7340291.0,sample,2026-09-24 19:05:19.244767+00:00
AAPL,2025-01-13 03:30:00+00:00,145.64367765878563,146.55781470970334,145.32348721959286,145.59825665162674,145.59825665162674,1541677.0,sample,2026-09-24 19:05:19.244767+00:00
AAPL,2025-01-13 04:30:00+00:00,145.54051946112483,146.5609782889077,143.80473216874614,146.24603262060145,146.24603262060145,1553464.0,sample,2026-09-24 19:05:19.244767+00:00
AAPL,2025-01-13 05:30:00+00:00,145.77050414464486,148.3110081924104,145.30565955746124,147.34687235648713,147.34687235648713,9669979.0,sample,2026-09-24 19:05:19.244767+00:00
AAPL,2025-01-13 06:30:00+00:00,147.57208016223314,148.45100846357596,146.15595034396583,148.1806983895018,148.1806983895018,16128388.0,sample,2026-09-24 19:05:19.244767+00:00
AAPL,2025-01-13 07:30:00+00:00,148.35810774185538,149.79242471120094,146.49472213440686,147.56404428763608,147.56404428763608,14033632.0,sample,2026-09-24 19:05:19.244767+00:00
AAPL,2025-01-13 08:30:00+00:00,147.24507398262506,148.16241963829538,145.65875357280547,147.88349949790452,147.88349949790452,10279095.0,sample,2026-09-24 19:05:19.244767+00:00
AAPL,2025-01-13 09:30:00+00:00,148.43734685489997,149.76404027041568,147.22984529648568,148.34937698641338,148.34937698641338,13001380.0,sample,2026-09-24 19:05:19.244767+00:00
AAPL,2025-01-13 10:30:00+00:00,148.10446159528968,149.1461360668191,147.93311306153166,148.9297801489507,148.9297801489507,4680221.0,sample,2026-09-24 19:05:19.244767+00:00
AAPL,2025-01-13 11:30:00+00:00,149.22708369633352,150.17253993115264,147.3297128308006,148.85318969980807,148.85318969980807,17426662.0,sample,2026-09-24 19:05:19.244767+00:00
AAPL,2025-01-13 12:30:00+00:00,149.0587906429985,149.51921583180624,148.3568597714186,148.9035056194524,148.9035056194524,7010478.0,sample,2026-09-24 19:05:19.244767+00:00
AAPL,2025-01-13 13:30:00+00:00,148.60090347260547,150.12742142183177,148.04384491400782,148.38405683672966,148.38405683672966,9336785.0,sample,2026-09-24 19:05:19.244767+00:00
AAPL,2025-01-13 14:30:00+00:00,148.23805442591615,149.845793229828,146.46060793019538,148.17288017662764,148.17288017662764,4035892.0,sample,2026-09-24 19:05:19.244767+00:00
AAPL,2025-01-13 15:30:00+00:00,148.35089959618813,148.65552993959164,147.21806924065848,147.49054373620203,147.49054373620203,13447406.0,sample,2026-09-24 19:05:19.244767+00:00
AAPL,2025-01-13 16:30:00+00:00,147.79686819362004,149.19717583114422,147.07501251577258,148.25149012698182,148.25149012698182,3752088.0,sample,2026-09-24 19:05:19.244767+00:00
AAPL,2025-01-13 17:30:00+00:00,148.04159041626102,149.13440214587465,147.25510179692242,147.95115795940626,147.95115795940626,10045833.0,sample,2026-09-24 19:05:19.244767+00:00
AAPL,2025-01-13 18:30:00+00:00,147.7574482377453,148.13547556872535,146.81253467139237,147.407590361225,147.407590361225,9493630.0,sample,2026-09-24 19:05:19.244767+00:00
AAPL,2025-01-13 19:30:00+00:00,147.02880776021476,147.7993006777181,146.6528632871693,147.58921257364455,147.58921257364455,16841340.0,sample,2026-09-24 19:05:19.244767+00:00
AAPL,2025-01-13 20:30:00+00:00,147.9669093957829,148.7171803018766,146.6461757431106,147.65964790065541,147.65964790065541,3081161.0,sample,2026-09-24 19:05:19.244767+00:00
AAPL,2025-01-13 21:30:00+00:00,147.9211027000503,149.10167122474826,146.08091649853276,147.2622368311022,147.2622368311022,7089776.0,sample,2026-09-24 19:05:19.244767+00:00
AAPL,2025-01-13 22:30:00+00:00,147.22608334556264,147.78261481206007,145.59584405219525,147.49163923879792,147.49163923879792,17917797.0,sample,2026-09-24 19:05:19.244767+00:00
AAPL,2025-01-13 23:30:00+00:00,147.10985069994618,147.97541346041947,145.36053673506035,147.13002628820067,147.13002628820067,14738803.0,sample,2026-09-24 19:05:19.244767+00:00
AAPL,2025-01-14 00:30:00+00:00,147.0772662011476,147.63134548756855,146.74798912016053,147.43783116664008,147.43783116664008,8209201.0,sample,2026-09-24 19:05:19.244767+00:00
AAPL,2025-01-14 01:30:00+00:00,147.43400544534347,148.53556643450224,146.78208536677866,147.42927659393484,147.42927659393484,6845331.0,sample,2026-09-24 19:05:19.244767+00:00
AAPL,2025-01-14 02:30:00+00:00,147.56777792395903,147.84854915053884,146.98175033188858,147.56491482216006,147.56491482216006,12646887.0,sample,2026-09-24 19:05:19.244767+00:00
AAPL,2025-01-14 03:30:00+00:00,147.0280790500379,148.711944762766,145.954223821908,147.34752986248273,147.34752986248273,17533402.0,sample,2026-09-24 19:05:19.244767+00:00
AAPL,2025-01-14 04:30:00+00:00,147.5538391074615,148.84236927761404,145.88555230321532,146.9608398300954,146.9608398300954,7270075.0,sample,2026-09-24 19:05:19.244767+00:00
AAPL,2025-01-14 05:30:00+00:00,146.87645228553708,147.87000864338347,145.9777084933644,147.11821214586033,147.11821214586033,3095695.0,sample,2026-09-24 19:05:19.244767+00:00
AAPL,2025-01-14 06:30:00+00:00,147.40397540369943,148.32570073428423,144.78303201057764,146.2038324502024,146.2038324502024,8544863.0,sample,2026-09-24 19:05:19.244767+00:00
AAPL,2025-01-14 07:30:00+00:00,146.36392543639232,148.4285146026686,145.65308381623677,147.02324758598175,147.02324758598175,14485035.0,sample,2026-09-24 19:05:19.244767+00:00
AAPL,2025-01-14 08:30:00+00:00,146.71998316727903,147.62835372518262,146.33899104496464,146.7628410139651,146.7628410139651,14324116.0,sample,2026-09-24 19:05:19.244767+00:00
AAPL,2025-01-14 09:30:00+00:00,146.76011553763385,148.66092666962433,145.37686319079913,147.99443442014848,147.99443442014848,8303339.0,sample,2026-09-24 19:05:19.244767+00:00
AAPL,2025-01-14 10:30:00+00:00,147.8473203318541,149.48463745609004,146.8267828649086,148.40007793061437,148.40007793061437,6516080.0,sample,2026-09-24 19:05:19.244767+00:00
AAPL,2025-01-14 11:30:00+00:00,148.4526806429846,148.9117302262154,147.36529778803492,148.35231413972406,148.35231413972406,11397541.0,sample,2026-09-24 19:05:19.244767+00:00
AAPL,2025-01-14 12:30:00+00:00,148.10536316775406,148.46268677252766,147.3666622818664,148.00238188884896,148.00238188884896,6359911.0,sample,2026-09-24 19:05:19.244767+00:00
AAPL,2025-01-14 13:30:00+00:00,147.86302325767542,149.37574433310562,146.51751578843053,148.31749459195402,148.31749459195402,3309079.0,sample,2026-09-24 19:05:19.244767+00:00
AAPL,2025-01-14 14:30:00+00:00,148.17006338734288,149.45636425999493,146.70447360760033,148.59972921972303,148.59972921972303,10763291.0,sample,2026-09-24 19:05:19.244767+00:00
AAPL,2025-01-14 15:30:00+00:00,148.061366310247,149.03892590381764,147.6568822921063,148.86365807278355,148.86365807278355,2279555.0,sample,2026-09-24 19:05:19.244767+00:00
AAPL,2025-01-14 16:30:00+00:00,148.99696139226072,149.87816394828727,148.83269247114075,149.37191602792674,149.37191602792674,14123288.0,sample,2026-09-24 19:05:19.244767+00:00
AAPL,2025-01-14 17:30:00+00:00,149.92972928173606,150.94575562346702,148.91148252590222,149.45155735258322,149.45155735258322,13447253.0,sample,2026-09-24 19:05:19.244767+00:00
AAPL,2025-01-14 18:30:00+00:00,149.3233787247851,151.76064402118547,147.66239112378787,150.14514551234254,150.14514551234254,1713552.0,sample,2026-09-24 19:05:19.244767+00:00
AAPL,2025-01-14 19:30:00+00:00,150.27089302318186,151.81253882966442,149.43156937134958,149.69259905765364,149.69259905765364,4534577.0,sample,2026-09-24 19:05:19.244767+00:00
AAPL,2025-01-14 20:30:00+00:00,149.5690793911488,150.2397236177773,148.71697196993492,149.57831445131794,149.57831445131794,3831567.0,sample,2026-09-24 19:05:19.244767+00:00
AAPL,2025-01-14 21:30:00+00:00,148.83527447935217,150.42853864897296,147.2398224509156,149.9569361072905,149.9569361072905,12113453.0,sample,2026-09-24 19:05:19.244767+00:00
AAPL,2025-01-14 22:30:00+00:00,149.66236030555058,150.831268204623,149.26408030867844,149.49725566274412,149.49725566274412,13776858.0,sample,2026-09-24 19:05:19.244767+00:00
AAPL,2025-01-14 23:30:00+00:00,149.97697541540654,151.6771440688893,148.00247552649597,149.53068631889124,149.53068631889124,10697847.0,sample,2026-09-24 19:05:19.244767+00:00
AAPL,2025-01-15 00:30:00+00:00,150.18564229197858,150.67370615722695,148.83901484484983,150.45914740006364,150.45914740006364,17221762.0,sample,2026-09-24 19:05:19.244767+00:00
AAPL,2025-01-15 01:30:00+00:00,150.45580356995603,151.05690139310133,149.38862329875008,150.53030394868892,150.53030394868892,6048621.0,sample,2026-09-24 19:05:19.244767+00:00
AAPL,2025-01-15 02:30:00+00:00,150.27710135558104,150.8296557124592,149.66701927795714,150.25537430803467,150.25537430803467,7249974.0,sample,2026-09-24 19:05:19.244767+00:00
AAPL,2025-01-15 03:30:00+00:00,150.493362425596,152.66917523001598,149.10326821158307,150.94323646230308,150.94323646230308,4144753.0,sample,2026-09-24 19:05:19.244767+00:00
AAPL,2025-01-15 04:30:00+00:00,150.6597862366069,152.08437828954814,148.8349188068676,150.26643374278765,150.26643374278765,13467475.0,sample,2026-09-24 19:05:19.244767+00:00
AAPL,2025-01-15 05:30:00+00:00,150.35120899421077,151.79325274314198,148.74315168757812,150.07476686218646,150.07476686218646,11687783.0,sample,2026-09-24 19:05:19.244767+00:00
AAPL,2025-01-15 06:30:00+00:00,150.07722825850928,151.6383280640768,149.04436935239485,150.72349959097792,150.72349959097792,17809422.0,sample,2026-09-24 19:05:19.244767+00:00
AAPL,2025-01-15 07:30:00+00:00,150.48865211379504,151.55804092941824,149.63535568715187,150.26746299724576,150.26746299724576,13076331.0,sample,2026-09-24 19:05:19.244767+00:00
AAPL,2025-01-15 08:30:00+00:00,150.44533417110065,150.61510105480187,150.0456392917736,150.43001107055716,150.43001107055716,3488120.0,sample,2026-09-24 19:05:19.244767+00:00
AAPL,2025-01-15 09:30:00+00:00,150.41045288609632,151.38081322009427,149.97652359702394,150.39550894194934,150.39550894194934,8852704.0,sample,2026-09-24 19:05:19.244767+00:00
AAPL,2025-01-15 10:30:00+00:00,150.91937168972066,152.98069679611794,149.24699201864755,151.3489348438465,151.3489348438465,5059789.0,sample,2026-09-24 19:05:19.244767+00:00
AAPL,2025-01-15 11:30:00+00:00,151.68977835015312,151.8510491679703,150.13922410865686,150.4980991774615,150.4980991774615,13531092.0,sample,2026-09-24 19:05:19.244767+00:00
AAPL,2025-01-15 12:30:00+00:00,150.52126209840358,150.7163985151669,149.48159170694882,150.18000575560865,150.18000575560865,16369784.0,sample,2026-09-24 19:05:19.244767+00:00
AAPL,2025-01-15 13:30:00+00:00,149.79138106071352,150.64801343929312,148.9677339058055,149.9924291279415,149.9924291279415,12606032.0,sample,2026-09-24 19:05:19.244767+00:00
AAPL,2025-01-15 14:30:00+00:00,149.6968759639851,151.5766648398388,149.34117184242876,150.2243597095637,150.2243597095637,11361677.0,sample,2026-09-24 19:05:19.244767+00:00
AAPL,2025-01-15 15:30:00+00:00,150.5417549254053,152.27581771625054,150.17100644417965,150.56391392830176,150.56391392830176,14643418.0,sample,2026-09-24 19:05:19.244767+00:00
AAPL,2025-01-15 16:30:00+00:00,150.80463007948188,151.79346415590513,149.23415477528857,150.8266861427972,150.8266861427972,3205594.0,sample,2026-09-24 19:05:19.244767+00:00
AAPL,2025-01-15 17:30:00+00:00,150.4858109946825,152.2328678507564,148.88957274296942,151.69288110311993,151.69288110311993,10822936.0,sample,2026-09-24 19:05:19.244767+00:00
AAPL,2025-01-15 18:30:00+00:00,151.70826217937184,153.51646620612306,150.16156973659702,152.10876952010923,152.10876952010923,6116698.0,sample,2026-09-24 19:05:19.244767+00:00
AAPL,2025-01-15 19:30:00+00:00,151.8739500485146,152.553985665139,150.18236114579392,151.3389846410644,151.3389846410644,17423381.0,sample,2026-09-24 19:05:19.244767+00:00
AAPL,2025-01-15 20:30:00+00:00,150.99330810157605,151.44545589592593,149.80102793427534,150.47424545118042,150.47424545118042,15793975.0,sample,2026-09-24 19:05:19.244767+00:00
AAPL,2025-01-15 21:30:00+00:00,149.95871211130535,150.32629070262976,148.74413073995916,150.1585921844391,150.1585921844391,1872316.0,sample,2026-09-24 19:05:19.244767+00:00
AAPL,2025-01-15 22:30:00+00:00,150.11626249291496,150.93305273311216,148.19446745940724,149.85070833241267,149.85070833241267,14971258.0,sample,2026-09-24 19:05:19.244767+00:00
AAPL,2025-01-15 23:30:00+00:00,149.83405684695902,150.3991786202278,148.10705366819607,149.5966131170393,149.5966131170393,17796559.0,sample,2026-09-24 19:05:19.244767+00:00
AAPL,2025-01-16 00:30:00+00:00,149.47654551173906,150.46812109086022,148.99478449417876,150.2329719169021,150.2329719169021,11049087.0,sample,2026-09-24 19:05:19.244767+00:00
AAPL,2025-01-16 01:30:00+00:00,149.85573203988983,151.57732826190082,149.26209496232104,149.86162744229247,149.86162744229247,3286792.0,sample,2026-09-24 19:05:19.244767+00:00
AAPL,2025-01-16 02:30:00+00:00,149.9450486252833,151.19522525624936,149.4784838535336,150.5354762756018,150.5354762756018,4756127.0,sample,2026-09-24 19:05:19.244767+00:00
AAPL,2025-01-16 03:30:00+00:00,150.36190844311594,152.94900704782137,149.7165770630909,151.236308293131,151.236308293131,6830660.0,sample,2026-09-24 19:05:19.244767+00:00
AAPL,2025-01-16 04:30:00+00:00,151.44234929530285,151.71121530088988,151.0257733182978,151.26273258973538,151.26273258973538,7544490.0,sample,2026-09-24 19:05:19.244767+00:00
AAPL,2025-01-16 05:30:00+00:00,151.32699669059434,152.2261334564901,150.1452829591481,150.95524831407445,150.95524831407445,11247516.0,sample,2026-09-24 19:05:19.244767+00:00
AAPL,2025-01-16 06:30:00+00:00,150.81707082238506,152.05295761250395,149.5074331403676,151.7426066443919,151.7426066443919,5623782.0,sample,2026-09-24 19:05:19.244767+00:00
AAPL,2025-01-16 07:30:00+00:00,152.0157876435831,153.02077502435029,151.06902890647618,151.23771791454016,151.23771791454016,7551248.0,sample,2026-09-24 19:05:19.244767+00:00
AAPL,2025-01-16 08:30:00+00:00,151.01031855593504,152.45182333519108,149.733048203403,151.53529937355324,151.53529937355324,14743015.0,sample,2026-09-24 19:05:19.244767+00:00
AAPL,2025-01-16 09:30:00+00:00,151.3227945773067,152.53887992682294,150.2268070971927,151.70818290384875,151.70818290384875,4901439.0,sample,2026-09-24 19:05:19.244767+00:00
AAPL,2025-01-16 10:30:00+00:00,151.7239620242937,152.95274080943656,150.90295743408902,152.50521833542916,152.50521833542916,7663125.0,sample,2026-09-24 19:05:19.244767+00:00
AAPL,2025-01-16 11:30:00+00:00,152.72888491153384,154.12967836525925,151.72177553136711,152.73192095222512,152.73192095222512,10393214.0,sample,2026-09-24 19:05:19.244767+00:00
AAPL,2025-01-16 12:30:00+00:00,152.6740531713617,154.26441408642114,152.06846101562257,152.75248050577102,152.75248050577102,2961097.0,sample,2026-09-24 19:05:19.244767+00:00
AAPL,2025-01-16 13:30:00+00:00,152.78660473621443,155.10354536484306,152.2871904238505,153.40623235909914,153.40623235909914,9949080.0,sample,2026-09-24 19:05:19.244767+00:00
AAPL,2025-01-16 14:30:00+00:00,153.48772952877243,153.69163473167103,151.87648022024436,153.18083573608712,153.18083573608712,12027118.0,sample,2026-09-24 19:05:19.244767+00:00
AAPL,2025-01-16 15:30:00+00:00,153.08114416163866,154.24707516931167,151.6514815906668,153.5334970192022,153.5334970192022,17967576.0,sample,2026-09-24 19:05:19.244767+00:00
AAPL,2025-01-16 16:30:00+00:00,153.61156595173105,154.7882713903154,152.466739461372,153.62271806318643,153.62271806318643,12969156.0,sample,2026-09-24 19:05:19.244767+00:00
AAPL,2025-01-16 17:30:00+00:00,153.68967801679344,155.26977771520905,152.74415180468614,153.6518241406173,153.6518241406173,5512699.0,sample,2026-09-24 19:05:19.244767+00:00
AAPL,2025-01-16 18:30:00+00:00,153.13669593129913,153.64312422763726,151.689527103159,152.75104189542816,152.75104189542816,17468057.0,sample,2026-09-24 19:05:19.244767+00:00
AAPL,2025-01-16 19:30:00+00:00,153.1481159920937,154.08388165686577,152.25424682081322,152.75613053555338,152.75613053555338,10451233.0,sample,2026-09-24 19:05:19.244767+00:00
AAPL,2025-01-16 20:30:00+00:00,153.19842653351355,154.00394171957115,150.3601346388405,152.1473361177003,152.1473361177003,4607581.0,sample,2026-09-24 19:05:19.244767+00:00
AAPL,2025-01-16 21:30:00+00:00,152.19349101407494,153.8440999228857,151.81038449883886,152.47785438152002,152.47785438152002,14017849.0,sample,2026-09-24 19:05:19.244767+00:00
AAPL,2025-01-16 22:30:00+00:00,152.79379711054088,155.18791293448882,151.62432450760724,153.93776154904359,153.93776154904359,6891978.0,sample,2026-09-24 19:05:19.244767+00:00
AAPL,2025-01-16 23:30:00+00:00,153.98219913156026,155.26764478785435,152.01079515097805,153.80630802296017,153.80630802296017,15498033.0,sample,2026-09-24 19:05:19.244767+00:00
AAPL,2025-01-17 00:30:00+00:00,154.05180741508119,155.53381161081927,153.1390366140858,154.37886287037657,154.37886287037657,15558056.0,sample,2026-09-24 19:05:19.244767+00:00
AAPL,2025-01-17 01:30:00+00:00,154.6899886101855,155.5773189203708,153.81087830202716,155.01076075337392,155.01076075337392,13940739.0,sample,2026-09-24 19:05:19.244767+00:00
AAPL,2025-01-17 02:30:00+00:00,154.8864997329688,155.20858392363806,152.7709420638888,154.30584521448105,154.30584521448105,12583828.0,sample,2026-09-24 19:05:19.244767+00:00
AAPL,2025-01-17 03:30:00+00:00,154.45410462976434,155.96191975097952,154.03951045554157,154.75127013394047,154.75127013394047,9731858.0,sample,2026-09-24 19:05:19.244767+00:00
AAPL,2025-01-17 04:30:00+00:00,155.1829679725842,156.55353131421958,154.063353723237,154.56401451822987,154.56401451822987,11015496.0,sample,2026-09-24 19:05:19.244767+00:00
AAPL,2025-01-17 05:30:00+00:00,154.90564141873725,155.30373586983154,152.71268086571928,154.3000370706314,154.3000370706314,7907961.0,sample,2026-09-24 19:05:19.244767+00:00
AAPL,2025-01-17 06:30:00+00:00,154.77855701575226,155.6185767084559,154.3963277198052,154.81499353319424,154.81499353319424,16935544.0,sample,2026-09-24 19:05:19.244767+00:00
AAPL,2025-01-17 07:30:00+00:00,155.272207465141,156.27077517540675,153.18470648184393,154.47884195197415,154.47884195197415,7995127.0,sample,2026-09-24 19:05:19.244767+00:00
AAPL,2025-01-17 08:30:00+00:00,154.67221975021417,156.10575460377197,152.90357366817767,154.1726209044741,154.1726209044741,2960190.0,sample,2026-09-24 19:05:19.244767+00:00
AAPL,2025-01-17 09:30:00+00:00,153.89390154667385,155.9309015401349,152.1385212830195,154.64851594995804,154.64851594995804,9198896.0,sample,2026-09-24 19:05:19.244767+00:00
AAPL,2025-01-17 10:30:00+00:00,154.84816205909576,157.22384270541835,153.85804049200217,155.45623413239488,155.45623413239488,10846348.0,sample,2026-09-24 19:05:19.244767+00:00
AAPL,2025-01-17 11:30:00+00:00,155.75248713512428,156.630757537829,154.98132414219998,155.50538504072748,155.50538504072748,17074905.0,sample,2026-09-24 19:05:19.244767+00:00
AAPL,2025-01-17 12:30:00+00:00,155.78302683265554,156.27261334978968,154.6666588438917,155.92879150243985,155.92879150243985,3874624.0,sample,2026-09-24 19:05:19.244767+00:00
AAPL,2025-01-17 13:30:00+00:00,155.7583762799475,156.78889828254339,153.6425882102329,155.0543238952558,155.0543238952558,17627821.0,sample,2026-09-24 19:05:19.244767+00:00
AAPL,2025-01-17 14:30:00+00:00,155.29879586614516,157.05565726930487,153.63755713276444,154.9991231760702,154.9991231760702,16047013.0,sample,2026-09-24 19:05:19.244767+00:00
AAPL,2025-01-17 15:30:00+00:00,154.84017670035058,155.950486632492,153.42154191397015,155.28422615835441,155.28422615835441,9203994.0,sample,2026-09-24 19:05:19.244767+00:00
AAPL,2025-01-17 16:30:00+00:00,155.52205860856506,156.7552686777663,153.35050491953078,154.7691968044484,154.7691968044484,1655666.0,sample,2026-09-24 19:05:19.244767+00:00
AAPL,2025-01-17 17:30:00+00:00,155.37746304524396,157.18592970742412,153.69471798573667,155.17649245107702,155.17649245107702,11126132.0,sample,2026-09-24 19:05:19.244767+00:00
AAPL,2025-01-17 18:30:00+00:00,154.8933654104742,156.77940166831772,153.75261690264716,155.3594782973489,155.3594782973489,7134388.0,sample,2026-09-24 19:05:19.244767+00:00
AAPL,2025-01-17 19:30:00+00:00,155.24625676589616,155.94007305712435,153.91101099583517,155.54501574948995,155.54501574948995,6533032.0,sample,2026-09-24 19:05:19.244767+00:00
AAPL,2025-01-17 20:30:00+00:00,155.57787531687953,157.27131156324648,154.79706960111056,156.29187474707385,156.29187474707385,11294929.0,sample,2026-09-24 19:05:19.244767+00:00
AAPL,2025-01-17 21:30:00+00:00,156.7066946022022,158.7494460623215,156.21014285964364,157.09288849941044,157.09288849941044,1672629.0,sample,2026-09-24 19:05:19.244767+00:00
AAPL,2025-01-17 22:30:00+00:00,158.13330114606302,158.95310231097562,155.30761545350984,156.3388692810209,156.3388692810209,6381380.0,sample,2026-09-24 19:05:19.244767+00:00
AAPL,2025-01-17 23:30:00+00:00,156.50074783903014,158.35857140013874,155.28346574846307,155.93743791112206,155.93743791112206,7213740.0,sample,2026-09-24 19:05:19.244767+00:00
AAPL,2025-01-18 00:30:00+00:00,155.98103999354623,156.8104619516059,154.54557905235424,156.28140725627193,156.28140725627193,9934301.0,sample,2026-09-24 19:05:19.244767+00:00
AAPL,2025-01-18 01:30:00+00:00,156.2426183409672,156.4172731119075,155.76278680993966,156.1011148864079,156.1011148864079,15906863.0,sample,2026-09-24 19:05:19.244767+00:00
AAPL,2025-01-18 02:30:00+00:00,155.52993872411957,157.79254288611403,154.8486710387516,157.3565935055561,157.3565935055561,4711591.0,sample,2026-09-24 19:05:19.244767+00:00
AAPL,2025-01-18 03:30:00+00:00,157.36336297722136,159.23703288240895,156.3166455776431,158.06209504986924,158.06209504986924,2924489.0,sample,2026-09-24 19:05:19.244767+00:00
AAPL,2025-01-18 04:30:00+00:00,158.11743598312344,158.92699653371727,156.9910745688452,157.55196284860602,157.55196284860602,5019141.0,sample,2026-09-24 19:05:19.244767+00:00
AAPL,2025-01-18 05:30:00+00:00,157.99244845761592,158.97465860853922,155.35594465085458,157.08408667050105,157.08408667050105,11075488.0,sample,2026-09-24 19:05:19.244767+00:00
AAPL,2025-01-18 06:30:00+00:00,156.4393293270534,157.3950729446981,155.87171024747835,156.29878588102923,156.29878588102923,5364284.0,sample,2026-09-24 19:05:19.244767+00:00
AAPL,2025-01-18 07:30:00+00:00,156.27902183722097,158.10351494812497,155.56039823775384,156.53898824047408,156.53898824047408,3090441.0,sample,2026-09-24 19:05:19.244767+00:00
AAPL,2025-01-18 08:30:00+00:00,156.61293573960046,157.59378611877904,154.42011740384487,156.16825971783052,156.16825971783052,6953927.0,sample,2026-09-24 19:05:19.244767+00:00
AAPL,2025-01-18 09:30:00+00:00,155.7837553328481,156.97554417174197,154.79020808675565,155.75442633995314,155.75442633995314,10051311.0,sample,2026-09-24 19:05:19.244767+00:00
AAPL,2025-01-18 10:30:00+00:00,156.14418338393247,156.99075211668028,154.54610504160294,154.97583668759842,154.97583668759842,17166174.0,sample,2026-09-24 19:05:19.244767+00:00
AAPL,2025-01-18 11:30:00+00:00,155.03126167224812,155.93606790218604,154.49477617714814,155.5361330763433,155.5361330763433,10897436.0,sample,2026-09-24 19:05:19.244767+00:00
AAPL,2025-01-18 12:30:00+00:00,155.7263433414417,156.03399764802947,153.71272584676862,155.07986572839354,155.07986572839354,2967011.0,sample,2026-09-24 19:05:19.244767+00:00
AAPL,2025-01-18 13:30:00+00:00,155.03462049265067,155.46011738807883,153.52998370097706,154.52670449006075,154.52670449006075,16469743.0,sample,2026-09-24 19:05:19.244767+00:00
AAPL,2025-01-18 14:30:00+00:00,154.42515607561035,155.84579021753825,152.50410890862835,153.37271812267048,153.37271812267048,8064923.0,sample,2026-09-24 19:05:19.244767+00:00
AAPL,2025-01-18 15:30:00+00:00,152.87722543572877,154.63288938682166,151.21433772459787,153.62891422224396,153.62891422224396,12922334.0,sample,2026-09-24 19:05:19.244767+00:00
AAPL,2025-01-18 16:30:00+00:00,153.8455914104815,154.20617443471843,152.1687134389795,153.77827439967368,153.77827439967368,7154323.0,sample,2026-09-24 19:05:19.244767+00:00
AAPL,2025-01-18 17:30:00+00:00,154.09862597477974,155.80373185284412,152.96678178878778,154.23643725574436,154.23643725574436,15716517.0,sample,2026-09-24 19:05:19.244767+00:00
AAPL,2025-01-18 18:30:00+00:00,154.42359956126052,156.70432355046492,152.93800051072694,155.13237197248404,155.13237197248404,11972813.0,sample,2026-09-24 19:05:19.244767+00:00
AAPL,2025-01-18 19:30:00+00:00,154.88133451698866,156.10428026518792,154.6820376215974,155.26872108062122,155.26872108062122,12647918.0,sample,2026-09-24 19:05:19.244767+00:00
AAPL,2025-01-18 20:30:00+00:00,155.06803744306407,156.67504179281323,153.93345508652348,155.06275528154956,155.06275528154956,16032123.0,sample,2026-09-24 19:05:19.244767+00:00
AAPL,2025-01-18 21:30:00+00:00,154.67142212116184,155.4374765636452,153.16135724839526,154.07889531065658,154.07889531065658,6512561.0,sample,2026-09-24 19:05:19.244767+00:00
AAPL,2025-01-18 22:30:00+00:00,154.00944196914742,155.53153026750215,153.44432153010533,154.1529671953348,154.1529671953348,10697765.0,sample,2026-09-24 19:05:19.244767+00:00
AAPL,2025-01-18 23:30:00+00:00,154.58696483566123,156.43095397307027,153.86661691790587,154.3782148452192,154.3782148452192,10891830.0,sample,2026-09-24 19:05:19.244767+00:00
AAPL,2025-01-19 00:30:00+00:00,154.58095112657864,155.3574304054898,153.1599050257214,154.54473908225643,154.54473908225643,11832309.0,sample,2026-09-24 19:05:19.244767+00:00
AAPL,2025-01-19 01:30:00+00:00,154.3289047739484,154.6342672104866,152.48114404695315,153.3532817145407,153.3532817145407,3324145.0,sample,2026-09-24 19:05:19.244767+00:00
AAPL,2025-01-19 02:30:00+00:00,152.9013302038992,154.914082045805,152.7386214048893,154.12070906147878,154.12070906147878,11659201.0,sample,2026-09-24 19:05:19.244767+00:00
AAPL,2025-01-19 03:30:00+00:00,154.1993973866288,154.84810744283018,153.78341372702536,154.51184807047517,154.51184807047517,11697614.0,sample,2026-09-24 19:05:19.244767+00:00
AAPL,2025-01-19 04:30:00+00:00,154.6543864637684,155.55434113613893,152.59733387742304,154.27877811838258,154.27877811838258,17669729.0,sample,2026-09-24 19:05:19.244767+00:00
AAPL,2025-01-19 05:30:00+00:00,154.2073042118962,156.0111299377516,152.6523168478762,154.11123037303014,154.11123037303014,16398946.0,sample,2026-09-24 19:05:19.244767+00:00
AAPL,2025-01-19 06:30:00+00:00,154.00069832833364,154.98548245679302,152.37818658984054,152.93968444459986,152.93968444459986,12960524.0,sample,2026-09-24 19:05:19.244767+00:00
AAPL,2025-01-19 07:30:00+00:00,152.77482295619419,153.89877532685696,152.53519841099603,153.14514189512167,153.14514189512167,15974413.0,sample,2026-09-24 19:05:19.244767+00:00
AAPL,2025-01-19 08:30:00+00:00,153.07383427825698,154.76402542198045,151.81501170962366,152.94251563167748,152.94251563167748,9964172.0,sample,2026-09-24 19:05:19.244767+00:00
AAPL,2025-01-19 09:30:00+00:00,152.6434400832376,152.87483321143299,151.2735294261757,152.2601366833526,152.2601366833526,2114537.0,sample,2026-09-24 19:05:19.244767+00:00
AAPL,2025-01-19 10:30:00+00:00,152.3312763324603,155.29221962536332,151.5608633342359,153.47495791253692,153.47495791253692,12853882.0,sample,2026-09-24 19:05:19.244767+00:00
AAPL,2025-01-19 11:30:00+00:00,153.60165184153269,155.48291596554694,152.97558497056232,154.43401369139178,154.43401369139178,1545198.0,sample,2026-09-24 19:05:19.244767+00:00
AAPL,2025-01-19 12:30:00+00:00,154.51278625206754,155.6303844651054,154.14820713916134,154.88957023139466,154.88957023139466,15291995.0,sample,2026-09-24 19:05:19.244767+00:00
AAPL,2025-01-19 13:30:00+00:00,154.92731441172614,156.52297085789755,153.60381861747862,154.88423804916854,154.88423804916854,17492908.0,sample,2026-09-24 19:05:19.244767+00:00
AAPL,2025-01-19 14:30:00+00:00,155.28605052845435,156.8473016807572,153.65192518329152,154.12483410729834,154.12483410729834,7994090.0,sample,2026-09-24 19:05:19.244767+00:00
AAPL,2025-01-19 15:30:00+00:00,154.03962738262513,154.48038315669478,152.50711494570527,154.1207043166351,154.1207043166351,13219128.0,sample,2026-09-24 19:05:19.244767+00:00
AAPL,2025-01-19 16:30:00+00:00,154.1259228475647,155.19770477472497,153.7052220243728,154.41836042585035,154.41836042585035,11347774.0,sample,2026-09-24 19:05:19.244767+00:00
AAPL,2025-01-19 17:30:00+00:00,154.9627818393135,156.28934493913889,153.17828581919446,154.35918606468294,154.35918606468294,1692988.0,sample,2026-09-24 19:05:19.244767+00:00
AAPL,2025-01-19 18:30:00+00:00,153.9205073036443,154.92609985626453,153.66534026453712,154.34513121108048,154.34513121108048,9091637.0,sample,2026-09-24 19:05:19.244767+00:00
AAPL,2025-01-19 19:30:00+00:00,153.71983442983407,155.20850082960433,152.01212835870834,154.46816026719407,154.46816026719407,2548604.0,sample,2026-09-24 19:05:19.244767+00:00
AAPL,2025-01-19 20:30:00+00:00,154.62366904091627,154.89706665696676,152.28538309454964,153.77084068756898,153.77084068756898,3505055.0,sample,2026-09-24 19:05:19.244767+00:00
AAPL,2025-01-19 21:30:00+00:00,153.70217792738688,155.99684230807415,152.2336496706685,154.28415268336332,154.28415268336332,11355656.0,sample,2026-09-24 19:05:19.244767+00:00
AAPL,2025-01-19 22:30:00+00:00,154.8729315838459,155.0947553795527,153.67837566249747,154.91466691788835,154.91466691788835,2441153.0,sample,2026-09-24 19:05:19.244767+00:00
AAPL,2025-01-19 23:30:00+00:00,155.2128964111654,156.1857557271778,154.1183672655027,154.65606208435037,154.65606208435037,5715016.0,sample,2026-09-24 19:05:19.244767+00:00
AAPL,2025-01-20 00:30:00+00:00,154.8898786408031,155.11821155305535,152.64272585457013,154.2348252080999,154.2348252080999,15459354.0,sample,2026-09-24 19:05:19.244767+00:00
AAPL,2025-01-20 01:30:00+00:00,154.48528312571358,156.2729242389951,153.63154956836573,155.55659247110555,155.55659247110555,7589345.0,sample,2026-09-24 19:05:19.244767+00:00
AAPL,2025-01-20 02:30:00+00:00,155.23816025535743,156.79380835934205,154.80760751493744,156.27614875237634,156.27614875237634,10308803.0,sample,2026-09-24 19:05:19.244767+00:00
AAPL,2025-01-20 03:30:00+00:00,156.30686642077535,158.06194892264054,153.852550592265,154.8403859974822,154.8403859974822,9540032.0,sample,2026-09-24 19:05:19.244767+00:00
AAPL,2025-01-20 04:30:00+00:00,155.4753314238174,155.915631741482,154.4523914411612,154.78488398767382,154.78488398767382,4170770.0,sample,2026-09-24 19:05:19.244767+00:00
AAPL,2025-01-20 05:30:00+00:00,154.397291489473,155.5118328407718,153.2460677352553,154.162365481415,154.162365481415,15177867.0,sample,2026-09-24 19:05:19.244767+00:00
AAPL,2025-01-20 06:30:00+00:00,154.14936696497196,155.74375146795379,152.42934974285168,153.60882974851378,153.60882974851378,15362681.0,sample,2026-09-24 19:05:19.244767+00:00
AAPL,2025-01-20 07:30:00+00:00,153.2884847516392,154.17666429232267,151.42460948443784,153.19319962357704,153.19319962357704,7524559.0,sample,2026-09-24 19:05:19.244767+00:00
AAPL,2025-01-20 08:30:00+00:00,153.37731679193394,153.70918251204827,152.21561642234977,153.22715999639752,153.22715999639752,5079371.0,sample,2026-09-24 19:05:19.244767+00:00
AAPL,2025-01-20 09:30:00+00:00,153.5070703022064,154.58117934018787,152.84920060937614,153.15399512853477,153.15399512853477,17596422.0,sample,2026-09-24 19:05:19.244767+00:00
AAPL,2025-01-20 10:30:00+00:00,152.8679093095902,153.7984715213146,151.95142143790818,152.37044496813084,152.37044496813084,12603194.0,sample,2026-09-24 19:05:19.244767+00:00
AAPL,2025-01-20 11:30:00+00:00,152.36620969921256,153.2571800818113,151.5539239804987,151.71740531336505,151.71740531336505,17162648.0,sample,2026-09-24 19:05:19.244767+00:00
AAPL,2025-01-20 12:30:00+00:00,152.12669507544257,152.4562777945167,149.81804299652694,150.4798049189807,150.4798049189807,2747098.0,sample,2026-09-24 19:05:19.244767+00:00
AAPL,2025-01-20 13:30:00+00:00,150.50424480209617,151.06829629504392,149.4981337643927,150.4329441133324,150.4329441133324,9643133.0,sample,2026-09-24 19:05:19.244767+00:00
AAPL,2025-01-20 14:30:00+00:00,150.11919628458946,151.1019819002962,149.3891108190273,150.60206453175653,150.60206453175653,17830588.0,sample,2026-09-24 19:05:19.244767+00:00
AAPL,2025-01-20 15:30:00+00:00,150.7376880695589,152.2001538415631,149.36319200394308,151.12927184892916,151.12927184892916,16577394.0,sample,2026-09-24 19:05:19.244767+00:00
AAPL,2025-01-20 16:30:00+00:00,151.71981622820937,152.63250825110796,151.33049575871087,151.73113817890388,151.73113817890388,9913893.0,sample,2026-09-24 19:05:19.244767+00:00
AAPL,2025-01-20 17:30:00+00:00,151.31166046459518,152.4202341357635,150.30881671666992,151.79850901824204,151.79850901824204,1804873.0,sample,2026-09-24 19:05:19.244767+00:00
AAPL,2025-01-20 18:30:00+00:00,151.6625368101439,152.55089123788608,150.05967340844566,151.5610646802784,151.5610646802784,16982582.0,sample,2026-09-24 19:05:19.244767+00:00
AAPL,2025-01-20 19:30:00+00:00,151.4716222857824,153.06392332232406,150.58440256970636,152.87178167978595,152.87178167978595,8539276.0,sample,2026-09-24 19:05:19.244767+00:00
AAPL,2025-01-20 20:30:00+00:00,153.02547534540614,154.22445446433537,151.32729993577317,152.31384009430369,152.31384009430369,9273073.0,sample,2026-09-24 19:05:19.244767+00:00
AAPL,2025-01-20 21:30:00+00:00,152.4023353775727,153.31544387099711,149.75338336630378,151.49701696973213,151.49701696973213,17992150.0,sample,2026-09-24 19:05:19.244767+00:00
AAPL,2025-01-20 22:30:00+00:00,151.67280769463207,151.97430626564795,150.31550965607894,151.22506899465986,151.22506899465986,5525744.0,sample,2026-09-24 19:05:19.244767+00:00
AAPL,2025-01-20 23:30:00+00:00,151.78591770994692,153.12055588534645,150.35388548843815,151.35037263901964,151.35037263901964,12410015.0,sample,2026-09-24 19:05:19.244767+00:00
AAPL,2025-01-21 00:30:00+00:00,151.3349525816515,152.63291619096887,149.53073583575713,152.17751633434494,152.17751633434494,6607348.0,sample,2026-09-24 19:05:19.244767+00:00
AAPL,2025-01-21 01:30:00+00:00,151.9211606865337,153.63391954258418,151.0643233554254,151.8974726390257,151.8974726390257,1502072.0,sample,2026-09-24 19:05:19.244767+00:00
AAPL,2025-01-21 02:30:00+00:00,151.92320118240485,153.5096026426441,150.147422244872,150.92352874828276,150.92352874828276,15530931.0,sample,2026-09-24 19:05:19.244767+00:00
AAPL,2025-01-21 03:30:00+00:00,151.37690996882017,151.62418507185524,150.59868549239712,151.37438627436654,151.37438627436654,6249008.0,sample,2026-09-24 19:05:19.244767+00:00
AAPL,2025-01-21 04:30:00+00:00,151.3202964637618,152.62937288363608,150.3277693448162,151.10866565821738,151.10866565821738,8517030.0,sample,2026-09-24 19:05:19.244767+00:00
AAPL,2025-01-21 05:30:00+00:00,151.31146985403498,152.71748557157892,149.13753312518585,150.47141442899562,150.47141442899562,8184830.0,sample,2026-09-24 19:05:19.244767+00:00
AAPL,2025-01-21 06:30:00+00:00,150.5134242364147,151.16673538463547,149.6798072773036,149.93054286468737,149.93054286468737,17989307.0,sample,2026-09-24 19:05:19.244767+00:00
AAPL,2025-01-21 07:30:00+00:00,149.8747117380655,150.3356560038634,149.15259671785242,150.01659973893337,150.01659973893337,6308135.0,sample,2026-09-24 19:05:19.244767+00:00
AAPL,2025-01-21 08:30:00+00:00,149.89316399373675,151.4351880195958,148.5492386411989,148.96708541633393,148.96708541633393,11619142.0,sample,2026-09-24 19:05:19.244767+00:00
AAPL,2025-01-21 09:30:00+00:00,149.23658538798406,150.8688035673376,149.0339850314189,149.85576284676299,149.85576284676299,11965807.0,sample,2026-09-24 19:05:19.244767+00:00
AAPL,2025-01-21 10:30:00+00:00,149.7026993764502,150.47324799192833,147.9064503212037,149.76162578357244,149.76162578357244,3234679.0,sample,2026-09-24 19:05:19.244767+00:00
AAPL,2025-01-21 11:30:00+00:00,149.70014474048943,150.2589250928917,147.95732903535927,149.7955114593446,149.7955114593446,13792602.0,sample,2026-09-24 19:05:19.244767+00:00
AAPL,2025-01-21 12:30:00+00:00,149.28819807228615,150.8032537035082,148.77951503089915,150.43134469245155,150.43134469245155,5684000.0,sample,2026-09-24 19:05:19.244767+00:00
AAPL,2025-01-21 13:30:00+00:00,150.36227225171046,151.830394299019,148.9616841801681,149.9878277410954,149.9878277410954,3743053.0,sample,2026-09-24 19:05:19.244767+00:00
AAPL,2025-01-21 14:30:00+00:00,149.92891210634374,151.40314651403685,148.50636714531134,150.0304785506515,150.0304785506515,16452112.0,sample,2026-09-24 19:05:19.244767+00:00
AAPL,2025-01-21 15:30:00+00:00,150.06729896252764,150.984062028429,148.77512779153403,149.98474568053538,149.98474568053538,13330716.0,sample,2026-09-24 19:05:19.244767+00:00
AAPL,2025-01-21 16:30:00+00:00,149.81797188614922,150.5135919043145,149.17515635060437,150.27869700092063,150.27869700092063,13124770.0,sample,2026-09-24 19:05:19.244767+00:00
AAPL,2025-01-21 17:30:00+00:00,149.88282478281084,152.8916641700148,148.11177349193196,151.76161331110308,151.76161331110308,17763059.0,sample,2026-09-24 19:05:19.244767+00:00
AAPL,2025-01-21 18:30:00+00:00,151.86053773360067,152.66976041925957,150.37740165589534,151.10182073456875,151.10182073456875,7566457.0,sample,2026-09-24 19:05:19.244767+00:00
AAPL,2025-01-21 19:30:00+00:00,151.26275189617056,152.59174555594035,150.18959842561534,151.06564071379074,151.06564071379074,14897872.0,sample,2026-09-24 19:05:19.244767+00:00
AAPL,2025-01-21 20:30:00+00:00,150.84816999328245,153.82083790043023,150.0540832824242,152.3552845612373,152.3552845612373,11400397.0,sample,2026-09-24 19:05:19.244767+00:00
AAPL,2025-01-21 21:30:00+00:00,152.41545927048537,152.860686095276,150.3551832143419,151.8133243925409,151.8133243925409,2823377.0,sample,2026-09-24 19:05:19.244767+00:00
AAPL,2025-01-21 22:30:00+00:00,151.6602893511706,153.16428580369615,150.33389997789376,152.8029634891808,152.8029634891808,9324965.0,sample,2026-09-24 19:05:19.244767+00:00
AAPL,2025-01-21 23:30:00+00:00,152.73398667058547,154.6733159345842,151.6341966845969,152.85783382691682,152.85783382691682,17841079.0,sample,2026-09-24 19:05:19.244767+00:00
AAPL,2025-01-22 00:30:00+00:00,152.88515024495163,154.83259603863814,152.3161652298116,153.49548751838356,153.49548751838356,5845224.0,sample,2026-09-24 19:05:19.244767+00:00
AAPL,2025-01-22 01:30:00+00:00,153.31218971492206,154.0573046199784,152.18697123292463,153.8472132895495,153.8472132895495,15645807.0,sample,2026-09-24 19:05:19.244767+00:00
AAPL,2025-01-22 02:30:00+00:00,153.52188063968848,155.42521604378484,151.73662224965997,154.05012401880046,154.05012401880046,12877865.0,sample,2026-09-24 19:05:19.244767+00:00
AAPL,2025-01-22 03:30:00+00:00,154.62291168798208,155.9155829454168,152.0009518983914,153.50885910577512,153.50885910577512,15600409.0,sample,2026-09-24 19:05:19.244767+00:00
AAPL,2025-01-22 04:30:00+00:00,153.443298929822,154.58985866893315,151.66545019406408,153.42495005817892,153.42495005817892,4738983.0,sample,2026-09-24 19:05:19.244767+00:00
AAPL,2025-01-22 05:30:00+00:00,153.47822593329758,154.9082793697397,153.09547902088224,153.85283731384538,153.85283731384538,9577080.0,sample,2026-09-24 19:05:19.244767+00:00
AAPL,2025-01-22 06:30:00+00:00,154.24065764929927,155.90680207997104,151.84170831247863,153.62293783993815,153.62293783993815,4872594.0,sample,2026-09-24 19:05:19.244767+00:00
AAPL,2025-01-22 07:30:00+00:00,153.9508217929576,154.81603171585795,152.80477715171088,152.96428749366692,152.96428749366692,8243650.0,sample,2026-09-24 19:05:19.244767+00:00
AAPL,2025-01-22 08:30:00+00:00,152.6556415831007,154.0423199561313,152.0813787065263,152.3720327320121,152.3720327320121,14977696.0,sample,2026-09-24 19:05:19.244767+00:00
AAPL,2025-01-22 09:30:00+00:00,152.20948991587892,153.50601092375157,151.70149353783282,153.2435843368903,153.2435843368903,16924359.0,sample,2026-09-24 19:05:19.244767+00:00
AAPL,2025-01-22 10:30:00+00:00,154.13229169260788,155.8239170984543,152.63202952088903,154.23247472554078,154.23247472554078,2772259.0,sample,2026-09-24 19:05:19.244767+00:00
AAPL,2025-01-22 11:30:00+00:00,154.24964931937427,155.8501476506551,151.9670075418843,153.7969714140445,153.7969714140445,9917542.0,sample,2026-09-24 19:05:19.244767+00:00
AAPL,2025-01-22 12:30:00+00:00,154.0418729738406,155.73621444593036,152.13517333254265,153.791008834795,153.791008834795,5727972.0,sample,2026-09-24 19:05:19.244767+00:00
AAPL,2025-01-22 13:30:00+00:00,153.87421732351694,154.7377917406344,152.67211350307556,154.56420471419543,154.56420471419543,5340413.0,sample,2026-09-24 19:05:19.244767+00:00
AAPL,2025-01-22 14:30:00+00:00,154.48687568942867,155.8273296688895,153.284128121497,154.75272507580138,154.75272507580138,10448192.0,sample,2026-09-24 19:05:19.244767+00:00
AAPL,2025-01-22 15:30:00+00:00,154.7616182896759,155.2744943334074,154.21113779061832,154.80132869267553,154.80132869267553,8300726.0,sample,2026-09-24 19:05:19.244767+00:00
AAPL,2025-01-22 16:30:00+00:00,154.87803879264334,156.50063535682702,153.53710848625386,155.1916770157939,155.1916770157939,4751252.0,sample,2026-09-24 19:05:19.244767+00:00
AAPL,2025-01-22 17:30:00+00:00,155.29027774937236,155.7554771520327,153.08922017404652,154.5126354162842,154.5126354162842,16899249.0,sample,2026-09-24 19:05:19.244767+00:00
AAPL,2025-01-22 18:30:00+00:00,153.70267028524896,155.70770083635978,152.65743668878213,154.0976033750631,154.0976033750631,14031160.0,sample,2026-09-24 19:05:19.244767+00:00
AAPL,2025-01-22 19:30:00+00:00,153.93111358527585,155.47334214791871,153.10946419437056,154.57761111883883,154.57761111883883,13341032.0,sample,2026-09-24 19:05:19.244767+00:00
AAPL,2025-01-22 20:30:00+00:00,154.3260172154001,155.3953218758714,153.57634455639325,154.70985564415346,154.70985564415346,7052479.0,sample,2026-09-24 19:05:19.244767+00:00
AAPL,2025-01-22 21:30:00+00:00,154.1284914500028,156.22310817646135,153.63332250763386,155.00394811920512,155.00394811920512,3806817.0,sample,2026-09-24 19:05:19.244767+00:00
AAPL,2025-01-22 22:30:00+00:00,154.7130192810398,156.74847343653045,153.3570899540819,155.06842752040566,155.06842752040566,4622488.0,sample,2026-09-24 19:05:19.244767+00:00
AAPL,2025-01-22 23:30:00+00:00,154.37419069792824,155.62084208071045,153.12464472158786,154.2775687889417,154.2775687889417,15821808.0,sample,2026-09-24 19:05:19.244767+00:00
AAPL,2025-01-23 00:30:00+00:00,154.8180186303583,155.45760633164699,152.70817970207654,154.54707853062274,154.54707853062274,8650963.0,sample,2026-09-24 19:05:19.244767+00:00
AAPL,2025-01-23 01:30:00+00:00,154.38234770163103,156.42569534465215,153.70600176656268,155.35982204014513,155.35982204014513,6145682.0,sample,2026-09-24 19:05:19.244767+00:00
AAPL,2025-01-23 02:30:00+00:00,155.1923312198359,157.17791261705696,154.41206957951113,155.68897134463265,155.68897134463265,5259017.0,sample,2026-09-24 19:05:19.244767+00:00
AAPL,2025-01-23 03:30:00+00:00,155.90973843831802,156.93493529998133,154.62615407406267,156.1540836172226,156.1540836172226,10145935.0,sample,2026-09-24 19:05:19.244767+00:00
AAPL,2025-01-23 04:30:00+00:00,156.06773445990922,157.84857169764237,155.30787994578222,155.57711580750063,155.57711580750063,4494967.0,sample,2026-09-24 19:05:19.244767+00:00
AAPL,2025-01-23 05:30:00+00:00,155.76950420741943,156.16446710220785,154.1916454593588,155.42979820403983,155.42979820403983,6830208.0,sample,2026-09-24 19:05:19.244767+00:00
AAPL,2025-01-23 06:30:00+00:00,155.3115650959916,155.81069015497724,153.37676123327415,155.1556592290394,155.1556592290394,12764118.0,sample,2026-09-24 19:05:19.244767+00:00
AAPL,2025-01-23 07:30:00+00:00,155.1157907924151,155.8707694522948,153.0639215007738,154.85028043835493,154.85028043835493,5708195.0,sample,2026-09-24 19:05:19.244767+00:00
AAPL,2025-01-23 08:30:00+00:00,154.72960983268814,154.94970600603605,154.01548977825573,154.47510117550368,154.47510117550368,10265440.0,sample,2026-09-24 19:05:19.244767+00:00
AAPL,2025-01-23 09:30:00+00:00,154.73281729267714,156.25511365551714,154.19277909583633,154.84978989775283,154.84978989775283,14536265.0,sample,2026-09-24 19:05:19.244767+00:00
AAPL,2025-01-23 10:30:00+00:00,154.6664322858209,156.75568870889768,153.39382941277728,155.20078638374335,155.20078638374335,17790989.0,sample,2026-09-24 19:05:19.244767+00:00
AAPL,2025-01-23 11:30:00+00:00,154.40886335892048,156.08838283437552,153.02686525707313,155.73473401828437,155.73473401828437,5404433.0,sample,2026-09-24 19:05:19.244767+00:00
AAPL,2025-01-23 12:30:00+00:00,155.74165906885986,158.60201085837505,153.98270618891473,156.87007120465884,156.87007120465884,8439716.0,sample,2026-09-24 19:05:19.244767+00:00
AAPL,2025-01-23 13:30:00+00:00,157.16369840979306,157.98023335035896,155.26905225313993,156.9882531261784,156.9882531261784,14443385.0,sample,2026-09-24 19:05:19.244767+00:00
AAPL,2025-01-23 14:30:00+00:00,156.7481271439559,159.11376905430757,155.43581342833068,157.2910737582138,157.2910737582138,9096643.0,sample,2026-09-24 19:05:19.244767+00:00
AAPL,2025-01-23 15:30:00+00:00,156.94275199803002,158.0056344096311,155.78236057996963,157.41333839748864,157.41333839748864,14616034.0,sample,2026-09-24 19:05:19.244767+00:00
AAPL,2025-01-23 16:30:00+00:00,157.20723775521682,157.6625224679245,154.7559369919729,156.4092464674826,156.4092464674826,4163782.0,sample,2026-09-24 19:05:19.244767+00:00
AAPL,2025-01-23 17:30:00+00:00,155.66768675755605,157.12314495788337,153.8277627439866,155.756502241491,155.756502241491,6744923.0,sample,2026-09-24 19:05:19.244767+00:00
AAPL,2025-01-23 18:30:00+00:00,155.41971456387046,156.2986286053012,154.2491299075623,156.05784307356194,156.05784307356194,5364010.0,sample,2026-09-24 19:05:19.244767+00:00
AAPL,2025-01-23 19:30:00+00:00,155.80635399105358,156.5624010324585,154.7278442999281,155.79299354519475,155.79299354519475,5529040.0,sample,2026-09-24 19:05:19.244767+00:00
AAPL,2025-01-23 20:30:00+00:00,155.99785044258422,156.4326801394333,154.1733963227686,155.77017525737037,155.77017525737037,4828432.0,sample,2026-09-24 19:05:19.244767+00:00
AAPL,2025-01-23 21:30:00+00:00,155.60968514928666,157.3498502661715,154.44681448403057,154.89406085151714,154.89406085151714,17815294.0,sample,2026-09-24 19:05:19.244767+00:00
AAPL,2025-01-23 22:30:00+00:00,155.10280643780257,155.78916051508688,153.90784460212876,155.0812647320773,155.0812647320773,8846999.0,sample,2026-09-24 19:05:19.244767+00:00
AAPL,2025-01-23 23:30:00+00:00,154.64613102523774,156.183741942362,154.15722252677978,154.9061988991399,154.9061988991399,10640075.0,sample,2026-09-24 19:05:19.244767+00:00
AAPL,2025-01-24 00:30:00+00:00,155.66104881988883,156.12279557765285,153.65776022418723,155.03073806393155,155.03073806393155,11452809.0,sample,2026-09-24 19:05:19.244767+00:00
AAPL,2025-01-24 01:30:00+00:00,154.74624025249426,156.18992857112536,154.24336006326087,155.15877031298618,155.15877031298618,15481083.0,sample,2026-09-24 19:05:19.244767+00:00
AAPL,2025-01-24 02:30:00+00:00,154.82133824767362,155.18293148519743,153.11484564197931,154.16216181162338,154.16216181162338,9906993.0,sample,2026-09-24 19:05:19.244767+00:00
AAPL,2025-01-24 03:30:00+00:00,154.5539783899385,155.29341686015033,152.70400621691664,154.85200439122113,154.85200439122113,16393446.0,sample,2026-09-24 19:05:19.244767+00:00
AAPL,2025-01-24 04:30:00+00:00,154.49149091225897,154.7039807687281,152.74832868054125,154.078416795312,154.078416795312,5025315.0,sample,2026-09-24 19:05:19.244767+00:00
AAPL,2025-01-24 05:30:00+00:00,154.14975701765675,155.13521426133312,153.55123388165055,153.90281910815744,153.90281910815744,5664095.0,sample,2026-09-24 19:05:19.244767+00:00
AAPL,2025-01-24 06:30:00+00:00,154.75941756077827,156.0202637599345,153.15292621535235,153.6271074125766,153.6271074125766,6182621.0,sample,2026-09-24 19:05:19.244767+00:00
AAPL,2025-01-24 07:30:00+00:00,153.4508047662388,155.9972993178047,151.6223548344821,154.27162192763566,154.27162192763566,14704192.0,sample,2026-09-24 19:05:19.244767+00:00
AAPL,2025-01-24 08:30:00+00:00,153.66073591826665,156.18723208808618,151.9792480426383,154.347249048748,154.347249048748,16637168.0,sample,2026-09-24 19:05:19.244767+00:00
AAPL,2025-01-24 09:30:00+00:00,154.3474588457762,156.29323282561845,153.1616708829545,154.95138588156144,154.95138588156144,16860475.0,sample,2026-09-24 19:05:19.244767+00:00
AAPL,2025-01-24 10:30:00+00:00,154.72757340150716,156.3464291547066,153.9597252844938,155.0869625333076,155.0869625333076,17365300.0,sample,2026-09-24 19:05:19.244767+00:00
AAPL,2025-01-24 11:30:00+00:00,154.78235666597826,155.35247968347582,153.50718389619527,155.08129433407808,155.08129433407808,4020477.0,sample,2026-09-24 19:05:19.244767+00:00
AAPL,2025-01-24 12:30:00+00:00,155.22599233768977,157.05848991699764,154.28407469263138,154.5911276350877,154.5911276350877,14924602.0,sample,2026-09-24 19:05:19.244767+00:00
AAPL,2025-01-24 13:30:00+00:00,154.89099850735963,155.45204723630505,153.0745989334831,154.30933076791575,154.30933076791575,8999617.0,sample,2026-09-24 19:05:19.244767+00:00
AAPL,2025-01-24 14:30:00+00:00,154.42212167960975,155.16770776288757,153.1902516699094,154.3416304041469,154.3416304041469,15548095.0,sample,2026-09-24 19:05:19.244767+00:00
AAPL,2025-01-24 15:30:00+00:00,154.43480090367584,155.71282304345078,153.2983068020808,154.50987917106738,154.50987917106738,14983749.0,sample,2026-09-24 19:05:19.244767+00:00
AAPL,2025-01-24 16:30:00+00:00,154.02627577946328,155.16747673448322,152.83082907186446,154.1224253336911,154.1224253336911,2021547.0,sample,2026-09-24 19:05:19.244767+00:00
AAPL,2025-01-24 17:30:00+00:00,153.94329645396672,155.5574303804663,153.65467991545674,155.00234006709036,155.00234006709036,4238524.0,sample,2026-09-24 19:05:19.244767+00:00
AAPL,2025-01-24 18:30:00+00:00,155.23716549369786,156.13824285039934,154.43876760166435,155.1990184108186,155.1990184108186,1700372.0,sample,2026-09-24 19:05:19.244767+00:00
AAPL,2025-01-24 19:30:00+00:00,154.83586404258332,156.339694296384,154.00663669866415,154.52147242065058,154.52147242065058,11804114.0,sample,2026-09-24 19:05:19.244767+00:00
AAPL,2025-01-24 20:30:00+00:00,154.64428714534543,156.4425954355735,154.12796480876298,155.45310277617736,155.45310277617736,3243368.0,sample,2026-09-24 19:05:19.244767+00:00
AAPL,2025-01-24 21:30:00+00:00,155.1497012941358,156.09611086725536,153.60647395379448,154.418448109354,154.418448109354,12482874.0,sample,2026-09-24 19:05:19.244767+00:00
AAPL,2025-01-24 22:30:00+00:00,154.67923471219052,156.43315084827685,153.8238454912316,154.67213389746016,154.67213389746016,10600663.0,sample,2026-09-24 19:05:19.244767+00:00
AAPL,2025-01-24 23:30:00+00:00,154.37251035399,155.1160092438634,153.16688657900727,154.34542071713932,154.34542071713932,11427566.0,sample,2026-09-24 19:05:19.244767+00:00
AAPL,2025-01-25 00:30:00+00:00,154.56654526178085,156.58580496481648,153.4997543179503,155.3296364200726,155.3296364200726,3853284.0,sample,2026-09-24 19:05:19.244767+00:00
AAPL,2025-01-25 01:30:00+00:00,155.55152709810434,156.7646993435769,154.0428205521018,155.85929165810478,155.85929165810478,11627084.0,sample,2026-09-24 19:05:19.244767+00:00
AAPL,2025-01-25 02:30:00+00:00,155.85254431633626,156.92220995719595,154.40313753238453,155.14403287365732,155.14403287365732,13382900.0,sample,2026-09-24 19:05:19.244767+00:00
AAPL,2025-01-25 03:30:00+00:00,155.0722258366302,156.01444761726097,154.19759380162003,155.77913611994487,155.77913611994487,14019579.0,sample,2026-09-24 19:05:19.244767+00:00
AAPL,2025-01-25 04:30:00+00:00,155.3701431312828,156.7952541057053,152.83424995736948,154.5364117864319,154.5364117864319,8269378.0,sample,2026-09-24 19:05:19.244767+00:00
AAPL,2025-01-25 05:30:00+00:00,154.09835191822944,155.270072639659,153.0958881510425,155.06326276721617,155.06326276721617,17354618.0,sample,2026-09-24 19:05:19.244767+00:00
AAPL,2025-01-25 06:30:00+00:00,155.70497278092358,155.94052256790323,153.791363309656,155.0448678193295,155.0448678193295,17348846.0,sample,2026-09-24 19:05:19.244767+00:00
AAPL,2025-01-25 07:30:00+00:00,154.76650981967103,155.46033423035553,153.44506935779899,154.4911456109113,154.4911456109113,7119940.0,sample,2026-09-24 19:05:19.244767+00:00
AAPL,2025-01-25 08:30:00+00:00,153.8761871375816,156.6578093752094,152.63744790436215,155.10883562278255,155.10883562278255,12877585.0,sample,2026-09-24 19:05:19.244767+00:00
AAPL,2025-01-25 09:30:00+00:00,155.18109813514405,156.97980556401376,154.81861443059796,155.60087582703446,155.60087582703446,6686220.0,sample,2026-09-24 19:05:19.244767+00:00
AAPL,2025-01-25 10:30:00+00:00,155.41863542451236,156.03690641493458,154.5067645213925,155.7314507072212,155.7314507072212,16399475.0,sample,2026-09-24 19:05:19.244767+00:00
AAPL,2025-01-25 11:30:00+00:00,155.7417348401629,156.31126199646525,154.80186026389623,155.92024490235008,155.92024490235008,11714788.0,sample,2026-09-24 19:05:19.244767+00:00
AAPL,2025-01-25 12:30:00+00:00,155.89345707387602,156.4389668617421,155.138499290645,156.18251956554906,156.18251956554906,4519244.0,sample,2026-09-24 19:05:19.244767+00:00
AAPL,2025-01-25 13:30:00+00:00,155.78108662268727,156.13582413839916,155.25888420860716,155.97188529017922,155.97188529017922,5284768.0,sample,2026-09-24 19:05:19.244767+00:00
AAPL,2025-01-25 14:30:00+00:00,155.31276512293616,156.66910510392614,153.86755164820138,156.33236770529254,156.33236770529254,7796020.0,sample,2026-09-24 19:05:19.244767+00:00
AAPL,2025-01-25 15:30:00+00:00,156.29283387914373,156.73476561290877,153.35425245992232,155.1826660210703,155.1826660210703,2655041.0,sample,2026-09-24 19:05:19.244767+00:00
AAPL,2025-01-25 16:30:00+00:00,155.52812913646298,156.61460199314777,152.2690082111501,153.10740831459267,153.10740831459267,5284829.0,sample,2026-09-24 19:05:19.244767+00:00
AAPL,2025-01-25 17:30:00+00:00,152.96823132767344,154.0073381392125,152.56198455759449,153.40174241124612,153.40174241124612,14751463.0,sample,2026-09-24 19:05:19.244767+00:00
AAPL,2025-01-25 18:30:00+00:00,153.44901302095164,155.05980390865096,152.15622884608626,153.6502699385967,153.6502699385967,1893884.0,sample,2026-09-24 19:05:19.244767+00:00
AAPL,2025-01-25 19:30:00+00:00,153.8607332865516,154.85287232732534,151.4254842081855,153.2500183442995,153.2500183442995,2033442.0,sample,2026-09-24 19:05:19.244767+00:00
AAPL,2025-01-25 20:30:00+00:00,153.0446579768737,153.60859926781689,150.76828458845293,152.59872247967502,152.59872247967502,12511974.0,sample,2026-09-24 19:05:19.244767+00:00
AAPL,2025-01-25 21:30:00+00:00,152.3363779586551,154.77305573180467,151.10890723476456,153.41590400478512,153.41590400478512,11410840.0,sample,2026-09-24 19:05:19.244767+00:00
AAPL,2025-01-25 22:30:00+00:00,153.2168175451143,153.61300406953555,151.80106315145866,153.1099188182663,153.1099188182663,12982579.0,sample,2026-09-24 19:05:19.244767+00:00
AAPL,2025-01-25 23:30:00+00:00,153.35349602233086,154.81464549468487,151.57475672162118,152.74901948173388,152.74901948173388,15829453.0,sample,2026-09-24 19:05:19.244767+00:00
AAPL,2025-01-26 00:30:00+00:00,152.87719837356795,153.19150305456054,151.11307655809307,152.16691272998807,152.16691272998807,8372649.0,sample,2026-09-24 19:05:19.244767+00:00
AAPL,2025-01-26 01:30:00+00:00,152.22339190168262,153.84901781371548,150.46058701358444,152.6619267497146,152.6619267497146,7832432.0,sample,2026-09-24 19:05:19.244767+00:00
AAPL,2025-01-26 02:30:00+00:00,152.25365370279306,153.0817560835351,150.00971668457302,151.32572647096478,151.32572647096478,3454214.0,sample,2026-09-24 19:05:19.244767+00:00
AAPL,2025-01-26 03:30:00+00:00,151.8762715454272,152.178724154167,150.83575434058665,151.21928055889276,151.21928055889276,14036964.0,sample,2026-09-24 19:05:19.244767+00:00
AAPL,2025-01-26 04:30:00+00:00,151.21668595387032,151.73687132130834,150.2707222481928,150.79511186535726,150.79511186535726,2762904.0,sample,2026-09-24 19:05:19.244767+00:00
AAPL,2025-01-26 05:30:00+00:00,150.6974177359244,152.2631633307688,148.93394939095893,150.71596635740937,150.71596635740937,13414446.0,sample,2026-09-24 19:05:19.244767+00:00
AAPL,2025-01-26 06:30:00+00:00,150.89748338109635,152.3135687846657,149.82473847177633,151.12715265897884,151.12715265897884,13144059.0,sample,2026-09-24 19:05:19.244767+00:00
AAPL,2025-01-26 07:30:00+00:00,151.30918018724267,151.48566939918828,149.04202778439688,150.84084570913197,150.84084570913197,17233133.0,sample,2026-09-24 19:05:19.244767+00:00
AAPL,2025-01-26 08:30:00+00:00,150.78614184341137,150.94270184739665,149.68132243189964,150.6819727175662,150.6819727175662,16210760.0,sample,2026-09-24 19:05:19.244767+00:00
AAPL,2025-01-26 09:30:00+00:00,150.8609925233921,152.41412372636688,147.92498534086542,149.56694246578755,149.56694246578755,2518800.0,sample,2026-09-24 19:05:19.244767+00:00
AAPL,2025-01-26 10:30:00+00:00,150.13100479260976,150.33031627771322,148.80401075376034,149.2468425594198,149.2468425594198,12933994.0,sample,2026-09-24 19:05:19.244767+00:00
AAPL,2025-01-26 11:30:00+00:00,149.40175632663795,150.60514749107017,148.10597151395987,148.62498189203083,148.62498189203083,10056929.0,sample,2026-09-24 19:05:19.244767+00:00
AAPL,2025-01-26 12:30:00+00:00,148.5402774039484,149.40654533772508,148.324258965731,148.76976025302756,148.76976025302756,17303965.0,sample,2026-09-24 19:05:19.244767+00:00
AAPL,2025-01-26 13:30:00+00:00,148.4361265215761,149.66866211107148,146.8091866753733,148.6368756887419,148.6368756887419,9999836.0,sample,2026-09-24 19:05:19.244767+00:00
AAPL,2025-01-26 14:30:00+00:00,148.29950429865593,148.94842762957614,148.1270181847443,148.382273303434,148.382273303434,8884005.0,sample,2026-09-24 19:05:19.244767+00:00
AAPL,2025-01-26 15:30:00+00:00,148.12838466680344,148.91705206574522,147.65947596074477,148.48239697998875,148.48239697998875,1936420.0,sample,2026-09-24 19:05:19.244767+00:00
AAPL,2025-01-26 16:30:00+00:00,148.2803710960534,148.7394353253208,146.95858282860294,147.95603186541317,147.95603186541317,7312535.0,sample,2026-09-24 19:05:19.244767+00:00
AAPL,2025-01-26 17:30:00+00:00,147.5689616705466,148.0075374215585,145.6537040828562,147.29277732720467,147.29277732720467,1694427.0,sample,2026-09-24 19:05:19.244767+00:00
AAPL,2025-01-26 18:30:00+00:00,147.18781034165693,148.71863113352438,144.0675162784677,145.78089696363477,145.78089696363477,5953542.0,sample,2026-09-24 19:05:19.244767+00:00
AAPL,2025-01-26 19:30:00+00:00,145.71856999807844,146.25493676015603,145.4088033042713,145.7433089126135,145.7433089126135,15541935.0,sample,2026-09-24 19:05:19.244767+00:00
AAPL,2025-01-26 20:30:00+00:00,145.41995137778173,146.4483369742892,144.01366444811205,145.74564831070066,145.74564831070066,8066277.0,sample,2026-09-24 19:05:19.244767+00:00
AAPL,2025-01-26 21:30:00+00:00,145.22504885999953,147.25749551016398,144.13200552808968,145.71593699463216,145.71593699463216,17079336.0,sample,2026-09-24 19:05:19.244767+00:00
AAPL,2025-01-26 22:30:00+00:00,145.96398250226918,147.56016533479672,143.72143778484573,145.37941827761912,145.37941827761912,2788249.0,sample,2026-09-24 19:05:19.244767+00:00
AAPL,2025-01-26 23:30:00+00:00,145.57528942838456,146.57883741924232,144.68199793285433,145.9901481247361,145.9901481247361,6364675.0,sample,2026-09-24 19:05:19.244767+00:00
AAPL,2025-01-27 00:30:00+00:00,145.87675469735794,146.2142365256953,144.67138743136255,145.5560396709966,145.5560396709966,11165989.0,sample,2026-09-24 19:05:19.244767+00:00
AAPL,2025-01-27 01:30:00+00:00,145.54800336081504,148.19143721461745,144.4676634232775,146.6003608072239,146.6003608072239,6471008.0,sample,2026-09-24 19:05:19.244767+00:00
AAPL,2025-01-27 02:30:00+00:00,146.62480093775395,147.275768743533,144.71238645201925,146.43280406925686,146.43280406925686,12413447.0,sample,2026-09-24 19:05:19.244767+00:00
AAPL,2025-01-27 03:30:00+00:00,146.62347608822773,147.91126295486706,144.93195175502893,145.95213138872526,145.95213138872526,13507810.0,sample,2026-09-24 19:05:19.244767+00:00
AAPL,2025-01-27 04:30:00+00:00,146.09812536158114,147.43863407404362,144.55084253579966,145.7214424219205,145.7214424219205,5608601.0,sample,2026-09-24 19:05:19.244767+00:00
AAPL,2025-01-27 05:30:00+00:00,145.66378789124965,145.90461426795622,144.9095144623663,145.67697556101353,145.67697556101353,13556529.0,sample,2026-09-24 19:05:19.244767+00:00
AAPL,2025-01-27 06:30:00+00:00,145.5291444763975,146.1853926183631,144.5779170081165,145.89666163385115,145.89666163385115,5827147.0,sample,2026-09-24 19:05:19.244767+00:00
AAPL,2025-01-27 07:30:00+00:00,145.6566990830703,148.75326670718127,145.0779365564958,146.9930562550699,146.9930562550699,4945434.0,sample,2026-09-24 19:05:19.244767+00:00
AAPL,2025-01-27 08:30:00+00:00,147.13301015260862,148.7730022660511,146.17154574282344,147.0721411385096,147.0721411385096,11549451.0,sample,2026-09-24 19:05:19.244767+00:00
AAPL,2025-01-27 09:30:00+00:00,147.5832512746158,149.24803482870428,146.6717580793715,147.48940097364851,147.48940097364851,4266633.0,sample,2026-09-24 19:05:19.244767+00:00
AAPL,2025-01-27 10:30:00+00:00,147.501416041418,149.08297011087242,145.8610176822468,148.0300415323045,148.0300415323045,6757082.0,sample,2026-09-24 19:05:19.244767+00:00
AAPL,2025-01-27 11:30:00+00:00,148.24909774918277,149.23890699923876,147.02326216486085,148.28777872557828,148.28777872557828,4176214.0,sample,2026-09-24 19:05:19.244767+00:00
AAPL,2025-01-27 12:30:00+00:00,148.60969593702723,149.6447333338826,147.18131298556523,149.4281320745298,149.4281320745298,16527067.0,sample,2026-09-24 19:05:19.244767+00:00
AAPL,2025-01-27 13:30:00+00:00,149.39868522555736,149.70207229178257,148.97970844604978,149.2263435063742,149.2263435063742,9350424.0,sample,2026-09-24 19:05:19.244767+00:00
AAPL,2025-01-27 14:30:00+00:00,148.6598239954505,149.09971729046552,147.4639443531195,148.8519191112189,148.8519191112189,1973221.0,sample,2026-09-24 19:05:19.244767+00:00
AAPL,2025-01-27 15:30:00+00:00,148.64179976141432,148.8692792176985,146.40858462840845,148.12645659118778,148.12645659118778,15377408.0,sample,2026-09-24 19:05:19.244767+00:00
AAPL,2025-01-27 16:30:00+00:00,148.41327017443214,148.7374176476699,147.57025635403343,147.96273528712516,147.96273528712516,2184702.0,sample,2026-09-24 19:05:19.244767+00:00
AAPL,2025-01-27 17:30:00+00:00,147.89477684236198,148.3507812853793,146.3388187044898,146.72137828398303,146.72137828398303,17814243.0,sample,2026-09-24 19:05:19.244767+00:00
AAPL,2025-01-27 18:30:00+00:00,147.03885393413344,148.5143382708678,145.45064539231063,147.084375594809,147.084375594809,9327240.0,sample,2026-09-24 19:05:19.244767+00:00
AAPL,2025-01-27 19:30:00+00:00,146.8211555238365,147.64496755201174,144.9944745715855,146.67192254497598,146.67192254497598,13519187.0,sample,2026-09-24 19:05:19.244767+00:00
AAPL,2025-01-27 20:30:00+00:00,146.82243608693182,148.23964431695933,145.46568711047743,147.04916286572688,147.04916286572688,9111092.0,sample,2026-09-24 19:05:19.244767+00:00
AAPL,2025-01-27 21:30:00+00:00,146.8181671229384,148.65635787663098,145.49663474783267,147.25695518669846,147.25695518669846,10467891.0,sample,2026-09-24 19:05:19.244767+00:00
AAPL,2025-01-27 22:30:00+00:00,147.0411204361254,148.00472334081297,145.31164192875647,146.5492813845044,146.5492813845044,13263134.0,sample,2026-09-24 19:05:19.244767+00:00
AAPL,2025-01-27 23:30:00+00:00,146.7379871800811,148.42046900161907,145.02963810114665,147.7828087465198,147.7828087465198,17106481.0,sample,2026-09-24 19:05:19.244767+00:00
AAPL,2025-01-28 00:30:00+00:00,147.9599713281689,148.20506286639576,147.05737327613534,147.32698563621824,147.32698563621824,11502747.0,sample,2026-09-24 19:05:19.244767+00:00
AAPL,2025-01-28 01:30:00+00:00,146.9113156940218,148.15451723002985,146.2924253788505,146.82585460335113,146.82585460335113,4226445.0,sample,2026-09-24 19:05:19.244767+00:00
AAPL,2025-01-28 02:30:00+00:00,147.03416448949991,148.5238453676728,145.24863267970275,146.5819161177762,146.5819161177762,3277661.0,sample,2026-09-24 19:05:19.244767+00:00
AAPL,2025-01-28 03:30:00+00:00,146.6004631631082,147.1506714475188,146.35783354266937,146.85863138839767,146.85863138839767,3375265.0,sample,2026-09-24 19:05:19.244767+00:00
AAPL,2025-01-28 04:30:00+00:00,147.05204177807448,148.12338979334737,145.60336698101975,146.22604381734442,146.22604381734442,10296656.0,sample,2026-09-24 19:05:19.244767+00:00
AAPL,2025-01-28 05:30:00+00:00,146.44206660252758,147.4297841191277,145.17220545441805,146.69544014531326,146.69544014531326,14773256.0,sample,2026-09-24 19:05:19.244767+00:00
AAPL,2025-01-28 06:30:00+00:00,146.75628018845782,148.46025862645715,145.27127802245525,146.77463269343414,146.77463269343414,10156219.0,sample,2026-09-24 19:05:19.244767+00:00
AAPL,2025-01-28 07:30:00+00:00,147.06487611237563,148.0241230503947,144.93125588926483,146.66535019255568,146.66535019255568,5192965.0,sample,2026-09-24 19:05:19.244767+00:00
AAPL,2025-01-28 08:30:00+00:00,146.5345530118994,148.0566023575621,145.1307892736569,146.05067647532144,146.05067647532144,7156589.0,sample,2026-09-24 19:05:19.244767+00:00
AAPL,2025-01-28 09:30:00+00:00,146.3192151190542,146.99876780945286,145.79042953335156,146.1085093412101,146.1085093412101,11150489.0,sample,2026-09-24 19:05:19.244767+00:00
AAPL,2025-01-28 10:30:00+00:00,145.47023380668452,147.57998011386417,143.80874153449412,145.94916760691052,145.94916760691052,2720937.0,sample,2026-09-24 19:05:19.244767+00:00
AAPL,2025-01-28 11:30:00+00:00,145.90184646031489,147.46942845021152,143.12964335763326,144.7676134423234,144.7676134423234,13387368.0,sample,2026-09-24 19:05:19.244767+00:00
AAPL,2025-01-28 12:30:00+00:00,144.58342245200308,146.58006889166566,143.03675709171304,144.94478560906512,144.94478560906512,9217681.0,sample,2026-09-24 19:05:19.244767+00:00
AAPL,2025-01-28 13:30:00+00:00,144.95628061829333,145.62465379450103,143.56774403250697,144.3993855671285,144.3993855671285,12870636.0,sample,2026-09-24 19:05:19.244767+00:00
AAPL,2025-01-28 14:30:00+00:00,144.80536825020343,145.43486414906704,142.72045734404776,144.21225916583006,144.21225916583006,12006978.0,sample,2026-09-24 19:05:19.244767+00:00
AAPL,2025-01-28 15:30:00+00:00,144.60785463345601,145.439471583933,142.58358230820846,143.70118205807879,143.70118205807879,15458230.0,sample,2026-09-24 19:05:19.244767+00:00
AAPL,2025-01-28 16:30:00+00:00,143.99224995138337,145.12517782725988,142.5222583874647,143.49368957571525,143.49368957571525,1976838.0,sample,2026-09-24 19:05:19.244767+00:00
AAPL,2025-01-28 17:30:00+00:00,143.52677986862506,144.8062108844042,142.5933227480669,143.22410628404612,143.22410628404612,1911419.0,sample,2026-09-24 19:05:19.244767+00:00
AAPL,2025-01-28 18:30:00+00:00,142.6891296950542,144.60624274588272,142.25128618338957,142.9999335233412,142.9999335233412,12913011.0,sample,2026-09-24 19:05:19.244767+00:00
AAPL,2025-01-28 19:30:00+00:00,143.08952087696807,144.2465690659793,141.06252713570387,142.73302609815755,142.73302609815755,2118230.0,sample,2026-09-24 19:05:19.244767+00:00
AAPL,2025-01-28 20:30:00+00:00,142.7987811028461,143.75741884859076,140.9433084560583,142.338876223698,142.338876223698,2238390.0,sample,2026-09-24 19:05:19.244767+00:00
AAPL,2025-01-28 21:30:00+00:00,142.19598658843375,144.0478227544717,141.47920185985697,142.90585948733852,142.90585948733852,9632310.0,sample,2026-09-24 19:05:19.244767+00:00
AAPL,2025-01-28 22:30:00+00:00,142.76190610397197,143.74698556916775,141.16334214855448,143.15062758962551,143.15062758962551,13850510.0,sample,2026-09-24 19:05:19.244767+00:00
AAPL,2025-01-28 23:30:00+00:00,143.63791873405475,145.17762471682903,142.75363124050517,143.4459050947098,143.4459050947098,13584922.0,sample,2026-09-24 19:05:19.244767+00:00
AAPL,2025-01-29 00:30:00+00:00,143.77552441201553,145.55569331870302,142.59572900950957,144.1888842114651,144.1888842114651,15638140.0,sample,2026-09-24 19:05:19.244767+00:00
AAPL,2025-01-29 01:30:00+00:00,144.05820546283303,145.62827886069442,142.54116913638535,143.86535348102854,143.86535348102854,4934765.0,sample,2026-09-24 19:05:19.244767+00:00
AAPL,2025-01-29 02:30:00+00:00,144.10936263674526,145.41707136851372,143.8407253784436,144.10223129547094,144.10223129547094,16034921.0,sample,2026-09-24 19:05:19.244767+00:00
AAPL,2025-01-29 03:30:00+00:00,144.2417066568117,145.45115848737532,142.0705807314681,143.7768353223373,143.7768353223373,17043501.0,sample,2026-09-24 19:05:19.244767+00:00
AAPL,2025-01-29 04:30:00+00:00,143.75300282525643,144.79474447782994,141.71114205031236,143.27518557631603,143.27518557631603,17865779.0,sample,2026-09-24 19:05:19.244767+00:00
AAPL,2025-01-29 05:30:00+00:00,143.06885211109636,145.21418154783876,142.3926241315562,144.01306453420622,144.01306453420622,11437489.0,sample,2026-09-24 19:05:19.244767+00:00
AAPL,2025-01-29 06:30:00+00:00,144.04301009276955,145.57505072435592,143.11835775413263,143.5038480688431,143.5038480688431,4095197.0,sample,2026-09-24 19:05:19.244767+00:00
AAPL,2025-01-29 07:30:00+00:00,143.44128849093607,145.76084627568645,142.06346138503955,144.916638142347,144.916638142347,7086886.0,sample,2026-09-24 19:05:19.244767+00:00
AAPL,2025-01-29 08:30:00+00:00,144.37154600638164,147.2835790882041,143.09414454595057,146.28640019955344,146.28640019955344,8097059.0,sample,2026-09-24 19:05:19.244767+00:00
AAPL,2025-01-29 09:30:00+00:00,146.27017425769392,146.83307993354464,143.9640425993845,145.01253983430223,145.01253983430223,16066645.0,sample,2026-09-24 19:05:19.244767+00:00
AAPL,2025-01-29 10:30:00+00:00,145.49477262543905,147.0460961874371,145.05124043761518,145.53158856431875,145.53158856431875,16434758.0,sample,2026-09-24 19:05:19.244767+00:00
AAPL,2025-01-29 11:30:00+00:00,145.17903706289658,145.84046481298296,144.34612151913674,145.02778641407093,145.02778641407093,14066423.0,sample,2026-09-24 19:05:19.244767+00:00
AAPL,2025-01-29 12:30:00+00:00,145.18634282356854,146.985412407437,144.68770938848968,145.34507961800222,145.34507961800222,3120831.0,sample,2026-09-24 19:05:19.244767+00:00
AAPL,2025-01-29 13:30:00+00:00,145.5791222435483,145.8234548609329,144.16126557267728,145.44306851056874,145.44306851056874,1746086.0,sample,2026-09-24 19:05:19.244767+00:00
AAPL,2025-01-29 14:30:00+00:00,145.2826866203576,146.09223111608063,142.50540390372785,143.96201967116846,143.96201967116846,3767940.0,sample,2026-09-24 19:05:19.244767+00:00
AAPL,2025-01-29 15:30:00+00:00,144.1501106110856,144.50119711489438,143.67915177577342,144.0142909767077,144.0142909767077,10619428.0,sample,2026-09-24 19:05:19.244767+00:00
AAPL,2025-01-29 16:30:00+00:00,144.60792159386443,146.22585176178367,143.99123428896795,144.76649148280146,144.76649148280146,10019399.0,sample,2026-09-24 19:05:19.244767+00:00
AAPL,2025-01-29 17:30:00+00:00,144.8916377323189,145.28221857168322,144.0677915179455,144.90231689695156,144.90231689695156,3779610.0,sample,2026-09-24 19:05:19.244767+00:00
AAPL,2025-01-29 18:30:00+00:00,144.94878873515967,146.59602532778538,144.53562036658818,145.99404927526984,145.99404927526984,16728126.0,sample,2026-09-24 19:05:19.244767+00:00
AAPL,2025-01-29 19:30:00+00:00,146.00252187623988,147.23658342723633,144.3231040536647,145.56690915254566,145.56690915254566,8108570.0,sample,2026-09-24 19:05:19.244767+00:00
AAPL,2025-01-29 20:30:00+00:00,145.8683499040739,147.1502892692838,145.1194873386772,146.67444885015965,146.67444885015965,6148418.0,sample,2026-09-24 19:05:19.244767+00:00
AAPL,2025-01-29 21:30:00+00:00,146.80624219489482,147.92164327136402,145.17381830219034,146.66222011482444,146.66222011482444,8746263.0,sample,2026-09-24 19:05:19.244767+00:00
AAPL,2025-01-29 22:30:00+00:00,146.83231001899404,148.22179491120946,144.27289168898622,145.89102046440684,145.89102046440684,12210068.0,sample,2026-09-24 19:05:19.244767+00:00
AAPL,2025-01-29 23:30:00+00:00,145.71234130518215,146.58093380672256,144.83513384338897,146.21133675589675,146.21133675589675,7099310.0,sample,2026-09-24 19:05:19.244767+00:00
AAPL,2025-01-30 00:30:00+00:00,146.08720182876866,148.89097644867286,145.87506473148318,147.21673996604954,147.21673996604954,2769326.0,sample,2026-09-24 19:05:19.244767+00:00
AAPL,2025-01-30 01:30:00+00:00,147.48062245819784,149.0387959336364,145.60074827620562,147.32859869736413,147.32859869736413,16145401.0,sample,2026-09-24 19:05:19.244767+00:00
AAPL,2025-01-30 02:30:00+00:00,147.98977284541155,149.73567763131868,146.77100580987923,147.46551078953777,147.46551078953777,9987837.0,sample,2026-09-24 19:05:19.244767+00:00
AAPL,2025-01-30 03:30:00+00:00,147.83654756627982,148.3208503078925,145.76866125401648,147.5340550496637,147.5340550496637,11304645.0,sample,2026-09-24 19:05:19.244767+00:00
AAPL,2025-01-30 04:30:00+00:00,147.77085196367923,148.86464688879605,144.9073192472811,146.2544417606366,146.2544417606366,11828323.0,sample,2026-09-24 19:05:19.244767+00:00
AAPL,2025-01-30 05:30:00+00:00,146.02662359786333,147.9294888802997,144.75707366359447,147.4548717507447,147.4548717507447,12675895.0,sample,2026-09-24 19:05:19.244767+00:00
AAPL,2025-01-30 06:30:00+00:00,147.6233309698646,148.95696992571644,145.98810285557394,148.58923990687643,148.58923990687643,13053897.0,sample,2026-09-24 19:05:19.244767+00:00
AAPL,2025-01-30 07:30:00+00:00,148.41914216912238,150.3455943641652,147.43621211150477,149.49006227526826,149.49006227526826,16952412.0,sample,2026-09-24 19:05:19.244767+00:00
AAPL,2025-01-30 08:30:00+00:00,149.87667651969838,151.5984315446426,148.43439940105074,149.75556135562357,149.75556135562357,13057532.0,sample,2026-09-24 19:05:19.244767+00:00
AAPL,2025-01-30 09:30:00+00:00,149.61639175084866,151.0609719165457,148.3170581910582,149.82412007990862,149.82412007990862,12382109.0,sample,2026-09-24 19:05:19.244767+00:00
AAPL,2025-01-30 10:30:00+00:00,149.1923459903263,150.29465407726846,148.56889660633055,149.64279049319953,149.64279049319953,15386868.0,sample,2026-09-24 19:05:19.244767+00:00
AAPL,2025-01-30 11:30:00+00:00,150.4234392118836,150.97973041817286,148.66002591250827,150.60191108033615,150.60191108033615,14310821.0,sample,2026-09-24 19:05:19.244767+00:00
AAPL,2025-01-30 12:30:00+00:00,150.72866059495212,152.69505251164662,150.4849165758927,151.10834154198818,151.10834154198818,11032429.0,sample,2026-09-24 19:05:19.244767+00:00
AAPL,2025-01-30 13:30:00+00:00,151.0545414959555,152.4020697423055,149.88976219606985,150.4178795191566,150.4178795191566,13460417.0,sample,2026-09-24 19:05:19.244767+00:00
AAPL,2025-01-30 14:30:00+00:00,150.56937829158406,152.1541833739408,149.1820185302341,150.1472863819251,150.1472863819251,12265184.0,sample,2026-09-24 19:05:19.244767+00:00
AAPL,2025-01-30 15:30:00+00:00,149.64768286742284,151.56438957675792,148.39060023434754,150.36863314816102,150.36863314816102,9792925.0,sample,2026-09-24 19:05:19.244767+00:00
AAPL,2025-01-30 16:30:00+00:00,150.26294644328195,151.01182871569205,149.14364972225746,150.04675945316504,150.04675945316504,8864842.0,sample,2026-09-24 19:05:19.244767+00:00
AAPL,2025-01-30 17:30:00+00:00,149.7616662458297,150.87507922563512,148.28462255100808,150.47828977804787,150.47828977804787,13550075.0,sample,2026-09-24 19:05:19.244767+00:00
AAPL,2025-01-30 18:30:00+00:00,150.1949395221158,152.25344599327616,148.96982842354686,151.70709815625997,151.70709815625997,7038938.0,sample,2026-09-24 19:05:19.244767+00:00
AAPL,2025-01-30 19:30:00+00:00,151.47206564228247,153.2537426445723,151.2237481249889,152.93756786466543,152.93756786466543,8091408.0,sample,2026-09-24 19:05:19.244767+00:00
AAPL,2025-01-30 20:30:00+00:00,153.16866514075,154.0432212638459,152.94093551560746,153.3763350897423,153.3763350897423,4345218.0,sample,2026-09-24 19:05:19.244767+00:00
AAPL,2025-01-30 21:30:00+00:00,153.43189378501114,153.92083175086645,151.73709500088697,152.84094801489962,152.84094801489962,14711787.0,sample,2026-09-24 19:05:19.244767+00:00
AAPL,2025-01-30 22:30:00+00:00,152.82769897496118,153.77146044580434,151.4845410591482,153.45364610550035,153.45364610550035,3582971.0,sample,2026-09-24 19:05:19.244767+00:00
AAPL,2025-01-30 23:30:00+00:00,153.25889168863344,154.92341651505126,151.16384708531618,152.7155758479442,152.7155758479442,16900498.0,sample,2026-09-24 19:05:19.244767+00:00
AAPL,2025-01-31 00:30:00+00:00,152.5755094437077,154.32895093299624,151.93684291745907,152.42871931499366,152.42871931499366,15736397.0,sample,2026-09-24 19:05:19.244767+00:00
AAPL,2025-01-31 01:30:00+00:00,152.28055238173928,152.98256003982922,151.591211599993,152.02368068586932,152.02368068586932,6159879.0,sample,2026-09-24 19:05:19.244767+00:00
AAPL,2025-01-31 02:30:00+00:00,152.1230963971333,153.62323770981806,151.09847683304474,151.8966412957226,151.8966412957226,12420455.0,sample,2026-09-24 19:05:19.244767+00:00
AAPL,2025-01-31 03:30:00+00:00,152.09006330424208,153.13239858706012,151.0657891632308,152.10713232066465,152.10713232066465,8597575.0,sample,2026-09-24 19:05:19.244767+00:00
AAPL,2025-01-31 04:30:00+00:00,152.1315818944446,154.29483102316522,151.14822732126677,152.77924201382484,152.77924201382484,11951468.0,sample,2026-09-24 19:05:19.244767+00:00
AAPL,2025-01-31 05:30:00+00:00,152.75235052601016,154.41563174609684,151.80152803051706,152.98500435259558,152.98500435259558,3494411.0,sample,2026-09-24 19:05:19.244767+00:00
AAPL,2025-01-31 06:30:00+00:00,153.2367369440631,153.87266444697548,150.44996137224885,151.99527367155866,151.99527367155866,16911348.0,sample,2026-09-24 19:05:19.244767+00:00
AAPL,2025-01-31 07:30:00+00:00,152.27978388007307,153.4292477627506,150.7442960532434,152.38956554833942,152.38956554833942,15595462.0,sample,2026-09-24 19:05:19.244767+00:00
AAPL,2025-01-31 08:30:00+00:00,152.27802080011253,153.16123118374122,152.07478236495055,152.89548483233293,152.89548483233293,14931994.0,sample,2026-09-24 19:05:19.244767+00:00
AAPL,2025-01-31 09:30:00+00:00,152.82655103504604,154.24347155160527,152.66535367412288,153.42544654283884,153.42544654283884,3478703.0,sample,2026-09-24 19:05:19.244767+00:00
AAPL,2025-01-31 10:30:00+00:00,153.65263087348316,154.8425738833579,152.06170450389612,153.02655730332643,153.02655730332643,17879755.0,sample,2026-09-24 19:05:19.244767+00:00
AAPL,2025-01-31 11:30:00+00:00,153.46505793041484,154.16970908185021,151.48470496714805,152.93703721675536,152.93703721675536,16762002.0,sample,2026-09-24 19:05:19.244767+00:00
AAPL,2025-01-31 12:30:00+00:00,153.22769050008745,154.26274907854273,152.35679106060874,152.68012940009345,152.68012940009345,16028542.0,sample,2026-09-24 19:05:19.244767+00:00
AAPL,2025-01-31 13:30:00+00:00,152.87574264323635,153.81312021495398,151.65698625292612,153.22889783229877,153.22889783229877,11621454.0,sample,2026-09-24 19:05:19.244767+00:00
AAPL,2025-01-31 14:30:00+00:00,153.35205128643636,155.02167183647964,150.78877953023243,152.10025128039138,152.10025128039138,3943715.0,sample,2026-09-24 19:05:19.244767+00:00
AAPL,2025-01-31 15:30:00+00:00,151.77307006428765,152.58260056483277,150.46383321993576,151.82552362967718,151.82552362967718,12411873.0,sample,2026-09-24 19:05:19.244767+00:00
AAPL,2025-01-31 16:30:00+00:00,151.56108851654434,154.08934108993316,150.04870487689158,152.66185299586678,152.66185299586678,10538327.0,sample,2026-09-24 19:05:19.244767+00:00
AAPL,2025-01-31 17:30:00+00:00,152.72599203776176,152.89882188005356,151.9613515698327,152.38412660057062,152.38412660057062,8479628.0,sample,2026-09-24 19:05:19.244767+00:00
AAPL,2025-01-31 18:30:00+00:00,152.291125679985,154.35247383061903,150.74222032452303,153.227699894434,153.227699894434,3560513.0,sample,2026-09-24 19:05:19.244767+00:00
AAPL,2025-01-31 19:30:00+00:00,153.37368522695357,154.56058165458808,152.0333161953184,153.7424570827066,153.7424570827066,3137965.0,sample,2026-09-24 19:05:19.244767+00:00
AAPL,2025-01-31 20:30:00+00:00,153.87075091360663,154.95140312152074,150.92520888857777,152.5905120306227,152.5905120306227,2587120.0,sample,2026-09-24 19:05:19.244767+00:00
AAPL,2025-01-31 21:30:00+00:00,152.86843137051085,153.07608000618168,151.6105299987547,152.06866196239955,152.06866196239955,16220798.0,sample,2026-09-24 19:05:19.244767+00:00
AAPL,2025-01-31 22:30:00+00:00,151.78905867644497,154.4663017385653,150.61489804859667,153.25906647117654,153.25906647117654,12448159.0,sample,2026-09-24 19:05:19.244767+00:00
AAPL,2025-01-31 23:30:00+00:00,153.3268421390391,155.1186011731607,151.43193817459752,152.21778574252934,152.21778574252934,9229588.0,sample,2026-09-24 19:05:19.244767+00:00
AAPL,2025-02-01 00:30:00+00:00,151.72371777417277,153.01896949881424,150.85611967913775,151.85461126934922,151.85461126934922,16866041.0,sample,2026-09-24 19:05:19.244767+00:00
AAPL,2025-02-01 01:30:00+00:00,151.75105982121835,152.83568884288138,149.95079137580495,151.92596406144384,151.92596406144384,14419033.0,sample,2026-09-24 19:05:19.244767+00:00
AAPL,2025-02-01 02:30:00+00:00,152.23393624992732,152.66781522993955,151.59173332068636,152.09332418904407,152.09332418904407,12150406.0,sample,2026-09-24 19:05:19.244767+00:00
AAPL,2025-02-01 03:30:00+00:00,151.80924005439272,154.64344344604584,150.03014919457428,153.1072459076677,153.1072459076677,3166180.0,sample,2026-09-24 19:05:19.244767+00:00
AAPL,2025-02-01 04:30:00+00:00,153.05493517419117,154.63645308750012,152.1221184440156,152.5128608297261,152.5128608297261,15603366.0,sample,2026-09-24 19:05:19.244767+00:00
AAPL,2025-02-01 05:30:00+00:00,152.16439504196387,153.69973600575233,151.76343126452906,152.59808100290272,152.59808100290272,4619467.0,sample,2026-09-24 19:05:19.244767+00:00
AAPL,2025-02-01 06:30:00+00:00,152.67438845106037,153.53870277481667,151.53611426051702,153.07308085644814,153.07308085644814,8588145.0,sample,2026-09-24 19:05:19.244767+00:00
AAPL,2025-02-01 07:30:00+00:00,153.7034983282136,155.36931842658186,152.00074235651692,152.88709714836284,152.88709714836284,4121805.0,sample,2026-09-24 19:05:19.244767+00:00
AAPL,2025-02-01 08:30:00+00:00,152.49614010481426,153.57860762766884,150.7715239656745,152.33949947843104,152.33949947843104,12998444.0,sample,2026-09-24 19:05:19.244767+00:00
AAPL,2025-02-01 09:30:00+00:00,152.22581766287323,153.18951460107047,151.00912733139697,152.0621994273011,152.0621994273011,4303766.0,sample,2026-09-24 19:05:19.244767+00:00
AAPL,2025-02-01 10:30:00+00:00,152.25770876398647,154.0300494042744,149.65485891390477,151.32774146814074,151.32774146814074,1887311.0,sample,2026-09-24 19:05:19.244767+00:00
AAPL,2025-02-01 11:30:00+00:00,151.65976457609162,153.07042501749763,150.39856439729303,151.32382161996162,151.32382161996162,14322908.0,sample,2026-09-24 19:05:19.244767+00:00
AAPL,2025-02-01 12:30:00+00:00,151.45497906248664,153.17344278049936,149.86937597139283,151.98873157643789,151.98873157643789,10283456.0,sample,2026-09-24 19:05:19.244767+00:00
AAPL,2025-02-01 13:30:00+00:00,152.25043991940035,152.5120840637196,150.12321989112172,151.6778477674046,151.6778477674046,2358371.0,sample,2026-09-24 19:05:19.244767+00:00
AAPL,2025-02-01 14:30:00+00:00,151.42194863442808,153.31049593764368,150.63750429751795,152.0900198912398,152.0900198912398,16736142.0,sample,2026-09-24 19:05:19.244767+00:00
AAPL,2025-02-01 15:30:00+00:00,152.14748279773931,152.340646043646,149.2778246316237,150.86546310997113,150.86546310997113,5406204.0,sample,2026-09-24 19:05:19.244767+00:00
AAPL,2025-02-01 16:30:00+00:00,150.79086808305576,151.15535506688036,148.44962320870815,149.74305335004675,149.74305335004675,17541008.0,sample,2026-09-24 19:05:19.244767+00:00
AAPL,2025-02-01 17:30:00+00:00,149.46426008193924,150.69996978330659,149.2974433808526,150.4965692842076,150.4965692842076,3947449.0,sample,2026-09-24 19:05:19.244767+00:00
AAPL,2025-02-01 18:30:00+00:00,150.4599252859156,151.00154671549492,149.40672037906631,150.39208222375393,150.39208222375393,3085544.0,sample,2026-09-24 19:05:19.244767+00:00
AAPL,2025-02-01 19:30:00+00:00,150.15874648613018,151.545341067939,149.98562567825198,150.6520849537748,150.6520849537748,11069103.0,sample,2026-09-24 19:05:19.244767+00:00
AAPL,2025-02-01 20:30:00+00:00,150.33827664575804,151.819659237118,149.51272528683333,149.75607255189018,149.75607255189018,14820814.0,sample,2026-09-24 19:05:19.244767+00:00
AAPL,2025-02-01 21:30:00+00:00,149.8098441977486,150.31241974282855,148.4901860805748,149.1832561209898,149.1832561209898,2463932.0,sample,2026-09-24 19:05:19.244767+00:00
AAPL,2025-02-01 22:30:00+00:00,149.75309675318258,151.67824720715944,149.31513539511857,149.8892313226198,149.8892313226198,4631827.0,sample,2026-09-24 19:05:19.244767+00:00
AAPL,2025-02-01 23:30:00+00:00,149.50043674515672,150.5751037246059,148.43263891918457,149.8610452959922,149.8610452959922,14307034.0,sample,2026-09-24 19:05:19.244767+00:00
AAPL,2025-02-02 00:30:00+00:00,149.50494939441427,150.69521958060767,147.87716679386335,150.24499180777704,150.24499180777704,10223292.0,sample,2026-09-24 19:05:19.244767+00:00
AAPL,2025-02-02 01:30:00+00:00,150.32193552551337,152.07734884167039,149.87994754859315,150.25881626083378,150.25881626083378,14516049.0,sample,2026-09-24 19:05:19.244767+00:00
AAPL,2025-02-02 02:30:00+00:00,149.78578074845524,151.91405764958853,148.75070438701343,150.9651970176902,150.9651970176902,16891708.0,sample,2026-09-24 19:05:19.244767+00:00
AAPL,2025-02-02 03:30:00+00:00,150.7306018018243,151.33546345731526,149.69221437218008,150.62763530477977,150.62763530477977,11544504.0,sample,2026-09-24 19:05:19.244767+00:00
AAPL,2025-02-02 04:30:00+00:00,150.78008369851486,152.00102858436412,148.97744694289443,149.24094788951484,149.24094788951484,12584935.0,sample,2026-09-24 19:05:19.244767+00:00
AAPL,2025-02-02 05:30:00+00:00,149.05209626200624,150.2180821383333,147.43849287264794,148.6655295027706,148.6655295027706,4277054.0,sample,2026-09-24 19:05:19.244767+00:00
AAPL,2025-02-02 06:30:00+00:00,148.65607793026308,150.03827294680724,147.57329938291127,148.99219414530432,148.99219414530432,9604365.0,sample,2026-09-24 19:05:19.244767+00:00
AAPL,2025-02-02 07:30:00+00:00,149.47733559787025,150.45695761949062,147.8306258186856,149.14762283999977,149.14762283999977,4081583.0,sample,2026-09-24 19:05:19.244767+00:00
AAPL,2025-02-02 08:30:00+00:00,149.32649986687284,150.58210579382558,148.36305608709668,148.98588609092056,148.98588609092056,10952097.0,sample,2026-09-24 19:05:19.244767+00:00
AAPL,2025-02-02 09:30:00+00:00,148.56667073045296,150.62588143869468,147.93518116771537,149.69132359388033,149.69132359388033,3859094.0,sample,2026-09-24 19:05:19.244767+00:00
AAPL,2025-02-02 10:30:00+00:00,149.5103462225684,151.100545710835,148.424995066764,149.325648323656,149.325648323656,4571822.0,sample,2026-09-24 19:05:19.244767+00:00
AAPL,2025-02-02 11:30:00+00:00,149.84423387497617,150.96026681927225,147.66067663962485,148.62539786934786,148.62539786934786,3465884.0,sample,2026-09-24 19:05:19.244767+00:00
AAPL,2025-02-02 12:30:00+00:00,148.59600301517546,149.9106614334535,147.36425321873924,149.14513616555607,149.14513616555607,7937017.0,sample,2026-09-24 19:05:19.244767+00:00
AAPL,2025-02-02 13:30:00+00:00,148.74710133009296,149.22460802674675,147.58657243540483,148.7272972755901,148.7272972755901,13546885.0,sample,2026-09-24 19:05:19.244767+00:00
AAPL,2025-02-02 14:30:00+00:00,148.87565838504756,149.58475048819162,148.21043080910425,148.8654155948278,148.8654155948278,8044573.0,sample,2026-09-24 19:05:19.244767+00:00
AAPL,2025-02-02 15:30:00+00:00,149.02022590348489,149.5181113379452,146.74073167747088,147.99652307240171,147.99652307240171,15005248.0,sample,2026-09-24 19:05:19.244767+00:00
AAPL,2025-02-02 16:30:00+00:00,148.54180384125974,149.17654758908944,146.1853869808769,147.10970713074485,147.10970713074485,12012023.0,sample,2026-09-24 19:05:19.244767+00:00
AAPL,2025-02-02 17:30:00+00:00,147.24070429929404,148.1140387074713,146.45622352704027,146.71826793000074,146.71826793000074,9016307.0,sample,2026-09-24 19:05:19.244767+00:00
AAPL,2025-02-02 18:30:00+00:00,146.9636294111074,148.8379875638492,145.88382253163397,148.0289072055417,148.0289072055417,11133537.0,sample,2026-09-24 19:05:19.244767+00:00
AAPL,2025-02-02 19:30:00+00:00,148.418455023717,148.80368014011844,147.249510796845,148.30939973776992,148.30939973776992,1643093.0,sample,2026-09-24 19:05:19.244767+00:00
AAPL,2025-02-02 20:30:00+00:00,147.83965709361766,148.9422156741566,146.82128482158643,148.14285549026113,148.14285549026113,14306086.0,sample,2026-09-24 19:05:19.244767+00:00
AAPL,2025-02-02 21:30:00+00:00,148.10705304690694,148.7648958641394,147.37687632427435,147.89867457021018,147.89867457021018,5495725.0,sample,2026-09-24 19:05:19.244767+00:00
AAPL,2025-02-02 22:30:00+00:00,147.82740256759791,148.8102728751731,147.64232727037424,148.03860724015644,148.03860724015644,12697482.0,sample,2026-09-24 19:05:19.244767+00:00
AAPL,2025-02-02 23:30:00+00:00,148.00966177245738,149.62278781332842,147.69359262276427,148.12223704026408,148.12223704026408,17322858.0,sample,2026-09-24 19:05:19.244767+00:00
AAPL,2025-02-03 00:30:00+00:00,148.06725723045952,149.43428354432018,147.485598344437,148.55237518424914,148.55237518424914,13402266.0,sample,2026-09-24 19:05:19.244767+00:00
AAPL,2025-02-03 01:30:00+00:00,148.42035918125575,151.38687127825375,146.74309185860656,149.7758942713216,149.7758942713216,4305276.0,sample,2026-09-24 19:05:19.244767+00:00
AAPL,2025-02-03 02:30:00+00:00,150.0498792134963,150.9835023454569,148.1773704918461,149.58315042565957,149.58315042565957,4621924.0,sample,2026-09-24 19:05:19.244767+00:00
AAPL,2025-02-03 03:30:00+00:00,149.4376218121297,152.80225220838463,149.03752848735212,151.1875966781668,151.1875966781668,10590905.0,sample,2026-09-24 19:05:19.244767+00:00
AAPL,2025-02-03 04:30:00+00:00,151.590781513285,153.20088505275777,148.60353349115042,150.02854466014264,150.02854466014264,5243823.0,sample,2026-09-24 19:05:19.244767+00:00
AAPL,2025-02-03 05:30:00+00:00,149.73581244422795,150.39849382767898,149.3409558633976,150.16853495024228,150.16853495024228,10920147.0,sample,2026-09-24 19:05:19.244767+00:00
AAPL,2025-02-03 06:30:00+00:00,149.98209744655892,150.36289389782883,149.26517110311585,149.7353520744024,149.7353520744024,6769932.0,sample,2026-09-24 19:05:19.244767+00:00
AAPL,2025-02-03 07:30:00+00:00,149.06809059796274,150.24520980643464,148.5263425631436,150.05700578732586,150.05700578732586,16114673.0,sample,2026-09-24 19:05:19.244767+00:00
AAPL,2025-02-03 08:30:00+00:00,149.60121372488013,150.46753035430308,148.3238696587707,149.2583856193253,149.2583856193253,3782454.0,sample,2026-09-24 19:05:19.244767+00:00
AAPL,2025-02-03 09:30:00+00:00,149.82967133846395,150.497188714924,147.97009847409413,148.76876227201947,148.76876227201947,5856216.0,sample,2026-09-24 19:05:19.244767+00:00
AAPL,2025-02-03 10:30:00+00:00,148.40475780957345,148.94617392916095,148.07147752349965,148.79407214472332,148.79407214472332,3204691.0,sample,2026-09-24 19:05:19.244767+00:00
AAPL,2025-02-03 11:30:00+00:00,148.82214940788828,149.7643815615388,146.75567311581187,147.98269439902415,147.98269439902415,16994182.0,sample,2026-09-24 19:05:19.244767+00:00
AAPL,2025-02-03 12:30:00+00:00,148.18355722257505,151.57587970736517,147.81424675532125,149.86525978683463,149.86525978683463,8428334.0,sample,2026-09-24 19:05:19.244767+00:00
AAPL,2025-02-03 13:30:00+00:00,149.98993613157245,151.5061974207406,149.48845748645908,150.5749528753091,150.5749528753091,12791341.0,sample,2026-09-24 19:05:19.244767+00:00
AAPL,2025-02-03 14:30:00+00:00,150.99782566396715,151.70135266027938,150.30738612347486,151.0821493501937,151.0821493501937,14262129.0,sample,2026-09-24 19:05:19.244767+00:00
AAPL,2025-02-03 15:30:00+00:00,151.7997828948005,153.24207193727008,150.73692473250702,151.32858847178645,151.32858847178645,13910330.0,sample,2026-09-24 19:05:19.244767+00:00
AAPL,2025-02-03 16:30:00+00:00,151.26027458114118,152.38937511816192,149.52708831534528,151.6444523858974,151.6444523858974,11969214.0,sample,2026-09-24 19:05:19.244767+00:00
AAPL,2025-02-03 17:30:00+00:00,151.55065142598912,152.28423177344564,150.99260938919494,151.56306336775958,151.56306336775958,3625016.0,sample,2026-09-24 19:05:19.244767+00:00
AAPL,2025-02-03 18:30:00+00:00,151.8817191569546,152.75003825896593,151.0193523810714,151.72317639043655,151.72317639043655,11121844.0,sample,2026-09-24 19:05:19.244767+00:00
AAPL,2025-02-03 19:30:00+00:00,151.519948326637,153.36069392732298,151.16435082354042,151.58627859160708,151.58627859160708,15377672.0,sample,2026-09-24 19:05:19.244767+00:00
AAPL,2025-02-03 20:30:00+00:00,151.0792106521609,151.57287743779202,149.23484799155526,150.95339947519068,150.95339947519068,5127242.0,sample,2026-09-24 19:05:19.244767+00:00
AAPL,2025-02-03 21:30:00+00:00,151.04760393172526,151.47437484232998,150.4264873447034,150.84690278229363,150.84690278229363,1775038.0,sample,2026-09-24 19:05:19.244767+00:00
AAPL,2025-02-03 22:30:00+00:00,150.64163680586398,153.4748977518889,149.44049627822847,151.73825349588085,151.73825349588085,6805661.0,sample,2026-09-24 19:05:19.244767+00:00
AAPL,2025-02-03 23:30:00+00:00,151.5923606516085,152.44576977007975,150.2255070366855,151.94638045340716,151.94638045340716,14338706.0,sample,2026-09-24 19:05:19.244767+00:00
AAPL,2025-02-04 00:30:00+00:00,151.74793145409996,153.11991131890036,151.46447709437177,152.95645805117636,152.95645805117636,8425452.0,sample,2026-09-24 19:05:19.244767+00:00
AAPL,2025-02-04 01:30:00+00:00,152.87608624786154,154.73260943083122,151.5658654164015,153.59054648659745,153.59054648659745,9706754.0,sample,2026-09-24 19:05:19.244767+00:00
AAPL,2025-02-04 02:30:00+00:00,153.67128411697436,155.79785270786905,152.60193548783465,155.0144435207511,155.0144435207511,9709456.0,sample,2026-09-24 19:05:19.244767+00:00
AAPL,2025-02-04 03:30:00+00:00,154.72070290626212,156.35315902838408,153.3285292480466,155.16707175879245,155.16707175879245,9155521.0,sample,2026-09-24 19:05:19.244767+00:00
AAPL,2025-02-04 04:30:00+00:00,156.10207262158465,157.97147111452867,153.88944624420841,155.28524831417946,155.28524831417946,15404517.0,sample,2026-09-24 19:05:19.244767+00:00
AAPL,2025-02-04 05:30:00+00:00,154.5690558366179,155.36760861217817,153.6192466569912,155.0402185167281,155.0402185167281,11975862.0,sample,2026-09-24 19:05:19.244767+00:00
AAPL,2025-02-04 06:30:00+00:00,155.45150079201508,157.00107669515944,153.89245947049926,155.81735715970228,155.81735715970228,15676108.0,sample,2026-09-24 19:05:19.244767+00:00
AAPL,2025-02-04 07:30:00+00:00,155.7197918451162,156.77027142221596,155.2001136110034,155.56386425361106,155.56386425361106,2082629.0,sample,2026-09-24 19:05:19.244767+00:00
AAPL,2025-02-04 08:30:00+00:00,155.33612818060573,156.75145459224936,153.74883701653036,155.98492572817003,155.98492572817003,8980152.0,sample,2026-09-24 19:05:19.244767+00:00
AAPL,2025-02-04 09:30:00+00:00,155.9100084697013,156.18307468437183,153.65920868201567,154.93164461665668,154.93164461665668,7011266.0,sample,2026-09-24 19:05:19.244767+00:00
AAPL,2025-02-04 10:30:00+00:00,155.23640156858792,156.1759255722587,153.63596928245664,154.6566497858753,154.6566497858753,3473598.0,sample,2026-09-24 19:05:19.244767+00:00
AAPL,2025-02-04 11:30:00+00:00,154.53421427146543,155.86068559080545,154.11536064855008,155.56875471588276,155.56875471588276,7295890.0,sample,2026-09-24 19:05:19.244767+00:00
AAPL,2025-02-04 12:30:00+00:00,155.5267280500677,156.16825352215747,154.48549910172702,155.9100347385852,155.9100347385852,2008528.0,sample,2026-09-24 19:05:19.244767+00:00
AAPL,2025-02-04 13:30:00+00:00,155.83153427004794,157.5017870244159,155.29103027431088,156.77544735068196,156.77544735068196,2013861.0,sample,2026-09-24 19:05:19.244767+00:00
AAPL,2025-02-04 14:30:00+00:00,156.49970289444562,158.04145274738022,154.91852881081024,156.46582460124887,156.46582460124887,2199154.0,sample,2026-09-24 19:05:19.244767+00:00
AAPL,2025-02-04 15:30:00+00:00,156.8099707942552,158.40760955798783,155.31024299955848,156.34033327790254,156.34033327790254,10752322.0,sample,2026-09-24 19:05:19.244767+00:00
AAPL,2025-02-04 16:30:00+00:00,156.5440198801187,157.15151789099275,153.96812404115363,155.29835741309256,155.29835741309256,3740363.0,sample,2026-09-24 19:05:19.244767+00:00
AAPL,2025-02-04 17:30:00+00:00,155.35962702460242,157.17112254028746,153.54314850157132,155.3067432946629,155.3067432946629,4047981.0,sample,2026-09-24 19:05:19.244767+00:00
AAPL,2025-02-04 18:30:00+00:00,155.6220514677365,156.51273609540286,153.8972101815808,155.83784854067713,155.83784854067713,8763450.0,sample,2026-09-24 19:05:19.244767+00:00
AAPL,2025-02-04 19:30:00+00:00,156.12799948170928,157.66210726689783,154.44723698834443,155.70951087161728,155.70951087161728,2051659.0,sample,2026-09-24 19:05:19.244767+00:00
AAPL,2025-02-04 20:30:00+00:00,155.8030575704315,157.2221496676874,154.22612021137658,155.78296955720117,155.78296955720117,6880285.0,sample,2026-09-24 19:05:19.244767+00:00
AAPL,2025-02-04 21:30:00+00:00,155.70934398834916,156.94843958521489,154.2250079696959,155.20131938383543,155.20131938383543,6465618.0,sample,2026-09-24 19:05:19.244767+00:00
AAPL,2025-02-04 22:30:00+00:00,155.19685125089617,156.12024421263166,153.63478250157618,154.68334041730478,154.68334041730478,3574077.0,sample,2026-09-24 19:05:19.244767+00:00
AAPL,2025-02-04 23:30:00+00:00,154.85233576762607,155.96789106691918,152.9485217713866,154.70127687774757,154.70127687774757,9108644.0,sample,2026-09-24 19:05:19.244767+00:00
AAPL,2025-02-05 00:30:00+00:00,155.07217110990746,155.62566187451372,154.86584340021756,155.19851607938125,155.19851607938125,1722545.0,sample,2026-09-24 19:05:19.244767+00:00
AAPL,2025-02-05 01:30:00+00:00,155.20289777607385,155.52806923750163,154.19612378628705,154.98433267252287,154.98433267252287,4154055.0,sample,2026-09-24 19:05:19.244767+00:00
AAPL,2025-02-05 02:30:00+00:00,155.20777365755703,156.098407858844,154.30545548389082,155.437146558702,155.437146558702,17144532.0,sample,2026-09-24 19:05:19.244767+00:00
AAPL,2025-02-05 03:30:00+00:00,155.629647667552,157.78994903660754,155.22517491466533,156.17515971683903,156.17515971683903,14995861.0,sample,2026-09-24 19:05:19.244767+00:00
AAPL,2025-02-05 04:30:00+00:00,155.70804482613607,157.60001724091774,155.15570459525017,155.8876940288294,155.8876940288294,10598974.0,sample,2026-09-24 19:05:19.244767+00:00
AAPL,2025-02-05 05:30:00+00:00,155.47830174822457,156.27506550528074,153.94654943046677,155.17734823948024,155.17734823948024,12362041.0,sample,2026-09-24 19:05:19.244767+00:00
AAPL,2025-02-05 06:30:00+00:00,155.60468497491928,157.1597594174897,152.08647380208052,153.79331827583516,153.79331827583516,8781255.0,sample,2026-09-24 19:05:19.244767+00:00
AAPL,2025-02-05 07:30:00+00:00,153.68457233793166,155.00218602512317,152.6453539045847,153.95576592659646,153.95576592659646,4226508.0,sample,2026-09-24 19:05:19.244767+00:00
AAPL,2025-02-05 08:30:00+00:00,153.6778288361267,154.08574168204228,152.75652453110834,153.51451298425835,153.51451298425835,3490154.0,sample,2026-09-24 19:05:19.244767+00:00
AAPL,2025-02-05 09:30:00+00:00,153.9669688703411,154.61763642436344,153.36716097600646,153.57814595052176,153.57814595052176,4641930.0,sample,2026-09-24 19:05:19.244767+00:00
AAPL,2025-02-05 10:30:00+00:00,153.15589830880353,154.0834968889166,151.3891320573276,153.17414009479222,153.17414009479222,11476604.0,sample,2026-09-24 19:05:19.244767+00:00
AAPL,2025-02-05 11:30:00+00:00,153.55339639095953,154.0235985353964,151.25557404941057,153.03006971928065,153.03006971928065,11689661.0,sample,2026-09-24 19:05:19.244767+00:00
AAPL,2025-02-05 12:30:00+00:00,153.2387361586315,154.48985751496605,153.05172281731225,153.2745478634994,153.2745478634994,12532680.0,sample,2026-09-24 19:05:19.244767+00:00
AAPL,2025-02-05 13:30:00+00:00,153.35927037790924,155.15585823402537,152.1053029006934,153.05954491066126,153.05954491066126,6036062.0,sample,2026-09-24 19:05:19.244767+00:00
AAPL,2025-02-05 14:30:00+00:00,152.77670593579035,154.76891266874483,151.09049795884692,153.69841986339054,153.69841986339054,3102422.0,sample,2026-09-24 19:05:19.244767+00:00
AAPL,2025-02-05 15:30:00+00:00,153.932170812496,155.0462380849081,151.40123057769347,153.22111608850867,153.22111608850867,13509702.0,sample,2026-09-24 19:05:19.244767+00:00
AAPL,2025-02-05 16:30:00+00:00,152.98706433294518,153.46336727663063,151.3634913498891,152.83905752755618,152.83905752755618,10860162.0,sample,2026-09-24 19:05:19.244767+00:00
AAPL,2025-02-05 17:30:00+00:00,153.00455621861707,154.60536522353033,152.3376064896247,152.59660224550677,152.59660224550677,13501574.0,sample,2026-09-24 19:05:19.244767+00:00
AAPL,2025-02-05 18:30:00+00:00,152.6556993941562,153.43733676592433,151.60744688703616,152.8690428531148,152.8690428531148,3493302.0,sample,2026-09-24 19:05:19.244767+00:00
AAPL,2025-02-05 19:30:00+00:00,152.93498233219665,154.24436403304492,150.96723287791187,152.20667335267652,152.20667335267652,3556690.0,sample,2026-09-24 19:05:19.244767+00:00
AAPL,2025-02-05 20:30:00+00:00,151.91847191546876,153.2398510154236,151.48191052036975,152.91741284999762,152.91741284999762,2695282.0,sample,2026-09-24 19:05:19.244767+00:00
AAPL,2025-02-05 21:30:00+00:00,152.51378421315124,154.13705103601677,151.65071805095263,151.8323308647735,151.8323308647735,10622849.0,sample,2026-09-24 19:05:19.244767+00:00
AAPL,2025-02-05 22:30:00+00:00,151.7568425171615,152.62501010830314,150.36278852051848,151.73358510500157,151.73358510500157,1935085.0,sample,2026-09-24 19:05:19.244767+00:00
AAPL,2025-02-05 23:30:00+00:00,151.91141158631393,152.30224325253306,151.5790286775441,151.95170035697117,151.95170035697117,16145867.0,sample,2026-09-24 19:05:19.244767+00:00
AAPL,2025-02-06 00:30:00+00:00,151.8355019357131,152.51167164772008,150.17365077982535,151.04466516792263,151.04466516792263,1928904.0,sample,2026-09-24 19:05:19.244767+00:00
AAPL,2025-02-06 01:30:00+00:00,150.5973550386702,152.8915834555387,149.25410679845723,151.27368588695933,151.27368588695933,15112337.0,sample,2026-09-24 19:05:19.244767+00:00
AAPL,2025-02-06 02:30:00+00:00,151.39605031426635,153.3959858161788,149.72407010344247,151.78369669451027,151.78369669451027,17860014.0,sample,2026-09-24 19:05:19.244767+00:00
AAPL,2025-02-06 03:30:00+00:00,151.81559257680385,153.44970609856733,150.6017803737645,151.933405521886,151.933405521886,3685052.0,sample,2026-09-24 19:05:19.244767+00:00
AAPL,2025-02-06 04:30:00+00:00,151.9526549234395,153.35056702396935,151.26490619699794,151.89932463876607,151.89932463876607,7971609.0,sample,2026-09-24 19:05:19.244767+00:00
AAPL,2025-02-06 05:30:00+00:00,151.8716830941766,152.45241949382336,150.8332255178031,151.8523628844735,151.8523628844735,12162577.0,sample,2026-09-24 19:05:19.244767+00:00
AAPL,2025-02-06 06:30:00+00:00,151.45919347759943,152.61508849141265,150.5459482326305,151.8473704440622,151.8473704440622,7964615.0,sample,2026-09-24 19:05:19.244767+00:00
AAPL,2025-02-06 07:30:00+00:00,151.6301233282354,154.10950712899216,151.436108489889,152.43547214408113,152.43547214408113,5082226.0,sample,2026-09-24 19:05:19.244767+00:00
AAPL,2025-02-06 08:30:00+00:00,152.39191848457304,154.00467990346942,150.60080261003213,152.2823124694083,152.2823124694083,14632039.0,sample,2026-09-24 19:05:19.244767+00:00
AAPL,2025-02-06 09:30:00+00:00,152.51599535154193,153.33636476120228,150.76111947206658,151.9898776986814,151.9898776986814,2282625.0,sample,2026-09-24 19:05:19.244767+00:00
AAPL,2025-02-06 10:30:00+00:00,152.06203350444693,153.76827690310296,151.58030478165804,152.52738608591483,152.52738608591483,1977551.0,sample,2026-09-24 19:05:19.244767+00:00
AAPL,2025-02-06 11:30:00+00:00,152.58053038766147,153.65530816464778,152.18062847808068,152.8972890811757,152.8972890811757,6844125.0,sample,2026-09-24 19:05:19.244767+00:00
AAPL,2025-02-06 12:30:00+00:00,153.5420588042252,153.735508181376,152.3430575206715,153.5514165605343,153.5514165605343,12784581.0,sample,2026-09-24 19:05:19.244767+00:00
AAPL,2025-02-06 13:30:00+00:00,153.64185892851376,155.34669923513044,152.4648206523309,152.8618762712903,152.8618762712903,5940141.0,sample,2026-09-24 19:05:19.244767+00:00
AAPL,2025-02-06 14:30:00+00:00,152.6230143615532,153.85717888478575,150.9179446553407,153.55413306029754,153.55413306029754,3151222.0,sample,2026-09-24 19:05:19.244767+00:00
AAPL,2025-02-06 15:30:00+00:00,153.6166901260457,154.72843973794366,153.2770956216973,153.45562576927466,153.45562576927466,4079384.0,sample,2026-09-24 19:05:19.244767+00:00
AAPL,2025-02-06 16:30:00+00:00,152.64864164167133,153.89299310739165,150.96046010340524,152.89550461148852,152.89550461148852,11717842.0,sample,2026-09-24 19:05:19.244767+00:00
AAPL,2025-02-06 17:30:00+00:00,152.8752410970197,153.71287057416112,151.06041204882575,153.3735082253737,153.3735082253737,12204689.0,sample,2026-09-24 19:05:19.244767+00:00
AAPL,2025-02-06 18:30:00+00:00,153.310720619734,153.83206081158792,151.82638970979548,153.58567637182486,153.58567637182486,15453523.0,sample,2026-09-24 19:05:19.244767+00:00
AAPL,2025-02-06 19:30:00+00:00,153.1029521480424,153.33821367150128,152.77544881706655,152.92891492364032,152.92891492364032,11969190.0,sample,2026-09-24 19:05:19.244767+00:00
AAPL,2025-02-06 20:30:00+00:00,152.45516579353045,153.65177084949897,152.1712698103316,152.79265933418915,152.79265933418915,11793910.0,sample,2026-09-24 19:05:19.244767+00:00
AAPL,2025-02-06 21:30:00+00:00,153.01591070781382,154.02289158633994,152.14152030925635,153.1914277027443,153.1914277027443,1864358.0,sample,2026-09-24 19:05:19.244767+00:00
AAPL,2025-02-06 22:30:00+00:00,153.10155251622388,154.21911548189624,150.7199997529298,152.11679685116056,152.11679685116056,9302266.0,sample,2026-09-24 19:05:19.244767+00:00
AAPL,2025-02-06 23:30:00+00:00,151.94808732653817,152.91478172742694,151.4219084070812,152.45667943909353,152.45667943909353,15275321.0,sample,2026-09-24 19:05:19.244767+00:00
AAPL,2025-02-07 00:30:00+00:00,152.6311166410459,153.58139864561363,150.90085069395326,152.33673063268267,152.33673063268267,2166306.0,sample,2026-09-24 19:05:19.244767+00:00
AAPL,2025-02-07 01:30:00+00:00,152.420274407551,154.0070939687316,151.37455343116577,152.6585044239901,152.6585044239901,12123980.0,sample,2026-09-24 19:05:19.244767+00:00
AAPL,2025-02-07 02:30:00+00:00,152.888465625139,153.58857427340604,150.00174426755643,151.31209814826218,151.31209814826218,8673656.0,sample,2026-09-24 19:05:19.244767+00:00
AAPL,2025-02-07 03:30:00+00:00,151.13421927345317,153.05329574517597,149.5491997768024,152.29014875762613,152.29014875762613,8715828.0,sample,2026-09-24 19:05:19.244767+00:00
AAPL,2025-02-07 04:30:00+00:00,152.3272335877099,153.8250229856915,150.45950848278906,151.9250062893876,151.9250062893876,11175711.0,sample,2026-09-24 19:05:19.244767+00:00
AAPL,2025-02-07 05:30:00+00:00,152.5520620533678,153.0181636389368,150.11594475101296,151.5777274698766,151.5777274698766,4586776.0,sample,2026-09-24 19:05:19.244767+00:00
AAPL,2025-02-07 06:30:00+00:00,151.70219466113957,152.95051874076518,150.89225773333075,151.43984345086793,151.43984345086793,16924915.0,sample,2026-09-24 19:05:19.244767+00:00
AAPL,2025-02-07 07:30:00+00:00,151.34288942625267,152.09145645660544,150.09164393038935,151.78046120071335,151.78046120071335,6283957.0,sample,2026-09-24 19:05:19.244767+00:00
AAPL,2025-02-07 08:30:00+00:00,152.02086811277522,152.61292901201503,149.96736305049473,151.70164758934024,151.70164758934024,17065022.0,sample,2026-09-24 19:05:19.244767+00:00
AAPL,2025-02-07 09:30:00+00:00,151.90117944007272,154.20621906801526,151.62581065069696,152.65531012349436,152.65531012349436,12270232.0,sample,2026-09-24 19:05:19.244767+00:00
AAPL,2025-02-07 10:30:00+00:00,153.245360066782,154.5383401233643,152.23313587642284,152.5192119409789,152.5192119409789,8022373.0,sample,2026-09-24 19:05:19.244767+00:00
AAPL,2025-02-07 11:30:00+00:00,152.46178181525696,153.99985821574194,151.15641362410668,153.53360646022503,153.53360646022503,15402293.0,sample,2026-09-24 19:05:19.244767+00:00
AAPL,2025-02-07 12:30:00+00:00,153.6169784950042,154.43020628865338,151.8667698479888,153.41653542328447,153.41653542328447,4918174.0,sample,2026-09-24 19:05:19.244767+00:00
AAPL,2025-02-07 13:30:00+00:00,153.69452572273264,155.48830408062858,152.97289175794054,153.4281340025125,153.4281340025125,11041443.0,sample,2026-09-24 19:05:19.244767+00:00
AAPL,2025-02-07 14:30:00+00:00,153.56547427003412,155.264164404739,150.66154418140724,152.4618635862501,152.4618635862501,6922119.0,sample,2026-09-24 19:05:19.244767+00:00
AAPL,2025-02-07 15:30:00+00:00,152.36395531234544,153.79077225846174,150.18314109880845,151.97921162973645,151.97921162973645,12933946.0,sample,2026-09-24 19:05:19.244767+00:00
AAPL,2025-02-07 16:30:00+00:00,152.37086002441674,153.96963410210688,151.79984109177255,152.16614958124921,152.16614958124921,9596558.0,sample,2026-09-24 19:05:19.244767+00:00
AAPL,2025-02-07 17:30:00+00:00,151.53870940058627,151.77309251909787,150.68178691615336,151.2915145944059,151.2915145944059,4990223.0,sample,2026-09-24 19:05:19.244767+00:00
AAPL,2025-02-07 18:30:00+00:00,151.321446599867,153.47419880002607,150.7386349696585,152.325080435398,152.325080435398,3135511.0,sample,2026-09-24 19:05:19.244767+00:00
AAPL,2025-02-07 19:30:00+00:00,152.42247442903206,152.8067431331205,151.5164466882825,152.4636363637253,152.4636363637253,5916378.0,sample,2026-09-24 19:05:19.244767+00:00
AAPL,2025-02-07 20:30:00+00:00,152.08212018193984,152.60027055901833,151.32563356720487,152.25369965119236,152.25369965119236,14312580.0,sample,2026-09-24 19:05:19.244767+00:00
AAPL,2025-02-07 21:30:00+00:00,152.38459389788787,153.21451958067402,150.70758803039317,152.20683078647414,152.20683078647414,5084920.0,sample,2026-09-24 19:05:19.244767+00:00
AAPL,2025-02-07 22:30:00+00:00,152.10973675764237,153.98148094447504,150.87127684361124,153.23724175843174,153.23724175843174,6620910.0,sample,2026-09-24 19:05:19.244767+00:00
AAPL,2025-02-07 23:30:00+00:00,153.0099824330112,154.04376056865914,152.66699124735482,153.7249554688062,153.7249554688062,3176948.0,sample,2026-09-24 19:05:19.244767+00:00
AAPL,2025-02-08 00:30:00+00:00,153.60048979707008,153.94977417539727,151.04548086294523,152.56872239830156,152.56872239830156,8673464.0,sample,2026-09-24 19:05:19.244767+00:00
AAPL,2025-02-08 01:30:00+00:00,153.10724709730613,154.46309339220818,151.74839373549904,152.32107430266535,152.32107430266535,9175300.0,sample,2026-09-24 19:05:19.244767+00:00
AAPL,2025-02-08 02:30:00+00:00,152.4840544138644,154.52688431841338,151.45732981287793,152.88944938335686,152.88944938335686,6698948.0,sample,2026-09-24 19:05:19.244767+00:00
AAPL,2025-02-08 03:30:00+00:00,152.24314150616672,153.38870991245358,150.82189396972095,152.37741727577293,152.37741727577293,17472984.0,sample,2026-09-24 19:05:19.244767+00:00
AAPL,2025-02-08 04:30:00+00:00,152.50655489064047,153.15340948760513,151.05963948629133,152.60313867616216,152.60313867616216,8067392.0,sample,2026-09-24 19:05:19.244767+00:00
AAPL,2025-02-08 05:30:00+00:00,152.62906818284836,153.6669738958417,150.5825287233195,151.22946285689224,151.22946285689224,1895322.0,sample,2026-09-24 19:05:19.244767+00:00
AAPL,2025-02-08 06:30:00+00:00,151.07005884263614,152.62647829858332,150.41355747404202,150.88132358769488,150.88132358769488,12261200.0,sample,2026-09-24 19:05:19.244767+00:00
AAPL,2025-02-08 07:30:00+00:00,150.83226029220904,152.67553394123829,149.66157691541892,150.95543989047803,150.95543989047803,5981488.0,sample,2026-09-24 19:05:19.244767+00:00
AAPL,2025-02-08 08:30:00+00:00,150.6712384992568,151.6549979236591,150.34192819741605,151.4020967715008,151.4020967715008,11309392.0,sample,2026-09-24 19:05:19.244767+00:00
AAPL,2025-02-08 09:30:00+00:00,151.52158809043743,152.33840241043904,150.19567555308805,151.11751657042777,151.11751657042777,5870109.0,sample,2026-09-24 19:05:19.244767+00:00
AAPL,2025-02-08 10:30:00+00:00,150.94571954644135,152.02180498828483,150.58669850402742,151.6862806158821,151.6862806158821,15379252.0,sample,2026-09-24 19:05:19.244767+00:00
AAPL,2025-02-08 11:30:00+00:00,151.59789225609106,152.46212249851075,150.5736879652471,150.7930068745514,150.7930068745514,12908558.0,sample,2026-09-24 19:05:19.244767+00:00
AAPL,2025-02-08 12:30:00+00:00,150.48109383620104,151.69928529242412,149.46754283499575,150.68784459998588,150.68784459998588,11879260.0,sample,2026-09-24 19:05:19.244767+00:00
AAPL,2025-02-08 13:30:00+00:00,151.13401629705092,152.62500298009226,149.523603371423,150.8065307810396,150.8065307810396,15230933.0,sample,2026-09-24 19:05:19.244767+00:00
AAPL,2025-02-08 14:30:00+00:00,150.07527821492275,150.49046785692383,148.23606497492986,149.86855645043718,149.86855645043718,16060576.0,sample,2026-09-24 19:05:19.244767+00:00
AAPL,2025-02-08 15:30:00+00:00,149.7696385629974,151.64680634300387,148.7297747423453,150.65300607295566,150.65300607295566,5438563.0,sample,2026-09-24 19:05:19.244767+00:00
AAPL,2025-02-08 16:30:00+00:00,149.7277692508479,151.77686296648466,149.5774695677297,150.83646409410784,150.83646409410784,14738365.0,sample,2026-09-24 19:05:19.244767+00:00
AAPL,2025-02-08 17:30:00+00:00,150.90520429534186,152.38827849272872,148.40957912664106,150.1772509068907,150.1772509068907,13552109.0,sample,2026-09-24 19:05:19.244767+00:00
AAPL,2025-02-08 18:30:00+00:00,149.84498909638654,152.29267763501403,148.26205569638725,150.5175204927273,150.5175204927273,16589771.0,sample,2026-09-24 19:05:19.244767+00:00
AAPL,2025-02-08 19:30:00+00:00,150.63287707872416,151.24035898228132,148.6257861544512,150.02176099586643,150.02176099586643,3083412.0,sample,2026-09-24 19:05:19.244767+00:00
AAPL,2025-02-08 20:30:00+00:00,149.7959796650515,150.4071940357171,148.7346243539239,149.63848791305958,149.63848791305958,12589980.0,sample,2026-09-24 19:05:19.244767+00:00
AAPL,2025-02-08 21:30:00+00:00,150.20261689230404,150.85452968223893,148.31313967013625,148.82725152089375,148.82725152089375,8202767.0,sample,2026-09-24 19:05:19.244767+00:00
AAPL,2025-02-08 22:30:00+00:00,149.29665696203702,150.0196662768605,148.3336363608199,148.61949367326716,148.61949367326716,14413729.0,sample,2026-09-24 19:05:19.244767+00:00
AAPL,2025-02-08 23:30:00+00:00,148.3870597624223,149.0987465902323,145.86820213096127,147.32526697049653,147.32526697049653,15172068.0,sample,2026-09-24 19:05:19.244767+00:00
AAPL,2025-02-09 00:30:00+00:00,147.6937245357936,148.27476747838782,146.8662467038916,147.4597729930469,147.4597729930469,3264057.0,sample,2026-09-24 19:05:19.244767+00:00
AAPL,2025-02-09 01:30:00+00:00,147.63538005566477,149.20985459720958,146.34970543250964,148.56373320847783,148.56373320847783,7262130.0,sample,2026-09-24 19:05:19.244767+00:00
AAPL,2025-02-09 02:30:00+00:00,148.64091387285796,150.0600118875736,146.6895820828684,148.30615953995186,148.30615953995186,8287674.0,sample,2026-09-24 19:05:19.244767+00:00
AAPL,2025-02-09 03:30:00+00:00,148.03621992845052,148.79066268952187,145.9722268379424,146.95206833995576,146.95206833995576,15555356.0,sample,2026-09-24 19:05:19.244767+00:00
AAPL,2025-02-09 04:30:00+00:00,146.8696191955731,147.2418645583415,146.21942100744482,146.67738991510512,146.67738991510512,17450501.0,sample,2026-09-24 19:05:19.244767+00:00
AAPL,2025-02-09 05:30:00+00:00,146.78296466661888,147.14957012145842,145.18830334806268,146.643760348245,146.643760348245,15835841.0,sample,2026-09-24 19:05:19.244767+00:00
AAPL,2025-02-09 06:30:00+00:00,146.99971577909247,147.41168971401743,146.10729066402396,146.74018094187755,146.74018094187755,17146296.0,sample,2026-09-24 19:05:19.244767+00:00
AAPL,2025-02-09 07:30:00+00:00,146.47483204133928,148.17038936543634,144.80220135088464,146.70862774510744,146.70862774510744,8528778.0,sample,2026-09-24 19:05:19.244767+00:00
AAPL,2025-02-09 08:30:00+00:00,146.77084051690272,148.05390127844828,146.26606828371519,147.61194690880924,147.61194690880924,10188068.0,sample,2026-09-24 19:05:19.244767+00:00
AAPL,2025-02-09 09:30:00+00:00,147.19585297475282,148.81500557407773,146.25847164513297,147.50790363262652,147.50790363262652,16425982.0,sample,2026-09-24 19:05:19.244767+00:00
AAPL,2025-02-09 10:30:00+00:00,147.7488290083417,148.69088709056533,146.78867740460146,147.2812445155169,147.2812445155169,3188361.0,sample,2026-09-24 19:05:19.244767+00:00
AAPL,2025-02-09 11:30:00+00:00,147.4271101309973,147.8058276113601,146.29938184549584,147.49425784853537,147.49425784853537,5918585.0,sample,2026-09-24 19:05:19.244767+00:00
AAPL,2025-02-09 12:30:00+00:00,147.5957203614832,148.92048587181603,146.22661211018897,147.7641425943,147.7641425943,13631384.0,sample,2026-09-24 19:05:19.244767+00:00
AAPL,2025-02-09 13:30:00+00:00,147.86551374519152,148.8200145651456,146.42052455563888,147.64514313231632,147.64514313231632,4553598.0,sample,2026-09-24 19:05:19.244767+00:00
AAPL,2025-02-09 14:30:00+00:00,147.48286666808897,148.71097011624798,146.68430264171943,147.5083615886182,147.5083615886182,13711825.0,sample,2026-09-24 19:05:19.244767+00:00
AAPL,2025-02-09 15:30:00+00:00,147.66632279485285,148.52694428986956,145.94007731403747,147.13170346949204,147.13170346949204,3761839.0,sample,2026-09-24 19:05:19.244767+00:00
AAPL,2025-02-09 16:30:00+00:00,147.23024808866552,149.21828902222552,145.77539647343673,147.5687948205479,147.5687948205479,7240107.0,sample,2026-09-24 19:05:19.244767+00:00
AAPL,2025-02-09 17:30:00+00:00,147.43214094781555,149.10425109713327,146.15992697557743,146.66093905565506,146.66093905565506,2110274.0,sample,2026-09-24 19:05:19.244767+00:00
AAPL,2025-02-09 18:30:00+00:00,146.4806417283632,148.09100447808635,144.96515872488908,146.73674669853813,146.73674669853813,14115542.0,sample,2026-09-24 19:05:19.244767+00:00
AAPL,2025-02-09 19:30:00+00:00,147.04995620643155,148.3778231113148,146.51294755275754,147.2659854291721,147.2659854291721,13386408.0,sample,2026-09-24 19:05:19.244767+00:00
AAPL,2025-02-09 20:30:00+00:00,147.1093919749363,147.9291961109372,145.4395906217839,147.23992827740238,147.23992827740238,5255118.0,sample,2026-09-24 19:05:19.244767+00:00
AAPL,2025-02-09 21:30:00+00:00,147.41773047436124,148.86083266315438,144.91012984181768,146.2244758175434,146.2244758175434,5983197.0,sample,2026-09-24 19:05:19.244767+00:00
AAPL,2025-02-09 22:30:00+00:00,146.0265238105902,146.63078783033248,145.79667372406632,146.13538533980864,146.13538533980864,5412109.0,sample,2026-09-24 19:05:19.244767+00:00
AAPL,2025-02-09 23:30:00+00:00,145.95349378596552,147.03181742153413,145.0207801789659,146.56823166473134,146.56823166473134,14008534.0,sample,2026-09-24 19:05:19.244767+00:00
AAPL,2025-02-10 00:30:00+00:00,146.76343547899233,147.36243799640474,145.5763193475908,146.70885176533855,146.70885176533855,12914580.0,sample,2026-09-24 19:05:19.244767+00:00
AAPL,2025-02-10 01:30:00+00:00,147.2763143767019,147.81244158042085,144.35024514551802,146.08118864887453,146.08118864887453,9584239.0,sample,2026-09-24 19:05:19.244767+00:00
AAPL,2025-02-10 02:30:00+00:00,146.1470882344107,148.21546512484133,145.62278005555467,147.43013220813995,147.43013220813995,2775467.0,sample,2026-09-24 19:05:19.244767+00:00
AAPL,2025-02-10 03:30:00+00:00,147.43002203999333,148.3176641586096,147.25290920976664,147.9873799978574,147.9873799978574,8406157.0,sample,2026-09-24 19:05:19.244767+00:00
AAPL,2025-02-10 04:30:00+00:00,148.19372881243794,149.18724354810948,146.45638502527115,148.0850719808451,148.0850719808451,9948951.0,sample,2026-09-24 19:05:19.244767+00:00
AAPL,2025-02-10 05:30:00+00:00,147.840935554915,151.263529764878,147.48106408895651,149.74418478057046,149.74418478057046,16255374.0,sample,2026-09-24 19:05:19.244767+00:00
AAPL,2025-02-10 06:30:00+00:00,149.8017794029205,150.32627229930307,148.63384881016668,149.57647380609563,149.57647380609563,13355649.0,sample,2026-09-24 19:05:19.244767+00:00
AAPL,2025-02-10 07:30:00+00:00,149.4308830164488,150.1537075734215,148.23799026297388,148.68185622150457,148.68185622150457,15216772.0,sample,2026-09-24 19:05:19.244767+00:00
AAPL,2025-02-10 08:30:00+00:00,148.24819974888257,150.34796466911138,146.84547437485898,148.58989741778078,148.58989741778078,9780013.0,sample,2026-09-24 19:05:19.244767+00:00
AAPL,2025-02-10 09:30:00+00:00,149.09213886621683,150.1754036324521,147.08644404748716,148.63744605736838,148.63744605736838,15504314.0,sample,2026-09-24 19:05:19.244767+00:00
AAPL,2025-02-10 10:30:00+00:00,148.53881403026614,149.4824458705761,146.57269410702972,147.71229699232572,147.71229699232572,6850870.0,sample,2026-09-24 19:05:19.244767+00:00
AAPL,2025-02-10 11:30:00+00:00,147.51210003359785,148.9505524644732,146.93500598214746,148.1288172849476,148.1288172849476,5844350.0,sample,2026-09-24 19:05:19.244767+00:00
AAPL,2025-02-10 12:30:00+00:00,148.01496640983294,149.65180581310466,147.50830425894458,148.72120628672957,148.72120628672957,13147202.0,sample,2026-09-24 19:05:19.244767+00:00
AAPL,2025-02-10 13:30:00+00:00,148.4318750520041,150.09110802506706,146.50683845682514,147.8842645595732,147.8842645595732,3158095.0,sample,2026-09-24 19:05:19.244767+00:00
AAPL,2025-02-10 14:30:00+00:00,147.79415818509213,148.24509228067245,147.01492837112806,147.5067452077292,147.5067452077292,17349326.0,sample,2026-09-24 19:05:19.244767+00:00
AAPL,2025-02-10 15:30:00+00:00,146.69403898252287,147.88877403406477,144.96020049157565,146.79255278464632,146.79255278464632,9995623.0,sample,2026-09-24 19:05:19.244767+00:00
AAPL,2025-02-10 16:30:00+00:00,146.8740942940434,148.19259172343664,144.58718309277913,146.03522046915032,146.03522046915032,12066166.0,sample,2026-09-24 19:05:19.244767+00:00
AAPL,2025-02-10 17:30:00+00:00,145.54770408973437,147.57367659274405,144.77373709440172,146.2999328299134,146.2999328299134,2771989.0,sample,2026-09-24 19:05:19.244767+00:00
AAPL,2025-02-10 18:30:00+00:00,145.7272197259941,146.7687632279352,144.67586610568029,146.36004344463205,146.36004344463205,3101199.0,sample,2026-09-24 19:05:19.244767+00:00
AAPL,2025-02-10 19:30:00+00:00,146.72976081095686,148.05595819364413,145.97609222634676,146.23779163170508,146.23779163170508,2364110.0,sample,2026-09-24 19:05:19.244767+00:00
AAPL,2025-02-10 20:30:00+00:00,146.42497494429,148.1225678510611,145.233160472857,146.42543831565726,146.42543831565726,10529135.0,sample,2026-09-24 19:05:19.244767+00:00
AAPL,2025-02-10 21:30:00+00:00,146.04011033035496,147.14241771304702,144.76793038316458,146.20523457849802,146.20523457849802,16622971.0,sample,2026-09-24 19:05:19.244767+00:00
AAPL,2025-02-10 22:30:00+00:00,146.53819429926565,147.3225591374069,144.69451964022747,145.83125759479893,145.83125759479893,1533248.0,sample,2026-09-24 19:05:19.244767+00:00
AAPL,2025-02-10 23:30:00+00:00,145.96351118968917,147.6939227396199,144.43901382158722,145.60545885907237,145.60545885907237,17762773.0,sample,2026-09-24 19:05:19.244767+00:00
AAPL,2025-02-11 00:30:00+00:00,145.5710470161268,146.91776277351687,145.2961806926307,145.46736849280617,145.46736849280617,13075304.0,sample,2026-09-24 19:05:19.244767+00:00
AAPL,2025-02-11 01:30:00+00:00,145.42719532281527,146.88696120586835,144.53927012879163,145.48505104618104,145.48505104618104,2496693.0,sample,2026-09-24 19:05:19.244767+00:00
AAPL,2025-02-11 02:30:00+00:00,145.19855823873235,146.1845836156344,144.8245506281479,145.79004545479165,145.79004545479165,16949400.0,sample,2026-09-24 19:05:19.244767+00:00
AAPL,2025-02-11 03:30:00+00:00,145.6610986245695,146.13752278285702,144.6488021062833,145.3700065444351,145.3700065444351,2309295.0,sample,2026-09-24 19:05:19.244767+00:00
AAPL,2025-02-11 04:30:00+00:00,146.02177980446797,147.58585787120154,144.71398421891033,145.20656027138776,145.20656027138776,13678163.0,sample,2026-09-24 19:05:19.244767+00:00
AAPL,2025-02-11 05:30:00+00:00,145.17246368731892,145.84680852319758,144.1203926032552,144.8790739959631,144.8790739959631,11718232.0,sample,2026-09-24 19:05:19.244767+00:00
AAPL,2025-02-11 06:30:00+00:00,144.66870407910463,145.46155819546289,143.59645132076804,144.52352925997184,144.52352925997184,16058345.0,sample,2026-09-24 19:05:19.244767+00:00
AAPL,2025-02-11 07:30:00+00:00,144.67166143624573,145.36249730918615,144.33455831167885,144.98813811408064,144.98813811408064,4751804.0,sample,2026-09-24 19:05:19.244767+00:00
AAPL,2025-02-11 08:30:00+00:00,145.0584738414393,145.83734663303443,143.27693968541837,144.58437676334827,144.58437676334827,12053680.0,sample,2026-09-24 19:05:19.244767+00:00
AAPL,2025-02-11 09:30:00+00:00,144.2868518247176,145.25092691309078,143.12363627133146,144.50156893609127,144.50156893609127,15785197.0,sample,2026-09-24 19:05:19.244767+00:00
AAPL,2025-02-11 10:30:00+00:00,144.3906872680068,144.56800890461798,142.2859025073161,143.91890348745895,143.91890348745895,8688124.0,sample,2026-09-24 19:05:19.244767+00:00
AAPL,2025-02-11 11:30:00+00:00,143.58567300662654,145.3235788569134,142.32585452384703,144.3314919659651,144.3314919659651,10350547.0,sample,2026-09-24 19:05:19.244767+00:00
AAPL,2025-02-11 12:30:00+00:00,144.85443818618603,146.61559979722293,144.4831206223457,144.97581954001325,144.97581954001325,16837450.0,sample,2026-09-24 19:05:19.244767+00:00
AAPL,2025-02-11 13:30:00+00:00,145.12851823261025,145.8923212144568,144.87699185702277,145.08147937578426,145.08147937578426,5360590.0,sample,2026-09-24 19:05:19.244767+00:00
AAPL,2025-02-11 14:30:00+00:00,144.7883903847009,147.2769536472561,144.39121334918755,146.21701603914522,146.21701603914522,8802736.0,sample,2026-09-24 19:05:19.244767+00:00
AAPL,2025-02-11 15:30:00+00:00,146.2167587349745,147.39316877566037,144.29381776082866,144.99607689036242,144.99607689036242,8663848.0,sample,2026-09-24 19:05:19.244767+00:00
AAPL,2025-02-11 16:30:00+00:00,145.42955063806355,145.96734267054495,143.4555349668338,144.60122183987016,144.60122183987016,17006445.0,sample,2026-09-24 19:05:19.244767+00:00
AAPL,2025-02-11 17:30:00+00:00,144.6860349831128,145.14203305947595,143.4495446831048,144.9879914912093,144.9879914912093,14894844.0,sample,2026-09-24 19:05:19.244767+00:00
AAPL,2025-02-11 18:30:00+00:00,144.9935412977968,146.4418492184346,142.42237306975318,144.09386856339736,144.09386856339736,14111300.0,sample,2026-09-24 19:05:19.244767+00:00
AAPL,2025-02-11 19:30:00+00:00,144.1837224702952,145.50085008708558,143.59399630644555,144.00388986030637,144.00388986030637,14614897.0,sample,2026-09-24 19:05:19.244767+00:00
AAPL,2025-02-11 20:30:00+00:00,143.7035690978113,145.20522863317558,143.33608297987547,144.05218304837962,144.05218304837962,5102155.0,sample,2026-09-24 19:05:19.244767+00:00
AAPL,2025-02-11 21:30:00+00:00,144.20135779346964,145.80526869431444,143.7328346343921,143.91586860589243,143.91586860589243,9683678.0,sample,2026-09-24 19:05:19.244767+00:00
AAPL,2025-02-11 22:30:00+00:00,143.5570888566312,145.24725439463106,142.89105428759683,143.89685268955,143.89685268955,2630500.0,sample,2026-09-24 19:05:19.244767+00:00
AAPL,2025-02-11 23:30:00+00:00,144.00504243896293,145.02987136293368,142.96694511018694,144.3938161200704,144.3938161200704,15927735.0,sample,2026-09-24 19:05:19.244767+00:00
AAPL,2025-02-12 00:30:00+00:00,144.8067155991596,145.57052717330018,144.47023715294068,145.0280263557616,145.0280263557616,2037425.0,sample,2026-09-24 19:05:19.244767+00:00
AAPL,2025-02-12 01:30:00+00:00,144.98701889562227,146.04337870019972,142.75663442141777,144.21870326734762,144.21870326734762,13091415.0,sample,2026-09-24 19:05:19.244767+00:00
AAPL,2025-02-12 02:30:00+00:00,144.38928792698349,144.54241445675322,141.96752200181652,143.464915552696,143.464915552696,1682359.0,sample,2026-09-24 19:05:19.244767+00:00
AAPL,2025-02-12 03:30:00+00:00,143.27884733088624,144.23931961981106,141.56405215087403,143.72710396256252,143.72710396256252,2631880.0,sample,2026-09-24 19:05:19.244767+00:00
AAPL,2025-02-12 04:30:00+00:00,143.83873855449303,144.1143913824062,141.890705102037,143.05919858253435,143.05919858253435,12268003.0,sample,2026-09-24 19:05:19.244767+00:00
AAPL,2025-02-12 05:30:00+00:00,142.77299790765173,145.45811871446415,141.91518503597558,144.16392613900555,144.16392613900555,15742018.0,sample,2026-09-24 19:05:19.244767+00:00
AAPL,2025-02-12 06:30:00+00:00,143.43801391164376,145.7542026985836,142.80711796488822,144.1116246662282,144.1116246662282,11007868.0,sample,2026-09-24 19:05:19.244767+00:00
AAPL,2025-02-12 07:30:00+00:00,144.15292501350962,144.75834394036923,142.95378885794872,144.25176784873352,144.25176784873352,15514325.0,sample,2026-09-24 19:05:19.244767+00:00
AAPL,2025-02-12 08:30:00+00:00,144.4326769867576,145.7126522759607,143.7036868798627,144.15713970114246,144.15713970114246,10587261.0,sample,2026-09-24 19:05:19.244767+00:00
AAPL,2025-02-12 09:30:00+00:00,144.05861772053044,144.6568578216827,143.5477327440169,143.9524019650256,143.9524019650256,11590421.0,sample,2026-09-24 19:05:19.244767+00:00
AAPL,2025-02-12 10:30:00+00:00,143.74824891466724,144.185803806791,142.9312603268429,143.5384405645496,143.5384405645496,11304794.0,sample,2026-09-24 19:05:19.244767+00:00
AAPL,2025-02-12 11:30:00+00:00,143.50406643648455,145.20314804193382,142.4840036611014,144.51813096593796,144.51813096593796,13223173.0,sample,2026-09-24 19:05:19.244767+00:00
AAPL,2025-02-12 12:30:00+00:00,144.6519297995136,144.9219582007465,144.31021833484422,144.73631737759285,144.73631737759285,8495002.0,sample,2026-09-24 19:05:19.244767+00:00
AAPL,2025-02-12 13:30:00+00:00,145.16836614091858,146.56083714537323,143.12219138896907,143.58016117528217,143.58016117528217,13121668.0,sample,2026-09-24 19:05:19.244767+00:00
AAPL,2025-02-12 14:30:00+00:00,143.8426372496473,144.97259155056446,141.69161720448525,143.2221485727231,143.2221485727231,11848695.0,sample,2026-09-24 19:05:19.244767+00:00
AAPL,2025-02-12 15:30:00+00:00,143.40415033576852,144.56207917863878,142.7065767415514,143.53359755179136,143.53359755179136,6272850.0,sample,2026-09-24 19:05:19.244767+00:00
AAPL,2025-02-12 16:30:00+00:00,143.2994276794162,145.25054594243315,142.4366330002458,143.7819505505926,143.7819505505926,15673337.0,sample,2026-09-24 19:05:19.244767+00:00
AAPL,2025-02-12 17:30:00+00:00,143.6037905930861,145.186503420233,142.7461896144222,144.4973203337615,144.4973203337615,2261038.0,sample,2026-09-24 19:05:19.244767+00:00
AAPL,2025-02-12 18:30:00+00:00,143.77173701615084,146.06626761201215,143.4979887027729,144.65997511554485,144.65997511554485,6052488.0,sample,2026-09-24 19:05:19.244767+00:00
AAPL,2025-02-12 19:30:00+00:00,144.61103926768726,145.9372849545341,143.59843108003685,144.52002574527324,144.52002574527324,15292275.0,sample,2026-09-24 19:05:19.244767+00:00
AAPL,2025-02-12 20:30:00+00:00,144.57903530336282,145.57455129898176,143.13701127327315,144.42619242246957,144.42619242246957,17907409.0,sample,2026-09-24 19:05:19.244767+00:00
AAPL,2025-02-12 21:30:00+00:00,144.92750798774236,145.8621458604131,143.70254931065864,144.60191982640072,144.60191982640072,6077497.0,sample,2026-09-24 19:05:19.244767+00:00
AAPL,2025-02-12 22:30:00+00:00,143.74699859413053,145.95969230709804,143.30527074662717,144.92416353851112,144.92416353851112,5450042.0,sample,2026-09-24 19:05:19.244767+00:00
AAPL,2025-02-12 23:30:00+00:00,144.82094168276888,146.01722748977556,143.47284780449806,144.5608518187734,144.5608518187734,15363903.0,sample,2026-09-24 19:05:19.244767+00:00
AAPL,2025-02-13 00:30:00+00:00,144.14712975852046,144.6082890849254,142.57317105935974,144.3797447613564,144.3797447613564,15021779.0,sample,2026-09-24 19:05:19.244767+00:00
AAPL,2025-02-13 01:30:00+00:00,144.3388863614823,145.23090813507181,143.9413800256228,144.71631735226362,144.71631735226362,7495207.0,sample,2026-09-24 19:05:19.244767+00:00
AAPL,2025-02-13 02:30:00+00:00,144.50039466171353,146.31967285561115,144.27811097822297,144.80684758089356,144.80684758089356,3397347.0,sample,2026-09-24 19:05:19.244767+00:00
AAPL,2025-02-13 03:30:00+00:00,145.46504886455995,146.74807596244707,143.48676651075974,144.7533083753978,144.7533083753978,17441368.0,sample,2026-09-24 19:05:19.244767+00:00
AAPL,2025-02-13 04:30:00+00:00,145.14223826799838,146.87757382407676,143.5760729717724,145.24735878818217,145.24735878818217,12099733.0,sample,2026-09-24 19:05:19.244767+00:00
AAPL,2025-02-13 05:30:00+00:00,145.3027335132768,146.96893198477267,143.59038597123475,144.8246115639366,144.8246115639366,3613344.0,sample,2026-09-24 19:05:19.244767+00:00
AAPL,2025-02-13 06:30:00+00:00,144.8560564829515,145.43811340496845,143.2901505533968,145.1825434209842,145.1825434209842,2207756.0,sample,2026-09-24 19:05:19.244767+00:00
AAPL,2025-02-13 07:30:00+00:00,144.50444202378497,146.22691432419455,143.41936577674042,145.90206855117117,145.90206855117117,12979063.0,sample,2026-09-24 19:05:19.244767+00:00
AAPL,2025-02-13 08:30:00+00:00,145.9061992322438,146.88696923357247,144.162975534401,145.90514918807744,145.90514918807744,5400262.0,sample,2026-09-24 19:05:19.244767+00:00
AAPL,2025-02-13 09:30:00+00:00,145.77993293059006,146.91757376771366,144.50918367379055,145.85981126827653,145.85981126827653,2227443.0,sample,2026-09-24 19:05:19.244767+00:00
AAPL,2025-02-13 10:30:00+00:00,146.06364504516347,146.73663070195636,143.61635893102073,145.25159358774312,145.25159358774312,3727085.0,sample,2026-09-24 19:05:19.244767+00:00
AAPL,2025-02-13 11:30:00+00:00,145.03663395512513,146.33082042645853,143.79865672149725,145.04585698996,145.04585698996,1843952.0,sample,2026-09-24 19:05:19.244767+00:00
AAPL,2025-02-13 12:30:00+00:00,144.72367249567736,145.82374977770834,144.45377565130016,144.669800056676,144.669800056676,1552132.0,sample,2026-09-24 19:05:19.244767+00:00
AAPL,2025-02-13 13:30:00+00:00,144.99547167535866,145.6919991148119,143.95253729400122,145.25680496867565,145.25680496867565,3300336.0,sample,2026-09-24 19:05:19.244767+00:00
AAPL,2025-02-13 14:30:00+00:00,145.0578855439744,145.54814517044105,143.47466235364752,145.1128467785078,145.1128467785078,11795682.0,sample,2026-09-24 19:05:19.244767+00:00
AAPL,2025-02-13 15:30:00+00:00,145.1751354950296,146.57318536202183,144.50215867681425,144.95495188428836,144.95495188428836,1998411.0,sample,2026-09-24 19:05:19.244767+00:00
AAPL,2025-02-13 16:30:00+00:00,145.12622861634688,147.24402036617067,144.53004511030971,145.59028930843482,145.59028930843482,11589037.0,sample,2026-09-24 19:05:19.244767+00:00
AAPL,2025-02-13 17:30:00+00:00,146.1573105052168,147.47081025922552,144.74979177450632,145.5526980162845,145.5526980162845,8397115.0,sample,2026-09-24 19:05:19.244767+00:00
AAPL,2025-02-13 18:30:00+00:00,145.56444306081434,146.50006401822364,143.8832545901005,145.8815812579724,145.8815812579724,3917551.0,sample,2026-09-24 19:05:19.244767+00:00
AAPL,2025-02-13 19:30:00+00:00,145.9630542370657,146.12126605042587,143.981796900991,145.67932628624993,145.67932628624993,3499104.0,sample,2026-09-24 19:05:19.244767+00:00
AAPL,2025-02-13 20:30:00+00:00,145.951155371834,147.02389743012642,144.8639608761617,145.91216393468176,145.91216393468176,9733517.0,sample,2026-09-24 19:05:19.244767+00:00
AAPL,2025-02-13 21:30:00+00:00,146.26618739451618,147.32426171837912,144.19278547731153,145.81680241565186,145.81680241565186,3657227.0,sample,2026-09-24 19:05:19.244767+00:00
AAPL,2025-02-13 22:30:00+00:00,145.54930930494157,147.87076748471134,144.9196360409245,146.57618258795415,146.57618258795415,13881585.0,sample,2026-09-24 19:05:19.244767+00:00
AAPL,2025-02-13 23:30:00+00:00,146.62117317583207,147.69385406903223,145.5624582274633,146.7195183812864,146.7195183812864,15873955.0,sample,2026-09-24 19:05:19.244767+00:00
AAPL,2025-02-14 00:30:00+00:00,147.13591987582205,148.86856901812445,144.91165395571406,145.90529794510104,145.90529794510104,10742212.0,sample,2026-09-24 19:05:19.244767+00:00
AAPL,2025-02-14 01:30:00+00:00,145.47360070273643,146.040435438467,144.86948196201493,145.62857656964906,145.62857656964906,12117676.0,sample,2026-09-24 19:05:19.244767+00:00
AAPL,2025-02-14 02:30:00+00:00,145.8048154714744,147.00595627036665,143.52613360630704,144.90167205310306,144.90167205310306,5395922.0,sample,2026-09-24 19:05:19.244767+00:00
AAPL,2025-02-14 03:30:00+00:00,143.92439673073514,145.61525114950638,143.27231791598786,145.22191411135375,145.22191411135375,5979937.0,sample,2026-09-24 19:05:19.244767+00:00
AAPL,2025-02-14 04:30:00+00:00,145.20434034127192,145.84789908656333,143.56497977962093,145.68669752817414,145.68669752817414,14021974.0,sample,2026-09-24 19:05:19.244767+00:00
AAPL,2025-02-14 05:30:00+00:00,145.53171807134817,147.51119526391867,144.36944002388586,145.84394346205528,145.84394346205528,12708916.0,sample,2026-09-24 19:05:19.244767+00:00
AAPL,2025-02-14 06:30:00+00:00,145.99693870007854,146.53527504625822,145.33147257524618,145.55678896436103,145.55678896436103,14674216.0,sample,2026-09-24 19:05:19.244767+00:00
AAPL,2025-02-14 07:30:00+00:00,145.63127212657673,145.9076891240218,144.36097664959723,144.90248110151333,144.90248110151333,17871494.0,sample,2026-09-24 19:05:19.244767+00:00
AAPL,2025-02-14 08:30:00+00:00,144.87873025306328,146.40076500522898,143.96534875750208,144.88292301522483,144.88292301522483,16168118.0,sample,2026-09-24 19:05:19.244767+00:00
AAPL,2025-02-14 09:30:00+00:00,145.15272517458126,145.59164265901893,143.80655999880943,144.5043345881496,144.5043345881496,1648373.0,sample,2026-09-24 19:05:19.244767+00:00
AAPL,2025-02-14 10:30:00+00:00,144.33067413003715,146.2451379939828,143.18353216968592,145.05011807127656,145.05011807127656,12164758.0,sample,2026-09-24 19:05:19.244767+00:00
AAPL,2025-02-14 11:30:00+00:00,144.7411339900871,145.95308401491712,143.51634054016444,144.83125703910943,144.83125703910943,13394136.0,sample,2026-09-24 19:05:19.244767+00:00
AAPL,2025-02-14 12:30:00+00:00,144.3448709594291,145.79744008391393,143.02495706555055,145.1034735408099,145.1034735408099,12857097.0,sample,2026-09-24 19:05:19.244767+00:00
AAPL,2025-02-14 13:30:00+00:00,145.13275467371503,145.40227842895018,143.4893952708104,144.83251512578468,144.83251512578468,16590239.0,sample,2026-09-24 19:05:19.244767+00:00
AAPL,2025-02-14 14:30:00+00:00,145.4624585533851,147.2102863076684,144.64490635873312,145.47486699730422,145.47486699730422,15809498.0,sample,2026-09-24 19:05:19.244767+00:00
AAPL,2025-02-14 15:30:00+00:00,145.6684688317455,145.81613086731264,143.39590939000703,144.89220445144372,144.89220445144372,14035023.0,sample,2026-09-24 19:05:19.244767+00:00
AAPL,2025-02-14 16:30:00+00:00,144.93974502780304,146.22960645307938,144.20615073852088,144.69391137566976,144.69391137566976,11197169.0,sample,2026-09-24 19:05:19.244767+00:00
AAPL,2025-02-14 17:30:00+00:00,144.09994587419706,145.8398429010302,142.81936072354696,145.03730807303293,145.03730807303293,7614452.0,sample,2026-09-24 19:05:19.244767+00:00
AAPL,2025-02-14 18:30:00+00:00,145.34651497026837,147.2186701491109,145.04185876196874,146.0203093066177,146.0203093066177,8582688.0,sample,2026-09-24 19:05:19.244767+00:00
AAPL,2025-02-14 19:30:00+00:00,146.44074977456543,147.4665622814673,143.74079771946055,145.19394695217557,145.19394695217557,4641848.0,sample,2026-09-24 19:05:19.244767+00:00
AAPL,2025-02-14 20:30:00+00:00,145.0285798432124,146.41755159450585,143.94869673367796,144.46465615113888,144.46465615113888,2159633.0,sample,2026-09-24 19:05:19.244767+00:00
AAPL,2025-02-14 21:30:00+00:00,144.1354210512984,144.8977637559308,143.50089215968026,144.74388220303814,144.74388220303814,2345987.0,sample,2026-09-24 19:05:19.244767+00:00
AAPL,2025-02-14 22:30:00+00:00,144.29752122924228,146.39762854051168,143.2827067568164,145.66856283638614,145.66856283638614,6624343.0,sample,2026-09-24 19:05:19.244767+00:00
AAPL,2025-02-14 23:30:00+00:00,145.20520995783662,146.38869761850722,144.6814102101186,146.166209111934,146.166209111934,16047319.0,sample,2026-09-24 19:05:19.244767+00:00
AAPL,2025-02-15 00:30:00+00:00,146.24749791633812,147.22472138628376,145.18527989539464,146.59301682052296,146.59301682052296,13791192.0,sample,2026-09-24 19:05:19.244767+00:00
AAPL,2025-02-15 01:30:00+00:00,146.8667995181353,148.4910618810656,145.57055443693756,145.9760187845289,145.9760187845289,1895975.0,sample,2026-09-24 19:05:19.244767+00:00
AAPL,2025-02-15 02:30:00+00:00,146.07445180544963,147.75644898221347,145.8876491293346,146.13635826898803,146.13635826898803,5070996.0,sample,2026-09-24 19:05:19.244767+00:00
AAPL,2025-02-15 03:30:00+00:00,146.5955616799474,147.52209826131173,145.21774970280143,146.4427182861801,146.4427182861801,6075138.0,sample,2026-09-24 19:05:19.244767+00:00
AAPL,2025-02-15 04:30:00+00:00,146.4331586926249,147.4692266392292,145.94069026159536,146.57472086382182,146.57472086382182,10321341.0,sample,2026-09-24 19:05:19.244767+00:00
AAPL,2025-02-15 05:30:00+00:00,146.47357420502257,148.49776197189055,146.3127720076152,146.76061058962557,146.76061058962557,10002895.0,sample,2026-09-24 19:05:19.244767+00:00
AAPL,2025-02-15 06:30:00+00:00,146.65809260025105,147.96157841868649,145.49556718923145,147.2111930929053,147.2111930929053,11655226.0,sample,2026-09-24 19:05:19.244767+00:00
AAPL,2025-02-15 07:30:00+00:00,147.18056379204208,147.926521660865,144.8454459034592,145.79156928988175,145.79156928988175,15442152.0,sample,2026-09-24 19:05:19.244767+00:00
AAPL,2025-02-15 08:30:00+00:00,146.43391370579405,147.87365881536843,144.05230803025992,144.61559336331302,144.61559336331302,13674483.0,sample,2026-09-24 19:05:19.244767+00:00
AAPL,2025-02-15 09:30:00+00:00,144.78918126625803,145.77650573367396,142.675230610796,143.93625886127546,143.93625886127546,9594875.0,sample,2026-09-24 19:05:19.244767+00:00
AAPL,2025-02-15 10:30:00+00:00,144.16466462110688,144.4822215186579,143.4535937486199,143.99321479232702,143.99321479232702,7673013.0,sample,2026-09-24 19:05:19.244767+00:00
AAPL,2025-02-15 11:30:00+00:00,144.44244740530002,145.232197166094,143.52216084635572,143.77629888724337,143.77629888724337,2307169.0,sample,2026-09-24 19:05:19.244767+00:00
AAPL,2025-02-15 12:30:00+00:00,143.55296906189068,143.83225090554404,141.83993217695976,143.01856466102495,143.01856466102495,4574877.0,sample,2026-09-24 19:05:19.244767+00:00
AAPL,2025-02-15 13:30:00+00:00,143.68101040900106,144.89579763911004,143.07637733717354,143.9555325952063,143.9555325952063,12485643.0,sample,2026-09-24 19:05:19.244767+00:00
AAPL,2025-02-15 14:30:00+00:00,143.68013981848557,144.02147368240728,143.3730302014524,143.84320281223407,143.84320281223407,11803230.0,sample,2026-09-24 19:05:19.244767+00:00
AAPL,2025-02-15 15:30:00+00:00,144.0671168982795,144.87352247934206,143.56432850269266,143.9634532946009,143.9634532946009,16291905.0,sample,2026-09-24 19:05:19.244767+00:00
AAPL,2025-02-15 16:30:00+00:00,144.39208154087035,144.8395036621175,143.6162545875816,144.50954046822994,144.50954046822994,10409524.0,sample,2026-09-24 19:05:19.244767+00:00
AAPL,2025-02-15 17:30:00+00:00,144.57003428939456,145.90215564433055,144.23722275378415,145.7532897674956,145.7532897674956,2350803.0,sample,2026-09-24 19:05:19.244767+00:00
AAPL,2025-02-15 18:30:00+00:00,145.92153261723567,147.2021502100477,144.8710843327602,145.7259649874354,145.7259649874354,17802653.0,sample,2026-09-24 19:05:19.244767+00:00
AAPL,2025-02-15 19:30:00+00:00,145.61243629027084,146.2874955341649,144.1302066393227,145.84135668649512,145.84135668649512,8048292.0,sample,2026-09-24 19:05:19.244767+00:00
AAPL,2025-02-15 20:30:00+00:00,145.70477310777085,146.122770713144,144.4013474646901,145.1239585312535,145.1239585312535,12790657.0,sample,2026-09-24 19:05:19.244767+00:00
AAPL,2025-02-15 21:30:00+00:00,145.18884755928084,145.45205008567277,144.4918865466333,145.10349740003164,145.10349740003164,11328428.0,sample,2026-09-24 19:05:19.244767+00:00
AAPL,2025-02-15 22:30:00+00:00,145.0174475111138,146.37484776483498,144.1558590739081,144.38085624034272,144.38085624034272,16595451.0,sample,2026-09-24 19:05:19.244767+00:00
AAPL,2025-02-15 23:30:00+00:00,144.35459551457168,145.3603745223416,143.06340867847797,144.126421335088,144.126421335088,7677065.0,sample,2026-09-24 19:05:19.244767+00:00
AAPL,2025-02-16 00:30:00+00:00,144.2111742719734,145.92463264193742,143.6774692612592,144.57363794531352,144.57363794531352,11940285.0,sample,2026-09-24 19:05:19.244767+00:00
AAPL,2025-02-16 01:30:00+00:00,144.7632764311399,145.2602424276279,143.28191088303896,144.78789928980436,144.78789928980436,13307075.0,sample,2026-09-24 19:05:19.244767+00:00
AAPL,2025-02-16 02:30:00+00:00,144.8364424078066,145.58300765268268,143.16367481413815,145.34486809726926,145.34486809726926,12861218.0,sample,2026-09-24 19:05:19.244767+00:00
AAPL,2025-02-16 03:30:00+00:00,145.01709396592227,146.68744038764407,144.8421939909806,145.49830289295232,145.49830289295232,5758621.0,sample,2026-09-24 19:05:19.244767+00:00
AAPL,2025-02-16 04:30:00+00:00,145.4633206068015,147.38110983188062,144.1708937483356,146.1855288682808,146.1855288682808,13573332.0,sample,2026-09-24 19:05:19.244767+00:00
AAPL,2025-02-16 05:30:00+00:00,145.98196540472017,146.80360171715415,144.52964560510915,145.61954134803682,145.61954134803682,7784674.0,sample,2026-09-24 19:05:19.244767+00:00
AAPL,2025-02-16 06:30:00+00:00,145.70599315057845,146.55515621568088,145.23025497632912,146.33720801834968,146.33720801834968,4382496.0,sample,2026-09-24 19:05:19.244767+00:00
AAPL,2025-02-16 07:30:00+00:00,146.54057442191194,148.02680868569595,145.48881292320536,146.0100706497172,146.0100706497172,15886043.0,sample,2026-09-24 19:05:19.244767+00:00
AAPL,2025-02-16 08:30:00+00:00,146.1530875577151,147.3756466429123,145.24425535758962,145.79706074229446,145.79706074229446,2081477.0,sample,2026-09-24 19:05:19.244767+00:00
AAPL,2025-02-16 09:30:00+00:00,145.84501910203699,146.98635302256375,144.1612024757038,145.62190209983217,145.62190209983217,8869940.0,sample,2026-09-24 19:05:19.244767+00:00
AAPL,2025-02-16 10:30:00+00:00,145.74709631157276,147.42931890431117,144.8989629592801,146.70017306745763,146.70017306745763,6198173.0,sample,2026-09-24 19:05:19.244767+00:00
AAPL,2025-02-16 11:30:00+00:00,146.51176442745222,147.66244981035734,145.97654490389334,146.26493510680461,146.26493510680461,8030661.0,sample,2026-09-24 19:05:19.244767+00:00
AAPL,2025-02-16 12:30:00+00:00,146.73281113990507,147.79233621239172,145.38757374712924,146.55408682187218,146.55408682187218,4999059.0,sample,2026-09-24 19:05:19.244767+00:00
AAPL,2025-02-16 13:30:00+00:00,146.89253477131965,148.3395260987957,146.47328678334475,146.80692655811404,146.80692655811404,17041793.0,sample,2026-09-24 19:05:19.244767+00:00
AAPL,2025-02-16 14:30:00+00:00,146.5915979274441,147.62982992666485,144.9763987733383,146.87131261064854,146.87131261064854,15188513.0,sample,2026-09-24 19:05:19.244767+00:00
AAPL,2025-02-16 15:30:00+00:00,146.82895002662497,148.09493863439508,145.57301107452494,146.41490780681391,146.41490780681391,8402311.0,sample,2026-09-24 19:05:19.244767+00:00
AAPL,2025-02-16 16:30:00+00:00,146.54716266831997,146.7184665840647,145.53531440713388,145.7524622217606,145.7524622217606,11015132.0,sample,2026-09-24 19:05:19.244767+00:00
AAPL,2025-02-16 17:30:00+00:00,145.87853072557613,147.3027730211487,144.36723040222608,145.08952991510927,145.08952991510927,7672688.0,sample,2026-09-24 19:05:19.244767+00:00
AAPL,2025-02-16 18:30:00+00:00,145.09375060221683,146.2291179815394,143.72741957746533,145.72910210171497,145.72910210171497,6338800.0,sample,2026-09-24 19:05:19.244767+00:00
AAPL,2025-02-16 19:30:00+00:00,145.40312797780655,146.7831868633292,143.97126188726978,145.2758792122875,145.2758792122875,3707917.0,sample,2026-09-24 19:05:19.244767+00:00
AAPL,2025-02-16 20:30:00+00:00,145.57733560702877,146.55227629066673,143.52745568756387,144.5801843507151,144.5801843507151,7150684.0,sample,2026-09-24 19:05:19.244767+00:00
AAPL,2025-02-16 21:30:00+00:00,144.72256331939022,146.77225047960124,143.65451449773897,145.14019158200307,145.14019158200307,12046331.0,sample,2026-09-24 19:05:19.244767+00:00
AAPL,2025-02-16 22:30:00+00:00,145.05640928374115,146.99249549582734,144.47540650150273,145.5038113643565,145.5038113643565,15860324.0,sample,2026-09-24 19:05:19.244767+00:00
AAPL,2025-02-16 23:30:00+00:00,145.39433511667517,147.23477660184753,145.1982737836741,145.48920253470385,145.48920253470385,11580771.0,sample,2026-09-24 19:05:19.244767+00:00
AAPL,2025-02-17 00:30:00+00:00,145.19858955388648,146.1531004266522,144.69779011968535,145.18674672536864,145.18674672536864,8364182.0,sample,2026-09-24 19:05:19.244767+00:00
AAPL,2025-02-17 01:30:00+00:00,144.71788040764,145.96154317712126,141.91714929082846,143.61068153519514,143.61068153519514,12592678.0,sample,2026-09-24 19:05:19.244767+00:00
AAPL,2025-02-17 02:30:00+00:00,143.63405478579463,144.2241336321881,141.7197071558779,143.16613675834552,143.16613675834552,17933409.0,sample,2026-09-24 19:05:19.244767+00:00
AAPL,2025-02-17 03:30:00+00:00,143.6142596879201,144.63979735738738,141.61698088831773,143.06962248267334,143.06962248267334,17733302.0,sample,2026-09-24 19:05:19.244767+00:00
AAPL,2025-02-17 04:30:00+00:00,143.3464879241947,143.94911955725325,141.61024534604778,142.4574922302152,142.4574922302152,13124101.0,sample,2026-09-24 19:05:19.244767+00:00
AAPL,2025-02-17 05:30:00+00:00,142.52307607708252,143.9116495424228,140.7565690971972,141.84878355352697,141.84878355352697,15882450.0,sample,2026-09-24 19:05:19.244767+00:00
AAPL,2025-02-17 06:30:00+00:00,142.12344093809858,144.46121198297845,141.44902769849742,143.02078322798485,143.02078322798485,12753288.0,sample,2026-09-24 19:05:19.244767+00:00
AAPL,2025-02-17 07:30:00+00:00,143.02389119562648,143.91137169993883,140.64911887025602,142.04844191447822,142.04844191447822,5680111.0,sample,2026-09-24 19:05:19.244767+00:00
AAPL,2025-02-17 08:30:00+00:00,141.6330347245131,142.430863553712,140.94141720320818,142.21547910939216,142.21547910939216,16598800.0,sample,2026-09-24 19:05:19.244767+00:00
AAPL,2025-02-17 09:30:00+00:00,141.64751265288092,142.1168068490462,141.2707603357816,141.75850912313848,141.75850912313848,17523663.0,sample,2026-09-24 19:05:19.244767+00:00
