symbol,timestamp,open,high,low,close,adj_close,volume,source,ingestion_time
AMZN,2021-01-04 00:00:00+00:00,124.34710476248135,124.80269844223767,123.75578371574244,124.43789369893734,124.43789369893734,9747013.0,sample,2026-09-24 19:05:19.757444+00:00
AMZN,2021-01-05 00:00:00+00:00,124.43482716630064,124.68554262619185,121.94891346821183,122.22339929971673,122.22339929971673,4866338.0,sample,2026-09-24 19:05:19.757444+00:00
AMZN,2021-01-06 00:00:00+00:00,121.63208356445983,122.57545140727929,118.85633863211366,119.32075622550016,119.32075622550016,2653930.0,sample,2026-09-24 19:05:19.757444+00:00
AMZN,2021-01-07 00:00:00+00:00,119.20035043798562,120.27280081926847,115.11512613677196,116.48777422038941,116.48777422038941,3578454.0,sample,2026-09-24 19:05:19.757444+00:00
AMZN,2021-01-08 00:00:00+00:00,116.4686508578026,116.66597594485677,114.69811911897828,115.64869010314126,115.64869010314126,6849158.0,sample,2026-09-24 19:05:19.757444+00:00
AMZN,2021-01-11 00:00:00+00:00,115.53520298422497,118.96912304385192,115.17893246472615,117.99191088070805,117.99191088070805,5223283.0,sample,2026-09-24 19:05:19.757444+00:00
AMZN,2021-01-12 00:00:00+00:00,117.43396771175973,118.22055979449907,115.55894636618044,116.4516469764197,116.4516469764197,4116203.0,sample,2026-09-24 19:05:19.757444+00:00
AMZN,2021-01-13 00:00:00+00:00,116.66777179326898,117.75736963337333,115.19691399649413,116.40200250980817,116.40200250980817,6335151.0,sample,2026-09-24 19:05:19.757444+00:00
AMZN,2021-01-14 00:00:00+00:00,116.43316413847823,116.93391971984624,114.86231821662253,115.90616288845075,115.90616288845075,14295189.0,sample,2026-09-24 19:05:19.757444+00:00
AMZN,2021-01-15 00:00:00+00:00,115.71510004171584,116.51188551115946,114.93526120157573,115.50123095172869,115.50123095172869,4069341.0,sample,2026-09-24 19:05:19.757444+00:00
AMZN,2021-01-18 00:00:00+00:00,115.35992276874912,115.58860354539189,114.01474762363762,114.71434079959974,114.71434079959974,4077671.0,sample,2026-09-24 19:05:19.757444+00:00
AMZN,2021-01-19 00:00:00+00:00,114.99541259144792,118.49200057463463,114.21091495143432,117.7006421906176,117.7006421906176,12849933.0,sample,2026-09-24 19:05:19.757444+00:00
AMZN,2021-01-20 00:00:00+00:00,117.65504440314344,120.31450075635237,117.36027087190116,119.09865950453872,119.09865950453872,11831406.0,sample,2026-09-24 19:05:19.757444+00:00
AMZN,2021-01-21 00:00:00+00:00,119.40456750824042,120.60674120954293,117.91148441660675,118.69024438823136,118.69024438823136,2258932.0,sample,2026-09-24 19:05:19.757444+00:00
AMZN,2021-01-22 00:00:00+00:00,118.69487292427408,119.11095445020244,114.99226408467496,115.74194751029262,115.74194751029262,2844957.0,sample,2026-09-24 19:05:19.757444+00:00
AMZN,2021-01-25 00:00:00+00:00,115.82264357887112,117.01925776046632,113.28997448030944,114.02754457946236,114.02754457946236,12502741.0,sample,2026-09-24 19:05:19.757444+00:00
AMZN,2021-01-26 00:00:00+00:00,113.86840493270775,114.7892146374754,112.95829144426554,113.19060104732442,113.19060104732442,8256893.0,sample,2026-09-24 19:05:19.757444+00:00
AMZN,2021-01-27 00:00:00+00:00,112.99666678329599,113.42416521425487,112.03940852687619,112.4333109887518,112.4333109887518,3004806.0,sample,2026-09-24 19:05:19.757444+00:00
AMZN,2021-01-28 00:00:00+00:00,112.48901444299892,113.06443469328936,111.0681751578951,112.34924656006261,112.34924656006261,14295593.0,sample,2026-09-24 19:05:19.757444+00:00
AMZN,2021-01-29 00:00:00+00:00,112.27956644493914,113.55045786760643,111.13334639111602,113.13103734353189,113.13103734353189,1801616.0,sample,2026-09-24 19:05:19.757444+00:00
AMZN,2021-02-01 00:00:00+00:00,113.3629572927877,113.72388175614596,111.01541049060577,111.5683303110362,111.5683303110362,9326306.0,sample,2026-09-24 19:05:19.757444+00:00
AMZN,2021-02-02 00:00:00+00:00,111.53993533134789,115.75643966479771,110.39216328554281,114.46171639631966,114.46171639631966,14537048.0,sample,2026-09-24 19:05:19.757444+00:00
AMZN,2021-02-03 00:00:00+00:00,114.25976727805657,115.61932024180399,112.37916328006379,113.37938465404099,113.37938465404099,7882037.0,sample,2026-09-24 19:05:19.757444+00:00
AMZN,2021-02-04 00:00:00+00:00,113.3600304528121,114.81961383078418,112.56222065169118,114.54516980419183,114.54516980419183,3820936.0,sample,2026-09-24 19:05:19.757444+00:00
AMZN,2021-02-05 00:00:00+00:00,114.30778837823668,115.16378528668095,113.79257009509868,114.41453556334604,114.41453556334604,6141994.0,sample,2026-09-24 19:05:19.757444+00:00
AMZN,2021-02-08 00:00:00+00:00,114.38869300617095,114.73824346633396,110.1911337520383,111.42861266862401,111.42861266862401,13864180.0,sample,2026-09-24 19:05:19.757444+00:00
AMZN,2021-02-09 00:00:00+00:00,110.8999515355509,111.91150703693549,109.82770968121869,110.86246541841942,110.86246541841942,6568687.0,sample,2026-09-24 19:05:19.757444+00:00
AMZN,2021-02-10 00:00:00+00:00,111.20943362381888,111.75251475627395,109.88440103865841,111.10656386730805,111.10656386730805,2826437.0,sample,2026-09-24 19:05:19.757444+00:00
AMZN,2021-02-11 00:00:00+00:00,111.24124116050183,115.7210074834532,109.9229516721531,115.46790972915669,115.46790972915669,3111895.0,sample,2026-09-24 19:05:19.757444+00:00
AMZN,2021-02-12 00:00:00+00:00,115.22631045399297,120.01674150247486,114.60068030168668,119.76970110327062,119.76970110327062,12599550.0,sample,2026-09-24 19:05:19.757444+00:00
AMZN,2021-02-15 00:00:00+00:00,119.24717921934273,121.82352956866191,118.52084608235928,120.39002490829411,120.39002490829411,11443269.0,sample,2026-09-24 19:05:19.757444+00:00
AMZN,2021-02-16 00:00:00+00:00,120.5230300271034,121.90074527719842,119.52097506758734,120.88837566945432,120.88837566945432,9883124.0,sample,2026-09-24 19:05:19.757444+00:00
AMZN,2021-02-17 00:00:00+00:00,120.82423640339803,121.42192028641357,120.66933970975735,120.89049635724082,120.89049635724082,12209882.0,sample,2026-09-24 19:05:19.757444+00:00
AMZN,2021-02-18 00:00:00+00:00,120.38959566641749,122.99781466567775,119.6770097899782,122.31839049572655,122.31839049572655,2109052.0,sample,2026-09-24 19:05:19.757444+00:00
AMZN,2021-02-19 00:00:00+00:00,122.0826269376667,122.38520111764743,120.51237203083267,121.23159878992763,121.23159878992763,6789701.0,sample,2026-09-24 19:05:19.757444+00:00
AMZN,2021-02-22 00:00:00+00:00,121.71146481290091,122.28152047481036,118.72706666403712,119.15017292166787,119.15017292166787,13279057.0,sample,2026-09-24 19:05:19.757444+00:00
AMZN,2021-02-23 00:00:00+00:00,119.14652971121951,126.79308983210353,118.1815636991049,126.37082877537672,126.37082877537672,11703591.0,sample,2026-09-24 19:05:19.757444+00:00
AMZN,2021-02-24 00:00:00+00:00,126.20880636527144,126.99227374608803,123.77136438129324,123.96787645032863,123.96787645032863,4965160.0,sample,2026-09-24 19:05:19.757444+00:00
AMZN,2021-02-25 00:00:00+00:00,123.63305003422083,124.31868759135122,116.88277392551353,117.83070810413727,117.83070810413727,4294070.0,sample,2026-09-24 19:05:19.757444+00:00
AMZN,2021-02-26 00:00:00+00:00,117.77595935916447,119.79682648292106,117.01609133815728,119.07540821322152,119.07540821322152,2890612.0,sample,2026-09-24 19:05:19.757444+00:00
AMZN,2021-03-01 00:00:00+00:00,118.78164843577865,121.40338304938622,118.40693303661725,120.89402865364477,120.89402865364477,16141205.0,sample,2026-09-24 19:05:19.757444+00:00
AMZN,2021-03-02 00:00:00+00:00,121.00896609369069,122.05553116235237,118.3930424196619,119.20913332288698,119.20913332288698,17684366.0,sample,2026-09-24 19:05:19.757444+00:00
AMZN,2021-03-03 00:00:00+00:00,119.4871102150208,119.84436551794758,117.47853551454068,117.94820916880973,117.94820916880973,3460174.0,sample,2026-09-24 19:05:19.757444+00:00
AMZN,2021-03-04 00:00:00+00:00,117.99242282234606,119.18863878326535,115.79943808569523,117.13720219811712,117.13720219811712,5309636.0,sample,2026-09-24 19:05:19.757444+00:00
AMZN,2021-03-05 00:00:00+00:00,117.26104233830698,119.35297479527172,116.41710945601395,118.3797933440523,118.3797933440523,12847414.0,sample,2026-09-24 19:05:19.757444+00:00
AMZN,2021-03-08 00:00:00+00:00,118.56736866561197,119.38635016970474,117.88012195874092,119.18054792197694,119.18054792197694,8240179.0,sample,2026-09-24 19:05:19.757444+00:00
AMZN,2021-03-09 00:00:00+00:00,119.17886693233022,119.66853790436491,118.19296087094729,118.80658023923759,118.80658023923759,13080310.0,sample,2026-09-24 19:05:19.757444+00:00
AMZN,2021-03-10 00:00:00+00:00,118.74365417156841,119.67143403659938,116.79133164545169,117.8845583278712,117.8845583278712,9428876.0,sample,2026-09-24 19:05:19.757444+00:00
AMZN,2021-03-11 00:00:00+00:00,117.76758733838197,118.08704586228455,116.46529977377831,116.8257873818086,116.8257873818086,6397934.0,sample,2026-09-24 19:05:19.757444+00:00
AMZN,2021-03-12 00:00:00+00:00,116.76240117282602,119.3530961755748,115.95427178287359,118.278178322024,118.278178322024,15223688.0,sample,2026-09-24 19:05:19.757444+00:00
AMZN,2021-03-15 00:00:00+00:00,118.42568951708174,119.37401259987733,117.14076526246782,119.2112466925919,119.2112466925919,17220802.0,sample,2026-09-24 19:05:19.757444+00:00
AMZN,2021-03-16 00:00:00+00:00,119.05854862591488,120.6194750048587,118.28982621917206,120.22234999051824,120.22234999051824,8688463.0,sample,2026-09-24 19:05:19.757444+00:00
AMZN,2021-03-17 00:00:00+00:00,120.34653879817333,122.19418754838522,119.51849651392595,121.6918369618982,121.6918369618982,8827551.0,sample,2026-09-24 19:05:19.757444+00:00
AMZN,2021-03-18 00:00:00+00:00,121.49525398305212,123.83947591095468,120.79638273506565,122.45349353731869,122.45349353731869,11507506.0,sample,2026-09-24 19:05:19.757444+00:00
AMZN,2021-03-19 00:00:00+00:00,121.93464686866159,124.08015152415804,120.6991731496429,122.7397885785739,122.7397885785739,4369189.0,sample,2026-09-24 19:05:19.757444+00:00
AMZN,2021-03-22 00:00:00+00:00,122.52672678554039,124.72815798070881,122.05614417417407,124.25409874546494,124.25409874546494,8138105.0,sample,2026-09-24 19:05:19.757444+00:00
AMZN,2021-03-23 00:00:00+00:00,123.91528768972609,125.25635743682466,120.75275318089415,121.70156608696944,121.70156608696944,10482977.0,sample,2026-09-24 19:05:19.757444+00:00
AMZN,2021-03-24 00:00:00+00:00,121.7163547910757,123.25106874697859,120.62026871029158,121.91538293910035,121.91538293910035,13788644.0,sample,2026-09-24 19:05:19.757444+00:00
AMZN,2021-03-25 00:00:00+00:00,121.87024520262662,122.77814271238084,119.47814041432476,120.39490505562853,120.39490505562853,10653847.0,sample,2026-09-24 19:05:19.757444+00:00
AMZN,2021-03-26 00:00:00+00:00,120.6792681257498,122.72489533797241,119.45574126907701,121.7847552194405,121.7847552194405,15225489.0,sample,2026-09-24 19:05:19.757444+00:00
AMZN,2021-03-29 00:00:00+00:00,121.94736695296118,123.40552741781339,120.98536396832401,122.67272100134015,122.67272100134015,5699924.0,sample,2026-09-24 19:05:19.757444+00:00
AMZN,2021-03-30 00:00:00+00:00,122.71846190526159,124.62901183536262,122.04544954803336,124.35243397511728,124.35243397511728,8003959.0,sample,2026-09-24 19:05:19.757444+00:00
AMZN,2021-03-31 00:00:00+00:00,124.3726913392844,124.60962342679491,119.83570561754775,121.1842782056794,121.1842782056794,3361038.0,sample,2026-09-24 19:05:19.757444+00:00
AMZN,2021-04-01 00:00:00+00:00,121.30158919574676,124.18878548449878,121.13581164878255,123.09521397844021,123.09521397844021,4746260.0,sample,2026-09-24 19:05:19.757444+00:00
AMZN,2021-04-02 00:00:00+00:00,123.30738662185706,125.27342232399104,122.30657581783615,123.96571643787539,123.96571643787539,11310014.0,sample,2026-09-24 19:05:19.757444+00:00
AMZN,2021-04-05 00:00:00+00:00,123.7442111308316,128.64867309569362,122.92021891328805,127.97379776367568,127.97379776367568,5829104.0,sample,2026-09-24 19:05:19.757444+00:00
AMZN,2021-04-06 00:00:00+00:00,127.95979148504212,128.96611969392086,125.37606001712504,125.99367104119787,125.99367104119787,11144439.0,sample,2026-09-24 19:05:19.757444+00:00
AMZN,2021-04-07 00:00:00+00:00,125.64683264863561,127.28801167478058,124.73565924780402,126.9747103564162,126.9747103564162,2878810.0,sample,2026-09-24 19:05:19.757444+00:00
AMZN,2021-04-08 00:00:00+00:00,126.84787437244565,127.54180397296956,122.73856934178174,123.36696345708336,123.36696345708336,10415001.0,sample,2026-09-24 19:05:19.757444+00:00
AMZN,2021-04-09 00:00:00+00:00,123.49731240653325,123.9701765345652,121.65791475143835,122.50207731234825,122.50207731234825,12805303.0,sample,2026-09-24 19:05:19.757444+00:00
AMZN,2021-04-12 00:00:00+00:00,122.45841078792367,123.39951058571997,121.51396916037437,121.92965919227986,121.92965919227986,3211840.0,sample,2026-09-24 19:05:19.757444+00:00
AMZN,2021-04-13 00:00:00+00:00,121.55967361268014,125.13973634136143,120.35563542063946,124.1340112047096,124.1340112047096,15410507.0,sample,2026-09-24 19:05:19.757444+00:00
AMZN,2021-04-14 00:00:00+00:00,123.94000718104196,124.2425981407351,123.51590200568059,123.86078091052516,123.86078091052516,5061990.0,sample,2026-09-24 19:05:19.757444+00:00
AMZN,2021-04-15 00:00:00+00:00,123.80449029960238,129.47127011419352,122.76983976565222,128.7757645732089,128.7757645732089,11882037.0,sample,2026-09-24 19:05:19.757444+00:00
AMZN,2021-04-16 00:00:00+00:00,129.1646257494324,130.66489468743438,126.64179718612577,127.80673874928283,127.80673874928283,17462103.0,sample,2026-09-24 19:05:19.757444+00:00
AMZN,2021-04-19 00:00:00+00:00,127.93893390680189,128.20614001438543,127.17218684721358,127.36580950723523,127.36580950723523,9452010.0,sample,2026-09-24 19:05:19.757444+00:00
AMZN,2021-04-20 00:00:00+00:00,127.2768651890367,127.90995127301217,124.01633108479142,125.3697487369405,125.3697487369405,7659461.0,sample,2026-09-24 19:05:19.757444+00:00
AMZN,2021-04-21 00:00:00+00:00,125.23111987803503,127.64393036877111,124.5621093719747,127.0648007476073,127.0648007476073,1813829.0,sample,2026-09-24 19:05:19.757444+00:00
AMZN,2021-04-22 00:00:00+00:00,127.15462340982661,127.63910539133236,124.20874666591735,125.53047422931822,125.53047422931822,9825802.0,sample,2026-09-24 19:05:19.757444+00:00
AMZN,2021-04-23 00:00:00+00:00,125.5550041939895,126.4093132425716,124.18701646770295,125.87695138826219,125.87695138826219,3476219.0,sample,2026-09-24 19:05:19.757444+00:00
AMZN,2021-04-26 00:00:00+00:00,125.97874552800346,126.24146078531655,123.12223558292513,123.9239191640337,123.9239191640337,9810027.0,sample,2026-09-24 19:05:19.757444+00:00
AMZN,2021-04-27 00:00:00+00:00,123.84603808912622,125.32561930917294,120.31539324931937,120.95829426677753,120.95829426677753,13659819.0,sample,2026-09-24 19:05:19.757444+00:00
AMZN,2021-04-28 00:00:00+00:00,120.93316589005383,121.7204430319698,118.01790350117754,118.65387280005449,118.65387280005449,8834220.0,sample,2026-09-24 19:05:19.757444+00:00
AMZN,2021-04-29 00:00:00+00:00,118.83061227037939,119.69220366887454,116.57641286287833,117.51636805478502,117.51636805478502,3091761.0,sample,2026-09-24 19:05:19.757444+00:00
AMZN,2021-04-30 00:00:00+00:00,117.82069407660981,120.58247172397931,117.2847552839499,119.63922789131858,119.63922789131858,13075169.0,sample,2026-09-24 19:05:19.757444+00:00
AMZN,2021-05-03 00:00:00+00:00,119.81063942362093,120.40097870488115,116.3672042607218,117.13444251873696,117.13444251873696,13379077.0,sample,2026-09-24 19:05:19.757444+00:00
AMZN,2021-05-04 00:00:00+00:00,117.50865284220676,122.31297494076492,117.2874768954751,122.15610554772199,122.15610554772199,2629806.0,sample,2026-09-24 19:05:19.757444+00:00
AMZN,2021-05-05 00:00:00+00:00,122.36201317674187,125.87235244083861,120.97122778924815,125.63661172700996,125.63661172700996,3367713.0,sample,2026-09-24 19:05:19.757444+00:00
AMZN,2021-05-06 00:00:00+00:00,125.81978412382992,129.83450463143578,125.41912271558132,129.4910522221934,129.4910522221934,17177056.0,sample,2026-09-24 19:05:19.757444+00:00
AMZN,2021-05-07 00:00:00+00:00,129.71627155860384,130.14338593826795,128.77423637898872,129.303516915659,129.303516915659,10720595.0,sample,2026-09-24 19:05:19.757444+00:00
AMZN,2021-05-10 00:00:00+00:00,129.6005921408799,130.71180131847035,128.22170379384147,128.61878886382664,128.61878886382664,4454069.0,sample,2026-09-24 19:05:19.757444+00:00
AMZN,2021-05-11 00:00:00+00:00,128.68688290669226,129.96653679962878,127.16183798885454,129.28782520515372,129.28782520515372,2373370.0,sample,2026-09-24 19:05:19.757444+00:00
AMZN,2021-05-12 00:00:00+00:00,129.14213990578355,130.51649327689282,125.38101306316456,126.38308251462362,126.38308251462362,3388634.0,sample,2026-09-24 19:05:19.757444+00:00
AMZN,2021-05-13 00:00:00+00:00,126.43050460056423,126.60420046705146,122.98586612856107,123.35090633830632,123.35090633830632,10065001.0,sample,2026-09-24 19:05:19.757444+00:00
AMZN,2021-05-14 00:00:00+00:00,123.31121607258926,126.467496682533,122.30467245498649,125.47111959802288,125.47111959802288,4752668.0,sample,2026-09-24 19:05:19.757444+00:00
AMZN,2021-05-17 00:00:00+00:00,125.19969184755394,126.24307926437211,124.39917758498628,125.90685846758942,125.90685846758942,16276907.0,sample,2026-09-24 19:05:19.757444+00:00
AMZN,2021-05-18 00:00:00+00:00,125.2975472950841,126.37934901896688,122.76554779989792,123.90436442847954,123.90436442847954,14666445.0,sample,2026-09-24 19:05:19.757444+00:00
AMZN,2021-05-19 00:00:00+00:00,123.84823316506201,124.9616608954737,120.7471532389223,120.94583484888412,120.94583484888412,12826413.0,sample,2026-09-24 19:05:19.757444+00:00
AMZN,2021-05-20 00:00:00+00:00,120.93560999001645,121.06523136318728,119.45444547850306,120.84707474738875,120.84707474738875,8189989.0,sample,2026-09-24 19:05:19.757444+00:00
AMZN,2021-05-21 00:00:00+00:00,120.94975789244333,121.87125802868417,118.67024372381906,119.07260091446818,119.07260091446818,17452302.0,sample,2026-09-24 19:05:19.757444+00:00
AMZN,2021-05-24 00:00:00+00:00,119.00815023597643,119.8821664308123,117.5745153679433,118.15391558900286,118.15391558900286,13580912.0,sample,2026-09-24 19:05:19.757444+00:00
AMZN,2021-05-25 00:00:00+00:00,117.86442123078558,118.40019343715718,117.36888260585079,117.94068600632664,117.94068600632664,3515052.0,sample,2026-09-24 19:05:19.757444+00:00
AMZN,2021-05-26 00:00:00+00:00,117.58780936920273,119.31343130543404,117.22246994296377,118.11674968010254,118.11674968010254,16668884.0,sample,2026-09-24 19:05:19.757444+00:00
AMZN,2021-05-27 00:00:00+00:00,117.89415392098552,120.46829327330458,116.62611145675106,119.8039319085075,119.8039319085075,7747727.0,sample,2026-09-24 19:05:19.757444+00:00
AMZN,2021-05-28 00:00:00+00:00,119.79683897863274,120.16060040531971,119.19521989800613,119.8891393383268,119.8891393383268,10139509.0,sample,2026-09-24 19:05:19.757444+00:00
AMZN,2021-05-31 00:00:00+00:00,119.29852330410007,122.14960576732534,118.38802111432075,120.89644693199278,120.89644693199278,14442417.0,sample,2026-09-24 19:05:19.757444+00:00
AMZN,2021-06-01 00:00:00+00:00,120.75041018481147,121.82242019935354,118.79667933442113,119.93017673461225,119.93017673461225,14084797.0,sample,2026-09-24 19:05:19.757444+00:00
AMZN,2021-06-02 00:00:00+00:00,120.05845322529227,121.18012509998279,118.66556589554935,119.71705497267314,119.71705497267314,10660061.0,sample,2026-09-24 19:05:19.757444+00:00
AMZN,2021-06-03 00:00:00+00:00,119.6932108516167,119.99106692150859,117.5278710874258,118.93964405443266,118.93964405443266,3706133.0,sample,2026-09-24 19:05:19.757444+00:00
AMZN,2021-06-04 00:00:00+00:00,118.72459619269668,119.50337002067207,117.83562600773254,118.79152834151739,118.79152834151739,17469545.0,sample,2026-09-24 19:05:19.757444+00:00
AMZN,2021-06-07 00:00:00+00:00,118.977890052665,121.11086581768842,118.27167551880326,119.84200931074237,119.84200931074237,10040009.0,sample,2026-09-24 19:05:19.757444+00:00
AMZN,2021-06-08 00:00:00+00:00,119.91931219544772,120.22577638652247,117.17437164916993,117.63334754879418,117.63334754879418,6701252.0,sample,2026-09-24 19:05:19.757444+00:00
AMZN,2021-06-09 00:00:00+00:00,117.64877318704272,118.81472009803936,116.48581911789188,117.08129103195137,117.08129103195137,15968800.0,sample,2026-09-24 19:05:19.757444+00:00
AMZN,2021-06-10 00:00:00+00:00,116.75651033618672,117.86917777166165,111.33973127833565,111.5489968251189,111.5489968251189,4526680.0,sample,2026-09-24 19:05:19.757444+00:00
AMZN,2021-06-11 00:00:00+00:00,111.62838314695202,112.49944176132064,110.85449104612849,112.17545421330642,112.17545421330642,1838504.0,sample,2026-09-24 19:05:19.757444+00:00
AMZN,2021-06-14 00:00:00+00:00,112.13937634258264,112.81660635036802,108.05639058281562,109.2430236594242,109.2430236594242,8200614.0,sample,2026-09-24 19:05:19.757444+00:00
AMZN,2021-06-15 00:00:00+00:00,109.06569637070447,110.05839185003562,108.19669074998093,108.97043347071664,108.97043347071664,9768685.0,sample,2026-09-24 19:05:19.757444+00:00
AMZN,2021-06-16 00:00:00+00:00,108.98529978458325,112.22205965971582,108.59691199270307,111.10217155709122,111.10217155709122,13951517.0,sample,2026-09-24 19:05:19.757444+00:00
AMZN,2021-06-17 00:00:00+00:00,111.28853504215766,113.3193254238669,110.156915095901,112.61116653892643,112.61116653892643,16658964.0,sample,2026-09-24 19:05:19.757444+00:00
AMZN,2021-06-18 00:00:00+00:00,112.45363065743274,112.6111683927795,110.13979610028557,111.35997159334836,111.35997159334836,3782017.0,sample,2026-09-24 19:05:19.757444+00:00
AMZN,2021-06-21 00:00:00+00:00,111.47539534108672,114.10895657105102,111.1827189654886,113.78327834944258,113.78327834944258,13517899.0,sample,2026-09-24 19:05:19.757444+00:00
AMZN,2021-06-22 00:00:00+00:00,113.73100869825926,115.00093531569883,111.57481651477146,112.17918973501445,112.17918973501445,7816774.0,sample,2026-09-24 19:05:19.757444+00:00
AMZN,2021-06-23 00:00:00+00:00,112.39823590798433,113.34687015595054,111.8895640807166,112.23013688420801,112.23013688420801,10083202.0,sample,2026-09-24 19:05:19.757444+00:00
AMZN,2021-06-24 00:00:00+00:00,112.19269237242621,113.42817320022084,110.58840504386116,111.61508674916239,111.61508674916239,9078402.0,sample,2026-09-24 19:05:19.757444+00:00
AMZN,2021-06-25 00:00:00+00:00,111.26425881322602,112.45703074662661,110.01624567288907,111.95302677106535,111.95302677106535,14806064.0,sample,2026-09-24 19:05:19.757444+00:00
AMZN,2021-06-28 00:00:00+00:00,111.98889527431032,112.96348801474831,110.87268499348365,112.47300167126352,112.47300167126352,16160363.0,sample,2026-09-24 19:05:19.757444+00:00
AMZN,2021-06-29 00:00:00+00:00,112.82212237302038,115.87520181049584,111.74476624311907,115.32095081355608,115.32095081355608,9194876.0,sample,2026-09-24 19:05:19.757444+00:00
AMZN,2021-06-30 00:00:00+00:00,115.59630902584043,116.66958755875766,113.11514357455303,114.15982197233959,114.15982197233959,10682023.0,sample,2026-09-24 19:05:19.757444+00:00
AMZN,2021-07-01 00:00:00+00:00,113.98098755269434,114.34896937399863,112.95576544872301,113.28770643186382,113.28770643186382,7272354.0,sample,2026-09-24 19:05:19.757444+00:00
AMZN,2021-07-02 00:00:00+00:00,113.24533804875158,114.0122148995625,109.64832682404983,110.47614801372488,110.47614801372488,12028503.0,sample,2026-09-24 19:05:19.757444+00:00
AMZN,2021-07-05 00:00:00+00:00,110.57526817210214,113.10117370407171,109.73200534547202,112.0113010835696,112.0113010835696,17645246.0,sample,2026-09-24 19:05:19.757444+00:00
AMZN,2021-07-06 00:00:00+00:00,112.37311642645956,112.87520234033009,110.51844336659757,111.64528353331183,111.64528353331183,3491282.0,sample,2026-09-24 19:05:19.757444+00:00
AMZN,2021-07-07 00:00:00+00:00,111.60325147519163,112.15770450036351,108.10129909055227,109.15789878396319,109.15789878396319,17897129.0,sample,2026-09-24 19:05:19.757444+00:00
AMZN,2021-07-08 00:00:00+00:00,108.86905261556215,111.13909572558507,107.6436609926151,109.98358786103528,109.98358786103528,5958692.0,sample,2026-09-24 19:05:19.757444+00:00
AMZN,2021-07-09 00:00:00+00:00,110.30315902336122,112.88886620841828,109.59041204755745,111.81205431523587,111.81205431523587,15332628.0,sample,2026-09-24 19:05:19.757444+00:00
AMZN,2021-07-12 00:00:00+00:00,112.01151785656174,112.65900790903372,111.21551579432743,112.39292997334964,112.39292997334964,17454723.0,sample,2026-09-24 19:05:19.757444+00:00
AMZN,2021-07-13 00:00:00+00:00,112.70260381625361,113.4384659611235,112.36285706376462,112.54321464626595,112.54321464626595,13360251.0,sample,2026-09-24 19:05:19.757444+00:00
AMZN,2021-07-14 00:00:00+00:00,112.77876663546756,113.95576174936721,111.93006681433906,113.071457918884,113.071457918884,11102438.0,sample,2026-09-24 19:05:19.757444+00:00
AMZN,2021-07-15 00:00:00+00:00,112.79695955255933,113.0664766716283,111.17556168323189,112.18759467021,112.18759467021,1628626.0,sample,2026-09-24 19:05:19.757444+00:00
AMZN,2021-07-16 00:00:00+00:00,112.38245349488676,113.6282163873651,105.85020016544291,107.07241882401256,107.07241882401256,15132489.0,sample,2026-09-24 19:05:19.757444+00:00
AMZN,2021-07-19 00:00:00+00:00,107.14030921935834,108.23971755274613,105.97420055709023,107.3294013782763,107.3294013782763,14916831.0,sample,2026-09-24 19:05:19.757444+00:00
AMZN,2021-07-20 00:00:00+00:00,107.2766095097346,108.41137790652783,104.99547523149151,106.04502067351254,106.04502067351254,11248264.0,sample,2026-09-24 19:05:19.757444+00:00
AMZN,2021-07-21 00:00:00+00:00,105.97094204796039,106.7816167001074,104.09432977289595,105.31911764070175,105.31911764070175,2702031.0,sample,2026-09-24 19:05:19.757444+00:00
AMZN,2021-07-22 00:00:00+00:00,105.41476013642148,106.3515470016555,105.15476547624371,105.71646527130764,105.71646527130764,4499877.0,sample,2026-09-24 19:05:19.757444+00:00
AMZN,2021-07-23 00:00:00+00:00,105.98326654450028,107.22974983108625,104.26158192184735,104.68036242339673,104.68036242339673,2815122.0,sample,2026-09-24 19:05:19.757444+00:00
AMZN,2021-07-26 00:00:00+00:00,104.81125995566919,108.00251051532688,103.75156321148927,106.73789610306308,106.73789610306308,15413258.0,sample,2026-09-24 19:05:19.757444+00:00
AMZN,2021-07-27 00:00:00+00:00,106.6035388458462,107.71884683910348,102.22227503577702,103.1417024055356,103.1417024055356,6363138.0,sample,2026-09-24 19:05:19.757444+00:00
AMZN,2021-07-28 00:00:00+00:00,103.02710860589515,108.26910705387554,101.96080469441088,107.09579311554333,107.09579311554333,5867914.0,sample,2026-09-24 19:05:19.757444+00:00
AMZN,2021-07-29 00:00:00+00:00,106.73725834700205,107.40581317568025,104.3168361627615,105.57000697335016,105.57000697335016,15866077.0,sample,2026-09-24 19:05:19.757444+00:00
AMZN,2021-07-30 00:00:00+00:00,105.5623038533492,108.61568294747623,104.88992754712643,107.80780065291194,107.80780065291194,15197030.0,sample,2026-09-24 19:05:19.757444+00:00
AMZN,2021-08-02 00:00:00+00:00,107.81523211841902,108.32705539348609,106.87522444440742,107.03851032547936,107.03851032547936,11503703.0,sample,2026-09-24 19:05:19.757444+00:00
AMZN,2021-08-03 00:00:00+00:00,107.06556585872087,108.12516367257467,101.327612217134,101.59430345425096,101.59430345425096,16782152.0,sample,2026-09-24 19:05:19.757444+00:00
AMZN,2021-08-04 00:00:00+00:00,101.69654046277672,104.43617493227435,100.69349635475682,103.38250978474115,103.38250978474115,5781211.0,sample,2026-09-24 19:05:19.757444+00:00
AMZN,2021-08-05 00:00:00+00:00,103.27264062345405,106.83322405446347,102.26587303253042,106.368507443138,106.368507443138,12349436.0,sample,2026-09-24 19:05:19.757444+00:00
AMZN,2021-08-06 00:00:00+00:00,106.06959516993719,106.85714311688324,104.71681103568635,105.70819414642645,105.70819414642645,4938267.0,sample,2026-09-24 19:05:19.757444+00:00
AMZN,2021-08-09 00:00:00+00:00,105.86800009609719,109.26567823936661,105.5305837414906,108.2708024551131,108.2708024551131,15469068.0,sample,2026-09-24 19:05:19.757444+00:00
AMZN,2021-08-10 00:00:00+00:00,108.21545272228506,109.38771208693947,105.18153132357358,105.8836705840693,105.8836705840693,9102269.0,sample,2026-09-24 19:05:19.757444+00:00
AMZN,2021-08-11 00:00:00+00:00,106.13291894343631,109.30949712337164,105.99305768162932,108.10643577218845,108.10643577218845,9720952.0,sample,2026-09-24 19:05:19.757444+00:00
AMZN,2021-08-12 00:00:00+00:00,107.81413165463329,108.5515998678136,105.95838693624029,106.10695786446045,106.10695786446045,17031380.0,sample,2026-09-24 19:05:19.757444+00:00
AMZN,2021-08-13 00:00:00+00:00,105.96272250993232,107.47383125683359,104.74049545628253,106.4596758719429,106.4596758719429,13669363.0,sample,2026-09-24 19:05:19.757444+00:00
AMZN,2021-08-16 00:00:00+00:00,106.7147251540132,107.73396275844549,104.2881212282382,105.13246226068863,105.13246226068863,11257980.0,sample,2026-09-24 19:05:19.757444+00:00
AMZN,2021-08-17 00:00:00+00:00,105.19622649717743,105.56862116629465,104.38152125254662,105.04916224795458,105.04916224795458,1507368.0,sample,2026-09-24 19:05:19.757444+00:00
AMZN,2021-08-18 00:00:00+00:00,104.88597486434033,106.03935058405578,102.93413470982739,103.91176999949971,103.91176999949971,14217528.0,sample,2026-09-24 19:05:19.757444+00:00
AMZN,2021-08-19 00:00:00+00:00,103.94942746865017,104.6066727610177,102.78157851644283,104.21536011227093,104.21536011227093,10967529.0,sample,2026-09-24 19:05:19.757444+00:00
AMZN,2021-08-20 00:00:00+00:00,103.70215027277052,106.57997594475752,103.33050318728229,106.43292778536872,106.43292778536872,8771183.0,sample,2026-09-24 19:05:19.757444+00:00
AMZN,2021-08-23 00:00:00+00:00,106.62188358787246,106.79218729928044,102.77390913763331,103.49374903472251,103.49374903472251,6081802.0,sample,2026-09-24 19:05:19.757444+00:00
AMZN,2021-08-24 00:00:00+00:00,103.16021131854505,104.37226068703924,102.2604675227126,103.59141481159963,103.59141481159963,17373691.0,sample,2026-09-24 19:05:19.757444+00:00
AMZN,2021-08-25 00:00:00+00:00,103.67828725511518,104.85256026987457,102.81510377725832,103.27488299747885,103.27488299747885,14543610.0,sample,2026-09-24 19:05:19.757444+00:00
AMZN,2021-08-26 00:00:00+00:00,102.811105165697,103.91935860681197,99.51956080578968,99.70784596912156,99.70784596912156,2177901.0,sample,2026-09-24 19:05:19.757444+00:00
AMZN,2021-08-27 00:00:00+00:00,99.73208345425121,100.46755166513093,98.12015709028339,99.13259784475399,99.13259784475399,16023146.0,sample,2026-09-24 19:05:19.757444+00:00
AMZN,2021-08-30 00:00:00+00:00,99.1259687052502,99.36510540056436,97.61777791911308,98.63958939949784,98.63958939949784,5357281.0,sample,2026-09-24 19:05:19.757444+00:00
AMZN,2021-08-31 00:00:00+00:00,98.32836416959975,100.1345083880752,98.07310480794386,99.81096377976442,99.81096377976442,10991830.0,sample,2026-09-24 19:05:19.757444+00:00
AMZN,2021-09-01 00:00:00+00:00,99.91580465358624,100.46734258148022,98.06400208187384,98.45314029980867,98.45314029980867,17906818.0,sample,2026-09-24 19:05:19.757444+00:00
AMZN,2021-09-02 00:00:00+00:00,98.00095635887102,99.71056999004007,97.05363302928492,98.55041464144057,98.55041464144057,5682408.0,sample,2026-09-24 19:05:19.757444+00:00
AMZN,2021-09-03 00:00:00+00:00,98.51760732027182,99.48801617771055,97.12573814614836,97.5229420288831,97.5229420288831,11850993.0,sample,2026-09-24 19:05:19.757444+00:00
AMZN,2021-09-06 00:00:00+00:00,97.5145863796344,98.5148450926123,96.34745678309673,97.22792390327594,97.22792390327594,7486322.0,sample,2026-09-24 19:05:19.757444+00:00
AMZN,2021-09-07 00:00:00+00:00,97.50380699049397,98.08831528487886,95.10978842288387,95.22297066771304,95.22297066771304,2388625.0,sample,2026-09-24 19:05:19.757444+00:00
AMZN,2021-09-08 00:00:00+00:00,95.24515522395993,95.39743655223238,93.94931127664735,94.7147012106952,94.7147012106952,2086833.0,sample,2026-09-24 19:05:19.757444+00:00
AMZN,2021-09-09 00:00:00+00:00,94.7983023514529,95.49528873594768,94.18155213972742,94.54047009896595,94.54047009896595,10343649.0,sample,2026-09-24 19:05:19.757444+00:00
AMZN,2021-09-10 00:00:00+00:00,94.3384922284584,96.66282250472244,93.49255745234159,96.22230597553634,96.22230597553634,17089745.0,sample,2026-09-24 19:05:19.757444+00:00
AMZN,2021-09-13 00:00:00+00:00,96.26937726605556,98.46512186532904,95.8010385390334,97.56740292250068,97.56740292250068,5364764.0,sample,2026-09-24 19:05:19.757444+00:00
AMZN,2021-09-14 00:00:00+00:00,97.3627167406898,98.4157351891734,96.8601998143694,97.24832171070216,97.24832171070216,12689363.0,sample,2026-09-24 19:05:19.757444+00:00
AMZN,2021-09-15 00:00:00+00:00,97.4327095750461,98.52052075393611,96.93706627271018,97.65096267874166,97.65096267874166,6877807.0,sample,2026-09-24 19:05:19.757444+00:00
AMZN,2021-09-16 00:00:00+00:00,97.78843537860207,102.91323522487654,97.01973893130139,102.04497352505798,102.04497352505798,8373899.0,sample,2026-09-24 19:05:19.757444+00:00
AMZN,2021-09-17 00:00:00+00:00,102.18227195227801,102.60989422786925,100.26041597948017,100.39078133933431,100.39078133933431,15078373.0,sample,2026-09-24 19:05:19.757444+00:00
AMZN,2021-09-20 00:00:00+00:00,100.47106367140671,100.93849414818231,97.78105380862321,97.90597958287988,97.90597958287988,2986007.0,sample,2026-09-24 19:05:19.757444+00:00
AMZN,2021-09-21 00:00:00+00:00,97.97850729287342,103.69725437032467,97.31012266429953,102.98144722853819,102.98144722853819,4674033.0,sample,2026-09-24 19:05:19.757444+00:00
AMZN,2021-09-22 00:00:00+00:00,102.92448423320181,103.30679218411719,101.72646290571477,102.85678343782858,102.85678343782858,11313674.0,sample,2026-09-24 19:05:19.757444+00:00
AMZN,2021-09-23 00:00:00+00:00,102.47475968499407,103.30878366801811,100.86036106760258,101.7525894863664,101.7525894863664,12658953.0,sample,2026-09-24 19:05:19.757444+00:00
AMZN,2021-09-24 00:00:00+00:00,101.64816647782865,102.71021378590548,101.45314845266954,101.5862978363571,101.5862978363571,17256609.0,sample,2026-09-24 19:05:19.757444+00:00
AMZN,2021-09-27 00:00:00+00:00,101.38965018214016,103.65257131852297,100.93715223678531,102.65929722680585,102.65929722680585,15404193.0,sample,2026-09-24 19:05:19.757444+00:00
AMZN,2021-09-28 00:00:00+00:00,102.58442917547316,103.17411316501524,98.74627449065868,99.37526738642147,99.37526738642147,3327939.0,sample,2026-09-24 19:05:19.757444+00:00
AMZN,2021-09-29 00:00:00+00:00,99.43534444989888,102.44634323740823,98.5671058651571,102.11111865787518,102.11111865787518,6562357.0,sample,2026-09-24 19:05:19.757444+00:00
AMZN,2021-09-30 00:00:00+00:00,101.94263314217272,102.16009567840628,100.33352285549265,100.93504620621611,100.93504620621611,14163335.0,sample,2026-09-24 19:05:19.757444+00:00
AMZN,2021-10-01 00:00:00+00:00,101.03060687545938,102.46261462327489,100.11345174417959,102.27387437518036,102.27387437518036,6069588.0,sample,2026-09-24 19:05:19.757444+00:00
AMZN,2021-10-04 00:00:00+00:00,102.32816858735322,102.74577685149289,100.48223963795996,101.14434217404863,101.14434217404863,12236681.0,sample,2026-09-24 19:05:19.757444+00:00
AMZN,2021-10-05 00:00:00+00:00,100.82190667093163,104.36663340558897,99.68681026912944,104.02898049296648,104.02898049296648,3929158.0,sample,2026-09-24 19:05:19.757444+00:00
AMZN,2021-10-06 00:00:00+00:00,103.89385337674548,104.19745941961379,102.87899606680932,103.89959891305368,103.89959891305368,9103254.0,sample,2026-09-24 19:05:19.757444+00:00
AMZN,2021-10-07 00:00:00+00:00,103.94180655653204,106.16906100316622,103.28444119961878,105.37499752059803,105.37499752059803,17948020.0,sample,2026-09-24 19:05:19.757444+00:00
AMZN,2021-10-08 00:00:00+00:00,105.28378061294515,106.03608475333185,105.16874815882876,105.51354206031884,105.51354206031884,7597973.0,sample,2026-09-24 19:05:19.757444+00:00
AMZN,2021-10-11 00:00:00+00:00,105.16876377950345,108.30708204033267,104.47432076839313,107.87326823783073,107.87326823783073,3277810.0,sample,2026-09-24 19:05:19.757444+00:00
AMZN,2021-10-12 00:00:00+00:00,107.87187890632862,108.73674128486346,106.645376402724,107.73338365296523,107.73338365296523,16492971.0,sample,2026-09-24 19:05:19.757444+00:00
AMZN,2021-10-13 00:00:00+00:00,107.52379836138506,108.50317300066322,105.07077566859907,105.973611795663,105.973611795663,8963573.0,sample,2026-09-24 19:05:19.757444+00:00
AMZN,2021-10-14 00:00:00+00:00,105.97888875902271,108.24586174220649,105.25172020624807,107.18783046764898,107.18783046764898,11838779.0,sample,2026-09-24 19:05:19.757444+00:00
AMZN,2021-10-15 00:00:00+00:00,106.96159352051278,107.23426198682668,105.49555306554676,106.33366636183193,106.33366636183193,5513007.0,sample,2026-09-24 19:05:19.757444+00:00
AMZN,2021-10-18 00:00:00+00:00,106.18769286205662,107.36023750250052,104.11285296874959,105.27946001291478,105.27946001291478,4197790.0,sample,2026-09-24 19:05:19.757444+00:00
AMZN,2021-10-19 00:00:00+00:00,105.18119955933061,107.23474198477005,104.06385338996388,106.05581176479919,106.05581176479919,2679244.0,sample,2026-09-24 19:05:19.757444+00:00
AMZN,2021-10-20 00:00:00+00:00,106.43174059360803,107.02754967980145,105.76743443888769,106.83446832068913,106.83446832068913,4546254.0,sample,2026-09-24 19:05:19.757444+00:00
AMZN,2021-10-21 00:00:00+00:00,107.02939490200278,108.91369250890297,105.9311634733042,108.61116258598871,108.61116258598871,14756850.0,sample,2026-09-24 19:05:19.757444+00:00
AMZN,2021-10-22 00:00:00+00:00,108.87861085651022,111.12561821393523,107.57347274178757,110.94096771311143,110.94096771311143,9388133.0,sample,2026-09-24 19:05:19.757444+00:00
AMZN,2021-10-25 00:00:00+00:00,110.86393941679604,112.4629186317144,110.52535699793334,111.37991416708795,111.37991416708795,14091886.0,sample,2026-09-24 19:05:19.757444+00:00
AMZN,2021-10-26 00:00:00+00:00,111.30504785860477,111.52338660991892,108.49401729472996,109.63091810643486,109.63091810643486,17821443.0,sample,2026-09-24 19:05:19.757444+00:00
AMZN,2021-10-27 00:00:00+00:00,109.61347363615761,110.81028144423516,106.99782328801763,108.23046730117481,108.23046730117481,3061891.0,sample,2026-09-24 19:05:19.757444+00:00
AMZN,2021-10-28 00:00:00+00:00,108.40932359198,108.92841499546765,105.35367363260742,106.22591793643917,106.22591793643917,8721639.0,sample,2026-09-24 19:05:19.757444+00:00
AMZN,2021-10-29 00:00:00+00:00,106.21532022339117,108.65106238819477,104.9775204402535,107.77546156371457,107.77546156371457,13865861.0,sample,2026-09-24 19:05:19.757444+00:00
AMZN,2021-11-01 00:00:00+00:00,107.56337091579556,107.73590128746766,106.4139987572566,106.96272610449677,106.96272610449677,16737603.0,sample,2026-09-24 19:05:19.757444+00:00
AMZN,2021-11-02 00:00:00+00:00,106.77158066519662,108.76487025547428,105.6324899143906,108.51621985212005,108.51621985212005,10708729.0,sample,2026-09-24 19:05:19.757444+00:00
AMZN,2021-11-03 00:00:00+00:00,108.51374002188348,113.17079431975746,107.24602103131289,112.97164429319331,112.97164429319331,1894833.0,sample,2026-09-24 19:05:19.757444+00:00
AMZN,2021-11-04 00:00:00+00:00,112.96038998142504,114.76145651226642,111.85086229297717,113.51413721470593,113.51413721470593,11671723.0,sample,2026-09-24 19:05:19.757444+00:00
AMZN,2021-11-05 00:00:00+00:00,113.5712611447972,114.65886363851922,112.39897419403256,113.19357333490143,113.19357333490143,6160742.0,sample,2026-09-24 19:05:19.757444+00:00
AMZN,2021-11-08 00:00:00+00:00,113.25851110443466,113.93396863424398,112.40201373725431,112.56387132368499,112.56387132368499,6757362.0,sample,2026-09-24 19:05:19.757444+00:00
AMZN,2021-11-09 00:00:00+00:00,112.75095960469439,113.77074384550329,111.59632324487637,113.5964234584247,113.5964234584247,12238126.0,sample,2026-09-24 19:05:19.757444+00:00
AMZN,2021-11-10 00:00:00+00:00,113.26013461000406,114.11883427971068,111.94567377493453,113.95116276595755,113.95116276595755,10525436.0,sample,2026-09-24 19:05:19.757444+00:00
AMZN,2021-11-11 00:00:00+00:00,114.12716337390815,114.93252266242722,111.73147665189683,112.78917574242811,112.78917574242811,9210001.0,sample,2026-09-24 19:05:19.757444+00:00
AMZN,2021-11-12 00:00:00+00:00,112.76012950609832,113.6144152136889,111.75841582022943,112.75453083469125,112.75453083469125,3252774.0,sample,2026-09-24 19:05:19.757444+00:00
AMZN,2021-11-15 00:00:00+00:00,112.29903738354403,114.23218087547716,111.64185046248896,112.97218288286028,112.97218288286028,1673285.0,sample,2026-09-24 19:05:19.757444+00:00
AMZN,2021-11-16 00:00:00+00:00,113.07049184828008,115.56731736805511,112.13964801177771,114.66182461009586,114.66182461009586,13507978.0,sample,2026-09-24 19:05:19.757444+00:00
AMZN,2021-11-17 00:00:00+00:00,114.33365845060656,115.77785075322471,113.3787628487509,115.0147355051052,115.0147355051052,13721861.0,sample,2026-09-24 19:05:19.757444+00:00
AMZN,2021-11-18 00:00:00+00:00,115.48156918299537,116.8972845125324,114.96004469763022,116.06195827807873,116.06195827807873,13494558.0,sample,2026-09-24 19:05:19.757444+00:00
AMZN,2021-11-19 00:00:00+00:00,115.98723607968726,117.05589190313214,114.94649928971133,115.7562993392339,115.7562993392339,12096984.0,sample,2026-09-24 19:05:19.757444+00:00
AMZN,2021-11-22 00:00:00+00:00,115.95157318429732,116.07623063987549,114.96421422897485,115.15215979387168,115.15215979387168,7919181.0,sample,2026-09-24 19:05:19.757444+00:00
AMZN,2021-11-23 00:00:00+00:00,114.75644480759516,115.61910278186204,112.62269035664838,113.24406614079301,113.24406614079301,5591037.0,sample,2026-09-24 19:05:19.757444+00:00
AMZN,2021-11-24 00:00:00+00:00,113.3978085678628,113.60881224551629,108.39607806760915,108.64226037023877,108.64226037023877,11851914.0,sample,2026-09-24 19:05:19.757444+00:00
AMZN,2021-11-25 00:00:00+00:00,108.70241728418014,109.9467069289009,108.17404170504561,109.62174533957351,109.62174533957351,7964017.0,sample,2026-09-24 19:05:19.757444+00:00
AMZN,2021-11-26 00:00:00+00:00,109.64361032228356,110.930213086516,108.41934233051866,109.56091521020542,109.56091521020542,12918732.0,sample,2026-09-24 19:05:19.757444+00:00
AMZN,2021-11-29 00:00:00+00:00,109.53404701316633,112.89653692625883,108.86866195785747,111.94829105119229,111.94829105119229,9312428.0,sample,2026-09-24 19:05:19.757444+00:00
AMZN,2021-11-30 00:00:00+00:00,112.01252017289812,114.26919410856203,111.18512234580467,113.06997396216083,113.06997396216083,11122237.0,sample,2026-09-24 19:05:19.757444+00:00
AMZN,2021-12-01 00:00:00+00:00,113.0132029213694,115.2777773754869,112.64541105592969,114.46339967916248,114.46339967916248,13897645.0,sample,2026-09-24 19:05:19.757444+00:00
AMZN,2021-12-02 00:00:00+00:00,114.49919497148343,117.59018770954553,114.07894878059282,116.5482791912434,116.5482791912434,12569045.0,sample,2026-09-24 19:05:19.757444+00:00
AMZN,2021-12-03 00:00:00+00:00,116.12257274536914,118.03431939927822,115.54715396165874,116.82966785021142,116.82966785021142,14517639.0,sample,2026-09-24 19:05:19.757444+00:00
AMZN,2021-12-06 00:00:00+00:00,116.83852543757799,121.86104200120556,115.93143588649613,120.80029542598393,120.80029542598393,2558469.0,sample,2026-09-24 19:05:19.757444+00:00
AMZN,2021-12-07 00:00:00+00:00,120.17492341097379,123.07764372607376,120.00877983639579,122.83711358261574,122.83711358261574,4874176.0,sample,2026-09-24 19:05:19.757444+00:00
AMZN,2021-12-08 00:00:00+00:00,122.91902945615938,125.0932446302804,121.80234473389818,123.66231648685954,123.66231648685954,9404628.0,sample,2026-09-24 19:05:19.757444+00:00
AMZN,2021-12-09 00:00:00+00:00,123.95695911509311,124.25072469941699,122.38140063258525,123.3378506471715,123.3378506471715,13481075.0,sample,2026-09-24 19:05:19.757444+00:00
AMZN,2021-12-10 00:00:00+00:00,123.23434836770195,123.83789369544048,122.1569264840709,123.09423232252983,123.09423232252983,8131533.0,sample,2026-09-24 19:05:19.757444+00:00
AMZN,2021-12-13 00:00:00+00:00,122.61026102651256,126.53688907403668,122.1469117861931,125.96001752559344,125.96001752559344,16930865.0,sample,2026-09-24 19:05:19.757444+00:00
AMZN,2021-12-14 00:00:00+00:00,125.96310592854717,126.36984582136401,124.53308754242573,125.52262397912321,125.52262397912321,12875965.0,sample,2026-09-24 19:05:19.757444+00:00
AMZN,2021-12-15 00:00:00+00:00,125.70327208584543,126.71391353790584,125.18606074367177,126.14704612667457,126.14704612667457,7048065.0,sample,2026-09-24 19:05:19.757444+00:00
AMZN,2021-12-16 00:00:00+00:00,126.38180477568571,126.9520066668297,125.01589478384328,126.2403542685144,126.2403542685144,11663589.0,sample,2026-09-24 19:05:19.757444+00:00
AMZN,2021-12-17 00:00:00+00:00,126.34957443935684,128.01466540220105,125.59460565047063,127.01910368895146,127.01910368895146,10791315.0,sample,2026-09-24 19:05:19.757444+00:00
AMZN,2021-12-20 00:00:00+00:00,127.11918442532466,127.29281688796611,125.59705799378423,126.1757661007965,126.1757661007965,3893182.0,sample,2026-09-24 19:05:19.757444+00:00
AMZN,2021-12-21 00:00:00+00:00,126.59979119956832,128.25411599574693,126.30469846020607,126.85760909573455,126.85760909573455,6633923.0,sample,2026-09-24 19:05:19.757444+00:00
AMZN,2021-12-22 00:00:00+00:00,126.82006676885135,128.26056165717492,122.17396240197982,123.43307249205903,123.43307249205903,11427371.0,sample,2026-09-24 19:05:19.757444+00:00
AMZN,2021-12-23 00:00:00+00:00,123.66098821077891,124.40767664019883,122.2893883885741,122.65252974476671,122.65252974476671,10203845.0,sample,2026-09-24 19:05:19.757444+00:00
AMZN,2021-12-24 00:00:00+00:00,122.38494016019503,126.12783882363324,121.44604512507975,125.71396643451445,125.71396643451445,10583807.0,sample,2026-09-24 19:05:19.757444+00:00
AMZN,2021-12-27 00:00:00+00:00,125.94817556471835,127.14442865187425,124.31865765816367,124.72061694191045,124.72061694191045,6255185.0,sample,2026-09-24 19:05:19.757444+00:00
AMZN,2021-12-28 00:00:00+00:00,125.19073511309605,125.472431513277,123.68168426102628,124.89917961152345,124.89917961152345,6533003.0,sample,2026-09-24 19:05:19.757444+00:00
AMZN,2021-12-29 00:00:00+00:00,125.30792713524116,125.92635107315738,123.23387942794128,123.97771629281192,123.97771629281192,3307973.0,sample,2026-09-24 19:05:19.757444+00:00
AMZN,2021-12-30 00:00:00+00:00,123.8697250158137,125.32908228145263,122.62786157339968,122.92326181855833,122.92326181855833,4342445.0,sample,2026-09-24 19:05:19.757444+00:00
AMZN,2021-12-31 00:00:00+00:00,122.86174647458186,123.77168692081945,121.82573367385228,123.29305411482365,123.29305411482365,11972653.0,sample,2026-09-24 19:05:19.757444+00:00
AMZN,2022-01-03 00:00:00+00:00,123.30217931042539,125.77968630762241,122.59347644150036,125.51894549012269,125.51894549012269,4484082.0,sample,2026-09-24 19:05:19.757444+00:00
AMZN,2022-01-04 00:00:00+00:00,125.246116662872,127.76499967537721,125.04668639530712,126.81407027628056,126.81407027628056,3943575.0,sample,2026-09-24 19:05:19.757444+00:00
AMZN,2022-01-05 00:00:00+00:00,126.8187949346969,128.63189444002882,126.58188153327012,127.15314914182038,127.15314914182038,16519654.0,sample,2026-09-24 19:05:19.757444+00:00
AMZN,2022-01-06 00:00:00+00:00,127.35128172136014,128.19746064520518,127.03245375190393,127.53993610298203,127.53993610298203,1865303.0,sample,2026-09-24 19:05:19.757444+00:00
AMZN,2022-01-07 00:00:00+00:00,127.79743519138229,129.61353660592485,127.01898824438571,129.27444330459363,129.27444330459363,10237968.0,sample,2026-09-24 19:05:19.757444+00:00
AMZN,2022-01-10 00:00:00+00:00,129.34276540841535,130.6681786400862,127.67399135848301,129.02101685751492,129.02101685751492,2131487.0,sample,2026-09-24 19:05:19.757444+00:00
AMZN,2022-01-11 00:00:00+00:00,128.69461370670317,129.8911094082027,125.70464886950444,126.95214801812247,126.95214801812247,3961683.0,sample,2026-09-24 19:05:19.757444+00:00
AMZN,2022-01-12 00:00:00+00:00,127.01615866733833,129.5607168932996,126.56278263196661,128.56406116136594,128.56406116136594,3365963.0,sample,2026-09-24 19:05:19.757444+00:00
AMZN,2022-01-13 00:00:00+00:00,128.60180927633235,133.64901582119663,127.2104690137896,133.16216872877567,133.16216872877567,16576433.0,sample,2026-09-24 19:05:19.757444+00:00
AMZN,2022-01-14 00:00:00+00:00,133.34303241517486,136.82113043444355,132.50696196599944,136.64353106309414,136.64353106309414,13556799.0,sample,2026-09-24 19:05:19.757444+00:00
AMZN,2022-01-17 00:00:00+00:00,136.72710315538842,137.5018390671694,131.8847491514199,133.27444520486367,133.27444520486367,4345631.0,sample,2026-09-24 19:05:19.757444+00:00
AMZN,2022-01-18 00:00:00+00:00,133.2348289231271,134.90210075148292,132.72108229887473,133.31056063077355,133.31056063077355,8811038.0,sample,2026-09-24 19:05:19.757444+00:00
AMZN,2022-01-19 00:00:00+00:00,133.44864902500382,135.43809117648183,131.86227434728897,134.94935030322242,134.94935030322242,5249663.0,sample,2026-09-24 19:05:19.757444+00:00
AMZN,2022-01-20 00:00:00+00:00,135.5034903247893,136.9378217552665,133.19523940521523,133.9928446448584,133.9928446448584,4302000.0,sample,2026-09-24 19:05:19.757444+00:00
AMZN,2022-01-21 00:00:00+00:00,134.03614150394768,135.37199127557108,131.96110241662345,132.79941859790944,132.79941859790944,3306653.0,sample,2026-09-24 19:05:19.757444+00:00
AMZN,2022-01-24 00:00:00+00:00,132.3754403210599,134.96517546883678,130.8998085529603,133.63452193281196,133.63452193281196,4847820.0,sample,2026-09-24 19:05:19.757444+00:00
AMZN,2022-01-25 00:00:00+00:00,133.44889560651825,134.21053968692675,132.91543792865946,133.2042755010506,133.2042755010506,13017431.0,sample,2026-09-24 19:05:19.757444+00:00
AMZN,2022-01-26 00:00:00+00:00,133.26346289067405,134.4769654421109,131.50093051759254,131.92718877638836,131.92718877638836,17219806.0,sample,2026-09-24 19:05:19.757444+00:00
AMZN,2022-01-27 00:00:00+00:00,131.6138027470068,134.16197683690154,131.32293637757925,134.00699456081142,134.00699456081142,5163244.0,sample,2026-09-24 19:05:19.757444+00:00
AMZN,2022-01-28 00:00:00+00:00,133.78380275963644,136.73678157798602,132.63006618034368,135.73102588198472,135.73102588198472,3098095.0,sample,2026-09-24 19:05:19.757444+00:00
AMZN,2022-01-31 00:00:00+00:00,136.3383329146128,139.58192637337095,135.35418595830672,138.42738465210974,138.42738465210974,9671520.0,sample,2026-09-24 19:05:19.757444+00:00
AMZN,2022-02-01 00:00:00+00:00,138.7389404001321,140.1665276605601,137.30916470790862,139.7347065646946,139.7347065646946,5687530.0,sample,2026-09-24 19:05:19.757444+00:00
AMZN,2022-02-02 00:00:00+00:00,139.66758699101155,146.57052746855658,138.0592173685919,146.01481336176275,146.01481336176275,7420163.0,sample,2026-09-24 19:05:19.757444+00:00
AMZN,2022-02-03 00:00:00+00:00,145.89937433282006,148.94870732313393,145.6569610061884,147.61564183262567,147.61564183262567,14796596.0,sample,2026-09-24 19:05:19.757444+00:00
AMZN,2022-02-04 00:00:00+00:00,147.91981552070177,149.69828548993547,146.55697855437472,148.3095164322821,148.3095164322821,11382873.0,sample,2026-09-24 19:05:19.757444+00:00
AMZN,2022-02-07 00:00:00+00:00,148.2256420252531,148.97703230009319,143.77134713025052,144.83974059227165,144.83974059227165,17600638.0,sample,2026-09-24 19:05:19.757444+00:00
AMZN,2022-02-08 00:00:00+00:00,145.38652092200175,148.7531928511946,143.7401161139269,147.9043228109202,147.9043228109202,14245811.0,sample,2026-09-24 19:05:19.757444+00:00
AMZN,2022-02-09 00:00:00+00:00,147.236948670897,150.4410836896837,146.6392484051042,149.63903926553098,149.63903926553098,17585448.0,sample,2026-09-24 19:05:19.757444+00:00
AMZN,2022-02-10 00:00:00+00:00,150.19251783247725,150.64688630517605,147.30285104204842,148.9066940950897,148.9066940950897,7868194.0,sample,2026-09-24 19:05:19.757444+00:00
AMZN,2022-02-11 00:00:00+00:00,149.20305308680503,155.34447786615377,148.3181884216145,153.5697539935814,153.5697539935814,6162384.0,sample,2026-09-24 19:05:19.757444+00:00
AMZN,2022-02-14 00:00:00+00:00,153.7838820109149,156.36769526232146,153.29010959684106,154.51597820109652,154.51597820109652,11294771.0,sample,2026-09-24 19:05:19.757444+00:00
AMZN,2022-02-15 00:00:00+00:00,155.08316208760502,155.78406909353907,153.4395842056497,153.92558968964096,153.92558968964096,1712606.0,sample,2026-09-24 19:05:19.757444+00:00
AMZN,2022-02-16 00:00:00+00:00,154.06622322688455,155.08189810431745,151.62124494119809,152.05374412982601,152.05374412982601,13748654.0,sample,2026-09-24 19:05:19.757444+00:00
AMZN,2022-02-17 00:00:00+00:00,151.64681514209144,156.47530287749478,150.05861927139966,155.00463648915664,155.00463648915664,11448229.0,sample,2026-09-24 19:05:19.757444+00:00
AMZN,2022-02-18 00:00:00+00:00,155.2919550163904,156.22868485740582,153.69231349785244,155.36214951435176,155.36214951435176,16810302.0,sample,2026-09-24 19:05:19.757444+00:00
AMZN,2022-02-21 00:00:00+00:00,155.44366836409228,159.6285165923054,155.23873925241728,158.54478964155243,158.54478964155243,11188598.0,sample,2026-09-24 19:05:19.757444+00:00
AMZN,2022-02-22 00:00:00+00:00,159.10634237484214,160.383317927806,158.18250450650606,159.03652775420287,159.03652775420287,1812326.0,sample,2026-09-24 19:05:19.757444+00:00
AMZN,2022-02-23 00:00:00+00:00,158.93808928131278,159.34469131898487,157.74068190354134,159.13110154650235,159.13110154650235,8982098.0,sample,2026-09-24 19:05:19.757444+00:00
AMZN,2022-02-24 00:00:00+00:00,159.29369395200752,160.77804192452334,158.70675340759848,159.09588273095767,159.09588273095767,4925197.0,sample,2026-09-24 19:05:19.757444+00:00
AMZN,2022-02-25 00:00:00+00:00,159.41686327398446,160.99553998729442,157.50318357231572,159.35689126129952,159.35689126129952,14437950.0,sample,2026-09-24 19:05:19.757444+00:00
AMZN,2022-02-28 00:00:00+00:00,159.59895073756886,159.88838137408192,156.709752581903,157.54075163152785,157.54075163152785,12306626.0,sample,2026-09-24 19:05:19.757444+00:00
AMZN,2022-03-01 00:00:00+00:00,157.4474371027923,161.11738435342585,156.44080995904548,159.6539134334898,159.6539134334898,3302417.0,sample,2026-09-24 19:05:19.757444+00:00
AMZN,2022-03-02 00:00:00+00:00,159.78104821222954,161.38862873343857,159.20146662985064,160.6944593060158,160.6944593060158,4454103.0,sample,2026-09-24 19:05:19.757444+00:00
AMZN,2022-03-03 00:00:00+00:00,160.63044353179643,161.92085958958157,156.94065562778675,157.5670174836989,157.5670174836989,16988203.0,sample,2026-09-24 19:05:19.757444+00:00
AMZN,2022-03-04 00:00:00+00:00,157.57898898607365,159.24557039979516,156.48464337201105,158.3928405139392,158.3928405139392,4838180.0,sample,2026-09-24 19:05:19.757444+00:00
AMZN,2022-03-07 00:00:00+00:00,158.35500911858963,159.6085395127976,153.71275238573938,155.19788184224703,155.19788184224703,5559174.0,sample,2026-09-24 19:05:19.757444+00:00
AMZN,2022-03-08 00:00:00+00:00,154.98881551441602,158.71760425669268,153.90021201404363,158.15864518691922,158.15864518691922,16021208.0,sample,2026-09-24 19:05:19.757444+00:00
AMZN,2022-03-09 00:00:00+00:00,158.42373451425988,159.15356081205925,153.90869577047087,155.40521048866978,155.40521048866978,10179878.0,sample,2026-09-24 19:05:19.757444+00:00
AMZN,2022-03-10 00:00:00+00:00,155.23860157811083,158.1985891837243,154.78864404873548,157.1607192632707,157.1607192632707,13698131.0,sample,2026-09-24 19:05:19.757444+00:00
AMZN,2022-03-11 00:00:00+00:00,157.10118754180667,157.9647349253832,152.02358160819765,153.50625307762147,153.50625307762147,14672869.0,sample,2026-09-24 19:05:19.757444+00:00
AMZN,2022-03-14 00:00:00+00:00,153.51519118553168,157.03349386240157,152.442602251878,155.40427628643374,155.40427628643374,13188532.0,sample,2026-09-24 19:05:19.757444+00:00
AMZN,2022-03-15 00:00:00+00:00,155.33284178685412,156.51714362408367,151.01786928233642,152.58307045849014,152.58307045849014,17363468.0,sample,2026-09-24 19:05:19.757444+00:00
AMZN,2022-03-16 00:00:00+00:00,152.7863386897573,153.4070271992237,142.9219975449952,144.36388941077652,144.36388941077652,8818154.0,sample,2026-09-24 19:05:19.757444+00:00
AMZN,2022-03-17 00:00:00+00:00,143.89013999322705,145.68138023568366,143.1260943560569,144.3154938871922,144.3154938871922,14165634.0,sample,2026-09-24 19:05:19.757444+00:00
AMZN,2022-03-18 00:00:00+00:00,144.68454877793818,145.98344591327088,143.41643055865376,145.22497234603583,145.22497234603583,2204575.0,sample,2026-09-24 19:05:19.757444+00:00
AMZN,2022-03-21 00:00:00+00:00,145.66113463918543,146.29613339407558,145.17042956256319,146.01005038348902,146.01005038348902,10990453.0,sample,2026-09-24 19:05:19.757444+00:00
AMZN,2022-03-22 00:00:00+00:00,145.88005409381603,146.88477579852986,142.6502548150481,143.24482309466458,143.24482309466458,7476759.0,sample,2026-09-24 19:05:19.757444+00:00
AMZN,2022-03-23 00:00:00+00:00,143.19799799507092,144.90688996207243,141.14319510968633,142.5397626263986,142.5397626263986,14733444.0,sample,2026-09-24 19:05:19.757444+00:00
AMZN,2022-03-24 00:00:00+00:00,143.48216211481082,147.3084644291937,142.2380257013004,146.86362517891487,146.86362517891487,4689679.0,sample,2026-09-24 19:05:19.757444+00:00
AMZN,2022-03-25 00:00:00+00:00,147.18509082597242,147.59082727993962,145.81106025915687,146.15438667710558,146.15438667710558,1811332.0,sample,2026-09-24 19:05:19.757444+00:00
AMZN,2022-03-28 00:00:00+00:00,146.04073762458535,146.68073695874125,143.1061947365563,143.98623944434783,143.98623944434783,13057996.0,sample,2026-09-24 19:05:19.757444+00:00
AMZN,2022-03-29 00:00:00+00:00,144.24604867961364,145.81123752211184,141.55966283185495,142.34528555425103,142.34528555425103,12250390.0,sample,2026-09-24 19:05:19.757444+00:00
AMZN,2022-03-30 00:00:00+00:00,142.01236821369716,142.61640597817708,141.80900439148013,142.35661025691215,142.35661025691215,12992419.0,sample,2026-09-24 19:05:19.757444+00:00
AMZN,2022-03-31 00:00:00+00:00,142.43467713534702,145.53945818676178,141.5248116004093,144.57550318902932,144.57550318902932,11471204.0,sample,2026-09-24 19:05:19.757444+00:00
AMZN,2022-04-01 00:00:00+00:00,144.68009143766153,145.59837624508856,143.7031169252348,144.7060813901842,144.7060813901842,5306907.0,sample,2026-09-24 19:05:19.757444+00:00
AMZN,2022-04-04 00:00:00+00:00,145.07088625722506,147.29853173451522,144.10958126209945,146.49673381330837,146.49673381330837,6961824.0,sample,2026-09-24 19:05:19.757444+00:00
AMZN,2022-04-05 00:00:00+00:00,146.85216286824098,147.93932121434273,144.15208386756242,145.02442623106134,145.02442623106134,14934815.0,sample,2026-09-24 19:05:19.757444+00:00
AMZN,2022-04-06 00:00:00+00:00,144.94239588765535,147.72613445248842,144.49765265952328,147.55841500385424,147.55841500385424,10402585.0,sample,2026-09-24 19:05:19.757444+00:00
AMZN,2022-04-07 00:00:00+00:00,146.8754245087174,148.15171355992135,145.14610335300512,146.0737105218909,146.0737105218909,3752164.0,sample,2026-09-24 19:05:19.757444+00:00
AMZN,2022-04-08 00:00:00+00:00,145.82854458268926,146.14833788681116,144.1666904003252,145.59834285133962,145.59834285133962,9251564.0,sample,2026-09-24 19:05:19.757444+00:00
AMZN,2022-04-11 00:00:00+00:00,145.42450488386808,151.68464466782703,144.20220418223997,149.9151080003885,149.9151080003885,4220348.0,sample,2026-09-24 19:05:19.757444+00:00
AMZN,2022-04-12 00:00:00+00:00,149.9333125100401,151.15139270058677,147.28935729170203,147.8532378714377,147.8532378714377,5235867.0,sample,2026-09-24 19:05:19.757444+00:00
AMZN,2022-04-13 00:00:00+00:00,147.99038270470857,148.76725562188565,140.46017840960036,141.7404860174863,141.7404860174863,17869936.0,sample,2026-09-24 19:05:19.757444+00:00
AMZN,2022-04-14 00:00:00+00:00,141.82470293465317,143.314499823125,139.71330669986753,140.07420563376712,140.07420563376712,1805453.0,sample,2026-09-24 19:05:19.757444+00:00
AMZN,2022-04-15 00:00:00+00:00,139.65289356975993,140.40305893833641,137.74455211862048,138.71440874701992,138.71440874701992,2298963.0,sample,2026-09-24 19:05:19.757444+00:00
AMZN,2022-04-18 00:00:00+00:00,139.04079508580935,140.6845082226546,135.99455924359856,137.16840342964204,137.16840342964204,16630923.0,sample,2026-09-24 19:05:19.757444+00:00
AMZN,2022-04-19 00:00:00+00:00,137.08602533686388,138.2522142803909,132.74475223350373,133.21967121341464,133.21967121341464,11601097.0,sample,2026-09-24 19:05:19.757444+00:00
AMZN,2022-04-20 00:00:00+00:00,133.5480160523042,139.7514467294603,133.0845437350469,138.5766657704215,138.5766657704215,17376833.0,sample,2026-09-24 19:05:19.757444+00:00
AMZN,2022-04-21 00:00:00+00:00,138.90651283695368,140.34421346320298,137.40578344013804,139.20282552121841,139.20282552121841,15199168.0,sample,2026-09-24 19:05:19.757444+00:00
AMZN,2022-04-22 00:00:00+00:00,139.5350211711846,141.16207828169422,132.8282608739156,134.02028340314533,134.02028340314533,16033770.0,sample,2026-09-24 19:05:19.757444+00:00
AMZN,2022-04-25 00:00:00+00:00,133.9603624058252,136.1875139489061,133.47564275736585,135.9184583813998,135.9184583813998,6781416.0,sample,2026-09-24 19:05:19.757444+00:00
AMZN,2022-04-26 00:00:00+00:00,135.88041360484047,139.5480539753623,135.22492294390534,139.07409581700958,139.07409581700958,11598908.0,sample,2026-09-24 19:05:19.757444+00:00
AMZN,2022-04-27 00:00:00+00:00,138.64061820116945,140.1346775005235,136.28645499634175,136.97130456140604,136.97130456140604,17275667.0,sample,2026-09-24 19:05:19.757444+00:00
AMZN,2022-04-28 00:00:00+00:00,136.6887581220254,139.73404076619317,135.94352684201857,139.12384479040463,139.12384479040463,11693319.0,sample,2026-09-24 19:05:19.757444+00:00
AMZN,2022-04-29 00:00:00+00:00,138.87793384380788,140.13973436041118,136.44892415995977,138.03127070073955,138.03127070073955,3511250.0,sample,2026-09-24 19:05:19.757444+00:00
AMZN,2022-05-02 00:00:00+00:00,138.35878094670684,138.64335349634655,135.42347129899082,136.87076701453284,136.87076701453284,14369102.0,sample,2026-09-24 19:05:19.757444+00:00
AMZN,2022-05-03 00:00:00+00:00,136.68258133644662,139.54603010984434,135.4565712104372,139.15815648219044,139.15815648219044,10807880.0,sample,2026-09-24 19:05:19.757444+00:00
AMZN,2022-05-04 00:00:00+00:00,138.91117557657995,141.5568518319983,138.02423067784008,139.95798207371348,139.95798207371348,6911486.0,sample,2026-09-24 19:05:19.757444+00:00
AMZN,2022-05-05 00:00:00+00:00,139.75267569182282,140.90607026167342,135.74191441063064,137.26837497824525,137.26837497824525,9617547.0,sample,2026-09-24 19:05:19.757444+00:00
AMZN,2022-05-06 00:00:00+00:00,137.64025737379635,139.06192811494546,135.33860047849618,136.44927250889145,136.44927250889145,3237095.0,sample,2026-09-24 19:05:19.757444+00:00
AMZN,2022-05-09 00:00:00+00:00,136.41114260423953,137.1134776483121,133.8072034011584,134.48917527291275,134.48917527291275,4293820.0,sample,2026-09-24 19:05:19.757444+00:00
AMZN,2022-05-10 00:00:00+00:00,134.13379534962746,137.77196514129793,133.5959583881123,137.29059825776437,137.29059825776437,6803328.0,sample,2026-09-24 19:05:19.757444+00:00
AMZN,2022-05-11 00:00:00+00:00,137.05800137832168,137.75263991542886,131.89515388158415,133.18064754262983,133.18064754262983,10174490.0,sample,2026-09-24 19:05:19.757444+00:00
AMZN,2022-05-12 00:00:00+00:00,133.62803853559592,135.37477342369988,132.18739583716538,134.297791401159,134.297791401159,15723098.0,sample,2026-09-24 19:05:19.757444+00:00
AMZN,2022-05-13 00:00:00+00:00,134.85229183648934,138.88432059841145,133.58895693954886,138.39538148385904,138.39538148385904,7277043.0,sample,2026-09-24 19:05:19.757444+00:00
AMZN,2022-05-16 00:00:00+00:00,138.74092633729742,142.7232836413889,137.3631582221668,141.6195283923763,141.6195283923763,4437437.0,sample,2026-09-24 19:05:19.757444+00:00
AMZN,2022-05-17 00:00:00+00:00,141.75358414185882,142.4928362761146,139.02619227881877,140.56351523207127,140.56351523207127,17817158.0,sample,2026-09-24 19:05:19.757444+00:00
AMZN,2022-05-18 00:00:00+00:00,140.92713795195382,141.1632711271623,138.9287574619783,139.2046434740674,139.2046434740674,9752164.0,sample,2026-09-24 19:05:19.757444+00:00
AMZN,2022-05-19 00:00:00+00:00,139.13843275283278,142.26933897578144,138.221005380955,141.16243358586132,141.16243358586132,14988021.0,sample,2026-09-24 19:05:19.757444+00:00
AMZN,2022-05-20 00:00:00+00:00,141.59287458037844,142.81413740741652,140.48143332453614,142.49202532043722,142.49202532043722,14705887.0,sample,2026-09-24 19:05:19.757444+00:00
AMZN,2022-05-23 00:00:00+00:00,142.5137494497968,144.71589457173238,141.99143817893173,143.75215067790887,143.75215067790887,15252605.0,sample,2026-09-24 19:05:19.757444+00:00
AMZN,2022-05-24 00:00:00+00:00,143.533378839342,144.27601204010256,142.21651564984884,143.1489908163244,143.1489908163244,10119145.0,sample,2026-09-24 19:05:19.757444+00:00
AMZN,2022-05-25 00:00:00+00:00,143.13478316893298,147.9442659136276,141.7596690911963,146.85940130396668,146.85940130396668,16234706.0,sample,2026-09-24 19:05:19.757444+00:00
AMZN,2022-05-26 00:00:00+00:00,147.33144157925364,152.48812042232387,145.66735735525356,150.81415540043116,150.81415540043116,14747841.0,sample,2026-09-24 19:05:19.757444+00:00
AMZN,2022-05-27 00:00:00+00:00,151.07601232913137,151.26218357678326,145.82249504669932,147.25228330792226,147.25228330792226,13480336.0,sample,2026-09-24 19:05:19.757444+00:00
AMZN,2022-05-30 00:00:00+00:00,147.00420334587315,148.1593063099457,144.4132537811431,146.07475917277202,146.07475917277202,10573645.0,sample,2026-09-24 19:05:19.757444+00:00
AMZN,2022-05-31 00:00:00+00:00,146.5520279154125,148.29871423898283,145.66414657540906,147.52536801689646,147.52536801689646,10658317.0,sample,2026-09-24 19:05:19.757444+00:00
AMZN,2022-06-01 00:00:00+00:00,147.48264750969585,152.18506925122497,147.22959614089976,151.14268745425366,151.14268745425366,1641765.0,sample,2026-09-24 19:05:19.757444+00:00
AMZN,2022-06-02 00:00:00+00:00,151.1369135094724,152.7431027049668,146.83485716031885,147.01170164193212,147.01170164193212,9172947.0,sample,2026-09-24 19:05:19.757444+00:00
AMZN,2022-06-03 00:00:00+00:00,146.88209708036047,147.38507162493912,143.75258477712796,145.16796230114406,145.16796230114406,13306464.0,sample,2026-09-24 19:05:19.757444+00:00
AMZN,2022-06-06 00:00:00+00:00,145.51380531029986,148.38207980509196,144.8650666493771,147.44264884336476,147.44264884336476,8454164.0,sample,2026-09-24 19:05:19.757444+00:00
AMZN,2022-06-07 00:00:00+00:00,147.45647803061536,150.16820303394752,146.0002785752211,149.0091431044115,149.0091431044115,14819770.0,sample,2026-09-24 19:05:19.757444+00:00
AMZN,2022-06-08 00:00:00+00:00,148.85801235836678,156.10451901054049,147.6307072248452,154.96621454912858,154.96621454912858,6211622.0,sample,2026-09-24 19:05:19.757444+00:00
AMZN,2022-06-09 00:00:00+00:00,154.81290512965677,156.04736994510563,152.39884643530962,152.8633716243449,152.8633716243449,15902728.0,sample,2026-09-24 19:05:19.757444+00:00
AMZN,2022-06-10 00:00:00+00:00,152.89774592728193,155.34253771478143,152.14598332460363,154.22969196254695,154.22969196254695,4129289.0,sample,2026-09-24 19:05:19.757444+00:00
AMZN,2022-06-13 00:00:00+00:00,153.57248392953474,154.13185319309545,150.84078272227322,151.6138046621091,151.6138046621091,7970358.0,sample,2026-09-24 19:05:19.757444+00:00
AMZN,2022-06-14 00:00:00+00:00,151.78471168383356,153.12956440486244,151.35023322301575,152.02722986162885,152.02722986162885,10868816.0,sample,2026-09-24 19:05:19.757444+00:00
AMZN,2022-06-15 00:00:00+00:00,151.82134004211122,155.57091579333013,151.6123619986862,153.89258569106337,153.89258569106337,2440871.0,sample,2026-09-24 19:05:19.757444+00:00
AMZN,2022-06-16 00:00:00+00:00,153.8908893718654,154.84041635637496,152.61707737309322,153.8516537291446,153.8516537291446,17796984.0,sample,2026-09-24 19:05:19.757444+00:00
AMZN,2022-06-17 00:00:00+00:00,153.83335964676849,155.28442053545047,149.4429652886751,150.6504364420218,150.6504364420218,4064791.0,sample,2026-09-24 19:05:19.757444+00:00
AMZN,2022-06-20 00:00:00+00:00,150.67997182142622,151.725003699569,149.07625205867055,149.95357725343325,149.95357725343325,6903612.0,sample,2026-09-24 19:05:19.757444+00:00
AMZN,2022-06-21 00:00:00+00:00,149.88177397467004,151.64317271126015,145.71488810370485,146.8334620957063,146.8334620957063,12963695.0,sample,2026-09-24 19:05:19.757444+00:00
AMZN,2022-06-22 00:00:00+00:00,146.66347500981956,151.49423792516714,145.492036246365,150.98971211238037,150.98971211238037,8736269.0,sample,2026-09-24 19:05:19.757444+00:00
AMZN,2022-06-23 00:00:00+00:00,151.35715066630254,152.7858449322864,150.047790354661,151.2180939079102,151.2180939079102,2711324.0,sample,2026-09-24 19:05:19.757444+00:00
AMZN,2022-06-24 00:00:00+00:00,150.96935962390342,151.7020021563311,143.52632539467822,144.82485606912343,144.82485606912343,15395656.0,sample,2026-09-24 19:05:19.757444+00:00
AMZN,2022-06-27 00:00:00+00:00,145.5191404508282,145.92929572297223,140.1917028733361,141.23436946845877,141.23436946845877,11782587.0,sample,2026-09-24 19:05:19.757444+00:00
AMZN,2022-06-28 00:00:00+00:00,140.7980899852685,141.38985789977252,137.77848165651588,138.12325775099254,138.12325775099254,10821115.0,sample,2026-09-24 19:05:19.757444+00:00
AMZN,2022-06-29 00:00:00+00:00,138.45414749906018,138.97173336010184,133.98066899527473,135.2895333754895,135.2895333754895,1515243.0,sample,2026-09-24 19:05:19.757444+00:00
AMZN,2022-06-30 00:00:00+00:00,135.35502767219143,136.5531786486356,133.73941099108572,134.8923011120056,134.8923011120056,6814329.0,sample,2026-09-24 19:05:19.757444+00:00
AMZN,2022-07-01 00:00:00+00:00,134.5684185898795,135.73489180531433,133.54431594918844,135.53486412037716,135.53486412037716,10938351.0,sample,2026-09-24 19:05:19.757444+00:00
AMZN,2022-07-04 00:00:00+00:00,135.24217919029576,141.10058660878008,134.3357659706334,139.4918580446511,139.4918580446511,1518893.0,sample,2026-09-24 19:05:19.757444+00:00
AMZN,2022-07-05 00:00:00+00:00,139.60545411504378,140.9730032269256,137.5611209170876,138.25059065282838,138.25059065282838,14116101.0,sample,2026-09-24 19:05:19.757444+00:00
AMZN,2022-07-06 00:00:00+00:00,137.70893757994924,138.3530388739563,134.21260947229584,135.54062324566016,135.54062324566016,5341830.0,sample,2026-09-24 19:05:19.757444+00:00
AMZN,2022-07-07 00:00:00+00:00,135.50548794178755,136.94283727335522,135.09015736728176,135.96811326134417,135.96811326134417,14483133.0,sample,2026-09-24 19:05:19.757444+00:00
AMZN,2022-07-08 00:00:00+00:00,135.65420016002167,135.86399385889254,131.73524559972762,133.07832021053372,133.07832021053372,17579025.0,sample,2026-09-24 19:05:19.757444+00:00
AMZN,2022-07-11 00:00:00+00:00,132.86505236445723,133.3238094686795,132.11137067255046,132.86314477386725,132.86314477386725,12498671.0,sample,2026-09-24 19:05:19.757444+00:00
AMZN,2022-07-12 00:00:00+00:00,132.63195496019026,133.79033049940892,130.688206749884,131.6352642867697,131.6352642867697,4907405.0,sample,2026-09-24 19:05:19.757444+00:00
AMZN,2022-07-13 00:00:00+00:00,131.3230140548959,132.32336335718873,128.4503928539172,129.5201668199941,129.5201668199941,15806231.0,sample,2026-09-24 19:05:19.757444+00:00
AMZN,2022-07-14 00:00:00+00:00,128.93130284503377,133.3109734009911,127.83451182953237,132.77206897853142,132.77206897853142,1914012.0,sample,2026-09-24 19:05:19.757444+00:00
AMZN,2022-07-15 00:00:00+00:00,132.52335749490217,136.93360095670613,131.11976067789388,136.08150609328985,136.08150609328985,14236076.0,sample,2026-09-24 19:05:19.757444+00:00
AMZN,2022-07-18 00:00:00+00:00,136.25595014911985,137.84054285569275,134.43418211577696,135.84286738356533,135.84286738356533,12219244.0,sample,2026-09-24 19:05:19.757444+00:00
AMZN,2022-07-19 00:00:00+00:00,135.55293408702573,136.02361353418013,131.90517970155253,133.07688644623116,133.07688644623116,8053500.0,sample,2026-09-24 19:05:19.757444+00:00
AMZN,2022-07-20 00:00:00+00:00,133.4058052390517,135.00550160385316,132.80849779789727,134.34658423705878,134.34658423705878,14952357.0,sample,2026-09-24 19:05:19.757444+00:00
AMZN,2022-07-21 00:00:00+00:00,134.52321094245858,135.57486627475393,133.2134792880878,135.06412185141124,135.06412185141124,5522578.0,sample,2026-09-24 19:05:19.757444+00:00
AMZN,2022-07-22 00:00:00+00:00,135.61131217609133,136.7516875462598,132.49963352065524,132.84237410319818,132.84237410319818,2657578.0,sample,2026-09-24 19:05:19.757444+00:00
AMZN,2022-07-25 00:00:00+00:00,132.99451751031017,134.5499001122867,127.51531661413524,127.9998351402491,127.9998351402491,4261562.0,sample,2026-09-24 19:05:19.757444+00:00
AMZN,2022-07-26 00:00:00+00:00,127.6680424411985,131.11496812277392,126.50205639461028,130.2539270373064,130.2539270373064,15611089.0,sample,2026-09-24 19:05:19.757444+00:00
AMZN,2022-07-27 00:00:00+00:00,130.01367722092985,131.29981220106583,127.75591132804678,128.18780052474688,128.18780052474688,14998619.0,sample,2026-09-24 19:05:19.757444+00:00
AMZN,2022-07-28 00:00:00+00:00,128.2030605317412,128.36395794063668,124.8997222585173,125.73717306955118,125.73717306955118,3197961.0,sample,2026-09-24 19:05:19.757444+00:00
AMZN,2022-07-29 00:00:00+00:00,126.08009269055415,127.63717092230466,124.91723945233025,126.3467238717176,126.3467238717176,12345027.0,sample,2026-09-24 19:05:19.757444+00:00
AMZN,2022-08-01 00:00:00+00:00,126.42805283149376,130.00231444432796,125.1757916739265,129.51916224662065,129.51916224662065,2276688.0,sample,2026-09-24 19:05:19.757444+00:00
AMZN,2022-08-02 00:00:00+00:00,130.15930260356558,130.77378866524606,129.98927683617887,130.4221455370622,130.4221455370622,3129556.0,sample,2026-09-24 19:05:19.757444+00:00
AMZN,2022-08-03 00:00:00+00:00,130.5500007416959,132.620002699648,129.12673293029462,131.15060706806725,131.15060706806725,3693789.0,sample,2026-09-24 19:05:19.757444+00:00
AMZN,2022-08-04 00:00:00+00:00,131.8287299715501,132.3598622429884,131.5619824435616,131.90999216850255,131.90999216850255,12888107.0,sample,2026-09-24 19:05:19.757444+00:00
AMZN,2022-08-05 00:00:00+00:00,131.94090492144394,132.61366768747774,129.2997056405512,130.5877859846232,130.5877859846232,11915405.0,sample,2026-09-24 19:05:19.757444+00:00
AMZN,2022-08-08 00:00:00+00:00,131.0515258242243,131.36482326565653,128.532086466008,129.52813694862985,129.52813694862985,13459100.0,sample,2026-09-24 19:05:19.757444+00:00
AMZN,2022-08-09 00:00:00+00:00,129.98177660809787,131.50385283620372,128.603514641069,131.14070196124374,131.14070196124374,6244792.0,sample,2026-09-24 19:05:19.757444+00:00
AMZN,2022-08-10 00:00:00+00:00,130.80024795937703,133.16027416185548,130.433705067999,132.7967762203657,132.7967762203657,8953210.0,sample,2026-09-24 19:05:19.757444+00:00
AMZN,2022-08-11 00:00:00+00:00,131.93601773423794,135.04596326268367,131.3180274358887,134.14182803988913,134.14182803988913,2054430.0,sample,2026-09-24 19:05:19.757444+00:00
AMZN,2022-08-12 00:00:00+00:00,134.02520384698278,135.04630750184734,132.51395250338433,134.30683813080122,134.30683813080122,4896783.0,sample,2026-09-24 19:05:19.757444+00:00
AMZN,2022-08-15 00:00:00+00:00,134.2305701091868,135.79088855980623,130.99749046748974,132.15430730659327,132.15430730659327,3601983.0,sample,2026-09-24 19:05:19.757444+00:00
AMZN,2022-08-16 00:00:00+00:00,132.34796247315222,132.7331915934437,130.8197756512817,132.41135637664053,132.41135637664053,5233129.0,sample,2026-09-24 19:05:19.757444+00:00
AMZN,2022-08-17 00:00:00+00:00,132.62948089652394,134.02565529112607,130.76164128226034,131.59467137501156,131.59467137501156,7009996.0,sample,2026-09-24 19:05:19.757444+00:00
AMZN,2022-08-18 00:00:00+00:00,131.86999981943057,132.57036757858805,128.897321299292,129.8951575794683,129.8951575794683,11635146.0,sample,2026-09-24 19:05:19.757444+00:00
AMZN,2022-08-19 00:00:00+00:00,129.8003702031482,131.62679099138504,129.21625601912805,130.80284323542466,130.80284323542466,17417018.0,sample,2026-09-24 19:05:19.757444+00:00
AMZN,2022-08-22 00:00:00+00:00,130.65060538077194,132.48562121405914,129.39757437787983,131.32684919859884,131.32684919859884,8468111.0,sample,2026-09-24 19:05:19.757444+00:00
AMZN,2022-08-23 00:00:00+00:00,131.3602651138433,134.0842001376293,130.94993709389763,132.54326163820636,132.54326163820636,14424381.0,sample,2026-09-24 19:05:19.757444+00:00
AMZN,2022-08-24 00:00:00+00:00,132.46832059554012,134.00571315904767,126.89516472994717,127.77893522302996,127.77893522302996,2624816.0,sample,2026-09-24 19:05:19.757444+00:00
AMZN,2022-08-25 00:00:00+00:00,127.97989659068851,129.47458475006903,124.02374161092952,125.23220140712174,125.23220140712174,16083511.0,sample,2026-09-24 19:05:19.757444+00:00
AMZN,2022-08-26 00:00:00+00:00,125.07587516808563,128.01854754124076,124.51379072210146,127.01567321278131,127.01567321278131,13776745.0,sample,2026-09-24 19:05:19.757444+00:00
AMZN,2022-08-29 00:00:00+00:00,127.09881691105234,129.60624991578243,125.60574228502206,128.4400422922823,128.4400422922823,3120092.0,sample,2026-09-24 19:05:19.757444+00:00
AMZN,2022-08-30 00:00:00+00:00,128.24923675339343,132.73485959011688,127.42235273942124,131.47840696793932,131.47840696793932,1992931.0,sample,2026-09-24 19:05:19.757444+00:00
AMZN,2022-08-31 00:00:00+00:00,131.74627638238502,132.98576471258897,128.72147436831693,129.50701051609465,129.50701051609465,7546635.0,sample,2026-09-24 19:05:19.757444+00:00
AMZN,2022-09-01 00:00:00+00:00,129.4613444035501,129.91963789591134,125.09257792961766,126.21441475726022,126.21441475726022,17882287.0,sample,2026-09-24 19:05:19.757444+00:00
AMZN,2022-09-02 00:00:00+00:00,126.36135809553228,127.80529173420602,123.32987957969824,124.03064160535169,124.03064160535169,6742517.0,sample,2026-09-24 19:05:19.757444+00:00
AMZN,2022-09-05 00:00:00+00:00,124.14457626153002,125.4600047559778,120.0620922245406,121.16650269106708,121.16650269106708,8242925.0,sample,2026-09-24 19:05:19.757444+00:00
AMZN,2022-09-06 00:00:00+00:00,120.77107576716001,124.0413115926774,119.52922634599251,123.36301186365371,123.36301186365371,6022031.0,sample,2026-09-24 19:05:19.757444+00:00
AMZN,2022-09-07 00:00:00+00:00,122.70441404780736,123.12836485257833,118.24761012969127,118.4906299542946,118.4906299542946,5142064.0,sample,2026-09-24 19:05:19.757444+00:00
AMZN,2022-09-08 00:00:00+00:00,118.80146711893883,120.74883212964241,118.44842893305086,120.16498428073369,120.16498428073369,5299093.0,sample,2026-09-24 19:05:19.757444+00:00
AMZN,2022-09-09 00:00:00+00:00,119.98970245965299,121.94503786926076,119.31800618294545,120.51811942986711,120.51811942986711,4609047.0,sample,2026-09-24 19:05:19.757444+00:00
AMZN,2022-09-12 00:00:00+00:00,120.40539447957532,126.0439908230181,119.9102598515167,125.65434156789769,125.65434156789769,15669959.0,sample,2026-09-24 19:05:19.757444+00:00
AMZN,2022-09-13 00:00:00+00:00,125.68940580274555,127.29448359650496,124.83867020905551,125.84785966519755,125.84785966519755,17398038.0,sample,2026-09-24 19:05:19.757444+00:00
AMZN,2022-09-14 00:00:00+00:00,126.34065175725408,128.1178936934605,125.32240648665784,126.86060111392752,126.86060111392752,13124103.0,sample,2026-09-24 19:05:19.757444+00:00
AMZN,2022-09-15 00:00:00+00:00,127.32868070859863,128.58905856254114,125.3551772532038,125.89476217112446,125.89476217112446,6979743.0,sample,2026-09-24 19:05:19.757444+00:00
AMZN,2022-09-16 00:00:00+00:00,126.12084847612334,128.0291921811164,124.62850797395292,127.15218784560444,127.15218784560444,1601594.0,sample,2026-09-24 19:05:19.757444+00:00
AMZN,2022-09-19 00:00:00+00:00,127.42316171078008,130.43803612081223,126.24666746521031,129.5986943116736,129.5986943116736,6750144.0,sample,2026-09-24 19:05:19.757444+00:00
AMZN,2022-09-20 00:00:00+00:00,129.36375244614788,131.85214322569865,128.71440623575802,130.71870613274956,130.71870613274956,2093329.0,sample,2026-09-24 19:05:19.757444+00:00
AMZN,2022-09-21 00:00:00+00:00,130.64064804918442,131.44043282136417,129.20193782745574,131.09714265215385,131.09714265215385,3798673.0,sample,2026-09-24 19:05:19.757444+00:00
AMZN,2022-09-22 00:00:00+00:00,131.37476954557533,131.535202420055,126.63360886377698,127.95573196637625,127.95573196637625,14399722.0,sample,2026-09-24 19:05:19.757444+00:00
AMZN,2022-09-23 00:00:00+00:00,127.60984999367236,132.87550127997247,126.52286153679376,131.7035232060006,131.7035232060006,11726329.0,sample,2026-09-24 19:05:19.757444+00:00
AMZN,2022-09-26 00:00:00+00:00,131.79205396120403,132.8625698230121,130.0117285825147,131.03946232481474,131.03946232481474,8589423.0,sample,2026-09-24 19:05:19.757444+00:00
AMZN,2022-09-27 00:00:00+00:00,131.00563281756885,131.85498022657924,126.64151297927258,127.88448525438092,127.88448525438092,17396989.0,sample,2026-09-24 19:05:19.757444+00:00
AMZN,2022-09-28 00:00:00+00:00,128.29619754210822,130.48127094567013,127.55239979973484,130.12963706267388,130.12963706267388,16544619.0,sample,2026-09-24 19:05:19.757444+00:00
AMZN,2022-09-29 00:00:00+00:00,129.82547546856551,133.16191594496792,129.26458022052998,131.77206781336977,131.77206781336977,1825585.0,sample,2026-09-24 19:05:19.757444+00:00
AMZN,2022-09-30 00:00:00+00:00,131.33459184781543,131.6568058787401,130.39644699788218,131.03332972293344,131.03332972293344,2530062.0,sample,2026-09-24 19:05:19.757444+00:00
AMZN,2022-10-03 00:00:00+00:00,130.8432576775424,130.97515058078986,129.21724495020317,129.73902654227663,129.73902654227663,10841564.0,sample,2026-09-24 19:05:19.757444+00:00
AMZN,2022-10-04 00:00:00+00:00,129.903396457696,130.91123242753386,127.14586944909459,128.65500107659096,128.65500107659096,12526524.0,sample,2026-09-24 19:05:19.757444+00:00
AMZN,2022-10-05 00:00:00+00:00,128.27741146674447,128.98127192413614,127.69013134348307,128.14051348877348,128.14051348877348,12209947.0,sample,2026-09-24 19:05:19.757444+00:00
AMZN,2022-10-06 00:00:00+00:00,128.0734210781023,128.71000601828828,125.551259769733,126.9305638203251,126.9305638203251,13582652.0,sample,2026-09-24 19:05:19.757444+00:00
AMZN,2022-10-07 00:00:00+00:00,127.00721275508032,127.36456526246582,123.75589221683346,124.19646521532442,124.19646521532442,16745633.0,sample,2026-09-24 19:05:19.757444+00:00
AMZN,2022-10-10 00:00:00+00:00,124.01754053945507,125.05400386059185,123.66427597858434,123.81933803619017,123.81933803619017,5754234.0,sample,2026-09-24 19:05:19.757444+00:00
AMZN,2022-10-11 00:00:00+00:00,123.67000447940033,125.1527566915167,121.41346892241017,122.2669553570898,122.2669553570898,9342434.0,sample,2026-09-24 19:05:19.757444+00:00
AMZN,2022-10-12 00:00:00+00:00,121.74571169430386,124.78292583986803,120.51080761669712,123.74267594639844,123.74267594639844,3158002.0,sample,2026-09-24 19:05:19.757444+00:00
AMZN,2022-10-13 00:00:00+00:00,124.03548147135615,124.48885630151082,121.19434993641484,122.25148573787536,122.25148573787536,7117781.0,sample,2026-09-24 19:05:19.757444+00:00
AMZN,2022-10-14 00:00:00+00:00,122.35156065932144,122.98143420844907,120.6083698924126,121.2105129991606,121.2105129991606,11572394.0,sample,2026-09-24 19:05:19.757444+00:00
AMZN,2022-10-17 00:00:00+00:00,121.04759985183662,125.54907186681152,120.16342371304344,124.08997458239702,124.08997458239702,8533231.0,sample,2026-09-24 19:05:19.757444+00:00
AMZN,2022-10-18 00:00:00+00:00,124.22567568073349,128.44883091040285,122.84407190742695,127.38997320322572,127.38997320322572,10218572.0,sample,2026-09-24 19:05:19.757444+00:00
AMZN,2022-10-19 00:00:00+00:00,127.98643025760167,128.94234801668014,126.94036404468409,127.44722708221589,127.44722708221589,1507665.0,sample,2026-09-24 19:05:19.757444+00:00
AMZN,2022-10-20 00:00:00+00:00,127.81557323221125,128.20425531075676,127.5034517463157,127.81792420899046,127.81792420899046,10035662.0,sample,2026-09-24 19:05:19.757444+00:00
AMZN,2022-10-21 00:00:00+00:00,127.64142341489787,129.60044372732293,126.5484251638853,128.79246661316043,128.79246661316043,15759287.0,sample,2026-09-24 19:05:19.757444+00:00
AMZN,2022-10-24 00:00:00+00:00,128.58017186412408,128.74899863414652,124.41091442166328,124.826659671787,124.826659671787,7192355.0,sample,2026-09-24 19:05:19.757444+00:00
AMZN,2022-10-25 00:00:00+00:00,124.74788312121389,125.83186752452008,122.26734991650558,122.84593251201355,122.84593251201355,16810129.0,sample,2026-09-24 19:05:19.757444+00:00
AMZN,2022-10-26 00:00:00+00:00,122.88492455432632,123.4974683230505,121.54894474182389,123.16659541598105,123.16659541598105,13647679.0,sample,2026-09-24 19:05:19.757444+00:00
AMZN,2022-10-27 00:00:00+00:00,123.38773291275096,124.18652804557057,121.80218640385242,122.05515905280961,122.05515905280961,9401586.0,sample,2026-09-24 19:05:19.757444+00:00
AMZN,2022-10-28 00:00:00+00:00,122.07433573434808,123.15459406730496,119.85048448676507,120.82587643491841,120.82587643491841,3192573.0,sample,2026-09-24 19:05:19.757444+00:00
AMZN,2022-10-31 00:00:00+00:00,121.11414521960926,122.64089277084922,120.75907881897689,121.7816987913217,121.7816987913217,14734182.0,sample,2026-09-24 19:05:19.757444+00:00
AMZN,2022-11-01 00:00:00+00:00,122.28752000110649,123.69833123927597,120.2131290101982,121.32400449906025,121.32400449906025,7005892.0,sample,2026-09-24 19:05:19.757444+00:00
AMZN,2022-11-02 00:00:00+00:00,121.26050973493314,122.22873506874286,120.18460003768512,121.218014286846,121.218014286846,10441002.0,sample,2026-09-24 19:05:19.757444+00:00
AMZN,2022-11-03 00:00:00+00:00,120.8841048836819,121.90790963286167,116.30721762280044,116.57969875412103,116.57969875412103,17934585.0,sample,2026-09-24 19:05:19.757444+00:00
AMZN,2022-11-04 00:00:00+00:00,116.53882083867538,117.65711855856414,115.39941410100474,117.20362850835711,117.20362850835711,8960075.0,sample,2026-09-24 19:05:19.757444+00:00
AMZN,2022-11-07 00:00:00+00:00,117.52087513332857,118.90893283396484,111.93385421724103,112.91417330911807,112.91417330911807,4378762.0,sample,2026-09-24 19:05:19.757444+00:00
AMZN,2022-11-08 00:00:00+00:00,113.09212074345237,114.44917223895803,112.66295649100327,114.24755675531303,114.24755675531303,12911218.0,sample,2026-09-24 19:05:19.757444+00:00
AMZN,2022-11-09 00:00:00+00:00,114.32674500008322,115.96764376666967,113.42399450167014,115.03447017572275,115.03447017572275,6566233.0,sample,2026-09-24 19:05:19.757444+00:00
AMZN,2022-11-10 00:00:00+00:00,114.79505134810047,116.31984501535639,114.26330999777127,115.03548245087646,115.03548245087646,17155096.0,sample,2026-09-24 19:05:19.757444+00:00
AMZN,2022-11-11 00:00:00+00:00,115.03528136022332,115.54090383042296,110.57135618205045,111.53005472423013,111.53005472423013,7523753.0,sample,2026-09-24 19:05:19.757444+00:00
AMZN,2022-11-14 00:00:00+00:00,111.2605554458568,114.2312554997796,110.39606402863573,113.60033857581307,113.60033857581307,8817571.0,sample,2026-09-24 19:05:19.757444+00:00
AMZN,2022-11-15 00:00:00+00:00,113.80261507168579,114.76350791448556,111.86696606991367,112.08309373055741,112.08309373055741,12523240.0,sample,2026-09-24 19:05:19.757444+00:00
AMZN,2022-11-16 00:00:00+00:00,111.98346892574055,117.10178534829052,111.13336340917748,116.48790405114633,116.48790405114633,2523569.0,sample,2026-09-24 19:05:19.757444+00:00
AMZN,2022-11-17 00:00:00+00:00,116.06464188828532,118.3402622819641,114.9156739840799,117.55932199072846,117.55932199072846,6634761.0,sample,2026-09-24 19:05:19.757444+00:00
AMZN,2022-11-18 00:00:00+00:00,117.63411447550966,120.29747637740734,116.25747658932963,119.47209858408361,119.47209858408361,3148833.0,sample,2026-09-24 19:05:19.757444+00:00
AMZN,2022-11-21 00:00:00+00:00,119.19265319414005,120.51626964966324,117.62427666817949,118.09400908359522,118.09400908359522,11757645.0,sample,2026-09-24 19:05:19.757444+00:00
AMZN,2022-11-22 00:00:00+00:00,118.217767449689,121.91067883067359,117.55702173698631,120.68633843019147,120.68633843019147,1538130.0,sample,2026-09-24 19:05:19.757444+00:00
AMZN,2022-11-23 00:00:00+00:00,121.16377230482568,122.27226308572065,119.7812565016299,121.18630927021363,121.18630927021363,12546610.0,sample,2026-09-24 19:05:19.757444+00:00
AMZN,2022-11-24 00:00:00+00:00,120.87574406559001,123.37366312239291,120.22379456881819,123.09131095585327,123.09131095585327,11748346.0,sample,2026-09-24 19:05:19.757444+00:00
AMZN,2022-11-25 00:00:00+00:00,122.92383246248076,124.11488843617379,122.19607027107456,123.43607472580136,123.43607472580136,17183858.0,sample,2026-09-24 19:05:19.757444+00:00
AMZN,2022-11-28 00:00:00+00:00,123.50084396575019,124.92709156719692,122.50551839049672,122.86075417385689,122.86075417385689,11201686.0,sample,2026-09-24 19:05:19.757444+00:00
AMZN,2022-11-29 00:00:00+00:00,122.86035074786392,124.67010478254842,122.15995336356437,123.57644110794264,123.57644110794264,16592715.0,sample,2026-09-24 19:05:19.757444+00:00
AMZN,2022-11-30 00:00:00+00:00,123.3548494658042,124.96960254339125,122.179601435589,124.43379208664001,124.43379208664001,9939128.0,sample,2026-09-24 19:05:19.757444+00:00
AMZN,2022-12-01 00:00:00+00:00,124.71302412010039,125.9229944343136,121.44229109948856,122.31886165464329,122.31886165464329,12719350.0,sample,2026-09-24 19:05:19.757444+00:00
AMZN,2022-12-02 00:00:00+00:00,122.4851024939593,127.05967081110428,121.51658403150049,126.46339499862243,126.46339499862243,5730045.0,sample,2026-09-24 19:05:19.757444+00:00
AMZN,2022-12-05 00:00:00+00:00,125.93871255656019,126.74768873584041,125.56545961286884,126.48101773788149,126.48101773788149,5639395.0,sample,2026-09-24 19:05:19.757444+00:00
AMZN,2022-12-06 00:00:00+00:00,126.60552144171415,130.21914314841024,126.01720976459623,129.65670491213825,129.65670491213825,6456769.0,sample,2026-09-24 19:05:19.757444+00:00
AMZN,2022-12-07 00:00:00+00:00,129.86607041695876,130.4516114856621,127.8151273359194,128.87645310845292,128.87645310845292,4231570.0,sample,2026-09-24 19:05:19.757444+00:00
AMZN,2022-12-08 00:00:00+00:00,128.93452675049417,129.6113679679376,128.1456609773755,128.64943591954375,128.64943591954375,2371286.0,sample,2026-09-24 19:05:19.757444+00:00
AMZN,2022-12-09 00:00:00+00:00,128.80035810216532,133.6228251496225,128.47248778835444,132.9306961837888,132.9306961837888,11073825.0,sample,2026-09-24 19:05:19.757444+00:00
AMZN,2022-12-12 00:00:00+00:00,132.9345912579764,134.2308662629313,131.79173200011448,133.45578401853794,133.45578401853794,16835904.0,sample,2026-09-24 19:05:19.757444+00:00
AMZN,2022-12-13 00:00:00+00:00,133.39542957694158,134.81298377812033,132.45261406444888,132.7102337952633,132.7102337952633,17949455.0,sample,2026-09-24 19:05:19.757444+00:00
AMZN,2022-12-14 00:00:00+00:00,132.82734696160668,135.04291738857535,132.63941442172447,134.24786770514476,134.24786770514476,4011874.0,sample,2026-09-24 19:05:19.757444+00:00
AMZN,2022-12-15 00:00:00+00:00,134.28961298293177,135.80052791827643,133.54226391339967,134.17224806822065,134.17224806822065,11892643.0,sample,2026-09-24 19:05:19.757444+00:00
AMZN,2022-12-16 00:00:00+00:00,134.09572298733767,135.48464846966777,129.25231052265494,130.3875466001408,130.3875466001408,15622098.0,sample,2026-09-24 19:05:19.757444+00:00
AMZN,2022-12-19 00:00:00+00:00,130.38103418642444,131.41983301500792,128.99214007638327,131.1078974099899,131.1078974099899,1958609.0,sample,2026-09-24 19:05:19.757444+00:00
AMZN,2022-12-20 00:00:00+00:00,130.95538556356442,131.10336224514984,128.12171389686995,129.18889594973533,129.18889594973533,17980097.0,sample,2026-09-24 19:05:19.757444+00:00
AMZN,2022-12-21 00:00:00+00:00,129.17564559141394,130.74851028990756,128.47438908892147,129.33571559055375,129.33571559055375,9933467.0,sample,2026-09-24 19:05:19.757444+00:00
AMZN,2022-12-22 00:00:00+00:00,129.58103954886045,134.32154630296057,128.48554749013675,133.19919870005785,133.19919870005785,6366714.0,sample,2026-09-24 19:05:19.757444+00:00
AMZN,2022-12-23 00:00:00+00:00,133.3633308248465,138.70335235823913,132.1522085746705,137.46415504247003,137.46415504247003,12070868.0,sample,2026-09-24 19:05:19.757444+00:00
AMZN,2022-12-26 00:00:00+00:00,137.74852235361004,137.9233628027007,136.7071801823515,137.6495156137078,137.6495156137078,5440809.0,sample,2026-09-24 19:05:19.757444+00:00
AMZN,2022-12-27 00:00:00+00:00,137.91299075747796,139.5626837350486,135.52493642765208,137.01773982588546,137.01773982588546,5012603.0,sample,2026-09-24 19:05:19.757444+00:00
AMZN,2022-12-28 00:00:00+00:00,136.86121108932417,137.80590356144847,134.52388809294644,136.11710690826774,136.11710690826774,14453610.0,sample,2026-09-24 19:05:19.757444+00:00
AMZN,2022-12-29 00:00:00+00:00,136.31674252229075,138.8981311430388,134.91676210656493,137.284779759618,137.284779759618,6275576.0,sample,2026-09-24 19:05:19.757444+00:00
AMZN,2022-12-30 00:00:00+00:00,137.32242632558712,138.45438888865414,133.88329932684778,135.15580492772372,135.15580492772372,12995400.0,sample,2026-09-24 19:05:19.757444+00:00
AMZN,2023-01-02 00:00:00+00:00,135.05839437861414,136.42379305409168,133.58709208458788,135.1593356431816,135.1593356431816,13070657.0,sample,2026-09-24 19:05:19.757444+00:00
AMZN,2023-01-03 00:00:00+00:00,135.14693967510482,135.6669867591047,130.6649160737971,131.76807165138203,131.76807165138203,11219004.0,sample,2026-09-24 19:05:19.757444+00:00
AMZN,2023-01-04 00:00:00+00:00,131.32809892367882,132.12133938474412,126.16382377480463,127.39723347673001,127.39723347673001,17500092.0,sample,2026-09-24 19:05:19.757444+00:00
AMZN,2023-01-05 00:00:00+00:00,127.31036017303498,128.5259970380165,127.00470084501659,127.76816824525355,127.76816824525355,8479776.0,sample,2026-09-24 19:05:19.757444+00:00
AMZN,2023-01-06 00:00:00+00:00,127.79134291986,128.963821147106,126.83129046608103,127.51426058638242,127.51426058638242,9897605.0,sample,2026-09-24 19:05:19.757444+00:00
AMZN,2023-01-09 00:00:00+00:00,127.34953967176506,128.17930698978768,126.46034285489345,127.39075715078692,127.39075715078692,12809978.0,sample,2026-09-24 19:05:19.757444+00:00
AMZN,2023-01-10 00:00:00+00:00,127.05223465533685,127.90079312016124,126.2189381792262,126.59833871736696,126.59833871736696,8154600.0,sample,2026-09-24 19:05:19.757444+00:00
AMZN,2023-01-11 00:00:00+00:00,126.90730523794318,127.84430996078416,125.58708565441208,126.41255414939685,126.41255414939685,5198577.0,sample,2026-09-24 19:05:19.757444+00:00
AMZN,2023-01-12 00:00:00+00:00,126.85758506063407,130.50042088500305,125.71875491296174,129.86908653025912,129.86908653025912,4831954.0,sample,2026-09-24 19:05:19.757444+00:00
AMZN,2023-01-13 00:00:00+00:00,129.96928857372654,132.62753371141656,129.67727647702986,132.3627306816657,132.3627306816657,2605604.0,sample,2026-09-24 19:05:19.757444+00:00
AMZN,2023-01-16 00:00:00+00:00,132.217912053154,133.94840813214253,131.22632209003,132.72322048336054,132.72322048336054,1761763.0,sample,2026-09-24 19:05:19.757444+00:00
AMZN,2023-01-17 00:00:00+00:00,132.44201567296554,134.00308580830225,131.52918345946085,132.390181202808,132.390181202808,8643860.0,sample,2026-09-24 19:05:19.757444+00:00
AMZN,2023-01-18 00:00:00+00:00,132.00127784481228,136.1693194737459,131.29390862984454,135.0165724123392,135.0165724123392,15971969.0,sample,2026-09-24 19:05:19.757444+00:00
AMZN,2023-01-19 00:00:00+00:00,135.1272507988275,136.13856544785872,132.19576318604746,132.90768833109271,132.90768833109271,4230424.0,sample,2026-09-24 19:05:19.757444+00:00
AMZN,2023-01-20 00:00:00+00:00,133.13004558383122,134.61450538040984,128.71598541709344,130.16802235707354,130.16802235707354,10571648.0,sample,2026-09-24 19:05:19.757444+00:00
AMZN,2023-01-23 00:00:00+00:00,130.36692412408215,130.9271407929624,129.00423079688875,129.18591588843853,129.18591588843853,16905497.0,sample,2026-09-24 19:05:19.757444+00:00
AMZN,2023-01-24 00:00:00+00:00,129.37160215669527,130.58175967088306,124.72850358797105,125.76018267682336,125.76018267682336,14512772.0,sample,2026-09-24 19:05:19.757444+00:00
AMZN,2023-01-25 00:00:00+00:00,125.44181195235019,126.90941109957735,121.41310748004491,122.6113131628247,122.6113131628247,10555718.0,sample,2026-09-24 19:05:19.757444+00:00
AMZN,2023-01-26 00:00:00+00:00,122.70789204945895,126.38170066387248,121.49185537138995,125.16470444197851,125.16470444197851,10330683.0,sample,2026-09-24 19:05:19.757444+00:00
AMZN,2023-01-27 00:00:00+00:00,124.97976879203108,126.20630090079011,123.92850255254886,125.66810303706978,125.66810303706978,8159240.0,sample,2026-09-24 19:05:19.757444+00:00
AMZN,2023-01-30 00:00:00+00:00,125.62530965159787,126.01874393046083,123.16821420524064,124.10370804748526,124.10370804748526,10176688.0,sample,2026-09-24 19:05:19.757444+00:00
AMZN,2023-01-31 00:00:00+00:00,124.1350546977511,125.55343829075501,122.40603558213836,122.99048122247768,122.99048122247768,8913598.0,sample,2026-09-24 19:05:19.757444+00:00
AMZN,2023-02-01 00:00:00+00:00,122.86604636547129,124.13266109171956,122.39918334370356,123.61395910620035,123.61395910620035,1544295.0,sample,2026-09-24 19:05:19.757444+00:00
AMZN,2023-02-02 00:00:00+00:00,123.63216705911364,128.04494928235894,122.86569530282895,127.24242997192576,127.24242997192576,8954855.0,sample,2026-09-24 19:05:19.757444+00:00
AMZN,2023-02-03 00:00:00+00:00,127.26054157432853,128.74982769087916,123.28154567937005,124.06785869914606,124.06785869914606,16413159.0,sample,2026-09-24 19:05:19.757444+00:00
AMZN,2023-02-06 00:00:00+00:00,123.82289118973114,124.5137315730733,123.17362851657771,124.33161387510238,124.33161387510238,16721283.0,sample,2026-09-24 19:05:19.757444+00:00
AMZN,2023-02-07 00:00:00+00:00,124.23393199491812,127.31376119214326,123.68233547246496,126.32325434649749,126.32325434649749,11994731.0,sample,2026-09-24 19:05:19.757444+00:00
AMZN,2023-02-08 00:00:00+00:00,125.92544285493642,128.56157438511195,125.31185881424638,128.13014804090335,128.13014804090335,1607176.0,sample,2026-09-24 19:05:19.757444+00:00
AMZN,2023-02-09 00:00:00+00:00,128.5993446134204,131.89940021756635,127.42682976736032,130.42394322938492,130.42394322938492,14341674.0,sample,2026-09-24 19:05:19.757444+00:00
AMZN,2023-02-10 00:00:00+00:00,130.9893751399134,131.95393993867597,128.17347476162598,129.7028069853396,129.7028069853396,10305906.0,sample,2026-09-24 19:05:19.757444+00:00
AMZN,2023-02-13 00:00:00+00:00,129.91365733509872,131.64355311705447,129.6117505476894,131.0054010029097,131.0054010029097,17396419.0,sample,2026-09-24 19:05:19.757444+00:00
AMZN,2023-02-14 00:00:00+00:00,130.88617243834375,133.813516972881,129.32848578848572,132.50685701983625,132.50685701983625,5104920.0,sample,2026-09-24 19:05:19.757444+00:00
AMZN,2023-02-15 00:00:00+00:00,132.29998162849049,134.98596403717113,131.60414120490498,133.44424333119161,133.44424333119161,7012193.0,sample,2026-09-24 19:05:19.757444+00:00
AMZN,2023-02-16 00:00:00+00:00,133.31625207842055,134.41956992947783,129.79433110036433,130.85040846801314,130.85040846801314,12624921.0,sample,2026-09-24 19:05:19.757444+00:00
AMZN,2023-02-17 00:00:00+00:00,131.08923865872578,133.54427088894033,130.3483995594414,132.73515035969828,132.73515035969828,17964952.0,sample,2026-09-24 19:05:19.757444+00:00
AMZN,2023-02-20 00:00:00+00:00,132.78186217735285,133.85348523851215,127.8123482723182,128.30989288992419,128.30989288992419,12090301.0,sample,2026-09-24 19:05:19.757444+00:00
AMZN,2023-02-21 00:00:00+00:00,128.51327540557168,129.97669680452134,125.31500776388688,126.09108821949299,126.09108821949299,9226262.0,sample,2026-09-24 19:05:19.757444+00:00
AMZN,2023-02-22 00:00:00+00:00,126.24041713832155,127.40510340338605,123.44551177990354,124.56294300786662,124.56294300786662,8147533.0,sample,2026-09-24 19:05:19.757444+00:00
AMZN,2023-02-23 00:00:00+00:00,124.88729548119028,126.17699049983425,124.37489172758985,125.45032616404242,125.45032616404242,3411972.0,sample,2026-09-24 19:05:19.757444+00:00
AMZN,2023-02-24 00:00:00+00:00,125.36440640424081,126.0614615510218,120.1171349381773,120.5384891001902,120.5384891001902,13636306.0,sample,2026-09-24 19:05:19.757444+00:00
AMZN,2023-02-27 00:00:00+00:00,120.42991444484049,125.2055777173621,119.23906227233299,123.80143485802087,123.80143485802087,9860766.0,sample,2026-09-24 19:05:19.757444+00:00
AMZN,2023-02-28 00:00:00+00:00,123.77154325495533,125.6152705604034,123.42354676527746,125.1871073770309,125.1871073770309,16955318.0,sample,2026-09-24 19:05:19.757444+00:00
AMZN,2023-03-01 00:00:00+00:00,125.39313416823536,126.25867475647918,124.83300395217975,125.38640379408889,125.38640379408889,15719947.0,sample,2026-09-24 19:05:19.757444+00:00
AMZN,2023-03-02 00:00:00+00:00,125.20120283566358,125.44998675271489,121.18192076883176,122.09692470138,122.09692470138,12927702.0,sample,2026-09-24 19:05:19.757444+00:00
AMZN,2023-03-03 00:00:00+00:00,122.12949516720762,124.77831779120785,121.79166080127304,123.54166458395603,123.54166458395603,7856371.0,sample,2026-09-24 19:05:19.757444+00:00
AMZN,2023-03-06 00:00:00+00:00,123.44225488628491,125.31810558858504,122.30564055082873,124.17258353189007,124.17258353189007,10076571.0,sample,2026-09-24 19:05:19.757444+00:00
AMZN,2023-03-07 00:00:00+00:00,124.09239199714047,128.48879857748068,123.20242508682499,127.80725665356356,127.80725665356356,8004141.0,sample,2026-09-24 19:05:19.757444+00:00
AMZN,2023-03-08 00:00:00+00:00,127.57008262380012,131.03627245239412,126.83967488631535,130.68812411588615,130.68812411588615,8831788.0,sample,2026-09-24 19:05:19.757444+00:00
AMZN,2023-03-09 00:00:00+00:00,130.39215724048827,133.80577912167414,129.18759452658136,132.8607119344936,132.8607119344936,7972823.0,sample,2026-09-24 19:05:19.757444+00:00
AMZN,2023-03-10 00:00:00+00:00,133.19043339986044,134.7516002532896,131.75062273807447,133.42749458796294,133.42749458796294,15246979.0,sample,2026-09-24 19:05:19.757444+00:00
AMZN,2023-03-13 00:00:00+00:00,133.9227193674218,136.570258911841,133.13670337198357,134.99076761946208,134.99076761946208,7662943.0,sample,2026-09-24 19:05:19.757444+00:00
AMZN,2023-03-14 00:00:00+00:00,134.5729369257893,134.99865560042272,129.92300044014263,131.48704816907212,131.48704816907212,10853295.0,sample,2026-09-24 19:05:19.757444+00:00
AMZN,2023-03-15 00:00:00+00:00,131.7054568465847,133.1695659054428,130.37314899891726,131.4612591689898,131.4612591689898,9020013.0,sample,2026-09-24 19:05:19.757444+00:00
AMZN,2023-03-16 00:00:00+00:00,130.9973740640218,134.04511735214828,130.82505704346357,132.94438907632448,132.94438907632448,3601733.0,sample,2026-09-24 19:05:19.757444+00:00
AMZN,2023-03-17 00:00:00+00:00,133.33254206975116,134.39979919718436,127.84405858610248,128.02718666049108,128.02718666049108,6025956.0,sample,2026-09-24 19:05:19.757444+00:00
AMZN,2023-03-20 00:00:00+00:00,128.26963255348474,132.87062561614235,127.85485856068821,131.52226385641322,131.52226385641322,9340408.0,sample,2026-09-24 19:05:19.757444+00:00
AMZN,2023-03-21 00:00:00+00:00,131.13091646044376,131.96174215784364,130.6036230476924,131.02136159189158,131.02136159189158,3898938.0,sample,2026-09-24 19:05:19.757444+00:00
AMZN,2023-03-22 00:00:00+00:00,131.10055140688482,132.54788187240126,130.1283518322202,130.56100249468898,130.56100249468898,7022759.0,sample,2026-09-24 19:05:19.757444+00:00
AMZN,2023-03-23 00:00:00+00:00,130.3754816758774,131.45882158486165,129.70490614365767,130.78887896094324,130.78887896094324,10023686.0,sample,2026-09-24 19:05:19.757444+00:00
AMZN,2023-03-24 00:00:00+00:00,131.10341938397823,132.08592785539363,127.53502797257735,128.15427708349762,128.15427708349762,9908216.0,sample,2026-09-24 19:05:19.757444+00:00
AMZN,2023-03-27 00:00:00+00:00,128.27197105194406,128.5356730061788,126.10517023160557,126.99952088186177,126.99952088186177,8400138.0,sample,2026-09-24 19:05:19.757444+00:00
AMZN,2023-03-28 00:00:00+00:00,127.01675140667199,131.3765909070903,126.39967774072201,130.1643527907413,130.1643527907413,13410328.0,sample,2026-09-24 19:05:19.757444+00:00
AMZN,2023-03-29 00:00:00+00:00,130.35498513703433,131.7773635891062,128.25155325454676,128.5548463517508,128.5548463517508,12836471.0,sample,2026-09-24 19:05:19.757444+00:00
AMZN,2023-03-30 00:00:00+00:00,128.55773887461663,130.00367000056752,125.70251011602677,126.91350077876876,126.91350077876876,17336555.0,sample,2026-09-24 19:05:19.757444+00:00
AMZN,2023-03-31 00:00:00+00:00,126.85870382291638,130.6498764620725,126.70444057725499,129.81942324048157,129.81942324048157,4498196.0,sample,2026-09-24 19:05:19.757444+00:00
AMZN,2023-04-03 00:00:00+00:00,130.09301178667502,131.35539188242177,128.7228965217102,129.10777456372216,129.10777456372216,8077018.0,sample,2026-09-24 19:05:19.757444+00:00
AMZN,2023-04-04 00:00:00+00:00,129.16472693040356,130.65504336013362,126.78675284060384,127.08227678609023,127.08227678609023,3247114.0,sample,2026-09-24 19:05:19.757444+00:00
AMZN,2023-04-05 00:00:00+00:00,127.35994169389792,127.691768535414,126.8392925892339,127.0857319012569,127.0857319012569,15314815.0,sample,2026-09-24 19:05:19.757444+00:00
AMZN,2023-04-06 00:00:00+00:00,127.39582495853725,128.13275037151797,120.74579387350184,121.69931097619396,121.69931097619396,13780710.0,sample,2026-09-24 19:05:19.757444+00:00
AMZN,2023-04-07 00:00:00+00:00,121.63134856908752,122.69201716262586,118.99611826783264,120.14733842997984,120.14733842997984,5387576.0,sample,2026-09-24 19:05:19.757444+00:00
AMZN,2023-04-10 00:00:00+00:00,120.25969569550874,123.84675890965298,120.00616135347225,123.211938508237,123.211938508237,4955166.0,sample,2026-09-24 19:05:19.757444+00:00
AMZN,2023-04-11 00:00:00+00:00,123.19940717098805,123.7154819037931,121.2750951969827,122.6555931611613,122.6555931611613,17943554.0,sample,2026-09-24 19:05:19.757444+00:00
AMZN,2023-04-12 00:00:00+00:00,123.06723796533844,123.70114338865613,122.03316186654958,122.66011835706796,122.66011835706796,12842971.0,sample,2026-09-24 19:05:19.757444+00:00
AMZN,2023-04-13 00:00:00+00:00,123.09481408471451,123.79582200782156,122.44593485344772,123.04605113152589,123.04605113152589,2658613.0,sample,2026-09-24 19:05:19.757444+00:00
AMZN,2023-04-14 00:00:00+00:00,122.59768424710524,124.4404870756196,122.43226844387453,123.7282087657368,123.7282087657368,1656306.0,sample,2026-09-24 19:05:19.757444+00:00
AMZN,2023-04-17 00:00:00+00:00,123.6494053349122,124.89632924627685,120.65594901080982,121.89299945269615,121.89299945269615,6393988.0,sample,2026-09-24 19:05:19.757444+00:00
AMZN,2023-04-18 00:00:00+00:00,122.30779417106838,123.52477649652106,121.83896023068225,123.17541135627827,123.17541135627827,1866208.0,sample,2026-09-24 19:05:19.757444+00:00
AMZN,2023-04-19 00:00:00+00:00,123.44470370429478,124.92372805331847,122.27768399393925,124.1157201871437,124.1157201871437,15607216.0,sample,2026-09-24 19:05:19.757444+00:00
AMZN,2023-04-20 00:00:00+00:00,124.11202288082215,125.19106156797113,123.0042563694308,124.00947465870141,124.00947465870141,17336283.0,sample,2026-09-24 19:05:19.757444+00:00
AMZN,2023-04-21 00:00:00+00:00,123.89701706112285,124.62118164399288,122.4020238649032,123.69411201478735,123.69411201478735,15708781.0,sample,2026-09-24 19:05:19.757444+00:00
AMZN,2023-04-24 00:00:00+00:00,123.67012083083542,124.66907058580514,122.0490736190954,122.97917371274103,122.97917371274103,6253987.0,sample,2026-09-24 19:05:19.757444+00:00
AMZN,2023-04-25 00:00:00+00:00,123.47082436319332,127.87517555969193,122.1678438705614,127.01074997963653,127.01074997963653,10180795.0,sample,2026-09-24 19:05:19.757444+00:00
AMZN,2023-04-26 00:00:00+00:00,127.68775954604035,127.95839892906139,125.53254537672684,125.95459422122933,125.95459422122933,7428385.0,sample,2026-09-24 19:05:19.757444+00:00
AMZN,2023-04-27 00:00:00+00:00,126.24305564225445,127.25977698285912,125.69188966732412,125.84601850301279,125.84601850301279,1780824.0,sample,2026-09-24 19:05:19.757444+00:00
AMZN,2023-04-28 00:00:00+00:00,125.86836265184029,126.02109913866333,124.52974046487518,125.60742196616457,125.60742196616457,14890331.0,sample,2026-09-24 19:05:19.757444+00:00
AMZN,2023-05-01 00:00:00+00:00,125.84667750323639,127.24442013830418,124.38780311044405,124.9049115365274,124.9049115365274,13421702.0,sample,2026-09-24 19:05:19.757444+00:00
AMZN,2023-05-02 00:00:00+00:00,125.12792910265345,128.87427444196672,123.82312208605639,127.76071418076168,127.76071418076168,6212067.0,sample,2026-09-24 19:05:19.757444+00:00
AMZN,2023-05-03 00:00:00+00:00,128.05260341012342,129.18712341355746,125.3503918667223,125.89932324212933,125.89932324212933,14762346.0,sample,2026-09-24 19:05:19.757444+00:00
AMZN,2023-05-04 00:00:00+00:00,125.6993523845071,127.19937310280224,124.36875647467444,127.02874531921887,127.02874531921887,10426729.0,sample,2026-09-24 19:05:19.757444+00:00
AMZN,2023-05-05 00:00:00+00:00,126.87899221434665,129.47529887485518,126.56905711580053,128.5847996548446,128.5847996548446,6737080.0,sample,2026-09-24 19:05:19.757444+00:00
AMZN,2023-05-08 00:00:00+00:00,128.68652485526584,130.92509307226578,127.45815900813577,130.00184159796197,130.00184159796197,14325463.0,sample,2026-09-24 19:05:19.757444+00:00
AMZN,2023-05-09 00:00:00+00:00,129.9739209116677,131.22027321903084,126.50504357044007,126.79745451944446,126.79745451944446,3319996.0,sample,2026-09-24 19:05:19.757444+00:00
AMZN,2023-05-10 00:00:00+00:00,126.50648219742239,129.91300324892754,125.79427546434445,129.09405891047498,129.09405891047498,17583140.0,sample,2026-09-24 19:05:19.757444+00:00
AMZN,2023-05-11 00:00:00+00:00,128.73733177672642,130.1359334623675,128.4705193645928,128.9041447405289,128.9041447405289,3246663.0,sample,2026-09-24 19:05:19.757444+00:00
AMZN,2023-05-12 00:00:00+00:00,129.36051344308817,134.47293660348393,129.03052432065255,133.49716483079976,133.49716483079976,8674173.0,sample,2026-09-24 19:05:19.757444+00:00
AMZN,2023-05-15 00:00:00+00:00,133.95340325603132,137.07964598202977,133.37942402342014,135.89330574523044,135.89330574523044,12404772.0,sample,2026-09-24 19:05:19.757444+00:00
AMZN,2023-05-16 00:00:00+00:00,136.1659757308849,138.4201731232483,134.72954068457125,137.27048703011098,137.27048703011098,5470247.0,sample,2026-09-24 19:05:19.757444+00:00
AMZN,2023-05-17 00:00:00+00:00,137.1631584058334,138.58060865982984,132.8504175128033,134.356132967833,134.356132967833,8199889.0,sample,2026-09-24 19:05:19.757444+00:00
AMZN,2023-05-18 00:00:00+00:00,134.04658552475158,141.32732851967523,133.6692226329298,141.04380657475463,141.04380657475463,15053563.0,sample,2026-09-24 19:05:19.757444+00:00
AMZN,2023-05-19 00:00:00+00:00,140.608176660955,142.90151068124035,139.18174444216106,141.3503692364405,141.3503692364405,2069886.0,sample,2026-09-24 19:05:19.757444+00:00
AMZN,2023-05-22 00:00:00+00:00,141.62099937587817,142.74188193815482,136.25233238485492,137.61719733741364,137.61719733741364,4299085.0,sample,2026-09-24 19:05:19.757444+00:00
AMZN,2023-05-23 00:00:00+00:00,137.44669864321065,139.79687760253742,135.98556568754495,138.23153859014275,138.23153859014275,11523684.0,sample,2026-09-24 19:05:19.757444+00:00
AMZN,2023-05-24 00:00:00+00:00,138.30803965303232,139.66476359966722,133.47030894474054,133.96309939447235,133.96309939447235,14222152.0,sample,2026-09-24 19:05:19.757444+00:00
AMZN,2023-05-25 00:00:00+00:00,134.3456701844131,135.35218231780362,131.97788148958773,133.00804311180946,133.00804311180946,8634504.0,sample,2026-09-24 19:05:19.757444+00:00
AMZN,2023-05-26 00:00:00+00:00,133.6501408335577,134.49910262372705,131.17814727305992,131.8270224963826,131.8270224963826,5245200.0,sample,2026-09-24 19:05:19.757444+00:00
AMZN,2023-05-29 00:00:00+00:00,132.11125430155056,136.5546628771362,130.64081544352828,134.97999880936635,134.97999880936635,2495449.0,sample,2026-09-24 19:05:19.757444+00:00
AMZN,2023-05-30 00:00:00+00:00,134.92787132284,136.1577512600032,133.93117197812006,135.07272382629503,135.07272382629503,10247469.0,sample,2026-09-24 19:05:19.757444+00:00
AMZN,2023-05-31 00:00:00+00:00,135.1423019844906,136.2443936982206,132.0689835911028,133.3890417520149,133.3890417520149,16227706.0,sample,2026-09-24 19:05:19.757444+00:00
AMZN,2023-06-01 00:00:00+00:00,133.1907128530151,134.36552061479682,132.041098551438,134.1208547798,134.1208547798,5710067.0,sample,2026-09-24 19:05:19.757444+00:00
AMZN,2023-06-02 00:00:00+00:00,133.89442371515761,134.91152789113534,129.2877806693618,130.3988227915304,130.3988227915304,1788568.0,sample,2026-09-24 19:05:19.757444+00:00
AMZN,2023-06-05 00:00:00+00:00,130.09388149437467,134.86546994895184,129.69607602322685,133.31031567261135,133.31031567261135,15375746.0,sample,2026-09-24 19:05:19.757444+00:00
AMZN,2023-06-06 00:00:00+00:00,133.0765327390344,135.47630013752632,132.47395590111861,134.01730874718234,134.01730874718234,6364325.0,sample,2026-09-24 19:05:19.757444+00:00
AMZN,2023-06-07 00:00:00+00:00,134.30906054627528,134.67135888006695,129.3026571906521,130.09313880262755,130.09313880262755,10197676.0,sample,2026-09-24 19:05:19.757444+00:00
AMZN,2023-06-08 00:00:00+00:00,129.51045580060523,130.66921512298035,126.80446997720419,127.46872919851798,127.46872919851798,7957216.0,sample,2026-09-24 19:05:19.757444+00:00
AMZN,2023-06-09 00:00:00+00:00,127.73069624013178,128.88289748370175,127.56079141791561,127.8631937932888,127.8631937932888,11240366.0,sample,2026-09-24 19:05:19.757444+00:00
AMZN,2023-06-12 00:00:00+00:00,127.40946564160329,133.60629640191692,126.71373216115136,133.19018294904293,133.19018294904293,13731837.0,sample,2026-09-24 19:05:19.757444+00:00
AMZN,2023-06-13 00:00:00+00:00,132.91368252880773,133.82072692155532,131.80768805865895,132.48730071469734,132.48730071469734,9393461.0,sample,2026-09-24 19:05:19.757444+00:00
AMZN,2023-06-14 00:00:00+00:00,132.7996145577796,134.37980268356023,131.84147309924867,133.05446119972183,133.05446119972183,6147140.0,sample,2026-09-24 19:05:19.757444+00:00
AMZN,2023-06-15 00:00:00+00:00,133.12397762132068,134.07378569196152,132.35640299851002,132.96979417168808,132.96979417168808,8254409.0,sample,2026-09-24 19:05:19.757444+00:00
AMZN,2023-06-16 00:00:00+00:00,133.10701510221503,134.78104455131086,131.9977428720975,134.23131033004654,134.23131033004654,3153706.0,sample,2026-09-24 19:05:19.757444+00:00
AMZN,2023-06-19 00:00:00+00:00,133.92468327966043,134.45153609574,132.4461698046533,132.91668145665273,132.91668145665273,8606892.0,sample,2026-09-24 19:05:19.757444+00:00
AMZN,2023-06-20 00:00:00+00:00,132.60250548141548,134.20895297930855,131.01864666845321,133.37450579151215,133.37450579151215,4253125.0,sample,2026-09-24 19:05:19.757444+00:00
AMZN,2023-06-21 00:00:00+00:00,133.18519839834883,134.4191082140117,132.1964372780031,133.53611767957238,133.53611767957238,12122925.0,sample,2026-09-24 19:05:19.757444+00:00
AMZN,2023-06-22 00:00:00+00:00,133.7191887519561,133.87741457260083,129.96187898985983,130.46016370936096,130.46016370936096,5214616.0,sample,2026-09-24 19:05:19.757444+00:00
AMZN,2023-06-23 00:00:00+00:00,130.33654194854495,135.32016333448192,129.51251775446596,134.52138735811752,134.52138735811752,6454465.0,sample,2026-09-24 19:05:19.757444+00:00
AMZN,2023-06-26 00:00:00+00:00,134.02654121970053,136.36924501775192,133.33537619144582,135.15819729567957,135.15819729567957,16649068.0,sample,2026-09-24 19:05:19.757444+00:00
AMZN,2023-06-27 00:00:00+00:00,135.02985172180544,135.17779963816525,132.2404441254252,132.39765003917807,132.39765003917807,8371380.0,sample,2026-09-24 19:05:19.757444+00:00
AMZN,2023-06-28 00:00:00+00:00,132.04550141168997,133.55620749653008,131.41891130897298,132.1741753859542,132.1741753859542,5881458.0,sample,2026-09-24 19:05:19.757444+00:00
AMZN,2023-06-29 00:00:00+00:00,131.88507772629578,132.39182556200598,129.5791968714522,130.28293640537817,130.28293640537817,9924218.0,sample,2026-09-24 19:05:19.757444+00:00
AMZN,2023-06-30 00:00:00+00:00,130.46747424083776,130.79572534281107,128.91490992935198,129.58470836189056,129.58470836189056,12949918.0,sample,2026-09-24 19:05:19.757444+00:00
AMZN,2023-07-03 00:00:00+00:00,129.63473926249267,132.87075509369666,128.9654627155275,131.31784650600022,131.31784650600022,17642888.0,sample,2026-09-24 19:05:19.757444+00:00
AMZN,2023-07-04 00:00:00+00:00,131.40319894763982,131.53596636069796,128.8331933898441,129.1469666976079,129.1469666976079,10036305.0,sample,2026-09-24 19:05:19.757444+00:00
AMZN,2023-07-05 00:00:00+00:00,129.62463831148014,130.50528873250911,121.66774770043733,121.81460643335396,121.81460643335396,3906984.0,sample,2026-09-24 19:05:19.757444+00:00
AMZN,2023-07-06 00:00:00+00:00,121.39557795506911,121.88157898673212,118.04573604149401,119.25746708696585,119.25746708696585,8724262.0,sample,2026-09-24 19:05:19.757444+00:00
AMZN,2023-07-07 00:00:00+00:00,119.2688901904803,121.63618801601221,118.80297891549651,120.35676989269506,120.35676989269506,8354538.0,sample,2026-09-24 19:05:19.757444+00:00
AMZN,2023-07-10 00:00:00+00:00,119.97253145152531,120.9486014533468,119.68865270784154,120.06994465776604,120.06994465776604,4615302.0,sample,2026-09-24 19:05:19.757444+00:00
AMZN,2023-07-11 00:00:00+00:00,120.17104677700699,126.31513982409935,118.89867178027392,125.70766725163027,125.70766725163027,6138269.0,sample,2026-09-24 19:05:19.757444+00:00
AMZN,2023-07-12 00:00:00+00:00,125.73290491508973,126.53971226742529,124.59144013777285,124.78010184300153,124.78010184300153,14195336.0,sample,2026-09-24 19:05:19.757444+00:00
AMZN,2023-07-13 00:00:00+00:00,124.89519547137789,126.56778385758038,123.82284220319877,126.17363016309326,126.17363016309326,15788988.0,sample,2026-09-24 19:05:19.757444+00:00
AMZN,2023-07-14 00:00:00+00:00,125.9287933717272,127.64527750236634,125.49146043039217,126.47665970529502,126.47665970529502,4290853.0,sample,2026-09-24 19:05:19.757444+00:00
AMZN,2023-07-17 00:00:00+00:00,126.49498393517537,127.55090589685445,125.7021299226587,127.05349877705154,127.05349877705154,10679435.0,sample,2026-09-24 19:05:19.757444+00:00
AMZN,2023-07-18 00:00:00+00:00,126.48088723953535,127.84274157877394,124.7724967547547,125.99279125742287,125.99279125742287,14064264.0,sample,2026-09-24 19:05:19.757444+00:00
AMZN,2023-07-19 00:00:00+00:00,126.45889994834558,129.73623008269215,125.68443949757052,129.05580728390692,129.05580728390692,12750103.0,sample,2026-09-24 19:05:19.757444+00:00
AMZN,2023-07-20 00:00:00+00:00,129.10738376129686,129.82185549720182,128.34172013460005,128.50107878726948,128.50107878726948,13535129.0,sample,2026-09-24 19:05:19.757444+00:00
AMZN,2023-07-21 00:00:00+00:00,128.64691640667004,130.978083660326,128.50701855552165,129.64722605465383,129.64722605465383,13883450.0,sample,2026-09-24 19:05:19.757444+00:00
AMZN,2023-07-24 00:00:00+00:00,129.9262975767774,131.6280409723915,129.14696956060504,130.35992772133065,130.35992772133065,13094049.0,sample,2026-09-24 19:05:19.757444+00:00
AMZN,2023-07-25 00:00:00+00:00,130.23511647165606,131.7878673188635,129.44470027432234,131.38927072571445,131.38927072571445,16692352.0,sample,2026-09-24 19:05:19.757444+00:00
AMZN,2023-07-26 00:00:00+00:00,131.49314138226316,134.2726183139711,130.38026569582314,133.9168676885672,133.9168676885672,16721472.0,sample,2026-09-24 19:05:19.757444+00:00
AMZN,2023-07-27 00:00:00+00:00,134.2393720471338,137.66980095046645,133.52764007990808,136.11798218618338,136.11798218618338,16357542.0,sample,2026-09-24 19:05:19.757444+00:00
AMZN,2023-07-28 00:00:00+00:00,136.0315771213514,137.6255180836301,135.85694366310378,136.24373210735007,136.24373210735007,15842129.0,sample,2026-09-24 19:05:19.757444+00:00
AMZN,2023-07-31 00:00:00+00:00,136.82728206624475,137.4510151738434,135.0387792731875,135.89466771210633,135.89466771210633,13158973.0,sample,2026-09-24 19:05:19.757444+00:00
AMZN,2023-08-01 00:00:00+00:00,135.80255806701823,140.35777083293522,134.32796262169558,138.8307172358695,138.8307172358695,9759242.0,sample,2026-09-24 19:05:19.757444+00:00
AMZN,2023-08-02 00:00:00+00:00,138.72572800772764,139.35311525148165,136.43121082391093,137.92091890447756,137.92091890447756,3988767.0,sample,2026-09-24 19:05:19.757444+00:00
AMZN,2023-08-03 00:00:00+00:00,138.02313147113043,138.42217173726013,136.91347614859086,138.2053499482548,138.2053499482548,5823239.0,sample,2026-09-24 19:05:19.757444+00:00
AMZN,2023-08-04 00:00:00+00:00,138.2900439049521,138.75260355302697,137.19825778335596,137.70064869515875,137.70064869515875,15384510.0,sample,2026-09-24 19:05:19.757444+00:00
AMZN,2023-08-07 00:00:00+00:00,137.9889391088166,139.49599980654534,137.15150740150878,139.0429566712857,139.0429566712857,1856106.0,sample,2026-09-24 19:05:19.757444+00:00
AMZN,2023-08-08 00:00:00+00:00,139.30807024203094,139.62444895364098,137.06289983078247,137.40384855780997,137.40384855780997,10066538.0,sample,2026-09-24 19:05:19.757444+00:00
AMZN,2023-08-09 00:00:00+00:00,137.4556132424568,139.0083978323567,133.67616635979724,134.4798890134818,134.4798890134818,17424618.0,sample,2026-09-24 19:05:19.757444+00:00
AMZN,2023-08-10 00:00:00+00:00,134.5284104720915,135.77981350599177,134.01502285039345,134.80846654193874,134.80846654193874,14149102.0,sample,2026-09-24 19:05:19.757444+00:00
AMZN,2023-08-11 00:00:00+00:00,135.23268630557618,136.66028357120925,132.9327330477147,134.0981690723678,134.0981690723678,6063298.0,sample,2026-09-24 19:05:19.757444+00:00
AMZN,2023-08-14 00:00:00+00:00,133.91209795208252,134.80295566254733,132.46645543509624,134.06567082120316,134.06567082120316,13293747.0,sample,2026-09-24 19:05:19.757444+00:00
AMZN,2023-08-15 00:00:00+00:00,134.270406085395,135.448889889152,130.29707135410536,131.5979456163077,131.5979456163077,2460595.0,sample,2026-09-24 19:05:19.757444+00:00
AMZN,2023-08-16 00:00:00+00:00,131.41131949668667,134.96250189309205,130.14425884956785,133.39761588673505,133.39761588673505,16871388.0,sample,2026-09-24 19:05:19.757444+00:00
AMZN,2023-08-17 00:00:00+00:00,133.6683424857111,134.36645783275645,130.82553656594285,131.0810937820551,131.0810937820551,2587508.0,sample,2026-09-24 19:05:19.757444+00:00
AMZN,2023-08-18 00:00:00+00:00,131.41554464315007,132.84220861499483,127.6445244521964,128.66309143586636,128.66309143586636,4839100.0,sample,2026-09-24 19:05:19.757444+00:00
AMZN,2023-08-21 00:00:00+00:00,128.94761873642955,129.71628564810834,128.49612026970865,129.20088679448352,129.20088679448352,14113835.0,sample,2026-09-24 19:05:19.757444+00:00
AMZN,2023-08-22 00:00:00+00:00,129.09971753286393,129.63750683234622,125.03722294790248,125.42086099234628,125.42086099234628,16542051.0,sample,2026-09-24 19:05:19.757444+00:00
AMZN,2023-08-23 00:00:00+00:00,125.14411441138658,126.65071323183977,124.4457411859246,126.29481029655715,126.29481029655715,3830655.0,sample,2026-09-24 19:05:19.757444+00:00
AMZN,2023-08-24 00:00:00+00:00,126.16933492018232,129.55359026418344,125.11909964030403,128.64133244461112,128.64133244461112,14994905.0,sample,2026-09-24 19:05:19.757444+00:00
AMZN,2023-08-25 00:00:00+00:00,128.7248169253306,129.5500955054208,127.52033666432484,128.44024994721113,128.44024994721113,15894420.0,sample,2026-09-24 19:05:19.757444+00:00
AMZN,2023-08-28 00:00:00+00:00,128.21337838208007,130.1659258331818,127.09975818453896,129.32351035420479,129.32351035420479,11992775.0,sample,2026-09-24 19:05:19.757444+00:00
AMZN,2023-08-29 00:00:00+00:00,129.52107489337055,132.67178438982066,128.03444758122046,131.19470491446518,131.19470491446518,14922738.0,sample,2026-09-24 19:05:19.757444+00:00
AMZN,2023-08-30 00:00:00+00:00,131.19158417295543,132.00163553001804,127.6271174212587,128.23952144991227,128.23952144991227,14921545.0,sample,2026-09-24 19:05:19.757444+00:00
AMZN,2023-08-31 00:00:00+00:00,128.73935118611624,130.87532955753713,127.766233837916,130.46770840886427,130.46770840886427,2414397.0,sample,2026-09-24 19:05:19.757444+00:00
AMZN,2023-09-01 00:00:00+00:00,130.41246286701463,133.6765312199713,129.65948496598833,133.28142090216744,133.28142090216744,13289372.0,sample,2026-09-24 19:05:19.757444+00:00
AMZN,2023-09-04 00:00:00+00:00,133.2800625303796,134.18897443743597,132.57777186785935,133.86998846141782,133.86998846141782,4891592.0,sample,2026-09-24 19:05:19.757444+00:00
AMZN,2023-09-05 00:00:00+00:00,133.85464417159366,135.17858702285164,132.124796416515,132.94239196861426,132.94239196861426,10375802.0,sample,2026-09-24 19:05:19.757444+00:00
AMZN,2023-09-06 00:00:00+00:00,132.79385142177506,133.21567948472963,129.49437316528665,130.7541454181985,130.7541454181985,10307433.0,sample,2026-09-24 19:05:19.757444+00:00
AMZN,2023-09-07 00:00:00+00:00,131.11089971060258,134.91311824227375,129.58195066218525,133.95841933053802,133.95841933053802,5197446.0,sample,2026-09-24 19:05:19.757444+00:00
AMZN,2023-09-08 00:00:00+00:00,133.9064858523988,135.11443300241342,132.83254899377667,133.31011611080876,133.31011611080876,11776525.0,sample,2026-09-24 19:05:19.757444+00:00
AMZN,2023-09-11 00:00:00+00:00,133.29351756835828,134.97660155563693,132.74187490252723,133.4445092681096,133.4445092681096,4867606.0,sample,2026-09-24 19:05:19.757444+00:00
AMZN,2023-09-12 00:00:00+00:00,133.02226518894975,134.94495453878275,132.19882534328806,133.96085434456077,133.96085434456077,8959933.0,sample,2026-09-24 19:05:19.757444+00:00
AMZN,2023-09-13 00:00:00+00:00,134.1947070262329,135.98957695830035,132.7998784397366,135.7516636530338,135.7516636530338,12624421.0,sample,2026-09-24 19:05:19.757444+00:00
AMZN,2023-09-14 00:00:00+00:00,136.11727199857592,136.45910069631032,132.06246117898388,133.40099862985738,133.40099862985738,15704888.0,sample,2026-09-24 19:05:19.757444+00:00
AMZN,2023-09-15 00:00:00+00:00,133.35502844215992,134.17928437124252,131.72162768194977,133.07471189957457,133.07471189957457,1702435.0,sample,2026-09-24 19:05:19.757444+00:00
AMZN,2023-09-18 00:00:00+00:00,132.98414905442328,136.00556186925428,132.50561698616946,135.7985624931932,135.7985624931932,7812649.0,sample,2026-09-24 19:05:19.757444+00:00
AMZN,2023-09-19 00:00:00+00:00,135.7272998782292,137.09828745173098,129.35982091490786,130.66055874378074,130.66055874378074,17063435.0,sample,2026-09-24 19:05:19.757444+00:00
AMZN,2023-09-20 00:00:00+00:00,130.58450705743272,131.74836179740367,128.2139978625582,129.51337024785656,129.51337024785656,9950881.0,sample,2026-09-24 19:05:19.757444+00:00
AMZN,2023-09-21 00:00:00+00:00,129.58913570524803,130.75687593239948,127.18087489118484,127.44390077308958,127.44390077308958,16547377.0,sample,2026-09-24 19:05:19.757444+00:00
AMZN,2023-09-22 00:00:00+00:00,127.30871792265796,130.43703770035762,126.60536154409272,129.93409847257328,129.93409847257328,8969848.0,sample,2026-09-24 19:05:19.757444+00:00
AMZN,2023-09-25 00:00:00+00:00,130.05648882073046,131.9831351424168,128.82730623356858,130.84059537943227,130.84059537943227,12785240.0,sample,2026-09-24 19:05:19.757444+00:00
AMZN,2023-09-26 00:00:00+00:00,130.92147723817362,132.01056454571415,128.8982220288918,129.45499661401266,129.45499661401266,10772795.0,sample,2026-09-24 19:05:19.757444+00:00
AMZN,2023-09-27 00:00:00+00:00,129.01395585224006,132.16764071973674,127.91494620234394,130.65578808831557,130.65578808831557,17704813.0,sample,2026-09-24 19:05:19.757444+00:00
AMZN,2023-09-28 00:00:00+00:00,130.9095357233877,133.56461553472184,130.3870773497267,132.3194509357246,132.3194509357246,11416010.0,sample,2026-09-24 19:05:19.757444+00:00
AMZN,2023-09-29 00:00:00+00:00,132.63635862758457,133.50321160376262,130.20773309666419,130.808141382066,130.808141382066,13974433.0,sample,2026-09-24 19:05:19.757444+00:00
AMZN,2023-10-02 00:00:00+00:00,130.85872902213134,135.00034375120583,130.61458429266725,133.49270161998686,133.49270161998686,7810916.0,sample,2026-09-24 19:05:19.757444+00:00
AMZN,2023-10-03 00:00:00+00:00,133.51908916068706,133.73697790577307,130.69674392099537,131.18928196156094,131.18928196156094,2414270.0,sample,2026-09-24 19:05:19.757444+00:00
AMZN,2023-10-04 00:00:00+00:00,130.54463808390162,132.78808819896307,130.0079267374213,131.22055763023906,131.22055763023906,13304214.0,sample,2026-09-24 19:05:19.757444+00:00
AMZN,2023-10-05 00:00:00+00:00,131.40908384451237,131.60882412052905,130.33422958944607,131.0688654872756,131.0688654872756,2239879.0,sample,2026-09-24 19:05:19.757444+00:00
AMZN,2023-10-06 00:00:00+00:00,131.59069341796854,134.23704520063765,130.20852695444503,132.72277260453333,132.72277260453333,3950826.0,sample,2026-09-24 19:05:19.757444+00:00
AMZN,2023-10-09 00:00:00+00:00,132.7772715070876,134.9192463901946,132.0798752884125,133.82512930823518,133.82512930823518,2713847.0,sample,2026-09-24 19:05:19.757444+00:00
AMZN,2023-10-10 00:00:00+00:00,134.1273143589605,138.10870353908314,132.56307460010615,136.9215398755743,136.9215398755743,12338145.0,sample,2026-09-24 19:05:19.757444+00:00
AMZN,2023-10-11 00:00:00+00:00,137.1694256593488,138.44437102113383,136.14599770691717,137.57021976061841,137.57021976061841,13402607.0,sample,2026-09-24 19:05:19.757444+00:00
AMZN,2023-10-12 00:00:00+00:00,137.4618737730856,137.6992220885303,136.13949693107233,136.73693908696023,136.73693908696023,2498314.0,sample,2026-09-24 19:05:19.757444+00:00
AMZN,2023-10-13 00:00:00+00:00,136.54339891506234,136.9461210082829,134.19376458869607,135.2253473252802,135.2253473252802,8853483.0,sample,2026-09-24 19:05:19.757444+00:00
AMZN,2023-10-16 00:00:00+00:00,135.25265309068408,135.79425916772584,133.08970700268563,134.19154836917133,134.19154836917133,5622848.0,sample,2026-09-24 19:05:19.757444+00:00
AMZN,2023-10-17 00:00:00+00:00,134.1154241999859,136.90866809113587,133.0894031676509,136.71084841487047,136.71084841487047,4779067.0,sample,2026-09-24 19:05:19.757444+00:00
AMZN,2023-10-18 00:00:00+00:00,136.7385432833608,137.59980390751713,135.6240731588647,136.1421223220422,136.1421223220422,16168041.0,sample,2026-09-24 19:05:19.757444+00:00
AMZN,2023-10-19 00:00:00+00:00,136.50203157119452,140.2281930243766,136.09715959395336,138.98647209098846,138.98647209098846,12238304.0,sample,2026-09-24 19:05:19.757444+00:00
AMZN,2023-10-20 00:00:00+00:00,139.1870034040215,140.1756328856285,138.84426518323468,139.41555087021356,139.41555087021356,13943919.0,sample,2026-09-24 19:05:19.757444+00:00
AMZN,2023-10-23 00:00:00+00:00,139.90649185473316,140.75687990121548,136.7051513706308,137.32255263532772,137.32255263532772,10556060.0,sample,2026-09-24 19:05:19.757444+00:00
AMZN,2023-10-24 00:00:00+00:00,136.98434990117545,137.97548769808142,136.5874475672972,137.04790439131574,137.04790439131574,6412608.0,sample,2026-09-24 19:05:19.757444+00:00
AMZN,2023-10-25 00:00:00+00:00,136.97205469257918,138.98169240752614,135.72275963653234,137.5660745925897,137.5660745925897,16337813.0,sample,2026-09-24 19:05:19.757444+00:00
AMZN,2023-10-26 00:00:00+00:00,137.5314216993972,140.74180371668731,137.34437719206997,139.62888199291496,139.62888199291496,13325342.0,sample,2026-09-24 19:05:19.757444+00:00
AMZN,2023-10-27 00:00:00+00:00,139.86002764056818,141.35667529506273,135.76048263231442,136.22881265968542,136.22881265968542,7340127.0,sample,2026-09-24 19:05:19.757444+00:00
AMZN,2023-10-30 00:00:00+00:00,136.2779708174691,136.52645199456936,135.4500574634165,136.3836454536622,136.3836454536622,5797448.0,sample,2026-09-24 19:05:19.757444+00:00
AMZN,2023-10-31 00:00:00+00:00,136.75010195407324,138.0209057823559,132.8751650155014,133.58280679217808,133.58280679217808,14789148.0,sample,2026-09-24 19:05:19.757444+00:00
AMZN,2023-11-01 00:00:00+00:00,133.9324512844823,134.7724629781868,131.53251072282598,132.92918252526184,132.92918252526184,5546265.0,sample,2026-09-24 19:05:19.757444+00:00
AMZN,2023-11-02 00:00:00+00:00,132.58235900672227,133.2219986035504,130.88697232377672,131.14556033658542,131.14556033658542,13217140.0,sample,2026-09-24 19:05:19.757444+00:00
AMZN,2023-11-03 00:00:00+00:00,131.189529388926,135.59404943371257,130.49460730722478,134.62809046318773,134.62809046318773,11563515.0,sample,2026-09-24 19:05:19.757444+00:00
AMZN,2023-11-06 00:00:00+00:00,134.68556873709895,134.84969091707978,130.15268393104944,131.56518365571796,131.56518365571796,4603343.0,sample,2026-09-24 19:05:19.757444+00:00
AMZN,2023-11-07 00:00:00+00:00,131.64563774982153,132.70979113596658,130.97482851706118,132.24321742483465,132.24321742483465,2934914.0,sample,2026-09-24 19:05:19.757444+00:00
AMZN,2023-11-08 00:00:00+00:00,131.94704319267646,132.3994276928731,130.84742505031403,131.41796433374637,131.41796433374637,8853244.0,sample,2026-09-24 19:05:19.757444+00:00
AMZN,2023-11-09 00:00:00+00:00,131.38647771008945,133.0112288984132,129.98291996838512,132.2868876983359,132.2868876983359,11733410.0,sample,2026-09-24 19:05:19.757444+00:00
AMZN,2023-11-10 00:00:00+00:00,132.25302451000056,136.30592102781847,131.19845424031163,135.67376909171483,135.67376909171483,14138642.0,sample,2026-09-24 19:05:19.757444+00:00
AMZN,2023-11-13 00:00:00+00:00,135.5262909528502,137.81410423085597,134.50856281308975,137.2382298022553,137.2382298022553,16027563.0,sample,2026-09-24 19:05:19.757444+00:00
AMZN,2023-11-14 00:00:00+00:00,136.8799005695161,138.46580404006963,135.84348075986426,136.53750924422513,136.53750924422513,16271721.0,sample,2026-09-24 19:05:19.757444+00:00
AMZN,2023-11-15 00:00:00+00:00,137.06318256559655,138.51734057327081,135.58727610833148,138.2276244527499,138.2276244527499,2771944.0,sample,2026-09-24 19:05:19.757444+00:00
AMZN,2023-11-16 00:00:00+00:00,138.5798834055442,142.1634303053374,137.1169226399818,140.62987624941042,140.62987624941042,3268784.0,sample,2026-09-24 19:05:19.757444+00:00
AMZN,2023-11-17 00:00:00+00:00,140.7076990344374,142.58921224264867,139.223739406853,141.84919061612746,141.84919061612746,14479303.0,sample,2026-09-24 19:05:19.757444+00:00
AMZN,2023-11-20 00:00:00+00:00,142.06937576771412,142.84573545146256,136.587501682748,136.85410151157447,136.85410151157447,10936921.0,sample,2026-09-24 19:05:19.757444+00:00
AMZN,2023-11-21 00:00:00+00:00,137.0671287695406,137.90885120331814,135.6969765668652,136.66937689810075,136.66937689810075,13035862.0,sample,2026-09-24 19:05:19.757444+00:00
AMZN,2023-11-22 00:00:00+00:00,136.74147101193898,137.17607714697883,135.12404878620822,135.5788571360152,135.5788571360152,14206685.0,sample,2026-09-24 19:05:19.757444+00:00
AMZN,2023-11-23 00:00:00+00:00,135.48247632651066,136.10590823789067,130.38404072970565,131.68107063206264,131.68107063206264,17951233.0,sample,2026-09-24 19:05:19.757444+00:00
AMZN,2023-11-24 00:00:00+00:00,132.12072451881644,137.17956749933927,130.87724506515121,136.3106554603992,136.3106554603992,13910427.0,sample,2026-09-24 19:05:19.757444+00:00
AMZN,2023-11-27 00:00:00+00:00,135.8820625017585,139.0982152564504,135.28120275497253,137.48788141989786,137.48788141989786,11056331.0,sample,2026-09-24 19:05:19.757444+00:00
AMZN,2023-11-28 00:00:00+00:00,137.28571853971505,139.130436958252,135.89159244778995,138.73670402407342,138.73670402407342,8573312.0,sample,2026-09-24 19:05:19.757444+00:00
AMZN,2023-11-29 00:00:00+00:00,139.16858337999946,140.66633333416053,132.91896924049146,133.549817480728,133.549817480728,8282035.0,sample,2026-09-24 19:05:19.757444+00:00
AMZN,2023-11-30 00:00:00+00:00,133.41069373366247,134.94400290439265,129.06491021536232,129.43573804376518,129.43573804376518,17999658.0,sample,2026-09-24 19:05:19.757444+00:00
AMZN,2023-12-01 00:00:00+00:00,129.09152379495865,131.3226689167255,128.9484145505591,130.64974375071054,130.64974375071054,14221266.0,sample,2026-09-24 19:05:19.757444+00:00
AMZN,2023-12-04 00:00:00+00:00,130.73020945307994,131.15951691823852,128.3743506508537,128.7147967948909,128.7147967948909,10180503.0,sample,2026-09-24 19:05:19.757444+00:00
AMZN,2023-12-05 00:00:00+00:00,128.94213829959494,131.5457568879571,128.00770754453436,130.56129830958653,130.56129830958653,8925077.0,sample,2026-09-24 19:05:19.757444+00:00
AMZN,2023-12-06 00:00:00+00:00,130.69113659149997,135.45875247430777,129.64828346267393,133.95185600229271,133.95185600229271,2059442.0,sample,2026-09-24 19:05:19.757444+00:00
AMZN,2023-12-07 00:00:00+00:00,133.55527081741343,134.61692496382955,129.11678432078287,130.14367804057028,130.14367804057028,8267844.0,sample,2026-09-24 19:05:19.757444+00:00
AMZN,2023-12-08 00:00:00+00:00,130.34508330309413,133.16725594357868,129.18746572800802,131.75306952586078,131.75306952586078,7161218.0,sample,2026-09-24 19:05:19.757444+00:00
AMZN,2023-12-11 00:00:00+00:00,131.49994925505086,132.6912008910509,129.63142635164823,131.08728252738032,131.08728252738032,12453531.0,sample,2026-09-24 19:05:19.757444+00:00
AMZN,2023-12-12 00:00:00+00:00,131.3435343232672,132.26474376362287,129.51907078112862,130.91694458144536,130.91694458144536,2771152.0,sample,2026-09-24 19:05:19.757444+00:00
AMZN,2023-12-13 00:00:00+00:00,130.8751709171199,132.38336083827093,129.3669582730956,129.55546027564566,129.55546027564566,10151552.0,sample,2026-09-24 19:05:19.757444+00:00
AMZN,2023-12-14 00:00:00+00:00,129.67864343198278,130.3733521553055,125.03487511282601,126.21818916447124,126.21818916447124,13946574.0,sample,2026-09-24 19:05:19.757444+00:00
AMZN,2023-12-15 00:00:00+00:00,125.81916297328414,127.62103585759397,124.82304124779166,126.38843987122635,126.38843987122635,10769536.0,sample,2026-09-24 19:05:19.757444+00:00
AMZN,2023-12-18 00:00:00+00:00,126.12524988342778,127.55872807054826,124.32799909199348,125.79078187954522,125.79078187954522,17321933.0,sample,2026-09-24 19:05:19.757444+00:00
AMZN,2023-12-19 00:00:00+00:00,125.78638389384948,129.0269192196377,124.57593239739741,127.6276398733619,127.6276398733619,11525950.0,sample,2026-09-24 19:05:19.757444+00:00
AMZN,2023-12-20 00:00:00+00:00,127.45572839452602,130.07477348809246,126.1961043774826,129.86459929400527,129.86459929400527,11022509.0,sample,2026-09-24 19:05:19.757444+00:00
AMZN,2023-12-21 00:00:00+00:00,129.95539771418447,135.35444787196104,129.34564979628465,134.7650558868527,134.7650558868527,8666094.0,sample,2026-09-24 19:05:19.757444+00:00
AMZN,2023-12-22 00:00:00+00:00,134.86781191086766,136.09254209494364,131.02246096963307,131.58628552885938,131.58628552885938,8772526.0,sample,2026-09-24 19:05:19.757444+00:00
AMZN,2023-12-25 00:00:00+00:00,131.37206621870038,134.62073099384472,130.37964219674708,133.15821754250413,133.15821754250413,12402980.0,sample,2026-09-24 19:05:19.757444+00:00
AMZN,2023-12-26 00:00:00+00:00,132.56026924585777,139.316644192932,132.19932213652402,138.27111462749298,138.27111462749298,7163009.0,sample,2026-09-24 19:05:19.757444+00:00
AMZN,2023-12-27 00:00:00+00:00,137.5815699896798,142.4750601559676,136.64251083006548,141.68351189780506,141.68351189780506,13553895.0,sample,2026-09-24 19:05:19.757444+00:00
AMZN,2023-12-28 00:00:00+00:00,141.49586451681446,145.1561685242789,140.009397625225,145.00549328418086,145.00549328418086,10823097.0,sample,2026-09-24 19:05:19.757444+00:00
AMZN,2023-12-29 00:00:00+00:00,144.8914923717504,147.15057830429143,144.02683328367522,146.89735877630156,146.89735877630156,2711149.0,sample,2026-09-24 19:05:19.757444+00:00
AMZN,2024-01-01 00:00:00+00:00,146.6922611654793,147.2111815868761,144.9780690153352,146.1559744235481,146.1559744235481,5746354.0,sample,2026-09-24 19:05:19.757444+00:00
AMZN,2024-01-02 00:00:00+00:00,146.55833812312835,147.28942936110533,145.1190651249256,145.57321160214642,145.57321160214642,5364201.0,sample,2026-09-24 19:05:19.757444+00:00
AMZN,2024-01-03 00:00:00+00:00,145.3643503960169,148.78497359939792,145.1574767395788,148.46665288986082,148.46665288986082,3636298.0,sample,2026-09-24 19:05:19.757444+00:00
AMZN,2024-01-04 00:00:00+00:00,148.06568789975856,149.65369414179574,141.88283563034014,142.90257826209915,142.90257826209915,17522247.0,sample,2026-09-24 19:05:19.757444+00:00
AMZN,2024-01-05 00:00:00+00:00,143.14333215246407,143.767201199015,142.05117124104513,143.12821765075137,143.12821765075137,5398683.0,sample,2026-09-24 19:05:19.757444+00:00
AMZN,2024-01-08 00:00:00+00:00,143.11038436611588,144.32016322509506,140.48986231846496,141.52107618466886,141.52107618466886,3597828.0,sample,2026-09-24 19:05:19.757444+00:00
AMZN,2024-01-09 00:00:00+00:00,141.1729437482707,142.5863668603739,139.61282064179264,141.41307507550968,141.41307507550968,6367532.0,sample,2026-09-24 19:05:19.757444+00:00
AMZN,2024-01-10 00:00:00+00:00,141.1558549516842,141.78936417436356,138.66112064753872,139.5586266574794,139.5586266574794,6944639.0,sample,2026-09-24 19:05:19.757444+00:00
AMZN,2024-01-11 00:00:00+00:00,139.57197863799385,141.4548316429877,139.04988647809841,140.91967864762805,140.91967864762805,4292836.0,sample,2026-09-24 19:05:19.757444+00:00
AMZN,2024-01-12 00:00:00+00:00,140.80886373171393,142.15089188772993,136.74554180306993,137.57219888278607,137.57219888278607,13764506.0,sample,2026-09-24 19:05:19.757444+00:00
AMZN,2024-01-15 00:00:00+00:00,138.09095006840604,139.8774782549825,137.7982177318381,138.6273351206284,138.6273351206284,15463957.0,sample,2026-09-24 19:05:19.757444+00:00
AMZN,2024-01-16 00:00:00+00:00,138.7544075040666,140.00662060217596,137.06901284619397,137.24008483649266,137.24008483649266,1789105.0,sample,2026-09-24 19:05:19.757444+00:00
AMZN,2024-01-17 00:00:00+00:00,137.1215545218429,138.46673349003132,133.52816287201014,134.58234204262368,134.58234204262368,6282476.0,sample,2026-09-24 19:05:19.757444+00:00
AMZN,2024-01-18 00:00:00+00:00,134.66511444994327,137.63650742753438,134.4781093650783,137.37107390593437,137.37107390593437,8526409.0,sample,2026-09-24 19:05:19.757444+00:00
AMZN,2024-01-19 00:00:00+00:00,137.88994690427603,139.78464258042038,137.55089823952875,138.14689176905492,138.14689176905492,13382553.0,sample,2026-09-24 19:05:19.757444+00:00
AMZN,2024-01-22 00:00:00+00:00,137.88299530250583,138.38675280867818,136.50398546979474,137.75112158905415,137.75112158905415,5902815.0,sample,2026-09-24 19:05:19.757444+00:00
AMZN,2024-01-23 00:00:00+00:00,137.6766692866005,139.12833811359368,133.391737471053,134.86286403302435,134.86286403302435,2756619.0,sample,2026-09-24 19:05:19.757444+00:00
AMZN,2024-01-24 00:00:00+00:00,134.69395790164165,135.4807468733965,132.75408397853323,133.5463162310513,133.5463162310513,14048568.0,sample,2026-09-24 19:05:19.757444+00:00
AMZN,2024-01-25 00:00:00+00:00,133.53549101172706,134.61702233623978,132.15070127606933,133.80602864462244,133.80602864462244,10032425.0,sample,2026-09-24 19:05:19.757444+00:00
AMZN,2024-01-26 00:00:00+00:00,134.1678700491498,135.6731846594007,131.02159321207796,131.54886168484148,131.54886168484148,8292690.0,sample,2026-09-24 19:05:19.757444+00:00
AMZN,2024-01-29 00:00:00+00:00,131.55641460997856,132.71001466634473,130.3031118426082,131.76031044619816,131.76031044619816,13860907.0,sample,2026-09-24 19:05:19.757444+00:00
AMZN,2024-01-30 00:00:00+00:00,132.28433155527964,133.10890888150806,127.7094650729277,128.54943117843607,128.54943117843607,9774786.0,sample,2026-09-24 19:05:19.757444+00:00
AMZN,2024-01-31 00:00:00+00:00,128.82028268533068,132.58922012529422,128.57192106383403,131.3895146810811,131.3895146810811,5759498.0,sample,2026-09-24 19:05:19.757444+00:00
AMZN,2024-02-01 00:00:00+00:00,131.2611571881368,132.67318679662608,128.13046609108343,128.50144421460865,128.50144421460865,17886311.0,sample,2026-09-24 19:05:19.757444+00:00
AMZN,2024-02-02 00:00:00+00:00,128.52374566373953,131.44594060931053,127.30233597718663,130.20263542427602,130.20263542427602,15899007.0,sample,2026-09-24 19:05:19.757444+00:00
AMZN,2024-02-05 00:00:00+00:00,130.502345827554,131.50227333073383,125.29821603172789,125.52179452083145,125.52179452083145,3814214.0,sample,2026-09-24 19:05:19.757444+00:00
AMZN,2024-02-06 00:00:00+00:00,125.54585654525631,126.86655993270911,124.3097130538894,125.32978231351524,125.32978231351524,6883639.0,sample,2026-09-24 19:05:19.757444+00:00
AMZN,2024-02-07 00:00:00+00:00,124.98196689563478,127.15261734797357,124.28403205825785,126.1350396103928,126.1350396103928,9964312.0,sample,2026-09-24 19:05:19.757444+00:00
AMZN,2024-02-08 00:00:00+00:00,126.01449038497013,130.73628147701282,125.4141486717571,130.04535554749506,130.04535554749506,11455506.0,sample,2026-09-24 19:05:19.757444+00:00
AMZN,2024-02-09 00:00:00+00:00,130.5825068769721,131.60732194161844,128.59825986411502,129.6235379551317,129.6235379551317,4025212.0,sample,2026-09-24 19:05:19.757444+00:00
AMZN,2024-02-12 00:00:00+00:00,129.60979276506512,134.8718426159152,128.18629532696127,134.19804319835487,134.19804319835487,7824873.0,sample,2026-09-24 19:05:19.757444+00:00
AMZN,2024-02-13 00:00:00+00:00,134.3696067177819,136.20615661761036,133.74439851644132,135.81189479685244,135.81189479685244,9328363.0,sample,2026-09-24 19:05:19.757444+00:00
AMZN,2024-02-14 00:00:00+00:00,135.7925456620256,138.68671579539014,134.7607758446064,137.74945050268167,137.74945050268167,2675532.0,sample,2026-09-24 19:05:19.757444+00:00
AMZN,2024-02-15 00:00:00+00:00,137.5308306014859,139.01174887278205,135.38857330313897,136.5448680606317,136.5448680606317,5098609.0,sample,2026-09-24 19:05:19.757444+00:00
AMZN,2024-02-16 00:00:00+00:00,136.64766527347933,138.62948523454338,135.86017274119055,137.3466053521315,137.3466053521315,2433179.0,sample,2026-09-24 19:05:19.757444+00:00
AMZN,2024-02-19 00:00:00+00:00,137.01537959245718,138.61605899130598,134.72739461930354,135.78998990701027,135.78998990701027,2777155.0,sample,2026-09-24 19:05:19.757444+00:00
AMZN,2024-02-20 00:00:00+00:00,136.47995984322674,138.11760103749228,135.78555315157007,136.648099926264,136.648099926264,14784841.0,sample,2026-09-24 19:05:19.757444+00:00
AMZN,2024-02-21 00:00:00+00:00,136.69310974562578,137.27191342449254,135.83047670377061,137.12983205056935,137.12983205056935,4308491.0,sample,2026-09-24 19:05:19.757444+00:00
AMZN,2024-02-22 00:00:00+00:00,137.10420409528498,138.44351591128495,135.52417666743958,136.77652215679447,136.77652215679447,10963680.0,sample,2026-09-24 19:05:19.757444+00:00
AMZN,2024-02-23 00:00:00+00:00,136.60886402323501,138.04611062212348,132.1795467042833,133.1775666608266,133.1775666608266,6049453.0,sample,2026-09-24 19:05:19.757444+00:00
AMZN,2024-02-26 00:00:00+00:00,133.31076844449427,134.58979208591748,133.02845902356552,133.80704241291855,133.80704241291855,8063965.0,sample,2026-09-24 19:05:19.757444+00:00
AMZN,2024-02-27 00:00:00+00:00,134.29298898116954,135.26290032606852,130.64444834608832,131.58468436004148,131.58468436004148,15736387.0,sample,2026-09-24 19:05:19.757444+00:00
AMZN,2024-02-28 00:00:00+00:00,131.5843320647978,132.33613132828162,129.53422306590443,131.03733026766696,131.03733026766696,5346903.0,sample,2026-09-24 19:05:19.757444+00:00
AMZN,2024-02-29 00:00:00+00:00,131.44755546450642,132.2154138185404,131.1599448187668,132.050711592946,132.050711592946,13272046.0,sample,2026-09-24 19:05:19.757444+00:00
AMZN,2024-03-01 00:00:00+00:00,132.12361325205356,133.38694395944637,131.1245802263649,132.04671903170177,132.04671903170177,14278536.0,sample,2026-09-24 19:05:19.757444+00:00
AMZN,2024-03-04 00:00:00+00:00,131.64388281216054,133.0513614368014,128.37038309163955,129.8390699133991,129.8390699133991,1596642.0,sample,2026-09-24 19:05:19.757444+00:00
AMZN,2024-03-05 00:00:00+00:00,129.65202085958362,131.78458656421685,128.42059549964253,130.30538076394845,130.30538076394845,11536738.0,sample,2026-09-24 19:05:19.757444+00:00
AMZN,2024-03-06 00:00:00+00:00,130.9737657169314,132.28271490162675,129.98029331842153,130.36983553724366,130.36983553724366,12835507.0,sample,2026-09-24 19:05:19.757444+00:00
AMZN,2024-03-07 00:00:00+00:00,130.19355980916546,131.07762585195587,129.27655759361224,130.24131504053102,130.24131504053102,12847686.0,sample,2026-09-24 19:05:19.757444+00:00
AMZN,2024-03-08 00:00:00+00:00,130.1088326098972,131.25206750189724,124.12821843347089,124.37540010674736,124.37540010674736,17918717.0,sample,2026-09-24 19:05:19.757444+00:00
AMZN,2024-03-11 00:00:00+00:00,124.52321004866874,125.7143871166742,121.50933038728759,122.7028262294489,122.7028262294489,14425573.0,sample,2026-09-24 19:05:19.757444+00:00
AMZN,2024-03-12 00:00:00+00:00,122.764583636739,123.50755435420281,120.36486356389818,121.56945136814984,121.56945136814984,5100377.0,sample,2026-09-24 19:05:19.757444+00:00
AMZN,2024-03-13 00:00:00+00:00,121.38380847656062,125.08244526610102,121.00317211621743,123.62659604791855,123.62659604791855,4640390.0,sample,2026-09-24 19:05:19.757444+00:00
AMZN,2024-03-14 00:00:00+00:00,123.63177626242732,125.52094018755363,122.54071430199876,124.08771801492891,124.08771801492891,4496261.0,sample,2026-09-24 19:05:19.757444+00:00
AMZN,2024-03-15 00:00:00+00:00,124.1926684074519,125.31365749502127,121.81619315054259,122.35958261132463,122.35958261132463,2377625.0,sample,2026-09-24 19:05:19.757444+00:00
AMZN,2024-03-18 00:00:00+00:00,122.40568600652784,123.15719637130002,117.20021854061456,117.9369214970891,117.9369214970891,8200319.0,sample,2026-09-24 19:05:19.757444+00:00
AMZN,2024-03-19 00:00:00+00:00,117.9804305673337,119.09068168673683,115.05364990541456,115.75750585846542,115.75750585846542,13053613.0,sample,2026-09-24 19:05:19.757444+00:00
AMZN,2024-03-20 00:00:00+00:00,115.72215356356136,117.08420209065585,115.04859684902829,115.450014223155,115.450014223155,7749782.0,sample,2026-09-24 19:05:19.757444+00:00
AMZN,2024-03-21 00:00:00+00:00,115.64853183789717,116.25354721321972,115.41191074604548,116.01872057843964,116.01872057843964,7554083.0,sample,2026-09-24 19:05:19.757444+00:00
AMZN,2024-03-22 00:00:00+00:00,116.09147514620348,119.48297290043584,115.74008510183968,118.26340444844666,118.26340444844666,15237017.0,sample,2026-09-24 19:05:19.757444+00:00
AMZN,2024-03-25 00:00:00+00:00,118.31770310846477,119.55476675454717,118.10758426952322,118.50180112828403,118.50180112828403,12374699.0,sample,2026-09-24 19:05:19.757444+00:00
AMZN,2024-03-26 00:00:00+00:00,118.55909824774439,119.959948479798,113.94548722995212,115.2526069370371,115.2526069370371,16996241.0,sample,2026-09-24 19:05:19.757444+00:00
AMZN,2024-03-27 00:00:00+00:00,114.96137923170784,117.45607543999186,114.56482482321447,116.88322004795008,116.88322004795008,11226456.0,sample,2026-09-24 19:05:19.757444+00:00
AMZN,2024-03-28 00:00:00+00:00,116.75553180477749,121.56225109900082,116.06706221698293,121.17278018259996,121.17278018259996,14076648.0,sample,2026-09-24 19:05:19.757444+00:00
AMZN,2024-03-29 00:00:00+00:00,121.25446009196163,121.7014279271954,118.66096183157048,119.62851949938971,119.62851949938971,15143658.0,sample,2026-09-24 19:05:19.757444+00:00
AMZN,2024-04-01 00:00:00+00:00,119.56978228536715,126.6527981513447,119.15233631047587,125.4824983537746,125.4824983537746,17379703.0,sample,2026-09-24 19:05:19.757444+00:00
AMZN,2024-04-02 00:00:00+00:00,125.3866009279006,126.5490894248542,124.38050658543823,125.82588503495103,125.82588503495103,17554928.0,sample,2026-09-24 19:05:19.757444+00:00
AMZN,2024-04-03 00:00:00+00:00,125.82860763273682,127.35915258476582,124.52866440138584,126.71976592160402,126.71976592160402,7314176.0,sample,2026-09-24 19:05:19.757444+00:00
AMZN,2024-04-04 00:00:00+00:00,126.98334713274166,131.09861999819856,126.01946807954042,129.82706570147877,129.82706570147877,8652598.0,sample,2026-09-24 19:05:19.757444+00:00
AMZN,2024-04-05 00:00:00+00:00,129.97417101742235,131.81320381640035,129.1116014671352,131.02221825796641,131.02221825796641,12318001.0,sample,2026-09-24 19:05:19.757444+00:00
AMZN,2024-04-08 00:00:00+00:00,130.53643753139946,132.19210512704566,129.84877700937707,131.9088169603796,131.9088169603796,10281781.0,sample,2026-09-24 19:05:19.757444+00:00
AMZN,2024-04-09 00:00:00+00:00,132.19756373357035,135.00142801751608,131.02718717603162,134.24795884805462,134.24795884805462,3132199.0,sample,2026-09-24 19:05:19.757444+00:00
AMZN,2024-04-10 00:00:00+00:00,133.86491584362636,135.2473119147838,131.29287611491745,132.26655532314706,132.26655532314706,10859750.0,sample,2026-09-24 19:05:19.757444+00:00
AMZN,2024-04-11 00:00:00+00:00,132.24601979929503,134.36724304904945,131.7362742297899,132.776599024066,132.776599024066,7156606.0,sample,2026-09-24 19:05:19.757444+00:00
AMZN,2024-04-12 00:00:00+00:00,132.91113078468933,134.62059906596596,131.63635155299465,134.39970386628747,134.39970386628747,5434430.0,sample,2026-09-24 19:05:19.757444+00:00
AMZN,2024-04-15 00:00:00+00:00,134.6877972277434,136.25901216884085,132.38293504571868,133.58960847187038,133.58960847187038,8769044.0,sample,2026-09-24 19:05:19.757444+00:00
AMZN,2024-04-16 00:00:00+00:00,133.96616255931787,137.6454039150887,132.50287944324205,137.27437021681573,137.27437021681573,11675551.0,sample,2026-09-24 19:05:19.757444+00:00
AMZN,2024-04-17 00:00:00+00:00,137.68740468638367,139.03320979701599,135.75613892263004,136.2543144465681,136.2543144465681,3531141.0,sample,2026-09-24 19:05:19.757444+00:00
AMZN,2024-04-18 00:00:00+00:00,136.3451126508613,136.81114925494072,130.284653726396,131.31865161467934,131.31865161467934,11454372.0,sample,2026-09-24 19:05:19.757444+00:00
AMZN,2024-04-19 00:00:00+00:00,131.22429956507096,134.3447597086121,130.74293280242824,133.25662784786707,133.25662784786707,2066407.0,sample,2026-09-24 19:05:19.757444+00:00
AMZN,2024-04-22 00:00:00+00:00,133.0668094997638,133.3400995373126,131.24583583580048,132.74025761080398,132.74025761080398,7664050.0,sample,2026-09-24 19:05:19.757444+00:00
AMZN,2024-04-23 00:00:00+00:00,132.57502862153882,135.15503513753126,131.41279410594163,134.0231946372871,134.0231946372871,14692730.0,sample,2026-09-24 19:05:19.757444+00:00
AMZN,2024-04-24 00:00:00+00:00,134.19487108914794,136.68067812312276,133.65046701776475,135.27365418833693,135.27365418833693,4943041.0,sample,2026-09-24 19:05:19.757444+00:00
AMZN,2024-04-25 00:00:00+00:00,135.04253741495006,138.17503392045435,134.83647087282378,137.09021270545824,137.09021270545824,2642541.0,sample,2026-09-24 19:05:19.757444+00:00
AMZN,2024-04-26 00:00:00+00:00,137.0345667298762,140.74690472990278,135.88668382656806,139.88192704953227,139.88192704953227,3532931.0,sample,2026-09-24 19:05:19.757444+00:00
AMZN,2024-04-29 00:00:00+00:00,140.0708409413209,141.68678747519627,138.45571435520185,139.93610196643246,139.93610196643246,11429269.0,sample,2026-09-24 19:05:19.757444+00:00
AMZN,2024-04-30 00:00:00+00:00,140.13848274082818,141.31631530128175,138.45768827671293,138.72637863540146,138.72637863540146,15464323.0,sample,2026-09-24 19:05:19.757444+00:00
AMZN,2024-05-01 00:00:00+00:00,138.55071251489377,138.7641316452908,135.34959391279588,136.00929227718495,136.00929227718495,14107951.0,sample,2026-09-24 19:05:19.757444+00:00
AMZN,2024-05-02 00:00:00+00:00,136.04477314074668,136.79809472221453,135.16804785961764,135.44936068613265,135.44936068613265,3793944.0,sample,2026-09-24 19:05:19.757444+00:00
AMZN,2024-05-03 00:00:00+00:00,135.7500904210539,136.6820053039402,133.15518040277883,134.3614453878575,134.3614453878575,7022420.0,sample,2026-09-24 19:05:19.757444+00:00
AMZN,2024-05-06 00:00:00+00:00,134.29199995846795,135.37299718223724,133.6899020819463,135.1524483842218,135.1524483842218,17552471.0,sample,2026-09-24 19:05:19.757444+00:00
AMZN,2024-05-07 00:00:00+00:00,135.082513583702,135.98470183716853,133.61018413605134,135.72045988393714,135.72045988393714,11203913.0,sample,2026-09-24 19:05:19.757444+00:00
AMZN,2024-05-08 00:00:00+00:00,136.3053229472674,137.6189857404329,134.00347036664272,134.36945161081968,134.36945161081968,15219263.0,sample,2026-09-24 19:05:19.757444+00:00
AMZN,2024-05-09 00:00:00+00:00,134.37972166693984,134.75674343421088,128.8472441161562,130.13322576728643,130.13322576728643,9697963.0,sample,2026-09-24 19:05:19.757444+00:00
AMZN,2024-05-10 00:00:00+00:00,130.18050889685554,135.6081106525756,129.13348505105384,134.47304666007844,134.47304666007844,15713309.0,sample,2026-09-24 19:05:19.757444+00:00
AMZN,2024-05-13 00:00:00+00:00,134.5343032602636,136.9625599714352,133.3355693482329,136.2907825623868,136.2907825623868,12847311.0,sample,2026-09-24 19:05:19.757444+00:00
AMZN,2024-05-14 00:00:00+00:00,136.1286929269225,137.72068442449913,135.62222666236775,136.11869363432953,136.11869363432953,10865886.0,sample,2026-09-24 19:05:19.757444+00:00
AMZN,2024-05-15 00:00:00+00:00,135.81316214748435,139.63743648260657,134.37535837270363,138.5164523040283,138.5164523040283,12958302.0,sample,2026-09-24 19:05:19.757444+00:00
AMZN,2024-05-16 00:00:00+00:00,138.82652691078056,139.64796352755573,134.18841170212633,135.74059509120187,135.74059509120187,12956050.0,sample,2026-09-24 19:05:19.757444+00:00
AMZN,2024-05-17 00:00:00+00:00,135.58753804664676,136.54642350880263,133.06972591020494,133.32347317903026,133.32347317903026,8951073.0,sample,2026-09-24 19:05:19.757444+00:00
AMZN,2024-05-20 00:00:00+00:00,133.01016819712868,135.15154972619322,132.22904311325294,134.46700670234551,134.46700670234551,16301219.0,sample,2026-09-24 19:05:19.757444+00:00
AMZN,2024-05-21 00:00:00+00:00,134.88600497941758,136.22703175508164,128.89910040460686,129.0411020205105,129.0411020205105,6486196.0,sample,2026-09-24 19:05:19.757444+00:00
AMZN,2024-05-22 00:00:00+00:00,128.74478458256192,132.6731734062128,127.363957060503,131.67794484587134,131.67794484587134,2755061.0,sample,2026-09-24 19:05:19.757444+00:00
AMZN,2024-05-23 00:00:00+00:00,131.83076632756138,133.94281039997932,131.56720549179673,133.80775975980714,133.80775975980714,6542398.0,sample,2026-09-24 19:05:19.757444+00:00
AMZN,2024-05-24 00:00:00+00:00,133.50903848914146,136.77776603030077,133.15901216423768,135.39745701185376,135.39745701185376,11807625.0,sample,2026-09-24 19:05:19.757444+00:00
AMZN,2024-05-27 00:00:00+00:00,135.28906999391458,141.1262678145402,134.7143618881675,139.7612542894903,139.7612542894903,11256339.0,sample,2026-09-24 19:05:19.757444+00:00
AMZN,2024-05-28 00:00:00+00:00,139.61798981758926,145.36370115594832,138.42664346856836,143.93664356979053,143.93664356979053,17972812.0,sample,2026-09-24 19:05:19.757444+00:00
AMZN,2024-05-29 00:00:00+00:00,143.50592482400626,147.0484970929172,141.92926942960628,146.5293217773902,146.5293217773902,6186898.0,sample,2026-09-24 19:05:19.757444+00:00
AMZN,2024-05-30 00:00:00+00:00,146.62630712634558,147.41685328614446,144.84085837978876,145.5453303874875,145.5453303874875,8340086.0,sample,2026-09-24 19:05:19.757444+00:00
AMZN,2024-05-31 00:00:00+00:00,145.84951956569358,147.48225752069536,144.61477849165024,145.55341771895453,145.55341771895453,17734865.0,sample,2026-09-24 19:05:19.757444+00:00
AMZN,2024-06-03 00:00:00+00:00,145.46464035668598,147.9239007817558,145.01415065113656,146.85138724077254,146.85138724077254,1921322.0,sample,2026-09-24 19:05:19.757444+00:00
AMZN,2024-06-04 00:00:00+00:00,146.3598218481334,146.53707494432214,143.15688473733593,143.6142313444966,143.6142313444966,13001750.0,sample,2026-09-24 19:05:19.757444+00:00
AMZN,2024-06-05 00:00:00+00:00,143.82110106715933,144.43367793899998,137.16457569601187,138.56133396871763,138.56133396871763,2232857.0,sample,2026-09-24 19:05:19.757444+00:00
AMZN,2024-06-06 00:00:00+00:00,138.51043823778176,139.65958257557043,137.3895062913207,139.0036391002398,139.0036391002398,3532319.0,sample,2026-09-24 19:05:19.757444+00:00
AMZN,2024-06-07 00:00:00+00:00,138.7474014574288,142.11332904551662,138.0542394179416,140.72099524215778,140.72099524215778,7967846.0,sample,2026-09-24 19:05:19.757444+00:00
AMZN,2024-06-10 00:00:00+00:00,140.92235099265116,144.95778331921036,139.65021674953724,144.4576813789474,144.4576813789474,2676809.0,sample,2026-09-24 19:05:19.757444+00:00
AMZN,2024-06-11 00:00:00+00:00,144.04494739850358,145.263848635873,141.09965089564975,142.25526463906996,142.25526463906996,17657670.0,sample,2026-09-24 19:05:19.757444+00:00
AMZN,2024-06-12 00:00:00+00:00,142.4640270767871,143.3311814591098,141.7257707725676,141.9121149419864,141.9121149419864,17384199.0,sample,2026-09-24 19:05:19.757444+00:00
AMZN,2024-06-13 00:00:00+00:00,142.0794448144596,142.22877698256093,139.08126365262027,139.85456218077536,139.85456218077536,16697016.0,sample,2026-09-24 19:05:19.757444+00:00
AMZN,2024-06-14 00:00:00+00:00,140.1546345889603,141.080049609091,133.83932180467036,134.51766978965213,134.51766978965213,13739039.0,sample,2026-09-24 19:05:19.757444+00:00
AMZN,2024-06-17 00:00:00+00:00,134.42632525018777,134.60508213005826,132.0049158928487,133.15120383760456,133.15120383760456,6070896.0,sample,2026-09-24 19:05:19.757444+00:00
AMZN,2024-06-18 00:00:00+00:00,132.87793054695214,134.31855646853583,128.5401273916073,130.082935229621,130.082935229621,15828746.0,sample,2026-09-24 19:05:19.757444+00:00
AMZN,2024-06-19 00:00:00+00:00,130.09251364769887,131.30138070211348,127.4289460458597,128.0975383894526,128.0975383894526,9110706.0,sample,2026-09-24 19:05:19.757444+00:00
AMZN,2024-06-20 00:00:00+00:00,127.80705643731618,129.26952629579358,125.3570434008114,126.43077017136952,126.43077017136952,3593511.0,sample,2026-09-24 19:05:19.757444+00:00
AMZN,2024-06-21 00:00:00+00:00,126.47796583609309,133.25664058729635,125.47300920823028,132.2806717445709,132.2806717445709,8997450.0,sample,2026-09-24 19:05:19.757444+00:00
AMZN,2024-06-24 00:00:00+00:00,131.84325671676888,133.0938139443067,129.14626184933843,129.28066683822277,129.28066683822277,5013826.0,sample,2026-09-24 19:05:19.757444+00:00
AMZN,2024-06-25 00:00:00+00:00,128.91458009438574,130.01902562580483,127.10244106892463,127.94325516824327,127.94325516824327,12772522.0,sample,2026-09-24 19:05:19.757444+00:00
AMZN,2024-06-26 00:00:00+00:00,127.44702660143575,128.91108586689776,124.96409067166991,126.25301617534069,126.25301617534069,15145636.0,sample,2026-09-24 19:05:19.757444+00:00
AMZN,2024-06-27 00:00:00+00:00,125.63248200543305,126.2509891781315,122.24390628394518,122.57378720456157,122.57378720456157,4536541.0,sample,2026-09-24 19:05:19.757444+00:00
AMZN,2024-06-28 00:00:00+00:00,122.04478016114363,122.58218876036304,120.98020448195165,122.08412499238219,122.08412499238219,4007222.0,sample,2026-09-24 19:05:19.757444+00:00
AMZN,2024-07-01 00:00:00+00:00,122.21329716230652,122.97135665247777,118.97327649576953,119.46569716779109,119.46569716779109,5564322.0,sample,2026-09-24 19:05:19.757444+00:00
AMZN,2024-07-02 00:00:00+00:00,119.73231027247726,120.11594801742625,115.28361339881683,116.3018376919809,116.3018376919809,2700421.0,sample,2026-09-24 19:05:19.757444+00:00
AMZN,2024-07-03 00:00:00+00:00,116.00261021453872,118.96181469441649,114.8239917791978,117.83596568411554,117.83596568411554,4996523.0,sample,2026-09-24 19:05:19.757444+00:00
AMZN,2024-07-04 00:00:00+00:00,118.00179920989864,119.01632896674319,115.41596988780587,116.0778243050135,116.0778243050135,12478520.0,sample,2026-09-24 19:05:19.757444+00:00
AMZN,2024-07-05 00:00:00+00:00,116.06335559563925,118.14772030197058,115.30580135150868,116.75711943029759,116.75711943029759,3562849.0,sample,2026-09-24 19:05:19.757444+00:00
AMZN,2024-07-08 00:00:00+00:00,116.89242839971192,119.28721243344762,116.56015618019869,117.93826629579603,117.93826629579603,3003220.0,sample,2026-09-24 19:05:19.757444+00:00
AMZN,2024-07-09 00:00:00+00:00,117.87088860850474,119.60490933664066,116.74461995374263,119.10419455085677,119.10419455085677,15726020.0,sample,2026-09-24 19:05:19.757444+00:00
AMZN,2024-07-10 00:00:00+00:00,119.1746076937789,119.72444678141254,118.36754046358551,118.90363077910936,118.90363077910936,9783333.0,sample,2026-09-24 19:05:19.757444+00:00
AMZN,2024-07-11 00:00:00+00:00,118.7197749959796,119.96659394426504,116.80720379819839,118.08475999909011,118.08475999909011,5863203.0,sample,2026-09-24 19:05:19.757444+00:00
AMZN,2024-07-12 00:00:00+00:00,118.26552408439005,119.36951351394808,112.88972724628117,113.87134379383339,113.87134379383339,9702589.0,sample,2026-09-24 19:05:19.757444+00:00
AMZN,2024-07-15 00:00:00+00:00,113.86854707535757,117.23054358431943,113.07819950390368,116.3386890153177,116.3386890153177,17134374.0,sample,2026-09-24 19:05:19.757444+00:00
AMZN,2024-07-16 00:00:00+00:00,116.393141830596,119.05819080261931,115.90399046159648,118.29194354001389,118.29194354001389,3458725.0,sample,2026-09-24 19:05:19.757444+00:00
AMZN,2024-07-17 00:00:00+00:00,118.40905381769747,119.39185584298025,117.18496755661525,117.84464773507928,117.84464773507928,17617756.0,sample,2026-09-24 19:05:19.757444+00:00
AMZN,2024-07-18 00:00:00+00:00,117.82294812652161,118.13010919323546,114.89477702629675,116.26348713735754,116.26348713735754,14981211.0,sample,2026-09-24 19:05:19.757444+00:00
AMZN,2024-07-19 00:00:00+00:00,116.68132535300167,118.04868538688852,115.63479463881282,116.81782163904639,116.81782163904639,5965837.0,sample,2026-09-24 19:05:19.757444+00:00
AMZN,2024-07-22 00:00:00+00:00,117.00592315737597,117.36429164945082,115.2262796306541,115.76418704848946,115.76418704848946,5072848.0,sample,2026-09-24 19:05:19.757444+00:00
AMZN,2024-07-23 00:00:00+00:00,116.11370925205945,116.30154272892065,114.40029521197509,115.60215924897413,115.60215924897413,12244880.0,sample,2026-09-24 19:05:19.757444+00:00
AMZN,2024-07-24 00:00:00+00:00,115.49893357480744,122.53052642535312,115.31480895661487,121.68082027178492,121.68082027178492,6615811.0,sample,2026-09-24 19:05:19.757444+00:00
AMZN,2024-07-25 00:00:00+00:00,121.76120260989701,123.11070512022918,119.95964973837022,121.01070943653265,121.01070943653265,12506367.0,sample,2026-09-24 19:05:19.757444+00:00
AMZN,2024-07-26 00:00:00+00:00,120.84477202709185,123.02124619878684,119.93744967511611,122.76117416608395,122.76117416608395,10897995.0,sample,2026-09-24 19:05:19.757444+00:00
AMZN,2024-07-29 00:00:00+00:00,122.77998584379009,122.97797976362294,122.00627256866693,122.50682158705479,122.50682158705479,17300731.0,sample,2026-09-24 19:05:19.757444+00:00
AMZN,2024-07-30 00:00:00+00:00,122.39129603358856,123.84244752333265,120.98049645869187,123.02736462373196,123.02736462373196,15167559.0,sample,2026-09-24 19:05:19.757444+00:00
AMZN,2024-07-31 00:00:00+00:00,123.12698864291234,123.60321991264593,122.07875795402676,123.09099056918302,123.09099056918302,6324118.0,sample,2026-09-24 19:05:19.757444+00:00
AMZN,2024-08-01 00:00:00+00:00,123.24601908582132,127.34697895892202,122.93402788124173,126.33809842485618,126.33809842485618,6663951.0,sample,2026-09-24 19:05:19.757444+00:00
AMZN,2024-08-02 00:00:00+00:00,126.95634046598708,127.67052899349974,122.55785479685348,124.01807374193552,124.01807374193552,9472516.0,sample,2026-09-24 19:05:19.757444+00:00
AMZN,2024-08-05 00:00:00+00:00,123.92914657404988,125.37421218880121,121.20100645727031,121.86302428835535,121.86302428835535,1701981.0,sample,2026-09-24 19:05:19.757444+00:00
AMZN,2024-08-06 00:00:00+00:00,121.89951047523031,125.57805575469554,121.53355890301843,124.47290866371821,124.47290866371821,9354401.0,sample,2026-09-24 19:05:19.757444+00:00
AMZN,2024-08-07 00:00:00+00:00,124.85091663279279,125.60895618095203,123.18100457920404,123.38992003788609,123.38992003788609,16946083.0,sample,2026-09-24 19:05:19.757444+00:00
AMZN,2024-08-08 00:00:00+00:00,123.27718177210991,126.83488038506704,121.86042054345097,125.93648881255227,125.93648881255227,10211141.0,sample,2026-09-24 19:05:19.757444+00:00
AMZN,2024-08-09 00:00:00+00:00,125.98237419287946,126.62396146497414,122.8697778630792,123.67002033811514,123.67002033811514,9388591.0,sample,2026-09-24 19:05:19.757444+00:00
AMZN,2024-08-12 00:00:00+00:00,124.22158573075106,126.01039121175414,123.17392763371765,124.6366865713684,124.6366865713684,11829681.0,sample,2026-09-24 19:05:19.757444+00:00
AMZN,2024-08-13 00:00:00+00:00,124.26168994113576,124.39190181899663,123.44150356075828,123.853290347856,123.853290347856,2336122.0,sample,2026-09-24 19:05:19.757444+00:00
AMZN,2024-08-14 00:00:00+00:00,123.86500730073254,124.95844506062,122.88339313152969,124.81122056843475,124.81122056843475,2534190.0,sample,2026-09-24 19:05:19.757444+00:00
AMZN,2024-08-15 00:00:00+00:00,124.89670499449458,129.99321616985216,123.71781497684344,128.86924158579043,128.86924158579043,3955797.0,sample,2026-09-24 19:05:19.757444+00:00
AMZN,2024-08-16 00:00:00+00:00,129.25819450567903,129.55013554785532,127.463526064238,127.77652607389017,127.77652607389017,2874373.0,sample,2026-09-24 19:05:19.757444+00:00
AMZN,2024-08-19 00:00:00+00:00,128.04585936330673,129.391900012234,123.34684989998397,123.94455075289896,123.94455075289896,15587038.0,sample,2026-09-24 19:05:19.757444+00:00
AMZN,2024-08-20 00:00:00+00:00,123.94900857888007,126.27249117430266,122.72287969358075,125.61603241259427,125.61603241259427,12502366.0,sample,2026-09-24 19:05:19.757444+00:00
AMZN,2024-08-21 00:00:00+00:00,125.26285350884727,128.42844538353336,124.46424908601723,127.48963190627998,127.48963190627998,12456317.0,sample,2026-09-24 19:05:19.757444+00:00
AMZN,2024-08-22 00:00:00+00:00,127.08357691662455,127.62359627024979,126.80916560996339,127.16944180608816,127.16944180608816,6395009.0,sample,2026-09-24 19:05:19.757444+00:00
AMZN,2024-08-23 00:00:00+00:00,127.14609572854027,128.74926404045033,126.89434747003612,127.2502568903685,127.2502568903685,10220719.0,sample,2026-09-24 19:05:19.757444+00:00
AMZN,2024-08-26 00:00:00+00:00,127.24900544800529,128.54269518023258,124.9175343872165,126.43009504364957,126.43009504364957,12831124.0,sample,2026-09-24 19:05:19.757444+00:00
AMZN,2024-08-27 00:00:00+00:00,126.37372949063439,127.47052616042734,125.7270802023864,126.515652867513,126.515652867513,12242158.0,sample,2026-09-24 19:05:19.757444+00:00
AMZN,2024-08-28 00:00:00+00:00,126.74096496579806,127.92486307598263,122.17124092471714,122.96284445019626,122.96284445019626,7701320.0,sample,2026-09-24 19:05:19.757444+00:00
AMZN,2024-08-29 00:00:00+00:00,122.74512084589527,123.5404103163516,118.8638829477492,120.24005591712223,120.24005591712223,3577168.0,sample,2026-09-24 19:05:19.757444+00:00
AMZN,2024-08-30 00:00:00+00:00,120.38277680556926,120.86048830965802,114.48071049446479,115.5969305036665,115.5969305036665,2090478.0,sample,2026-09-24 19:05:19.757444+00:00
AMZN,2024-09-02 00:00:00+00:00,115.34991751876132,118.0803670175035,114.06420757350449,117.46353606359601,117.46353606359601,5295825.0,sample,2026-09-24 19:05:19.757444+00:00
AMZN,2024-09-03 00:00:00+00:00,117.27910967981161,119.90405320840735,115.93173049146957,119.30821722537056,119.30821722537056,9143965.0,sample,2026-09-24 19:05:19.757444+00:00
AMZN,2024-09-04 00:00:00+00:00,119.5386608454831,123.12097688540439,119.36101248351179,122.89384411688006,122.89384411688006,16449637.0,sample,2026-09-24 19:05:19.757444+00:00
AMZN,2024-09-05 00:00:00+00:00,123.29851920174039,124.70454649174057,121.05174711399575,121.24494840650037,121.24494840650037,11367245.0,sample,2026-09-24 19:05:19.757444+00:00
AMZN,2024-09-06 00:00:00+00:00,121.19711831876637,122.47507647308372,120.30647681541868,121.31879777691795,121.31879777691795,17205021.0,sample,2026-09-24 19:05:19.757444+00:00
AMZN,2024-09-09 00:00:00+00:00,120.8466131165066,123.0903509875447,120.60458593338825,122.15841749806884,122.15841749806884,8559790.0,sample,2026-09-24 19:05:19.757444+00:00
AMZN,2024-09-10 00:00:00+00:00,122.14568568215313,127.22581237115732,120.77157174699802,126.23402889265547,126.23402889265547,8545370.0,sample,2026-09-24 19:05:19.757444+00:00
AMZN,2024-09-11 00:00:00+00:00,126.36923784686641,128.48621459336272,125.98248380765799,127.62417974672441,127.62417974672441,7629711.0,sample,2026-09-24 19:05:19.757444+00:00
AMZN,2024-09-12 00:00:00+00:00,127.36370740312195,130.34106446993454,127.01081447398121,129.46433956940356,129.46433956940356,12150355.0,sample,2026-09-24 19:05:19.757444+00:00
AMZN,2024-09-13 00:00:00+00:00,129.2900982570853,130.94895172414033,128.23114054266046,130.53791684566337,130.53791684566337,11860527.0,sample,2026-09-24 19:05:19.757444+00:00
AMZN,2024-09-16 00:00:00+00:00,130.369354477565,135.37193068860785,129.76236023328843,134.60399720219274,134.60399720219274,6770031.0,sample,2026-09-24 19:05:19.757444+00:00
AMZN,2024-09-17 00:00:00+00:00,134.67057233871012,137.37334975086998,133.45870456803516,136.98150079563914,136.98150079563914,12134994.0,sample,2026-09-24 19:05:19.757444+00:00
AMZN,2024-09-18 00:00:00+00:00,137.2340263254388,139.8034029309058,136.87218000037782,138.49767840678513,138.49767840678513,5380005.0,sample,2026-09-24 19:05:19.757444+00:00
AMZN,2024-09-19 00:00:00+00:00,137.93071176445085,142.2668910299651,136.57992057813578,140.83941827357313,140.83941827357313,4845522.0,sample,2026-09-24 19:05:19.757444+00:00
AMZN,2024-09-20 00:00:00+00:00,141.42744134420758,144.76193702817727,139.9615593223805,143.99111573314713,143.99111573314713,10700095.0,sample,2026-09-24 19:05:19.757444+00:00
AMZN,2024-09-23 00:00:00+00:00,144.00621693549655,145.45726580429627,142.4834527346573,144.33262566047077,144.33262566047077,15355337.0,sample,2026-09-24 19:05:19.757444+00:00
AMZN,2024-09-24 00:00:00+00:00,144.23415041419398,147.4854523875598,143.22559323395546,146.7461497949933,146.7461497949933,6178723.0,sample,2026-09-24 19:05:19.757444+00:00
AMZN,2024-09-25 00:00:00+00:00,146.09392526414308,148.9167608381448,144.88098346918272,147.4842424963004,147.4842424963004,16204859.0,sample,2026-09-24 19:05:19.757444+00:00
AMZN,2024-09-26 00:00:00+00:00,147.45599408880648,148.36943005310204,145.33304084058676,145.93503857059014,145.93503857059014,7534924.0,sample,2026-09-24 19:05:19.757444+00:00
AMZN,2024-09-27 00:00:00+00:00,145.9213337607633,147.06046796528145,145.13828631066957,146.90162370871428,146.90162370871428,13208473.0,sample,2026-09-24 19:05:19.757444+00:00
AMZN,2024-09-30 00:00:00+00:00,147.08567011971837,153.1964167803757,145.48775476213413,151.55644005224434,151.55644005224434,17490406.0,sample,2026-09-24 19:05:19.757444+00:00
AMZN,2024-10-01 00:00:00+00:00,151.67976350756217,152.2279258721997,148.70879739537634,149.86712634639474,149.86712634639474,6552109.0,sample,2026-09-24 19:05:19.757444+00:00
AMZN,2024-10-02 00:00:00+00:00,149.92556270826708,156.35742685849758,149.608751560786,155.46429629447587,155.46429629447587,1509694.0,sample,2026-09-24 19:05:19.757444+00:00
AMZN,2024-10-03 00:00:00+00:00,155.15465618945072,156.26664135456463,153.7861698017023,155.9997877628846,155.9997877628846,4446825.0,sample,2026-09-24 19:05:19.757444+00:00
AMZN,2024-10-04 00:00:00+00:00,155.73593067179627,156.4531668602617,154.51875654163294,156.24142865336296,156.24142865336296,15818838.0,sample,2026-09-24 19:05:19.757444+00:00
AMZN,2024-10-07 00:00:00+00:00,156.30942142967234,156.83266977843692,153.03300612589157,154.56060818297573,154.56060818297573,10081135.0,sample,2026-09-24 19:05:19.757444+00:00
AMZN,2024-10-08 00:00:00+00:00,154.15177618211933,157.86912361245425,153.38023267479505,157.20840776298635,157.20840776298635,2385254.0,sample,2026-09-24 19:05:19.757444+00:00
AMZN,2024-10-09 00:00:00+00:00,157.02944799271367,157.87115858788405,156.5018112817187,157.6440148230321,157.6440148230321,12583546.0,sample,2026-09-24 19:05:19.757444+00:00
AMZN,2024-10-10 00:00:00+00:00,157.4415880991004,159.06425160244115,156.22504884911925,158.3803628994847,158.3803628994847,10322683.0,sample,2026-09-24 19:05:19.757444+00:00
AMZN,2024-10-11 00:00:00+00:00,158.87813736543868,164.9914999607291,158.01581220838486,163.16706940916805,163.16706940916805,12547659.0,sample,2026-09-24 19:05:19.757444+00:00
AMZN,2024-10-14 00:00:00+00:00,163.14502959159108,164.85443672894866,161.01705081693453,162.70138065918374,162.70138065918374,17363164.0,sample,2026-09-24 19:05:19.757444+00:00
AMZN,2024-10-15 00:00:00+00:00,162.54701939612107,165.83203172521078,160.83873037201946,165.56364884549035,165.56364884549035,14307997.0,sample,2026-09-24 19:05:19.757444+00:00
AMZN,2024-10-16 00:00:00+00:00,165.45514524034542,165.63559375968086,158.19983652651922,159.01249085201897,159.01249085201897,3978766.0,sample,2026-09-24 19:05:19.757444+00:00
AMZN,2024-10-17 00:00:00+00:00,158.5445321578416,160.49022325212394,156.85419017986686,160.1520509535148,160.1520509535148,9807988.0,sample,2026-09-24 19:05:19.757444+00:00
AMZN,2024-10-18 00:00:00+00:00,160.36095451842428,162.01918631186481,159.63933222612596,161.6760784205971,161.6760784205971,14702718.0,sample,2026-09-24 19:05:19.757444+00:00
AMZN,2024-10-21 00:00:00+00:00,161.9705347724928,162.53759032764341,160.14395870002272,162.22398660498632,162.22398660498632,4790433.0,sample,2026-09-24 19:05:19.757444+00:00
AMZN,2024-10-22 00:00:00+00:00,162.04357782452072,165.44749553582918,160.80686403525914,164.3503369344458,164.3503369344458,13295568.0,sample,2026-09-24 19:05:19.757444+00:00
AMZN,2024-10-23 00:00:00+00:00,164.3306772765489,167.91971502207812,163.45325538286284,167.25131794973373,167.25131794973373,12164322.0,sample,2026-09-24 19:05:19.757444+00:00
AMZN,2024-10-24 00:00:00+00:00,167.17927436314363,169.73742505842827,165.67372986446455,168.3222899652328,168.3222899652328,17298781.0,sample,2026-09-24 19:05:19.757444+00:00
AMZN,2024-10-25 00:00:00+00:00,169.0805308682152,170.56905183562068,168.3459224075051,169.44496000046865,169.44496000046865,3272749.0,sample,2026-09-24 19:05:19.757444+00:00
AMZN,2024-10-28 00:00:00+00:00,169.79805584616574,173.6228289699568,168.12087695071372,172.65120944456135,172.65120944456135,10823951.0,sample,2026-09-24 19:05:19.757444+00:00
AMZN,2024-10-29 00:00:00+00:00,172.7872762815351,174.5154854560169,169.669064908599,170.85966668496673,170.85966668496673,15585050.0,sample,2026-09-24 19:05:19.757444+00:00
AMZN,2024-10-30 00:00:00+00:00,170.93366156051653,176.3124192384923,169.63198281467157,176.1205152134309,176.1205152134309,16989156.0,sample,2026-09-24 19:05:19.757444+00:00
AMZN,2024-10-31 00:00:00+00:00,175.9550224873382,181.27462759593126,174.86514203548063,179.96964884096542,179.96964884096542,14025045.0,sample,2026-09-24 19:05:19.757444+00:00
AMZN,2024-11-01 00:00:00+00:00,179.682394576523,180.80048837375915,175.62031362185937,177.53877234547784,177.53877234547784,15296542.0,sample,2026-09-24 19:05:19.757444+00:00
AMZN,2024-11-04 00:00:00+00:00,177.59128992876543,179.34151837085994,173.62472583743244,175.40373082483563,175.40373082483563,12741631.0,sample,2026-09-24 19:05:19.757444+00:00
AMZN,2024-11-05 00:00:00+00:00,174.81606748338183,176.5199503580958,173.680369665582,174.64351949079258,174.64351949079258,12684389.0,sample,2026-09-24 19:05:19.757444+00:00
AMZN,2024-11-06 00:00:00+00:00,174.86242273198226,177.45769992908177,173.39155077467217,175.8481513928581,175.8481513928581,11095363.0,sample,2026-09-24 19:05:19.757444+00:00
AMZN,2024-11-07 00:00:00+00:00,176.28510013811908,181.8796347644263,175.82237198987795,180.17860595470728,180.17860595470728,3340863.0,sample,2026-09-24 19:05:19.757444+00:00
AMZN,2024-11-08 00:00:00+00:00,179.7679506833025,185.6408007933963,179.10847879478086,183.78184223203596,183.78184223203596,5937692.0,sample,2026-09-24 19:05:19.757444+00:00
AMZN,2024-11-11 00:00:00+00:00,183.3754916008674,184.28774878755817,178.90178992991787,180.45840157670264,180.45840157670264,10325612.0,sample,2026-09-24 19:05:19.757444+00:00
AMZN,2024-11-12 00:00:00+00:00,180.87887076993434,181.51724691977373,175.62633375611398,176.15327818081224,176.15327818081224,4612610.0,sample,2026-09-24 19:05:19.757444+00:00
AMZN,2024-11-13 00:00:00+00:00,176.17848110973742,177.7559236907069,175.1152922657431,175.5844173514241,175.5844173514241,17324905.0,sample,2026-09-24 19:05:19.757444+00:00
AMZN,2024-11-14 00:00:00+00:00,175.22844588074355,177.2345291271952,170.59338752595488,172.06649634716103,172.06649634716103,7641140.0,sample,2026-09-24 19:05:19.757444+00:00
AMZN,2024-11-15 00:00:00+00:00,171.82451660669858,173.88601766832727,167.711588341059,169.05985709254924,169.05985709254924,2782363.0,sample,2026-09-24 19:05:19.757444+00:00
AMZN,2024-11-18 00:00:00+00:00,169.02200834893392,171.34488792417946,167.43747945044484,170.3282531090818,170.3282531090818,11789460.0,sample,2026-09-24 19:05:19.757444+00:00
AMZN,2024-11-19 00:00:00+00:00,170.3125409937554,176.1871026890045,168.35242262869804,174.72388305770173,174.72388305770173,4342172.0,sample,2026-09-24 19:05:19.757444+00:00
AMZN,2024-11-20 00:00:00+00:00,175.3416002530903,176.23652213295858,168.57552081484044,169.52179111581682,169.52179111581682,2784108.0,sample,2026-09-24 19:05:19.757444+00:00
AMZN,2024-11-21 00:00:00+00:00,170.10424623856798,170.82464248905777,165.4026428893383,166.8046535693758,166.8046535693758,7614093.0,sample,2026-09-24 19:05:19.757444+00:00
AMZN,2024-11-22 00:00:00+00:00,166.86766275730227,167.88221516181596,163.0032078013775,164.28497775936785,164.28497775936785,16412606.0,sample,2026-09-24 19:05:19.757444+00:00
AMZN,2024-11-25 00:00:00+00:00,164.2692098385519,168.97157908141853,162.56234427671524,167.72935946271664,167.72935946271664,9840418.0,sample,2026-09-24 19:05:19.757444+00:00
AMZN,2024-11-26 00:00:00+00:00,167.40327709712886,167.73363096357636,164.44034411566597,164.80698130702908,164.80698130702908,17503998.0,sample,2026-09-24 19:05:19.757444+00:00
AMZN,2024-11-27 00:00:00+00:00,164.76784754019343,166.327058581202,164.29782975537424,165.1093992038653,165.1093992038653,9330689.0,sample,2026-09-24 19:05:19.757444+00:00
AMZN,2024-11-28 00:00:00+00:00,164.88227421854214,167.58778601234656,164.18907987162936,167.25218001643844,167.25218001643844,16590850.0,sample,2026-09-24 19:05:19.757444+00:00
AMZN,2024-11-29 00:00:00+00:00,166.93437214048598,172.051880088438,166.63967194847535,170.37385958238002,170.37385958238002,3296900.0,sample,2026-09-24 19:05:19.757444+00:00
AMZN,2024-12-02 00:00:00+00:00,170.16739973037394,173.08506429411364,169.01448656554956,172.60304675006017,172.60304675006017,1777888.0,sample,2026-09-24 19:05:19.757444+00:00
AMZN,2024-12-03 00:00:00+00:00,173.21714865711164,174.25897488969994,170.94453119028844,172.32624664055317,172.32624664055317,11765328.0,sample,2026-09-24 19:05:19.757444+00:00
AMZN,2024-12-04 00:00:00+00:00,172.9270887358687,174.94402116877657,167.8301586832493,168.59362099949857,168.59362099949857,15394419.0,sample,2026-09-24 19:05:19.757444+00:00
AMZN,2024-12-05 00:00:00+00:00,168.3753265595277,172.63840653742216,167.97911728640955,171.91837105119419,171.91837105119419,11031501.0,sample,2026-09-24 19:05:19.757444+00:00
AMZN,2024-12-06 00:00:00+00:00,172.10116576582357,173.76276130820753,169.1320077153343,170.98926206265438,170.98926206265438,14722515.0,sample,2026-09-24 19:05:19.757444+00:00
AMZN,2024-12-09 00:00:00+00:00,171.6340253394919,172.42825771787446,168.8938857974425,169.64240113887018,169.64240113887018,1541502.0,sample,2026-09-24 19:05:19.757444+00:00
AMZN,2024-12-10 00:00:00+00:00,169.8046446319837,170.88750930440568,163.98669261746372,165.41050350591664,165.41050350591664,12292698.0,sample,2026-09-24 19:05:19.757444+00:00
AMZN,2024-12-11 00:00:00+00:00,164.97410467677923,168.6125663405245,163.1334321091836,167.42771934560622,167.42771934560622,10696925.0,sample,2026-09-24 19:05:19.757444+00:00
AMZN,2024-12-12 00:00:00+00:00,167.59962645568862,167.97079824447812,166.71492759507677,167.10213064364058,167.10213064364058,6797240.0,sample,2026-09-24 19:05:19.757444+00:00
AMZN,2024-12-13 00:00:00+00:00,166.92412265782946,167.87736170767556,164.1076828076513,165.5022620224838,165.5022620224838,3176328.0,sample,2026-09-24 19:05:19.757444+00:00
AMZN,2024-12-16 00:00:00+00:00,165.69110340095017,167.390897784782,164.58949288097364,165.18487446750765,165.18487446750765,8057680.0,sample,2026-09-24 19:05:19.757444+00:00
AMZN,2024-12-17 00:00:00+00:00,165.32899859792127,169.1125802459533,163.58921676970846,167.76260775681996,167.76260775681996,4228784.0,sample,2026-09-24 19:05:19.757444+00:00
AMZN,2024-12-18 00:00:00+00:00,167.19219732854975,171.89673791497884,165.84996433419752,170.38918988297155,170.38918988297155,11288160.0,sample,2026-09-24 19:05:19.757444+00:00
AMZN,2024-12-19 00:00:00+00:00,170.31268841648105,173.1292998910725,169.03782743302548,171.50217523014655,171.50217523014655,11795169.0,sample,2026-09-24 19:05:19.757444+00:00
AMZN,2024-12-20 00:00:00+00:00,171.92892667374934,173.87168421653553,171.66331097641734,173.5908021237294,173.5908021237294,3288507.0,sample,2026-09-24 19:05:19.757444+00:00
AMZN,2024-12-23 00:00:00+00:00,173.37885492859763,174.91425692215407,173.20424912822597,173.97898585959183,173.97898585959183,12555021.0,sample,2026-09-24 19:05:19.757444+00:00
AMZN,2024-12-24 00:00:00+00:00,174.0811547961814,178.02701718867792,172.72007020810668,176.43833581649514,176.43833581649514,13687038.0,sample,2026-09-24 19:05:19.757444+00:00
AMZN,2024-12-25 00:00:00+00:00,176.31137980506676,178.21204244936297,174.13502294410685,174.7188174275917,174.7188174275917,6701944.0,sample,2026-09-24 19:05:19.757444+00:00
AMZN,2024-12-26 00:00:00+00:00,175.06272427322511,175.8297649032795,172.5329126479007,174.23575747538277,174.23575747538277,13625041.0,sample,2026-09-24 19:05:19.757444+00:00
AMZN,2024-12-27 00:00:00+00:00,174.50657783846503,175.06185840784352,173.0461826341262,173.93424222507375,173.93424222507375,16912367.0,sample,2026-09-24 19:05:19.757444+00:00
AMZN,2024-12-30 00:00:00+00:00,174.32157545831348,174.93175226119467,171.8580712454231,173.70289853718504,173.70289853718504,16036860.0,sample,2026-09-24 19:05:19.757444+00:00
AMZN,2024-12-31 00:00:00+00:00,173.52534151813268,178.08279127615128,172.89510833681652,176.89236713766348,176.89236713766348,12344074.0,sample,2026-09-24 19:05:19.757444+00:00
AMZN,2025-01-01 00:00:00+00:00,176.39090736509112,181.3322467820384,175.31041872342732,179.39298988471265,179.39298988471265,13567551.0,sample,2026-09-24 19:05:19.757444+00:00
AMZN,2025-01-02 00:00:00+00:00,179.30009065776866,182.6292809623506,177.61774193171792,181.83676932008436,181.83676932008436,6331103.0,sample,2026-09-24 19:05:19.757444+00:00
AMZN,2025-01-03 00:00:00+00:00,181.26537617011263,183.26770110406653,179.98288053565201,180.6578235612423,180.6578235612423,6767809.0,sample,2026-09-24 19:05:19.757444+00:00
AMZN,2025-01-06 00:00:00+00:00,180.00666932975602,182.22941437889298,179.5045781352283,180.08810495842536,180.08810495842536,15748417.0,sample,2026-09-24 19:05:19.757444+00:00
AMZN,2025-01-07 00:00:00+00:00,180.47407544110106,180.70459994769848,174.6015737242862,175.64337967557097,175.64337967557097,16587811.0,sample,2026-09-24 19:05:19.757444+00:00
AMZN,2025-01-08 00:00:00+00:00,176.03890482186625,176.70536706187366,172.4005298364365,172.60599812137,172.60599812137,6823128.0,sample,2026-09-24 19:05:19.757444+00:00
AMZN,2025-01-09 00:00:00+00:00,172.33571138364252,174.0864100887579,171.19111068267006,171.83236507115788,171.83236507115788,9761913.0,sample,2026-09-24 19:05:19.757444+00:00
AMZN,2025-01-10 00:00:00+00:00,172.28912173254366,174.081559634827,171.30233771151978,172.33910283484028,172.33910283484028,7824423.0,sample,2026-09-24 19:05:19.757444+00:00
AMZN,2025-01-13 00:00:00+00:00,172.82600696883017,173.12979667816083,170.18063965526636,171.4513044106388,171.4513044106388,17153257.0,sample,2026-09-24 19:05:19.757444+00:00
AMZN,2025-01-14 00:00:00+00:00,171.45843911761094,173.46818492152056,170.56714998140075,172.02857989560616,172.02857989560616,3072624.0,sample,2026-09-24 19:05:19.757444+00:00
AMZN,2025-01-15 00:00:00+00:00,172.29978093329902,176.9731741238335,170.63398385730136,175.4629377561292,175.4629377561292,9253745.0,sample,2026-09-24 19:05:19.757444+00:00
AMZN,2025-01-16 00:00:00+00:00,175.15084789126223,176.47634648739168,171.83038994312693,173.3667080426205,173.3667080426205,15485539.0,sample,2026-09-24 19:05:19.757444+00:00
AMZN,2025-01-17 00:00:00+00:00,173.5606375030587,175.28633887617661,171.57539270268825,172.94962375271717,172.94962375271717,7076403.0,sample,2026-09-24 19:05:19.757444+00:00
AMZN,2025-01-20 00:00:00+00:00,173.5921203345379,174.018661208895,169.9097439167928,170.41153985992958,170.41153985992958,5417075.0,sample,2026-09-24 19:05:19.757444+00:00
AMZN,2025-01-21 00:00:00+00:00,170.44684758586234,171.79422412838534,169.38604564937663,171.45635522409077,171.45635522409077,10416275.0,sample,2026-09-24 19:05:19.757444+00:00
AMZN,2025-01-22 00:00:00+00:00,171.3336736476605,172.6932251362438,165.91509844169892,166.48682804197085,166.48682804197085,3468747.0,sample,2026-09-24 19:05:19.757444+00:00
AMZN,2025-01-23 00:00:00+00:00,166.81004378218935,171.62786868386576,166.37893667637266,170.49965524438466,170.49965524438466,2063756.0,sample,2026-09-24 19:05:19.757444+00:00
AMZN,2025-01-24 00:00:00+00:00,170.97232592686956,177.78795604169156,169.0094179576817,176.89803946900884,176.89803946900884,2768197.0,sample,2026-09-24 19:05:19.757444+00:00
AMZN,2025-01-27 00:00:00+00:00,176.9364761736548,182.5244962496958,174.93726394198902,181.4772192213574,181.4772192213574,8586930.0,sample,2026-09-24 19:05:19.757444+00:00
AMZN,2025-01-28 00:00:00+00:00,181.12615557772045,182.08218019428756,179.27586971584378,179.7498403317804,179.7498403317804,17143246.0,sample,2026-09-24 19:05:19.757444+00:00
AMZN,2025-01-29 00:00:00+00:00,178.92493475720724,185.13649098849768,177.69906815288442,184.2148832770829,184.2148832770829,13352786.0,sample,2026-09-24 19:05:19.757444+00:00
AMZN,2025-01-30 00:00:00+00:00,184.0494028226027,185.20849437174329,179.72393756247104,180.16274775125243,180.16274775125243,9584507.0,sample,2026-09-24 19:05:19.757444+00:00
AMZN,2025-01-31 00:00:00+00:00,179.7840986216077,180.39423815317122,177.12128509471316,178.15625846054158,178.15625846054158,13714840.0,sample,2026-09-24 19:05:19.757444+00:00
AMZN,2025-02-03 00:00:00+00:00,179.0524387712511,179.72589686102947,175.55136387595186,176.75582493132927,176.75582493132927,14494466.0,sample,2026-09-24 19:05:19.757444+00:00
AMZN,2025-02-04 00:00:00+00:00,176.4673245173918,178.99179045186227,176.20295826724777,178.53646230329397,178.53646230329397,4857619.0,sample,2026-09-24 19:05:19.757444+00:00
AMZN,2025-02-05 00:00:00+00:00,178.5900084558566,179.7877622046257,177.30635607969464,177.7366201615917,177.7366201615917,4959142.0,sample,2026-09-24 19:05:19.757444+00:00
AMZN,2025-02-06 00:00:00+00:00,177.66835416273295,178.8301308536993,176.5715011358396,178.4198955322546,178.4198955322546,2789764.0,sample,2026-09-24 19:05:19.757444+00:00
AMZN,2025-02-07 00:00:00+00:00,178.84054269806293,180.64502952773347,175.38649886597102,177.1203094243749,177.1203094243749,10044769.0,sample,2026-09-24 19:05:19.757444+00:00
AMZN,2025-02-10 00:00:00+00:00,176.98504913131512,179.30173344573873,175.14360981976142,178.67601387991726,178.67601387991726,4632374.0,sample,2026-09-24 19:05:19.757444+00:00
AMZN,2025-02-11 00:00:00+00:00,178.79531988269352,179.21821423864677,175.5487749442568,176.39332445863388,176.39332445863388,17801415.0,sample,2026-09-24 19:05:19.757444+00:00
AMZN,2025-02-12 00:00:00+00:00,176.4047638060702,176.7869258908483,174.89683395001882,175.21563981638494,175.21563981638494,4057949.0,sample,2026-09-24 19:05:19.757444+00:00
AMZN,2025-02-13 00:00:00+00:00,175.013458345947,176.80094136905203,169.37755319203643,170.97561921098327,170.97561921098327,13001220.0,sample,2026-09-24 19:05:19.757444+00:00
AMZN,2025-02-14 00:00:00+00:00,170.8627193241219,174.349688705841,168.82695693712378,172.7060797100259,172.7060797100259,9204332.0,sample,2026-09-24 19:05:19.757444+00:00
AMZN,2025-02-17 00:00:00+00:00,172.37155181447673,175.61501346527197,170.99676956495352,174.90115658950194,174.90115658950194,12912711.0,sample,2026-09-24 19:05:19.757444+00:00
AMZN,2025-02-18 00:00:00+00:00,175.07962540644326,175.44782259613038,172.08608927487472,173.78652418159905,173.78652418159905,13973124.0,sample,2026-09-24 19:05:19.757444+00:00
AMZN,2025-02-19 00:00:00+00:00,173.8127506382482,174.09983963332587,172.4337537177218,172.91650437446125,172.91650437446125,13669386.0,sample,2026-09-24 19:05:19.757444+00:00
AMZN,2025-02-20 00:00:00+00:00,173.2828020313247,173.6165323632235,169.51481334626672,170.95823866194988,170.95823866194988,2258279.0,sample,2026-09-24 19:05:19.757444+00:00
AMZN,2025-02-21 00:00:00+00:00,171.1104040300513,173.1884139286784,170.12543528004207,171.97669591774942,171.97669591774942,16957918.0,sample,2026-09-24 19:05:19.757444+00:00
AMZN,2025-02-24 00:00:00+00:00,171.85929922496499,173.9631357386688,170.19421361296511,173.11582922677823,173.11582922677823,3202665.0,sample,2026-09-24 19:05:19.757444+00:00
AMZN,2025-02-25 00:00:00+00:00,173.22782456611426,174.4537725681519,172.42797871008793,172.61962923889402,172.61962923889402,13405078.0,sample,2026-09-24 19:05:19.757444+00:00
AMZN,2025-02-26 00:00:00+00:00,172.59228596636592,173.9391765866158,166.90265597152023,168.83809112304658,168.83809112304658,14953437.0,sample,2026-09-24 19:05:19.757444+00:00
AMZN,2025-02-27 00:00:00+00:00,169.43271047072756,172.08158786445432,168.49844325632404,171.56516699661051,171.56516699661051,9451674.0,sample,2026-09-24 19:05:19.757444+00:00
AMZN,2025-02-28 00:00:00+00:00,171.82481742570107,172.81766295926877,165.99530634101964,166.38655092416266,166.38655092416266,12348865.0,sample,2026-09-24 19:05:19.757444+00:00
AMZN,2025-03-03 00:00:00+00:00,166.3028267633882,167.9646751049253,165.4968456416601,166.64518881234002,166.64518881234002,15719476.0,sample,2026-09-24 19:05:19.757444+00:00
AMZN,2025-03-04 00:00:00+00:00,167.10334739080295,167.67385389453756,159.45948914925071,161.37283419268633,161.37283419268633,8822577.0,sample,2026-09-24 19:05:19.757444+00:00
AMZN,2025-03-05 00:00:00+00:00,161.00263683944928,162.47730705468646,157.7441473879759,158.70695039458928,158.70695039458928,2645702.0,sample,2026-09-24 19:05:19.757444+00:00
AMZN,2025-03-06 00:00:00+00:00,158.45571889025715,163.1969154171109,157.85766467083826,162.65614419412128,162.65614419412128,9425038.0,sample,2026-09-24 19:05:19.757444+00:00
AMZN,2025-03-07 00:00:00+00:00,162.51860652407183,167.1612048880722,161.91810430527354,166.3081781844863,166.3081781844863,5808005.0,sample,2026-09-24 19:05:19.757444+00:00
AMZN,2025-03-10 00:00:00+00:00,166.8002816360165,170.1587148307179,166.02862252940963,168.34807107192117,168.34807107192117,11408265.0,sample,2026-09-24 19:05:19.757444+00:00
AMZN,2025-03-11 00:00:00+00:00,168.19664138664373,171.14987574162842,167.64191981234222,170.33931642843575,170.33931642843575,17875102.0,sample,2026-09-24 19:05:19.757444+00:00
AMZN,2025-03-12 00:00:00+00:00,170.25675445794153,172.24051439647755,166.7947130254839,168.73504812917406,168.73504812917406,5282646.0,sample,2026-09-24 19:05:19.757444+00:00
AMZN,2025-03-13 00:00:00+00:00,168.9464023121426,169.45831922179218,165.14769330594893,166.9453622603625,166.9453622603625,16148136.0,sample,2026-09-24 19:05:19.757444+00:00
AMZN,2025-03-14 00:00:00+00:00,166.95674783453632,168.7285139960586,165.22112000709544,166.42474022769574,166.42474022769574,3636138.0,sample,2026-09-24 19:05:19.757444+00:00
AMZN,2025-03-17 00:00:00+00:00,166.22585377888376,166.7522248304399,162.03541602784784,162.89555725839332,162.89555725839332,14994813.0,sample,2026-09-24 19:05:19.757444+00:00
AMZN,2025-03-18 00:00:00+00:00,162.8088156072858,166.2635454894633,162.19952149694973,164.3787245701575,164.3787245701575,12420115.0,sample,2026-09-24 19:05:19.757444+00:00
AMZN,2025-03-19 00:00:00+00:00,163.58052662740002,168.19506077781676,161.97477790639508,167.73938515965006,167.73938515965006,14089056.0,sample,2026-09-24 19:05:19.757444+00:00
AMZN,2025-03-20 00:00:00+00:00,167.8097607877558,172.04775727305682,165.9300658102987,171.0760629420269,171.0760629420269,5491226.0,sample,2026-09-24 19:05:19.757444+00:00
AMZN,2025-03-21 00:00:00+00:00,170.9549651812992,174.96379921075282,170.65288199110952,174.7615212430824,174.7615212430824,17485889.0,sample,2026-09-24 19:05:19.757444+00:00
AMZN,2025-03-24 00:00:00+00:00,174.86195158491924,176.9192626365591,172.79764032504346,175.22195649647844,175.22195649647844,10001132.0,sample,2026-09-24 19:05:19.757444+00:00
AMZN,2025-03-25 00:00:00+00:00,175.02863656824735,180.87844537797227,173.64038726366334,178.93764803711858,178.93764803711858,4833748.0,sample,2026-09-24 19:05:19.757444+00:00
AMZN,2025-03-26 00:00:00+00:00,179.30869006399536,179.89876959014464,178.2226457286362,178.9905708206211,178.9905708206211,4443922.0,sample,2026-09-24 19:05:19.757444+00:00
AMZN,2025-03-27 00:00:00+00:00,179.19948743233923,180.1425611145223,171.66061430122537,172.56243942240005,172.56243942240005,16608926.0,sample,2026-09-24 19:05:19.757444+00:00
AMZN,2025-03-28 00:00:00+00:00,171.93897629607136,177.5367956083909,169.9226960782929,176.35351111582736,176.35351111582736,2508666.0,sample,2026-09-24 19:05:19.757444+00:00
AMZN,2025-03-31 00:00:00+00:00,175.9104282457358,176.6742181548145,173.30185444764805,174.66347982758165,174.66347982758165,9483336.0,sample,2026-09-24 19:05:19.757444+00:00
AMZN,2025-04-01 00:00:00+00:00,174.92194803230888,176.41258782367944,168.81256939193003,169.8225218807374,169.8225218807374,4618730.0,sample,2026-09-24 19:05:19.757444+00:00
AMZN,2025-04-02 00:00:00+00:00,169.75830850545412,173.11058685556793,169.39353323899343,171.59028495434822,171.59028495434822,7821075.0,sample,2026-09-24 19:05:19.757444+00:00
AMZN,2025-04-03 00:00:00+00:00,171.8522848603584,177.28885577574658,170.50884923285972,175.4892199405161,175.4892199405161,6478495.0,sample,2026-09-24 19:05:19.757444+00:00
AMZN,2025-04-04 00:00:00+00:00,175.2741377385452,176.69561966923138,171.39754291656322,171.93440503887442,171.93440503887442,13034113.0,sample,2026-09-24 19:05:19.757444+00:00
AMZN,2025-04-07 00:00:00+00:00,171.81836709705985,172.6742438976949,170.48665727321625,171.06060415850044,171.06060415850044,15749189.0,sample,2026-09-24 19:05:19.757444+00:00
AMZN,2025-04-08 00:00:00+00:00,171.41903223978113,173.93581129525316,169.92638584687734,171.9951783028973,171.9951783028973,16649654.0,sample,2026-09-24 19:05:19.757444+00:00
AMZN,2025-04-09 00:00:00+00:00,172.1815400393931,174.02296989575987,170.23070168545271,171.55384065082086,171.55384065082086,7631142.0,sample,2026-09-24 19:05:19.757444+00:00
AMZN,2025-04-10 00:00:00+00:00,171.9923152658172,176.42768231871233,170.52474435476083,175.02201007486224,175.02201007486224,4305261.0,sample,2026-09-24 19:05:19.757444+00:00
AMZN,2025-04-11 00:00:00+00:00,174.52531761404848,176.09162873323143,172.00070037930644,173.2940467892873,173.2940467892873,15637607.0,sample,2026-09-24 19:05:19.757444+00:00
AMZN,2025-04-14 00:00:00+00:00,173.04320088858674,175.558838064762,171.58043991403008,174.6646994527738,174.6646994527738,6998916.0,sample,2026-09-24 19:05:19.757444+00:00
AMZN,2025-04-15 00:00:00+00:00,174.52532143018863,175.09722994789274,169.10999707213543,169.4930194277416,169.4930194277416,1828463.0,sample,2026-09-24 19:05:19.757444+00:00
AMZN,2025-04-16 00:00:00+00:00,170.00972550150735,176.96453094207055,169.815155751189,175.84287442523402,175.84287442523402,16054384.0,sample,2026-09-24 19:05:19.757444+00:00
AMZN,2025-04-17 00:00:00+00:00,175.86304053582262,177.1358009895175,170.15230886460668,171.0275446986288,171.0275446986288,13867008.0,sample,2026-09-24 19:05:19.757444+00:00
AMZN,2025-04-18 00:00:00+00:00,170.8941619519373,172.59174387207486,169.72792572284737,171.50374252864654,171.50374252864654,2875165.0,sample,2026-09-24 19:05:19.757444+00:00
AMZN,2025-04-21 00:00:00+00:00,171.55177490968745,171.86796015706352,166.81086170546186,168.39636757905757,168.39636757905757,6630390.0,sample,2026-09-24 19:05:19.757444+00:00
AMZN,2025-04-22 00:00:00+00:00,168.44052063799379,173.91875832899103,168.25562637524337,172.06681152934087,172.06681152934087,11058139.0,sample,2026-09-24 19:05:19.757444+00:00
AMZN,2025-04-23 00:00:00+00:00,172.77413128194482,173.43322034316955,171.33265894626874,173.11517153470837,173.11517153470837,11778998.0,sample,2026-09-24 19:05:19.757444+00:00
AMZN,2025-04-24 00:00:00+00:00,173.42593460481612,177.717149837432,172.61985960795164,175.62953682032332,175.62953682032332,8192222.0,sample,2026-09-24 19:05:19.757444+00:00
AMZN,2025-04-25 00:00:00+00:00,175.52852204613095,180.79711119728051,174.77563730773474,178.72009164406668,178.72009164406668,5027121.0,sample,2026-09-24 19:05:19.757444+00:00
AMZN,2025-04-28 00:00:00+00:00,178.84545633891125,179.81727367508157,175.70571011264317,176.9521341235353,176.9521341235353,16073568.0,sample,2026-09-24 19:05:19.757444+00:00
AMZN,2025-04-29 00:00:00+00:00,176.4632653090575,179.95675673290887,174.9769011902666,178.28003064210594,178.28003064210594,8540180.0,sample,2026-09-24 19:05:19.757444+00:00
AMZN,2025-04-30 00:00:00+00:00,178.31495313406916,178.57154416376173,172.34388790520012,172.58333820817433,172.58333820817433,17494384.0,sample,2026-09-24 19:05:19.757444+00:00
AMZN,2025-05-01 00:00:00+00:00,172.11072074118272,173.8262883132038,169.66350961653734,170.49164400469394,170.49164400469394,6826436.0,sample,2026-09-24 19:05:19.757444+00:00
AMZN,2025-05-02 00:00:00+00:00,170.58133193879175,173.62378648393116,169.66313973281072,171.81829755952398,171.81829755952398,3679603.0,sample,2026-09-24 19:05:19.757444+00:00
AMZN,2025-05-05 00:00:00+00:00,171.30443456038458,176.20379143726004,171.0423302841536,174.28701625717756,174.28701625717756,14813933.0,sample,2026-09-24 19:05:19.757444+00:00
AMZN,2025-05-06 00:00:00+00:00,174.35484623287905,177.05031915422146,172.48727469522603,175.16200800997498,175.16200800997498,3390776.0,sample,2026-09-24 19:05:19.757444+00:00
AMZN,2025-05-07 00:00:00+00:00,174.85692156644814,176.6398990959173,173.40594497079033,174.41845305766995,174.41845305766995,2051461.0,sample,2026-09-24 19:05:19.757444+00:00
AMZN,2025-05-08 00:00:00+00:00,175.18520170611276,176.82172934379003,172.19249756868356,173.1134195757951,173.1134195757951,7372666.0,sample,2026-09-24 19:05:19.757444+00:00
AMZN,2025-05-09 00:00:00+00:00,172.75952956479003,174.15329863590622,170.25853549246156,171.05718169342958,171.05718169342958,8313151.0,sample,2026-09-24 19:05:19.757444+00:00
AMZN,2025-05-12 00:00:00+00:00,171.0822601452764,172.45376564041436,169.48375990353207,170.27893914591337,170.27893914591337,4311087.0,sample,2026-09-24 19:05:19.757444+00:00
AMZN,2025-05-13 00:00:00+00:00,170.63802134625428,171.72302740437905,168.44087391712256,169.90376437436342,169.90376437436342,3151820.0,sample,2026-09-24 19:05:19.757444+00:00
AMZN,2025-05-14 00:00:00+00:00,169.7284841613867,173.0371196259621,167.80454002054273,171.88244499772466,171.88244499772466,12197910.0,sample,2026-09-24 19:05:19.757444+00:00
AMZN,2025-05-15 00:00:00+00:00,172.25658065023183,174.59973162173372,170.72142441600076,173.63293942430462,173.63293942430462,16343285.0,sample,2026-09-24 19:05:19.757444+00:00
AMZN,2025-05-16 00:00:00+00:00,173.53226134879398,175.56136443400075,169.56095706489268,170.3415535662168,170.3415535662168,11749708.0,sample,2026-09-24 19:05:19.757444+00:00
AMZN,2025-05-19 00:00:00+00:00,170.76799042173707,172.27530887406303,167.53465303697305,169.0972470689341,169.0972470689341,6401547.0,sample,2026-09-24 19:05:19.757444+00:00
AMZN,2025-05-20 00:00:00+00:00,168.9455960806885,173.955637523024,168.5490544140059,172.27823593907175,172.27823593907175,6549727.0,sample,2026-09-24 19:05:19.757444+00:00
AMZN,2025-05-21 00:00:00+00:00,172.34260385928363,173.74290040809834,170.17443142710235,171.02292508849814,171.02292508849814,6902582.0,sample,2026-09-24 19:05:19.757444+00:00
AMZN,2025-05-22 00:00:00+00:00,170.86661876893277,173.59841747876897,168.934165646861,171.63290102698303,171.63290102698303,11022399.0,sample,2026-09-24 19:05:19.757444+00:00
AMZN,2025-05-23 00:00:00+00:00,171.68517798666997,172.8690663302549,166.3407777036752,167.33195049752922,167.33195049752922,5676320.0,sample,2026-09-24 19:05:19.757444+00:00
AMZN,2025-05-26 00:00:00+00:00,167.09121492076508,169.41631669521814,166.8351008603305,168.02130445000844,168.02130445000844,6022575.0,sample,2026-09-24 19:05:19.757444+00:00
AMZN,2025-05-27 00:00:00+00:00,167.9727837145145,169.81225640905473,164.30131133846882,164.52582759019353,164.52582759019353,8681400.0,sample,2026-09-24 19:05:19.757444+00:00
AMZN,2025-05-28 00:00:00+00:00,164.60302476931292,165.65232436368646,161.0686666667598,161.260587797323,161.260587797323,8164443.0,sample,2026-09-24 19:05:19.757444+00:00
AMZN,2025-05-29 00:00:00+00:00,161.20594649271172,162.73587423332197,158.34897096731763,158.79332553380317,158.79332553380317,14734560.0,sample,2026-09-24 19:05:19.757444+00:00
AMZN,2025-05-30 00:00:00+00:00,159.15624984404084,170.57056106761635,158.5233481122889,170.22173700311308,170.22173700311308,11802649.0,sample,2026-09-24 19:05:19.757444+00:00
AMZN,2025-06-02 00:00:00+00:00,170.43337485864888,170.87064259842356,168.8258845316583,169.2252073766249,169.2252073766249,6052508.0,sample,2026-09-24 19:05:19.757444+00:00
AMZN,2025-06-03 00:00:00+00:00,169.3212176507837,171.83755280897597,168.57063972087906,169.80943887967553,169.80943887967553,2943954.0,sample,2026-09-24 19:05:19.757444+00:00
AMZN,2025-06-04 00:00:00+00:00,169.71803757438536,171.52824360820912,169.07825888607945,171.12497619035148,171.12497619035148,16576304.0,sample,2026-09-24 19:05:19.757444+00:00
AMZN,2025-06-05 00:00:00+00:00,170.8704626464531,171.60065152041588,169.21144122593475,170.35067859000324,170.35067859000324,9996234.0,sample,2026-09-24 19:05:19.757444+00:00
AMZN,2025-06-06 00:00:00+00:00,170.25623468124718,170.95476449791454,169.06562326115994,170.7737533151187,170.7737533151187,15961611.0,sample,2026-09-24 19:05:19.757444+00:00
AMZN,2025-06-09 00:00:00+00:00,171.41266000632905,171.99250104776814,167.7826145729998,169.32759921159285,169.32759921159285,10280601.0,sample,2026-09-24 19:05:19.757444+00:00
AMZN,2025-06-10 00:00:00+00:00,169.66671670013397,171.64532851434487,165.80589096967162,167.0027783819443,167.0027783819443,6911715.0,sample,2026-09-24 19:05:19.757444+00:00
AMZN,2025-06-11 00:00:00+00:00,167.410477679947,167.94324903865902,165.71285022261029,167.36505654709447,167.36505654709447,4639143.0,sample,2026-09-24 19:05:19.757444+00:00
AMZN,2025-06-12 00:00:00+00:00,167.62382746739002,167.89726950319903,162.31326895544495,164.05300851654877,164.05300851654877,11776357.0,sample,2026-09-24 19:05:19.757444+00:00
AMZN,2025-06-13 00:00:00+00:00,164.3067398042325,166.11477310657787,160.0691269054118,160.87915379291334,160.87915379291334,2762690.0,sample,2026-09-24 19:05:19.757444+00:00
AMZN,2025-06-16 00:00:00+00:00,160.49955220360928,161.00880403462503,155.54864134725952,156.78360387912542,156.78360387912542,9846899.0,sample,2026-09-24 19:05:19.757444+00:00
AMZN,2025-06-17 00:00:00+00:00,156.13452129304412,160.78292434125288,154.9131339725577,160.14424257287024,160.14424257287024,5749545.0,sample,2026-09-24 19:05:19.757444+00:00
AMZN,2025-06-18 00:00:00+00:00,159.61995506031383,160.09711410112246,152.63392164261478,153.1251937138357,153.1251937138357,6983391.0,sample,2026-09-24 19:05:19.757444+00:00
AMZN,2025-06-19 00:00:00+00:00,153.06604312588502,154.42901990919023,151.33764922771917,151.70728389570561,151.70728389570561,10383214.0,sample,2026-09-24 19:05:19.757444+00:00
AMZN,2025-06-20 00:00:00+00:00,151.778816986382,157.95787809503648,151.4439083233535,157.18873725431837,157.18873725431837,15639917.0,sample,2026-09-24 19:05:19.757444+00:00
AMZN,2025-06-23 00:00:00+00:00,157.21092273584037,158.69063246021773,153.9949525850873,155.64299819636372,155.64299819636372,4721235.0,sample,2026-09-24 19:05:19.757444+00:00
AMZN,2025-06-24 00:00:00+00:00,155.40096657680735,157.13994632038094,154.77461032634878,156.70945870660964,156.70945870660964,13697771.0,sample,2026-09-24 19:05:19.757444+00:00
AMZN,2025-06-25 00:00:00+00:00,157.17559687946348,158.13995957091285,154.6869254214107,156.10824739171446,156.10824739171446,5710602.0,sample,2026-09-24 19:05:19.757444+00:00
AMZN,2025-06-26 00:00:00+00:00,156.2850766028386,157.65638489291848,154.69207145561867,154.94637036071228,154.94637036071228,3588072.0,sample,2026-09-24 19:05:19.757444+00:00
AMZN,2025-06-27 00:00:00+00:00,154.91115894617062,156.70571486121577,152.71597895940798,153.32969558662023,153.32969558662023,17359262.0,sample,2026-09-24 19:05:19.757444+00:00
AMZN,2025-06-30 00:00:00+00:00,153.17219007673796,153.38909098952365,151.47281898746243,151.77845047918274,151.77845047918274,5099292.0,sample,2026-09-24 19:05:19.757444+00:00
AMZN,2025-07-01 00:00:00+00:00,151.7432727057244,154.60744697019226,150.3808208689556,154.27924392629726,154.27924392629726,17181367.0,sample,2026-09-24 19:05:19.757444+00:00
AMZN,2025-07-02 00:00:00+00:00,153.67857692151247,154.42241857926925,152.21168886422453,153.97881894574454,153.97881894574454,2750762.0,sample,2026-09-24 19:05:19.757444+00:00
AMZN,2025-07-03 00:00:00+00:00,153.50721553236195,153.8727825669446,152.09956337552373,152.39139135806604,152.39139135806604,5428241.0,sample,2026-09-24 19:05:19.757444+00:00
AMZN,2025-07-04 00:00:00+00:00,152.77356481008005,153.09349246818502,151.77208995044907,152.29900110526017,152.29900110526017,2784860.0,sample,2026-09-24 19:05:19.757444+00:00
AMZN,2025-07-07 00:00:00+00:00,152.21720333624614,153.25174528558284,149.4331924401236,151.1212819393608,151.1212819393608,4931582.0,sample,2026-09-24 19:05:19.757444+00:00
AMZN,2025-07-08 00:00:00+00:00,151.34092231865054,153.89944107162816,150.536632381882,152.24822771487302,152.24822771487302,4141327.0,sample,2026-09-24 19:05:19.757444+00:00
AMZN,2025-07-09 00:00:00+00:00,151.55634114255284,151.8798530767694,148.41462781953132,149.6637866093668,149.6637866093668,11002498.0,sample,2026-09-24 19:05:19.757444+00:00
AMZN,2025-07-10 00:00:00+00:00,149.79500939543345,152.33459353878172,149.59795952201915,151.98548290794486,151.98548290794486,9098044.0,sample,2026-09-24 19:05:19.757444+00:00
AMZN,2025-07-11 00:00:00+00:00,152.1884937846351,153.14749231149563,148.3773303413252,150.14359032098935,150.14359032098935,8712172.0,sample,2026-09-24 19:05:19.757444+00:00
AMZN,2025-07-14 00:00:00+00:00,149.83357867997185,153.02085746711234,149.54147454398515,152.04467239726327,152.04467239726327,17039936.0,sample,2026-09-24 19:05:19.757444+00:00
AMZN,2025-07-15 00:00:00+00:00,151.74651039858094,152.33090607066075,149.00270107458837,149.6768151366029,149.6768151366029,11694141.0,sample,2026-09-24 19:05:19.757444+00:00
AMZN,2025-07-16 00:00:00+00:00,150.04721038020975,151.43660815314777,149.15481077075896,151.24472844818777,151.24472844818777,11423811.0,sample,2026-09-24 19:05:19.757444+00:00
AMZN,2025-07-17 00:00:00+00:00,151.1937055902692,151.70689863190572,147.79990172452491,149.09105635566098,149.09105635566098,5290104.0,sample,2026-09-24 19:05:19.757444+00:00
AMZN,2025-07-18 00:00:00+00:00,149.1023977651487,150.02172816555313,148.6091767250007,149.64423426734203,149.64423426734203,2999256.0,sample,2026-09-24 19:05:19.757444+00:00
AMZN,2025-07-21 00:00:00+00:00,149.7981496604408,150.26691770221834,147.26344220033096,148.73149396487753,148.73149396487753,5139781.0,sample,2026-09-24 19:05:19.757444+00:00
AMZN,2025-07-22 00:00:00+00:00,148.82861740973513,149.5196208505177,147.92922715719482,149.06722691935366,149.06722691935366,16663555.0,sample,2026-09-24 19:05:19.757444+00:00
AMZN,2025-07-23 00:00:00+00:00,148.6832068171747,151.00087708052476,147.92959334417313,150.80686466500603,150.80686466500603,16917791.0,sample,2026-09-24 19:05:19.757444+00:00
AMZN,2025-07-24 00:00:00+00:00,150.50035983545533,151.19573264107535,149.59925085473148,150.70189948815275,150.70189948815275,11028373.0,sample,2026-09-24 19:05:19.757444+00:00
AMZN,2025-07-25 00:00:00+00:00,151.173000471963,155.00831828085978,150.529907422667,154.56104303607913,154.56104303607913,4547152.0,sample,2026-09-24 19:05:19.757444+00:00
AMZN,2025-07-28 00:00:00+00:00,154.80305315476673,158.98631406453248,153.3948550561767,158.4820175793428,158.4820175793428,3418633.0,sample,2026-09-24 19:05:19.757444+00:00
AMZN,2025-07-29 00:00:00+00:00,158.6409336240859,166.3842059290082,157.8198271538571,165.8245041192883,165.8245041192883,11035100.0,sample,2026-09-24 19:05:19.757444+00:00
AMZN,2025-07-30 00:00:00+00:00,165.99242911358027,168.42974886006684,165.2263060507781,167.2208965874681,167.2208965874681,3309696.0,sample,2026-09-24 19:05:19.757444+00:00
AMZN,2025-07-31 00:00:00+00:00,167.3139618502057,167.93230926812782,160.35696502945848,160.86070537731206,160.86070537731206,16092186.0,sample,2026-09-24 19:05:19.757444+00:00
AMZN,2025-08-01 00:00:00+00:00,160.84847482370952,162.3945469774799,159.28852733047773,160.64152180643086,160.64152180643086,14912803.0,sample,2026-09-24 19:05:19.757444+00:00
AMZN,2025-08-04 00:00:00+00:00,160.5810961783199,164.6754378920569,159.13223125251932,164.44919334114746,164.44919334114746,14464701.0,sample,2026-09-24 19:05:19.757444+00:00
AMZN,2025-08-05 00:00:00+00:00,164.64424606982251,165.84724171809637,163.61444896888543,165.62869994539938,165.62869994539938,9797931.0,sample,2026-09-24 19:05:19.757444+00:00
AMZN,2025-08-06 00:00:00+00:00,165.8702202722888,173.64439624145976,164.9934131494107,172.35267745992226,172.35267745992226,6851515.0,sample,2026-09-24 19:05:19.757444+00:00
AMZN,2025-08-07 00:00:00+00:00,171.87368319529043,173.24672960899005,167.30423364416762,168.51515196234695,168.51515196234695,14206592.0,sample,2026-09-24 19:05:19.757444+00:00
AMZN,2025-08-08 00:00:00+00:00,168.0712702387079,174.69716604070382,166.2449606222568,173.99315627550035,173.99315627550035,14095612.0,sample,2026-09-24 19:05:19.757444+00:00
AMZN,2025-08-11 00:00:00+00:00,174.7666341223983,175.54548381929814,173.41021158094188,175.13782272603225,175.13782272603225,13397699.0,sample,2026-09-24 19:05:19.757444+00:00
AMZN,2025-08-12 00:00:00+00:00,174.94150480888183,175.90342129080094,172.68290145454137,173.19497681968178,173.19497681968178,10770456.0,sample,2026-09-24 19:05:19.757444+00:00
AMZN,2025-08-13 00:00:00+00:00,173.38688423656825,173.96198772654864,170.68687923283917,170.87839454693878,170.87839454693878,14782245.0,sample,2026-09-24 19:05:19.757444+00:00
AMZN,2025-08-14 00:00:00+00:00,171.20919286324133,173.4531204551273,170.33531122554965,173.22185151889514,173.22185151889514,14809355.0,sample,2026-09-24 19:05:19.757444+00:00
AMZN,2025-08-15 00:00:00+00:00,172.4521391549577,173.70473848726112,167.4300035463346,168.40309046806382,168.40309046806382,16574050.0,sample,2026-09-24 19:05:19.757444+00:00
AMZN,2025-08-18 00:00:00+00:00,168.02749068079484,168.40739576705369,164.2458973661686,165.29833484108036,165.29833484108036,8291491.0,sample,2026-09-24 19:05:19.757444+00:00
AMZN,2025-08-19 00:00:00+00:00,164.9358017054017,166.94144455661592,163.2030289499119,166.31600741728963,166.31600741728963,14807959.0,sample,2026-09-24 19:05:19.757444+00:00
AMZN,2025-08-20 00:00:00+00:00,167.07244544131277,168.89599591464983,165.34137869171735,165.7847780553617,165.7847780553617,15400809.0,sample,2026-09-24 19:05:19.757444+00:00
AMZN,2025-08-21 00:00:00+00:00,165.95289725541187,174.75944704832307,165.58862838551735,173.79270239827693,173.79270239827693,8377796.0,sample,2026-09-24 19:05:19.757444+00:00
AMZN,2025-08-22 00:00:00+00:00,174.44778211699733,175.0087245648678,171.00143204970433,172.7236592527959,172.7236592527959,10136082.0,sample,2026-09-24 19:05:19.757444+00:00
AMZN,2025-08-25 00:00:00+00:00,172.65540503535502,173.3329817896236,169.12676196864663,171.0965373795462,171.0965373795462,17323034.0,sample,2026-09-24 19:05:19.757444+00:00
AMZN,2025-08-26 00:00:00+00:00,171.27230860510846,173.14127769473873,165.56177081696984,167.2906620502007,167.2906620502007,13229384.0,sample,2026-09-24 19:05:19.757444+00:00
AMZN,2025-08-27 00:00:00+00:00,167.26123081251123,173.72701182647327,165.94785860393097,172.9591084868409,172.9591084868409,2713330.0,sample,2026-09-24 19:05:19.757444+00:00
AMZN,2025-08-28 00:00:00+00:00,173.30494275937147,173.92104898552054,167.94088246372021,168.74515276210852,168.74515276210852,5111115.0,sample,2026-09-24 19:05:19.757444+00:00
AMZN,2025-08-29 00:00:00+00:00,168.9783889550289,169.90696468680395,164.82369375171325,166.79156857827664,166.79156857827664,4799547.0,sample,2026-09-24 19:05:19.757444+00:00
AMZN,2025-09-01 00:00:00+00:00,167.34592397472477,169.242744387636,165.7516930567429,168.2405511015109,168.2405511015109,13777752.0,sample,2026-09-24 19:05:19.757444+00:00
AMZN,2025-09-02 00:00:00+00:00,168.364377678307,170.2816077293355,166.9589330473052,169.05374087623105,169.05374087623105,15032857.0,sample,2026-09-24 19:05:19.757444+00:00
AMZN,2025-09-03 00:00:00+00:00,168.9783248895097,170.68466979930955,167.02524555990928,167.55085507503836,167.55085507503836,2863670.0,sample,2026-09-24 19:05:19.757444+00:00
AMZN,2025-09-04 00:00:00+00:00,167.75964065332437,168.12959529383184,164.61377476599498,164.944917437655,164.944917437655,14790630.0,sample,2026-09-24 19:05:19.757444+00:00
AMZN,2025-09-05 00:00:00+00:00,164.81739408041867,172.79913334066123,163.48083983372175,170.97276146135076,170.97276146135076,13637775.0,sample,2026-09-24 19:05:19.757444+00:00
AMZN,2025-09-08 00:00:00+00:00,170.83535965399528,180.23672174758653,170.38228475632727,178.32826841158342,178.32826841158342,5103267.0,sample,2026-09-24 19:05:19.757444+00:00
AMZN,2025-09-09 00:00:00+00:00,178.1863171150562,182.26547023006012,176.270640187642,180.42891124492917,180.42891124492917,5558540.0,sample,2026-09-24 19:05:19.757444+00:00
AMZN,2025-09-10 00:00:00+00:00,180.540591341867,180.8892951659017,177.01584714952116,178.78112672772662,178.78112672772662,8329240.0,sample,2026-09-24 19:05:19.757444+00:00
AMZN,2025-09-11 00:00:00+00:00,178.85542111081705,184.9765156897308,177.63624636378043,183.23714648272855,183.23714648272855,5330684.0,sample,2026-09-24 19:05:19.757444+00:00
AMZN,2025-09-12 00:00:00+00:00,183.1765421254327,188.89206910737508,182.20664727673713,188.43179429877986,188.43179429877986,2896757.0,sample,2026-09-24 19:05:19.757444+00:00
AMZN,2025-09-15 00:00:00+00:00,188.58081857329665,192.59745197450528,188.15515873907495,190.5838571758555,190.5838571758555,9261337.0,sample,2026-09-24 19:05:19.757444+00:00
AMZN,2025-09-16 00:00:00+00:00,191.21083583665765,193.1942555926886,190.41340913819337,190.97109669167688,190.97109669167688,7337470.0,sample,2026-09-24 19:05:19.757444+00:00
AMZN,2025-09-17 00:00:00+00:00,190.80933358533846,193.09464289718812,184.43301256726318,185.69671328268325,185.69671328268325,6614131.0,sample,2026-09-24 19:05:19.757444+00:00
AMZN,2025-09-18 00:00:00+00:00,185.6550901170448,190.61177266127808,183.5646057985887,189.9045800829074,189.9045800829074,4324350.0,sample,2026-09-24 19:05:19.757444+00:00
AMZN,2025-09-19 00:00:00+00:00,189.4723225501907,190.720545671038,187.2622694693744,188.46463202554798,188.46463202554798,9848115.0,sample,2026-09-24 19:05:19.757444+00:00
AMZN,2025-09-22 00:00:00+00:00,188.5057734066202,189.6248147539442,184.53321075442318,184.94790584484173,184.94790584484173,7996074.0,sample,2026-09-24 19:05:19.757444+00:00
AMZN,2025-09-23 00:00:00+00:00,184.9625877450613,187.12165380701907,183.74598154435017,186.81881885622937,186.81881885622937,1561935.0,sample,2026-09-24 19:05:19.757444+00:00
AMZN,2025-09-24 00:00:00+00:00,186.54453311008567,188.16471369385994,182.21547264544296,183.26210795800685,183.26210795800685,1559072.0,sample,2026-09-24 19:05:19.757444+00:00
AMZN,2025-09-25 00:00:00+00:00,183.37529797871625,184.9792922073245,179.83663082894827,181.08601828097738,181.08601828097738,9721666.0,sample,2026-09-24 19:05:19.757444+00:00
AMZN,2025-09-26 00:00:00+00:00,180.81954208518002,182.71696465966045,180.2355323058942,180.6938125848087,180.6938125848087,4959591.0,sample,2026-09-24 19:05:19.757444+00:00
AMZN,2025-09-29 00:00:00+00:00,180.46727058575607,182.4830586402568,178.1029703625001,178.55320866739766,178.55320866739766,17575444.0,sample,2026-09-24 19:05:19.757444+00:00
AMZN,2025-09-30 00:00:00+00:00,178.93364666968282,179.20488228153826,178.4241840633566,178.84744123189932,178.84744123189932,11366858.0,sample,2026-09-24 19:05:19.757444+00:00
AMZN,2025-10-01 00:00:00+00:00,178.74407710884543,180.32405457055305,177.97000953531705,179.60339979530409,179.60339979530409,11905198.0,sample,2026-09-24 19:05:19.757444+00:00
AMZN,2025-10-02 00:00:00+00:00,179.32648309309045,181.8647371176598,178.8499365754075,180.90890354182403,180.90890354182403,4377995.0,sample,2026-09-24 19:05:19.757444+00:00
AMZN,2025-10-03 00:00:00+00:00,180.8644037161096,188.26470534255506,180.47238949835386,186.52816721416042,186.52816721416042,10282591.0,sample,2026-09-24 19:05:19.757444+00:00
AMZN,2025-10-06 00:00:00+00:00,185.89183488692416,186.70615833897153,183.95083967316003,185.63508484319033,185.63508484319033,6805597.0,sample,2026-09-24 19:05:19.757444+00:00
AMZN,2025-10-07 00:00:00+00:00,185.23268156816613,198.93947952011533,184.8539956837721,196.77991558720692,196.77991558720692,8347742.0,sample,2026-09-24 19:05:19.757444+00:00
AMZN,2025-10-08 00:00:00+00:00,197.113358462029,198.59222732577493,196.39634929980798,198.024526860004,198.024526860004,5728432.0,sample,2026-09-24 19:05:19.757444+00:00
AMZN,2025-10-09 00:00:00+00:00,197.48055502423907,198.24841593147912,193.82024572367894,195.38168655997325,195.38168655997325,9943150.0,sample,2026-09-24 19:05:19.757444+00:00
AMZN,2025-10-10 00:00:00+00:00,195.65052113000468,197.21449924934575,188.0060266118524,188.39208852708688,188.39208852708688,9154672.0,sample,2026-09-24 19:05:19.757444+00:00
AMZN,2025-10-13 00:00:00+00:00,188.21903595431553,190.05322687768032,179.05698807253296,180.42156732776965,180.42156732776965,9395109.0,sample,2026-09-24 19:05:19.757444+00:00
AMZN,2025-10-14 00:00:00+00:00,180.79789809969932,181.35323735350093,177.47345177435048,178.5228182552081,178.5228182552081,5302942.0,sample,2026-09-24 19:05:19.757444+00:00
AMZN,2025-10-15 00:00:00+00:00,178.95182951578673,179.3395854646222,176.2380410790504,177.9504655703386,177.9504655703386,12573575.0,sample,2026-09-24 19:05:19.757444+00:00
AMZN,2025-10-16 00:00:00+00:00,178.5988132257913,180.1838333595549,177.66903196231465,179.81423276609002,179.81423276609002,1862726.0,sample,2026-09-24 19:05:19.757444+00:00
AMZN,2025-10-17 00:00:00+00:00,179.6041047462401,184.1844538395204,177.77932090427498,182.33555199151962,182.33555199151962,12110722.0,sample,2026-09-24 19:05:19.757444+00:00
AMZN,2025-10-20 00:00:00+00:00,182.2466042396422,182.82436473765173,180.18907412768894,181.73910693740308,181.73910693740308,4365764.0,sample,2026-09-24 19:05:19.757444+00:00
AMZN,2025-10-21 00:00:00+00:00,181.2806727080204,182.90520089869406,179.1179619457082,180.51497564553608,180.51497564553608,1993728.0,sample,2026-09-24 19:05:19.757444+00:00
AMZN,2025-10-22 00:00:00+00:00,180.7958325694717,182.76116891486694,179.8318524562971,180.27968367313892,180.27968367313892,2535345.0,sample,2026-09-24 19:05:19.757444+00:00
AMZN,2025-10-23 00:00:00+00:00,180.29264314623475,181.48374929450117,174.05584505538133,174.7529145262903,174.7529145262903,3037462.0,sample,2026-09-24 19:05:19.757444+00:00
AMZN,2025-10-24 00:00:00+00:00,174.73602399115182,176.44333741970547,171.46799842290062,172.55153195905078,172.55153195905078,4404056.0,sample,2026-09-24 19:05:19.757444+00:00
AMZN,2025-10-27 00:00:00+00:00,172.48726728281642,175.63759105377386,171.01001935580805,173.79674376673273,173.79674376673273,14566494.0,sample,2026-09-24 19:05:19.757444+00:00
AMZN,2025-10-28 00:00:00+00:00,173.94101702557012,177.15210429149084,172.44583724797363,175.14002725174424,175.14002725174424,12213611.0,sample,2026-09-24 19:05:19.757444+00:00
AMZN,2025-10-29 00:00:00+00:00,175.47142278879187,181.51958975991036,174.83011480130511,179.6885521305219,179.6885521305219,6979865.0,sample,2026-09-24 19:05:19.757444+00:00
AMZN,2025-10-30 00:00:00+00:00,179.64139602680427,181.92343553978264,177.78415867089777,180.88586988269702,180.88586988269702,6161564.0,sample,2026-09-24 19:05:19.757444+00:00
AMZN,2025-10-31 00:00:00+00:00,180.9717933043397,183.55149284823338,179.49620565296902,181.43259016416306,181.43259016416306,4440466.0,sample,2026-09-24 19:05:19.757444+00:00
