symbol,timestamp,open,high,low,close,adj_close,volume,source,ingestion_time
GOOGL,2025-01-02 14:30:00+00:00,120.15834833995862,120.78397298862109,119.97045881382496,120.34826910297282,120.34826910297282,17144614.0,sample,2026-09-24 19:05:19.467447+00:00
GOOGL,2025-01-02 15:30:00+00:00,120.1451287680212,122.7045569041554,119.16107933561625,121.47773552068226,121.47773552068226,5222356.0,sample,2026-09-24 19:05:19.467447+00:00
GOOGL,2025-01-02 16:30:00+00:00,121.46285813598304,122.91634603271505,119.64234504692163,120.67993757342833,120.67993757342833,10753501.0,sample,2026-09-24 19:05:19.467447+00:00
GOOGL,2025-01-02 17:30:00+00:00,120.75197116141148,121.73366994679859,119.62482703310211,120.64383591360874,120.64383591360874,4833822.0,sample,2026-09-24 19:05:19.467447+00:00
GOOGL,2025-01-02 18:30:00+00:00,120.7163276502714,122.46886729766184,120.22561771387694,121.24634907221818,121.24634907221818,12834302.0,sample,2026-09-24 19:05:19.467447+00:00
GOOGL,2025-01-02 19:30:00+00:00,121.21913440842002,123.1283439610537,120.83047240572645,121.77190512912041,121.77190512912041,10200029.0,sample,2026-09-24 19:05:19.467447+00:00
GOOGL,2025-01-02 20:30:00+00:00,121.65551301870781,123.4094912036788,121.52693566584543,122.46508503802713,122.46508503802713,3475391.0,sample,2026-09-24 19:05:19.467447+00:00
GOOGL,2025-01-02 21:30:00+00:00,122.3140784090697,123.9549002890109,121.45767022328188,122.57120436849432,122.57120436849432,16132374.0,sample,2026-09-24 19:05:19.467447+00:00
GOOGL,2025-01-02 22:30:00+00:00,122.64936261553859,123.89968199971872,121.89047096661992,123.17298124507828,123.17298124507828,1835592.0,sample,2026-09-24 19:05:19.467447+00:00
GOOGL,2025-01-02 23:30:00+00:00,123.4207535558445,125.74481595247792,122.09123287637874,124.37315110431486,124.37315110431486,8213486.0,sample,2026-09-24 19:05:19.467447+00:00
GOOGL,2025-01-03 00:30:00+00:00,124.14912231419142,126.16889461656801,122.72179683694625,124.84650319214572,124.84650319214572,12156535.0,sample,2026-09-24 19:05:19.467447+00:00
GOOGL,2025-01-03 01:30:00+00:00,124.56453113451204,125.94986703339056,123.30856657298816,125.52003592100948,125.52003592100948,4440576.0,sample,2026-09-24 19:05:19.467447+00:00
GOOGL,2025-01-03 02:30:00+00:00,125.5626195311171,126.27479420975591,124.7527911193069,125.20565762370346,125.20565762370346,17894796.0,sample,2026-09-24 19:05:19.467447+00:00
GOOGL,2025-01-03 03:30:00+00:00,125.71029894435625,127.15047161026386,123.80102020771706,124.23887207074321,124.23887207074321,4602174.0,sample,2026-09-24 19:05:19.467447+00:00
GOOGL,2025-01-03 04:30:00+00:00,124.45022053597663,125.83163676692453,122.96086450472808,124.11969370980722,124.11969370980722,5068071.0,sample,2026-09-24 19:05:19.467447+00:00
GOOGL,2025-01-03 05:30:00+00:00,124.01180035252118,124.22993305290912,123.01102998509207,124.09595983773609,124.09595983773609,4143295.0,sample,2026-09-24 19:05:19.467447+00:00
GOOGL,2025-01-03 06:30:00+00:00,123.87989199637367,124.90424503708974,122.44825780905018,124.68226014520589,124.68226014520589,15871299.0,sample,2026-09-24 19:05:19.467447+00:00
GOOGL,2025-01-03 07:30:00+00:00,124.43824380542242,124.68689986658958,123.1847729902544,124.50317000649417,124.50317000649417,16422310.0,sample,2026-09-24 19:05:19.467447+00:00
GOOGL,2025-01-03 08:30:00+00:00,124.73761260763092,125.65821536715679,123.23181271533856,124.56594847924536,124.56594847924536,6288049.0,sample,2026-09-24 19:05:19.467447+00:00
GOOGL,2025-01-03 09:30:00+00:00,124.20249119757977,125.23950143285695,123.71089056796004,124.60410173743128,124.60410173743128,7277458.0,sample,2026-09-24 19:05:19.467447+00:00
GOOGL,2025-01-03 10:30:00+00:00,124.3477333218803,125.62118250435032,123.08310970864801,125.45568009462659,125.45568009462659,14743082.0,sample,2026-09-24 19:05:19.467447+00:00
GOOGL,2025-01-03 11:30:00+00:00,125.44344727004766,126.13365263889214,124.22461055510931,125.61310056229044,125.61310056229044,5218910.0,sample,2026-09-24 19:05:19.467447+00:00
GOOGL,2025-01-03 12:30:00+00:00,125.83359902206853,127.0102051939533,124.68882033828294,125.49159539725433,125.49159539725433,14633621.0,sample,2026-09-24 19:05:19.467447+00:00
GOOGL,2025-01-03 13:30:00+00:00,125.60787039034675,126.87382446258381,124.74045181919735,125.57840143841527,125.57840143841527,6974916.0,sample,2026-09-24 19:05:19.467447+00:00
GOOGL,2025-01-03 14:30:00+00:00,125.79179847283957,126.05294601316103,124.3159400754284,125.76972251371618,125.76972251371618,6066504.0,sample,2026-09-24 19:05:19.467447+00:00
GOOGL,2025-01-03 15:30:00+00:00,126.03269322330792,126.90257261931269,125.10185183997626,126.29295588956025,126.29295588956025,16986840.0,sample,2026-09-24 19:05:19.467447+00:00
GOOGL,2025-01-03 16:30:00+00:00,126.57611962539512,127.95278379072359,124.60562494447379,126.0111170787995,126.0111170787995,15914503.0,sample,2026-09-24 19:05:19.467447+00:00
GOOGL,2025-01-03 17:30:00+00:00,126.1771184297661,128.00485278324484,125.0471233528618,126.91214147745762,126.91214147745762,16650706.0,sample,2026-09-24 19:05:19.467447+00:00
GOOGL,2025-01-03 18:30:00+00:00,127.37267967992166,128.55571173178396,125.97703379042984,127.47370166574888,127.47370166574888,16589737.0,sample,2026-09-24 19:05:19.467447+00:00
GOOGL,2025-01-03 19:30:00+00:00,126.72925968776907,128.80431607179577,126.4747748696207,127.86124975389002,127.86124975389002,16094934.0,sample,2026-09-24 19:05:19.467447+00:00
GOOGL,2025-01-03 20:30:00+00:00,127.94594422465856,129.5004187275004,127.47432159018153,128.31155627708887,128.31155627708887,7818331.0,sample,2026-09-24 19:05:19.467447+00:00
GOOGL,2025-01-03 21:30:00+00:00,128.41605574663583,129.35753309614464,127.9598342925516,128.29287243043524,128.29287243043524,4686821.0,sample,2026-09-24 19:05:19.467447+00:00
GOOGL,2025-01-03 22:30:00+00:00,128.01146791231093,128.26039430715772,126.37683870282032,127.6534599081244,127.6534599081244,11413317.0,sample,2026-09-24 19:05:19.467447+00:00
GOOGL,2025-01-03 23:30:00+00:00,127.36419892325564,128.49728592951152,126.37758461220255,127.44435998039499,127.44435998039499,11911373.0,sample,2026-09-24 19:05:19.467447+00:00
GOOGL,2025-01-04 00:30:00+00:00,127.43932527347417,128.76053311885212,126.04028595453856,127.1162749189222,127.1162749189222,16500283.0,sample,2026-09-24 19:05:19.467447+00:00
GOOGL,2025-01-04 01:30:00+00:00,127.32404059847354,128.92739061272334,125.92956474360446,127.64281696677257,127.64281696677257,10726496.0,sample,2026-09-24 19:05:19.467447+00:00
GOOGL,2025-01-04 02:30:00+00:00,127.28574680138898,127.96700940290816,125.87086814992743,127.19437194701668,127.19437194701668,1695096.0,sample,2026-09-24 19:05:19.467447+00:00
GOOGL,2025-01-04 03:30:00+00:00,126.73965669173724,128.46823658500603,126.16071611864248,127.35732646361211,127.35732646361211,11622116.0,sample,2026-09-24 19:05:19.467447+00:00
GOOGL,2025-01-04 04:30:00+00:00,127.2486408529005,128.0082840830113,126.62724973052804,127.63704727096959,127.63704727096959,17086130.0,sample,2026-09-24 19:05:19.467447+00:00
GOOGL,2025-01-04 05:30:00+00:00,127.8711024913704,128.72148352490524,126.36195493046071,126.82535536774901,126.82535536774901,1619983.0,sample,2026-09-24 19:05:19.467447+00:00
GOOGL,2025-01-04 06:30:00+00:00,127.30720259782407,128.41804646007557,125.22715833426491,126.66643333856607,126.66643333856607,10023579.0,sample,2026-09-24 19:05:19.467447+00:00
GOOGL,2025-01-04 07:30:00+00:00,126.83731718563088,127.06109247016461,125.4510922295865,126.74391662673833,126.74391662673833,6687435.0,sample,2026-09-24 19:05:19.467447+00:00
GOOGL,2025-01-04 08:30:00+00:00,126.44536961794928,128.55510939249294,125.70702714984175,127.45339178565212,127.45339178565212,15845163.0,sample,2026-09-24 19:05:19.467447+00:00
GOOGL,2025-01-04 09:30:00+00:00,127.55180311533402,128.6186775078283,126.19194970982205,127.12098566433446,127.12098566433446,8385698.0,sample,2026-09-24 19:05:19.467447+00:00
GOOGL,2025-01-04 10:30:00+00:00,127.39386009815996,127.73120663449102,126.456483361732,127.49276627137428,127.49276627137428,14915381.0,sample,2026-09-24 19:05:19.467447+00:00
GOOGL,2025-01-04 11:30:00+00:00,127.20881580509317,128.34224928510406,126.6424157148951,127.67685883935815,127.67685883935815,14352781.0,sample,2026-09-24 19:05:19.467447+00:00
GOOGL,2025-01-04 12:30:00+00:00,127.81903412307113,128.85166111976054,125.77890439576942,127.22948090744043,127.22948090744043,2795524.0,sample,2026-09-24 19:05:19.467447+00:00
GOOGL,2025-01-04 13:30:00+00:00,126.88336987059988,127.91979449397984,126.10000381921084,127.68949195584274,127.68949195584274,16228995.0,sample,2026-09-24 19:05:19.467447+00:00
GOOGL,2025-01-04 14:30:00+00:00,128.01106489446926,128.22354632554055,126.85995664340562,128.0361781059222,128.0361781059222,3197692.0,sample,2026-09-24 19:05:19.467447+00:00
GOOGL,2025-01-04 15:30:00+00:00,127.98887941918892,128.5367963669376,126.59518454889727,127.75132805250036,127.75132805250036,14354850.0,sample,2026-09-24 19:05:19.467447+00:00
GOOGL,2025-01-04 16:30:00+00:00,127.61189048318157,128.52006667332907,127.20021958731056,128.0042933931306,128.0042933931306,17494296.0,sample,2026-09-24 19:05:19.467447+00:00
GOOGL,2025-01-04 17:30:00+00:00,128.26208637355165,129.31014207790565,127.0847914814232,128.2048377218119,128.2048377218119,4690718.0,sample,2026-09-24 19:05:19.467447+00:00
GOOGL,2025-01-04 18:30:00+00:00,127.9782372397315,128.8639469587613,127.61268101749373,127.89268096944356,127.89268096944356,17820316.0,sample,2026-09-24 19:05:19.467447+00:00
GOOGL,2025-01-04 19:30:00+00:00,127.9768583543125,129.4087514236391,126.123837212535,127.19761621576473,127.19761621576473,5903864.0,sample,2026-09-24 19:05:19.467447+00:00
GOOGL,2025-01-04 20:30:00+00:00,127.3266534312873,127.92573161776588,126.4177765874197,127.32955799215932,127.32955799215932,2552964.0,sample,2026-09-24 19:05:19.467447+00:00
GOOGL,2025-01-04 21:30:00+00:00,127.65699491140566,128.27750892794757,126.34393853613342,127.53624417346869,127.53624417346869,17254773.0,sample,2026-09-24 19:05:19.467447+00:00
GOOGL,2025-01-04 22:30:00+00:00,127.52815334450052,129.31486367151984,127.35495266208657,127.90612552807515,127.90612552807515,8218292.0,sample,2026-09-24 19:05:19.467447+00:00
GOOGL,2025-01-04 23:30:00+00:00,127.47920722623978,129.36677002764577,126.22017057711889,128.3978685039428,128.3978685039428,16739015.0,sample,2026-09-24 19:05:19.467447+00:00
GOOGL,2025-01-05 00:30:00+00:00,128.1806891287429,129.81965140299857,127.82471223227938,129.182887872215,129.182887872215,3121429.0,sample,2026-09-24 19:05:19.467447+00:00
GOOGL,2025-01-05 01:30:00+00:00,129.17083422552793,129.8316954546852,128.56462695199062,129.56970302101453,129.56970302101453,10049385.0,sample,2026-09-24 19:05:19.467447+00:00
GOOGL,2025-01-05 02:30:00+00:00,129.76822643619417,131.28293919763462,128.2450058577509,129.63162235324876,129.63162235324876,11228940.0,sample,2026-09-24 19:05:19.467447+00:00
GOOGL,2025-01-05 03:30:00+00:00,129.76875458235432,130.73534629788014,128.8299266981303,129.4446312643488,129.4446312643488,13029287.0,sample,2026-09-24 19:05:19.467447+00:00
GOOGL,2025-01-05 04:30:00+00:00,129.56665736282122,131.557392019492,129.0848641674875,130.35470621901513,130.35470621901513,15685965.0,sample,2026-09-24 19:05:19.467447+00:00
GOOGL,2025-01-05 05:30:00+00:00,129.78343572425163,130.6515004841736,128.5887977846417,129.99002332205606,129.99002332205606,9078451.0,sample,2026-09-24 19:05:19.467447+00:00
GOOGL,2025-01-05 06:30:00+00:00,129.95708192006856,130.69999224068607,128.36030115976445,129.82394950479508,129.82394950479508,7051165.0,sample,2026-09-24 19:05:19.467447+00:00
GOOGL,2025-01-05 07:30:00+00:00,129.77269780366223,131.29707031659353,128.70914017986226,130.15439227982125,130.15439227982125,7315812.0,sample,2026-09-24 19:05:19.467447+00:00
GOOGL,2025-01-05 08:30:00+00:00,130.63230166526873,130.861460644607,128.19907128374368,129.7057111175461,129.7057111175461,10499772.0,sample,2026-09-24 19:05:19.467447+00:00
GOOGL,2025-01-05 09:30:00+00:00,129.72507086238684,132.7517704603075,128.32893330653582,131.27665277759596,131.27665277759596,10502564.0,sample,2026-09-24 19:05:19.467447+00:00
GOOGL,2025-01-05 10:30:00+00:00,131.07422799564347,133.44823030724638,130.9163950937781,131.95028484755724,131.95028484755724,1717692.0,sample,2026-09-24 19:05:19.467447+00:00
GOOGL,2025-01-05 11:30:00+00:00,132.0041534276468,132.88239652612273,130.9174755681716,131.90403402471344,131.90403402471344,15491754.0,sample,2026-09-24 19:05:19.467447+00:00
GOOGL,2025-01-05 12:30:00+00:00,131.555556163261,133.0066830344961,131.0078322846327,131.4988701971264,131.4988701971264,6746823.0,sample,2026-09-24 19:05:19.467447+00:00
GOOGL,2025-01-05 13:30:00+00:00,130.9759798458725,132.26045269397343,130.83305806510347,131.23747931623035,131.23747931623035,4680007.0,sample,2026-09-24 19:05:19.467447+00:00
GOOGL,2025-01-05 14:30:00+00:00,131.27480367649486,131.63028692681794,130.90371282862728,131.2901390707006,131.2901390707006,1847683.0,sample,2026-09-24 19:05:19.467447+00:00
GOOGL,2025-01-05 15:30:00+00:00,131.01890331591937,131.75030765237543,129.61374329038662,130.74827839196956,130.74827839196956,10775022.0,sample,2026-09-24 19:05:19.467447+00:00
GOOGL,2025-01-05 16:30:00+00:00,130.61911472040106,132.2369177121181,129.63484586710243,131.19323943474538,131.19323943474538,6247982.0,sample,2026-09-24 19:05:19.467447+00:00
GOOGL,2025-01-05 17:30:00+00:00,131.27268655161757,133.25564521676648,130.83565853753123,131.92975418294557,131.92975418294557,10853555.0,sample,2026-09-24 19:05:19.467447+00:00
GOOGL,2025-01-05 18:30:00+00:00,132.31101809100718,133.08003246543598,129.66653086857167,131.23523808415473,131.23523808415473,16932758.0,sample,2026-09-24 19:05:19.467447+00:00
GOOGL,2025-01-05 19:30:00+00:00,131.15183357493734,131.79846638372175,130.97475937386244,131.11206279271445,131.11206279271445,13932822.0,sample,2026-09-24 19:05:19.467447+00:00
GOOGL,2025-01-05 20:30:00+00:00,130.98685880040026,132.82280666591996,130.36886785337794,131.56482030631273,131.56482030631273,13085867.0,sample,2026-09-24 19:05:19.467447+00:00
GOOGL,2025-01-05 21:30:00+00:00,131.68916339892886,132.15256811199887,130.3110871738722,130.741760608905,130.741760608905,9076233.0,sample,2026-09-24 19:05:19.467447+00:00
GOOGL,2025-01-05 22:30:00+00:00,131.04977547262672,131.91579328641183,129.54608794363978,131.17924086169316,131.17924086169316,4180068.0,sample,2026-09-24 19:05:19.467447+00:00
GOOGL,2025-01-05 23:30:00+00:00,131.08439431372187,132.61059436785106,130.67514858942548,130.99175193211238,130.99175193211238,2432523.0,sample,2026-09-24 19:05:19.467447+00:00
GOOGL,2025-01-06 00:30:00+00:00,130.7412431612342,130.95393733538822,129.2982662847427,129.43349864682796,129.43349864682796,2565760.0,sample,2026-09-24 19:05:19.467447+00:00
GOOGL,2025-01-06 01:30:00+00:00,129.20308215439184,129.89664770736124,127.84190980662132,129.23589596265336,129.23589596265336,15785521.0,sample,2026-09-24 19:05:19.467447+00:00
GOOGL,2025-01-06 02:30:00+00:00,129.2932188592955,129.468670439893,127.89076543172195,128.458170250608,128.458170250608,16330202.0,sample,2026-09-24 19:05:19.467447+00:00
GOOGL,2025-01-06 03:30:00+00:00,128.20326915595294,130.16162916986517,127.51510026479981,128.80689990487735,128.80689990487735,11347076.0,sample,2026-09-24 19:05:19.467447+00:00
GOOGL,2025-01-06 04:30:00+00:00,129.03937347354164,129.74096980392204,127.80107057008175,128.73566830176404,128.73566830176404,16891638.0,sample,2026-09-24 19:05:19.467447+00:00
GOOGL,2025-01-06 05:30:00+00:00,128.53178763490962,128.69098254495592,127.18355966660073,128.07948267305264,128.07948267305264,2357665.0,sample,2026-09-24 19:05:19.467447+00:00
GOOGL,2025-01-06 06:30:00+00:00,128.388750393968,129.73890981973818,127.10106802808379,127.89438804458668,127.89438804458668,15186731.0,sample,2026-09-24 19:05:19.467447+00:00
GOOGL,2025-01-06 07:30:00+00:00,127.86690113991324,129.7952043559404,127.3263087118935,128.6615708998661,128.6615708998661,12225045.0,sample,2026-09-24 19:05:19.467447+00:00
GOOGL,2025-01-06 08:30:00+00:00,128.62710807504496,128.87949070275772,128.14396733732596,128.33653636862104,128.33653636862104,7415652.0,sample,2026-09-24 19:05:19.467447+00:00
GOOGL,2025-01-06 09:30:00+00:00,128.68799238606798,130.20959553086394,127.3485042965439,128.23492459800573,128.23492459800573,2486099.0,sample,2026-09-24 19:05:19.467447+00:00
GOOGL,2025-01-06 10:30:00+00:00,128.2539237593761,129.37223929204245,127.56128378839227,128.9916586807884,128.9916586807884,14114150.0,sample,2026-09-24 19:05:19.467447+00:00
GOOGL,2025-01-06 11:30:00+00:00,129.18462677296463,130.3612879403922,128.80861597644736,129.4736033473403,129.4736033473403,4389214.0,sample,2026-09-24 19:05:19.467447+00:00
GOOGL,2025-01-06 12:30:00+00:00,129.60224522558775,130.01949488848368,128.08960250363927,129.46187361976106,129.46187361976106,10818475.0,sample,2026-09-24 19:05:19.467447+00:00
GOOGL,2025-01-06 13:30:00+00:00,129.55104075288537,130.27447590895883,129.21692129844647,129.48228516960043,129.48228516960043,4748564.0,sample,2026-09-24 19:05:19.467447+00:00
GOOGL,2025-01-06 14:30:00+00:00,129.35006228869048,129.9042643274009,128.46879325765119,129.31645165059027,129.31645165059027,13107697.0,sample,2026-09-24 19:05:19.467447+00:00
GOOGL,2025-01-06 15:30:00+00:00,129.9373951853482,130.69983185489113,128.68465444930024,128.83754046780007,128.83754046780007,17925305.0,sample,2026-09-24 19:05:19.467447+00:00
GOOGL,2025-01-06 16:30:00+00:00,128.8126599718709,129.91505092197187,127.48893544218457,129.69708343997024,129.69708343997024,1820600.0,sample,2026-09-24 19:05:19.467447+00:00
GOOGL,2025-01-06 17:30:00+00:00,129.47620406468758,131.18918097623728,128.28143625033223,130.17364293694223,130.17364293694223,16654274.0,sample,2026-09-24 19:05:19.467447+00:00
GOOGL,2025-01-06 18:30:00+00:00,129.7543343199214,130.22974189459046,129.09171346765382,129.5962711154301,129.5962711154301,3197165.0,sample,2026-09-24 19:05:19.467447+00:00
GOOGL,2025-01-06 19:30:00+00:00,129.6543501559365,129.89594907002555,127.91509157832867,129.3491159229266,129.3491159229266,4653354.0,sample,2026-09-24 19:05:19.467447+00:00
GOOGL,2025-01-06 20:30:00+00:00,129.1739569357667,130.35984704197458,127.51671264603961,128.5487851543854,128.5487851543854,15124107.0,sample,2026-09-24 19:05:19.467447+00:00
GOOGL,2025-01-06 21:30:00+00:00,129.13790171656294,129.32789393470435,127.47104440483714,127.97063721433017,127.97063721433017,10461867.0,sample,2026-09-24 19:05:19.467447+00:00
GOOGL,2025-01-06 22:30:00+00:00,127.65871889068296,129.64472380687576,126.89907138332757,129.0946023171455,129.0946023171455,3878840.0,sample,2026-09-24 19:05:19.467447+00:00
GOOGL,2025-01-06 23:30:00+00:00,129.15608425967977,130.62149180064293,128.9130711827699,129.45768567859773,129.45768567859773,10443826.0,sample,2026-09-24 19:05:19.467447+00:00
GOOGL,2025-01-07 00:30:00+00:00,129.35087186827832,130.54088326295226,128.0998353766217,130.20927111798426,130.20927111798426,14822893.0,sample,2026-09-24 19:05:19.467447+00:00
GOOGL,2025-01-07 01:30:00+00:00,130.05980868433608,130.84236526807254,128.69764066964933,129.55277460018195,129.55277460018195,11030121.0,sample,2026-09-24 19:05:19.467447+00:00
GOOGL,2025-01-07 02:30:00+00:00,129.66322276303538,130.03166890022257,128.1632027837499,129.66338259803973,129.66338259803973,9367059.0,sample,2026-09-24 19:05:19.467447+00:00
GOOGL,2025-01-07 03:30:00+00:00,129.47221698606853,130.58739847210927,127.9454495108249,128.50340885264058,128.50340885264058,4812184.0,sample,2026-09-24 19:05:19.467447+00:00
GOOGL,2025-01-07 04:30:00+00:00,128.7226420636198,129.40571061187896,127.57725638826625,128.1993354637392,128.1993354637392,9918556.0,sample,2026-09-24 19:05:19.467447+00:00
GOOGL,2025-01-07 05:30:00+00:00,128.0735932701346,128.89637155261448,126.75663984927654,128.41120607563886,128.41120607563886,15616121.0,sample,2026-09-24 19:05:19.467447+00:00
GOOGL,2025-01-07 06:30:00+00:00,128.40261381200963,129.30405066242764,127.23537702560178,127.64984914173431,127.64984914173431,13723124.0,sample,2026-09-24 19:05:19.467447+00:00
GOOGL,2025-01-07 07:30:00+00:00,127.72440299144996,129.390062845312,127.4702229852741,128.0167707877273,128.0167707877273,2109577.0,sample,2026-09-24 19:05:19.467447+00:00
GOOGL,2025-01-07 08:30:00+00:00,127.94545803002076,129.43978340619634,126.70734669462452,127.70074205505591,127.70074205505591,14360307.0,sample,2026-09-24 19:05:19.467447+00:00
GOOGL,2025-01-07 09:30:00+00:00,127.66975798903346,127.95896887516429,126.41510480143182,127.1705481502303,127.1705481502303,2232800.0,sample,2026-09-24 19:05:19.467447+00:00
GOOGL,2025-01-07 10:30:00+00:00,127.02357386701289,128.92369853709204,125.89812663494233,127.66090521518143,127.66090521518143,7781579.0,sample,2026-09-24 19:05:19.467447+00:00
GOOGL,2025-01-07 11:30:00+00:00,127.52680267642933,127.8982513934743,127.04902554686242,127.6104353775643,127.6104353775643,2422474.0,sample,2026-09-24 19:05:19.467447+00:00
GOOGL,2025-01-07 12:30:00+00:00,127.79188303445306,129.3955771791444,127.47218399212173,128.04255002316393,128.04255002316393,3755582.0,sample,2026-09-24 19:05:19.467447+00:00
GOOGL,2025-01-07 13:30:00+00:00,128.11785391978012,129.58799917746921,126.32233786232196,127.61926988654834,127.61926988654834,4888437.0,sample,2026-09-24 19:05:19.467447+00:00
GOOGL,2025-01-07 14:30:00+00:00,127.80032629739051,128.4623768375834,125.66680035740836,127.0172324372311,127.0172324372311,6550212.0,sample,2026-09-24 19:05:19.467447+00:00
GOOGL,2025-01-07 15:30:00+00:00,127.35122488681904,128.5527370232037,125.88452874399353,126.38993469201802,126.38993469201802,10637985.0,sample,2026-09-24 19:05:19.467447+00:00
GOOGL,2025-01-07 16:30:00+00:00,126.22177188623965,127.2324704722196,125.91512940020596,126.06192743219422,126.06192743219422,5383607.0,sample,2026-09-24 19:05:19.467447+00:00
GOOGL,2025-01-07 17:30:00+00:00,125.99355269448131,127.68855458086415,125.66212105614511,126.50196001036389,126.50196001036389,17367881.0,sample,2026-09-24 19:05:19.467447+00:00
GOOGL,2025-01-07 18:30:00+00:00,126.35928209327295,126.95332641957735,125.78440073463445,126.55513699109086,126.55513699109086,10421406.0,sample,2026-09-24 19:05:19.467447+00:00
GOOGL,2025-01-07 19:30:00+00:00,126.76904561872561,128.01905251821952,126.52810520146429,126.98717755752637,126.98717755752637,7098032.0,sample,2026-09-24 19:05:19.467447+00:00
GOOGL,2025-01-07 20:30:00+00:00,127.63512078506083,128.21275996392353,124.90424447589248,126.25513599592995,126.25513599592995,3153817.0,sample,2026-09-24 19:05:19.467447+00:00
GOOGL,2025-01-07 21:30:00+00:00,125.80125927167019,127.36013496564826,124.48471361722116,126.67531449117166,126.67531449117166,13671016.0,sample,2026-09-24 19:05:19.467447+00:00
GOOGL,2025-01-07 22:30:00+00:00,126.64265815576384,127.90883567948813,126.35881338328058,127.37908817366187,127.37908817366187,15019962.0,sample,2026-09-24 19:05:19.467447+00:00
GOOGL,2025-01-07 23:30:00+00:00,127.10828918860744,128.044550565729,126.21629651022954,127.48398265471343,127.48398265471343,16771474.0,sample,2026-09-24 19:05:19.467447+00:00
GOOGL,2025-01-08 00:30:00+00:00,127.84020991283825,128.9838701236126,126.23601141636796,127.68316466475804,127.68316466475804,3195920.0,sample,2026-09-24 19:05:19.467447+00:00
GOOGL,2025-01-08 01:30:00+00:00,127.8159130559599,128.73620083049872,127.0842199781512,127.33880206937354,127.33880206937354,9594798.0,sample,2026-09-24 19:05:19.467447+00:00
GOOGL,2025-01-08 02:30:00+00:00,127.37934440656907,127.70949162067966,125.89972118605918,126.77013015277535,126.77013015277535,6933532.0,sample,2026-09-24 19:05:19.467447+00:00
GOOGL,2025-01-08 03:30:00+00:00,126.81729026861773,127.18077353468416,125.96745785931888,126.818970124526,126.818970124526,1603852.0,sample,2026-09-24 19:05:19.467447+00:00
GOOGL,2025-01-08 04:30:00+00:00,126.9696897951879,127.36248226783013,125.2526474935659,125.67891636087046,125.67891636087046,14314503.0,sample,2026-09-24 19:05:19.467447+00:00
GOOGL,2025-01-08 05:30:00+00:00,125.56827818922032,126.95416467161361,124.61825728444954,125.95007204171819,125.95007204171819,12561361.0,sample,2026-09-24 19:05:19.467447+00:00
GOOGL,2025-01-08 06:30:00+00:00,125.9816203338905,127.43226812266195,124.64693897931596,126.27212381917323,126.27212381917323,7829206.0,sample,2026-09-24 19:05:19.467447+00:00
GOOGL,2025-01-08 07:30:00+00:00,126.1372119156844,127.01495803156469,125.98350145911202,126.4958830382347,126.4958830382347,8163201.0,sample,2026-09-24 19:05:19.467447+00:00
GOOGL,2025-01-08 08:30:00+00:00,126.91601009730651,127.69506125417017,126.4259145853252,126.93775974883324,126.93775974883324,5632892.0,sample,2026-09-24 19:05:19.467447+00:00
GOOGL,2025-01-08 09:30:00+00:00,127.17613153779521,127.92634762659395,125.15847352527975,126.62531482110892,126.62531482110892,4285001.0,sample,2026-09-24 19:05:19.467447+00:00
GOOGL,2025-01-08 10:30:00+00:00,126.09623009002054,126.76480797009908,125.40756588510358,126.21343776483387,126.21343776483387,6928588.0,sample,2026-09-24 19:05:19.467447+00:00
GOOGL,2025-01-08 11:30:00+00:00,126.0903453927998,127.13558335336852,124.6416111416956,125.59721830434817,125.59721830434817,12332202.0,sample,2026-09-24 19:05:19.467447+00:00
GOOGL,2025-01-08 12:30:00+00:00,125.36475789768512,127.71474933008433,125.16657301525217,126.32005749130718,126.32005749130718,6631541.0,sample,2026-09-24 19:05:19.467447+00:00
GOOGL,2025-01-08 13:30:00+00:00,126.22831780063956,128.06136489304654,125.65471655507291,126.73324471694451,126.73324471694451,9425897.0,sample,2026-09-24 19:05:19.467447+00:00
GOOGL,2025-01-08 14:30:00+00:00,126.83957795254398,128.19029183834326,125.65879412483156,126.70852522758423,126.70852522758423,3676604.0,sample,2026-09-24 19:05:19.467447+00:00
GOOGL,2025-01-08 15:30:00+00:00,126.4011705179901,127.85881973407608,125.29643331300257,126.84785733371217,126.84785733371217,7604480.0,sample,2026-09-24 19:05:19.467447+00:00
GOOGL,2025-01-08 16:30:00+00:00,126.57560846999615,127.15077912560348,126.31234597087825,126.80094030928953,126.80094030928953,11048546.0,sample,2026-09-24 19:05:19.467447+00:00
GOOGL,2025-01-08 17:30:00+00:00,126.83861239457842,127.60061831896253,126.19036970407939,127.32252376712778,127.32252376712778,15733518.0,sample,2026-09-24 19:05:19.467447+00:00
GOOGL,2025-01-08 18:30:00+00:00,127.25546947637048,128.85836918332083,126.8075497537842,127.34373281047857,127.34373281047857,15991004.0,sample,2026-09-24 19:05:19.467447+00:00
GOOGL,2025-01-08 19:30:00+00:00,127.37156349612503,127.76423087664777,125.94864079328141,126.98064331358731,126.98064331358731,15056166.0,sample,2026-09-24 19:05:19.467447+00:00
GOOGL,2025-01-08 20:30:00+00:00,126.79417382199806,127.70286401066794,125.4256174217602,126.76105150994123,126.76105150994123,4891833.0,sample,2026-09-24 19:05:19.467447+00:00
GOOGL,2025-01-08 21:30:00+00:00,126.41430026709945,127.81563959448366,126.04282705875615,126.25083094047167,126.25083094047167,4278131.0,sample,2026-09-24 19:05:19.467447+00:00
GOOGL,2025-01-08 22:30:00+00:00,126.40111008358426,127.06943139865265,125.069584322469,126.88622542351938,126.88622542351938,15432412.0,sample,2026-09-24 19:05:19.467447+00:00
GOOGL,2025-01-08 23:30:00+00:00,127.12162917052812,128.88648112918113,126.35669190917726,127.38955871915235,127.38955871915235,8344007.0,sample,2026-09-24 19:05:19.467447+00:00
GOOGL,2025-01-09 00:30:00+00:00,127.29924503389105,128.56883562213812,126.52593359436602,127.36180111990518,127.36180111990518,16567536.0,sample,2026-09-24 19:05:19.467447+00:00
GOOGL,2025-01-09 01:30:00+00:00,127.47575546161177,128.51451080422117,126.4777475156442,127.46202010983824,127.46202010983824,9324058.0,sample,2026-09-24 19:05:19.467447+00:00
GOOGL,2025-01-09 02:30:00+00:00,127.65687055248112,128.17619272163952,126.19752798575972,128.02898289415236,128.02898289415236,4353684.0,sample,2026-09-24 19:05:19.467447+00:00
GOOGL,2025-01-09 03:30:00+00:00,127.93640858792263,129.3321585197801,127.77858543172817,129.19211312815244,129.19211312815244,5492254.0,sample,2026-09-24 19:05:19.467447+00:00
GOOGL,2025-01-09 04:30:00+00:00,128.70929882717977,129.75190282950427,127.28958630747438,129.09304560951188,129.09304560951188,10044453.0,sample,2026-09-24 19:05:19.467447+00:00
GOOGL,2025-01-09 05:30:00+00:00,129.1361803857093,131.0872045103331,128.9799122556262,129.63399007457136,129.63399007457136,1552522.0,sample,2026-09-24 19:05:19.467447+00:00
GOOGL,2025-01-09 06:30:00+00:00,129.88177947770163,130.18325455780305,128.02374818933117,129.5068537401793,129.5068537401793,1514240.0,sample,2026-09-24 19:05:19.467447+00:00
GOOGL,2025-01-09 07:30:00+00:00,129.88687144501165,131.32634537513678,128.655554138436,129.57307794370817,129.57307794370817,14037844.0,sample,2026-09-24 19:05:19.467447+00:00
GOOGL,2025-01-09 08:30:00+00:00,129.42162659184285,131.43132817380965,128.2936966566996,130.1243084530267,130.1243084530267,13557185.0,sample,2026-09-24 19:05:19.467447+00:00
GOOGL,2025-01-09 09:30:00+00:00,130.01967366967096,131.00050339248568,129.10685790726683,129.3879908496499,129.3879908496499,17316484.0,sample,2026-09-24 19:05:19.467447+00:00
GOOGL,2025-01-09 10:30:00+00:00,129.47555564251206,129.65167058382093,127.53472660071509,128.93421741051947,128.93421741051947,9140670.0,sample,2026-09-24 19:05:19.467447+00:00
GOOGL,2025-01-09 11:30:00+00:00,129.30686967270316,130.2508990604258,127.36279700490134,128.89836145653769,128.89836145653769,7159759.0,sample,2026-09-24 19:05:19.467447+00:00
GOOGL,2025-01-09 12:30:00+00:00,128.98114451173973,130.44999927826146,127.60040901427726,129.3927118621628,129.3927118621628,5967584.0,sample,2026-09-24 19:05:19.467447+00:00
GOOGL,2025-01-09 13:30:00+00:00,129.23403263316996,130.025670756793,127.32039534839748,128.8276705570898,128.8276705570898,10955295.0,sample,2026-09-24 19:05:19.467447+00:00
GOOGL,2025-01-09 14:30:00+00:00,128.8079504895484,130.78922373903328,128.15146086269016,129.24989924014793,129.24989924014793,14073314.0,sample,2026-09-24 19:05:19.467447+00:00
GOOGL,2025-01-09 15:30:00+00:00,129.41804790688113,130.6779269520557,128.23831065618268,129.16821756479075,129.16821756479075,8605259.0,sample,2026-09-24 19:05:19.467447+00:00
GOOGL,2025-01-09 16:30:00+00:00,128.89313026567623,130.2711488237225,127.96637596310615,129.23718988814832,129.23718988814832,14226465.0,sample,2026-09-24 19:05:19.467447+00:00
GOOGL,2025-01-09 17:30:00+00:00,128.8187215004949,130.1150516993587,127.60918465718056,128.55181577728035,128.55181577728035,8518401.0,sample,2026-09-24 19:05:19.467447+00:00
GOOGL,2025-01-09 18:30:00+00:00,128.6670718514176,130.03313237247977,128.42809899927502,128.82154440294067,128.82154440294067,1632653.0,sample,2026-09-24 19:05:19.467447+00:00
GOOGL,2025-01-09 19:30:00+00:00,128.77998632384637,129.80893731737262,127.8961915642183,128.75235104775206,128.75235104775206,13001463.0,sample,2026-09-24 19:05:19.467447+00:00
GOOGL,2025-01-09 20:30:00+00:00,128.98881155531916,129.79601067925432,127.64533709386045,128.8709954224159,128.8709954224159,7726095.0,sample,2026-09-24 19:05:19.467447+00:00
GOOGL,2025-01-09 21:30:00+00:00,129.08784816968603,129.63942523844136,128.24718508715227,128.8758164911314,128.8758164911314,5800058.0,sample,2026-09-24 19:05:19.467447+00:00
GOOGL,2025-01-09 22:30:00+00:00,129.1674861939146,130.56932615443958,127.28563793810946,128.01756034510566,128.01756034510566,5204104.0,sample,2026-09-24 19:05:19.467447+00:00
GOOGL,2025-01-09 23:30:00+00:00,128.52042713064017,130.05623063158234,127.1987720381367,127.60289028378413,127.60289028378413,9819501.0,sample,2026-09-24 19:05:19.467447+00:00
GOOGL,2025-01-10 00:30:00+00:00,127.43634478281919,128.3541046155036,126.2158924828334,127.142970081695,127.142970081695,12093815.0,sample,2026-09-24 19:05:19.467447+00:00
GOOGL,2025-01-10 01:30:00+00:00,127.11550878244167,127.97475986564967,126.55684418869069,127.12908696555603,127.12908696555603,17385848.0,sample,2026-09-24 19:05:19.467447+00:00
GOOGL,2025-01-10 02:30:00+00:00,127.37278063465462,128.5050402570901,126.6755051835269,127.76988176237083,127.76988176237083,12313204.0,sample,2026-09-24 19:05:19.467447+00:00
GOOGL,2025-01-10 03:30:00+00:00,127.896533497332,129.26086532349683,126.92190693681368,127.9341103678612,127.9341103678612,4273516.0,sample,2026-09-24 19:05:19.467447+00:00
GOOGL,2025-01-10 04:30:00+00:00,127.87543973239528,128.13684607806974,126.42890776413967,127.772665854969,127.772665854969,17707439.0,sample,2026-09-24 19:05:19.467447+00:00
GOOGL,2025-01-10 05:30:00+00:00,128.1094424374486,129.39307256287788,126.99128712030081,128.04302009300463,128.04302009300463,7603840.0,sample,2026-09-24 19:05:19.467447+00:00
GOOGL,2025-01-10 06:30:00+00:00,127.78513561374889,129.14410898314864,127.3233163048703,128.7136338549241,128.7136338549241,2861748.0,sample,2026-09-24 19:05:19.467447+00:00
GOOGL,2025-01-10 07:30:00+00:00,128.9688318649508,129.8038453669157,127.104366857468,127.79571037216321,127.79571037216321,13008314.0,sample,2026-09-24 19:05:19.467447+00:00
GOOGL,2025-01-10 08:30:00+00:00,127.9667092601443,128.2429119416233,126.35078421542651,127.40593800466102,127.40593800466102,10009488.0,sample,2026-09-24 19:05:19.467447+00:00
GOOGL,2025-01-10 09:30:00+00:00,127.38420890872725,127.80456956218516,125.86000669126459,127.26561446227029,127.26561446227029,16598647.0,sample,2026-09-24 19:05:19.467447+00:00
GOOGL,2025-01-10 10:30:00+00:00,127.11647679340726,127.99496945752888,126.086286828384,127.63257009378611,127.63257009378611,11534685.0,sample,2026-09-24 19:05:19.467447+00:00
GOOGL,2025-01-10 11:30:00+00:00,127.3982553870727,127.74957179911425,126.24580141573821,127.31655463625069,127.31655463625069,9297970.0,sample,2026-09-24 19:05:19.467447+00:00
GOOGL,2025-01-10 12:30:00+00:00,127.5463017317717,127.89413314174685,125.92951934366484,126.70881460188761,126.70881460188761,14880821.0,sample,2026-09-24 19:05:19.467447+00:00
GOOGL,2025-01-10 13:30:00+00:00,126.63888998123812,127.00770252359078,126.20257099839542,126.35511273989549,126.35511273989549,11188836.0,sample,2026-09-24 19:05:19.467447+00:00
GOOGL,2025-01-10 14:30:00+00:00,126.00756661041856,127.63251354445673,124.514350747602,126.16621615026699,126.16621615026699,8975403.0,sample,2026-09-24 19:05:19.467447+00:00
GOOGL,2025-01-10 15:30:00+00:00,126.09434851978808,127.25880736921309,125.94554244678613,126.22719068676142,126.22719068676142,15369055.0,sample,2026-09-24 19:05:19.467447+00:00
GOOGL,2025-01-10 16:30:00+00:00,126.37297406796255,127.58148780050404,125.29773560623828,126.45220725494836,126.45220725494836,12598677.0,sample,2026-09-24 19:05:19.467447+00:00
GOOGL,2025-01-10 17:30:00+00:00,126.46338336449656,127.33727359266216,125.92174228465171,126.99233999002315,126.99233999002315,16451539.0,sample,2026-09-24 19:05:19.467447+00:00
GOOGL,2025-01-10 18:30:00+00:00,127.00658208941984,128.03911724511138,125.40662114348947,126.74281536139469,126.74281536139469,12814410.0,sample,2026-09-24 19:05:19.467447+00:00
GOOGL,2025-01-10 19:30:00+00:00,126.45925911174488,127.35259456254254,125.53677673060523,127.0839381546419,127.0839381546419,8111370.0,sample,2026-09-24 19:05:19.467447+00:00
GOOGL,2025-01-10 20:30:00+00:00,126.29343234911539,127.17442068819085,126.02976190885349,127.00464873129879,127.00464873129879,9286644.0,sample,2026-09-24 19:05:19.467447+00:00
GOOGL,2025-01-10 21:30:00+00:00,126.91671624444315,128.00897001689444,125.435230111219,126.5469452201642,126.5469452201642,10736343.0,sample,2026-09-24 19:05:19.467447+00:00
GOOGL,2025-01-10 22:30:00+00:00,126.58560889691431,127.37192450505336,124.79985636074265,125.45098570563195,125.45098570563195,7999095.0,sample,2026-09-24 19:05:19.467447+00:00
GOOGL,2025-01-10 23:30:00+00:00,125.59542138129547,127.0126008085225,123.96948615206915,124.83427620606054,124.83427620606054,12385277.0,sample,2026-09-24 19:05:19.467447+00:00
GOOGL,2025-01-11 00:30:00+00:00,124.46764776518725,125.77256341224484,123.42460379998295,124.92541396849575,124.92541396849575,5393727.0,sample,2026-09-24 19:05:19.467447+00:00
GOOGL,2025-01-11 01:30:00+00:00,124.83611476321987,126.36996373016909,124.09312650424931,125.0314013484706,125.0314013484706,8429695.0,sample,2026-09-24 19:05:19.467447+00:00
GOOGL,2025-01-11 02:30:00+00:00,124.92209426371583,125.36082346997567,123.69511913459463,124.25636228311662,124.25636228311662,12643500.0,sample,2026-09-24 19:05:19.467447+00:00
GOOGL,2025-01-11 03:30:00+00:00,124.2885898848483,125.83041751114185,123.53800963921431,125.3400504639551,125.3400504639551,17180334.0,sample,2026-09-24 19:05:19.467447+00:00
GOOGL,2025-01-11 04:30:00+00:00,125.45403746452463,126.32435428737789,123.95917538064002,124.73240142266198,124.73240142266198,12103901.0,sample,2026-09-24 19:05:19.467447+00:00
GOOGL,2025-01-11 05:30:00+00:00,124.41278539542594,125.33081079586198,123.29040679436747,124.19649787849349,124.19649787849349,1652513.0,sample,2026-09-24 19:05:19.467447+00:00
GOOGL,2025-01-11 06:30:00+00:00,124.68592325627226,125.28859014298013,124.18755155093079,124.6801437687442,124.6801437687442,11131073.0,sample,2026-09-24 19:05:19.467447+00:00
GOOGL,2025-01-11 07:30:00+00:00,124.27740118264012,125.26004147766378,123.78659517615068,124.71164656321234,124.71164656321234,10632902.0,sample,2026-09-24 19:05:19.467447+00:00
GOOGL,2025-01-11 08:30:00+00:00,124.93759830612294,126.05644668384494,123.68013152771083,125.12811661731465,125.12811661731465,12644791.0,sample,2026-09-24 19:05:19.467447+00:00
GOOGL,2025-01-11 09:30:00+00:00,124.95975101003397,126.84196882854009,123.53080133520746,125.67055953147491,125.67055953147491,9577710.0,sample,2026-09-24 19:05:19.467447+00:00
GOOGL,2025-01-11 10:30:00+00:00,125.87783617929206,126.39634391327094,123.70535906053331,124.91611594414081,124.91611594414081,3132626.0,sample,2026-09-24 19:05:19.467447+00:00
GOOGL,2025-01-11 11:30:00+00:00,124.98893510900987,125.72502290849387,124.52502305149957,125.04784828815886,125.04784828815886,11187175.0,sample,2026-09-24 19:05:19.467447+00:00
GOOGL,2025-01-11 12:30:00+00:00,125.11889407020482,126.40529169931737,123.76232570549215,125.25105708896923,125.25105708896923,14986452.0,sample,2026-09-24 19:05:19.467447+00:00
GOOGL,2025-01-11 13:30:00+00:00,125.26255404829658,126.2250246008008,124.11069651186956,125.20006154526857,125.20006154526857,17355766.0,sample,2026-09-24 19:05:19.467447+00:00
GOOGL,2025-01-11 14:30:00+00:00,125.26342856692982,126.08059347081031,124.62264112076727,125.06385218942523,125.06385218942523,17018322.0,sample,2026-09-24 19:05:19.467447+00:00
GOOGL,2025-01-11 15:30:00+00:00,125.1909799682945,125.74112079922227,123.7298670936657,125.60885382264627,125.60885382264627,12292840.0,sample,2026-09-24 19:05:19.467447+00:00
GOOGL,2025-01-11 16:30:00+00:00,125.11550101376803,126.3185680946728,124.79435217086315,126.05151087821812,126.05151087821812,5475872.0,sample,2026-09-24 19:05:19.467447+00:00
GOOGL,2025-01-11 17:30:00+00:00,126.16406932472673,127.19697129802252,125.94995892399207,126.18501193379434,126.18501193379434,5272490.0,sample,2026-09-24 19:05:19.467447+00:00
GOOGL,2025-01-11 18:30:00+00:00,125.92921396583313,127.66730955900148,124.81532397943856,126.49248458676782,126.49248458676782,7697919.0,sample,2026-09-24 19:05:19.467447+00:00
GOOGL,2025-01-11 19:30:00+00:00,126.69810241487723,126.87734993337149,125.15087426911697,126.402812467192,126.402812467192,2453882.0,sample,2026-09-24 19:05:19.467447+00:00
GOOGL,2025-01-11 20:30:00+00:00,126.5520913430892,127.48843632571146,125.37904586885409,126.63707230953153,126.63707230953153,11738795.0,sample,2026-09-24 19:05:19.467447+00:00
GOOGL,2025-01-11 21:30:00+00:00,126.26181898965477,127.139476757546,125.54952416510811,126.64076989697709,126.64076989697709,17840894.0,sample,2026-09-24 19:05:19.467447+00:00
GOOGL,2025-01-11 22:30:00+00:00,126.52915647906423,128.13626057752194,125.422064936171,126.8250681506263,126.8250681506263,12263817.0,sample,2026-09-24 19:05:19.467447+00:00
GOOGL,2025-01-11 23:30:00+00:00,126.9444915269465,127.42610857302142,126.79435302777513,127.25587784410338,127.25587784410338,14106503.0,sample,2026-09-24 19:05:19.467447+00:00
GOOGL,2025-01-12 00:30:00+00:00,127.22588366179534,129.45716102980717,126.21126690933033,128.27657303854903,128.27657303854903,10189466.0,sample,2026-09-24 19:05:19.467447+00:00
GOOGL,2025-01-12 01:30:00+00:00,128.13170661543077,128.57944942716725,126.68903984480698,127.35588722065135,127.35588722065135,5756535.0,sample,2026-09-24 19:05:19.467447+00:00
GOOGL,2025-01-12 02:30:00+00:00,127.04518689209954,128.60094802111183,126.58458601757172,128.0745619097543,128.0745619097543,13623869.0,sample,2026-09-24 19:05:19.467447+00:00
GOOGL,2025-01-12 03:30:00+00:00,128.44863750255422,128.64386086749676,127.26362793685101,128.15863707646935,128.15863707646935,15649246.0,sample,2026-09-24 19:05:19.467447+00:00
GOOGL,2025-01-12 04:30:00+00:00,128.10282542260848,129.00864794265124,126.76145329619612,128.53131728879018,128.53131728879018,7146849.0,sample,2026-09-24 19:05:19.467447+00:00
GOOGL,2025-01-12 05:30:00+00:00,127.95407011167072,129.3210366563637,127.11407914665423,129.0937008485417,129.0937008485417,5555362.0,sample,2026-09-24 19:05:19.467447+00:00
GOOGL,2025-01-12 06:30:00+00:00,129.14177695793825,130.34923729879944,127.74644627070938,128.8417227491986,128.8417227491986,12536053.0,sample,2026-09-24 19:05:19.467447+00:00
GOOGL,2025-01-12 07:30:00+00:00,129.02320405372112,129.39708647258013,128.4033076181394,129.05041545065768,129.05041545065768,9615091.0,sample,2026-09-24 19:05:19.467447+00:00
GOOGL,2025-01-12 08:30:00+00:00,128.94386924544213,129.63527605993193,127.49379144366387,128.89335814067675,128.89335814067675,2384602.0,sample,2026-09-24 19:05:19.467447+00:00
GOOGL,2025-01-12 09:30:00+00:00,129.24680602275234,129.69843105007888,127.46629436552922,128.77458831581487,128.77458831581487,11541113.0,sample,2026-09-24 19:05:19.467447+00:00
GOOGL,2025-01-12 10:30:00+00:00,128.62582229222122,129.79445150556512,127.9927729183225,128.98215689125232,128.98215689125232,14310049.0,sample,2026-09-24 19:05:19.467447+00:00
GOOGL,2025-01-12 11:30:00+00:00,128.89971369185196,129.05542967497223,127.68738253715428,128.3438264695359,128.3438264695359,15490053.0,sample,2026-09-24 19:05:19.467447+00:00
GOOGL,2025-01-12 12:30:00+00:00,128.51037707539356,129.40355782669567,127.60024530011572,127.77428072879526,127.77428072879526,14139024.0,sample,2026-09-24 19:05:19.467447+00:00
GOOGL,2025-01-12 13:30:00+00:00,127.79507446223818,129.29150733222008,126.70705846273938,127.63941920329502,127.63941920329502,2667195.0,sample,2026-09-24 19:05:19.467447+00:00
GOOGL,2025-01-12 14:30:00+00:00,127.65009084016137,127.97524041454996,125.54470531099761,126.68990089812763,126.68990089812763,17961905.0,sample,2026-09-24 19:05:19.467447+00:00
GOOGL,2025-01-12 15:30:00+00:00,126.87890092427223,127.38412439014242,124.88686666051414,125.98963809082369,125.98963809082369,2398639.0,sample,2026-09-24 19:05:19.467447+00:00
GOOGL,2025-01-12 16:30:00+00:00,126.20887292849629,127.36167430121431,125.66509169274073,126.48999768354382,126.48999768354382,3051993.0,sample,2026-09-24 19:05:19.467447+00:00
GOOGL,2025-01-12 17:30:00+00:00,126.43367896164452,127.43714545308919,124.88261399197825,126.11550811344858,126.11550811344858,13724821.0,sample,2026-09-24 19:05:19.467447+00:00
GOOGL,2025-01-12 18:30:00+00:00,126.24172966900309,127.36461316830132,124.10048681303275,125.39741098485644,125.39741098485644,17160283.0,sample,2026-09-24 19:05:19.467447+00:00
GOOGL,2025-01-12 19:30:00+00:00,125.2798560541937,126.59548561909934,124.8674292383463,126.3174205992029,126.3174205992029,6608364.0,sample,2026-09-24 19:05:19.467447+00:00
GOOGL,2025-01-12 20:30:00+00:00,125.76076288459869,127.46529361940917,124.97809976557936,126.82680366420024,126.82680366420024,1823003.0,sample,2026-09-24 19:05:19.467447+00:00
GOOGL,2025-01-12 21:30:00+00:00,127.05730113850308,127.32467438447617,125.83784218506148,126.46628227748546,126.46628227748546,15457514.0,sample,2026-09-24 19:05:19.467447+00:00
GOOGL,2025-01-12 22:30:00+00:00,126.63064708705868,127.6227777369256,125.34043318604519,126.31452272215415,126.31452272215415,15962262.0,sample,2026-09-24 19:05:19.467447+00:00
GOOGL,2025-01-12 23:30:00+00:00,126.03114688066543,127.35101503524294,125.3547270285581,126.07976491569168,126.07976491569168,12953335.0,sample,2026-09-24 19:05:19.467447+00:00
GOOGL,2025-01-13 00:30:00+00:00,126.13844545842869,127.28465020077557,124.72513150829398,125.91768644144142,125.91768644144142,7335649.0,sample,2026-09-24 19:05:19.467447+00:00
GOOGL,2025-01-13 01:30:00+00:00,126.09372692854521,126.40266905677605,124.79816779673664,125.3527173730376,125.3527173730376,17404837.0,sample,2026-09-24 19:05:19.467447+00:00
GOOGL,2025-01-13 02:30:00+00:00,125.5986703876271,125.95698556609645,122.70338805482854,124.07975748243982,124.07975748243982,15502416.0,sample,2026-09-24 19:05:19.467447+00:00
GOOGL,2025-01-13 03:30:00+00:00,124.16284986266453,124.43770707504636,122.98763898452749,123.81073933599477,123.81073933599477,4199873.0,sample,2026-09-24 19:05:19.467447+00:00
GOOGL,2025-01-13 04:30:00+00:00,124.11698015650377,125.00549881036324,123.68167489179775,123.98327742851657,123.98327742851657,14909399.0,sample,2026-09-24 19:05:19.467447+00:00
GOOGL,2025-01-13 05:30:00+00:00,124.14521118565371,125.70998913432067,123.26199616642033,124.35464869986669,124.35464869986669,4172490.0,sample,2026-09-24 19:05:19.467447+00:00
GOOGL,2025-01-13 06:30:00+00:00,124.48733758970414,125.26263683357716,124.2650064474731,124.83856359378936,124.83856359378936,17517462.0,sample,2026-09-24 19:05:19.467447+00:00
GOOGL,2025-01-13 07:30:00+00:00,124.86826933852977,126.09620087020024,123.5493403032369,125.09727840094337,125.09727840094337,9485113.0,sample,2026-09-24 19:05:19.467447+00:00
GOOGL,2025-01-13 08:30:00+00:00,125.06788377409589,125.93212061642899,124.5440952149939,125.10040850936993,125.10040850936993,2793521.0,sample,2026-09-24 19:05:19.467447+00:00
GOOGL,2025-01-13 09:30:00+00:00,124.90440445734765,125.6064984728036,124.10460899793097,125.20977706933719,125.20977706933719,5643245.0,sample,2026-09-24 19:05:19.467447+00:00
GOOGL,2025-01-13 10:30:00+00:00,125.20782434136875,126.5811109692607,124.3660762806371,125.71768685507934,125.71768685507934,3850626.0,sample,2026-09-24 19:05:19.467447+00:00
GOOGL,2025-01-13 11:30:00+00:00,126.03748904774909,126.85468571840894,125.81880459519068,126.13558349768357,126.13558349768357,7539431.0,sample,2026-09-24 19:05:19.467447+00:00
GOOGL,2025-01-13 12:30:00+00:00,125.57217174223258,126.6020314211207,124.13710731130219,125.85095081796362,125.85095081796362,7437660.0,sample,2026-09-24 19:05:19.467447+00:00
GOOGL,2025-01-13 13:30:00+00:00,126.17787918413214,126.63764710346611,125.73419940032637,125.91745057900835,125.91745057900835,17506851.0,sample,2026-09-24 19:05:19.467447+00:00
GOOGL,2025-01-13 14:30:00+00:00,125.70046966863555,126.78483845233625,124.55141191926795,125.98487771820703,125.98487771820703,16676863.0,sample,2026-09-24 19:05:19.467447+00:00
GOOGL,2025-01-13 15:30:00+00:00,126.35137768667063,127.61524660057641,125.39985540450024,125.55419721897424,125.55419721897424,7132555.0,sample,2026-09-24 19:05:19.467447+00:00
GOOGL,2025-01-13 16:30:00+00:00,125.33961529283863,126.80489599779727,124.8115177580231,125.12385781675592,125.12385781675592,4262694.0,sample,2026-09-24 19:05:19.467447+00:00
GOOGL,2025-01-13 17:30:00+00:00,125.12727428801017,127.00216674783188,124.54730385239269,125.53429969870885,125.53429969870885,3766430.0,sample,2026-09-24 19:05:19.467447+00:00
GOOGL,2025-01-13 18:30:00+00:00,125.4207533122172,127.01028604043859,124.57174339737884,125.71781800161824,125.71781800161824,8451419.0,sample,2026-09-24 19:05:19.467447+00:00
GOOGL,2025-01-13 19:30:00+00:00,125.75118552217428,126.64358247906654,124.2968533595948,125.99431512287768,125.99431512287768,7175509.0,sample,2026-09-24 19:05:19.467447+00:00
GOOGL,2025-01-13 20:30:00+00:00,126.19543465757373,126.96403478035073,123.91916435857578,125.36999049070721,125.36999049070721,14059654.0,sample,2026-09-24 19:05:19.467447+00:00
GOOGL,2025-01-13 21:30:00+00:00,124.98818278336803,125.46322577877987,124.62643042741459,124.76037043475576,124.76037043475576,16535412.0,sample,2026-09-24 19:05:19.467447+00:00
GOOGL,2025-01-13 22:30:00+00:00,124.76024888136874,126.3257071501927,124.08632807801303,125.8928210665659,125.8928210665659,6288475.0,sample,2026-09-24 19:05:19.467447+00:00
GOOGL,2025-01-13 23:30:00+00:00,125.97861444437783,127.05208296422471,124.71751257487145,125.01224405964928,125.01224405964928,8306543.0,sample,2026-09-24 19:05:19.467447+00:00
GOOGL,2025-01-14 00:30:00+00:00,125.03930691391044,126.4066646173482,124.66301044896372,124.99003927146208,124.99003927146208,4470696.0,sample,2026-09-24 19:05:19.467447+00:00
GOOGL,2025-01-14 01:30:00+00:00,125.25910715831901,125.55736615907955,124.11005533177531,124.36409956187616,124.36409956187616,12307379.0,sample,2026-09-24 19:05:19.467447+00:00
GOOGL,2025-01-14 02:30:00+00:00,124.90828269262495,125.26234955905143,124.1246066566917,124.300548018583,124.300548018583,13504009.0,sample,2026-09-24 19:05:19.467447+00:00
GOOGL,2025-01-14 03:30:00+00:00,124.33998514779499,124.55566133726796,122.81855717404999,123.99802522617712,123.99802522617712,14399475.0,sample,2026-09-24 19:05:19.467447+00:00
GOOGL,2025-01-14 04:30:00+00:00,124.02016094104174,124.58165685321026,122.86957555377181,123.64453689578967,123.64453689578967,13105750.0,sample,2026-09-24 19:05:19.467447+00:00
GOOGL,2025-01-14 05:30:00+00:00,123.84781095326322,124.87140049975278,123.59227529446889,123.80569506598195,123.80569506598195,3297236.0,sample,2026-09-24 19:05:19.467447+00:00
GOOGL,2025-01-14 06:30:00+00:00,123.52220167195168,124.94393795933773,122.60173966184043,123.46866617990787,123.46866617990787,11140310.0,sample,2026-09-24 19:05:19.467447+00:00
GOOGL,2025-01-14 07:30:00+00:00,123.9598625943609,124.14140346668167,122.24778958925167,123.31205277371426,123.31205277371426,11181546.0,sample,2026-09-24 19:05:19.467447+00:00
GOOGL,2025-01-14 08:30:00+00:00,123.3365372109224,124.5625417969024,121.98083982712718,123.99280396068319,123.99280396068319,11173695.0,sample,2026-09-24 19:05:19.467447+00:00
GOOGL,2025-01-14 09:30:00+00:00,123.42153834249146,125.54975885593379,123.2027526672836,124.38912511124904,124.38912511124904,13317183.0,sample,2026-09-24 19:05:19.467447+00:00
GOOGL,2025-01-14 10:30:00+00:00,124.21661608526473,125.78746541993625,122.99856912627232,124.88274000224978,124.88274000224978,2572454.0,sample,2026-09-24 19:05:19.467447+00:00
GOOGL,2025-01-14 11:30:00+00:00,124.98204866690635,125.45159077108676,122.6854400025641,123.95692207440247,123.95692207440247,5456158.0,sample,2026-09-24 19:05:19.467447+00:00
GOOGL,2025-01-14 12:30:00+00:00,124.30357117962511,125.74800342007072,123.4350824711437,124.50124868002102,124.50124868002102,4493860.0,sample,2026-09-24 19:05:19.467447+00:00
GOOGL,2025-01-14 13:30:00+00:00,124.34833266267891,126.60928010702443,122.86223469010814,125.15002774816138,125.15002774816138,14745874.0,sample,2026-09-24 19:05:19.467447+00:00
GOOGL,2025-01-14 14:30:00+00:00,125.1942784478529,126.66740954292254,124.53600712378156,125.40100758530188,125.40100758530188,16820850.0,sample,2026-09-24 19:05:19.467447+00:00
GOOGL,2025-01-14 15:30:00+00:00,125.55283023921456,126.74311739064657,123.89730116829033,124.89347107144486,124.89347107144486,13711122.0,sample,2026-09-24 19:05:19.467447+00:00
GOOGL,2025-01-14 16:30:00+00:00,124.51352938423341,125.5406804624202,122.04623632283752,123.295915854831,123.295915854831,8505027.0,sample,2026-09-24 19:05:19.467447+00:00
GOOGL,2025-01-14 17:30:00+00:00,123.33285197374167,124.69716893577964,121.81435650956792,122.30604361359809,122.30604361359809,15937647.0,sample,2026-09-24 19:05:19.467447+00:00
GOOGL,2025-01-14 18:30:00+00:00,122.44064869468797,123.65439618929223,122.07945346420898,122.22948911092249,122.22948911092249,11761692.0,sample,2026-09-24 19:05:19.467447+00:00
GOOGL,2025-01-14 19:30:00+00:00,122.04604729921274,122.78863443650044,121.60095224635296,122.62417058054287,122.62417058054287,9197787.0,sample,2026-09-24 19:05:19.467447+00:00
GOOGL,2025-01-14 20:30:00+00:00,122.64784745079824,123.29036124624477,121.73059957829808,122.46550189333786,122.46550189333786,1789109.0,sample,2026-09-24 19:05:19.467447+00:00
GOOGL,2025-01-14 21:30:00+00:00,122.61919054464062,123.7258910167413,122.28604761125352,122.77483023065982,122.77483023065982,17211888.0,sample,2026-09-24 19:05:19.467447+00:00
GOOGL,2025-01-14 22:30:00+00:00,123.19581934384573,124.08911148158026,122.34414667631088,122.72601845302668,122.72601845302668,11454662.0,sample,2026-09-24 19:05:19.467447+00:00
GOOGL,2025-01-14 23:30:00+00:00,122.42949686288244,123.46195032912384,121.21580220243871,122.26174259755504,122.26174259755504,4644306.0,sample,2026-09-24 19:05:19.467447+00:00
GOOGL,2025-01-15 00:30:00+00:00,121.80570763336662,124.12236869806081,121.42748341509727,122.9441933879654,122.9441933879654,7806318.0,sample,2026-09-24 19:05:19.467447+00:00
GOOGL,2025-01-15 01:30:00+00:00,122.82621131621603,124.25924342815546,121.93694670943694,123.18363839371423,123.18363839371423,9899559.0,sample,2026-09-24 19:05:19.467447+00:00
GOOGL,2025-01-15 02:30:00+00:00,123.57011694226797,124.73112474270715,122.42005273748786,124.27174791984031,124.27174791984031,11541708.0,sample,2026-09-24 19:05:19.467447+00:00
GOOGL,2025-01-15 03:30:00+00:00,124.50434454594446,125.9905562455913,123.2113512055613,125.08894160689823,125.08894160689823,17763136.0,sample,2026-09-24 19:05:19.467447+00:00
GOOGL,2025-01-15 04:30:00+00:00,125.16135417880973,126.60468540608117,123.93583865589746,124.9571382043918,124.9571382043918,15819286.0,sample,2026-09-24 19:05:19.467447+00:00
GOOGL,2025-01-15 05:30:00+00:00,125.30428868834845,126.38250708602962,125.06240679124505,125.48162002181166,125.48162002181166,14916031.0,sample,2026-09-24 19:05:19.467447+00:00
GOOGL,2025-01-15 06:30:00+00:00,124.8804562631394,126.59169754953804,124.09046421103201,125.41702822619244,125.41702822619244,17779506.0,sample,2026-09-24 19:05:19.467447+00:00
GOOGL,2025-01-15 07:30:00+00:00,125.58319358171961,127.05905535067679,124.29860588018246,125.11661892964122,125.11661892964122,14811913.0,sample,2026-09-24 19:05:19.467447+00:00
GOOGL,2025-01-15 08:30:00+00:00,124.85486811478283,127.1821921473017,124.40326373325817,126.04440873033552,126.04440873033552,11298624.0,sample,2026-09-24 19:05:19.467447+00:00
GOOGL,2025-01-15 09:30:00+00:00,126.18502380039114,127.21317056190978,124.16429560108766,125.59325995793763,125.59325995793763,11870099.0,sample,2026-09-24 19:05:19.467447+00:00
GOOGL,2025-01-15 10:30:00+00:00,126.1299610103399,127.3299834915518,125.56082889717283,126.063939143086,126.063939143086,7208406.0,sample,2026-09-24 19:05:19.467447+00:00
GOOGL,2025-01-15 11:30:00+00:00,126.5056401362359,128.05575537876433,126.12963329223895,126.60186147461422,126.60186147461422,2609122.0,sample,2026-09-24 19:05:19.467447+00:00
GOOGL,2025-01-15 12:30:00+00:00,126.36231580603938,126.8017781594734,124.86576096760835,126.33290016902667,126.33290016902667,7554115.0,sample,2026-09-24 19:05:19.467447+00:00
GOOGL,2025-01-15 13:30:00+00:00,126.29966137010625,127.55603559388342,124.80522894651523,127.17936361974107,127.17936361974107,6288879.0,sample,2026-09-24 19:05:19.467447+00:00
GOOGL,2025-01-15 14:30:00+00:00,127.20102168967817,128.1298912483359,125.65564473451903,126.7843766819339,126.7843766819339,16680307.0,sample,2026-09-24 19:05:19.467447+00:00
GOOGL,2025-01-15 15:30:00+00:00,126.20296691514089,127.60370945754899,124.93928875579358,126.68090118692105,126.68090118692105,6810278.0,sample,2026-09-24 19:05:19.467447+00:00
GOOGL,2025-01-15 16:30:00+00:00,126.82555193426326,127.55210952782757,126.4062096718124,127.22802279756677,127.22802279756677,6620395.0,sample,2026-09-24 19:05:19.467447+00:00
GOOGL,2025-01-15 17:30:00+00:00,127.28924421129435,128.67491253474066,126.8042556575007,126.9465791144708,126.9465791144708,12414565.0,sample,2026-09-24 19:05:19.467447+00:00
GOOGL,2025-01-15 18:30:00+00:00,127.06855322128935,128.44118375463296,126.37635193006936,126.65768088688228,126.65768088688228,7165629.0,sample,2026-09-24 19:05:19.467447+00:00
GOOGL,2025-01-15 19:30:00+00:00,126.73851398737023,128.854428667793,126.21964290421957,127.82253368444091,127.82253368444091,8251422.0,sample,2026-09-24 19:05:19.467447+00:00
GOOGL,2025-01-15 20:30:00+00:00,127.7885160592717,129.3761112570478,127.43147360162637,127.8614416949035,127.8614416949035,15517448.0,sample,2026-09-24 19:05:19.467447+00:00
GOOGL,2025-01-15 21:30:00+00:00,127.80672915465955,129.07520510034666,126.54849362577785,127.86388089306213,127.86388089306213,16771639.0,sample,2026-09-24 19:05:19.467447+00:00
GOOGL,2025-01-15 22:30:00+00:00,127.98651683331028,129.35985504860156,126.51538067163233,126.96168233670275,126.96168233670275,11651915.0,sample,2026-09-24 19:05:19.467447+00:00
GOOGL,2025-01-15 23:30:00+00:00,126.35990992287138,128.17084650143067,125.2243341537358,126.67889880212,126.67889880212,1717366.0,sample,2026-09-24 19:05:19.467447+00:00
GOOGL,2025-01-16 00:30:00+00:00,126.53306689074176,127.47537758448856,124.70692484549411,126.01037834199096,126.01037834199096,8729132.0,sample,2026-09-24 19:05:19.467447+00:00
GOOGL,2025-01-16 01:30:00+00:00,126.09653560454106,127.39895252520981,124.71510489969842,126.20711408326257,126.20711408326257,4971516.0,sample,2026-09-24 19:05:19.467447+00:00
GOOGL,2025-01-16 02:30:00+00:00,126.21264992997129,126.73083682039541,124.91225882849338,126.06086496641959,126.06086496641959,3158811.0,sample,2026-09-24 19:05:19.467447+00:00
GOOGL,2025-01-16 03:30:00+00:00,125.960096156477,127.84832300006273,125.15627986410338,126.62817415237248,126.62817415237248,10766783.0,sample,2026-09-24 19:05:19.467447+00:00
GOOGL,2025-01-16 04:30:00+00:00,126.82766508638862,128.0912509405916,125.59505401818656,126.9403461564755,126.9403461564755,11976533.0,sample,2026-09-24 19:05:19.467447+00:00
GOOGL,2025-01-16 05:30:00+00:00,126.77003335544715,128.1126750571066,126.24030102606534,126.72551030392215,126.72551030392215,17219531.0,sample,2026-09-24 19:05:19.467447+00:00
GOOGL,2025-01-16 06:30:00+00:00,126.96234725118914,128.69217639767686,125.4463377714242,128.42234173693254,128.42234173693254,3131825.0,sample,2026-09-24 19:05:19.467447+00:00
GOOGL,2025-01-16 07:30:00+00:00,128.3280187312603,128.60930603193765,127.63874472019224,128.18001279813285,128.18001279813285,17446085.0,sample,2026-09-24 19:05:19.467447+00:00
GOOGL,2025-01-16 08:30:00+00:00,128.0318571687218,128.25721845679368,126.21963752399058,127.53452339067636,127.53452339067636,13662592.0,sample,2026-09-24 19:05:19.467447+00:00
GOOGL,2025-01-16 09:30:00+00:00,127.4894291192288,128.01283388922295,125.82406141724974,127.12783798634248,127.12783798634248,5196081.0,sample,2026-09-24 19:05:19.467447+00:00
GOOGL,2025-01-16 10:30:00+00:00,127.01085668410894,128.43460004764864,125.4228221300877,126.51945860709547,126.51945860709547,13148259.0,sample,2026-09-24 19:05:19.467447+00:00
GOOGL,2025-01-16 11:30:00+00:00,126.59186754927079,127.99994918547202,125.5512834706634,126.88281005892728,126.88281005892728,17033639.0,sample,2026-09-24 19:05:19.467447+00:00
GOOGL,2025-01-16 12:30:00+00:00,126.32364823083415,128.8281755269507,126.00371499209321,128.43668608667556,128.43668608667556,14142736.0,sample,2026-09-24 19:05:19.467447+00:00
GOOGL,2025-01-16 13:30:00+00:00,128.90100680440963,129.74479133633383,127.43140507414368,128.20840771979002,128.20840771979002,16237562.0,sample,2026-09-24 19:05:19.467447+00:00
GOOGL,2025-01-16 14:30:00+00:00,128.11501943594382,128.78866872399215,126.09168982436499,127.52377413775677,127.52377413775677,7888205.0,sample,2026-09-24 19:05:19.467447+00:00
GOOGL,2025-01-16 15:30:00+00:00,127.81118731161958,128.60222119421834,126.52538933677242,127.82857617984415,127.82857617984415,11513024.0,sample,2026-09-24 19:05:19.467447+00:00
GOOGL,2025-01-16 16:30:00+00:00,127.8563389403225,128.8500558314067,126.52546348658883,126.99216306942921,126.99216306942921,9890607.0,sample,2026-09-24 19:05:19.467447+00:00
GOOGL,2025-01-16 17:30:00+00:00,126.8918091508848,128.56931873471348,125.38066428108937,127.43925100748469,127.43925100748469,2500961.0,sample,2026-09-24 19:05:19.467447+00:00
GOOGL,2025-01-16 18:30:00+00:00,127.6912844735895,127.89562065158174,126.48385337578331,126.94206978665042,126.94206978665042,9433477.0,sample,2026-09-24 19:05:19.467447+00:00
GOOGL,2025-01-16 19:30:00+00:00,127.15785141963654,128.24865135042896,125.94051032045137,126.54661965862266,126.54661965862266,13428982.0,sample,2026-09-24 19:05:19.467447+00:00
GOOGL,2025-01-16 20:30:00+00:00,126.53856834766559,127.62701450714219,125.064826859507,125.9706413471007,125.9706413471007,13861265.0,sample,2026-09-24 19:05:19.467447+00:00
GOOGL,2025-01-16 21:30:00+00:00,125.95947968466888,127.02067173250506,125.15098168909388,126.41007786885667,126.41007786885667,9812484.0,sample,2026-09-24 19:05:19.467447+00:00
GOOGL,2025-01-16 22:30:00+00:00,126.24526184196762,127.78009682088049,125.80017810803963,127.39433341557033,127.39433341557033,15259006.0,sample,2026-09-24 19:05:19.467447+00:00
GOOGL,2025-01-16 23:30:00+00:00,127.05124116692446,128.59973603765263,125.90736297405677,127.4315059977165,127.4315059977165,17007421.0,sample,2026-09-24 19:05:19.467447+00:00
GOOGL,2025-01-17 00:30:00+00:00,127.35180198567292,128.5899915042422,126.11138251243251,126.9950532570738,126.9950532570738,6168158.0,sample,2026-09-24 19:05:19.467447+00:00
GOOGL,2025-01-17 01:30:00+00:00,127.29036061902659,128.67118803412012,126.1593518119827,127.77441283590646,127.77441283590646,4832485.0,sample,2026-09-24 19:05:19.467447+00:00
GOOGL,2025-01-17 02:30:00+00:00,127.23513354137958,128.83917966520443,126.31983004016566,127.6020203068869,127.6020203068869,9782321.0,sample,2026-09-24 19:05:19.467447+00:00
GOOGL,2025-01-17 03:30:00+00:00,127.34279836169927,127.61997349565011,125.58377106472696,127.07310540053777,127.07310540053777,7015041.0,sample,2026-09-24 19:05:19.467447+00:00
GOOGL,2025-01-17 04:30:00+00:00,127.20851414146395,127.7161231914322,126.19946789322628,127.22059112748718,127.22059112748718,1788428.0,sample,2026-09-24 19:05:19.467447+00:00
GOOGL,2025-01-17 05:30:00+00:00,126.98698676900088,127.13028045954275,126.18550211201631,126.74432157425693,126.74432157425693,16558590.0,sample,2026-09-24 19:05:19.467447+00:00
GOOGL,2025-01-17 06:30:00+00:00,126.72839037893132,128.16156810858263,124.99902450435276,126.26918741434181,126.26918741434181,10851759.0,sample,2026-09-24 19:05:19.467447+00:00
GOOGL,2025-01-17 07:30:00+00:00,126.17312300699831,127.68714633131792,126.01328869230963,126.5389379234046,126.5389379234046,7233514.0,sample,2026-09-24 19:05:19.467447+00:00
GOOGL,2025-01-17 08:30:00+00:00,126.57764700287912,126.8051584451843,124.84859145910993,126.12402986483387,126.12402986483387,16275635.0,sample,2026-09-24 19:05:19.467447+00:00
GOOGL,2025-01-17 09:30:00+00:00,125.93701812655526,126.4319036338436,124.96199047134265,125.84728372953188,125.84728372953188,11935949.0,sample,2026-09-24 19:05:19.467447+00:00
GOOGL,2025-01-17 10:30:00+00:00,126.13073348868446,127.23568182045193,125.76455263322585,126.23303145226875,126.23303145226875,6609961.0,sample,2026-09-24 19:05:19.467447+00:00
GOOGL,2025-01-17 11:30:00+00:00,126.60755231232767,127.94654169355455,124.76407362073789,126.2500537881009,126.2500537881009,10666165.0,sample,2026-09-24 19:05:19.467447+00:00
GOOGL,2025-01-17 12:30:00+00:00,125.65407364615236,126.18519464939286,124.56121653472921,125.90721036177351,125.90721036177351,2975358.0,sample,2026-09-24 19:05:19.467447+00:00
GOOGL,2025-01-17 13:30:00+00:00,125.8129445382095,126.56277082823058,124.90683479374243,125.3440082648606,125.3440082648606,10978529.0,sample,2026-09-24 19:05:19.467447+00:00
GOOGL,2025-01-17 14:30:00+00:00,125.48884788220192,125.78556517299255,124.62593973990165,124.88902104590275,124.88902104590275,4648630.0,sample,2026-09-24 19:05:19.467447+00:00
GOOGL,2025-01-17 15:30:00+00:00,124.76636305546027,126.25611618784637,123.88985153820565,124.99756202278039,124.99756202278039,10479865.0,sample,2026-09-24 19:05:19.467447+00:00
GOOGL,2025-01-17 16:30:00+00:00,124.78500005648547,125.97449374432726,124.44707796344235,125.44389739903642,125.44389739903642,15234374.0,sample,2026-09-24 19:05:19.467447+00:00
GOOGL,2025-01-17 17:30:00+00:00,125.15911972048559,127.23003766871275,124.30571863442694,125.95990600599133,125.95990600599133,8272234.0,sample,2026-09-24 19:05:19.467447+00:00
GOOGL,2025-01-17 18:30:00+00:00,125.60264654927228,127.08713775634153,124.85206156456901,125.59518093607987,125.59518093607987,11441276.0,sample,2026-09-24 19:05:19.467447+00:00
GOOGL,2025-01-17 19:30:00+00:00,125.62186722912118,126.56948886287648,124.87110981913364,125.90886249326901,125.90886249326901,16087540.0,sample,2026-09-24 19:05:19.467447+00:00
GOOGL,2025-01-17 20:30:00+00:00,125.6939534044799,127.31225524793719,125.01647062116712,125.9924724718499,125.9924724718499,14863028.0,sample,2026-09-24 19:05:19.467447+00:00
GOOGL,2025-01-17 21:30:00+00:00,125.89933102503319,127.12925008241668,125.24773604645765,126.26572728034179,126.26572728034179,4952408.0,sample,2026-09-24 19:05:19.467447+00:00
GOOGL,2025-01-17 22:30:00+00:00,126.31412255499657,127.7292932295504,124.40527777496348,125.2405377357193,125.2405377357193,12618913.0,sample,2026-09-24 19:05:19.467447+00:00
GOOGL,2025-01-17 23:30:00+00:00,124.93816475116331,125.32257583598984,124.28576072636025,125.07149371096145,125.07149371096145,16973820.0,sample,2026-09-24 19:05:19.467447+00:00
GOOGL,2025-01-18 00:30:00+00:00,124.84116268130641,125.79987354778959,124.13028787606648,124.93462160343843,124.93462160343843,15000003.0,sample,2026-09-24 19:05:19.467447+00:00
GOOGL,2025-01-18 01:30:00+00:00,124.75709636029796,126.11624416876406,123.85260037388346,124.67657009033768,124.67657009033768,12973549.0,sample,2026-09-24 19:05:19.467447+00:00
GOOGL,2025-01-18 02:30:00+00:00,124.77320512293524,125.55220871497339,123.92071846484515,124.28943672584374,124.28943672584374,12136782.0,sample,2026-09-24 19:05:19.467447+00:00
GOOGL,2025-01-18 03:30:00+00:00,123.99261943714757,126.7532040216167,122.56684834283466,125.25047157941903,125.25047157941903,17294609.0,sample,2026-09-24 19:05:19.467447+00:00
GOOGL,2025-01-18 04:30:00+00:00,125.13440792592633,126.9294447185914,123.9246246357447,125.53695642164229,125.53695642164229,10440857.0,sample,2026-09-24 19:05:19.467447+00:00
GOOGL,2025-01-18 05:30:00+00:00,125.50651723008768,126.67417981357818,124.27427373036274,125.22990866518388,125.22990866518388,8150202.0,sample,2026-09-24 19:05:19.467447+00:00
GOOGL,2025-01-18 06:30:00+00:00,125.37734573447665,126.03138319860386,123.74574996944479,124.56082802533888,124.56082802533888,6127553.0,sample,2026-09-24 19:05:19.467447+00:00
GOOGL,2025-01-18 07:30:00+00:00,124.3948632755166,125.31962732494996,122.99075529043806,125.07303394925438,125.07303394925438,16680955.0,sample,2026-09-24 19:05:19.467447+00:00
GOOGL,2025-01-18 08:30:00+00:00,125.2003405660495,125.55756759104884,124.0626714714261,124.25205887244944,124.25205887244944,10540375.0,sample,2026-09-24 19:05:19.467447+00:00
GOOGL,2025-01-18 09:30:00+00:00,124.15846443430264,124.40531157814651,122.61226967040561,123.51688689073036,123.51688689073036,10874035.0,sample,2026-09-24 19:05:19.467447+00:00
GOOGL,2025-01-18 10:30:00+00:00,123.56875669781228,124.47817093149462,122.32761010107892,123.30028979172562,123.30028979172562,14051934.0,sample,2026-09-24 19:05:19.467447+00:00
GOOGL,2025-01-18 11:30:00+00:00,123.50495417762146,124.48463718399877,122.82206402658392,123.79697455399183,123.79697455399183,10579924.0,sample,2026-09-24 19:05:19.467447+00:00
GOOGL,2025-01-18 12:30:00+00:00,123.60211715733759,123.75586491689636,122.12412122465693,123.55821238184951,123.55821238184951,4776747.0,sample,2026-09-24 19:05:19.467447+00:00
GOOGL,2025-01-18 13:30:00+00:00,123.30491882198417,124.95168555312011,122.09211003109343,124.52407352297841,124.52407352297841,10901740.0,sample,2026-09-24 19:05:19.467447+00:00
GOOGL,2025-01-18 14:30:00+00:00,124.47464280652738,125.89985001421049,123.69228202089813,124.80284565734324,124.80284565734324,1609723.0,sample,2026-09-24 19:05:19.467447+00:00
GOOGL,2025-01-18 15:30:00+00:00,124.341555013342,124.72456403171597,123.77300924658564,124.55375782262482,124.55375782262482,11276774.0,sample,2026-09-24 19:05:19.467447+00:00
GOOGL,2025-01-18 16:30:00+00:00,124.22037317377112,125.61159112898191,123.30072849133873,124.36107328245606,124.36107328245606,16736314.0,sample,2026-09-24 19:05:19.467447+00:00
GOOGL,2025-01-18 17:30:00+00:00,124.39734255328865,124.64567566887838,123.4485781881817,123.72518696605844,123.72518696605844,2633821.0,sample,2026-09-24 19:05:19.467447+00:00
GOOGL,2025-01-18 18:30:00+00:00,123.50308369617959,124.79816739063283,122.73601722803394,124.18831310714233,124.18831310714233,1683635.0,sample,2026-09-24 19:05:19.467447+00:00
GOOGL,2025-01-18 19:30:00+00:00,124.15973658888352,124.33753746116312,123.14370051332955,123.80296626815661,123.80296626815661,10484412.0,sample,2026-09-24 19:05:19.467447+00:00
GOOGL,2025-01-18 20:30:00+00:00,123.58198761886953,125.16120631889031,123.03206796782972,124.44402781835097,124.44402781835097,1525162.0,sample,2026-09-24 19:05:19.467447+00:00
GOOGL,2025-01-18 21:30:00+00:00,124.83270045195688,125.89587127244914,124.67692113352742,125.02477409784161,125.02477409784161,12892585.0,sample,2026-09-24 19:05:19.467447+00:00
GOOGL,2025-01-18 22:30:00+00:00,124.76061513655286,126.64538590469934,124.61982373906491,125.25437690618764,125.25437690618764,1634777.0,sample,2026-09-24 19:05:19.467447+00:00
GOOGL,2025-01-18 23:30:00+00:00,125.1684833100462,126.66617747547609,123.59886366457495,124.16774268792166,124.16774268792166,7786136.0,sample,2026-09-24 19:05:19.467447+00:00
GOOGL,2025-01-19 00:30:00+00:00,124.25958234568908,125.99307673289313,122.80724279124104,124.58549524976151,124.58549524976151,7395933.0,sample,2026-09-24 19:05:19.467447+00:00
GOOGL,2025-01-19 01:30:00+00:00,124.71253970365325,125.77032488868805,123.26429193736368,124.400850023448,124.400850023448,7510004.0,sample,2026-09-24 19:05:19.467447+00:00
GOOGL,2025-01-19 02:30:00+00:00,124.73785957881343,125.7309323765945,123.59644820333708,125.06843166734171,125.06843166734171,12709661.0,sample,2026-09-24 19:05:19.467447+00:00
GOOGL,2025-01-19 03:30:00+00:00,125.36915802972503,126.80928838353066,124.58963706569654,125.05218208704422,125.05218208704422,7046780.0,sample,2026-09-24 19:05:19.467447+00:00
GOOGL,2025-01-19 04:30:00+00:00,125.70805258017846,126.23562218522777,125.16129534301156,125.4766888802556,125.4766888802556,11923612.0,sample,2026-09-24 19:05:19.467447+00:00
GOOGL,2025-01-19 05:30:00+00:00,125.2216254711546,126.92057864939535,125.02023364896701,125.42655264200573,125.42655264200573,6432571.0,sample,2026-09-24 19:05:19.467447+00:00
GOOGL,2025-01-19 06:30:00+00:00,125.1635837279199,125.95692173981261,124.93638109155677,125.56415923987163,125.56415923987163,2628888.0,sample,2026-09-24 19:05:19.467447+00:00
GOOGL,2025-01-19 07:30:00+00:00,125.57628607140533,125.74583318975554,124.81523327293212,125.36534049301062,125.36534049301062,13224873.0,sample,2026-09-24 19:05:19.467447+00:00
GOOGL,2025-01-19 08:30:00+00:00,125.49164466412455,126.93076896247709,124.4187629276281,125.24002171588819,125.24002171588819,13693883.0,sample,2026-09-24 19:05:19.467447+00:00
GOOGL,2025-01-19 09:30:00+00:00,125.5671143141467,127.12686997331059,124.45965774267898,125.82628250680402,125.82628250680402,4429372.0,sample,2026-09-24 19:05:19.467447+00:00
GOOGL,2025-01-19 10:30:00+00:00,126.06351358006536,127.25260943401211,125.31756945021323,125.51311360150805,125.51311360150805,16867964.0,sample,2026-09-24 19:05:19.467447+00:00
GOOGL,2025-01-19 11:30:00+00:00,125.02692453110271,126.20500072418757,123.61443613701083,125.11180134990114,125.11180134990114,17439823.0,sample,2026-09-24 19:05:19.467447+00:00
GOOGL,2025-01-19 12:30:00+00:00,124.96255970834292,126.40687866006111,124.67311711866695,125.90761153271698,125.90761153271698,10501502.0,sample,2026-09-24 19:05:19.467447+00:00
GOOGL,2025-01-19 13:30:00+00:00,125.75813217750375,127.673181326413,125.26236495950533,126.19626903204386,126.19626903204386,3153651.0,sample,2026-09-24 19:05:19.467447+00:00
GOOGL,2025-01-19 14:30:00+00:00,126.08244538671151,126.41035684827304,125.32755503087564,126.055988046843,126.055988046843,14175200.0,sample,2026-09-24 19:05:19.467447+00:00
GOOGL,2025-01-19 15:30:00+00:00,126.2853351278174,127.20081960267022,125.39210047790205,125.98074056343856,125.98074056343856,6795951.0,sample,2026-09-24 19:05:19.467447+00:00
GOOGL,2025-01-19 16:30:00+00:00,126.2568546066968,127.39415628972066,125.25734335334693,126.28108095413106,126.28108095413106,16857543.0,sample,2026-09-24 19:05:19.467447+00:00
GOOGL,2025-01-19 17:30:00+00:00,126.34809265764292,126.52921213128492,125.79317027751505,126.08953072705745,126.08953072705745,6003832.0,sample,2026-09-24 19:05:19.467447+00:00
GOOGL,2025-01-19 18:30:00+00:00,126.09377078410165,126.93117970338227,125.86717434829443,126.54344793717867,126.54344793717867,6747581.0,sample,2026-09-24 19:05:19.467447+00:00
GOOGL,2025-01-19 19:30:00+00:00,126.72212534756048,128.63767711393794,125.87310184023215,127.56862374127988,127.56862374127988,2849397.0,sample,2026-09-24 19:05:19.467447+00:00
GOOGL,2025-01-19 20:30:00+00:00,127.71934316430834,128.52292043368806,125.63690789986353,126.87994069219809,126.87994069219809,4195657.0,sample,2026-09-24 19:05:19.467447+00:00
GOOGL,2025-01-19 21:30:00+00:00,126.92721975513912,128.30067847198225,126.03784717010312,126.79184980388438,126.79184980388438,11726082.0,sample,2026-09-24 19:05:19.467447+00:00
GOOGL,2025-01-19 22:30:00+00:00,126.94520056256962,127.47620830878671,125.32667948421059,126.07812557123725,126.07812557123725,16977728.0,sample,2026-09-24 19:05:19.467447+00:00
GOOGL,2025-01-19 23:30:00+00:00,126.01215102489938,127.66462877086038,124.77391058394828,127.13741400723092,127.13741400723092,10536552.0,sample,2026-09-24 19:05:19.467447+00:00
GOOGL,2025-01-20 00:30:00+00:00,127.22987412808527,128.75726716904177,125.84864239799025,127.45429696562061,127.45429696562061,16823805.0,sample,2026-09-24 19:05:19.467447+00:00
GOOGL,2025-01-20 01:30:00+00:00,127.50611787938365,127.88162861012114,125.78108265634691,126.17242867413945,126.17242867413945,10367951.0,sample,2026-09-24 19:05:19.467447+00:00
GOOGL,2025-01-20 02:30:00+00:00,126.52405559347997,126.77393426921125,124.25772291353246,125.71950084076222,125.71950084076222,14320364.0,sample,2026-09-24 19:05:19.467447+00:00
GOOGL,2025-01-20 03:30:00+00:00,125.39603266016753,126.80081848854111,124.34643597547277,125.37257350539197,125.37257350539197,3287821.0,sample,2026-09-24 19:05:19.467447+00:00
GOOGL,2025-01-20 04:30:00+00:00,125.2789880473811,126.01501677628039,123.78918746220603,124.88287247435787,124.88287247435787,14871127.0,sample,2026-09-24 19:05:19.467447+00:00
GOOGL,2025-01-20 05:30:00+00:00,124.61248078895527,125.0473357173715,123.15519517607902,124.29431213162425,124.29431213162425,12915163.0,sample,2026-09-24 19:05:19.467447+00:00
GOOGL,2025-01-20 06:30:00+00:00,124.51703016451756,124.83722057603259,122.82931805448139,123.45471514175114,123.45471514175114,4525905.0,sample,2026-09-24 19:05:19.467447+00:00
GOOGL,2025-01-20 07:30:00+00:00,123.56954163409463,124.3155710419131,121.77048934075282,123.0680497070439,123.0680497070439,17384618.0,sample,2026-09-24 19:05:19.467447+00:00
GOOGL,2025-01-20 08:30:00+00:00,122.84196013173333,124.6760033444643,122.12619008683569,123.53954660946715,123.53954660946715,3811774.0,sample,2026-09-24 19:05:19.467447+00:00
GOOGL,2025-01-20 09:30:00+00:00,123.81938024532931,124.5173402633715,121.87928905018704,122.20291283028372,122.20291283028372,17904932.0,sample,2026-09-24 19:05:19.467447+00:00
GOOGL,2025-01-20 10:30:00+00:00,121.955118273821,123.50918289827415,120.72625449794843,123.37618842231282,123.37618842231282,5409866.0,sample,2026-09-24 19:05:19.467447+00:00
GOOGL,2025-01-20 11:30:00+00:00,123.91580168567599,125.03634857540263,122.99072734960038,123.24362027228975,123.24362027228975,7545081.0,sample,2026-09-24 19:05:19.467447+00:00
GOOGL,2025-01-20 12:30:00+00:00,123.04287357534122,125.22301166802137,122.03411754353532,123.83021755111469,123.83021755111469,11181697.0,sample,2026-09-24 19:05:19.467447+00:00
GOOGL,2025-01-20 13:30:00+00:00,124.01838839292802,124.71848919678052,123.71704302715504,124.02788198111854,124.02788198111854,10387248.0,sample,2026-09-24 19:05:19.467447+00:00
GOOGL,2025-01-20 14:30:00+00:00,124.03344383359273,125.2196020495625,123.25067593349955,123.64243469452401,123.64243469452401,16034096.0,sample,2026-09-24 19:05:19.467447+00:00
GOOGL,2025-01-20 15:30:00+00:00,123.6989884519757,125.11177348169558,122.80795373015023,123.07631589654599,123.07631589654599,12474944.0,sample,2026-09-24 19:05:19.467447+00:00
GOOGL,2025-01-20 16:30:00+00:00,123.64048010883408,124.87416386980964,122.34311172498039,122.9521510970967,122.9521510970967,13308226.0,sample,2026-09-24 19:05:19.467447+00:00
GOOGL,2025-01-20 17:30:00+00:00,122.80290382447615,122.93436509825301,121.68764836068928,122.40957652514172,122.40957652514172,15497024.0,sample,2026-09-24 19:05:19.467447+00:00
GOOGL,2025-01-20 18:30:00+00:00,122.6091488226699,124.03988813081284,122.02717509433916,122.6460244190237,122.6460244190237,14319775.0,sample,2026-09-24 19:05:19.467447+00:00
GOOGL,2025-01-20 19:30:00+00:00,122.5136611168697,124.23108080007476,122.10312438277694,123.25671185601229,123.25671185601229,7672065.0,sample,2026-09-24 19:05:19.467447+00:00
GOOGL,2025-01-20 20:30:00+00:00,122.990901290228,123.98385119622345,122.69001527948762,123.33936684866512,123.33936684866512,2298969.0,sample,2026-09-24 19:05:19.467447+00:00
GOOGL,2025-01-20 21:30:00+00:00,123.32973604937783,124.2760182009543,122.2599502681254,122.48427155244224,122.48427155244224,17832715.0,sample,2026-09-24 19:05:19.467447+00:00
GOOGL,2025-01-20 22:30:00+00:00,122.60228510755334,123.53134672383817,121.65866301555258,122.8799100002487,122.8799100002487,11861555.0,sample,2026-09-24 19:05:19.467447+00:00
GOOGL,2025-01-20 23:30:00+00:00,122.8156217576206,124.42679030703897,121.5544172190968,123.10606075284656,123.10606075284656,17246254.0,sample,2026-09-24 19:05:19.467447+00:00
GOOGL,2025-01-21 00:30:00+00:00,122.85630796234524,123.18096380158356,121.31246044068168,122.44496537037803,122.44496537037803,7542056.0,sample,2026-09-24 19:05:19.467447+00:00
GOOGL,2025-01-21 01:30:00+00:00,122.00482608736358,123.04121875553258,121.10234375961926,122.29797666306914,122.29797666306914,15798963.0,sample,2026-09-24 19:05:19.467447+00:00
GOOGL,2025-01-21 02:30:00+00:00,121.86670128760268,122.69646304070886,121.54585294470664,122.35435790179241,122.35435790179241,8538084.0,sample,2026-09-24 19:05:19.467447+00:00
GOOGL,2025-01-21 03:30:00+00:00,122.50635322337128,123.36161607204964,122.16435508370748,123.11247130633247,123.11247130633247,7755291.0,sample,2026-09-24 19:05:19.467447+00:00
GOOGL,2025-01-21 04:30:00+00:00,122.93598445483816,124.36943452103213,122.42065337746008,122.85383475222895,122.85383475222895,9056622.0,sample,2026-09-24 19:05:19.467447+00:00
GOOGL,2025-01-21 05:30:00+00:00,122.60808181281007,125.32334119295112,121.71497155269873,123.91742019611479,123.91742019611479,11564341.0,sample,2026-09-24 19:05:19.467447+00:00
GOOGL,2025-01-21 06:30:00+00:00,124.02568718771089,124.89379305322403,122.2850313826813,123.44282003649153,123.44282003649153,14851129.0,sample,2026-09-24 19:05:19.467447+00:00
GOOGL,2025-01-21 07:30:00+00:00,123.40398871794125,125.08012891901464,123.15721349509329,124.46779216881615,124.46779216881615,11654392.0,sample,2026-09-24 19:05:19.467447+00:00
GOOGL,2025-01-21 08:30:00+00:00,124.43156332060006,124.9642274849946,122.97269945385712,124.53988514434558,124.53988514434558,7462424.0,sample,2026-09-24 19:05:19.467447+00:00
GOOGL,2025-01-21 09:30:00+00:00,124.7810782182945,126.09519727985358,123.5727805246298,124.63602333376284,124.63602333376284,9478149.0,sample,2026-09-24 19:05:19.467447+00:00
GOOGL,2025-01-21 10:30:00+00:00,123.71148468159309,126.12175814123673,122.46158608675174,125.19818618735145,125.19818618735145,10829779.0,sample,2026-09-24 19:05:19.467447+00:00
GOOGL,2025-01-21 11:30:00+00:00,124.93893904982562,125.88383993071338,124.24181492797933,124.88413879746344,124.88413879746344,3412969.0,sample,2026-09-24 19:05:19.467447+00:00
GOOGL,2025-01-21 12:30:00+00:00,125.02229388617026,125.97552865197689,124.33637204645714,125.2169579816271,125.2169579816271,2139295.0,sample,2026-09-24 19:05:19.467447+00:00
GOOGL,2025-01-21 13:30:00+00:00,125.41482703838061,125.56066929431948,124.37454025595964,125.11053144455613,125.11053144455613,13612156.0,sample,2026-09-24 19:05:19.467447+00:00
GOOGL,2025-01-21 14:30:00+00:00,125.20269327333598,126.45936306590221,124.34009160774113,125.47657734607706,125.47657734607706,10695078.0,sample,2026-09-24 19:05:19.467447+00:00
GOOGL,2025-01-21 15:30:00+00:00,125.03790824276015,125.89374473171638,124.20472770074936,125.03848099494947,125.03848099494947,5718887.0,sample,2026-09-24 19:05:19.467447+00:00
GOOGL,2025-01-21 16:30:00+00:00,124.74426201976878,126.27752431139983,123.85560823668105,124.91541785494589,124.91541785494589,12019574.0,sample,2026-09-24 19:05:19.467447+00:00
GOOGL,2025-01-21 17:30:00+00:00,124.76750241640906,127.15938101944903,123.85308175800058,125.69218128644908,125.69218128644908,10519958.0,sample,2026-09-24 19:05:19.467447+00:00
GOOGL,2025-01-21 18:30:00+00:00,125.35800969301137,126.60207321051836,123.8959254857891,124.79898642272859,124.79898642272859,10792340.0,sample,2026-09-24 19:05:19.467447+00:00
GOOGL,2025-01-21 19:30:00+00:00,124.5050235678667,126.47406219987764,123.66989971949792,125.2806935001666,125.2806935001666,7217083.0,sample,2026-09-24 19:05:19.467447+00:00
GOOGL,2025-01-21 20:30:00+00:00,125.2307105461036,125.79321506977402,124.67336068444267,124.95348379833666,124.95348379833666,10747277.0,sample,2026-09-24 19:05:19.467447+00:00
GOOGL,2025-01-21 21:30:00+00:00,124.60901553425435,126.90965438278785,124.47982727650549,126.10213051402029,126.10213051402029,7975124.0,sample,2026-09-24 19:05:19.467447+00:00
GOOGL,2025-01-21 22:30:00+00:00,126.20419660163758,127.267780725202,124.71044492422111,126.11618674960644,126.11618674960644,3790344.0,sample,2026-09-24 19:05:19.467447+00:00
GOOGL,2025-01-21 23:30:00+00:00,126.3468650863151,127.64228961308503,125.52856455401282,126.72818524350092,126.72818524350092,11619002.0,sample,2026-09-24 19:05:19.467447+00:00
GOOGL,2025-01-22 00:30:00+00:00,126.95265768199462,128.14041425413924,126.3463006756049,126.88958621478284,126.88958621478284,4593797.0,sample,2026-09-24 19:05:19.467447+00:00
GOOGL,2025-01-22 01:30:00+00:00,126.91180826449613,127.62602999259349,126.1353657672045,127.20451949707875,127.20451949707875,10192039.0,sample,2026-09-24 19:05:19.467447+00:00
GOOGL,2025-01-22 02:30:00+00:00,127.37386293576859,128.79665155426878,126.46216998492204,127.41934797342113,127.41934797342113,1599411.0,sample,2026-09-24 19:05:19.467447+00:00
GOOGL,2025-01-22 03:30:00+00:00,127.48204762176937,127.8869077476202,125.4554592312415,126.69382151627774,126.69382151627774,14646271.0,sample,2026-09-24 19:05:19.467447+00:00
GOOGL,2025-01-22 04:30:00+00:00,126.57672830928233,126.85063752643798,125.16967297335003,126.68298285602454,126.68298285602454,1609734.0,sample,2026-09-24 19:05:19.467447+00:00
GOOGL,2025-01-22 05:30:00+00:00,126.62005922834913,128.14693228640937,125.2789392155318,126.7337605261676,126.7337605261676,4926135.0,sample,2026-09-24 19:05:19.467447+00:00
GOOGL,2025-01-22 06:30:00+00:00,126.96693266592327,128.34062364479897,125.73351039133658,127.11846473706247,127.11846473706247,9718667.0,sample,2026-09-24 19:05:19.467447+00:00
GOOGL,2025-01-22 07:30:00+00:00,126.90731692435047,129.003871353867,126.14269064588375,127.60001763861703,127.60001763861703,16240595.0,sample,2026-09-24 19:05:19.467447+00:00
GOOGL,2025-01-22 08:30:00+00:00,127.48112979779275,128.56433909528053,126.82709461038458,128.10949319733356,128.10949319733356,13854871.0,sample,2026-09-24 19:05:19.467447+00:00
GOOGL,2025-01-22 09:30:00+00:00,128.7638696388677,128.90058862311767,126.54192341999796,127.59352921235961,127.59352921235961,11638933.0,sample,2026-09-24 19:05:19.467447+00:00
GOOGL,2025-01-22 10:30:00+00:00,127.43859648321994,128.77103626006692,125.61447505786457,127.06220114282819,127.06220114282819,7414076.0,sample,2026-09-24 19:05:19.467447+00:00
GOOGL,2025-01-22 11:30:00+00:00,126.90450528830077,127.45546739289021,125.51331801111965,126.8873646418964,126.8873646418964,14940714.0,sample,2026-09-24 19:05:19.467447+00:00
GOOGL,2025-01-22 12:30:00+00:00,127.01753107457323,127.48123612968372,125.2479336762912,126.63789870333487,126.63789870333487,17399485.0,sample,2026-09-24 19:05:19.467447+00:00
GOOGL,2025-01-22 13:30:00+00:00,126.34689971401006,127.04098390592118,124.99474877904694,126.61229795964631,126.61229795964631,7038237.0,sample,2026-09-24 19:05:19.467447+00:00
GOOGL,2025-01-22 14:30:00+00:00,126.97511122876391,128.27855580786414,125.42203555701266,126.70940248145834,126.70940248145834,13426907.0,sample,2026-09-24 19:05:19.467447+00:00
GOOGL,2025-01-22 15:30:00+00:00,126.77408264029997,127.21539436096774,125.345650388422,126.4992117198556,126.4992117198556,12964558.0,sample,2026-09-24 19:05:19.467447+00:00
GOOGL,2025-01-22 16:30:00+00:00,126.49019773649545,126.9054868026124,125.0703401825858,126.23217544653014,126.23217544653014,6074779.0,sample,2026-09-24 19:05:19.467447+00:00
GOOGL,2025-01-22 17:30:00+00:00,125.85779725739859,126.91420663584218,124.87825443428729,126.14622430118683,126.14622430118683,15168502.0,sample,2026-09-24 19:05:19.467447+00:00
GOOGL,2025-01-22 18:30:00+00:00,126.25676350491048,127.1029516907503,124.80653469060229,126.7062107937469,126.7062107937469,12009905.0,sample,2026-09-24 19:05:19.467447+00:00
GOOGL,2025-01-22 19:30:00+00:00,126.51800759296063,127.75168910858625,126.21955852965759,126.70787920096265,126.70787920096265,5243523.0,sample,2026-09-24 19:05:19.467447+00:00
GOOGL,2025-01-22 20:30:00+00:00,126.64742293654093,128.80604915424303,125.55562211202394,127.32994148611624,127.32994148611624,5585308.0,sample,2026-09-24 19:05:19.467447+00:00
GOOGL,2025-01-22 21:30:00+00:00,127.41149648086854,128.49376613083516,126.34980963910886,128.2102786967813,128.2102786967813,14380194.0,sample,2026-09-24 19:05:19.467447+00:00
GOOGL,2025-01-22 22:30:00+00:00,128.10202529725632,129.73096291801372,126.8734342327152,128.3868470456499,128.3868470456499,3850555.0,sample,2026-09-24 19:05:19.467447+00:00
GOOGL,2025-01-22 23:30:00+00:00,128.29766626418626,129.7865831242204,127.58323202889386,128.62063539276298,128.62063539276298,2687021.0,sample,2026-09-24 19:05:19.467447+00:00
GOOGL,2025-01-23 00:30:00+00:00,129.14506335269493,130.68919320850324,127.72103272004557,127.97570482917563,127.97570482917563,9631289.0,sample,2026-09-24 19:05:19.467447+00:00
GOOGL,2025-01-23 01:30:00+00:00,127.867623707509,128.49356031401368,126.25389244873342,127.68439647977792,127.68439647977792,2405486.0,sample,2026-09-24 19:05:19.467447+00:00
GOOGL,2025-01-23 02:30:00+00:00,127.63195347036249,128.72019421321284,125.96890694072835,127.4028935579228,127.4028935579228,11556535.0,sample,2026-09-24 19:05:19.467447+00:00
GOOGL,2025-01-23 03:30:00+00:00,127.17810942508129,128.98621655445686,126.76496432531157,127.87925517030143,127.87925517030143,2749936.0,sample,2026-09-24 19:05:19.467447+00:00
GOOGL,2025-01-23 04:30:00+00:00,127.77815195542124,129.212499369399,126.40724128416899,128.10039211732771,128.10039211732771,2608462.0,sample,2026-09-24 19:05:19.467447+00:00
GOOGL,2025-01-23 05:30:00+00:00,128.3174347001185,129.59382586499058,127.0813507809372,128.27773784294408,128.27773784294408,5449270.0,sample,2026-09-24 19:05:19.467447+00:00
GOOGL,2025-01-23 06:30:00+00:00,128.56445526046645,129.92005361127178,127.96901496361474,128.32456028008096,128.32456028008096,13648177.0,sample,2026-09-24 19:05:19.467447+00:00
GOOGL,2025-01-23 07:30:00+00:00,128.58505327037608,129.3645417232764,127.4097930048,128.46588308274931,128.46588308274931,15314262.0,sample,2026-09-24 19:05:19.467447+00:00
GOOGL,2025-01-23 08:30:00+00:00,128.26589675162012,129.36908212923802,127.30168987011722,128.31320378347058,128.31320378347058,13292858.0,sample,2026-09-24 19:05:19.467447+00:00
GOOGL,2025-01-23 09:30:00+00:00,128.66750953025087,129.49850529033668,128.43981651046414,129.03247252889366,129.03247252889366,7139190.0,sample,2026-09-24 19:05:19.467447+00:00
GOOGL,2025-01-23 10:30:00+00:00,128.93071531240673,129.525867981314,128.1835307987711,128.61204691321686,128.61204691321686,13767565.0,sample,2026-09-24 19:05:19.467447+00:00
GOOGL,2025-01-23 11:30:00+00:00,128.31026598152,130.1274053423847,127.27731657181306,128.8601200889304,128.8601200889304,4291009.0,sample,2026-09-24 19:05:19.467447+00:00
GOOGL,2025-01-23 12:30:00+00:00,128.80902553961033,128.9829282769313,127.4766315859341,128.66893006195187,128.66893006195187,11627007.0,sample,2026-09-24 19:05:19.467447+00:00
GOOGL,2025-01-23 13:30:00+00:00,128.4027360167311,128.77216192823877,128.26970541841447,128.40733468992633,128.40733468992633,15821931.0,sample,2026-09-24 19:05:19.467447+00:00
GOOGL,2025-01-23 14:30:00+00:00,128.22440887505587,129.0895282122458,127.2374815652438,128.28245819541226,128.28245819541226,5961252.0,sample,2026-09-24 19:05:19.467447+00:00
GOOGL,2025-01-23 15:30:00+00:00,128.13967133720823,128.30137311120814,127.380982171058,127.98385087871297,127.98385087871297,4507269.0,sample,2026-09-24 19:05:19.467447+00:00
GOOGL,2025-01-23 16:30:00+00:00,127.95538824000916,128.99371125892637,127.7981177288059,128.66712299277845,128.66712299277845,2343524.0,sample,2026-09-24 19:05:19.467447+00:00
GOOGL,2025-01-23 17:30:00+00:00,128.91349231412192,129.58834455744883,127.91992420876284,128.31182586942728,128.31182586942728,9034593.0,sample,2026-09-24 19:05:19.467447+00:00
GOOGL,2025-01-23 18:30:00+00:00,128.31086392220706,129.90488189077598,128.10244022067016,128.69863942203483,128.69863942203483,9346400.0,sample,2026-09-24 19:05:19.467447+00:00
GOOGL,2025-01-23 19:30:00+00:00,128.89845275362995,130.2697800352724,128.35790836133634,128.7386413948698,128.7386413948698,6687492.0,sample,2026-09-24 19:05:19.467447+00:00
GOOGL,2025-01-23 20:30:00+00:00,128.72306349238215,129.7717967422631,128.26779023897623,128.74642102618853,128.74642102618853,9484527.0,sample,2026-09-24 19:05:19.467447+00:00
GOOGL,2025-01-23 21:30:00+00:00,128.81503060542985,130.66582161727976,128.3407207913595,129.12480892018965,129.12480892018965,7998876.0,sample,2026-09-24 19:05:19.467447+00:00
GOOGL,2025-01-23 22:30:00+00:00,129.1736160883022,129.76869997366316,128.46473435189088,128.95517262142312,128.95517262142312,12913554.0,sample,2026-09-24 19:05:19.467447+00:00
GOOGL,2025-01-23 23:30:00+00:00,128.48478431473458,129.7183425674657,127.24314630793891,129.00682891711526,129.00682891711526,12203717.0,sample,2026-09-24 19:05:19.467447+00:00
GOOGL,2025-01-24 00:30:00+00:00,129.05655400417353,129.2554861447437,127.71954652176014,128.84696615887023,128.84696615887023,10494851.0,sample,2026-09-24 19:05:19.467447+00:00
GOOGL,2025-01-24 01:30:00+00:00,128.6205871533081,129.02557350930712,127.6062208894637,128.0924778881729,128.0924778881729,7838172.0,sample,2026-09-24 19:05:19.467447+00:00
GOOGL,2025-01-24 02:30:00+00:00,128.0342285193493,128.48168604855047,126.44869845940362,127.2176407775041,127.2176407775041,9095358.0,sample,2026-09-24 19:05:19.467447+00:00
GOOGL,2025-01-24 03:30:00+00:00,127.29173937704736,128.41418350716657,125.51833641103944,126.67241885097214,126.67241885097214,1585585.0,sample,2026-09-24 19:05:19.467447+00:00
GOOGL,2025-01-24 04:30:00+00:00,126.89392227546172,128.09142262049178,125.31654593289852,126.73184208287601,126.73184208287601,13240211.0,sample,2026-09-24 19:05:19.467447+00:00
GOOGL,2025-01-24 05:30:00+00:00,126.58703480931382,128.02086652860308,125.34996532583409,127.35968442737547,127.35968442737547,6071648.0,sample,2026-09-24 19:05:19.467447+00:00
GOOGL,2025-01-24 06:30:00+00:00,127.62898165878322,128.2374042241507,126.91169515235853,128.0259590234237,128.0259590234237,9699487.0,sample,2026-09-24 19:05:19.467447+00:00
GOOGL,2025-01-24 07:30:00+00:00,128.35543458230677,130.096198579708,127.30443840390417,128.8021706189169,128.8021706189169,6538171.0,sample,2026-09-24 19:05:19.467447+00:00
GOOGL,2025-01-24 08:30:00+00:00,128.95966280188352,129.5559748309421,127.63697080446937,129.0065594365763,129.0065594365763,11447176.0,sample,2026-09-24 19:05:19.467447+00:00
GOOGL,2025-01-24 09:30:00+00:00,128.24831340144675,129.49885579129491,127.58903095107189,128.92874815455795,128.92874815455795,6282827.0,sample,2026-09-24 19:05:19.467447+00:00
GOOGL,2025-01-24 10:30:00+00:00,129.00963557352776,130.8883906264462,128.09326678722624,129.46877411543124,129.46877411543124,5392937.0,sample,2026-09-24 19:05:19.467447+00:00
GOOGL,2025-01-24 11:30:00+00:00,129.76914027863864,130.93847218511897,127.962284426131,128.60412044673603,128.60412044673603,2032051.0,sample,2026-09-24 19:05:19.467447+00:00
GOOGL,2025-01-24 12:30:00+00:00,128.15800844795265,129.90365614556978,127.16259561409608,128.78522670830043,128.78522670830043,2472282.0,sample,2026-09-24 19:05:19.467447+00:00
GOOGL,2025-01-24 13:30:00+00:00,128.28775385044005,130.10270247788165,127.81464562543243,129.14009239378032,129.14009239378032,16664594.0,sample,2026-09-24 19:05:19.467447+00:00
GOOGL,2025-01-24 14:30:00+00:00,129.09407692404005,129.52682981605844,127.07539571483487,127.98894988163426,127.98894988163426,9852961.0,sample,2026-09-24 19:05:19.467447+00:00
GOOGL,2025-01-24 15:30:00+00:00,127.89481043751084,128.9279068655745,126.4743248308269,127.0978181006311,127.0978181006311,11295462.0,sample,2026-09-24 19:05:19.467447+00:00
GOOGL,2025-01-24 16:30:00+00:00,126.64025587441495,128.37521687910908,126.21979510426301,127.50510452001164,127.50510452001164,6080797.0,sample,2026-09-24 19:05:19.467447+00:00
GOOGL,2025-01-24 17:30:00+00:00,127.40621933041622,127.62750524822266,125.99373736696201,126.95390103653988,126.95390103653988,16241366.0,sample,2026-09-24 19:05:19.467447+00:00
GOOGL,2025-01-24 18:30:00+00:00,126.57340331717067,127.79342223475587,125.36756976716765,126.53339907058509,126.53339907058509,9359331.0,sample,2026-09-24 19:05:19.467447+00:00
GOOGL,2025-01-24 19:30:00+00:00,126.56273461976454,126.82803910375239,125.2806544113274,125.66551147839395,125.66551147839395,7988410.0,sample,2026-09-24 19:05:19.467447+00:00
GOOGL,2025-01-24 20:30:00+00:00,125.80082128085584,127.2253072505003,124.63324400610736,126.51128178025785,126.51128178025785,3220055.0,sample,2026-09-24 19:05:19.467447+00:00
GOOGL,2025-01-24 21:30:00+00:00,126.63325220253374,127.4911674878241,125.87594277992045,126.81240074649835,126.81240074649835,6792687.0,sample,2026-09-24 19:05:19.467447+00:00
GOOGL,2025-01-24 22:30:00+00:00,126.66867949634057,128.50677568327538,125.45308057112054,127.26962605015194,127.26962605015194,13574554.0,sample,2026-09-24 19:05:19.467447+00:00
GOOGL,2025-01-24 23:30:00+00:00,127.14707863802761,127.75796540426259,126.47546744537806,126.8216867006695,126.8216867006695,7957485.0,sample,2026-09-24 19:05:19.467447+00:00
GOOGL,2025-01-25 00:30:00+00:00,126.36386096374501,127.75645493625798,125.1790707270558,126.50656109550559,126.50656109550559,13938663.0,sample,2026-09-24 19:05:19.467447+00:00
GOOGL,2025-01-25 01:30:00+00:00,126.36691641690379,126.72733410613037,124.93152841871053,126.48978109496925,126.48978109496925,6096763.0,sample,2026-09-24 19:05:19.467447+00:00
GOOGL,2025-01-25 02:30:00+00:00,126.59078339536902,129.12934487759037,125.722469676345,127.7553707319899,127.7553707319899,12023719.0,sample,2026-09-24 19:05:19.467447+00:00
GOOGL,2025-01-25 03:30:00+00:00,128.12997562017333,129.11474560834225,126.29779642447559,126.8594835004159,126.8594835004159,11048116.0,sample,2026-09-24 19:05:19.467447+00:00
GOOGL,2025-01-25 04:30:00+00:00,127.15367344456632,127.81108595277541,126.13164899950868,126.91115860984328,126.91115860984328,8745305.0,sample,2026-09-24 19:05:19.467447+00:00
GOOGL,2025-01-25 05:30:00+00:00,126.889395176047,127.22922043871306,125.60225538660342,127.09215527779943,127.09215527779943,15116932.0,sample,2026-09-24 19:05:19.467447+00:00
GOOGL,2025-01-25 06:30:00+00:00,127.28162442841678,128.1403924043881,126.44282898014212,127.54289851775832,127.54289851775832,9312925.0,sample,2026-09-24 19:05:19.467447+00:00
GOOGL,2025-01-25 07:30:00+00:00,127.83475127924821,128.8349241721572,126.18232133202375,127.37987817971629,127.37987817971629,11098582.0,sample,2026-09-24 19:05:19.467447+00:00
GOOGL,2025-01-25 08:30:00+00:00,127.09770027280173,129.7455099162984,126.17601652186733,128.69846904765978,128.69846904765978,15466729.0,sample,2026-09-24 19:05:19.467447+00:00
GOOGL,2025-01-25 09:30:00+00:00,128.5327163017847,130.18717644876108,127.37838571931945,129.30291189259094,129.30291189259094,14573411.0,sample,2026-09-24 19:05:19.467447+00:00
GOOGL,2025-01-25 10:30:00+00:00,129.41547468286458,130.96184062568946,127.0695487810212,128.23241499901175,128.23241499901175,3755788.0,sample,2026-09-24 19:05:19.467447+00:00
GOOGL,2025-01-25 11:30:00+00:00,128.35015253331315,128.65341469174348,126.81216286034542,127.65255111571564,127.65255111571564,7967160.0,sample,2026-09-24 19:05:19.467447+00:00
GOOGL,2025-01-25 12:30:00+00:00,128.03623410072046,128.7473568380355,127.15575774035884,128.1394160372179,128.1394160372179,2471650.0,sample,2026-09-24 19:05:19.467447+00:00
GOOGL,2025-01-25 13:30:00+00:00,127.87597726111599,128.13479961188912,126.17247576114254,127.26870685096944,127.26870685096944,14373653.0,sample,2026-09-24 19:05:19.467447+00:00
GOOGL,2025-01-25 14:30:00+00:00,127.11205521982724,127.98084435003754,126.58668745985857,127.30711861225012,127.30711861225012,13249209.0,sample,2026-09-24 19:05:19.467447+00:00
GOOGL,2025-01-25 15:30:00+00:00,127.31582173327857,127.55364416423866,125.21802634461429,126.70859702544253,126.70859702544253,11141423.0,sample,2026-09-24 19:05:19.467447+00:00
GOOGL,2025-01-25 16:30:00+00:00,126.80206721356122,127.9261191661508,125.5129515908258,127.68790484422259,127.68790484422259,9948341.0,sample,2026-09-24 19:05:19.467447+00:00
GOOGL,2025-01-25 17:30:00+00:00,127.64560264396432,127.95487942480894,126.72127315579864,126.92813235678288,126.92813235678288,10014602.0,sample,2026-09-24 19:05:19.467447+00:00
GOOGL,2025-01-25 18:30:00+00:00,126.90902634415998,127.95086947871923,125.44478241061805,126.95106316049336,126.95106316049336,8400322.0,sample,2026-09-24 19:05:19.467447+00:00
GOOGL,2025-01-25 19:30:00+00:00,126.94825157369192,127.95446261045399,125.1002701148569,126.378677875382,126.378677875382,2563230.0,sample,2026-09-24 19:05:19.467447+00:00
GOOGL,2025-01-25 20:30:00+00:00,126.68644168940405,127.33394148732448,125.6188262316465,126.54227100234844,126.54227100234844,16019407.0,sample,2026-09-24 19:05:19.467447+00:00
GOOGL,2025-01-25 21:30:00+00:00,126.5696492881914,127.53311161340872,125.4541161261913,126.26057653047822,126.26057653047822,2701134.0,sample,2026-09-24 19:05:19.467447+00:00
GOOGL,2025-01-25 22:30:00+00:00,126.13917534969299,127.01790180068593,124.73102996888568,126.34994896187932,126.34994896187932,2276179.0,sample,2026-09-24 19:05:19.467447+00:00
GOOGL,2025-01-25 23:30:00+00:00,126.14634458621768,127.10029355550417,125.12972312036503,126.38925410051614,126.38925410051614,15022327.0,sample,2026-09-24 19:05:19.467447+00:00
GOOGL,2025-01-26 00:30:00+00:00,126.40644745533534,127.01918232529256,125.00661803241589,126.59487281515104,126.59487281515104,9480245.0,sample,2026-09-24 19:05:19.467447+00:00
GOOGL,2025-01-26 01:30:00+00:00,126.51013536138252,127.36152936165911,126.01557053142818,126.38102538731297,126.38102538731297,14805616.0,sample,2026-09-24 19:05:19.467447+00:00
GOOGL,2025-01-26 02:30:00+00:00,126.50495881280067,127.22954699189302,124.69391376445849,126.07869368300787,126.07869368300787,14837345.0,sample,2026-09-24 19:05:19.467447+00:00
GOOGL,2025-01-26 03:30:00+00:00,126.17116890124326,127.01222785513336,125.68128505773633,125.85310803032965,125.85310803032965,4949778.0,sample,2026-09-24 19:05:19.467447+00:00
GOOGL,2025-01-26 04:30:00+00:00,125.69715356550898,128.19100900413443,125.0908014407142,126.90509122982904,126.90509122982904,6105966.0,sample,2026-09-24 19:05:19.467447+00:00
GOOGL,2025-01-26 05:30:00+00:00,126.67811134044827,127.98466251418442,126.27435787227444,127.5829753850939,127.5829753850939,4502314.0,sample,2026-09-24 19:05:19.467447+00:00
GOOGL,2025-01-26 06:30:00+00:00,127.18309827199582,128.84317742340428,125.95877835927135,127.4391808377782,127.4391808377782,15336064.0,sample,2026-09-24 19:05:19.467447+00:00
GOOGL,2025-01-26 07:30:00+00:00,127.38586118607262,127.85318542093242,125.1352081712199,126.5576721737974,126.5576721737974,12426119.0,sample,2026-09-24 19:05:19.467447+00:00
GOOGL,2025-01-26 08:30:00+00:00,126.50142796332742,127.47565560228706,125.33969473917381,126.52123175296028,126.52123175296028,3753145.0,sample,2026-09-24 19:05:19.467447+00:00
GOOGL,2025-01-26 09:30:00+00:00,126.26133599880481,126.83688821263142,125.35489194749857,125.88468580788853,125.88468580788853,13752348.0,sample,2026-09-24 19:05:19.467447+00:00
GOOGL,2025-01-26 10:30:00+00:00,126.11992734910956,126.43707578388401,125.20810957768926,125.7169056652573,125.7169056652573,17233358.0,sample,2026-09-24 19:05:19.467447+00:00
GOOGL,2025-01-26 11:30:00+00:00,125.98619695807493,126.6547101391522,124.02370132829945,125.30006581436113,125.30006581436113,12914980.0,sample,2026-09-24 19:05:19.467447+00:00
GOOGL,2025-01-26 12:30:00+00:00,125.33093346278395,126.51555399519005,124.62707894992212,125.53033254304368,125.53033254304368,3299341.0,sample,2026-09-24 19:05:19.467447+00:00
GOOGL,2025-01-26 13:30:00+00:00,125.7442634973946,126.75041023672159,124.0494473881842,124.95856213102493,124.95856213102493,17045596.0,sample,2026-09-24 19:05:19.467447+00:00
GOOGL,2025-01-26 14:30:00+00:00,124.9181213123561,125.59963017340733,124.44136940486582,124.75055410174987,124.75055410174987,3406424.0,sample,2026-09-24 19:05:19.467447+00:00
GOOGL,2025-01-26 15:30:00+00:00,124.67359946325215,125.27814150170825,124.46961017612117,124.6451661155667,124.6451661155667,5836282.0,sample,2026-09-24 19:05:19.467447+00:00
GOOGL,2025-01-26 16:30:00+00:00,124.55749147265277,125.88390127704857,123.21254031731937,123.87649554145626,123.87649554145626,16300944.0,sample,2026-09-24 19:05:19.467447+00:00
GOOGL,2025-01-26 17:30:00+00:00,123.88127438484327,124.60799838657643,122.45772224799222,123.41240116598779,123.41240116598779,14939680.0,sample,2026-09-24 19:05:19.467447+00:00
GOOGL,2025-01-26 18:30:00+00:00,124.07238349322547,125.4419498972407,122.79033733795364,123.82690111389192,123.82690111389192,5126832.0,sample,2026-09-24 19:05:19.467447+00:00
GOOGL,2025-01-26 19:30:00+00:00,123.73182335274404,124.36087726417182,122.12502103200795,123.5445057406964,123.5445057406964,2347785.0,sample,2026-09-24 19:05:19.467447+00:00
GOOGL,2025-01-26 20:30:00+00:00,123.64610834648828,124.90965456868686,122.72677018129016,123.53802122321217,123.53802122321217,13594262.0,sample,2026-09-24 19:05:19.467447+00:00
GOOGL,2025-01-26 21:30:00+00:00,123.38075041793105,124.7807317862551,123.11448528053437,123.42320753179473,123.42320753179473,3469461.0,sample,2026-09-24 19:05:19.467447+00:00
GOOGL,2025-01-26 22:30:00+00:00,123.60652966463229,124.12290093225927,122.56419419357077,123.4727530205514,123.4727530205514,2294372.0,sample,2026-09-24 19:05:19.467447+00:00
GOOGL,2025-01-26 23:30:00+00:00,122.7746753259132,125.02025920064128,121.50853542069069,124.21754751375913,124.21754751375913,9422295.0,sample,2026-09-24 19:05:19.467447+00:00
GOOGL,2025-01-27 00:30:00+00:00,124.01533441481077,124.63468605853866,123.49561567338269,124.14216073883811,124.14216073883811,3509521.0,sample,2026-09-24 19:05:19.467447+00:00
GOOGL,2025-01-27 01:30:00+00:00,124.53480474212212,124.92846955626858,123.11224739458025,123.99932320911745,123.99932320911745,11056896.0,sample,2026-09-24 19:05:19.467447+00:00
GOOGL,2025-01-27 02:30:00+00:00,123.7887311256778,124.47993660389116,122.78083912440852,124.28238906508186,124.28238906508186,13203904.0,sample,2026-09-24 19:05:19.467447+00:00
GOOGL,2025-01-27 03:30:00+00:00,124.05757895962687,126.26808218387103,123.91057318762708,125.00475493421224,125.00475493421224,15853324.0,sample,2026-09-24 19:05:19.467447+00:00
GOOGL,2025-01-27 04:30:00+00:00,124.8068833559915,125.43073619266467,123.74234740741261,124.55465971377714,124.55465971377714,2913089.0,sample,2026-09-24 19:05:19.467447+00:00
GOOGL,2025-01-27 05:30:00+00:00,123.9989316448674,124.93720906680343,123.49590828476668,124.32765570220232,124.32765570220232,17922999.0,sample,2026-09-24 19:05:19.467447+00:00
GOOGL,2025-01-27 06:30:00+00:00,124.4291439023993,124.67863202898772,123.93906381675572,124.46193010242007,124.46193010242007,3048973.0,sample,2026-09-24 19:05:19.467447+00:00
GOOGL,2025-01-27 07:30:00+00:00,124.84568729718045,125.75301029076199,123.55066335602355,125.08630216573175,125.08630216573175,3311257.0,sample,2026-09-24 19:05:19.467447+00:00
GOOGL,2025-01-27 08:30:00+00:00,125.0032406167945,125.97248969852212,123.37261108563116,124.22115355746293,124.22115355746293,5442273.0,sample,2026-09-24 19:05:19.467447+00:00
GOOGL,2025-01-27 09:30:00+00:00,124.37668627543586,124.90264140614266,122.726292695535,123.48558730257542,123.48558730257542,6308433.0,sample,2026-09-24 19:05:19.467447+00:00
GOOGL,2025-01-27 10:30:00+00:00,123.46499580058095,123.7854354851657,123.04485628335945,123.26189882174566,123.26189882174566,14711925.0,sample,2026-09-24 19:05:19.467447+00:00
GOOGL,2025-01-27 11:30:00+00:00,123.3624774723182,123.81088916061276,122.0254544258267,122.69800474702262,122.69800474702262,16201895.0,sample,2026-09-24 19:05:19.467447+00:00
GOOGL,2025-01-27 12:30:00+00:00,122.23464115440312,123.0807119909566,120.95517898174985,122.40690379154853,122.40690379154853,12911538.0,sample,2026-09-24 19:05:19.467447+00:00
GOOGL,2025-01-27 13:30:00+00:00,122.6251788767577,122.8138149728806,121.28882096370144,121.80864763062557,121.80864763062557,10561972.0,sample,2026-09-24 19:05:19.467447+00:00
GOOGL,2025-01-27 14:30:00+00:00,121.98206369592316,122.38503169816758,120.32491653485708,121.17465076696615,121.17465076696615,14761642.0,sample,2026-09-24 19:05:19.467447+00:00
GOOGL,2025-01-27 15:30:00+00:00,121.34694963400332,122.78059926490258,119.17492283707467,120.31670040481784,120.31670040481784,13966368.0,sample,2026-09-24 19:05:19.467447+00:00
GOOGL,2025-01-27 16:30:00+00:00,120.25525889609894,120.79651767248203,117.87034850737415,119.20292096366337,119.20292096366337,17231960.0,sample,2026-09-24 19:05:19.467447+00:00
GOOGL,2025-01-27 17:30:00+00:00,119.50434856285658,120.76746132047904,119.16093040935384,119.73490932605559,119.73490932605559,16933301.0,sample,2026-09-24 19:05:19.467447+00:00
GOOGL,2025-01-27 18:30:00+00:00,120.05153999400359,121.31627411801999,118.0534798570938,119.24418790601781,119.24418790601781,12826774.0,sample,2026-09-24 19:05:19.467447+00:00
GOOGL,2025-01-27 19:30:00+00:00,119.06524478205905,119.90518241158185,118.08565664381916,119.49777164905738,119.49777164905738,7895722.0,sample,2026-09-24 19:05:19.467447+00:00
GOOGL,2025-01-27 20:30:00+00:00,119.53608652363107,120.36097406937999,118.83655155299228,118.96201569820063,118.96201569820063,2688935.0,sample,2026-09-24 19:05:19.467447+00:00
GOOGL,2025-01-27 21:30:00+00:00,119.27642755734843,120.40870551401507,117.85193263146465,118.76093231004688,118.76093231004688,4708681.0,sample,2026-09-24 19:05:19.467447+00:00
GOOGL,2025-01-27 22:30:00+00:00,118.65257236264462,120.75340955229758,117.42005098520741,119.36792095705125,119.36792095705125,10729918.0,sample,2026-09-24 19:05:19.467447+00:00
GOOGL,2025-01-27 23:30:00+00:00,119.75965981936771,120.08571168334065,119.15365136035345,119.58806516578731,119.58806516578731,3849421.0,sample,2026-09-24 19:05:19.467447+00:00
GOOGL,2025-01-28 00:30:00+00:00,119.82844725708841,120.71801639829197,117.96993182342074,118.12163798349864,118.12163798349864,12562640.0,sample,2026-09-24 19:05:19.467447+00:00
GOOGL,2025-01-28 01:30:00+00:00,118.09214088460664,119.68940910412837,117.88356033556744,118.48240751090974,118.48240751090974,13010242.0,sample,2026-09-24 19:05:19.467447+00:00
GOOGL,2025-01-28 02:30:00+00:00,118.23551601569326,119.34534194632741,117.93033073809016,118.83447800993527,118.83447800993527,6719706.0,sample,2026-09-24 19:05:19.467447+00:00
GOOGL,2025-01-28 03:30:00+00:00,118.51110042559962,119.39216225440971,118.3048551006583,118.75991041864327,118.75991041864327,13249032.0,sample,2026-09-24 19:05:19.467447+00:00
GOOGL,2025-01-28 04:30:00+00:00,118.85487382106552,120.05409437348924,116.73039782482456,117.93525870822995,117.93525870822995,1969438.0,sample,2026-09-24 19:05:19.467447+00:00
GOOGL,2025-01-28 05:30:00+00:00,118.37450963117452,119.28959637227679,116.86603023872263,117.65365150642253,117.65365150642253,6479137.0,sample,2026-09-24 19:05:19.467447+00:00
GOOGL,2025-01-28 06:30:00+00:00,117.89120602757602,118.56690090076881,116.75323687844477,117.73278613302229,117.73278613302229,1649585.0,sample,2026-09-24 19:05:19.467447+00:00
GOOGL,2025-01-28 07:30:00+00:00,117.72717565974197,118.8224298664924,117.0618701129178,118.47385192948857,118.47385192948857,13718888.0,sample,2026-09-24 19:05:19.467447+00:00
GOOGL,2025-01-28 08:30:00+00:00,118.75640791347011,119.18928049720468,117.58073536978557,118.91328254798212,118.91328254798212,5299389.0,sample,2026-09-24 19:05:19.467447+00:00
GOOGL,2025-01-28 09:30:00+00:00,118.95894584290681,119.27349404801649,117.4152808653072,118.44008644305468,118.44008644305468,6312157.0,sample,2026-09-24 19:05:19.467447+00:00
GOOGL,2025-01-28 10:30:00+00:00,118.50474567288514,118.74522959389508,117.85869359565214,118.39408616231214,118.39408616231214,2106984.0,sample,2026-09-24 19:05:19.467447+00:00
GOOGL,2025-01-28 11:30:00+00:00,118.51377031203177,119.77711003676687,118.10480508085476,118.54985862346213,118.54985862346213,4257087.0,sample,2026-09-24 19:05:19.467447+00:00
GOOGL,2025-01-28 12:30:00+00:00,118.60753060334937,119.58060826248347,117.89496990877191,118.72225378431445,118.72225378431445,6458616.0,sample,2026-09-24 19:05:19.467447+00:00
GOOGL,2025-01-28 13:30:00+00:00,118.91332142476712,119.59903324836372,117.72055196510172,118.57501441251625,118.57501441251625,6281948.0,sample,2026-09-24 19:05:19.467447+00:00
GOOGL,2025-01-28 14:30:00+00:00,118.7105197341375,119.04530138876156,118.0492863512677,118.69169823346307,118.69169823346307,7983495.0,sample,2026-09-24 19:05:19.467447+00:00
GOOGL,2025-01-28 15:30:00+00:00,118.51774992221588,120.39829568874066,118.3538452500568,118.97115154684722,118.97115154684722,8025862.0,sample,2026-09-24 19:05:19.467447+00:00
GOOGL,2025-01-28 16:30:00+00:00,118.81864646729325,120.14443641690238,117.65784743593211,119.13525055914643,119.13525055914643,8973081.0,sample,2026-09-24 19:05:19.467447+00:00
GOOGL,2025-01-28 17:30:00+00:00,119.05281225545927,119.78923127723343,118.14383520803615,119.4282564065071,119.4282564065071,1776456.0,sample,2026-09-24 19:05:19.467447+00:00
GOOGL,2025-01-28 18:30:00+00:00,119.33018644072098,119.58017807379674,117.3592447568555,118.57593921988109,118.57593921988109,6517934.0,sample,2026-09-24 19:05:19.467447+00:00
GOOGL,2025-01-28 19:30:00+00:00,118.53650099978275,119.75603975985959,117.40475007675286,118.1693725196634,118.1693725196634,9553895.0,sample,2026-09-24 19:05:19.467447+00:00
GOOGL,2025-01-28 20:30:00+00:00,117.98757848096281,119.41175075173733,116.78772661079034,118.60381084435642,118.60381084435642,14832560.0,sample,2026-09-24 19:05:19.467447+00:00
GOOGL,2025-01-28 21:30:00+00:00,118.60961873989905,119.12434763697522,117.95504237846957,118.65125293719622,118.65125293719622,4787458.0,sample,2026-09-24 19:05:19.467447+00:00
GOOGL,2025-01-28 22:30:00+00:00,118.77715468534663,120.48758722638387,117.61285568915336,119.1574641350976,119.1574641350976,6093214.0,sample,2026-09-24 19:05:19.467447+00:00
GOOGL,2025-01-28 23:30:00+00:00,119.24935111261334,120.9176372087187,118.579566168574,119.85165651835786,119.85165651835786,3300846.0,sample,2026-09-24 19:05:19.467447+00:00
GOOGL,2025-01-29 00:30:00+00:00,120.03518660569706,121.89908337166777,119.41614298832738,120.4854998461315,120.4854998461315,10354051.0,sample,2026-09-24 19:05:19.467447+00:00
GOOGL,2025-01-29 01:30:00+00:00,120.62396746846137,121.34456956622597,119.58667593985959,119.76725094414273,119.76725094414273,4993674.0,sample,2026-09-24 19:05:19.467447+00:00
GOOGL,2025-01-29 02:30:00+00:00,119.72939450347435,120.02896239997607,118.28337577715642,119.65470618141407,119.65470618141407,9521237.0,sample,2026-09-24 19:05:19.467447+00:00
GOOGL,2025-01-29 03:30:00+00:00,119.749428927067,120.37522805881176,119.05022320880177,119.47574230536932,119.47574230536932,3072676.0,sample,2026-09-24 19:05:19.467447+00:00
GOOGL,2025-01-29 04:30:00+00:00,119.74441349164317,120.96557016924183,117.90035490154877,118.85874032535668,118.85874032535668,10485980.0,sample,2026-09-24 19:05:19.467447+00:00
GOOGL,2025-01-29 05:30:00+00:00,118.94040587185182,120.02571057824017,117.78795018430726,118.29958257875525,118.29958257875525,4260232.0,sample,2026-09-24 19:05:19.467447+00:00
GOOGL,2025-01-29 06:30:00+00:00,118.3566145803716,119.02568295520724,117.43576459224462,118.29982386327532,118.29982386327532,6130298.0,sample,2026-09-24 19:05:19.467447+00:00
GOOGL,2025-01-29 07:30:00+00:00,118.39380773047212,119.81241834211167,116.75810418155643,117.96529317625844,117.96529317625844,7825370.0,sample,2026-09-24 19:05:19.467447+00:00
GOOGL,2025-01-29 08:30:00+00:00,117.89981011496855,119.27880690989578,117.06199179839163,117.98654868814897,117.98654868814897,10308135.0,sample,2026-09-24 19:05:19.467447+00:00
GOOGL,2025-01-29 09:30:00+00:00,117.78451633197173,118.79685822258928,117.17315952055007,118.49766520331481,118.49766520331481,7528676.0,sample,2026-09-24 19:05:19.467447+00:00
GOOGL,2025-01-29 10:30:00+00:00,118.97850823818726,119.44343497836797,117.5542757153967,119.09251864886677,119.09251864886677,8938176.0,sample,2026-09-24 19:05:19.467447+00:00
GOOGL,2025-01-29 11:30:00+00:00,119.0746289874148,120.15925680828475,117.96812055039585,118.87065872057839,118.87065872057839,17067607.0,sample,2026-09-24 19:05:19.467447+00:00
GOOGL,2025-01-29 12:30:00+00:00,118.6211005247701,119.84176653936173,117.81971023159895,119.50478203020366,119.50478203020366,5207074.0,sample,2026-09-24 19:05:19.467447+00:00
GOOGL,2025-01-29 13:30:00+00:00,119.99641224860814,121.32038349039614,118.05226055248609,119.12843887125777,119.12843887125777,16239181.0,sample,2026-09-24 19:05:19.467447+00:00
GOOGL,2025-01-29 14:30:00+00:00,119.10907530054881,120.09114985238573,118.65662377636751,118.97240591688943,118.97240591688943,12402318.0,sample,2026-09-24 19:05:19.467447+00:00
GOOGL,2025-01-29 15:30:00+00:00,118.79221836609064,118.96530456128285,117.6564386499731,118.52967481260106,118.52967481260106,2372460.0,sample,2026-09-24 19:05:19.467447+00:00
GOOGL,2025-01-29 16:30:00+00:00,118.3332772568569,119.04892469668279,117.28899336709507,118.92798638643916,118.92798638643916,3673110.0,sample,2026-09-24 19:05:19.467447+00:00
GOOGL,2025-01-29 17:30:00+00:00,119.1304839928159,121.01504044111785,118.6196321856519,119.83566249227546,119.83566249227546,12385566.0,sample,2026-09-24 19:05:19.467447+00:00
GOOGL,2025-01-29 18:30:00+00:00,119.751244979218,120.20852253231148,119.29337973763776,119.87270454508973,119.87270454508973,7006467.0,sample,2026-09-24 19:05:19.467447+00:00
GOOGL,2025-01-29 19:30:00+00:00,119.75882747696194,121.28409629484986,118.90732112638976,119.86729111797666,119.86729111797666,5304487.0,sample,2026-09-24 19:05:19.467447+00:00
GOOGL,2025-01-29 20:30:00+00:00,119.87786689471778,120.08445016819961,117.96607704026736,119.02639704399617,119.02639704399617,14482296.0,sample,2026-09-24 19:05:19.467447+00:00
GOOGL,2025-01-29 21:30:00+00:00,119.1201717281339,119.32501338587763,117.21810139359977,118.23237350213336,118.23237350213336,5702874.0,sample,2026-09-24 19:05:19.467447+00:00
GOOGL,2025-01-29 22:30:00+00:00,118.1059059090138,119.2126347430176,117.13857189028408,117.99335768969617,117.99335768969617,14026808.0,sample,2026-09-24 19:05:19.467447+00:00
GOOGL,2025-01-29 23:30:00+00:00,118.07310239179104,118.55591340707511,115.79187191431356,117.00090048282271,117.00090048282271,1963543.0,sample,2026-09-24 19:05:19.467447+00:00
GOOGL,2025-01-30 00:30:00+00:00,116.96844198961274,117.84408188898955,115.68441289428829,117.37543813504487,117.37543813504487,15008890.0,sample,2026-09-24 19:05:19.467447+00:00
GOOGL,2025-01-30 01:30:00+00:00,117.58397849804564,118.50287405425058,116.6669854861544,117.18403084129687,117.18403084129687,16752770.0,sample,2026-09-24 19:05:19.467447+00:00
GOOGL,2025-01-30 02:30:00+00:00,117.0558175255051,118.13121459464158,116.31956692650445,116.57018480072072,116.57018480072072,8762647.0,sample,2026-09-24 19:05:19.467447+00:00
GOOGL,2025-01-30 03:30:00+00:00,116.67954051368754,117.77563763948358,115.641807052464,116.86013214989732,116.86013214989732,1836670.0,sample,2026-09-24 19:05:19.467447+00:00
GOOGL,2025-01-30 04:30:00+00:00,116.77583827019309,117.27106823613454,115.82983788439907,116.13411409137312,116.13411409137312,13921246.0,sample,2026-09-24 19:05:19.467447+00:00
GOOGL,2025-01-30 05:30:00+00:00,116.23407431675197,117.54639340359783,116.01905078395882,116.95089465918986,116.95089465918986,16687668.0,sample,2026-09-24 19:05:19.467447+00:00
GOOGL,2025-01-30 06:30:00+00:00,116.84136467059596,118.12291551903452,115.6506758911925,117.95168988479264,117.95168988479264,7018258.0,sample,2026-09-24 19:05:19.467447+00:00
GOOGL,2025-01-30 07:30:00+00:00,117.9957285490212,119.5344503331493,117.66117369994184,118.33345897874256,118.33345897874256,7851030.0,sample,2026-09-24 19:05:19.467447+00:00
GOOGL,2025-01-30 08:30:00+00:00,118.59236954001243,119.69264333228838,117.76727948526963,118.11540945877721,118.11540945877721,1717177.0,sample,2026-09-24 19:05:19.467447+00:00
GOOGL,2025-01-30 09:30:00+00:00,118.25224437232394,118.87114734816416,117.32863132660952,117.68837366211169,117.68837366211169,9959791.0,sample,2026-09-24 19:05:19.467447+00:00
GOOGL,2025-01-30 10:30:00+00:00,118.06698297228284,119.60663202925299,117.71825479043949,118.43098546807624,118.43098546807624,9596112.0,sample,2026-09-24 19:05:19.467447+00:00
GOOGL,2025-01-30 11:30:00+00:00,118.17054255888785,118.42535202928183,116.6366123881408,117.88001754473254,117.88001754473254,14386705.0,sample,2026-09-24 19:05:19.467447+00:00
GOOGL,2025-01-30 12:30:00+00:00,117.94015333526742,118.62208198126729,116.75429613419153,117.6725806802729,117.6725806802729,11131391.0,sample,2026-09-24 19:05:19.467447+00:00
GOOGL,2025-01-30 13:30:00+00:00,117.27444645129962,118.24443764170427,115.93943783577991,117.44044363896204,117.44044363896204,2095957.0,sample,2026-09-24 19:05:19.467447+00:00
GOOGL,2025-01-30 14:30:00+00:00,117.50277092549439,118.61222916494766,116.67194610622371,116.90306848422654,116.90306848422654,16486429.0,sample,2026-09-24 19:05:19.467447+00:00
GOOGL,2025-01-30 15:30:00+00:00,116.51072297072902,117.9958924169973,115.1817009287315,117.06716420168281,117.06716420168281,9731788.0,sample,2026-09-24 19:05:19.467447+00:00
GOOGL,2025-01-30 16:30:00+00:00,116.93726391946952,118.15124847719888,115.77539683813993,116.76836380042641,116.76836380042641,11002119.0,sample,2026-09-24 19:05:19.467447+00:00
GOOGL,2025-01-30 17:30:00+00:00,116.56829769309014,117.20979160464046,115.51266967578614,115.66508897216838,115.66508897216838,9814018.0,sample,2026-09-24 19:05:19.467447+00:00
GOOGL,2025-01-30 18:30:00+00:00,115.23018033009599,116.66765712154285,114.29894567623364,115.82704619489722,115.82704619489722,4468896.0,sample,2026-09-24 19:05:19.467447+00:00
GOOGL,2025-01-30 19:30:00+00:00,115.69555383481732,117.3443716971085,115.0798936161582,116.31718343623321,116.31718343623321,14149896.0,sample,2026-09-24 19:05:19.467447+00:00
GOOGL,2025-01-30 20:30:00+00:00,116.40479452495835,117.6206975047752,115.36998253911845,116.2174844500599,116.2174844500599,17452880.0,sample,2026-09-24 19:05:19.467447+00:00
GOOGL,2025-01-30 21:30:00+00:00,116.5406142104541,117.93632883032674,115.63256403737014,116.57980943922625,116.57980943922625,9265814.0,sample,2026-09-24 19:05:19.467447+00:00
GOOGL,2025-01-30 22:30:00+00:00,116.63891056745098,117.14022822782538,115.81418347025169,116.37325667363986,116.37325667363986,5659060.0,sample,2026-09-24 19:05:19.467447+00:00
GOOGL,2025-01-30 23:30:00+00:00,116.39651270880563,116.68390811613371,115.4564390555314,116.28090980215708,116.28090980215708,16087501.0,sample,2026-09-24 19:05:19.467447+00:00
GOOGL,2025-01-31 00:30:00+00:00,116.33937998891737,116.48383256845246,115.8283605792648,116.01366336242633,116.01366336242633,4813213.0,sample,2026-09-24 19:05:19.467447+00:00
GOOGL,2025-01-31 01:30:00+00:00,115.90651527501828,117.08586811985424,114.5680339104757,115.94045679703517,115.94045679703517,15233198.0,sample,2026-09-24 19:05:19.467447+00:00
GOOGL,2025-01-31 02:30:00+00:00,115.79719536509913,117.50255879009867,114.62563514437814,116.44355235232437,116.44355235232437,8769730.0,sample,2026-09-24 19:05:19.467447+00:00
GOOGL,2025-01-31 03:30:00+00:00,116.16160645943107,116.78373428895398,115.41814716386226,116.26325197037417,116.26325197037417,12467221.0,sample,2026-09-24 19:05:19.467447+00:00
GOOGL,2025-01-31 04:30:00+00:00,116.32629873728561,116.66099674210612,115.85667458708802,116.33375061291486,116.33375061291486,7046407.0,sample,2026-09-24 19:05:19.467447+00:00
GOOGL,2025-01-31 05:30:00+00:00,116.12420836802386,117.26961730412464,115.8331231266731,116.401045196483,116.401045196483,10714467.0,sample,2026-09-24 19:05:19.467447+00:00
GOOGL,2025-01-31 06:30:00+00:00,116.75967804121599,117.55633538352052,114.90895038190811,116.26200894568608,116.26200894568608,4348984.0,sample,2026-09-24 19:05:19.467447+00:00
GOOGL,2025-01-31 07:30:00+00:00,116.55880316601441,117.78724841677142,115.32470347841188,116.23881254478833,116.23881254478833,13012145.0,sample,2026-09-24 19:05:19.467447+00:00
GOOGL,2025-01-31 08:30:00+00:00,115.96648406333117,117.00338848845922,115.29354125519922,115.74202874635372,115.74202874635372,7578261.0,sample,2026-09-24 19:05:19.467447+00:00
GOOGL,2025-01-31 09:30:00+00:00,115.92298923980526,116.7021446836153,114.19718909135022,115.37908816747148,115.37908816747148,10106260.0,sample,2026-09-24 19:05:19.467447+00:00
GOOGL,2025-01-31 10:30:00+00:00,115.4153421142417,115.74224259985928,112.89594098029542,113.72479973552012,113.72479973552012,7182180.0,sample,2026-09-24 19:05:19.467447+00:00
GOOGL,2025-01-31 11:30:00+00:00,113.78334660528827,114.8954027237581,113.0355953442117,113.53701193356567,113.53701193356567,6405481.0,sample,2026-09-24 19:05:19.467447+00:00
GOOGL,2025-01-31 12:30:00+00:00,113.69544501158984,113.85936880266776,112.49861599608275,113.06203571256572,113.06203571256572,5216055.0,sample,2026-09-24 19:05:19.467447+00:00
GOOGL,2025-01-31 13:30:00+00:00,112.7033736176871,113.84993729359097,111.92161017814308,112.86185017667901,112.86185017667901,1791456.0,sample,2026-09-24 19:05:19.467447+00:00
GOOGL,2025-01-31 14:30:00+00:00,113.0962353720372,114.2144896635714,111.22017001026266,112.47645197345335,112.47645197345335,12057090.0,sample,2026-09-24 19:05:19.467447+00:00
GOOGL,2025-01-31 15:30:00+00:00,112.46914152845257,113.53872104912121,111.02311988209296,112.01726862862647,112.01726862862647,5851845.0,sample,2026-09-24 19:05:19.467447+00:00
GOOGL,2025-01-31 16:30:00+00:00,111.65682896161799,112.6704872137874,110.47537216213938,112.32561499771074,112.32561499771074,11070236.0,sample,2026-09-24 19:05:19.467447+00:00
GOOGL,2025-01-31 17:30:00+00:00,112.26303001119938,112.54183219837077,111.17492861462803,111.68771907171734,111.68771907171734,2376013.0,sample,2026-09-24 19:05:19.467447+00:00
GOOGL,2025-01-31 18:30:00+00:00,111.50122220942976,112.4265452589601,110.27620585652043,111.52084509304638,111.52084509304638,1663462.0,sample,2026-09-24 19:05:19.467447+00:00
GOOGL,2025-01-31 19:30:00+00:00,111.99547366277983,113.16907404820343,110.60187460443218,111.3185883835065,111.3185883835065,5667051.0,sample,2026-09-24 19:05:19.467447+00:00
GOOGL,2025-01-31 20:30:00+00:00,111.30619192268745,111.72864393390346,110.02852244191673,111.46597129176014,111.46597129176014,6826935.0,sample,2026-09-24 19:05:19.467447+00:00
GOOGL,2025-01-31 21:30:00+00:00,111.41172547100692,112.91533240955562,111.14576191964193,111.7874129832405,111.7874129832405,3689055.0,sample,2026-09-24 19:05:19.467447+00:00
GOOGL,2025-01-31 22:30:00+00:00,111.86411214031811,112.98754596671584,110.04192851359397,111.24240366126942,111.24240366126942,3375887.0,sample,2026-09-24 19:05:19.467447+00:00
GOOGL,2025-01-31 23:30:00+00:00,111.53355797771809,112.0550226902846,109.51303147207314,110.55869226812695,110.55869226812695,2656406.0,sample,2026-09-24 19:05:19.467447+00:00
GOOGL,2025-02-01 00:30:00+00:00,110.30312679532479,110.8096672286615,110.05753540074443,110.32530089565182,110.32530089565182,9945974.0,sample,2026-09-24 19:05:19.467447+00:00
GOOGL,2025-02-01 01:30:00+00:00,109.99584870334648,110.71527760233,109.2129846806413,109.72088596159388,109.72088596159388,15504633.0,sample,2026-09-24 19:05:19.467447+00:00
GOOGL,2025-02-01 02:30:00+00:00,109.69686110929925,111.17547137869012,108.60871096309813,109.95716275865996,109.95716275865996,8491706.0,sample,2026-09-24 19:05:19.467447+00:00
GOOGL,2025-02-01 03:30:00+00:00,109.88649977759769,110.65943814748756,109.43494376499352,109.93092045223227,109.93092045223227,10587285.0,sample,2026-09-24 19:05:19.467447+00:00
GOOGL,2025-02-01 04:30:00+00:00,109.74738155278895,110.4116959276043,109.3309321981922,109.91736675992595,109.91736675992595,6235195.0,sample,2026-09-24 19:05:19.467447+00:00
GOOGL,2025-02-01 05:30:00+00:00,109.91737597023224,110.87051678575507,109.66811171516777,110.1566888582201,110.1566888582201,9513252.0,sample,2026-09-24 19:05:19.467447+00:00
GOOGL,2025-02-01 06:30:00+00:00,109.79102794913906,110.34921800677266,108.80771172415267,109.90318579734436,109.90318579734436,8421145.0,sample,2026-09-24 19:05:19.467447+00:00
GOOGL,2025-02-01 07:30:00+00:00,109.82485568875398,110.92082166963907,108.90545461508626,110.12810814164695,110.12810814164695,4620385.0,sample,2026-09-24 19:05:19.467447+00:00
GOOGL,2025-02-01 08:30:00+00:00,109.76965799594032,110.7137605769492,108.93799998612701,110.1643189211113,110.1643189211113,17593010.0,sample,2026-09-24 19:05:19.467447+00:00
GOOGL,2025-02-01 09:30:00+00:00,110.23654237432497,111.16569345125227,109.71651306287835,110.50118852578419,110.50118852578419,9368949.0,sample,2026-09-24 19:05:19.467447+00:00
GOOGL,2025-02-01 10:30:00+00:00,110.26676382804314,111.6419660093197,109.98220494766362,110.72301930571156,110.72301930571156,15825619.0,sample,2026-09-24 19:05:19.467447+00:00
GOOGL,2025-02-01 11:30:00+00:00,111.13311788337144,111.24925044274838,109.90564790190392,110.12208225399861,110.12208225399861,8052668.0,sample,2026-09-24 19:05:19.467447+00:00
GOOGL,2025-02-01 12:30:00+00:00,110.10930813120639,110.80361013339335,109.26163421957465,109.73448093372036,109.73448093372036,2705012.0,sample,2026-09-24 19:05:19.467447+00:00
GOOGL,2025-02-01 13:30:00+00:00,109.72768239738673,110.8211583497681,108.14993365944542,109.3216513073108,109.3216513073108,15303333.0,sample,2026-09-24 19:05:19.467447+00:00
GOOGL,2025-02-01 14:30:00+00:00,109.39397583271214,110.33430325573967,109.20310297286211,109.77020986444249,109.77020986444249,9719129.0,sample,2026-09-24 19:05:19.467447+00:00
GOOGL,2025-02-01 15:30:00+00:00,110.07025368379944,111.27694767553585,108.91585253030222,109.67904768114265,109.67904768114265,5216218.0,sample,2026-09-24 19:05:19.467447+00:00
GOOGL,2025-02-01 16:30:00+00:00,109.97009428680774,111.10910611520188,109.26780169932235,109.60826356785726,109.60826356785726,4588936.0,sample,2026-09-24 19:05:19.467447+00:00
GOOGL,2025-02-01 17:30:00+00:00,109.50979687634448,110.96982846008237,108.35486724123884,110.13679487074612,110.13679487074612,8246946.0,sample,2026-09-24 19:05:19.467447+00:00
GOOGL,2025-02-01 18:30:00+00:00,109.97974778252211,110.19880586470113,109.35369775667796,109.58179953570739,109.58179953570739,16511299.0,sample,2026-09-24 19:05:19.467447+00:00
GOOGL,2025-02-01 19:30:00+00:00,109.28592725199324,110.66768188632685,108.89460143986668,109.40062275600904,109.40062275600904,15591257.0,sample,2026-09-24 19:05:19.467447+00:00
GOOGL,2025-02-01 20:30:00+00:00,109.21858827558866,109.62636995454459,108.88615808836803,109.38028251674052,109.38028251674052,3209329.0,sample,2026-09-24 19:05:19.467447+00:00
GOOGL,2025-02-01 21:30:00+00:00,109.21365603254313,109.88250696978349,108.07962286415865,108.64859078254223,108.64859078254223,5761059.0,sample,2026-09-24 19:05:19.467447+00:00
GOOGL,2025-02-01 22:30:00+00:00,108.74529150670408,109.90277848750314,107.64366946695407,108.17595896262213,108.17595896262213,7586108.0,sample,2026-09-24 19:05:19.467447+00:00
GOOGL,2025-02-01 23:30:00+00:00,107.98566279150852,109.12142596815491,106.7318166114356,108.67359987417646,108.67359987417646,6254988.0,sample,2026-09-24 19:05:19.467447+00:00
GOOGL,2025-02-02 00:30:00+00:00,108.71878440845613,109.42570619776573,107.63321302352924,108.77231149583011,108.77231149583011,11281827.0,sample,2026-09-24 19:05:19.467447+00:00
GOOGL,2025-02-02 01:30:00+00:00,109.16676551308761,110.40774843314688,107.73747198001209,108.92600746857096,108.92600746857096,8798270.0,sample,2026-09-24 19:05:19.467447+00:00
GOOGL,2025-02-02 02:30:00+00:00,108.85939744283661,109.77349499223294,108.03836447349632,108.72919366763495,108.72919366763495,4533521.0,sample,2026-09-24 19:05:19.467447+00:00
GOOGL,2025-02-02 03:30:00+00:00,108.88065806115348,109.79685064939044,107.91152069151394,108.93555314754876,108.93555314754876,14100943.0,sample,2026-09-24 19:05:19.467447+00:00
GOOGL,2025-02-02 04:30:00+00:00,108.79523050605093,109.67439663635439,108.02543095756896,109.42930273483093,109.42930273483093,10246799.0,sample,2026-09-24 19:05:19.467447+00:00
GOOGL,2025-02-02 05:30:00+00:00,109.70042255610748,109.85084877046977,108.74990925382137,109.73136162483293,109.73136162483293,14355307.0,sample,2026-09-24 19:05:19.467447+00:00
GOOGL,2025-02-02 06:30:00+00:00,109.60131934316539,110.24640187290055,108.98654494883394,109.77185946903923,109.77185946903923,12944060.0,sample,2026-09-24 19:05:19.467447+00:00
GOOGL,2025-02-02 07:30:00+00:00,109.9196380969014,110.39292650253446,108.8787609244324,109.5992604825432,109.5992604825432,7892623.0,sample,2026-09-24 19:05:19.467447+00:00
GOOGL,2025-02-02 08:30:00+00:00,109.42798561466434,111.19777927736101,108.74451044488195,109.98258287417079,109.98258287417079,12420537.0,sample,2026-09-24 19:05:19.467447+00:00
GOOGL,2025-02-02 09:30:00+00:00,110.06848730619855,110.5017300769743,108.5039500433989,109.52055078121307,109.52055078121307,16456298.0,sample,2026-09-24 19:05:19.467447+00:00
GOOGL,2025-02-02 10:30:00+00:00,109.59169108221155,111.20065049754115,108.82395552410318,110.4502588174334,110.4502588174334,14336995.0,sample,2026-09-24 19:05:19.467447+00:00
GOOGL,2025-02-02 11:30:00+00:00,110.60032515128377,112.48088596607076,109.91609928365638,111.17353702477705,111.17353702477705,13576865.0,sample,2026-09-24 19:05:19.467447+00:00
GOOGL,2025-02-02 12:30:00+00:00,111.14355542589156,112.03440780716876,110.23703703182785,111.77868707327809,111.77868707327809,2138877.0,sample,2026-09-24 19:05:19.467447+00:00
GOOGL,2025-02-02 13:30:00+00:00,111.55212482701766,112.8361440152036,111.00612113878344,112.09691480474967,112.09691480474967,3504792.0,sample,2026-09-24 19:05:19.467447+00:00
GOOGL,2025-02-02 14:30:00+00:00,112.12916113213092,112.91380228820672,111.52607116691833,111.83756173842809,111.83756173842809,12375486.0,sample,2026-09-24 19:05:19.467447+00:00
GOOGL,2025-02-02 15:30:00+00:00,111.79560730904797,111.91442795318457,111.45093528111212,111.6920786219856,111.6920786219856,16340858.0,sample,2026-09-24 19:05:19.467447+00:00
GOOGL,2025-02-02 16:30:00+00:00,111.45336057397957,112.6305788672801,110.04832713820448,111.32516400390675,111.32516400390675,2322794.0,sample,2026-09-24 19:05:19.467447+00:00
GOOGL,2025-02-02 17:30:00+00:00,111.46260823449556,112.41135896073386,111.15367076766628,112.01400657206376,112.01400657206376,7668254.0,sample,2026-09-24 19:05:19.467447+00:00
GOOGL,2025-02-02 18:30:00+00:00,111.95399327292996,112.44852919975054,110.91452242602105,112.2477691316186,112.2477691316186,9388678.0,sample,2026-09-24 19:05:19.467447+00:00
GOOGL,2025-02-02 19:30:00+00:00,112.20149619784112,112.61260869052212,111.47112868915237,112.33709163432535,112.33709163432535,10623092.0,sample,2026-09-24 19:05:19.467447+00:00
GOOGL,2025-02-02 20:30:00+00:00,112.23860533283725,113.54147829031278,111.4347382054155,112.07203969132667,112.07203969132667,6951147.0,sample,2026-09-24 19:05:19.467447+00:00
GOOGL,2025-02-02 21:30:00+00:00,111.92101408866748,113.49053914916381,111.78326926724108,112.54282623940368,112.54282623940368,3097997.0,sample,2026-09-24 19:05:19.467447+00:00
GOOGL,2025-02-02 22:30:00+00:00,112.31350122035488,113.48138554120493,111.11319694483728,112.59476274360424,112.59476274360424,9671723.0,sample,2026-09-24 19:05:19.467447+00:00
GOOGL,2025-02-02 23:30:00+00:00,112.38678996560101,113.43062275480216,111.70512905130238,112.54433078574499,112.54433078574499,6345939.0,sample,2026-09-24 19:05:19.467447+00:00
GOOGL,2025-02-03 00:30:00+00:00,112.2575283860043,113.09289046975391,111.4088973122206,112.39841188372462,112.39841188372462,5946275.0,sample,2026-09-24 19:05:19.467447+00:00
GOOGL,2025-02-03 01:30:00+00:00,112.50562564890821,113.46326985363328,111.99010493621311,112.47735789761758,112.47735789761758,11537874.0,sample,2026-09-24 19:05:19.467447+00:00
GOOGL,2025-02-03 02:30:00+00:00,112.64473301284916,113.91232840028508,111.51932761241345,112.51566117528884,112.51566117528884,4496489.0,sample,2026-09-24 19:05:19.467447+00:00
GOOGL,2025-02-03 03:30:00+00:00,112.26119546872225,114.86770693613437,111.93445188058703,114.04765541281769,114.04765541281769,10373957.0,sample,2026-09-24 19:05:19.467447+00:00
GOOGL,2025-02-03 04:30:00+00:00,114.30543448946044,115.50960536699355,113.88292080373533,114.20301909282006,114.20301909282006,13197265.0,sample,2026-09-24 19:05:19.467447+00:00
GOOGL,2025-02-03 05:30:00+00:00,113.77498946965414,114.83314325788984,112.45431737653416,114.68729077675314,114.68729077675314,17466351.0,sample,2026-09-24 19:05:19.467447+00:00
GOOGL,2025-02-03 06:30:00+00:00,114.81931947289993,115.82753328226278,113.7518229805844,115.62255651034762,115.62255651034762,4954570.0,sample,2026-09-24 19:05:19.467447+00:00
GOOGL,2025-02-03 07:30:00+00:00,115.29567797850065,117.36263177016366,114.27133779997259,116.27177550241524,116.27177550241524,3121405.0,sample,2026-09-24 19:05:19.467447+00:00
GOOGL,2025-02-03 08:30:00+00:00,116.42070948152869,117.72733480289737,114.87972474918158,115.64487228327727,115.64487228327727,4187525.0,sample,2026-09-24 19:05:19.467447+00:00
GOOGL,2025-02-03 09:30:00+00:00,115.45582611626662,115.68456594493374,115.21925884657783,115.55259227328528,115.55259227328528,12187839.0,sample,2026-09-24 19:05:19.467447+00:00
GOOGL,2025-02-03 10:30:00+00:00,115.77747991241438,116.86709689979601,114.66097894169295,115.64889128944041,115.64889128944041,4923201.0,sample,2026-09-24 19:05:19.467447+00:00
GOOGL,2025-02-03 11:30:00+00:00,115.45907874964679,116.62253674960697,114.44609076325125,115.16918506406121,115.16918506406121,11916477.0,sample,2026-09-24 19:05:19.467447+00:00
GOOGL,2025-02-03 12:30:00+00:00,114.71109072141277,115.4916282261014,114.49490225990742,115.22199369661483,115.22199369661483,17692798.0,sample,2026-09-24 19:05:19.467447+00:00
GOOGL,2025-02-03 13:30:00+00:00,115.17156668967115,116.5577469273365,113.88268558441315,115.45239178615736,115.45239178615736,17669853.0,sample,2026-09-24 19:05:19.467447+00:00
GOOGL,2025-02-03 14:30:00+00:00,115.29934421432912,115.5166540485164,114.06417171392252,115.0185512404709,115.0185512404709,6985467.0,sample,2026-09-24 19:05:19.467447+00:00
GOOGL,2025-02-03 15:30:00+00:00,115.15275410455314,116.27673392707766,114.54395208528817,115.79095919560844,115.79095919560844,2570674.0,sample,2026-09-24 19:05:19.467447+00:00
GOOGL,2025-02-03 16:30:00+00:00,116.01849084624918,117.2741476460387,115.89016123475129,116.96545535351656,116.96545535351656,14501075.0,sample,2026-09-24 19:05:19.467447+00:00
GOOGL,2025-02-03 17:30:00+00:00,116.83266885850303,117.93999942983046,116.2183482627365,116.35426816707799,116.35426816707799,2412820.0,sample,2026-09-24 19:05:19.467447+00:00
GOOGL,2025-02-03 18:30:00+00:00,116.72918730365953,116.98870533430853,115.28423482531208,115.84868321625322,115.84868321625322,15632823.0,sample,2026-09-24 19:05:19.467447+00:00
GOOGL,2025-02-03 19:30:00+00:00,115.8675571861982,116.36864636031055,113.96628247259078,114.21126329275417,114.21126329275417,13035454.0,sample,2026-09-24 19:05:19.467447+00:00
GOOGL,2025-02-03 20:30:00+00:00,113.9974592132696,114.67324091272143,113.25916052673139,114.02565910131439,114.02565910131439,14760287.0,sample,2026-09-24 19:05:19.467447+00:00
GOOGL,2025-02-03 21:30:00+00:00,114.07362041858146,115.07452682623911,113.75517792324214,114.36198004286612,114.36198004286612,17865789.0,sample,2026-09-24 19:05:19.467447+00:00
GOOGL,2025-02-03 22:30:00+00:00,113.97136810946058,115.19716004222184,113.34686986707308,114.77764318065816,114.77764318065816,10555742.0,sample,2026-09-24 19:05:19.467447+00:00
GOOGL,2025-02-03 23:30:00+00:00,114.75748661958862,115.69393230792286,113.96921290414453,114.10614778927399,114.10614778927399,12654917.0,sample,2026-09-24 19:05:19.467447+00:00
GOOGL,2025-02-04 00:30:00+00:00,114.01174874326763,115.59294237863153,113.16312106300221,114.483574856846,114.483574856846,7763154.0,sample,2026-09-24 19:05:19.467447+00:00
GOOGL,2025-02-04 01:30:00+00:00,114.91478050655897,115.95802609178874,114.30108153887495,114.45896752756258,114.45896752756258,12318751.0,sample,2026-09-24 19:05:19.467447+00:00
GOOGL,2025-02-04 02:30:00+00:00,114.61197321685484,115.71322340808905,112.80439771856562,114.14316221778121,114.14316221778121,11987002.0,sample,2026-09-24 19:05:19.467447+00:00
GOOGL,2025-02-04 03:30:00+00:00,113.97847592149714,115.81978584195481,112.96169002574929,115.39336486720853,115.39336486720853,1787039.0,sample,2026-09-24 19:05:19.467447+00:00
GOOGL,2025-02-04 04:30:00+00:00,115.52408456674135,115.90633307887006,114.19798162868062,115.23760344098682,115.23760344098682,5878344.0,sample,2026-09-24 19:05:19.467447+00:00
GOOGL,2025-02-04 05:30:00+00:00,115.43656497139538,116.72963190597719,114.34142346968353,115.33222770609217,115.33222770609217,10105271.0,sample,2026-09-24 19:05:19.467447+00:00
GOOGL,2025-02-04 06:30:00+00:00,115.69031303462714,116.87716550337518,114.5363802784691,115.36183687065449,115.36183687065449,6719900.0,sample,2026-09-24 19:05:19.467447+00:00
GOOGL,2025-02-04 07:30:00+00:00,115.34331462308305,115.96431448813767,114.24146740831571,115.10574603599305,115.10574603599305,2870475.0,sample,2026-09-24 19:05:19.467447+00:00
GOOGL,2025-02-04 08:30:00+00:00,114.99890650329274,115.37963075813232,113.8489093507265,114.62248156270573,114.62248156270573,5786955.0,sample,2026-09-24 19:05:19.467447+00:00
GOOGL,2025-02-04 09:30:00+00:00,114.38273191531249,115.3741124067969,113.53735788257484,115.10902025287851,115.10902025287851,5514942.0,sample,2026-09-24 19:05:19.467447+00:00
GOOGL,2025-02-04 10:30:00+00:00,114.77353751036847,115.95110633062976,113.68896877373457,115.66436003836229,115.66436003836229,15314319.0,sample,2026-09-24 19:05:19.467447+00:00
GOOGL,2025-02-04 11:30:00+00:00,115.68229066354583,117.50950382881925,114.83312320906188,116.59353917445418,116.59353917445418,3993965.0,sample,2026-09-24 19:05:19.467447+00:00
GOOGL,2025-02-04 12:30:00+00:00,116.20118687290068,116.82987440185339,115.27386934322138,116.63588713850999,116.63588713850999,4597161.0,sample,2026-09-24 19:05:19.467447+00:00
GOOGL,2025-02-04 13:30:00+00:00,116.87838707923068,117.23239547769481,116.31440762829666,116.47382222931732,116.47382222931732,3337272.0,sample,2026-09-24 19:05:19.467447+00:00
GOOGL,2025-02-04 14:30:00+00:00,116.63723353673036,117.37452418205014,115.55185529787623,116.45764512895983,116.45764512895983,3420947.0,sample,2026-09-24 19:05:19.467447+00:00
GOOGL,2025-02-04 15:30:00+00:00,116.38561574873131,116.73698460010256,116.12503338226313,116.29245106778589,116.29245106778589,10342553.0,sample,2026-09-24 19:05:19.467447+00:00
GOOGL,2025-02-04 16:30:00+00:00,116.07314296058401,116.53633069194197,114.72573405490225,115.61523490510659,115.61523490510659,11755789.0,sample,2026-09-24 19:05:19.467447+00:00
GOOGL,2025-02-04 17:30:00+00:00,115.7656726225631,115.95598411030997,114.4027128064788,114.954647881904,114.954647881904,14061114.0,sample,2026-09-24 19:05:19.467447+00:00
GOOGL,2025-02-04 18:30:00+00:00,114.69248987428615,115.27681514169942,113.11173742929186,114.2660898030578,114.2660898030578,11080718.0,sample,2026-09-24 19:05:19.467447+00:00
GOOGL,2025-02-04 19:30:00+00:00,114.31846466960305,115.28103117532395,113.28009700860405,114.5414484657736,114.5414484657736,17502198.0,sample,2026-09-24 19:05:19.467447+00:00
GOOGL,2025-02-04 20:30:00+00:00,114.3597348763546,115.36762167320481,113.12489120666379,114.83723411501572,114.83723411501572,6055079.0,sample,2026-09-24 19:05:19.467447+00:00
GOOGL,2025-02-04 21:30:00+00:00,114.82646910681838,115.13835451887638,113.55759052256519,114.65287028597469,114.65287028597469,8536740.0,sample,2026-09-24 19:05:19.467447+00:00
GOOGL,2025-02-04 22:30:00+00:00,114.62744366614368,115.1974516298508,113.21913774072739,114.2268558102431,114.2268558102431,11141711.0,sample,2026-09-24 19:05:19.467447+00:00
GOOGL,2025-02-04 23:30:00+00:00,114.15247911686862,114.59580260515645,112.80498234623657,114.36825739076149,114.36825739076149,7458346.0,sample,2026-09-24 19:05:19.467447+00:00
GOOGL,2025-02-05 00:30:00+00:00,114.08944375395085,115.88335500103842,113.00215518368134,114.83205268701424,114.83205268701424,2011326.0,sample,2026-09-24 19:05:19.467447+00:00
GOOGL,2025-02-05 01:30:00+00:00,115.25949149937554,116.09228589468833,113.77679272200663,114.63095334495598,114.63095334495598,8920027.0,sample,2026-09-24 19:05:19.467447+00:00
GOOGL,2025-02-05 02:30:00+00:00,114.31806376375064,116.10305207241065,113.47874333046126,114.92920257761769,114.92920257761769,9380301.0,sample,2026-09-24 19:05:19.467447+00:00
GOOGL,2025-02-05 03:30:00+00:00,115.11330924600084,115.83904413393681,114.54313531678022,114.99837793872831,114.99837793872831,2505876.0,sample,2026-09-24 19:05:19.467447+00:00
GOOGL,2025-02-05 04:30:00+00:00,114.91189958003967,115.38677835621618,114.70545517808742,115.04549518699503,115.04549518699503,3231489.0,sample,2026-09-24 19:05:19.467447+00:00
GOOGL,2025-02-05 05:30:00+00:00,115.21324986888203,116.99418956044599,114.70032792061082,115.75919976566708,115.75919976566708,14668883.0,sample,2026-09-24 19:05:19.467447+00:00
GOOGL,2025-02-05 06:30:00+00:00,115.9038036879187,117.37650487776172,115.53544284702531,116.06138952891293,116.06138952891293,9669312.0,sample,2026-09-24 19:05:19.467447+00:00
GOOGL,2025-02-05 07:30:00+00:00,115.66712335145058,116.30525807088033,114.43979680857758,115.7898826921708,115.7898826921708,7914155.0,sample,2026-09-24 19:05:19.467447+00:00
GOOGL,2025-02-05 08:30:00+00:00,116.0603261071524,117.02089653339223,115.38017571184531,115.65952668582798,115.65952668582798,11961079.0,sample,2026-09-24 19:05:19.467447+00:00
GOOGL,2025-02-05 09:30:00+00:00,115.89340084711681,116.59197554782278,115.77088691644701,116.09384246225103,116.09384246225103,4196906.0,sample,2026-09-24 19:05:19.467447+00:00
GOOGL,2025-02-05 10:30:00+00:00,116.16480740416016,116.44331224109472,115.7370558031208,116.22986774883773,116.22986774883773,7493817.0,sample,2026-09-24 19:05:19.467447+00:00
GOOGL,2025-02-05 11:30:00+00:00,116.1171533705575,117.62710793401234,114.82876162616891,116.52504502831971,116.52504502831971,14568597.0,sample,2026-09-24 19:05:19.467447+00:00
GOOGL,2025-02-05 12:30:00+00:00,116.58065452073949,117.14585766920253,115.7545083106171,116.81303041144156,116.81303041144156,11392627.0,sample,2026-09-24 19:05:19.467447+00:00
GOOGL,2025-02-05 13:30:00+00:00,117.42135884395651,118.53964037605793,116.71588582501948,117.04652466386256,117.04652466386256,1743439.0,sample,2026-09-24 19:05:19.467447+00:00
GOOGL,2025-02-05 14:30:00+00:00,116.97056985595475,117.56669916735281,116.25204420783646,117.24525354931768,117.24525354931768,5035617.0,sample,2026-09-24 19:05:19.467447+00:00
GOOGL,2025-02-05 15:30:00+00:00,117.24406913637816,117.40905885844896,116.85590027417497,117.0855066415771,117.0855066415771,12223039.0,sample,2026-09-24 19:05:19.467447+00:00
GOOGL,2025-02-05 16:30:00+00:00,117.0201586667281,118.21922882512393,116.66364539628401,117.18151421679694,117.18151421679694,15223327.0,sample,2026-09-24 19:05:19.467447+00:00
GOOGL,2025-02-05 17:30:00+00:00,116.98632727754551,119.14466796700229,116.82864404639453,117.76269512996643,117.76269512996643,14954549.0,sample,2026-09-24 19:05:19.467447+00:00
GOOGL,2025-02-05 18:30:00+00:00,117.89505495133032,119.9253439370067,117.60473997843005,118.61540212691783,118.61540212691783,15530631.0,sample,2026-09-24 19:05:19.467447+00:00
GOOGL,2025-02-05 19:30:00+00:00,118.67889056752516,119.35905574935757,118.11546551961818,118.78460085017045,118.78460085017045,13927297.0,sample,2026-09-24 19:05:19.467447+00:00
GOOGL,2025-02-05 20:30:00+00:00,118.8144833951916,119.93533206791226,117.42319526429733,117.71623362119944,117.71623362119944,9998845.0,sample,2026-09-24 19:05:19.467447+00:00
GOOGL,2025-02-05 21:30:00+00:00,117.82510431730243,119.04611318086708,117.1980109419924,118.10966084963769,118.10966084963769,16698239.0,sample,2026-09-24 19:05:19.467447+00:00
GOOGL,2025-02-05 22:30:00+00:00,118.05020561147988,118.4026617709855,116.91879324637013,117.80856341888912,117.80856341888912,12776774.0,sample,2026-09-24 19:05:19.467447+00:00
GOOGL,2025-02-05 23:30:00+00:00,117.65521931309537,119.02333815326162,117.15133354298139,117.45629890906281,117.45629890906281,11106466.0,sample,2026-09-24 19:05:19.467447+00:00
GOOGL,2025-02-06 00:30:00+00:00,118.13741208233107,119.51870338961108,116.7991268116649,117.95587834131803,117.95587834131803,13468571.0,sample,2026-09-24 19:05:19.467447+00:00
GOOGL,2025-02-06 01:30:00+00:00,118.05196595770711,118.67604784764184,116.31967257281237,117.34069790032375,117.34069790032375,16366184.0,sample,2026-09-24 19:05:19.467447+00:00
GOOGL,2025-02-06 02:30:00+00:00,117.58799511887452,117.8192017264186,115.41462315757802,116.64885106397435,116.64885106397435,17668181.0,sample,2026-09-24 19:05:19.467447+00:00
GOOGL,2025-02-06 03:30:00+00:00,116.94104528786053,118.26774306218731,115.92990079463979,116.84496406434619,116.84496406434619,5782548.0,sample,2026-09-24 19:05:19.467447+00:00
GOOGL,2025-02-06 04:30:00+00:00,116.77985248156278,118.5218262032815,116.17473093805859,117.58039112160249,117.58039112160249,2316169.0,sample,2026-09-24 19:05:19.467447+00:00
GOOGL,2025-02-06 05:30:00+00:00,117.50715909205947,118.77837496620525,116.38767176846873,117.9142717475173,117.9142717475173,3106114.0,sample,2026-09-24 19:05:19.467447+00:00
GOOGL,2025-02-06 06:30:00+00:00,118.05394537231032,118.9368223060856,117.59987855112865,118.04238206052938,118.04238206052938,4223799.0,sample,2026-09-24 19:05:19.467447+00:00
GOOGL,2025-02-06 07:30:00+00:00,118.27675467715167,119.08828412611427,118.00520689385523,118.13920973292052,118.13920973292052,10850222.0,sample,2026-09-24 19:05:19.467447+00:00
GOOGL,2025-02-06 08:30:00+00:00,118.4700618523736,119.24677271116069,118.2278191884181,118.39061458704319,118.39061458704319,15599719.0,sample,2026-09-24 19:05:19.467447+00:00
GOOGL,2025-02-06 09:30:00+00:00,118.13290972578879,119.61345605827852,116.7167537302009,118.36170858499537,118.36170858499537,1883257.0,sample,2026-09-24 19:05:19.467447+00:00
GOOGL,2025-02-06 10:30:00+00:00,118.25930419141841,119.20293601213218,117.51080150580616,118.71667711742829,118.71667711742829,9256634.0,sample,2026-09-24 19:05:19.467447+00:00
GOOGL,2025-02-06 11:30:00+00:00,118.41990178949078,120.19617325558346,117.15935307341503,119.20711782743028,119.20711782743028,16842790.0,sample,2026-09-24 19:05:19.467447+00:00
GOOGL,2025-02-06 12:30:00+00:00,118.99453495989482,119.22232366991584,118.42517586880089,118.85420412832964,118.85420412832964,9404291.0,sample,2026-09-24 19:05:19.467447+00:00
GOOGL,2025-02-06 13:30:00+00:00,119.05675584613351,119.8893620110614,118.62770298499866,119.12320441697241,119.12320441697241,14230030.0,sample,2026-09-24 19:05:19.467447+00:00
GOOGL,2025-02-06 14:30:00+00:00,118.74732337732198,119.20866511940439,118.55336119300297,118.90184671007356,118.90184671007356,1892779.0,sample,2026-09-24 19:05:19.467447+00:00
GOOGL,2025-02-06 15:30:00+00:00,118.64819667069999,119.70206137486403,117.24802543579904,118.18115727798622,118.18115727798622,3146468.0,sample,2026-09-24 19:05:19.467447+00:00
GOOGL,2025-02-06 16:30:00+00:00,118.0709477809068,118.83587825813738,117.0910071941069,117.74024572886071,117.74024572886071,16815879.0,sample,2026-09-24 19:05:19.467447+00:00
GOOGL,2025-02-06 17:30:00+00:00,117.88071739951317,118.05626868645584,116.36418453968803,116.631110870064,116.631110870064,13028739.0,sample,2026-09-24 19:05:19.467447+00:00
GOOGL,2025-02-06 18:30:00+00:00,116.88582409033124,117.45817701593045,115.57183686019823,116.26377858020753,116.26377858020753,11893403.0,sample,2026-09-24 19:05:19.467447+00:00
GOOGL,2025-02-06 19:30:00+00:00,116.4358511205529,117.94564987243119,115.4739005641787,116.69434266704027,116.69434266704027,5019038.0,sample,2026-09-24 19:05:19.467447+00:00
GOOGL,2025-02-06 20:30:00+00:00,116.4255165882268,117.73432555704606,115.00316672337877,116.13053465765728,116.13053465765728,13494858.0,sample,2026-09-24 19:05:19.467447+00:00
GOOGL,2025-02-06 21:30:00+00:00,116.43154210330108,116.93529343015183,115.71079839789002,116.45379279842903,116.45379279842903,8795693.0,sample,2026-09-24 19:05:19.467447+00:00
GOOGL,2025-02-06 22:30:00+00:00,116.20791592937651,117.97700346695737,114.87414458140373,116.7770430575489,116.7770430575489,13552065.0,sample,2026-09-24 19:05:19.467447+00:00
GOOGL,2025-02-06 23:30:00+00:00,117.05525862549729,117.71637485658597,116.59334997057516,117.08504022755464,117.08504022755464,17906952.0,sample,2026-09-24 19:05:19.467447+00:00
GOOGL,2025-02-07 00:30:00+00:00,116.89888199375275,117.92076756531198,116.31739709066595,117.13713646556155,117.13713646556155,2943384.0,sample,2026-09-24 19:05:19.467447+00:00
GOOGL,2025-02-07 01:30:00+00:00,117.1204920256866,117.9006705684007,115.54211795476851,116.59225512212728,116.59225512212728,14362098.0,sample,2026-09-24 19:05:19.467447+00:00
GOOGL,2025-02-07 02:30:00+00:00,116.49887336081804,117.2912069493762,116.06520741134798,116.58423233221544,116.58423233221544,2240821.0,sample,2026-09-24 19:05:19.467447+00:00
GOOGL,2025-02-07 03:30:00+00:00,116.57974048078907,117.57241184930176,115.7599342926817,116.8998602142281,116.8998602142281,4185283.0,sample,2026-09-24 19:05:19.467447+00:00
GOOGL,2025-02-07 04:30:00+00:00,117.34921581442889,118.30662688243919,116.37169338580703,117.38961338059201,117.38961338059201,7210217.0,sample,2026-09-24 19:05:19.467447+00:00
GOOGL,2025-02-07 05:30:00+00:00,116.9749347367175,118.20036706865855,116.7274430798588,118.03373436723113,118.03373436723113,10899775.0,sample,2026-09-24 19:05:19.467447+00:00
GOOGL,2025-02-07 06:30:00+00:00,118.26574253041468,119.22510889773622,117.53550833727088,118.67429436116328,118.67429436116328,9331765.0,sample,2026-09-24 19:05:19.467447+00:00
GOOGL,2025-02-07 07:30:00+00:00,118.56541105493649,120.64818874272001,117.88189918671915,119.8164041037501,119.8164041037501,6662614.0,sample,2026-09-24 19:05:19.467447+00:00
GOOGL,2025-02-07 08:30:00+00:00,119.64252771397756,121.11052361377543,118.56093641649205,120.32326748620874,120.32326748620874,10813149.0,sample,2026-09-24 19:05:19.467447+00:00
GOOGL,2025-02-07 09:30:00+00:00,120.04908327584981,121.21181631883857,118.97666763360345,119.5639874848769,119.5639874848769,10915971.0,sample,2026-09-24 19:05:19.467447+00:00
GOOGL,2025-02-07 10:30:00+00:00,119.65034852751698,120.4747971223399,118.91496990335163,119.26244295080095,119.26244295080095,17870190.0,sample,2026-09-24 19:05:19.467447+00:00
GOOGL,2025-02-07 11:30:00+00:00,119.20936139852809,120.51121210118156,117.94233727267557,119.72024286535604,119.72024286535604,8119018.0,sample,2026-09-24 19:05:19.467447+00:00
GOOGL,2025-02-07 12:30:00+00:00,119.52990349645162,120.62409592746008,118.36863980175039,119.41852259535607,119.41852259535607,3244615.0,sample,2026-09-24 19:05:19.467447+00:00
GOOGL,2025-02-07 13:30:00+00:00,119.56871332684696,119.96335075080785,118.47885064131248,119.52461984181281,119.52461984181281,5743517.0,sample,2026-09-24 19:05:19.467447+00:00
GOOGL,2025-02-07 14:30:00+00:00,119.82798564674519,120.89043271142154,118.98100367936613,119.95523518260931,119.95523518260931,8954247.0,sample,2026-09-24 19:05:19.467447+00:00
GOOGL,2025-02-07 15:30:00+00:00,120.3860539210195,120.75460426303927,120.0444594013802,120.56651065643334,120.56651065643334,17747128.0,sample,2026-09-24 19:05:19.467447+00:00
GOOGL,2025-02-07 16:30:00+00:00,120.74239098636139,121.78896413928064,120.08605756744373,120.65142010318058,120.65142010318058,1579864.0,sample,2026-09-24 19:05:19.467447+00:00
GOOGL,2025-02-07 17:30:00+00:00,120.76543961462137,121.81913805864122,118.93899452740632,120.09135637617183,120.09135637617183,7150813.0,sample,2026-09-24 19:05:19.467447+00:00
GOOGL,2025-02-07 18:30:00+00:00,120.50033151917151,121.40117654867136,118.99780156460987,120.03384551458723,120.03384551458723,14189278.0,sample,2026-09-24 19:05:19.467447+00:00
GOOGL,2025-02-07 19:30:00+00:00,119.97684122607556,120.47869861698939,118.19250606409561,119.52316276019093,119.52316276019093,11528300.0,sample,2026-09-24 19:05:19.467447+00:00
GOOGL,2025-02-07 20:30:00+00:00,119.15260887599581,120.36712896885645,118.35228806627025,119.18295036799982,119.18295036799982,17485206.0,sample,2026-09-24 19:05:19.467447+00:00
GOOGL,2025-02-07 21:30:00+00:00,119.36406002425984,120.6995724736283,117.41562682563514,118.33425294039755,118.33425294039755,12488936.0,sample,2026-09-24 19:05:19.467447+00:00
GOOGL,2025-02-07 22:30:00+00:00,118.35466960017685,119.63091021167831,117.30101547995663,118.92536355905695,118.92536355905695,2030758.0,sample,2026-09-24 19:05:19.467447+00:00
GOOGL,2025-02-07 23:30:00+00:00,118.69506143011438,119.82343570285475,118.51126071511986,119.41201139940445,119.41201139940445,15819401.0,sample,2026-09-24 19:05:19.467447+00:00
GOOGL,2025-02-08 00:30:00+00:00,119.37531579886056,120.77336322412708,118.09606027116726,119.58759594272709,119.58759594272709,4309693.0,sample,2026-09-24 19:05:19.467447+00:00
GOOGL,2025-02-08 01:30:00+00:00,119.87057056573992,120.35269271924993,119.36119278727107,119.6068060016356,119.6068060016356,17438509.0,sample,2026-09-24 19:05:19.467447+00:00
GOOGL,2025-02-08 02:30:00+00:00,119.72497770086206,119.88224178312214,118.95128763177034,119.63893861097388,119.63893861097388,8999203.0,sample,2026-09-24 19:05:19.467447+00:00
GOOGL,2025-02-08 03:30:00+00:00,119.64163347034855,121.24097656452525,118.60246939300846,120.23289369252835,120.23289369252835,6296121.0,sample,2026-09-24 19:05:19.467447+00:00
GOOGL,2025-02-08 04:30:00+00:00,120.07448150543298,120.64308512197152,118.80839914728782,120.31240565310118,120.31240565310118,2719759.0,sample,2026-09-24 19:05:19.467447+00:00
GOOGL,2025-02-08 05:30:00+00:00,120.05012021970302,121.39944787185401,119.03585891036909,120.27153961452771,120.27153961452771,16572068.0,sample,2026-09-24 19:05:19.467447+00:00
GOOGL,2025-02-08 06:30:00+00:00,120.32120990689698,121.69294623440948,119.86987857147018,120.21469381993901,120.21469381993901,12164187.0,sample,2026-09-24 19:05:19.467447+00:00
GOOGL,2025-02-08 07:30:00+00:00,120.33240123337204,121.37557334479604,120.07580733434384,120.73973122960028,120.73973122960028,13930815.0,sample,2026-09-24 19:05:19.467447+00:00
GOOGL,2025-02-08 08:30:00+00:00,120.67372580982577,121.58720507758856,119.14635699218748,120.37131312023303,120.37131312023303,13109765.0,sample,2026-09-24 19:05:19.467447+00:00
GOOGL,2025-02-08 09:30:00+00:00,120.36745566590179,122.49117115301856,119.47070318614664,121.04133870347215,121.04133870347215,3584254.0,sample,2026-09-24 19:05:19.467447+00:00
GOOGL,2025-02-08 10:30:00+00:00,121.16447242362901,122.3372201506482,120.07244464014336,120.46191192003043,120.46191192003043,14350174.0,sample,2026-09-24 19:05:19.467447+00:00
GOOGL,2025-02-08 11:30:00+00:00,120.31422483976428,121.56445776199071,119.91855114686865,120.35496149003797,120.35496149003797,12794722.0,sample,2026-09-24 19:05:19.467447+00:00
GOOGL,2025-02-08 12:30:00+00:00,120.20386281839127,120.67793060092585,119.34660897071488,120.36349129284302,120.36349129284302,4774742.0,sample,2026-09-24 19:05:19.467447+00:00
GOOGL,2025-02-08 13:30:00+00:00,120.38494013794597,120.87821370286147,119.31967408631222,119.93786405655665,119.93786405655665,5369380.0,sample,2026-09-24 19:05:19.467447+00:00
GOOGL,2025-02-08 14:30:00+00:00,119.9525479940104,121.22222427035683,118.84595218009677,120.36783051598252,120.36783051598252,4857627.0,sample,2026-09-24 19:05:19.467447+00:00
GOOGL,2025-02-08 15:30:00+00:00,120.23645076115312,121.72631812122466,119.68862621440135,120.40774744794243,120.40774744794243,1897513.0,sample,2026-09-24 19:05:19.467447+00:00
GOOGL,2025-02-08 16:30:00+00:00,120.38438467738492,122.15908689115672,119.5988832318198,120.73835572529265,120.73835572529265,17752683.0,sample,2026-09-24 19:05:19.467447+00:00
GOOGL,2025-02-08 17:30:00+00:00,120.91672503936891,121.84745154998828,119.95769589960604,120.73604607199529,120.73604607199529,16081826.0,sample,2026-09-24 19:05:19.467447+00:00
GOOGL,2025-02-08 18:30:00+00:00,120.46743142746317,120.96596735341991,120.09512800095264,120.81663378770702,120.81663378770702,7713756.0,sample,2026-09-24 19:05:19.467447+00:00
GOOGL,2025-02-08 19:30:00+00:00,120.67749427580782,121.49595698509701,119.66322419414944,121.36038897038178,121.36038897038178,17605236.0,sample,2026-09-24 19:05:19.467447+00:00
GOOGL,2025-02-08 20:30:00+00:00,120.64546143053079,122.42226640415204,119.37093744389256,121.37355165138233,121.37355165138233,12164950.0,sample,2026-09-24 19:05:19.467447+00:00
GOOGL,2025-02-08 21:30:00+00:00,121.54142155401028,122.88918119013437,119.96203598390524,120.72305050892642,120.72305050892642,17544227.0,sample,2026-09-24 19:05:19.467447+00:00
GOOGL,2025-02-08 22:30:00+00:00,120.85792743221413,122.05761812727938,119.75347521568692,119.90111429730854,119.90111429730854,9440259.0,sample,2026-09-24 19:05:19.467447+00:00
GOOGL,2025-02-08 23:30:00+00:00,119.99991689642731,120.21941446706275,119.21653424683231,120.05933450787003,120.05933450787003,17363736.0,sample,2026-09-24 19:05:19.467447+00:00
GOOGL,2025-02-09 00:30:00+00:00,120.17686918771741,121.50044048612797,118.52431034426601,118.92492929142111,118.92492929142111,13724906.0,sample,2026-09-24 19:05:19.467447+00:00
GOOGL,2025-02-09 01:30:00+00:00,118.78669957510576,119.72702234739126,117.45791172950095,119.50902245888388,119.50902245888388,9853778.0,sample,2026-09-24 19:05:19.467447+00:00
GOOGL,2025-02-09 02:30:00+00:00,119.74820647012368,120.3792147755478,118.20268842233844,119.25559898155764,119.25559898155764,4258620.0,sample,2026-09-24 19:05:19.467447+00:00
GOOGL,2025-02-09 03:30:00+00:00,119.42579796308303,119.95766425545787,118.3026764123706,119.3017488532198,119.3017488532198,11386412.0,sample,2026-09-24 19:05:19.467447+00:00
GOOGL,2025-02-09 04:30:00+00:00,119.40819621843792,120.51888406521054,118.68126755112931,120.39361345148424,120.39361345148424,16646303.0,sample,2026-09-24 19:05:19.467447+00:00
GOOGL,2025-02-09 05:30:00+00:00,120.66124250368402,120.95197108557055,119.72711896835467,120.20828419350627,120.20828419350627,8023993.0,sample,2026-09-24 19:05:19.467447+00:00
GOOGL,2025-02-09 06:30:00+00:00,120.26460200768264,120.53412901041332,118.42375151123711,119.72908416047737,119.72908416047737,17699903.0,sample,2026-09-24 19:05:19.467447+00:00
GOOGL,2025-02-09 07:30:00+00:00,119.61861592460731,120.52007600197624,118.85922825047972,119.41311314112434,119.41311314112434,13435908.0,sample,2026-09-24 19:05:19.467447+00:00
GOOGL,2025-02-09 08:30:00+00:00,119.51742421243758,120.69263291528738,119.22728425095526,120.48324727432714,120.48324727432714,7009857.0,sample,2026-09-24 19:05:19.467447+00:00
GOOGL,2025-02-09 09:30:00+00:00,120.2703328743239,121.21200263714533,118.77239380900744,119.6392982501882,119.6392982501882,7132360.0,sample,2026-09-24 19:05:19.467447+00:00
GOOGL,2025-02-09 10:30:00+00:00,119.64932636316452,120.94216604009623,118.240502634862,119.7381980781766,119.7381980781766,12872511.0,sample,2026-09-24 19:05:19.467447+00:00
GOOGL,2025-02-09 11:30:00+00:00,119.57933378399406,120.66883488809879,119.1012456284453,120.48285175840182,120.48285175840182,7282488.0,sample,2026-09-24 19:05:19.467447+00:00
GOOGL,2025-02-09 12:30:00+00:00,120.60387388634938,121.07760299669646,118.28130479870241,119.58839516838404,119.58839516838404,13392353.0,sample,2026-09-24 19:05:19.467447+00:00
GOOGL,2025-02-09 13:30:00+00:00,120.10124197186197,120.91131160204722,119.03851005122594,119.4206166480308,119.4206166480308,8705422.0,sample,2026-09-24 19:05:19.467447+00:00
GOOGL,2025-02-09 14:30:00+00:00,119.38030259251202,119.80097346133918,118.2686165724081,118.94564350342782,118.94564350342782,4363387.0,sample,2026-09-24 19:05:19.467447+00:00
GOOGL,2025-02-09 15:30:00+00:00,118.6419571276011,119.64713460878919,116.75762771926213,117.98104540930883,117.98104540930883,16075562.0,sample,2026-09-24 19:05:19.467447+00:00
GOOGL,2025-02-09 16:30:00+00:00,118.52914787197932,119.69761733753133,117.60642543082889,117.96367405483757,117.96367405483757,12100064.0,sample,2026-09-24 19:05:19.467447+00:00
GOOGL,2025-02-09 17:30:00+00:00,117.6505232994437,117.98583370818179,116.46332037030501,117.23955350538925,117.23955350538925,13990191.0,sample,2026-09-24 19:05:19.467447+00:00
GOOGL,2025-02-09 18:30:00+00:00,116.99263127324426,117.51917916078644,116.24738960011283,117.18630446927617,117.18630446927617,13346047.0,sample,2026-09-24 19:05:19.467447+00:00
GOOGL,2025-02-09 19:30:00+00:00,117.1479385419726,117.6434106450546,116.12945336144608,117.14943794787874,117.14943794787874,15843231.0,sample,2026-09-24 19:05:19.467447+00:00
GOOGL,2025-02-09 20:30:00+00:00,116.89781444043331,117.80634362054968,115.52753785035824,117.28600535432913,117.28600535432913,16304190.0,sample,2026-09-24 19:05:19.467447+00:00
GOOGL,2025-02-09 21:30:00+00:00,117.44061840129797,117.99504737369637,116.39493292470354,117.40903717873717,117.40903717873717,7433295.0,sample,2026-09-24 19:05:19.467447+00:00
GOOGL,2025-02-09 22:30:00+00:00,117.35958351312546,117.5964029035522,117.14518988213474,117.44487062340707,117.44487062340707,17155835.0,sample,2026-09-24 19:05:19.467447+00:00
GOOGL,2025-02-09 23:30:00+00:00,117.53699995741924,117.89146616111434,115.86100836894944,116.42617093946266,116.42617093946266,11227320.0,sample,2026-09-24 19:05:19.467447+00:00
GOOGL,2025-02-10 00:30:00+00:00,116.03613506295005,117.23849783053839,115.52322343648434,115.70163153116104,115.70163153116104,9825408.0,sample,2026-09-24 19:05:19.467447+00:00
GOOGL,2025-02-10 01:30:00+00:00,114.92182183368965,117.47376120344019,114.45215944497744,116.49280772100197,116.49280772100197,8481185.0,sample,2026-09-24 19:05:19.467447+00:00
GOOGL,2025-02-10 02:30:00+00:00,116.61809965328953,117.7983762165359,114.70320077057443,115.52450323928618,115.52450323928618,2445584.0,sample,2026-09-24 19:05:19.467447+00:00
GOOGL,2025-02-10 03:30:00+00:00,115.12321349350326,116.49675507483644,113.3221723676324,114.64253443936053,114.64253443936053,11321196.0,sample,2026-09-24 19:05:19.467447+00:00
GOOGL,2025-02-10 04:30:00+00:00,114.02110366599065,115.32619744851401,113.3184804490849,114.79029486871546,114.79029486871546,4508349.0,sample,2026-09-24 19:05:19.467447+00:00
GOOGL,2025-02-10 05:30:00+00:00,114.81312623556286,116.09830378945004,114.01790307227296,115.40655811643224,115.40655811643224,12884212.0,sample,2026-09-24 19:05:19.467447+00:00
GOOGL,2025-02-10 06:30:00+00:00,115.41761642791374,117.54454415902599,114.44645622535172,116.31431980462716,116.31431980462716,4483073.0,sample,2026-09-24 19:05:19.467447+00:00
GOOGL,2025-02-10 07:30:00+00:00,116.35865010949806,117.14681787312246,115.40715538331952,115.79480787147376,115.79480787147376,6135049.0,sample,2026-09-24 19:05:19.467447+00:00
GOOGL,2025-02-10 08:30:00+00:00,115.89600548545916,116.51027013900652,115.21121534924242,115.83495794874365,115.83495794874365,14952884.0,sample,2026-09-24 19:05:19.467447+00:00
GOOGL,2025-02-10 09:30:00+00:00,115.96247391647181,118.00027727573816,115.67777223717418,116.74841988029708,116.74841988029708,7087377.0,sample,2026-09-24 19:05:19.467447+00:00
GOOGL,2025-02-10 10:30:00+00:00,116.62856479654525,117.60967262553015,116.4908493735782,117.46032758878708,117.46032758878708,13938129.0,sample,2026-09-24 19:05:19.467447+00:00
GOOGL,2025-02-10 11:30:00+00:00,117.28177123298096,118.71966148100994,116.01218680758865,117.94895071719696,117.94895071719696,6647003.0,sample,2026-09-24 19:05:19.467447+00:00
GOOGL,2025-02-10 12:30:00+00:00,117.83491711441671,118.61841206706264,116.91910722784114,117.66831322039452,117.66831322039452,9945838.0,sample,2026-09-24 19:05:19.467447+00:00
GOOGL,2025-02-10 13:30:00+00:00,117.92554261455797,118.93091182867629,117.09926853629464,117.81029923030665,117.81029923030665,6861022.0,sample,2026-09-24 19:05:19.467447+00:00
GOOGL,2025-02-10 14:30:00+00:00,117.81462343537432,117.95940077226126,116.85762386200322,117.5638970426168,117.5638970426168,9175202.0,sample,2026-09-24 19:05:19.467447+00:00
GOOGL,2025-02-10 15:30:00+00:00,117.39297539854542,118.07283469033227,116.6278139242715,117.43949233498438,117.43949233498438,10928855.0,sample,2026-09-24 19:05:19.467447+00:00
GOOGL,2025-02-10 16:30:00+00:00,117.47513696047635,118.61307510969404,116.74425473525004,117.76145025026574,117.76145025026574,12272364.0,sample,2026-09-24 19:05:19.467447+00:00
GOOGL,2025-02-10 17:30:00+00:00,117.75107686055784,118.10577118516858,116.68919296978589,117.48612920517792,117.48612920517792,4908736.0,sample,2026-09-24 19:05:19.467447+00:00
GOOGL,2025-02-10 18:30:00+00:00,117.36197367044304,118.24429791788576,117.15157069064657,117.46416575402127,117.46416575402127,5983989.0,sample,2026-09-24 19:05:19.467447+00:00
GOOGL,2025-02-10 19:30:00+00:00,117.5331413754234,118.69493517122424,117.06347414979727,118.07856540591585,118.07856540591585,17151074.0,sample,2026-09-24 19:05:19.467447+00:00
GOOGL,2025-02-10 20:30:00+00:00,118.4346087283189,118.93661894910417,117.24012241642254,118.12558894866247,118.12558894866247,5342390.0,sample,2026-09-24 19:05:19.467447+00:00
GOOGL,2025-02-10 21:30:00+00:00,118.17563362727148,119.94007141456447,117.43112332848814,118.80486914159293,118.80486914159293,15096720.0,sample,2026-09-24 19:05:19.467447+00:00
GOOGL,2025-02-10 22:30:00+00:00,118.50817249615312,119.05479196856359,117.37343901537228,118.34090939153259,118.34090939153259,8257627.0,sample,2026-09-24 19:05:19.467447+00:00
GOOGL,2025-02-10 23:30:00+00:00,118.39170018586056,118.88158092309844,117.37066798364943,117.89471162320784,117.89471162320784,14901926.0,sample,2026-09-24 19:05:19.467447+00:00
GOOGL,2025-02-11 00:30:00+00:00,117.77515589252515,118.71995774471114,117.0770554676587,118.54277235113832,118.54277235113832,5609932.0,sample,2026-09-24 19:05:19.467447+00:00
GOOGL,2025-02-11 01:30:00+00:00,118.49924461638756,120.15596404403337,118.21092155172882,118.91487855937748,118.91487855937748,17707975.0,sample,2026-09-24 19:05:19.467447+00:00
GOOGL,2025-02-11 02:30:00+00:00,118.88237667966281,119.50991874374176,118.1546198442078,118.76893285871402,118.76893285871402,6417700.0,sample,2026-09-24 19:05:19.467447+00:00
GOOGL,2025-02-11 03:30:00+00:00,118.86519804113419,119.000885935457,117.80787779249403,118.21843930724532,118.21843930724532,17589154.0,sample,2026-09-24 19:05:19.467447+00:00
GOOGL,2025-02-11 04:30:00+00:00,118.2040862959272,119.07993145900372,117.29445437827353,117.64258205426093,117.64258205426093,4588820.0,sample,2026-09-24 19:05:19.467447+00:00
GOOGL,2025-02-11 05:30:00+00:00,117.99993847335826,119.36218417367097,116.91245554073336,117.72484056175912,117.72484056175912,15512701.0,sample,2026-09-24 19:05:19.467447+00:00
GOOGL,2025-02-11 06:30:00+00:00,117.69852885313952,119.0137067750816,116.43556263777984,117.51320114473616,117.51320114473616,9681631.0,sample,2026-09-24 19:05:19.467447+00:00
GOOGL,2025-02-11 07:30:00+00:00,117.45115975334745,118.79442054568587,116.68917153377842,117.30352207159834,117.30352207159834,15972917.0,sample,2026-09-24 19:05:19.467447+00:00
GOOGL,2025-02-11 08:30:00+00:00,117.27802802965634,118.28236209037156,116.90123326060473,117.17250079496928,117.17250079496928,13397299.0,sample,2026-09-24 19:05:19.467447+00:00
GOOGL,2025-02-11 09:30:00+00:00,116.87072542280286,118.43411445625827,116.73870348439952,117.44235146050488,117.44235146050488,7441782.0,sample,2026-09-24 19:05:19.467447+00:00
GOOGL,2025-02-11 10:30:00+00:00,117.40310748663326,118.32437173863863,117.1594082343737,117.46887033152203,117.46887033152203,15358094.0,sample,2026-09-24 19:05:19.467447+00:00
GOOGL,2025-02-11 11:30:00+00:00,117.24346920822633,118.21174075067375,115.90782010794811,117.59557844427101,117.59557844427101,16613974.0,sample,2026-09-24 19:05:19.467447+00:00
GOOGL,2025-02-11 12:30:00+00:00,117.51119048787677,118.98999737971981,116.35588266881251,117.83472787462695,117.83472787462695,16587585.0,sample,2026-09-24 19:05:19.467447+00:00
GOOGL,2025-02-11 13:30:00+00:00,117.55250736895822,119.69179184849897,116.56566237972041,118.37813331160638,118.37813331160638,11139988.0,sample,2026-09-24 19:05:19.467447+00:00
GOOGL,2025-02-11 14:30:00+00:00,118.27719385611819,119.10550336549127,117.84986532906376,118.0669688829029,118.0669688829029,16298351.0,sample,2026-09-24 19:05:19.467447+00:00
GOOGL,2025-02-11 15:30:00+00:00,118.50557789355351,120.0880240458055,117.84565050141174,118.86041349081917,118.86041349081917,6736920.0,sample,2026-09-24 19:05:19.467447+00:00
GOOGL,2025-02-11 16:30:00+00:00,119.34317020077033,119.8203398891592,118.24847001503352,118.38070268181906,118.38070268181906,1581302.0,sample,2026-09-24 19:05:19.467447+00:00
GOOGL,2025-02-11 17:30:00+00:00,118.22906265668854,119.99406338767008,118.10780189102994,118.67076173231793,118.67076173231793,13784291.0,sample,2026-09-24 19:05:19.467447+00:00
GOOGL,2025-02-11 18:30:00+00:00,118.34726931537973,120.05309223750125,117.85846275293075,118.64681768813792,118.64681768813792,13208053.0,sample,2026-09-24 19:05:19.467447+00:00
GOOGL,2025-02-11 19:30:00+00:00,118.30751301828656,119.4394880909864,117.46158079214737,119.05375225014463,119.05375225014463,6626891.0,sample,2026-09-24 19:05:19.467447+00:00
GOOGL,2025-02-11 20:30:00+00:00,118.88267294708469,119.97830173421667,117.7939871429808,119.58690703603075,119.58690703603075,16403102.0,sample,2026-09-24 19:05:19.467447+00:00
GOOGL,2025-02-11 21:30:00+00:00,119.52915554413852,120.55282637496803,118.25845203097755,119.44239504704879,119.44239504704879,5542376.0,sample,2026-09-24 19:05:19.467447+00:00
GOOGL,2025-02-11 22:30:00+00:00,119.52280741082298,121.0376430905568,118.68542531496782,120.08524720729908,120.08524720729908,12257783.0,sample,2026-09-24 19:05:19.467447+00:00
GOOGL,2025-02-11 23:30:00+00:00,120.28368515375462,121.79327273038703,119.0267851465689,120.96936895290133,120.96936895290133,4702271.0,sample,2026-09-24 19:05:19.467447+00:00
GOOGL,2025-02-12 00:30:00+00:00,120.89841328381536,121.3744296215611,120.15134027486316,121.19809073617962,121.19809073617962,7875580.0,sample,2026-09-24 19:05:19.467447+00:00
GOOGL,2025-02-12 01:30:00+00:00,121.15900250161404,122.53726516838778,120.31281183034486,121.24932475032938,121.24932475032938,5741029.0,sample,2026-09-24 19:05:19.467447+00:00
GOOGL,2025-02-12 02:30:00+00:00,121.25751308881314,122.21163808182469,120.04064145325265,121.26021782717105,121.26021782717105,7160626.0,sample,2026-09-24 19:05:19.467447+00:00
GOOGL,2025-02-12 03:30:00+00:00,121.06844054683208,121.75590994663992,120.22242266275492,120.85088091105487,120.85088091105487,2740662.0,sample,2026-09-24 19:05:19.467447+00:00
GOOGL,2025-02-12 04:30:00+00:00,120.55942931916096,121.00025569314221,119.55628928951654,119.91522362062985,119.91522362062985,7158080.0,sample,2026-09-24 19:05:19.467447+00:00
GOOGL,2025-02-12 05:30:00+00:00,119.89434576991214,120.74315738914467,119.1624036055761,119.63777865672557,119.63777865672557,15958703.0,sample,2026-09-24 19:05:19.467447+00:00
GOOGL,2025-02-12 06:30:00+00:00,119.38185444205534,120.47095180778568,119.14613287385238,119.91402871192436,119.91402871192436,16145787.0,sample,2026-09-24 19:05:19.467447+00:00
GOOGL,2025-02-12 07:30:00+00:00,119.45082204047716,122.21265296365495,118.19823558621161,120.96545896831286,120.96545896831286,15643764.0,sample,2026-09-24 19:05:19.467447+00:00
GOOGL,2025-02-12 08:30:00+00:00,121.18280511745766,121.93810139900776,120.44755351538817,121.45474864299364,121.45474864299364,14551296.0,sample,2026-09-24 19:05:19.467447+00:00
GOOGL,2025-02-12 09:30:00+00:00,121.76565043656689,121.94912709283919,119.89970720322358,120.98626224825816,120.98626224825816,15872504.0,sample,2026-09-24 19:05:19.467447+00:00
GOOGL,2025-02-12 10:30:00+00:00,120.85413786136716,121.77371136074456,120.05670342392946,121.11352388840467,121.11352388840467,5974464.0,sample,2026-09-24 19:05:19.467447+00:00
GOOGL,2025-02-12 11:30:00+00:00,120.88442977209826,122.23181353665545,120.66773771136239,120.85709955514916,120.85709955514916,13564451.0,sample,2026-09-24 19:05:19.467447+00:00
GOOGL,2025-02-12 12:30:00+00:00,121.26264084279123,121.78419706992109,119.45293962139765,120.81811899778238,120.81811899778238,16483819.0,sample,2026-09-24 19:05:19.467447+00:00
GOOGL,2025-02-12 13:30:00+00:00,120.83871927669776,121.9162877542556,119.82317092079175,120.55723387157242,120.55723387157242,3814120.0,sample,2026-09-24 19:05:19.467447+00:00
GOOGL,2025-02-12 14:30:00+00:00,120.70226160696487,121.7617652700575,119.74372952534709,120.97785504253606,120.97785504253606,6756985.0,sample,2026-09-24 19:05:19.467447+00:00
GOOGL,2025-02-12 15:30:00+00:00,120.95457809023759,121.43058729237484,119.68376549092002,120.32884872859393,120.32884872859393,9429263.0,sample,2026-09-24 19:05:19.467447+00:00
GOOGL,2025-02-12 16:30:00+00:00,120.09032596401134,121.0160202110816,119.13712504043242,120.08950578584657,120.08950578584657,16234334.0,sample,2026-09-24 19:05:19.467447+00:00
GOOGL,2025-02-12 17:30:00+00:00,119.80009051735071,120.37957869035712,119.55175472062342,120.09946056697784,120.09946056697784,7935632.0,sample,2026-09-24 19:05:19.467447+00:00
GOOGL,2025-02-12 18:30:00+00:00,120.29762456823565,121.4501310720061,119.35694206883426,119.76226563595743,119.76226563595743,10562139.0,sample,2026-09-24 19:05:19.467447+00:00
GOOGL,2025-02-12 19:30:00+00:00,119.60842983085232,120.55681714372687,117.8704463200469,119.05366363349117,119.05366363349117,1581199.0,sample,2026-09-24 19:05:19.467447+00:00
GOOGL,2025-02-12 20:30:00+00:00,118.77474334072993,119.71278138688288,117.74049668804075,119.20628640182402,119.20628640182402,12048112.0,sample,2026-09-24 19:05:19.467447+00:00
GOOGL,2025-02-12 21:30:00+00:00,118.92646960791288,120.52483732915802,118.01387940820914,119.5088901195292,119.5088901195292,13449168.0,sample,2026-09-24 19:05:19.467447+00:00
GOOGL,2025-02-12 22:30:00+00:00,119.36467188489287,120.68994816101096,119.08231366731158,119.62513587285719,119.62513587285719,10725834.0,sample,2026-09-24 19:05:19.467447+00:00
GOOGL,2025-02-12 23:30:00+00:00,119.77365054439538,121.15518519178428,118.64060920336367,120.00708798011178,120.00708798011178,4397493.0,sample,2026-09-24 19:05:19.467447+00:00
GOOGL,2025-02-13 00:30:00+00:00,120.20102634038572,121.46502953415212,118.31129611602043,119.23492527126868,119.23492527126868,8351449.0,sample,2026-09-24 19:05:19.467447+00:00
GOOGL,2025-02-13 01:30:00+00:00,119.36465058869452,120.11520127086231,117.43045625073627,118.26092458386829,118.26092458386829,9379107.0,sample,2026-09-24 19:05:19.467447+00:00
GOOGL,2025-02-13 02:30:00+00:00,117.92217105399126,120.17661993743823,117.754865475487,118.94412766362287,118.94412766362287,10085549.0,sample,2026-09-24 19:05:19.467447+00:00
GOOGL,2025-02-13 03:30:00+00:00,118.87292657468893,120.16481559371742,117.61961371866991,118.95454290676653,118.95454290676653,8755636.0,sample,2026-09-24 19:05:19.467447+00:00
GOOGL,2025-02-13 04:30:00+00:00,118.79499594149519,119.79684878697257,118.14937726445159,119.13300690225759,119.13300690225759,6559394.0,sample,2026-09-24 19:05:19.467447+00:00
GOOGL,2025-02-13 05:30:00+00:00,119.08336830935302,120.26846484593474,117.73329165372333,119.01371045889942,119.01371045889942,2430848.0,sample,2026-09-24 19:05:19.467447+00:00
GOOGL,2025-02-13 06:30:00+00:00,119.11231622012497,119.95179682323021,117.67758393646098,118.32266337239616,118.32266337239616,14613905.0,sample,2026-09-24 19:05:19.467447+00:00
GOOGL,2025-02-13 07:30:00+00:00,118.73664605084431,119.66633503008903,118.48861580123376,119.2364304331506,119.2364304331506,13810029.0,sample,2026-09-24 19:05:19.467447+00:00
GOOGL,2025-02-13 08:30:00+00:00,119.07928798639257,119.99164691944489,117.72728814610063,119.24717306940092,119.24717306940092,9389590.0,sample,2026-09-24 19:05:19.467447+00:00
GOOGL,2025-02-13 09:30:00+00:00,118.7894137874021,120.92739588910601,118.66921983206056,119.55518271428294,119.55518271428294,9624208.0,sample,2026-09-24 19:05:19.467447+00:00
GOOGL,2025-02-13 10:30:00+00:00,119.59535640193613,120.97012490463258,118.4537504425943,120.30503213946544,120.30503213946544,4499959.0,sample,2026-09-24 19:05:19.467447+00:00
GOOGL,2025-02-13 11:30:00+00:00,120.37597918458196,120.54188338829161,119.01508823345874,120.10872415384527,120.10872415384527,2163870.0,sample,2026-09-24 19:05:19.467447+00:00
GOOGL,2025-02-13 12:30:00+00:00,120.18578342660685,121.72459995438881,118.8169156728543,120.30160391158066,120.30160391158066,1818281.0,sample,2026-09-24 19:05:19.467447+00:00
GOOGL,2025-02-13 13:30:00+00:00,120.39634269934304,120.956453184945,119.48723655124068,120.22871765728755,120.22871765728755,7745560.0,sample,2026-09-24 19:05:19.467447+00:00
GOOGL,2025-02-13 14:30:00+00:00,120.78798925906136,121.48818877373384,119.3058491506039,119.86872754696024,119.86872754696024,13652591.0,sample,2026-09-24 19:05:19.467447+00:00
GOOGL,2025-02-13 15:30:00+00:00,119.8544737871767,120.61632566060231,118.67143263686265,119.79319773687031,119.79319773687031,9682687.0,sample,2026-09-24 19:05:19.467447+00:00
GOOGL,2025-02-13 16:30:00+00:00,119.38776808656041,120.66060619827284,118.11492435939321,119.77769193799398,119.77769193799398,11744720.0,sample,2026-09-24 19:05:19.467447+00:00
GOOGL,2025-02-13 17:30:00+00:00,119.31567415320865,120.74901849216103,118.63236219156182,119.77421046450175,119.77421046450175,8777765.0,sample,2026-09-24 19:05:19.467447+00:00
GOOGL,2025-02-13 18:30:00+00:00,119.72412908810857,120.75421842360038,119.32303219764474,119.49324406669739,119.49324406669739,12643463.0,sample,2026-09-24 19:05:19.467447+00:00
GOOGL,2025-02-13 19:30:00+00:00,119.16278832938478,120.80212822311952,118.98299810071875,119.76248803133667,119.76248803133667,2454149.0,sample,2026-09-24 19:05:19.467447+00:00
GOOGL,2025-02-13 20:30:00+00:00,120.04379968295778,120.16829382976316,118.85164697169712,119.59795934853666,119.59795934853666,10058950.0,sample,2026-09-24 19:05:19.467447+00:00
GOOGL,2025-02-13 21:30:00+00:00,119.74307896570441,120.22582288291773,119.13021926914749,119.95648436122976,119.95648436122976,8815684.0,sample,2026-09-24 19:05:19.467447+00:00
GOOGL,2025-02-13 22:30:00+00:00,119.15419116559548,119.8434938145596,118.43370520705294,119.5543399938266,119.5543399938266,14300625.0,sample,2026-09-24 19:05:19.467447+00:00
GOOGL,2025-02-13 23:30:00+00:00,119.46909949874562,120.74195972847524,118.78018997413878,119.47502776835985,119.47502776835985,10397546.0,sample,2026-09-24 19:05:19.467447+00:00
GOOGL,2025-02-14 00:30:00+00:00,119.48623860190138,120.28484654632133,118.33490050317491,119.60721284865855,119.60721284865855,8631187.0,sample,2026-09-24 19:05:19.467447+00:00
GOOGL,2025-02-14 01:30:00+00:00,118.90106083780792,120.93734001697058,118.50581457491766,120.17257266767108,120.17257266767108,17078066.0,sample,2026-09-24 19:05:19.467447+00:00
GOOGL,2025-02-14 02:30:00+00:00,119.8783763152222,120.87610792729654,119.35456695709567,120.65077339538932,120.65077339538932,10742667.0,sample,2026-09-24 19:05:19.467447+00:00
GOOGL,2025-02-14 03:30:00+00:00,120.6585242146194,120.84600699147691,119.51062983826692,119.8573876071906,119.8573876071906,15965728.0,sample,2026-09-24 19:05:19.467447+00:00
GOOGL,2025-02-14 04:30:00+00:00,119.80562477092828,120.10857796582843,118.74915766985009,119.76582932140568,119.76582932140568,11153339.0,sample,2026-09-24 19:05:19.467447+00:00
GOOGL,2025-02-14 05:30:00+00:00,119.4721613644445,120.30570498516103,118.63398794342693,119.81826856414949,119.81826856414949,4595361.0,sample,2026-09-24 19:05:19.467447+00:00
GOOGL,2025-02-14 06:30:00+00:00,119.60377941160436,120.93031455975274,118.58922853415889,119.80773034123878,119.80773034123878,8380525.0,sample,2026-09-24 19:05:19.467447+00:00
GOOGL,2025-02-14 07:30:00+00:00,120.08354615774145,121.37579218013826,119.11423230153432,119.46794391627658,119.46794391627658,11361533.0,sample,2026-09-24 19:05:19.467447+00:00
GOOGL,2025-02-14 08:30:00+00:00,120.09589073329367,120.41836176780268,118.85212225043652,118.99824347289014,118.99824347289014,10289682.0,sample,2026-09-24 19:05:19.467447+00:00
GOOGL,2025-02-14 09:30:00+00:00,119.18745216828415,120.19470552867752,119.05115404327495,119.19598190552118,119.19598190552118,11591024.0,sample,2026-09-24 19:05:19.467447+00:00
GOOGL,2025-02-14 10:30:00+00:00,119.15078602751736,119.88592602675567,117.3863129072749,118.18321588029154,118.18321588029154,9561033.0,sample,2026-09-24 19:05:19.467447+00:00
GOOGL,2025-02-14 11:30:00+00:00,118.09021040012291,118.87196437613414,116.45252460245312,117.5099634472768,117.5099634472768,16132977.0,sample,2026-09-24 19:05:19.467447+00:00
GOOGL,2025-02-14 12:30:00+00:00,117.70094871059763,119.13353437318197,116.39242785310606,118.32652604743619,118.32652604743619,5104632.0,sample,2026-09-24 19:05:19.467447+00:00
GOOGL,2025-02-14 13:30:00+00:00,118.275314580408,118.79033534737118,116.04237211232363,117.44605130369588,117.44605130369588,3310042.0,sample,2026-09-24 19:05:19.467447+00:00
GOOGL,2025-02-14 14:30:00+00:00,117.27547584890594,118.33025267103916,116.77744522484383,117.0835570209067,117.0835570209067,11007046.0,sample,2026-09-24 19:05:19.467447+00:00
GOOGL,2025-02-14 15:30:00+00:00,117.09898214196444,118.19907565908375,116.15936700679552,116.49512856668852,116.49512856668852,9661127.0,sample,2026-09-24 19:05:19.467447+00:00
GOOGL,2025-02-14 16:30:00+00:00,116.0074765022124,117.09034504817518,114.98078858842541,116.58200298010917,116.58200298010917,7886106.0,sample,2026-09-24 19:05:19.467447+00:00
GOOGL,2025-02-14 17:30:00+00:00,116.3309383877284,116.99805521627394,115.54416437389992,116.8748290321378,116.8748290321378,1570358.0,sample,2026-09-24 19:05:19.467447+00:00
GOOGL,2025-02-14 18:30:00+00:00,117.0210007362862,117.2801355154655,116.55273086212166,116.96542816461871,116.96542816461871,15503961.0,sample,2026-09-24 19:05:19.467447+00:00
GOOGL,2025-02-14 19:30:00+00:00,116.73241461360705,117.77542744038158,115.75436110619155,117.5939424620085,117.5939424620085,13164343.0,sample,2026-09-24 19:05:19.467447+00:00
GOOGL,2025-02-14 20:30:00+00:00,117.54148441581675,119.48838154555872,116.7298655313798,118.75146853146443,118.75146853146443,13892878.0,sample,2026-09-24 19:05:19.467447+00:00
GOOGL,2025-02-14 21:30:00+00:00,119.37160751692416,119.96570975267956,117.09698240790152,117.77954897444785,117.77954897444785,14551907.0,sample,2026-09-24 19:05:19.467447+00:00
GOOGL,2025-02-14 22:30:00+00:00,117.86767013147801,117.99988496179887,116.10595461102055,117.36398253869142,117.36398253869142,16757214.0,sample,2026-09-24 19:05:19.467447+00:00
GOOGL,2025-02-14 23:30:00+00:00,117.64921476716403,118.6043582514951,116.3249136066445,116.59710309523223,116.59710309523223,3831663.0,sample,2026-09-24 19:05:19.467447+00:00
GOOGL,2025-02-15 00:30:00+00:00,116.27898889940568,116.89409574335521,116.02763235466723,116.36079181433266,116.36079181433266,17711221.0,sample,2026-09-24 19:05:19.467447+00:00
GOOGL,2025-02-15 01:30:00+00:00,116.25747880307378,117.27340311351927,114.76727023840128,116.05473010617892,116.05473010617892,3495086.0,sample,2026-09-24 19:05:19.467447+00:00
GOOGL,2025-02-15 02:30:00+00:00,116.35832838072905,117.04993778133449,114.06408206255898,115.41101261615155,115.41101261615155,7434656.0,sample,2026-09-24 19:05:19.467447+00:00
GOOGL,2025-02-15 03:30:00+00:00,114.8959642531558,116.41582823686127,114.14880275194719,115.55330703824094,115.55330703824094,10424044.0,sample,2026-09-24 19:05:19.467447+00:00
GOOGL,2025-02-15 04:30:00+00:00,115.51174494557037,116.78557317984635,115.14856512912863,115.63359677769459,115.63359677769459,1567842.0,sample,2026-09-24 19:05:19.467447+00:00
GOOGL,2025-02-15 05:30:00+00:00,115.5890504017809,116.5413266847082,114.82918830205568,116.22290772847514,116.22290772847514,8593816.0,sample,2026-09-24 19:05:19.467447+00:00
GOOGL,2025-02-15 06:30:00+00:00,116.44918351459349,117.30073331904254,114.95535741296501,116.30139896149579,116.30139896149579,2372819.0,sample,2026-09-24 19:05:19.467447+00:00
GOOGL,2025-02-15 07:30:00+00:00,116.6134532253532,117.0177547783979,115.0023064572862,116.20904303552756,116.20904303552756,13923503.0,sample,2026-09-24 19:05:19.467447+00:00
GOOGL,2025-02-15 08:30:00+00:00,116.0165097931059,116.67473542293367,115.37016163898934,116.28302837868881,116.28302837868881,11479550.0,sample,2026-09-24 19:05:19.467447+00:00
GOOGL,2025-02-15 09:30:00+00:00,116.40099381069851,117.59132072401319,116.27355648703868,116.51192901038145,116.51192901038145,6378825.0,sample,2026-09-24 19:05:19.467447+00:00
GOOGL,2025-02-15 10:30:00+00:00,116.70095617860136,117.90667226300228,115.48809491437763,117.1009663611322,117.1009663611322,1753088.0,sample,2026-09-24 19:05:19.467447+00:00
GOOGL,2025-02-15 11:30:00+00:00,117.1455286285625,118.21006839084808,115.75081740868198,117.82264209356312,117.82264209356312,6769185.0,sample,2026-09-24 19:05:19.467447+00:00
GOOGL,2025-02-15 12:30:00+00:00,118.18533823460592,118.79832828896349,117.35297375928037,117.63248590965179,117.63248590965179,13376580.0,sample,2026-09-24 19:05:19.467447+00:00
GOOGL,2025-02-15 13:30:00+00:00,117.83214412391757,119.23272036240469,116.84451965182987,118.34189799370158,118.34189799370158,2310934.0,sample,2026-09-24 19:05:19.467447+00:00
GOOGL,2025-02-15 14:30:00+00:00,118.42915290488622,119.23265807714348,116.84233701781025,118.10520298038475,118.10520298038475,6728266.0,sample,2026-09-24 19:05:19.467447+00:00
GOOGL,2025-02-15 15:30:00+00:00,118.01820368811555,118.50027204228937,117.04733640862226,117.60568885942199,117.60568885942199,11550975.0,sample,2026-09-24 19:05:19.467447+00:00
GOOGL,2025-02-15 16:30:00+00:00,117.49569381789419,118.48386227573845,117.2092397892802,117.37229913177967,117.37229913177967,10042394.0,sample,2026-09-24 19:05:19.467447+00:00
GOOGL,2025-02-15 17:30:00+00:00,117.5492551487176,117.80923300648038,115.6840182147168,116.97131809669546,116.97131809669546,12372485.0,sample,2026-09-24 19:05:19.467447+00:00
GOOGL,2025-02-15 18:30:00+00:00,117.22805698926615,117.97061328177242,115.48073129516366,116.72228424419818,116.72228424419818,7148304.0,sample,2026-09-24 19:05:19.467447+00:00
GOOGL,2025-02-15 19:30:00+00:00,116.78174387944249,118.15034639504033,115.73726523532545,117.44380610465718,117.44380610465718,8875317.0,sample,2026-09-24 19:05:19.467447+00:00
GOOGL,2025-02-15 20:30:00+00:00,117.55698603660856,118.32181110130875,116.31397003835016,117.65822497012383,117.65822497012383,13124099.0,sample,2026-09-24 19:05:19.467447+00:00
GOOGL,2025-02-15 21:30:00+00:00,117.6154244517856,117.89728768042802,116.43032805935272,117.32852010709202,117.32852010709202,13749071.0,sample,2026-09-24 19:05:19.467447+00:00
GOOGL,2025-02-15 22:30:00+00:00,117.00274751491337,118.11421157121796,116.17978009219689,116.96344130705673,116.96344130705673,14981340.0,sample,2026-09-24 19:05:19.467447+00:00
GOOGL,2025-02-15 23:30:00+00:00,116.84596549704507,118.21110581740291,115.7456970107301,116.9240334070008,116.9240334070008,3297077.0,sample,2026-09-24 19:05:19.467447+00:00
GOOGL,2025-02-16 00:30:00+00:00,117.18466494060762,118.58780715566985,115.63107149148756,116.95935949617274,116.95935949617274,8382067.0,sample,2026-09-24 19:05:19.467447+00:00
GOOGL,2025-02-16 01:30:00+00:00,117.18668428834566,118.4416466754755,115.15837989057829,116.45796989944371,116.45796989944371,16987999.0,sample,2026-09-24 19:05:19.467447+00:00
GOOGL,2025-02-16 02:30:00+00:00,116.3062665864341,117.25920672312347,116.03675532298966,116.47667131014178,116.47667131014178,5589551.0,sample,2026-09-24 19:05:19.467447+00:00
GOOGL,2025-02-16 03:30:00+00:00,116.21495962096257,118.14497825923998,114.98456840327616,117.11446166441482,117.11446166441482,5701621.0,sample,2026-09-24 19:05:19.467447+00:00
GOOGL,2025-02-16 04:30:00+00:00,117.33218734194978,117.57820535534542,116.93532445863816,117.06970153298644,117.06970153298644,2537047.0,sample,2026-09-24 19:05:19.467447+00:00
GOOGL,2025-02-16 05:30:00+00:00,117.31219349233452,118.16504558137592,116.51467087092657,116.9933253227907,116.9933253227907,5580371.0,sample,2026-09-24 19:05:19.467447+00:00
GOOGL,2025-02-16 06:30:00+00:00,117.15492700983992,117.3064193608341,116.11844885935588,116.29279440810622,116.29279440810622,5546318.0,sample,2026-09-24 19:05:19.467447+00:00
GOOGL,2025-02-16 07:30:00+00:00,116.24627478606118,117.94320746333833,115.2161365924375,116.69323349329393,116.69323349329393,10882700.0,sample,2026-09-24 19:05:19.467447+00:00
GOOGL,2025-02-16 08:30:00+00:00,116.65356066315007,116.88210611553113,115.91443574168622,116.28896440987153,116.28896440987153,5186658.0,sample,2026-09-24 19:05:19.467447+00:00
GOOGL,2025-02-16 09:30:00+00:00,116.19209680758978,117.57590951471019,114.64492880637557,115.36931297043029,115.36931297043029,1838991.0,sample,2026-09-24 19:05:19.467447+00:00
GOOGL,2025-02-16 10:30:00+00:00,114.91216435767876,116.46996167476384,113.94903795719682,115.54913735109737,115.54913735109737,14321234.0,sample,2026-09-24 19:05:19.467447+00:00
GOOGL,2025-02-16 11:30:00+00:00,115.5871072490885,116.26900268601109,113.60757830864551,114.68523349367143,114.68523349367143,17133456.0,sample,2026-09-24 19:05:19.467447+00:00
GOOGL,2025-02-16 12:30:00+00:00,114.68282291355055,115.36433018104925,112.65407620505663,113.99182783826751,113.99182783826751,2336587.0,sample,2026-09-24 19:05:19.467447+00:00
GOOGL,2025-02-16 13:30:00+00:00,114.2010757266901,116.36044807531064,113.24403554848172,115.08190180639772,115.08190180639772,9698338.0,sample,2026-09-24 19:05:19.467447+00:00
GOOGL,2025-02-16 14:30:00+00:00,114.71831008317159,115.54687268741698,113.37535680485263,114.9246465726246,114.9246465726246,5749948.0,sample,2026-09-24 19:05:19.467447+00:00
GOOGL,2025-02-16 15:30:00+00:00,115.11662861295663,115.27813400933992,114.62538024042293,115.01542438180478,115.01542438180478,13485079.0,sample,2026-09-24 19:05:19.467447+00:00
GOOGL,2025-02-16 16:30:00+00:00,114.98859941926129,116.5234264143404,114.29638219673356,115.26363118204308,115.26363118204308,5480236.0,sample,2026-09-24 19:05:19.467447+00:00
GOOGL,2025-02-16 17:30:00+00:00,114.55673816099873,115.41291896727931,113.43321264877429,114.9719036837825,114.9719036837825,1944205.0,sample,2026-09-24 19:05:19.467447+00:00
GOOGL,2025-02-16 18:30:00+00:00,114.78415246605869,115.6926782326093,113.71334792627958,115.21203871991064,115.21203871991064,6400774.0,sample,2026-09-24 19:05:19.467447+00:00
GOOGL,2025-02-16 19:30:00+00:00,115.39856113372228,115.98941026191622,114.10741844127982,115.62360216161495,115.62360216161495,15820614.0,sample,2026-09-24 19:05:19.467447+00:00
GOOGL,2025-02-16 20:30:00+00:00,115.33733527269187,116.56979465088357,114.43336991054018,115.78542291279375,115.78542291279375,6631093.0,sample,2026-09-24 19:05:19.467447+00:00
GOOGL,2025-02-16 21:30:00+00:00,115.81354239426219,117.03578851317059,115.46104489822525,116.3530863907526,116.3530863907526,11342758.0,sample,2026-09-24 19:05:19.467447+00:00
GOOGL,2025-02-16 22:30:00+00:00,116.33554506965918,117.78373703828588,116.01408234646651,117.62047922005388,117.62047922005388,17072147.0,sample,2026-09-24 19:05:19.467447+00:00
GOOGL,2025-02-16 23:30:00+00:00,117.63409621725162,118.52909279061333,117.1153288240565,117.30117009497226,117.30117009497226,5318169.0,sample,2026-09-24 19:05:19.467447+00:00
GOOGL,2025-02-17 00:30:00+00:00,117.1129185817855,118.91541678237064,116.43567038549337,117.81766935907604,117.81766935907604,4548054.0,sample,2026-09-24 19:05:19.467447+00:00
GOOGL,2025-02-17 01:30:00+00:00,117.44776887508276,118.03141705596053,116.57191805116653,117.84994637393395,117.84994637393395,5796191.0,sample,2026-09-24 19:05:19.467447+00:00
GOOGL,2025-02-17 02:30:00+00:00,118.05196664722195,118.85489653621894,115.83491464309179,117.00096764105726,117.00096764105726,7666219.0,sample,2026-09-24 19:05:19.467447+00:00
GOOGL,2025-02-17 03:30:00+00:00,116.78213251526304,117.70903922590578,115.20034956149686,116.5121139337183,116.5121139337183,17140104.0,sample,2026-09-24 19:05:19.467447+00:00
GOOGL,2025-02-17 04:30:00+00:00,116.36462222721902,117.92375226167266,116.08506184293843,116.59147696094638,116.59147696094638,1699049.0,sample,2026-09-24 19:05:19.467447+00:00
GOOGL,2025-02-17 05:30:00+00:00,116.84689827156593,118.18590228291713,115.09918627849811,116.25967644448296,116.25967644448296,17123160.0,sample,2026-09-24 19:05:19.467447+00:00
GOOGL,2025-02-17 06:30:00+00:00,116.23828289285237,117.18509864397188,114.88654294070501,115.99156472970135,115.99156472970135,17309560.0,sample,2026-09-24 19:05:19.467447+00:00
GOOGL,2025-02-17 07:30:00+00:00,115.90491958433103,116.66355234494885,115.40301859623675,115.96470501365386,115.96470501365386,5280020.0,sample,2026-09-24 19:05:19.467447+00:00
GOOGL,2025-02-17 08:30:00+00:00,115.73873196310326,116.64548259239628,114.48704370674274,115.71523169411738,115.71523169411738,14578402.0,sample,2026-09-24 19:05:19.467447+00:00
GOOGL,2025-02-17 09:30:00+00:00,115.72627888524775,116.90249596690877,115.1625614978361,115.86377459196672,115.86377459196672,5852890.0,sample,2026-09-24 19:05:19.467447+00:00
