symbol,timestamp,open,high,low,close,adj_close,volume,source,ingestion_time
GOOGL,2025-01-02 14:30:00+00:00,120.06008894035874,120.85705941930892,119.10215812868452,119.75543794701747,119.75543794701747,5003517.0,sample,2026-09-24 19:05:19.468446+00:00
GOOGL,2025-01-02 14:45:00+00:00,119.55993990482253,120.93260839963415,118.2707419538406,119.67540399505394,119.67540399505394,15555706.0,sample,2026-09-24 19:05:19.468446+00:00
GOOGL,2025-01-02 15:00:00+00:00,119.83858491976324,120.65130702412037,117.63147380045056,118.9956522712653,118.9956522712653,14555343.0,sample,2026-09-24 19:05:19.468446+00:00
GOOGL,2025-01-02 15:15:00+00:00,119.00488646404231,119.92666857764318,117.66046217886554,119.30341703920402,119.30341703920402,4530334.0,sample,2026-09-24 19:05:19.468446+00:00
GOOGL,2025-01-02 15:30:00+00:00,118.8597939442187,120.35713440980523,117.70432713692546,119.95508352952955,119.95508352952955,13492274.0,sample,2026-09-24 19:05:19.468446+00:00
GOOGL,2025-01-02 15:45:00+00:00,120.20751462903863,121.30071765719245,118.9093076368683,120.55666735219256,120.55666735219256,10160554.0,sample,2026-09-24 19:05:19.468446+00:00
GOOGL,2025-01-02 16:00:00+00:00,120.52193628793184,121.12618137043647,119.17006983368357,120.08127784381502,120.08127784381502,2245989.0,sample,2026-09-24 19:05:19.468446+00:00
GOOGL,2025-01-02 16:15:00+00:00,120.25501548273122,120.50990808142988,119.87505645198297,120.08535612842813,120.08535612842813,12226186.0,sample,2026-09-24 19:05:19.468446+00:00
GOOGL,2025-01-02 16:30:00+00:00,119.4619244899796,121.24561325950803,119.22239647691298,119.94736470216154,119.94736470216154,8242775.0,sample,2026-09-24 19:05:19.468446+00:00
GOOGL,2025-01-02 16:45:00+00:00,119.95705852120527,120.2454926087429,118.74521680906736,119.77425102812717,119.77425102812717,7915723.0,sample,2026-09-24 19:05:19.468446+00:00
GOOGL,2025-01-02 17:00:00+00:00,119.7849325799639,120.0768787495464,119.42204413894876,119.90412110937972,119.90412110937972,7279796.0,sample,2026-09-24 19:05:19.468446+00:00
GOOGL,2025-01-02 17:15:00+00:00,120.01061565337568,120.13702828993148,118.91406586662166,119.45997351730625,119.45997351730625,15618025.0,sample,2026-09-24 19:05:19.468446+00:00
GOOGL,2025-01-02 17:30:00+00:00,118.92748968662629,119.16468623916849,117.44663864338727,118.84142934823936,118.84142934823936,10118177.0,sample,2026-09-24 19:05:19.468446+00:00
GOOGL,2025-01-02 17:45:00+00:00,118.79859247437773,120.1852521640365,117.37879013157593,118.51330162168415,118.51330162168415,2311127.0,sample,2026-09-24 19:05:19.468446+00:00
GOOGL,2025-01-02 18:00:00+00:00,118.63498728667766,119.87750423659207,117.93990268327676,118.0642588120904,118.0642588120904,5867562.0,sample,2026-09-24 19:05:19.468446+00:00
GOOGL,2025-01-02 18:15:00+00:00,117.78148477147428,119.00835251450776,116.84404663830313,118.43429390859127,118.43429390859127,17901270.0,sample,2026-09-24 19:05:19.468446+00:00
GOOGL,2025-01-02 18:30:00+00:00,118.4941458752955,118.64310879516519,117.87310120341907,118.41203294128401,118.41203294128401,17691892.0,sample,2026-09-24 19:05:19.468446+00:00
GOOGL,2025-01-02 18:45:00+00:00,118.25626182129866,119.00734138051467,117.90218842887903,118.81914714715703,118.81914714715703,5238277.0,sample,2026-09-24 19:05:19.468446+00:00
GOOGL,2025-01-02 19:00:00+00:00,118.69924822328082,119.17943266443262,117.74389371537046,119.05508444034615,119.05508444034615,17141671.0,sample,2026-09-24 19:05:19.468446+00:00
GOOGL,2025-01-02 19:15:00+00:00,118.57717401891452,120.27042887806851,118.16113223730017,118.84857569931886,118.84857569931886,8309241.0,sample,2026-09-24 19:05:19.468446+00:00
GOOGL,2025-01-02 19:30:00+00:00,118.66080045297943,119.48498618594485,117.12432871902656,118.2897754185918,118.2897754185918,17204171.0,sample,2026-09-24 19:05:19.468446+00:00
GOOGL,2025-01-02 19:45:00+00:00,117.86746245606386,119.36191621991088,116.87984608646788,118.02907063536733,118.02907063536733,15315540.0,sample,2026-09-24 19:05:19.468446+00:00
GOOGL,2025-01-02 20:00:00+00:00,118.22368030820523,119.03811927960919,118.08839855849602,118.4549023734799,118.4549023734799,14663410.0,sample,2026-09-24 19:05:19.468446+00:00
GOOGL,2025-01-02 20:15:00+00:00,118.7826481956165,119.80386269909981,117.73059610948336,118.76778977536098,118.76778977536098,8106771.0,sample,2026-09-24 19:05:19.468446+00:00
GOOGL,2025-01-02 20:30:00+00:00,119.2159532067601,119.6563365221776,117.64096626398725,118.69012748133719,118.69012748133719,7835879.0,sample,2026-09-24 19:05:19.468446+00:00
GOOGL,2025-01-02 20:45:00+00:00,118.52980846658727,119.26253720374619,117.6567082635584,118.96914259956375,118.96914259956375,1842133.0,sample,2026-09-24 19:05:19.468446+00:00
GOOGL,2025-01-02 21:00:00+00:00,119.03645055111578,119.44409345235432,118.57614212493166,118.88514448535612,118.88514448535612,7716144.0,sample,2026-09-24 19:05:19.468446+00:00
GOOGL,2025-01-02 21:15:00+00:00,118.83402697745633,119.06994829394175,117.1169802666114,118.30762046642852,118.30762046642852,5588683.0,sample,2026-09-24 19:05:19.468446+00:00
GOOGL,2025-01-02 21:30:00+00:00,118.15361717377849,119.39369009953641,118.00194399504124,119.1777776899912,119.1777776899912,7833004.0,sample,2026-09-24 19:05:19.468446+00:00
GOOGL,2025-01-02 21:45:00+00:00,118.89818153719611,120.31009750890267,117.81985779482227,119.37035303954053,119.37035303954053,2138964.0,sample,2026-09-24 19:05:19.468446+00:00
GOOGL,2025-01-02 22:00:00+00:00,119.62367617122379,120.41043700753256,117.61650053376827,118.9317002252653,118.9317002252653,11147241.0,sample,2026-09-24 19:05:19.468446+00:00
GOOGL,2025-01-02 22:15:00+00:00,118.85804876747065,120.01371052139866,117.1139084865094,118.06369132382096,118.06369132382096,7849609.0,sample,2026-09-24 19:05:19.468446+00:00
GOOGL,2025-01-02 22:30:00+00:00,118.12150982951735,118.85772184478172,117.34229423174686,118.51634355322838,118.51634355322838,8904541.0,sample,2026-09-24 19:05:19.468446+00:00
GOOGL,2025-01-02 22:45:00+00:00,118.2794999041334,119.43656865597568,118.08723589506963,118.62351275697748,118.62351275697748,16355436.0,sample,2026-09-24 19:05:19.468446+00:00
GOOGL,2025-01-02 23:00:00+00:00,118.69585568296863,119.59215672481963,117.54457178726251,118.9412581798527,118.9412581798527,12479145.0,sample,2026-09-24 19:05:19.468446+00:00
GOOGL,2025-01-02 23:15:00+00:00,118.6304721385425,121.1555852610469,117.83796488371192,119.7589308892796,119.7589308892796,9581293.0,sample,2026-09-24 19:05:19.468446+00:00
GOOGL,2025-01-02 23:30:00+00:00,119.30255511569216,121.29524140145666,118.48932485052909,120.99809515723511,120.99809515723511,11282806.0,sample,2026-09-24 19:05:19.468446+00:00
GOOGL,2025-01-02 23:45:00+00:00,121.07248195367345,121.38392098302305,120.3733304565615,121.0167395730579,121.0167395730579,5250332.0,sample,2026-09-24 19:05:19.468446+00:00
GOOGL,2025-01-03 00:00:00+00:00,120.84690570669294,122.29948514601803,119.53288401072115,121.63149535215575,121.63149535215575,8094924.0,sample,2026-09-24 19:05:19.468446+00:00
GOOGL,2025-01-03 00:15:00+00:00,121.57698398941676,122.47757373469321,121.15073774931464,121.74753418029644,121.74753418029644,16044313.0,sample,2026-09-24 19:05:19.468446+00:00
GOOGL,2025-01-03 00:30:00+00:00,121.57900994332529,122.08222697695204,119.82591390890863,121.07681135251745,121.07681135251745,11855089.0,sample,2026-09-24 19:05:19.468446+00:00
GOOGL,2025-01-03 00:45:00+00:00,121.08579309924144,122.11164329734743,120.88447874709786,121.72516217767247,121.72516217767247,9342479.0,sample,2026-09-24 19:05:19.468446+00:00
GOOGL,2025-01-03 01:00:00+00:00,121.53573781467809,122.60522466422694,120.44963808164964,121.8667702571374,121.8667702571374,3538032.0,sample,2026-09-24 19:05:19.468446+00:00
GOOGL,2025-01-03 01:15:00+00:00,122.1056645434138,122.62230901228536,121.29381535134023,121.90802361801765,121.90802361801765,12250698.0,sample,2026-09-24 19:05:19.468446+00:00
GOOGL,2025-01-03 01:30:00+00:00,121.9347776577018,123.47252313369432,120.71497347644181,122.05702819697576,122.05702819697576,4163249.0,sample,2026-09-24 19:05:19.468446+00:00
GOOGL,2025-01-03 01:45:00+00:00,121.68258208622201,122.06077265001018,120.95162794504876,121.85480108311862,121.85480108311862,17457874.0,sample,2026-09-24 19:05:19.468446+00:00
GOOGL,2025-01-03 02:00:00+00:00,122.03174165502183,123.56578779507481,121.32400823538755,122.8269030602473,122.8269030602473,17165630.0,sample,2026-09-24 19:05:19.468446+00:00
GOOGL,2025-01-03 02:15:00+00:00,122.47702430334044,124.89234366225887,122.29831867858574,124.2920189430579,124.2920189430579,16561134.0,sample,2026-09-24 19:05:19.468446+00:00
GOOGL,2025-01-03 02:30:00+00:00,124.5235308650329,125.69922610864609,123.79999019113808,125.01512246405431,125.01512246405431,5022625.0,sample,2026-09-24 19:05:19.468446+00:00
GOOGL,2025-01-03 02:45:00+00:00,125.55274676396485,126.79610742156153,124.54643664561189,124.938927616473,124.938927616473,2144448.0,sample,2026-09-24 19:05:19.468446+00:00
GOOGL,2025-01-03 03:00:00+00:00,124.92356709870482,125.2208555804753,122.80600848915343,124.22964273883079,124.22964273883079,4894147.0,sample,2026-09-24 19:05:19.468446+00:00
GOOGL,2025-01-03 03:15:00+00:00,124.23647964328293,124.93646038210419,122.97351267771047,124.65895907935649,124.65895907935649,3759247.0,sample,2026-09-24 19:05:19.468446+00:00
GOOGL,2025-01-03 03:30:00+00:00,124.41805304705349,125.73590175986524,122.93306448049475,124.31509017476134,124.31509017476134,11760738.0,sample,2026-09-24 19:05:19.468446+00:00
GOOGL,2025-01-03 03:45:00+00:00,123.81996655203886,125.33615677514129,122.9190192156727,124.30386166475523,124.30386166475523,16002637.0,sample,2026-09-24 19:05:19.468446+00:00
GOOGL,2025-01-03 04:00:00+00:00,124.56323968123684,125.7001835788485,123.83528518824791,124.7539094044071,124.7539094044071,7662009.0,sample,2026-09-24 19:05:19.468446+00:00
GOOGL,2025-01-03 04:15:00+00:00,124.95940822484992,125.83665682295226,124.2181799983972,124.617109315224,124.617109315224,15012317.0,sample,2026-09-24 19:05:19.468446+00:00
GOOGL,2025-01-03 04:30:00+00:00,124.86407549127419,125.20077545367926,123.28016605778228,124.65810856255709,124.65810856255709,15468445.0,sample,2026-09-24 19:05:19.468446+00:00
GOOGL,2025-01-03 04:45:00+00:00,124.41217048191547,125.08803158790214,123.55445054254193,124.53930020671197,124.53930020671197,4872008.0,sample,2026-09-24 19:05:19.468446+00:00
GOOGL,2025-01-03 05:00:00+00:00,124.63300604601392,124.79985815564473,123.31904353832995,124.25437846768406,124.25437846768406,8301724.0,sample,2026-09-24 19:05:19.468446+00:00
GOOGL,2025-01-03 05:15:00+00:00,124.29660693367276,125.63649388590643,123.49872507302355,124.69043040884763,124.69043040884763,6874927.0,sample,2026-09-24 19:05:19.468446+00:00
GOOGL,2025-01-03 05:30:00+00:00,124.30463601935652,125.57932986964444,123.9230197093523,124.65737167504085,124.65737167504085,15874864.0,sample,2026-09-24 19:05:19.468446+00:00
GOOGL,2025-01-03 05:45:00+00:00,124.55983030534192,125.6012621093891,123.4493896196174,125.38835931859884,125.38835931859884,12749932.0,sample,2026-09-24 19:05:19.468446+00:00
GOOGL,2025-01-03 06:00:00+00:00,125.61289864131182,126.57553265851557,123.90921954274674,125.34126379351379,125.34126379351379,6635418.0,sample,2026-09-24 19:05:19.468446+00:00
GOOGL,2025-01-03 06:15:00+00:00,125.27507440059986,126.32937599308161,124.26799161116001,125.63786946577133,125.63786946577133,12698993.0,sample,2026-09-24 19:05:19.468446+00:00
GOOGL,2025-01-03 06:30:00+00:00,125.8178654088613,127.26420759219663,125.2443019655173,125.77829870804253,125.77829870804253,16455967.0,sample,2026-09-24 19:05:19.468446+00:00
GOOGL,2025-01-03 06:45:00+00:00,125.78575307363381,125.98076390158037,124.4556407185409,125.10808628786043,125.10808628786043,12097976.0,sample,2026-09-24 19:05:19.468446+00:00
GOOGL,2025-01-03 07:00:00+00:00,124.66605270675863,127.03126153294839,123.36425115540025,125.67410876502072,125.67410876502072,16273487.0,sample,2026-09-24 19:05:19.468446+00:00
GOOGL,2025-01-03 07:15:00+00:00,125.31462612827765,127.38231995197931,124.78148013709765,125.87841733347383,125.87841733347383,4804025.0,sample,2026-09-24 19:05:19.468446+00:00
GOOGL,2025-01-03 07:30:00+00:00,125.56977394257365,127.04509005518656,124.86871888158417,126.84036926745219,126.84036926745219,15365072.0,sample,2026-09-24 19:05:19.468446+00:00
GOOGL,2025-01-03 07:45:00+00:00,127.29119279374332,129.0371546046619,126.96062723839167,127.73573768390266,127.73573768390266,3500208.0,sample,2026-09-24 19:05:19.468446+00:00
GOOGL,2025-01-03 08:00:00+00:00,127.46111659457326,127.60581602288023,126.96522249246145,127.3973641562868,127.3973641562868,16630415.0,sample,2026-09-24 19:05:19.468446+00:00
GOOGL,2025-01-03 08:15:00+00:00,127.25665571960945,128.44159015053395,125.96320596663466,127.72926225102901,127.72926225102901,10359975.0,sample,2026-09-24 19:05:19.468446+00:00
GOOGL,2025-01-03 08:30:00+00:00,127.34158240791257,128.21948327890763,127.14345594911721,127.77085910569944,127.77085910569944,10108481.0,sample,2026-09-24 19:05:19.468446+00:00
GOOGL,2025-01-03 08:45:00+00:00,128.1720468571089,128.9679078667629,127.06221677082056,128.48405771725834,128.48405771725834,5999632.0,sample,2026-09-24 19:05:19.468446+00:00
GOOGL,2025-01-03 09:00:00+00:00,128.40919804035684,129.60689163801234,127.83843461510688,128.44842464122212,128.44842464122212,13606480.0,sample,2026-09-24 19:05:19.468446+00:00
GOOGL,2025-01-03 09:15:00+00:00,128.69487568942478,129.55352611150622,127.4483718818833,128.65094401480476,128.65094401480476,11766492.0,sample,2026-09-24 19:05:19.468446+00:00
GOOGL,2025-01-03 09:30:00+00:00,128.81490832538205,129.09095940008336,127.63969991570956,128.5906864607962,128.5906864607962,13277748.0,sample,2026-09-24 19:05:19.468446+00:00
GOOGL,2025-01-03 09:45:00+00:00,128.52385915784686,130.0742840667591,127.2728230873465,128.7233402768018,128.7233402768018,6587502.0,sample,2026-09-24 19:05:19.468446+00:00
GOOGL,2025-01-03 10:00:00+00:00,128.6524547081516,129.94692456787206,127.87774859012796,128.8688805692325,128.8688805692325,2536437.0,sample,2026-09-24 19:05:19.468446+00:00
GOOGL,2025-01-03 10:15:00+00:00,129.2448987557191,129.99211013708796,127.77982165772757,128.89328427020854,128.89328427020854,7395215.0,sample,2026-09-24 19:05:19.468446+00:00
GOOGL,2025-01-03 10:30:00+00:00,129.3496192988534,129.77774738897656,127.93508687140387,129.20403583339848,129.20403583339848,8240679.0,sample,2026-09-24 19:05:19.468446+00:00
GOOGL,2025-01-03 10:45:00+00:00,129.00544622911303,129.64624972738787,127.74772252827334,129.07264212855344,129.07264212855344,6842434.0,sample,2026-09-24 19:05:19.468446+00:00
GOOGL,2025-01-03 11:00:00+00:00,129.2601039215731,129.53784654442046,127.53129683484221,129.01402796332653,129.01402796332653,16874079.0,sample,2026-09-24 19:05:19.468446+00:00
GOOGL,2025-01-03 11:15:00+00:00,129.24936152484918,130.28644209734634,127.39077627111062,128.5411283952373,128.5411283952373,5822728.0,sample,2026-09-24 19:05:19.468446+00:00
GOOGL,2025-01-03 11:30:00+00:00,128.31732675762152,129.24853750142694,126.97622266052639,128.40382663445087,128.40382663445087,4651562.0,sample,2026-09-24 19:05:19.468446+00:00
GOOGL,2025-01-03 11:45:00+00:00,128.2429570133228,129.10261636986485,128.02358751065424,128.96111337805434,128.96111337805434,11497791.0,sample,2026-09-24 19:05:19.468446+00:00
GOOGL,2025-01-03 12:00:00+00:00,128.63321866784838,130.05157554571952,127.88603125739277,128.65981324338216,128.65981324338216,11697329.0,sample,2026-09-24 19:05:19.468446+00:00
GOOGL,2025-01-03 12:15:00+00:00,128.27151914529924,129.42553482832602,127.60182637477835,128.69770434999992,128.69770434999992,14525201.0,sample,2026-09-24 19:05:19.468446+00:00
GOOGL,2025-01-03 12:30:00+00:00,128.67150294667007,129.5533560257095,127.31841229082548,128.32519390606674,128.32519390606674,5390085.0,sample,2026-09-24 19:05:19.468446+00:00
GOOGL,2025-01-03 12:45:00+00:00,128.7017837243318,129.9101797938453,127.92294004123808,128.57501299636326,128.57501299636326,3902894.0,sample,2026-09-24 19:05:19.468446+00:00
GOOGL,2025-01-03 13:00:00+00:00,128.19515249553055,130.3563319608808,127.66723455404566,129.24080254884637,129.24080254884637,9925484.0,sample,2026-09-24 19:05:19.468446+00:00
GOOGL,2025-01-03 13:15:00+00:00,129.27458157740858,130.443549544078,128.406152345149,129.64710889015163,129.64710889015163,15937301.0,sample,2026-09-24 19:05:19.468446+00:00
GOOGL,2025-01-03 13:30:00+00:00,129.93035836169074,131.44060501788024,128.75879886196464,129.74414214013854,129.74414214013854,15760035.0,sample,2026-09-24 19:05:19.468446+00:00
GOOGL,2025-01-03 13:45:00+00:00,129.60524576752817,130.81556071873064,128.54636852458185,130.3186153959347,130.3186153959347,16604522.0,sample,2026-09-24 19:05:19.468446+00:00
GOOGL,2025-01-03 14:00:00+00:00,130.3672746148405,131.86178578960073,129.47013284282335,130.37352075139844,130.37352075139844,2926381.0,sample,2026-09-24 19:05:19.468446+00:00
GOOGL,2025-01-03 14:15:00+00:00,130.6461693233301,131.59261153582196,130.23664536706823,130.87134817912423,130.87134817912423,1939287.0,sample,2026-09-24 19:05:19.468446+00:00
GOOGL,2025-01-03 14:30:00+00:00,130.66640974429794,130.80384768657598,129.99634406495994,130.6301904691054,130.6301904691054,6729933.0,sample,2026-09-24 19:05:19.468446+00:00
GOOGL,2025-01-03 14:45:00+00:00,130.52156837459557,130.83797408436916,130.07328428589622,130.32208029129947,130.32208029129947,10038272.0,sample,2026-09-24 19:05:19.468446+00:00
GOOGL,2025-01-03 15:00:00+00:00,130.2531815273951,132.11053394134922,129.0837028887864,131.86627577877624,131.86627577877624,3894445.0,sample,2026-09-24 19:05:19.468446+00:00
GOOGL,2025-01-03 15:15:00+00:00,131.89270105758578,132.99466269216646,131.22504083975068,131.96490275346792,131.96490275346792,3109436.0,sample,2026-09-24 19:05:19.468446+00:00
GOOGL,2025-01-03 15:30:00+00:00,131.843801823394,132.67931916050372,131.11221640817536,132.47634520301528,132.47634520301528,9199220.0,sample,2026-09-24 19:05:19.468446+00:00
GOOGL,2025-01-03 15:45:00+00:00,132.00274805615075,132.8092824114108,131.8570755753181,132.4582217131586,132.4582217131586,16956625.0,sample,2026-09-24 19:05:19.468446+00:00
GOOGL,2025-01-03 16:00:00+00:00,132.1634774631857,133.07205935047185,131.7601840103361,132.74613127715418,132.74613127715418,15651879.0,sample,2026-09-24 19:05:19.468446+00:00
GOOGL,2025-01-03 16:15:00+00:00,132.96017609432673,134.40685931195435,130.468794635165,131.80808288153094,131.80808288153094,2690736.0,sample,2026-09-24 19:05:19.468446+00:00
GOOGL,2025-01-03 16:30:00+00:00,131.38011704350848,132.30839628910564,129.88205376587376,131.39839771004034,131.39839771004034,13965997.0,sample,2026-09-24 19:05:19.468446+00:00
GOOGL,2025-01-03 16:45:00+00:00,131.32408719520117,131.8270953377543,131.16317682763122,131.32472450428224,131.32472450428224,6877878.0,sample,2026-09-24 19:05:19.468446+00:00
GOOGL,2025-01-03 17:00:00+00:00,131.3212648985228,133.297806776484,129.9541852609338,132.06729689861157,132.06729689861157,9978304.0,sample,2026-09-24 19:05:19.468446+00:00
GOOGL,2025-01-03 17:15:00+00:00,131.5960719871583,133.3660871652278,131.05078806711782,132.3667624406191,132.3667624406191,8037228.0,sample,2026-09-24 19:05:19.468446+00:00
GOOGL,2025-01-03 17:30:00+00:00,132.42519085770957,132.75977196468799,131.00222912254577,131.81559187440763,131.81559187440763,11669938.0,sample,2026-09-24 19:05:19.468446+00:00
GOOGL,2025-01-03 17:45:00+00:00,131.67622458791567,132.8625676392874,130.68664845092263,131.83000121050077,131.83000121050077,7818133.0,sample,2026-09-24 19:05:19.468446+00:00
GOOGL,2025-01-03 18:00:00+00:00,132.11628811900965,132.6961725505664,130.62004543356542,132.12992495530264,132.12992495530264,16250066.0,sample,2026-09-24 19:05:19.468446+00:00
GOOGL,2025-01-03 18:15:00+00:00,131.95946939336946,132.80049136882573,130.94145041141633,131.64328761022472,131.64328761022472,7337583.0,sample,2026-09-24 19:05:19.468446+00:00
GOOGL,2025-01-03 18:30:00+00:00,131.59575529855346,133.22250835499833,130.40295410299595,131.98752937754003,131.98752937754003,17093181.0,sample,2026-09-24 19:05:19.468446+00:00
GOOGL,2025-01-03 18:45:00+00:00,132.10222494516407,134.63184182945292,131.07901852525478,133.39381357962006,133.39381357962006,10318408.0,sample,2026-09-24 19:05:19.468446+00:00
GOOGL,2025-01-03 19:00:00+00:00,133.25571069749427,134.52518531884024,132.8325881397992,133.96410014640423,133.96410014640423,11560831.0,sample,2026-09-24 19:05:19.468446+00:00
GOOGL,2025-01-03 19:15:00+00:00,134.00053735123922,134.26418496973284,133.32192920056102,133.98811609457317,133.98811609457317,8433855.0,sample,2026-09-24 19:05:19.468446+00:00
GOOGL,2025-01-03 19:30:00+00:00,133.93490890112508,134.69427649529533,132.68015014247007,133.68699689017723,133.68699689017723,5895816.0,sample,2026-09-24 19:05:19.468446+00:00
GOOGL,2025-01-03 19:45:00+00:00,133.579028494508,134.7563101505819,132.53038999099203,133.90931766375576,133.90931766375576,14785110.0,sample,2026-09-24 19:05:19.468446+00:00
GOOGL,2025-01-03 20:00:00+00:00,133.919970546749,135.10505018857606,133.0138260504627,133.84660724020196,133.84660724020196,12278787.0,sample,2026-09-24 19:05:19.468446+00:00
GOOGL,2025-01-03 20:15:00+00:00,134.32082657300265,135.57814868727354,132.89047439625784,135.2737706467693,135.2737706467693,4386873.0,sample,2026-09-24 19:05:19.468446+00:00
GOOGL,2025-01-03 20:30:00+00:00,135.29651407127827,136.2343530231268,133.8110316001364,135.08419468110432,135.08419468110432,9445686.0,sample,2026-09-24 19:05:19.468446+00:00
GOOGL,2025-01-03 20:45:00+00:00,134.99152956112465,136.43001987804024,134.0926874725337,135.28680157815577,135.28680157815577,5809230.0,sample,2026-09-24 19:05:19.468446+00:00
GOOGL,2025-01-03 21:00:00+00:00,135.2976590626177,136.41176309945453,133.76882682272964,135.10732536031034,135.10732536031034,7454380.0,sample,2026-09-24 19:05:19.468446+00:00
GOOGL,2025-01-03 21:15:00+00:00,135.51813563582857,136.2919167610847,132.84979022171746,134.40228641660107,134.40228641660107,8396513.0,sample,2026-09-24 19:05:19.468446+00:00
GOOGL,2025-01-03 21:30:00+00:00,134.35254143290388,135.77922647675587,132.61322248195634,134.0767381163449,134.0767381163449,10612963.0,sample,2026-09-24 19:05:19.468446+00:00
GOOGL,2025-01-03 21:45:00+00:00,134.51750613834827,134.75703549703857,132.69063619357817,134.0828114766815,134.0828114766815,4879786.0,sample,2026-09-24 19:05:19.468446+00:00
GOOGL,2025-01-03 22:00:00+00:00,134.0157406425277,135.37495133924156,132.5972506212674,134.4662912765059,134.4662912765059,11044528.0,sample,2026-09-24 19:05:19.468446+00:00
GOOGL,2025-01-03 22:15:00+00:00,134.2366663722545,136.62939617148737,133.014489992953,135.32471543162737,135.32471543162737,9867810.0,sample,2026-09-24 19:05:19.468446+00:00
GOOGL,2025-01-03 22:30:00+00:00,135.3750703652469,136.00849614428435,133.20537861874408,134.3559930592039,134.3559930592039,15522868.0,sample,2026-09-24 19:05:19.468446+00:00
GOOGL,2025-01-03 22:45:00+00:00,134.61815617188276,136.12733434809425,132.5128664320124,133.90268855778095,133.90268855778095,12993700.0,sample,2026-09-24 19:05:19.468446+00:00
GOOGL,2025-01-03 23:00:00+00:00,133.66712873624255,135.13399106863602,133.50418263318156,134.34231321464455,134.34231321464455,11194775.0,sample,2026-09-24 19:05:19.468446+00:00
GOOGL,2025-01-03 23:15:00+00:00,134.3859688661093,134.74536384648962,133.0249350306634,133.8963666190699,133.8963666190699,13519441.0,sample,2026-09-24 19:05:19.468446+00:00
GOOGL,2025-01-03 23:30:00+00:00,133.86912725048336,134.4402444348532,133.03115564488766,133.23127430688788,133.23127430688788,12101441.0,sample,2026-09-24 19:05:19.468446+00:00
GOOGL,2025-01-03 23:45:00+00:00,133.39778772030715,133.82199693802514,132.307034045979,133.39560633276216,133.39560633276216,11963279.0,sample,2026-09-24 19:05:19.468446+00:00
GOOGL,2025-01-04 00:00:00+00:00,133.09158863349862,133.68053067606297,131.58650386276776,133.41184688793004,133.41184688793004,7875296.0,sample,2026-09-24 19:05:19.468446+00:00
GOOGL,2025-01-04 00:15:00+00:00,133.11581898968876,134.5996665360358,131.83620379602695,133.17366550974842,133.17366550974842,3516713.0,sample,2026-09-24 19:05:19.468446+00:00
GOOGL,2025-01-04 00:30:00+00:00,132.67644279750257,132.90883235014556,132.36913807384258,132.71526462183553,132.71526462183553,14554929.0,sample,2026-09-24 19:05:19.468446+00:00
GOOGL,2025-01-04 00:45:00+00:00,132.86142778481457,133.04523086697185,132.51472160714926,132.76064152312483,132.76064152312483,2385926.0,sample,2026-09-24 19:05:19.468446+00:00
GOOGL,2025-01-04 01:00:00+00:00,132.54634311399727,133.11054507194163,131.55126486046862,132.67375684162062,132.67375684162062,11051334.0,sample,2026-09-24 19:05:19.468446+00:00
GOOGL,2025-01-04 01:15:00+00:00,132.52350575307588,132.71135742679095,132.2192121730128,132.57483959951134,132.57483959951134,5116681.0,sample,2026-09-24 19:05:19.468446+00:00
GOOGL,2025-01-04 01:30:00+00:00,132.67585997158037,133.83672231070724,131.43775674756816,132.81143264116793,132.81143264116793,2919927.0,sample,2026-09-24 19:05:19.468446+00:00
GOOGL,2025-01-04 01:45:00+00:00,132.55780955513535,134.09134429486986,131.17655811218356,132.60394957351417,132.60394957351417,7017126.0,sample,2026-09-24 19:05:19.468446+00:00
GOOGL,2025-01-04 02:00:00+00:00,132.79908312394787,133.52550820225605,131.85179958027422,132.71084729862815,132.71084729862815,1602082.0,sample,2026-09-24 19:05:19.468446+00:00
GOOGL,2025-01-04 02:15:00+00:00,133.25583148172075,133.62420063688083,131.55653871835818,133.0014870903144,133.0014870903144,10698467.0,sample,2026-09-24 19:05:19.468446+00:00
GOOGL,2025-01-04 02:30:00+00:00,133.1333324284732,134.3346352488475,132.5911202300206,133.39812187115115,133.39812187115115,14760582.0,sample,2026-09-24 19:05:19.468446+00:00
GOOGL,2025-01-04 02:45:00+00:00,133.6486344179974,134.6899247792109,133.08352298988444,134.2017528733978,134.2017528733978,7612015.0,sample,2026-09-24 19:05:19.468446+00:00
GOOGL,2025-01-04 03:00:00+00:00,133.70058005704064,134.48848102769082,133.22672608407638,134.14600380986266,134.14600380986266,15636641.0,sample,2026-09-24 19:05:19.468446+00:00
GOOGL,2025-01-04 03:15:00+00:00,133.8926687404434,134.8261343025597,132.8450877215169,134.42266039634592,134.42266039634592,4906987.0,sample,2026-09-24 19:05:19.468446+00:00
GOOGL,2025-01-04 03:30:00+00:00,134.74575326585258,134.93328830731443,133.56740607525597,133.8957145385881,133.8957145385881,11090566.0,sample,2026-09-24 19:05:19.468446+00:00
GOOGL,2025-01-04 03:45:00+00:00,133.54598611480455,134.7837764956611,132.14371673409002,134.1227099256305,134.1227099256305,7740687.0,sample,2026-09-24 19:05:19.468446+00:00
GOOGL,2025-01-04 04:00:00+00:00,134.0086624232325,135.14185747360034,132.67993577925307,133.41261281648215,133.41261281648215,4695769.0,sample,2026-09-24 19:05:19.468446+00:00
GOOGL,2025-01-04 04:15:00+00:00,133.39973442313288,134.89874476750234,132.04032953158114,133.59760049088504,133.59760049088504,6592305.0,sample,2026-09-24 19:05:19.468446+00:00
GOOGL,2025-01-04 04:30:00+00:00,133.4898601801186,134.2345278899191,131.45387915707258,133.03606971122122,133.03606971122122,3982822.0,sample,2026-09-24 19:05:19.468446+00:00
GOOGL,2025-01-04 04:45:00+00:00,132.7266569825592,133.1129451077053,131.2341306364872,132.47967474293037,132.47967474293037,9560361.0,sample,2026-09-24 19:05:19.468446+00:00
GOOGL,2025-01-04 05:00:00+00:00,133.1451305881158,134.71814890847784,131.46779456451947,132.14428459323602,132.14428459323602,2577722.0,sample,2026-09-24 19:05:19.468446+00:00
GOOGL,2025-01-04 05:15:00+00:00,132.04203680155922,133.5910375444453,131.01179232301396,132.25954807622364,132.25954807622364,12130251.0,sample,2026-09-24 19:05:19.468446+00:00
GOOGL,2025-01-04 05:30:00+00:00,131.88689494736948,132.03354219345346,131.02936318972226,131.2757228766439,131.2757228766439,1778277.0,sample,2026-09-24 19:05:19.468446+00:00
GOOGL,2025-01-04 05:45:00+00:00,131.25828470057027,132.03876899001952,130.8758204042055,131.367329770029,131.367329770029,7510941.0,sample,2026-09-24 19:05:19.468446+00:00
GOOGL,2025-01-04 06:00:00+00:00,131.0342360855123,131.84119092376733,130.81748089136104,131.6751261488661,131.6751261488661,4163401.0,sample,2026-09-24 19:05:19.468446+00:00
GOOGL,2025-01-04 06:15:00+00:00,131.59747996102323,131.8489535432314,131.3686678732348,131.68307269858096,131.68307269858096,3116397.0,sample,2026-09-24 19:05:19.468446+00:00
GOOGL,2025-01-04 06:30:00+00:00,131.85165557695484,133.21614148365194,130.86814005694367,131.094452877665,131.094452877665,6676811.0,sample,2026-09-24 19:05:19.468446+00:00
GOOGL,2025-01-04 06:45:00+00:00,130.4200107687723,132.14186519505648,129.65236548784844,131.7039086066145,131.7039086066145,10759509.0,sample,2026-09-24 19:05:19.468446+00:00
GOOGL,2025-01-04 07:00:00+00:00,131.8723282796502,132.78295682067025,130.24933101763767,131.24987598707966,131.24987598707966,6392718.0,sample,2026-09-24 19:05:19.468446+00:00
GOOGL,2025-01-04 07:15:00+00:00,131.4706263418779,132.43375740237667,131.13921298774184,131.28215137463576,131.28215137463576,11337160.0,sample,2026-09-24 19:05:19.468446+00:00
GOOGL,2025-01-04 07:30:00+00:00,130.86055841124514,132.01635443056227,129.36958868381663,130.07774871255805,130.07774871255805,2281893.0,sample,2026-09-24 19:05:19.468446+00:00
GOOGL,2025-01-04 07:45:00+00:00,130.49977901878603,130.64163245393868,128.7882473207551,129.05816735107797,129.05816735107797,5711521.0,sample,2026-09-24 19:05:19.468446+00:00
GOOGL,2025-01-04 08:00:00+00:00,129.01951556168515,130.41842738418896,128.43628665812093,128.74136583468078,128.74136583468078,12114175.0,sample,2026-09-24 19:05:19.468446+00:00
GOOGL,2025-01-04 08:15:00+00:00,128.63789662953894,129.61456672694342,127.40498745142433,128.75421879267853,128.75421879267853,2501936.0,sample,2026-09-24 19:05:19.468446+00:00
GOOGL,2025-01-04 08:30:00+00:00,128.77636382787324,129.4101599301912,127.6228793714193,129.20215332646364,129.20215332646364,3846264.0,sample,2026-09-24 19:05:19.468446+00:00
GOOGL,2025-01-04 08:45:00+00:00,129.23243044339847,130.43673286721295,127.71549823718496,129.58747742281545,129.58747742281545,4566762.0,sample,2026-09-24 19:05:19.468446+00:00
GOOGL,2025-01-04 09:00:00+00:00,129.7495942113391,130.31268972068864,129.45745411339954,130.0441870322597,130.0441870322597,6103159.0,sample,2026-09-24 19:05:19.468446+00:00
GOOGL,2025-01-04 09:15:00+00:00,130.07845266636448,131.60669106210352,128.52419507873458,130.6994155904112,130.6994155904112,8297138.0,sample,2026-09-24 19:05:19.468446+00:00
GOOGL,2025-01-04 09:30:00+00:00,130.81105750744905,131.52458954426774,130.23119732025683,130.75731777506806,130.75731777506806,14848327.0,sample,2026-09-24 19:05:19.468446+00:00
GOOGL,2025-01-04 09:45:00+00:00,130.60614053451442,131.1892393800574,128.8554503306203,130.14990811814064,130.14990811814064,9628937.0,sample,2026-09-24 19:05:19.468446+00:00
GOOGL,2025-01-04 10:00:00+00:00,129.95710552457228,131.3897937766426,129.32981864102814,130.1511512478056,130.1511512478056,10491311.0,sample,2026-09-24 19:05:19.468446+00:00
GOOGL,2025-01-04 10:15:00+00:00,130.23519870415657,130.54660277313332,128.9072653492776,129.99597481038808,129.99597481038808,8186211.0,sample,2026-09-24 19:05:19.468446+00:00
GOOGL,2025-01-04 10:30:00+00:00,130.39965263650345,130.64334098888818,128.8491442665737,129.67094139322575,129.67094139322575,11676298.0,sample,2026-09-24 19:05:19.468446+00:00
GOOGL,2025-01-04 10:45:00+00:00,130.04789622584678,131.47114486138005,128.77394412171807,129.46939668910312,129.46939668910312,15934746.0,sample,2026-09-24 19:05:19.468446+00:00
GOOGL,2025-01-04 11:00:00+00:00,129.80340484888197,130.28296520930203,128.5448952849012,130.0545441428679,130.0545441428679,8030130.0,sample,2026-09-24 19:05:19.468446+00:00
GOOGL,2025-01-04 11:15:00+00:00,129.99378397293015,130.2180668970177,128.6919273626574,129.69051557530966,129.69051557530966,4310824.0,sample,2026-09-24 19:05:19.468446+00:00
GOOGL,2025-01-04 11:30:00+00:00,129.99705047170534,130.67827421000393,128.3835961118605,129.59161767005313,129.59161767005313,3973534.0,sample,2026-09-24 19:05:19.468446+00:00
GOOGL,2025-01-04 11:45:00+00:00,129.93764314157588,131.21393197420485,128.47553269227035,129.22896564928917,129.22896564928917,7158645.0,sample,2026-09-24 19:05:19.468446+00:00
GOOGL,2025-01-04 12:00:00+00:00,129.15635421926504,129.80247884110014,128.70499101820812,129.50547053319204,129.50547053319204,4718196.0,sample,2026-09-24 19:05:19.468446+00:00
GOOGL,2025-01-04 12:15:00+00:00,130.0143202747355,131.4204714259179,128.52679320726534,129.426123390063,129.426123390063,12270820.0,sample,2026-09-24 19:05:19.468446+00:00
GOOGL,2025-01-04 12:30:00+00:00,129.04996372189086,130.78640996375196,127.66956829036471,129.4412992204242,129.4412992204242,13700025.0,sample,2026-09-24 19:05:19.468446+00:00
GOOGL,2025-01-04 12:45:00+00:00,129.23111449644384,129.64724856775956,127.89526159191855,129.27694321392607,129.27694321392607,7992558.0,sample,2026-09-24 19:05:19.468446+00:00
GOOGL,2025-01-04 13:00:00+00:00,129.38182287526564,130.11736365485262,127.95017352383216,129.97782680662633,129.97782680662633,2371687.0,sample,2026-09-24 19:05:19.468446+00:00
GOOGL,2025-01-04 13:15:00+00:00,130.0581242558259,130.5355715876305,129.11991776655415,129.5762119252222,129.5762119252222,3640181.0,sample,2026-09-24 19:05:19.468446+00:00
GOOGL,2025-01-04 13:30:00+00:00,129.38386869022395,130.73226626167173,129.1406285708054,129.42599075949371,129.42599075949371,4116774.0,sample,2026-09-24 19:05:19.468446+00:00
GOOGL,2025-01-04 13:45:00+00:00,129.98353108850077,130.9177339962713,128.22778635336064,128.95192830359463,128.95192830359463,7930936.0,sample,2026-09-24 19:05:19.468446+00:00
GOOGL,2025-01-04 14:00:00+00:00,129.01466907782387,129.14767686286032,128.32120714990776,128.84531703571403,128.84531703571403,16997258.0,sample,2026-09-24 19:05:19.468446+00:00
GOOGL,2025-01-04 14:15:00+00:00,128.68096195183327,129.09943301395546,127.82414159357803,128.26770616790304,128.26770616790304,15702416.0,sample,2026-09-24 19:05:19.468446+00:00
GOOGL,2025-01-04 14:30:00+00:00,128.0206260875889,130.62777666578867,127.37662344229,129.16288383221547,129.16288383221547,5149969.0,sample,2026-09-24 19:05:19.468446+00:00
GOOGL,2025-01-04 14:45:00+00:00,128.5557817149114,130.19042457889347,127.78447469363331,128.85934179352844,128.85934179352844,3331971.0,sample,2026-09-24 19:05:19.468446+00:00
GOOGL,2025-01-04 15:00:00+00:00,129.09565265845754,130.62645361011806,128.40863387047918,129.2767448004549,129.2767448004549,9567722.0,sample,2026-09-24 19:05:19.468446+00:00
GOOGL,2025-01-04 15:15:00+00:00,129.06834504327352,130.42920724343443,128.34374783000064,129.02243756890772,129.02243756890772,3070613.0,sample,2026-09-24 19:05:19.468446+00:00
GOOGL,2025-01-04 15:30:00+00:00,129.2466801827517,129.47785506161512,128.47021665704287,129.15976193488999,129.15976193488999,1534844.0,sample,2026-09-24 19:05:19.468446+00:00
GOOGL,2025-01-04 15:45:00+00:00,128.96451087954242,129.84942463099438,127.56341370003805,129.43162292234285,129.43162292234285,13673376.0,sample,2026-09-24 19:05:19.468446+00:00
GOOGL,2025-01-04 16:00:00+00:00,129.08905777227207,131.26620283031895,128.1079622899215,130.03462624137683,130.03462624137683,13575455.0,sample,2026-09-24 19:05:19.468446+00:00
GOOGL,2025-01-04 16:15:00+00:00,130.22044251246805,131.01532993536188,129.42483046977623,129.6496149610655,129.6496149610655,3879998.0,sample,2026-09-24 19:05:19.468446+00:00
GOOGL,2025-01-04 16:30:00+00:00,130.08628944587107,130.43363601931304,127.67890727193912,128.33223223861037,128.33223223861037,16371433.0,sample,2026-09-24 19:05:19.468446+00:00
GOOGL,2025-01-04 16:45:00+00:00,128.37144085750683,131.2763705735219,127.19948830575056,129.76031659595117,129.76031659595117,15688120.0,sample,2026-09-24 19:05:19.468446+00:00
GOOGL,2025-01-04 17:00:00+00:00,129.835801950936,130.55914032093824,129.52886705513973,129.89146718244248,129.89146718244248,15038973.0,sample,2026-09-24 19:05:19.468446+00:00
GOOGL,2025-01-04 17:15:00+00:00,130.09001789757428,131.62908411752983,129.04764993908373,130.04526867561515,130.04526867561515,6802359.0,sample,2026-09-24 19:05:19.468446+00:00
GOOGL,2025-01-04 17:30:00+00:00,130.38388752865114,131.20855045535905,129.30509754000593,129.81960732522637,129.81960732522637,14105902.0,sample,2026-09-24 19:05:19.468446+00:00
GOOGL,2025-01-04 17:45:00+00:00,129.9315821690182,131.44687353796448,129.19633839343535,129.8136531764952,129.8136531764952,9928145.0,sample,2026-09-24 19:05:19.468446+00:00
GOOGL,2025-01-04 18:00:00+00:00,129.73118168921803,129.92753843805923,127.91978961579831,129.26755545783567,129.26755545783567,2721589.0,sample,2026-09-24 19:05:19.468446+00:00
GOOGL,2025-01-04 18:15:00+00:00,128.98611342741467,129.61263438714505,128.46461563138973,128.69754861960308,128.69754861960308,12481142.0,sample,2026-09-24 19:05:19.468446+00:00
GOOGL,2025-01-04 18:30:00+00:00,128.84834311159304,130.23110219047345,128.28224893328166,129.38825816875573,129.38825816875573,1725794.0,sample,2026-09-24 19:05:19.468446+00:00
GOOGL,2025-01-04 18:45:00+00:00,128.95519543733494,130.39921540751723,128.47580937915532,129.91334865150571,129.91334865150571,10025143.0,sample,2026-09-24 19:05:19.468446+00:00
GOOGL,2025-01-04 19:00:00+00:00,129.88940909889592,130.80805392005882,129.16274221068412,129.5781299215591,129.5781299215591,11848621.0,sample,2026-09-24 19:05:19.468446+00:00
GOOGL,2025-01-04 19:15:00+00:00,129.74064170191733,131.0076370361094,128.88870528193004,129.54090714172898,129.54090714172898,16426116.0,sample,2026-09-24 19:05:19.468446+00:00
GOOGL,2025-01-04 19:30:00+00:00,129.21377533839063,130.56559361987692,128.46558617957322,129.3501280990109,129.3501280990109,17544762.0,sample,2026-09-24 19:05:19.468446+00:00
GOOGL,2025-01-04 19:45:00+00:00,129.33640151043426,129.86331771806346,127.61211448116812,128.89143710938973,128.89143710938973,5124604.0,sample,2026-09-24 19:05:19.468446+00:00
GOOGL,2025-01-04 20:00:00+00:00,128.74855963398534,129.91335458212075,127.87650940732095,129.5751152901913,129.5751152901913,4041215.0,sample,2026-09-24 19:05:19.468446+00:00
GOOGL,2025-01-04 20:15:00+00:00,129.40598367538402,130.24782338424032,129.1978477368591,129.367690873613,129.367690873613,15822113.0,sample,2026-09-24 19:05:19.468446+00:00
GOOGL,2025-01-04 20:30:00+00:00,128.91939000459394,130.76293945088173,128.43220553343232,130.24489807364512,130.24489807364512,12646110.0,sample,2026-09-24 19:05:19.468446+00:00
GOOGL,2025-01-04 20:45:00+00:00,130.00749154825905,130.5324745908182,129.62896924660157,130.0090299267047,130.0090299267047,13226554.0,sample,2026-09-24 19:05:19.468446+00:00
GOOGL,2025-01-04 21:00:00+00:00,129.98936089314924,131.55843773317918,129.8388581423326,130.00098421127652,130.00098421127652,5635347.0,sample,2026-09-24 19:05:19.468446+00:00
GOOGL,2025-01-04 21:15:00+00:00,130.08122643528182,131.5641151596789,129.20720808196077,129.43489919152958,129.43489919152958,10167906.0,sample,2026-09-24 19:05:19.468446+00:00
GOOGL,2025-01-04 21:30:00+00:00,129.1819418440714,130.29961046597225,127.73843750718784,128.88039099585544,128.88039099585544,2871424.0,sample,2026-09-24 19:05:19.468446+00:00
GOOGL,2025-01-04 21:45:00+00:00,128.8331300385604,130.2593063112758,127.34360227984759,129.29876724409846,129.29876724409846,11805361.0,sample,2026-09-24 19:05:19.468446+00:00
GOOGL,2025-01-04 22:00:00+00:00,129.18310463858944,129.82250824160812,127.19407739100316,128.46725288322872,128.46725288322872,4716312.0,sample,2026-09-24 19:05:19.468446+00:00
GOOGL,2025-01-04 22:15:00+00:00,128.1545336131934,129.29361393649674,127.74505342881109,128.60854538983426,128.60854538983426,10268938.0,sample,2026-09-24 19:05:19.468446+00:00
GOOGL,2025-01-04 22:30:00+00:00,128.80047437847333,130.16952501295765,128.36628594912776,129.15101977576433,129.15101977576433,7575734.0,sample,2026-09-24 19:05:19.468446+00:00
GOOGL,2025-01-04 22:45:00+00:00,128.90804064394928,129.31123317476263,128.48716269177842,128.98251307955533,128.98251307955533,13949037.0,sample,2026-09-24 19:05:19.468446+00:00
GOOGL,2025-01-04 23:00:00+00:00,128.6621173929547,129.71776005069353,128.05135937115284,129.30508805541282,129.30508805541282,5631836.0,sample,2026-09-24 19:05:19.468446+00:00
GOOGL,2025-01-04 23:15:00+00:00,129.07439852128832,129.881419931438,128.0375627933886,128.9736800024889,128.9736800024889,17929102.0,sample,2026-09-24 19:05:19.468446+00:00
GOOGL,2025-01-04 23:30:00+00:00,128.47260179749597,129.39080787483263,127.42228523323362,128.8553111573778,128.8553111573778,16436287.0,sample,2026-09-24 19:05:19.468446+00:00
GOOGL,2025-01-04 23:45:00+00:00,128.62772619084456,130.42670756382526,127.65843100617467,129.66124874160107,129.66124874160107,3554444.0,sample,2026-09-24 19:05:19.468446+00:00
GOOGL,2025-01-05 00:00:00+00:00,129.63305897586272,130.98064120865862,127.97274344244377,129.38318919765717,129.38318919765717,7255763.0,sample,2026-09-24 19:05:19.468446+00:00
GOOGL,2025-01-05 00:15:00+00:00,129.31887756052083,130.20509002801066,129.07029886545806,129.26564310546775,129.26564310546775,14540764.0,sample,2026-09-24 19:05:19.468446+00:00
GOOGL,2025-01-05 00:30:00+00:00,129.44421774164488,131.08618054238093,128.31053710045987,129.53202329810028,129.53202329810028,4773063.0,sample,2026-09-24 19:05:19.468446+00:00
GOOGL,2025-01-05 00:45:00+00:00,130.05427614520949,131.16580157688787,127.67831883737482,129.2284637086386,129.2284637086386,5241817.0,sample,2026-09-24 19:05:19.468446+00:00
GOOGL,2025-01-05 01:00:00+00:00,129.34046884722085,130.3448477711202,128.07764255993638,129.78019414385864,129.78019414385864,16376480.0,sample,2026-09-24 19:05:19.468446+00:00
GOOGL,2025-01-05 01:15:00+00:00,129.50184313616725,131.52438741163073,129.35401980608867,130.15015328008977,130.15015328008977,16164668.0,sample,2026-09-24 19:05:19.468446+00:00
GOOGL,2025-01-05 01:30:00+00:00,129.86740386343337,132.65527660615393,128.41642987823155,131.1981142994676,131.1981142994676,1617954.0,sample,2026-09-24 19:05:19.468446+00:00
GOOGL,2025-01-05 01:45:00+00:00,130.885594847669,132.45849510703493,129.69023466754533,131.01829973287022,131.01829973287022,13442723.0,sample,2026-09-24 19:05:19.468446+00:00
GOOGL,2025-01-05 02:00:00+00:00,131.19109949738854,131.8740359222904,130.5050425941226,131.24342889777913,131.24342889777913,15878319.0,sample,2026-09-24 19:05:19.468446+00:00
GOOGL,2025-01-05 02:15:00+00:00,130.9117910646388,131.9187907325112,129.87841113603537,131.29948675333398,131.29948675333398,6912083.0,sample,2026-09-24 19:05:19.468446+00:00
GOOGL,2025-01-05 02:30:00+00:00,131.04083693754757,133.106951658827,130.6605802078498,131.9164307106545,131.9164307106545,2414652.0,sample,2026-09-24 19:05:19.468446+00:00
GOOGL,2025-01-05 02:45:00+00:00,132.08941614802131,132.30059597846162,130.541169229183,131.90076349421838,131.90076349421838,17742972.0,sample,2026-09-24 19:05:19.468446+00:00
GOOGL,2025-01-05 03:00:00+00:00,132.23376752450915,133.4595654529816,130.43565005447863,131.61155467930982,131.61155467930982,17973476.0,sample,2026-09-24 19:05:19.468446+00:00
GOOGL,2025-01-05 03:15:00+00:00,131.5367337319531,132.54159991656817,130.82561640524824,131.69040409554913,131.69040409554913,14093319.0,sample,2026-09-24 19:05:19.468446+00:00
GOOGL,2025-01-05 03:30:00+00:00,131.75616132609917,132.3292556642044,129.76440797119758,130.87395099365523,130.87395099365523,7044059.0,sample,2026-09-24 19:05:19.468446+00:00
GOOGL,2025-01-05 03:45:00+00:00,131.01265596000667,131.9572176528013,129.62287579372924,131.76105434708984,131.76105434708984,3711384.0,sample,2026-09-24 19:05:19.468446+00:00
GOOGL,2025-01-05 04:00:00+00:00,131.50293985584307,133.8503683945191,130.59600382306058,132.35425599343648,132.35425599343648,14432417.0,sample,2026-09-24 19:05:19.468446+00:00
GOOGL,2025-01-05 04:15:00+00:00,132.3622817053788,133.3189226109319,129.98592193495892,130.71894609699854,130.71894609699854,11386608.0,sample,2026-09-24 19:05:19.468446+00:00
GOOGL,2025-01-05 04:30:00+00:00,130.73770613735013,131.75432937135625,129.929282452678,130.42214952027655,130.42214952027655,13112202.0,sample,2026-09-24 19:05:19.468446+00:00
GOOGL,2025-01-05 04:45:00+00:00,131.25193589109713,132.6024389245903,130.2689329485638,131.15355215077773,131.15355215077773,2187970.0,sample,2026-09-24 19:05:19.468446+00:00
GOOGL,2025-01-05 05:00:00+00:00,131.07697639037687,132.3534763621111,129.66521408312045,132.02838161458482,132.02838161458482,11260147.0,sample,2026-09-24 19:05:19.468446+00:00
GOOGL,2025-01-05 05:15:00+00:00,131.98960320417257,133.36889888138376,130.97174303085052,132.7285236883869,132.7285236883869,7362822.0,sample,2026-09-24 19:05:19.468446+00:00
GOOGL,2025-01-05 05:30:00+00:00,132.96939335034762,133.94968521734975,131.45963614499593,133.08894093147717,133.08894093147717,4573554.0,sample,2026-09-24 19:05:19.468446+00:00
GOOGL,2025-01-05 05:45:00+00:00,132.89433683203438,133.0705520333681,131.6041168760295,132.55488703650082,132.55488703650082,4266327.0,sample,2026-09-24 19:05:19.468446+00:00
GOOGL,2025-01-05 06:00:00+00:00,132.88927195812798,134.3471178479953,131.19420175025172,132.21947704064698,132.21947704064698,1590754.0,sample,2026-09-24 19:05:19.468446+00:00
GOOGL,2025-01-05 06:15:00+00:00,132.18206220772836,133.89169874401819,131.7441486013083,132.44870459961498,132.44870459961498,9534640.0,sample,2026-09-24 19:05:19.468446+00:00
GOOGL,2025-01-05 06:30:00+00:00,132.32866694200314,134.27987041661189,131.4771123017877,133.1695330810661,133.1695330810661,17160256.0,sample,2026-09-24 19:05:19.468446+00:00
GOOGL,2025-01-05 06:45:00+00:00,132.9410734714542,134.55906505047764,131.87404466510728,133.63362113059966,133.63362113059966,10883018.0,sample,2026-09-24 19:05:19.468446+00:00
GOOGL,2025-01-05 07:00:00+00:00,133.6825698370298,134.03528327367792,132.74981450602087,133.56986006113218,133.56986006113218,4453657.0,sample,2026-09-24 19:05:19.468446+00:00
GOOGL,2025-01-05 07:15:00+00:00,133.70426144791068,134.32359662348043,132.13114338672804,133.55713089098776,133.55713089098776,2844189.0,sample,2026-09-24 19:05:19.468446+00:00
GOOGL,2025-01-05 07:30:00+00:00,133.4827155721378,135.23941901808064,133.04522855840824,133.74922816388775,133.74922816388775,3352066.0,sample,2026-09-24 19:05:19.468446+00:00
GOOGL,2025-01-05 07:45:00+00:00,133.79909629945516,134.75520927427158,132.1609863198091,133.3654756149075,133.3654756149075,15515658.0,sample,2026-09-24 19:05:19.468446+00:00
GOOGL,2025-01-05 08:00:00+00:00,133.47012981198463,134.29845019426102,132.34269996175667,132.66755396679662,132.66755396679662,16151078.0,sample,2026-09-24 19:05:19.468446+00:00
GOOGL,2025-01-05 08:15:00+00:00,132.68886117173133,134.42950402699418,131.66904976201883,132.90964857112053,132.90964857112053,7166272.0,sample,2026-09-24 19:05:19.468446+00:00
GOOGL,2025-01-05 08:30:00+00:00,133.05589022093682,134.215947738481,131.65352934458454,133.10212764396988,133.10212764396988,6489902.0,sample,2026-09-24 19:05:19.468446+00:00
GOOGL,2025-01-05 08:45:00+00:00,133.34079063316577,134.8052462599998,132.45355681797216,132.88036154464896,132.88036154464896,8594893.0,sample,2026-09-24 19:05:19.468446+00:00
GOOGL,2025-01-05 09:00:00+00:00,132.81116967615057,134.23398147442032,131.21107559552,132.70572695299143,132.70572695299143,4489414.0,sample,2026-09-24 19:05:19.468446+00:00
GOOGL,2025-01-05 09:15:00+00:00,132.12427196658751,132.77384479728357,130.8809161023121,132.11502229542256,132.11502229542256,8173753.0,sample,2026-09-24 19:05:19.468446+00:00
GOOGL,2025-01-05 09:30:00+00:00,132.00564963286837,133.46504635850482,131.65761426895673,132.97490321333254,132.97490321333254,4536524.0,sample,2026-09-24 19:05:19.468446+00:00
GOOGL,2025-01-05 09:45:00+00:00,133.08689518407564,134.2890401165562,132.14980953707507,132.47897361999065,132.47897361999065,10715774.0,sample,2026-09-24 19:05:19.468446+00:00
GOOGL,2025-01-05 10:00:00+00:00,132.53361694240044,134.46511015703518,131.7731614415987,132.87323904097292,132.87323904097292,2073331.0,sample,2026-09-24 19:05:19.468446+00:00
GOOGL,2025-01-05 10:15:00+00:00,133.1265513859422,133.71825537713204,132.9894694812031,133.31449613604627,133.31449613604627,13188963.0,sample,2026-09-24 19:05:19.468446+00:00
GOOGL,2025-01-05 10:30:00+00:00,133.27154148007287,133.98665437603145,133.12078647733432,133.39296212206375,133.39296212206375,16678702.0,sample,2026-09-24 19:05:19.468446+00:00
GOOGL,2025-01-05 10:45:00+00:00,133.50710343582037,134.80273027919694,133.06258341881707,133.77647953809327,133.77647953809327,15719634.0,sample,2026-09-24 19:05:19.468446+00:00
GOOGL,2025-01-05 11:00:00+00:00,134.09287046441537,135.5121295261044,133.06860311816195,133.972963842827,133.972963842827,4095108.0,sample,2026-09-24 19:05:19.468446+00:00
GOOGL,2025-01-05 11:15:00+00:00,133.825778560742,135.19969140808627,133.206404798958,133.7471520042576,133.7471520042576,6541538.0,sample,2026-09-24 19:05:19.468446+00:00
GOOGL,2025-01-05 11:30:00+00:00,134.21064061258699,135.29761530514625,132.59151618736706,133.89702062067795,133.89702062067795,11415291.0,sample,2026-09-24 19:05:19.468446+00:00
GOOGL,2025-01-05 11:45:00+00:00,133.72370927605135,134.6340926620894,132.83540045588478,133.95136461007246,133.95136461007246,10388445.0,sample,2026-09-24 19:05:19.468446+00:00
GOOGL,2025-01-05 12:00:00+00:00,134.25417714752675,134.90114187382918,133.8251593287605,134.70520319897315,134.70520319897315,1772232.0,sample,2026-09-24 19:05:19.468446+00:00
GOOGL,2025-01-05 12:15:00+00:00,134.22409128557916,135.09657782497518,133.37836402524906,134.18048557246206,134.18048557246206,17332798.0,sample,2026-09-24 19:05:19.468446+00:00
GOOGL,2025-01-05 12:30:00+00:00,133.87852404973287,135.1894330676788,132.72064743593762,134.42110343056123,134.42110343056123,3215609.0,sample,2026-09-24 19:05:19.468446+00:00
GOOGL,2025-01-05 12:45:00+00:00,134.62775669914814,135.3181047858913,132.95226252803536,134.24790401901794,134.24790401901794,17703289.0,sample,2026-09-24 19:05:19.468446+00:00
GOOGL,2025-01-05 13:00:00+00:00,134.306411545245,136.13297770934233,133.6617766973643,134.54475827736712,134.54475827736712,14964147.0,sample,2026-09-24 19:05:19.468446+00:00
GOOGL,2025-01-05 13:15:00+00:00,134.59871940344559,135.67155516825366,133.0720958952597,134.3382905735677,134.3382905735677,2516075.0,sample,2026-09-24 19:05:19.468446+00:00
GOOGL,2025-01-05 13:30:00+00:00,134.63129435125774,134.96464140540667,133.85624937367524,134.26023656780114,134.26023656780114,14162897.0,sample,2026-09-24 19:05:19.468446+00:00
GOOGL,2025-01-05 13:45:00+00:00,134.2989015261604,135.202930514411,132.90185018730628,133.39297461581074,133.39297461581074,9115937.0,sample,2026-09-24 19:05:19.468446+00:00
GOOGL,2025-01-05 14:00:00+00:00,133.30412625607698,134.32133559637884,132.33516267281618,133.37536236122756,133.37536236122756,1959533.0,sample,2026-09-24 19:05:19.468446+00:00
GOOGL,2025-01-05 14:15:00+00:00,132.9950350136141,133.38550532211525,131.60812247739534,133.08974487956607,133.08974487956607,17245919.0,sample,2026-09-24 19:05:19.468446+00:00
GOOGL,2025-01-05 14:30:00+00:00,133.49338042696837,133.6644489917792,132.85195501069728,133.409545328609,133.409545328609,12027867.0,sample,2026-09-24 19:05:19.468446+00:00
GOOGL,2025-01-05 14:45:00+00:00,133.28967464706466,133.87071203944868,132.51933913919484,133.09359357949322,133.09359357949322,2314189.0,sample,2026-09-24 19:05:19.468446+00:00
GOOGL,2025-01-05 15:00:00+00:00,132.8919046918565,133.1002343403285,131.57412613096403,132.5873325426179,132.5873325426179,10548415.0,sample,2026-09-24 19:05:19.468446+00:00
GOOGL,2025-01-05 15:15:00+00:00,132.28300152477834,133.13943662651855,130.76950754974564,132.78936429601853,132.78936429601853,5123361.0,sample,2026-09-24 19:05:19.468446+00:00
GOOGL,2025-01-05 15:30:00+00:00,132.84741095456135,134.97545204066677,132.1502033021148,133.89836623987736,133.89836623987736,2202981.0,sample,2026-09-24 19:05:19.468446+00:00
GOOGL,2025-01-05 15:45:00+00:00,134.1900559253146,135.16134767573303,133.77259034167085,133.99996050888743,133.99996050888743,8412227.0,sample,2026-09-24 19:05:19.468446+00:00
GOOGL,2025-01-05 16:00:00+00:00,134.053715709074,135.3196359402572,132.62131259374576,133.65651418062149,133.65651418062149,8929448.0,sample,2026-09-24 19:05:19.468446+00:00
GOOGL,2025-01-05 16:15:00+00:00,133.70401657510027,135.1782351525535,132.98011352706553,134.32434261761134,134.32434261761134,1617753.0,sample,2026-09-24 19:05:19.468446+00:00
GOOGL,2025-01-05 16:30:00+00:00,134.05657360655798,135.83023742723228,133.21059065905996,134.53084713142763,134.53084713142763,3291148.0,sample,2026-09-24 19:05:19.468446+00:00
GOOGL,2025-01-05 16:45:00+00:00,134.49850330085647,135.5886654047851,133.00468165341584,133.77588482568714,133.77588482568714,11478932.0,sample,2026-09-24 19:05:19.468446+00:00
GOOGL,2025-01-05 17:00:00+00:00,133.9763764687718,134.22212754622788,132.6933816784332,133.6339538687411,133.6339538687411,2009936.0,sample,2026-09-24 19:05:19.468446+00:00
GOOGL,2025-01-05 17:15:00+00:00,133.80085858329238,135.29275395995086,132.55538174150144,133.5205566164274,133.5205566164274,1878616.0,sample,2026-09-24 19:05:19.468446+00:00
GOOGL,2025-01-05 17:30:00+00:00,133.10021573287167,133.31838339104507,132.6356456097994,133.11107369091624,133.11107369091624,5122440.0,sample,2026-09-24 19:05:19.468446+00:00
GOOGL,2025-01-05 17:45:00+00:00,132.97282276248058,134.37188830033503,132.46662368371165,133.06790854476412,133.06790854476412,15660459.0,sample,2026-09-24 19:05:19.468446+00:00
GOOGL,2025-01-05 18:00:00+00:00,133.43532215687733,134.75993762269522,132.31872259171516,133.01698235019094,133.01698235019094,7136124.0,sample,2026-09-24 19:05:19.468446+00:00
GOOGL,2025-01-05 18:15:00+00:00,132.8068070747288,134.64010824862834,131.9008855501135,134.08939973909543,134.08939973909543,13682201.0,sample,2026-09-24 19:05:19.468446+00:00
GOOGL,2025-01-05 18:30:00+00:00,133.89614881981367,134.7740982694547,133.33422606670885,133.86349380148212,133.86349380148212,16181815.0,sample,2026-09-24 19:05:19.468446+00:00
GOOGL,2025-01-05 18:45:00+00:00,133.8098314216953,134.29830726906323,133.0602043988143,133.25387331366068,133.25387331366068,12626023.0,sample,2026-09-24 19:05:19.468446+00:00
GOOGL,2025-01-05 19:00:00+00:00,133.44241589351716,134.52225299694211,132.1600821530204,133.527271392748,133.527271392748,5806858.0,sample,2026-09-24 19:05:19.468446+00:00
GOOGL,2025-01-05 19:15:00+00:00,133.51824161250954,133.93297256158255,131.62291624033224,132.83285384344302,132.83285384344302,3339236.0,sample,2026-09-24 19:05:19.468446+00:00
GOOGL,2025-01-05 19:30:00+00:00,133.02809565745324,134.28734733628326,132.17572813264664,132.60735937196674,132.60735937196674,7443333.0,sample,2026-09-24 19:05:19.468446+00:00
GOOGL,2025-01-05 19:45:00+00:00,132.51190582145182,133.96571206759882,132.33915406999503,133.35163317052522,133.35163317052522,3113713.0,sample,2026-09-24 19:05:19.468446+00:00
GOOGL,2025-01-05 20:00:00+00:00,133.62379779193301,134.53633372066895,133.18122878070193,134.06991473494804,134.06991473494804,4296528.0,sample,2026-09-24 19:05:19.468446+00:00
GOOGL,2025-01-05 20:15:00+00:00,134.10932774676982,135.8114070649189,133.84338756751234,134.6077349221978,134.6077349221978,5137438.0,sample,2026-09-24 19:05:19.468446+00:00
GOOGL,2025-01-05 20:30:00+00:00,134.81970876689266,136.49325853591662,133.97374221659553,135.32244577844997,135.32244577844997,17825575.0,sample,2026-09-24 19:05:19.468446+00:00
GOOGL,2025-01-05 20:45:00+00:00,135.61935045115376,137.1886214285375,134.66826991334264,135.17848053112965,135.17848053112965,5564379.0,sample,2026-09-24 19:05:19.468446+00:00
GOOGL,2025-01-05 21:00:00+00:00,135.32816424233923,136.32486027893222,134.9274728185018,135.61515094039217,135.61515094039217,2780139.0,sample,2026-09-24 19:05:19.468446+00:00
GOOGL,2025-01-05 21:15:00+00:00,135.51638349620708,136.36106550862894,135.35853190657306,136.14465001679068,136.14465001679068,17509318.0,sample,2026-09-24 19:05:19.468446+00:00
GOOGL,2025-01-05 21:30:00+00:00,135.99811595091893,137.2271817157999,134.7258264194421,136.05529023763077,136.05529023763077,12747644.0,sample,2026-09-24 19:05:19.468446+00:00
GOOGL,2025-01-05 21:45:00+00:00,136.18769045409312,137.56037678850646,134.90337196227284,135.64282048452895,135.64282048452895,17459983.0,sample,2026-09-24 19:05:19.468446+00:00
GOOGL,2025-01-05 22:00:00+00:00,135.82541165689102,137.52899461994247,135.01853869108254,136.3731080034536,136.3731080034536,4561016.0,sample,2026-09-24 19:05:19.468446+00:00
GOOGL,2025-01-05 22:15:00+00:00,136.39692075819633,137.28974826241839,135.2847188481924,136.493672425162,136.493672425162,13126597.0,sample,2026-09-24 19:05:19.468446+00:00
GOOGL,2025-01-05 22:30:00+00:00,136.0492227621781,138.70784750212448,135.5858171379596,137.46152152978453,137.46152152978453,6037401.0,sample,2026-09-24 19:05:19.468446+00:00
GOOGL,2025-01-05 22:45:00+00:00,137.62409918611414,139.22487176879702,136.41234664489073,137.51862849814665,137.51862849814665,5221490.0,sample,2026-09-24 19:05:19.468446+00:00
GOOGL,2025-01-05 23:00:00+00:00,137.22332015804997,138.21158735541343,135.58633425728593,137.91318703410911,137.91318703410911,17339396.0,sample,2026-09-24 19:05:19.468446+00:00
GOOGL,2025-01-05 23:15:00+00:00,137.98508512488303,139.57618625497213,136.6646413958778,137.94910304401316,137.94910304401316,2756408.0,sample,2026-09-24 19:05:19.468446+00:00
GOOGL,2025-01-05 23:30:00+00:00,138.0557373087642,138.58666623550866,136.82723692834242,137.77301992322427,137.77301992322427,4907794.0,sample,2026-09-24 19:05:19.468446+00:00
GOOGL,2025-01-05 23:45:00+00:00,136.97106482241253,137.5763454089026,135.53556163858474,136.5038165681989,136.5038165681989,3186345.0,sample,2026-09-24 19:05:19.468446+00:00
GOOGL,2025-01-06 00:00:00+00:00,136.7357640694766,137.38507592176487,135.3479069167108,136.41962558846575,136.41962558846575,17829990.0,sample,2026-09-24 19:05:19.468446+00:00
GOOGL,2025-01-06 00:15:00+00:00,136.29469978663192,137.83965925637798,135.5146321997975,136.27857761872724,136.27857761872724,10575191.0,sample,2026-09-24 19:05:19.468446+00:00
GOOGL,2025-01-06 00:30:00+00:00,136.72900487800763,138.3124464330745,135.17622788859768,136.0199958270175,136.0199958270175,6127397.0,sample,2026-09-24 19:05:19.468446+00:00
GOOGL,2025-01-06 00:45:00+00:00,136.05149132902662,137.56727020528194,134.97671238178907,135.78996487680345,135.78996487680345,15992895.0,sample,2026-09-24 19:05:19.468446+00:00
GOOGL,2025-01-06 01:00:00+00:00,135.88898904942377,137.2119882133058,134.77938044544936,136.55150420813052,136.55150420813052,2014128.0,sample,2026-09-24 19:05:19.468446+00:00
GOOGL,2025-01-06 01:15:00+00:00,136.52042705002972,137.63461595378996,136.16964980763817,136.59692906648544,136.59692906648544,3127603.0,sample,2026-09-24 19:05:19.468446+00:00
GOOGL,2025-01-06 01:30:00+00:00,137.1374602372262,137.46753441641823,135.60225848580035,136.33225434001457,136.33225434001457,17685608.0,sample,2026-09-24 19:05:19.468446+00:00
GOOGL,2025-01-06 01:45:00+00:00,136.5960253652043,137.12307630843057,135.04964433609652,135.7756253106064,135.7756253106064,10070467.0,sample,2026-09-24 19:05:19.468446+00:00
GOOGL,2025-01-06 02:00:00+00:00,135.9895642985975,136.3153518627986,134.65973855306152,135.66453189233695,135.66453189233695,7298405.0,sample,2026-09-24 19:05:19.468446+00:00
GOOGL,2025-01-06 02:15:00+00:00,135.68352436899065,137.10883029052965,135.48508910941695,135.886045858096,135.886045858096,2080913.0,sample,2026-09-24 19:05:19.468446+00:00
GOOGL,2025-01-06 02:30:00+00:00,135.8056491308075,137.93395717045885,134.39516634627466,136.57886298278578,136.57886298278578,12186203.0,sample,2026-09-24 19:05:19.468446+00:00
GOOGL,2025-01-06 02:45:00+00:00,136.849634576174,138.60714828245548,136.04272035563466,137.10441867436955,137.10441867436955,3514453.0,sample,2026-09-24 19:05:19.468446+00:00
GOOGL,2025-01-06 03:00:00+00:00,136.8050099524775,137.80949028757558,136.0645432951885,137.21212225184973,137.21212225184973,4727816.0,sample,2026-09-24 19:05:19.468446+00:00
GOOGL,2025-01-06 03:15:00+00:00,137.40549528641512,137.86442816676654,135.47057574246531,136.7068889252329,136.7068889252329,14727901.0,sample,2026-09-24 19:05:19.468446+00:00
GOOGL,2025-01-06 03:30:00+00:00,137.03202616489133,137.8011699295432,135.31086697873414,136.36923998336334,136.36923998336334,7877442.0,sample,2026-09-24 19:05:19.468446+00:00
GOOGL,2025-01-06 03:45:00+00:00,136.68387757010578,137.3524559034353,135.23843814933034,136.93726404546345,136.93726404546345,17720200.0,sample,2026-09-24 19:05:19.468446+00:00
GOOGL,2025-01-06 04:00:00+00:00,137.49820497949287,137.7069920188537,136.32534894553808,136.86589308428188,136.86589308428188,6443619.0,sample,2026-09-24 19:05:19.468446+00:00
GOOGL,2025-01-06 04:15:00+00:00,136.37019928878084,137.85298129075966,135.77239268364278,137.10731271019856,137.10731271019856,6518807.0,sample,2026-09-24 19:05:19.468446+00:00
GOOGL,2025-01-06 04:30:00+00:00,136.7340861775612,138.38254086107023,135.60482607290015,137.11347743067122,137.11347743067122,2280424.0,sample,2026-09-24 19:05:19.468446+00:00
GOOGL,2025-01-06 04:45:00+00:00,136.70911219718838,138.18734042779164,136.09075773517455,137.31693472913966,137.31693472913966,3904728.0,sample,2026-09-24 19:05:19.468446+00:00
GOOGL,2025-01-06 05:00:00+00:00,136.82580162297697,138.40372698956722,135.80362634627787,137.23750231554072,137.23750231554072,8944651.0,sample,2026-09-24 19:05:19.468446+00:00
GOOGL,2025-01-06 05:15:00+00:00,137.05142419639964,139.19474796433877,135.6747609598707,137.63355434260404,137.63355434260404,7406683.0,sample,2026-09-24 19:05:19.468446+00:00
GOOGL,2025-01-06 05:30:00+00:00,137.56405863143468,137.92631889867755,136.22845021814615,137.75837172873833,137.75837172873833,9722531.0,sample,2026-09-24 19:05:19.468446+00:00
GOOGL,2025-01-06 05:45:00+00:00,137.98849359146718,138.1753815835924,136.37913781273784,137.89034359074398,137.89034359074398,14884998.0,sample,2026-09-24 19:05:19.468446+00:00
GOOGL,2025-01-06 06:00:00+00:00,137.84113185138295,139.30454535268805,137.0539989084599,137.91236421690093,137.91236421690093,3258329.0,sample,2026-09-24 19:05:19.468446+00:00
GOOGL,2025-01-06 06:15:00+00:00,137.75555492233062,138.3307651673571,136.93844693608523,137.89601462497882,137.89601462497882,9666487.0,sample,2026-09-24 19:05:19.468446+00:00
GOOGL,2025-01-06 06:30:00+00:00,137.80566462362214,140.4884519321714,137.5975660773504,138.9787977920259,138.9787977920259,2465786.0,sample,2026-09-24 19:05:19.468446+00:00
GOOGL,2025-01-06 06:45:00+00:00,139.18743828965896,139.8750023697347,137.8925828818231,139.56238596688848,139.56238596688848,3903358.0,sample,2026-09-24 19:05:19.468446+00:00
GOOGL,2025-01-06 07:00:00+00:00,139.7228930397401,140.37797127838476,137.48988875361314,138.91143447584966,138.91143447584966,12714559.0,sample,2026-09-24 19:05:19.468446+00:00
GOOGL,2025-01-06 07:15:00+00:00,138.50458452954067,138.86317645640398,138.14672278095037,138.59837732233365,138.59837732233365,3792969.0,sample,2026-09-24 19:05:19.468446+00:00
GOOGL,2025-01-06 07:30:00+00:00,138.58740249761678,140.39272424957366,138.0368720407131,139.1784277170818,139.1784277170818,16670038.0,sample,2026-09-24 19:05:19.468446+00:00
GOOGL,2025-01-06 07:45:00+00:00,139.38729138712515,140.94391504764053,138.16277265217724,138.87624680495782,138.87624680495782,17059481.0,sample,2026-09-24 19:05:19.468446+00:00
GOOGL,2025-01-06 08:00:00+00:00,138.89694643366215,139.47642375098087,138.50126132747855,138.79933740963264,138.79933740963264,8106724.0,sample,2026-09-24 19:05:19.468446+00:00
GOOGL,2025-01-06 08:15:00+00:00,139.12766787193092,141.04845152727233,138.171740300366,139.57709154881195,139.57709154881195,14276295.0,sample,2026-09-24 19:05:19.468446+00:00
GOOGL,2025-01-06 08:30:00+00:00,139.3560127178264,140.2140948122184,138.08629371190577,139.94669558385104,139.94669558385104,12958814.0,sample,2026-09-24 19:05:19.468446+00:00
GOOGL,2025-01-06 08:45:00+00:00,140.15798348677333,140.62836018978473,138.07469316022414,139.48129652942058,139.48129652942058,9009389.0,sample,2026-09-24 19:05:19.468446+00:00
GOOGL,2025-01-06 09:00:00+00:00,140.1097417406527,141.22873906382654,137.88162701357822,139.46418846680834,139.46418846680834,15625981.0,sample,2026-09-24 19:05:19.468446+00:00
GOOGL,2025-01-06 09:15:00+00:00,139.52070560622573,140.51941272769488,138.66423319954646,139.27129034277598,139.27129034277598,13592293.0,sample,2026-09-24 19:05:19.468446+00:00
GOOGL,2025-01-06 09:30:00+00:00,138.86119083477854,140.73497588951108,137.37089310416712,139.56131764419365,139.56131764419365,3083889.0,sample,2026-09-24 19:05:19.468446+00:00
GOOGL,2025-01-06 09:45:00+00:00,139.52430966857352,139.96166851707596,137.84916933544625,138.95951467371594,138.95951467371594,7226187.0,sample,2026-09-24 19:05:19.468446+00:00
GOOGL,2025-01-06 10:00:00+00:00,138.4249906333767,139.71546668771748,138.2253070258694,139.17549709321742,139.17549709321742,11314097.0,sample,2026-09-24 19:05:19.468446+00:00
GOOGL,2025-01-06 10:15:00+00:00,138.87377932214358,139.1856284811777,138.03983525457068,138.5745955765764,138.5745955765764,7506678.0,sample,2026-09-24 19:05:19.468446+00:00
GOOGL,2025-01-06 10:30:00+00:00,138.12721363425098,140.08427881063577,136.70286330445285,138.83782409142066,138.83782409142066,3137120.0,sample,2026-09-24 19:05:19.468446+00:00
GOOGL,2025-01-06 10:45:00+00:00,138.789769819581,140.53555059332012,137.56854023522658,139.14005937440479,139.14005937440479,9276233.0,sample,2026-09-24 19:05:19.468446+00:00
GOOGL,2025-01-06 11:00:00+00:00,139.1885158198936,139.78812059900517,138.42753778504277,139.0833099970202,139.0833099970202,10303111.0,sample,2026-09-24 19:05:19.468446+00:00
GOOGL,2025-01-06 11:15:00+00:00,139.53878342848145,140.5443512135173,138.73129503994207,139.5843083942132,139.5843083942132,16241710.0,sample,2026-09-24 19:05:19.468446+00:00
GOOGL,2025-01-06 11:30:00+00:00,139.94151989580095,140.55822148634095,139.60170531100084,140.03698261842493,140.03698261842493,14610609.0,sample,2026-09-24 19:05:19.468446+00:00
GOOGL,2025-01-06 11:45:00+00:00,139.98970207899902,140.3409666471762,139.8072526105879,140.1593233523951,140.1593233523951,5814862.0,sample,2026-09-24 19:05:19.468446+00:00
GOOGL,2025-01-06 12:00:00+00:00,140.3568939007319,141.26440299510935,139.57963695727435,140.55569648631257,140.55569648631257,3568033.0,sample,2026-09-24 19:05:19.468446+00:00
GOOGL,2025-01-06 12:15:00+00:00,140.73661229401034,141.67985354224354,138.80826145633102,140.1906878413082,140.1906878413082,5343880.0,sample,2026-09-24 19:05:19.468446+00:00
GOOGL,2025-01-06 12:30:00+00:00,140.20895692473272,141.36926880551655,139.84332053292965,140.28374910582744,140.28374910582744,2105464.0,sample,2026-09-24 19:05:19.468446+00:00
GOOGL,2025-01-06 12:45:00+00:00,140.24739165558046,141.5760049011863,139.17303070014847,140.9556471718108,140.9556471718108,2153201.0,sample,2026-09-24 19:05:19.468446+00:00
GOOGL,2025-01-06 13:00:00+00:00,140.9752355203072,142.1163569240922,139.62615166486174,140.2888522002584,140.2888522002584,5664671.0,sample,2026-09-24 19:05:19.468446+00:00
GOOGL,2025-01-06 13:15:00+00:00,140.13883200166916,141.73989974242681,139.22018371533724,139.9383174989384,139.9383174989384,4731045.0,sample,2026-09-24 19:05:19.468446+00:00
GOOGL,2025-01-06 13:30:00+00:00,139.64224444403672,142.3009650216345,139.07882808519332,140.76295805636803,140.76295805636803,12962120.0,sample,2026-09-24 19:05:19.468446+00:00
GOOGL,2025-01-06 13:45:00+00:00,140.93183664093038,142.65675485138672,139.32868925275403,141.10338309627855,141.10338309627855,11494961.0,sample,2026-09-24 19:05:19.468446+00:00
GOOGL,2025-01-06 14:00:00+00:00,141.34682382667162,142.79992820231865,139.69575628427634,140.75129954380566,140.75129954380566,6186449.0,sample,2026-09-24 19:05:19.468446+00:00
GOOGL,2025-01-06 14:15:00+00:00,141.14025403562746,142.71741856405094,139.47118911930917,140.76985165736454,140.76985165736454,8746339.0,sample,2026-09-24 19:05:19.468446+00:00
GOOGL,2025-01-06 14:30:00+00:00,141.00233563513254,142.85075728408162,139.62191632562204,141.54198396414586,141.54198396414586,2705030.0,sample,2026-09-24 19:05:19.468446+00:00
GOOGL,2025-01-06 14:45:00+00:00,141.38389786985587,142.8462537951137,140.22665180205271,141.4722165251025,141.4722165251025,12978858.0,sample,2026-09-24 19:05:19.468446+00:00
GOOGL,2025-01-06 15:00:00+00:00,141.54094191142545,143.421346152027,140.41310660078122,142.36852588591128,142.36852588591128,16984383.0,sample,2026-09-24 19:05:19.468446+00:00
GOOGL,2025-01-06 15:15:00+00:00,142.1506420600455,142.60876155720126,141.7107419960683,142.08324291869968,142.08324291869968,16569954.0,sample,2026-09-24 19:05:19.468446+00:00
GOOGL,2025-01-06 15:30:00+00:00,142.10594562676607,143.21982178075325,140.3808198268307,141.01162172441352,141.01162172441352,15145272.0,sample,2026-09-24 19:05:19.468446+00:00
GOOGL,2025-01-06 15:45:00+00:00,141.12442446064534,141.91393300014698,140.41207043151934,141.68649626747737,141.68649626747737,6728186.0,sample,2026-09-24 19:05:19.468446+00:00
GOOGL,2025-01-06 16:00:00+00:00,141.99824995051034,143.20573088774233,139.8116509380125,141.48668224926269,141.48668224926269,17407779.0,sample,2026-09-24 19:05:19.468446+00:00
GOOGL,2025-01-06 16:15:00+00:00,141.64109100960516,143.57258125125193,141.0570529000741,141.92235432447873,141.92235432447873,6825328.0,sample,2026-09-24 19:05:19.468446+00:00
GOOGL,2025-01-06 16:30:00+00:00,141.79050419531725,143.43583173911287,140.54688662062168,141.45241821374574,141.45241821374574,10731475.0,sample,2026-09-24 19:05:19.468446+00:00
GOOGL,2025-01-06 16:45:00+00:00,141.61821449149568,142.23665272858926,140.3748315651672,141.29052349590876,141.29052349590876,2212782.0,sample,2026-09-24 19:05:19.468446+00:00
GOOGL,2025-01-06 17:00:00+00:00,141.32733361143502,143.53437036631553,140.10707278942587,141.88242628284036,141.88242628284036,4476974.0,sample,2026-09-24 19:05:19.468446+00:00
GOOGL,2025-01-06 17:15:00+00:00,141.78782901924097,142.54217829052544,140.7497492564601,141.93943787965418,141.93943787965418,9041487.0,sample,2026-09-24 19:05:19.468446+00:00
GOOGL,2025-01-06 17:30:00+00:00,142.3535992325152,143.2426906031899,141.31844746054693,142.99519674678683,142.99519674678683,13241583.0,sample,2026-09-24 19:05:19.468446+00:00
GOOGL,2025-01-06 17:45:00+00:00,142.73290539009787,143.763185776592,141.1356978373749,142.15745972310992,142.15745972310992,16429351.0,sample,2026-09-24 19:05:19.468446+00:00
GOOGL,2025-01-06 18:00:00+00:00,142.0205791488711,142.74694017070564,141.27767749654956,141.74804918197103,141.74804918197103,15284480.0,sample,2026-09-24 19:05:19.468446+00:00
GOOGL,2025-01-06 18:15:00+00:00,141.7720901045467,142.20497507180184,140.9858652590836,142.03579176515865,142.03579176515865,14608584.0,sample,2026-09-24 19:05:19.468446+00:00
GOOGL,2025-01-06 18:30:00+00:00,142.2318883528904,143.1411294243384,140.26521265812647,141.29350625889106,141.29350625889106,9145235.0,sample,2026-09-24 19:05:19.468446+00:00
GOOGL,2025-01-06 18:45:00+00:00,141.9670537136807,142.485653657564,140.633728540588,140.99788574293225,140.99788574293225,11709318.0,sample,2026-09-24 19:05:19.468446+00:00
GOOGL,2025-01-06 19:00:00+00:00,141.37949641508854,142.02424729218757,140.45123756380553,140.7872293631569,140.7872293631569,13306407.0,sample,2026-09-24 19:05:19.468446+00:00
GOOGL,2025-01-06 19:15:00+00:00,140.57464506648174,141.98664691975702,139.12941567292674,140.26814678992406,140.26814678992406,8855121.0,sample,2026-09-24 19:05:19.468446+00:00
GOOGL,2025-01-06 19:30:00+00:00,140.05614186779013,142.09635290726916,139.49399382025666,140.783735517123,140.783735517123,8984225.0,sample,2026-09-24 19:05:19.468446+00:00
GOOGL,2025-01-06 19:45:00+00:00,140.8706498952945,143.60089166434608,139.2799533593367,142.38746469717896,142.38746469717896,5096159.0,sample,2026-09-24 19:05:19.468446+00:00
GOOGL,2025-01-06 20:00:00+00:00,143.05286738555168,143.33128805028673,140.24954515271648,141.7684736763205,141.7684736763205,3218935.0,sample,2026-09-24 19:05:19.468446+00:00
GOOGL,2025-01-06 20:15:00+00:00,141.5160344044351,142.37032241221462,140.1248832399891,141.8331993547753,141.8331993547753,9175546.0,sample,2026-09-24 19:05:19.468446+00:00
GOOGL,2025-01-06 20:30:00+00:00,141.95949257914938,142.94181558334617,140.29236870199273,141.5378546500611,141.5378546500611,8052749.0,sample,2026-09-24 19:05:19.468446+00:00
GOOGL,2025-01-06 20:45:00+00:00,141.37371870296207,142.35540486267715,140.63690572515898,141.3937480344551,141.3937480344551,12082378.0,sample,2026-09-24 19:05:19.468446+00:00
GOOGL,2025-01-06 21:00:00+00:00,141.19732055470564,141.86786700579427,139.55418314922642,140.83209622759543,140.83209622759543,4435882.0,sample,2026-09-24 19:05:19.468446+00:00
GOOGL,2025-01-06 21:15:00+00:00,140.88399090074248,141.96512936431182,139.38859340032974,141.11478209592835,141.11478209592835,11363693.0,sample,2026-09-24 19:05:19.468446+00:00
GOOGL,2025-01-06 21:30:00+00:00,141.3476400533801,141.6090548666049,140.2851097620092,141.45566675678032,141.45566675678032,3242992.0,sample,2026-09-24 19:05:19.468446+00:00
GOOGL,2025-01-06 21:45:00+00:00,141.27285111140478,143.22746701705748,140.8398715495625,141.5490069676491,141.5490069676491,17755049.0,sample,2026-09-24 19:05:19.468446+00:00
GOOGL,2025-01-06 22:00:00+00:00,142.0744474988758,143.52601709858348,140.7849085776649,141.0402379358452,141.0402379358452,7057016.0,sample,2026-09-24 19:05:19.468446+00:00
GOOGL,2025-01-06 22:15:00+00:00,140.9819003742993,141.72981214637474,138.60752335612568,140.03079399718465,140.03079399718465,8364418.0,sample,2026-09-24 19:05:19.468446+00:00
GOOGL,2025-01-06 22:30:00+00:00,140.34058506421195,141.476915155065,139.16921578534885,139.87055621245318,139.87055621245318,6478112.0,sample,2026-09-24 19:05:19.468446+00:00
GOOGL,2025-01-06 22:45:00+00:00,139.92833355539815,141.33679660097246,138.3361304388582,139.9295753388243,139.9295753388243,15356464.0,sample,2026-09-24 19:05:19.468446+00:00
GOOGL,2025-01-06 23:00:00+00:00,140.24731019916558,140.80707552079207,138.99931345924867,139.79217955652203,139.79217955652203,3269646.0,sample,2026-09-24 19:05:19.468446+00:00
GOOGL,2025-01-06 23:15:00+00:00,140.42735481463873,140.91450732575774,138.61574553069292,140.09081496480601,140.09081496480601,8538505.0,sample,2026-09-24 19:05:19.468446+00:00
GOOGL,2025-01-06 23:30:00+00:00,140.15342883770265,141.54588042950093,138.53085539295725,140.13711284405682,140.13711284405682,6861842.0,sample,2026-09-24 19:05:19.468446+00:00
GOOGL,2025-01-06 23:45:00+00:00,140.14701358185448,141.36135723515847,138.62327110667022,139.61622058206606,139.61622058206606,4946154.0,sample,2026-09-24 19:05:19.468446+00:00
GOOGL,2025-01-07 00:00:00+00:00,139.50017018876005,140.87867084824921,139.2543213190109,139.99661797581112,139.99661797581112,15618099.0,sample,2026-09-24 19:05:19.468446+00:00
GOOGL,2025-01-07 00:15:00+00:00,140.07031904726523,140.68629504761694,139.23831738644301,140.41342502714775,140.41342502714775,10142505.0,sample,2026-09-24 19:05:19.468446+00:00
GOOGL,2025-01-07 00:30:00+00:00,140.68098774023179,142.221465140225,139.2236198149062,140.38068884757917,140.38068884757917,6487612.0,sample,2026-09-24 19:05:19.468446+00:00
GOOGL,2025-01-07 00:45:00+00:00,140.42555224789143,140.89517378422283,138.8987249747252,140.0725164769768,140.0725164769768,13995650.0,sample,2026-09-24 19:05:19.468446+00:00
GOOGL,2025-01-07 01:00:00+00:00,139.80367367067825,141.0274230901092,139.04169658668656,139.19177986390653,139.19177986390653,11351446.0,sample,2026-09-24 19:05:19.468446+00:00
GOOGL,2025-01-07 01:15:00+00:00,139.32424519798306,140.23372002941665,137.49009729082832,138.87272468064972,138.87272468064972,12521997.0,sample,2026-09-24 19:05:19.468446+00:00
GOOGL,2025-01-07 01:30:00+00:00,138.4929708840099,139.25710346397022,137.6327809700889,139.05355318232685,139.05355318232685,6723456.0,sample,2026-09-24 19:05:19.468446+00:00
GOOGL,2025-01-07 01:45:00+00:00,139.09690079334035,140.750249762859,137.23950178528372,138.72670447379792,138.72670447379792,6826518.0,sample,2026-09-24 19:05:19.468446+00:00
GOOGL,2025-01-07 02:00:00+00:00,138.97117752094354,139.5080849647037,138.03185293335247,139.08091805026572,139.08091805026572,2892027.0,sample,2026-09-24 19:05:19.468446+00:00
GOOGL,2025-01-07 02:15:00+00:00,138.95678629230548,140.62118676171286,138.17166513425724,139.47568969773906,139.47568969773906,15675049.0,sample,2026-09-24 19:05:19.468446+00:00
GOOGL,2025-01-07 02:30:00+00:00,138.98589566064413,141.36577506567207,138.80471220771528,139.7579010773567,139.7579010773567,7225533.0,sample,2026-09-24 19:05:19.468446+00:00
GOOGL,2025-01-07 02:45:00+00:00,140.22458128611865,141.44658649393833,138.68262543930712,139.61667751876726,139.61667751876726,3323441.0,sample,2026-09-24 19:05:19.468446+00:00
GOOGL,2025-01-07 03:00:00+00:00,139.80631253987573,141.35458959579435,138.52201077158958,140.54833921295756,140.54833921295756,9014649.0,sample,2026-09-24 19:05:19.468446+00:00
GOOGL,2025-01-07 03:15:00+00:00,140.80153131172526,141.7501056919968,139.48931194266214,139.71706279036042,139.71706279036042,8571237.0,sample,2026-09-24 19:05:19.468446+00:00
GOOGL,2025-01-07 03:30:00+00:00,140.02441142649897,140.83171802959134,138.37764311555682,139.7550070223426,139.7550070223426,2937268.0,sample,2026-09-24 19:05:19.468446+00:00
GOOGL,2025-01-07 03:45:00+00:00,139.2884401571981,140.7115337408998,137.91883575649175,139.3980507899149,139.3980507899149,13150898.0,sample,2026-09-24 19:05:19.468446+00:00
GOOGL,2025-01-07 04:00:00+00:00,138.97963724418395,141.0467853642227,137.50951796075674,139.8045622441262,139.8045622441262,4704340.0,sample,2026-09-24 19:05:19.468446+00:00
GOOGL,2025-01-07 04:15:00+00:00,139.40969159367123,142.73969317949687,138.04030333008643,141.27367067956897,141.27367067956897,8631252.0,sample,2026-09-24 19:05:19.468446+00:00
GOOGL,2025-01-07 04:30:00+00:00,141.03440283113648,141.9361099630832,140.3495072909023,141.7209152071081,141.7209152071081,3527232.0,sample,2026-09-24 19:05:19.468446+00:00
GOOGL,2025-01-07 04:45:00+00:00,142.14157633383087,142.73748197299554,140.8088796099632,141.98442469549863,141.98442469549863,7694915.0,sample,2026-09-24 19:05:19.468446+00:00
GOOGL,2025-01-07 05:00:00+00:00,141.97574118537636,142.73362394863977,141.6847057180929,141.83733626442267,141.83733626442267,8589983.0,sample,2026-09-24 19:05:19.468446+00:00
GOOGL,2025-01-07 05:15:00+00:00,141.75190743326613,142.29382262666692,140.13817840005638,141.54796279922033,141.54796279922033,13555516.0,sample,2026-09-24 19:05:19.468446+00:00
GOOGL,2025-01-07 05:30:00+00:00,141.6478145035502,142.4145710026567,141.1709131020532,141.88341343632035,141.88341343632035,15428878.0,sample,2026-09-24 19:05:19.468446+00:00
GOOGL,2025-01-07 05:45:00+00:00,142.15518077218775,142.44537371714523,141.67158053725754,141.97551019342964,141.97551019342964,12181740.0,sample,2026-09-24 19:05:19.468446+00:00
GOOGL,2025-01-07 06:00:00+00:00,141.78588520502672,143.4258756638367,141.3573466133807,142.35870374086153,142.35870374086153,17338134.0,sample,2026-09-24 19:05:19.468446+00:00
GOOGL,2025-01-07 06:15:00+00:00,142.3588389284841,143.3497357110533,140.92987823669063,142.09089304344323,142.09089304344323,5897830.0,sample,2026-09-24 19:05:19.468446+00:00
GOOGL,2025-01-07 06:30:00+00:00,142.19875417802885,142.34461056195568,141.40218079387077,141.98964705105476,141.98964705105476,16308537.0,sample,2026-09-24 19:05:19.468446+00:00
GOOGL,2025-01-07 06:45:00+00:00,142.39432446797667,144.00690606184898,140.98332310979777,142.17375165828022,142.17375165828022,13065664.0,sample,2026-09-24 19:05:19.468446+00:00
GOOGL,2025-01-07 07:00:00+00:00,142.00237984885297,142.34150432188505,141.01789773975256,141.6783867748804,141.6783867748804,5882388.0,sample,2026-09-24 19:05:19.468446+00:00
GOOGL,2025-01-07 07:15:00+00:00,142.03806756527166,142.9158830709426,141.1150096210893,142.48351880925367,142.48351880925367,14083142.0,sample,2026-09-24 19:05:19.468446+00:00
GOOGL,2025-01-07 07:30:00+00:00,142.4626346144167,143.93522606788383,141.4610668818416,142.02876253613752,142.02876253613752,4008708.0,sample,2026-09-24 19:05:19.468446+00:00
GOOGL,2025-01-07 07:45:00+00:00,142.14385113858032,143.148166628133,141.15823872601408,142.90889484475395,142.90889484475395,12796240.0,sample,2026-09-24 19:05:19.468446+00:00
GOOGL,2025-01-07 08:00:00+00:00,143.62213245668474,143.87950815931694,141.4490517927273,142.7924366217594,142.7924366217594,14150765.0,sample,2026-09-24 19:05:19.468446+00:00
GOOGL,2025-01-07 08:15:00+00:00,142.72308342657195,144.33342010550405,141.56128518327324,142.9723873498238,142.9723873498238,10993529.0,sample,2026-09-24 19:05:19.468446+00:00
GOOGL,2025-01-07 08:30:00+00:00,142.99759471463963,143.61311482127533,141.94473881254146,143.26054921637171,143.26054921637171,8323512.0,sample,2026-09-24 19:05:19.468446+00:00
GOOGL,2025-01-07 08:45:00+00:00,143.27775859160417,145.1024785487735,141.91715264408964,144.05781352239723,144.05781352239723,12732317.0,sample,2026-09-24 19:05:19.468446+00:00
GOOGL,2025-01-07 09:00:00+00:00,143.7756068517566,144.47911408476668,142.6097639701991,143.8931222876293,143.8931222876293,16545263.0,sample,2026-09-24 19:05:19.468446+00:00
GOOGL,2025-01-07 09:15:00+00:00,143.75478961381512,144.99873388320285,142.49108752337582,143.9132187672141,143.9132187672141,7871475.0,sample,2026-09-24 19:05:19.468446+00:00
GOOGL,2025-01-07 09:30:00+00:00,144.07960281248285,144.64466093920052,142.58272060677845,143.86376565356665,143.86376565356665,5196549.0,sample,2026-09-24 19:05:19.468446+00:00
GOOGL,2025-01-07 09:45:00+00:00,143.85781464795875,145.36097818782403,143.17345855348574,143.94670649494748,143.94670649494748,7774670.0,sample,2026-09-24 19:05:19.468446+00:00
GOOGL,2025-01-07 10:00:00+00:00,143.69919755489917,144.56368171347592,143.50623075273793,143.90255037084665,143.90255037084665,4147956.0,sample,2026-09-24 19:05:19.468446+00:00
GOOGL,2025-01-07 10:15:00+00:00,144.08380089125555,145.84771700034048,143.25994717249958,144.32027784792623,144.32027784792623,8912263.0,sample,2026-09-24 19:05:19.468446+00:00
GOOGL,2025-01-07 10:30:00+00:00,144.10816094188587,145.6621990416924,142.7942499189359,143.52053031782185,143.52053031782185,14713053.0,sample,2026-09-24 19:05:19.468446+00:00
GOOGL,2025-01-07 10:45:00+00:00,143.04618666292794,143.87578864609725,142.56193609465322,143.1971957812774,143.1971957812774,2997821.0,sample,2026-09-24 19:05:19.468446+00:00
GOOGL,2025-01-07 11:00:00+00:00,143.1266375899617,143.94475226081497,141.50530877301034,143.59500901367986,143.59500901367986,4774768.0,sample,2026-09-24 19:05:19.468446+00:00
GOOGL,2025-01-07 11:15:00+00:00,143.98223596961918,144.69529992364485,142.58267932298074,143.52162089425013,143.52162089425013,11925904.0,sample,2026-09-24 19:05:19.468446+00:00
GOOGL,2025-01-07 11:30:00+00:00,143.40201213449083,145.89292676534203,142.1516445262447,144.92084097658852,144.92084097658852,17360429.0,sample,2026-09-24 19:05:19.468446+00:00
GOOGL,2025-01-07 11:45:00+00:00,144.929753212909,147.18212302973683,144.61334414417462,145.4872849675797,145.4872849675797,17515098.0,sample,2026-09-24 19:05:19.468446+00:00
GOOGL,2025-01-07 12:00:00+00:00,145.71417861154563,147.39519488419913,144.2246964283241,145.95082601078815,145.95082601078815,6643389.0,sample,2026-09-24 19:05:19.468446+00:00
GOOGL,2025-01-07 12:15:00+00:00,145.82931935662253,147.337232012357,145.2950181040638,145.7509474438057,145.7509474438057,3208831.0,sample,2026-09-24 19:05:19.468446+00:00
GOOGL,2025-01-07 12:30:00+00:00,146.01256829389604,147.138125330989,145.79820215355645,146.62887709342124,146.62887709342124,10862036.0,sample,2026-09-24 19:05:19.468446+00:00
GOOGL,2025-01-07 12:45:00+00:00,146.68818025518254,147.32733960398494,145.30854512575027,146.84282207520735,146.84282207520735,2787719.0,sample,2026-09-24 19:05:19.468446+00:00
GOOGL,2025-01-07 13:00:00+00:00,146.34603121799083,147.16082565712625,145.83891675776098,146.32433699187456,146.32433699187456,15376137.0,sample,2026-09-24 19:05:19.468446+00:00
GOOGL,2025-01-07 13:15:00+00:00,146.14810000231566,146.3479842599291,145.42640692887272,145.87442748600606,145.87442748600606,9536817.0,sample,2026-09-24 19:05:19.468446+00:00
GOOGL,2025-01-07 13:30:00+00:00,145.65424476114637,146.0923836365506,144.8564187885347,145.7568215769433,145.7568215769433,17061957.0,sample,2026-09-24 19:05:19.468446+00:00
GOOGL,2025-01-07 13:45:00+00:00,146.07484198746712,147.55327686739338,143.92278248449463,145.65532525017002,145.65532525017002,11532603.0,sample,2026-09-24 19:05:19.468446+00:00
GOOGL,2025-01-07 14:00:00+00:00,145.59284525927288,146.8431104986119,144.81099301856165,145.78566436806148,145.78566436806148,7815251.0,sample,2026-09-24 19:05:19.468446+00:00
GOOGL,2025-01-07 14:15:00+00:00,145.805390724792,148.26177981544487,145.11044490041394,146.62904532694589,146.62904532694589,6176551.0,sample,2026-09-24 19:05:19.468446+00:00
GOOGL,2025-01-07 14:30:00+00:00,146.58989316631846,148.94050282302206,145.3141246892194,147.49968381193958,147.49968381193958,14365731.0,sample,2026-09-24 19:05:19.468446+00:00
GOOGL,2025-01-07 14:45:00+00:00,147.19811829189555,148.6135830148822,146.7890691649789,147.46894291031236,147.46894291031236,3965226.0,sample,2026-09-24 19:05:19.468446+00:00
GOOGL,2025-01-07 15:00:00+00:00,147.3035547402896,149.4582888190141,145.8786974050109,147.87054727468453,147.87054727468453,13369225.0,sample,2026-09-24 19:05:19.468446+00:00
GOOGL,2025-01-07 15:15:00+00:00,148.1396468014656,149.3307226890782,146.77785549604695,148.81280693125507,148.81280693125507,14695382.0,sample,2026-09-24 19:05:19.468446+00:00
GOOGL,2025-01-07 15:30:00+00:00,148.62933699474507,150.0853272071202,147.550629615154,148.86969220850065,148.86969220850065,7878883.0,sample,2026-09-24 19:05:19.468446+00:00
GOOGL,2025-01-07 15:45:00+00:00,148.6409961849803,148.84876123564305,148.24350068141604,148.60977302902336,148.60977302902336,13117562.0,sample,2026-09-24 19:05:19.468446+00:00
GOOGL,2025-01-07 16:00:00+00:00,148.91648017990946,149.15958125302956,147.66752207748416,148.89206564373242,148.89206564373242,17589547.0,sample,2026-09-24 19:05:19.468446+00:00
GOOGL,2025-01-07 16:15:00+00:00,148.76761748598665,149.62565695991574,147.97587757268747,148.91535824943674,148.91535824943674,9986530.0,sample,2026-09-24 19:05:19.468446+00:00
GOOGL,2025-01-07 16:30:00+00:00,148.93600717529577,149.68362776953194,147.7437238391093,148.7676420631141,148.7676420631141,6786734.0,sample,2026-09-24 19:05:19.468446+00:00
GOOGL,2025-01-07 16:45:00+00:00,149.09481930419156,150.7578310210461,148.10150325845066,149.2206966563512,149.2206966563512,17905385.0,sample,2026-09-24 19:05:19.468446+00:00
GOOGL,2025-01-07 17:00:00+00:00,149.20714965545673,150.73654403046172,147.4432828602983,148.35988813087297,148.35988813087297,14121424.0,sample,2026-09-24 19:05:19.468446+00:00
GOOGL,2025-01-07 17:15:00+00:00,148.20379685007458,150.99809052110857,147.87290391697246,149.60314645297504,149.60314645297504,8536442.0,sample,2026-09-24 19:05:19.468446+00:00
GOOGL,2025-01-07 17:30:00+00:00,149.11515674964264,150.30292314379977,148.4629110890431,148.8077222498939,148.8077222498939,13816329.0,sample,2026-09-24 19:05:19.468446+00:00
GOOGL,2025-01-07 17:45:00+00:00,148.73930673206203,149.97210662811008,148.06231675515915,148.38065357325905,148.38065357325905,12843502.0,sample,2026-09-24 19:05:19.468446+00:00
GOOGL,2025-01-07 18:00:00+00:00,148.27543702036712,149.4051192030668,146.67710835549676,147.77094885076602,147.77094885076602,6276901.0,sample,2026-09-24 19:05:19.468446+00:00
GOOGL,2025-01-07 18:15:00+00:00,147.5118608543771,148.13770825273957,146.67296198803152,147.39486783287924,147.39486783287924,3875213.0,sample,2026-09-24 19:05:19.468446+00:00
GOOGL,2025-01-07 18:30:00+00:00,147.41137492513678,149.47989520978714,147.23118841247774,148.36720942399666,148.36720942399666,13166557.0,sample,2026-09-24 19:05:19.468446+00:00
GOOGL,2025-01-07 18:45:00+00:00,148.19230389975914,149.5061523930185,147.21614934720427,148.0683974329862,148.0683974329862,9774077.0,sample,2026-09-24 19:05:19.468446+00:00
GOOGL,2025-01-07 19:00:00+00:00,148.11386308183918,150.24549730960825,146.48182132797547,148.54429725567422,148.54429725567422,4899859.0,sample,2026-09-24 19:05:19.468446+00:00
GOOGL,2025-01-07 19:15:00+00:00,147.97342689248467,149.7361015328459,146.62587393406534,149.40892897212225,149.40892897212225,6890922.0,sample,2026-09-24 19:05:19.468446+00:00
GOOGL,2025-01-07 19:30:00+00:00,149.41251433760894,151.01011943442413,147.55687289085685,149.25922780003444,149.25922780003444,16977583.0,sample,2026-09-24 19:05:19.468446+00:00
GOOGL,2025-01-07 19:45:00+00:00,149.03322302779753,150.25951701220987,148.29655080849454,149.83204789395793,149.83204789395793,2843429.0,sample,2026-09-24 19:05:19.468446+00:00
GOOGL,2025-01-07 20:00:00+00:00,149.79262475068194,151.57560325952358,149.60247408557683,149.84748656650345,149.84748656650345,16752199.0,sample,2026-09-24 19:05:19.468446+00:00
GOOGL,2025-01-07 20:15:00+00:00,149.97696130528553,152.2573494308685,149.80128317409537,150.56519860947878,150.56519860947878,13372229.0,sample,2026-09-24 19:05:19.468446+00:00
GOOGL,2025-01-07 20:30:00+00:00,150.40822622089297,152.30322700485095,149.81530447194044,151.15514984022,151.15514984022,8065082.0,sample,2026-09-24 19:05:19.468446+00:00
GOOGL,2025-01-07 20:45:00+00:00,150.85059866631164,153.23812351676605,150.56198971920412,151.97560270143796,151.97560270143796,17332141.0,sample,2026-09-24 19:05:19.468446+00:00
GOOGL,2025-01-07 21:00:00+00:00,152.01210936279605,153.76595993811287,150.542217413409,152.10963897388723,152.10963897388723,2603098.0,sample,2026-09-24 19:05:19.468446+00:00
GOOGL,2025-01-07 21:15:00+00:00,151.69648360623646,152.52662212028537,149.74241920991975,151.27565879394172,151.27565879394172,17979722.0,sample,2026-09-24 19:05:19.468446+00:00
GOOGL,2025-01-07 21:30:00+00:00,151.07734777377357,152.5601286760718,149.8283087043394,151.33091629708582,151.33091629708582,16181152.0,sample,2026-09-24 19:05:19.468446+00:00
GOOGL,2025-01-07 21:45:00+00:00,151.91403942161025,152.17348232015686,150.74506144596032,151.0265654786904,151.0265654786904,10019045.0,sample,2026-09-24 19:05:19.468446+00:00
GOOGL,2025-01-07 22:00:00+00:00,150.92456995773702,152.59711948336331,150.00790246954276,151.23747376663144,151.23747376663144,9126994.0,sample,2026-09-24 19:05:19.468446+00:00
GOOGL,2025-01-07 22:15:00+00:00,151.11111255847845,153.3333947675988,150.5836174059357,151.81766512103047,151.81766512103047,15626006.0,sample,2026-09-24 19:05:19.468446+00:00
GOOGL,2025-01-07 22:30:00+00:00,151.34738413413126,152.8039234567475,149.44892715959088,150.69651334235408,150.69651334235408,6209300.0,sample,2026-09-24 19:05:19.468446+00:00
GOOGL,2025-01-07 22:45:00+00:00,150.41182913727698,152.33186554304694,149.19490122908095,150.7552088454823,150.7552088454823,14306071.0,sample,2026-09-24 19:05:19.468446+00:00
GOOGL,2025-01-07 23:00:00+00:00,150.21336712049515,152.1308424787958,149.84622406253092,150.81747004152066,150.81747004152066,8285794.0,sample,2026-09-24 19:05:19.468446+00:00
GOOGL,2025-01-07 23:15:00+00:00,150.79765563257618,152.19739460502961,149.81150641758427,151.58173719129275,151.58173719129275,13095224.0,sample,2026-09-24 19:05:19.468446+00:00
GOOGL,2025-01-07 23:30:00+00:00,151.90642092211462,153.1183371443894,149.75256375814692,150.89477194287525,150.89477194287525,8458590.0,sample,2026-09-24 19:05:19.468446+00:00
GOOGL,2025-01-07 23:45:00+00:00,150.72895952026897,151.390560920377,149.95894994152266,151.15620602908746,151.15620602908746,2099590.0,sample,2026-09-24 19:05:19.468446+00:00
GOOGL,2025-01-08 00:00:00+00:00,150.859127965833,152.4598733214627,150.24786493337442,150.9862002634377,150.9862002634377,7293892.0,sample,2026-09-24 19:05:19.468446+00:00
GOOGL,2025-01-08 00:15:00+00:00,151.0230380845131,152.02616705037698,148.82397285288314,149.88568967183457,149.88568967183457,14688517.0,sample,2026-09-24 19:05:19.468446+00:00
GOOGL,2025-01-08 00:30:00+00:00,149.79697943587067,152.07127810428545,148.61408601738538,150.5921474628165,150.5921474628165,8092865.0,sample,2026-09-24 19:05:19.468446+00:00
GOOGL,2025-01-08 00:45:00+00:00,150.52889910505235,151.39609175050697,149.93812521725104,150.35020960329908,150.35020960329908,16459568.0,sample,2026-09-24 19:05:19.468446+00:00
GOOGL,2025-01-08 01:00:00+00:00,150.40166143581686,151.1123653728319,147.09615301733763,148.03301595353852,148.03301595353852,12818397.0,sample,2026-09-24 19:05:19.468446+00:00
GOOGL,2025-01-08 01:15:00+00:00,147.8510762655552,149.30318652659832,146.20351689082642,148.30427427998782,148.30427427998782,14208332.0,sample,2026-09-24 19:05:19.468446+00:00
GOOGL,2025-01-08 01:30:00+00:00,147.86913441167306,149.04870944432616,145.91214399108216,147.6655853073741,147.6655853073741,8262353.0,sample,2026-09-24 19:05:19.468446+00:00
GOOGL,2025-01-08 01:45:00+00:00,147.64803803387753,148.79601871033393,146.27538110998864,147.64307990722415,147.64307990722415,15663530.0,sample,2026-09-24 19:05:19.468446+00:00
GOOGL,2025-01-08 02:00:00+00:00,147.598898383309,149.57701137562304,146.48178349482617,148.12724242580765,148.12724242580765,3370991.0,sample,2026-09-24 19:05:19.468446+00:00
GOOGL,2025-01-08 02:15:00+00:00,148.13024578816115,149.261437634044,147.01255449613413,148.17512166877015,148.17512166877015,10889073.0,sample,2026-09-24 19:05:19.468446+00:00
GOOGL,2025-01-08 02:30:00+00:00,147.55785588596825,148.16591957856684,146.96584979943597,147.95513810597637,147.95513810597637,6808035.0,sample,2026-09-24 19:05:19.468446+00:00
GOOGL,2025-01-08 02:45:00+00:00,147.73999565633397,148.25607568918713,146.1561510220825,148.08627513507454,148.08627513507454,12862178.0,sample,2026-09-24 19:05:19.468446+00:00
GOOGL,2025-01-08 03:00:00+00:00,147.9114505707619,148.1526794732763,147.1987076789347,147.83345903161015,147.83345903161015,12130601.0,sample,2026-09-24 19:05:19.468446+00:00
GOOGL,2025-01-08 03:15:00+00:00,147.8834742218155,149.5914768184683,146.84946320675246,148.70566951329755,148.70566951329755,15669365.0,sample,2026-09-24 19:05:19.468446+00:00
GOOGL,2025-01-08 03:30:00+00:00,148.35834143322296,149.27696473750527,147.66072546695818,148.44881281886595,148.44881281886595,7002138.0,sample,2026-09-24 19:05:19.468446+00:00
GOOGL,2025-01-08 03:45:00+00:00,148.14359541434382,148.8960367761897,146.96190738111574,148.33980641832386,148.33980641832386,4140831.0,sample,2026-09-24 19:05:19.468446+00:00
GOOGL,2025-01-08 04:00:00+00:00,148.02215985865996,148.89041821121165,147.58065843484994,148.39811519843784,148.39811519843784,10847491.0,sample,2026-09-24 19:05:19.468446+00:00
GOOGL,2025-01-08 04:15:00+00:00,148.9604557810796,149.48053795854594,145.9922428709232,147.64026351125722,147.64026351125722,13268732.0,sample,2026-09-24 19:05:19.468446+00:00
GOOGL,2025-01-08 04:30:00+00:00,147.17415519929796,147.9465361777135,145.71514112694982,146.67133408982514,146.67133408982514,9607489.0,sample,2026-09-24 19:05:19.468446+00:00
GOOGL,2025-01-08 04:45:00+00:00,146.71792267971847,148.11098212075194,146.22257497536822,146.72461191943765,146.72461191943765,9408119.0,sample,2026-09-24 19:05:19.468446+00:00
GOOGL,2025-01-08 05:00:00+00:00,146.0149076835156,148.3565904127039,145.1804438051296,146.80408492669528,146.80408492669528,9546280.0,sample,2026-09-24 19:05:19.468446+00:00
GOOGL,2025-01-08 05:15:00+00:00,147.11220885750973,147.8206750046832,145.89161272720483,147.09203770495674,147.09203770495674,7341057.0,sample,2026-09-24 19:05:19.468446+00:00
GOOGL,2025-01-08 05:30:00+00:00,146.99584467301344,149.34708660231288,145.64843066593238,148.47279741815584,148.47279741815584,3071324.0,sample,2026-09-24 19:05:19.468446+00:00
GOOGL,2025-01-08 05:45:00+00:00,149.11697809135552,149.759648811572,147.02628863323068,148.22871081349658,148.22871081349658,17943474.0,sample,2026-09-24 19:05:19.468446+00:00
GOOGL,2025-01-08 06:00:00+00:00,148.5751982131565,150.32895157848696,146.79569576059617,149.27164735321327,149.27164735321327,9527571.0,sample,2026-09-24 19:05:19.468446+00:00
GOOGL,2025-01-08 06:15:00+00:00,148.81355575937255,150.85848633024094,148.10928547842863,150.38437736505648,150.38437736505648,1584954.0,sample,2026-09-24 19:05:19.468446+00:00
GOOGL,2025-01-08 06:30:00+00:00,150.39569945176424,152.50418162459658,149.11631660126807,150.70942008708016,150.70942008708016,15647826.0,sample,2026-09-24 19:05:19.468446+00:00
GOOGL,2025-01-08 06:45:00+00:00,150.665895433966,151.950375823407,149.4181863102384,150.7010243090443,150.7010243090443,15535281.0,sample,2026-09-24 19:05:19.468446+00:00
GOOGL,2025-01-08 07:00:00+00:00,150.62696452869503,152.33235200624506,148.92822042219362,150.00620398285005,150.00620398285005,8930743.0,sample,2026-09-24 19:05:19.468446+00:00
GOOGL,2025-01-08 07:15:00+00:00,150.4913291824541,152.14677157041075,150.03551301968307,151.1468239249479,151.1468239249479,5125321.0,sample,2026-09-24 19:05:19.468446+00:00
GOOGL,2025-01-08 07:30:00+00:00,150.93608470716376,151.71390349370486,150.7725363270476,150.98352877972667,150.98352877972667,13200291.0,sample,2026-09-24 19:05:19.468446+00:00
GOOGL,2025-01-08 07:45:00+00:00,151.29727902907487,153.00068721067248,150.86194056099185,151.29701244971073,151.29701244971073,2401663.0,sample,2026-09-24 19:05:19.468446+00:00
GOOGL,2025-01-08 08:00:00+00:00,150.97793972475503,152.7709075626342,149.76074560388136,151.09534188460762,151.09534188460762,15297009.0,sample,2026-09-24 19:05:19.468446+00:00
GOOGL,2025-01-08 08:15:00+00:00,151.16101879686335,151.83356253817868,149.7435082602739,151.21867625294433,151.21867625294433,10379153.0,sample,2026-09-24 19:05:19.468446+00:00
GOOGL,2025-01-08 08:30:00+00:00,151.98976914178328,153.22858958081878,150.29675830956018,150.8671148317222,150.8671148317222,4033628.0,sample,2026-09-24 19:05:19.468446+00:00
GOOGL,2025-01-08 08:45:00+00:00,150.49255080954305,151.1142906998345,149.24813768263542,150.6410073520945,150.6410073520945,6004925.0,sample,2026-09-24 19:05:19.468446+00:00
GOOGL,2025-01-08 09:00:00+00:00,150.3657882939165,152.0196710785021,148.6685560159683,150.08161496929029,150.08161496929029,12457341.0,sample,2026-09-24 19:05:19.468446+00:00
GOOGL,2025-01-08 09:15:00+00:00,150.00808759501638,151.9913332923633,149.5550152579804,150.5456749547451,150.5456749547451,16901187.0,sample,2026-09-24 19:05:19.468446+00:00
GOOGL,2025-01-08 09:30:00+00:00,150.61558382180334,150.92767876315045,148.92035568463675,150.5770443074755,150.5770443074755,7224483.0,sample,2026-09-24 19:05:19.468446+00:00
GOOGL,2025-01-08 09:45:00+00:00,150.58873223052382,152.4122080446006,149.5350637714228,150.86006767114884,150.86006767114884,14574553.0,sample,2026-09-24 19:05:19.468446+00:00
GOOGL,2025-01-08 10:00:00+00:00,150.4436056273196,151.44608411098596,149.4174846516921,150.39902756160078,150.39902756160078,17597805.0,sample,2026-09-24 19:05:19.468446+00:00
GOOGL,2025-01-08 10:15:00+00:00,150.72054058926963,152.1128858817109,147.71205977434064,149.49603355614832,149.49603355614832,15561270.0,sample,2026-09-24 19:05:19.468446+00:00
GOOGL,2025-01-08 10:30:00+00:00,149.97686177908116,151.00402879620418,148.43847985529644,150.639065993723,150.639065993723,16412964.0,sample,2026-09-24 19:05:19.468446+00:00
GOOGL,2025-01-08 10:45:00+00:00,150.85427209393956,151.90281598375614,149.24665615100037,149.66333368718418,149.66333368718418,8086914.0,sample,2026-09-24 19:05:19.468446+00:00
GOOGL,2025-01-08 11:00:00+00:00,149.68784917976996,150.69961433635285,148.3752824906226,149.83841279253227,149.83841279253227,9462130.0,sample,2026-09-24 19:05:19.468446+00:00
GOOGL,2025-01-08 11:15:00+00:00,150.05438587345606,150.48010341907306,148.27589153668157,149.83310602559746,149.83310602559746,9533138.0,sample,2026-09-24 19:05:19.468446+00:00
GOOGL,2025-01-08 11:30:00+00:00,149.61457948395253,150.25431912231392,149.17392435755312,149.45001678745064,149.45001678745064,7646196.0,sample,2026-09-24 19:05:19.468446+00:00
GOOGL,2025-01-08 11:45:00+00:00,149.4096255866206,151.33218073220752,148.0010822521628,150.35957635857824,150.35957635857824,2706752.0,sample,2026-09-24 19:05:19.468446+00:00
GOOGL,2025-01-08 12:00:00+00:00,150.31500235930574,151.8272311018577,149.12822296410798,150.37135338425017,150.37135338425017,15730656.0,sample,2026-09-24 19:05:19.468446+00:00
GOOGL,2025-01-08 12:15:00+00:00,150.46727245681782,151.549761094351,149.35841105208192,151.04444901350647,151.04444901350647,11909247.0,sample,2026-09-24 19:05:19.468446+00:00
GOOGL,2025-01-08 12:30:00+00:00,151.09998182466055,152.66425151129346,150.11754089588405,150.98449516920218,150.98449516920218,2036069.0,sample,2026-09-24 19:05:19.468446+00:00
GOOGL,2025-01-08 12:45:00+00:00,151.0511937078362,152.07033210176706,149.134427238795,150.643366006963,150.643366006963,10510563.0,sample,2026-09-24 19:05:19.468446+00:00
GOOGL,2025-01-08 13:00:00+00:00,150.57162778687604,152.59313821827047,149.05573757056683,150.83722608733302,150.83722608733302,9355435.0,sample,2026-09-24 19:05:19.468446+00:00
GOOGL,2025-01-08 13:15:00+00:00,151.09835042204,152.1740176924933,150.1488842521097,150.4186144477325,150.4186144477325,17573091.0,sample,2026-09-24 19:05:19.468446+00:00
GOOGL,2025-01-08 13:30:00+00:00,150.61199092117792,151.3174916115582,150.24132533521188,150.50033085709737,150.50033085709737,1818436.0,sample,2026-09-24 19:05:19.468446+00:00
GOOGL,2025-01-08 13:45:00+00:00,150.54364165156184,152.13887150678323,149.83946889189107,150.88531807683063,150.88531807683063,11335611.0,sample,2026-09-24 19:05:19.468446+00:00
GOOGL,2025-01-08 14:00:00+00:00,150.57401184329495,151.82308664561393,149.03863787987987,149.84372651272867,149.84372651272867,6140469.0,sample,2026-09-24 19:05:19.468446+00:00
GOOGL,2025-01-08 14:15:00+00:00,150.34928298739348,152.29477491067638,150.06649049570595,150.6390204360362,150.6390204360362,10457558.0,sample,2026-09-24 19:05:19.468446+00:00
GOOGL,2025-01-08 14:30:00+00:00,151.33028721482378,152.53106576337169,149.84268139618248,151.8676999469211,151.8676999469211,17726542.0,sample,2026-09-24 19:05:19.468446+00:00
GOOGL,2025-01-08 14:45:00+00:00,151.8633192362157,152.41033379261967,149.81711829819085,150.60779044228644,150.60779044228644,2947331.0,sample,2026-09-24 19:05:19.468446+00:00
GOOGL,2025-01-08 15:00:00+00:00,151.01042208412184,152.2917513421534,150.43925851277103,150.9373659750156,150.9373659750156,6307549.0,sample,2026-09-24 19:05:19.468446+00:00
GOOGL,2025-01-08 15:15:00+00:00,150.75649478659386,151.58265772268618,149.42218587654108,151.0248236103912,151.0248236103912,11370372.0,sample,2026-09-24 19:05:19.468446+00:00
GOOGL,2025-01-08 15:30:00+00:00,151.28796166893986,153.00348981738145,149.62273169334685,152.0451782046151,152.0451782046151,6073929.0,sample,2026-09-24 19:05:19.468446+00:00
GOOGL,2025-01-08 15:45:00+00:00,152.12885705124853,154.14326080038853,150.4458583512992,152.36383918134845,152.36383918134845,1708070.0,sample,2026-09-24 19:05:19.468446+00:00
GOOGL,2025-01-08 16:00:00+00:00,152.6234199873196,154.08874720592613,151.53659910223024,152.5098195292751,152.5098195292751,12929155.0,sample,2026-09-24 19:05:19.468446+00:00
GOOGL,2025-01-08 16:15:00+00:00,152.72057532436924,154.38705475428785,150.9043236285623,152.8706805486757,152.8706805486757,7804322.0,sample,2026-09-24 19:05:19.468446+00:00
GOOGL,2025-01-08 16:30:00+00:00,153.2043048790282,153.5075101456998,152.16257382807197,152.43560728163885,152.43560728163885,12350888.0,sample,2026-09-24 19:05:19.468446+00:00
GOOGL,2025-01-08 16:45:00+00:00,152.26941825861357,153.16342311531,150.94528772742984,151.4477998604268,151.4477998604268,5023322.0,sample,2026-09-24 19:05:19.468446+00:00
GOOGL,2025-01-08 17:00:00+00:00,151.49178455859314,152.67904708055394,150.46210103002537,151.61053550487543,151.61053550487543,2935766.0,sample,2026-09-24 19:05:19.468446+00:00
GOOGL,2025-01-08 17:15:00+00:00,151.83657299046874,152.72616248779175,150.66495300355984,151.71215913644428,151.71215913644428,2245394.0,sample,2026-09-24 19:05:19.468446+00:00
GOOGL,2025-01-08 17:30:00+00:00,150.96211463267252,152.6863277286836,149.39550585913946,151.5987172612994,151.5987172612994,12484472.0,sample,2026-09-24 19:05:19.468446+00:00
GOOGL,2025-01-08 17:45:00+00:00,151.8631486379408,152.29137780996092,149.466232160365,150.8598953747736,150.8598953747736,2669138.0,sample,2026-09-24 19:05:19.468446+00:00
GOOGL,2025-01-08 18:00:00+00:00,150.52562274219747,152.53166563753143,149.57520916267438,150.86205224098057,150.86205224098057,17018770.0,sample,2026-09-24 19:05:19.468446+00:00
GOOGL,2025-01-08 18:15:00+00:00,150.77657507837338,151.72404127380017,149.9938830698207,150.2838114400037,150.2838114400037,15886309.0,sample,2026-09-24 19:05:19.468446+00:00
GOOGL,2025-01-08 18:30:00+00:00,150.66043279702106,151.9864214115297,148.66053091271593,149.95549156683126,149.95549156683126,17598481.0,sample,2026-09-24 19:05:19.468446+00:00
GOOGL,2025-01-08 18:45:00+00:00,149.8637677853649,150.76779256694772,148.67167693151924,149.0843597806675,149.0843597806675,3755231.0,sample,2026-09-24 19:05:19.468446+00:00
GOOGL,2025-01-08 19:00:00+00:00,148.5243323178739,150.31597556287306,148.16908540371597,148.6666316666359,148.6666316666359,10712292.0,sample,2026-09-24 19:05:19.468446+00:00
GOOGL,2025-01-08 19:15:00+00:00,148.87514172329443,149.09864875195132,147.8106401792418,148.33630158171576,148.33630158171576,12215086.0,sample,2026-09-24 19:05:19.468446+00:00
GOOGL,2025-01-08 19:30:00+00:00,148.01143666688583,148.59471546609424,146.29385943611933,147.81592938748383,147.81592938748383,11174459.0,sample,2026-09-24 19:05:19.468446+00:00
GOOGL,2025-01-08 19:45:00+00:00,147.77147322469838,148.76620542729796,145.23158990017723,146.85725518674715,146.85725518674715,15605317.0,sample,2026-09-24 19:05:19.468446+00:00
GOOGL,2025-01-08 20:00:00+00:00,146.5935548477175,148.17367952186444,145.32844892581957,147.44531490157644,147.44531490157644,12237624.0,sample,2026-09-24 19:05:19.468446+00:00
GOOGL,2025-01-08 20:15:00+00:00,147.69921393108083,148.0567746815235,145.3776743491484,146.85872002174543,146.85872002174543,8763434.0,sample,2026-09-24 19:05:19.468446+00:00
GOOGL,2025-01-08 20:30:00+00:00,147.0503897381926,147.3983818619822,145.21990606088391,146.6120863350996,146.6120863350996,14527758.0,sample,2026-09-24 19:05:19.468446+00:00
GOOGL,2025-01-08 20:45:00+00:00,146.78973568302413,147.56423008499962,145.51781301169447,146.73323787837964,146.73323787837964,8542442.0,sample,2026-09-24 19:05:19.468446+00:00
GOOGL,2025-01-08 21:00:00+00:00,146.6621298132453,147.53565653027582,145.1316855988225,146.66161337231264,146.66161337231264,5688663.0,sample,2026-09-24 19:05:19.468446+00:00
GOOGL,2025-01-08 21:15:00+00:00,146.85411750551503,147.00543173755602,146.18628344544322,146.62374654896163,146.62374654896163,8873538.0,sample,2026-09-24 19:05:19.468446+00:00
GOOGL,2025-01-08 21:30:00+00:00,146.4755150234904,147.1599576988683,144.0430360583106,145.59005645667452,145.59005645667452,7153735.0,sample,2026-09-24 19:05:19.468446+00:00
GOOGL,2025-01-08 21:45:00+00:00,145.12284114025672,146.52143482564384,144.2466744207335,146.3088833480868,146.3088833480868,2741121.0,sample,2026-09-24 19:05:19.468446+00:00
GOOGL,2025-01-08 22:00:00+00:00,146.15064454040376,147.27875789959276,144.86126467921937,146.31079732741765,146.31079732741765,8386509.0,sample,2026-09-24 19:05:19.468446+00:00
GOOGL,2025-01-08 22:15:00+00:00,146.57279514762965,147.97154086315382,145.6157603610038,145.8037894283829,145.8037894283829,9236862.0,sample,2026-09-24 19:05:19.468446+00:00
GOOGL,2025-01-08 22:30:00+00:00,145.73731804991127,146.53415425460187,144.3743123701191,145.72242051021323,145.72242051021323,16382179.0,sample,2026-09-24 19:05:19.468446+00:00
GOOGL,2025-01-08 22:45:00+00:00,146.20306827637899,147.82017140619567,144.98152956783332,145.414749087879,145.414749087879,5117775.0,sample,2026-09-24 19:05:19.468446+00:00
GOOGL,2025-01-08 23:00:00+00:00,145.81794064194725,147.48413316173458,144.53171222408298,145.58339024992927,145.58339024992927,4985074.0,sample,2026-09-24 19:05:19.468446+00:00
GOOGL,2025-01-08 23:15:00+00:00,145.3567810541628,146.33612001377224,143.47381122662972,144.8551366201994,144.8551366201994,9583743.0,sample,2026-09-24 19:05:19.468446+00:00
GOOGL,2025-01-08 23:30:00+00:00,145.02456448709225,145.4474608298365,142.65653388647218,144.12114132458407,144.12114132458407,17631669.0,sample,2026-09-24 19:05:19.468446+00:00
GOOGL,2025-01-08 23:45:00+00:00,143.78733175979002,144.34950081867404,142.18518451172292,143.8445921993928,143.8445921993928,4193733.0,sample,2026-09-24 19:05:19.468446+00:00
GOOGL,2025-01-09 00:00:00+00:00,143.96779370000334,144.95558895378417,143.4546668188487,144.41949776243118,144.41949776243118,15374648.0,sample,2026-09-24 19:05:19.468446+00:00
GOOGL,2025-01-09 00:15:00+00:00,144.93068434529152,145.46548201753285,144.52832839204396,145.16548204437854,145.16548204437854,8358266.0,sample,2026-09-24 19:05:19.468446+00:00
GOOGL,2025-01-09 00:30:00+00:00,144.96524566050087,146.15664257220575,143.93195466718888,145.98394010603667,145.98394010603667,10255898.0,sample,2026-09-24 19:05:19.468446+00:00
GOOGL,2025-01-09 00:45:00+00:00,145.93873837828363,147.0384564723022,143.4753362209248,145.0003878973081,145.0003878973081,8045860.0,sample,2026-09-24 19:05:19.468446+00:00
GOOGL,2025-01-09 01:00:00+00:00,145.3504999219604,145.95083738288298,144.3737731835577,145.07814235852223,145.07814235852223,12019189.0,sample,2026-09-24 19:05:19.468446+00:00
GOOGL,2025-01-09 01:15:00+00:00,145.27839038174585,146.33001729401073,143.94484698272038,145.14156467625747,145.14156467625747,2229916.0,sample,2026-09-24 19:05:19.468446+00:00
GOOGL,2025-01-09 01:30:00+00:00,145.68627533778695,146.80170978634692,145.08095192254297,146.01712895400377,146.01712895400377,5057292.0,sample,2026-09-24 19:05:19.468446+00:00
GOOGL,2025-01-09 01:45:00+00:00,145.45497126009047,145.8849169527176,143.81544747493786,145.5905382993945,145.5905382993945,2107316.0,sample,2026-09-24 19:05:19.468446+00:00
GOOGL,2025-01-09 02:00:00+00:00,145.51457672678342,145.97183112295207,144.28030030336802,145.75886305434912,145.75886305434912,7408482.0,sample,2026-09-24 19:05:19.468446+00:00
GOOGL,2025-01-09 02:15:00+00:00,145.71255523133397,147.0503818490313,143.68995368048937,145.43242145916435,145.43242145916435,4140633.0,sample,2026-09-24 19:05:19.468446+00:00
GOOGL,2025-01-09 02:30:00+00:00,146.1646306993002,147.2833591932812,144.86293414961773,146.3560097066465,146.3560097066465,12332599.0,sample,2026-09-24 19:05:19.468446+00:00
GOOGL,2025-01-09 02:45:00+00:00,146.37258107251793,148.2329451272568,145.56544270798585,146.52313004105048,146.52313004105048,11099015.0,sample,2026-09-24 19:05:19.468446+00:00
GOOGL,2025-01-09 03:00:00+00:00,146.77759097559706,147.83795310370243,145.01736441519412,146.49558166720743,146.49558166720743,13663907.0,sample,2026-09-24 19:05:19.468446+00:00
GOOGL,2025-01-09 03:15:00+00:00,146.25490459691557,147.51989838411305,145.309192670063,146.77801176167995,146.77801176167995,5976617.0,sample,2026-09-24 19:05:19.468446+00:00
GOOGL,2025-01-09 03:30:00+00:00,146.70905006294285,148.1552750921799,144.10491496885453,145.8342728419825,145.8342728419825,11031296.0,sample,2026-09-24 19:05:19.468446+00:00
GOOGL,2025-01-09 03:45:00+00:00,145.62083569097285,147.6892839977681,145.0798665496866,146.17485073869847,146.17485073869847,2442334.0,sample,2026-09-24 19:05:19.468446+00:00
GOOGL,2025-01-09 04:00:00+00:00,145.65391110609644,147.7064808365314,144.6370400681468,146.02518703513172,146.02518703513172,11183780.0,sample,2026-09-24 19:05:19.468446+00:00
GOOGL,2025-01-09 04:15:00+00:00,146.07100479464575,146.9419111351115,145.59807289249207,145.83125041744944,145.83125041744944,17485538.0,sample,2026-09-24 19:05:19.468446+00:00
GOOGL,2025-01-09 04:30:00+00:00,145.620116519017,147.665189066207,144.55001892648903,146.3146099199662,146.3146099199662,7534350.0,sample,2026-09-24 19:05:19.468446+00:00
GOOGL,2025-01-09 04:45:00+00:00,145.87876031500585,147.99352077980234,145.13738504698333,146.96894741365563,146.96894741365563,1989569.0,sample,2026-09-24 19:05:19.468446+00:00
GOOGL,2025-01-09 05:00:00+00:00,147.70358935858974,149.2108690576065,145.3356546303673,147.066576340763,147.066576340763,2584035.0,sample,2026-09-24 19:05:19.468446+00:00
GOOGL,2025-01-09 05:15:00+00:00,147.17627474498823,148.7617479966451,145.57596291288917,146.1779827417814,146.1779827417814,14045590.0,sample,2026-09-24 19:05:19.468446+00:00
GOOGL,2025-01-09 05:30:00+00:00,145.89953917816248,146.74470630205485,143.44591245164082,144.86243828119885,144.86243828119885,1677507.0,sample,2026-09-24 19:05:19.468446+00:00
GOOGL,2025-01-09 05:45:00+00:00,144.68112417097882,146.36007867434373,143.5095598806392,145.5048527690874,145.5048527690874,12631188.0,sample,2026-09-24 19:05:19.468446+00:00
GOOGL,2025-01-09 06:00:00+00:00,146.01757316203893,147.1674917024506,144.9588131025572,146.64374138149273,146.64374138149273,14999883.0,sample,2026-09-24 19:05:19.468446+00:00
GOOGL,2025-01-09 06:15:00+00:00,146.53883421554792,148.1297648659131,145.66250782956772,146.68505205045076,146.68505205045076,12812530.0,sample,2026-09-24 19:05:19.468446+00:00
GOOGL,2025-01-09 06:30:00+00:00,146.88297979760915,148.86392506340079,145.49396679446426,147.49847147006224,147.49847147006224,17471037.0,sample,2026-09-24 19:05:19.468446+00:00
GOOGL,2025-01-09 06:45:00+00:00,147.22373423748127,148.42135228911206,146.2017076858184,146.7155972964555,146.7155972964555,11943464.0,sample,2026-09-24 19:05:19.468446+00:00
GOOGL,2025-01-09 07:00:00+00:00,146.3699657699353,148.35271472493793,145.45707528055067,147.24982351366356,147.24982351366356,7191353.0,sample,2026-09-24 19:05:19.468446+00:00
GOOGL,2025-01-09 07:15:00+00:00,147.87392546471844,148.70798137938965,147.00319877224953,147.18422765745083,147.18422765745083,1597455.0,sample,2026-09-24 19:05:19.468446+00:00
GOOGL,2025-01-09 07:30:00+00:00,147.11444378065187,148.96771588434623,146.5129049352885,147.5604066561726,147.5604066561726,11449596.0,sample,2026-09-24 19:05:19.468446+00:00
GOOGL,2025-01-09 07:45:00+00:00,147.5694167393734,148.35486818686124,146.75903106645274,147.38524930351795,147.38524930351795,4854766.0,sample,2026-09-24 19:05:19.468446+00:00
GOOGL,2025-01-09 08:00:00+00:00,147.34198846504327,147.85426790486056,146.22616772548753,147.52039568888281,147.52039568888281,12368774.0,sample,2026-09-24 19:05:19.468446+00:00
GOOGL,2025-01-09 08:15:00+00:00,147.43294323791412,148.99094648287848,146.49279307142288,147.37411638747312,147.37411638747312,1947607.0,sample,2026-09-24 19:05:19.468446+00:00
GOOGL,2025-01-09 08:30:00+00:00,147.3409172880601,148.14353378862134,145.38116612712938,146.1867118833424,146.1867118833424,8804438.0,sample,2026-09-24 19:05:19.468446+00:00
GOOGL,2025-01-09 08:45:00+00:00,146.3807601095059,147.94175775767408,144.14942794970892,145.29484939412225,145.29484939412225,15983379.0,sample,2026-09-24 19:05:19.468446+00:00
GOOGL,2025-01-09 09:00:00+00:00,145.02373619436824,146.213473011331,144.85188540525328,145.02659864506384,145.02659864506384,14981463.0,sample,2026-09-24 19:05:19.468446+00:00
GOOGL,2025-01-09 09:15:00+00:00,145.43207570184722,146.64519387591076,144.9844800787545,145.6162937332487,145.6162937332487,2891614.0,sample,2026-09-24 19:05:19.468446+00:00
GOOGL,2025-01-09 09:30:00+00:00,145.65989743386947,146.30518995651317,144.5256849675875,145.33794386855644,145.33794386855644,13451930.0,sample,2026-09-24 19:05:19.468446+00:00
GOOGL,2025-01-09 09:45:00+00:00,145.66489090820716,146.56935430315664,144.78328162375047,145.53835638005242,145.53835638005242,2529715.0,sample,2026-09-24 19:05:19.468446+00:00
GOOGL,2025-01-09 10:00:00+00:00,145.40945158900087,146.2059608095754,144.27444083459562,146.03823643100185,146.03823643100185,12544942.0,sample,2026-09-24 19:05:19.468446+00:00
GOOGL,2025-01-09 10:15:00+00:00,146.0487361590119,146.2675937321104,145.10321273592925,146.07036388749265,146.07036388749265,7520559.0,sample,2026-09-24 19:05:19.468446+00:00
GOOGL,2025-01-09 10:30:00+00:00,146.28355504790127,147.04841877429737,145.58667432551653,145.80719246997202,145.80719246997202,5690348.0,sample,2026-09-24 19:05:19.468446+00:00
GOOGL,2025-01-09 10:45:00+00:00,145.98236249579531,147.6127590356731,144.30462871978116,145.1925825200559,145.1925825200559,16383243.0,sample,2026-09-24 19:05:19.468446+00:00
GOOGL,2025-01-09 11:00:00+00:00,145.23571777721259,146.53555799925337,142.78199085726726,144.22845790312286,144.22845790312286,13675846.0,sample,2026-09-24 19:05:19.468446+00:00
GOOGL,2025-01-09 11:15:00+00:00,144.6833969993457,146.2325050043734,143.70308949911805,144.71396837582287,144.71396837582287,8616812.0,sample,2026-09-24 19:05:19.468446+00:00
GOOGL,2025-01-09 11:30:00+00:00,144.5445785154539,145.35143095264368,144.11513690485285,144.3725665269316,144.3725665269316,11234767.0,sample,2026-09-24 19:05:19.468446+00:00
GOOGL,2025-01-09 11:45:00+00:00,144.39730838177394,144.9259081360183,143.936568644795,144.67130708129434,144.67130708129434,1883805.0,sample,2026-09-24 19:05:19.468446+00:00
GOOGL,2025-01-09 12:00:00+00:00,144.42533756040177,146.04072953868516,142.82164592957554,143.63125957199617,143.63125957199617,11720809.0,sample,2026-09-24 19:05:19.468446+00:00
GOOGL,2025-01-09 12:15:00+00:00,143.74973209934777,144.94930077341104,142.4075651413684,143.47177212607278,143.47177212607278,8890469.0,sample,2026-09-24 19:05:19.468446+00:00
GOOGL,2025-01-09 12:30:00+00:00,143.43413222770621,145.75736192565054,142.09483640116997,144.09097557515736,144.09097557515736,15927648.0,sample,2026-09-24 19:05:19.468446+00:00
GOOGL,2025-01-09 12:45:00+00:00,144.12770139856028,145.13351747863516,143.70599802653047,144.46062592913682,144.46062592913682,2878645.0,sample,2026-09-24 19:05:19.468446+00:00
GOOGL,2025-01-09 13:00:00+00:00,144.20595723769696,144.5734813564427,142.91919024141714,144.38986713307654,144.38986713307654,17498254.0,sample,2026-09-24 19:05:19.468446+00:00
GOOGL,2025-01-09 13:15:00+00:00,143.84639646143088,145.83220131165564,142.8500855834877,144.27929618861992,144.27929618861992,5027386.0,sample,2026-09-24 19:05:19.468446+00:00
GOOGL,2025-01-09 13:30:00+00:00,143.9354234513542,145.69180965744732,142.21900584615773,144.76951045311003,144.76951045311003,13182854.0,sample,2026-09-24 19:05:19.468446+00:00
GOOGL,2025-01-09 13:45:00+00:00,144.98627873156644,146.60422959796128,144.40898648607444,144.5590859091524,144.5590859091524,7718364.0,sample,2026-09-24 19:05:19.468446+00:00
GOOGL,2025-01-09 14:00:00+00:00,144.4256584032663,145.78290740271504,144.1970050289332,144.3816764717964,144.3816764717964,12772491.0,sample,2026-09-24 19:05:19.468446+00:00
GOOGL,2025-01-09 14:15:00+00:00,144.0716239534718,146.97624134767887,142.76068395754814,145.5020536032041,145.5020536032041,5545359.0,sample,2026-09-24 19:05:19.468446+00:00
GOOGL,2025-01-09 14:30:00+00:00,145.09645781811318,146.37700378538545,144.01815182897616,146.19590023186453,146.19590023186453,13097043.0,sample,2026-09-24 19:05:19.468446+00:00
GOOGL,2025-01-09 14:45:00+00:00,146.29128476430077,147.43427608497393,144.21824230592793,145.2490968691958,145.2490968691958,10723842.0,sample,2026-09-24 19:05:19.468446+00:00
GOOGL,2025-01-09 15:00:00+00:00,145.1821661245171,146.76322947123137,144.92648846139173,145.35498912403278,145.35498912403278,14871015.0,sample,2026-09-24 19:05:19.468446+00:00
GOOGL,2025-01-09 15:15:00+00:00,145.1452397497655,146.11753558421884,144.03776854430257,145.66317024472625,145.66317024472625,16023509.0,sample,2026-09-24 19:05:19.468446+00:00
GOOGL,2025-01-09 15:30:00+00:00,145.27375413467112,145.45074462277276,143.67860404747466,144.81489868470294,144.81489868470294,7608266.0,sample,2026-09-24 19:05:19.468446+00:00
GOOGL,2025-01-09 15:45:00+00:00,144.72062373310123,145.15518561120854,143.6430871698444,144.04423359341206,144.04423359341206,4147446.0,sample,2026-09-24 19:05:19.468446+00:00
GOOGL,2025-01-09 16:00:00+00:00,143.8670081097644,144.79275028798915,143.55953169465718,143.72511182399185,143.72511182399185,10365176.0,sample,2026-09-24 19:05:19.468446+00:00
GOOGL,2025-01-09 16:15:00+00:00,143.5881981829054,144.0346947001285,142.22105579388526,143.332266733809,143.332266733809,15437514.0,sample,2026-09-24 19:05:19.468446+00:00
GOOGL,2025-01-09 16:30:00+00:00,143.53930841629958,143.7300080637256,141.63683787052378,142.11363717063838,142.11363717063838,10741708.0,sample,2026-09-24 19:05:19.468446+00:00
GOOGL,2025-01-09 16:45:00+00:00,141.93724870306627,144.8036901986634,141.49534347064483,143.2617758790785,143.2617758790785,4171675.0,sample,2026-09-24 19:05:19.468446+00:00
GOOGL,2025-01-09 17:00:00+00:00,143.59140489193845,145.00913197880823,141.4099431430764,143.11987366585083,143.11987366585083,5093250.0,sample,2026-09-24 19:05:19.468446+00:00
GOOGL,2025-01-09 17:15:00+00:00,143.35114543173836,144.044418051312,142.2028905358841,143.26601095471904,143.26601095471904,17050829.0,sample,2026-09-24 19:05:19.468446+00:00
GOOGL,2025-01-09 17:30:00+00:00,143.3254051092922,144.26719355622245,142.39720258846552,143.59682438765992,143.59682438765992,9351247.0,sample,2026-09-24 19:05:19.468446+00:00
GOOGL,2025-01-09 17:45:00+00:00,143.69076405923514,145.25571428159435,142.52383132299158,144.50833220489582,144.50833220489582,15709445.0,sample,2026-09-24 19:05:19.468446+00:00
GOOGL,2025-01-09 18:00:00+00:00,144.52091148816365,145.48294472223915,144.28727485605484,145.16152942116378,145.16152942116378,2364472.0,sample,2026-09-24 19:05:19.468446+00:00
GOOGL,2025-01-09 18:15:00+00:00,144.56944373335412,146.14722745111268,143.28666238211986,145.07723671641594,145.07723671641594,14312129.0,sample,2026-09-24 19:05:19.468446+00:00
GOOGL,2025-01-09 18:30:00+00:00,145.07620561854003,146.66110816078665,144.2966945719141,144.58669080169508,144.58669080169508,10101778.0,sample,2026-09-24 19:05:19.468446+00:00
GOOGL,2025-01-09 18:45:00+00:00,144.89161312054597,146.51753607193885,144.1115587468675,144.91962513289585,144.91962513289585,4886680.0,sample,2026-09-24 19:05:19.468446+00:00
GOOGL,2025-01-09 19:00:00+00:00,144.39195673148387,145.7208525794603,143.48801497688402,144.92339847722826,144.92339847722826,3440516.0,sample,2026-09-24 19:05:19.468446+00:00
GOOGL,2025-01-09 19:15:00+00:00,144.8049081918045,145.57625396495496,143.98056823272333,144.36846620042087,144.36846620042087,5165239.0,sample,2026-09-24 19:05:19.468446+00:00
GOOGL,2025-01-09 19:30:00+00:00,144.2700145942626,146.11332385561133,143.9129654255501,144.70796111505086,144.70796111505086,10549796.0,sample,2026-09-24 19:05:19.468446+00:00
GOOGL,2025-01-09 19:45:00+00:00,144.94491546482237,145.56279500314966,144.6833919588476,145.09005136925677,145.09005136925677,6984763.0,sample,2026-09-24 19:05:19.468446+00:00
GOOGL,2025-01-09 20:00:00+00:00,145.2357170059843,146.78503011536958,143.87921963468776,145.08288630235458,145.08288630235458,10845009.0,sample,2026-09-24 19:05:19.468446+00:00
GOOGL,2025-01-09 20:15:00+00:00,145.13434034720325,145.4512188585388,143.90406180667318,144.6937507901972,144.6937507901972,3498409.0,sample,2026-09-24 19:05:19.468446+00:00
GOOGL,2025-01-09 20:30:00+00:00,143.94972906588347,145.5853730431186,142.27884226266949,145.25683826459704,145.25683826459704,2311471.0,sample,2026-09-24 19:05:19.468446+00:00
GOOGL,2025-01-09 20:45:00+00:00,145.09821605369626,146.3776970685259,143.53260357977317,144.80688602375434,144.80688602375434,13931560.0,sample,2026-09-24 19:05:19.468446+00:00
GOOGL,2025-01-09 21:00:00+00:00,144.89037388166454,145.21024382341955,143.3915337753239,144.59356174763337,144.59356174763337,3784492.0,sample,2026-09-24 19:05:19.468446+00:00
GOOGL,2025-01-09 21:15:00+00:00,144.55243621164132,146.75650711761077,142.90774264986678,145.2776828915319,145.2776828915319,5509824.0,sample,2026-09-24 19:05:19.468446+00:00
GOOGL,2025-01-09 21:30:00+00:00,145.35569003051677,146.28941714533843,144.3599707947235,144.56919608412733,144.56919608412733,3255144.0,sample,2026-09-24 19:05:19.468446+00:00
GOOGL,2025-01-09 21:45:00+00:00,144.23060541056617,145.50461646099848,142.74210396263297,143.38282972179846,143.38282972179846,8365241.0,sample,2026-09-24 19:05:19.468446+00:00
GOOGL,2025-01-09 22:00:00+00:00,143.0861855208925,144.6153377088088,141.5478094890203,143.34247324492017,143.34247324492017,2932232.0,sample,2026-09-24 19:05:19.468446+00:00
GOOGL,2025-01-09 22:15:00+00:00,143.05854263913852,144.2758540141249,142.82071974722047,142.97034547710294,142.97034547710294,11140449.0,sample,2026-09-24 19:05:19.468446+00:00
GOOGL,2025-01-09 22:30:00+00:00,143.07655956516507,144.51145009005458,142.04981811996433,143.05977874795911,143.05977874795911,6030094.0,sample,2026-09-24 19:05:19.468446+00:00
GOOGL,2025-01-09 22:45:00+00:00,143.40546142838326,143.86444105281447,142.1002661853609,142.96786578548972,142.96786578548972,4584978.0,sample,2026-09-24 19:05:19.468446+00:00
GOOGL,2025-01-09 23:00:00+00:00,142.5281056132407,144.25927511344162,140.94964267822957,143.8727834045488,143.8727834045488,11497710.0,sample,2026-09-24 19:05:19.468446+00:00
GOOGL,2025-01-09 23:15:00+00:00,143.7686316987422,144.82704377033997,142.49872380866512,144.53757909443877,144.53757909443877,1616909.0,sample,2026-09-24 19:05:19.468446+00:00
GOOGL,2025-01-09 23:30:00+00:00,144.4556578937188,145.05403815955236,144.09445990066183,144.2439679210661,144.2439679210661,14011720.0,sample,2026-09-24 19:05:19.468446+00:00
GOOGL,2025-01-09 23:45:00+00:00,143.87108016323387,144.4199683399205,142.94049025774217,144.05208882918737,144.05208882918737,9752202.0,sample,2026-09-24 19:05:19.468446+00:00
GOOGL,2025-01-10 00:00:00+00:00,144.530400652843,145.34574813990403,142.3728106768301,144.00550462050393,144.00550462050393,5052803.0,sample,2026-09-24 19:05:19.468446+00:00
GOOGL,2025-01-10 00:15:00+00:00,144.39697967458355,146.0724016211485,142.83095077564832,143.91754841756784,143.91754841756784,16605880.0,sample,2026-09-24 19:05:19.468446+00:00
GOOGL,2025-01-10 00:30:00+00:00,143.99603495409104,144.23369888300812,141.1548124042637,142.78209959873473,142.78209959873473,7468682.0,sample,2026-09-24 19:05:19.468446+00:00
GOOGL,2025-01-10 00:45:00+00:00,142.68606630498155,144.16919299479227,142.05344480840486,142.9511366663754,142.9511366663754,13256788.0,sample,2026-09-24 19:05:19.468446+00:00
GOOGL,2025-01-10 01:00:00+00:00,142.5832407243205,144.61518659356298,141.8878283487001,143.47858183782503,143.47858183782503,6825987.0,sample,2026-09-24 19:05:19.468446+00:00
GOOGL,2025-01-10 01:15:00+00:00,143.02972874717162,144.18211059140947,142.63442916247735,143.4647662932501,143.4647662932501,17812534.0,sample,2026-09-24 19:05:19.468446+00:00
GOOGL,2025-01-10 01:30:00+00:00,143.28466210730048,145.20361031107967,142.8308575521011,143.53287001877982,143.53287001877982,11523743.0,sample,2026-09-24 19:05:19.468446+00:00
GOOGL,2025-01-10 01:45:00+00:00,143.28125830702533,144.576519068302,141.95072389183753,143.08268876845906,143.08268876845906,14525039.0,sample,2026-09-24 19:05:19.468446+00:00
GOOGL,2025-01-10 02:00:00+00:00,142.997593438183,143.65133098358615,141.79092509880482,143.44150970174195,143.44150970174195,8802755.0,sample,2026-09-24 19:05:19.468446+00:00
GOOGL,2025-01-10 02:15:00+00:00,143.63693784139963,145.32626383071357,142.8274908145268,143.492284399025,143.492284399025,15224424.0,sample,2026-09-24 19:05:19.468446+00:00
GOOGL,2025-01-10 02:30:00+00:00,143.52790839194878,144.31613577387722,142.6961352569653,143.9820583576636,143.9820583576636,11380834.0,sample,2026-09-24 19:05:19.468446+00:00
GOOGL,2025-01-10 02:45:00+00:00,144.01927348745542,146.20016766776467,143.07706879391995,144.79463459151282,144.79463459151282,6750893.0,sample,2026-09-24 19:05:19.468446+00:00
GOOGL,2025-01-10 03:00:00+00:00,145.16807436449537,146.49864186265185,143.9960345187808,144.58966842304994,144.58966842304994,6095052.0,sample,2026-09-24 19:05:19.468446+00:00
GOOGL,2025-01-10 03:15:00+00:00,144.65684741766916,146.0342461297222,144.06693593387544,145.47857299951121,145.47857299951121,2650412.0,sample,2026-09-24 19:05:19.468446+00:00
GOOGL,2025-01-10 03:30:00+00:00,145.2649717860332,145.8763866662961,144.92048963366477,145.58701844758386,145.58701844758386,12872736.0,sample,2026-09-24 19:05:19.468446+00:00
GOOGL,2025-01-10 03:45:00+00:00,144.99087693556217,146.6364616152538,144.67236530425936,145.97464575981033,145.97464575981033,16881909.0,sample,2026-09-24 19:05:19.468446+00:00
GOOGL,2025-01-10 04:00:00+00:00,145.7188521484649,146.66092878662184,144.697439776378,146.41535810006826,146.41535810006826,4298096.0,sample,2026-09-24 19:05:19.468446+00:00
GOOGL,2025-01-10 04:15:00+00:00,145.9223749835501,147.1652776582922,144.8826903648009,146.7942532441086,146.7942532441086,8886911.0,sample,2026-09-24 19:05:19.468446+00:00
GOOGL,2025-01-10 04:30:00+00:00,146.24093254407802,148.00386167103417,144.97892661912695,146.57540438024992,146.57540438024992,13258422.0,sample,2026-09-24 19:05:19.468446+00:00
GOOGL,2025-01-10 04:45:00+00:00,146.37841228829976,148.2016191659863,144.69627174842984,146.79296345322769,146.79296345322769,17461657.0,sample,2026-09-24 19:05:19.468446+00:00
GOOGL,2025-01-10 05:00:00+00:00,145.9683226184768,146.52453426692455,144.66399880128174,146.25778586784506,146.25778586784506,16897121.0,sample,2026-09-24 19:05:19.468446+00:00
GOOGL,2025-01-10 05:15:00+00:00,145.89912710178916,147.33364434817636,145.119040306964,146.51051069631418,146.51051069631418,12290801.0,sample,2026-09-24 19:05:19.468446+00:00
GOOGL,2025-01-10 05:30:00+00:00,146.47002589338817,147.42703601453277,144.8664574334281,146.76587458161296,146.76587458161296,10645401.0,sample,2026-09-24 19:05:19.468446+00:00
GOOGL,2025-01-10 05:45:00+00:00,146.90061324229956,147.75134284809377,146.6665940817993,147.03626211372543,147.03626211372543,17393613.0,sample,2026-09-24 19:05:19.468446+00:00
GOOGL,2025-01-10 06:00:00+00:00,147.36435835019884,148.965606107152,146.78062330092527,147.91684505281236,147.91684505281236,1885894.0,sample,2026-09-24 19:05:19.468446+00:00
GOOGL,2025-01-10 06:15:00+00:00,147.82508984649377,149.19668357128083,146.3615557434446,147.82423058840615,147.82423058840615,7040128.0,sample,2026-09-24 19:05:19.468446+00:00
GOOGL,2025-01-10 06:30:00+00:00,147.7159842256021,149.96835758357076,146.5175482169172,148.31549429264476,148.31549429264476,11465428.0,sample,2026-09-24 19:05:19.468446+00:00
GOOGL,2025-01-10 06:45:00+00:00,148.0299720488717,148.42908921325497,146.2267692417986,147.86927036390858,147.86927036390858,11790685.0,sample,2026-09-24 19:05:19.468446+00:00
GOOGL,2025-01-10 07:00:00+00:00,148.0404157865095,149.27966582881865,145.76759995477127,147.35391357626204,147.35391357626204,8621925.0,sample,2026-09-24 19:05:19.468446+00:00
GOOGL,2025-01-10 07:15:00+00:00,147.34512078951505,148.42790026668348,146.6782327881768,147.2151238970117,147.2151238970117,11240567.0,sample,2026-09-24 19:05:19.468446+00:00
GOOGL,2025-01-10 07:30:00+00:00,147.3248764295855,148.22837325002462,145.79256086164202,146.6399340946953,146.6399340946953,16702596.0,sample,2026-09-24 19:05:19.468446+00:00
GOOGL,2025-01-10 07:45:00+00:00,146.16868832147904,146.3700719566695,144.41954972607238,146.02177344462416,146.02177344462416,3815272.0,sample,2026-09-24 19:05:19.468446+00:00
GOOGL,2025-01-10 08:00:00+00:00,146.09279226856634,147.79409330616298,145.50173450276648,146.3890529102783,146.3890529102783,9589360.0,sample,2026-09-24 19:05:19.468446+00:00
GOOGL,2025-01-10 08:15:00+00:00,146.4093013810303,147.4178401890276,144.85820998670408,145.59192804481324,145.59192804481324,2353078.0,sample,2026-09-24 19:05:19.468446+00:00
GOOGL,2025-01-10 08:30:00+00:00,145.98959945413324,147.37823952012553,144.26365029381554,145.85036036511246,145.85036036511246,9382575.0,sample,2026-09-24 19:05:19.468446+00:00
GOOGL,2025-01-10 08:45:00+00:00,145.70050414671505,146.1753040620283,143.84762222810193,145.5819333222092,145.5819333222092,15411010.0,sample,2026-09-24 19:05:19.468446+00:00
GOOGL,2025-01-10 09:00:00+00:00,145.96629186809022,147.13747169284653,143.64209301934562,145.2022697927336,145.2022697927336,7476666.0,sample,2026-09-24 19:05:19.468446+00:00
GOOGL,2025-01-10 09:15:00+00:00,144.89199232227767,146.37258016110587,143.80140477864865,144.7684038169182,144.7684038169182,16253348.0,sample,2026-09-24 19:05:19.468446+00:00
GOOGL,2025-01-10 09:30:00+00:00,144.62718848778218,146.08731343121292,144.00752763014123,144.35119018441284,144.35119018441284,15037962.0,sample,2026-09-24 19:05:19.468446+00:00
GOOGL,2025-01-10 09:45:00+00:00,144.38278544466363,145.47600812647744,142.96979747482197,144.48757158028428,144.48757158028428,10563842.0,sample,2026-09-24 19:05:19.468446+00:00
GOOGL,2025-01-10 10:00:00+00:00,144.3988125789267,145.09845842999906,144.2349992076941,144.7546453304555,144.7546453304555,12372641.0,sample,2026-09-24 19:05:19.468446+00:00
GOOGL,2025-01-10 10:15:00+00:00,144.68360585883644,146.31166079247015,143.27132083745246,145.62252452932228,145.62252452932228,1775319.0,sample,2026-09-24 19:05:19.468446+00:00
GOOGL,2025-01-10 10:30:00+00:00,145.995070134363,146.7189209850718,143.20130268841072,144.90763948491573,144.90763948491573,6614510.0,sample,2026-09-24 19:05:19.468446+00:00
GOOGL,2025-01-10 10:45:00+00:00,145.44957743788748,146.5135698746279,143.45588113288352,144.63656267262337,144.63656267262337,6801477.0,sample,2026-09-24 19:05:19.468446+00:00
GOOGL,2025-01-10 11:00:00+00:00,144.70015595555398,145.560026410488,143.11416650916007,144.67085481516676,144.67085481516676,13648871.0,sample,2026-09-24 19:05:19.468446+00:00
GOOGL,2025-01-10 11:15:00+00:00,144.53267743978765,146.26051459690888,142.48907601437332,143.9363247403109,143.9363247403109,2336779.0,sample,2026-09-24 19:05:19.468446+00:00
GOOGL,2025-01-10 11:30:00+00:00,143.96468158548086,144.6245926500106,143.58561699693394,144.33485698609869,144.33485698609869,15157139.0,sample,2026-09-24 19:05:19.468446+00:00
GOOGL,2025-01-10 11:45:00+00:00,143.96700239111217,145.6076661942373,142.97535120675815,145.13925537327205,145.13925537327205,16222842.0,sample,2026-09-24 19:05:19.468446+00:00
GOOGL,2025-01-10 12:00:00+00:00,145.33163992744602,146.3078575658339,144.2437030517514,144.7962688882711,144.7962688882711,11356315.0,sample,2026-09-24 19:05:19.468446+00:00
GOOGL,2025-01-10 12:15:00+00:00,145.04690593220127,146.006455776328,144.4646069565432,145.20908581487964,145.20908581487964,1948683.0,sample,2026-09-24 19:05:19.468446+00:00
GOOGL,2025-01-10 12:30:00+00:00,145.29760409480244,146.25329377237065,143.98691541595213,144.38913130532865,144.38913130532865,15300725.0,sample,2026-09-24 19:05:19.468446+00:00
GOOGL,2025-01-10 12:45:00+00:00,144.1306835348514,145.79069372141043,143.28270227356114,143.46139635136694,143.46139635136694,11410350.0,sample,2026-09-24 19:05:19.468446+00:00
GOOGL,2025-01-10 13:00:00+00:00,143.12908448848793,144.24895096679495,141.6803810381468,143.95594379522413,143.95594379522413,13625632.0,sample,2026-09-24 19:05:19.468446+00:00
GOOGL,2025-01-10 13:15:00+00:00,144.1472802436466,145.5705800353282,143.57474823933887,144.17125783621367,144.17125783621367,16781629.0,sample,2026-09-24 19:05:19.468446+00:00
GOOGL,2025-01-10 13:30:00+00:00,144.54768326894444,146.2327170883233,141.88646402826225,143.0631511032222,143.0631511032222,10978081.0,sample,2026-09-24 19:05:19.468446+00:00
GOOGL,2025-01-10 13:45:00+00:00,143.4070957798583,143.6403226833466,141.62031901576006,142.73914077171443,142.73914077171443,17566601.0,sample,2026-09-24 19:05:19.468446+00:00
GOOGL,2025-01-10 14:00:00+00:00,142.86709664087212,144.1630431951878,141.77476446805775,142.2685324337053,142.2685324337053,12423128.0,sample,2026-09-24 19:05:19.468446+00:00
GOOGL,2025-01-10 14:15:00+00:00,141.24366025453097,142.39112646438443,139.5682939685225,141.96160268787855,141.96160268787855,12724091.0,sample,2026-09-24 19:05:19.468446+00:00
GOOGL,2025-01-10 14:30:00+00:00,141.46630561829068,142.7667442244615,140.71156929570338,141.48203324352255,141.48203324352255,17575595.0,sample,2026-09-24 19:05:19.468446+00:00
GOOGL,2025-01-10 14:45:00+00:00,140.88805538211517,142.52079836641352,140.7162199614387,141.32913203776266,141.32913203776266,1810870.0,sample,2026-09-24 19:05:19.468446+00:00
GOOGL,2025-01-10 15:00:00+00:00,141.6554037026622,142.91007565393363,139.77155682986526,141.14991388468673,141.14991388468673,12947316.0,sample,2026-09-24 19:05:19.468446+00:00
GOOGL,2025-01-10 15:15:00+00:00,141.68400098953612,141.86830761946896,140.7932150727654,141.28837801688022,141.28837801688022,12051343.0,sample,2026-09-24 19:05:19.468446+00:00
GOOGL,2025-01-10 15:30:00+00:00,141.29330117899931,143.00776115764597,141.11162602352312,141.7845462365512,141.7845462365512,7360152.0,sample,2026-09-24 19:05:19.468446+00:00
GOOGL,2025-01-10 15:45:00+00:00,142.18542948372655,142.6568056660716,140.51781421252136,141.20270134233087,141.20270134233087,2306759.0,sample,2026-09-24 19:05:19.468446+00:00
GOOGL,2025-01-10 16:00:00+00:00,141.09433129843023,143.51540599243154,140.7856617179852,142.27685937842483,142.27685937842483,14867841.0,sample,2026-09-24 19:05:19.468446+00:00
GOOGL,2025-01-10 16:15:00+00:00,142.26387090746368,143.6252112212268,140.88325873210255,142.0477599164291,142.0477599164291,16728469.0,sample,2026-09-24 19:05:19.468446+00:00
GOOGL,2025-01-10 16:30:00+00:00,141.5603476935437,142.6748961131588,141.16841963187244,141.92392417501483,141.92392417501483,12881793.0,sample,2026-09-24 19:05:19.468446+00:00
GOOGL,2025-01-10 16:45:00+00:00,142.15172241197286,142.70044360403375,140.6116038330661,141.89446951431486,141.89446951431486,4755110.0,sample,2026-09-24 19:05:19.468446+00:00
GOOGL,2025-01-10 17:00:00+00:00,141.8573227109648,142.98026695564096,140.25596871606308,141.95703753061727,141.95703753061727,13033463.0,sample,2026-09-24 19:05:19.468446+00:00
GOOGL,2025-01-10 17:15:00+00:00,141.97414539857152,144.34436420587994,141.80842432427292,142.98626442931533,142.98626442931533,16499056.0,sample,2026-09-24 19:05:19.468446+00:00
GOOGL,2025-01-10 17:30:00+00:00,143.0152999307719,144.42580645449314,142.18650037029846,143.69576727452895,143.69576727452895,11128493.0,sample,2026-09-24 19:05:19.468446+00:00
GOOGL,2025-01-10 17:45:00+00:00,143.95583057451273,144.54892381772666,142.56576624350961,143.50940474706871,143.50940474706871,10548043.0,sample,2026-09-24 19:05:19.468446+00:00
GOOGL,2025-01-10 18:00:00+00:00,143.134066766735,144.68421067343266,141.74422920539212,142.4597937544576,142.4597937544576,16132847.0,sample,2026-09-24 19:05:19.468446+00:00
GOOGL,2025-01-10 18:15:00+00:00,142.29554476472606,143.99364813097185,140.8958889981932,141.2553539315451,141.2553539315451,10101999.0,sample,2026-09-24 19:05:19.468446+00:00
GOOGL,2025-01-10 18:30:00+00:00,140.57712484220394,143.3155301334147,140.27970269830092,142.08699369380557,142.08699369380557,7686706.0,sample,2026-09-24 19:05:19.468446+00:00
GOOGL,2025-01-10 18:45:00+00:00,141.960292453139,142.2115155832771,140.65325525039086,141.16293843155367,141.16293843155367,13674437.0,sample,2026-09-24 19:05:19.468446+00:00
GOOGL,2025-01-10 19:00:00+00:00,140.98853769140374,142.41936569890177,140.07638364993556,140.83693102555668,140.83693102555668,7206575.0,sample,2026-09-24 19:05:19.468446+00:00
GOOGL,2025-01-10 19:15:00+00:00,140.9035058285915,141.09587416949054,139.1502686506097,140.57017142265303,140.57017142265303,10742020.0,sample,2026-09-24 19:05:19.468446+00:00
GOOGL,2025-01-10 19:30:00+00:00,140.39683687145669,141.2880560211419,138.81556053402784,139.80807934631437,139.80807934631437,16918631.0,sample,2026-09-24 19:05:19.468446+00:00
GOOGL,2025-01-10 19:45:00+00:00,139.44750955832492,140.2538990240601,138.6186489287504,139.9205483278576,139.9205483278576,4585105.0,sample,2026-09-24 19:05:19.468446+00:00
GOOGL,2025-01-10 20:00:00+00:00,140.1446860329843,141.51291712751097,138.77601899793274,139.40811313484284,139.40811313484284,3686253.0,sample,2026-09-24 19:05:19.468446+00:00
GOOGL,2025-01-10 20:15:00+00:00,139.43879821690993,140.00304062631375,138.24520139234966,139.75958570267838,139.75958570267838,11580794.0,sample,2026-09-24 19:05:19.468446+00:00
GOOGL,2025-01-10 20:30:00+00:00,139.76837885921876,140.5959746831892,138.69404099100223,139.33370999389345,139.33370999389345,16429717.0,sample,2026-09-24 19:05:19.468446+00:00
GOOGL,2025-01-10 20:45:00+00:00,139.29908042014242,140.44195036475074,137.5774987769914,139.02497495054766,139.02497495054766,4163520.0,sample,2026-09-24 19:05:19.468446+00:00
GOOGL,2025-01-10 21:00:00+00:00,139.43465574624048,140.7740976099124,138.41038565895903,139.57584064508046,139.57584064508046,14617386.0,sample,2026-09-24 19:05:19.468446+00:00
GOOGL,2025-01-10 21:15:00+00:00,139.74088114121716,139.9121863464527,139.09221439348343,139.3951101346834,139.3951101346834,15563901.0,sample,2026-09-24 19:05:19.468446+00:00
GOOGL,2025-01-10 21:30:00+00:00,139.5260612847199,140.284673678651,136.953562929525,138.33598451839364,138.33598451839364,1702122.0,sample,2026-09-24 19:05:19.468446+00:00
GOOGL,2025-01-10 21:45:00+00:00,138.466196409439,138.84975442351754,137.136562777819,138.00531123252983,138.00531123252983,11652274.0,sample,2026-09-24 19:05:19.468446+00:00
GOOGL,2025-01-10 22:00:00+00:00,137.72268307934763,138.49874390400169,136.07191772062433,138.0672732899591,138.0672732899591,7830169.0,sample,2026-09-24 19:05:19.468446+00:00
GOOGL,2025-01-10 22:15:00+00:00,138.10494914859822,140.1997429778606,137.78235182948072,138.67915696286929,138.67915696286929,13919211.0,sample,2026-09-24 19:05:19.468446+00:00
GOOGL,2025-01-10 22:30:00+00:00,138.58222312102635,139.51223157528884,137.80880734242115,138.46207576559547,138.46207576559547,10422473.0,sample,2026-09-24 19:05:19.468446+00:00
GOOGL,2025-01-10 22:45:00+00:00,138.41417899952134,139.3073673485291,136.709275448591,137.89802974014043,137.89802974014043,5919008.0,sample,2026-09-24 19:05:19.468446+00:00
GOOGL,2025-01-10 23:00:00+00:00,137.84201394370385,138.59551932961506,136.40190519685973,137.76470995772783,137.76470995772783,11382953.0,sample,2026-09-24 19:05:19.468446+00:00
GOOGL,2025-01-10 23:15:00+00:00,137.84984855067663,138.6373757158456,136.0629294155574,136.69342216160013,136.69342216160013,8615643.0,sample,2026-09-24 19:05:19.468446+00:00
GOOGL,2025-01-10 23:30:00+00:00,136.71447430125207,137.03920749350368,135.86726900216246,136.25511570326367,136.25511570326367,8302551.0,sample,2026-09-24 19:05:19.468446+00:00
GOOGL,2025-01-10 23:45:00+00:00,136.21066319465487,136.65455702621074,134.50421090958778,135.1830734350229,135.1830734350229,16672401.0,sample,2026-09-24 19:05:19.468446+00:00
GOOGL,2025-01-11 00:00:00+00:00,135.0426100385414,135.45268167611871,134.35682370477133,134.638873510871,134.638873510871,16128958.0,sample,2026-09-24 19:05:19.468446+00:00
GOOGL,2025-01-11 00:15:00+00:00,134.56332258686612,136.0533651630129,134.25308733374584,134.4743245630673,134.4743245630673,1824928.0,sample,2026-09-24 19:05:19.468446+00:00
GOOGL,2025-01-11 00:30:00+00:00,134.41089779388213,135.25939023383344,134.06458081052935,134.2368082419752,134.2368082419752,7229582.0,sample,2026-09-24 19:05:19.468446+00:00
GOOGL,2025-01-11 00:45:00+00:00,133.94869846805446,135.15888805602427,132.6309039763407,134.6681040732159,134.6681040732159,12755310.0,sample,2026-09-24 19:05:19.468446+00:00
GOOGL,2025-01-11 01:00:00+00:00,134.62922999279039,135.60218145137924,134.37551193841466,134.7896631380099,134.7896631380099,15981420.0,sample,2026-09-24 19:05:19.468446+00:00
GOOGL,2025-01-11 01:15:00+00:00,134.7539359925766,136.19957978948986,133.38757325732513,134.81722473485667,134.81722473485667,13002586.0,sample,2026-09-24 19:05:19.468446+00:00
GOOGL,2025-01-11 01:30:00+00:00,135.26982370481514,136.84994816863423,133.8378986453737,135.28220529291647,135.28220529291647,11151912.0,sample,2026-09-24 19:05:19.468446+00:00
GOOGL,2025-01-11 01:45:00+00:00,135.3966132247568,136.13614311932065,132.89932155451868,134.10540659560465,134.10540659560465,9607049.0,sample,2026-09-24 19:05:19.468446+00:00
GOOGL,2025-01-11 02:00:00+00:00,134.06212042625333,134.700222795734,133.0740148715815,133.94410928359613,133.94410928359613,4652412.0,sample,2026-09-24 19:05:19.468446+00:00
GOOGL,2025-01-11 02:15:00+00:00,134.04112526833433,135.61514379702237,132.71732879821872,133.42618860366426,133.42618860366426,12397384.0,sample,2026-09-24 19:05:19.468446+00:00
GOOGL,2025-01-11 02:30:00+00:00,133.52862125242737,134.90636032285724,132.54724469229822,133.82161583075572,133.82161583075572,17450958.0,sample,2026-09-24 19:05:19.468446+00:00
GOOGL,2025-01-11 02:45:00+00:00,133.7638673953844,134.5802621463012,132.68127287007655,133.50753266565715,133.50753266565715,5965741.0,sample,2026-09-24 19:05:19.468446+00:00
GOOGL,2025-01-11 03:00:00+00:00,133.5249159927281,133.8521910290334,132.76213981180928,133.67026292276213,133.67026292276213,8013250.0,sample,2026-09-24 19:05:19.468446+00:00
GOOGL,2025-01-11 03:15:00+00:00,133.85775898808524,135.11353051034297,132.73794336150354,134.19825104663053,134.19825104663053,4964728.0,sample,2026-09-24 19:05:19.468446+00:00
GOOGL,2025-01-11 03:30:00+00:00,133.76807077754333,135.04661524679724,133.44663453843285,134.8245829348628,134.8245829348628,11090668.0,sample,2026-09-24 19:05:19.468446+00:00
GOOGL,2025-01-11 03:45:00+00:00,134.83266957890766,136.24194050724716,133.22119550712054,134.83638540364922,134.83638540364922,12316649.0,sample,2026-09-24 19:05:19.468446+00:00
GOOGL,2025-01-11 04:00:00+00:00,134.7176296510576,136.40985311556716,133.7654922010323,135.20879728538713,135.20879728538713,4825605.0,sample,2026-09-24 19:05:19.468446+00:00
GOOGL,2025-01-11 04:15:00+00:00,134.97080627791635,136.6503901173379,133.57425236114548,136.23337007043585,136.23337007043585,15673147.0,sample,2026-09-24 19:05:19.468446+00:00
GOOGL,2025-01-11 04:30:00+00:00,136.625518007379,137.4965143750827,135.9899798062005,136.34459073320585,136.34459073320585,13076160.0,sample,2026-09-24 19:05:19.468446+00:00
GOOGL,2025-01-11 04:45:00+00:00,135.89005948743974,138.80766441559692,134.36244489485338,137.19341790022216,137.19341790022216,4670281.0,sample,2026-09-24 19:05:19.468446+00:00
GOOGL,2025-01-11 05:00:00+00:00,137.53785387222032,138.3740187031623,136.3742907378483,137.76379882931656,137.76379882931656,14343244.0,sample,2026-09-24 19:05:19.468446+00:00
GOOGL,2025-01-11 05:15:00+00:00,137.8210769345473,139.04431058559004,136.0960651003979,136.50022100944966,136.50022100944966,5973713.0,sample,2026-09-24 19:05:19.468446+00:00
GOOGL,2025-01-11 05:30:00+00:00,136.28847342586877,136.58150852367302,134.93084829235278,136.1242505750929,136.1242505750929,8711789.0,sample,2026-09-24 19:05:19.468446+00:00
GOOGL,2025-01-11 05:45:00+00:00,135.91977449804708,136.78573999869323,135.465223662588,135.91852516829556,135.91852516829556,12574476.0,sample,2026-09-24 19:05:19.468446+00:00
GOOGL,2025-01-11 06:00:00+00:00,135.98998252986252,137.3419291504757,134.92442703783678,135.67222530927177,135.67222530927177,10322481.0,sample,2026-09-24 19:05:19.468446+00:00
GOOGL,2025-01-11 06:15:00+00:00,135.61056244440923,136.8142115999823,133.27443016552317,134.8770726098642,134.8770726098642,6430289.0,sample,2026-09-24 19:05:19.468446+00:00
GOOGL,2025-01-11 06:30:00+00:00,135.0234851055652,135.53842777464214,132.31882374965284,133.66287083349218,133.66287083349218,4945077.0,sample,2026-09-24 19:05:19.468446+00:00
GOOGL,2025-01-11 06:45:00+00:00,133.2211165514845,135.283089209998,132.88667975535554,134.4575943267103,134.4575943267103,9349447.0,sample,2026-09-24 19:05:19.468446+00:00
GOOGL,2025-01-11 07:00:00+00:00,134.5247904543555,135.81634669502958,133.32865295526207,133.9814246381922,133.9814246381922,16760294.0,sample,2026-09-24 19:05:19.468446+00:00
GOOGL,2025-01-11 07:15:00+00:00,134.152779193439,134.69775336520527,132.66513240521266,133.82076305566204,133.82076305566204,8502080.0,sample,2026-09-24 19:05:19.468446+00:00
GOOGL,2025-01-11 07:30:00+00:00,134.05257591631496,134.93910597021372,132.4770967529129,134.0413151672986,134.0413151672986,17402079.0,sample,2026-09-24 19:05:19.468446+00:00
GOOGL,2025-01-11 07:45:00+00:00,134.31372433131466,134.69732826935586,133.29008130650323,133.6191180077813,133.6191180077813,17256980.0,sample,2026-09-24 19:05:19.468446+00:00
GOOGL,2025-01-11 08:00:00+00:00,133.13646970773866,134.5978592883766,131.5555736529571,132.8951111340717,132.8951111340717,9642752.0,sample,2026-09-24 19:05:19.468446+00:00
GOOGL,2025-01-11 08:15:00+00:00,133.28141689120974,134.36511019775784,132.36228206951554,132.7987158168566,132.7987158168566,12518766.0,sample,2026-09-24 19:05:19.468446+00:00
GOOGL,2025-01-11 08:30:00+00:00,133.2315272146632,134.31337844107472,132.58482533211705,133.5065556915206,133.5065556915206,14240995.0,sample,2026-09-24 19:05:19.468446+00:00
GOOGL,2025-01-11 08:45:00+00:00,133.24708936152248,134.4196010500577,132.28962237938237,133.58383875047218,133.58383875047218,13005383.0,sample,2026-09-24 19:05:19.468446+00:00
GOOGL,2025-01-11 09:00:00+00:00,133.6663298161799,134.5727755260019,133.01091982930095,133.4861623125158,133.4861623125158,6883513.0,sample,2026-09-24 19:05:19.468446+00:00
GOOGL,2025-01-11 09:15:00+00:00,133.60254551451618,134.32340896103585,132.88718925897024,133.8984492381727,133.8984492381727,17936056.0,sample,2026-09-24 19:05:19.468446+00:00
GOOGL,2025-01-11 09:30:00+00:00,133.95000949138114,134.33523437573112,132.53831071430028,133.91961624091414,133.91961624091414,5294453.0,sample,2026-09-24 19:05:19.468446+00:00
GOOGL,2025-01-11 09:45:00+00:00,133.7218680404872,134.98061509439404,132.71200086395194,134.43627469630576,134.43627469630576,13831720.0,sample,2026-09-24 19:05:19.468446+00:00
GOOGL,2025-01-11 10:00:00+00:00,134.50857083719615,135.58301182040188,132.7365267527963,133.84914062335022,133.84914062335022,7332607.0,sample,2026-09-24 19:05:19.468446+00:00
GOOGL,2025-01-11 10:15:00+00:00,134.0470634100303,134.18965451471678,132.2267333023119,133.5702859256727,133.5702859256727,10136517.0,sample,2026-09-24 19:05:19.468446+00:00
GOOGL,2025-01-11 10:30:00+00:00,133.46764652496282,133.92874255073258,131.7732654759476,133.24011408052635,133.24011408052635,6154272.0,sample,2026-09-24 19:05:19.468446+00:00
GOOGL,2025-01-11 10:45:00+00:00,133.51640747419174,134.1188402435763,132.12476038818573,133.3027210050848,133.3027210050848,17852060.0,sample,2026-09-24 19:05:19.468446+00:00
GOOGL,2025-01-11 11:00:00+00:00,133.78252736620107,134.57094972214563,132.6466513450249,133.4764770090711,133.4764770090711,10490804.0,sample,2026-09-24 19:05:19.468446+00:00
GOOGL,2025-01-11 11:15:00+00:00,133.5116776049438,133.90546722425688,132.08931062254493,132.74903464628343,132.74903464628343,2766341.0,sample,2026-09-24 19:05:19.468446+00:00
GOOGL,2025-01-11 11:30:00+00:00,133.08084878030922,134.6389395464855,131.20610839908497,131.35498677585016,131.35498677585016,5719993.0,sample,2026-09-24 19:05:19.468446+00:00
GOOGL,2025-01-11 11:45:00+00:00,131.21556418331954,132.78353731493246,129.418248714197,130.42116258238386,130.42116258238386,17356215.0,sample,2026-09-24 19:05:19.468446+00:00
GOOGL,2025-01-11 12:00:00+00:00,130.3493888696403,131.27064937138292,128.97586884476058,130.02907197922875,130.02907197922875,7944696.0,sample,2026-09-24 19:05:19.468446+00:00
GOOGL,2025-01-11 12:15:00+00:00,130.04434223280174,130.69732013412735,128.8659272983861,129.3124451879951,129.3124451879951,10623005.0,sample,2026-09-24 19:05:19.468446+00:00
GOOGL,2025-01-11 12:30:00+00:00,129.0262107955088,131.14815545243601,128.3712197028176,130.05518939925958,130.05518939925958,14100418.0,sample,2026-09-24 19:05:19.468446+00:00
GOOGL,2025-01-11 12:45:00+00:00,130.04412813245162,131.5292737619963,128.58181091586732,129.9218792875552,129.9218792875552,5453482.0,sample,2026-09-24 19:05:19.468446+00:00
GOOGL,2025-01-11 13:00:00+00:00,129.88008350466563,130.88143090471428,127.7839375702574,128.97325815958925,128.97325815958925,13835495.0,sample,2026-09-24 19:05:19.468446+00:00
GOOGL,2025-01-11 13:15:00+00:00,128.7766301201039,129.18433188804977,126.60194940049348,127.85916649484749,127.85916649484749,14863970.0,sample,2026-09-24 19:05:19.468446+00:00
GOOGL,2025-01-11 13:30:00+00:00,127.31393050783542,129.30537000949533,126.74919344947033,128.49651985498943,128.49651985498943,15805374.0,sample,2026-09-24 19:05:19.468446+00:00
GOOGL,2025-01-11 13:45:00+00:00,128.43724303659744,128.94581665866187,126.92081825525173,128.10231651792662,128.10231651792662,10436573.0,sample,2026-09-24 19:05:19.468446+00:00
GOOGL,2025-01-11 14:00:00+00:00,127.73229145651129,129.29520974814673,126.77044334572817,128.65017628396234,128.65017628396234,8003549.0,sample,2026-09-24 19:05:19.468446+00:00
GOOGL,2025-01-11 14:15:00+00:00,128.81553115310712,129.7090762836319,126.50703839772105,128.01279170312907,128.01279170312907,16117934.0,sample,2026-09-24 19:05:19.468446+00:00
GOOGL,2025-01-11 14:30:00+00:00,128.02395604552387,129.0736257050319,126.79742002089165,127.51665320827789,127.51665320827789,12133034.0,sample,2026-09-24 19:05:19.468446+00:00
GOOGL,2025-01-11 14:45:00+00:00,127.7550335306801,128.28504116508637,126.78092700056598,127.9790986600546,127.9790986600546,12991374.0,sample,2026-09-24 19:05:19.468446+00:00
GOOGL,2025-01-11 15:00:00+00:00,127.75676271744265,128.9274286799828,126.08848798102966,127.3718343075931,127.3718343075931,15170561.0,sample,2026-09-24 19:05:19.468446+00:00
GOOGL,2025-01-11 15:15:00+00:00,127.52348497138674,128.8993091425681,125.68751381939555,126.66753334879662,126.66753334879662,4942982.0,sample,2026-09-24 19:05:19.468446+00:00
GOOGL,2025-01-11 15:30:00+00:00,126.40469348119865,127.81298230366916,125.46217172296265,125.84154954810498,125.84154954810498,9062215.0,sample,2026-09-24 19:05:19.468446+00:00
GOOGL,2025-01-11 15:45:00+00:00,125.59004159835466,127.81456971454858,124.73288340504462,126.50419428498202,126.50419428498202,11336309.0,sample,2026-09-24 19:05:19.468446+00:00
GOOGL,2025-01-11 16:00:00+00:00,126.52276554616533,127.42970489009392,125.45280340459608,126.62078551589059,126.62078551589059,3185169.0,sample,2026-09-24 19:05:19.468446+00:00
GOOGL,2025-01-11 16:15:00+00:00,126.66263097399313,128.3149397526737,125.45682042794277,126.86446203768864,126.86446203768864,6905246.0,sample,2026-09-24 19:05:19.468446+00:00
GOOGL,2025-01-11 16:30:00+00:00,126.89060054285335,127.25634455111616,126.21434409010126,126.43372342850539,126.43372342850539,16514907.0,sample,2026-09-24 19:05:19.468446+00:00
GOOGL,2025-01-11 16:45:00+00:00,126.70712840973393,127.16837640898412,124.56675165077037,126.07124796772291,126.07124796772291,12169086.0,sample,2026-09-24 19:05:19.468446+00:00
GOOGL,2025-01-11 17:00:00+00:00,126.20049787845213,127.10054163975222,124.72319708786151,126.14228715852941,126.14228715852941,8411816.0,sample,2026-09-24 19:05:19.468446+00:00
GOOGL,2025-01-11 17:15:00+00:00,126.37752079772218,126.74412408999586,124.89620955772918,126.61308129645425,126.61308129645425,5969597.0,sample,2026-09-24 19:05:19.468446+00:00
GOOGL,2025-01-11 17:30:00+00:00,126.53569451942813,127.99488934107244,125.26122492400054,126.84349790675701,126.84349790675701,3786330.0,sample,2026-09-24 19:05:19.468446+00:00
GOOGL,2025-01-11 17:45:00+00:00,126.77166019614546,127.20836222148796,126.03971511592415,126.35454372087113,126.35454372087113,7700058.0,sample,2026-09-24 19:05:19.468446+00:00
GOOGL,2025-01-11 18:00:00+00:00,126.31843373938486,127.08373590312623,126.16726747414928,126.50361433021843,126.50361433021843,10445704.0,sample,2026-09-24 19:05:19.468446+00:00
GOOGL,2025-01-11 18:15:00+00:00,126.66451964827691,127.77640527198477,126.31042034933706,126.99016142620138,126.99016142620138,8621014.0,sample,2026-09-24 19:05:19.468446+00:00
GOOGL,2025-01-11 18:30:00+00:00,127.30420036974233,128.70933597860667,126.24808732057394,126.87653176732736,126.87653176732736,5617966.0,sample,2026-09-24 19:05:19.468446+00:00
GOOGL,2025-01-11 18:45:00+00:00,126.71608567536305,127.42377731255975,125.94774617906813,126.3611581535341,126.3611581535341,10742001.0,sample,2026-09-24 19:05:19.468446+00:00
GOOGL,2025-01-11 19:00:00+00:00,126.1542778063314,126.84682572773039,125.32748723670416,125.77194084857781,125.77194084857781,14272511.0,sample,2026-09-24 19:05:19.468446+00:00
GOOGL,2025-01-11 19:15:00+00:00,125.96301304703053,126.27852711637804,125.38918683196356,125.52476683959769,125.52476683959769,4541831.0,sample,2026-09-24 19:05:19.468446+00:00
GOOGL,2025-01-11 19:30:00+00:00,125.72476764716136,127.00387482421117,124.44802495141586,125.76524906546533,125.76524906546533,15379419.0,sample,2026-09-24 19:05:19.468446+00:00
GOOGL,2025-01-11 19:45:00+00:00,126.01116299958903,127.34778458753286,125.75442432129142,125.99177374344256,125.99177374344256,17998572.0,sample,2026-09-24 19:05:19.468446+00:00
GOOGL,2025-01-11 20:00:00+00:00,126.29091534953832,127.79567460981721,125.42507707746842,126.31336559945203,126.31336559945203,6499112.0,sample,2026-09-24 19:05:19.468446+00:00
GOOGL,2025-01-11 20:15:00+00:00,126.48422160105038,127.14400982126763,125.31557024467477,126.26695134463469,126.26695134463469,16977711.0,sample,2026-09-24 19:05:19.468446+00:00
GOOGL,2025-01-11 20:30:00+00:00,126.18924611223082,127.97046711230566,125.59294286257543,126.53484415579197,126.53484415579197,6816678.0,sample,2026-09-24 19:05:19.468446+00:00
GOOGL,2025-01-11 20:45:00+00:00,126.48622397839343,127.24072720454886,125.8947680642902,126.83385516631243,126.83385516631243,10828300.0,sample,2026-09-24 19:05:19.468446+00:00
GOOGL,2025-01-11 21:00:00+00:00,126.68903045219501,128.16725281923848,125.84618514953753,127.4387207380158,127.4387207380158,2774743.0,sample,2026-09-24 19:05:19.468446+00:00
GOOGL,2025-01-11 21:15:00+00:00,127.41268282335717,128.71443759692391,125.94642792266357,126.52029641880449,126.52029641880449,9031994.0,sample,2026-09-24 19:05:19.468446+00:00
GOOGL,2025-01-11 21:30:00+00:00,126.85206965678374,127.05315537288146,126.30423699487199,126.4768876432016,126.4768876432016,14755598.0,sample,2026-09-24 19:05:19.468446+00:00
GOOGL,2025-01-11 21:45:00+00:00,126.63281897446669,127.86433851692722,125.9448610931302,126.10293176284193,126.10293176284193,8169095.0,sample,2026-09-24 19:05:19.468446+00:00
GOOGL,2025-01-11 22:00:00+00:00,126.3306639534255,126.67022114870463,125.12128646162454,126.2789049805508,126.2789049805508,6110721.0,sample,2026-09-24 19:05:19.468446+00:00
GOOGL,2025-01-11 22:15:00+00:00,126.1650842480276,126.70104906113353,124.90139833014274,126.57432832249555,126.57432832249555,2812626.0,sample,2026-09-24 19:05:19.468446+00:00
GOOGL,2025-01-11 22:30:00+00:00,126.62648676225979,127.71625081639166,125.5578565297487,127.06410581354605,127.06410581354605,8061790.0,sample,2026-09-24 19:05:19.468446+00:00
GOOGL,2025-01-11 22:45:00+00:00,127.03567703562561,127.77447147234565,126.14280081815,126.83231772409196,126.83231772409196,5055426.0,sample,2026-09-24 19:05:19.468446+00:00
GOOGL,2025-01-11 23:00:00+00:00,126.56296667329421,127.65103039587052,125.71555849228584,126.64645070857462,126.64645070857462,9968946.0,sample,2026-09-24 19:05:19.468446+00:00
GOOGL,2025-01-11 23:15:00+00:00,127.23622611456663,127.44408697649496,125.93345193843399,126.64015455172671,126.64015455172671,13423225.0,sample,2026-09-24 19:05:19.468446+00:00
GOOGL,2025-01-11 23:30:00+00:00,127.00627792603039,128.08909676442843,125.70012115242713,126.53998434199556,126.53998434199556,5202941.0,sample,2026-09-24 19:05:19.468446+00:00
GOOGL,2025-01-11 23:45:00+00:00,126.42568300143614,126.92647767925153,125.0550044332415,126.78854742187873,126.78854742187873,5355345.0,sample,2026-09-24 19:05:19.468446+00:00
GOOGL,2025-01-12 00:00:00+00:00,127.01035993026585,127.30896852808966,125.97384890783212,127.13586657933806,127.13586657933806,17618711.0,sample,2026-09-24 19:05:19.468446+00:00
GOOGL,2025-01-12 00:15:00+00:00,127.52449905011659,128.90196397173182,126.9092943740862,127.57495149162858,127.57495149162858,12235667.0,sample,2026-09-24 19:05:19.468446+00:00
GOOGL,2025-01-12 00:30:00+00:00,128.04314437313553,128.5198802121321,126.04949412304465,127.3298212234652,127.3298212234652,15838673.0,sample,2026-09-24 19:05:19.468446+00:00
GOOGL,2025-01-12 00:45:00+00:00,127.25047903788382,127.99199415086817,126.34924042591943,127.16102714142497,127.16102714142497,16453501.0,sample,2026-09-24 19:05:19.468446+00:00
GOOGL,2025-01-12 01:00:00+00:00,126.60946158681143,127.30943790928887,125.38245146734077,126.69510584370138,126.69510584370138,9262637.0,sample,2026-09-24 19:05:19.468446+00:00
GOOGL,2025-01-12 01:15:00+00:00,126.78335611885797,128.09405231805644,125.77873230765358,126.91763933065121,126.91763933065121,8444595.0,sample,2026-09-24 19:05:19.468446+00:00
GOOGL,2025-01-12 01:30:00+00:00,126.65921779058158,128.63084901509737,125.96068324830964,127.12103332425995,127.12103332425995,7797071.0,sample,2026-09-24 19:05:19.468446+00:00
GOOGL,2025-01-12 01:45:00+00:00,126.88623931167244,127.33936259175091,126.72490325232882,126.97903985129523,126.97903985129523,9288178.0,sample,2026-09-24 19:05:19.468446+00:00
GOOGL,2025-01-12 02:00:00+00:00,127.08826881028459,128.57796236626137,126.81137594419899,127.83094871305255,127.83094871305255,6682410.0,sample,2026-09-24 19:05:19.468446+00:00
GOOGL,2025-01-12 02:15:00+00:00,127.88271572316037,128.80857584518625,126.88336979753714,128.42360858193882,128.42360858193882,14629971.0,sample,2026-09-24 19:05:19.468446+00:00
GOOGL,2025-01-12 02:30:00+00:00,128.58997995414552,128.99260904622562,127.0542341682881,128.43559201850042,128.43559201850042,14585485.0,sample,2026-09-24 19:05:19.468446+00:00
GOOGL,2025-01-12 02:45:00+00:00,129.06834990683885,129.35258921679653,127.69172246266056,128.01219288401973,128.01219288401973,1775703.0,sample,2026-09-24 19:05:19.468446+00:00
GOOGL,2025-01-12 03:00:00+00:00,127.3867920747553,127.78479351149772,126.68359880879825,127.35297128488419,127.35297128488419,4414101.0,sample,2026-09-24 19:05:19.468446+00:00
GOOGL,2025-01-12 03:15:00+00:00,127.30784521371524,128.69960070371982,126.23696233611814,127.44562323236525,127.44562323236525,16497848.0,sample,2026-09-24 19:05:19.468446+00:00
GOOGL,2025-01-12 03:30:00+00:00,127.51736304172955,127.83361155765465,126.40886705496389,127.29617134816128,127.29617134816128,13544316.0,sample,2026-09-24 19:05:19.468446+00:00
GOOGL,2025-01-12 03:45:00+00:00,127.46577569062363,128.3544862655851,126.93300518890193,127.79063097817726,127.79063097817726,15698422.0,sample,2026-09-24 19:05:19.468446+00:00
GOOGL,2025-01-12 04:00:00+00:00,127.77355706249537,128.9872137250866,127.43626443548321,128.03003869848632,128.03003869848632,9944199.0,sample,2026-09-24 19:05:19.468446+00:00
GOOGL,2025-01-12 04:15:00+00:00,127.87433296464138,129.48226613222693,126.93667754388261,128.78052673553472,128.78052673553472,14861154.0,sample,2026-09-24 19:05:19.468446+00:00
GOOGL,2025-01-12 04:30:00+00:00,129.02931620675548,130.19018940599074,127.78816370965701,129.0287418921974,129.0287418921974,14529677.0,sample,2026-09-24 19:05:19.468446+00:00
GOOGL,2025-01-12 04:45:00+00:00,129.80626106607824,131.3124196820668,127.6791286701607,128.59265215512715,128.59265215512715,10412585.0,sample,2026-09-24 19:05:19.468446+00:00
GOOGL,2025-01-12 05:00:00+00:00,128.9599160905921,129.263866988707,128.18435009429123,128.91479176833937,128.91479176833937,14713118.0,sample,2026-09-24 19:05:19.468446+00:00
GOOGL,2025-01-12 05:15:00+00:00,129.02557973091217,130.47951552977986,128.87767925089105,129.09219147249968,129.09219147249968,7707392.0,sample,2026-09-24 19:05:19.468446+00:00
GOOGL,2025-01-12 05:30:00+00:00,129.0502751842025,129.70590422424058,128.34515425839217,129.38307598368542,129.38307598368542,10910571.0,sample,2026-09-24 19:05:19.468446+00:00
GOOGL,2025-01-12 05:45:00+00:00,129.32624279384737,131.04717239139237,129.10339653408235,129.6650084440044,129.6650084440044,5918967.0,sample,2026-09-24 19:05:19.468446+00:00
GOOGL,2025-01-12 06:00:00+00:00,129.82768751572877,130.40528230811285,128.44490471777016,129.81006950861322,129.81006950861322,9081259.0,sample,2026-09-24 19:05:19.468446+00:00
GOOGL,2025-01-12 06:15:00+00:00,129.56666687823477,131.3403797883847,128.18415275025927,130.09759496757798,130.09759496757798,17523946.0,sample,2026-09-24 19:05:19.468446+00:00
GOOGL,2025-01-12 06:30:00+00:00,129.80291623108607,130.60124018380202,127.96353312174928,129.51156455705006,129.51156455705006,12046870.0,sample,2026-09-24 19:05:19.468446+00:00
GOOGL,2025-01-12 06:45:00+00:00,128.8167369798873,131.30428121354936,128.10421673672946,129.923106579177,129.923106579177,5226683.0,sample,2026-09-24 19:05:19.468446+00:00
GOOGL,2025-01-12 07:00:00+00:00,129.78791141216027,130.58904135863548,128.8511819614226,130.24416504108947,130.24416504108947,4222378.0,sample,2026-09-24 19:05:19.468446+00:00
GOOGL,2025-01-12 07:15:00+00:00,129.92797853402135,131.51893617861043,128.43037300520632,130.4743574219032,130.4743574219032,11292045.0,sample,2026-09-24 19:05:19.468446+00:00
GOOGL,2025-01-12 07:30:00+00:00,130.44993530258512,130.82250708686294,129.535403158366,129.8406438645763,129.8406438645763,7794059.0,sample,2026-09-24 19:05:19.468446+00:00
GOOGL,2025-01-12 07:45:00+00:00,129.930606667581,131.49873027308422,128.9482498695218,129.94732217305602,129.94732217305602,11985624.0,sample,2026-09-24 19:05:19.468446+00:00
GOOGL,2025-01-12 08:00:00+00:00,130.06491415492346,130.90660490441496,128.26164046410665,129.68605225035097,129.68605225035097,10445515.0,sample,2026-09-24 19:05:19.468446+00:00
GOOGL,2025-01-12 08:15:00+00:00,129.72057685215592,131.71363506749984,128.22905949937314,130.26545036079943,130.26545036079943,15206935.0,sample,2026-09-24 19:05:19.468446+00:00
GOOGL,2025-01-12 08:30:00+00:00,129.88134130625542,131.18908020512418,128.87824380327166,130.10728350149108,130.10728350149108,3780452.0,sample,2026-09-24 19:05:19.468446+00:00
GOOGL,2025-01-12 08:45:00+00:00,129.85241778996837,131.34341867333015,128.53276495985708,130.6138504913587,130.6138504913587,14180061.0,sample,2026-09-24 19:05:19.468446+00:00
GOOGL,2025-01-12 09:00:00+00:00,130.20755708062987,132.01467027108257,129.545661887479,131.05037566848125,131.05037566848125,13627854.0,sample,2026-09-24 19:05:19.468446+00:00
GOOGL,2025-01-12 09:15:00+00:00,130.55345995512255,132.62109689960823,129.0967949337858,131.66758500620855,131.66758500620855,15401390.0,sample,2026-09-24 19:05:19.468446+00:00
GOOGL,2025-01-12 09:30:00+00:00,131.413239616598,134.00799044259853,131.25233653855088,132.42417716806432,132.42417716806432,1842650.0,sample,2026-09-24 19:05:19.468446+00:00
GOOGL,2025-01-12 09:45:00+00:00,132.2460427164006,133.3196235467049,131.7623734177343,133.1630595626703,133.1630595626703,10938801.0,sample,2026-09-24 19:05:19.468446+00:00
GOOGL,2025-01-12 10:00:00+00:00,133.22551430333337,134.91297587393962,132.36104441783925,133.6404429751818,133.6404429751818,3991134.0,sample,2026-09-24 19:05:19.468446+00:00
GOOGL,2025-01-12 10:15:00+00:00,134.0355387472596,134.99204122807075,133.74985964073375,134.33449123010092,134.33449123010092,16273975.0,sample,2026-09-24 19:05:19.468446+00:00
GOOGL,2025-01-12 10:30:00+00:00,134.5385806568327,134.7693157514738,133.88537785484922,134.28074667437906,134.28074667437906,17756496.0,sample,2026-09-24 19:05:19.468446+00:00
GOOGL,2025-01-12 10:45:00+00:00,134.3671585266896,134.62639287685795,133.28876087800163,134.17536483643835,134.17536483643835,12702618.0,sample,2026-09-24 19:05:19.468446+00:00
GOOGL,2025-01-12 11:00:00+00:00,134.42624263089425,134.88030363322898,132.4751056177069,133.7460639324979,133.7460639324979,11941937.0,sample,2026-09-24 19:05:19.468446+00:00
GOOGL,2025-01-12 11:15:00+00:00,133.57054635965216,135.05956940708924,132.67676199063393,134.48172121791336,134.48172121791336,17956195.0,sample,2026-09-24 19:05:19.468446+00:00
GOOGL,2025-01-12 11:30:00+00:00,134.55891458219793,136.21678598699953,134.00473140044895,134.91674062637512,134.91674062637512,11218960.0,sample,2026-09-24 19:05:19.468446+00:00
GOOGL,2025-01-12 11:45:00+00:00,134.76155165540837,135.0756712940309,134.03034138211348,134.3199939941421,134.3199939941421,13262221.0,sample,2026-09-24 19:05:19.468446+00:00
GOOGL,2025-01-12 12:00:00+00:00,134.56809058390277,136.10121959393103,133.05991570927338,134.11443954205734,134.11443954205734,13140333.0,sample,2026-09-24 19:05:19.468446+00:00
GOOGL,2025-01-12 12:15:00+00:00,134.3746854414105,135.41229210963846,133.18319419412757,134.00257931788076,134.00257931788076,12674846.0,sample,2026-09-24 19:05:19.468446+00:00
GOOGL,2025-01-12 12:30:00+00:00,133.98552421594275,134.4728010906534,131.57471142094434,133.1638362882458,133.1638362882458,3982679.0,sample,2026-09-24 19:05:19.468446+00:00
GOOGL,2025-01-12 12:45:00+00:00,132.90955426289779,134.58169694833813,132.44008260340155,133.16206480065622,133.16206480065622,12818889.0,sample,2026-09-24 19:05:19.468446+00:00
GOOGL,2025-01-12 13:00:00+00:00,132.60977830423104,133.56100324009853,131.06066006681655,132.658560232774,132.658560232774,16823344.0,sample,2026-09-24 19:05:19.468446+00:00
GOOGL,2025-01-12 13:15:00+00:00,132.79252016087435,134.2133178042077,131.44392720833963,132.21398228575327,132.21398228575327,3671749.0,sample,2026-09-24 19:05:19.468446+00:00
GOOGL,2025-01-12 13:30:00+00:00,132.22395002210888,133.41266578389738,132.0549925232774,132.98578191910602,132.98578191910602,6652929.0,sample,2026-09-24 19:05:19.468446+00:00
GOOGL,2025-01-12 13:45:00+00:00,133.30067757878246,134.0211116309695,132.06050131054758,132.58950511644264,132.58950511644264,6628859.0,sample,2026-09-24 19:05:19.468446+00:00
GOOGL,2025-01-12 14:00:00+00:00,132.79148869663004,133.8173863010835,132.49002879660492,132.80599063877423,132.80599063877423,17607002.0,sample,2026-09-24 19:05:19.468446+00:00
GOOGL,2025-01-12 14:15:00+00:00,132.84702063088562,134.507929001195,132.25103799370234,133.61207695599342,133.61207695599342,15970837.0,sample,2026-09-24 19:05:19.468446+00:00
GOOGL,2025-01-12 14:30:00+00:00,133.35681470149564,134.4812626002223,133.03688438664756,133.5677471269715,133.5677471269715,2038625.0,sample,2026-09-24 19:05:19.468446+00:00
GOOGL,2025-01-12 14:45:00+00:00,133.4292699191003,135.99920626507162,133.09243479701868,135.62918446751857,135.62918446751857,17072021.0,sample,2026-09-24 19:05:19.468446+00:00
GOOGL,2025-01-12 15:00:00+00:00,135.34600947587367,136.33841189485875,133.79298945167653,135.24734140579517,135.24734140579517,4929457.0,sample,2026-09-24 19:05:19.468446+00:00
GOOGL,2025-01-12 15:15:00+00:00,135.134284938526,135.73438612591028,134.37124299767245,135.15583736450498,135.15583736450498,15989187.0,sample,2026-09-24 19:05:19.468446+00:00
GOOGL,2025-01-12 15:30:00+00:00,135.28209299052423,135.57116017766802,133.80604928522735,134.20540464480308,134.20540464480308,7633032.0,sample,2026-09-24 19:05:19.468446+00:00
GOOGL,2025-01-12 15:45:00+00:00,133.82675326718243,135.02490911409643,133.23021450785404,134.2969096658917,134.2969096658917,11214747.0,sample,2026-09-24 19:05:19.468446+00:00
GOOGL,2025-01-12 16:00:00+00:00,134.48986790875486,135.2135493891294,132.47214858782309,133.84787734233566,133.84787734233566,7956040.0,sample,2026-09-24 19:05:19.468446+00:00
GOOGL,2025-01-12 16:15:00+00:00,133.71866594549795,135.21595932702766,133.54213786591384,133.91174522602455,133.91174522602455,9747752.0,sample,2026-09-24 19:05:19.468446+00:00
GOOGL,2025-01-12 16:30:00+00:00,133.99028097359906,136.27239393274718,132.7253189191,134.7905398489579,134.7905398489579,15005288.0,sample,2026-09-24 19:05:19.468446+00:00
GOOGL,2025-01-12 16:45:00+00:00,134.5732738392131,135.94409694758662,134.05353695760937,134.82045172798465,134.82045172798465,5521638.0,sample,2026-09-24 19:05:19.468446+00:00
GOOGL,2025-01-12 17:00:00+00:00,135.10751199821576,136.39160847700208,133.22303768718305,134.53035715793524,134.53035715793524,4025302.0,sample,2026-09-24 19:05:19.468446+00:00
GOOGL,2025-01-12 17:15:00+00:00,134.73132937540453,136.2752176720894,132.99025534883643,133.21652512105925,133.21652512105925,13631203.0,sample,2026-09-24 19:05:19.468446+00:00
GOOGL,2025-01-12 17:30:00+00:00,133.72904721451948,135.31828470051678,132.3356792615892,133.74258865323284,133.74258865323284,4990054.0,sample,2026-09-24 19:05:19.468446+00:00
GOOGL,2025-01-12 17:45:00+00:00,134.09438194850281,134.36082406114042,132.52743494965992,134.01254163860295,134.01254163860295,6919531.0,sample,2026-09-24 19:05:19.468446+00:00
GOOGL,2025-01-12 18:00:00+00:00,134.25075300738615,134.41537259512032,133.69924423032336,134.19404569816575,134.19404569816575,2083331.0,sample,2026-09-24 19:05:19.468446+00:00
GOOGL,2025-01-12 18:15:00+00:00,133.851783587148,134.92339504037062,132.84680914121435,133.60636085104886,133.60636085104886,3159002.0,sample,2026-09-24 19:05:19.468446+00:00
GOOGL,2025-01-12 18:30:00+00:00,133.29029610312142,134.8036925738491,132.67459210415544,132.94111993235757,132.94111993235757,5233573.0,sample,2026-09-24 19:05:19.468446+00:00
GOOGL,2025-01-12 18:45:00+00:00,132.72079173424459,134.13953457703582,130.62394559507604,131.89085829833425,131.89085829833425,3941967.0,sample,2026-09-24 19:05:19.468446+00:00
GOOGL,2025-01-12 19:00:00+00:00,131.9080371119117,132.8935365319355,131.17356368684872,131.8809929352538,131.8809929352538,16623913.0,sample,2026-09-24 19:05:19.468446+00:00
GOOGL,2025-01-12 19:15:00+00:00,132.25601180045416,133.52810221263422,130.67209081305032,131.68688343090602,131.68688343090602,5397073.0,sample,2026-09-24 19:05:19.468446+00:00
GOOGL,2025-01-12 19:30:00+00:00,131.65270629334697,132.8500847330908,130.8859030244035,131.58381015880786,131.58381015880786,3721506.0,sample,2026-09-24 19:05:19.468446+00:00
GOOGL,2025-01-12 19:45:00+00:00,131.72062522864036,132.96176073993664,129.11903145638823,130.67908066762675,130.67908066762675,4748489.0,sample,2026-09-24 19:05:19.468446+00:00
GOOGL,2025-01-12 20:00:00+00:00,130.39734750733987,132.29277333095715,129.30020140544624,130.84746958929514,130.84746958929514,17600143.0,sample,2026-09-24 19:05:19.468446+00:00
GOOGL,2025-01-12 20:15:00+00:00,131.05351249608935,132.5867292564739,130.08246002055108,131.14376039731204,131.14376039731204,4945839.0,sample,2026-09-24 19:05:19.468446+00:00
GOOGL,2025-01-12 20:30:00+00:00,131.54766455360692,132.37994882929306,130.24252557299152,130.4464789034649,130.4464789034649,7034723.0,sample,2026-09-24 19:05:19.468446+00:00
GOOGL,2025-01-12 20:45:00+00:00,130.7566981323037,132.1624456048701,128.89815468267383,130.40412827705657,130.40412827705657,9488879.0,sample,2026-09-24 19:05:19.468446+00:00
GOOGL,2025-01-12 21:00:00+00:00,130.20124130358488,130.81443549300673,129.98317602756896,130.3583019009783,130.3583019009783,5540024.0,sample,2026-09-24 19:05:19.468446+00:00
GOOGL,2025-01-12 21:15:00+00:00,130.66008299455558,131.442999004373,129.60155414440663,129.99927642092305,129.99927642092305,15074963.0,sample,2026-09-24 19:05:19.468446+00:00
GOOGL,2025-01-12 21:30:00+00:00,130.16590125722334,130.8718144010539,129.79118489885317,130.0425513732748,130.0425513732748,3938246.0,sample,2026-09-24 19:05:19.468446+00:00
GOOGL,2025-01-12 21:45:00+00:00,130.37597643576103,130.60963057305372,129.397777954163,130.30438779462543,130.30438779462543,7860448.0,sample,2026-09-24 19:05:19.468446+00:00
GOOGL,2025-01-12 22:00:00+00:00,130.74245773958012,132.05698178322532,129.77300299530097,130.8222227521336,130.8222227521336,15368830.0,sample,2026-09-24 19:05:19.468446+00:00
GOOGL,2025-01-12 22:15:00+00:00,130.80831621537533,132.13421905930034,130.31448754742505,130.84109579184516,130.84109579184516,6045763.0,sample,2026-09-24 19:05:19.468446+00:00
GOOGL,2025-01-12 22:30:00+00:00,130.74012472666905,132.34898356090858,129.87825973798715,130.92777898485986,130.92777898485986,1755351.0,sample,2026-09-24 19:05:19.468446+00:00
GOOGL,2025-01-12 22:45:00+00:00,131.08205619482155,131.93981519904293,129.93729394088115,130.53660904906286,130.53660904906286,17734995.0,sample,2026-09-24 19:05:19.468446+00:00
GOOGL,2025-01-12 23:00:00+00:00,130.49975411280877,131.31243700708464,128.98673169676417,130.7662611750004,130.7662611750004,17504689.0,sample,2026-09-24 19:05:19.468446+00:00
GOOGL,2025-01-12 23:15:00+00:00,131.24879272483446,131.61926282452805,129.1232720163902,130.414459634463,130.414459634463,16331358.0,sample,2026-09-24 19:05:19.468446+00:00
GOOGL,2025-01-12 23:30:00+00:00,130.2949711052559,130.88438568191455,129.78377903075602,130.66171186623183,130.66171186623183,7523723.0,sample,2026-09-24 19:05:19.468446+00:00
GOOGL,2025-01-12 23:45:00+00:00,131.16704723737865,132.5256143584935,130.9834588498471,131.68043035213498,131.68043035213498,13246007.0,sample,2026-09-24 19:05:19.468446+00:00
GOOGL,2025-01-13 00:00:00+00:00,131.35384381086865,132.41963723645267,130.49317285392598,131.95128023673638,131.95128023673638,3478941.0,sample,2026-09-24 19:05:19.468446+00:00
GOOGL,2025-01-13 00:15:00+00:00,131.89945808258452,133.36415987087645,130.42525107246513,132.42824804475777,132.42824804475777,8339601.0,sample,2026-09-24 19:05:19.468446+00:00
GOOGL,2025-01-13 00:30:00+00:00,132.52942830470656,133.784952393392,131.0130106875234,132.0613990463557,132.0613990463557,15899399.0,sample,2026-09-24 19:05:19.468446+00:00
GOOGL,2025-01-13 00:45:00+00:00,132.0085987008198,133.2447763536857,131.4347982607276,132.05616822814503,132.05616822814503,8938693.0,sample,2026-09-24 19:05:19.468446+00:00
GOOGL,2025-01-13 01:00:00+00:00,131.6220075408679,131.97073661429718,130.135469697535,131.65693210283965,131.65693210283965,14871342.0,sample,2026-09-24 19:05:19.468446+00:00
GOOGL,2025-01-13 01:15:00+00:00,131.58962468962645,133.2996714729738,131.34749662766185,131.79331653571393,131.79331653571393,11718140.0,sample,2026-09-24 19:05:19.468446+00:00
GOOGL,2025-01-13 01:30:00+00:00,131.74627997109485,133.05195946863256,130.2638103707739,132.6182862664134,132.6182862664134,15931449.0,sample,2026-09-24 19:05:19.468446+00:00
GOOGL,2025-01-13 01:45:00+00:00,132.08588915675182,133.01807212744805,130.90320496875546,132.1557538357216,132.1557538357216,6015501.0,sample,2026-09-24 19:05:19.468446+00:00
GOOGL,2025-01-13 02:00:00+00:00,132.02495271109785,134.33109588670845,130.94487845828047,132.80181941911857,132.80181941911857,1798791.0,sample,2026-09-24 19:05:19.468446+00:00
GOOGL,2025-01-13 02:15:00+00:00,133.12161296224716,134.29438562420208,132.4241962341113,132.83783093363022,132.83783093363022,16281645.0,sample,2026-09-24 19:05:19.468446+00:00
GOOGL,2025-01-13 02:30:00+00:00,132.9217568405625,133.31752157397423,132.51700550241264,133.0670035687493,133.0670035687493,16153768.0,sample,2026-09-24 19:05:19.468446+00:00
GOOGL,2025-01-13 02:45:00+00:00,133.1073257496719,134.4109686079013,132.77843419314635,134.24894028965645,134.24894028965645,14074776.0,sample,2026-09-24 19:05:19.468446+00:00
GOOGL,2025-01-13 03:00:00+00:00,134.07470869048407,135.61447197964557,133.78021157121862,134.54631303482694,134.54631303482694,10534554.0,sample,2026-09-24 19:05:19.468446+00:00
GOOGL,2025-01-13 03:15:00+00:00,134.84694808649917,135.3793502657224,132.8065750455742,134.2161422284651,134.2161422284651,7913258.0,sample,2026-09-24 19:05:19.468446+00:00
GOOGL,2025-01-13 03:30:00+00:00,133.99132411717034,135.61781413573416,133.83082518056239,134.1706008287659,134.1706008287659,13920707.0,sample,2026-09-24 19:05:19.468446+00:00
GOOGL,2025-01-13 03:45:00+00:00,134.27305884966395,135.0342443820194,133.21282003086876,133.95729868536418,133.95729868536418,15658695.0,sample,2026-09-24 19:05:19.468446+00:00
GOOGL,2025-01-13 04:00:00+00:00,133.99774760709914,135.85681394449043,133.16988441667067,134.96293369314344,134.96293369314344,7846270.0,sample,2026-09-24 19:05:19.468446+00:00
GOOGL,2025-01-13 04:15:00+00:00,134.7761006331964,135.95664561716515,134.47487355595342,135.67496896621543,135.67496896621543,16856368.0,sample,2026-09-24 19:05:19.468446+00:00
GOOGL,2025-01-13 04:30:00+00:00,135.25284371352873,137.37682843619706,133.730145516649,136.38104528636154,136.38104528636154,16015402.0,sample,2026-09-24 19:05:19.468446+00:00
GOOGL,2025-01-13 04:45:00+00:00,136.40884409918223,138.00029818628863,135.92025583465303,136.28152079954313,136.28152079954313,5589440.0,sample,2026-09-24 19:05:19.468446+00:00
GOOGL,2025-01-13 05:00:00+00:00,136.35144680874,137.670287726293,134.54064436980423,135.84808452395274,135.84808452395274,3216214.0,sample,2026-09-24 19:05:19.468446+00:00
GOOGL,2025-01-13 05:15:00+00:00,135.3383998440063,136.9860745144352,134.55399589961468,136.67143695190012,136.67143695190012,15762832.0,sample,2026-09-24 19:05:19.468446+00:00
GOOGL,2025-01-13 05:30:00+00:00,136.90833530425203,138.4870706481814,135.98632770590885,136.6776925762831,136.6776925762831,2280953.0,sample,2026-09-24 19:05:19.468446+00:00
GOOGL,2025-01-13 05:45:00+00:00,136.99569484548897,138.0536138997927,135.12787420608748,136.11731086931653,136.11731086931653,8225180.0,sample,2026-09-24 19:05:19.468446+00:00
GOOGL,2025-01-13 06:00:00+00:00,136.11050715631822,137.5349624370762,135.6296574200242,136.33575063092403,136.33575063092403,6298713.0,sample,2026-09-24 19:05:19.468446+00:00
GOOGL,2025-01-13 06:15:00+00:00,136.30471394150976,137.68421512180754,134.8772575700728,137.072594574822,137.072594574822,6782292.0,sample,2026-09-24 19:05:19.468446+00:00
GOOGL,2025-01-13 06:30:00+00:00,136.75135895741263,137.32630322181922,135.06609835039154,136.44194643248633,136.44194643248633,2790334.0,sample,2026-09-24 19:05:19.468446+00:00
GOOGL,2025-01-13 06:45:00+00:00,136.2406170121484,138.18342772688652,135.22801230401623,136.6776207970441,136.6776207970441,8503758.0,sample,2026-09-24 19:05:19.468446+00:00
GOOGL,2025-01-13 07:00:00+00:00,136.54250440491754,139.2601815048962,135.83091494517234,138.12394479029734,138.12394479029734,16785996.0,sample,2026-09-24 19:05:19.468446+00:00
GOOGL,2025-01-13 07:15:00+00:00,137.81580455055146,139.09540739195137,135.5634835175475,137.00439243363368,137.00439243363368,14528991.0,sample,2026-09-24 19:05:19.468446+00:00
GOOGL,2025-01-13 07:30:00+00:00,136.48969245921114,138.1689625992092,135.74146885825613,137.8195711625079,137.8195711625079,11208180.0,sample,2026-09-24 19:05:19.468446+00:00
GOOGL,2025-01-13 07:45:00+00:00,138.27774634439282,138.923001129531,136.94313149544863,137.20909801835055,137.20909801835055,13848492.0,sample,2026-09-24 19:05:19.468446+00:00
GOOGL,2025-01-13 08:00:00+00:00,137.01765883899697,138.06700732683228,135.9720557857569,136.67344960342237,136.67344960342237,12391541.0,sample,2026-09-24 19:05:19.468446+00:00
GOOGL,2025-01-13 08:15:00+00:00,137.1488459828471,137.34059549541126,136.5695579406025,136.90725424695054,136.90725424695054,17448900.0,sample,2026-09-24 19:05:19.468446+00:00
GOOGL,2025-01-13 08:30:00+00:00,137.11008789578378,138.49751600994546,135.05376345017208,136.2748022387184,136.2748022387184,12750831.0,sample,2026-09-24 19:05:19.468446+00:00
GOOGL,2025-01-13 08:45:00+00:00,136.39392584346336,137.80085617654558,135.79361589149752,137.06833366451022,137.06833366451022,14848648.0,sample,2026-09-24 19:05:19.468446+00:00
GOOGL,2025-01-13 09:00:00+00:00,137.65483062914902,139.08434469155947,136.68867630467938,137.41168531934687,137.41168531934687,7912803.0,sample,2026-09-24 19:05:19.468446+00:00
GOOGL,2025-01-13 09:15:00+00:00,137.38565140424527,139.39827275929377,136.69537357202677,137.96498925386953,137.96498925386953,1756881.0,sample,2026-09-24 19:05:19.468446+00:00
GOOGL,2025-01-13 09:30:00+00:00,137.92962346961482,139.53676299811846,136.92434288611673,137.15026398042613,137.15026398042613,5224709.0,sample,2026-09-24 19:05:19.468446+00:00
GOOGL,2025-01-13 09:45:00+00:00,137.08934773722925,138.1023005493567,136.4206731628401,136.83650582673428,136.83650582673428,14216466.0,sample,2026-09-24 19:05:19.468446+00:00
GOOGL,2025-01-13 10:00:00+00:00,136.73983888954953,138.25244524689262,135.16365311807468,137.17220415919428,137.17220415919428,11798164.0,sample,2026-09-24 19:05:19.468446+00:00
GOOGL,2025-01-13 10:15:00+00:00,137.46809177289265,137.9802269255424,136.1436882374623,136.70735917846594,136.70735917846594,17331615.0,sample,2026-09-24 19:05:19.468446+00:00
GOOGL,2025-01-13 10:30:00+00:00,135.9936909697907,136.90066524928116,135.8297955495725,136.71199073133232,136.71199073133232,10637024.0,sample,2026-09-24 19:05:19.468446+00:00
GOOGL,2025-01-13 10:45:00+00:00,136.86465215500448,137.01281611361048,135.47987899840675,135.7658170040663,135.7658170040663,4421108.0,sample,2026-09-24 19:05:19.468446+00:00
GOOGL,2025-01-13 11:00:00+00:00,135.795278006125,137.38569947728558,135.47402798963125,136.00130599058338,136.00130599058338,6667793.0,sample,2026-09-24 19:05:19.468446+00:00
GOOGL,2025-01-13 11:15:00+00:00,135.52305312538007,138.0922082372256,134.87035676129358,136.56974678630283,136.56974678630283,11201822.0,sample,2026-09-24 19:05:19.468446+00:00
GOOGL,2025-01-13 11:30:00+00:00,136.93635549888984,137.33428608201555,135.03178925493245,136.08845346579,136.08845346579,17750604.0,sample,2026-09-24 19:05:19.468446+00:00
GOOGL,2025-01-13 11:45:00+00:00,136.1372581798487,137.37948109447674,134.90463464349799,136.03828883669405,136.03828883669405,12117134.0,sample,2026-09-24 19:05:19.468446+00:00
GOOGL,2025-01-13 12:00:00+00:00,135.92911010229258,136.30993191218002,133.5377160714413,134.37581838763808,134.37581838763808,8473959.0,sample,2026-09-24 19:05:19.468446+00:00
GOOGL,2025-01-13 12:15:00+00:00,134.86980250364314,135.26429604612517,133.62798211511137,134.68260505747278,134.68260505747278,7915335.0,sample,2026-09-24 19:05:19.468446+00:00
GOOGL,2025-01-13 12:30:00+00:00,134.2720510590035,135.427771735733,133.4064936657378,135.10019654984396,135.10019654984396,12730249.0,sample,2026-09-24 19:05:19.468446+00:00
GOOGL,2025-01-13 12:45:00+00:00,135.20734675262491,135.51581987745553,134.5036199225158,135.30829812007772,135.30829812007772,15626691.0,sample,2026-09-24 19:05:19.468446+00:00
GOOGL,2025-01-13 13:00:00+00:00,135.46591412639373,135.959305607559,134.29275295249357,134.95250823859618,134.95250823859618,16633712.0,sample,2026-09-24 19:05:19.468446+00:00
GOOGL,2025-01-13 13:15:00+00:00,134.85750970154794,135.415777735284,134.336522840095,134.5939292615248,134.5939292615248,10403255.0,sample,2026-09-24 19:05:19.468446+00:00
GOOGL,2025-01-13 13:30:00+00:00,134.67155461646632,135.10404958793805,132.55779757511232,133.78940182842737,133.78940182842737,2313215.0,sample,2026-09-24 19:05:19.468446+00:00
GOOGL,2025-01-13 13:45:00+00:00,133.68698030282522,135.2504337963195,132.89370460489323,133.9237082123572,133.9237082123572,2957717.0,sample,2026-09-24 19:05:19.468446+00:00
GOOGL,2025-01-13 14:00:00+00:00,133.2726012837895,135.07348454571436,132.03450332773124,134.35742878195808,134.35742878195808,13099599.0,sample,2026-09-24 19:05:19.468446+00:00
GOOGL,2025-01-13 14:15:00+00:00,134.0544225514834,135.83796686069775,132.83054090567734,135.00470249113553,135.00470249113553,12024201.0,sample,2026-09-24 19:05:19.468446+00:00
GOOGL,2025-01-13 14:30:00+00:00,135.0899269747767,136.89340943542547,133.81301601264929,135.69695963430286,135.69695963430286,11317424.0,sample,2026-09-24 19:05:19.468446+00:00
GOOGL,2025-01-13 14:45:00+00:00,135.55222659535957,137.60407566172003,134.7534873058192,136.00421640281252,136.00421640281252,2711543.0,sample,2026-09-24 19:05:19.468446+00:00
GOOGL,2025-01-13 15:00:00+00:00,136.1089968614726,136.4915431766675,134.9074256807197,136.15480111076147,136.15480111076147,17959679.0,sample,2026-09-24 19:05:19.468446+00:00
GOOGL,2025-01-13 15:15:00+00:00,136.12550966981712,137.6599277105268,135.63808485947834,136.1266511980574,136.1266511980574,1799127.0,sample,2026-09-24 19:05:19.468446+00:00
GOOGL,2025-01-13 15:30:00+00:00,136.0960594824797,136.79093534758348,135.55758769341853,136.4018686438962,136.4018686438962,15543954.0,sample,2026-09-24 19:05:19.468446+00:00
GOOGL,2025-01-13 15:45:00+00:00,136.72000209687826,138.05221326788333,136.51559314819764,137.3788287090487,137.3788287090487,12495496.0,sample,2026-09-24 19:05:19.468446+00:00
GOOGL,2025-01-13 16:00:00+00:00,137.1129068383354,138.07375951041865,135.61963091916047,136.80578889063844,136.80578889063844,4068612.0,sample,2026-09-24 19:05:19.468446+00:00
GOOGL,2025-01-13 16:15:00+00:00,136.72469707385963,137.29259752237664,135.64951049806328,136.5220811030386,136.5220811030386,5715460.0,sample,2026-09-24 19:05:19.468446+00:00
GOOGL,2025-01-13 16:30:00+00:00,136.60002519035558,138.3103557636258,136.19921246176798,137.7997000530314,137.7997000530314,15884193.0,sample,2026-09-24 19:05:19.468446+00:00
GOOGL,2025-01-13 16:45:00+00:00,137.76046933667678,138.51172006654448,137.22128368847044,138.052064124869,138.052064124869,15730460.0,sample,2026-09-24 19:05:19.468446+00:00
GOOGL,2025-01-13 17:00:00+00:00,138.21815794101425,139.670620877216,136.4276241652734,137.40807551967913,137.40807551967913,16103338.0,sample,2026-09-24 19:05:19.468446+00:00
GOOGL,2025-01-13 17:15:00+00:00,137.20616607587476,138.6114183131151,136.32609257950602,137.5863249005574,137.5863249005574,9472328.0,sample,2026-09-24 19:05:19.468446+00:00
GOOGL,2025-01-13 17:30:00+00:00,137.8114518220843,138.4940322123887,135.66712882469318,136.4464882712533,136.4464882712533,16156106.0,sample,2026-09-24 19:05:19.468446+00:00
GOOGL,2025-01-13 17:45:00+00:00,136.0667933247017,138.3797180049691,135.6470729638621,136.8293026522433,136.8293026522433,11078453.0,sample,2026-09-24 19:05:19.468446+00:00
GOOGL,2025-01-13 18:00:00+00:00,136.91464244262434,138.41820684867847,136.53475768487723,136.98058705385992,136.98058705385992,1706496.0,sample,2026-09-24 19:05:19.468446+00:00
GOOGL,2025-01-13 18:15:00+00:00,136.73158208037765,138.5484293473525,136.1262722905474,137.5898419343393,137.5898419343393,9822254.0,sample,2026-09-24 19:05:19.468446+00:00
GOOGL,2025-01-13 18:30:00+00:00,137.31534438782285,139.53119999000756,136.76357076968608,138.1274994145795,138.1274994145795,14375460.0,sample,2026-09-24 19:05:19.468446+00:00
GOOGL,2025-01-13 18:45:00+00:00,137.79378026689358,139.08257216854858,136.6611155777432,138.09900652278722,138.09900652278722,17478056.0,sample,2026-09-24 19:05:19.468446+00:00
GOOGL,2025-01-13 19:00:00+00:00,138.16562090859432,138.90372907864798,136.87426349563503,138.61658998367574,138.61658998367574,6838484.0,sample,2026-09-24 19:05:19.468446+00:00
GOOGL,2025-01-13 19:15:00+00:00,138.51371034128468,139.5280558694809,136.30539244394396,137.75877211775452,137.75877211775452,2894475.0,sample,2026-09-24 19:05:19.468446+00:00
GOOGL,2025-01-13 19:30:00+00:00,137.87824769094078,140.0046361176769,137.0226472914919,138.7619802344778,138.7619802344778,9704030.0,sample,2026-09-24 19:05:19.468446+00:00
GOOGL,2025-01-13 19:45:00+00:00,138.635718363276,139.71033938063778,136.7489526018136,137.96994268921873,137.96994268921873,1908335.0,sample,2026-09-24 19:05:19.468446+00:00
GOOGL,2025-01-13 20:00:00+00:00,137.80390930224306,138.9312856452736,136.8148386270252,137.1720537604269,137.1720537604269,11927854.0,sample,2026-09-24 19:05:19.468446+00:00
GOOGL,2025-01-13 20:15:00+00:00,137.315076883742,138.60796703253664,135.02576163745667,136.01492863651222,136.01492863651222,10280862.0,sample,2026-09-24 19:05:19.468446+00:00
GOOGL,2025-01-13 20:30:00+00:00,135.68964337260596,137.11118938065158,134.87821215512466,136.05312636083715,136.05312636083715,11764840.0,sample,2026-09-24 19:05:19.468446+00:00
GOOGL,2025-01-13 20:45:00+00:00,135.95295128494698,136.90834545931878,134.88337634908513,135.7207464830873,135.7207464830873,7597813.0,sample,2026-09-24 19:05:19.468446+00:00
GOOGL,2025-01-13 21:00:00+00:00,136.3075052482778,138.24919269864282,135.5306014589824,136.90690298776562,136.90690298776562,17392233.0,sample,2026-09-24 19:05:19.468446+00:00
GOOGL,2025-01-13 21:15:00+00:00,136.52231708332465,138.01275513400913,135.48476543125176,137.31870933987028,137.31870933987028,3451777.0,sample,2026-09-24 19:05:19.468446+00:00
GOOGL,2025-01-13 21:30:00+00:00,137.18532255355706,138.31502323921708,136.06310712917653,137.09312231779074,137.09312231779074,4420515.0,sample,2026-09-24 19:05:19.468446+00:00
GOOGL,2025-01-13 21:45:00+00:00,137.15821525222455,137.91159307475607,136.16083397743637,137.03382136319752,137.03382136319752,13724857.0,sample,2026-09-24 19:05:19.468446+00:00
GOOGL,2025-01-13 22:00:00+00:00,136.92532518927848,137.98003679061398,135.86327035543758,136.97764576397225,136.97764576397225,1724121.0,sample,2026-09-24 19:05:19.468446+00:00
GOOGL,2025-01-13 22:15:00+00:00,136.87247091177832,137.65002452271798,136.67318255054036,137.13006898904965,137.13006898904965,1602973.0,sample,2026-09-24 19:05:19.468446+00:00
GOOGL,2025-01-13 22:30:00+00:00,137.51650912374328,138.02938461019608,136.3378572940353,137.623551893032,137.623551893032,10437716.0,sample,2026-09-24 19:05:19.468446+00:00
GOOGL,2025-01-13 22:45:00+00:00,137.39993517274993,138.91304931266743,136.02375823996863,137.4908017258322,137.4908017258322,4168675.0,sample,2026-09-24 19:05:19.468446+00:00
GOOGL,2025-01-13 23:00:00+00:00,137.41532316315363,138.6186613248829,135.5828644216595,136.88523908331666,136.88523908331666,13564458.0,sample,2026-09-24 19:05:19.468446+00:00
GOOGL,2025-01-13 23:15:00+00:00,136.9940702220975,138.13502999161776,136.30419791044946,136.92906384065608,136.92906384065608,9506119.0,sample,2026-09-24 19:05:19.468446+00:00
GOOGL,2025-01-13 23:30:00+00:00,137.00206161405424,137.18453577843258,136.00548335572572,136.97233867946252,136.97233867946252,15413905.0,sample,2026-09-24 19:05:19.468446+00:00
GOOGL,2025-01-13 23:45:00+00:00,136.54242138802212,138.1362755255862,134.94659653787699,137.53028636231966,137.53028636231966,2144436.0,sample,2026-09-24 19:05:19.468446+00:00
GOOGL,2025-01-14 00:00:00+00:00,137.0054137525167,138.84403791805462,136.75403577336445,138.03614419605987,138.03614419605987,4399898.0,sample,2026-09-24 19:05:19.468446+00:00
GOOGL,2025-01-14 00:15:00+00:00,138.14546938459995,138.73318041269442,137.02200090118228,137.7251960171753,137.7251960171753,13371579.0,sample,2026-09-24 19:05:19.468446+00:00
GOOGL,2025-01-14 00:30:00+00:00,137.80957478699764,138.85514316949406,135.11878641527437,136.66401714864435,136.66401714864435,15759851.0,sample,2026-09-24 19:05:19.468446+00:00
GOOGL,2025-01-14 00:45:00+00:00,136.56712758153455,137.07306406402398,134.69190247585578,136.10637935750427,136.10637935750427,8781184.0,sample,2026-09-24 19:05:19.468446+00:00
GOOGL,2025-01-14 01:00:00+00:00,136.19175374715957,138.3885538150275,135.8294806550776,136.8254555807304,136.8254555807304,10906650.0,sample,2026-09-24 19:05:19.468446+00:00
GOOGL,2025-01-14 01:15:00+00:00,136.89682942926308,138.2600146314865,134.80829433101056,136.31297495792236,136.31297495792236,17308081.0,sample,2026-09-24 19:05:19.468446+00:00
