symbol,timestamp,open,high,low,close,adj_close,volume,source,ingestion_time
GOOGL,2021-01-04 00:00:00+00:00,117.78716583090284,118.41521935455373,116.57078219946466,117.84157223324026,117.84157223324026,5865456.0,sample,2026-09-24 19:05:19.466442+00:00
GOOGL,2021-01-05 00:00:00+00:00,117.68305662342198,117.99117092271825,113.55608612155066,114.78312009267133,114.78312009267133,13045033.0,sample,2026-09-24 19:05:19.466442+00:00
GOOGL,2021-01-06 00:00:00+00:00,114.81899263374838,115.55611505175388,113.57371511589706,113.84595687019666,113.84595687019666,13963607.0,sample,2026-09-24 19:05:19.466442+00:00
GOOGL,2021-01-07 00:00:00+00:00,113.48314471149537,113.69433302956699,112.65756957789976,113.00389012774812,113.00389012774812,12909333.0,sample,2026-09-24 19:05:19.466442+00:00
GOOGL,2021-01-08 00:00:00+00:00,113.23798305272553,114.34419002040862,110.1348510854428,111.18037384763836,111.18037384763836,7924658.0,sample,2026-09-24 19:05:19.466442+00:00
GOOGL,2021-01-11 00:00:00+00:00,111.01095732145262,111.76266021650905,110.03232600396055,110.62637896630697,110.62637896630697,3596954.0,sample,2026-09-24 19:05:19.466442+00:00
GOOGL,2021-01-12 00:00:00+00:00,110.72356584189089,111.62633216482273,109.4386724212755,110.16419231000795,110.16419231000795,14848375.0,sample,2026-09-24 19:05:19.466442+00:00
GOOGL,2021-01-13 00:00:00+00:00,110.44831602928664,111.17353704070612,105.75632081702155,106.18204220161529,106.18204220161529,3559836.0,sample,2026-09-24 19:05:19.466442+00:00
GOOGL,2021-01-14 00:00:00+00:00,106.11172922845648,106.97986025555372,102.82774687017366,103.95213137897801,103.95213137897801,3730269.0,sample,2026-09-24 19:05:19.466442+00:00
GOOGL,2021-01-15 00:00:00+00:00,103.76706609612442,104.59304303263237,103.34762015343483,103.58634873508764,103.58634873508764,14032361.0,sample,2026-09-24 19:05:19.466442+00:00
GOOGL,2021-01-18 00:00:00+00:00,103.74836964112056,104.12997685609318,101.24407059665077,101.66380315679719,101.66380315679719,9248226.0,sample,2026-09-24 19:05:19.466442+00:00
GOOGL,2021-01-19 00:00:00+00:00,101.92356842767846,102.19601652544078,100.1149433265223,101.01029932056449,101.01029932056449,7899521.0,sample,2026-09-24 19:05:19.466442+00:00
GOOGL,2021-01-20 00:00:00+00:00,100.98589145984802,104.01201154061407,100.87382463357845,103.51834917821746,103.51834917821746,6780112.0,sample,2026-09-24 19:05:19.466442+00:00
GOOGL,2021-01-21 00:00:00+00:00,103.21009566233295,103.86094778427916,101.2039134962629,101.6139547640094,101.6139547640094,11814042.0,sample,2026-09-24 19:05:19.466442+00:00
GOOGL,2021-01-22 00:00:00+00:00,101.94690988642407,102.32421982779172,100.33524526678988,101.52245255593444,101.52245255593444,9350771.0,sample,2026-09-24 19:05:19.466442+00:00
GOOGL,2021-01-25 00:00:00+00:00,101.8001562127894,103.49184480636573,100.77581790387536,102.41982315255656,102.41982315255656,2289335.0,sample,2026-09-24 19:05:19.466442+00:00
GOOGL,2021-01-26 00:00:00+00:00,102.5105523832187,103.1145300449951,100.87896385628737,101.70374068877351,101.70374068877351,17284911.0,sample,2026-09-24 19:05:19.466442+00:00
GOOGL,2021-01-27 00:00:00+00:00,101.93762619121703,102.50855944368745,100.45494205632927,101.49629493433687,101.49629493433687,7394000.0,sample,2026-09-24 19:05:19.466442+00:00
GOOGL,2021-01-28 00:00:00+00:00,101.49494070745753,102.64085569514621,100.27978220300456,102.41028806967736,102.41028806967736,7631195.0,sample,2026-09-24 19:05:19.466442+00:00
GOOGL,2021-01-29 00:00:00+00:00,102.02590956251932,102.63155683916695,100.49175576003236,100.97471400566008,100.97471400566008,10826269.0,sample,2026-09-24 19:05:19.466442+00:00
GOOGL,2021-02-01 00:00:00+00:00,101.25047461370438,107.80986017099669,101.07526507657685,106.76974101907635,106.76974101907635,17259596.0,sample,2026-09-24 19:05:19.466442+00:00
GOOGL,2021-02-02 00:00:00+00:00,106.60875689195126,108.48432031359314,106.20934289083716,107.38707242445078,107.38707242445078,16177978.0,sample,2026-09-24 19:05:19.466442+00:00
GOOGL,2021-02-03 00:00:00+00:00,107.50206611537753,108.95807215671556,106.41358667162123,108.81316572465101,108.81316572465101,8274831.0,sample,2026-09-24 19:05:19.466442+00:00
GOOGL,2021-02-04 00:00:00+00:00,109.10455166643283,110.70603148278002,108.42044534738672,109.72335768462975,109.72335768462975,8310144.0,sample,2026-09-24 19:05:19.466442+00:00
GOOGL,2021-02-05 00:00:00+00:00,109.55283090831165,110.10641283449029,106.06906403066472,106.75239259462593,106.75239259462593,7685219.0,sample,2026-09-24 19:05:19.466442+00:00
GOOGL,2021-02-08 00:00:00+00:00,106.90830951073102,108.24571039640577,105.90326328112954,107.89212809574026,107.89212809574026,5255044.0,sample,2026-09-24 19:05:19.466442+00:00
GOOGL,2021-02-09 00:00:00+00:00,108.14807545643104,109.36464353429048,106.24267431965212,107.01249610468851,107.01249610468851,1903977.0,sample,2026-09-24 19:05:19.466442+00:00
GOOGL,2021-02-10 00:00:00+00:00,107.1092429031913,109.82253144608379,106.77471152844572,108.86490866816506,108.86490866816506,3101377.0,sample,2026-09-24 19:05:19.466442+00:00
GOOGL,2021-02-11 00:00:00+00:00,108.92066870541964,110.42797167765784,108.56486629630287,109.90223066584127,109.90223066584127,10203250.0,sample,2026-09-24 19:05:19.466442+00:00
GOOGL,2021-02-12 00:00:00+00:00,109.79731993966573,111.54604131332145,109.60714758424405,110.88365161920709,110.88365161920709,14579136.0,sample,2026-09-24 19:05:19.466442+00:00
GOOGL,2021-02-15 00:00:00+00:00,110.87985887576164,111.06287591380647,108.7880969657599,109.34922173223694,109.34922173223694,10720462.0,sample,2026-09-24 19:05:19.466442+00:00
GOOGL,2021-02-16 00:00:00+00:00,109.23837853034182,110.2444036374585,107.93325911329357,108.26114440292706,108.26114440292706,14110798.0,sample,2026-09-24 19:05:19.466442+00:00
GOOGL,2021-02-17 00:00:00+00:00,107.96050769060703,108.24729495973948,107.23468184289075,107.73851347560564,107.73851347560564,11914257.0,sample,2026-09-24 19:05:19.466442+00:00
GOOGL,2021-02-18 00:00:00+00:00,108.00641488794753,109.01500345189261,107.45613010877294,108.19935789628354,108.19935789628354,11459406.0,sample,2026-09-24 19:05:19.466442+00:00
GOOGL,2021-02-19 00:00:00+00:00,108.23285711932438,109.88953325070348,107.23555859856492,108.67032531302281,108.67032531302281,4755925.0,sample,2026-09-24 19:05:19.466442+00:00
GOOGL,2021-02-22 00:00:00+00:00,108.4515912329446,111.77137882816781,108.2733058734079,111.20308946199542,111.20308946199542,1656521.0,sample,2026-09-24 19:05:19.466442+00:00
GOOGL,2021-02-23 00:00:00+00:00,111.25727585849883,111.91888014742489,109.67698230307907,110.64953013902692,110.64953013902692,15791966.0,sample,2026-09-24 19:05:19.466442+00:00
GOOGL,2021-02-24 00:00:00+00:00,110.68645115436665,111.8924523377849,109.71905778386393,111.45924757976633,111.45924757976633,2480335.0,sample,2026-09-24 19:05:19.466442+00:00
GOOGL,2021-02-25 00:00:00+00:00,111.58658080636754,115.32915115036754,110.57160696521348,114.56210572192946,114.56210572192946,3151943.0,sample,2026-09-24 19:05:19.466442+00:00
GOOGL,2021-02-26 00:00:00+00:00,114.80155159472267,114.98261135321103,113.44116125568426,114.05285923978187,114.05285923978187,1667460.0,sample,2026-09-24 19:05:19.466442+00:00
GOOGL,2021-03-01 00:00:00+00:00,113.92048647691442,118.88469633530303,113.7042437758781,118.55611959976504,118.55611959976504,8629182.0,sample,2026-09-24 19:05:19.466442+00:00
GOOGL,2021-03-02 00:00:00+00:00,118.51853497098631,118.70609952124003,117.99458081546318,118.42106227926764,118.42106227926764,4537889.0,sample,2026-09-24 19:05:19.466442+00:00
GOOGL,2021-03-03 00:00:00+00:00,118.22710790684748,120.14999520201494,117.66911269086646,119.57602146042163,119.57602146042163,16413382.0,sample,2026-09-24 19:05:19.466442+00:00
GOOGL,2021-03-04 00:00:00+00:00,119.41823199242268,120.3059411501224,117.68959541943386,118.57881798873885,118.57881798873885,3919545.0,sample,2026-09-24 19:05:19.466442+00:00
GOOGL,2021-03-05 00:00:00+00:00,118.93415995297507,120.65129373101246,118.45160559889946,120.26835669296722,120.26835669296722,12100722.0,sample,2026-09-24 19:05:19.466442+00:00
GOOGL,2021-03-08 00:00:00+00:00,120.40377153962758,123.14023017806585,119.77044000243559,122.2059338498631,122.2059338498631,10144942.0,sample,2026-09-24 19:05:19.466442+00:00
GOOGL,2021-03-09 00:00:00+00:00,122.37953568966482,124.54755961395058,122.06790662881994,123.26116487809688,123.26116487809688,9080872.0,sample,2026-09-24 19:05:19.466442+00:00
GOOGL,2021-03-10 00:00:00+00:00,123.9027240649241,125.08513260109386,118.28047833277037,119.53362732712485,119.53362732712485,17361259.0,sample,2026-09-24 19:05:19.466442+00:00
GOOGL,2021-03-11 00:00:00+00:00,119.72154599604289,121.16284096334864,119.44080255040788,119.86238703362584,119.86238703362584,9109025.0,sample,2026-09-24 19:05:19.466442+00:00
GOOGL,2021-03-12 00:00:00+00:00,120.05522767383137,120.89654423111911,117.87314871123192,118.22299834961571,118.22299834961571,13373462.0,sample,2026-09-24 19:05:19.466442+00:00
GOOGL,2021-03-15 00:00:00+00:00,118.66672730988982,119.84063401249922,116.57675380236478,117.48282508639217,117.48282508639217,2634238.0,sample,2026-09-24 19:05:19.466442+00:00
GOOGL,2021-03-16 00:00:00+00:00,117.46186065148186,118.64658183710245,112.52739354941555,113.18159638316108,113.18159638316108,5570159.0,sample,2026-09-24 19:05:19.466442+00:00
GOOGL,2021-03-17 00:00:00+00:00,113.03103533259282,114.12369383308827,111.10515163569809,111.86046226941225,111.86046226941225,10534821.0,sample,2026-09-24 19:05:19.466442+00:00
GOOGL,2021-03-18 00:00:00+00:00,111.83782872407257,113.46923983136429,111.49012492759772,112.87193579779398,112.87193579779398,7476634.0,sample,2026-09-24 19:05:19.466442+00:00
GOOGL,2021-03-19 00:00:00+00:00,112.6979808181155,113.44377571342757,112.08275244608906,113.01750164896944,113.01750164896944,3249127.0,sample,2026-09-24 19:05:19.466442+00:00
GOOGL,2021-03-22 00:00:00+00:00,112.64382817550722,113.95186824616087,112.37493325192594,113.6017548574551,113.6017548574551,11342270.0,sample,2026-09-24 19:05:19.466442+00:00
GOOGL,2021-03-23 00:00:00+00:00,113.3503524665918,117.60187016183109,112.52712811118752,116.24141269058461,116.24141269058461,4972275.0,sample,2026-09-24 19:05:19.466442+00:00
GOOGL,2021-03-24 00:00:00+00:00,115.852015677538,120.82527266430317,115.53707488958112,119.49480452004579,119.49480452004579,4611029.0,sample,2026-09-24 19:05:19.466442+00:00
GOOGL,2021-03-25 00:00:00+00:00,119.87682708360322,121.7723727075851,119.06709329968804,121.400153755543,121.400153755543,12865391.0,sample,2026-09-24 19:05:19.466442+00:00
GOOGL,2021-03-26 00:00:00+00:00,121.54221864367815,125.01469280486691,121.39422483921338,123.68386796773152,123.68386796773152,4868065.0,sample,2026-09-24 19:05:19.466442+00:00
GOOGL,2021-03-29 00:00:00+00:00,123.85737213216429,127.20262441642114,122.41912328260018,126.29131715928749,126.29131715928749,11547641.0,sample,2026-09-24 19:05:19.466442+00:00
GOOGL,2021-03-30 00:00:00+00:00,126.45678580578358,127.84055192729446,122.91983855418158,123.67486385850732,123.67486385850732,9006542.0,sample,2026-09-24 19:05:19.466442+00:00
GOOGL,2021-03-31 00:00:00+00:00,123.43335193664556,124.67397361291165,118.46760359701463,118.90785856489343,118.90785856489343,5976345.0,sample,2026-09-24 19:05:19.466442+00:00
GOOGL,2021-04-01 00:00:00+00:00,118.97998084618642,119.80932063113018,116.60603217206106,116.77394169532788,116.77394169532788,15043357.0,sample,2026-09-24 19:05:19.466442+00:00
GOOGL,2021-04-02 00:00:00+00:00,116.85150610228929,119.73363364630765,116.37661341249023,118.32677895773146,118.32677895773146,9222382.0,sample,2026-09-24 19:05:19.466442+00:00
GOOGL,2021-04-05 00:00:00+00:00,118.55353240002788,120.86885845181588,117.14066515838012,120.74374999284156,120.74374999284156,5687721.0,sample,2026-09-24 19:05:19.466442+00:00
GOOGL,2021-04-06 00:00:00+00:00,120.5360632189491,120.89058152870408,116.0870764246053,117.48844425500415,117.48844425500415,11279675.0,sample,2026-09-24 19:05:19.466442+00:00
GOOGL,2021-04-07 00:00:00+00:00,117.7644798518741,121.1236783293083,116.71568761931549,119.93249895539309,119.93249895539309,14627792.0,sample,2026-09-24 19:05:19.466442+00:00
GOOGL,2021-04-08 00:00:00+00:00,120.21422309371273,124.02862117438796,119.78594947975459,123.55457161452355,123.55457161452355,16974702.0,sample,2026-09-24 19:05:19.466442+00:00
GOOGL,2021-04-09 00:00:00+00:00,123.48210499389938,124.74876757890172,120.90983085729579,121.76936616819755,121.76936616819755,11629293.0,sample,2026-09-24 19:05:19.466442+00:00
GOOGL,2021-04-12 00:00:00+00:00,121.81811701144312,122.76647621224853,120.11286832678093,120.82008102855039,120.82008102855039,13820631.0,sample,2026-09-24 19:05:19.466442+00:00
GOOGL,2021-04-13 00:00:00+00:00,120.6008933532972,121.81398358019858,119.29018024263804,120.29784135278827,120.29784135278827,8302749.0,sample,2026-09-24 19:05:19.466442+00:00
GOOGL,2021-04-14 00:00:00+00:00,120.55745588576212,122.82768699141064,120.22695527364328,121.58661203121973,121.58661203121973,11502062.0,sample,2026-09-24 19:05:19.466442+00:00
GOOGL,2021-04-15 00:00:00+00:00,121.99395961165006,122.17219279793144,120.8402787060361,121.29615471399192,121.29615471399192,2377173.0,sample,2026-09-24 19:05:19.466442+00:00
GOOGL,2021-04-16 00:00:00+00:00,121.44924753969168,122.5310352346711,120.17712895055597,120.67789736467077,120.67789736467077,2052875.0,sample,2026-09-24 19:05:19.466442+00:00
GOOGL,2021-04-19 00:00:00+00:00,120.97034852730117,121.90370076332748,118.35986611921494,118.71268531319183,118.71268531319183,1870638.0,sample,2026-09-24 19:05:19.466442+00:00
GOOGL,2021-04-20 00:00:00+00:00,118.4624119844012,118.93080460221124,114.5717267987107,114.98226982950474,114.98226982950474,7057945.0,sample,2026-09-24 19:05:19.466442+00:00
GOOGL,2021-04-21 00:00:00+00:00,115.1888706011295,116.79502593552702,113.92902210594377,116.1985575498322,116.1985575498322,17498787.0,sample,2026-09-24 19:05:19.466442+00:00
GOOGL,2021-04-22 00:00:00+00:00,115.73673121404963,116.94674819949715,114.1295867882822,115.08160478186461,115.08160478186461,12045061.0,sample,2026-09-24 19:05:19.466442+00:00
GOOGL,2021-04-23 00:00:00+00:00,114.73458491847433,115.94758468296384,112.9137188778021,113.55127868870159,113.55127868870159,13336944.0,sample,2026-09-24 19:05:19.466442+00:00
GOOGL,2021-04-26 00:00:00+00:00,113.66540405530915,114.8103718002463,111.42953730555206,112.04230878413999,112.04230878413999,10172802.0,sample,2026-09-24 19:05:19.466442+00:00
GOOGL,2021-04-27 00:00:00+00:00,111.90929357590721,112.3760858942772,109.09743984900302,109.89415350676867,109.89415350676867,11378120.0,sample,2026-09-24 19:05:19.466442+00:00
GOOGL,2021-04-28 00:00:00+00:00,109.75603102745531,110.45260042106047,108.47035336843255,110.09060330131919,110.09060330131919,8897157.0,sample,2026-09-24 19:05:19.466442+00:00
GOOGL,2021-04-29 00:00:00+00:00,109.76704181756214,110.34357757192873,108.35150245504883,109.0592094463576,109.0592094463576,13852455.0,sample,2026-09-24 19:05:19.466442+00:00
GOOGL,2021-04-30 00:00:00+00:00,109.1377018829457,110.16530545784649,106.06761108326747,107.11037717846564,107.11037717846564,11557541.0,sample,2026-09-24 19:05:19.466442+00:00
GOOGL,2021-05-03 00:00:00+00:00,107.44446392541299,109.51851610184114,106.67493127200814,109.00962093446435,109.00962093446435,15089514.0,sample,2026-09-24 19:05:19.466442+00:00
GOOGL,2021-05-04 00:00:00+00:00,108.70220676145176,111.14888224826502,107.4118483943132,111.01745770686733,111.01745770686733,14523521.0,sample,2026-09-24 19:05:19.466442+00:00
GOOGL,2021-05-05 00:00:00+00:00,111.25361922179722,113.63179581010358,111.12593755579601,112.75137648953573,112.75137648953573,14392620.0,sample,2026-09-24 19:05:19.466442+00:00
GOOGL,2021-05-06 00:00:00+00:00,112.90377369631095,113.80101033947939,110.2324685540299,111.42426595620185,111.42426595620185,16556564.0,sample,2026-09-24 19:05:19.466442+00:00
GOOGL,2021-05-07 00:00:00+00:00,110.99910139666092,112.18923658602861,109.94314397168125,111.67814594084004,111.67814594084004,16258289.0,sample,2026-09-24 19:05:19.466442+00:00
GOOGL,2021-05-10 00:00:00+00:00,111.63508646471192,115.50743039460137,111.2484766011635,114.75853238523048,114.75853238523048,3124909.0,sample,2026-09-24 19:05:19.466442+00:00
GOOGL,2021-05-11 00:00:00+00:00,114.68874736700492,115.4028435017648,113.66743763769884,114.93739214647215,114.93739214647215,16498374.0,sample,2026-09-24 19:05:19.466442+00:00
GOOGL,2021-05-12 00:00:00+00:00,114.86206605214953,115.7621807331063,113.87295041025794,115.54759778068625,115.54759778068625,7284786.0,sample,2026-09-24 19:05:19.466442+00:00
GOOGL,2021-05-13 00:00:00+00:00,115.1386809094365,117.94057090589936,114.06262921629839,117.2802684773535,117.2802684773535,15667719.0,sample,2026-09-24 19:05:19.466442+00:00
GOOGL,2021-05-14 00:00:00+00:00,117.4266901747569,120.5976829720093,116.21146091812525,119.88631840270237,119.88631840270237,1870843.0,sample,2026-09-24 19:05:19.466442+00:00
GOOGL,2021-05-17 00:00:00+00:00,119.64927818101718,120.61688340478638,117.55882786822839,117.84365115241597,117.84365115241597,2456650.0,sample,2026-09-24 19:05:19.466442+00:00
GOOGL,2021-05-18 00:00:00+00:00,117.79141905773388,119.6462695407966,116.80268944712813,118.96640044010915,118.96640044010915,6060887.0,sample,2026-09-24 19:05:19.466442+00:00
GOOGL,2021-05-19 00:00:00+00:00,118.68134151669742,119.39858525487216,117.91023376357114,118.23080740783227,118.23080740783227,7689668.0,sample,2026-09-24 19:05:19.466442+00:00
GOOGL,2021-05-20 00:00:00+00:00,117.95331936573106,120.4606578852137,117.80547528749628,119.9010679642062,119.9010679642062,16882139.0,sample,2026-09-24 19:05:19.466442+00:00
GOOGL,2021-05-21 00:00:00+00:00,119.7337362648042,121.12154778000975,118.50964509585708,120.68394159570985,120.68394159570985,17820500.0,sample,2026-09-24 19:05:19.466442+00:00
GOOGL,2021-05-24 00:00:00+00:00,120.67874471389857,121.52773254454392,120.3856414907849,121.18468648901703,121.18468648901703,9081036.0,sample,2026-09-24 19:05:19.466442+00:00
GOOGL,2021-05-25 00:00:00+00:00,120.96359563729969,122.07712343033805,120.30026932365965,120.80219779386523,120.80219779386523,5192163.0,sample,2026-09-24 19:05:19.466442+00:00
GOOGL,2021-05-26 00:00:00+00:00,121.41301455813668,122.25586697360238,119.4621372189419,120.75650131970417,120.75650131970417,8318228.0,sample,2026-09-24 19:05:19.466442+00:00
GOOGL,2021-05-27 00:00:00+00:00,121.06582857971685,122.46913889554642,120.4982597220458,120.91826738446419,120.91826738446419,8030967.0,sample,2026-09-24 19:05:19.466442+00:00
GOOGL,2021-05-28 00:00:00+00:00,121.23581047128046,122.53840177075935,119.8521291862789,121.26336973260747,121.26336973260747,16851024.0,sample,2026-09-24 19:05:19.466442+00:00
GOOGL,2021-05-31 00:00:00+00:00,121.64894662362487,121.9779598876999,118.94688052522974,120.29318786750196,120.29318786750196,3956546.0,sample,2026-09-24 19:05:19.466442+00:00
GOOGL,2021-06-01 00:00:00+00:00,120.34034860733458,121.89124430353635,119.31234813975594,121.13287000458403,121.13287000458403,8678073.0,sample,2026-09-24 19:05:19.466442+00:00
GOOGL,2021-06-02 00:00:00+00:00,121.16149190310131,124.78042236982436,120.09277542307707,124.4790245455374,124.4790245455374,7047273.0,sample,2026-09-24 19:05:19.466442+00:00
GOOGL,2021-06-03 00:00:00+00:00,124.19471206243745,124.62146871485528,121.64660265130304,122.71346071050297,122.71346071050297,15805754.0,sample,2026-09-24 19:05:19.466442+00:00
GOOGL,2021-06-04 00:00:00+00:00,122.65640899949214,123.06731166779052,121.09259433916064,122.54204880866165,122.54204880866165,1723710.0,sample,2026-09-24 19:05:19.466442+00:00
GOOGL,2021-06-07 00:00:00+00:00,122.26916873664132,122.55415241268118,120.0454305381625,121.16551276610846,121.16551276610846,3242137.0,sample,2026-09-24 19:05:19.466442+00:00
GOOGL,2021-06-08 00:00:00+00:00,121.42462047577631,123.67337487016756,120.13919907748507,123.53242360866453,123.53242360866453,8870416.0,sample,2026-09-24 19:05:19.466442+00:00
GOOGL,2021-06-09 00:00:00+00:00,122.95671786838791,125.47754504076757,122.41310999589575,124.87886046756249,124.87886046756249,9530311.0,sample,2026-09-24 19:05:19.466442+00:00
GOOGL,2021-06-10 00:00:00+00:00,124.76331452996028,127.27658955611759,123.39422247742903,125.82129038499643,125.82129038499643,6707325.0,sample,2026-09-24 19:05:19.466442+00:00
GOOGL,2021-06-11 00:00:00+00:00,125.81333659370546,125.9669338159157,124.43682508674374,124.89842409772321,124.89842409772321,7150163.0,sample,2026-09-24 19:05:19.466442+00:00
GOOGL,2021-06-14 00:00:00+00:00,124.89564493395041,125.61604982726683,124.66918978829827,125.21048697955851,125.21048697955851,7230161.0,sample,2026-09-24 19:05:19.466442+00:00
GOOGL,2021-06-15 00:00:00+00:00,125.41148616885839,127.0313862978155,124.581578450939,126.55539021350465,126.55539021350465,15712193.0,sample,2026-09-24 19:05:19.466442+00:00
GOOGL,2021-06-16 00:00:00+00:00,127.05662970286878,127.37408701721537,123.39836151531185,123.92230222984251,123.92230222984251,7443262.0,sample,2026-09-24 19:05:19.466442+00:00
GOOGL,2021-06-17 00:00:00+00:00,123.69081554014203,124.92414906052863,119.87714805829133,121.21629452872706,121.21629452872706,17807076.0,sample,2026-09-24 19:05:19.466442+00:00
GOOGL,2021-06-18 00:00:00+00:00,121.11353156371413,122.73267373955017,120.70072726367165,122.34313214444902,122.34313214444902,3244911.0,sample,2026-09-24 19:05:19.466442+00:00
GOOGL,2021-06-21 00:00:00+00:00,122.15635563579664,123.54092818235037,120.21914625922906,121.60907004088207,121.60907004088207,9129729.0,sample,2026-09-24 19:05:19.466442+00:00
GOOGL,2021-06-22 00:00:00+00:00,121.88004027488228,122.56922106169318,121.46453192993503,121.98199460299887,121.98199460299887,13199986.0,sample,2026-09-24 19:05:19.466442+00:00
GOOGL,2021-06-23 00:00:00+00:00,121.67547929695394,121.9674187229498,120.81368348563426,121.6197517328135,121.6197517328135,7144075.0,sample,2026-09-24 19:05:19.466442+00:00
GOOGL,2021-06-24 00:00:00+00:00,121.57896423527464,122.85963823237208,119.9601460699494,120.11456970533568,120.11456970533568,14594845.0,sample,2026-09-24 19:05:19.466442+00:00
GOOGL,2021-06-25 00:00:00+00:00,120.15532152963672,121.50534769621615,117.75300973000913,118.06510034695714,118.06510034695714,13110422.0,sample,2026-09-24 19:05:19.466442+00:00
GOOGL,2021-06-28 00:00:00+00:00,118.07043149951559,120.3187633935575,117.21827199827916,119.75883263655466,119.75883263655466,15602327.0,sample,2026-09-24 19:05:19.466442+00:00
GOOGL,2021-06-29 00:00:00+00:00,119.4092190079012,120.15817886080978,118.72545776503068,120.01662554183505,120.01662554183505,7402844.0,sample,2026-09-24 19:05:19.466442+00:00
GOOGL,2021-06-30 00:00:00+00:00,119.76805418118829,120.70027258980912,119.26044870982521,120.17439326863101,120.17439326863101,6075618.0,sample,2026-09-24 19:05:19.466442+00:00
GOOGL,2021-07-01 00:00:00+00:00,119.89101225957309,121.49411951420915,119.36427669142404,121.34630258626798,121.34630258626798,7388608.0,sample,2026-09-24 19:05:19.466442+00:00
GOOGL,2021-07-02 00:00:00+00:00,121.00817869469708,123.11844313983464,120.28802459408502,122.47956512782353,122.47956512782353,3901753.0,sample,2026-09-24 19:05:19.466442+00:00
GOOGL,2021-07-05 00:00:00+00:00,122.39538528547416,124.94008540910582,122.16483669370574,124.03367094426592,124.03367094426592,14332518.0,sample,2026-09-24 19:05:19.466442+00:00
GOOGL,2021-07-06 00:00:00+00:00,123.84493933955035,124.62922458781655,120.91895907689349,122.36483475907667,122.36483475907667,3238333.0,sample,2026-09-24 19:05:19.466442+00:00
GOOGL,2021-07-07 00:00:00+00:00,122.49299698232429,122.67298719499915,117.63322885066788,118.27653889081233,118.27653889081233,11114420.0,sample,2026-09-24 19:05:19.466442+00:00
GOOGL,2021-07-08 00:00:00+00:00,118.12243317706643,121.48175868245423,117.11546790751385,120.57860307819648,120.57860307819648,13811601.0,sample,2026-09-24 19:05:19.466442+00:00
GOOGL,2021-07-09 00:00:00+00:00,120.5871676969952,120.72691645006849,118.4392781349343,118.7131470426031,118.7131470426031,17839867.0,sample,2026-09-24 19:05:19.466442+00:00
GOOGL,2021-07-12 00:00:00+00:00,119.01585931832382,120.92854679430042,117.60722057481523,119.58500132563782,119.58500132563782,6656657.0,sample,2026-09-24 19:05:19.466442+00:00
GOOGL,2021-07-13 00:00:00+00:00,119.24282378292486,120.38275819639485,118.2471925875329,119.45766754236347,119.45766754236347,12796265.0,sample,2026-09-24 19:05:19.466442+00:00
GOOGL,2021-07-14 00:00:00+00:00,119.27938833870722,120.97952388737833,117.96339539393331,119.7062732215228,119.7062732215228,4833645.0,sample,2026-09-24 19:05:19.466442+00:00
GOOGL,2021-07-15 00:00:00+00:00,119.52022143857478,125.35832759646338,118.42948729688447,124.3798715735445,124.3798715735445,13194659.0,sample,2026-09-24 19:05:19.466442+00:00
GOOGL,2021-07-16 00:00:00+00:00,124.55679798694095,125.19930681419382,124.13459468896481,124.39355983897387,124.39355983897387,16729385.0,sample,2026-09-24 19:05:19.466442+00:00
GOOGL,2021-07-19 00:00:00+00:00,124.92708062266328,128.28126074885884,123.87596854945875,127.89988653199494,127.89988653199494,3992189.0,sample,2026-09-24 19:05:19.466442+00:00
GOOGL,2021-07-20 00:00:00+00:00,128.0428814720798,131.01970708277753,126.74993858984276,130.43956179089997,130.43956179089997,6458485.0,sample,2026-09-24 19:05:19.466442+00:00
GOOGL,2021-07-21 00:00:00+00:00,130.29289127234512,134.7637484368021,130.15292690023253,134.21601660425577,134.21601660425577,7512259.0,sample,2026-09-24 19:05:19.466442+00:00
GOOGL,2021-07-22 00:00:00+00:00,134.20666594945558,137.70112954285398,133.57557665530004,137.30170376355605,137.30170376355605,6438491.0,sample,2026-09-24 19:05:19.466442+00:00
GOOGL,2021-07-23 00:00:00+00:00,137.24171321303004,139.93526171542115,136.66556065252965,139.2071886951549,139.2071886951549,8431650.0,sample,2026-09-24 19:05:19.466442+00:00
GOOGL,2021-07-26 00:00:00+00:00,138.63409642958658,140.6300378835201,137.2870185018658,139.83008624313172,139.83008624313172,16322064.0,sample,2026-09-24 19:05:19.466442+00:00
GOOGL,2021-07-27 00:00:00+00:00,139.57927889992757,141.27649413071643,138.94085420215907,139.78432727462845,139.78432727462845,4492703.0,sample,2026-09-24 19:05:19.466442+00:00
GOOGL,2021-07-28 00:00:00+00:00,139.7941066771293,142.72951540328972,138.35229658688675,141.1702866227079,141.1702866227079,8958130.0,sample,2026-09-24 19:05:19.466442+00:00
GOOGL,2021-07-29 00:00:00+00:00,141.3387309018154,142.64189582471954,140.43191092987928,141.1523558149455,141.1523558149455,16231390.0,sample,2026-09-24 19:05:19.466442+00:00
GOOGL,2021-07-30 00:00:00+00:00,141.66413056774334,148.0593737341734,141.11294399445998,146.31857793911288,146.31857793911288,17721971.0,sample,2026-09-24 19:05:19.466442+00:00
GOOGL,2021-08-02 00:00:00+00:00,146.03802816044657,147.3511110971204,142.81903592790798,143.38598412090943,143.38598412090943,8789738.0,sample,2026-09-24 19:05:19.466442+00:00
GOOGL,2021-08-03 00:00:00+00:00,143.25288740530758,145.1168259002857,142.6803464350199,143.8898099182494,143.8898099182494,13923981.0,sample,2026-09-24 19:05:19.466442+00:00
GOOGL,2021-08-04 00:00:00+00:00,143.74291442172756,146.820516756714,142.19296056447556,145.37936923894478,145.37936923894478,1861622.0,sample,2026-09-24 19:05:19.466442+00:00
GOOGL,2021-08-05 00:00:00+00:00,145.34179080051103,145.50146452271926,142.09682890007863,143.3264218797853,143.3264218797853,10426072.0,sample,2026-09-24 19:05:19.466442+00:00
GOOGL,2021-08-06 00:00:00+00:00,142.97734092984075,146.26458349723814,142.09580224081776,145.1341558458166,145.1341558458166,12190027.0,sample,2026-09-24 19:05:19.466442+00:00
GOOGL,2021-08-09 00:00:00+00:00,145.03157576600668,147.0417015501098,143.62904040031304,146.51385532641575,146.51385532641575,6442726.0,sample,2026-09-24 19:05:19.466442+00:00
GOOGL,2021-08-10 00:00:00+00:00,146.22037241835105,146.5245568239856,143.20363569997428,143.68704377734286,143.68704377734286,2530581.0,sample,2026-09-24 19:05:19.466442+00:00
GOOGL,2021-08-11 00:00:00+00:00,143.5943798169656,144.2862505735892,138.67805593937345,140.21866864497633,140.21866864497633,14113915.0,sample,2026-09-24 19:05:19.466442+00:00
GOOGL,2021-08-12 00:00:00+00:00,140.15736780035846,143.42920328982632,139.79553590207155,141.98889896859998,141.98889896859998,1773643.0,sample,2026-09-24 19:05:19.466442+00:00
GOOGL,2021-08-13 00:00:00+00:00,141.87082586355453,142.33620988459973,141.1979573289672,142.1463591291725,142.1463591291725,17414587.0,sample,2026-09-24 19:05:19.466442+00:00
GOOGL,2021-08-16 00:00:00+00:00,142.1636335323072,142.3140715147283,139.27670331613717,139.44617521458537,139.44617521458537,11180516.0,sample,2026-09-24 19:05:19.466442+00:00
GOOGL,2021-08-17 00:00:00+00:00,139.40510109407757,140.43961739850877,136.39481653827903,136.83970926643647,136.83970926643647,4138489.0,sample,2026-09-24 19:05:19.466442+00:00
GOOGL,2021-08-18 00:00:00+00:00,136.7030161804704,138.09569412733157,133.92567908219308,135.42191442716594,135.42191442716594,7908538.0,sample,2026-09-24 19:05:19.466442+00:00
GOOGL,2021-08-19 00:00:00+00:00,135.03929804104547,138.50065113383454,133.5865646856284,137.63594231036777,137.63594231036777,7092451.0,sample,2026-09-24 19:05:19.466442+00:00
GOOGL,2021-08-20 00:00:00+00:00,137.53433987852972,138.42244738979977,134.57988158548144,135.65429362419493,135.65429362419493,11419097.0,sample,2026-09-24 19:05:19.466442+00:00
GOOGL,2021-08-23 00:00:00+00:00,135.53937969066618,137.67318917915384,135.22927375787523,136.51515592211064,136.51515592211064,11965859.0,sample,2026-09-24 19:05:19.466442+00:00
GOOGL,2021-08-24 00:00:00+00:00,136.9029439235583,139.5940301490019,135.58949659540937,138.42736033567448,138.42736033567448,12843746.0,sample,2026-09-24 19:05:19.466442+00:00
GOOGL,2021-08-25 00:00:00+00:00,138.76730728395043,139.40291189364638,135.0514465564684,135.5744374884368,135.5744374884368,7208793.0,sample,2026-09-24 19:05:19.466442+00:00
GOOGL,2021-08-26 00:00:00+00:00,135.29977449740724,139.16823350076425,134.70994525382017,138.63954293374374,138.63954293374374,12619591.0,sample,2026-09-24 19:05:19.466442+00:00
GOOGL,2021-08-27 00:00:00+00:00,138.40797295022676,145.12597766334045,137.3885839880607,143.74296020234246,143.74296020234246,17351193.0,sample,2026-09-24 19:05:19.466442+00:00
GOOGL,2021-08-30 00:00:00+00:00,143.7919098750618,144.247321822215,142.13387781897794,142.40768050356903,142.40768050356903,4236188.0,sample,2026-09-24 19:05:19.466442+00:00
GOOGL,2021-08-31 00:00:00+00:00,142.196740150192,143.49304529468347,137.92268319693136,138.82416580743828,138.82416580743828,16652931.0,sample,2026-09-24 19:05:19.466442+00:00
GOOGL,2021-09-01 00:00:00+00:00,138.98151476092949,141.70223285714542,137.92840427413498,140.78934822229053,140.78934822229053,10079075.0,sample,2026-09-24 19:05:19.466442+00:00
GOOGL,2021-09-02 00:00:00+00:00,141.24986929430182,144.81840020599938,141.05288167295188,143.2647764039911,143.2647764039911,8922715.0,sample,2026-09-24 19:05:19.466442+00:00
GOOGL,2021-09-03 00:00:00+00:00,143.3832118453076,144.82497072765577,142.79869494676308,143.82901199614747,143.82901199614747,5805472.0,sample,2026-09-24 19:05:19.466442+00:00
GOOGL,2021-09-06 00:00:00+00:00,143.56287136057725,145.34928111954272,141.88106299693078,143.9571868712178,143.9571868712178,6461198.0,sample,2026-09-24 19:05:19.466442+00:00
GOOGL,2021-09-07 00:00:00+00:00,143.6669964274343,146.6028543254948,143.45764682625727,145.58418033986163,145.58418033986163,4305062.0,sample,2026-09-24 19:05:19.466442+00:00
GOOGL,2021-09-08 00:00:00+00:00,146.28514831911707,147.3575135375074,140.95537452784262,141.10617472882348,141.10617472882348,10584376.0,sample,2026-09-24 19:05:19.466442+00:00
GOOGL,2021-09-09 00:00:00+00:00,140.81949278288644,141.97919106143644,140.66331344044457,141.1835598424975,141.1835598424975,17481313.0,sample,2026-09-24 19:05:19.466442+00:00
GOOGL,2021-09-10 00:00:00+00:00,141.51757443962993,141.74458859166916,138.3497673661224,139.27863008741656,139.27863008741656,5159286.0,sample,2026-09-24 19:05:19.466442+00:00
GOOGL,2021-09-13 00:00:00+00:00,138.85330724578785,141.9478355239652,138.06399182983094,141.76342070717462,141.76342070717462,11407579.0,sample,2026-09-24 19:05:19.466442+00:00
GOOGL,2021-09-14 00:00:00+00:00,141.69734972617073,142.8491512068148,138.3949101905818,139.24300895741465,139.24300895741465,17143684.0,sample,2026-09-24 19:05:19.466442+00:00
GOOGL,2021-09-15 00:00:00+00:00,139.3486693478461,140.68318080765,136.9897753476917,138.26996917871054,138.26996917871054,8090441.0,sample,2026-09-24 19:05:19.466442+00:00
GOOGL,2021-09-16 00:00:00+00:00,138.66389833518357,140.18866579870897,138.40957299580717,138.6381854478025,138.6381854478025,15056270.0,sample,2026-09-24 19:05:19.466442+00:00
GOOGL,2021-09-17 00:00:00+00:00,139.13583984495523,139.6966956933932,133.31099841415585,134.04569939260975,134.04569939260975,3380747.0,sample,2026-09-24 19:05:19.466442+00:00
GOOGL,2021-09-20 00:00:00+00:00,133.92279103193658,134.948908991941,130.688592860739,132.23563865024184,132.23563865024184,3973067.0,sample,2026-09-24 19:05:19.466442+00:00
GOOGL,2021-09-21 00:00:00+00:00,131.46963066068102,133.1348954084808,130.07783087739475,132.8550952403762,132.8550952403762,16037267.0,sample,2026-09-24 19:05:19.466442+00:00
GOOGL,2021-09-22 00:00:00+00:00,133.1345500388975,138.68911810309703,132.0463214035732,137.1653885767831,137.1653885767831,13905842.0,sample,2026-09-24 19:05:19.466442+00:00
GOOGL,2021-09-23 00:00:00+00:00,137.18430573234087,140.83113560912852,136.1809348752787,140.03375259487174,140.03375259487174,17522047.0,sample,2026-09-24 19:05:19.466442+00:00
GOOGL,2021-09-24 00:00:00+00:00,140.55277927178184,144.438530715291,139.39007734824253,143.00867376586746,143.00867376586746,10950600.0,sample,2026-09-24 19:05:19.466442+00:00
GOOGL,2021-09-27 00:00:00+00:00,142.48186453506253,148.42793829489364,142.02031931763432,146.72522619087465,146.72522619087465,15576961.0,sample,2026-09-24 19:05:19.466442+00:00
GOOGL,2021-09-28 00:00:00+00:00,146.97772018330042,149.66933178985374,146.7125763148068,149.42333653139872,149.42333653139872,11884554.0,sample,2026-09-24 19:05:19.466442+00:00
GOOGL,2021-09-29 00:00:00+00:00,149.60449285644714,150.7252332603384,148.77117995732186,149.77530617953923,149.77530617953923,5991857.0,sample,2026-09-24 19:05:19.466442+00:00
GOOGL,2021-09-30 00:00:00+00:00,150.19901443706215,150.4446593020876,145.9793686098836,147.43312088282192,147.43312088282192,9797729.0,sample,2026-09-24 19:05:19.466442+00:00
GOOGL,2021-10-01 00:00:00+00:00,147.36114292152055,148.66868608802338,142.99760753351015,144.0555538466306,144.0555538466306,6678029.0,sample,2026-09-24 19:05:19.466442+00:00
GOOGL,2021-10-04 00:00:00+00:00,144.2121663888555,148.900186802765,143.74743483637303,147.18341703075575,147.18341703075575,11717432.0,sample,2026-09-24 19:05:19.466442+00:00
GOOGL,2021-10-05 00:00:00+00:00,147.36022889832722,149.05754561635297,143.01805033747982,143.95961353762894,143.95961353762894,14967680.0,sample,2026-09-24 19:05:19.466442+00:00
GOOGL,2021-10-06 00:00:00+00:00,143.8464852053066,144.96617790578384,140.58750042910773,141.0530199350391,141.0530199350391,16433705.0,sample,2026-09-24 19:05:19.466442+00:00
GOOGL,2021-10-07 00:00:00+00:00,141.61916750231623,143.0710570979248,141.46656765970368,142.5780340899622,142.5780340899622,11367361.0,sample,2026-09-24 19:05:19.466442+00:00
GOOGL,2021-10-08 00:00:00+00:00,142.39136857147574,142.61206864743983,139.9552032326237,141.42545415388602,141.42545415388602,8306141.0,sample,2026-09-24 19:05:19.466442+00:00
GOOGL,2021-10-11 00:00:00+00:00,141.18459677290275,144.229945093524,139.94333630849837,142.65922020516857,142.65922020516857,17029284.0,sample,2026-09-24 19:05:19.466442+00:00
GOOGL,2021-10-12 00:00:00+00:00,142.45338844511133,144.03483534241798,140.08978351320005,141.20012383794537,141.20012383794537,9977838.0,sample,2026-09-24 19:05:19.466442+00:00
GOOGL,2021-10-13 00:00:00+00:00,140.84269879400782,142.77177136121043,139.3003685429097,141.90616270952003,141.90616270952003,9703459.0,sample,2026-09-24 19:05:19.466442+00:00
GOOGL,2021-10-14 00:00:00+00:00,142.13384907966977,143.5062515782218,139.30899258723804,139.79339274508888,139.79339274508888,3309275.0,sample,2026-09-24 19:05:19.466442+00:00
GOOGL,2021-10-15 00:00:00+00:00,140.44225727182751,142.324915024821,139.8661740203497,141.32855731017105,141.32855731017105,2835122.0,sample,2026-09-24 19:05:19.466442+00:00
GOOGL,2021-10-18 00:00:00+00:00,141.44842804355883,142.12969651347754,139.60379875975863,140.9541224676156,140.9541224676156,3774117.0,sample,2026-09-24 19:05:19.466442+00:00
GOOGL,2021-10-19 00:00:00+00:00,140.8017803186993,144.32270591749142,140.3231172457868,144.01306468168224,144.01306468168224,6122420.0,sample,2026-09-24 19:05:19.466442+00:00
GOOGL,2021-10-20 00:00:00+00:00,144.0050322784908,144.5162899380876,141.68768958314377,143.3327371801285,143.3327371801285,10298817.0,sample,2026-09-24 19:05:19.466442+00:00
GOOGL,2021-10-21 00:00:00+00:00,143.28604041067345,144.27341090371982,139.48917474204146,140.35232111492994,140.35232111492994,8955167.0,sample,2026-09-24 19:05:19.466442+00:00
GOOGL,2021-10-22 00:00:00+00:00,140.19237564985164,140.45334061942668,137.37825225262318,138.7388471476099,138.7388471476099,13663571.0,sample,2026-09-24 19:05:19.466442+00:00
GOOGL,2021-10-25 00:00:00+00:00,138.833198718708,142.1623846638749,137.72865723856614,140.94095254982827,140.94095254982827,8810142.0,sample,2026-09-24 19:05:19.466442+00:00
GOOGL,2021-10-26 00:00:00+00:00,140.99383196894692,142.88722189699212,139.89463485969915,141.55119327909196,141.55119327909196,3826917.0,sample,2026-09-24 19:05:19.466442+00:00
GOOGL,2021-10-27 00:00:00+00:00,141.65044766633324,142.7814269652203,141.41515242692225,141.6771455532819,141.6771455532819,6114088.0,sample,2026-09-24 19:05:19.466442+00:00
GOOGL,2021-10-28 00:00:00+00:00,142.10691228865605,142.282394392197,141.26666870909244,141.9787613467253,141.9787613467253,9981348.0,sample,2026-09-24 19:05:19.466442+00:00
GOOGL,2021-10-29 00:00:00+00:00,142.27208789151803,144.89489256670228,140.6924979255199,143.68501775654352,143.68501775654352,17647752.0,sample,2026-09-24 19:05:19.466442+00:00
GOOGL,2021-11-01 00:00:00+00:00,143.63390705372038,144.30669268371813,141.5167484819119,141.7383600310565,141.7383600310565,7616895.0,sample,2026-09-24 19:05:19.466442+00:00
GOOGL,2021-11-02 00:00:00+00:00,141.60526028501766,143.58524412980452,141.45546745240276,142.66654925189638,142.66654925189638,9194669.0,sample,2026-09-24 19:05:19.466442+00:00
GOOGL,2021-11-03 00:00:00+00:00,142.6937750275856,147.27565713743235,141.07957450246482,146.80867754803114,146.80867754803114,4134460.0,sample,2026-09-24 19:05:19.466442+00:00
GOOGL,2021-11-04 00:00:00+00:00,146.72396063473408,147.75384398700928,140.26729560669682,141.77444816248226,141.77444816248226,11541625.0,sample,2026-09-24 19:05:19.466442+00:00
GOOGL,2021-11-05 00:00:00+00:00,142.04423262761753,143.70158558224242,139.1796529633515,140.6518882512782,140.6518882512782,4476881.0,sample,2026-09-24 19:05:19.466442+00:00
GOOGL,2021-11-08 00:00:00+00:00,140.57342984830655,141.09631755066468,137.63052310032313,137.9998295301221,137.9998295301221,5508407.0,sample,2026-09-24 19:05:19.466442+00:00
GOOGL,2021-11-09 00:00:00+00:00,138.44508268257132,139.3052636890528,137.53669022561203,138.56396527563493,138.56396527563493,16712506.0,sample,2026-09-24 19:05:19.466442+00:00
GOOGL,2021-11-10 00:00:00+00:00,138.95811653053008,140.4763234413895,138.7209513064842,139.38514013845048,139.38514013845048,5261761.0,sample,2026-09-24 19:05:19.466442+00:00
GOOGL,2021-11-11 00:00:00+00:00,139.49244221695957,139.87689611898332,137.91086758279502,139.21396609495363,139.21396609495363,11806292.0,sample,2026-09-24 19:05:19.466442+00:00
GOOGL,2021-11-12 00:00:00+00:00,139.098338253678,140.70935130022502,137.95653890531136,139.1883192904655,139.1883192904655,16195493.0,sample,2026-09-24 19:05:19.466442+00:00
GOOGL,2021-11-15 00:00:00+00:00,138.72963568258578,140.09604702869345,135.32452534791258,136.32219152597938,136.32219152597938,5642108.0,sample,2026-09-24 19:05:19.466442+00:00
GOOGL,2021-11-16 00:00:00+00:00,136.23596468737617,137.3053969832173,135.59653112775564,136.18526542522798,136.18526542522798,5604627.0,sample,2026-09-24 19:05:19.466442+00:00
GOOGL,2021-11-17 00:00:00+00:00,136.70740356064027,141.68401562472977,135.61685163161795,140.26803897168523,140.26803897168523,3508704.0,sample,2026-09-24 19:05:19.466442+00:00
GOOGL,2021-11-18 00:00:00+00:00,140.4375475792438,143.02966852073064,139.3750571980921,142.06213229931762,142.06213229931762,3205849.0,sample,2026-09-24 19:05:19.466442+00:00
GOOGL,2021-11-19 00:00:00+00:00,141.91620265514376,145.26772470976456,141.38874550483334,145.10274648477355,145.10274648477355,6516893.0,sample,2026-09-24 19:05:19.466442+00:00
GOOGL,2021-11-22 00:00:00+00:00,144.99254238839828,146.52912044688821,142.42468729039422,144.09481467846126,144.09481467846126,6175638.0,sample,2026-09-24 19:05:19.466442+00:00
GOOGL,2021-11-23 00:00:00+00:00,143.82318578849848,147.52391464596013,142.3289041565379,146.07973092241573,146.07973092241573,12251424.0,sample,2026-09-24 19:05:19.466442+00:00
GOOGL,2021-11-24 00:00:00+00:00,145.9821160673623,146.23560120983336,141.7964566254719,142.39798659878707,142.39798659878707,12222578.0,sample,2026-09-24 19:05:19.466442+00:00
GOOGL,2021-11-25 00:00:00+00:00,142.9716487265681,143.47249364749803,141.47037594956282,142.35125629916817,142.35125629916817,17425895.0,sample,2026-09-24 19:05:19.466442+00:00
GOOGL,2021-11-26 00:00:00+00:00,142.0181838430384,143.7729740209957,141.31459018761348,143.01581407381084,143.01581407381084,17065944.0,sample,2026-09-24 19:05:19.466442+00:00
GOOGL,2021-11-29 00:00:00+00:00,143.60430458921778,143.93917169996757,138.59778935570537,139.17862180986117,139.17862180986117,3577928.0,sample,2026-09-24 19:05:19.466442+00:00
GOOGL,2021-11-30 00:00:00+00:00,139.2677081782812,142.77441248972744,138.47083958516086,141.31549368694573,141.31549368694573,10945350.0,sample,2026-09-24 19:05:19.466442+00:00
GOOGL,2021-12-01 00:00:00+00:00,141.21446656998356,142.59669663640014,138.50972164942038,139.04511348250486,139.04511348250486,15735522.0,sample,2026-09-24 19:05:19.466442+00:00
GOOGL,2021-12-02 00:00:00+00:00,138.8505603066458,145.5952536200714,138.34130930529622,144.80031879690708,144.80031879690708,14056440.0,sample,2026-09-24 19:05:19.466442+00:00
GOOGL,2021-12-03 00:00:00+00:00,144.6804490064438,147.90434203553224,143.8435636308008,146.4774816518193,146.4774816518193,8109518.0,sample,2026-09-24 19:05:19.466442+00:00
GOOGL,2021-12-06 00:00:00+00:00,145.91501013469409,147.6548159183773,144.974315807975,145.90009733137302,145.90009733137302,9549718.0,sample,2026-09-24 19:05:19.466442+00:00
GOOGL,2021-12-07 00:00:00+00:00,146.14908113087952,147.3287275841711,145.11860068198698,145.42311148800286,145.42311148800286,5509044.0,sample,2026-09-24 19:05:19.466442+00:00
GOOGL,2021-12-08 00:00:00+00:00,144.88779402964013,146.61871577074047,143.26758867950758,145.7322195764969,145.7322195764969,14680760.0,sample,2026-09-24 19:05:19.466442+00:00
GOOGL,2021-12-09 00:00:00+00:00,145.84967963659463,146.66456883854988,142.00026998165794,143.62882211865522,143.62882211865522,9385805.0,sample,2026-09-24 19:05:19.466442+00:00
GOOGL,2021-12-10 00:00:00+00:00,143.81962671604384,147.260971684221,142.5859641341778,146.78060005765388,146.78060005765388,1938764.0,sample,2026-09-24 19:05:19.466442+00:00
GOOGL,2021-12-13 00:00:00+00:00,146.94104526482698,147.6303214760024,143.82950230676616,145.12692088379464,145.12692088379464,5565723.0,sample,2026-09-24 19:05:19.466442+00:00
GOOGL,2021-12-14 00:00:00+00:00,144.655537802298,145.17080460162427,140.2683185157485,141.26868378712985,141.26868378712985,10925544.0,sample,2026-09-24 19:05:19.466442+00:00
GOOGL,2021-12-15 00:00:00+00:00,141.16187582706507,141.6830231564346,139.0604229998464,139.2585661031271,139.2585661031271,2835283.0,sample,2026-09-24 19:05:19.466442+00:00
GOOGL,2021-12-16 00:00:00+00:00,139.02543436478433,140.62414550621887,137.73196741890507,139.93035006182814,139.93035006182814,11155314.0,sample,2026-09-24 19:05:19.466442+00:00
GOOGL,2021-12-17 00:00:00+00:00,140.0701378285046,140.2664016263341,136.06405811845022,137.71190107643787,137.71190107643787,6000683.0,sample,2026-09-24 19:05:19.466442+00:00
GOOGL,2021-12-20 00:00:00+00:00,137.97967447303054,139.02468178972137,133.57010157953582,134.40008331828764,134.40008331828764,8235430.0,sample,2026-09-24 19:05:19.466442+00:00
GOOGL,2021-12-21 00:00:00+00:00,134.28366062749882,135.79625640670102,132.45098576746756,133.97395156873145,133.97395156873145,16434401.0,sample,2026-09-24 19:05:19.466442+00:00
GOOGL,2021-12-22 00:00:00+00:00,134.2034929930764,135.87503556249817,133.05742212291906,134.34905040772952,134.34905040772952,1980561.0,sample,2026-09-24 19:05:19.466442+00:00
GOOGL,2021-12-23 00:00:00+00:00,134.3468304046367,135.8372805103192,132.26584036258078,133.24997374595625,133.24997374595625,3630421.0,sample,2026-09-24 19:05:19.466442+00:00
GOOGL,2021-12-24 00:00:00+00:00,133.6729291808741,134.48176623490605,132.17304251711855,133.49771524886384,133.49771524886384,14829027.0,sample,2026-09-24 19:05:19.466442+00:00
GOOGL,2021-12-27 00:00:00+00:00,133.63981570966763,136.35292108245068,132.7235211185404,135.40151474680437,135.40151474680437,17247488.0,sample,2026-09-24 19:05:19.466442+00:00
GOOGL,2021-12-28 00:00:00+00:00,135.3056526589957,138.61555409466652,135.1647705661543,137.13021079784025,137.13021079784025,1520355.0,sample,2026-09-24 19:05:19.466442+00:00
GOOGL,2021-12-29 00:00:00+00:00,136.42396586438986,141.2006513740722,134.80856992324445,139.78542861534743,139.78542861534743,9145953.0,sample,2026-09-24 19:05:19.466442+00:00
GOOGL,2021-12-30 00:00:00+00:00,139.1588551871204,140.02367198104054,137.20841998913758,138.59456376743572,138.59456376743572,3610563.0,sample,2026-09-24 19:05:19.466442+00:00
GOOGL,2021-12-31 00:00:00+00:00,138.27680932830975,142.0429532083856,137.49498574262503,141.06158463030735,141.06158463030735,10076346.0,sample,2026-09-24 19:05:19.466442+00:00
GOOGL,2022-01-03 00:00:00+00:00,141.25893583979138,143.19912376637507,139.82653274660066,141.51564638138248,141.51564638138248,16459036.0,sample,2026-09-24 19:05:19.466442+00:00
GOOGL,2022-01-04 00:00:00+00:00,141.08363679165146,141.46790344084116,136.38970952939823,137.4309929980555,137.4309929980555,14605753.0,sample,2026-09-24 19:05:19.466442+00:00
GOOGL,2022-01-05 00:00:00+00:00,137.63106179597213,138.20751077477595,137.02357146997292,137.52401430731052,137.52401430731052,16707200.0,sample,2026-09-24 19:05:19.466442+00:00
GOOGL,2022-01-06 00:00:00+00:00,137.29475413030025,143.50484034082285,137.0039258001837,142.1562817827032,142.1562817827032,4310202.0,sample,2026-09-24 19:05:19.466442+00:00
GOOGL,2022-01-07 00:00:00+00:00,142.0372055378524,144.2515213290461,141.46763236397814,143.3332653587856,143.3332653587856,11086922.0,sample,2026-09-24 19:05:19.466442+00:00
GOOGL,2022-01-10 00:00:00+00:00,143.12034486573606,143.42215203497346,138.6328279103258,139.96202761762535,139.96202761762535,16819805.0,sample,2026-09-24 19:05:19.466442+00:00
GOOGL,2022-01-11 00:00:00+00:00,139.8670970196742,140.11715255305552,134.72287837217692,135.65800319902812,135.65800319902812,7277150.0,sample,2026-09-24 19:05:19.466442+00:00
GOOGL,2022-01-12 00:00:00+00:00,135.75139348020022,136.31104439976338,133.99853562009963,135.08328327916843,135.08328327916843,3095024.0,sample,2026-09-24 19:05:19.466442+00:00
GOOGL,2022-01-13 00:00:00+00:00,135.35549690236508,140.51946321987742,134.3197450580036,139.91138246625076,139.91138246625076,11228022.0,sample,2026-09-24 19:05:19.466442+00:00
GOOGL,2022-01-14 00:00:00+00:00,140.17952606128134,141.15623513671918,139.36518887021154,140.4122119065716,140.4122119065716,13865768.0,sample,2026-09-24 19:05:19.466442+00:00
GOOGL,2022-01-17 00:00:00+00:00,140.87815746222321,146.47837815282344,139.55946095565366,145.211989331815,145.211989331815,8542809.0,sample,2026-09-24 19:05:19.466442+00:00
GOOGL,2022-01-18 00:00:00+00:00,145.27139518994622,145.85624859978202,144.01400816241494,144.3573258586067,144.3573258586067,6359650.0,sample,2026-09-24 19:05:19.466442+00:00
GOOGL,2022-01-19 00:00:00+00:00,143.90955609722565,144.8389724223074,140.9060712728729,142.5719429128208,142.5719429128208,4692275.0,sample,2026-09-24 19:05:19.466442+00:00
GOOGL,2022-01-20 00:00:00+00:00,142.8137052722131,144.23944280368352,138.86629468240898,139.70750922002847,139.70750922002847,4573811.0,sample,2026-09-24 19:05:19.466442+00:00
GOOGL,2022-01-21 00:00:00+00:00,139.8345376025834,141.46751672664365,133.4270243396095,134.66537126554695,134.66537126554695,17795460.0,sample,2026-09-24 19:05:19.466442+00:00
GOOGL,2022-01-24 00:00:00+00:00,134.6654095731883,134.98276619461396,133.73765615332314,134.2817392619935,134.2817392619935,15777150.0,sample,2026-09-24 19:05:19.466442+00:00
GOOGL,2022-01-25 00:00:00+00:00,134.36995480046704,135.47717283850344,130.86091769972566,132.26799384604354,132.26799384604354,17389533.0,sample,2026-09-24 19:05:19.466442+00:00
GOOGL,2022-01-26 00:00:00+00:00,132.1632009381362,135.21429826319118,131.67245566957132,133.7916309493846,133.7916309493846,7587854.0,sample,2026-09-24 19:05:19.466442+00:00
GOOGL,2022-01-27 00:00:00+00:00,133.41556449979814,136.12906294392292,131.8323982068777,135.7048094943184,135.7048094943184,12519994.0,sample,2026-09-24 19:05:19.466442+00:00
GOOGL,2022-01-28 00:00:00+00:00,135.7459185455068,136.98281575504967,131.81578161415598,133.10638620109378,133.10638620109378,11548464.0,sample,2026-09-24 19:05:19.466442+00:00
GOOGL,2022-01-31 00:00:00+00:00,132.31425759285315,132.4902603902743,130.57280142695953,130.9137168473455,130.9137168473455,14204248.0,sample,2026-09-24 19:05:19.466442+00:00
GOOGL,2022-02-01 00:00:00+00:00,131.1086782695937,132.52958312709976,127.19023486167235,128.4126764993605,128.4126764993605,10699744.0,sample,2026-09-24 19:05:19.466442+00:00
GOOGL,2022-02-02 00:00:00+00:00,128.64751356920004,129.06380374265592,127.98993045941997,128.2477455900276,128.2477455900276,7106657.0,sample,2026-09-24 19:05:19.466442+00:00
GOOGL,2022-02-03 00:00:00+00:00,127.9894642789398,129.85176064462587,126.62402444797331,128.6847150774271,128.6847150774271,12012166.0,sample,2026-09-24 19:05:19.466442+00:00
GOOGL,2022-02-04 00:00:00+00:00,128.37219961983544,129.82556654548145,124.20621367636497,124.85142516003293,124.85142516003293,2703534.0,sample,2026-09-24 19:05:19.466442+00:00
GOOGL,2022-02-07 00:00:00+00:00,124.24999497286422,126.29373898044076,123.31513188001391,125.23114263396451,125.23114263396451,3190288.0,sample,2026-09-24 19:05:19.466442+00:00
GOOGL,2022-02-08 00:00:00+00:00,125.25034962035392,125.51813272127146,119.88571154059473,121.22676591684575,121.22676591684575,4402460.0,sample,2026-09-24 19:05:19.466442+00:00
GOOGL,2022-02-09 00:00:00+00:00,121.42326335551908,122.35837090504462,119.8676078354939,120.0492663656839,120.0492663656839,3609444.0,sample,2026-09-24 19:05:19.466442+00:00
GOOGL,2022-02-10 00:00:00+00:00,120.05759395005089,120.50416303031243,118.64887344545814,119.68347624394573,119.68347624394573,10805426.0,sample,2026-09-24 19:05:19.466442+00:00
GOOGL,2022-02-11 00:00:00+00:00,119.40307190961173,121.59051575356,118.91951520373041,120.84520106424308,120.84520106424308,2725694.0,sample,2026-09-24 19:05:19.466442+00:00
GOOGL,2022-02-14 00:00:00+00:00,120.51480736546286,121.34618984491287,118.28135673613268,119.0504016461688,119.0504016461688,14269630.0,sample,2026-09-24 19:05:19.466442+00:00
GOOGL,2022-02-15 00:00:00+00:00,119.22045021270404,120.2903160204297,118.33928867685007,119.58743464434873,119.58743464434873,2847769.0,sample,2026-09-24 19:05:19.466442+00:00
GOOGL,2022-02-16 00:00:00+00:00,119.65059373453718,120.05234339484527,116.79918684703522,117.92490184976879,117.92490184976879,14415268.0,sample,2026-09-24 19:05:19.466442+00:00
GOOGL,2022-02-17 00:00:00+00:00,117.75254966734103,118.96440265557054,116.37971281781843,116.96962077581057,116.96962077581057,2172402.0,sample,2026-09-24 19:05:19.466442+00:00
GOOGL,2022-02-18 00:00:00+00:00,116.5032927795863,116.90523002485547,110.5030612308524,111.50280075365261,111.50280075365261,5105232.0,sample,2026-09-24 19:05:19.466442+00:00
GOOGL,2022-02-21 00:00:00+00:00,111.5032879561926,112.72790534769844,107.61540945350743,108.63740559710851,108.63740559710851,5886424.0,sample,2026-09-24 19:05:19.466442+00:00
GOOGL,2022-02-22 00:00:00+00:00,108.42605130048675,110.56082221818957,108.10426085050314,109.8787345374836,109.8787345374836,15937641.0,sample,2026-09-24 19:05:19.466442+00:00
GOOGL,2022-02-23 00:00:00+00:00,109.53781060131172,110.6781815543105,108.66066667797787,109.52665418444371,109.52665418444371,4819466.0,sample,2026-09-24 19:05:19.466442+00:00
GOOGL,2022-02-24 00:00:00+00:00,109.50518665157195,111.50945336991083,109.21162815598598,110.46228061174669,110.46228061174669,3904939.0,sample,2026-09-24 19:05:19.466442+00:00
GOOGL,2022-02-25 00:00:00+00:00,110.37383084816582,111.46650825574083,109.92969712791887,110.43589090762701,110.43589090762701,15132694.0,sample,2026-09-24 19:05:19.466442+00:00
GOOGL,2022-02-28 00:00:00+00:00,110.49333876531097,110.86865183178149,109.22791715796637,110.75536864029151,110.75536864029151,11240898.0,sample,2026-09-24 19:05:19.466442+00:00
GOOGL,2022-03-01 00:00:00+00:00,110.2438709018934,111.29070531317902,105.78135816088877,106.38511125529804,106.38511125529804,14568793.0,sample,2026-09-24 19:05:19.466442+00:00
GOOGL,2022-03-02 00:00:00+00:00,106.29175360748981,108.33047338742232,105.51018142811878,107.10494306795545,107.10494306795545,2746244.0,sample,2026-09-24 19:05:19.466442+00:00
GOOGL,2022-03-03 00:00:00+00:00,107.15944458660799,107.50335841734167,105.63106804407782,106.33573514912042,106.33573514912042,16478240.0,sample,2026-09-24 19:05:19.466442+00:00
GOOGL,2022-03-04 00:00:00+00:00,106.51518383405244,107.18652142179256,102.62664963666029,102.97433346316114,102.97433346316114,14351915.0,sample,2026-09-24 19:05:19.466442+00:00
GOOGL,2022-03-07 00:00:00+00:00,103.02098288820206,103.31275835339943,101.41195365083163,102.22402559097218,102.22402559097218,13913783.0,sample,2026-09-24 19:05:19.466442+00:00
GOOGL,2022-03-08 00:00:00+00:00,102.30582731628259,105.56341602852383,101.11621639294003,104.57858555143419,104.57858555143419,10773544.0,sample,2026-09-24 19:05:19.466442+00:00
GOOGL,2022-03-09 00:00:00+00:00,104.7600250720912,105.5363729536208,103.37402844920733,104.59861364986332,104.59861364986332,11937950.0,sample,2026-09-24 19:05:19.466442+00:00
GOOGL,2022-03-10 00:00:00+00:00,104.39912562881929,104.7428810019899,102.79360317066654,103.04889037258744,103.04889037258744,16439573.0,sample,2026-09-24 19:05:19.466442+00:00
GOOGL,2022-03-11 00:00:00+00:00,102.79946870439338,105.66926197431206,101.73991148838769,105.38335238961294,105.38335238961294,10050518.0,sample,2026-09-24 19:05:19.466442+00:00
GOOGL,2022-03-14 00:00:00+00:00,105.67440366726073,106.08655767126288,100.63444912308348,100.8868873622193,100.8868873622193,10825083.0,sample,2026-09-24 19:05:19.466442+00:00
GOOGL,2022-03-15 00:00:00+00:00,100.97896579939761,101.91536676434166,100.47623319901356,100.81619267100969,100.81619267100969,10563669.0,sample,2026-09-24 19:05:19.466442+00:00
GOOGL,2022-03-16 00:00:00+00:00,100.71711391598791,100.83197429671547,98.35630519708279,98.98317528629599,98.98317528629599,2037270.0,sample,2026-09-24 19:05:19.466442+00:00
GOOGL,2022-03-17 00:00:00+00:00,98.99594524091194,101.18398832216245,98.78150838890672,100.05608562996251,100.05608562996251,3862320.0,sample,2026-09-24 19:05:19.466442+00:00
GOOGL,2022-03-18 00:00:00+00:00,99.92050412771034,100.60572044732739,98.98879356295843,100.01560524959405,100.01560524959405,11549761.0,sample,2026-09-24 19:05:19.466442+00:00
GOOGL,2022-03-21 00:00:00+00:00,99.95588448683911,100.60141544424764,98.23966581334861,98.40880976906256,98.40880976906256,9526296.0,sample,2026-09-24 19:05:19.466442+00:00
GOOGL,2022-03-22 00:00:00+00:00,98.2662518859359,100.38546009726686,97.73666946216107,100.10788568165738,100.10788568165738,11009630.0,sample,2026-09-24 19:05:19.466442+00:00
GOOGL,2022-03-23 00:00:00+00:00,100.4172551693777,101.50132229059942,98.5141251048934,98.71138812568664,98.71138812568664,10297008.0,sample,2026-09-24 19:05:19.466442+00:00
GOOGL,2022-03-24 00:00:00+00:00,98.55969876732793,99.13614809782811,97.43854456086673,98.72069644070169,98.72069644070169,14997420.0,sample,2026-09-24 19:05:19.466442+00:00
GOOGL,2022-03-25 00:00:00+00:00,98.38089030210404,99.89804347955025,97.39486066975391,98.87543932376381,98.87543932376381,6310440.0,sample,2026-09-24 19:05:19.466442+00:00
GOOGL,2022-03-28 00:00:00+00:00,98.82165678056288,99.9196214374634,93.88483598951453,94.09263218386586,94.09263218386586,11158045.0,sample,2026-09-24 19:05:19.466442+00:00
GOOGL,2022-03-29 00:00:00+00:00,94.14871871051139,97.81262912469263,93.26934794347152,96.74664463514696,96.74664463514696,11203664.0,sample,2026-09-24 19:05:19.466442+00:00
GOOGL,2022-03-30 00:00:00+00:00,96.78867541238138,98.95119386441476,95.6633621632551,98.6288168989903,98.6288168989903,2383967.0,sample,2026-09-24 19:05:19.466442+00:00
GOOGL,2022-03-31 00:00:00+00:00,98.40365364478876,98.54983196586534,95.75810634258647,96.82102703951375,96.82102703951375,8346764.0,sample,2026-09-24 19:05:19.466442+00:00
GOOGL,2022-04-01 00:00:00+00:00,96.43796523685988,96.65058291181813,93.59860184982266,94.44144298669872,94.44144298669872,3893675.0,sample,2026-09-24 19:05:19.466442+00:00
GOOGL,2022-04-04 00:00:00+00:00,94.57280429068331,95.43884531531074,93.86510932395497,94.03540959473003,94.03540959473003,10240823.0,sample,2026-09-24 19:05:19.466442+00:00
GOOGL,2022-04-05 00:00:00+00:00,94.00724762429677,96.29234227935878,93.35055960848055,95.25272789294866,95.25272789294866,3084869.0,sample,2026-09-24 19:05:19.466442+00:00
GOOGL,2022-04-06 00:00:00+00:00,95.59022086195228,96.48736188679179,93.97106186417334,94.99476422416863,94.99476422416863,9224925.0,sample,2026-09-24 19:05:19.466442+00:00
GOOGL,2022-04-07 00:00:00+00:00,94.76173916624458,94.91738420982311,92.39340693357059,93.25256319448799,93.25256319448799,14182361.0,sample,2026-09-24 19:05:19.466442+00:00
GOOGL,2022-04-08 00:00:00+00:00,93.3362882160587,95.72097896123209,92.99649054955249,94.59817795860279,94.59817795860279,16154248.0,sample,2026-09-24 19:05:19.466442+00:00
GOOGL,2022-04-11 00:00:00+00:00,94.67943296297187,95.01749631213156,92.95897777906212,93.10200118150968,93.10200118150968,17667814.0,sample,2026-09-24 19:05:19.466442+00:00
GOOGL,2022-04-12 00:00:00+00:00,93.2333519569673,94.82524785442747,92.98007917919031,94.53324729069254,94.53324729069254,5107403.0,sample,2026-09-24 19:05:19.466442+00:00
GOOGL,2022-04-13 00:00:00+00:00,94.51062890331382,95.10647883622285,92.08550209265788,92.60459170503302,92.60459170503302,16353919.0,sample,2026-09-24 19:05:19.466442+00:00
GOOGL,2022-04-14 00:00:00+00:00,92.62706553286785,94.30197366565177,92.41505897857334,93.66888739869971,93.66888739869971,11226657.0,sample,2026-09-24 19:05:19.466442+00:00
GOOGL,2022-04-15 00:00:00+00:00,93.71508543564268,94.27805756170902,91.5543953734811,92.52361862519359,92.52361862519359,8800888.0,sample,2026-09-24 19:05:19.466442+00:00
GOOGL,2022-04-18 00:00:00+00:00,92.72512672418554,93.14662477665402,90.7342474233535,91.60185529707869,91.60185529707869,13093551.0,sample,2026-09-24 19:05:19.466442+00:00
GOOGL,2022-04-19 00:00:00+00:00,91.51583557930554,92.48930824931995,90.65899649215248,90.86925235112744,90.86925235112744,12871603.0,sample,2026-09-24 19:05:19.466442+00:00
GOOGL,2022-04-20 00:00:00+00:00,90.83885340446356,92.32015693571581,90.62580194775668,92.1319517225261,92.1319517225261,3058522.0,sample,2026-09-24 19:05:19.466442+00:00
GOOGL,2022-04-21 00:00:00+00:00,92.24948261696721,92.65068937228416,92.07613622192972,92.39417193737981,92.39417193737981,3663082.0,sample,2026-09-24 19:05:19.466442+00:00
GOOGL,2022-04-22 00:00:00+00:00,92.50577792921582,93.20289553502968,91.27118023878593,92.06649800549059,92.06649800549059,11066354.0,sample,2026-09-24 19:05:19.466442+00:00
GOOGL,2022-04-25 00:00:00+00:00,92.26835425890367,92.42897898670068,89.76087070619191,90.04190127159454,90.04190127159454,2274169.0,sample,2026-09-24 19:05:19.466442+00:00
GOOGL,2022-04-26 00:00:00+00:00,90.11473590857477,92.34614175460443,89.24734688613808,92.21682508073326,92.21682508073326,9485216.0,sample,2026-09-24 19:05:19.466442+00:00
GOOGL,2022-04-27 00:00:00+00:00,92.11279700660283,93.01716096187639,91.76971043408777,92.86472267575495,92.86472267575495,16171526.0,sample,2026-09-24 19:05:19.466442+00:00
GOOGL,2022-04-28 00:00:00+00:00,92.57511694922282,93.5885030653559,91.28850525336276,91.51776234283939,91.51776234283939,6683139.0,sample,2026-09-24 19:05:19.466442+00:00
GOOGL,2022-04-29 00:00:00+00:00,91.43283437121023,92.41994179563989,90.26865246248546,90.64237032266959,90.64237032266959,17639655.0,sample,2026-09-24 19:05:19.466442+00:00
GOOGL,2022-05-02 00:00:00+00:00,90.91613848544857,91.84908060024297,88.66804501436049,89.34581040623212,89.34581040623212,11931343.0,sample,2026-09-24 19:05:19.466442+00:00
GOOGL,2022-05-03 00:00:00+00:00,89.67527824368176,90.63691710231367,88.27405098848507,88.95599099715035,88.95599099715035,15842888.0,sample,2026-09-24 19:05:19.466442+00:00
GOOGL,2022-05-04 00:00:00+00:00,88.92770792935276,91.80071958699352,88.36215147070887,91.5098456158773,91.5098456158773,10570253.0,sample,2026-09-24 19:05:19.466442+00:00
GOOGL,2022-05-05 00:00:00+00:00,91.76007898446146,93.44198730236309,90.79686309466416,93.25892217937928,93.25892217937928,17009208.0,sample,2026-09-24 19:05:19.466442+00:00
GOOGL,2022-05-06 00:00:00+00:00,93.4529006931684,93.66891879261789,92.36820783217775,92.97124102396668,92.97124102396668,16039412.0,sample,2026-09-24 19:05:19.466442+00:00
GOOGL,2022-05-09 00:00:00+00:00,93.18645685031072,93.65426278221929,90.52375429328843,91.24800964028114,91.24800964028114,7983196.0,sample,2026-09-24 19:05:19.466442+00:00
GOOGL,2022-05-10 00:00:00+00:00,91.08299070620271,94.73995474495368,90.49977167133376,94.112849898344,94.112849898344,15905933.0,sample,2026-09-24 19:05:19.466442+00:00
GOOGL,2022-05-11 00:00:00+00:00,94.44235274173333,95.24072279691829,90.26532132093382,90.85269533538865,90.85269533538865,12555199.0,sample,2026-09-24 19:05:19.466442+00:00
GOOGL,2022-05-12 00:00:00+00:00,91.01980939004345,91.12450931693776,89.64025966029926,89.76158583844206,89.76158583844206,16548019.0,sample,2026-09-24 19:05:19.466442+00:00
GOOGL,2022-05-13 00:00:00+00:00,90.01354488262498,90.85576861746974,89.29097802884966,90.7479400762958,90.7479400762958,3298897.0,sample,2026-09-24 19:05:19.466442+00:00
GOOGL,2022-05-16 00:00:00+00:00,90.71203797708378,91.00678721881378,89.37468013157724,89.9496792461436,89.9496792461436,6284780.0,sample,2026-09-24 19:05:19.466442+00:00
GOOGL,2022-05-17 00:00:00+00:00,89.8883579356097,90.21597566006,89.42922361873893,89.82857214608714,89.82857214608714,9489074.0,sample,2026-09-24 19:05:19.466442+00:00
GOOGL,2022-05-18 00:00:00+00:00,89.5658340935853,92.1013934166292,88.85905374204252,91.09930372237925,91.09930372237925,10317412.0,sample,2026-09-24 19:05:19.466442+00:00
GOOGL,2022-05-19 00:00:00+00:00,91.15237586743953,92.60707428928728,90.66585621338918,91.72247343860758,91.72247343860758,17610375.0,sample,2026-09-24 19:05:19.466442+00:00
GOOGL,2022-05-20 00:00:00+00:00,91.46145209480645,93.58418187995116,91.1920651103233,92.99711578601517,92.99711578601517,11320235.0,sample,2026-09-24 19:05:19.466442+00:00
GOOGL,2022-05-23 00:00:00+00:00,92.9956946153329,93.75249022773937,90.82970599826601,91.39448280552834,91.39448280552834,8123620.0,sample,2026-09-24 19:05:19.466442+00:00
GOOGL,2022-05-24 00:00:00+00:00,91.37750557697407,92.60655378419669,90.85143341890642,91.8545437712105,91.8545437712105,13493964.0,sample,2026-09-24 19:05:19.466442+00:00
GOOGL,2022-05-25 00:00:00+00:00,91.74925319102479,94.14569884794571,91.29135883133013,93.75879808534735,93.75879808534735,8312582.0,sample,2026-09-24 19:05:19.466442+00:00
GOOGL,2022-05-26 00:00:00+00:00,94.07784675354112,94.22481382465465,93.56746701735221,93.83065451422652,93.83065451422652,13980100.0,sample,2026-09-24 19:05:19.466442+00:00
GOOGL,2022-05-27 00:00:00+00:00,93.83759877301574,94.78689147516893,92.9645839799674,93.93090700292925,93.93090700292925,13073896.0,sample,2026-09-24 19:05:19.466442+00:00
GOOGL,2022-05-30 00:00:00+00:00,93.73079578773073,96.01272275730803,93.21507473935625,95.13301553596654,95.13301553596654,6252677.0,sample,2026-09-24 19:05:19.466442+00:00
GOOGL,2022-05-31 00:00:00+00:00,95.07600067743397,97.74133064576327,94.97945625619543,96.79422365391686,96.79422365391686,8883754.0,sample,2026-09-24 19:05:19.466442+00:00
GOOGL,2022-06-01 00:00:00+00:00,97.01145362335913,98.14764297932405,95.72914077773991,96.67404241405704,96.67404241405704,5813040.0,sample,2026-09-24 19:05:19.466442+00:00
GOOGL,2022-06-02 00:00:00+00:00,96.64665459100307,98.02844848852206,95.57724176957198,97.73602292014846,97.73602292014846,4549166.0,sample,2026-09-24 19:05:19.466442+00:00
GOOGL,2022-06-03 00:00:00+00:00,97.6324143786292,100.64523779388959,96.99926440578461,100.47439693404937,100.47439693404937,14402847.0,sample,2026-09-24 19:05:19.466442+00:00
GOOGL,2022-06-06 00:00:00+00:00,100.62007087881337,101.01438441719918,99.31413348169357,99.94865347967597,99.94865347967597,11153044.0,sample,2026-09-24 19:05:19.466442+00:00
GOOGL,2022-06-07 00:00:00+00:00,100.11879301460118,103.91663407240112,99.17128875585797,103.13252115942456,103.13252115942456,17791144.0,sample,2026-09-24 19:05:19.466442+00:00
GOOGL,2022-06-08 00:00:00+00:00,103.00095970761268,105.12720459461168,101.97508630065134,103.94041714000198,103.94041714000198,7190602.0,sample,2026-09-24 19:05:19.466442+00:00
GOOGL,2022-06-09 00:00:00+00:00,104.09352605988563,108.75857317104,103.20484401682847,107.76821839151131,107.76821839151131,7638865.0,sample,2026-09-24 19:05:19.466442+00:00
GOOGL,2022-06-10 00:00:00+00:00,108.19439809824597,109.1987954748001,105.77603868488171,106.41948317138994,106.41948317138994,4780389.0,sample,2026-09-24 19:05:19.466442+00:00
GOOGL,2022-06-13 00:00:00+00:00,105.82600802535752,110.66492224412268,104.95607738209496,109.8728359002787,109.8728359002787,4386761.0,sample,2026-09-24 19:05:19.466442+00:00
GOOGL,2022-06-14 00:00:00+00:00,109.74860089138211,110.55580244532744,108.37873038104374,109.45079429483002,109.45079429483002,15641738.0,sample,2026-09-24 19:05:19.466442+00:00
GOOGL,2022-06-15 00:00:00+00:00,109.3606900299047,112.05259822201933,108.49217457165034,111.64868162921925,111.64868162921925,15859041.0,sample,2026-09-24 19:05:19.466442+00:00
GOOGL,2022-06-16 00:00:00+00:00,111.6393858369553,114.18768589805649,110.46171965689736,112.89977117488584,112.89977117488584,10842822.0,sample,2026-09-24 19:05:19.466442+00:00
GOOGL,2022-06-17 00:00:00+00:00,112.72340218635101,113.83698372109463,110.2816087281366,110.5905917355735,110.5905917355735,2253570.0,sample,2026-09-24 19:05:19.466442+00:00
GOOGL,2022-06-20 00:00:00+00:00,110.44674657021163,114.83439237815325,110.00345987601966,113.65591392790972,113.65591392790972,12535925.0,sample,2026-09-24 19:05:19.466442+00:00
GOOGL,2022-06-21 00:00:00+00:00,113.74156908538906,113.9410738532862,112.58626919805218,113.4658787234834,113.4658787234834,10854528.0,sample,2026-09-24 19:05:19.466442+00:00
GOOGL,2022-06-22 00:00:00+00:00,113.29929887336883,114.61777772503356,112.4795765591798,112.84121433962494,112.84121433962494,4028414.0,sample,2026-09-24 19:05:19.466442+00:00
GOOGL,2022-06-23 00:00:00+00:00,112.95643113714367,118.79854737385712,112.07775938746997,117.4479348716929,117.4479348716929,12966816.0,sample,2026-09-24 19:05:19.466442+00:00
GOOGL,2022-06-24 00:00:00+00:00,117.62202921525662,119.22173213491004,116.28456855938826,118.1148576715792,118.1148576715792,5219429.0,sample,2026-09-24 19:05:19.466442+00:00
GOOGL,2022-06-27 00:00:00+00:00,117.86677420048795,118.03943359682967,117.00238793900267,117.58703346455832,117.58703346455832,14271223.0,sample,2026-09-24 19:05:19.466442+00:00
GOOGL,2022-06-28 00:00:00+00:00,117.54009212250237,117.90077839427099,114.35713865104502,115.70834624931837,115.70834624931837,5198247.0,sample,2026-09-24 19:05:19.466442+00:00
GOOGL,2022-06-29 00:00:00+00:00,115.64712952068504,121.19248503135435,115.16273256142722,120.08584373060187,120.08584373060187,9084981.0,sample,2026-09-24 19:05:19.466442+00:00
GOOGL,2022-06-30 00:00:00+00:00,120.23343217669753,120.45609759429215,117.40845371595847,118.56272916545771,118.56272916545771,11117909.0,sample,2026-09-24 19:05:19.466442+00:00
GOOGL,2022-07-01 00:00:00+00:00,118.80901297728467,119.95860426137328,117.6328504790256,118.93861527282718,118.93861527282718,13221729.0,sample,2026-09-24 19:05:19.466442+00:00
GOOGL,2022-07-04 00:00:00+00:00,119.31555792242385,119.67241109811675,116.81158762664616,117.95842537941884,117.95842537941884,8435876.0,sample,2026-09-24 19:05:19.466442+00:00
GOOGL,2022-07-05 00:00:00+00:00,117.95942663851639,119.93557804425102,117.77577193683746,119.7047105701483,119.7047105701483,14989002.0,sample,2026-09-24 19:05:19.466442+00:00
GOOGL,2022-07-06 00:00:00+00:00,120.29414294548076,120.74825730274614,119.65653960899851,120.34216274321584,120.34216274321584,16823523.0,sample,2026-09-24 19:05:19.466442+00:00
GOOGL,2022-07-07 00:00:00+00:00,119.88235023196481,121.21703018409819,119.07664030790977,119.41750154502361,119.41750154502361,3526416.0,sample,2026-09-24 19:05:19.466442+00:00
GOOGL,2022-07-08 00:00:00+00:00,119.88034895334064,121.1067768045389,114.81804308354003,115.43882345696998,115.43882345696998,8610675.0,sample,2026-09-24 19:05:19.466442+00:00
GOOGL,2022-07-11 00:00:00+00:00,115.50519089605658,116.78864232955586,114.93687209187388,115.86968130466452,115.86968130466452,15626034.0,sample,2026-09-24 19:05:19.466442+00:00
GOOGL,2022-07-12 00:00:00+00:00,115.91633935401185,117.21393548076587,114.15648590952733,114.5273527623773,114.5273527623773,13356156.0,sample,2026-09-24 19:05:19.466442+00:00
GOOGL,2022-07-13 00:00:00+00:00,114.43069087911753,119.17067453904635,113.60867558357455,118.69530577118064,118.69530577118064,2052990.0,sample,2026-09-24 19:05:19.466442+00:00
GOOGL,2022-07-14 00:00:00+00:00,118.32863288980295,121.62131494811118,117.33681056701053,120.38443384316663,120.38443384316663,4798879.0,sample,2026-09-24 19:05:19.466442+00:00
GOOGL,2022-07-15 00:00:00+00:00,120.25824498957176,122.18140987937699,119.9398352552865,121.88423329075351,121.88423329075351,12700484.0,sample,2026-09-24 19:05:19.466442+00:00
GOOGL,2022-07-18 00:00:00+00:00,121.69675168480613,124.47228723858889,120.82175033654919,123.66415950170338,123.66415950170338,16848631.0,sample,2026-09-24 19:05:19.466442+00:00
GOOGL,2022-07-19 00:00:00+00:00,123.58371477686185,125.61998661446131,122.54771370573211,124.4365220614571,124.4365220614571,2093770.0,sample,2026-09-24 19:05:19.466442+00:00
GOOGL,2022-07-20 00:00:00+00:00,123.88103630011177,126.39456175451652,122.620363937242,125.67817818688202,125.67817818688202,16417104.0,sample,2026-09-24 19:05:19.466442+00:00
GOOGL,2022-07-21 00:00:00+00:00,125.71197041999694,127.55527510350258,124.79990076515794,126.43401666286626,126.43401666286626,13067343.0,sample,2026-09-24 19:05:19.466442+00:00
GOOGL,2022-07-22 00:00:00+00:00,126.88107304317467,128.01795655035704,126.01485577358072,126.25041546806791,126.25041546806791,11362920.0,sample,2026-09-24 19:05:19.466442+00:00
GOOGL,2022-07-25 00:00:00+00:00,126.16305005736822,129.87120418476508,125.3957650140166,128.35794078514851,128.35794078514851,12356980.0,sample,2026-09-24 19:05:19.466442+00:00
GOOGL,2022-07-26 00:00:00+00:00,128.57308292666502,130.89267741079243,128.3647293143756,130.3307475692312,130.3307475692312,13711506.0,sample,2026-09-24 19:05:19.466442+00:00
GOOGL,2022-07-27 00:00:00+00:00,130.16028056113979,131.61923494546178,129.44200144603863,131.01602425517868,131.01602425517868,1561569.0,sample,2026-09-24 19:05:19.466442+00:00
GOOGL,2022-07-28 00:00:00+00:00,130.99727053523213,132.369011419194,129.59891030885484,131.93091786295682,131.93091786295682,11076589.0,sample,2026-09-24 19:05:19.466442+00:00
GOOGL,2022-07-29 00:00:00+00:00,131.39369606749898,132.34091727977543,127.10415329216009,127.74198882185917,127.74198882185917,4318355.0,sample,2026-09-24 19:05:19.466442+00:00
GOOGL,2022-08-01 00:00:00+00:00,128.25639931269893,129.6303172283324,126.41093908173032,126.93363046769127,126.93363046769127,13727799.0,sample,2026-09-24 19:05:19.466442+00:00
GOOGL,2022-08-02 00:00:00+00:00,127.39837472519085,127.54212037138545,124.18409368668443,125.07967696242062,125.07967696242062,11564007.0,sample,2026-09-24 19:05:19.466442+00:00
GOOGL,2022-08-03 00:00:00+00:00,125.30245638528366,126.73413844139358,123.821446806527,126.208602962046,126.208602962046,11344562.0,sample,2026-09-24 19:05:19.466442+00:00
GOOGL,2022-08-04 00:00:00+00:00,126.57992957890653,127.02590180266193,125.26976092091849,126.38651553228732,126.38651553228732,5882378.0,sample,2026-09-24 19:05:19.466442+00:00
GOOGL,2022-08-05 00:00:00+00:00,125.98471472931234,126.342920706353,122.66145997875978,123.51539594511127,123.51539594511127,8707688.0,sample,2026-09-24 19:05:19.466442+00:00
GOOGL,2022-08-08 00:00:00+00:00,123.82986490722156,125.14012855615752,120.10386811336006,120.813201100961,120.813201100961,2903624.0,sample,2026-09-24 19:05:19.466442+00:00
GOOGL,2022-08-09 00:00:00+00:00,120.91825663435058,122.2709623520046,117.37741743158253,118.58306724926975,118.58306724926975,13679160.0,sample,2026-09-24 19:05:19.466442+00:00
GOOGL,2022-08-10 00:00:00+00:00,118.35524471331007,121.03002982418596,117.9863841977034,119.71202241929277,119.71202241929277,13110620.0,sample,2026-09-24 19:05:19.466442+00:00
GOOGL,2022-08-11 00:00:00+00:00,119.64254402178422,121.39933711532672,118.62966919551017,120.42885883517754,120.42885883517754,16311849.0,sample,2026-09-24 19:05:19.466442+00:00
GOOGL,2022-08-12 00:00:00+00:00,120.5442964583101,123.15532743779539,119.55153658965922,122.69779542243003,122.69779542243003,3737241.0,sample,2026-09-24 19:05:19.466442+00:00
GOOGL,2022-08-15 00:00:00+00:00,122.72513804384006,127.77024879450258,121.92728624927857,126.26566582646709,126.26566582646709,8385901.0,sample,2026-09-24 19:05:19.466442+00:00
GOOGL,2022-08-16 00:00:00+00:00,125.7557830501241,126.64952936940128,121.22709556792998,122.00320426250386,122.00320426250386,3075885.0,sample,2026-09-24 19:05:19.466442+00:00
GOOGL,2022-08-17 00:00:00+00:00,122.25338267595941,122.55510880791795,117.24705077824822,118.57147896901569,118.57147896901569,12791823.0,sample,2026-09-24 19:05:19.466442+00:00
GOOGL,2022-08-18 00:00:00+00:00,118.75636362034244,119.57350501168703,116.05420912381453,117.43587950709053,117.43587950709053,13092516.0,sample,2026-09-24 19:05:19.466442+00:00
GOOGL,2022-08-19 00:00:00+00:00,117.64402482447119,119.91261545995464,116.57993577246303,119.29935264814877,119.29935264814877,8334660.0,sample,2026-09-24 19:05:19.466442+00:00
GOOGL,2022-08-22 00:00:00+00:00,119.39949318188748,119.93265274239715,117.00452480579372,118.08180364051427,118.08180364051427,6851727.0,sample,2026-09-24 19:05:19.466442+00:00
GOOGL,2022-08-23 00:00:00+00:00,117.86448297471897,118.41631067582601,115.5432485385279,115.99034615652809,115.99034615652809,1504466.0,sample,2026-09-24 19:05:19.466442+00:00
GOOGL,2022-08-24 00:00:00+00:00,115.79437592536925,118.30966685482534,115.21000058395903,117.54891085388199,117.54891085388199,9720297.0,sample,2026-09-24 19:05:19.466442+00:00
GOOGL,2022-08-25 00:00:00+00:00,117.4511285914387,117.68550903534346,116.13668932249284,116.79908075270575,116.79908075270575,7241282.0,sample,2026-09-24 19:05:19.466442+00:00
GOOGL,2022-08-26 00:00:00+00:00,116.4759462689595,118.64584253745764,116.26745853522003,117.9465664780464,117.9465664780464,13911933.0,sample,2026-09-24 19:05:19.466442+00:00
GOOGL,2022-08-29 00:00:00+00:00,117.91290063784503,118.80759411820219,117.26648364585441,118.18657593381405,118.18657593381405,12033362.0,sample,2026-09-24 19:05:19.466442+00:00
GOOGL,2022-08-30 00:00:00+00:00,118.00099444992038,122.82699038245086,117.7672043684022,121.37231911628079,121.37231911628079,7220228.0,sample,2026-09-24 19:05:19.466442+00:00
GOOGL,2022-08-31 00:00:00+00:00,121.48778611084514,121.91879820982662,120.18204348041111,120.40526075037957,120.40526075037957,12818120.0,sample,2026-09-24 19:05:19.466442+00:00
GOOGL,2022-09-01 00:00:00+00:00,120.54918143838522,122.6795023903929,119.7449021344619,121.6192966650569,121.6192966650569,11665521.0,sample,2026-09-24 19:05:19.466442+00:00
GOOGL,2022-09-02 00:00:00+00:00,121.78980376555302,123.84383713269234,120.6500099379111,122.9707353258552,122.9707353258552,13079396.0,sample,2026-09-24 19:05:19.466442+00:00
GOOGL,2022-09-05 00:00:00+00:00,122.41267413017333,127.46308825057784,121.88259239129525,126.11303757373607,126.11303757373607,1613252.0,sample,2026-09-24 19:05:19.466442+00:00
GOOGL,2022-09-06 00:00:00+00:00,125.70242642672447,126.44086122165092,124.02804583572836,125.21700216247584,125.21700216247584,16935071.0,sample,2026-09-24 19:05:19.466442+00:00
GOOGL,2022-09-07 00:00:00+00:00,125.39102202789176,126.7701761337941,121.47863044982232,122.48437205499557,122.48437205499557,8712170.0,sample,2026-09-24 19:05:19.466442+00:00
GOOGL,2022-09-08 00:00:00+00:00,122.70668595433713,124.11915422071888,118.83920653706724,120.26905562092136,120.26905562092136,14830236.0,sample,2026-09-24 19:05:19.466442+00:00
GOOGL,2022-09-09 00:00:00+00:00,120.18289188958767,121.51619048555014,119.92842932956721,120.1415486125201,120.1415486125201,10118307.0,sample,2026-09-24 19:05:19.466442+00:00
GOOGL,2022-09-12 00:00:00+00:00,120.17843376846427,120.73696020189402,117.54294167593007,118.56014326460303,118.56014326460303,1751998.0,sample,2026-09-24 19:05:19.466442+00:00
GOOGL,2022-09-13 00:00:00+00:00,118.62887012412826,118.86161508994019,116.01354613744098,116.92119925649033,116.92119925649033,14482962.0,sample,2026-09-24 19:05:19.466442+00:00
GOOGL,2022-09-14 00:00:00+00:00,117.22763049463708,118.28205816752258,116.18038995560026,117.46088833591163,117.46088833591163,9287413.0,sample,2026-09-24 19:05:19.466442+00:00
GOOGL,2022-09-15 00:00:00+00:00,117.76560557557487,119.57258661899816,117.41126950786187,118.93217459237741,118.93217459237741,7018004.0,sample,2026-09-24 19:05:19.466442+00:00
GOOGL,2022-09-16 00:00:00+00:00,118.84821700696011,120.39210189993867,117.51682644633726,119.47563939694761,119.47563939694761,16281144.0,sample,2026-09-24 19:05:19.466442+00:00
GOOGL,2022-09-19 00:00:00+00:00,119.17193079801086,121.04400983513554,117.98241416430072,120.27673718017218,120.27673718017218,2867482.0,sample,2026-09-24 19:05:19.466442+00:00
GOOGL,2022-09-20 00:00:00+00:00,120.06973918791877,121.04975948623196,117.63056875991352,118.8931124546497,118.8931124546497,6967347.0,sample,2026-09-24 19:05:19.466442+00:00
GOOGL,2022-09-21 00:00:00+00:00,118.84286822381004,119.83766067778336,115.94247272378746,117.16558592360357,117.16558592360357,3629998.0,sample,2026-09-24 19:05:19.466442+00:00
GOOGL,2022-09-22 00:00:00+00:00,117.10070747323512,118.24881281194615,116.28317132943334,117.58143372227389,117.58143372227389,4930702.0,sample,2026-09-24 19:05:19.466442+00:00
GOOGL,2022-09-23 00:00:00+00:00,117.22619138975595,119.74253137482191,116.19453717823758,118.37827058989687,118.37827058989687,16072696.0,sample,2026-09-24 19:05:19.466442+00:00
GOOGL,2022-09-26 00:00:00+00:00,118.3614608128578,120.65851698779208,117.47816951571181,120.11513010263624,120.11513010263624,9867470.0,sample,2026-09-24 19:05:19.466442+00:00
GOOGL,2022-09-27 00:00:00+00:00,120.12756090592123,121.65109460043394,118.97677769439429,121.1387238963006,121.1387238963006,16206253.0,sample,2026-09-24 19:05:19.466442+00:00
GOOGL,2022-09-28 00:00:00+00:00,121.4289141234864,121.85349117503183,119.78797225556869,120.85897279605493,120.85897279605493,16312965.0,sample,2026-09-24 19:05:19.466442+00:00
GOOGL,2022-09-29 00:00:00+00:00,120.71344403808406,121.92623802596786,118.82375592480832,119.69429138608304,119.69429138608304,16324606.0,sample,2026-09-24 19:05:19.466442+00:00
GOOGL,2022-09-30 00:00:00+00:00,119.51093832305932,120.74147295766429,115.12460999956281,116.02771290674062,116.02771290674062,5551929.0,sample,2026-09-24 19:05:19.466442+00:00
GOOGL,2022-10-03 00:00:00+00:00,116.2873149432031,117.95088383624021,115.55246120666678,117.21435065358516,117.21435065358516,14015143.0,sample,2026-09-24 19:05:19.466442+00:00
GOOGL,2022-10-04 00:00:00+00:00,117.20358624306485,118.74141917594571,116.81183235438577,117.49461674796257,117.49461674796257,4108901.0,sample,2026-09-24 19:05:19.466442+00:00
GOOGL,2022-10-05 00:00:00+00:00,117.70532211265646,124.12198485915162,117.46113718811041,122.85775947982816,122.85775947982816,6050546.0,sample,2026-09-24 19:05:19.466442+00:00
GOOGL,2022-10-06 00:00:00+00:00,123.12336144046215,124.24219825238619,122.68930823283951,122.87302070680498,122.87302070680498,16446046.0,sample,2026-09-24 19:05:19.466442+00:00
GOOGL,2022-10-07 00:00:00+00:00,122.59432527778758,123.82998407266653,120.88447097769276,121.32310308022831,121.32310308022831,14594078.0,sample,2026-09-24 19:05:19.466442+00:00
GOOGL,2022-10-10 00:00:00+00:00,120.87855201362731,124.87347953461057,119.69519624067915,124.32181716822049,124.32181716822049,14504081.0,sample,2026-09-24 19:05:19.466442+00:00
GOOGL,2022-10-11 00:00:00+00:00,124.2750676006624,126.38691108946152,123.11090611058944,125.49870329264385,125.49870329264385,10447209.0,sample,2026-09-24 19:05:19.466442+00:00
GOOGL,2022-10-12 00:00:00+00:00,125.79430165148788,126.04430465147924,121.18173455642693,122.58911941173601,122.58911941173601,14766675.0,sample,2026-09-24 19:05:19.466442+00:00
GOOGL,2022-10-13 00:00:00+00:00,122.77249043850145,123.9045419243387,119.72961233764788,120.81872403223574,120.81872403223574,16850394.0,sample,2026-09-24 19:05:19.466442+00:00
GOOGL,2022-10-14 00:00:00+00:00,120.79938933365581,120.93725129315791,118.63424468821148,119.23389486885559,119.23389486885559,12514108.0,sample,2026-09-24 19:05:19.466442+00:00
GOOGL,2022-10-17 00:00:00+00:00,119.59680237960032,120.94993558422183,114.84032032886297,116.12667999333009,116.12667999333009,14754376.0,sample,2026-09-24 19:05:19.466442+00:00
GOOGL,2022-10-18 00:00:00+00:00,116.25221304652915,119.02966159474815,115.96124979731418,117.6681768056767,117.6681768056767,15356787.0,sample,2026-09-24 19:05:19.466442+00:00
GOOGL,2022-10-19 00:00:00+00:00,117.77680694437932,118.22712589918984,116.47878053966936,116.61222847838701,116.61222847838701,6391808.0,sample,2026-09-24 19:05:19.466442+00:00
GOOGL,2022-10-20 00:00:00+00:00,116.5179446361538,117.61684009069174,114.45810020131483,114.64659394236568,114.64659394236568,16922592.0,sample,2026-09-24 19:05:19.466442+00:00
GOOGL,2022-10-21 00:00:00+00:00,114.6717886859189,115.03738875518951,112.61293763054492,112.86691670839258,112.86691670839258,16274963.0,sample,2026-09-24 19:05:19.466442+00:00
GOOGL,2022-10-24 00:00:00+00:00,112.76373829305373,114.92265172548827,112.53538615749152,114.0926602064349,114.0926602064349,7093510.0,sample,2026-09-24 19:05:19.466442+00:00
GOOGL,2022-10-25 00:00:00+00:00,114.58694803517297,114.87989848828416,108.95918394880944,109.56339312839322,109.56339312839322,5805451.0,sample,2026-09-24 19:05:19.466442+00:00
GOOGL,2022-10-26 00:00:00+00:00,109.36818442754303,110.0021250578898,107.32022688456773,108.47170525229366,108.47170525229366,7094546.0,sample,2026-09-24 19:05:19.466442+00:00
GOOGL,2022-10-27 00:00:00+00:00,108.54621607982826,109.5997191996402,105.4475218081143,105.9865833472858,105.9865833472858,6723378.0,sample,2026-09-24 19:05:19.466442+00:00
GOOGL,2022-10-28 00:00:00+00:00,106.17090781458279,107.03015417980002,101.10126103411758,101.87066034785423,101.87066034785423,6367988.0,sample,2026-09-24 19:05:19.466442+00:00
GOOGL,2022-10-31 00:00:00+00:00,101.55489673054694,103.60296792732582,101.16208176021907,102.74194930207155,102.74194930207155,9065586.0,sample,2026-09-24 19:05:19.466442+00:00
GOOGL,2022-11-01 00:00:00+00:00,102.83065748202888,103.6357292475867,100.17649547322897,101.34732850873878,101.34732850873878,12801775.0,sample,2026-09-24 19:05:19.466442+00:00
GOOGL,2022-11-02 00:00:00+00:00,101.5768234605143,102.17848714757272,99.16085052148057,99.30313559087101,99.30313559087101,5829727.0,sample,2026-09-24 19:05:19.466442+00:00
GOOGL,2022-11-03 00:00:00+00:00,99.25018552086948,101.53635353503695,99.10310739159368,100.56981788659708,100.56981788659708,16063140.0,sample,2026-09-24 19:05:19.466442+00:00
GOOGL,2022-11-04 00:00:00+00:00,100.44270504315001,102.42773144711981,100.08791798960233,101.69002095586472,101.69002095586472,11920236.0,sample,2026-09-24 19:05:19.466442+00:00
GOOGL,2022-11-07 00:00:00+00:00,101.55777209985125,102.36102225754725,99.28091734585094,99.63591363675133,99.63591363675133,11140502.0,sample,2026-09-24 19:05:19.466442+00:00
GOOGL,2022-11-08 00:00:00+00:00,99.6165175775845,102.05095583679203,98.60226826795798,101.86891522204782,101.86891522204782,17138150.0,sample,2026-09-24 19:05:19.466442+00:00
GOOGL,2022-11-09 00:00:00+00:00,101.73294661046998,101.94090822268068,99.16815362121947,99.37945734147593,99.37945734147593,3607484.0,sample,2026-09-24 19:05:19.466442+00:00
GOOGL,2022-11-10 00:00:00+00:00,99.68851033586766,100.74990107101523,98.5660539582568,98.9795133474082,98.9795133474082,6656833.0,sample,2026-09-24 19:05:19.466442+00:00
GOOGL,2022-11-11 00:00:00+00:00,99.09082480232459,100.10304848419148,97.17660299662097,97.87296894559057,97.87296894559057,1894008.0,sample,2026-09-24 19:05:19.466442+00:00
GOOGL,2022-11-14 00:00:00+00:00,97.91580967910264,100.55544791443339,97.78634265004494,100.39135888660014,100.39135888660014,10721035.0,sample,2026-09-24 19:05:19.466442+00:00
GOOGL,2022-11-15 00:00:00+00:00,100.56409913877083,101.21246642098944,99.77230350008558,100.92283583083235,100.92283583083235,3648569.0,sample,2026-09-24 19:05:19.466442+00:00
GOOGL,2022-11-16 00:00:00+00:00,100.98496243027789,103.59583209751275,100.7232742152751,103.27349273216802,103.27349273216802,12365551.0,sample,2026-09-24 19:05:19.466442+00:00
GOOGL,2022-11-17 00:00:00+00:00,103.30451552232668,104.51693896350136,100.71308731259828,101.83209411228982,101.83209411228982,6954288.0,sample,2026-09-24 19:05:19.466442+00:00
GOOGL,2022-11-18 00:00:00+00:00,101.50068557288164,103.19075894159303,101.35186610676085,102.08942634049129,102.08942634049129,16171102.0,sample,2026-09-24 19:05:19.466442+00:00
GOOGL,2022-11-21 00:00:00+00:00,101.81715165653974,103.0140737774496,100.32430326715945,100.75196998733324,100.75196998733324,11936216.0,sample,2026-09-24 19:05:19.466442+00:00
GOOGL,2022-11-22 00:00:00+00:00,100.82555253959978,101.70779780943113,98.55627755449429,98.77483615417307,98.77483615417307,8438363.0,sample,2026-09-24 19:05:19.466442+00:00
GOOGL,2022-11-23 00:00:00+00:00,99.09053881580593,99.61005260048012,96.02644531144713,97.0305917786115,97.0305917786115,7867742.0,sample,2026-09-24 19:05:19.466442+00:00
GOOGL,2022-11-24 00:00:00+00:00,96.96537321628567,97.53917994381311,93.85079465103672,94.8915773937227,94.8915773937227,15593707.0,sample,2026-09-24 19:05:19.466442+00:00
GOOGL,2022-11-25 00:00:00+00:00,94.7420145865382,94.8977348654003,91.75588596102759,92.46721354869214,92.46721354869214,9482139.0,sample,2026-09-24 19:05:19.466442+00:00
GOOGL,2022-11-28 00:00:00+00:00,92.71478229162878,93.39836625443856,90.27647442324246,91.18517516839424,91.18517516839424,16499780.0,sample,2026-09-24 19:05:19.466442+00:00
GOOGL,2022-11-29 00:00:00+00:00,91.07698760842365,91.29259100751558,87.82745378679063,88.27490269547977,88.27490269547977,11502104.0,sample,2026-09-24 19:05:19.466442+00:00
GOOGL,2022-11-30 00:00:00+00:00,88.47984433012674,88.80835589209747,86.06488213501493,86.97711267621335,86.97711267621335,2775117.0,sample,2026-09-24 19:05:19.466442+00:00
GOOGL,2022-12-01 00:00:00+00:00,86.76333544710829,87.53795929669961,86.31923271384692,86.53639647572369,86.53639647572369,17203101.0,sample,2026-09-24 19:05:19.466442+00:00
GOOGL,2022-12-02 00:00:00+00:00,86.68890450132176,87.59137993029555,83.56360900913468,84.21104333968668,84.21104333968668,16798390.0,sample,2026-09-24 19:05:19.466442+00:00
GOOGL,2022-12-05 00:00:00+00:00,84.18555669130443,84.56199495250783,83.76224692814357,84.21517005448813,84.21517005448813,10763330.0,sample,2026-09-24 19:05:19.466442+00:00
GOOGL,2022-12-06 00:00:00+00:00,84.0372779641725,87.2269473961065,83.25249822453392,86.76329546937893,86.76329546937893,12183300.0,sample,2026-09-24 19:05:19.466442+00:00
GOOGL,2022-12-07 00:00:00+00:00,87.05043137860362,87.96654450833024,85.91518975645928,86.58814022033754,86.58814022033754,6418147.0,sample,2026-09-24 19:05:19.466442+00:00
GOOGL,2022-12-08 00:00:00+00:00,86.1766749333067,87.94205048623431,85.66131279707338,87.7509624929719,87.7509624929719,14691543.0,sample,2026-09-24 19:05:19.466442+00:00
GOOGL,2022-12-09 00:00:00+00:00,87.54234943194399,88.58704922673414,86.91934438153605,87.78065356790609,87.78065356790609,6191224.0,sample,2026-09-24 19:05:19.466442+00:00
GOOGL,2022-12-12 00:00:00+00:00,87.98270015879729,88.47941375955264,87.42385423029276,87.65634658779732,87.65634658779732,14113098.0,sample,2026-09-24 19:05:19.466442+00:00
GOOGL,2022-12-13 00:00:00+00:00,87.44085786592295,88.84273705426537,86.61917401191678,88.63608569438463,88.63608569438463,14127207.0,sample,2026-09-24 19:05:19.466442+00:00
GOOGL,2022-12-14 00:00:00+00:00,88.9831332024959,89.81244322701689,88.239635298168,88.43991011383035,88.43991011383035,13493559.0,sample,2026-09-24 19:05:19.466442+00:00
GOOGL,2022-12-15 00:00:00+00:00,88.60445733039937,89.95802476749431,88.48634626786787,89.62077804837149,89.62077804837149,5501696.0,sample,2026-09-24 19:05:19.466442+00:00
GOOGL,2022-12-16 00:00:00+00:00,89.64192703343777,91.16983609293607,88.95903467477245,90.23053129054945,90.23053129054945,16421432.0,sample,2026-09-24 19:05:19.466442+00:00
GOOGL,2022-12-19 00:00:00+00:00,90.12101694251726,90.35119648387874,87.10278444135876,87.86259560155162,87.86259560155162,14443907.0,sample,2026-09-24 19:05:19.466442+00:00
GOOGL,2022-12-20 00:00:00+00:00,88.22178443194314,89.21167844969762,87.42630793554531,88.06149659646071,88.06149659646071,12681563.0,sample,2026-09-24 19:05:19.466442+00:00
GOOGL,2022-12-21 00:00:00+00:00,88.05160349164913,92.47831969372362,87.09745156703798,91.56911636632547,91.56911636632547,16167866.0,sample,2026-09-24 19:05:19.466442+00:00
GOOGL,2022-12-22 00:00:00+00:00,91.54579677505657,92.4890415062604,91.07816952626976,91.21774271236984,91.21774271236984,6307158.0,sample,2026-09-24 19:05:19.466442+00:00
GOOGL,2022-12-23 00:00:00+00:00,91.25642196664344,92.1653096767528,88.84167611582743,89.90651993026782,89.90651993026782,14608947.0,sample,2026-09-24 19:05:19.466442+00:00
GOOGL,2022-12-26 00:00:00+00:00,90.03103722606195,91.4592490114565,89.1210260789204,90.71141059069272,90.71141059069272,11089321.0,sample,2026-09-24 19:05:19.466442+00:00
GOOGL,2022-12-27 00:00:00+00:00,90.83270232714335,91.6535450806461,90.4179891805744,91.0043498639873,91.0043498639873,16030734.0,sample,2026-09-24 19:05:19.466442+00:00
GOOGL,2022-12-28 00:00:00+00:00,90.74428985441868,91.10083568251845,89.97005474977911,90.81183352021529,90.81183352021529,5727835.0,sample,2026-09-24 19:05:19.466442+00:00
GOOGL,2022-12-29 00:00:00+00:00,90.87013782840293,91.741958938171,89.12472226641076,89.81200626988466,89.81200626988466,6247246.0,sample,2026-09-24 19:05:19.466442+00:00
GOOGL,2022-12-30 00:00:00+00:00,89.79617906568353,90.21988612801275,89.07326760185961,89.48567144253614,89.48567144253614,2273730.0,sample,2026-09-24 19:05:19.466442+00:00
GOOGL,2023-01-02 00:00:00+00:00,89.79307191300809,94.15788035654758,89.19175172457382,93.30036985684075,93.30036985684075,2896649.0,sample,2026-09-24 19:05:19.466442+00:00
GOOGL,2023-01-03 00:00:00+00:00,93.26005450756948,93.89712295320199,91.36140499640545,92.12737493602967,92.12737493602967,9479433.0,sample,2026-09-24 19:05:19.466442+00:00
GOOGL,2023-01-04 00:00:00+00:00,91.86068757205841,95.91660322062557,91.50979346332535,94.9857330715096,94.9857330715096,15806138.0,sample,2026-09-24 19:05:19.466442+00:00
GOOGL,2023-01-05 00:00:00+00:00,94.72066588866494,95.7830728839213,92.89648339408141,93.10685733283088,93.10685733283088,4868276.0,sample,2026-09-24 19:05:19.466442+00:00
GOOGL,2023-01-06 00:00:00+00:00,93.20495614165442,94.3000357079947,90.92283089078218,91.76875854041364,91.76875854041364,13149895.0,sample,2026-09-24 19:05:19.466442+00:00
GOOGL,2023-01-09 00:00:00+00:00,92.03359660912874,92.2683171410454,91.20777251856016,91.87436640456976,91.87436640456976,3384572.0,sample,2026-09-24 19:05:19.466442+00:00
GOOGL,2023-01-10 00:00:00+00:00,91.92608993950249,94.11660328092961,90.92903692704284,93.78136233382517,93.78136233382517,11958028.0,sample,2026-09-24 19:05:19.466442+00:00
GOOGL,2023-01-11 00:00:00+00:00,94.04603595417088,94.74482377460522,92.11394760814258,92.37459979434632,92.37459979434632,13810331.0,sample,2026-09-24 19:05:19.466442+00:00
GOOGL,2023-01-12 00:00:00+00:00,92.21463748327307,93.25089205795018,92.08464230548758,92.49032770949083,92.49032770949083,11871163.0,sample,2026-09-24 19:05:19.466442+00:00
GOOGL,2023-01-13 00:00:00+00:00,92.72329540667836,92.94302326898061,90.59524565392562,91.50600621330936,91.50600621330936,5056160.0,sample,2026-09-24 19:05:19.466442+00:00
GOOGL,2023-01-16 00:00:00+00:00,91.55626654702962,91.95635809450202,90.70697264322308,91.29246668871097,91.29246668871097,16041506.0,sample,2026-09-24 19:05:19.466442+00:00
GOOGL,2023-01-17 00:00:00+00:00,91.2292348739996,92.03605260507956,88.70638689091115,89.46672219905558,89.46672219905558,17667260.0,sample,2026-09-24 19:05:19.466442+00:00
GOOGL,2023-01-18 00:00:00+00:00,89.48040438833378,90.26895128549631,88.50435225878743,88.94834443958467,88.94834443958467,17635119.0,sample,2026-09-24 19:05:19.466442+00:00
GOOGL,2023-01-19 00:00:00+00:00,88.98116290085757,89.22588886694955,85.95717273001412,86.62831227639589,86.62831227639589,11401817.0,sample,2026-09-24 19:05:19.466442+00:00
GOOGL,2023-01-20 00:00:00+00:00,86.8371643917206,87.96318091117817,86.42106218818253,87.51218826162403,87.51218826162403,5847448.0,sample,2026-09-24 19:05:19.466442+00:00
GOOGL,2023-01-23 00:00:00+00:00,87.48056496821431,91.11166379546073,86.92510915418453,90.32538413685528,90.32538413685528,11431399.0,sample,2026-09-24 19:05:19.466442+00:00
GOOGL,2023-01-24 00:00:00+00:00,90.2348374660158,91.08394914967083,87.99489374158797,88.96196048301985,88.96196048301985,10692034.0,sample,2026-09-24 19:05:19.466442+00:00
GOOGL,2023-01-25 00:00:00+00:00,88.8748309488531,90.92463308594606,88.11449635913183,90.17458683345262,90.17458683345262,12510193.0,sample,2026-09-24 19:05:19.466442+00:00
GOOGL,2023-01-26 00:00:00+00:00,90.09816728618634,90.95974621669573,89.21323080460454,89.80566968867205,89.80566968867205,4124954.0,sample,2026-09-24 19:05:19.466442+00:00
GOOGL,2023-01-27 00:00:00+00:00,90.18209232647588,91.22018386478824,89.5808443753497,89.73363582592134,89.73363582592134,12948396.0,sample,2026-09-24 19:05:19.466442+00:00
GOOGL,2023-01-30 00:00:00+00:00,89.88812687722181,91.26324590328859,89.05316782181026,90.61768362545081,90.61768362545081,2619951.0,sample,2026-09-24 19:05:19.466442+00:00
GOOGL,2023-01-31 00:00:00+00:00,90.8738328270769,92.345842042478,90.30833049363672,91.9797939437826,91.9797939437826,10756255.0,sample,2026-09-24 19:05:19.466442+00:00
GOOGL,2023-02-01 00:00:00+00:00,91.82735475973664,92.08854842092735,91.07929663990728,91.46580878822768,91.46580878822768,7903386.0,sample,2026-09-24 19:05:19.466442+00:00
GOOGL,2023-02-02 00:00:00+00:00,91.54475761074546,92.55081629774375,88.69202520137199,89.6631372430541,89.6631372430541,2387517.0,sample,2026-09-24 19:05:19.466442+00:00
GOOGL,2023-02-03 00:00:00+00:00,89.73401539655657,91.31687335130923,89.0237194679773,91.0964005613562,91.0964005613562,4818148.0,sample,2026-09-24 19:05:19.466442+00:00
GOOGL,2023-02-06 00:00:00+00:00,90.9633557295317,93.13777163410325,90.80151920131001,92.82253815261991,92.82253815261991,16839017.0,sample,2026-09-24 19:05:19.466442+00:00
GOOGL,2023-02-07 00:00:00+00:00,92.58860691499306,93.02080063412558,91.5521710471278,91.66618789507356,91.66618789507356,11314617.0,sample,2026-09-24 19:05:19.466442+00:00
GOOGL,2023-02-08 00:00:00+00:00,91.46633893266724,92.69368370054285,91.10099429989806,91.78899946595949,91.78899946595949,10881608.0,sample,2026-09-24 19:05:19.466442+00:00
GOOGL,2023-02-09 00:00:00+00:00,91.95112125608803,92.18254406005482,90.57557045094978,91.59924255593056,91.59924255593056,11368782.0,sample,2026-09-24 19:05:19.466442+00:00
GOOGL,2023-02-10 00:00:00+00:00,91.6308759182994,93.17194796741535,91.26744337208272,92.78037966275667,92.78037966275667,10082133.0,sample,2026-09-24 19:05:19.466442+00:00
GOOGL,2023-02-13 00:00:00+00:00,92.47681272176006,93.17109637758172,90.88707446149162,91.76340680212857,91.76340680212857,6291932.0,sample,2026-09-24 19:05:19.466442+00:00
GOOGL,2023-02-14 00:00:00+00:00,91.43105567349467,92.92767850974974,91.33688329395142,92.41014583089547,92.41014583089547,14700937.0,sample,2026-09-24 19:05:19.466442+00:00
GOOGL,2023-02-15 00:00:00+00:00,92.35825705274189,92.6374220045821,91.17312305989452,91.90960833065434,91.90960833065434,5215511.0,sample,2026-09-24 19:05:19.466442+00:00
GOOGL,2023-02-16 00:00:00+00:00,91.53164881696601,91.7232427077244,89.41161854273159,90.42487775273696,90.42487775273696,11768401.0,sample,2026-09-24 19:05:19.466442+00:00
GOOGL,2023-02-17 00:00:00+00:00,90.76470017391999,92.32636787735241,90.24362161698981,91.82551311762975,91.82551311762975,12254973.0,sample,2026-09-24 19:05:19.466442+00:00
GOOGL,2023-02-20 00:00:00+00:00,92.00455186397616,94.45878185171621,91.53090790207574,93.58048604589037,93.58048604589037,17851018.0,sample,2026-09-24 19:05:19.466442+00:00
GOOGL,2023-02-21 00:00:00+00:00,93.53858083747397,94.2625889067422,90.3074111401201,91.24982268467322,91.24982268467322,12642493.0,sample,2026-09-24 19:05:19.466442+00:00
GOOGL,2023-02-22 00:00:00+00:00,91.44911242783402,93.54461214788115,91.12782454312845,93.33309893529578,93.33309893529578,15592902.0,sample,2026-09-24 19:05:19.466442+00:00
GOOGL,2023-02-23 00:00:00+00:00,93.26426442460891,96.0432656586728,93.00407529681323,95.70473472972813,95.70473472972813,1866754.0,sample,2026-09-24 19:05:19.466442+00:00
GOOGL,2023-02-24 00:00:00+00:00,95.83841408936262,97.50814136103445,95.579628734137,97.2390078438558,97.2390078438558,13645657.0,sample,2026-09-24 19:05:19.466442+00:00
GOOGL,2023-02-27 00:00:00+00:00,97.3107723602957,97.65852129905333,95.5532308959784,96.11261799223062,96.11261799223062,7554582.0,sample,2026-09-24 19:05:19.466442+00:00
GOOGL,2023-02-28 00:00:00+00:00,95.91803009498902,98.30171150548722,94.81735024848,97.26767424974483,97.26767424974483,10031163.0,sample,2026-09-24 19:05:19.466442+00:00
GOOGL,2023-03-01 00:00:00+00:00,97.60600009687387,99.63956338944352,96.50646840101922,98.50993660545602,98.50993660545602,12436525.0,sample,2026-09-24 19:05:19.466442+00:00
GOOGL,2023-03-02 00:00:00+00:00,98.49862322518355,100.11303166413875,98.29748269889241,99.51088114121424,99.51088114121424,3621487.0,sample,2026-09-24 19:05:19.466442+00:00
GOOGL,2023-03-03 00:00:00+00:00,99.90373697165506,100.5376445506418,98.39108951903988,98.80625632209738,98.80625632209738,7504220.0,sample,2026-09-24 19:05:19.466442+00:00
GOOGL,2023-03-06 00:00:00+00:00,98.68133092084399,99.64602461484141,98.23676474919203,99.14401116580376,99.14401116580376,9990037.0,sample,2026-09-24 19:05:19.466442+00:00
GOOGL,2023-03-07 00:00:00+00:00,99.34515721589068,99.506949937413,97.91581191364618,98.37543506002913,98.37543506002913,12398111.0,sample,2026-09-24 19:05:19.466442+00:00
GOOGL,2023-03-08 00:00:00+00:00,98.27888927720774,99.99031205891123,97.3723412430372,99.03977153842489,99.03977153842489,15646769.0,sample,2026-09-24 19:05:19.466442+00:00
GOOGL,2023-03-09 00:00:00+00:00,99.07027941169764,102.06141693735398,98.3352259052749,100.94722749242514,100.94722749242514,12228452.0,sample,2026-09-24 19:05:19.466442+00:00
GOOGL,2023-03-10 00:00:00+00:00,100.90048300991336,104.97193190774144,99.88625477551246,104.35164618921718,104.35164618921718,8402727.0,sample,2026-09-24 19:05:19.466442+00:00
GOOGL,2023-03-13 00:00:00+00:00,104.09921247858561,107.05541311571784,103.52440678287284,105.99649622301631,105.99649622301631,11132289.0,sample,2026-09-24 19:05:19.466442+00:00
GOOGL,2023-03-14 00:00:00+00:00,105.85472688303805,108.21494831487367,104.97922476079493,107.56716023237401,107.56716023237401,9307606.0,sample,2026-09-24 19:05:19.466442+00:00
GOOGL,2023-03-15 00:00:00+00:00,108.08933043853835,108.25837895536608,105.41620173238566,106.04637771352421,106.04637771352421,10512811.0,sample,2026-09-24 19:05:19.466442+00:00
GOOGL,2023-03-16 00:00:00+00:00,105.79682592179874,111.53722756599859,105.41322758311392,110.5651745618955,110.5651745618955,16742723.0,sample,2026-09-24 19:05:19.466442+00:00
GOOGL,2023-03-17 00:00:00+00:00,110.51115511417245,110.89627268781635,108.5770403502508,109.57704064138514,109.57704064138514,17021358.0,sample,2026-09-24 19:05:19.466442+00:00
GOOGL,2023-03-20 00:00:00+00:00,109.86312818732524,110.63086694412095,109.29698888579203,110.18887314974742,110.18887314974742,2200375.0,sample,2026-09-24 19:05:19.466442+00:00
GOOGL,2023-03-21 00:00:00+00:00,110.20327480762093,114.89330915799175,109.78678219594192,113.55559237769256,113.55559237769256,5454923.0,sample,2026-09-24 19:05:19.466442+00:00
GOOGL,2023-03-22 00:00:00+00:00,113.28920855677994,118.90060523253636,112.35896793238426,118.36203491693173,118.36203491693173,17218922.0,sample,2026-09-24 19:05:19.466442+00:00
GOOGL,2023-03-23 00:00:00+00:00,118.40323218105895,119.45580969732679,114.97634553437321,116.0283031883345,116.0283031883345,13222237.0,sample,2026-09-24 19:05:19.466442+00:00
GOOGL,2023-03-24 00:00:00+00:00,116.18463934866536,116.38344393209609,113.58976754080379,114.6732838247338,114.6732838247338,12319038.0,sample,2026-09-24 19:05:19.466442+00:00
GOOGL,2023-03-27 00:00:00+00:00,114.83040285229927,116.70690438143923,114.59116150297376,115.90832753090721,115.90832753090721,11203796.0,sample,2026-09-24 19:05:19.466442+00:00
GOOGL,2023-03-28 00:00:00+00:00,116.15700601762201,116.86279155721743,111.24059911947757,112.52475097219222,112.52475097219222,10559183.0,sample,2026-09-24 19:05:19.466442+00:00
GOOGL,2023-03-29 00:00:00+00:00,112.7449703207775,114.82933352075662,112.52063647430349,113.55856910177748,113.55856910177748,3418868.0,sample,2026-09-24 19:05:19.466442+00:00
GOOGL,2023-03-30 00:00:00+00:00,113.60300955240587,117.23476833528248,112.59240218698265,116.46780907912809,116.46780907912809,3898879.0,sample,2026-09-24 19:05:19.466442+00:00
GOOGL,2023-03-31 00:00:00+00:00,116.44977012868488,117.23194732485527,114.01109898074685,114.63294195457424,114.63294195457424,9214144.0,sample,2026-09-24 19:05:19.466442+00:00
GOOGL,2023-04-03 00:00:00+00:00,114.30422782538575,118.14642168916525,114.16816914907655,117.02884830472985,117.02884830472985,9539147.0,sample,2026-09-24 19:05:19.466442+00:00
GOOGL,2023-04-04 00:00:00+00:00,117.44949410227815,117.9308952030784,114.50218658984032,114.71254899834886,114.71254899834886,12329745.0,sample,2026-09-24 19:05:19.466442+00:00
GOOGL,2023-04-05 00:00:00+00:00,114.67283638368653,117.56285716812175,114.5422191519839,116.28715775679476,116.28715775679476,12796436.0,sample,2026-09-24 19:05:19.466442+00:00
GOOGL,2023-04-06 00:00:00+00:00,115.84139635339645,116.51546430864597,113.9421610826939,114.94522319259907,114.94522319259907,12185200.0,sample,2026-09-24 19:05:19.466442+00:00
GOOGL,2023-04-07 00:00:00+00:00,115.0738405882652,118.50390597810998,113.70622563184725,117.26343274767606,117.26343274767606,11279343.0,sample,2026-09-24 19:05:19.466442+00:00
GOOGL,2023-04-10 00:00:00+00:00,116.9667034733684,117.39510888922673,116.2872905765596,116.72004425132019,116.72004425132019,15758464.0,sample,2026-09-24 19:05:19.466442+00:00
GOOGL,2023-04-11 00:00:00+00:00,116.8605415724387,117.63507128933567,114.7106582344653,115.6341334996035,115.6341334996035,16614904.0,sample,2026-09-24 19:05:19.466442+00:00
GOOGL,2023-04-12 00:00:00+00:00,115.75503295718909,116.03061302315196,110.22810525331528,111.09197801331747,111.09197801331747,14718264.0,sample,2026-09-24 19:05:19.466442+00:00
GOOGL,2023-04-13 00:00:00+00:00,110.85968769422884,112.13962735265851,109.95540341783317,111.73284322622555,111.73284322622555,10951226.0,sample,2026-09-24 19:05:19.466442+00:00
GOOGL,2023-04-14 00:00:00+00:00,111.62178186683639,112.74850771294668,109.4198372419762,110.59569867688397,110.59569867688397,13330771.0,sample,2026-09-24 19:05:19.466442+00:00
GOOGL,2023-04-17 00:00:00+00:00,110.24468864864515,113.31690062553834,109.47093868815222,112.74524678338274,112.74524678338274,14119822.0,sample,2026-09-24 19:05:19.466442+00:00
GOOGL,2023-04-18 00:00:00+00:00,112.82068413439058,117.88586453372545,111.47746346909607,117.6983157611802,117.6983157611802,11498428.0,sample,2026-09-24 19:05:19.466442+00:00
GOOGL,2023-04-19 00:00:00+00:00,117.69588689711561,119.8875165565266,116.74142414781755,118.53245545376738,118.53245545376738,14998905.0,sample,2026-09-24 19:05:19.466442+00:00
GOOGL,2023-04-20 00:00:00+00:00,118.37628699137319,119.65600244749868,114.2548356349327,114.92137599961613,114.92137599961613,3583733.0,sample,2026-09-24 19:05:19.466442+00:00
GOOGL,2023-04-21 00:00:00+00:00,114.87400858949317,118.10711835493076,114.01186803190761,116.95772601198155,116.95772601198155,16116796.0,sample,2026-09-24 19:05:19.466442+00:00
GOOGL,2023-04-24 00:00:00+00:00,116.89958195829938,118.73742080030638,116.7035686801575,117.94929551085679,117.94929551085679,4453323.0,sample,2026-09-24 19:05:19.466442+00:00
GOOGL,2023-04-25 00:00:00+00:00,117.84555264564653,117.96909180625453,115.0163832967712,115.45148133761731,115.45148133761731,17702039.0,sample,2026-09-24 19:05:19.466442+00:00
GOOGL,2023-04-26 00:00:00+00:00,115.54736417863819,116.05431540286125,115.10668911039834,115.81058357597432,115.81058357597432,17828501.0,sample,2026-09-24 19:05:19.466442+00:00
GOOGL,2023-04-27 00:00:00+00:00,115.65309901153732,122.28423412145541,114.74821646671127,121.28373984002098,121.28373984002098,12263698.0,sample,2026-09-24 19:05:19.466442+00:00
GOOGL,2023-04-28 00:00:00+00:00,121.1349012561594,123.15323406618562,120.24801628307259,122.98554266872782,122.98554266872782,9691048.0,sample,2026-09-24 19:05:19.466442+00:00
GOOGL,2023-05-01 00:00:00+00:00,122.8139441208591,122.98473849258218,120.90675931339919,121.66659843946289,121.66659843946289,15770051.0,sample,2026-09-24 19:05:19.466442+00:00
GOOGL,2023-05-02 00:00:00+00:00,121.61929634773956,122.83121049746573,119.08690297703447,119.47161012691413,119.47161012691413,16613051.0,sample,2026-09-24 19:05:19.466442+00:00
GOOGL,2023-05-03 00:00:00+00:00,119.50356988555245,120.87162228561323,117.93727959714887,118.13797024873284,118.13797024873284,13710047.0,sample,2026-09-24 19:05:19.466442+00:00
GOOGL,2023-05-04 00:00:00+00:00,117.87195479014032,118.4392436687767,116.67996292942496,118.1240438601722,118.1240438601722,1564461.0,sample,2026-09-24 19:05:19.466442+00:00
GOOGL,2023-05-05 00:00:00+00:00,118.16148614378503,120.2107602954587,117.2284518200032,118.9152652930934,118.9152652930934,9424208.0,sample,2026-09-24 19:05:19.466442+00:00
GOOGL,2023-05-08 00:00:00+00:00,118.56250035831115,120.01021215786024,118.16936091763662,119.04808894567942,119.04808894567942,11462547.0,sample,2026-09-24 19:05:19.466442+00:00
GOOGL,2023-05-09 00:00:00+00:00,118.8036509663841,120.51527062781982,117.68802609829756,119.52293275613557,119.52293275613557,12571723.0,sample,2026-09-24 19:05:19.466442+00:00
GOOGL,2023-05-10 00:00:00+00:00,119.45895293535023,121.98245131637653,118.9372771095316,121.76354268954667,121.76354268954667,1638165.0,sample,2026-09-24 19:05:19.466442+00:00
GOOGL,2023-05-11 00:00:00+00:00,121.64446662213696,122.37159534535864,119.58869106488467,120.69348651839148,120.69348651839148,16118934.0,sample,2026-09-24 19:05:19.466442+00:00
GOOGL,2023-05-12 00:00:00+00:00,120.66695273538336,122.76538673510977,119.64095480991566,122.50624027936958,122.50624027936958,5482055.0,sample,2026-09-24 19:05:19.466442+00:00
GOOGL,2023-05-15 00:00:00+00:00,121.81134895999924,124.2408140683995,121.61138653385783,123.80473143739245,123.80473143739245,16168530.0,sample,2026-09-24 19:05:19.466442+00:00
GOOGL,2023-05-16 00:00:00+00:00,123.88763354738182,127.44474080973177,123.63479934574828,126.33547296336984,126.33547296336984,12119920.0,sample,2026-09-24 19:05:19.466442+00:00
GOOGL,2023-05-17 00:00:00+00:00,126.0284507948666,130.6274368928272,125.54962349072369,130.04436603826065,130.04436603826065,8592069.0,sample,2026-09-24 19:05:19.466442+00:00
GOOGL,2023-05-18 00:00:00+00:00,130.19175242692353,131.74241514775807,126.18007251696577,126.67057148968334,126.67057148968334,7775918.0,sample,2026-09-24 19:05:19.466442+00:00
GOOGL,2023-05-19 00:00:00+00:00,126.23998671231058,128.39898017722024,125.47666587316792,127.8376831325551,127.8376831325551,15291506.0,sample,2026-09-24 19:05:19.466442+00:00
GOOGL,2023-05-22 00:00:00+00:00,127.15922707629753,127.8326052358104,122.99396958239308,124.15646446637346,124.15646446637346,7697261.0,sample,2026-09-24 19:05:19.466442+00:00
GOOGL,2023-05-23 00:00:00+00:00,123.983272166341,125.06783077454463,121.59984734053813,122.82744425018912,122.82744425018912,8438464.0,sample,2026-09-24 19:05:19.466442+00:00
GOOGL,2023-05-24 00:00:00+00:00,122.53781535582998,126.37003527845766,121.65602688902773,125.1332708960724,125.1332708960724,10575647.0,sample,2026-09-24 19:05:19.466442+00:00
GOOGL,2023-05-25 00:00:00+00:00,125.38064678373512,127.69864329554238,125.22944135021861,126.3932041220667,126.3932041220667,2711201.0,sample,2026-09-24 19:05:19.466442+00:00
GOOGL,2023-05-26 00:00:00+00:00,126.39576585622311,128.2791796785706,125.87101839147905,127.7523011333992,127.7523011333992,8674603.0,sample,2026-09-24 19:05:19.466442+00:00
GOOGL,2023-05-29 00:00:00+00:00,127.30353548788857,128.5893050710163,125.84551508397108,128.35303058349123,128.35303058349123,17606789.0,sample,2026-09-24 19:05:19.466442+00:00
GOOGL,2023-05-30 00:00:00+00:00,128.77399480410165,131.56783961759186,127.32176531174541,130.12632502121897,130.12632502121897,9448420.0,sample,2026-09-24 19:05:19.466442+00:00
GOOGL,2023-05-31 00:00:00+00:00,129.61958197147595,132.15243077076207,128.7474483529787,131.84151641551912,131.84151641551912,6116236.0,sample,2026-09-24 19:05:19.466442+00:00
GOOGL,2023-06-01 00:00:00+00:00,132.2596960291267,132.89413370513302,128.65930400897201,130.15153645235648,130.15153645235648,8435760.0,sample,2026-09-24 19:05:19.466442+00:00
GOOGL,2023-06-02 00:00:00+00:00,130.2428086080734,131.36704916621915,128.90692977636104,129.23039578136184,129.23039578136184,6940317.0,sample,2026-09-24 19:05:19.466442+00:00
GOOGL,2023-06-05 00:00:00+00:00,129.29665513370156,130.1912214716613,125.32126359222309,126.15991873921027,126.15991873921027,3440170.0,sample,2026-09-24 19:05:19.466442+00:00
GOOGL,2023-06-06 00:00:00+00:00,125.98423777275885,129.9498624024219,125.06489438546332,129.48944356658106,129.48944356658106,9688988.0,sample,2026-09-24 19:05:19.466442+00:00
GOOGL,2023-06-07 00:00:00+00:00,129.49269748601282,129.72554312194214,127.55520406428077,129.01215846154022,129.01215846154022,10375534.0,sample,2026-09-24 19:05:19.466442+00:00
GOOGL,2023-06-08 00:00:00+00:00,128.79944420569137,131.76552951942125,127.68730722733363,131.2816967083614,131.2816967083614,17632073.0,sample,2026-09-24 19:05:19.466442+00:00
GOOGL,2023-06-09 00:00:00+00:00,131.393746852882,131.59602060281722,128.00527065175035,128.9202093016897,128.9202093016897,4177111.0,sample,2026-09-24 19:05:19.466442+00:00
GOOGL,2023-06-12 00:00:00+00:00,128.94319667171013,129.79736623633974,126.87027994607337,127.84483081579678,127.84483081579678,5920467.0,sample,2026-09-24 19:05:19.466442+00:00
GOOGL,2023-06-13 00:00:00+00:00,127.86660223510427,132.10180915373536,126.6752951008212,131.43257218178206,131.43257218178206,3490987.0,sample,2026-09-24 19:05:19.466442+00:00
GOOGL,2023-06-14 00:00:00+00:00,131.52632120817626,135.41758730744482,130.22673483049084,134.62301801491236,134.62301801491236,2778256.0,sample,2026-09-24 19:05:19.466442+00:00
GOOGL,2023-06-15 00:00:00+00:00,134.6390845042077,136.09308267058384,133.29426348713366,135.54357746831528,135.54357746831528,12280480.0,sample,2026-09-24 19:05:19.466442+00:00
GOOGL,2023-06-16 00:00:00+00:00,135.18611707124302,136.7391026010494,131.92050265518785,132.15160234925372,132.15160234925372,7224801.0,sample,2026-09-24 19:05:19.466442+00:00
GOOGL,2023-06-19 00:00:00+00:00,132.22948563073965,135.13539269117302,131.61246615638007,134.8253177206199,134.8253177206199,8220464.0,sample,2026-09-24 19:05:19.466442+00:00
GOOGL,2023-06-20 00:00:00+00:00,134.92725810633624,136.07073601964015,134.11896513363817,135.02261233989492,135.02261233989492,12068989.0,sample,2026-09-24 19:05:19.466442+00:00
GOOGL,2023-06-21 00:00:00+00:00,135.22560424066677,139.9381310202053,133.78246491018166,139.02186176158588,139.02186176158588,13093005.0,sample,2026-09-24 19:05:19.466442+00:00
GOOGL,2023-06-22 00:00:00+00:00,139.17387623636824,140.20747276407477,137.69938913266472,139.2675117688646,139.2675117688646,15217726.0,sample,2026-09-24 19:05:19.466442+00:00
GOOGL,2023-06-23 00:00:00+00:00,139.2108729995586,140.55062068609948,137.40620721462608,138.772671766341,138.772671766341,15893306.0,sample,2026-09-24 19:05:19.466442+00:00
GOOGL,2023-06-26 00:00:00+00:00,138.92645650300398,139.7903858457797,131.6355999930035,132.8130251053098,132.8130251053098,8007231.0,sample,2026-09-24 19:05:19.466442+00:00
GOOGL,2023-06-27 00:00:00+00:00,132.83514154609702,136.07442006996195,132.20916846678918,135.34811417879087,135.34811417879087,14658168.0,sample,2026-09-24 19:05:19.466442+00:00
GOOGL,2023-06-28 00:00:00+00:00,135.19485067945718,141.00730516173076,133.78319626493007,139.6191533950352,139.6191533950352,10852574.0,sample,2026-09-24 19:05:19.466442+00:00
GOOGL,2023-06-29 00:00:00+00:00,139.44995366512936,140.77396245588946,135.1616448677243,135.70577473290018,135.70577473290018,17752903.0,sample,2026-09-24 19:05:19.466442+00:00
GOOGL,2023-06-30 00:00:00+00:00,135.11024037707747,138.89698959799017,134.00150722882384,138.53933444636982,138.53933444636982,10896709.0,sample,2026-09-24 19:05:19.466442+00:00
GOOGL,2023-07-03 00:00:00+00:00,138.73670117262546,140.70017814167124,137.10141270339108,139.54356972310447,139.54356972310447,4587579.0,sample,2026-09-24 19:05:19.466442+00:00
GOOGL,2023-07-04 00:00:00+00:00,138.94006413254286,139.22481461464955,136.16837117732453,136.99852048250958,136.99852048250958,13299493.0,sample,2026-09-24 19:05:19.466442+00:00
GOOGL,2023-07-05 00:00:00+00:00,137.6241732953476,139.6891432462037,136.35056961660777,139.28404075993828,139.28404075993828,7466959.0,sample,2026-09-24 19:05:19.466442+00:00
GOOGL,2023-07-06 00:00:00+00:00,139.39773530424216,139.8105036731096,133.8638701880007,135.46465353944555,135.46465353944555,3621992.0,sample,2026-09-24 19:05:19.466442+00:00
GOOGL,2023-07-07 00:00:00+00:00,135.02508058319825,137.30767208747946,134.58105016473294,136.42060954065724,136.42060954065724,5248335.0,sample,2026-09-24 19:05:19.466442+00:00
GOOGL,2023-07-10 00:00:00+00:00,136.30971420964278,136.89434097685975,133.03627159327252,133.6139611987468,133.6139611987468,15322890.0,sample,2026-09-24 19:05:19.466442+00:00
GOOGL,2023-07-11 00:00:00+00:00,133.8763455020852,134.6716916875793,132.05065397177208,132.55529835522879,132.55529835522879,13340998.0,sample,2026-09-24 19:05:19.466442+00:00
GOOGL,2023-07-12 00:00:00+00:00,132.3384939956534,137.21372280598192,131.591980453997,136.7828423723416,136.7828423723416,5944664.0,sample,2026-09-24 19:05:19.466442+00:00
GOOGL,2023-07-13 00:00:00+00:00,136.57790315023266,137.3593713626334,130.93565960737524,131.51765153611535,131.51765153611535,9068798.0,sample,2026-09-24 19:05:19.466442+00:00
GOOGL,2023-07-14 00:00:00+00:00,131.5502418620744,131.78063715879043,128.8505635403806,129.52238325571017,129.52238325571017,7591127.0,sample,2026-09-24 19:05:19.466442+00:00
GOOGL,2023-07-17 00:00:00+00:00,129.67994992709745,130.903126274655,129.41390783176527,129.8684251404075,129.8684251404075,13057487.0,sample,2026-09-24 19:05:19.466442+00:00
GOOGL,2023-07-18 00:00:00+00:00,129.87830014613417,131.3073506815174,129.55884097572545,130.5260035966976,130.5260035966976,11157087.0,sample,2026-09-24 19:05:19.466442+00:00
GOOGL,2023-07-19 00:00:00+00:00,130.6050264511276,131.21548270393785,128.89197588782096,129.4992730641722,129.4992730641722,8403501.0,sample,2026-09-24 19:05:19.466442+00:00
GOOGL,2023-07-20 00:00:00+00:00,129.5019219593002,132.19615292572814,129.00941125567329,131.65052979613898,131.65052979613898,8609699.0,sample,2026-09-24 19:05:19.466442+00:00
GOOGL,2023-07-21 00:00:00+00:00,131.45727997687408,132.7839128289835,127.96929998691344,129.4861538387719,129.4861538387719,5963956.0,sample,2026-09-24 19:05:19.466442+00:00
GOOGL,2023-07-24 00:00:00+00:00,129.55482480537037,130.10196955768606,124.67012357010562,126.18107434945554,126.18107434945554,10804825.0,sample,2026-09-24 19:05:19.466442+00:00
GOOGL,2023-07-25 00:00:00+00:00,126.04350719936089,126.73033212591632,125.47800975922269,125.9633372595074,125.9633372595074,4773440.0,sample,2026-09-24 19:05:19.466442+00:00
GOOGL,2023-07-26 00:00:00+00:00,125.73965001117799,126.63771261218574,122.49551740924146,122.9093671586148,122.9093671586148,11653914.0,sample,2026-09-24 19:05:19.466442+00:00
GOOGL,2023-07-27 00:00:00+00:00,122.62394659884632,123.02796746577252,120.52587958053901,121.59566719300228,121.59566719300228,12713281.0,sample,2026-09-24 19:05:19.466442+00:00
GOOGL,2023-07-28 00:00:00+00:00,121.37317955349222,122.35461091578034,120.46168477412611,120.5923193009539,120.5923193009539,5898805.0,sample,2026-09-24 19:05:19.466442+00:00
GOOGL,2023-07-31 00:00:00+00:00,120.15514173992668,120.54933097438833,118.48397034626406,118.91829698205967,118.91829698205967,3019723.0,sample,2026-09-24 19:05:19.466442+00:00
GOOGL,2023-08-01 00:00:00+00:00,118.866844814714,119.68944826307042,118.19398668783505,119.39901626639389,119.39901626639389,12030631.0,sample,2026-09-24 19:05:19.466442+00:00
GOOGL,2023-08-02 00:00:00+00:00,118.84565586442922,122.02139909437437,118.00455812941837,121.81968637904944,121.81968637904944,2598690.0,sample,2026-09-24 19:05:19.466442+00:00
GOOGL,2023-08-03 00:00:00+00:00,122.20404651171134,124.12550129351062,121.07065391474904,123.20280518576111,123.20280518576111,2390639.0,sample,2026-09-24 19:05:19.466442+00:00
GOOGL,2023-08-04 00:00:00+00:00,122.8937553461613,125.63028695016173,121.91868800169055,125.45778233729811,125.45778233729811,8509163.0,sample,2026-09-24 19:05:19.466442+00:00
GOOGL,2023-08-07 00:00:00+00:00,125.50219690958443,127.04838534229093,124.92579961894123,125.66339925056481,125.66339925056481,8420884.0,sample,2026-09-24 19:05:19.466442+00:00
GOOGL,2023-08-08 00:00:00+00:00,125.48865766466669,128.50311030895364,124.66610440191573,127.41388764076858,127.41388764076858,17742316.0,sample,2026-09-24 19:05:19.466442+00:00
GOOGL,2023-08-09 00:00:00+00:00,127.5118970654892,128.1355252252352,127.37290712096346,127.55093605310537,127.55093605310537,12535850.0,sample,2026-09-24 19:05:19.466442+00:00
GOOGL,2023-08-10 00:00:00+00:00,128.01970132340267,131.90826229198373,126.8775791100349,131.2469268316981,131.2469268316981,2536985.0,sample,2026-09-24 19:05:19.466442+00:00
GOOGL,2023-08-11 00:00:00+00:00,131.37593509627226,133.60248075523364,130.19456583959163,132.4376298918553,132.4376298918553,13229528.0,sample,2026-09-24 19:05:19.466442+00:00
GOOGL,2023-08-14 00:00:00+00:00,132.8045853530529,133.48934720571216,131.07043469095123,131.20689381313727,131.20689381313727,5451988.0,sample,2026-09-24 19:05:19.466442+00:00
GOOGL,2023-08-15 00:00:00+00:00,131.35404973952467,131.53156876186196,130.0028202070956,130.71273565177447,130.71273565177447,7029029.0,sample,2026-09-24 19:05:19.466442+00:00
GOOGL,2023-08-16 00:00:00+00:00,130.43249769489796,134.1959650426887,128.9347828786288,133.76274090511737,133.76274090511737,17638641.0,sample,2026-09-24 19:05:19.466442+00:00
GOOGL,2023-08-17 00:00:00+00:00,133.70674329392202,136.41978976721728,132.30338820454566,134.85093897648733,134.85093897648733,10070046.0,sample,2026-09-24 19:05:19.466442+00:00
GOOGL,2023-08-18 00:00:00+00:00,134.78681186454392,135.6747907406384,131.84553713993927,132.36962915388563,132.36962915388563,11621868.0,sample,2026-09-24 19:05:19.466442+00:00
GOOGL,2023-08-21 00:00:00+00:00,132.0288275176047,135.43775787144585,131.70060654762946,134.3029765413347,134.3029765413347,11043639.0,sample,2026-09-24 19:05:19.466442+00:00
GOOGL,2023-08-22 00:00:00+00:00,133.97567736282917,135.2765045383344,131.57691873021923,132.4749466601913,132.4749466601913,3342128.0,sample,2026-09-24 19:05:19.466442+00:00
GOOGL,2023-08-23 00:00:00+00:00,132.65222461625908,133.70996675305028,129.18972623840628,130.20622010904788,130.20622010904788,10252956.0,sample,2026-09-24 19:05:19.466442+00:00
GOOGL,2023-08-24 00:00:00+00:00,129.9557560926038,132.2110810316612,129.79499219194258,130.89427608008657,130.89427608008657,11541011.0,sample,2026-09-24 19:05:19.466442+00:00
GOOGL,2023-08-25 00:00:00+00:00,130.7935184727207,132.09351672756273,130.02718183376282,130.63835511417716,130.63835511417716,16388841.0,sample,2026-09-24 19:05:19.466442+00:00
GOOGL,2023-08-28 00:00:00+00:00,131.06658836945803,131.2107098804767,130.43928452281583,130.6300029943145,130.6300029943145,8141412.0,sample,2026-09-24 19:05:19.466442+00:00
GOOGL,2023-08-29 00:00:00+00:00,130.75727339083267,134.19970481953587,129.2291684784354,133.8662214209335,133.8662214209335,4195353.0,sample,2026-09-24 19:05:19.466442+00:00
GOOGL,2023-08-30 00:00:00+00:00,134.10191227657631,135.9336213450966,132.91036434737032,135.33937105599765,135.33937105599765,15641501.0,sample,2026-09-24 19:05:19.466442+00:00
GOOGL,2023-08-31 00:00:00+00:00,135.532338234134,137.84247443534684,134.02136419293515,137.0581822252069,137.0581822252069,2399218.0,sample,2026-09-24 19:05:19.466442+00:00
GOOGL,2023-09-01 00:00:00+00:00,137.65239078051766,138.85974981967377,135.22967770729744,136.0741556213445,136.0741556213445,12337003.0,sample,2026-09-24 19:05:19.466442+00:00
GOOGL,2023-09-04 00:00:00+00:00,136.24901312983332,137.7954975907589,135.03078809183864,136.63459571661465,136.63459571661465,16106901.0,sample,2026-09-24 19:05:19.466442+00:00
GOOGL,2023-09-05 00:00:00+00:00,136.9491273648259,137.39049996038196,132.08928157193114,133.24093769710225,133.24093769710225,3818009.0,sample,2026-09-24 19:05:19.466442+00:00
GOOGL,2023-09-06 00:00:00+00:00,133.08786860949456,134.4537358028345,131.88850907902545,133.49288156674828,133.49288156674828,8853106.0,sample,2026-09-24 19:05:19.466442+00:00
GOOGL,2023-09-07 00:00:00+00:00,133.4642429976147,135.57175169906776,132.60471518961992,135.06936705733347,135.06936705733347,17015572.0,sample,2026-09-24 19:05:19.466442+00:00
GOOGL,2023-09-08 00:00:00+00:00,134.5880694603954,135.35406984591842,132.07624805551097,133.36707349216607,133.36707349216607,10433488.0,sample,2026-09-24 19:05:19.466442+00:00
GOOGL,2023-09-11 00:00:00+00:00,133.29485890828704,134.16220607398603,131.32541597336137,132.73717069897947,132.73717069897947,5473916.0,sample,2026-09-24 19:05:19.466442+00:00
GOOGL,2023-09-12 00:00:00+00:00,132.64176588430763,134.75135142130256,132.03269040622945,134.21352426850018,134.21352426850018,6243182.0,sample,2026-09-24 19:05:19.466442+00:00
GOOGL,2023-09-13 00:00:00+00:00,134.6716163823525,136.23316194325884,134.01339398278378,135.17425372046563,135.17425372046563,17113732.0,sample,2026-09-24 19:05:19.466442+00:00
GOOGL,2023-09-14 00:00:00+00:00,135.30747151229184,136.39885753484037,134.33319812869496,135.49346631164133,135.49346631164133,13912542.0,sample,2026-09-24 19:05:19.466442+00:00
GOOGL,2023-09-15 00:00:00+00:00,135.56703344296406,136.0222057113734,132.19222300755507,133.34473390604,133.34473390604,11192434.0,sample,2026-09-24 19:05:19.466442+00:00
GOOGL,2023-09-18 00:00:00+00:00,133.60573207886594,134.84731462212486,133.21138958120667,134.6044967484789,134.6044967484789,8886263.0,sample,2026-09-24 19:05:19.466442+00:00
GOOGL,2023-09-19 00:00:00+00:00,134.76442012380588,135.47582493034415,132.76595644625098,133.5573393643206,133.5573393643206,2069270.0,sample,2026-09-24 19:05:19.466442+00:00
GOOGL,2023-09-20 00:00:00+00:00,133.45040423462714,134.95694723705043,130.06414059829837,130.61933299557273,130.61933299557273,14421125.0,sample,2026-09-24 19:05:19.466442+00:00
GOOGL,2023-09-21 00:00:00+00:00,130.73677276546465,131.75590034543242,129.27308495305516,129.67971662723156,129.67971662723156,15253833.0,sample,2026-09-24 19:05:19.466442+00:00
GOOGL,2023-09-22 00:00:00+00:00,129.91951363580603,130.65756255458453,129.16873486110927,129.36517501572013,129.36517501572013,12527300.0,sample,2026-09-24 19:05:19.466442+00:00
GOOGL,2023-09-25 00:00:00+00:00,129.30355608004496,130.83639729229247,128.1959316227249,130.14419138597765,130.14419138597765,11150280.0,sample,2026-09-24 19:05:19.466442+00:00
GOOGL,2023-09-26 00:00:00+00:00,129.90165714221828,132.67010377482563,128.9255023553858,131.94807067061225,131.94807067061225,13516422.0,sample,2026-09-24 19:05:19.466442+00:00
GOOGL,2023-09-27 00:00:00+00:00,132.29183254827828,133.13382663504228,130.45301246550966,131.61536402847887,131.61536402847887,4729746.0,sample,2026-09-24 19:05:19.466442+00:00
GOOGL,2023-09-28 00:00:00+00:00,131.55780132817287,132.45537507395204,130.15006871172156,131.70222495009156,131.70222495009156,11693040.0,sample,2026-09-24 19:05:19.466442+00:00
GOOGL,2023-09-29 00:00:00+00:00,131.34466829872022,131.5706952422626,128.7911560245444,129.69475968787324,129.69475968787324,10503297.0,sample,2026-09-24 19:05:19.466442+00:00
GOOGL,2023-10-02 00:00:00+00:00,129.77736865721317,131.6679277264574,129.12545060952294,130.21246516047128,130.21246516047128,17326731.0,sample,2026-09-24 19:05:19.466442+00:00
GOOGL,2023-10-03 00:00:00+00:00,130.13386552784314,132.4659301459668,129.73923818685012,131.1626473983486,131.1626473983486,15689862.0,sample,2026-09-24 19:05:19.466442+00:00
GOOGL,2023-10-04 00:00:00+00:00,130.96452385596058,132.25778829905778,130.76975751572354,130.96709500243318,130.96709500243318,13477707.0,sample,2026-09-24 19:05:19.466442+00:00
GOOGL,2023-10-05 00:00:00+00:00,130.99478305154042,132.31352544212007,127.69175307005384,128.174554287425,128.174554287425,13088977.0,sample,2026-09-24 19:05:19.466442+00:00
GOOGL,2023-10-06 00:00:00+00:00,128.4786199015807,131.44531577096228,127.20742010423784,130.20438973911985,130.20438973911985,15320271.0,sample,2026-09-24 19:05:19.466442+00:00
GOOGL,2023-10-09 00:00:00+00:00,130.45061350849372,132.03250295890183,129.6621487720002,130.8811030845394,130.8811030845394,11212855.0,sample,2026-09-24 19:05:19.466442+00:00
GOOGL,2023-10-10 00:00:00+00:00,130.80555387519573,133.03190743006337,130.55206906197023,132.45572785997498,132.45572785997498,6514591.0,sample,2026-09-24 19:05:19.466442+00:00
GOOGL,2023-10-11 00:00:00+00:00,132.64375412669932,133.3248037754033,128.27896493120002,129.25955526395404,129.25955526395404,3105519.0,sample,2026-09-24 19:05:19.466442+00:00
GOOGL,2023-10-12 00:00:00+00:00,128.9230241353623,131.91292234195498,128.3449468103791,131.46937450816182,131.46937450816182,12377181.0,sample,2026-09-24 19:05:19.466442+00:00
GOOGL,2023-10-13 00:00:00+00:00,131.85838989130465,134.6124459393248,131.30804355031023,133.88810453680802,133.88810453680802,9451599.0,sample,2026-09-24 19:05:19.466442+00:00
GOOGL,2023-10-16 00:00:00+00:00,133.47956028685016,135.03357645376778,131.59314015795815,132.05015455170155,132.05015455170155,8324206.0,sample,2026-09-24 19:05:19.466442+00:00
GOOGL,2023-10-17 00:00:00+00:00,131.82978633471802,132.54729206756394,129.2049433627014,129.41005822821012,129.41005822821012,15067507.0,sample,2026-09-24 19:05:19.466442+00:00
GOOGL,2023-10-18 00:00:00+00:00,129.09271463433922,129.89325836551916,127.72536885742235,129.69969246940457,129.69969246940457,14357156.0,sample,2026-09-24 19:05:19.466442+00:00
GOOGL,2023-10-19 00:00:00+00:00,129.7730321894043,131.80936945907592,128.9225030425552,131.31465560750027,131.31465560750027,8558748.0,sample,2026-09-24 19:05:19.466442+00:00
GOOGL,2023-10-20 00:00:00+00:00,131.00854317383107,135.2596991410641,129.92773676828375,133.75852727835783,133.75852727835783,2151752.0,sample,2026-09-24 19:05:19.466442+00:00
GOOGL,2023-10-23 00:00:00+00:00,133.63611158818927,134.63784973604467,130.1594844898742,131.28141053416238,131.28141053416238,5291941.0,sample,2026-09-24 19:05:19.466442+00:00
GOOGL,2023-10-24 00:00:00+00:00,131.0283557018015,133.1299029891547,130.80921270791322,132.04440618361042,132.04440618361042,7973280.0,sample,2026-09-24 19:05:19.466442+00:00
GOOGL,2023-10-25 00:00:00+00:00,132.1756098764929,132.92958257970466,129.4665334201124,130.3338437698422,130.3338437698422,17661141.0,sample,2026-09-24 19:05:19.466442+00:00
GOOGL,2023-10-26 00:00:00+00:00,130.38761032833878,132.057965480069,129.5977265266306,131.58143685992866,131.58143685992866,7535282.0,sample,2026-09-24 19:05:19.466442+00:00
GOOGL,2023-10-27 00:00:00+00:00,131.50611794176655,132.05227075027662,130.9073070848795,131.91874288502092,131.91874288502092,8824493.0,sample,2026-09-24 19:05:19.466442+00:00
GOOGL,2023-10-30 00:00:00+00:00,131.88416130732745,134.06355180922182,130.48424415821756,133.8959164096981,133.8959164096981,2157084.0,sample,2026-09-24 19:05:19.466442+00:00
GOOGL,2023-10-31 00:00:00+00:00,134.2437637947304,135.0322172929809,133.73760404247653,134.0288932812453,134.0288932812453,6233355.0,sample,2026-09-24 19:05:19.466442+00:00
GOOGL,2023-11-01 00:00:00+00:00,133.91043778012394,135.58964314246631,133.46449658570282,134.2209490200122,134.2209490200122,2237986.0,sample,2026-09-24 19:05:19.466442+00:00
GOOGL,2023-11-02 00:00:00+00:00,133.71538719662053,134.2247290177934,129.5047292002832,130.52696229858105,130.52696229858105,17573906.0,sample,2026-09-24 19:05:19.466442+00:00
GOOGL,2023-11-03 00:00:00+00:00,130.61257641000765,132.34115227738764,130.0136509501447,131.64078530885993,131.64078530885993,8621260.0,sample,2026-09-24 19:05:19.466442+00:00
GOOGL,2023-11-06 00:00:00+00:00,131.80244689121832,132.96943031618798,128.69557697989396,129.7739210114608,129.7739210114608,17318909.0,sample,2026-09-24 19:05:19.466442+00:00
GOOGL,2023-11-07 00:00:00+00:00,129.78528505966884,135.64814573226604,128.23368055062133,134.60317839279531,134.60317839279531,9420578.0,sample,2026-09-24 19:05:19.466442+00:00
GOOGL,2023-11-08 00:00:00+00:00,135.24517654674483,136.62886215180316,129.71650952733688,130.52735723751272,130.52735723751272,14574130.0,sample,2026-09-24 19:05:19.466442+00:00
GOOGL,2023-11-09 00:00:00+00:00,129.91034703714394,133.51700403363122,129.7212562639851,132.01820923099953,132.01820923099953,11962414.0,sample,2026-09-24 19:05:19.466442+00:00
GOOGL,2023-11-10 00:00:00+00:00,131.60786170967063,134.30096495031518,131.2678417198399,133.53225761642886,133.53225761642886,9189922.0,sample,2026-09-24 19:05:19.466442+00:00
GOOGL,2023-11-13 00:00:00+00:00,133.40613689223161,133.94082940685107,129.947964542597,131.3262473995778,131.3262473995778,14035886.0,sample,2026-09-24 19:05:19.466442+00:00
GOOGL,2023-11-14 00:00:00+00:00,130.89137433686116,132.30086378433595,127.73071146655022,128.6502311992589,128.6502311992589,16574170.0,sample,2026-09-24 19:05:19.466442+00:00
GOOGL,2023-11-15 00:00:00+00:00,128.77875505467955,130.92647414194627,127.91235492983648,130.16553864456844,130.16553864456844,10891696.0,sample,2026-09-24 19:05:19.466442+00:00
GOOGL,2023-11-16 00:00:00+00:00,129.67167464856206,132.07435151009892,128.90534432123957,130.51186122989827,130.51186122989827,14498969.0,sample,2026-09-24 19:05:19.466442+00:00
GOOGL,2023-11-17 00:00:00+00:00,130.41538653348732,131.4099836506651,128.05447184151743,129.46837707431916,129.46837707431916,14399780.0,sample,2026-09-24 19:05:19.466442+00:00
GOOGL,2023-11-20 00:00:00+00:00,129.52532953849044,130.05587140060936,127.02520787163049,127.77547900221523,127.77547900221523,10408858.0,sample,2026-09-24 19:05:19.466442+00:00
GOOGL,2023-11-21 00:00:00+00:00,127.60122112303259,129.07412622755814,127.22849290071464,127.65936180152235,127.65936180152235,7028909.0,sample,2026-09-24 19:05:19.466442+00:00
GOOGL,2023-11-22 00:00:00+00:00,127.59546980985536,130.4382077985847,126.1365915962147,129.52976070117737,129.52976070117737,11390056.0,sample,2026-09-24 19:05:19.466442+00:00
GOOGL,2023-11-23 00:00:00+00:00,129.75909934793884,130.71876200566817,124.69874687019677,124.94649968158848,124.94649968158848,16307919.0,sample,2026-09-24 19:05:19.466442+00:00
GOOGL,2023-11-24 00:00:00+00:00,124.9843579629261,125.13388185474047,123.34878471441384,124.50406920901696,124.50406920901696,5887864.0,sample,2026-09-24 19:05:19.466442+00:00
GOOGL,2023-11-27 00:00:00+00:00,124.5840236484637,128.22153154797556,124.06581475903732,127.44404921888767,127.44404921888767,12152251.0,sample,2026-09-24 19:05:19.466442+00:00
GOOGL,2023-11-28 00:00:00+00:00,127.61526528261014,128.85539265685813,126.3916675391717,128.66311319655014,128.66311319655014,8497465.0,sample,2026-09-24 19:05:19.466442+00:00
GOOGL,2023-11-29 00:00:00+00:00,128.93021738788454,129.49366475735255,127.94202806665443,128.48256434791264,128.48256434791264,4687117.0,sample,2026-09-24 19:05:19.466442+00:00
GOOGL,2023-11-30 00:00:00+00:00,128.5125247589007,132.08432237683616,127.97484053158536,130.55666268272168,130.55666268272168,5332932.0,sample,2026-09-24 19:05:19.466442+00:00
GOOGL,2023-12-01 00:00:00+00:00,130.8852747265958,131.46191760110963,127.87973505607606,128.26883122484432,128.26883122484432,11570279.0,sample,2026-09-24 19:05:19.466442+00:00
GOOGL,2023-12-04 00:00:00+00:00,128.0887224573732,129.48936795640915,127.72489221512167,128.59941760887915,128.59941760887915,1934583.0,sample,2026-09-24 19:05:19.466442+00:00
GOOGL,2023-12-05 00:00:00+00:00,128.5934667181966,133.2861695319882,127.74050464930572,132.0846074800867,132.0846074800867,8095135.0,sample,2026-09-24 19:05:19.466442+00:00
GOOGL,2023-12-06 00:00:00+00:00,132.3284782582629,136.09671264836118,130.74433970192396,135.37011156105248,135.37011156105248,17386784.0,sample,2026-09-24 19:05:19.466442+00:00
GOOGL,2023-12-07 00:00:00+00:00,135.8729689225105,139.00077819873593,134.91154298346314,137.77122738316868,137.77122738316868,4115630.0,sample,2026-09-24 19:05:19.466442+00:00
GOOGL,2023-12-08 00:00:00+00:00,137.95682805621328,139.6076482711335,135.7260978286728,136.58297439663554,136.58297439663554,12636167.0,sample,2026-09-24 19:05:19.466442+00:00
GOOGL,2023-12-11 00:00:00+00:00,136.78741990892493,137.9300300103061,134.52068778188504,135.91312821627932,135.91312821627932,16467612.0,sample,2026-09-24 19:05:19.466442+00:00
GOOGL,2023-12-12 00:00:00+00:00,136.5415240427885,137.87329430644687,133.85595989044796,135.1934516702524,135.1934516702524,16835906.0,sample,2026-09-24 19:05:19.466442+00:00
GOOGL,2023-12-13 00:00:00+00:00,135.63722317004306,136.8534245365265,134.8877261189039,136.37264866242228,136.37264866242228,16185840.0,sample,2026-09-24 19:05:19.466442+00:00
GOOGL,2023-12-14 00:00:00+00:00,136.25358499732712,139.94781170468227,135.3819757810311,139.12328806821367,139.12328806821367,17683837.0,sample,2026-09-24 19:05:19.466442+00:00
GOOGL,2023-12-15 00:00:00+00:00,139.07870048288663,140.04614848586775,137.88392891253667,139.39813970718978,139.39813970718978,3436762.0,sample,2026-09-24 19:05:19.466442+00:00
GOOGL,2023-12-18 00:00:00+00:00,138.9451431892472,139.83594025674284,136.35863952776694,137.30551053011612,137.30551053011612,9591093.0,sample,2026-09-24 19:05:19.466442+00:00
GOOGL,2023-12-19 00:00:00+00:00,137.48824061253845,138.49403101732346,134.44925482886728,135.84251717299722,135.84251717299722,2218392.0,sample,2026-09-24 19:05:19.466442+00:00
GOOGL,2023-12-20 00:00:00+00:00,135.93934055746058,136.6816739029584,133.39612178443454,134.89511648318432,134.89511648318432,16536323.0,sample,2026-09-24 19:05:19.466442+00:00
GOOGL,2023-12-21 00:00:00+00:00,134.92303851152337,136.04445375968157,134.07963698367692,135.65777894442743,135.65777894442743,17680838.0,sample,2026-09-24 19:05:19.466442+00:00
GOOGL,2023-12-22 00:00:00+00:00,135.4830187364755,135.96844714724998,132.16632744935194,132.79897131932955,132.79897131932955,9179287.0,sample,2026-09-24 19:05:19.466442+00:00
GOOGL,2023-12-25 00:00:00+00:00,132.37510447850394,136.76414460841647,130.83034419130834,135.3388320016064,135.3388320016064,12062727.0,sample,2026-09-24 19:05:19.466442+00:00
GOOGL,2023-12-26 00:00:00+00:00,135.2804962971322,138.86533875965887,133.77080117415454,137.63251669714757,137.63251669714757,8259048.0,sample,2026-09-24 19:05:19.466442+00:00
GOOGL,2023-12-27 00:00:00+00:00,137.45278635967827,143.6426486910386,137.1852736128533,141.9425178946688,141.9425178946688,12270931.0,sample,2026-09-24 19:05:19.466442+00:00
GOOGL,2023-12-28 00:00:00+00:00,142.07152893938618,142.5493454157413,138.69461865893481,140.35595377499317,140.35595377499317,16731383.0,sample,2026-09-24 19:05:19.466442+00:00
GOOGL,2023-12-29 00:00:00+00:00,140.2653064389347,141.15773690606997,137.4641896101919,138.08422887155086,138.08422887155086,4281509.0,sample,2026-09-24 19:05:19.466442+00:00
GOOGL,2024-01-01 00:00:00+00:00,137.81738437646626,138.82086898613258,134.6770173060128,135.4032606535911,135.4032606535911,9691398.0,sample,2026-09-24 19:05:19.466442+00:00
GOOGL,2024-01-02 00:00:00+00:00,135.32425943808798,136.32675230125088,135.08043926108235,135.54614663894483,135.54614663894483,2286360.0,sample,2026-09-24 19:05:19.466442+00:00
GOOGL,2024-01-03 00:00:00+00:00,135.68873402947415,137.4929576918494,135.47494941565816,136.7964641935024,136.7964641935024,5708873.0,sample,2026-09-24 19:05:19.466442+00:00
GOOGL,2024-01-04 00:00:00+00:00,136.68414481753,137.6335059559638,133.58105130369873,134.5627432655698,134.5627432655698,10965783.0,sample,2026-09-24 19:05:19.466442+00:00
GOOGL,2024-01-05 00:00:00+00:00,134.65297987716326,135.40984672270298,132.19883720363285,133.5493586922275,133.5493586922275,17403101.0,sample,2026-09-24 19:05:19.466442+00:00
GOOGL,2024-01-08 00:00:00+00:00,134.26828907703202,137.48628925468674,133.94311880108305,136.2027209465089,136.2027209465089,14438805.0,sample,2026-09-24 19:05:19.466442+00:00
GOOGL,2024-01-09 00:00:00+00:00,136.34898546865492,137.8746758202601,136.0538764552193,136.56255723618327,136.56255723618327,9745553.0,sample,2026-09-24 19:05:19.466442+00:00
GOOGL,2024-01-10 00:00:00+00:00,136.45119997094884,137.69281366779143,134.57799058826478,135.37014105980776,135.37014105980776,6597802.0,sample,2026-09-24 19:05:19.466442+00:00
GOOGL,2024-01-11 00:00:00+00:00,135.3474817178359,136.6231738023078,134.97155101233068,136.3771972847059,136.3771972847059,10868339.0,sample,2026-09-24 19:05:19.466442+00:00
GOOGL,2024-01-12 00:00:00+00:00,135.60325274415666,137.01693818994914,134.16529304398998,136.45672779654294,136.45672779654294,14992359.0,sample,2026-09-24 19:05:19.466442+00:00
GOOGL,2024-01-15 00:00:00+00:00,136.97492107978624,137.57170386977265,133.84552434099092,135.1968904985697,135.1968904985697,6784646.0,sample,2026-09-24 19:05:19.466442+00:00
GOOGL,2024-01-16 00:00:00+00:00,134.9059969732779,136.20794510400617,133.6792488689039,134.40915599913492,134.40915599913492,1649502.0,sample,2026-09-24 19:05:19.466442+00:00
GOOGL,2024-01-17 00:00:00+00:00,134.37803667478846,138.3559093748142,134.2433160056402,138.0437151579848,138.0437151579848,15350502.0,sample,2026-09-24 19:05:19.466442+00:00
GOOGL,2024-01-18 00:00:00+00:00,138.26137024359184,138.90129007054963,136.99136371110592,138.0767726737891,138.0767726737891,3657614.0,sample,2026-09-24 19:05:19.466442+00:00
GOOGL,2024-01-19 00:00:00+00:00,137.86031389239804,138.9594049177244,135.7155191406217,137.0647928361874,137.0647928361874,15401352.0,sample,2026-09-24 19:05:19.466442+00:00
GOOGL,2024-01-22 00:00:00+00:00,136.90452040649518,137.40199387311935,133.52681617693773,134.9162866305616,134.9162866305616,6745755.0,sample,2026-09-24 19:05:19.466442+00:00
GOOGL,2024-01-23 00:00:00+00:00,134.9782696471173,138.33619521765735,134.58818541684542,137.55854262346247,137.55854262346247,16257762.0,sample,2026-09-24 19:05:19.466442+00:00
GOOGL,2024-01-24 00:00:00+00:00,137.25142279774462,138.89756724277788,135.48562703120845,137.0592815091263,137.0592815091263,2755587.0,sample,2026-09-24 19:05:19.466442+00:00
GOOGL,2024-01-25 00:00:00+00:00,136.81272857755147,141.83921123189594,135.36557120074556,140.76317728777678,140.76317728777678,6559858.0,sample,2026-09-24 19:05:19.466442+00:00
GOOGL,2024-01-26 00:00:00+00:00,140.66355822917987,143.8261630132541,140.3623283532294,143.1817059519755,143.1817059519755,15473543.0,sample,2026-09-24 19:05:19.466442+00:00
GOOGL,2024-01-29 00:00:00+00:00,142.8788382791589,143.94371724287228,140.55403812990264,141.13771588271632,141.13771588271632,5085652.0,sample,2026-09-24 19:05:19.466442+00:00
GOOGL,2024-01-30 00:00:00+00:00,141.78475863487552,146.4349512963682,140.92960466215015,145.3608286205779,145.3608286205779,16439709.0,sample,2026-09-24 19:05:19.466442+00:00
GOOGL,2024-01-31 00:00:00+00:00,145.35028271475935,146.63585121174324,142.84921965444644,144.23725975845193,144.23725975845193,14245458.0,sample,2026-09-24 19:05:19.466442+00:00
GOOGL,2024-02-01 00:00:00+00:00,144.57981791814035,145.90725136806148,143.99804022269365,144.2935305085817,144.2935305085817,16339534.0,sample,2026-09-24 19:05:19.466442+00:00
GOOGL,2024-02-02 00:00:00+00:00,144.03692915457725,144.91678301214012,141.32559936315528,142.83500987962435,142.83500987962435,11193675.0,sample,2026-09-24 19:05:19.466442+00:00
GOOGL,2024-02-05 00:00:00+00:00,143.28435197936244,144.59506571265695,141.93267884440814,143.83055796806522,143.83055796806522,14886724.0,sample,2026-09-24 19:05:19.466442+00:00
GOOGL,2024-02-06 00:00:00+00:00,144.06831881219864,145.24740067079065,141.39469607772944,142.81776788202632,142.81776788202632,17495001.0,sample,2026-09-24 19:05:19.466442+00:00
GOOGL,2024-02-07 00:00:00+00:00,142.97240211457864,144.68640861755887,138.42857412999342,139.90422781006288,139.90422781006288,17278348.0,sample,2026-09-24 19:05:19.466442+00:00
GOOGL,2024-02-08 00:00:00+00:00,140.06539308862753,140.82302360219387,137.1590973709205,138.16129788496437,138.16129788496437,17117957.0,sample,2026-09-24 19:05:19.466442+00:00
GOOGL,2024-02-09 00:00:00+00:00,138.78599737445433,138.9345476873856,137.85290394422685,138.64331484671771,138.64331484671771,5487405.0,sample,2026-09-24 19:05:19.466442+00:00
GOOGL,2024-02-12 00:00:00+00:00,139.04540159629678,139.51347394984862,134.83225228039743,135.21792202098823,135.21792202098823,7621465.0,sample,2026-09-24 19:05:19.466442+00:00
GOOGL,2024-02-13 00:00:00+00:00,135.3890071035461,136.18372915634805,133.66251356039044,134.44584091094808,134.44584091094808,17143341.0,sample,2026-09-24 19:05:19.466442+00:00
GOOGL,2024-02-14 00:00:00+00:00,134.52171877112056,136.06117773770424,133.24657541674392,135.70099414963488,135.70099414963488,17676636.0,sample,2026-09-24 19:05:19.466442+00:00
GOOGL,2024-02-15 00:00:00+00:00,135.4084302341796,136.46720104479934,134.0971662431701,135.58224018006482,135.58224018006482,7500050.0,sample,2026-09-24 19:05:19.466442+00:00
GOOGL,2024-02-16 00:00:00+00:00,135.555365877097,137.73959846116605,134.91571709047045,137.02658944804426,137.02658944804426,5598527.0,sample,2026-09-24 19:05:19.466442+00:00
GOOGL,2024-02-19 00:00:00+00:00,137.30769111220786,138.65926262245156,132.63260990473262,133.695511352489,133.695511352489,14507605.0,sample,2026-09-24 19:05:19.466442+00:00
GOOGL,2024-02-20 00:00:00+00:00,134.21663336856747,135.1872793817342,131.76301040505842,132.06100223690967,132.06100223690967,17307463.0,sample,2026-09-24 19:05:19.466442+00:00
GOOGL,2024-02-21 00:00:00+00:00,132.441729533111,134.52717272205098,131.96241474814383,133.14257492003424,133.14257492003424,3251814.0,sample,2026-09-24 19:05:19.466442+00:00
GOOGL,2024-02-22 00:00:00+00:00,133.19278458269673,134.4523607389666,132.0150777341708,132.19084709896194,132.19084709896194,15030651.0,sample,2026-09-24 19:05:19.466442+00:00
GOOGL,2024-02-23 00:00:00+00:00,132.2309511180372,137.84013191053054,131.73915959935493,136.40226311514735,136.40226311514735,7113448.0,sample,2026-09-24 19:05:19.466442+00:00
GOOGL,2024-02-26 00:00:00+00:00,136.09965942869943,137.5520784382524,132.0441132241198,132.2852313322813,132.2852313322813,6224310.0,sample,2026-09-24 19:05:19.466442+00:00
GOOGL,2024-02-27 00:00:00+00:00,132.4145258759024,133.8314132912291,130.26356772230113,131.32871853097703,131.32871853097703,13860058.0,sample,2026-09-24 19:05:19.466442+00:00
GOOGL,2024-02-28 00:00:00+00:00,131.3204766607045,132.35748775035728,130.83755170280944,131.04133468746093,131.04133468746093,4322043.0,sample,2026-09-24 19:05:19.466442+00:00
GOOGL,2024-02-29 00:00:00+00:00,131.14573547282282,132.93574183433222,131.0091848660877,131.79730927275313,131.79730927275313,2777326.0,sample,2026-09-24 19:05:19.466442+00:00
GOOGL,2024-03-01 00:00:00+00:00,132.13492434606331,137.27223530308282,131.19304201113297,136.5370216557324,136.5370216557324,11981348.0,sample,2026-09-24 19:05:19.466442+00:00
GOOGL,2024-03-04 00:00:00+00:00,136.56629557597728,137.11541674397014,134.01144908424445,134.52043936199476,134.52043936199476,4412705.0,sample,2026-09-24 19:05:19.466442+00:00
GOOGL,2024-03-05 00:00:00+00:00,134.61584420124439,139.4359863391025,133.26848641550885,138.91813677797208,138.91813677797208,6269545.0,sample,2026-09-24 19:05:19.466442+00:00
GOOGL,2024-03-06 00:00:00+00:00,138.71979999760427,142.27032135000886,137.57801810346487,141.29909634588034,141.29909634588034,5562420.0,sample,2026-09-24 19:05:19.466442+00:00
GOOGL,2024-03-07 00:00:00+00:00,141.38831491236087,142.46783036297526,135.2453073889705,135.44746722143074,135.44746722143074,13692144.0,sample,2026-09-24 19:05:19.466442+00:00
GOOGL,2024-03-08 00:00:00+00:00,135.2667133459805,136.090699638853,128.42657718182085,129.3008737280022,129.3008737280022,13157383.0,sample,2026-09-24 19:05:19.466442+00:00
GOOGL,2024-03-11 00:00:00+00:00,128.58888311027457,129.0944999054714,127.7120390306805,128.3543845963038,128.3543845963038,5437498.0,sample,2026-09-24 19:05:19.466442+00:00
GOOGL,2024-03-12 00:00:00+00:00,128.2793987637265,128.66066063863556,124.47632502031288,125.15697075200816,125.15697075200816,3825996.0,sample,2026-09-24 19:05:19.466442+00:00
GOOGL,2024-03-13 00:00:00+00:00,124.72217967585975,127.69767058807749,123.92367280545403,126.5728977843576,126.5728977843576,15761990.0,sample,2026-09-24 19:05:19.466442+00:00
GOOGL,2024-03-14 00:00:00+00:00,126.38557121074373,130.8558015439397,125.22497497532652,130.2404873356843,130.2404873356843,12651470.0,sample,2026-09-24 19:05:19.466442+00:00
GOOGL,2024-03-15 00:00:00+00:00,130.2281721448645,130.3748949896964,129.09471774209365,129.42074686557652,129.42074686557652,2587326.0,sample,2026-09-24 19:05:19.466442+00:00
GOOGL,2024-03-18 00:00:00+00:00,129.270506617688,133.74260208352516,128.5743636969227,133.6062343391631,133.6062343391631,16710700.0,sample,2026-09-24 19:05:19.466442+00:00
GOOGL,2024-03-19 00:00:00+00:00,134.0673554702879,135.37705259059243,131.64727519749664,132.81317433214173,132.81317433214173,2069356.0,sample,2026-09-24 19:05:19.466442+00:00
GOOGL,2024-03-20 00:00:00+00:00,132.9417184324032,138.22676145979094,132.58405699590304,136.96671341071112,136.96671341071112,17971037.0,sample,2026-09-24 19:05:19.466442+00:00
GOOGL,2024-03-21 00:00:00+00:00,137.18861184111634,138.63196912432082,133.44165041857943,134.80646721334244,134.80646721334244,6931580.0,sample,2026-09-24 19:05:19.466442+00:00
GOOGL,2024-03-22 00:00:00+00:00,135.2856310425867,135.86248978396702,133.7346054323686,134.11815768809737,134.11815768809737,5177759.0,sample,2026-09-24 19:05:19.466442+00:00
GOOGL,2024-03-25 00:00:00+00:00,134.02647066798048,135.46463587575036,131.31757774616665,132.24771011070223,132.24771011070223,11514214.0,sample,2026-09-24 19:05:19.466442+00:00
GOOGL,2024-03-26 00:00:00+00:00,132.21688642999652,133.23638657135467,128.86889833745929,129.7599567199187,129.7599567199187,8137958.0,sample,2026-09-24 19:05:19.466442+00:00
GOOGL,2024-03-27 00:00:00+00:00,129.32482228116376,131.01815952791063,128.12861978027564,130.43835994259587,130.43835994259587,3119553.0,sample,2026-09-24 19:05:19.466442+00:00
GOOGL,2024-03-28 00:00:00+00:00,130.28997456810336,130.4678224909592,126.98650300811678,128.1376471948978,128.1376471948978,6267799.0,sample,2026-09-24 19:05:19.466442+00:00
GOOGL,2024-03-29 00:00:00+00:00,128.28640641845456,129.67668095713594,124.04256397525296,124.34615322992548,124.34615322992548,13049450.0,sample,2026-09-24 19:05:19.466442+00:00
GOOGL,2024-04-01 00:00:00+00:00,124.16241491108164,125.47912940030051,122.00706923058222,122.6475250367938,122.6475250367938,13937294.0,sample,2026-09-24 19:05:19.466442+00:00
GOOGL,2024-04-02 00:00:00+00:00,123.04915649992044,123.85150697074734,121.72557164535975,122.47473805617842,122.47473805617842,8246372.0,sample,2026-09-24 19:05:19.466442+00:00
GOOGL,2024-04-03 00:00:00+00:00,122.3656378601926,123.49361061536148,120.68756332464832,121.89848484807989,121.89848484807989,10977014.0,sample,2026-09-24 19:05:19.466442+00:00
GOOGL,2024-04-04 00:00:00+00:00,121.90829833445551,122.69049084470682,119.94750809492885,120.94659627258005,120.94659627258005,11410917.0,sample,2026-09-24 19:05:19.466442+00:00
GOOGL,2024-04-05 00:00:00+00:00,120.83039548679614,121.95507550052712,118.41997608833276,119.19354060437587,119.19354060437587,16070786.0,sample,2026-09-24 19:05:19.466442+00:00
GOOGL,2024-04-08 00:00:00+00:00,118.91227044608425,120.2481104001822,115.96481656197493,117.2568803171984,117.2568803171984,17446729.0,sample,2026-09-24 19:05:19.466442+00:00
GOOGL,2024-04-09 00:00:00+00:00,117.38494487733105,118.62174342222886,113.9247855627442,115.16598570468949,115.16598570468949,11952583.0,sample,2026-09-24 19:05:19.466442+00:00
GOOGL,2024-04-10 00:00:00+00:00,115.63696659909921,116.47552992503526,109.64956001909873,110.0562071784786,110.0562071784786,17074797.0,sample,2026-09-24 19:05:19.466442+00:00
GOOGL,2024-04-11 00:00:00+00:00,110.08513168634585,110.73153155822246,109.61065846217546,110.38643562469017,110.38643562469017,8166590.0,sample,2026-09-24 19:05:19.466442+00:00
GOOGL,2024-04-12 00:00:00+00:00,110.25688655287415,112.52240631762166,109.52069407752332,111.72704391515171,111.72704391515171,2400226.0,sample,2026-09-24 19:05:19.466442+00:00
GOOGL,2024-04-15 00:00:00+00:00,111.625744788234,113.37799285718708,111.04448717495143,112.62025777520844,112.62025777520844,3499170.0,sample,2026-09-24 19:05:19.466442+00:00
GOOGL,2024-04-16 00:00:00+00:00,113.12397304866936,114.35573345816168,112.78842422763093,113.15867043718234,113.15867043718234,10263126.0,sample,2026-09-24 19:05:19.466442+00:00
GOOGL,2024-04-17 00:00:00+00:00,113.07460549122177,114.17787262007856,111.22516533312368,111.65212403851311,111.65212403851311,1857819.0,sample,2026-09-24 19:05:19.466442+00:00
GOOGL,2024-04-18 00:00:00+00:00,111.69848131488965,112.9242191335029,105.8274030505701,106.49862316163018,106.49862316163018,8044509.0,sample,2026-09-24 19:05:19.466442+00:00
GOOGL,2024-04-19 00:00:00+00:00,106.64501784378541,107.01433057025031,102.84916364137906,103.32021671249126,103.32021671249126,8135448.0,sample,2026-09-24 19:05:19.466442+00:00
GOOGL,2024-04-22 00:00:00+00:00,103.30735025763299,107.2394241687695,102.51389700635923,106.28968365236895,106.28968365236895,7914831.0,sample,2026-09-24 19:05:19.466442+00:00
GOOGL,2024-04-23 00:00:00+00:00,106.21119249817713,107.03883994349874,105.15499397356722,105.86807452802603,105.86807452802603,4936687.0,sample,2026-09-24 19:05:19.466442+00:00
GOOGL,2024-04-24 00:00:00+00:00,106.11720047996391,106.34559570459405,101.9541533867375,102.26300973124957,102.26300973124957,7016008.0,sample,2026-09-24 19:05:19.466442+00:00
GOOGL,2024-04-25 00:00:00+00:00,102.18696172200622,102.63204921388872,99.5717224739466,100.6676120170203,100.6676120170203,16607900.0,sample,2026-09-24 19:05:19.466442+00:00
GOOGL,2024-04-26 00:00:00+00:00,100.6397582760841,104.15038092113761,99.52611837449098,103.17488377548534,103.17488377548534,9099625.0,sample,2026-09-24 19:05:19.466442+00:00
GOOGL,2024-04-29 00:00:00+00:00,103.10326709446764,106.98713307117347,102.35291072454245,106.84297936834726,106.84297936834726,7691384.0,sample,2026-09-24 19:05:19.466442+00:00
GOOGL,2024-04-30 00:00:00+00:00,106.64736050766977,108.69360450926403,106.33893735737446,108.27821777383444,108.27821777383444,17491817.0,sample,2026-09-24 19:05:19.466442+00:00
GOOGL,2024-05-01 00:00:00+00:00,108.429687510161,109.49164705672202,107.52859399579037,109.01054232271511,109.01054232271511,7120725.0,sample,2026-09-24 19:05:19.466442+00:00
GOOGL,2024-05-02 00:00:00+00:00,108.92065874124887,109.84816455617737,107.23104298553751,107.69113504039136,107.69113504039136,8446622.0,sample,2026-09-24 19:05:19.466442+00:00
GOOGL,2024-05-03 00:00:00+00:00,107.67420246040327,108.50618103580092,105.32270148990429,105.9005756686267,105.9005756686267,3889367.0,sample,2026-09-24 19:05:19.466442+00:00
GOOGL,2024-05-06 00:00:00+00:00,105.78095062644509,106.94910580543528,105.26381998020021,105.97218266045896,105.97218266045896,6787768.0,sample,2026-09-24 19:05:19.466442+00:00
GOOGL,2024-05-07 00:00:00+00:00,105.87039206927852,106.88727362310873,103.42339984329826,104.32586394742681,104.32586394742681,3286045.0,sample,2026-09-24 19:05:19.466442+00:00
GOOGL,2024-05-08 00:00:00+00:00,104.38063749733404,105.38415399199027,103.07289927966303,103.76876194156296,103.76876194156296,13645077.0,sample,2026-09-24 19:05:19.466442+00:00
GOOGL,2024-05-09 00:00:00+00:00,103.78335672847626,105.47944554513872,103.08154560850147,105.07102061099997,105.07102061099997,4801028.0,sample,2026-09-24 19:05:19.466442+00:00
GOOGL,2024-05-10 00:00:00+00:00,105.17589483444866,108.20601999498882,105.04179814737954,107.79992974141967,107.79992974141967,17043489.0,sample,2026-09-24 19:05:19.466442+00:00
GOOGL,2024-05-13 00:00:00+00:00,107.76358491848245,110.59571052590125,107.27758506772633,109.33968051323974,109.33968051323974,7193412.0,sample,2026-09-24 19:05:19.466442+00:00
GOOGL,2024-05-14 00:00:00+00:00,108.87386279853295,115.39050401114403,108.43503649779578,114.62150052218352,114.62150052218352,3303061.0,sample,2026-09-24 19:05:19.466442+00:00
GOOGL,2024-05-15 00:00:00+00:00,114.78958003347218,115.26740593403105,112.88427651042946,113.33662897540785,113.33662897540785,14560951.0,sample,2026-09-24 19:05:19.466442+00:00
GOOGL,2024-05-16 00:00:00+00:00,113.48003604224039,115.18719936134121,112.56673682021172,114.21629480246014,114.21629480246014,7734286.0,sample,2026-09-24 19:05:19.466442+00:00
GOOGL,2024-05-17 00:00:00+00:00,114.47960069329996,114.74363674852172,112.73918998094267,112.9944959484081,112.9944959484081,5066093.0,sample,2026-09-24 19:05:19.466442+00:00
GOOGL,2024-05-20 00:00:00+00:00,112.7956242845698,114.80279507975293,112.41084908313906,113.63772283715628,113.63772283715628,17174992.0,sample,2026-09-24 19:05:19.466442+00:00
GOOGL,2024-05-21 00:00:00+00:00,113.5539833061495,116.16085828682517,112.35523241189915,115.29597865924111,115.29597865924111,10168996.0,sample,2026-09-24 19:05:19.466442+00:00
GOOGL,2024-05-22 00:00:00+00:00,115.56371236616165,116.01554218097459,112.52903825483995,113.31786492394724,113.31786492394724,6341874.0,sample,2026-09-24 19:05:19.466442+00:00
GOOGL,2024-05-23 00:00:00+00:00,113.02963096600138,119.96959455624781,112.72176213763017,119.37999984192632,119.37999984192632,17674023.0,sample,2026-09-24 19:05:19.466442+00:00
GOOGL,2024-05-24 00:00:00+00:00,118.95245552317256,119.97458381677679,115.13163530677103,116.19956405364128,116.19956405364128,10744569.0,sample,2026-09-24 19:05:19.466442+00:00
GOOGL,2024-05-27 00:00:00+00:00,116.02348240258824,117.93873414046497,115.77915711883729,117.45665558578345,117.45665558578345,3084618.0,sample,2026-09-24 19:05:19.466442+00:00
GOOGL,2024-05-28 00:00:00+00:00,117.48494043221291,121.67824368357893,116.3645298496346,120.34090775432426,120.34090775432426,9467372.0,sample,2026-09-24 19:05:19.466442+00:00
GOOGL,2024-05-29 00:00:00+00:00,119.8739717026499,120.88323317949988,119.34432074374119,120.4857125585303,120.4857125585303,6143191.0,sample,2026-09-24 19:05:19.466442+00:00
GOOGL,2024-05-30 00:00:00+00:00,120.06598331318854,120.56258383214498,119.04365072250765,120.12626005813415,120.12626005813415,1623771.0,sample,2026-09-24 19:05:19.466442+00:00
GOOGL,2024-05-31 00:00:00+00:00,120.32430174324598,121.31792985130737,117.48280934642706,118.19639746888481,118.19639746888481,16850096.0,sample,2026-09-24 19:05:19.466442+00:00
GOOGL,2024-06-03 00:00:00+00:00,118.23540514355786,121.97808680679532,116.85704880178848,120.53355900704533,120.53355900704533,4355124.0,sample,2026-09-24 19:05:19.466442+00:00
GOOGL,2024-06-04 00:00:00+00:00,120.38510987522608,121.31125151329246,118.76083111956703,119.95233022765065,119.95233022765065,7088312.0,sample,2026-09-24 19:05:19.466442+00:00
GOOGL,2024-06-05 00:00:00+00:00,119.89754698473932,121.26305193058911,117.57390899493682,118.20820845851557,118.20820845851557,7512975.0,sample,2026-09-24 19:05:19.466442+00:00
GOOGL,2024-06-06 00:00:00+00:00,118.1860483585426,119.47801483403039,117.97408036656044,119.21280739079506,119.21280739079506,3516596.0,sample,2026-09-24 19:05:19.466442+00:00
GOOGL,2024-06-07 00:00:00+00:00,119.1957232987468,120.69819178811167,118.19917275518237,120.51372386298127,120.51372386298127,13968819.0,sample,2026-09-24 19:05:19.466442+00:00
GOOGL,2024-06-10 00:00:00+00:00,120.80158992185804,122.85635623776142,119.63976037017933,122.44336933340696,122.44336933340696,16650326.0,sample,2026-09-24 19:05:19.466442+00:00
GOOGL,2024-06-11 00:00:00+00:00,122.31192247226689,122.50605196114964,118.63230167309698,119.4392603876494,119.4392603876494,6385375.0,sample,2026-09-24 19:05:19.466442+00:00
GOOGL,2024-06-12 00:00:00+00:00,119.71413183249196,120.93919693061649,115.58098175558065,116.48564503553064,116.48564503553064,4763624.0,sample,2026-09-24 19:05:19.466442+00:00
GOOGL,2024-06-13 00:00:00+00:00,117.06617895731014,117.60379281182608,116.44726475773699,117.02458427150823,117.02458427150823,4777457.0,sample,2026-09-24 19:05:19.466442+00:00
GOOGL,2024-06-14 00:00:00+00:00,117.22894964552864,117.47630828798448,115.37845320683589,116.35584510353473,116.35584510353473,1634993.0,sample,2026-09-24 19:05:19.466442+00:00
GOOGL,2024-06-17 00:00:00+00:00,116.29161712425694,120.4457901343373,115.62048032883105,119.13110803331473,119.13110803331473,16228202.0,sample,2026-09-24 19:05:19.466442+00:00
GOOGL,2024-06-18 00:00:00+00:00,119.01805260657723,120.09633774885398,117.47944423656162,118.35072976903759,118.35072976903759,12975316.0,sample,2026-09-24 19:05:19.466442+00:00
GOOGL,2024-06-19 00:00:00+00:00,118.27071716975733,118.88014774699573,116.6181268007144,117.90675069099045,117.90675069099045,3234302.0,sample,2026-09-24 19:05:19.466442+00:00
GOOGL,2024-06-20 00:00:00+00:00,117.92830879279586,118.50915591824543,116.80797099851436,117.40797886804086,117.40797886804086,14380552.0,sample,2026-09-24 19:05:19.466442+00:00
GOOGL,2024-06-21 00:00:00+00:00,117.22387554220417,117.88008666759225,116.34206320201763,117.76104757766294,117.76104757766294,15478296.0,sample,2026-09-24 19:05:19.466442+00:00
GOOGL,2024-06-24 00:00:00+00:00,117.49894885370492,117.74021705189355,115.77978878237506,116.76870872412593,116.76870872412593,5357253.0,sample,2026-09-24 19:05:19.466442+00:00
GOOGL,2024-06-25 00:00:00+00:00,116.6346530239514,117.93641289658714,114.27364779863518,115.09428872709883,115.09428872709883,5135368.0,sample,2026-09-24 19:05:19.466442+00:00
GOOGL,2024-06-26 00:00:00+00:00,114.81066345254956,116.10386336595853,113.86649817128198,114.65355913175384,114.65355913175384,10676658.0,sample,2026-09-24 19:05:19.466442+00:00
GOOGL,2024-06-27 00:00:00+00:00,114.78378632711625,116.2941857390729,113.99136609349382,115.14810553893592,115.14810553893592,17295186.0,sample,2026-09-24 19:05:19.466442+00:00
GOOGL,2024-06-28 00:00:00+00:00,115.24169228374859,116.05378865732744,113.87605409828947,114.30472563154619,114.30472563154619,9852088.0,sample,2026-09-24 19:05:19.466442+00:00
GOOGL,2024-07-01 00:00:00+00:00,114.54125266553494,119.74851626607116,114.09832203660469,118.5701454526704,118.5701454526704,17725005.0,sample,2026-09-24 19:05:19.466442+00:00
GOOGL,2024-07-02 00:00:00+00:00,118.9001363309104,119.90392884287546,118.37381625863905,118.6746721871356,118.6746721871356,8612925.0,sample,2026-09-24 19:05:19.466442+00:00
GOOGL,2024-07-03 00:00:00+00:00,119.00401925647542,120.4441702491837,118.83154368454358,119.04415212783977,119.04415212783977,1896385.0,sample,2026-09-24 19:05:19.466442+00:00
GOOGL,2024-07-04 00:00:00+00:00,118.93915305465357,120.08046352998903,118.56659495564611,119.35527710650459,119.35527710650459,2771777.0,sample,2026-09-24 19:05:19.466442+00:00
GOOGL,2024-07-05 00:00:00+00:00,119.4493580556145,120.15292848135725,117.39766403594636,118.11611402137011,118.11611402137011,12145163.0,sample,2026-09-24 19:05:19.466442+00:00
GOOGL,2024-07-08 00:00:00+00:00,117.86110010742595,120.50525948452116,117.52732865821966,119.334631061023,119.334631061023,11088460.0,sample,2026-09-24 19:05:19.466442+00:00
GOOGL,2024-07-09 00:00:00+00:00,119.9588149369133,120.36067876681287,118.12960174769916,119.514283380068,119.514283380068,12587833.0,sample,2026-09-24 19:05:19.466442+00:00
GOOGL,2024-07-10 00:00:00+00:00,119.27107041120763,120.35442929546404,118.13412724387929,118.39846322818816,118.39846322818816,16326975.0,sample,2026-09-24 19:05:19.466442+00:00
GOOGL,2024-07-11 00:00:00+00:00,118.02215225795061,118.78098165863132,116.88655907798788,118.3933644672203,118.3933644672203,9140401.0,sample,2026-09-24 19:05:19.466442+00:00
GOOGL,2024-07-12 00:00:00+00:00,118.3081894028102,123.00561946266156,117.39514845147147,121.86802787813895,121.86802787813895,13925808.0,sample,2026-09-24 19:05:19.466442+00:00
GOOGL,2024-07-15 00:00:00+00:00,121.98947873089983,124.86204389509915,121.69958622129712,123.80104736167225,123.80104736167225,15500451.0,sample,2026-09-24 19:05:19.466442+00:00
GOOGL,2024-07-16 00:00:00+00:00,124.17694017954385,129.66263356695424,123.35748406937378,128.3107169138755,128.3107169138755,2256803.0,sample,2026-09-24 19:05:19.466442+00:00
GOOGL,2024-07-17 00:00:00+00:00,128.4634726007347,128.82058193018094,127.4130176529902,127.62635973832063,127.62635973832063,3495980.0,sample,2026-09-24 19:05:19.466442+00:00
GOOGL,2024-07-18 00:00:00+00:00,127.48648424998322,128.25607663778723,125.63055909650697,126.18932718544318,126.18932718544318,8940890.0,sample,2026-09-24 19:05:19.466442+00:00
GOOGL,2024-07-19 00:00:00+00:00,126.21429713501507,127.14223623148311,122.25263504475494,123.39000450927337,123.39000450927337,2224640.0,sample,2026-09-24 19:05:19.466442+00:00
GOOGL,2024-07-22 00:00:00+00:00,123.7071315064547,124.4487759995235,122.12233394335915,123.59836084218637,123.59836084218637,10702691.0,sample,2026-09-24 19:05:19.466442+00:00
GOOGL,2024-07-23 00:00:00+00:00,123.75919761236658,124.64947064933196,122.56393440950627,123.84975815723959,123.84975815723959,6120936.0,sample,2026-09-24 19:05:19.466442+00:00
GOOGL,2024-07-24 00:00:00+00:00,124.03529498898119,124.91012252978966,119.88245990113548,121.17084366391352,121.17084366391352,10058111.0,sample,2026-09-24 19:05:19.466442+00:00
GOOGL,2024-07-25 00:00:00+00:00,121.25759001919491,121.59841270125865,119.64497846129844,119.83829797235285,119.83829797235285,1624151.0,sample,2026-09-24 19:05:19.466442+00:00
GOOGL,2024-07-26 00:00:00+00:00,119.9998122853836,123.40264744398465,119.2440339073316,122.52975071275563,122.52975071275563,8780528.0,sample,2026-09-24 19:05:19.466442+00:00
GOOGL,2024-07-29 00:00:00+00:00,122.27362358302268,122.97060598409055,121.10824374135598,122.63271446168041,122.63271446168041,9862556.0,sample,2026-09-24 19:05:19.466442+00:00
GOOGL,2024-07-30 00:00:00+00:00,122.76319769442935,123.13205116576732,120.84792915035435,120.99183967948858,120.99183967948858,3976531.0,sample,2026-09-24 19:05:19.466442+00:00
GOOGL,2024-07-31 00:00:00+00:00,121.18791687917506,121.69397884516994,120.18203673998023,121.39487502488545,121.39487502488545,7595587.0,sample,2026-09-24 19:05:19.466442+00:00
GOOGL,2024-08-01 00:00:00+00:00,121.03370229317876,122.38968737983184,118.32483017272719,119.59571047539099,119.59571047539099,9082475.0,sample,2026-09-24 19:05:19.466442+00:00
GOOGL,2024-08-02 00:00:00+00:00,119.67550017942392,120.51227012495326,118.56593902324354,120.17545181732982,120.17545181732982,4366691.0,sample,2026-09-24 19:05:19.466442+00:00
GOOGL,2024-08-05 00:00:00+00:00,120.0348283009297,121.10843200578343,117.82714107921102,118.5318891231766,118.5318891231766,15002046.0,sample,2026-09-24 19:05:19.466442+00:00
GOOGL,2024-08-06 00:00:00+00:00,118.87902678621803,119.9717908790827,115.38592905946771,115.63298768313624,115.63298768313624,14894077.0,sample,2026-09-24 19:05:19.466442+00:00
GOOGL,2024-08-07 00:00:00+00:00,115.61891842219049,117.38744296909482,114.25155156489635,116.99113972196368,116.99113972196368,12849428.0,sample,2026-09-24 19:05:19.466442+00:00
GOOGL,2024-08-08 00:00:00+00:00,117.21073507759849,118.5613243010577,115.30137979243152,115.48761553649263,115.48761553649263,4582310.0,sample,2026-09-24 19:05:19.466442+00:00
GOOGL,2024-08-09 00:00:00+00:00,115.4133740737013,116.28636932361165,112.7600054853475,114.05973650287378,114.05973650287378,3155109.0,sample,2026-09-24 19:05:19.466442+00:00
GOOGL,2024-08-12 00:00:00+00:00,114.12844220629613,115.35283014878148,111.8020287012493,112.16254396802557,112.16254396802557,1687059.0,sample,2026-09-24 19:05:19.466442+00:00
GOOGL,2024-08-13 00:00:00+00:00,112.42905608204283,113.62672566370499,111.1343389745229,112.77050251731436,112.77050251731436,13146867.0,sample,2026-09-24 19:05:19.466442+00:00
GOOGL,2024-08-14 00:00:00+00:00,112.85944524996023,115.58806739094334,111.54457281369041,115.4446528176315,115.4446528176315,4295138.0,sample,2026-09-24 19:05:19.466442+00:00
GOOGL,2024-08-15 00:00:00+00:00,115.40561728426304,115.57578599659618,113.23744486414874,114.15780256749191,114.15780256749191,8874773.0,sample,2026-09-24 19:05:19.466442+00:00
GOOGL,2024-08-16 00:00:00+00:00,114.27857750789896,116.30224228341852,113.63479390113805,115.37017680797938,115.37017680797938,6713794.0,sample,2026-09-24 19:05:19.466442+00:00
GOOGL,2024-08-19 00:00:00+00:00,115.22761161872411,118.65918498110922,115.03238832865452,118.03795764591132,118.03795764591132,10625436.0,sample,2026-09-24 19:05:19.466442+00:00
GOOGL,2024-08-20 00:00:00+00:00,118.14947311252477,119.04733843522902,117.17825212632418,118.74034627235076,118.74034627235076,4105650.0,sample,2026-09-24 19:05:19.466442+00:00
GOOGL,2024-08-21 00:00:00+00:00,118.53962050573088,119.73832942390862,117.1510927819458,118.68830578507935,118.68830578507935,3447815.0,sample,2026-09-24 19:05:19.466442+00:00
GOOGL,2024-08-22 00:00:00+00:00,118.05624190170987,121.78495079769272,117.79187391837148,120.47665643779588,120.47665643779588,7913050.0,sample,2026-09-24 19:05:19.466442+00:00
GOOGL,2024-08-23 00:00:00+00:00,120.34897345683079,126.07738135254698,119.76877131276609,125.07689442935788,125.07689442935788,9023957.0,sample,2026-09-24 19:05:19.466442+00:00
GOOGL,2024-08-26 00:00:00+00:00,124.8719393322086,125.57445776072647,123.42100573871654,125.18508246679096,125.18508246679096,7494589.0,sample,2026-09-24 19:05:19.466442+00:00
GOOGL,2024-08-27 00:00:00+00:00,125.21566620589348,125.79402339344148,122.90128225033308,123.2617848469994,123.2617848469994,9034506.0,sample,2026-09-24 19:05:19.466442+00:00
GOOGL,2024-08-28 00:00:00+00:00,123.13480718848798,124.12751950516287,122.78570724230595,123.00626788386265,123.00626788386265,14422358.0,sample,2026-09-24 19:05:19.466442+00:00
GOOGL,2024-08-29 00:00:00+00:00,122.97377918513973,124.40339852129124,121.65552066257334,122.92821742702907,122.92821742702907,2930612.0,sample,2026-09-24 19:05:19.466442+00:00
GOOGL,2024-08-30 00:00:00+00:00,122.77743946920327,124.39706173184324,122.55030893077074,123.83469331415267,123.83469331415267,17771770.0,sample,2026-09-24 19:05:19.466442+00:00
GOOGL,2024-09-02 00:00:00+00:00,124.12291270780713,125.93956262031475,123.27284689569966,125.31773713041343,125.31773713041343,6282338.0,sample,2026-09-24 19:05:19.466442+00:00
GOOGL,2024-09-03 00:00:00+00:00,125.45669246419907,126.95299826563061,123.37175029962437,124.06795082400436,124.06795082400436,8221671.0,sample,2026-09-24 19:05:19.466442+00:00
GOOGL,2024-09-04 00:00:00+00:00,123.86973230802116,127.14527239544692,123.43026379089538,125.94736678739409,125.94736678739409,2106136.0,sample,2026-09-24 19:05:19.466442+00:00
GOOGL,2024-09-05 00:00:00+00:00,125.99609980340789,130.10815935628239,125.23027254251407,129.56915685082572,129.56915685082572,15162975.0,sample,2026-09-24 19:05:19.466442+00:00
GOOGL,2024-09-06 00:00:00+00:00,129.1311183675001,134.19978131457853,128.25326482539455,133.50935807212792,133.50935807212792,5257119.0,sample,2026-09-24 19:05:19.466442+00:00
GOOGL,2024-09-09 00:00:00+00:00,133.75356113773591,135.02790285232044,132.61637603923722,134.78096303676924,134.78096303676924,14283085.0,sample,2026-09-24 19:05:19.466442+00:00
GOOGL,2024-09-10 00:00:00+00:00,134.79427171503292,136.07319677481763,133.60249524339386,135.8251233018215,135.8251233018215,10620382.0,sample,2026-09-24 19:05:19.466442+00:00
GOOGL,2024-09-11 00:00:00+00:00,135.82009213210654,138.40471465968307,134.9553192537438,136.93365167424793,136.93365167424793,16555419.0,sample,2026-09-24 19:05:19.466442+00:00
GOOGL,2024-09-12 00:00:00+00:00,137.07692622722297,141.8422240879588,135.94863994681577,140.8297349811565,140.8297349811565,8527160.0,sample,2026-09-24 19:05:19.466442+00:00
GOOGL,2024-09-13 00:00:00+00:00,140.9493987981737,144.76255685077922,140.31216766525148,144.05684026712436,144.05684026712436,11465141.0,sample,2026-09-24 19:05:19.466442+00:00
GOOGL,2024-09-16 00:00:00+00:00,143.9745490538092,144.65119005594278,139.26849469739815,140.04425071867578,140.04425071867578,15130422.0,sample,2026-09-24 19:05:19.466442+00:00
GOOGL,2024-09-17 00:00:00+00:00,139.82966240604952,142.21004888394117,138.6227351591176,141.44732640079633,141.44732640079633,11261997.0,sample,2026-09-24 19:05:19.466442+00:00
GOOGL,2024-09-18 00:00:00+00:00,141.23537101044474,142.55964964525538,134.72416619955467,136.19298752331602,136.19298752331602,16551029.0,sample,2026-09-24 19:05:19.466442+00:00
GOOGL,2024-09-19 00:00:00+00:00,136.672083162643,137.7673745947209,133.99147983608913,134.87083473818964,134.87083473818964,11537565.0,sample,2026-09-24 19:05:19.466442+00:00
GOOGL,2024-09-20 00:00:00+00:00,134.87611732078463,135.1236339038047,132.58588823370948,133.75109370888222,133.75109370888222,1764238.0,sample,2026-09-24 19:05:19.466442+00:00
GOOGL,2024-09-23 00:00:00+00:00,133.82211163403275,137.2415400991094,132.53545162861815,135.73725301904406,135.73725301904406,8461533.0,sample,2026-09-24 19:05:19.466442+00:00
GOOGL,2024-09-24 00:00:00+00:00,135.78212801943778,136.4105153339094,132.73668731576726,134.20947970005182,134.20947970005182,14840705.0,sample,2026-09-24 19:05:19.466442+00:00
GOOGL,2024-09-25 00:00:00+00:00,134.09272425335962,134.998834119166,132.19212284417807,133.52653182245234,133.52653182245234,7433447.0,sample,2026-09-24 19:05:19.466442+00:00
GOOGL,2024-09-26 00:00:00+00:00,134.1288375275261,135.34644876934038,127.88184484854457,128.09507994472185,128.09507994472185,5954757.0,sample,2026-09-24 19:05:19.466442+00:00
GOOGL,2024-09-27 00:00:00+00:00,128.94309133744736,130.56487677649824,128.30153885143514,129.12272650512048,129.12272650512048,16913898.0,sample,2026-09-24 19:05:19.466442+00:00
GOOGL,2024-09-30 00:00:00+00:00,128.83519147124957,130.42055247089166,128.14007008804316,130.048787280279,130.048787280279,6061243.0,sample,2026-09-24 19:05:19.466442+00:00
GOOGL,2024-10-01 00:00:00+00:00,130.0266083686588,130.3674582373599,124.9049624185249,125.91335298082811,125.91335298082811,6475686.0,sample,2026-09-24 19:05:19.466442+00:00
GOOGL,2024-10-02 00:00:00+00:00,126.02973524472475,126.63813825938259,125.18247284192574,125.9879021752038,125.9879021752038,4411207.0,sample,2026-09-24 19:05:19.466442+00:00
GOOGL,2024-10-03 00:00:00+00:00,125.61249982056773,127.59882298304359,125.26498430649173,127.19287588285167,127.19287588285167,2059912.0,sample,2026-09-24 19:05:19.466442+00:00
GOOGL,2024-10-04 00:00:00+00:00,127.10637875130067,130.02589204478522,126.30534455722473,128.59348996785042,128.59348996785042,13481242.0,sample,2026-09-24 19:05:19.466442+00:00
GOOGL,2024-10-07 00:00:00+00:00,128.29106793691966,129.57165018118258,126.10460398725752,126.84592905951702,126.84592905951702,11475621.0,sample,2026-09-24 19:05:19.466442+00:00
GOOGL,2024-10-08 00:00:00+00:00,126.6108067908864,127.20596868798279,124.64246260036917,125.51522991936989,125.51522991936989,11701182.0,sample,2026-09-24 19:05:19.466442+00:00
GOOGL,2024-10-09 00:00:00+00:00,125.85117837420638,127.18012319452501,122.8690318649696,123.54140327181169,123.54140327181169,6292023.0,sample,2026-09-24 19:05:19.466442+00:00
GOOGL,2024-10-10 00:00:00+00:00,123.76004858840857,125.01471164806682,121.05996018569138,121.53309527197447,121.53309527197447,4409200.0,sample,2026-09-24 19:05:19.466442+00:00
GOOGL,2024-10-11 00:00:00+00:00,121.88422746683253,123.87624116465838,121.46214937610162,122.72507254105759,122.72507254105759,10166180.0,sample,2026-09-24 19:05:19.466442+00:00
GOOGL,2024-10-14 00:00:00+00:00,122.66887472831132,123.52592977065461,120.42958798511062,120.9785375418116,120.9785375418116,5761025.0,sample,2026-09-24 19:05:19.466442+00:00
GOOGL,2024-10-15 00:00:00+00:00,121.0096225669331,123.98027526141345,120.7851811001392,123.12773379366007,123.12773379366007,12033616.0,sample,2026-09-24 19:05:19.466442+00:00
GOOGL,2024-10-16 00:00:00+00:00,122.95963319101443,126.41583395425388,121.75669640715063,125.98523605688248,125.98523605688248,10674557.0,sample,2026-09-24 19:05:19.466442+00:00
GOOGL,2024-10-17 00:00:00+00:00,125.84929317426584,127.31441838096667,124.76832065403626,126.78070550722043,126.78070550722043,2958737.0,sample,2026-09-24 19:05:19.466442+00:00
GOOGL,2024-10-18 00:00:00+00:00,126.80113942231213,128.75551591224274,125.5383920930826,128.33575271807229,128.33575271807229,3679377.0,sample,2026-09-24 19:05:19.466442+00:00
GOOGL,2024-10-21 00:00:00+00:00,127.85473532459041,131.94302031601347,126.39970319023615,130.86863704266142,130.86863704266142,10684747.0,sample,2026-09-24 19:05:19.466442+00:00
GOOGL,2024-10-22 00:00:00+00:00,131.22512400565554,131.73847645735893,130.61348710769553,131.05845146197598,131.05845146197598,11309646.0,sample,2026-09-24 19:05:19.466442+00:00
GOOGL,2024-10-23 00:00:00+00:00,130.97682943330565,131.6926437073771,128.43660143748338,129.06912616819147,129.06912616819147,16503273.0,sample,2026-09-24 19:05:19.466442+00:00
GOOGL,2024-10-24 00:00:00+00:00,128.99047062839804,130.37245491843208,128.17854405403,129.65937422285714,129.65937422285714,8378869.0,sample,2026-09-24 19:05:19.466442+00:00
GOOGL,2024-10-25 00:00:00+00:00,129.09529454088462,129.71082809128166,126.29410339733526,126.72910860939943,126.72910860939943,11791183.0,sample,2026-09-24 19:05:19.466442+00:00
GOOGL,2024-10-28 00:00:00+00:00,126.92136348777873,127.62949344975374,125.399593170722,125.70287301416619,125.70287301416619,13899427.0,sample,2026-09-24 19:05:19.466442+00:00
GOOGL,2024-10-29 00:00:00+00:00,125.73467935086458,126.81640601698655,124.8746414052833,125.88068676603528,125.88068676603528,5860354.0,sample,2026-09-24 19:05:19.466442+00:00
GOOGL,2024-10-30 00:00:00+00:00,125.68842406459699,125.81560358083878,122.91800795180073,123.7162085400742,123.7162085400742,8008099.0,sample,2026-09-24 19:05:19.466442+00:00
GOOGL,2024-10-31 00:00:00+00:00,124.13365158948567,125.60384334318199,123.52459442326291,124.23115476975454,124.23115476975454,15036957.0,sample,2026-09-24 19:05:19.466442+00:00
GOOGL,2024-11-01 00:00:00+00:00,124.31075533246855,125.46686665240703,122.56647476806836,123.6881829834108,123.6881829834108,13065282.0,sample,2026-09-24 19:05:19.466442+00:00
GOOGL,2024-11-04 00:00:00+00:00,123.99499137202852,125.60948276307005,123.63745367350361,125.13118637760736,125.13118637760736,2975400.0,sample,2026-09-24 19:05:19.466442+00:00
GOOGL,2024-11-05 00:00:00+00:00,124.99108799249734,128.39044241082325,124.5014241073546,126.9452953158658,126.9452953158658,8829500.0,sample,2026-09-24 19:05:19.466442+00:00
GOOGL,2024-11-06 00:00:00+00:00,127.04829116258463,128.19241987427222,124.81661337357889,125.03364497195551,125.03364497195551,10147699.0,sample,2026-09-24 19:05:19.466442+00:00
GOOGL,2024-11-07 00:00:00+00:00,124.8981554185103,126.70489426120777,123.56188088552794,126.37751982047186,126.37751982047186,17773494.0,sample,2026-09-24 19:05:19.466442+00:00
GOOGL,2024-11-08 00:00:00+00:00,126.28497654100202,127.60029656967235,124.05860891439215,124.6952312899912,124.6952312899912,16541689.0,sample,2026-09-24 19:05:19.466442+00:00
GOOGL,2024-11-11 00:00:00+00:00,125.13279236225105,126.45088356397865,121.4489481890922,121.68775495679688,121.68775495679688,16195707.0,sample,2026-09-24 19:05:19.466442+00:00
GOOGL,2024-11-12 00:00:00+00:00,121.24540225130856,121.54006296877343,119.21526228477238,119.87116758423274,119.87116758423274,15820712.0,sample,2026-09-24 19:05:19.466442+00:00
GOOGL,2024-11-13 00:00:00+00:00,119.71144863064828,123.73156912639986,118.8362012946931,122.354988305652,122.354988305652,11617260.0,sample,2026-09-24 19:05:19.466442+00:00
GOOGL,2024-11-14 00:00:00+00:00,122.18315009479096,122.35730301938308,121.88679752178287,122.12739575786459,122.12739575786459,15080373.0,sample,2026-09-24 19:05:19.466442+00:00
GOOGL,2024-11-15 00:00:00+00:00,122.29539462801566,123.8625125945094,120.9411563258197,122.55075599642922,122.55075599642922,9179397.0,sample,2026-09-24 19:05:19.466442+00:00
GOOGL,2024-11-18 00:00:00+00:00,122.02079160774022,126.23939971351055,121.03227045479603,125.58327653736706,125.58327653736706,7097295.0,sample,2026-09-24 19:05:19.466442+00:00
GOOGL,2024-11-19 00:00:00+00:00,125.55739559951787,126.76975348244888,119.89981870798651,121.33056829176564,121.33056829176564,1967545.0,sample,2026-09-24 19:05:19.466442+00:00
GOOGL,2024-11-20 00:00:00+00:00,121.60440396017127,125.93109817990323,120.381293532141,124.69068692098396,124.69068692098396,2553893.0,sample,2026-09-24 19:05:19.466442+00:00
GOOGL,2024-11-21 00:00:00+00:00,124.77125216412315,126.36348589449852,123.91760312286249,125.13716019621312,125.13716019621312,6757550.0,sample,2026-09-24 19:05:19.466442+00:00
GOOGL,2024-11-22 00:00:00+00:00,124.86670001541583,129.89860724451566,123.37350281856918,129.5482105964324,129.5482105964324,5666049.0,sample,2026-09-24 19:05:19.466442+00:00
GOOGL,2024-11-25 00:00:00+00:00,129.57703573416336,130.1390484744982,125.3032633877417,126.23317346357453,126.23317346357453,2849852.0,sample,2026-09-24 19:05:19.466442+00:00
GOOGL,2024-11-26 00:00:00+00:00,126.30761274872854,127.45425964344314,125.62149099085768,126.08814956364405,126.08814956364405,16947766.0,sample,2026-09-24 19:05:19.466442+00:00
GOOGL,2024-11-27 00:00:00+00:00,126.27670963108267,127.0500279235347,124.87033953842662,125.9686255780649,125.9686255780649,10882096.0,sample,2026-09-24 19:05:19.466442+00:00
GOOGL,2024-11-28 00:00:00+00:00,126.00944928264748,126.48324127382362,122.40342058347018,123.51716487152578,123.51716487152578,16088108.0,sample,2026-09-24 19:05:19.466442+00:00
GOOGL,2024-11-29 00:00:00+00:00,123.40425570962448,125.09136356576708,122.19179443586057,124.37898530918366,124.37898530918366,6417820.0,sample,2026-09-24 19:05:19.466442+00:00
GOOGL,2024-12-02 00:00:00+00:00,124.06673545350431,124.65485385629107,123.92066910353141,124.51491008005709,124.51491008005709,15848874.0,sample,2026-09-24 19:05:19.466442+00:00
GOOGL,2024-12-03 00:00:00+00:00,124.1514568208658,129.7379060665018,123.27996554357176,129.18859413185908,129.18859413185908,15695751.0,sample,2026-09-24 19:05:19.466442+00:00
GOOGL,2024-12-04 00:00:00+00:00,129.41598287428118,129.99075642760823,125.5482838430593,126.69471697445735,126.69471697445735,3209568.0,sample,2026-09-24 19:05:19.466442+00:00
GOOGL,2024-12-05 00:00:00+00:00,126.8099316534459,128.22629452576146,126.36100683970861,126.61527581707557,126.61527581707557,10882321.0,sample,2026-09-24 19:05:19.466442+00:00
GOOGL,2024-12-06 00:00:00+00:00,126.62413996578466,129.66970327874174,126.35425347257966,128.8694063687563,128.8694063687563,1823809.0,sample,2026-09-24 19:05:19.466442+00:00
GOOGL,2024-12-09 00:00:00+00:00,128.74167089054023,129.18714198531177,128.30166853321742,129.01536440269595,129.01536440269595,7177970.0,sample,2026-09-24 19:05:19.466442+00:00
GOOGL,2024-12-10 00:00:00+00:00,128.7593208626598,130.25711815930467,126.59885089403089,126.98204207668424,126.98204207668424,13525961.0,sample,2026-09-24 19:05:19.466442+00:00
GOOGL,2024-12-11 00:00:00+00:00,126.59978288102108,132.89793936230416,126.16205830377518,131.66664300473522,131.66664300473522,13654799.0,sample,2026-09-24 19:05:19.466442+00:00
GOOGL,2024-12-12 00:00:00+00:00,131.00177390889718,131.3942101924765,128.8898379701853,130.33698603734217,130.33698603734217,2581025.0,sample,2026-09-24 19:05:19.466442+00:00
GOOGL,2024-12-13 00:00:00+00:00,130.37445508054662,130.74754303535107,128.94865880286298,129.67399662002117,129.67399662002117,8280502.0,sample,2026-09-24 19:05:19.466442+00:00
GOOGL,2024-12-16 00:00:00+00:00,129.70306129017237,130.00503627037565,127.44612665196476,128.2719120689726,128.2719120689726,5096439.0,sample,2026-09-24 19:05:19.466442+00:00
GOOGL,2024-12-17 00:00:00+00:00,128.11581239545723,128.64635587171128,125.67310203127242,126.46837002226654,126.46837002226654,6541266.0,sample,2026-09-24 19:05:19.466442+00:00
GOOGL,2024-12-18 00:00:00+00:00,126.82830120401682,127.30551605839439,125.7639520791155,126.60349499291846,126.60349499291846,6634937.0,sample,2026-09-24 19:05:19.466442+00:00
GOOGL,2024-12-19 00:00:00+00:00,126.93248694956652,128.03688969798168,124.94132132399967,125.37715384914108,125.37715384914108,16541815.0,sample,2026-09-24 19:05:19.466442+00:00
GOOGL,2024-12-20 00:00:00+00:00,125.82664914703446,125.98663098139174,124.89598603900801,125.07562065598617,125.07562065598617,6268700.0,sample,2026-09-24 19:05:19.466442+00:00
GOOGL,2024-12-23 00:00:00+00:00,125.13544208375355,127.22404922794529,123.74617305875648,127.07010360688692,127.07010360688692,1731902.0,sample,2026-09-24 19:05:19.466442+00:00
GOOGL,2024-12-24 00:00:00+00:00,127.13447806336846,128.85440188676932,126.4379354246407,128.405885072389,128.405885072389,11492003.0,sample,2026-09-24 19:05:19.466442+00:00
GOOGL,2024-12-25 00:00:00+00:00,127.85745477243594,128.691319140315,126.45200089021024,127.98933423119409,127.98933423119409,8515266.0,sample,2026-09-24 19:05:19.466442+00:00
GOOGL,2024-12-26 00:00:00+00:00,127.82066588136117,133.0259719641943,127.15086056443087,131.55086961067855,131.55086961067855,3302990.0,sample,2026-09-24 19:05:19.466442+00:00
GOOGL,2024-12-27 00:00:00+00:00,131.3759374111741,132.7168408655175,130.39037159131198,131.99080722653693,131.99080722653693,16651210.0,sample,2026-09-24 19:05:19.466442+00:00
GOOGL,2024-12-30 00:00:00+00:00,132.32348795845903,132.73358597525566,130.93468988003875,131.66109504808355,131.66109504808355,1661086.0,sample,2026-09-24 19:05:19.466442+00:00
GOOGL,2024-12-31 00:00:00+00:00,131.49988496266326,131.96808845945733,130.55954996865643,131.65709512429194,131.65709512429194,8299067.0,sample,2026-09-24 19:05:19.466442+00:00
GOOGL,2025-01-01 00:00:00+00:00,131.97361575983456,133.62923273965578,130.9087466088048,133.24293873973846,133.24293873973846,17304291.0,sample,2026-09-24 19:05:19.466442+00:00
GOOGL,2025-01-02 00:00:00+00:00,133.20394490982054,134.09639694704308,132.66923962993206,133.26571759681687,133.26571759681687,7562564.0,sample,2026-09-24 19:05:19.466442+00:00
GOOGL,2025-01-03 00:00:00+00:00,133.33388223768918,134.64667110840858,131.3269670546935,132.17513633862254,132.17513633862254,8337415.0,sample,2026-09-24 19:05:19.466442+00:00
GOOGL,2025-01-06 00:00:00+00:00,132.46311454328776,134.78149145177736,132.18174492813029,134.51963189551054,134.51963189551054,14599127.0,sample,2026-09-24 19:05:19.466442+00:00
GOOGL,2025-01-07 00:00:00+00:00,134.70037811183775,135.58897926896776,133.24210225785632,134.5790692423231,134.5790692423231,15322075.0,sample,2026-09-24 19:05:19.466442+00:00
GOOGL,2025-01-08 00:00:00+00:00,134.98709513200527,135.60027053694495,130.4770463926895,132.04750968825851,132.04750968825851,10704545.0,sample,2026-09-24 19:05:19.466442+00:00
GOOGL,2025-01-09 00:00:00+00:00,132.03174026341188,133.267806713385,127.85401667401099,128.35594429465695,128.35594429465695,3792150.0,sample,2026-09-24 19:05:19.466442+00:00
GOOGL,2025-01-10 00:00:00+00:00,128.17942042651154,128.3528582861955,127.73351272344514,128.03601274623898,128.03601274623898,4846161.0,sample,2026-09-24 19:05:19.466442+00:00
GOOGL,2025-01-13 00:00:00+00:00,127.67058756432615,128.8990312332405,126.38077962222533,126.5323955563562,126.5323955563562,11271915.0,sample,2026-09-24 19:05:19.466442+00:00
GOOGL,2025-01-14 00:00:00+00:00,126.3377520355337,127.78172335077763,125.78939954013508,126.31655019670555,126.31655019670555,17483592.0,sample,2026-09-24 19:05:19.466442+00:00
GOOGL,2025-01-15 00:00:00+00:00,126.32865891295161,127.4115504256267,125.59672799221785,127.04218469830495,127.04218469830495,7418871.0,sample,2026-09-24 19:05:19.466442+00:00
GOOGL,2025-01-16 00:00:00+00:00,126.8805085974223,132.79375598164515,126.55901847495716,132.44342501017073,132.44342501017073,9541939.0,sample,2026-09-24 19:05:19.466442+00:00
GOOGL,2025-01-17 00:00:00+00:00,132.67790024006368,137.58847240562756,131.2954290972343,136.0210623860037,136.0210623860037,11912917.0,sample,2026-09-24 19:05:19.466442+00:00
GOOGL,2025-01-20 00:00:00+00:00,135.9047980366119,139.93711003998143,134.8240163155987,138.52271343178924,138.52271343178924,5447761.0,sample,2026-09-24 19:05:19.466442+00:00
GOOGL,2025-01-21 00:00:00+00:00,138.71508816896744,142.25255957718963,137.09924245934445,141.71205186877089,141.71205186877089,12658066.0,sample,2026-09-24 19:05:19.466442+00:00
GOOGL,2025-01-22 00:00:00+00:00,142.09081788734485,143.58448279577703,141.40684076936878,141.57096107408924,141.57096107408924,15242170.0,sample,2026-09-24 19:05:19.466442+00:00
GOOGL,2025-01-23 00:00:00+00:00,141.39741245900618,142.39328037744184,139.94040165247665,140.31191945890512,140.31191945890512,2107374.0,sample,2026-09-24 19:05:19.466442+00:00
GOOGL,2025-01-24 00:00:00+00:00,140.30119841099588,143.28172467994142,139.38452352931736,142.55931702894483,142.55931702894483,3187788.0,sample,2026-09-24 19:05:19.466442+00:00
GOOGL,2025-01-27 00:00:00+00:00,142.4514456910508,147.2272488621156,140.8198497284794,145.82496497364878,145.82496497364878,7580839.0,sample,2026-09-24 19:05:19.466442+00:00
GOOGL,2025-01-28 00:00:00+00:00,145.6433844087075,148.2107042619951,144.33022220502605,148.04890635508585,148.04890635508585,13409598.0,sample,2026-09-24 19:05:19.466442+00:00
GOOGL,2025-01-29 00:00:00+00:00,148.17777494506802,148.524405453143,146.58922417665158,148.07554668929848,148.07554668929848,17015906.0,sample,2026-09-24 19:05:19.466442+00:00
GOOGL,2025-01-30 00:00:00+00:00,148.4100626278493,148.65757220594327,144.73537792099083,145.00526583787774,145.00526583787774,2522404.0,sample,2026-09-24 19:05:19.466442+00:00
GOOGL,2025-01-31 00:00:00+00:00,145.05076273508826,147.5818744906501,144.2956981407786,146.8758163897468,146.8758163897468,1672133.0,sample,2026-09-24 19:05:19.466442+00:00
GOOGL,2025-02-03 00:00:00+00:00,146.74895256548913,147.71736253315666,144.78027474459407,146.43547545825257,146.43547545825257,2694631.0,sample,2026-09-24 19:05:19.466442+00:00
GOOGL,2025-02-04 00:00:00+00:00,146.26752688708626,146.6390527071023,142.55624809082775,143.5334321131659,143.5334321131659,6433194.0,sample,2026-09-24 19:05:19.466442+00:00
GOOGL,2025-02-05 00:00:00+00:00,143.78075016818985,145.16551095794784,142.6567338102052,143.64055626889646,143.64055626889646,6675461.0,sample,2026-09-24 19:05:19.466442+00:00
GOOGL,2025-02-06 00:00:00+00:00,143.19247729671716,148.23448339567062,142.68162586238026,147.2543079781109,147.2543079781109,6214498.0,sample,2026-09-24 19:05:19.466442+00:00
GOOGL,2025-02-07 00:00:00+00:00,147.51567998647243,148.92677743237013,141.27133623887363,142.9142783246259,142.9142783246259,6597542.0,sample,2026-09-24 19:05:19.466442+00:00
GOOGL,2025-02-10 00:00:00+00:00,143.09804114983936,144.54153527929049,140.33206379653822,140.87016367891323,140.87016367891323,7522706.0,sample,2026-09-24 19:05:19.466442+00:00
GOOGL,2025-02-11 00:00:00+00:00,141.2643518126563,144.39330288147085,139.5939315658605,142.87653564645152,142.87653564645152,2847005.0,sample,2026-09-24 19:05:19.466442+00:00
GOOGL,2025-02-12 00:00:00+00:00,142.72201922169535,145.15754083010046,142.41458043909483,145.00707114810058,145.00707114810058,4087078.0,sample,2026-09-24 19:05:19.466442+00:00
GOOGL,2025-02-13 00:00:00+00:00,145.165441488215,146.73572735480815,141.39027682378506,142.7626344959691,142.7626344959691,10763726.0,sample,2026-09-24 19:05:19.466442+00:00
GOOGL,2025-02-14 00:00:00+00:00,142.67917584868175,144.55158555572507,141.6321946673423,144.1587710802819,144.1587710802819,10178691.0,sample,2026-09-24 19:05:19.466442+00:00
GOOGL,2025-02-17 00:00:00+00:00,144.55565187178473,145.06045288149855,141.52946829617125,141.73011910939297,141.73011910939297,9316687.0,sample,2026-09-24 19:05:19.466442+00:00
GOOGL,2025-02-18 00:00:00+00:00,142.06443728960207,146.6894501479547,140.79614962285206,146.37718904451117,146.37718904451117,13978021.0,sample,2026-09-24 19:05:19.466442+00:00
GOOGL,2025-02-19 00:00:00+00:00,146.40577922467187,149.55234629032273,145.41721629066205,148.39117900102852,148.39117900102852,7057585.0,sample,2026-09-24 19:05:19.466442+00:00
GOOGL,2025-02-20 00:00:00+00:00,147.73909182367063,148.80808307765352,147.24274303065215,147.49546450402605,147.49546450402605,12782527.0,sample,2026-09-24 19:05:19.466442+00:00
GOOGL,2025-02-21 00:00:00+00:00,147.5515349508959,148.03280651517863,145.71518421502086,146.48627504297153,146.48627504297153,16365638.0,sample,2026-09-24 19:05:19.466442+00:00
GOOGL,2025-02-24 00:00:00+00:00,146.32446699096414,149.49636298338046,145.68009968377254,148.46901255393513,148.46901255393513,5835724.0,sample,2026-09-24 19:05:19.466442+00:00
GOOGL,2025-02-25 00:00:00+00:00,148.72150496776138,152.5761871892897,148.2421523850498,152.06947677770856,152.06947677770856,12043740.0,sample,2026-09-24 19:05:19.466442+00:00
GOOGL,2025-02-26 00:00:00+00:00,151.72237824784966,151.9112282157901,149.68775161971598,150.50107182711923,150.50107182711923,6169104.0,sample,2026-09-24 19:05:19.466442+00:00
GOOGL,2025-02-27 00:00:00+00:00,150.08601325578888,150.66352485644336,147.58038340317577,148.7441008059165,148.7441008059165,16586505.0,sample,2026-09-24 19:05:19.466442+00:00
GOOGL,2025-02-28 00:00:00+00:00,148.81798291590985,150.13862243115562,146.54777875905614,148.23022059568973,148.23022059568973,17252164.0,sample,2026-09-24 19:05:19.466442+00:00
GOOGL,2025-03-03 00:00:00+00:00,147.82951413052575,148.4913843581981,146.28926922689925,148.02005208215195,148.02005208215195,6213297.0,sample,2026-09-24 19:05:19.466442+00:00
GOOGL,2025-03-04 00:00:00+00:00,147.63916550451853,148.2866941870282,146.2169983220269,146.4453040397039,146.4453040397039,16571393.0,sample,2026-09-24 19:05:19.466442+00:00
GOOGL,2025-03-05 00:00:00+00:00,146.28764207822283,151.43258142418549,144.72721003482457,151.06149141200095,151.06149141200095,2865869.0,sample,2026-09-24 19:05:19.466442+00:00
GOOGL,2025-03-06 00:00:00+00:00,150.9247585831017,153.21087136494694,149.22340869021372,151.405981045638,151.405981045638,15941020.0,sample,2026-09-24 19:05:19.466442+00:00
GOOGL,2025-03-07 00:00:00+00:00,151.60500566798262,154.22474232073532,150.47698412840634,152.48796022651834,152.48796022651834,2040138.0,sample,2026-09-24 19:05:19.466442+00:00
GOOGL,2025-03-10 00:00:00+00:00,152.17017992844814,154.83663961947622,150.55317419533264,154.63656096431075,154.63656096431075,10774864.0,sample,2026-09-24 19:05:19.466442+00:00
GOOGL,2025-03-11 00:00:00+00:00,154.94865263750305,162.51335369030227,154.78319521871325,160.9430474960449,160.9430474960449,10503992.0,sample,2026-09-24 19:05:19.466442+00:00
GOOGL,2025-03-12 00:00:00+00:00,160.94198044724607,164.1886840539341,160.14678046679614,162.5646722826553,162.5646722826553,5668839.0,sample,2026-09-24 19:05:19.466442+00:00
GOOGL,2025-03-13 00:00:00+00:00,162.5263929974663,165.35067940919095,161.22400182582066,164.20657115016354,164.20657115016354,13506675.0,sample,2026-09-24 19:05:19.466442+00:00
GOOGL,2025-03-14 00:00:00+00:00,163.65731091388227,164.5734618048862,162.34269334213099,163.61641623290683,163.61641623290683,11352868.0,sample,2026-09-24 19:05:19.466442+00:00
GOOGL,2025-03-17 00:00:00+00:00,163.60192750779734,163.98710360441333,157.7300549134729,158.69998971950463,158.69998971950463,7842690.0,sample,2026-09-24 19:05:19.466442+00:00
GOOGL,2025-03-18 00:00:00+00:00,158.93765966392283,159.26605142290708,153.69806564037336,154.31327832468435,154.31327832468435,6230980.0,sample,2026-09-24 19:05:19.466442+00:00
GOOGL,2025-03-19 00:00:00+00:00,154.07295109509593,154.89257467313797,153.5042185288089,154.3665152513215,154.3665152513215,4121073.0,sample,2026-09-24 19:05:19.466442+00:00
GOOGL,2025-03-20 00:00:00+00:00,154.11173780937222,154.5436216673778,152.66186494446669,153.80086316036665,153.80086316036665,10715861.0,sample,2026-09-24 19:05:19.466442+00:00
GOOGL,2025-03-21 00:00:00+00:00,153.92364115545752,155.1885580954794,151.63569570119213,152.3536367487409,152.3536367487409,2441009.0,sample,2026-09-24 19:05:19.466442+00:00
GOOGL,2025-03-24 00:00:00+00:00,151.9611231086479,153.58204710796522,148.482503055325,149.9100725417532,149.9100725417532,2213685.0,sample,2026-09-24 19:05:19.466442+00:00
GOOGL,2025-03-25 00:00:00+00:00,149.58626091918592,153.83761220314057,149.42797886087172,152.68356661518214,152.68356661518214,13249252.0,sample,2026-09-24 19:05:19.466442+00:00
GOOGL,2025-03-26 00:00:00+00:00,152.20194541802954,152.56952252576352,149.69314640530203,151.50412196345246,151.50412196345246,1694868.0,sample,2026-09-24 19:05:19.466442+00:00
GOOGL,2025-03-27 00:00:00+00:00,151.70386646980543,153.84773930948936,149.89393934317172,153.0077603470467,153.0077603470467,11089426.0,sample,2026-09-24 19:05:19.466442+00:00
GOOGL,2025-03-28 00:00:00+00:00,153.0047104850603,154.23582204443397,151.29233860760252,152.51983217847524,152.51983217847524,8313197.0,sample,2026-09-24 19:05:19.466442+00:00
GOOGL,2025-03-31 00:00:00+00:00,151.93966257591035,155.4170204578305,151.47674980371963,153.77457424002952,153.77457424002952,14658761.0,sample,2026-09-24 19:05:19.466442+00:00
GOOGL,2025-04-01 00:00:00+00:00,153.68114418639612,156.16357532982465,151.88192940832926,155.94400446847746,155.94400446847746,1525423.0,sample,2026-09-24 19:05:19.466442+00:00
GOOGL,2025-04-02 00:00:00+00:00,156.08064209990357,156.40122740280933,154.65394971179833,154.80973984102175,154.80973984102175,13812379.0,sample,2026-09-24 19:05:19.466442+00:00
GOOGL,2025-04-03 00:00:00+00:00,154.84124788353606,156.5217332833597,153.73293971990606,155.56756763040923,155.56756763040923,15953133.0,sample,2026-09-24 19:05:19.466442+00:00
GOOGL,2025-04-04 00:00:00+00:00,155.90525990032398,157.1078481722368,152.91533639117725,153.25609432241433,153.25609432241433,5007887.0,sample,2026-09-24 19:05:19.466442+00:00
GOOGL,2025-04-07 00:00:00+00:00,153.44326237329386,154.24478698815528,150.09998972196675,151.25915906114673,151.25915906114673,2128550.0,sample,2026-09-24 19:05:19.466442+00:00
GOOGL,2025-04-08 00:00:00+00:00,151.48527005740206,153.00930475000018,150.24077148980794,152.35144694378153,152.35144694378153,7250472.0,sample,2026-09-24 19:05:19.466442+00:00
GOOGL,2025-04-09 00:00:00+00:00,152.8300851305356,153.0244694645565,146.8221910215679,147.52868230617275,147.52868230617275,10637631.0,sample,2026-09-24 19:05:19.466442+00:00
GOOGL,2025-04-10 00:00:00+00:00,147.14785916279018,147.91397430652722,144.850299720777,145.8274839810688,145.8274839810688,11250830.0,sample,2026-09-24 19:05:19.466442+00:00
GOOGL,2025-04-11 00:00:00+00:00,146.00181936672072,147.54511365592802,143.90670776569206,145.05412962214487,145.05412962214487,9562492.0,sample,2026-09-24 19:05:19.466442+00:00
GOOGL,2025-04-14 00:00:00+00:00,144.91690540095973,150.15988897969214,144.73431802566043,148.96471825415844,148.96471825415844,11303949.0,sample,2026-09-24 19:05:19.466442+00:00
GOOGL,2025-04-15 00:00:00+00:00,149.30388794779472,149.71388266145232,145.16445375647336,146.64484636489456,146.64484636489456,3096235.0,sample,2026-09-24 19:05:19.466442+00:00
GOOGL,2025-04-16 00:00:00+00:00,146.77735405369052,151.88216388651202,145.0216513025279,151.5929858816244,151.5929858816244,14016392.0,sample,2026-09-24 19:05:19.466442+00:00
GOOGL,2025-04-17 00:00:00+00:00,151.5540464710545,151.7845834013365,149.6832900940822,150.7558338794972,150.7558338794972,17753037.0,sample,2026-09-24 19:05:19.466442+00:00
GOOGL,2025-04-18 00:00:00+00:00,150.59149006898235,152.30614357290452,150.088908099188,151.81849609555636,151.81849609555636,8721464.0,sample,2026-09-24 19:05:19.466442+00:00
GOOGL,2025-04-21 00:00:00+00:00,151.69418773917036,152.1416945816908,149.86341229504077,151.11483820606898,151.11483820606898,14190280.0,sample,2026-09-24 19:05:19.466442+00:00
GOOGL,2025-04-22 00:00:00+00:00,150.78655693866833,152.28442235286667,147.3364672532918,148.4030728020414,148.4030728020414,15619672.0,sample,2026-09-24 19:05:19.466442+00:00
GOOGL,2025-04-23 00:00:00+00:00,148.53420888748198,151.62654903504313,147.76869424701707,150.04806688936168,150.04806688936168,7207240.0,sample,2026-09-24 19:05:19.466442+00:00
GOOGL,2025-04-24 00:00:00+00:00,150.17041755732143,150.7129072921289,148.6792500820686,149.3931191936172,149.3931191936172,17103533.0,sample,2026-09-24 19:05:19.466442+00:00
GOOGL,2025-04-25 00:00:00+00:00,149.28291769604846,151.13260407179,147.65132081147186,150.3243110574112,150.3243110574112,10452106.0,sample,2026-09-24 19:05:19.466442+00:00
GOOGL,2025-04-28 00:00:00+00:00,150.0567173141353,152.17400203968717,149.0949694835013,151.76932320603672,151.76932320603672,7041270.0,sample,2026-09-24 19:05:19.466442+00:00
GOOGL,2025-04-29 00:00:00+00:00,151.979185518819,153.49087058434907,149.10483456237372,150.90377422566715,150.90377422566715,8008944.0,sample,2026-09-24 19:05:19.466442+00:00
GOOGL,2025-04-30 00:00:00+00:00,150.96405007798535,155.20933377014762,150.318490516713,154.36120842783728,154.36120842783728,6317016.0,sample,2026-09-24 19:05:19.466442+00:00
GOOGL,2025-05-01 00:00:00+00:00,154.1643245198057,155.16469894072458,152.9436187989766,154.56637344374707,154.56637344374707,6308904.0,sample,2026-09-24 19:05:19.466442+00:00
GOOGL,2025-05-02 00:00:00+00:00,154.5803032271763,156.3631309982219,154.14903018338188,154.954465691683,154.954465691683,12017377.0,sample,2026-09-24 19:05:19.466442+00:00
GOOGL,2025-05-05 00:00:00+00:00,154.51767507339997,158.94101176542816,153.7350427207752,157.45763615522537,157.45763615522537,7351797.0,sample,2026-09-24 19:05:19.466442+00:00
GOOGL,2025-05-06 00:00:00+00:00,157.72064794076832,157.88678351643838,155.0791483314815,156.29873598070236,156.29873598070236,15309814.0,sample,2026-09-24 19:05:19.466442+00:00
GOOGL,2025-05-07 00:00:00+00:00,156.3461098499721,157.77092710054745,153.52758272278828,154.08968175096416,154.08968175096416,11054549.0,sample,2026-09-24 19:05:19.466442+00:00
GOOGL,2025-05-08 00:00:00+00:00,154.59777445657673,158.05660809705645,154.2368629846458,157.06632944658958,157.06632944658958,10800106.0,sample,2026-09-24 19:05:19.466442+00:00
GOOGL,2025-05-09 00:00:00+00:00,156.75986233324068,157.9090158566462,155.0371324193601,156.74856633063945,156.74856633063945,5748040.0,sample,2026-09-24 19:05:19.466442+00:00
GOOGL,2025-05-12 00:00:00+00:00,156.48369557293296,160.29464738156085,154.95009244132476,160.07443030961053,160.07443030961053,14360496.0,sample,2026-09-24 19:05:19.466442+00:00
GOOGL,2025-05-13 00:00:00+00:00,160.34156672795382,162.10737235494406,158.68348081157745,160.76928765084676,160.76928765084676,6938696.0,sample,2026-09-24 19:05:19.466442+00:00
GOOGL,2025-05-14 00:00:00+00:00,160.36295997589178,161.45602015271658,158.31200962068246,159.88370375334043,159.88370375334043,16459248.0,sample,2026-09-24 19:05:19.466442+00:00
GOOGL,2025-05-15 00:00:00+00:00,159.85486159804123,160.2734512987379,156.23633086070217,157.13787945508406,157.13787945508406,13638584.0,sample,2026-09-24 19:05:19.466442+00:00
GOOGL,2025-05-16 00:00:00+00:00,157.4814721860726,159.3579810376937,156.40014314817262,157.5243079262167,157.5243079262167,4500457.0,sample,2026-09-24 19:05:19.466442+00:00
GOOGL,2025-05-19 00:00:00+00:00,157.26212569351026,158.52780753963816,155.5027940447201,156.4314502356415,156.4314502356415,14337817.0,sample,2026-09-24 19:05:19.466442+00:00
GOOGL,2025-05-20 00:00:00+00:00,156.40473273871834,156.61472650798711,152.80959396375704,153.95421588411432,153.95421588411432,9925486.0,sample,2026-09-24 19:05:19.466442+00:00
GOOGL,2025-05-21 00:00:00+00:00,154.2289445740188,159.28838254635474,153.34920919409086,157.95242477435391,157.95242477435391,4723316.0,sample,2026-09-24 19:05:19.466442+00:00
GOOGL,2025-05-22 00:00:00+00:00,158.56896947378684,159.58130781977982,158.0724268342889,159.11451188726522,159.11451188726522,6217547.0,sample,2026-09-24 19:05:19.466442+00:00
GOOGL,2025-05-23 00:00:00+00:00,159.7529587504442,160.06213636466865,155.74161908912515,157.41195798222114,157.41195798222114,1777732.0,sample,2026-09-24 19:05:19.466442+00:00
GOOGL,2025-05-26 00:00:00+00:00,157.24313232399024,157.73009758908324,155.02744228808965,156.13983344545952,156.13983344545952,14136166.0,sample,2026-09-24 19:05:19.466442+00:00
GOOGL,2025-05-27 00:00:00+00:00,156.07225946029357,161.32814222451103,155.5077271649315,160.3974829510096,160.3974829510096,7867442.0,sample,2026-09-24 19:05:19.466442+00:00
GOOGL,2025-05-28 00:00:00+00:00,160.6356528199368,163.2872585188917,160.09587131559573,161.76103732546105,161.76103732546105,2793951.0,sample,2026-09-24 19:05:19.466442+00:00
GOOGL,2025-05-29 00:00:00+00:00,161.43124739953132,161.80060135537573,160.73388045101873,160.9282881677671,160.9282881677671,16684437.0,sample,2026-09-24 19:05:19.466442+00:00
GOOGL,2025-05-30 00:00:00+00:00,161.38164302028224,164.3018992733006,160.5262497313558,163.218972144504,163.218972144504,3629131.0,sample,2026-09-24 19:05:19.466442+00:00
GOOGL,2025-06-02 00:00:00+00:00,163.29764197566055,167.63908426528684,162.04486400643165,166.1117748072214,166.1117748072214,7039619.0,sample,2026-09-24 19:05:19.466442+00:00
GOOGL,2025-06-03 00:00:00+00:00,165.80314718270768,166.38330286236672,164.32721669669522,165.5309597320496,165.5309597320496,15938420.0,sample,2026-09-24 19:05:19.466442+00:00
GOOGL,2025-06-04 00:00:00+00:00,165.6764585932025,167.11185925594407,164.52141697643032,165.84620635196032,165.84620635196032,11446389.0,sample,2026-09-24 19:05:19.466442+00:00
GOOGL,2025-06-05 00:00:00+00:00,165.28578439848445,166.69722833899382,164.01978777982004,165.1970209045517,165.1970209045517,9280924.0,sample,2026-09-24 19:05:19.466442+00:00
GOOGL,2025-06-06 00:00:00+00:00,164.30001689439018,171.91344936742573,163.66567665577938,170.20775026161587,170.20775026161587,9846055.0,sample,2026-09-24 19:05:19.466442+00:00
GOOGL,2025-06-09 00:00:00+00:00,170.64510350572039,172.3170495220755,165.3750695389124,167.08810204128417,167.08810204128417,6132090.0,sample,2026-09-24 19:05:19.466442+00:00
GOOGL,2025-06-10 00:00:00+00:00,167.2735173651426,169.23790305666017,164.2077357598438,164.79504230622805,164.79504230622805,7312331.0,sample,2026-09-24 19:05:19.466442+00:00
GOOGL,2025-06-11 00:00:00+00:00,165.1090199953571,168.35071659794707,164.6985763841281,167.35150541282357,167.35150541282357,15813533.0,sample,2026-09-24 19:05:19.466442+00:00
GOOGL,2025-06-12 00:00:00+00:00,167.0875883172393,169.84045239120508,165.74236394692912,169.13591149721537,169.13591149721537,7208031.0,sample,2026-09-24 19:05:19.466442+00:00
GOOGL,2025-06-13 00:00:00+00:00,169.3900809558371,170.81988032352217,165.4614165656282,166.26619883178492,166.26619883178492,2098708.0,sample,2026-09-24 19:05:19.466442+00:00
GOOGL,2025-06-16 00:00:00+00:00,166.12246305102337,168.4257402789529,165.42234081432383,166.55269743857642,166.55269743857642,5714454.0,sample,2026-09-24 19:05:19.466442+00:00
GOOGL,2025-06-17 00:00:00+00:00,166.03186944398135,168.53646359575635,165.34335507351236,167.3569613227024,167.3569613227024,16234951.0,sample,2026-09-24 19:05:19.466442+00:00
GOOGL,2025-06-18 00:00:00+00:00,167.27754633633546,167.58311894641813,163.76628037231825,165.61516900159805,165.61516900159805,13760599.0,sample,2026-09-24 19:05:19.466442+00:00
GOOGL,2025-06-19 00:00:00+00:00,165.5855444605252,166.27576710779968,161.0232208557581,162.54685256372898,162.54685256372898,12711753.0,sample,2026-09-24 19:05:19.466442+00:00
GOOGL,2025-06-20 00:00:00+00:00,162.14488918079914,162.9617520751635,161.64137313039774,162.38553719881688,162.38553719881688,15857888.0,sample,2026-09-24 19:05:19.466442+00:00
GOOGL,2025-06-23 00:00:00+00:00,161.99912122500066,162.91021980906928,158.24823399980713,159.96021662905827,159.96021662905827,12131700.0,sample,2026-09-24 19:05:19.466442+00:00
GOOGL,2025-06-24 00:00:00+00:00,159.96297160176428,160.36467708277297,158.1234451644064,160.00826287085061,160.00826287085061,12477411.0,sample,2026-09-24 19:05:19.466442+00:00
GOOGL,2025-06-25 00:00:00+00:00,159.72693494602248,161.66879039471306,158.6289761915011,160.00343891816172,160.00343891816172,17368494.0,sample,2026-09-24 19:05:19.466442+00:00
GOOGL,2025-06-26 00:00:00+00:00,160.08376460496547,165.3441375520595,159.7609946107951,165.01145438938389,165.01145438938389,2691275.0,sample,2026-09-24 19:05:19.466442+00:00
GOOGL,2025-06-27 00:00:00+00:00,165.6846623217428,167.11745210599662,163.68074634852334,165.43782376490535,165.43782376490535,2693011.0,sample,2026-09-24 19:05:19.466442+00:00
GOOGL,2025-06-30 00:00:00+00:00,165.11004329794957,165.83752310731694,163.2583082308679,164.69596850532457,164.69596850532457,13840872.0,sample,2026-09-24 19:05:19.466442+00:00
GOOGL,2025-07-01 00:00:00+00:00,165.14871068899478,165.484946899301,164.12534844247043,165.10342641623743,165.10342641623743,5604512.0,sample,2026-09-24 19:05:19.466442+00:00
GOOGL,2025-07-02 00:00:00+00:00,164.8319526881547,166.53101085100354,159.18676426332672,161.068939980431,161.068939980431,2920935.0,sample,2026-09-24 19:05:19.466442+00:00
GOOGL,2025-07-03 00:00:00+00:00,162.02789415364202,164.2673055266771,160.5040001501071,163.372776424643,163.372776424643,2499331.0,sample,2026-09-24 19:05:19.466442+00:00
GOOGL,2025-07-04 00:00:00+00:00,163.8418675464239,167.44886186113473,163.3704175637028,166.9917951489584,166.9917951489584,13391625.0,sample,2026-09-24 19:05:19.466442+00:00
GOOGL,2025-07-07 00:00:00+00:00,167.04029486330566,168.4939982514204,161.38767167866706,161.60177078494598,161.60177078494598,13306794.0,sample,2026-09-24 19:05:19.466442+00:00
GOOGL,2025-07-08 00:00:00+00:00,161.7306311486284,163.00804130295845,157.84755584448777,159.48641113214165,159.48641113214165,16820847.0,sample,2026-09-24 19:05:19.466442+00:00
GOOGL,2025-07-09 00:00:00+00:00,159.86830345997848,160.2830540371246,159.25494050594307,159.58078638778952,159.58078638778952,2672202.0,sample,2026-09-24 19:05:19.466442+00:00
GOOGL,2025-07-10 00:00:00+00:00,160.0160242889006,161.70283162522418,157.52571498195147,157.9380464618897,157.9380464618897,5647019.0,sample,2026-09-24 19:05:19.466442+00:00
GOOGL,2025-07-11 00:00:00+00:00,158.49204911068963,159.2088486112728,157.5798949897677,157.82332514460765,157.82332514460765,9227881.0,sample,2026-09-24 19:05:19.466442+00:00
GOOGL,2025-07-14 00:00:00+00:00,157.77586063124744,162.78876427137956,156.333454480586,161.1322342295552,161.1322342295552,12174684.0,sample,2026-09-24 19:05:19.466442+00:00
GOOGL,2025-07-15 00:00:00+00:00,161.26300109021736,163.1955797822578,160.06385551417802,161.30489736430727,161.30489736430727,10376415.0,sample,2026-09-24 19:05:19.466442+00:00
GOOGL,2025-07-16 00:00:00+00:00,161.65766140219384,163.1070503579815,157.22296263628752,158.26648836763331,158.26648836763331,8320762.0,sample,2026-09-24 19:05:19.466442+00:00
GOOGL,2025-07-17 00:00:00+00:00,158.451007597507,160.93100356623538,157.4889111217785,159.59849198184384,159.59849198184384,9838826.0,sample,2026-09-24 19:05:19.466442+00:00
GOOGL,2025-07-18 00:00:00+00:00,160.171296270798,164.97897075529593,158.62708039698157,164.14400718625225,164.14400718625225,7806496.0,sample,2026-09-24 19:05:19.466442+00:00
GOOGL,2025-07-21 00:00:00+00:00,164.29628335215384,165.66188219055985,161.38470648750547,161.6270704231278,161.6270704231278,9799198.0,sample,2026-09-24 19:05:19.466442+00:00
GOOGL,2025-07-22 00:00:00+00:00,161.84804230311934,162.99489040705527,156.72553151977198,158.08881981605788,158.08881981605788,14695787.0,sample,2026-09-24 19:05:19.466442+00:00
GOOGL,2025-07-23 00:00:00+00:00,157.99409318750227,162.69371017782788,156.77449159408434,162.37604120624587,162.37604120624587,15568291.0,sample,2026-09-24 19:05:19.466442+00:00
GOOGL,2025-07-24 00:00:00+00:00,162.19267200946055,168.49379085637455,160.27812322018167,167.71791870508093,167.71791870508093,12795796.0,sample,2026-09-24 19:05:19.466442+00:00
GOOGL,2025-07-25 00:00:00+00:00,167.73432379048953,175.23959786436615,167.15687286344865,173.48844510622638,173.48844510622638,9546046.0,sample,2026-09-24 19:05:19.466442+00:00
GOOGL,2025-07-28 00:00:00+00:00,173.39056995900998,174.98070965949637,171.9984576302194,174.50268410023932,174.50268410023932,2118570.0,sample,2026-09-24 19:05:19.466442+00:00
GOOGL,2025-07-29 00:00:00+00:00,174.81360476877333,179.34514542091668,173.65074319605284,178.1365460455277,178.1365460455277,16899219.0,sample,2026-09-24 19:05:19.466442+00:00
GOOGL,2025-07-30 00:00:00+00:00,178.231800153843,179.21118424899853,173.2176850190965,174.60295519043214,174.60295519043214,10830839.0,sample,2026-09-24 19:05:19.466442+00:00
GOOGL,2025-07-31 00:00:00+00:00,174.24031836216093,180.38058326111374,173.46977550569645,179.19597298426268,179.19597298426268,11505548.0,sample,2026-09-24 19:05:19.466442+00:00
GOOGL,2025-08-01 00:00:00+00:00,179.22422757865235,181.87090261304039,178.58533969720904,180.4079893678055,180.4079893678055,15071242.0,sample,2026-09-24 19:05:19.466442+00:00
GOOGL,2025-08-04 00:00:00+00:00,179.87534433836208,180.63107455264515,175.32932675530014,177.3165320289943,177.3165320289943,5916855.0,sample,2026-09-24 19:05:19.466442+00:00
GOOGL,2025-08-05 00:00:00+00:00,176.95464999473467,178.68669495122117,174.86601770963594,177.12531411693257,177.12531411693257,14206116.0,sample,2026-09-24 19:05:19.466442+00:00
GOOGL,2025-08-06 00:00:00+00:00,176.78384653854388,180.91426916968544,175.27799110742475,178.93726792909965,178.93726792909965,15418889.0,sample,2026-09-24 19:05:19.466442+00:00
GOOGL,2025-08-07 00:00:00+00:00,178.52836207976725,182.7371772350278,176.81901967227319,182.39754066653293,182.39754066653293,2961164.0,sample,2026-09-24 19:05:19.466442+00:00
GOOGL,2025-08-08 00:00:00+00:00,182.0261990070616,185.56679831089915,181.700395728591,185.10127995945857,185.10127995945857,16189468.0,sample,2026-09-24 19:05:19.466442+00:00
GOOGL,2025-08-11 00:00:00+00:00,184.9816453665233,186.8319610134559,180.83771389855448,182.62401352465218,182.62401352465218,8691734.0,sample,2026-09-24 19:05:19.466442+00:00
GOOGL,2025-08-12 00:00:00+00:00,182.6252654776629,183.08097474118838,176.70017982874936,178.4171523684992,178.4171523684992,6657876.0,sample,2026-09-24 19:05:19.466442+00:00
GOOGL,2025-08-13 00:00:00+00:00,178.84843056349422,180.07053773896186,177.74853202919064,178.4124623801873,178.4124623801873,13139197.0,sample,2026-09-24 19:05:19.466442+00:00
GOOGL,2025-08-14 00:00:00+00:00,177.88084869773732,182.46512195277757,177.3198775260071,180.83766769113467,180.83766769113467,5852398.0,sample,2026-09-24 19:05:19.466442+00:00
GOOGL,2025-08-15 00:00:00+00:00,180.62027239974452,181.87278156688777,177.65423034483328,178.85388778649195,178.85388778649195,11520937.0,sample,2026-09-24 19:05:19.466442+00:00
GOOGL,2025-08-18 00:00:00+00:00,179.20408958587888,183.26838337058126,177.08543975403106,181.84323751558887,181.84323751558887,5557960.0,sample,2026-09-24 19:05:19.466442+00:00
GOOGL,2025-08-19 00:00:00+00:00,181.41522875229992,181.97417196409077,177.23965378527618,178.32937624365033,178.32937624365033,2079827.0,sample,2026-09-24 19:05:19.466442+00:00
GOOGL,2025-08-20 00:00:00+00:00,178.4591008853264,179.9700044736321,174.65778191477457,176.443348369866,176.443348369866,2660319.0,sample,2026-09-24 19:05:19.466442+00:00
GOOGL,2025-08-21 00:00:00+00:00,176.25793144620715,180.36974231427843,174.23272295446722,178.39770327710983,178.39770327710983,5086899.0,sample,2026-09-24 19:05:19.466442+00:00
GOOGL,2025-08-22 00:00:00+00:00,178.75817548450212,180.12148386731724,174.08770332966662,174.96236182265304,174.96236182265304,11504526.0,sample,2026-09-24 19:05:19.466442+00:00
GOOGL,2025-08-25 00:00:00+00:00,175.34852914135362,177.32236753424107,175.08234336384044,176.5165699496477,176.5165699496477,3297478.0,sample,2026-09-24 19:05:19.466442+00:00
GOOGL,2025-08-26 00:00:00+00:00,176.45438859232644,180.28809426531924,176.0466057494421,178.17075860110847,178.17075860110847,5350340.0,sample,2026-09-24 19:05:19.466442+00:00
GOOGL,2025-08-27 00:00:00+00:00,178.3431711471874,182.67147800313205,176.49414808285786,180.58938065404615,180.58938065404615,5717328.0,sample,2026-09-24 19:05:19.466442+00:00
GOOGL,2025-08-28 00:00:00+00:00,180.69284164043358,182.66734278253972,179.93574166125495,180.9617250166619,180.9617250166619,16299746.0,sample,2026-09-24 19:05:19.466442+00:00
GOOGL,2025-08-29 00:00:00+00:00,180.77090171999694,183.60829238660327,179.1254599364716,182.18037884247153,182.18037884247153,13587728.0,sample,2026-09-24 19:05:19.466442+00:00
GOOGL,2025-09-01 00:00:00+00:00,182.69567756645995,184.75918682846068,175.30342115955682,177.13620532576442,177.13620532576442,1847926.0,sample,2026-09-24 19:05:19.466442+00:00
GOOGL,2025-09-02 00:00:00+00:00,177.38234095332888,185.9710695110505,176.35646237911465,184.02042418306215,184.02042418306215,13248444.0,sample,2026-09-24 19:05:19.466442+00:00
GOOGL,2025-09-03 00:00:00+00:00,184.51222657663286,186.09267303892858,183.32035421684327,185.8593722091862,185.8593722091862,9231302.0,sample,2026-09-24 19:05:19.466442+00:00
GOOGL,2025-09-04 00:00:00+00:00,185.55874973744352,188.2670851477214,184.718050056868,187.93117169375063,187.93117169375063,6039119.0,sample,2026-09-24 19:05:19.466442+00:00
GOOGL,2025-09-05 00:00:00+00:00,187.94081283918584,190.13435589487437,186.5977650212663,188.09604063251368,188.09604063251368,8039804.0,sample,2026-09-24 19:05:19.466442+00:00
GOOGL,2025-09-08 00:00:00+00:00,188.4890966613101,191.79055961418211,187.20480224307988,190.39895400847072,190.39895400847072,7254807.0,sample,2026-09-24 19:05:19.466442+00:00
GOOGL,2025-09-09 00:00:00+00:00,190.56655186655425,190.84093621886174,186.64400058159137,187.99788874163227,187.99788874163227,3808879.0,sample,2026-09-24 19:05:19.466442+00:00
GOOGL,2025-09-10 00:00:00+00:00,188.5836135991146,193.6368194553776,187.4993423445567,193.11325649670172,193.11325649670172,15490170.0,sample,2026-09-24 19:05:19.466442+00:00
GOOGL,2025-09-11 00:00:00+00:00,192.84383504254578,195.9784513473734,190.61493401941675,194.5826738108145,194.5826738108145,10641262.0,sample,2026-09-24 19:05:19.466442+00:00
GOOGL,2025-09-12 00:00:00+00:00,194.2040162094581,199.8387452125992,192.57863848747544,199.2416023106627,199.2416023106627,11636996.0,sample,2026-09-24 19:05:19.466442+00:00
GOOGL,2025-09-15 00:00:00+00:00,199.12063690613365,200.9590694555283,196.2372773772719,198.3153468655608,198.3153468655608,1643575.0,sample,2026-09-24 19:05:19.466442+00:00
GOOGL,2025-09-16 00:00:00+00:00,197.72574400385207,202.80355959482094,195.929944007478,200.87087964709812,200.87087964709812,12712982.0,sample,2026-09-24 19:05:19.466442+00:00
GOOGL,2025-09-17 00:00:00+00:00,201.17746433610657,206.94939402657425,200.08969789448676,206.1495267824147,206.1495267824147,10889540.0,sample,2026-09-24 19:05:19.466442+00:00
GOOGL,2025-09-18 00:00:00+00:00,205.7558498761503,206.38774355826288,204.57857833591737,205.38298231409505,205.38298231409505,15597807.0,sample,2026-09-24 19:05:19.466442+00:00
GOOGL,2025-09-19 00:00:00+00:00,205.67943012164798,206.45187551363836,203.1178314767001,203.63826262492205,203.63826262492205,4290829.0,sample,2026-09-24 19:05:19.466442+00:00
GOOGL,2025-09-22 00:00:00+00:00,204.05365208648772,207.27436470496707,202.81033567438055,205.1493878808584,205.1493878808584,3284610.0,sample,2026-09-24 19:05:19.466442+00:00
GOOGL,2025-09-23 00:00:00+00:00,205.5139202377357,209.46400213533627,204.55475057920458,207.64048587754053,207.64048587754053,17144350.0,sample,2026-09-24 19:05:19.466442+00:00
GOOGL,2025-09-24 00:00:00+00:00,207.9742851336856,210.41031489175603,207.06442000944554,209.29132841116603,209.29132841116603,4963270.0,sample,2026-09-24 19:05:19.466442+00:00
GOOGL,2025-09-25 00:00:00+00:00,208.832527046865,212.84610022234355,208.17129671773955,211.90787290160654,211.90787290160654,11273071.0,sample,2026-09-24 19:05:19.466442+00:00
GOOGL,2025-09-26 00:00:00+00:00,212.16854481659865,212.45346528563738,207.47723853864875,207.9865331566233,207.9865331566233,3480880.0,sample,2026-09-24 19:05:19.466442+00:00
GOOGL,2025-09-29 00:00:00+00:00,207.8175405811585,208.59371989120643,203.01355113949515,203.7359266559996,203.7359266559996,8934451.0,sample,2026-09-24 19:05:19.466442+00:00
GOOGL,2025-09-30 00:00:00+00:00,204.04049994748993,206.28063489225016,199.0057633366347,200.96920870863346,200.96920870863346,3762135.0,sample,2026-09-24 19:05:19.466442+00:00
GOOGL,2025-10-01 00:00:00+00:00,201.42918302445335,202.95716678474037,199.50760793344557,201.91928597381596,201.91928597381596,9592084.0,sample,2026-09-24 19:05:19.466442+00:00
GOOGL,2025-10-02 00:00:00+00:00,201.9270621814207,202.818108725184,200.09098305523037,201.65207094618202,201.65207094618202,8972503.0,sample,2026-09-24 19:05:19.466442+00:00
GOOGL,2025-10-03 00:00:00+00:00,201.4522542153887,208.78556755840117,200.50156139012824,207.5113670702013,207.5113670702013,9554009.0,sample,2026-09-24 19:05:19.466442+00:00
GOOGL,2025-10-06 00:00:00+00:00,207.14993518724052,207.72645114478206,203.27100053266523,203.74566358712804,203.74566358712804,15125798.0,sample,2026-09-24 19:05:19.466442+00:00
GOOGL,2025-10-07 00:00:00+00:00,204.3989643608177,206.90035129515303,202.87221713290666,205.1515165236358,205.1515165236358,9938205.0,sample,2026-09-24 19:05:19.466442+00:00
GOOGL,2025-10-08 00:00:00+00:00,204.80907659491464,212.60678248858278,202.59618871366632,211.37797220627075,211.37797220627075,4442358.0,sample,2026-09-24 19:05:19.466442+00:00
GOOGL,2025-10-09 00:00:00+00:00,211.67763347940104,224.21480734488588,209.87361478997227,221.7251944346685,221.7251944346685,2062708.0,sample,2026-09-24 19:05:19.466442+00:00
GOOGL,2025-10-10 00:00:00+00:00,222.10690366955635,224.69175166570753,218.04080667324823,218.86376222189938,218.86376222189938,5710751.0,sample,2026-09-24 19:05:19.466442+00:00
GOOGL,2025-10-13 00:00:00+00:00,218.81220676278392,219.90843444437607,216.15274319745222,217.26644705237536,217.26644705237536,15054066.0,sample,2026-09-24 19:05:19.466442+00:00
GOOGL,2025-10-14 00:00:00+00:00,217.32289555691426,218.44247086749073,208.35765496189248,210.576099112627,210.576099112627,10667764.0,sample,2026-09-24 19:05:19.466442+00:00
GOOGL,2025-10-15 00:00:00+00:00,210.45909594565256,211.88889533616248,205.7183916274233,206.21649422604654,206.21649422604654,17480080.0,sample,2026-09-24 19:05:19.466442+00:00
GOOGL,2025-10-16 00:00:00+00:00,206.97477790461923,208.17872787453376,205.0691649995068,205.9193355053182,205.9193355053182,10918158.0,sample,2026-09-24 19:05:19.466442+00:00
GOOGL,2025-10-17 00:00:00+00:00,206.36936009280214,209.64304925078957,205.2145700308096,207.44300147020306,207.44300147020306,3259536.0,sample,2026-09-24 19:05:19.466442+00:00
GOOGL,2025-10-20 00:00:00+00:00,206.8351804275202,209.91682881909813,205.63579046468328,208.11431704773844,208.11431704773844,3749171.0,sample,2026-09-24 19:05:19.466442+00:00
GOOGL,2025-10-21 00:00:00+00:00,208.2336215714777,209.33326423195152,207.47167917431136,208.16890478095632,208.16890478095632,3666809.0,sample,2026-09-24 19:05:19.466442+00:00
GOOGL,2025-10-22 00:00:00+00:00,207.3163954196424,211.96525620922492,205.00947507898266,211.4536451835651,211.4536451835651,5220841.0,sample,2026-09-24 19:05:19.466442+00:00
GOOGL,2025-10-23 00:00:00+00:00,212.0488526277933,212.75113920838265,210.7231891688833,211.92611429913907,211.92611429913907,8620406.0,sample,2026-09-24 19:05:19.466442+00:00
GOOGL,2025-10-24 00:00:00+00:00,211.69026436787095,212.03843464095485,204.75029032081127,207.18370069031985,207.18370069031985,9096246.0,sample,2026-09-24 19:05:19.466442+00:00
GOOGL,2025-10-27 00:00:00+00:00,207.40738926900957,208.4468680415753,204.96561479772438,205.46552841556328,205.46552841556328,3566307.0,sample,2026-09-24 19:05:19.466442+00:00
GOOGL,2025-10-28 00:00:00+00:00,205.57766284652496,209.2424658030781,205.17507221140113,207.67193373673652,207.67193373673652,14574529.0,sample,2026-09-24 19:05:19.466442+00:00
GOOGL,2025-10-29 00:00:00+00:00,207.2899114688558,208.4819910755475,206.31305881836718,207.7504438907257,207.7504438907257,7350641.0,sample,2026-09-24 19:05:19.466442+00:00
GOOGL,2025-10-30 00:00:00+00:00,207.12517818599724,208.59446480256773,197.0364790447083,199.3066787589425,199.3066787589425,14615900.0,sample,2026-09-24 19:05:19.466442+00:00
GOOGL,2025-10-31 00:00:00+00:00,199.9256223920788,200.5686062696972,194.1909295768701,195.39080751933687,195.39080751933687,3564763.0,sample,2026-09-24 19:05:19.466442+00:00
