symbol,timestamp,open,high,low,close,adj_close,volume,source,ingestion_time
META,2025-01-02 14:30:00+00:00,220.53925570656853,223.20458076482274,218.9918860096494,220.9841409352863,220.9841409352863,2832455.0,sample,2026-09-24 19:05:19.864400+00:00
META,2025-01-02 15:30:00+00:00,221.10553457125593,221.7765572684686,217.7225926299131,219.86677659030818,219.86677659030818,1603072.0,sample,2026-09-24 19:05:19.864400+00:00
META,2025-01-02 16:30:00+00:00,220.09154832319655,222.6495896803724,218.10388142629898,220.44856706934468,220.44856706934468,1615198.0,sample,2026-09-24 19:05:19.864400+00:00
META,2025-01-02 17:30:00+00:00,220.8255401720415,221.32453180582638,218.2746722925621,219.40428758856518,219.40428758856518,5808858.0,sample,2026-09-24 19:05:19.864400+00:00
META,2025-01-02 18:30:00+00:00,219.5054956709008,222.6851597126069,218.6078494962217,220.35795510710585,220.35795510710585,4979463.0,sample,2026-09-24 19:05:19.864400+00:00
META,2025-01-02 19:30:00+00:00,220.47610240855033,221.39535198621712,216.78070230713826,219.00159362997223,219.00159362997223,4566483.0,sample,2026-09-24 19:05:19.864400+00:00
META,2025-01-02 20:30:00+00:00,219.00290083458424,221.3935903456966,215.86804960442126,218.39096692613583,218.39096692613583,8531393.0,sample,2026-09-24 19:05:19.864400+00:00
META,2025-01-02 21:30:00+00:00,217.89735447199453,220.3592175153929,216.4633145286811,217.87254575953295,217.87254575953295,2049025.0,sample,2026-09-24 19:05:19.864400+00:00
META,2025-01-02 22:30:00+00:00,218.09899653373472,218.67800356494047,213.92887528699887,216.0562842642354,216.0562842642354,2386016.0,sample,2026-09-24 19:05:19.864400+00:00
META,2025-01-02 23:30:00+00:00,215.87044181510458,217.23643905338275,215.55359427635162,216.80537115674477,216.80537115674477,14948153.0,sample,2026-09-24 19:05:19.864400+00:00
META,2025-01-03 00:30:00+00:00,216.90659962443402,217.3608426315398,213.36843158680097,215.47491467071006,215.47491467071006,8793900.0,sample,2026-09-24 19:05:19.864400+00:00
META,2025-01-03 01:30:00+00:00,216.17364413893134,216.74275596972316,212.94819180010123,214.36184523007148,214.36184523007148,12267859.0,sample,2026-09-24 19:05:19.864400+00:00
META,2025-01-03 02:30:00+00:00,214.72490961521044,216.80888900225665,212.30861444187548,213.88888842422222,213.88888842422222,8274045.0,sample,2026-09-24 19:05:19.864400+00:00
META,2025-01-03 03:30:00+00:00,214.0308882958092,215.40823384908123,211.98692142929838,214.5373002096789,214.5373002096789,7230793.0,sample,2026-09-24 19:05:19.864400+00:00
META,2025-01-03 04:30:00+00:00,214.46870652283363,215.46937069294785,211.41220607814085,213.85115339458565,213.85115339458565,7365005.0,sample,2026-09-24 19:05:19.864400+00:00
META,2025-01-03 05:30:00+00:00,213.63734283161452,216.92377945424883,212.95250098228502,215.56993066665888,215.56993066665888,9248619.0,sample,2026-09-24 19:05:19.864400+00:00
META,2025-01-03 06:30:00+00:00,215.06133148900244,217.91991871814534,214.37806766529488,215.55921107635146,215.55921107635146,15836094.0,sample,2026-09-24 19:05:19.864400+00:00
META,2025-01-03 07:30:00+00:00,215.62815470984532,217.0078786720797,214.3593057592195,215.32088924222646,215.32088924222646,7410932.0,sample,2026-09-24 19:05:19.864400+00:00
META,2025-01-03 08:30:00+00:00,215.98161334351002,216.3933504721746,213.21406521850517,215.71838728415256,215.71838728415256,17318661.0,sample,2026-09-24 19:05:19.864400+00:00
META,2025-01-03 09:30:00+00:00,215.92140027105862,216.93752684234576,215.02692386150582,215.61601526807462,215.61601526807462,6050275.0,sample,2026-09-24 19:05:19.864400+00:00
META,2025-01-03 10:30:00+00:00,215.2727510491836,216.47467389109863,214.24328823300183,214.71644651890378,214.71644651890378,16685463.0,sample,2026-09-24 19:05:19.864400+00:00
META,2025-01-03 11:30:00+00:00,215.1750609890284,217.72257349384734,212.64958505824717,214.25541399624544,214.25541399624544,11251604.0,sample,2026-09-24 19:05:19.864400+00:00
META,2025-01-03 12:30:00+00:00,213.89963089701826,215.43842732530888,212.69279895660642,214.40908838141723,214.40908838141723,4543335.0,sample,2026-09-24 19:05:19.864400+00:00
META,2025-01-03 13:30:00+00:00,214.0908555815173,217.56872835353525,213.29984309197798,215.77660649149922,215.77660649149922,5548785.0,sample,2026-09-24 19:05:19.864400+00:00
META,2025-01-03 14:30:00+00:00,216.22868346354343,218.5122310089393,213.430179349015,216.01490863197458,216.01490863197458,14263903.0,sample,2026-09-24 19:05:19.864400+00:00
META,2025-01-03 15:30:00+00:00,216.3194676320334,217.66753575152384,215.65342113487867,216.43701779102514,216.43701779102514,14258519.0,sample,2026-09-24 19:05:19.864400+00:00
META,2025-01-03 16:30:00+00:00,217.17119409237554,218.06826912710997,213.97041786429625,214.51923209058822,214.51923209058822,10798210.0,sample,2026-09-24 19:05:19.864400+00:00
META,2025-01-03 17:30:00+00:00,214.0925682468512,216.8225729775478,211.58652455182315,214.300311209151,214.300311209151,9108634.0,sample,2026-09-24 19:05:19.864400+00:00
META,2025-01-03 18:30:00+00:00,214.48288006831714,215.27442204460223,211.8062865792972,214.2870922668276,214.2870922668276,11533676.0,sample,2026-09-24 19:05:19.864400+00:00
META,2025-01-03 19:30:00+00:00,214.42532811643602,218.36679939610522,212.44809437575165,215.81153517817233,215.81153517817233,11939518.0,sample,2026-09-24 19:05:19.864400+00:00
META,2025-01-03 20:30:00+00:00,215.8079965625477,218.11832772598498,214.93367231568376,217.20268077561502,217.20268077561502,10868593.0,sample,2026-09-24 19:05:19.864400+00:00
META,2025-01-03 21:30:00+00:00,217.23150950079958,217.97100443215444,216.7415052136476,217.31659472086068,217.31659472086068,7567845.0,sample,2026-09-24 19:05:19.864400+00:00
META,2025-01-03 22:30:00+00:00,216.55603770206434,219.8212920224589,214.83054785346675,217.78697445583873,217.78697445583873,6800595.0,sample,2026-09-24 19:05:19.864400+00:00
META,2025-01-03 23:30:00+00:00,217.82623904374532,220.19316967427753,215.62337791114626,217.73728212302288,217.73728212302288,5774490.0,sample,2026-09-24 19:05:19.864400+00:00
META,2025-01-04 00:30:00+00:00,217.3516650306039,217.6570839460789,216.0330407285121,217.11276814537032,217.11276814537032,8876176.0,sample,2026-09-24 19:05:19.864400+00:00
META,2025-01-04 01:30:00+00:00,217.20043564834742,218.31106063551465,215.6054481862084,217.1375381651336,217.1375381651336,4318533.0,sample,2026-09-24 19:05:19.864400+00:00
META,2025-01-04 02:30:00+00:00,216.75741206041377,217.68335381769614,214.97241136198656,216.8208959314438,216.8208959314438,16401292.0,sample,2026-09-24 19:05:19.864400+00:00
META,2025-01-04 03:30:00+00:00,217.19686943649396,218.42660405250584,216.60009447231045,217.11174410134848,217.11174410134848,16464865.0,sample,2026-09-24 19:05:19.864400+00:00
META,2025-01-04 04:30:00+00:00,217.2603771672423,220.22560152331985,216.80063751943575,217.71570051598465,217.71570051598465,12550212.0,sample,2026-09-24 19:05:19.864400+00:00
META,2025-01-04 05:30:00+00:00,217.69285828462873,218.1373253013315,217.09130741209864,217.55136437372542,217.55136437372542,6392162.0,sample,2026-09-24 19:05:19.864400+00:00
META,2025-01-04 06:30:00+00:00,217.58613433837598,220.3283784338243,215.72151610195874,218.53428399329223,218.53428399329223,11641146.0,sample,2026-09-24 19:05:19.864400+00:00
META,2025-01-04 07:30:00+00:00,218.26743451151023,220.8346796653219,216.4346622570056,217.55860043489736,217.55860043489736,16525819.0,sample,2026-09-24 19:05:19.864400+00:00
META,2025-01-04 08:30:00+00:00,218.05011120945778,220.39714407923918,215.091585524828,217.58062153127747,217.58062153127747,17253309.0,sample,2026-09-24 19:05:19.864400+00:00
META,2025-01-04 09:30:00+00:00,217.80102210741205,220.33223259786809,217.08772910720845,217.76629105965827,217.76629105965827,3273918.0,sample,2026-09-24 19:05:19.864400+00:00
META,2025-01-04 10:30:00+00:00,217.82363245556724,218.96276764980834,214.46858938543045,216.1820165186178,216.1820165186178,9430467.0,sample,2026-09-24 19:05:19.864400+00:00
META,2025-01-04 11:30:00+00:00,216.18636783832014,217.49343721620977,213.73767187528495,216.7322269327967,216.7322269327967,7552099.0,sample,2026-09-24 19:05:19.864400+00:00
META,2025-01-04 12:30:00+00:00,216.73481252259876,217.85908524723587,215.76747605539845,217.3667877047063,217.3667877047063,14514590.0,sample,2026-09-24 19:05:19.864400+00:00
META,2025-01-04 13:30:00+00:00,217.4517743874797,219.76336272318815,216.0782132740911,218.88023133047645,218.88023133047645,5268490.0,sample,2026-09-24 19:05:19.864400+00:00
META,2025-01-04 14:30:00+00:00,218.71176436555987,220.40769520045123,216.90921737522743,218.85194403330257,218.85194403330257,12226967.0,sample,2026-09-24 19:05:19.864400+00:00
META,2025-01-04 15:30:00+00:00,218.2750982514536,220.53768627337348,216.42782768357506,219.3971621050022,219.3971621050022,12933277.0,sample,2026-09-24 19:05:19.864400+00:00
META,2025-01-04 16:30:00+00:00,218.54653443692447,222.6203132176755,217.89465909521803,219.98315752390454,219.98315752390454,13066232.0,sample,2026-09-24 19:05:19.864400+00:00
META,2025-01-04 17:30:00+00:00,219.36349970760008,220.80214065967868,216.58310003514066,218.55976325185554,218.55976325185554,7730929.0,sample,2026-09-24 19:05:19.864400+00:00
META,2025-01-04 18:30:00+00:00,218.95992210850213,220.95782152981934,216.7808707473368,218.8339969408808,218.8339969408808,2688130.0,sample,2026-09-24 19:05:19.864400+00:00
META,2025-01-04 19:30:00+00:00,218.50575499533437,220.29608953986317,215.58648156028954,217.5852704611748,217.5852704611748,10248423.0,sample,2026-09-24 19:05:19.864400+00:00
META,2025-01-04 20:30:00+00:00,217.8533607955767,219.7088850455444,215.61545797332394,217.8485140680073,217.8485140680073,13853419.0,sample,2026-09-24 19:05:19.864400+00:00
META,2025-01-04 21:30:00+00:00,218.47111938874446,219.7659287872385,216.42131924232172,218.49727479668843,218.49727479668843,16878299.0,sample,2026-09-24 19:05:19.864400+00:00
META,2025-01-04 22:30:00+00:00,218.60241793674692,221.16874095811787,216.0984875962697,218.7493046038699,218.7493046038699,8908188.0,sample,2026-09-24 19:05:19.864400+00:00
META,2025-01-04 23:30:00+00:00,218.67240792430556,219.54671754182357,215.25715401345755,216.96965494670962,216.96965494670962,14185429.0,sample,2026-09-24 19:05:19.864400+00:00
META,2025-01-05 00:30:00+00:00,216.95464871797122,219.1530687375468,216.37309093109235,218.25645949203286,218.25645949203286,4481453.0,sample,2026-09-24 19:05:19.864400+00:00
META,2025-01-05 01:30:00+00:00,218.69311383819468,219.6840982613107,215.98634525913758,218.53475475956358,218.53475475956358,15477167.0,sample,2026-09-24 19:05:19.864400+00:00
META,2025-01-05 02:30:00+00:00,218.2421822758658,219.90031199946034,215.87943183122096,219.42436134918165,219.42436134918165,16908386.0,sample,2026-09-24 19:05:19.864400+00:00
META,2025-01-05 03:30:00+00:00,219.721477619596,220.02609531753035,218.14939532892322,218.8346803406619,218.8346803406619,17300412.0,sample,2026-09-24 19:05:19.864400+00:00
META,2025-01-05 04:30:00+00:00,219.7811758367325,221.12675988662477,216.75150627152237,218.50555407734586,218.50555407734586,5509287.0,sample,2026-09-24 19:05:19.864400+00:00
META,2025-01-05 05:30:00+00:00,218.86539520078145,222.42022032329822,218.51387313923593,220.35014415817966,220.35014415817966,16124357.0,sample,2026-09-24 19:05:19.864400+00:00
META,2025-01-05 06:30:00+00:00,220.6501079074559,222.71243663628607,218.10461109758015,220.18895707091735,220.18895707091735,4244464.0,sample,2026-09-24 19:05:19.864400+00:00
META,2025-01-05 07:30:00+00:00,220.41916278617748,220.93694220325307,217.76306400784023,219.8228988840197,219.8228988840197,12616647.0,sample,2026-09-24 19:05:19.864400+00:00
META,2025-01-05 08:30:00+00:00,219.7896733581276,220.3538402376933,218.0437733918076,219.50794189994988,219.50794189994988,11408638.0,sample,2026-09-24 19:05:19.864400+00:00
META,2025-01-05 09:30:00+00:00,218.97865876398268,221.4051273267197,217.28979182808072,220.4023290341368,220.4023290341368,4524742.0,sample,2026-09-24 19:05:19.864400+00:00
META,2025-01-05 10:30:00+00:00,220.8027285162229,222.60354144525917,218.27581565688442,219.029561838498,219.029561838498,4889526.0,sample,2026-09-24 19:05:19.864400+00:00
META,2025-01-05 11:30:00+00:00,219.45450873243522,220.9329978413525,218.2850304853955,218.76177999523605,218.76177999523605,12101410.0,sample,2026-09-24 19:05:19.864400+00:00
META,2025-01-05 12:30:00+00:00,218.17230007622337,218.67133241970757,216.37296892866476,217.9963638575516,217.9963638575516,2733840.0,sample,2026-09-24 19:05:19.864400+00:00
META,2025-01-05 13:30:00+00:00,218.1016698859059,221.00927423440885,215.84622868426686,220.2063921960633,220.2063921960633,3854265.0,sample,2026-09-24 19:05:19.864400+00:00
META,2025-01-05 14:30:00+00:00,220.81990202668626,222.93049479075162,220.21695679985416,221.17775432921917,221.17775432921917,2695549.0,sample,2026-09-24 19:05:19.864400+00:00
META,2025-01-05 15:30:00+00:00,221.61992016958044,222.88624184557426,219.0129577712616,221.28122416516348,221.28122416516348,12439184.0,sample,2026-09-24 19:05:19.864400+00:00
META,2025-01-05 16:30:00+00:00,221.66906371090474,223.18096502812358,221.01379811037958,221.50097049910585,221.50097049910585,7013829.0,sample,2026-09-24 19:05:19.864400+00:00
META,2025-01-05 17:30:00+00:00,221.23631290274386,223.34953934506822,219.38115216433965,221.31313906477874,221.31313906477874,16249883.0,sample,2026-09-24 19:05:19.864400+00:00
META,2025-01-05 18:30:00+00:00,220.9829500476281,223.33573093716103,220.2768142938251,220.9368653513361,220.9368653513361,9516363.0,sample,2026-09-24 19:05:19.864400+00:00
META,2025-01-05 19:30:00+00:00,221.0266763528122,222.33915329472148,218.37533146187113,220.80365364980872,220.80365364980872,12287098.0,sample,2026-09-24 19:05:19.864400+00:00
META,2025-01-05 20:30:00+00:00,221.38699728501712,222.65104204228805,219.13683721581842,222.3924516510674,222.3924516510674,11406929.0,sample,2026-09-24 19:05:19.864400+00:00
META,2025-01-05 21:30:00+00:00,222.22133199796474,222.86936401991625,220.95954480272692,222.14478429511556,222.14478429511556,10838860.0,sample,2026-09-24 19:05:19.864400+00:00
META,2025-01-05 22:30:00+00:00,223.00650640991034,225.66080776872496,219.32208537253186,221.91966634323532,221.91966634323532,15932261.0,sample,2026-09-24 19:05:19.864400+00:00
META,2025-01-05 23:30:00+00:00,221.51350454409618,222.69658041478095,221.11765314340792,222.20885109138652,222.20885109138652,7357628.0,sample,2026-09-24 19:05:19.864400+00:00
META,2025-01-06 00:30:00+00:00,222.03782967807075,225.05166314718954,219.42803905562647,223.54511241486682,223.54511241486682,15476403.0,sample,2026-09-24 19:05:19.864400+00:00
META,2025-01-06 01:30:00+00:00,224.14355860795283,224.75337903201498,223.6756455672261,223.99051249025754,223.99051249025754,12951757.0,sample,2026-09-24 19:05:19.864400+00:00
META,2025-01-06 02:30:00+00:00,223.43038224327086,223.94113194748707,221.8075478343952,223.05246992161761,223.05246992161761,17466722.0,sample,2026-09-24 19:05:19.864400+00:00
META,2025-01-06 03:30:00+00:00,223.42916921123296,224.4583101962191,222.06475992851435,223.12291557694522,223.12291557694522,1976555.0,sample,2026-09-24 19:05:19.864400+00:00
META,2025-01-06 04:30:00+00:00,223.44449979747867,224.15760958437104,220.62473455654697,223.1577455900596,223.1577455900596,6422578.0,sample,2026-09-24 19:05:19.864400+00:00
META,2025-01-06 05:30:00+00:00,223.47302685429065,225.08294006115642,221.05036510627468,221.99058857902673,221.99058857902673,14668946.0,sample,2026-09-24 19:05:19.864400+00:00
META,2025-01-06 06:30:00+00:00,222.0612850141909,224.23191712558506,219.21787500845022,221.34464617941134,221.34464617941134,10720339.0,sample,2026-09-24 19:05:19.864400+00:00
META,2025-01-06 07:30:00+00:00,221.33960703795623,223.1562957485416,220.22972710730133,221.66726034155968,221.66726034155968,3299178.0,sample,2026-09-24 19:05:19.864400+00:00
META,2025-01-06 08:30:00+00:00,221.18240576905401,223.7915738435605,218.73996729453003,221.29880120869203,221.29880120869203,13836955.0,sample,2026-09-24 19:05:19.864400+00:00
META,2025-01-06 09:30:00+00:00,221.24674263732325,224.45505904673863,219.37149248732692,222.81007832574807,222.81007832574807,13295261.0,sample,2026-09-24 19:05:19.864400+00:00
META,2025-01-06 10:30:00+00:00,222.6331296340151,225.54624256874234,222.1908402583032,223.14063702235293,223.14063702235293,1509680.0,sample,2026-09-24 19:05:19.864400+00:00
META,2025-01-06 11:30:00+00:00,222.53779490434758,225.3207588648698,220.81173153320333,222.74572678554009,222.74572678554009,8626622.0,sample,2026-09-24 19:05:19.864400+00:00
META,2025-01-06 12:30:00+00:00,222.2377294124854,223.16215135665334,221.3508096908455,222.69588471505298,222.69588471505298,4663454.0,sample,2026-09-24 19:05:19.864400+00:00
META,2025-01-06 13:30:00+00:00,223.0628146940022,223.61524526624515,219.61835068113794,221.9020051903336,221.9020051903336,6615578.0,sample,2026-09-24 19:05:19.864400+00:00
META,2025-01-06 14:30:00+00:00,221.73904051698713,223.24508807624684,221.01891924255224,221.33223105308298,221.33223105308298,5897484.0,sample,2026-09-24 19:05:19.864400+00:00
META,2025-01-06 15:30:00+00:00,221.01739815413325,223.75026405951115,220.30867637933778,222.03838467531307,222.03838467531307,17250541.0,sample,2026-09-24 19:05:19.864400+00:00
META,2025-01-06 16:30:00+00:00,222.02632520176647,223.62444693472946,221.1149590586077,221.99961303244356,221.99961303244356,15253529.0,sample,2026-09-24 19:05:19.864400+00:00
META,2025-01-06 17:30:00+00:00,221.24501384271196,222.21387413835896,217.80364809029354,220.317484108422,220.317484108422,5170824.0,sample,2026-09-24 19:05:19.864400+00:00
META,2025-01-06 18:30:00+00:00,220.6096085555465,221.37778832782553,217.07099843279184,219.15374530292723,219.15374530292723,7096393.0,sample,2026-09-24 19:05:19.864400+00:00
META,2025-01-06 19:30:00+00:00,219.5795098459229,220.74850649081083,217.53358921000267,219.68817945000424,219.68817945000424,13149593.0,sample,2026-09-24 19:05:19.864400+00:00
META,2025-01-06 20:30:00+00:00,220.58036184960721,222.53995877268991,217.07009490508855,218.70715062879603,218.70715062879603,2445816.0,sample,2026-09-24 19:05:19.864400+00:00
META,2025-01-06 21:30:00+00:00,218.656803424823,221.23974710474755,216.3126177669744,218.4569075429442,218.4569075429442,17986123.0,sample,2026-09-24 19:05:19.864400+00:00
META,2025-01-06 22:30:00+00:00,218.89988891056623,219.85069324408357,217.97634062678483,219.4443786893297,219.4443786893297,5355405.0,sample,2026-09-24 19:05:19.864400+00:00
META,2025-01-06 23:30:00+00:00,219.2468990770489,221.04590824970253,218.49506058185295,219.27034588892496,219.27034588892496,1667303.0,sample,2026-09-24 19:05:19.864400+00:00
META,2025-01-07 00:30:00+00:00,218.99043119612244,220.89829109929767,217.5033676972516,219.05173443282126,219.05173443282126,3268321.0,sample,2026-09-24 19:05:19.864400+00:00
META,2025-01-07 01:30:00+00:00,218.82854638342656,220.0470833685251,217.5700031116657,218.7302858187019,218.7302858187019,10990390.0,sample,2026-09-24 19:05:19.864400+00:00
META,2025-01-07 02:30:00+00:00,218.8414805007853,222.0947434974825,216.41149070210577,219.69851415763185,219.69851415763185,9289420.0,sample,2026-09-24 19:05:19.864400+00:00
META,2025-01-07 03:30:00+00:00,219.52962813256394,220.56560197540912,217.11549104174136,219.11736585692827,219.11736585692827,8943110.0,sample,2026-09-24 19:05:19.864400+00:00
META,2025-01-07 04:30:00+00:00,219.1990665247012,221.3529602031903,216.60318478827452,218.0725035000737,218.0725035000737,8536261.0,sample,2026-09-24 19:05:19.864400+00:00
META,2025-01-07 05:30:00+00:00,217.75317730518668,219.20893143486433,215.22712401313515,218.1767354768952,218.1767354768952,11622538.0,sample,2026-09-24 19:05:19.864400+00:00
META,2025-01-07 06:30:00+00:00,217.76803209205102,222.20831384246196,217.1879833955369,219.64554636666534,219.64554636666534,10290289.0,sample,2026-09-24 19:05:19.864400+00:00
META,2025-01-07 07:30:00+00:00,219.99203177580645,220.30044398638486,219.49367207156553,220.00731641435127,220.00731641435127,11907121.0,sample,2026-09-24 19:05:19.864400+00:00
META,2025-01-07 08:30:00+00:00,219.4584525429497,222.3226621666536,217.68514194174912,221.42072377244514,221.42072377244514,9744093.0,sample,2026-09-24 19:05:19.864400+00:00
META,2025-01-07 09:30:00+00:00,221.2694260770665,223.6040823736531,219.05552024967028,222.55766296206016,222.55766296206016,12760947.0,sample,2026-09-24 19:05:19.864400+00:00
META,2025-01-07 10:30:00+00:00,223.12446153809154,224.93845849984268,219.38640570820084,221.6090001953506,221.6090001953506,12193203.0,sample,2026-09-24 19:05:19.864400+00:00
META,2025-01-07 11:30:00+00:00,221.69091344364006,222.95722108329824,219.89971603839533,221.71732264207705,221.71732264207705,11422676.0,sample,2026-09-24 19:05:19.864400+00:00
META,2025-01-07 12:30:00+00:00,221.84551137929313,223.1486123760208,219.23703179892902,221.67880021200216,221.67880021200216,2841857.0,sample,2026-09-24 19:05:19.864400+00:00
META,2025-01-07 13:30:00+00:00,221.49166768453287,222.69053283530735,219.55013036354106,221.74017544241664,221.74017544241664,16321822.0,sample,2026-09-24 19:05:19.864400+00:00
META,2025-01-07 14:30:00+00:00,221.39045276752492,223.26406321922397,219.65526947314677,222.89152523035935,222.89152523035935,12158950.0,sample,2026-09-24 19:05:19.864400+00:00
META,2025-01-07 15:30:00+00:00,223.28093653935588,224.97882214188286,220.7222084049889,224.21414767770042,224.21414767770042,8232849.0,sample,2026-09-24 19:05:19.864400+00:00
META,2025-01-07 16:30:00+00:00,224.11601556482285,226.54473426749138,223.08396692638783,224.94133075219446,224.94133075219446,15898982.0,sample,2026-09-24 19:05:19.864400+00:00
META,2025-01-07 17:30:00+00:00,224.93591906925923,227.55851300970085,222.74153028486586,226.10182990114092,226.10182990114092,14081915.0,sample,2026-09-24 19:05:19.864400+00:00
META,2025-01-07 18:30:00+00:00,226.3585711378088,226.99476789178328,222.93946217267154,225.62463203563547,225.62463203563547,13514485.0,sample,2026-09-24 19:05:19.864400+00:00
META,2025-01-07 19:30:00+00:00,225.19701712788574,228.26450483068308,224.0683346737079,226.4343725698077,226.4343725698077,6038781.0,sample,2026-09-24 19:05:19.864400+00:00
META,2025-01-07 20:30:00+00:00,226.43280309353872,228.25868644790432,224.8989236380052,225.54678126816623,225.54678126816623,6346094.0,sample,2026-09-24 19:05:19.864400+00:00
META,2025-01-07 21:30:00+00:00,223.98963113952578,226.4239162184437,222.55938265094574,225.30250973803444,225.30250973803444,8996655.0,sample,2026-09-24 19:05:19.864400+00:00
META,2025-01-07 22:30:00+00:00,225.89093055659143,227.80300478915683,222.01660390981746,224.2516324663379,224.2516324663379,2078166.0,sample,2026-09-24 19:05:19.864400+00:00
META,2025-01-07 23:30:00+00:00,224.6724207590096,227.3618185756078,224.09025297375942,225.43228135177867,225.43228135177867,3894112.0,sample,2026-09-24 19:05:19.864400+00:00
META,2025-01-08 00:30:00+00:00,224.72021495900682,226.69943276283828,223.85151030716784,225.12064064370094,225.12064064370094,12359262.0,sample,2026-09-24 19:05:19.864400+00:00
META,2025-01-08 01:30:00+00:00,225.1920915245877,227.81224004571118,222.7240819127227,225.89257340331298,225.89257340331298,7573851.0,sample,2026-09-24 19:05:19.864400+00:00
META,2025-01-08 02:30:00+00:00,225.88816946371213,226.16477020369226,224.42633287760833,224.79309520954024,224.79309520954024,13663750.0,sample,2026-09-24 19:05:19.864400+00:00
META,2025-01-08 03:30:00+00:00,224.10532037350256,227.09318255089994,222.36714433531517,225.08662986673383,225.08662986673383,2405250.0,sample,2026-09-24 19:05:19.864400+00:00
META,2025-01-08 04:30:00+00:00,224.8384044291699,226.98155418729792,224.21452833290454,225.91407335132558,225.91407335132558,7621424.0,sample,2026-09-24 19:05:19.864400+00:00
META,2025-01-08 05:30:00+00:00,225.48013245100296,227.60269497020067,224.77616745696739,226.0930392050165,226.0930392050165,5824515.0,sample,2026-09-24 19:05:19.864400+00:00
META,2025-01-08 06:30:00+00:00,225.65497532576555,229.06382415415425,224.72784093943034,226.36180481739268,226.36180481739268,7497829.0,sample,2026-09-24 19:05:19.864400+00:00
META,2025-01-08 07:30:00+00:00,226.08923841298034,227.7452282412778,225.44115924451523,226.59972051305823,226.59972051305823,7130984.0,sample,2026-09-24 19:05:19.864400+00:00
META,2025-01-08 08:30:00+00:00,226.72218996254568,228.98853020388486,225.48036670731187,226.6476046265831,226.6476046265831,16788376.0,sample,2026-09-24 19:05:19.864400+00:00
META,2025-01-08 09:30:00+00:00,226.20640363392744,227.08845471071197,225.17248042738396,226.41466007107343,226.41466007107343,3443970.0,sample,2026-09-24 19:05:19.864400+00:00
META,2025-01-08 10:30:00+00:00,226.03960664393335,226.31799091101746,223.95153853059801,225.74812518255223,225.74812518255223,5948800.0,sample,2026-09-24 19:05:19.864400+00:00
META,2025-01-08 11:30:00+00:00,225.31416227686472,229.39178855750797,223.53170111088298,226.78795276713268,226.78795276713268,10168972.0,sample,2026-09-24 19:05:19.864400+00:00
META,2025-01-08 12:30:00+00:00,225.99382930363473,229.31472542819066,225.01342869847608,226.90097179765007,226.90097179765007,2461588.0,sample,2026-09-24 19:05:19.864400+00:00
META,2025-01-08 13:30:00+00:00,226.82178381037835,228.27811583233307,225.79472783680333,227.07420897570964,227.07420897570964,7486238.0,sample,2026-09-24 19:05:19.864400+00:00
META,2025-01-08 14:30:00+00:00,227.7566614459614,229.6427634504284,225.09185383045747,227.48096036901563,227.48096036901563,14915523.0,sample,2026-09-24 19:05:19.864400+00:00
META,2025-01-08 15:30:00+00:00,227.84192036951413,230.0614161875995,225.5808690185499,226.44619848676592,226.44619848676592,10721082.0,sample,2026-09-24 19:05:19.864400+00:00
META,2025-01-08 16:30:00+00:00,225.81157921610728,228.304084591899,222.97998173003168,225.3182406043683,225.3182406043683,12241778.0,sample,2026-09-24 19:05:19.864400+00:00
META,2025-01-08 17:30:00+00:00,225.366450412278,227.83072482956163,222.70681275463818,224.21301630815765,224.21301630815765,4636346.0,sample,2026-09-24 19:05:19.864400+00:00
META,2025-01-08 18:30:00+00:00,223.75614644592218,226.65524554928552,221.60986398092393,225.93353961079893,225.93353961079893,8234632.0,sample,2026-09-24 19:05:19.864400+00:00
META,2025-01-08 19:30:00+00:00,226.2840516785435,228.83458854935776,225.19553091651622,225.7902078864482,225.7902078864482,7777997.0,sample,2026-09-24 19:05:19.864400+00:00
META,2025-01-08 20:30:00+00:00,224.8998756583602,227.6864241419048,222.79250842729468,226.54466562157722,226.54466562157722,14863386.0,sample,2026-09-24 19:05:19.864400+00:00
META,2025-01-08 21:30:00+00:00,227.04459722293308,228.86288257765315,223.26223333743732,224.9917534321148,224.9917534321148,13947044.0,sample,2026-09-24 19:05:19.864400+00:00
META,2025-01-08 22:30:00+00:00,224.2288219381423,225.75111842043933,221.8092499689362,224.74423030782503,224.74423030782503,10419953.0,sample,2026-09-24 19:05:19.864400+00:00
META,2025-01-08 23:30:00+00:00,224.9413903520568,227.38942319362474,223.96132902639908,224.93810262895164,224.93810262895164,3500482.0,sample,2026-09-24 19:05:19.864400+00:00
META,2025-01-09 00:30:00+00:00,225.47799188877312,227.66966714005426,222.082125724641,224.5282925513919,224.5282925513919,12858201.0,sample,2026-09-24 19:05:19.864400+00:00
META,2025-01-09 01:30:00+00:00,224.5305283566245,227.10501390026104,222.9159950738272,225.62871869354194,225.62871869354194,8749760.0,sample,2026-09-24 19:05:19.864400+00:00
META,2025-01-09 02:30:00+00:00,226.25739998030397,227.20072038061056,224.8765009124084,225.41947598427,225.41947598427,17522256.0,sample,2026-09-24 19:05:19.864400+00:00
META,2025-01-09 03:30:00+00:00,225.28969826673722,227.30356156309452,223.69448978960878,225.44988160002845,225.44988160002845,17847332.0,sample,2026-09-24 19:05:19.864400+00:00
META,2025-01-09 04:30:00+00:00,226.14675980003722,226.96895345948147,223.66738123111594,226.5782061030564,226.5782061030564,12200620.0,sample,2026-09-24 19:05:19.864400+00:00
META,2025-01-09 05:30:00+00:00,226.3214711466501,229.99221820985676,223.88395138545235,228.1562021329733,228.1562021329733,9264476.0,sample,2026-09-24 19:05:19.864400+00:00
META,2025-01-09 06:30:00+00:00,228.1287345345933,229.3317699904686,227.81324490215218,228.57493680920624,228.57493680920624,9258572.0,sample,2026-09-24 19:05:19.864400+00:00
META,2025-01-09 07:30:00+00:00,228.81861260834705,230.69631649126197,225.9262877009698,228.2682243585422,228.2682243585422,4374530.0,sample,2026-09-24 19:05:19.864400+00:00
META,2025-01-09 08:30:00+00:00,229.35974875514765,230.54261689423691,226.59921329225563,228.11788441689333,228.11788441689333,3844656.0,sample,2026-09-24 19:05:19.864400+00:00
META,2025-01-09 09:30:00+00:00,227.80251178933278,231.74696999600954,226.50054105313964,229.3343106023247,229.3343106023247,11696731.0,sample,2026-09-24 19:05:19.864400+00:00
META,2025-01-09 10:30:00+00:00,228.960554303298,230.24935556519083,227.2131082669853,228.45154186775898,228.45154186775898,5558232.0,sample,2026-09-24 19:05:19.864400+00:00
META,2025-01-09 11:30:00+00:00,229.0282086688876,231.73164871015265,227.26187668399305,227.6267869836481,227.6267869836481,1799011.0,sample,2026-09-24 19:05:19.864400+00:00
META,2025-01-09 12:30:00+00:00,227.692706555774,230.25318772283222,225.9436568029176,226.84775615343045,226.84775615343045,17052427.0,sample,2026-09-24 19:05:19.864400+00:00
META,2025-01-09 13:30:00+00:00,226.53860592131673,228.41662808337358,226.2720123682145,227.87915061510523,227.87915061510523,15894579.0,sample,2026-09-24 19:05:19.864400+00:00
META,2025-01-09 14:30:00+00:00,227.79836633765953,230.6528599414291,226.0947486086681,228.3558985698131,228.3558985698131,16888884.0,sample,2026-09-24 19:05:19.864400+00:00
META,2025-01-09 15:30:00+00:00,228.76937388548208,230.0460197705437,227.336998551,227.61786494792827,227.61786494792827,14748563.0,sample,2026-09-24 19:05:19.864400+00:00
META,2025-01-09 16:30:00+00:00,227.28382838567626,227.62813089566217,224.47061611030276,227.01303548374915,227.01303548374915,6987576.0,sample,2026-09-24 19:05:19.864400+00:00
META,2025-01-09 17:30:00+00:00,226.63345500729227,228.73293208503992,225.77799445082218,227.07120657296346,227.07120657296346,7039002.0,sample,2026-09-24 19:05:19.864400+00:00
META,2025-01-09 18:30:00+00:00,227.2977295496545,227.7130599424129,226.14027914329483,226.65545543001272,226.65545543001272,2824211.0,sample,2026-09-24 19:05:19.864400+00:00
META,2025-01-09 19:30:00+00:00,226.96125601616927,229.21209548008912,225.22130588139368,225.76139787357718,225.76139787357718,8817510.0,sample,2026-09-24 19:05:19.864400+00:00
META,2025-01-09 20:30:00+00:00,225.5345064650494,226.47279574613762,224.08102700840954,225.0576348389255,225.0576348389255,7540060.0,sample,2026-09-24 19:05:19.864400+00:00
META,2025-01-09 21:30:00+00:00,225.01638389347679,227.20453480473427,223.4328517379273,224.9291661593631,224.9291661593631,8380668.0,sample,2026-09-24 19:05:19.864400+00:00
META,2025-01-09 22:30:00+00:00,225.4954641130885,228.08319657161096,222.11395664198838,224.42553190422663,224.42553190422663,14940072.0,sample,2026-09-24 19:05:19.864400+00:00
META,2025-01-09 23:30:00+00:00,223.90880543861607,225.74675505299922,221.54332886536685,224.44094671812942,224.44094671812942,2109573.0,sample,2026-09-24 19:05:19.864400+00:00
META,2025-01-10 00:30:00+00:00,224.0306648975551,226.3513427719056,223.51034740824463,224.15681325146892,224.15681325146892,3962378.0,sample,2026-09-24 19:05:19.864400+00:00
META,2025-01-10 01:30:00+00:00,224.8103053426962,226.30914617206815,222.00353410762114,223.54416577471648,223.54416577471648,6081124.0,sample,2026-09-24 19:05:19.864400+00:00
META,2025-01-10 02:30:00+00:00,223.98040543526,224.6004870913531,222.7595695098697,223.975191264831,223.975191264831,16331516.0,sample,2026-09-24 19:05:19.864400+00:00
META,2025-01-10 03:30:00+00:00,224.78430178130594,227.31132303720358,222.0898786143907,224.4361446251781,224.4361446251781,10016307.0,sample,2026-09-24 19:05:19.864400+00:00
META,2025-01-10 04:30:00+00:00,224.65932423675002,225.75257249043565,221.12371225338683,222.69603688260048,222.69603688260048,6772798.0,sample,2026-09-24 19:05:19.864400+00:00
META,2025-01-10 05:30:00+00:00,222.83710113258715,223.21731356037543,222.0824781853377,222.96630586065265,222.96630586065265,13375709.0,sample,2026-09-24 19:05:19.864400+00:00
META,2025-01-10 06:30:00+00:00,223.26124332767856,225.75963066314935,220.4097744660032,222.5761499515754,222.5761499515754,10799714.0,sample,2026-09-24 19:05:19.864400+00:00
META,2025-01-10 07:30:00+00:00,221.96766366125854,224.5095572624242,219.29702846663713,221.69486736127178,221.69486736127178,5564198.0,sample,2026-09-24 19:05:19.864400+00:00
META,2025-01-10 08:30:00+00:00,221.29567381269507,224.69505598535852,218.6470453964442,222.3918215623369,222.3918215623369,9792268.0,sample,2026-09-24 19:05:19.864400+00:00
META,2025-01-10 09:30:00+00:00,222.71703897972293,223.42410128118456,220.72946736730066,222.6487511293478,222.6487511293478,16803098.0,sample,2026-09-24 19:05:19.864400+00:00
META,2025-01-10 10:30:00+00:00,222.98971608112242,225.4970465394488,220.8056557675207,223.18298235267508,223.18298235267508,5783954.0,sample,2026-09-24 19:05:19.864400+00:00
META,2025-01-10 11:30:00+00:00,223.61961137052302,224.28934854500335,221.44613459039437,222.72063295527803,222.72063295527803,10047843.0,sample,2026-09-24 19:05:19.864400+00:00
META,2025-01-10 12:30:00+00:00,223.05967302537329,224.78087810571515,220.41088873262686,224.36119203959538,224.36119203959538,17618371.0,sample,2026-09-24 19:05:19.864400+00:00
META,2025-01-10 13:30:00+00:00,224.49971583948422,226.60874867441663,223.33499235719063,224.84301469458939,224.84301469458939,10216593.0,sample,2026-09-24 19:05:19.864400+00:00
META,2025-01-10 14:30:00+00:00,224.40612797820634,226.84875789881244,223.66110777592885,224.31647714835586,224.31647714835586,8928687.0,sample,2026-09-24 19:05:19.864400+00:00
META,2025-01-10 15:30:00+00:00,224.60452510189614,226.51856664132927,222.73289202411908,226.06884664253883,226.06884664253883,6617177.0,sample,2026-09-24 19:05:19.864400+00:00
META,2025-01-10 16:30:00+00:00,226.2494194935268,227.22418126122477,224.12516856415763,225.32948766113037,225.32948766113037,15682193.0,sample,2026-09-24 19:05:19.864400+00:00
META,2025-01-10 17:30:00+00:00,224.69240988076524,227.26842449839648,223.74531822853288,226.72842309426463,226.72842309426463,9503793.0,sample,2026-09-24 19:05:19.864400+00:00
META,2025-01-10 18:30:00+00:00,227.13940342399184,229.862420552452,224.9572861054055,226.47368038254444,226.47368038254444,16123005.0,sample,2026-09-24 19:05:19.864400+00:00
META,2025-01-10 19:30:00+00:00,226.659742005602,227.1043006398505,223.72788671539098,225.9275881205198,225.9275881205198,3027807.0,sample,2026-09-24 19:05:19.864400+00:00
META,2025-01-10 20:30:00+00:00,226.27388434063784,228.62584030985843,222.73245705134153,225.27362665012598,225.27362665012598,5337096.0,sample,2026-09-24 19:05:19.864400+00:00
META,2025-01-10 21:30:00+00:00,224.93551315305834,226.38181827582525,221.6931519558098,224.36465244413083,224.36465244413083,7776364.0,sample,2026-09-24 19:05:19.864400+00:00
META,2025-01-10 22:30:00+00:00,224.18874681396952,225.99503152714274,221.75291350008308,223.53769019833257,223.53769019833257,16506196.0,sample,2026-09-24 19:05:19.864400+00:00
META,2025-01-10 23:30:00+00:00,224.8487775520527,225.9607474248306,221.28785880145423,223.8759094387693,223.8759094387693,15019157.0,sample,2026-09-24 19:05:19.864400+00:00
META,2025-01-11 00:30:00+00:00,223.7158850210811,225.39247200628412,223.47392879905513,223.80186977786065,223.80186977786065,12718401.0,sample,2026-09-24 19:05:19.864400+00:00
META,2025-01-11 01:30:00+00:00,223.7319084590007,226.3559694824679,221.02678515871804,222.33758839090277,222.33758839090277,8243386.0,sample,2026-09-24 19:05:19.864400+00:00
META,2025-01-11 02:30:00+00:00,222.7829966235896,225.15677237710594,221.67619848331222,222.52831728094947,222.52831728094947,7048719.0,sample,2026-09-24 19:05:19.864400+00:00
META,2025-01-11 03:30:00+00:00,221.6183569637606,224.02177340412874,219.20499943896786,221.1972355649374,221.1972355649374,10506312.0,sample,2026-09-24 19:05:19.864400+00:00
META,2025-01-11 04:30:00+00:00,221.32059807879085,222.7926453013746,219.17833514851796,221.65518497812178,221.65518497812178,14558009.0,sample,2026-09-24 19:05:19.864400+00:00
META,2025-01-11 05:30:00+00:00,221.97949239799368,222.3078812482777,218.79921759908774,221.2419420458223,221.2419420458223,2236593.0,sample,2026-09-24 19:05:19.864400+00:00
META,2025-01-11 06:30:00+00:00,221.667246772543,223.26069228883392,218.5932301353903,221.0425631849754,221.0425631849754,10021406.0,sample,2026-09-24 19:05:19.864400+00:00
META,2025-01-11 07:30:00+00:00,221.3732882663978,223.56558574548453,219.9738728318961,222.1078034993252,222.1078034993252,12209825.0,sample,2026-09-24 19:05:19.864400+00:00
META,2025-01-11 08:30:00+00:00,221.49490958839758,223.46432912227846,219.3628286623034,220.28437762321965,220.28437762321965,16662612.0,sample,2026-09-24 19:05:19.864400+00:00
META,2025-01-11 09:30:00+00:00,220.43400075280928,223.99288704325164,219.7488360365965,222.27511443863366,222.27511443863366,10632748.0,sample,2026-09-24 19:05:19.864400+00:00
META,2025-01-11 10:30:00+00:00,222.54293406820108,226.90496179270036,220.8613957391424,225.0693234414824,225.0693234414824,1883932.0,sample,2026-09-24 19:05:19.864400+00:00
META,2025-01-11 11:30:00+00:00,224.09074727823193,226.7808029570494,222.94455922218307,226.0731916875865,226.0731916875865,11788267.0,sample,2026-09-24 19:05:19.864400+00:00
META,2025-01-11 12:30:00+00:00,226.32402497910422,228.70972820639594,225.61779394665712,226.60270110494514,226.60270110494514,16420745.0,sample,2026-09-24 19:05:19.864400+00:00
META,2025-01-11 13:30:00+00:00,226.44545154632388,227.6476771054453,225.14739183949393,225.9829670016078,225.9829670016078,6267812.0,sample,2026-09-24 19:05:19.864400+00:00
META,2025-01-11 14:30:00+00:00,226.1109093429974,227.4392532952058,225.71822352192092,226.99197255121737,226.99197255121737,12395819.0,sample,2026-09-24 19:05:19.864400+00:00
META,2025-01-11 15:30:00+00:00,227.08158586203592,229.5020104073188,225.4215126630763,226.82731641402415,226.82731641402415,7436203.0,sample,2026-09-24 19:05:19.864400+00:00
META,2025-01-11 16:30:00+00:00,226.82375639569756,228.61311219632492,226.19151278857876,226.57215759662444,226.57215759662444,3478551.0,sample,2026-09-24 19:05:19.864400+00:00
META,2025-01-11 17:30:00+00:00,226.86043848823684,228.10903397330654,224.0073579076872,225.8500916194021,225.8500916194021,8472414.0,sample,2026-09-24 19:05:19.864400+00:00
META,2025-01-11 18:30:00+00:00,226.0735888444164,229.5211797909146,225.0977105684445,227.14251409324334,227.14251409324334,17030822.0,sample,2026-09-24 19:05:19.864400+00:00
META,2025-01-11 19:30:00+00:00,227.64096827339154,229.63673523634466,226.62302567456413,227.93862682368274,227.93862682368274,5438523.0,sample,2026-09-24 19:05:19.864400+00:00
META,2025-01-11 20:30:00+00:00,228.18027273038243,229.94161449930212,225.73100120520337,226.62789889763343,226.62789889763343,5003719.0,sample,2026-09-24 19:05:19.864400+00:00
META,2025-01-11 21:30:00+00:00,226.3163986428047,228.97987611676103,226.07951304495026,226.54422733201693,226.54422733201693,6850780.0,sample,2026-09-24 19:05:19.864400+00:00
META,2025-01-11 22:30:00+00:00,227.3267176802326,228.98310539474764,222.93955111361572,225.35677495512758,225.35677495512758,13281489.0,sample,2026-09-24 19:05:19.864400+00:00
META,2025-01-11 23:30:00+00:00,225.49698231887405,226.92577643154488,223.21250000490332,226.2134147441448,226.2134147441448,16266855.0,sample,2026-09-24 19:05:19.864400+00:00
META,2025-01-12 00:30:00+00:00,225.5735118927473,228.17197789630566,224.28375285477995,225.39406702060944,225.39406702060944,14629265.0,sample,2026-09-24 19:05:19.864400+00:00
META,2025-01-12 01:30:00+00:00,225.68283770888618,226.98952223839458,223.4929273943117,225.34086573108496,225.34086573108496,11225913.0,sample,2026-09-24 19:05:19.864400+00:00
META,2025-01-12 02:30:00+00:00,225.54854072494024,228.37033396936664,223.70010235126648,225.86720185058925,225.86720185058925,16335484.0,sample,2026-09-24 19:05:19.864400+00:00
META,2025-01-12 03:30:00+00:00,226.30669846332668,227.5417823001625,223.42817797224257,225.69688985556283,225.69688985556283,12838775.0,sample,2026-09-24 19:05:19.864400+00:00
META,2025-01-12 04:30:00+00:00,226.36824936341065,228.48128100876903,222.69299844614545,224.57620407845522,224.57620407845522,10959388.0,sample,2026-09-24 19:05:19.864400+00:00
META,2025-01-12 05:30:00+00:00,224.73749846173854,226.51604569241564,221.88279943752636,224.1776993223387,224.1776993223387,16261811.0,sample,2026-09-24 19:05:19.864400+00:00
META,2025-01-12 06:30:00+00:00,223.88645009592085,225.29757251932753,222.67660452219195,222.9666407456181,222.9666407456181,8767940.0,sample,2026-09-24 19:05:19.864400+00:00
META,2025-01-12 07:30:00+00:00,223.45952844227756,226.26196863248572,221.6151337240713,224.27252146286492,224.27252146286492,13744151.0,sample,2026-09-24 19:05:19.864400+00:00
META,2025-01-12 08:30:00+00:00,224.1084853488331,226.19961766032387,223.12455832418615,225.12907722931985,225.12907722931985,13246289.0,sample,2026-09-24 19:05:19.864400+00:00
META,2025-01-12 09:30:00+00:00,225.10389971405542,226.7917336419171,220.89680788987692,223.5370787438154,223.5370787438154,11930387.0,sample,2026-09-24 19:05:19.864400+00:00
META,2025-01-12 10:30:00+00:00,223.8349466102455,225.81159938469432,220.5085806470212,222.49733831111814,222.49733831111814,11875202.0,sample,2026-09-24 19:05:19.864400+00:00
META,2025-01-12 11:30:00+00:00,222.33269576074244,226.4050913439844,220.53342147433492,224.54128397754994,224.54128397754994,16699833.0,sample,2026-09-24 19:05:19.864400+00:00
META,2025-01-12 12:30:00+00:00,224.35685410986787,227.40742759539563,222.81197572387708,225.1503848697143,225.1503848697143,7071031.0,sample,2026-09-24 19:05:19.864400+00:00
META,2025-01-12 13:30:00+00:00,225.82646595765723,226.4085572679835,222.89670874864646,224.86960616362978,224.86960616362978,17748831.0,sample,2026-09-24 19:05:19.864400+00:00
META,2025-01-12 14:30:00+00:00,224.97203468492052,226.68464041785623,223.47754379939383,225.7269650720972,225.7269650720972,13643166.0,sample,2026-09-24 19:05:19.864400+00:00
META,2025-01-12 15:30:00+00:00,225.98967053779714,227.0808929331242,225.59500694097147,226.05650584199478,226.05650584199478,7596507.0,sample,2026-09-24 19:05:19.864400+00:00
META,2025-01-12 16:30:00+00:00,225.99017229864003,227.37175006598724,223.97202786701115,226.79215332790596,226.79215332790596,10467579.0,sample,2026-09-24 19:05:19.864400+00:00
META,2025-01-12 17:30:00+00:00,226.8018283900749,229.08788203144178,223.77765660922037,226.4513681959468,226.4513681959468,13207635.0,sample,2026-09-24 19:05:19.864400+00:00
META,2025-01-12 18:30:00+00:00,226.25362230320906,228.9059029960699,223.89054791824336,227.9712675203267,227.9712675203267,7638205.0,sample,2026-09-24 19:05:19.864400+00:00
META,2025-01-12 19:30:00+00:00,228.09569204218022,230.3741656484159,227.29803911141062,228.21644348097874,228.21644348097874,3495199.0,sample,2026-09-24 19:05:19.864400+00:00
META,2025-01-12 20:30:00+00:00,228.19053880285534,230.6195958883765,224.87457692041176,227.1329643377218,227.1329643377218,17993927.0,sample,2026-09-24 19:05:19.864400+00:00
META,2025-01-12 21:30:00+00:00,227.1267432919706,228.6963268576007,224.69323509283902,227.10063327240383,227.10063327240383,17555319.0,sample,2026-09-24 19:05:19.864400+00:00
META,2025-01-12 22:30:00+00:00,226.88932188979373,227.97590061684338,225.6276969387923,226.81368904274242,226.81368904274242,6289224.0,sample,2026-09-24 19:05:19.864400+00:00
META,2025-01-12 23:30:00+00:00,228.00731617422645,228.28663481273645,226.35973335426837,227.19036207404974,227.19036207404974,6471101.0,sample,2026-09-24 19:05:19.864400+00:00
META,2025-01-13 00:30:00+00:00,227.70364469711427,229.79722556977808,226.45147918732786,227.461978580849,227.461978580849,14806593.0,sample,2026-09-24 19:05:19.864400+00:00
META,2025-01-13 01:30:00+00:00,227.17560161439303,229.68391981638572,225.973330971788,227.57792915621275,227.57792915621275,6392825.0,sample,2026-09-24 19:05:19.864400+00:00
META,2025-01-13 02:30:00+00:00,226.96427160527088,227.76623430350884,225.51817426447084,226.80962207695072,226.80962207695072,3858350.0,sample,2026-09-24 19:05:19.864400+00:00
META,2025-01-13 03:30:00+00:00,227.2023318475684,227.44963674579435,225.48124091931584,227.0216256065486,227.0216256065486,7148091.0,sample,2026-09-24 19:05:19.864400+00:00
META,2025-01-13 04:30:00+00:00,227.04958177030352,227.76263505548593,225.3849620581808,226.50167798868694,226.50167798868694,15591610.0,sample,2026-09-24 19:05:19.864400+00:00
META,2025-01-13 05:30:00+00:00,226.25239999574902,230.08433733011478,224.03718225776697,228.01206373285086,228.01206373285086,17217075.0,sample,2026-09-24 19:05:19.864400+00:00
META,2025-01-13 06:30:00+00:00,228.26681651358362,229.3093381578476,224.65492316801198,226.9620689273651,226.9620689273651,3511605.0,sample,2026-09-24 19:05:19.864400+00:00
META,2025-01-13 07:30:00+00:00,226.66103940953857,229.21626778226369,224.42177154014664,226.7151701357609,226.7151701357609,6590421.0,sample,2026-09-24 19:05:19.864400+00:00
META,2025-01-13 08:30:00+00:00,227.49271627032073,228.29591719178862,225.15537247772355,226.25529179049883,226.25529179049883,10707414.0,sample,2026-09-24 19:05:19.864400+00:00
META,2025-01-13 09:30:00+00:00,226.26790874190252,228.05174983609064,224.96149307158805,225.34905232128273,225.34905232128273,13686561.0,sample,2026-09-24 19:05:19.864400+00:00
META,2025-01-13 10:30:00+00:00,224.87047266240396,228.08794000009354,222.20437574831428,225.73137884532733,225.73137884532733,16323413.0,sample,2026-09-24 19:05:19.864400+00:00
META,2025-01-13 11:30:00+00:00,225.0199600534356,227.16098216717612,224.09505891843503,226.02251019690348,226.02251019690348,5355870.0,sample,2026-09-24 19:05:19.864400+00:00
META,2025-01-13 12:30:00+00:00,226.80011808056398,228.6011574982206,224.27002940033577,226.2091014705303,226.2091014705303,8107828.0,sample,2026-09-24 19:05:19.864400+00:00
META,2025-01-13 13:30:00+00:00,225.98726852268038,229.92502042410987,225.58898412113336,227.6215009374156,227.6215009374156,6682998.0,sample,2026-09-24 19:05:19.864400+00:00
META,2025-01-13 14:30:00+00:00,227.48322110593435,229.88053035784415,225.45290502254053,227.11100588843988,227.11100588843988,9827493.0,sample,2026-09-24 19:05:19.864400+00:00
META,2025-01-13 15:30:00+00:00,227.241371669516,229.10696016212302,225.52010443626966,227.54634524520563,227.54634524520563,6605462.0,sample,2026-09-24 19:05:19.864400+00:00
META,2025-01-13 16:30:00+00:00,227.1759811041155,230.30054147883615,225.41931448213762,227.6461925972081,227.6461925972081,7721360.0,sample,2026-09-24 19:05:19.864400+00:00
META,2025-01-13 17:30:00+00:00,227.0841157558207,228.87599549390893,224.983028651296,227.91582406348877,227.91582406348877,3244449.0,sample,2026-09-24 19:05:19.864400+00:00
META,2025-01-13 18:30:00+00:00,227.59739453242233,229.8233380138707,225.35804411708742,226.74738492945423,226.74738492945423,17662271.0,sample,2026-09-24 19:05:19.864400+00:00
META,2025-01-13 19:30:00+00:00,226.87954810144748,228.83134730675386,225.2247795403949,225.64850850911486,225.64850850911486,16249605.0,sample,2026-09-24 19:05:19.864400+00:00
META,2025-01-13 20:30:00+00:00,225.66450555080493,227.0454916946409,225.10086350174566,226.4278831815233,226.4278831815233,5160572.0,sample,2026-09-24 19:05:19.864400+00:00
META,2025-01-13 21:30:00+00:00,226.05731886842437,226.96445708612765,224.7867186053436,225.35563494785578,225.35563494785578,4023834.0,sample,2026-09-24 19:05:19.864400+00:00
META,2025-01-13 22:30:00+00:00,225.2020063750309,227.76272408222687,223.1746611435384,226.38512270393676,226.38512270393676,13389767.0,sample,2026-09-24 19:05:19.864400+00:00
META,2025-01-13 23:30:00+00:00,227.07751864424336,229.6533400726611,225.88457922208946,227.80446355125204,227.80446355125204,2624358.0,sample,2026-09-24 19:05:19.864400+00:00
META,2025-01-14 00:30:00+00:00,228.29364717591585,230.67311935499043,226.58532649840257,227.2925661937478,227.2925661937478,2437790.0,sample,2026-09-24 19:05:19.864400+00:00
META,2025-01-14 01:30:00+00:00,227.14259436718805,229.00955779886255,225.5431519112955,227.6243515771809,227.6243515771809,10961788.0,sample,2026-09-24 19:05:19.864400+00:00
META,2025-01-14 02:30:00+00:00,227.7643514828288,230.35189985199895,226.00955271670932,227.81161060147758,227.81161060147758,2197382.0,sample,2026-09-24 19:05:19.864400+00:00
META,2025-01-14 03:30:00+00:00,227.79866290401128,230.61961016882617,226.25253647746808,229.2388616278186,229.2388616278186,10011471.0,sample,2026-09-24 19:05:19.864400+00:00
META,2025-01-14 04:30:00+00:00,229.47241758921098,232.9496887495874,227.7798105070896,231.253861547444,231.253861547444,10674879.0,sample,2026-09-24 19:05:19.864400+00:00
META,2025-01-14 05:30:00+00:00,232.24222089337943,233.43457634693388,231.24317394447772,232.03631645043896,232.03631645043896,4687766.0,sample,2026-09-24 19:05:19.864400+00:00
META,2025-01-14 06:30:00+00:00,231.83228780749155,235.32582450673746,229.9133001812711,232.88287190201225,232.88287190201225,10327734.0,sample,2026-09-24 19:05:19.864400+00:00
META,2025-01-14 07:30:00+00:00,233.13813010150645,234.47229535855814,231.58829461065454,234.08678298781726,234.08678298781726,8285767.0,sample,2026-09-24 19:05:19.864400+00:00
META,2025-01-14 08:30:00+00:00,234.17250255372798,235.41693334333968,232.81597841731457,233.2084923258261,233.2084923258261,16844087.0,sample,2026-09-24 19:05:19.864400+00:00
META,2025-01-14 09:30:00+00:00,233.38558310385406,233.61908875309246,231.15660447444438,233.16866102485875,233.16866102485875,6592742.0,sample,2026-09-24 19:05:19.864400+00:00
META,2025-01-14 10:30:00+00:00,233.17741750898762,235.72476296531025,230.90296093645233,234.03059887858865,234.03059887858865,16364833.0,sample,2026-09-24 19:05:19.864400+00:00
META,2025-01-14 11:30:00+00:00,233.64119998983324,235.65390521957607,232.38668861495972,233.59609530919727,233.59609530919727,8656854.0,sample,2026-09-24 19:05:19.864400+00:00
META,2025-01-14 12:30:00+00:00,233.33211577693504,236.83257559649442,230.55248885918823,235.20856720499012,235.20856720499012,8195151.0,sample,2026-09-24 19:05:19.864400+00:00
META,2025-01-14 13:30:00+00:00,234.25972713860995,236.8079131270993,231.51869073011045,234.34103866229847,234.34103866229847,2400744.0,sample,2026-09-24 19:05:19.864400+00:00
META,2025-01-14 14:30:00+00:00,233.84624954332264,236.20636490061688,231.74413952254838,234.18421128616143,234.18421128616143,10991453.0,sample,2026-09-24 19:05:19.864400+00:00
META,2025-01-14 15:30:00+00:00,234.01809955507562,235.87219639795768,233.45752990063,234.307477127737,234.307477127737,13105976.0,sample,2026-09-24 19:05:19.864400+00:00
META,2025-01-14 16:30:00+00:00,234.69751879920446,236.26920720865127,233.02136548478515,234.96561979775623,234.96561979775623,15772930.0,sample,2026-09-24 19:05:19.864400+00:00
META,2025-01-14 17:30:00+00:00,235.37954765661297,237.05970423146692,231.65781290045783,234.0996481173337,234.0996481173337,10717546.0,sample,2026-09-24 19:05:19.864400+00:00
META,2025-01-14 18:30:00+00:00,234.10974045303564,234.89358658278599,231.37398104537525,233.74567867310722,233.74567867310722,8108626.0,sample,2026-09-24 19:05:19.864400+00:00
META,2025-01-14 19:30:00+00:00,233.47862797278842,234.47657183576922,232.56928690586844,234.09681913420553,234.09681913420553,4979184.0,sample,2026-09-24 19:05:19.864400+00:00
META,2025-01-14 20:30:00+00:00,233.58349432841837,234.4415711341055,232.9593075207838,234.18445353424954,234.18445353424954,13134718.0,sample,2026-09-24 19:05:19.864400+00:00
META,2025-01-14 21:30:00+00:00,233.46119576836747,235.8981724947283,231.25574485125296,234.7319598405731,234.7319598405731,15466983.0,sample,2026-09-24 19:05:19.864400+00:00
META,2025-01-14 22:30:00+00:00,234.7959950753711,236.73979444168174,231.71695364151188,233.94173652593375,233.94173652593375,2925585.0,sample,2026-09-24 19:05:19.864400+00:00
META,2025-01-14 23:30:00+00:00,234.24087651251313,236.42717651600688,232.47957825855718,232.87375448562412,232.87375448562412,11854999.0,sample,2026-09-24 19:05:19.864400+00:00
META,2025-01-15 00:30:00+00:00,232.864346969358,233.36518500929367,228.28033317198378,230.16876470096346,230.16876470096346,16400103.0,sample,2026-09-24 19:05:19.864400+00:00
META,2025-01-15 01:30:00+00:00,229.70411862994783,232.15237889141022,227.78872725391295,228.8867362656686,228.8867362656686,17153020.0,sample,2026-09-24 19:05:19.864400+00:00
META,2025-01-15 02:30:00+00:00,228.4388626373288,229.52795365282665,226.00937459083318,228.35478352747438,228.35478352747438,14781612.0,sample,2026-09-24 19:05:19.864400+00:00
META,2025-01-15 03:30:00+00:00,229.07774813653074,230.8861951994743,224.3420243821769,226.89319471881842,226.89319471881842,16866403.0,sample,2026-09-24 19:05:19.864400+00:00
META,2025-01-15 04:30:00+00:00,227.08931931839513,228.5763637834633,224.90503504496115,226.41748155366332,226.41748155366332,8583500.0,sample,2026-09-24 19:05:19.864400+00:00
META,2025-01-15 05:30:00+00:00,226.25152041734017,229.34038067572357,224.68898716301854,227.07583808727793,227.07583808727793,15431647.0,sample,2026-09-24 19:05:19.864400+00:00
META,2025-01-15 06:30:00+00:00,227.52347470431582,229.6128848410988,223.97123837390603,226.51424672644285,226.51424672644285,15358893.0,sample,2026-09-24 19:05:19.864400+00:00
META,2025-01-15 07:30:00+00:00,226.59912289466718,229.79976198333082,224.02732974460991,227.23847559644048,227.23847559644048,2662509.0,sample,2026-09-24 19:05:19.864400+00:00
META,2025-01-15 08:30:00+00:00,226.53662756845904,230.4616813187615,225.75766623793885,227.8060083852656,227.8060083852656,7530578.0,sample,2026-09-24 19:05:19.864400+00:00
META,2025-01-15 09:30:00+00:00,227.944121658093,228.3052483138728,227.30990574347794,227.71637370856772,227.71637370856772,12195783.0,sample,2026-09-24 19:05:19.864400+00:00
META,2025-01-15 10:30:00+00:00,227.85818701119138,230.3808161414238,226.42073016631647,228.27218939847492,228.27218939847492,8495734.0,sample,2026-09-24 19:05:19.864400+00:00
META,2025-01-15 11:30:00+00:00,228.87841467401202,231.43715969340812,227.73851408006382,228.99823682322008,228.99823682322008,16706418.0,sample,2026-09-24 19:05:19.864400+00:00
META,2025-01-15 12:30:00+00:00,228.67785165351944,228.9963971286995,226.36103517901242,227.63040256419578,227.63040256419578,14415679.0,sample,2026-09-24 19:05:19.864400+00:00
META,2025-01-15 13:30:00+00:00,227.98619722029957,230.92321377687705,225.7661078948255,229.0148650673743,229.0148650673743,11818750.0,sample,2026-09-24 19:05:19.864400+00:00
META,2025-01-15 14:30:00+00:00,229.35606785460087,231.69492668069753,225.52719116383798,227.28480503520248,227.28480503520248,7519810.0,sample,2026-09-24 19:05:19.864400+00:00
META,2025-01-15 15:30:00+00:00,227.45940188696483,227.95529650675837,225.43395273209222,227.4369462278012,227.4369462278012,13786178.0,sample,2026-09-24 19:05:19.864400+00:00
META,2025-01-15 16:30:00+00:00,227.46935804575267,228.63399942430615,225.3596317414975,226.7862189407686,226.7862189407686,15237241.0,sample,2026-09-24 19:05:19.864400+00:00
META,2025-01-15 17:30:00+00:00,226.8199950603486,228.79208876514213,224.88095550507572,226.19525768195587,226.19525768195587,10171804.0,sample,2026-09-24 19:05:19.864400+00:00
META,2025-01-15 18:30:00+00:00,226.15672397482496,228.24138515290028,225.5455109925387,226.30023639958551,226.30023639958551,4758527.0,sample,2026-09-24 19:05:19.864400+00:00
META,2025-01-15 19:30:00+00:00,226.38632407033523,228.91076159738606,224.70034397222878,225.86709672440446,225.86709672440446,17412421.0,sample,2026-09-24 19:05:19.864400+00:00
META,2025-01-15 20:30:00+00:00,226.19103613199937,226.64815698142888,223.5858395986162,225.61320471551386,225.61320471551386,6670244.0,sample,2026-09-24 19:05:19.864400+00:00
META,2025-01-15 21:30:00+00:00,225.58950100192675,227.3206334800292,224.64381198628695,225.50223046723454,225.50223046723454,13800559.0,sample,2026-09-24 19:05:19.864400+00:00
META,2025-01-15 22:30:00+00:00,225.22249270291363,225.61737495961663,224.08768603614357,224.6259597495148,224.6259597495148,17117004.0,sample,2026-09-24 19:05:19.864400+00:00
META,2025-01-15 23:30:00+00:00,224.46499741148165,226.77279291980915,223.65051335950727,224.7779663631653,224.7779663631653,9576569.0,sample,2026-09-24 19:05:19.864400+00:00
META,2025-01-16 00:30:00+00:00,224.64913403775546,227.0231294605779,223.5188204313564,223.74509188607132,223.74509188607132,13280324.0,sample,2026-09-24 19:05:19.864400+00:00
META,2025-01-16 01:30:00+00:00,223.62862044025616,224.68845304791992,221.18103247428283,224.2088128111022,224.2088128111022,11904587.0,sample,2026-09-24 19:05:19.864400+00:00
META,2025-01-16 02:30:00+00:00,224.22522545121583,225.9836228164325,221.32259324900693,223.10985362840822,223.10985362840822,7495787.0,sample,2026-09-24 19:05:19.864400+00:00
META,2025-01-16 03:30:00+00:00,222.45233157642562,224.99044498465764,222.0589958367248,223.32871271499684,223.32871271499684,16717058.0,sample,2026-09-24 19:05:19.864400+00:00
META,2025-01-16 04:30:00+00:00,223.4879505249215,224.86151229588742,220.9987474721378,222.87175142171145,222.87175142171145,9789993.0,sample,2026-09-24 19:05:19.864400+00:00
META,2025-01-16 05:30:00+00:00,223.74536810645617,225.00370034519517,223.26548660156564,224.21818974519775,224.21818974519775,14007834.0,sample,2026-09-24 19:05:19.864400+00:00
META,2025-01-16 06:30:00+00:00,224.61936494758163,225.39669126012976,221.18057113940787,223.38391885555237,223.38391885555237,17137986.0,sample,2026-09-24 19:05:19.864400+00:00
META,2025-01-16 07:30:00+00:00,223.13970278153081,225.78371572967578,222.73296370841263,224.5107086756397,224.5107086756397,15341102.0,sample,2026-09-24 19:05:19.864400+00:00
META,2025-01-16 08:30:00+00:00,223.86062153325977,226.3975812151843,222.7181899981791,224.22154764919821,224.22154764919821,10819390.0,sample,2026-09-24 19:05:19.864400+00:00
META,2025-01-16 09:30:00+00:00,224.1244107443421,224.7930233208449,220.38195381810942,222.83943649388286,222.83943649388286,3694564.0,sample,2026-09-24 19:05:19.864400+00:00
META,2025-01-16 10:30:00+00:00,222.7174411618035,224.52880083440488,220.53219743776998,224.1814620259965,224.1814620259965,15832457.0,sample,2026-09-24 19:05:19.864400+00:00
META,2025-01-16 11:30:00+00:00,224.19892707130015,225.77309352780364,221.92307037806816,225.1688784734002,225.1688784734002,5891712.0,sample,2026-09-24 19:05:19.864400+00:00
META,2025-01-16 12:30:00+00:00,224.75691676344385,229.02399414292356,222.2257694257759,226.81421222966574,226.81421222966574,9414259.0,sample,2026-09-24 19:05:19.864400+00:00
META,2025-01-16 13:30:00+00:00,226.4064092124398,227.5117353496736,224.93874116990256,226.53193842246594,226.53193842246594,9441626.0,sample,2026-09-24 19:05:19.864400+00:00
META,2025-01-16 14:30:00+00:00,226.8076650966181,228.01895246077703,225.46056929129753,227.48410543727493,227.48410543727493,13001515.0,sample,2026-09-24 19:05:19.864400+00:00
META,2025-01-16 15:30:00+00:00,227.35051117430595,229.49018160649857,224.75333539776986,229.02149591607258,229.02149591607258,5608319.0,sample,2026-09-24 19:05:19.864400+00:00
META,2025-01-16 16:30:00+00:00,229.5046977058369,230.49781786425723,228.41451123998743,229.3447404138381,229.3447404138381,5352667.0,sample,2026-09-24 19:05:19.864400+00:00
META,2025-01-16 17:30:00+00:00,228.85292104937787,232.71279916657875,228.2342043746146,232.18647448350507,232.18647448350507,2079248.0,sample,2026-09-24 19:05:19.864400+00:00
META,2025-01-16 18:30:00+00:00,231.40504347875236,232.6228867072559,229.69765370048313,232.17464602393378,232.17464602393378,14294741.0,sample,2026-09-24 19:05:19.864400+00:00
META,2025-01-16 19:30:00+00:00,232.38299690093518,233.60894514913588,231.34973739004428,233.34096412389954,233.34096412389954,16126251.0,sample,2026-09-24 19:05:19.864400+00:00
META,2025-01-16 20:30:00+00:00,232.89348868602093,235.1233274552832,230.49615140698475,232.76659890149776,232.76659890149776,12184810.0,sample,2026-09-24 19:05:19.864400+00:00
META,2025-01-16 21:30:00+00:00,232.40237910260421,233.02293169623067,230.34847586418505,232.3405664981094,232.3405664981094,11040384.0,sample,2026-09-24 19:05:19.864400+00:00
META,2025-01-16 22:30:00+00:00,232.6604446852685,233.81020767534784,229.67102721583106,232.26862379834492,232.26862379834492,7144507.0,sample,2026-09-24 19:05:19.864400+00:00
META,2025-01-16 23:30:00+00:00,232.07528103909561,234.32282334675725,230.1333676546361,232.47562231100866,232.47562231100866,2346368.0,sample,2026-09-24 19:05:19.864400+00:00
META,2025-01-17 00:30:00+00:00,232.81274115965164,235.12278158508045,231.12449994071366,232.99337976825936,232.99337976825936,17533292.0,sample,2026-09-24 19:05:19.864400+00:00
META,2025-01-17 01:30:00+00:00,232.6937998853717,235.54768588233983,230.5955785173351,233.7691446808479,233.7691446808479,3254248.0,sample,2026-09-24 19:05:19.864400+00:00
META,2025-01-17 02:30:00+00:00,233.80950412270977,235.547444828535,231.13730136298113,232.06475619517911,232.06475619517911,6950662.0,sample,2026-09-24 19:05:19.864400+00:00
META,2025-01-17 03:30:00+00:00,232.2565414342608,234.33109805754665,231.17455060769228,232.46042871600972,232.46042871600972,15308066.0,sample,2026-09-24 19:05:19.864400+00:00
META,2025-01-17 04:30:00+00:00,232.89350343971975,235.28269656089154,231.6439085914514,232.21845823992484,232.21845823992484,4052331.0,sample,2026-09-24 19:05:19.864400+00:00
META,2025-01-17 05:30:00+00:00,232.54536642611558,234.02263651455524,228.626112531516,230.81954780130533,230.81954780130533,12679552.0,sample,2026-09-24 19:05:19.864400+00:00
META,2025-01-17 06:30:00+00:00,230.637375733396,232.05854951917672,228.53924826616876,230.4020773290299,230.4020773290299,10234613.0,sample,2026-09-24 19:05:19.864400+00:00
META,2025-01-17 07:30:00+00:00,230.2435622990765,233.00386391649917,228.1460236531257,231.27267254987555,231.27267254987555,10971028.0,sample,2026-09-24 19:05:19.864400+00:00
META,2025-01-17 08:30:00+00:00,231.6793985957945,233.85026187175575,229.38671511950162,231.97703355518627,231.97703355518627,14209690.0,sample,2026-09-24 19:05:19.864400+00:00
META,2025-01-17 09:30:00+00:00,232.44329580188986,233.10259221739497,228.92081904318385,230.77440000362597,230.77440000362597,4836691.0,sample,2026-09-24 19:05:19.864400+00:00
META,2025-01-17 10:30:00+00:00,231.2106947969627,233.9094543252085,229.84093233314084,230.40234012769005,230.40234012769005,10701267.0,sample,2026-09-24 19:05:19.864400+00:00
META,2025-01-17 11:30:00+00:00,229.76050792644313,231.55348415187868,229.13597182458216,230.10317559016494,230.10317559016494,10782697.0,sample,2026-09-24 19:05:19.864400+00:00
META,2025-01-17 12:30:00+00:00,229.39655093993306,232.07717644962526,227.15610133090942,231.46839107885265,231.46839107885265,10674552.0,sample,2026-09-24 19:05:19.864400+00:00
META,2025-01-17 13:30:00+00:00,231.50661084010025,233.8730852786882,229.43750651354335,231.3270499814948,231.3270499814948,3070961.0,sample,2026-09-24 19:05:19.864400+00:00
META,2025-01-17 14:30:00+00:00,230.84238536985126,232.26623339912177,228.3500304301544,230.7115459710252,230.7115459710252,14657863.0,sample,2026-09-24 19:05:19.864400+00:00
META,2025-01-17 15:30:00+00:00,230.50112700288327,231.66158988808323,228.1491833496547,230.7505867286442,230.7505867286442,7467163.0,sample,2026-09-24 19:05:19.864400+00:00
META,2025-01-17 16:30:00+00:00,230.77927678311107,233.0868799326298,227.28882200228256,228.5118972596757,228.5118972596757,8714820.0,sample,2026-09-24 19:05:19.864400+00:00
META,2025-01-17 17:30:00+00:00,228.3755501137186,229.01819972373363,227.22372137062328,228.6384130129383,228.6384130129383,15894466.0,sample,2026-09-24 19:05:19.864400+00:00
META,2025-01-17 18:30:00+00:00,228.70026202978025,230.4512586607973,227.5048505174994,229.55051025815052,229.55051025815052,12755145.0,sample,2026-09-24 19:05:19.864400+00:00
META,2025-01-17 19:30:00+00:00,230.2815356819294,231.49420889363765,228.66004309849652,229.9418329518509,229.9418329518509,5565758.0,sample,2026-09-24 19:05:19.864400+00:00
META,2025-01-17 20:30:00+00:00,229.43673270220694,231.8448287314924,227.02162473502503,228.27614310617545,228.27614310617545,4032570.0,sample,2026-09-24 19:05:19.864400+00:00
META,2025-01-17 21:30:00+00:00,228.3194391411698,233.1433676195942,228.0362356651287,230.51506931417254,230.51506931417254,2097553.0,sample,2026-09-24 19:05:19.864400+00:00
META,2025-01-17 22:30:00+00:00,230.19247947876084,232.3409817523869,229.0228646958562,231.07190416769254,231.07190416769254,17705070.0,sample,2026-09-24 19:05:19.864400+00:00
META,2025-01-17 23:30:00+00:00,230.8927759655892,233.634360476646,228.30844313193788,230.9535426943584,230.9535426943584,4920205.0,sample,2026-09-24 19:05:19.864400+00:00
META,2025-01-18 00:30:00+00:00,230.43883640430766,232.06977257075016,228.1951135683673,230.8612901541987,230.8612901541987,12299715.0,sample,2026-09-24 19:05:19.864400+00:00
META,2025-01-18 01:30:00+00:00,231.04353465248516,233.24088538953245,230.0307285625451,231.631697981987,231.631697981987,16083049.0,sample,2026-09-24 19:05:19.864400+00:00
META,2025-01-18 02:30:00+00:00,231.46446587694848,232.60216719654926,229.81210336380434,231.50280606663537,231.50280606663537,4456326.0,sample,2026-09-24 19:05:19.864400+00:00
META,2025-01-18 03:30:00+00:00,232.24671380682753,232.8517946920122,229.64847092696806,231.37759794910878,231.37759794910878,14789871.0,sample,2026-09-24 19:05:19.864400+00:00
META,2025-01-18 04:30:00+00:00,231.81664770547337,232.55599535490424,231.08724568527524,231.94999488951905,231.94999488951905,13412001.0,sample,2026-09-24 19:05:19.864400+00:00
META,2025-01-18 05:30:00+00:00,231.25537127533147,233.502275962678,228.76884961821318,230.9446715435351,230.9446715435351,1545667.0,sample,2026-09-24 19:05:19.864400+00:00
META,2025-01-18 06:30:00+00:00,231.21607124073896,233.24151870001535,229.26627858583723,231.6444990143084,231.6444990143084,16744054.0,sample,2026-09-24 19:05:19.864400+00:00
META,2025-01-18 07:30:00+00:00,231.51740472400112,234.030469043499,229.73729711207537,230.76447837306978,230.76447837306978,4140387.0,sample,2026-09-24 19:05:19.864400+00:00
META,2025-01-18 08:30:00+00:00,230.63404561271642,233.25405741729023,229.39771039653738,231.17335263254452,231.17335263254452,12443630.0,sample,2026-09-24 19:05:19.864400+00:00
META,2025-01-18 09:30:00+00:00,231.6914421944814,234.56435917463781,229.65036849162996,232.15089370383694,232.15089370383694,17144193.0,sample,2026-09-24 19:05:19.864400+00:00
META,2025-01-18 10:30:00+00:00,233.16085654647276,235.690643025611,230.21381545983903,232.64095091915308,232.64095091915308,13039045.0,sample,2026-09-24 19:05:19.864400+00:00
META,2025-01-18 11:30:00+00:00,232.10774572354742,234.3404041252823,230.73698917861054,233.4088163520319,233.4088163520319,2179950.0,sample,2026-09-24 19:05:19.864400+00:00
META,2025-01-18 12:30:00+00:00,232.95184737215615,234.74875963422085,230.52964885126065,233.0621295517972,233.0621295517972,3125139.0,sample,2026-09-24 19:05:19.864400+00:00
META,2025-01-18 13:30:00+00:00,232.67125104340295,233.57901083685627,232.00292784178478,232.3395299091335,232.3395299091335,14307626.0,sample,2026-09-24 19:05:19.864400+00:00
META,2025-01-18 14:30:00+00:00,232.57569296555067,234.8467305923265,231.33403275625864,233.31347378534372,233.31347378534372,10644718.0,sample,2026-09-24 19:05:19.864400+00:00
META,2025-01-18 15:30:00+00:00,233.02294054396003,234.27671040945424,232.33181134152346,233.1911621565491,233.1911621565491,7676266.0,sample,2026-09-24 19:05:19.864400+00:00
META,2025-01-18 16:30:00+00:00,233.58626700571048,234.5428653286399,230.42478957243776,232.40929616926945,232.40929616926945,2056755.0,sample,2026-09-24 19:05:19.864400+00:00
META,2025-01-18 17:30:00+00:00,231.3094251861238,234.49864763087217,229.4652876232187,231.91664217348944,231.91664217348944,12898376.0,sample,2026-09-24 19:05:19.864400+00:00
META,2025-01-18 18:30:00+00:00,231.4577481723032,233.4372503038248,229.41492980659473,231.25565910757305,231.25565910757305,2116441.0,sample,2026-09-24 19:05:19.864400+00:00
META,2025-01-18 19:30:00+00:00,231.6315260772956,233.10853048205678,231.26891242207165,231.93131409350184,231.93131409350184,6348491.0,sample,2026-09-24 19:05:19.864400+00:00
META,2025-01-18 20:30:00+00:00,232.4691798825943,232.79297747402146,231.77305897728183,232.47941062224555,232.47941062224555,1746194.0,sample,2026-09-24 19:05:19.864400+00:00
META,2025-01-18 21:30:00+00:00,231.92714962355183,234.3712094826745,229.75381216688967,233.84235287827877,233.84235287827877,1723703.0,sample,2026-09-24 19:05:19.864400+00:00
META,2025-01-18 22:30:00+00:00,233.19022741735535,235.77792568034616,230.76612739674405,232.8082520314435,232.8082520314435,8330935.0,sample,2026-09-24 19:05:19.864400+00:00
META,2025-01-18 23:30:00+00:00,232.5899422323619,233.28099202497714,230.2099349690952,232.8617430392466,232.8617430392466,3077383.0,sample,2026-09-24 19:05:19.864400+00:00
META,2025-01-19 00:30:00+00:00,232.63888678920526,234.32931951278823,231.18465999103722,232.7872433204773,232.7872433204773,16351870.0,sample,2026-09-24 19:05:19.864400+00:00
META,2025-01-19 01:30:00+00:00,232.56465580111606,233.55404518410535,228.26170428973725,230.86764375730039,230.86764375730039,3631505.0,sample,2026-09-24 19:05:19.864400+00:00
META,2025-01-19 02:30:00+00:00,230.51304756909877,232.67052690823257,228.20837958273341,230.8090001749678,230.8090001749678,14543414.0,sample,2026-09-24 19:05:19.864400+00:00
META,2025-01-19 03:30:00+00:00,231.97709864252698,233.01052485775182,230.14649347999156,231.3734858517344,231.3734858517344,14391872.0,sample,2026-09-24 19:05:19.864400+00:00
META,2025-01-19 04:30:00+00:00,231.8112784366228,233.86014950480734,229.87697184317676,230.61284928828823,230.61284928828823,1797824.0,sample,2026-09-24 19:05:19.864400+00:00
META,2025-01-19 05:30:00+00:00,230.25378085532122,232.49540165069553,229.00627859156583,229.46217325972248,229.46217325972248,4327744.0,sample,2026-09-24 19:05:19.864400+00:00
META,2025-01-19 06:30:00+00:00,229.1472168498494,233.55893261021694,227.94123400653527,231.61886737779312,231.61886737779312,3466361.0,sample,2026-09-24 19:05:19.864400+00:00
META,2025-01-19 07:30:00+00:00,231.61900116908802,233.81104629681138,230.0964018341039,230.37562355751865,230.37562355751865,11955982.0,sample,2026-09-24 19:05:19.864400+00:00
META,2025-01-19 08:30:00+00:00,230.606068142918,234.3277304272555,228.6382073211406,231.76678647353307,231.76678647353307,4840319.0,sample,2026-09-24 19:05:19.864400+00:00
META,2025-01-19 09:30:00+00:00,232.52895794325454,232.95541857577658,231.77327899753968,232.06578887238197,232.06578887238197,7120924.0,sample,2026-09-24 19:05:19.864400+00:00
META,2025-01-19 10:30:00+00:00,232.642729478376,235.12352691081628,232.06778975406985,232.46815000713448,232.46815000713448,4469116.0,sample,2026-09-24 19:05:19.864400+00:00
META,2025-01-19 11:30:00+00:00,232.60270365484254,234.74781020565007,230.31579268804128,231.98549311917125,231.98549311917125,9750865.0,sample,2026-09-24 19:05:19.864400+00:00
META,2025-01-19 12:30:00+00:00,231.77470035842893,234.25104734521142,228.4510513282567,231.07747097153273,231.07747097153273,1757811.0,sample,2026-09-24 19:05:19.864400+00:00
META,2025-01-19 13:30:00+00:00,231.56711862544537,234.17883383098152,229.1181120335474,232.42704580330434,232.42704580330434,10680467.0,sample,2026-09-24 19:05:19.864400+00:00
META,2025-01-19 14:30:00+00:00,232.83818013057927,236.6605256411319,231.67117913908314,234.17914442434932,234.17914442434932,4421110.0,sample,2026-09-24 19:05:19.864400+00:00
META,2025-01-19 15:30:00+00:00,233.7425848116578,234.11364493515737,230.79343962583002,233.40714081879437,233.40714081879437,12002365.0,sample,2026-09-24 19:05:19.864400+00:00
META,2025-01-19 16:30:00+00:00,232.63484163338114,236.54917497233637,229.91545795717397,234.55089716584976,234.55089716584976,8624171.0,sample,2026-09-24 19:05:19.864400+00:00
META,2025-01-19 17:30:00+00:00,234.43232682264966,236.67993315864953,231.87304078035783,234.5657721704062,234.5657721704062,4040955.0,sample,2026-09-24 19:05:19.864400+00:00
META,2025-01-19 18:30:00+00:00,234.70396701155377,238.12481010332257,233.7167540195411,235.31776332298605,235.31776332298605,4114377.0,sample,2026-09-24 19:05:19.864400+00:00
META,2025-01-19 19:30:00+00:00,235.22982387426256,235.66324064498562,233.5011261437855,235.13667580677856,235.13667580677856,14137606.0,sample,2026-09-24 19:05:19.864400+00:00
META,2025-01-19 20:30:00+00:00,234.86864473625806,235.6460521469151,232.5620450813447,234.49718429128393,234.49718429128393,11814397.0,sample,2026-09-24 19:05:19.864400+00:00
META,2025-01-19 21:30:00+00:00,234.04388909775423,235.04168165980343,232.0565348800161,233.05572015283437,233.05572015283437,12195195.0,sample,2026-09-24 19:05:19.864400+00:00
META,2025-01-19 22:30:00+00:00,233.74489976380804,235.62846340406827,230.59269080060741,231.45495065529033,231.45495065529033,11495075.0,sample,2026-09-24 19:05:19.864400+00:00
META,2025-01-19 23:30:00+00:00,231.37681443985585,232.4503953121991,228.59708070247328,231.34558101751514,231.34558101751514,5530397.0,sample,2026-09-24 19:05:19.864400+00:00
META,2025-01-20 00:30:00+00:00,230.87728585977823,231.3657807184091,228.10813935935633,231.1234979996228,231.1234979996228,7423686.0,sample,2026-09-24 19:05:19.864400+00:00
META,2025-01-20 01:30:00+00:00,230.6224732955724,231.5158127445322,227.3357901939312,230.0238815491385,230.0238815491385,16733029.0,sample,2026-09-24 19:05:19.864400+00:00
META,2025-01-20 02:30:00+00:00,230.19252517765037,231.15651443557903,226.1800499317803,228.51977041561426,228.51977041561426,8383872.0,sample,2026-09-24 19:05:19.864400+00:00
META,2025-01-20 03:30:00+00:00,228.01182922557032,230.45755971292684,226.9525737482984,227.7714531409917,227.7714531409917,1802342.0,sample,2026-09-24 19:05:19.864400+00:00
META,2025-01-20 04:30:00+00:00,228.40949170090943,229.91219948142725,227.1579440064359,228.11563910468692,228.11563910468692,15674448.0,sample,2026-09-24 19:05:19.864400+00:00
META,2025-01-20 05:30:00+00:00,227.41313369777066,231.06866442921807,224.71452866795488,228.89096353400134,228.89096353400134,9464735.0,sample,2026-09-24 19:05:19.864400+00:00
META,2025-01-20 06:30:00+00:00,228.449100831979,230.4709933845873,226.57031562312827,229.7791059906451,229.7791059906451,6982010.0,sample,2026-09-24 19:05:19.864400+00:00
META,2025-01-20 07:30:00+00:00,228.9897577182491,230.44955215425526,226.92072376773962,229.80414259189138,229.80414259189138,7846448.0,sample,2026-09-24 19:05:19.864400+00:00
META,2025-01-20 08:30:00+00:00,230.00515578510505,232.71678800463394,228.45852233726455,230.44588378695005,230.44588378695005,8078804.0,sample,2026-09-24 19:05:19.864400+00:00
META,2025-01-20 09:30:00+00:00,229.70151705060167,231.23478658701498,228.276669555209,229.2830850409118,229.2830850409118,16368626.0,sample,2026-09-24 19:05:19.864400+00:00
META,2025-01-20 10:30:00+00:00,228.56132410215818,233.07151211618128,225.9186047858147,230.69386179131124,230.69386179131124,13321311.0,sample,2026-09-24 19:05:19.864400+00:00
META,2025-01-20 11:30:00+00:00,230.90256154790487,232.84146508595057,229.1232101463138,230.74389406756137,230.74389406756137,1563164.0,sample,2026-09-24 19:05:19.864400+00:00
META,2025-01-20 12:30:00+00:00,231.17474753798498,232.3820245350557,229.5829372104149,229.95555272933595,229.95555272933595,7031720.0,sample,2026-09-24 19:05:19.864400+00:00
META,2025-01-20 13:30:00+00:00,229.61692188306716,230.91923097789447,226.72451102868612,229.03230810280613,229.03230810280613,16334995.0,sample,2026-09-24 19:05:19.864400+00:00
META,2025-01-20 14:30:00+00:00,229.61284488742007,231.2549012052257,226.75825564161326,227.9753498236947,227.9753498236947,11089381.0,sample,2026-09-24 19:05:19.864400+00:00
META,2025-01-20 15:30:00+00:00,228.34574609545993,229.9511817820762,226.85569119124514,227.61668460936178,227.61668460936178,1920154.0,sample,2026-09-24 19:05:19.864400+00:00
META,2025-01-20 16:30:00+00:00,226.7084356501269,229.74880452679932,225.60832012022618,228.30845497514804,228.30845497514804,6121526.0,sample,2026-09-24 19:05:19.864400+00:00
META,2025-01-20 17:30:00+00:00,228.57057404620016,229.791403964942,226.92304508094077,227.56569753419058,227.56569753419058,4804165.0,sample,2026-09-24 19:05:19.864400+00:00
META,2025-01-20 18:30:00+00:00,228.22661898690785,229.50823219482993,225.62284843695966,228.32556198407661,228.32556198407661,7733853.0,sample,2026-09-24 19:05:19.864400+00:00
META,2025-01-20 19:30:00+00:00,228.3700648466617,229.8189404991001,227.60442122888062,228.38704092990102,228.38704092990102,14791275.0,sample,2026-09-24 19:05:19.864400+00:00
META,2025-01-20 20:30:00+00:00,227.96235712772594,229.78726018976224,226.1033494294267,226.78368200026935,226.78368200026935,8482468.0,sample,2026-09-24 19:05:19.864400+00:00
META,2025-01-20 21:30:00+00:00,226.64995487775863,227.05440700907823,224.077406021155,225.6955270016651,225.6955270016651,13425427.0,sample,2026-09-24 19:05:19.864400+00:00
META,2025-01-20 22:30:00+00:00,225.31863340278463,225.70658352595566,222.56985918101813,224.7806369127145,224.7806369127145,6044359.0,sample,2026-09-24 19:05:19.864400+00:00
META,2025-01-20 23:30:00+00:00,224.8924352414811,227.17796200696966,222.70133377220762,224.30052606400176,224.30052606400176,17352422.0,sample,2026-09-24 19:05:19.864400+00:00
META,2025-01-21 00:30:00+00:00,224.7914926137833,227.736982102352,224.2411569316465,225.84727735612125,225.84727735612125,8311443.0,sample,2026-09-24 19:05:19.864400+00:00
META,2025-01-21 01:30:00+00:00,225.993537525165,229.53624353335397,223.38431425345775,227.9093060955663,227.9093060955663,6075207.0,sample,2026-09-24 19:05:19.864400+00:00
META,2025-01-21 02:30:00+00:00,228.08981383402644,230.61793922761618,226.893994056377,228.07114165701788,228.07114165701788,15351190.0,sample,2026-09-24 19:05:19.864400+00:00
META,2025-01-21 03:30:00+00:00,228.99827768393928,230.57610613240413,226.7707643221974,228.25428686180828,228.25428686180828,11469700.0,sample,2026-09-24 19:05:19.864400+00:00
META,2025-01-21 04:30:00+00:00,228.32913206994803,229.56331507336682,226.57085106082047,227.47294821282392,227.47294821282392,2987905.0,sample,2026-09-24 19:05:19.864400+00:00
META,2025-01-21 05:30:00+00:00,228.10845173982264,230.8570469242817,226.64602546241932,228.4039744470544,228.4039744470544,17891623.0,sample,2026-09-24 19:05:19.864400+00:00
META,2025-01-21 06:30:00+00:00,227.9385586672,230.54935630807665,226.4549462648678,227.55607273625853,227.55607273625853,9573719.0,sample,2026-09-24 19:05:19.864400+00:00
META,2025-01-21 07:30:00+00:00,227.3106615773846,228.83070777903777,225.541660139758,227.04312935298427,227.04312935298427,16791606.0,sample,2026-09-24 19:05:19.864400+00:00
META,2025-01-21 08:30:00+00:00,227.44100972606435,228.8484853080742,224.4839531404475,227.03408957559932,227.03408957559932,8117783.0,sample,2026-09-24 19:05:19.864400+00:00
META,2025-01-21 09:30:00+00:00,227.67898732861846,229.77563856516628,226.28982231314586,227.7471439662691,227.7471439662691,17755815.0,sample,2026-09-24 19:05:19.864400+00:00
META,2025-01-21 10:30:00+00:00,228.29638787510737,230.48828673212424,225.26241423788815,227.92330736028265,227.92330736028265,11812072.0,sample,2026-09-24 19:05:19.864400+00:00
META,2025-01-21 11:30:00+00:00,228.38989933194867,229.91781708184246,224.5228857013,225.76122670343733,225.76122670343733,9701700.0,sample,2026-09-24 19:05:19.864400+00:00
META,2025-01-21 12:30:00+00:00,225.93487791304838,227.0578257776377,224.26594321374856,226.01627605659948,226.01627605659948,7677026.0,sample,2026-09-24 19:05:19.864400+00:00
META,2025-01-21 13:30:00+00:00,226.41863765365818,227.17449656531,224.9519910239283,225.60272976802764,225.60272976802764,3958930.0,sample,2026-09-24 19:05:19.864400+00:00
META,2025-01-21 14:30:00+00:00,226.1274264885759,227.4091448638256,225.14969076575588,225.83929797124858,225.83929797124858,12664134.0,sample,2026-09-24 19:05:19.864400+00:00
META,2025-01-21 15:30:00+00:00,225.8336559509646,227.5117921072211,224.96714646267174,226.99776171199485,226.99776171199485,6119246.0,sample,2026-09-24 19:05:19.864400+00:00
META,2025-01-21 16:30:00+00:00,226.1850175246041,227.99151074446038,223.5679644129724,225.51370677838062,225.51370677838062,11905940.0,sample,2026-09-24 19:05:19.864400+00:00
META,2025-01-21 17:30:00+00:00,225.15506130381448,226.2336560484107,222.49683850084003,225.64244475422424,225.64244475422424,16155335.0,sample,2026-09-24 19:05:19.864400+00:00
META,2025-01-21 18:30:00+00:00,226.5810574982443,227.01396929543137,223.93087374525703,226.4247222917309,226.4247222917309,10136619.0,sample,2026-09-24 19:05:19.864400+00:00
META,2025-01-21 19:30:00+00:00,226.43756721353017,228.43744078426718,222.4050822349677,224.99969358416297,224.99969358416297,4752619.0,sample,2026-09-24 19:05:19.864400+00:00
META,2025-01-21 20:30:00+00:00,224.9072088936239,226.93861703886333,224.397712975465,226.15362664254522,226.15362664254522,6845069.0,sample,2026-09-24 19:05:19.864400+00:00
META,2025-01-21 21:30:00+00:00,225.83279417139215,227.42580089250137,225.52784523444436,226.6753773749466,226.6753773749466,7348623.0,sample,2026-09-24 19:05:19.864400+00:00
META,2025-01-21 22:30:00+00:00,226.7893001251466,228.37963810720578,224.1640733403237,226.88996996472457,226.88996996472457,3076123.0,sample,2026-09-24 19:05:19.864400+00:00
META,2025-01-21 23:30:00+00:00,226.6536925484382,227.8942840499761,225.37593474768994,226.13790942580493,226.13790942580493,16638601.0,sample,2026-09-24 19:05:19.864400+00:00
META,2025-01-22 00:30:00+00:00,226.59579403018094,228.73995378718902,225.67602503592138,226.47647905319823,226.47647905319823,6511891.0,sample,2026-09-24 19:05:19.864400+00:00
META,2025-01-22 01:30:00+00:00,226.71436945823115,228.4092620420839,225.80017368723955,227.0838652687873,227.0838652687873,6373378.0,sample,2026-09-24 19:05:19.864400+00:00
META,2025-01-22 02:30:00+00:00,226.23529535269645,226.59114128310117,224.59510507332033,226.32360866578452,226.32360866578452,13643978.0,sample,2026-09-24 19:05:19.864400+00:00
META,2025-01-22 03:30:00+00:00,226.01742813852601,226.88618998634325,223.05316989633837,225.72494665180588,225.72494665180588,6748447.0,sample,2026-09-24 19:05:19.864400+00:00
META,2025-01-22 04:30:00+00:00,225.68186870389042,226.19808260460061,223.50241829510853,224.89732885301015,224.89732885301015,17582930.0,sample,2026-09-24 19:05:19.864400+00:00
META,2025-01-22 05:30:00+00:00,224.63216775412354,226.56827653962225,222.15585898268884,225.07443904413415,225.07443904413415,15843962.0,sample,2026-09-24 19:05:19.864400+00:00
META,2025-01-22 06:30:00+00:00,224.98544909412456,227.96676131573463,222.6299426256222,225.31844440799253,225.31844440799253,4960164.0,sample,2026-09-24 19:05:19.864400+00:00
META,2025-01-22 07:30:00+00:00,225.4722252423256,226.7548009970469,223.99206257379223,226.07000246294575,226.07000246294575,17611820.0,sample,2026-09-24 19:05:19.864400+00:00
META,2025-01-22 08:30:00+00:00,225.89885072027673,227.37840722770255,223.64897798448652,226.32739832281305,226.32739832281305,6127084.0,sample,2026-09-24 19:05:19.864400+00:00
META,2025-01-22 09:30:00+00:00,225.82783450906717,226.16094631518172,224.07482798104468,225.92483769402554,225.92483769402554,15977467.0,sample,2026-09-24 19:05:19.864400+00:00
META,2025-01-22 10:30:00+00:00,225.99342834720034,227.73331404611605,223.67927695833302,225.90317651258994,225.90317651258994,12954059.0,sample,2026-09-24 19:05:19.864400+00:00
META,2025-01-22 11:30:00+00:00,225.70700810471496,227.66959400256158,223.35740755897226,225.08373743064908,225.08373743064908,14207586.0,sample,2026-09-24 19:05:19.864400+00:00
META,2025-01-22 12:30:00+00:00,224.74459662095788,228.37063512514712,223.49500578899185,225.92333904582452,225.92333904582452,11820710.0,sample,2026-09-24 19:05:19.864400+00:00
META,2025-01-22 13:30:00+00:00,225.60510913998442,227.91620012801465,223.37222965832763,225.03699279476433,225.03699279476433,10777649.0,sample,2026-09-24 19:05:19.864400+00:00
META,2025-01-22 14:30:00+00:00,225.82570717119037,226.70225089831152,221.6895988011085,224.24730971682317,224.24730971682317,13405465.0,sample,2026-09-24 19:05:19.864400+00:00
META,2025-01-22 15:30:00+00:00,224.28602393667475,226.68539123828177,222.83773917276372,224.27679279911112,224.27679279911112,17239454.0,sample,2026-09-24 19:05:19.864400+00:00
META,2025-01-22 16:30:00+00:00,223.88047273110325,224.36924592519148,221.54773100278408,222.59676917736488,222.59676917736488,11194486.0,sample,2026-09-24 19:05:19.864400+00:00
META,2025-01-22 17:30:00+00:00,222.4104713075744,223.90543736531714,220.34144294983147,222.97544127410356,222.97544127410356,8709820.0,sample,2026-09-24 19:05:19.864400+00:00
META,2025-01-22 18:30:00+00:00,222.6378714913735,225.26814509742505,221.5756821909012,224.13818923111205,224.13818923111205,13554523.0,sample,2026-09-24 19:05:19.864400+00:00
META,2025-01-22 19:30:00+00:00,223.8420729718509,227.17680473083334,222.0796530534759,224.692516993715,224.692516993715,9548415.0,sample,2026-09-24 19:05:19.864400+00:00
META,2025-01-22 20:30:00+00:00,224.41651671756009,226.9469247430465,221.960320625076,225.3151220171053,225.3151220171053,12785407.0,sample,2026-09-24 19:05:19.864400+00:00
META,2025-01-22 21:30:00+00:00,225.5648453656995,226.42953405636064,225.31181921605582,225.75881094291438,225.75881094291438,17457778.0,sample,2026-09-24 19:05:19.864400+00:00
META,2025-01-22 22:30:00+00:00,225.66736394193455,227.98961970644083,224.22859363551774,225.79169114346305,225.79169114346305,3339696.0,sample,2026-09-24 19:05:19.864400+00:00
META,2025-01-22 23:30:00+00:00,225.4481173240317,226.1119836247322,224.0824403282364,225.75825033656426,225.75825033656426,14254826.0,sample,2026-09-24 19:05:19.864400+00:00
META,2025-01-23 00:30:00+00:00,226.22937858761915,228.62387532935477,223.12763156037312,224.75090832801507,224.75090832801507,16055839.0,sample,2026-09-24 19:05:19.864400+00:00
META,2025-01-23 01:30:00+00:00,224.83230405921535,227.5701305416965,224.399507607901,225.0620854912148,225.0620854912148,14210190.0,sample,2026-09-24 19:05:19.864400+00:00
META,2025-01-23 02:30:00+00:00,225.04403640378618,228.12972712718323,223.8565833273636,225.8490685809142,225.8490685809142,2717419.0,sample,2026-09-24 19:05:19.864400+00:00
META,2025-01-23 03:30:00+00:00,225.89850861126524,228.42425742328518,224.96515026103413,227.5747544524198,227.5747544524198,3643773.0,sample,2026-09-24 19:05:19.864400+00:00
META,2025-01-23 04:30:00+00:00,227.47904031148317,228.5391519336498,226.0646083493927,227.2349837608645,227.2349837608645,14031982.0,sample,2026-09-24 19:05:19.864400+00:00
META,2025-01-23 05:30:00+00:00,227.5127434715139,228.58123018889842,226.98850083870775,227.58391604489654,227.58391604489654,2089956.0,sample,2026-09-24 19:05:19.864400+00:00
META,2025-01-23 06:30:00+00:00,227.2222126624441,228.87928802847316,225.6597163479864,228.03424040446512,228.03424040446512,8812039.0,sample,2026-09-24 19:05:19.864400+00:00
META,2025-01-23 07:30:00+00:00,227.6427762916432,228.56435979728911,226.77989781177797,227.70851414861824,227.70851414861824,6300977.0,sample,2026-09-24 19:05:19.864400+00:00
META,2025-01-23 08:30:00+00:00,227.8234334088018,229.85648968503438,224.8362054948423,227.32928498026652,227.32928498026652,3515710.0,sample,2026-09-24 19:05:19.864400+00:00
META,2025-01-23 09:30:00+00:00,226.72741208424446,227.68198292018297,224.8317717681047,226.98781129152442,226.98781129152442,17168070.0,sample,2026-09-24 19:05:19.864400+00:00
META,2025-01-23 10:30:00+00:00,226.51172766366813,227.26358485119377,225.67279523593066,226.7653118304446,226.7653118304446,12949329.0,sample,2026-09-24 19:05:19.864400+00:00
META,2025-01-23 11:30:00+00:00,226.84484988260712,229.25591485519806,225.75987813674436,228.22451955843215,228.22451955843215,6561245.0,sample,2026-09-24 19:05:19.864400+00:00
META,2025-01-23 12:30:00+00:00,229.11373717739224,230.67720962603482,224.19398948063596,226.74400592510418,226.74400592510418,5354106.0,sample,2026-09-24 19:05:19.864400+00:00
META,2025-01-23 13:30:00+00:00,226.6966365408132,227.21041296203086,224.73730638800987,225.7168090666529,225.7168090666529,17405565.0,sample,2026-09-24 19:05:19.864400+00:00
META,2025-01-23 14:30:00+00:00,225.87567578779482,227.09789666676096,222.7525184500823,224.48538064994924,224.48538064994924,7567308.0,sample,2026-09-24 19:05:19.864400+00:00
META,2025-01-23 15:30:00+00:00,223.9527127532572,226.97748237119234,223.2401805081809,224.79146450561748,224.79146450561748,12385470.0,sample,2026-09-24 19:05:19.864400+00:00
META,2025-01-23 16:30:00+00:00,224.54510742553416,226.92528764640136,223.17628551365456,225.31696960367051,225.31696960367051,3661232.0,sample,2026-09-24 19:05:19.864400+00:00
META,2025-01-23 17:30:00+00:00,226.21385785688986,227.28191749858178,222.52246123533075,224.47549862786644,224.47549862786644,2060815.0,sample,2026-09-24 19:05:19.864400+00:00
META,2025-01-23 18:30:00+00:00,224.52413839725932,226.0072922227231,222.0446083036067,225.30376894628913,225.30376894628913,6408064.0,sample,2026-09-24 19:05:19.864400+00:00
META,2025-01-23 19:30:00+00:00,225.39095466532476,227.05742050929035,222.71554450318916,224.40844066603717,224.40844066603717,6834134.0,sample,2026-09-24 19:05:19.864400+00:00
META,2025-01-23 20:30:00+00:00,224.07673188698254,227.05830378343356,221.68798037196566,225.78104432527022,225.78104432527022,15656309.0,sample,2026-09-24 19:05:19.864400+00:00
META,2025-01-23 21:30:00+00:00,226.1645676586722,227.54031890479865,223.72515970082117,225.8796351982574,225.8796351982574,2270892.0,sample,2026-09-24 19:05:19.864400+00:00
META,2025-01-23 22:30:00+00:00,226.0862479170573,227.7717031714319,225.45078210350414,226.75239667283864,226.75239667283864,10866418.0,sample,2026-09-24 19:05:19.864400+00:00
META,2025-01-23 23:30:00+00:00,227.11322832644407,228.82596995770842,223.54416919388026,225.54330439298087,225.54330439298087,10419396.0,sample,2026-09-24 19:05:19.864400+00:00
META,2025-01-24 00:30:00+00:00,225.92371083508627,226.82135432640496,224.30878456750582,226.37157201375595,226.37157201375595,16649420.0,sample,2026-09-24 19:05:19.864400+00:00
META,2025-01-24 01:30:00+00:00,226.18255546362772,228.49292808288232,225.78212117463164,226.5190754150447,226.5190754150447,1786650.0,sample,2026-09-24 19:05:19.864400+00:00
META,2025-01-24 02:30:00+00:00,226.1850618140948,227.49794916187537,223.5348219768104,226.02889879404114,226.02889879404114,1895205.0,sample,2026-09-24 19:05:19.864400+00:00
META,2025-01-24 03:30:00+00:00,225.97675020688425,227.6307968415432,222.9941868569381,224.64583029824215,224.64583029824215,16939860.0,sample,2026-09-24 19:05:19.864400+00:00
META,2025-01-24 04:30:00+00:00,224.66005575247678,227.94610452347692,224.37720355380537,225.37706419605,225.37706419605,11255048.0,sample,2026-09-24 19:05:19.864400+00:00
META,2025-01-24 05:30:00+00:00,225.6261597243713,227.98538239303986,225.0853564350818,226.03433793196575,226.03433793196575,14686890.0,sample,2026-09-24 19:05:19.864400+00:00
META,2025-01-24 06:30:00+00:00,225.96083439196568,226.31332393917475,223.73861335020771,225.75111155253475,225.75111155253475,15908787.0,sample,2026-09-24 19:05:19.864400+00:00
META,2025-01-24 07:30:00+00:00,225.021765138752,229.01818647911531,222.82050147396023,226.6299220654537,226.6299220654537,6769000.0,sample,2026-09-24 19:05:19.864400+00:00
META,2025-01-24 08:30:00+00:00,227.3637603074653,229.1193492372815,225.4100007578948,227.53388413320073,227.53388413320073,3028855.0,sample,2026-09-24 19:05:19.864400+00:00
META,2025-01-24 09:30:00+00:00,227.8592253156573,229.52214446724508,226.45878148988984,228.57975716490716,228.57975716490716,10902232.0,sample,2026-09-24 19:05:19.864400+00:00
META,2025-01-24 10:30:00+00:00,228.00066121364674,228.23664853095224,226.16652708376412,227.72409092710836,227.72409092710836,3436232.0,sample,2026-09-24 19:05:19.864400+00:00
META,2025-01-24 11:30:00+00:00,228.51042546929716,230.56810633118192,227.2710958671668,228.4046401728827,228.4046401728827,5048504.0,sample,2026-09-24 19:05:19.864400+00:00
META,2025-01-24 12:30:00+00:00,227.83791640127907,229.33660928529756,227.03841945347978,228.6163264490103,228.6163264490103,11724145.0,sample,2026-09-24 19:05:19.864400+00:00
META,2025-01-24 13:30:00+00:00,227.808474695481,229.00999864044,227.57475722821235,228.05797170531736,228.05797170531736,5745676.0,sample,2026-09-24 19:05:19.864400+00:00
META,2025-01-24 14:30:00+00:00,227.4629186805628,229.9127988591468,225.64673503952622,228.26220074062326,228.26220074062326,2731230.0,sample,2026-09-24 19:05:19.864400+00:00
META,2025-01-24 15:30:00+00:00,228.86052524235907,229.92678534182812,225.3416152669837,227.845725235618,227.845725235618,3560269.0,sample,2026-09-24 19:05:19.864400+00:00
META,2025-01-24 16:30:00+00:00,227.906949875015,230.23549579432364,225.4941554740816,228.9222992873349,228.9222992873349,10385154.0,sample,2026-09-24 19:05:19.864400+00:00
META,2025-01-24 17:30:00+00:00,228.68058151797635,229.57568200864725,227.27359019746444,228.86691075397783,228.86691075397783,8564328.0,sample,2026-09-24 19:05:19.864400+00:00
META,2025-01-24 18:30:00+00:00,228.75504960914978,229.8777840099873,226.5807048115851,229.2896267791779,229.2896267791779,16437638.0,sample,2026-09-24 19:05:19.864400+00:00
META,2025-01-24 19:30:00+00:00,229.74312329075025,230.59252926137407,228.88559761962696,230.15861419351887,230.15861419351887,15232400.0,sample,2026-09-24 19:05:19.864400+00:00
META,2025-01-24 20:30:00+00:00,229.86256013532704,232.2470403067991,227.10730126307755,231.94858670595025,231.94858670595025,8126003.0,sample,2026-09-24 19:05:19.864400+00:00
META,2025-01-24 21:30:00+00:00,232.1215319517476,234.54106361153035,230.9335261475396,232.6662039844202,232.6662039844202,9510578.0,sample,2026-09-24 19:05:19.864400+00:00
META,2025-01-24 22:30:00+00:00,232.66954907346937,235.00264360381078,229.47898112451176,231.62766295164937,231.62766295164937,4597688.0,sample,2026-09-24 19:05:19.864400+00:00
META,2025-01-24 23:30:00+00:00,231.62619315066482,235.19304958093502,230.18048638939922,233.08961954311587,233.08961954311587,10164587.0,sample,2026-09-24 19:05:19.864400+00:00
META,2025-01-25 00:30:00+00:00,233.45284856996648,234.36686815327798,231.8930561538878,233.39202569129645,233.39202569129645,4433368.0,sample,2026-09-24 19:05:19.864400+00:00
META,2025-01-25 01:30:00+00:00,233.4037362950497,236.95077201016804,232.36722897925623,234.54090220414977,234.54090220414977,2075048.0,sample,2026-09-24 19:05:19.864400+00:00
META,2025-01-25 02:30:00+00:00,234.78628166176514,237.5368491737181,234.25881636490362,234.7670387091394,234.7670387091394,1722904.0,sample,2026-09-24 19:05:19.864400+00:00
META,2025-01-25 03:30:00+00:00,234.75848006912148,235.0047936509852,233.86259537082142,234.52988710092256,234.52988710092256,14721673.0,sample,2026-09-24 19:05:19.864400+00:00
META,2025-01-25 04:30:00+00:00,233.9218906185915,235.54750228571098,232.5413399225447,233.31772674801826,233.31772674801826,2978457.0,sample,2026-09-24 19:05:19.864400+00:00
META,2025-01-25 05:30:00+00:00,233.05724526346927,235.54698206168067,231.30674834811407,233.5501387101494,233.5501387101494,10081727.0,sample,2026-09-24 19:05:19.864400+00:00
META,2025-01-25 06:30:00+00:00,233.7431852019026,235.58771256903967,232.524710634382,234.36854845562004,234.36854845562004,16207576.0,sample,2026-09-24 19:05:19.864400+00:00
META,2025-01-25 07:30:00+00:00,235.5421014195199,237.07693588142246,232.7891315746933,233.9356245760801,233.9356245760801,8888452.0,sample,2026-09-24 19:05:19.864400+00:00
META,2025-01-25 08:30:00+00:00,233.74828066744357,234.79519344343183,231.53522140844285,233.48027213384694,233.48027213384694,7727344.0,sample,2026-09-24 19:05:19.864400+00:00
META,2025-01-25 09:30:00+00:00,233.97790185339147,235.35440594619837,230.13399857204368,232.89241398683387,232.89241398683387,10143762.0,sample,2026-09-24 19:05:19.864400+00:00
META,2025-01-25 10:30:00+00:00,232.57354159836208,233.6134277989555,231.41477852335808,232.80825333307683,232.80825333307683,16984861.0,sample,2026-09-24 19:05:19.864400+00:00
META,2025-01-25 11:30:00+00:00,233.06602055082078,233.54406009903806,231.65868882472154,232.96325813127774,232.96325813127774,8367585.0,sample,2026-09-24 19:05:19.864400+00:00
META,2025-01-25 12:30:00+00:00,233.48948984322237,236.55267877831727,231.8895918079908,233.78996064882398,233.78996064882398,11928262.0,sample,2026-09-24 19:05:19.864400+00:00
META,2025-01-25 13:30:00+00:00,233.88625606557156,236.5948395171725,232.51309690762247,233.53714372142224,233.53714372142224,11608816.0,sample,2026-09-24 19:05:19.864400+00:00
META,2025-01-25 14:30:00+00:00,233.64085842945218,234.1230368147125,232.75033408948877,233.77012834983333,233.77012834983333,17523322.0,sample,2026-09-24 19:05:19.864400+00:00
META,2025-01-25 15:30:00+00:00,233.61777992836485,235.6513854390719,230.9123665265918,232.87301192040363,232.87301192040363,17737176.0,sample,2026-09-24 19:05:19.864400+00:00
META,2025-01-25 16:30:00+00:00,233.051659707962,236.3484324703138,232.6107349653935,233.82057323162925,233.82057323162925,2322352.0,sample,2026-09-24 19:05:19.864400+00:00
META,2025-01-25 17:30:00+00:00,234.02166493556382,235.1706385422769,231.89035874309488,233.87706972172356,233.87706972172356,5259011.0,sample,2026-09-24 19:05:19.864400+00:00
META,2025-01-25 18:30:00+00:00,234.31308587276965,236.37822691833767,232.10043547283675,232.64035105259984,232.64035105259984,15387790.0,sample,2026-09-24 19:05:19.864400+00:00
META,2025-01-25 19:30:00+00:00,232.6570956511056,234.93066167864737,230.04789931864156,231.81692672957837,231.81692672957837,6536974.0,sample,2026-09-24 19:05:19.864400+00:00
META,2025-01-25 20:30:00+00:00,231.65523741207056,232.76104010405774,229.23411932308008,231.696748616221,231.696748616221,9445516.0,sample,2026-09-24 19:05:19.864400+00:00
META,2025-01-25 21:30:00+00:00,231.6164585657687,234.26604323181533,229.8446318785937,232.79933303910852,232.79933303910852,9143463.0,sample,2026-09-24 19:05:19.864400+00:00
META,2025-01-25 22:30:00+00:00,232.78172426671918,233.80061076823094,231.26171376582204,232.90270154202815,232.90270154202815,5887089.0,sample,2026-09-24 19:05:19.864400+00:00
META,2025-01-25 23:30:00+00:00,233.17789893404898,235.5558670910862,231.3919917601077,234.44938046721703,234.44938046721703,12646614.0,sample,2026-09-24 19:05:19.864400+00:00
META,2025-01-26 00:30:00+00:00,234.97618377562253,235.85284004939282,232.17858101420063,234.93222425849476,234.93222425849476,15420610.0,sample,2026-09-24 19:05:19.864400+00:00
META,2025-01-26 01:30:00+00:00,234.52393301392948,235.32843390957086,231.546514344522,234.18207191671812,234.18207191671812,8362429.0,sample,2026-09-24 19:05:19.864400+00:00
META,2025-01-26 02:30:00+00:00,234.66115831621056,236.08611230698722,231.1571444441281,233.5356047782987,233.5356047782987,15360707.0,sample,2026-09-24 19:05:19.864400+00:00
META,2025-01-26 03:30:00+00:00,233.6665856119089,236.4072832822615,230.9908610718171,235.19059850313928,235.19059850313928,10284614.0,sample,2026-09-24 19:05:19.864400+00:00
META,2025-01-26 04:30:00+00:00,234.81633280938837,237.1681454517222,232.98903989777395,234.54819574092397,234.54819574092397,3139710.0,sample,2026-09-24 19:05:19.864400+00:00
META,2025-01-26 05:30:00+00:00,234.32994329367907,234.8435679723883,231.8338656725865,233.84886957425965,233.84886957425965,2103669.0,sample,2026-09-24 19:05:19.864400+00:00
META,2025-01-26 06:30:00+00:00,233.34281933749045,234.19299480102242,232.18074315816366,233.06241775812222,233.06241775812222,6259959.0,sample,2026-09-24 19:05:19.864400+00:00
META,2025-01-26 07:30:00+00:00,232.4961559030462,234.90957327694625,231.24088557762693,231.89065220638108,231.89065220638108,9284202.0,sample,2026-09-24 19:05:19.864400+00:00
META,2025-01-26 08:30:00+00:00,231.73816020267898,234.04687290180942,230.14648449054204,232.64554544641052,232.64554544641052,8184797.0,sample,2026-09-24 19:05:19.864400+00:00
META,2025-01-26 09:30:00+00:00,232.7730330242557,235.76835620775847,231.24180563505342,233.53981501177742,233.53981501177742,8227151.0,sample,2026-09-24 19:05:19.864400+00:00
META,2025-01-26 10:30:00+00:00,233.4298659887828,236.1494162868735,230.05460372471148,232.61505469202908,232.61505469202908,5390149.0,sample,2026-09-24 19:05:19.864400+00:00
META,2025-01-26 11:30:00+00:00,232.89203985340444,234.70393891115097,232.35563502835345,234.25995448748316,234.25995448748316,6068197.0,sample,2026-09-24 19:05:19.864400+00:00
META,2025-01-26 12:30:00+00:00,234.5050826561371,235.80560605258336,233.6149479432977,235.2317031800067,235.2317031800067,17038264.0,sample,2026-09-24 19:05:19.864400+00:00
META,2025-01-26 13:30:00+00:00,235.4705017090221,236.80385227160608,234.2241106919231,234.9828596212081,234.9828596212081,17340168.0,sample,2026-09-24 19:05:19.864400+00:00
META,2025-01-26 14:30:00+00:00,235.1943485044495,236.84533386369438,231.6937656461803,233.68596061259257,233.68596061259257,15525851.0,sample,2026-09-24 19:05:19.864400+00:00
META,2025-01-26 15:30:00+00:00,233.86251877878453,235.99519690988512,230.6965513488036,233.35566162601114,233.35566162601114,3994579.0,sample,2026-09-24 19:05:19.864400+00:00
META,2025-01-26 16:30:00+00:00,232.50239673488178,233.6568760300834,229.98886155988941,233.02218890998557,233.02218890998557,9285040.0,sample,2026-09-24 19:05:19.864400+00:00
META,2025-01-26 17:30:00+00:00,233.13954919027825,234.44590525895214,232.2438938076884,233.73092749384375,233.73092749384375,3048604.0,sample,2026-09-24 19:05:19.864400+00:00
META,2025-01-26 18:30:00+00:00,232.89100523298944,234.81338778336522,231.3374656056454,233.3890139607189,233.3890139607189,11603995.0,sample,2026-09-24 19:05:19.864400+00:00
META,2025-01-26 19:30:00+00:00,233.87587100345985,235.6288348204098,232.34420076915885,234.30825874678845,234.30825874678845,9534141.0,sample,2026-09-24 19:05:19.864400+00:00
META,2025-01-26 20:30:00+00:00,233.97164600721453,238.46519379906874,232.4561904408737,236.65854690383898,236.65854690383898,2650803.0,sample,2026-09-24 19:05:19.864400+00:00
META,2025-01-26 21:30:00+00:00,236.42492487865096,238.17132223439015,235.2662096603364,235.99078737946465,235.99078737946465,14434625.0,sample,2026-09-24 19:05:19.864400+00:00
META,2025-01-26 22:30:00+00:00,235.57082582236453,237.50845101844996,232.92279863133018,235.46312258835195,235.46312258835195,12617347.0,sample,2026-09-24 19:05:19.864400+00:00
META,2025-01-26 23:30:00+00:00,235.71331021089097,238.02482047618443,234.6717926639209,236.68680363126128,236.68680363126128,9511577.0,sample,2026-09-24 19:05:19.864400+00:00
META,2025-01-27 00:30:00+00:00,236.24572120871963,239.9764900986573,234.26284396987177,238.46376999230634,238.46376999230634,14969295.0,sample,2026-09-24 19:05:19.864400+00:00
META,2025-01-27 01:30:00+00:00,238.32736733597363,238.93058614676033,234.26144548068493,236.70674540155457,236.70674540155457,7143496.0,sample,2026-09-24 19:05:19.864400+00:00
META,2025-01-27 02:30:00+00:00,236.27858615205363,237.30018555435376,234.99243450551725,236.20758637129902,236.20758637129902,14333163.0,sample,2026-09-24 19:05:19.864400+00:00
META,2025-01-27 03:30:00+00:00,236.2272899818539,239.04567409620384,233.10726806825505,234.70175069341227,234.70175069341227,15611198.0,sample,2026-09-24 19:05:19.864400+00:00
META,2025-01-27 04:30:00+00:00,234.19857268729461,237.05895084839378,233.2725188358167,235.08742551437436,235.08742551437436,5345870.0,sample,2026-09-24 19:05:19.864400+00:00
META,2025-01-27 05:30:00+00:00,235.21397775334214,237.53360616701178,234.67474102099126,235.2416396257846,235.2416396257846,7031103.0,sample,2026-09-24 19:05:19.864400+00:00
META,2025-01-27 06:30:00+00:00,235.138653914693,236.07874501240036,234.047375362292,234.53363600602856,234.53363600602856,3563511.0,sample,2026-09-24 19:05:19.864400+00:00
META,2025-01-27 07:30:00+00:00,234.1355084872816,235.8034513662741,233.75738862326847,234.8085138226834,234.8085138226834,9777499.0,sample,2026-09-24 19:05:19.864400+00:00
META,2025-01-27 08:30:00+00:00,234.69943238210368,237.503124987751,233.03694014979865,235.98593100667765,235.98593100667765,7045911.0,sample,2026-09-24 19:05:19.864400+00:00
META,2025-01-27 09:30:00+00:00,235.66124768555733,236.69175768011013,232.45190527267766,233.04447284745996,233.04447284745996,15982952.0,sample,2026-09-24 19:05:19.864400+00:00
META,2025-01-27 10:30:00+00:00,232.50168100107888,233.8405667141304,230.5692836853232,231.55238738164186,231.55238738164186,4918899.0,sample,2026-09-24 19:05:19.864400+00:00
META,2025-01-27 11:30:00+00:00,231.3001625342255,231.5744689494576,228.23694677847786,230.83325921902002,230.83325921902002,12122669.0,sample,2026-09-24 19:05:19.864400+00:00
META,2025-01-27 12:30:00+00:00,229.69998007799256,232.10745831798985,227.77384625646502,230.809139268589,230.809139268589,3610089.0,sample,2026-09-24 19:05:19.864400+00:00
META,2025-01-27 13:30:00+00:00,230.6667833442594,232.11916337182362,229.0393174178204,231.22255407267951,231.22255407267951,12681784.0,sample,2026-09-24 19:05:19.864400+00:00
META,2025-01-27 14:30:00+00:00,231.32717141580923,232.38603393635177,230.3691267632204,231.43779104587145,231.43779104587145,16228133.0,sample,2026-09-24 19:05:19.864400+00:00
META,2025-01-27 15:30:00+00:00,230.98963748355,235.3058732871682,230.01009294714385,233.15372255983274,233.15372255983274,8547836.0,sample,2026-09-24 19:05:19.864400+00:00
META,2025-01-27 16:30:00+00:00,233.1685752074422,235.63888840009264,231.16849868616958,233.26844531980424,233.26844531980424,7168341.0,sample,2026-09-24 19:05:19.864400+00:00
META,2025-01-27 17:30:00+00:00,233.54273487485696,233.81453412208188,229.83686670801757,232.59446880567666,232.59446880567666,13354731.0,sample,2026-09-24 19:05:19.864400+00:00
META,2025-01-27 18:30:00+00:00,232.06358824579263,234.81006334915043,229.5308834658348,231.87067010590633,231.87067010590633,16121636.0,sample,2026-09-24 19:05:19.864400+00:00
META,2025-01-27 19:30:00+00:00,232.4923076712315,232.94216095623915,229.4567276332297,229.97382563573146,229.97382563573146,12580624.0,sample,2026-09-24 19:05:19.864400+00:00
META,2025-01-27 20:30:00+00:00,229.60594557277713,231.48876808724586,226.96314600030135,229.83999233856525,229.83999233856525,11922704.0,sample,2026-09-24 19:05:19.864400+00:00
META,2025-01-27 21:30:00+00:00,230.0425389412209,233.0998752945598,227.63776406714146,230.3755275626168,230.3755275626168,10533489.0,sample,2026-09-24 19:05:19.864400+00:00
META,2025-01-27 22:30:00+00:00,230.3735123294524,231.8833465310697,228.6009815795983,229.3443308849628,229.3443308849628,3416231.0,sample,2026-09-24 19:05:19.864400+00:00
META,2025-01-27 23:30:00+00:00,229.76410674051593,232.29377379191894,228.5114811746369,230.18110890756626,230.18110890756626,14119813.0,sample,2026-09-24 19:05:19.864400+00:00
META,2025-01-28 00:30:00+00:00,229.9422103878394,230.61174855362847,227.35571210958616,228.9860626927253,228.9860626927253,17563199.0,sample,2026-09-24 19:05:19.864400+00:00
META,2025-01-28 01:30:00+00:00,228.91721891921674,231.8596633923792,227.65213372873623,229.6336743976575,229.6336743976575,1768317.0,sample,2026-09-24 19:05:19.864400+00:00
META,2025-01-28 02:30:00+00:00,229.98269532912676,231.17346648155606,227.86341668395107,229.49630660837568,229.49630660837568,9348724.0,sample,2026-09-24 19:05:19.864400+00:00
META,2025-01-28 03:30:00+00:00,230.05821046263168,231.93608652178196,228.88733520306343,231.12903491668573,231.12903491668573,16381257.0,sample,2026-09-24 19:05:19.864400+00:00
META,2025-01-28 04:30:00+00:00,231.266505833574,233.8700788829453,230.69433225852922,231.45341476412435,231.45341476412435,4903821.0,sample,2026-09-24 19:05:19.864400+00:00
META,2025-01-28 05:30:00+00:00,231.80417351626886,233.30573674707705,229.78114696555207,231.7194432661788,231.7194432661788,8565217.0,sample,2026-09-24 19:05:19.864400+00:00
META,2025-01-28 06:30:00+00:00,231.06794452502848,232.76984712302428,230.17337067977473,231.40603097408896,231.40603097408896,15741354.0,sample,2026-09-24 19:05:19.864400+00:00
META,2025-01-28 07:30:00+00:00,230.93481068469407,232.35287664030542,229.45896475853291,230.3989208022928,230.3989208022928,2029442.0,sample,2026-09-24 19:05:19.864400+00:00
META,2025-01-28 08:30:00+00:00,230.2977202369655,231.6676884619135,229.4160827395553,229.8692634839136,229.8692634839136,10173688.0,sample,2026-09-24 19:05:19.864400+00:00
META,2025-01-28 09:30:00+00:00,229.96047718338374,232.10969025172702,226.9489105839844,228.9982697949899,228.9982697949899,8048498.0,sample,2026-09-24 19:05:19.864400+00:00
META,2025-01-28 10:30:00+00:00,229.17694803972773,231.7353322242146,225.11714286369778,227.63570613732676,227.63570613732676,2127433.0,sample,2026-09-24 19:05:19.864400+00:00
META,2025-01-28 11:30:00+00:00,228.16338828345422,230.63884554666257,227.25101991349604,228.81858001705794,228.81858001705794,9744081.0,sample,2026-09-24 19:05:19.864400+00:00
META,2025-01-28 12:30:00+00:00,228.80382804814238,231.36837258934486,226.0801416476895,229.8297917844287,229.8297917844287,4985343.0,sample,2026-09-24 19:05:19.864400+00:00
META,2025-01-28 13:30:00+00:00,230.05920715780476,231.27569333115613,227.65184511887756,230.38047408694308,230.38047408694308,12220445.0,sample,2026-09-24 19:05:19.864400+00:00
META,2025-01-28 14:30:00+00:00,230.5749221735516,232.98776789482437,229.90001985490665,230.97232432393602,230.97232432393602,17231175.0,sample,2026-09-24 19:05:19.864400+00:00
META,2025-01-28 15:30:00+00:00,230.60720924857287,231.86216332809275,228.03070374570598,229.733621004004,229.733621004004,12393130.0,sample,2026-09-24 19:05:19.864400+00:00
META,2025-01-28 16:30:00+00:00,228.8948355864747,229.31135636762735,225.7261816318704,227.24806846361693,227.24806846361693,11952398.0,sample,2026-09-24 19:05:19.864400+00:00
META,2025-01-28 17:30:00+00:00,227.14820912264219,230.24156607695386,226.0620476692414,227.80063034051463,227.80063034051463,3386620.0,sample,2026-09-24 19:05:19.864400+00:00
META,2025-01-28 18:30:00+00:00,227.65343924723015,230.1516315993841,226.51216665126196,228.32879534067507,228.32879534067507,5858553.0,sample,2026-09-24 19:05:19.864400+00:00
META,2025-01-28 19:30:00+00:00,228.83870454034394,230.63361956539543,228.47016317295837,228.90733139101403,228.90733139101403,12585247.0,sample,2026-09-24 19:05:19.864400+00:00
META,2025-01-28 20:30:00+00:00,229.03653084204112,231.59570133147247,226.34640441217934,229.76423536850248,229.76423536850248,14016898.0,sample,2026-09-24 19:05:19.864400+00:00
META,2025-01-28 21:30:00+00:00,230.06600424624096,231.24296638167215,228.79721652922507,230.4808094131596,230.4808094131596,14550305.0,sample,2026-09-24 19:05:19.864400+00:00
META,2025-01-28 22:30:00+00:00,230.29988621918002,232.7138101740077,227.5263232932281,229.92050387091567,229.92050387091567,7855742.0,sample,2026-09-24 19:05:19.864400+00:00
META,2025-01-28 23:30:00+00:00,229.67963235658502,232.82790577668436,227.0292125691864,230.61446205045743,230.61446205045743,4849529.0,sample,2026-09-24 19:05:19.864400+00:00
META,2025-01-29 00:30:00+00:00,230.80694656784166,233.66989593082155,228.20407442308408,231.25301652961187,231.25301652961187,17045260.0,sample,2026-09-24 19:05:19.864400+00:00
META,2025-01-29 01:30:00+00:00,231.83463974092916,234.025618918465,231.24307510013833,232.8243935098866,232.8243935098866,2989076.0,sample,2026-09-24 19:05:19.864400+00:00
META,2025-01-29 02:30:00+00:00,232.23688767185436,235.10525851187808,231.5499643337455,233.5448602343243,233.5448602343243,7790686.0,sample,2026-09-24 19:05:19.864400+00:00
META,2025-01-29 03:30:00+00:00,233.41697136989993,234.78762770291044,231.6816461316168,233.85605485657325,233.85605485657325,12487397.0,sample,2026-09-24 19:05:19.864400+00:00
META,2025-01-29 04:30:00+00:00,233.24018055713697,234.8286127236441,231.3380089016502,234.14380389880313,234.14380389880313,7604670.0,sample,2026-09-24 19:05:19.864400+00:00
META,2025-01-29 05:30:00+00:00,233.66422331054508,234.88452414249025,230.71279913275168,233.45807481026995,233.45807481026995,10523332.0,sample,2026-09-24 19:05:19.864400+00:00
META,2025-01-29 06:30:00+00:00,233.71661360979442,234.6761527620487,231.5580943055151,233.2244009997151,233.2244009997151,7502370.0,sample,2026-09-24 19:05:19.864400+00:00
META,2025-01-29 07:30:00+00:00,233.34808167479696,235.93115514045112,231.16233439701418,234.15916411052964,234.15916411052964,16428454.0,sample,2026-09-24 19:05:19.864400+00:00
META,2025-01-29 08:30:00+00:00,233.90374749584268,236.31723094250336,231.82558342447857,232.44016160983278,232.44016160983278,6079706.0,sample,2026-09-24 19:05:19.864400+00:00
META,2025-01-29 09:30:00+00:00,232.3979959607972,234.68008519404188,229.97468394655957,231.66519103802236,231.66519103802236,15877100.0,sample,2026-09-24 19:05:19.864400+00:00
META,2025-01-29 10:30:00+00:00,232.2075703029272,233.11693144733988,231.45701879704396,232.46790885789946,232.46790885789946,2282758.0,sample,2026-09-24 19:05:19.864400+00:00
META,2025-01-29 11:30:00+00:00,232.03786295050358,234.1932541762541,230.6176610095444,231.91038667401477,231.91038667401477,12496682.0,sample,2026-09-24 19:05:19.864400+00:00
META,2025-01-29 12:30:00+00:00,232.26269301350027,233.13232116143524,230.14912048627335,230.4391220323529,230.4391220323529,13144261.0,sample,2026-09-24 19:05:19.864400+00:00
META,2025-01-29 13:30:00+00:00,230.40824524890039,233.2232323928501,229.1620832272924,230.9360665762713,230.9360665762713,13320982.0,sample,2026-09-24 19:05:19.864400+00:00
META,2025-01-29 14:30:00+00:00,229.89096157541024,233.46400114232006,228.74623846849062,231.5860143881003,231.5860143881003,7490949.0,sample,2026-09-24 19:05:19.864400+00:00
META,2025-01-29 15:30:00+00:00,231.91130786366793,234.29971091989427,229.79472707673912,232.03709959721448,232.03709959721448,16321788.0,sample,2026-09-24 19:05:19.864400+00:00
META,2025-01-29 16:30:00+00:00,232.82122715371386,235.5536163983764,232.08922899677904,232.37729901176127,232.37729901176127,8961289.0,sample,2026-09-24 19:05:19.864400+00:00
META,2025-01-29 17:30:00+00:00,232.1239178297733,232.38516041592047,229.304896957605,231.13302046870018,231.13302046870018,7236959.0,sample,2026-09-24 19:05:19.864400+00:00
META,2025-01-29 18:30:00+00:00,230.95431066579079,236.1064546863903,228.91900846846133,233.71364677606752,233.71364677606752,9060813.0,sample,2026-09-24 19:05:19.864400+00:00
META,2025-01-29 19:30:00+00:00,233.33815916082867,235.82939868829058,230.99409010949395,233.0625950205303,233.0625950205303,14598667.0,sample,2026-09-24 19:05:19.864400+00:00
META,2025-01-29 20:30:00+00:00,233.0874169164535,233.9454237999577,230.27733483302535,232.4863224439609,232.4863224439609,16170683.0,sample,2026-09-24 19:05:19.864400+00:00
META,2025-01-29 21:30:00+00:00,232.50850459836755,235.04091310223322,232.12553448137902,233.21498541350093,233.21498541350093,4932425.0,sample,2026-09-24 19:05:19.864400+00:00
META,2025-01-29 22:30:00+00:00,233.71763789800536,235.63860341441827,232.16974175401873,233.90970242395255,233.90970242395255,16956724.0,sample,2026-09-24 19:05:19.864400+00:00
META,2025-01-29 23:30:00+00:00,234.1632626224881,236.35824108343948,232.3456763643023,234.0932786892688,234.0932786892688,13908847.0,sample,2026-09-24 19:05:19.864400+00:00
META,2025-01-30 00:30:00+00:00,234.0958518585632,235.18418071478575,232.57690266645815,234.4466782007152,234.4466782007152,3226930.0,sample,2026-09-24 19:05:19.864400+00:00
META,2025-01-30 01:30:00+00:00,234.30850330911835,235.61524739749103,232.13308239207427,235.22302321979126,235.22302321979126,12253161.0,sample,2026-09-24 19:05:19.864400+00:00
META,2025-01-30 02:30:00+00:00,235.678719549782,237.30183869343932,234.14573970916376,235.74712145137838,235.74712145137838,5331312.0,sample,2026-09-24 19:05:19.864400+00:00
META,2025-01-30 03:30:00+00:00,235.59364480854526,237.04668676137362,232.35451206234157,235.1241886874275,235.1241886874275,13347770.0,sample,2026-09-24 19:05:19.864400+00:00
META,2025-01-30 04:30:00+00:00,234.99639540511427,236.87219127094912,233.63975233310302,235.4152908068405,235.4152908068405,9813333.0,sample,2026-09-24 19:05:19.864400+00:00
META,2025-01-30 05:30:00+00:00,235.7267830035272,237.95470782082802,234.1337414915447,235.9229806208111,235.9229806208111,9655651.0,sample,2026-09-24 19:05:19.864400+00:00
META,2025-01-30 06:30:00+00:00,236.31181345437446,237.17047626918657,235.8538488562158,236.42491101722976,236.42491101722976,13665123.0,sample,2026-09-24 19:05:19.864400+00:00
META,2025-01-30 07:30:00+00:00,236.155147708472,238.79966066189027,235.45826349143414,236.552333802768,236.552333802768,15727869.0,sample,2026-09-24 19:05:19.864400+00:00
META,2025-01-30 08:30:00+00:00,236.34348000383932,238.95546960944503,233.4942964290185,235.75374434872356,235.75374434872356,16154126.0,sample,2026-09-24 19:05:19.864400+00:00
META,2025-01-30 09:30:00+00:00,236.7964959020621,238.71107013777012,234.41986731885444,236.37436658228225,236.37436658228225,1931437.0,sample,2026-09-24 19:05:19.864400+00:00
META,2025-01-30 10:30:00+00:00,235.70075983117664,238.6568780594973,234.12455384885052,237.2072779868493,237.2072779868493,4648402.0,sample,2026-09-24 19:05:19.864400+00:00
META,2025-01-30 11:30:00+00:00,237.3477948163163,238.3152096251207,236.61046793033003,237.73439733017935,237.73439733017935,8237194.0,sample,2026-09-24 19:05:19.864400+00:00
META,2025-01-30 12:30:00+00:00,237.5688742255058,238.666869059032,235.67926656109245,236.32113436124405,236.32113436124405,4345242.0,sample,2026-09-24 19:05:19.864400+00:00
META,2025-01-30 13:30:00+00:00,237.12995663201346,238.61563356883718,236.52950078970667,236.82289276945275,236.82289276945275,4256528.0,sample,2026-09-24 19:05:19.864400+00:00
META,2025-01-30 14:30:00+00:00,236.63363650540325,240.39417611778214,234.68465919188986,238.46368355676327,238.46368355676327,12223326.0,sample,2026-09-24 19:05:19.864400+00:00
META,2025-01-30 15:30:00+00:00,238.23311887071998,241.33616113751066,237.98430258262076,239.09126195431074,239.09126195431074,14384260.0,sample,2026-09-24 19:05:19.864400+00:00
META,2025-01-30 16:30:00+00:00,239.08917120415646,239.90342411019355,237.00188843624179,238.79501323038147,238.79501323038147,2361297.0,sample,2026-09-24 19:05:19.864400+00:00
META,2025-01-30 17:30:00+00:00,238.47489983747943,241.45957416174286,237.9739486554978,239.24014441568406,239.24014441568406,2937799.0,sample,2026-09-24 19:05:19.864400+00:00
META,2025-01-30 18:30:00+00:00,239.74388974360815,241.31467330610764,239.04637767463754,239.30330864818464,239.30330864818464,14692478.0,sample,2026-09-24 19:05:19.864400+00:00
META,2025-01-30 19:30:00+00:00,239.72845977028092,242.06568634983083,237.43157168915076,239.13011555069355,239.13011555069355,11087689.0,sample,2026-09-24 19:05:19.864400+00:00
META,2025-01-30 20:30:00+00:00,239.39092770517146,242.307043621627,238.58523560184236,239.79592883024588,239.79592883024588,16592055.0,sample,2026-09-24 19:05:19.864400+00:00
META,2025-01-30 21:30:00+00:00,240.14878638784833,242.97170211886598,239.11073139332143,240.2309881945025,240.2309881945025,1873864.0,sample,2026-09-24 19:05:19.864400+00:00
META,2025-01-30 22:30:00+00:00,239.95173693870515,240.6145484687338,237.7291991519516,239.67442624324534,239.67442624324534,9541931.0,sample,2026-09-24 19:05:19.864400+00:00
META,2025-01-30 23:30:00+00:00,239.5023708083179,242.24380514344807,237.86784309673374,241.57525646254354,241.57525646254354,9238644.0,sample,2026-09-24 19:05:19.864400+00:00
META,2025-01-31 00:30:00+00:00,241.94144842158767,243.6540526869686,241.12965805815244,242.7038213113243,242.7038213113243,6165830.0,sample,2026-09-24 19:05:19.864400+00:00
META,2025-01-31 01:30:00+00:00,242.51972368809783,244.20666947187541,238.9753789564078,241.20844358700106,241.20844358700106,12502863.0,sample,2026-09-24 19:05:19.864400+00:00
META,2025-01-31 02:30:00+00:00,241.06460995249844,243.4739990967171,238.54129349787613,241.21817844404296,241.21817844404296,4180843.0,sample,2026-09-24 19:05:19.864400+00:00
META,2025-01-31 03:30:00+00:00,240.65347206972078,242.68394428749923,240.4079815386636,241.3092091540555,241.3092091540555,13303309.0,sample,2026-09-24 19:05:19.864400+00:00
META,2025-01-31 04:30:00+00:00,241.12286782690236,241.5498976476987,238.30446662455915,238.9551330585724,238.9551330585724,10377231.0,sample,2026-09-24 19:05:19.864400+00:00
META,2025-01-31 05:30:00+00:00,238.7874102772185,241.5716278694941,236.30273872474783,237.9027640513193,237.9027640513193,1742597.0,sample,2026-09-24 19:05:19.864400+00:00
META,2025-01-31 06:30:00+00:00,237.9175647757714,241.15341330998515,236.02419287951665,239.07966436933617,239.07966436933617,12661572.0,sample,2026-09-24 19:05:19.864400+00:00
META,2025-01-31 07:30:00+00:00,239.15155993638484,240.4956596977418,236.9239976280491,239.192804267758,239.192804267758,6452655.0,sample,2026-09-24 19:05:19.864400+00:00
META,2025-01-31 08:30:00+00:00,238.94113931784773,240.39901523671142,238.19636712049618,239.76733241525932,239.76733241525932,9782430.0,sample,2026-09-24 19:05:19.864400+00:00
META,2025-01-31 09:30:00+00:00,240.07759342586448,241.65115866716488,238.88718653307865,240.11596153080623,240.11596153080623,2838866.0,sample,2026-09-24 19:05:19.864400+00:00
META,2025-01-31 10:30:00+00:00,240.15083277700174,243.01038718777508,237.91855781889006,240.30099566050475,240.30099566050475,14358037.0,sample,2026-09-24 19:05:19.864400+00:00
META,2025-01-31 11:30:00+00:00,240.48213109032056,242.88829261005228,238.97652912013854,239.96743232476155,239.96743232476155,2471906.0,sample,2026-09-24 19:05:19.864400+00:00
META,2025-01-31 12:30:00+00:00,239.9851370447122,240.37761338820346,236.81855682242656,238.86673432150803,238.86673432150803,2361914.0,sample,2026-09-24 19:05:19.864400+00:00
META,2025-01-31 13:30:00+00:00,238.60645902930227,241.19003175907724,235.5060259570494,237.3252711877419,237.3252711877419,16468338.0,sample,2026-09-24 19:05:19.864400+00:00
META,2025-01-31 14:30:00+00:00,237.4129088518854,239.6221799395331,235.40215238365087,236.68987483034724,236.68987483034724,13309322.0,sample,2026-09-24 19:05:19.864400+00:00
META,2025-01-31 15:30:00+00:00,236.59337317854715,238.68566425483385,234.1559819089071,237.6346034355566,237.6346034355566,16847675.0,sample,2026-09-24 19:05:19.864400+00:00
META,2025-01-31 16:30:00+00:00,237.44428696690352,239.88175721373955,236.84075962736262,238.71417960958655,238.71417960958655,10307403.0,sample,2026-09-24 19:05:19.864400+00:00
META,2025-01-31 17:30:00+00:00,238.40821747860716,242.70838269333228,236.96441605631185,240.12780660580773,240.12780660580773,4987320.0,sample,2026-09-24 19:05:19.864400+00:00
META,2025-01-31 18:30:00+00:00,238.9369146975441,240.39218528070188,236.1173291965054,240.12071094647973,240.12071094647973,7244510.0,sample,2026-09-24 19:05:19.864400+00:00
META,2025-01-31 19:30:00+00:00,240.77564974302027,242.99279612255498,236.9352719946543,239.44284682152764,239.44284682152764,12281344.0,sample,2026-09-24 19:05:19.864400+00:00
META,2025-01-31 20:30:00+00:00,239.65065016299351,243.25315875338623,239.18832244413173,241.00123693477465,241.00123693477465,16033407.0,sample,2026-09-24 19:05:19.864400+00:00
META,2025-01-31 21:30:00+00:00,241.62815501121324,244.36884938697648,240.53784484754948,242.15518931747582,242.15518931747582,1652502.0,sample,2026-09-24 19:05:19.864400+00:00
META,2025-01-31 22:30:00+00:00,242.11370161409047,244.46429026726767,240.913827679763,242.7999682890324,242.7999682890324,12767743.0,sample,2026-09-24 19:05:19.864400+00:00
META,2025-01-31 23:30:00+00:00,243.0947489581205,243.6824471002796,241.7569713237268,243.3871154599182,243.3871154599182,6425294.0,sample,2026-09-24 19:05:19.864400+00:00
META,2025-02-01 00:30:00+00:00,243.1891273168076,245.18339128512284,241.50072586614024,243.08554503030206,243.08554503030206,11808525.0,sample,2026-09-24 19:05:19.864400+00:00
META,2025-02-01 01:30:00+00:00,242.33662874437542,245.20256923845466,241.03118217429508,244.43193196202876,244.43193196202876,11481567.0,sample,2026-09-24 19:05:19.864400+00:00
META,2025-02-01 02:30:00+00:00,245.01750572448623,246.72976316098158,241.97636519614906,242.8155691381622,242.8155691381622,15198105.0,sample,2026-09-24 19:05:19.864400+00:00
META,2025-02-01 03:30:00+00:00,243.12378034165062,244.21554768986817,240.97293169489404,242.57656575422374,242.57656575422374,15381372.0,sample,2026-09-24 19:05:19.864400+00:00
META,2025-02-01 04:30:00+00:00,243.31809265776926,245.33375888582034,242.28877406414205,243.3117284066486,243.3117284066486,17270134.0,sample,2026-09-24 19:05:19.864400+00:00
META,2025-02-01 05:30:00+00:00,243.6222456492486,246.28237453000236,242.92246701234478,243.49087314377576,243.49087314377576,3646021.0,sample,2026-09-24 19:05:19.864400+00:00
META,2025-02-01 06:30:00+00:00,244.22556242207088,245.94288289462642,243.3394285198855,245.21203922315755,245.21203922315755,15462357.0,sample,2026-09-24 19:05:19.864400+00:00
META,2025-02-01 07:30:00+00:00,244.21216058868367,248.72075323332723,243.6219712640894,245.78021650229007,245.78021650229007,11392082.0,sample,2026-09-24 19:05:19.864400+00:00
META,2025-02-01 08:30:00+00:00,246.58729233788614,248.8435598467715,243.9700408329922,245.24493607373395,245.24493607373395,12564130.0,sample,2026-09-24 19:05:19.864400+00:00
META,2025-02-01 09:30:00+00:00,245.16581585609882,247.7966772749406,241.71201353589763,244.6031459726714,244.6031459726714,5500864.0,sample,2026-09-24 19:05:19.864400+00:00
META,2025-02-01 10:30:00+00:00,244.92822513293672,247.2048797155665,240.72848276835296,242.62285798785058,242.62285798785058,10436503.0,sample,2026-09-24 19:05:19.864400+00:00
META,2025-02-01 11:30:00+00:00,242.18161120640187,245.39991765349268,241.05774740321138,243.9877165210035,243.9877165210035,14468542.0,sample,2026-09-24 19:05:19.864400+00:00
META,2025-02-01 12:30:00+00:00,243.5259603864855,245.88490342514052,241.08861385517116,244.28769655308628,244.28769655308628,17426874.0,sample,2026-09-24 19:05:19.864400+00:00
META,2025-02-01 13:30:00+00:00,245.14145739540635,246.54104353591194,243.39959968325263,245.10819769351914,245.10819769351914,7857295.0,sample,2026-09-24 19:05:19.864400+00:00
META,2025-02-01 14:30:00+00:00,244.26612834666238,247.08701934259594,242.48198034884535,244.10526050990146,244.10526050990146,13419690.0,sample,2026-09-24 19:05:19.864400+00:00
META,2025-02-01 15:30:00+00:00,244.42047265553526,247.094500510167,241.12038675347014,243.2643511104931,243.2643511104931,5295556.0,sample,2026-09-24 19:05:19.864400+00:00
META,2025-02-01 16:30:00+00:00,243.50237181754835,245.35823260781976,242.2188690676389,243.9719578507195,243.9719578507195,1655099.0,sample,2026-09-24 19:05:19.864400+00:00
META,2025-02-01 17:30:00+00:00,244.23767023687927,245.95726549536312,241.63003004068332,243.62677902164359,243.62677902164359,4520849.0,sample,2026-09-24 19:05:19.864400+00:00
META,2025-02-01 18:30:00+00:00,243.2134924963206,244.9185802707742,241.63062057579305,243.7406035487131,243.7406035487131,12321556.0,sample,2026-09-24 19:05:19.864400+00:00
META,2025-02-01 19:30:00+00:00,243.94933296371406,246.52187382328495,241.66604831143954,245.4194881046161,245.4194881046161,17730808.0,sample,2026-09-24 19:05:19.864400+00:00
META,2025-02-01 20:30:00+00:00,245.0185710092572,247.96330062514056,243.97416244041514,246.01406865344694,246.01406865344694,5084175.0,sample,2026-09-24 19:05:19.864400+00:00
META,2025-02-01 21:30:00+00:00,245.6668890306014,249.55521350710248,243.85370550230488,246.60717451546267,246.60717451546267,11255181.0,sample,2026-09-24 19:05:19.864400+00:00
META,2025-02-01 22:30:00+00:00,246.40216764143554,247.4511559702217,243.62050478209508,247.06300719567275,247.06300719567275,3538355.0,sample,2026-09-24 19:05:19.864400+00:00
META,2025-02-01 23:30:00+00:00,247.58863931730554,248.61231479142535,244.6652245497304,246.7954339023001,246.7954339023001,2522245.0,sample,2026-09-24 19:05:19.864400+00:00
META,2025-02-02 00:30:00+00:00,246.75803391728388,250.54872533609807,244.38497745831305,247.75299573100398,247.75299573100398,3151811.0,sample,2026-09-24 19:05:19.864400+00:00
META,2025-02-02 01:30:00+00:00,247.74284125475862,248.62527854307396,245.76542469637513,248.18936240998153,248.18936240998153,15688452.0,sample,2026-09-24 19:05:19.864400+00:00
META,2025-02-02 02:30:00+00:00,248.51463347405965,252.74462334616413,246.90218079510697,250.8420473931049,250.8420473931049,17615893.0,sample,2026-09-24 19:05:19.864400+00:00
META,2025-02-02 03:30:00+00:00,251.27957203545617,253.53996760306384,249.67713105382936,251.78902149614177,251.78902149614177,11763174.0,sample,2026-09-24 19:05:19.864400+00:00
META,2025-02-02 04:30:00+00:00,251.42321568201368,253.90026504651988,249.05580498869568,250.3821282970363,250.3821282970363,11802843.0,sample,2026-09-24 19:05:19.864400+00:00
META,2025-02-02 05:30:00+00:00,251.18742032588048,252.05716294811953,248.23587005913487,250.31585241224116,250.31585241224116,4051307.0,sample,2026-09-24 19:05:19.864400+00:00
META,2025-02-02 06:30:00+00:00,250.50600467145784,253.40235832599922,247.003998594096,249.6866406143439,249.6866406143439,8737666.0,sample,2026-09-24 19:05:19.864400+00:00
META,2025-02-02 07:30:00+00:00,249.73396406962019,252.03224814304326,247.53708550744633,251.4293638157608,251.4293638157608,2573840.0,sample,2026-09-24 19:05:19.864400+00:00
META,2025-02-02 08:30:00+00:00,250.60942433287676,254.29151350616945,247.90226152564813,251.5734526939649,251.5734526939649,14559759.0,sample,2026-09-24 19:05:19.864400+00:00
META,2025-02-02 09:30:00+00:00,251.42142851588426,254.04987683291097,250.03039025318245,250.57284505895012,250.57284505895012,13805887.0,sample,2026-09-24 19:05:19.864400+00:00
META,2025-02-02 10:30:00+00:00,250.6705364910731,252.91282930153608,248.68674352307042,250.47694802652052,250.47694802652052,3707304.0,sample,2026-09-24 19:05:19.864400+00:00
META,2025-02-02 11:30:00+00:00,250.79672939983084,252.60401926258712,249.48506904752193,251.7950896648429,251.7950896648429,7009515.0,sample,2026-09-24 19:05:19.864400+00:00
META,2025-02-02 12:30:00+00:00,251.93696955774195,254.4541883220006,251.45363036838646,252.8734175714601,252.8734175714601,14719875.0,sample,2026-09-24 19:05:19.864400+00:00
META,2025-02-02 13:30:00+00:00,252.7287935337148,255.9756828908158,252.3056004659613,253.28945894031654,253.28945894031654,4499300.0,sample,2026-09-24 19:05:19.864400+00:00
META,2025-02-02 14:30:00+00:00,253.2152987081891,255.6658652972235,252.9342921457007,253.7067784129791,253.7067784129791,9065618.0,sample,2026-09-24 19:05:19.864400+00:00
META,2025-02-02 15:30:00+00:00,253.14652261150525,254.72028691749256,251.46699237265892,252.65516809127385,252.65516809127385,4519472.0,sample,2026-09-24 19:05:19.864400+00:00
META,2025-02-02 16:30:00+00:00,252.2077994902713,252.98829903513519,249.415080821874,252.48632765121485,252.48632765121485,4851420.0,sample,2026-09-24 19:05:19.864400+00:00
META,2025-02-02 17:30:00+00:00,252.87624253939876,254.71501974688556,250.40632398528268,252.53515463835836,252.53515463835836,10270911.0,sample,2026-09-24 19:05:19.864400+00:00
META,2025-02-02 18:30:00+00:00,252.39887639080948,252.82493561202273,249.6156987424233,251.87949755063576,251.87949755063576,2618370.0,sample,2026-09-24 19:05:19.864400+00:00
META,2025-02-02 19:30:00+00:00,252.15186876826894,255.10000376383323,250.98450839399987,252.26905788480954,252.26905788480954,9649017.0,sample,2026-09-24 19:05:19.864400+00:00
META,2025-02-02 20:30:00+00:00,252.5358743075862,253.88442378525286,248.73529932282977,251.3297104843119,251.3297104843119,4254120.0,sample,2026-09-24 19:05:19.864400+00:00
META,2025-02-02 21:30:00+00:00,252.0842008881895,253.10355155070138,249.927305194679,252.50095721797572,252.50095721797572,4656340.0,sample,2026-09-24 19:05:19.864400+00:00
META,2025-02-02 22:30:00+00:00,252.14217750740795,254.24690464067055,250.65696439857342,251.94814458684968,251.94814458684968,3615703.0,sample,2026-09-24 19:05:19.864400+00:00
META,2025-02-02 23:30:00+00:00,251.93119189285568,254.5246441214416,249.24638603958158,251.11873755275457,251.11873755275457,17802116.0,sample,2026-09-24 19:05:19.864400+00:00
META,2025-02-03 00:30:00+00:00,250.18336904407622,252.23334659001486,248.68056353762486,250.09659328626174,250.09659328626174,3656747.0,sample,2026-09-24 19:05:19.864400+00:00
META,2025-02-03 01:30:00+00:00,249.78770267048907,250.9562874780546,247.70221456501446,249.8536710142406,249.8536710142406,15830988.0,sample,2026-09-24 19:05:19.864400+00:00
META,2025-02-03 02:30:00+00:00,249.6893089180314,250.75373637739224,248.13421327462234,250.3145753684977,250.3145753684977,9915708.0,sample,2026-09-24 19:05:19.864400+00:00
META,2025-02-03 03:30:00+00:00,251.09348440038548,253.07754884826974,247.89178077466997,250.6706332201508,250.6706332201508,9681951.0,sample,2026-09-24 19:05:19.864400+00:00
META,2025-02-03 04:30:00+00:00,250.76661465591914,252.31063250492033,247.87900240882487,250.00004340523287,250.00004340523287,2943955.0,sample,2026-09-24 19:05:19.864400+00:00
META,2025-02-03 05:30:00+00:00,249.62034184411917,253.2160696061539,246.89962501564492,250.22061438357989,250.22061438357989,4914092.0,sample,2026-09-24 19:05:19.864400+00:00
META,2025-02-03 06:30:00+00:00,251.01462226249893,251.6581811211243,247.64682068958334,249.17878519991248,249.17878519991248,10666988.0,sample,2026-09-24 19:05:19.864400+00:00
META,2025-02-03 07:30:00+00:00,250.26540995153752,251.50523816246806,248.08115315810517,249.1038439614755,249.1038439614755,6458154.0,sample,2026-09-24 19:05:19.864400+00:00
META,2025-02-03 08:30:00+00:00,249.56400566629426,250.2745152366193,249.01316857899536,249.6431808470284,249.6431808470284,17258933.0,sample,2026-09-24 19:05:19.864400+00:00
META,2025-02-03 09:30:00+00:00,249.8002317721917,252.3124735645156,247.89473516967217,249.78925753537445,249.78925753537445,14047443.0,sample,2026-09-24 19:05:19.864400+00:00
META,2025-02-03 10:30:00+00:00,250.61742156157578,250.94961496794326,246.91797847099085,249.22150046569539,249.22150046569539,13393209.0,sample,2026-09-24 19:05:19.864400+00:00
META,2025-02-03 11:30:00+00:00,248.64917762378823,249.61150777526058,246.59530892430504,248.3863353062581,248.3863353062581,15074968.0,sample,2026-09-24 19:05:19.864400+00:00
META,2025-02-03 12:30:00+00:00,248.5647304128762,250.79088265572045,248.2660800628563,248.61820575707102,248.61820575707102,1566785.0,sample,2026-09-24 19:05:19.864400+00:00
META,2025-02-03 13:30:00+00:00,248.03328577356766,249.27016671637176,247.72534450158852,248.52407977053113,248.52407977053113,8394603.0,sample,2026-09-24 19:05:19.864400+00:00
META,2025-02-03 14:30:00+00:00,249.29624350727192,250.30570555832512,244.45774056059702,246.6557803285301,246.6557803285301,16445346.0,sample,2026-09-24 19:05:19.864400+00:00
META,2025-02-03 15:30:00+00:00,247.09203265906163,248.5301090312112,243.9132175209241,245.61934112659205,245.61934112659205,2859600.0,sample,2026-09-24 19:05:19.864400+00:00
META,2025-02-03 16:30:00+00:00,246.14896303573857,246.6684485074171,244.2061208114652,245.27704646641317,245.27704646641317,11280281.0,sample,2026-09-24 19:05:19.864400+00:00
META,2025-02-03 17:30:00+00:00,245.95177347463763,248.8217935620219,244.8570974490029,245.35238299958252,245.35238299958252,7799983.0,sample,2026-09-24 19:05:19.864400+00:00
META,2025-02-03 18:30:00+00:00,245.26366201826409,245.56883009213422,244.84370278335157,245.17552363582885,245.17552363582885,6232154.0,sample,2026-09-24 19:05:19.864400+00:00
META,2025-02-03 19:30:00+00:00,244.69994498230886,247.78588283412896,242.28786863131666,246.43397201364317,246.43397201364317,13110520.0,sample,2026-09-24 19:05:19.864400+00:00
META,2025-02-03 20:30:00+00:00,246.06018963894996,246.60503116315107,243.37702819633955,245.24617719177803,245.24617719177803,17877031.0,sample,2026-09-24 19:05:19.864400+00:00
META,2025-02-03 21:30:00+00:00,245.72522438529023,248.381707927109,243.60935658181066,246.54515321619724,246.54515321619724,14978238.0,sample,2026-09-24 19:05:19.864400+00:00
META,2025-02-03 22:30:00+00:00,246.99460951280565,249.33257795261417,243.3004577384092,246.08930512224683,246.08930512224683,3313653.0,sample,2026-09-24 19:05:19.864400+00:00
META,2025-02-03 23:30:00+00:00,244.94051037626426,248.799448277857,244.35673850306063,246.3535194430612,246.3535194430612,13170555.0,sample,2026-09-24 19:05:19.864400+00:00
META,2025-02-04 00:30:00+00:00,247.3780296823024,249.7583028229759,244.12116959461625,245.94326996492137,245.94326996492137,16976729.0,sample,2026-09-24 19:05:19.864400+00:00
META,2025-02-04 01:30:00+00:00,246.54232059407457,247.84971323305297,243.95188949968232,246.12451198802177,246.12451198802177,17551996.0,sample,2026-09-24 19:05:19.864400+00:00
META,2025-02-04 02:30:00+00:00,246.71428853276865,249.0779054823259,241.8033772264635,244.66928569975272,244.66928569975272,17851625.0,sample,2026-09-24 19:05:19.864400+00:00
META,2025-02-04 03:30:00+00:00,245.04844430691472,246.76357465845678,244.13498470607908,246.06700228493835,246.06700228493835,13693898.0,sample,2026-09-24 19:05:19.864400+00:00
META,2025-02-04 04:30:00+00:00,246.28895519179,249.05663186006345,244.38406001613498,245.56833561925612,245.56833561925612,6986372.0,sample,2026-09-24 19:05:19.864400+00:00
META,2025-02-04 05:30:00+00:00,245.70885348763977,248.0644652597531,243.96544167585964,245.47613464545714,245.47613464545714,1546987.0,sample,2026-09-24 19:05:19.864400+00:00
META,2025-02-04 06:30:00+00:00,245.53508781397272,247.0577281485032,240.95538820308582,243.28973129796034,243.28973129796034,4889685.0,sample,2026-09-24 19:05:19.864400+00:00
META,2025-02-04 07:30:00+00:00,243.23092149190975,244.23949927709452,241.9550955779809,243.2439713122947,243.2439713122947,9311437.0,sample,2026-09-24 19:05:19.864400+00:00
META,2025-02-04 08:30:00+00:00,242.65744416099315,244.20830689038377,242.08744829601244,242.66568413876774,242.66568413876774,17682811.0,sample,2026-09-24 19:05:19.864400+00:00
META,2025-02-04 09:30:00+00:00,242.73775544151852,246.0274128878468,241.88006087882184,243.45042332708087,243.45042332708087,14471929.0,sample,2026-09-24 19:05:19.864400+00:00
META,2025-02-04 10:30:00+00:00,243.8065349310544,244.69039842877558,241.82079284149262,243.86150210407595,243.86150210407595,15724133.0,sample,2026-09-24 19:05:19.864400+00:00
META,2025-02-04 11:30:00+00:00,243.64448216715775,246.33269651322183,242.38019474463042,243.4538879874551,243.4538879874551,12806241.0,sample,2026-09-24 19:05:19.864400+00:00
META,2025-02-04 12:30:00+00:00,243.53071785498793,243.80004433471944,241.62930625701372,242.15322817389003,242.15322817389003,1570528.0,sample,2026-09-24 19:05:19.864400+00:00
META,2025-02-04 13:30:00+00:00,242.3048312932013,244.58495521861445,239.62858989398364,243.54369129743202,243.54369129743202,5772337.0,sample,2026-09-24 19:05:19.864400+00:00
META,2025-02-04 14:30:00+00:00,243.50390894177153,246.41871252521278,241.59477876846614,243.2951731756133,243.2951731756133,8635806.0,sample,2026-09-24 19:05:19.864400+00:00
META,2025-02-04 15:30:00+00:00,243.03575245055598,246.89056109161373,242.5326551958906,244.36951246348036,244.36951246348036,14727670.0,sample,2026-09-24 19:05:19.864400+00:00
META,2025-02-04 16:30:00+00:00,244.36167732786785,247.42178444857225,241.56227824470682,245.4506338855366,245.4506338855366,4543159.0,sample,2026-09-24 19:05:19.864400+00:00
META,2025-02-04 17:30:00+00:00,245.30828313910783,248.1612610447922,242.4206299043584,246.9938727758852,246.9938727758852,15371551.0,sample,2026-09-24 19:05:19.864400+00:00
META,2025-02-04 18:30:00+00:00,246.2364346994238,247.87475103545927,245.22338401984646,245.82126074473618,245.82126074473618,9504434.0,sample,2026-09-24 19:05:19.864400+00:00
META,2025-02-04 19:30:00+00:00,246.3864119811438,246.98204693071128,244.4789650208752,244.80317472444574,244.80317472444574,8385540.0,sample,2026-09-24 19:05:19.864400+00:00
META,2025-02-04 20:30:00+00:00,246.15043979093917,247.00478618900695,244.16275520457208,244.51456708169877,244.51456708169877,9381827.0,sample,2026-09-24 19:05:19.864400+00:00
META,2025-02-04 21:30:00+00:00,244.61605178522802,246.80015877949464,242.80643165507092,243.9383853302466,243.9383853302466,16365580.0,sample,2026-09-24 19:05:19.864400+00:00
META,2025-02-04 22:30:00+00:00,244.32957517075923,245.23724254640595,242.17722406334155,244.74069883634073,244.74069883634073,11022741.0,sample,2026-09-24 19:05:19.864400+00:00
META,2025-02-04 23:30:00+00:00,244.1566634909958,247.85694572854126,243.27198301945882,245.17498008766012,245.17498008766012,14287714.0,sample,2026-09-24 19:05:19.864400+00:00
META,2025-02-05 00:30:00+00:00,245.0546473604416,248.6656084397127,243.1332391785335,245.94502307186065,245.94502307186065,9542285.0,sample,2026-09-24 19:05:19.864400+00:00
META,2025-02-05 01:30:00+00:00,245.89655132004458,247.13359759615645,243.31503134169162,246.27536163388285,246.27536163388285,10439624.0,sample,2026-09-24 19:05:19.864400+00:00
META,2025-02-05 02:30:00+00:00,246.66361486826133,247.55524496116624,244.85840248709965,246.86092362777146,246.86092362777146,16655629.0,sample,2026-09-24 19:05:19.864400+00:00
META,2025-02-05 03:30:00+00:00,246.57918162608007,248.65691395358905,243.98419609646976,247.5058368614397,247.5058368614397,12489501.0,sample,2026-09-24 19:05:19.864400+00:00
META,2025-02-05 04:30:00+00:00,247.7272328418251,250.53127832629215,246.90119115144805,247.8040252683009,247.8040252683009,7121964.0,sample,2026-09-24 19:05:19.864400+00:00
META,2025-02-05 05:30:00+00:00,247.6230103413282,248.18374775099906,244.6925512004096,247.45553520128442,247.45553520128442,10884808.0,sample,2026-09-24 19:05:19.864400+00:00
META,2025-02-05 06:30:00+00:00,247.83412966810945,251.69021183550197,245.87303738140164,248.83597223018114,248.83597223018114,6845896.0,sample,2026-09-24 19:05:19.864400+00:00
META,2025-02-05 07:30:00+00:00,248.59009635451747,251.03934702109305,246.67612583863882,248.6815742638442,248.6815742638442,9046912.0,sample,2026-09-24 19:05:19.864400+00:00
META,2025-02-05 08:30:00+00:00,248.28176222711636,250.16417718194853,245.8198434761046,247.28848691230212,247.28848691230212,9765142.0,sample,2026-09-24 19:05:19.864400+00:00
META,2025-02-05 09:30:00+00:00,247.02118333542572,247.6271895515188,242.7356562226441,245.60056834905737,245.60056834905737,1835640.0,sample,2026-09-24 19:05:19.864400+00:00
META,2025-02-05 10:30:00+00:00,245.18458329463897,248.5721805669949,243.91856873323636,246.28871457931703,246.28871457931703,17513283.0,sample,2026-09-24 19:05:19.864400+00:00
META,2025-02-05 11:30:00+00:00,246.11944225072008,247.85660436313424,244.48014140234443,246.1210260770321,246.1210260770321,17499093.0,sample,2026-09-24 19:05:19.864400+00:00
META,2025-02-05 12:30:00+00:00,245.66412787142391,246.81843644775128,245.03937085098386,245.86459340125145,245.86459340125145,11771566.0,sample,2026-09-24 19:05:19.864400+00:00
META,2025-02-05 13:30:00+00:00,245.7388291094001,248.68255497653055,244.00759794549205,244.73923469805888,244.73923469805888,13087870.0,sample,2026-09-24 19:05:19.864400+00:00
META,2025-02-05 14:30:00+00:00,244.5184871841051,247.62464868320893,242.48435047226488,245.13138021380155,245.13138021380155,6219521.0,sample,2026-09-24 19:05:19.864400+00:00
META,2025-02-05 15:30:00+00:00,244.96871037580053,248.30725435560853,242.65126952391353,246.277097991672,246.277097991672,14740443.0,sample,2026-09-24 19:05:19.864400+00:00
META,2025-02-05 16:30:00+00:00,245.95178126092247,249.03722357360115,243.2200375748755,246.78863904257392,246.78863904257392,16694484.0,sample,2026-09-24 19:05:19.864400+00:00
META,2025-02-05 17:30:00+00:00,246.65219924548703,248.8231910068841,244.02271846041938,245.93741627321472,245.93741627321472,17085728.0,sample,2026-09-24 19:05:19.864400+00:00
META,2025-02-05 18:30:00+00:00,246.44108168905845,247.89377889665673,245.16202439524164,245.96803928408593,245.96803928408593,11005783.0,sample,2026-09-24 19:05:19.864400+00:00
META,2025-02-05 19:30:00+00:00,246.32450997911016,247.53473577011863,244.4602371283078,246.2932478285109,246.2932478285109,2447353.0,sample,2026-09-24 19:05:19.864400+00:00
META,2025-02-05 20:30:00+00:00,246.28892844381343,249.12214005809196,244.6195228022984,245.53247452415573,245.53247452415573,4333309.0,sample,2026-09-24 19:05:19.864400+00:00
META,2025-02-05 21:30:00+00:00,246.081899377525,247.6431759256694,243.50270481031922,244.53788817098084,244.53788817098084,9138781.0,sample,2026-09-24 19:05:19.864400+00:00
META,2025-02-05 22:30:00+00:00,244.74998583352303,245.27620836784655,242.31139583956644,243.56073276859385,243.56073276859385,2560804.0,sample,2026-09-24 19:05:19.864400+00:00
META,2025-02-05 23:30:00+00:00,242.84472206004676,247.53418948098653,241.95487495691688,245.4877315487246,245.4877315487246,7209186.0,sample,2026-09-24 19:05:19.864400+00:00
META,2025-02-06 00:30:00+00:00,245.01947799554904,248.24980532259767,243.24597158051625,247.00804481776942,247.00804481776942,4768668.0,sample,2026-09-24 19:05:19.864400+00:00
META,2025-02-06 01:30:00+00:00,246.3108946478213,249.682475494008,245.66475423285843,247.06204377261565,247.06204377261565,2442987.0,sample,2026-09-24 19:05:19.864400+00:00
META,2025-02-06 02:30:00+00:00,246.38305828550136,248.6947273226936,245.9946499506259,247.3738615343272,247.3738615343272,16943944.0,sample,2026-09-24 19:05:19.864400+00:00
META,2025-02-06 03:30:00+00:00,247.98001259499725,249.59474030916712,246.24641749632556,248.64551188734427,248.64551188734427,11392211.0,sample,2026-09-24 19:05:19.864400+00:00
META,2025-02-06 04:30:00+00:00,248.39744602430758,250.4652314820439,247.30502317087175,249.8685349736109,249.8685349736109,8106350.0,sample,2026-09-24 19:05:19.864400+00:00
META,2025-02-06 05:30:00+00:00,249.50851495469573,251.3735264921826,248.64783099602658,250.74928663747994,250.74928663747994,11849842.0,sample,2026-09-24 19:05:19.864400+00:00
META,2025-02-06 06:30:00+00:00,251.39264194577274,253.81482294035942,249.36914888414276,250.03727048509472,250.03727048509472,4075505.0,sample,2026-09-24 19:05:19.864400+00:00
META,2025-02-06 07:30:00+00:00,249.47711303200427,251.8361558309417,246.38912890123083,249.27157998316738,249.27157998316738,17977677.0,sample,2026-09-24 19:05:19.864400+00:00
META,2025-02-06 08:30:00+00:00,248.94977559762566,250.07693168570052,246.28445997075679,249.3675050662903,249.3675050662903,16564410.0,sample,2026-09-24 19:05:19.864400+00:00
META,2025-02-06 09:30:00+00:00,249.65745077782591,252.66016885716311,247.28309888024813,250.28915409078112,250.28915409078112,4388163.0,sample,2026-09-24 19:05:19.864400+00:00
META,2025-02-06 10:30:00+00:00,250.38569192715417,252.78640132497696,248.02763733012264,251.06223626359986,251.06223626359986,10263422.0,sample,2026-09-24 19:05:19.864400+00:00
META,2025-02-06 11:30:00+00:00,251.26701657053724,253.6783610030377,248.09456468959738,251.0977824196747,251.0977824196747,8608422.0,sample,2026-09-24 19:05:19.864400+00:00
META,2025-02-06 12:30:00+00:00,251.5763981795335,252.13567874083748,247.89670513525766,250.49457432826844,250.49457432826844,10934803.0,sample,2026-09-24 19:05:19.864400+00:00
META,2025-02-06 13:30:00+00:00,249.83346971898766,253.62758692429904,248.03585005329415,252.23596979527852,252.23596979527852,9144592.0,sample,2026-09-24 19:05:19.864400+00:00
META,2025-02-06 14:30:00+00:00,251.65298255779032,252.93484946875952,248.87188533763089,251.50033624240407,251.50033624240407,3307941.0,sample,2026-09-24 19:05:19.864400+00:00
META,2025-02-06 15:30:00+00:00,251.9296410394739,254.05658936101446,250.94106003626453,251.76434569339045,251.76434569339045,8640959.0,sample,2026-09-24 19:05:19.864400+00:00
META,2025-02-06 16:30:00+00:00,251.88515177566558,252.57278794418363,250.5420904503878,252.111126007523,252.111126007523,4781367.0,sample,2026-09-24 19:05:19.864400+00:00
META,2025-02-06 17:30:00+00:00,252.09729297058234,254.90243475754087,249.35759930703642,252.7447540492874,252.7447540492874,5062049.0,sample,2026-09-24 19:05:19.864400+00:00
META,2025-02-06 18:30:00+00:00,252.69840676669276,254.98850076914897,250.71086774352366,254.31281549856715,254.31281549856715,8382402.0,sample,2026-09-24 19:05:19.864400+00:00
META,2025-02-06 19:30:00+00:00,254.50169662224246,256.17942070369156,250.9803445009572,252.51229999428614,252.51229999428614,3749064.0,sample,2026-09-24 19:05:19.864400+00:00
META,2025-02-06 20:30:00+00:00,252.9148413652655,254.43409268224656,248.74436659276336,249.89087752000998,249.89087752000998,16471079.0,sample,2026-09-24 19:05:19.864400+00:00
META,2025-02-06 21:30:00+00:00,249.30366864355716,252.1613733737767,247.42315841218624,250.47453103804722,250.47453103804722,10384796.0,sample,2026-09-24 19:05:19.864400+00:00
META,2025-02-06 22:30:00+00:00,250.63125873965149,252.8178717338452,250.1384643518529,251.62125103396636,251.62125103396636,10529413.0,sample,2026-09-24 19:05:19.864400+00:00
META,2025-02-06 23:30:00+00:00,252.65731215380268,253.10254179620603,249.65000480572735,252.64979187148745,252.64979187148745,11881177.0,sample,2026-09-24 19:05:19.864400+00:00
META,2025-02-07 00:30:00+00:00,252.4333956921444,254.7140928100015,250.77098619757058,253.48130982219556,253.48130982219556,3997996.0,sample,2026-09-24 19:05:19.864400+00:00
META,2025-02-07 01:30:00+00:00,253.78046754893143,256.4695784407437,252.2105033453326,253.54796976784633,253.54796976784633,6195199.0,sample,2026-09-24 19:05:19.864400+00:00
META,2025-02-07 02:30:00+00:00,254.62820437424745,256.38316308170835,252.0539281627202,253.45552090124696,253.45552090124696,8603894.0,sample,2026-09-24 19:05:19.864400+00:00
META,2025-02-07 03:30:00+00:00,253.24335301679554,257.12976205888765,251.13068789510416,255.54159927779895,255.54159927779895,11167295.0,sample,2026-09-24 19:05:19.864400+00:00
META,2025-02-07 04:30:00+00:00,255.43131269442097,255.88536633573597,253.5936415058207,254.889273839661,254.889273839661,17584077.0,sample,2026-09-24 19:05:19.864400+00:00
META,2025-02-07 05:30:00+00:00,254.00787347122284,258.63055983374096,253.55225082462255,256.1025081968849,256.1025081968849,14364695.0,sample,2026-09-24 19:05:19.864400+00:00
META,2025-02-07 06:30:00+00:00,255.8589498284028,256.49549050457176,254.6267631415163,255.96058242965816,255.96058242965816,4545752.0,sample,2026-09-24 19:05:19.864400+00:00
META,2025-02-07 07:30:00+00:00,255.56450002352747,256.4876033519849,252.87450604982004,256.0231482657235,256.0231482657235,12483381.0,sample,2026-09-24 19:05:19.864400+00:00
META,2025-02-07 08:30:00+00:00,256.35119869237263,257.5737790671304,252.28310713195933,255.0636417069078,255.0636417069078,11496561.0,sample,2026-09-24 19:05:19.864400+00:00
META,2025-02-07 09:30:00+00:00,255.73019500610138,258.3505067915385,254.36395049806617,254.7733460963021,254.7733460963021,8760236.0,sample,2026-09-24 19:05:19.864400+00:00
META,2025-02-07 10:30:00+00:00,254.8509967825344,256.9176658016707,251.15159129808788,254.02554264110336,254.02554264110336,17394852.0,sample,2026-09-24 19:05:19.864400+00:00
META,2025-02-07 11:30:00+00:00,254.21143013287386,255.81129506139288,250.98787577588752,252.31673240594583,252.31673240594583,1531809.0,sample,2026-09-24 19:05:19.864400+00:00
META,2025-02-07 12:30:00+00:00,251.88398533804087,253.9194542271575,248.84695936052597,251.16729164798852,251.16729164798852,11333235.0,sample,2026-09-24 19:05:19.864400+00:00
META,2025-02-07 13:30:00+00:00,252.1839581734673,253.49628853779998,247.2709134898768,249.18392329051142,249.18392329051142,12147207.0,sample,2026-09-24 19:05:19.864400+00:00
META,2025-02-07 14:30:00+00:00,249.52485453488026,251.38591765275385,247.73217741227415,249.86739621869927,249.86739621869927,16762972.0,sample,2026-09-24 19:05:19.864400+00:00
META,2025-02-07 15:30:00+00:00,250.26929192936123,250.5332599507514,247.07977665995344,248.6555053915173,248.6555053915173,17063721.0,sample,2026-09-24 19:05:19.864400+00:00
META,2025-02-07 16:30:00+00:00,249.87812085938384,251.75726174922696,246.9489717190486,248.00563705163088,248.00563705163088,1991052.0,sample,2026-09-24 19:05:19.864400+00:00
META,2025-02-07 17:30:00+00:00,248.0028054928762,250.6190634297489,247.61001028532064,249.40670850681542,249.40670850681542,15892588.0,sample,2026-09-24 19:05:19.864400+00:00
META,2025-02-07 18:30:00+00:00,249.40458832407145,252.30775151945036,248.36464819156785,249.82929271336272,249.82929271336272,12651553.0,sample,2026-09-24 19:05:19.864400+00:00
META,2025-02-07 19:30:00+00:00,249.6494466144166,252.64509487470337,247.3700935470995,249.16759569735217,249.16759569735217,15415981.0,sample,2026-09-24 19:05:19.864400+00:00
META,2025-02-07 20:30:00+00:00,248.3294225779898,251.3520991767832,245.69737857454356,249.88038476217753,249.88038476217753,14464295.0,sample,2026-09-24 19:05:19.864400+00:00
META,2025-02-07 21:30:00+00:00,250.61709710717662,251.17551316374664,247.4672570983306,249.94100291745963,249.94100291745963,7916779.0,sample,2026-09-24 19:05:19.864400+00:00
META,2025-02-07 22:30:00+00:00,249.82865415826254,251.75676128384836,249.2649332541152,250.3211951292519,250.3211951292519,15897993.0,sample,2026-09-24 19:05:19.864400+00:00
META,2025-02-07 23:30:00+00:00,249.7913546970028,252.71839957154515,247.79742471250734,249.2223529621459,249.2223529621459,6029341.0,sample,2026-09-24 19:05:19.864400+00:00
META,2025-02-08 00:30:00+00:00,248.71799481856885,251.30015331955087,247.97966647406258,249.83498871807686,249.83498871807686,1800400.0,sample,2026-09-24 19:05:19.864400+00:00
META,2025-02-08 01:30:00+00:00,250.09627108302422,252.3700438531074,247.09798408930396,249.83052178736799,249.83052178736799,2112834.0,sample,2026-09-24 19:05:19.864400+00:00
META,2025-02-08 02:30:00+00:00,250.50639437512504,251.10116254562448,248.48278967599103,249.18341658995584,249.18341658995584,2550694.0,sample,2026-09-24 19:05:19.864400+00:00
META,2025-02-08 03:30:00+00:00,249.2908492180489,249.98099945161206,246.3958887405238,248.0040694456991,248.0040694456991,4500832.0,sample,2026-09-24 19:05:19.864400+00:00
META,2025-02-08 04:30:00+00:00,247.51672241933045,247.77752744006122,246.00977950589447,247.48294951827197,247.48294951827197,8531095.0,sample,2026-09-24 19:05:19.864400+00:00
META,2025-02-08 05:30:00+00:00,246.96751291589166,249.88794485593533,244.50826229171426,246.39094650005498,246.39094650005498,9146101.0,sample,2026-09-24 19:05:19.864400+00:00
META,2025-02-08 06:30:00+00:00,246.72310899553906,248.18236075974804,244.62364450294749,246.26149069456957,246.26149069456957,13802497.0,sample,2026-09-24 19:05:19.864400+00:00
META,2025-02-08 07:30:00+00:00,246.93498651060136,247.82411164906094,245.311429219361,246.15186725868378,246.15186725868378,15924736.0,sample,2026-09-24 19:05:19.864400+00:00
META,2025-02-08 08:30:00+00:00,246.18154657014742,247.61449204258042,243.7018475290193,245.13577894062547,245.13577894062547,4303305.0,sample,2026-09-24 19:05:19.864400+00:00
META,2025-02-08 09:30:00+00:00,244.06711796459098,248.57246542836106,243.00940807291548,246.16135560628302,246.16135560628302,9382289.0,sample,2026-09-24 19:05:19.864400+00:00
META,2025-02-08 10:30:00+00:00,246.49923279983258,249.42436660888163,245.05256865619899,246.77679165054593,246.77679165054593,3061397.0,sample,2026-09-24 19:05:19.864400+00:00
META,2025-02-08 11:30:00+00:00,246.23402610170533,247.71429202958495,243.05076083269748,245.25979097989935,245.25979097989935,11008242.0,sample,2026-09-24 19:05:19.864400+00:00
META,2025-02-08 12:30:00+00:00,245.44640557565344,248.5522557743918,245.07575721936664,246.5509855823861,246.5509855823861,4793668.0,sample,2026-09-24 19:05:19.864400+00:00
META,2025-02-08 13:30:00+00:00,246.76230385671172,249.43990871345798,245.37101074048888,245.7034382768811,245.7034382768811,7368032.0,sample,2026-09-24 19:05:19.864400+00:00
META,2025-02-08 14:30:00+00:00,245.9858974758234,247.9951077693774,241.66169087921142,244.13623959629214,244.13623959629214,16440979.0,sample,2026-09-24 19:05:19.864400+00:00
META,2025-02-08 15:30:00+00:00,243.6739010889385,245.13158545102075,241.19150058526714,244.0664035305717,244.0664035305717,4191843.0,sample,2026-09-24 19:05:19.864400+00:00
META,2025-02-08 16:30:00+00:00,243.6554942949604,246.71249992960136,241.20434524738658,245.09285815561537,245.09285815561537,2690521.0,sample,2026-09-24 19:05:19.864400+00:00
META,2025-02-08 17:30:00+00:00,245.19936176988404,247.64075276099916,243.1730827854244,246.4999080912766,246.4999080912766,15283755.0,sample,2026-09-24 19:05:19.864400+00:00
META,2025-02-08 18:30:00+00:00,246.869288349948,247.80916049452205,244.54844511018123,245.94157005072435,245.94157005072435,2303710.0,sample,2026-09-24 19:05:19.864400+00:00
META,2025-02-08 19:30:00+00:00,245.8670210019566,247.3738390964921,244.0261226221187,246.24598180619233,246.24598180619233,2300089.0,sample,2026-09-24 19:05:19.864400+00:00
META,2025-02-08 20:30:00+00:00,245.91057532225665,248.62151554741513,245.04798384254642,246.47635786555534,246.47635786555534,17067047.0,sample,2026-09-24 19:05:19.864400+00:00
META,2025-02-08 21:30:00+00:00,245.81273615628157,248.48782946438564,243.5139528903267,247.9081012557473,247.9081012557473,12982965.0,sample,2026-09-24 19:05:19.864400+00:00
META,2025-02-08 22:30:00+00:00,246.79923795133558,251.58909294813677,245.4569006343086,248.92508107230043,248.92508107230043,5106800.0,sample,2026-09-24 19:05:19.864400+00:00
META,2025-02-08 23:30:00+00:00,248.87136772012767,251.40577224443552,246.94296945721757,249.5628544729829,249.5628544729829,16128911.0,sample,2026-09-24 19:05:19.864400+00:00
META,2025-02-09 00:30:00+00:00,249.1101809764524,253.0344647676987,247.27343586103868,250.0999144145455,250.0999144145455,6049318.0,sample,2026-09-24 19:05:19.864400+00:00
META,2025-02-09 01:30:00+00:00,248.79450919434402,253.28642517976994,246.8428919310774,250.54198570308893,250.54198570308893,13535991.0,sample,2026-09-24 19:05:19.864400+00:00
META,2025-02-09 02:30:00+00:00,251.1392753441534,252.19914175611964,248.320339953456,250.96678450584548,250.96678450584548,9516554.0,sample,2026-09-24 19:05:19.864400+00:00
META,2025-02-09 03:30:00+00:00,251.4358797014972,252.35406388528224,249.199915454893,250.9474365561897,250.9474365561897,8886029.0,sample,2026-09-24 19:05:19.864400+00:00
META,2025-02-09 04:30:00+00:00,251.52662819414076,254.1025417238791,247.64112931501955,250.46589128222325,250.46589128222325,10831556.0,sample,2026-09-24 19:05:19.864400+00:00
META,2025-02-09 05:30:00+00:00,250.20047197689473,252.33077056152717,248.01382845532828,252.02078870390423,252.02078870390423,4677258.0,sample,2026-09-24 19:05:19.864400+00:00
META,2025-02-09 06:30:00+00:00,252.14421284824104,253.51075539835114,250.52441425804184,252.30086545827612,252.30086545827612,2184196.0,sample,2026-09-24 19:05:19.864400+00:00
META,2025-02-09 07:30:00+00:00,251.55171523157955,254.46199741755026,250.58148556113025,252.66638273591332,252.66638273591332,4129603.0,sample,2026-09-24 19:05:19.864400+00:00
META,2025-02-09 08:30:00+00:00,252.59695934310443,253.36736804339608,250.2476465927554,252.5391968685623,252.5391968685623,6602146.0,sample,2026-09-24 19:05:19.864400+00:00
META,2025-02-09 09:30:00+00:00,252.4850304062588,254.72035993616996,251.85661512398684,253.05029124834527,253.05029124834527,4101589.0,sample,2026-09-24 19:05:19.864400+00:00
META,2025-02-09 10:30:00+00:00,253.3599646982187,255.76021185681523,250.96190678393046,252.60532003439252,252.60532003439252,17113291.0,sample,2026-09-24 19:05:19.864400+00:00
META,2025-02-09 11:30:00+00:00,251.9510996057762,254.988202031696,249.2634826509271,253.11901949551293,253.11901949551293,8733351.0,sample,2026-09-24 19:05:19.864400+00:00
META,2025-02-09 12:30:00+00:00,253.4458014015518,253.91912377671392,251.15171477395037,253.03534148626963,253.03534148626963,15781558.0,sample,2026-09-24 19:05:19.864400+00:00
META,2025-02-09 13:30:00+00:00,253.5938842271291,256.3192006763322,252.98353823482742,254.38836412891712,254.38836412891712,14080019.0,sample,2026-09-24 19:05:19.864400+00:00
META,2025-02-09 14:30:00+00:00,254.86680500967933,256.96479831425677,252.20684950972637,252.6234292600043,252.6234292600043,15913365.0,sample,2026-09-24 19:05:19.864400+00:00
META,2025-02-09 15:30:00+00:00,252.95524752632394,255.94425689752038,250.25746589594067,254.11537419993172,254.11537419993172,17637236.0,sample,2026-09-24 19:05:19.864400+00:00
META,2025-02-09 16:30:00+00:00,254.66865171131454,256.83402418836613,251.82578694485073,254.47537371015113,254.47537371015113,16217434.0,sample,2026-09-24 19:05:19.864400+00:00
META,2025-02-09 17:30:00+00:00,254.7341185670711,255.26840639065475,253.2638141804261,253.5661636078337,253.5661636078337,5927291.0,sample,2026-09-24 19:05:19.864400+00:00
META,2025-02-09 18:30:00+00:00,253.23293022969386,255.80676888665218,251.93006765025376,254.2515900940563,254.2515900940563,6509857.0,sample,2026-09-24 19:05:19.864400+00:00
META,2025-02-09 19:30:00+00:00,253.48612593264625,254.4496157405912,251.29863762658098,254.02815992736987,254.02815992736987,16328591.0,sample,2026-09-24 19:05:19.864400+00:00
META,2025-02-09 20:30:00+00:00,253.18517947319296,256.38014469711925,252.82993836629896,254.51171947691685,254.51171947691685,14942158.0,sample,2026-09-24 19:05:19.864400+00:00
META,2025-02-09 21:30:00+00:00,254.29149129088705,255.810204538377,252.5617363971137,254.38919626963568,254.38919626963568,9654437.0,sample,2026-09-24 19:05:19.864400+00:00
META,2025-02-09 22:30:00+00:00,253.7986192142308,255.80798708026728,253.17108404803054,254.6405414265332,254.6405414265332,16548137.0,sample,2026-09-24 19:05:19.864400+00:00
META,2025-02-09 23:30:00+00:00,254.42409289480054,257.0197831834691,252.87870891014347,254.69800056059964,254.69800056059964,6774518.0,sample,2026-09-24 19:05:19.864400+00:00
META,2025-02-10 00:30:00+00:00,254.5869235007976,254.88663692738882,251.76551412232956,254.44406741956988,254.44406741956988,4967378.0,sample,2026-09-24 19:05:19.864400+00:00
META,2025-02-10 01:30:00+00:00,253.84291359295884,256.22266485370915,253.29113679479792,253.96536126137036,253.96536126137036,4660533.0,sample,2026-09-24 19:05:19.864400+00:00
META,2025-02-10 02:30:00+00:00,254.36197785784944,256.8144900509544,253.85236959775457,254.7155302034059,254.7155302034059,12123268.0,sample,2026-09-24 19:05:19.864400+00:00
META,2025-02-10 03:30:00+00:00,253.8395865816695,258.2181836053401,252.058998903219,255.60877292887224,255.60877292887224,4942490.0,sample,2026-09-24 19:05:19.864400+00:00
META,2025-02-10 04:30:00+00:00,254.97415362497088,257.3634893520947,252.4790260583324,256.52760328170586,256.52760328170586,8092194.0,sample,2026-09-24 19:05:19.864400+00:00
META,2025-02-10 05:30:00+00:00,256.5716343328638,259.34250138153214,255.9949669087149,256.2894588393818,256.2894588393818,9584088.0,sample,2026-09-24 19:05:19.864400+00:00
META,2025-02-10 06:30:00+00:00,256.11087319360155,257.1254012929857,254.25187514235674,256.5190780788498,256.5190780788498,2839610.0,sample,2026-09-24 19:05:19.864400+00:00
META,2025-02-10 07:30:00+00:00,255.62970333436024,257.3155032437456,253.7518351019347,256.90724318935435,256.90724318935435,8767591.0,sample,2026-09-24 19:05:19.864400+00:00
META,2025-02-10 08:30:00+00:00,256.959902657155,257.82499946806246,254.68970381025892,257.28195119682255,257.28195119682255,17149838.0,sample,2026-09-24 19:05:19.864400+00:00
META,2025-02-10 09:30:00+00:00,256.49230217415334,259.0593946253071,256.2323784861605,257.43296890978263,257.43296890978263,3801037.0,sample,2026-09-24 19:05:19.864400+00:00
META,2025-02-10 10:30:00+00:00,257.64526474995415,261.02626345026346,255.87549540990074,258.1180297163318,258.1180297163318,16827761.0,sample,2026-09-24 19:05:19.864400+00:00
META,2025-02-10 11:30:00+00:00,257.5063264880967,258.39659754474275,255.78137607366534,257.7962272685363,257.7962272685363,14763247.0,sample,2026-09-24 19:05:19.864400+00:00
META,2025-02-10 12:30:00+00:00,257.0437448346416,260.22516905962704,254.81337960529453,258.50996612865754,258.50996612865754,17216912.0,sample,2026-09-24 19:05:19.864400+00:00
META,2025-02-10 13:30:00+00:00,258.0859284307004,260.19114259067845,256.0288648643799,257.5931549934314,257.5931549934314,12946308.0,sample,2026-09-24 19:05:19.864400+00:00
META,2025-02-10 14:30:00+00:00,257.5977819091832,259.42666869230715,254.87551507711913,257.4854819034821,257.4854819034821,13206439.0,sample,2026-09-24 19:05:19.864400+00:00
META,2025-02-10 15:30:00+00:00,257.62409619040034,259.8748358433228,256.10596654606746,257.1707579629434,257.1707579629434,4253650.0,sample,2026-09-24 19:05:19.864400+00:00
META,2025-02-10 16:30:00+00:00,256.62335300273446,258.1538486775298,254.9197700707557,256.8709489122098,256.8709489122098,1730733.0,sample,2026-09-24 19:05:19.864400+00:00
META,2025-02-10 17:30:00+00:00,256.474655546879,258.64885124385995,255.9109058473826,257.9691704083874,257.9691704083874,6719251.0,sample,2026-09-24 19:05:19.864400+00:00
META,2025-02-10 18:30:00+00:00,257.8277340541921,260.5643208526345,254.55861589402082,256.7313741759496,256.7313741759496,9502234.0,sample,2026-09-24 19:05:19.864400+00:00
META,2025-02-10 19:30:00+00:00,256.7627394450971,258.4300812574131,255.9924303867127,256.5317912624345,256.5317912624345,13777205.0,sample,2026-09-24 19:05:19.864400+00:00
META,2025-02-10 20:30:00+00:00,256.04445754861035,259.3771532343659,255.5479860942437,256.47691821670617,256.47691821670617,15512665.0,sample,2026-09-24 19:05:19.864400+00:00
META,2025-02-10 21:30:00+00:00,256.61571464137666,259.24520549522225,253.60289356409535,257.06947150115803,257.06947150115803,15177522.0,sample,2026-09-24 19:05:19.864400+00:00
META,2025-02-10 22:30:00+00:00,256.97134863792223,259.8828994064642,254.9984555753839,256.1679555877289,256.1679555877289,16554071.0,sample,2026-09-24 19:05:19.864400+00:00
META,2025-02-10 23:30:00+00:00,255.5913243883419,257.4698911776342,254.61198163416913,255.0453672674054,255.0453672674054,10814648.0,sample,2026-09-24 19:05:19.864400+00:00
META,2025-02-11 00:30:00+00:00,255.13504636005413,257.5144257256127,253.48981146203928,254.43154602718403,254.43154602718403,9013652.0,sample,2026-09-24 19:05:19.864400+00:00
META,2025-02-11 01:30:00+00:00,254.21330424922795,257.05678621862506,251.82060063777865,254.38260635831443,254.38260635831443,14962755.0,sample,2026-09-24 19:05:19.864400+00:00
META,2025-02-11 02:30:00+00:00,255.32011097856616,257.75848486008624,254.07328301411005,254.7459067923529,254.7459067923529,8632562.0,sample,2026-09-24 19:05:19.864400+00:00
META,2025-02-11 03:30:00+00:00,255.2945856510996,259.3927574992099,254.20222717038678,256.4230606972094,256.4230606972094,8644888.0,sample,2026-09-24 19:05:19.864400+00:00
META,2025-02-11 04:30:00+00:00,256.7950540525129,260.01681655730636,254.08453308319895,258.1704704157052,258.1704704157052,16685807.0,sample,2026-09-24 19:05:19.864400+00:00
META,2025-02-11 05:30:00+00:00,258.25855042108805,261.5666515744193,256.55643964141444,259.0270484632515,259.0270484632515,9462646.0,sample,2026-09-24 19:05:19.864400+00:00
META,2025-02-11 06:30:00+00:00,259.3195782286951,261.3599709593112,257.46488238810315,259.4064747989627,259.4064747989627,8348209.0,sample,2026-09-24 19:05:19.864400+00:00
META,2025-02-11 07:30:00+00:00,259.7206467813839,261.8224039025227,256.712093155116,260.3877261966741,260.3877261966741,1633066.0,sample,2026-09-24 19:05:19.864400+00:00
META,2025-02-11 08:30:00+00:00,259.75356534034995,261.3791492276017,259.23884002028035,260.99653067634756,260.99653067634756,15121928.0,sample,2026-09-24 19:05:19.864400+00:00
META,2025-02-11 09:30:00+00:00,261.4305503739577,263.8670354535903,258.6243576268623,260.951030981608,260.951030981608,8767969.0,sample,2026-09-24 19:05:19.864400+00:00
META,2025-02-11 10:30:00+00:00,260.282274860536,263.60231017557766,258.83951418062486,260.7271000585142,260.7271000585142,10100226.0,sample,2026-09-24 19:05:19.864400+00:00
META,2025-02-11 11:30:00+00:00,260.146075907232,264.2593773592673,259.57630667765443,262.687925749031,262.687925749031,16619811.0,sample,2026-09-24 19:05:19.864400+00:00
META,2025-02-11 12:30:00+00:00,262.2246990339646,264.17769018799174,261.3522825923083,263.34924297473265,263.34924297473265,4561471.0,sample,2026-09-24 19:05:19.864400+00:00
META,2025-02-11 13:30:00+00:00,263.36932991668584,266.32066289566285,261.91145776796924,262.7685031728683,262.7685031728683,13534700.0,sample,2026-09-24 19:05:19.864400+00:00
META,2025-02-11 14:30:00+00:00,263.0126968895475,267.2379581536226,261.5288501705183,264.0976323044051,264.0976323044051,9738996.0,sample,2026-09-24 19:05:19.864400+00:00
META,2025-02-11 15:30:00+00:00,264.5786642066584,265.6964536829608,262.0633139564561,263.36967821407086,263.36967821407086,14435855.0,sample,2026-09-24 19:05:19.864400+00:00
META,2025-02-11 16:30:00+00:00,262.6755185742007,263.8016197393095,260.1652580139106,263.17459032481827,263.17459032481827,8756593.0,sample,2026-09-24 19:05:19.864400+00:00
META,2025-02-11 17:30:00+00:00,262.92501614720186,266.50572258231205,260.7888063682157,263.5425016853732,263.5425016853732,17748302.0,sample,2026-09-24 19:05:19.864400+00:00
META,2025-02-11 18:30:00+00:00,263.09870173467493,266.47890541914444,261.1089412444167,263.57906062125977,263.57906062125977,11077706.0,sample,2026-09-24 19:05:19.864400+00:00
META,2025-02-11 19:30:00+00:00,263.74199412784714,266.3090645898179,261.09898346321694,263.4038148389963,263.4038148389963,9083144.0,sample,2026-09-24 19:05:19.864400+00:00
META,2025-02-11 20:30:00+00:00,263.22036755088584,265.57248878317,259.9430402719761,262.9695459718266,262.9695459718266,1574525.0,sample,2026-09-24 19:05:19.864400+00:00
META,2025-02-11 21:30:00+00:00,264.51941052731553,265.7612264267476,260.7586515700023,262.3839565562907,262.3839565562907,9072749.0,sample,2026-09-24 19:05:19.864400+00:00
META,2025-02-11 22:30:00+00:00,263.0577219457938,264.3738122565157,259.1100197527667,261.3572838882638,261.3572838882638,9966796.0,sample,2026-09-24 19:05:19.864400+00:00
META,2025-02-11 23:30:00+00:00,261.4762035170476,262.36373050579215,261.0901078696493,261.77337686837865,261.77337686837865,11076063.0,sample,2026-09-24 19:05:19.864400+00:00
META,2025-02-12 00:30:00+00:00,260.7913889107819,263.59993830066935,259.8594958575672,263.0544543359937,263.0544543359937,9355485.0,sample,2026-09-24 19:05:19.864400+00:00
META,2025-02-12 01:30:00+00:00,263.05992984189646,266.1238534801727,262.04452534315874,262.32034758024787,262.32034758024787,9538480.0,sample,2026-09-24 19:05:19.864400+00:00
META,2025-02-12 02:30:00+00:00,261.96360128783465,265.2200111184492,259.90168446079105,263.0537037848765,263.0537037848765,16319195.0,sample,2026-09-24 19:05:19.864400+00:00
META,2025-02-12 03:30:00+00:00,263.17159345028364,266.29491267034365,262.3206158253579,263.99305890530604,263.99305890530604,13377958.0,sample,2026-09-24 19:05:19.864400+00:00
META,2025-02-12 04:30:00+00:00,263.730761510682,266.1450335755732,261.95828980416064,262.9202951378528,262.9202951378528,15717189.0,sample,2026-09-24 19:05:19.864400+00:00
META,2025-02-12 05:30:00+00:00,262.7289828200898,264.9179426078446,261.6343153743757,264.0522046056509,264.0522046056509,15045591.0,sample,2026-09-24 19:05:19.864400+00:00
META,2025-02-12 06:30:00+00:00,262.86690368401565,266.0766420279678,260.85969409731626,265.0702725581382,265.0702725581382,7341607.0,sample,2026-09-24 19:05:19.864400+00:00
META,2025-02-12 07:30:00+00:00,264.7041614284146,266.3685057432176,261.71949198136116,265.1911584054729,265.1911584054729,5017341.0,sample,2026-09-24 19:05:19.864400+00:00
META,2025-02-12 08:30:00+00:00,265.7441147817259,267.04811081189024,263.52791208031044,264.67333015862994,264.67333015862994,17253705.0,sample,2026-09-24 19:05:19.864400+00:00
META,2025-02-12 09:30:00+00:00,264.59205507807286,267.3647488281314,263.4254831683572,265.4709690525962,265.4709690525962,2478712.0,sample,2026-09-24 19:05:19.864400+00:00
META,2025-02-12 10:30:00+00:00,265.68354287757074,268.82272497027276,265.07572383618896,266.0455727540767,266.0455727540767,13097591.0,sample,2026-09-24 19:05:19.864400+00:00
META,2025-02-12 11:30:00+00:00,266.07871749171784,268.4140659453115,265.0657669902112,265.519124161384,265.519124161384,15764377.0,sample,2026-09-24 19:05:19.864400+00:00
META,2025-02-12 12:30:00+00:00,265.130729067151,265.96323989769417,261.39695166885065,263.21815271635563,263.21815271635563,15348146.0,sample,2026-09-24 19:05:19.864400+00:00
META,2025-02-12 13:30:00+00:00,263.9162217141936,265.40229114439774,261.8939975525725,264.63369488822167,264.63369488822167,13425961.0,sample,2026-09-24 19:05:19.864400+00:00
META,2025-02-12 14:30:00+00:00,263.9053646213566,266.5598976121941,259.3973133507416,262.03045999354975,262.03045999354975,15647613.0,sample,2026-09-24 19:05:19.864400+00:00
META,2025-02-12 15:30:00+00:00,262.57680575406795,263.8598227207024,260.944577785048,262.06828150755393,262.06828150755393,10473739.0,sample,2026-09-24 19:05:19.864400+00:00
META,2025-02-12 16:30:00+00:00,261.9896254093025,263.4910582149985,258.3407073392017,259.59279075466884,259.59279075466884,11814964.0,sample,2026-09-24 19:05:19.864400+00:00
META,2025-02-12 17:30:00+00:00,259.51201785129916,260.5502775448795,258.04723647937897,259.21747829171176,259.21747829171176,2553774.0,sample,2026-09-24 19:05:19.864400+00:00
META,2025-02-12 18:30:00+00:00,258.62044464098705,260.59591966370044,256.136587422541,258.7125060021937,258.7125060021937,11495079.0,sample,2026-09-24 19:05:19.864400+00:00
META,2025-02-12 19:30:00+00:00,259.35547849729807,261.40914660384186,255.99647266956728,258.77914957115377,258.77914957115377,7706702.0,sample,2026-09-24 19:05:19.864400+00:00
META,2025-02-12 20:30:00+00:00,258.5024670521219,261.75941855151007,257.44643358193645,259.20799091094807,259.20799091094807,10713272.0,sample,2026-09-24 19:05:19.864400+00:00
META,2025-02-12 21:30:00+00:00,259.0633843667566,262.9217619050752,257.57721017376656,259.85622588842557,259.85622588842557,10101118.0,sample,2026-09-24 19:05:19.864400+00:00
META,2025-02-12 22:30:00+00:00,259.9294267108091,262.9960616666875,258.30125140975093,258.8820741256924,258.8820741256924,16709561.0,sample,2026-09-24 19:05:19.864400+00:00
META,2025-02-12 23:30:00+00:00,259.6962122524624,260.7681481010982,258.2801002764502,259.74741908304156,259.74741908304156,7772691.0,sample,2026-09-24 19:05:19.864400+00:00
META,2025-02-13 00:30:00+00:00,259.50583597371684,261.56557645462834,258.03047895945406,260.394290494772,260.394290494772,15730710.0,sample,2026-09-24 19:05:19.864400+00:00
META,2025-02-13 01:30:00+00:00,259.3433947750007,261.29054269819136,256.73949033354495,259.5324747467461,259.5324747467461,15612326.0,sample,2026-09-24 19:05:19.864400+00:00
META,2025-02-13 02:30:00+00:00,258.511702245178,261.6613090976816,256.33117330416405,259.9560328979891,259.9560328979891,3712285.0,sample,2026-09-24 19:05:19.864400+00:00
META,2025-02-13 03:30:00+00:00,259.2672544127613,260.46501819209635,258.81945947424146,259.19309531481673,259.19309531481673,17158589.0,sample,2026-09-24 19:05:19.864400+00:00
META,2025-02-13 04:30:00+00:00,259.01036598990305,260.4678432543845,257.3030624529712,259.40073604159,259.40073604159,7248192.0,sample,2026-09-24 19:05:19.864400+00:00
META,2025-02-13 05:30:00+00:00,258.8902506593638,261.93151993868753,256.0737448516947,258.2153193088972,258.2153193088972,1549286.0,sample,2026-09-24 19:05:19.864400+00:00
META,2025-02-13 06:30:00+00:00,257.62108770495723,261.0940706228102,255.87555924208752,258.48165532295326,258.48165532295326,4590692.0,sample,2026-09-24 19:05:19.864400+00:00
META,2025-02-13 07:30:00+00:00,258.9418183016567,261.40375931999034,257.3385977384377,259.85627107625936,259.85627107625936,12261014.0,sample,2026-09-24 19:05:19.864400+00:00
META,2025-02-13 08:30:00+00:00,260.89669120098597,262.7501038298349,258.6410515657502,259.4068229534233,259.4068229534233,3455751.0,sample,2026-09-24 19:05:19.864400+00:00
META,2025-02-13 09:30:00+00:00,259.7833910484017,260.8944023912055,258.85462974766574,259.6774424054947,259.6774424054947,17811602.0,sample,2026-09-24 19:05:19.864400+00:00
META,2025-02-13 10:30:00+00:00,259.86353503996696,262.20338235464465,258.64589410390573,261.6254762127896,261.6254762127896,16556779.0,sample,2026-09-24 19:05:19.864400+00:00
META,2025-02-13 11:30:00+00:00,261.23320025302706,265.89104086513333,260.1741488499173,264.3947887103179,264.3947887103179,4967385.0,sample,2026-09-24 19:05:19.864400+00:00
META,2025-02-13 12:30:00+00:00,264.5124703524688,267.01542582480164,261.58352473525247,263.30033535108544,263.30033535108544,3624389.0,sample,2026-09-24 19:05:19.864400+00:00
META,2025-02-13 13:30:00+00:00,263.5956634109472,266.72432180132495,261.5088849648161,262.9521410197581,262.9521410197581,10319840.0,sample,2026-09-24 19:05:19.864400+00:00
META,2025-02-13 14:30:00+00:00,262.8699379202231,264.21515745187,259.93404513955085,260.719318081141,260.719318081141,10553120.0,sample,2026-09-24 19:05:19.864400+00:00
META,2025-02-13 15:30:00+00:00,260.7616546450783,261.8094085448064,258.80380332130335,259.1976766670672,259.1976766670672,2009232.0,sample,2026-09-24 19:05:19.864400+00:00
META,2025-02-13 16:30:00+00:00,258.76743951829764,261.9138398095186,255.8551025959034,261.059471785234,261.059471785234,3197123.0,sample,2026-09-24 19:05:19.864400+00:00
META,2025-02-13 17:30:00+00:00,261.4773600997393,261.88719960905087,259.7567852762193,260.7382449763416,260.7382449763416,15418236.0,sample,2026-09-24 19:05:19.864400+00:00
META,2025-02-13 18:30:00+00:00,260.17959792349353,261.5702906823332,258.46777277059954,260.36355029994314,260.36355029994314,4344177.0,sample,2026-09-24 19:05:19.864400+00:00
META,2025-02-13 19:30:00+00:00,261.23040650347156,264.30187228223366,259.05214041739913,260.02481188852533,260.02481188852533,12244813.0,sample,2026-09-24 19:05:19.864400+00:00
META,2025-02-13 20:30:00+00:00,260.0866967811485,262.8612635781595,257.3768714590286,261.2071368914227,261.2071368914227,12534320.0,sample,2026-09-24 19:05:19.864400+00:00
META,2025-02-13 21:30:00+00:00,260.7920649779562,261.72601294765684,258.384038237001,259.9443750154178,259.9443750154178,14736371.0,sample,2026-09-24 19:05:19.864400+00:00
META,2025-02-13 22:30:00+00:00,260.2962672505333,260.79937026176793,256.70499990218644,259.2124289941039,259.2124289941039,17677270.0,sample,2026-09-24 19:05:19.864400+00:00
META,2025-02-13 23:30:00+00:00,258.966934199918,259.85961195942275,255.90900465371521,259.0010299658392,259.0010299658392,17922236.0,sample,2026-09-24 19:05:19.864400+00:00
META,2025-02-14 00:30:00+00:00,258.6253950586407,259.6638573573312,255.99737433552554,258.33260121411666,258.33260121411666,17977266.0,sample,2026-09-24 19:05:19.864400+00:00
META,2025-02-14 01:30:00+00:00,258.7446197240938,259.17226999453464,257.76671193178413,258.6515334819137,258.6515334819137,13652671.0,sample,2026-09-24 19:05:19.864400+00:00
META,2025-02-14 02:30:00+00:00,259.22138704049394,261.0555987046062,256.61428502191256,260.26621916582343,260.26621916582343,6288617.0,sample,2026-09-24 19:05:19.864400+00:00
META,2025-02-14 03:30:00+00:00,259.41005558912894,261.0438351941565,257.7807755771402,259.7605317080268,259.7605317080268,14804833.0,sample,2026-09-24 19:05:19.864400+00:00
META,2025-02-14 04:30:00+00:00,259.5961009400832,261.3239964650568,258.0583444266083,259.9713778699507,259.9713778699507,5601080.0,sample,2026-09-24 19:05:19.864400+00:00
META,2025-02-14 05:30:00+00:00,261.0399992623217,263.33532117398175,259.45874957309536,261.52085871675905,261.52085871675905,4166628.0,sample,2026-09-24 19:05:19.864400+00:00
META,2025-02-14 06:30:00+00:00,261.2187589746157,264.74781258526116,259.33493118742325,261.6661335846789,261.6661335846789,1811311.0,sample,2026-09-24 19:05:19.864400+00:00
META,2025-02-14 07:30:00+00:00,261.3040499899723,262.8703492958163,260.0344701572296,260.63841146104954,260.63841146104954,14352382.0,sample,2026-09-24 19:05:19.864400+00:00
META,2025-02-14 08:30:00+00:00,260.11217972853956,264.1789629650956,259.7376426012497,261.39343861315245,261.39343861315245,3460168.0,sample,2026-09-24 19:05:19.864400+00:00
META,2025-02-14 09:30:00+00:00,259.92570690194884,263.45292387491463,258.3019570040991,262.24111305075223,262.24111305075223,2171714.0,sample,2026-09-24 19:05:19.864400+00:00
META,2025-02-14 10:30:00+00:00,262.382284795574,265.19101756451187,261.03159952675503,263.97965828183567,263.97965828183567,8307495.0,sample,2026-09-24 19:05:19.864400+00:00
META,2025-02-14 11:30:00+00:00,263.76814478094127,264.54699328779947,263.25943588802716,263.9710755144049,263.9710755144049,10033497.0,sample,2026-09-24 19:05:19.864400+00:00
META,2025-02-14 12:30:00+00:00,264.08377242039205,266.32396842497263,260.9765475059441,265.1666346470807,265.1666346470807,11336336.0,sample,2026-09-24 19:05:19.864400+00:00
META,2025-02-14 13:30:00+00:00,265.97773666865356,268.18278310539745,263.50307164713746,266.5312017414327,266.5312017414327,7329594.0,sample,2026-09-24 19:05:19.864400+00:00
META,2025-02-14 14:30:00+00:00,267.0035990034341,268.09771881193706,262.9402028919508,264.5136639601026,264.5136639601026,9949313.0,sample,2026-09-24 19:05:19.864400+00:00
META,2025-02-14 15:30:00+00:00,264.9195101423782,265.60632368499347,261.91248366751745,264.40419389113384,264.40419389113384,12485740.0,sample,2026-09-24 19:05:19.864400+00:00
META,2025-02-14 16:30:00+00:00,263.4098802756356,267.44326448170483,261.8058679069531,266.4140036147329,266.4140036147329,3700318.0,sample,2026-09-24 19:05:19.864400+00:00
META,2025-02-14 17:30:00+00:00,265.03746534475476,266.5438132757257,262.57977645297456,265.5557775113831,265.5557775113831,9469180.0,sample,2026-09-24 19:05:19.864400+00:00
META,2025-02-14 18:30:00+00:00,265.97343424392034,269.59959006073615,263.1003294350716,266.9661097562375,266.9661097562375,14915976.0,sample,2026-09-24 19:05:19.864400+00:00
META,2025-02-14 19:30:00+00:00,267.0662619166225,270.1475658756911,263.92745753888687,266.7423038167369,266.7423038167369,7342748.0,sample,2026-09-24 19:05:19.864400+00:00
META,2025-02-14 20:30:00+00:00,267.0944235598312,269.08208578610817,262.4761899068361,265.228630390786,265.228630390786,7842273.0,sample,2026-09-24 19:05:19.864400+00:00
META,2025-02-14 21:30:00+00:00,265.47521101481544,266.6107094899765,259.55385349836934,262.6324102289612,262.6324102289612,14722096.0,sample,2026-09-24 19:05:19.864400+00:00
META,2025-02-14 22:30:00+00:00,263.08793810865564,263.35366639654495,258.8119065289004,261.87903762641423,261.87903762641423,11051910.0,sample,2026-09-24 19:05:19.864400+00:00
META,2025-02-14 23:30:00+00:00,262.5502622055609,262.9711412558851,259.590406844028,260.4636736627024,260.4636736627024,12605297.0,sample,2026-09-24 19:05:19.864400+00:00
META,2025-02-15 00:30:00+00:00,261.1284968279661,263.3996237369668,260.13645831022336,262.27267810570663,262.27267810570663,11671074.0,sample,2026-09-24 19:05:19.864400+00:00
META,2025-02-15 01:30:00+00:00,262.0835719409913,264.1111829649097,259.25179115061184,259.86963117846767,259.86963117846767,16948551.0,sample,2026-09-24 19:05:19.864400+00:00
META,2025-02-15 02:30:00+00:00,260.39630728612605,261.4084416840123,259.0279308017307,260.8166145134406,260.8166145134406,4936703.0,sample,2026-09-24 19:05:19.864400+00:00
META,2025-02-15 03:30:00+00:00,260.23084468998235,262.83626460743784,257.25606687567307,260.504724496124,260.504724496124,6998836.0,sample,2026-09-24 19:05:19.864400+00:00
META,2025-02-15 04:30:00+00:00,260.46911529012743,263.9687505479005,259.9629127718429,261.49872622432315,261.49872622432315,3305927.0,sample,2026-09-24 19:05:19.864400+00:00
META,2025-02-15 05:30:00+00:00,260.81100318457595,263.8919947275791,259.62073558725257,259.9357047448554,259.9357047448554,5655784.0,sample,2026-09-24 19:05:19.864400+00:00
META,2025-02-15 06:30:00+00:00,260.3714814846343,260.80104961772986,257.8331994288203,260.16650892738045,260.16650892738045,17462483.0,sample,2026-09-24 19:05:19.864400+00:00
META,2025-02-15 07:30:00+00:00,260.2038129500946,261.5620527526891,257.880411582217,259.15797957816756,259.15797957816756,10440543.0,sample,2026-09-24 19:05:19.864400+00:00
META,2025-02-15 08:30:00+00:00,258.8869146679478,262.604692897416,257.41916930509274,259.8608876578289,259.8608876578289,2511900.0,sample,2026-09-24 19:05:19.864400+00:00
META,2025-02-15 09:30:00+00:00,259.4946003130194,263.10967560052,258.53769276547393,261.3336440800862,261.3336440800862,7005860.0,sample,2026-09-24 19:05:19.864400+00:00
META,2025-02-15 10:30:00+00:00,261.35935459268495,264.07977578631073,258.49772523063655,261.84629029246105,261.84629029246105,14736033.0,sample,2026-09-24 19:05:19.864400+00:00
META,2025-02-15 11:30:00+00:00,262.62024185059755,265.09799311357745,260.64870082077437,261.8360066871376,261.8360066871376,6982489.0,sample,2026-09-24 19:05:19.864400+00:00
META,2025-02-15 12:30:00+00:00,262.64710057309196,265.1642487840194,260.8657506517744,262.67769352086873,262.67769352086873,9447684.0,sample,2026-09-24 19:05:19.864400+00:00
META,2025-02-15 13:30:00+00:00,261.63766345442036,264.59916089170184,258.95546717104014,263.2807689586119,263.2807689586119,15105680.0,sample,2026-09-24 19:05:19.864400+00:00
META,2025-02-15 14:30:00+00:00,263.3310950477856,266.09126230346163,260.21425550739445,262.5403411924617,262.5403411924617,8404720.0,sample,2026-09-24 19:05:19.864400+00:00
META,2025-02-15 15:30:00+00:00,263.1027545122555,264.5415601201319,257.84512108014036,260.24587121560876,260.24587121560876,15865716.0,sample,2026-09-24 19:05:19.864400+00:00
META,2025-02-15 16:30:00+00:00,260.7486772006413,261.1172550789663,256.61989990013046,259.72832847198396,259.72832847198396,3674300.0,sample,2026-09-24 19:05:19.864400+00:00
META,2025-02-15 17:30:00+00:00,260.13555552204843,261.5011635416261,256.9823373599329,257.3786350345352,257.3786350345352,3686154.0,sample,2026-09-24 19:05:19.864400+00:00
META,2025-02-15 18:30:00+00:00,256.70209274089314,258.2338372078452,255.46343834711675,256.44869680541655,256.44869680541655,2398187.0,sample,2026-09-24 19:05:19.864400+00:00
META,2025-02-15 19:30:00+00:00,256.2954938170996,259.6583033068357,253.70137485778307,258.9598168553473,258.9598168553473,6816560.0,sample,2026-09-24 19:05:19.864400+00:00
META,2025-02-15 20:30:00+00:00,259.71790672967705,261.1722400195088,259.0318451096592,260.51655390413276,260.51655390413276,4212294.0,sample,2026-09-24 19:05:19.864400+00:00
META,2025-02-15 21:30:00+00:00,260.4001460357067,260.8895989551784,259.5265095100612,259.8758728576569,259.8758728576569,12809572.0,sample,2026-09-24 19:05:19.864400+00:00
META,2025-02-15 22:30:00+00:00,259.4941612302618,263.2533363921932,257.52442470076,260.2016571559708,260.2016571559708,17553435.0,sample,2026-09-24 19:05:19.864400+00:00
META,2025-02-15 23:30:00+00:00,259.5972979100744,264.1340260523435,257.9426180069093,261.85709023594154,261.85709023594154,8926482.0,sample,2026-09-24 19:05:19.864400+00:00
META,2025-02-16 00:30:00+00:00,262.3410401745005,264.6230966038414,260.80787631638407,261.7603931179679,261.7603931179679,10085006.0,sample,2026-09-24 19:05:19.864400+00:00
META,2025-02-16 01:30:00+00:00,262.69476434192705,264.29184927357966,259.1080295591626,259.8303259301923,259.8303259301923,17775143.0,sample,2026-09-24 19:05:19.864400+00:00
META,2025-02-16 02:30:00+00:00,260.34063426998614,261.1890072262926,256.6029599792465,258.0297387377985,258.0297387377985,10144102.0,sample,2026-09-24 19:05:19.864400+00:00
META,2025-02-16 03:30:00+00:00,257.8878731930859,262.4227552227808,255.15643831754647,259.42949239423626,259.42949239423626,3741677.0,sample,2026-09-24 19:05:19.864400+00:00
META,2025-02-16 04:30:00+00:00,260.2423156368146,262.83242171062585,258.4950574529321,260.8804265663913,260.8804265663913,17010608.0,sample,2026-09-24 19:05:19.864400+00:00
META,2025-02-16 05:30:00+00:00,260.7097438134882,262.64695331815096,258.7505723181094,262.2017605865864,262.2017605865864,2348289.0,sample,2026-09-24 19:05:19.864400+00:00
META,2025-02-16 06:30:00+00:00,262.1329784197936,263.0898671663099,260.70951271131946,262.7552456030824,262.7552456030824,2390315.0,sample,2026-09-24 19:05:19.864400+00:00
META,2025-02-16 07:30:00+00:00,263.45082857323996,264.75839900528223,262.2028773311086,263.08933247754925,263.08933247754925,10586969.0,sample,2026-09-24 19:05:19.864400+00:00
META,2025-02-16 08:30:00+00:00,263.7171452053066,264.9021256965521,262.671981200432,263.434690608074,263.434690608074,3820707.0,sample,2026-09-24 19:05:19.864400+00:00
META,2025-02-16 09:30:00+00:00,264.00893528195724,266.33759888324516,262.4509820952375,263.11417392242566,263.11417392242566,13016741.0,sample,2026-09-24 19:05:19.864400+00:00
META,2025-02-16 10:30:00+00:00,263.642445362194,265.4427319290732,261.75472308814795,263.48837755341907,263.48837755341907,15074789.0,sample,2026-09-24 19:05:19.864400+00:00
META,2025-02-16 11:30:00+00:00,263.4199303240515,264.5335641513989,261.3509307992262,264.05279727749746,264.05279727749746,16233554.0,sample,2026-09-24 19:05:19.864400+00:00
META,2025-02-16 12:30:00+00:00,264.21572963642103,267.1527183743985,261.5904209571153,262.9999676137557,262.9999676137557,15248929.0,sample,2026-09-24 19:05:19.864400+00:00
META,2025-02-16 13:30:00+00:00,263.16157158732005,268.0014874392139,260.6641286873824,265.1832801477432,265.1832801477432,3839330.0,sample,2026-09-24 19:05:19.864400+00:00
META,2025-02-16 14:30:00+00:00,264.92584614993666,268.05909440194966,264.49675574390557,265.8911233688166,265.8911233688166,1956677.0,sample,2026-09-24 19:05:19.864400+00:00
META,2025-02-16 15:30:00+00:00,265.71949564418156,269.4458943852201,263.3537021210939,266.9580231641809,266.9580231641809,8673649.0,sample,2026-09-24 19:05:19.864400+00:00
META,2025-02-16 16:30:00+00:00,267.49836234856656,270.30102020919577,265.12519231817356,266.26408608742975,266.26408608742975,5197299.0,sample,2026-09-24 19:05:19.864400+00:00
META,2025-02-16 17:30:00+00:00,266.4027432584371,269.0431759236272,266.05272092669367,266.3465990568477,266.3465990568477,17118948.0,sample,2026-09-24 19:05:19.864400+00:00
META,2025-02-16 18:30:00+00:00,265.868350830714,269.14795521703013,262.8305543775797,266.031458049959,266.031458049959,10136869.0,sample,2026-09-24 19:05:19.864400+00:00
META,2025-02-16 19:30:00+00:00,265.75523067058225,266.06737673463317,264.53657667052187,264.9134125434541,264.9134125434541,3207758.0,sample,2026-09-24 19:05:19.864400+00:00
META,2025-02-16 20:30:00+00:00,264.4175360751366,267.0713745855901,261.16165227052846,264.31800908063957,264.31800908063957,14735383.0,sample,2026-09-24 19:05:19.864400+00:00
META,2025-02-16 21:30:00+00:00,263.63532648721673,268.12663019815125,261.8039445317898,266.8378328113767,266.8378328113767,4799531.0,sample,2026-09-24 19:05:19.864400+00:00
META,2025-02-16 22:30:00+00:00,267.1152346756811,267.6365928459693,264.16022838104806,267.314889215139,267.314889215139,12074021.0,sample,2026-09-24 19:05:19.864400+00:00
META,2025-02-16 23:30:00+00:00,267.56493874909074,270.494311144094,265.11061206593575,268.1874276661705,268.1874276661705,4934554.0,sample,2026-09-24 19:05:19.864400+00:00
META,2025-02-17 00:30:00+00:00,268.1732741075741,269.46244175317406,267.6768282087432,268.49412090386426,268.49412090386426,17603750.0,sample,2026-09-24 19:05:19.864400+00:00
META,2025-02-17 01:30:00+00:00,267.66677783333637,270.746866674047,264.64473887768906,268.78093397444195,268.78093397444195,17357888.0,sample,2026-09-24 19:05:19.864400+00:00
META,2025-02-17 02:30:00+00:00,268.5449084351174,269.23045584598594,265.08475973964863,268.14741988129384,268.14741988129384,7815883.0,sample,2026-09-24 19:05:19.864400+00:00
META,2025-02-17 03:30:00+00:00,267.15836874758185,269.54996305607034,265.959278944342,268.8040673774482,268.8040673774482,9886061.0,sample,2026-09-24 19:05:19.864400+00:00
META,2025-02-17 04:30:00+00:00,268.8392648862691,269.21626345432975,265.7336523359016,268.0708952848706,268.0708952848706,9768283.0,sample,2026-09-24 19:05:19.864400+00:00
META,2025-02-17 05:30:00+00:00,267.8872926089066,271.49200357853033,267.2416080185879,268.6507643467432,268.6507643467432,12202377.0,sample,2026-09-24 19:05:19.864400+00:00
META,2025-02-17 06:30:00+00:00,268.6972194627185,271.10128897152373,264.96343819704583,267.33053891643993,267.33053891643993,8614016.0,sample,2026-09-24 19:05:19.864400+00:00
META,2025-02-17 07:30:00+00:00,266.6791289331769,269.05238911941956,263.46819133153906,266.6408800477608,266.6408800477608,16701307.0,sample,2026-09-24 19:05:19.864400+00:00
META,2025-02-17 08:30:00+00:00,267.5497454782936,270.4866255162417,265.2332139722417,266.36222896185575,266.36222896185575,15989172.0,sample,2026-09-24 19:05:19.864400+00:00
META,2025-02-17 09:30:00+00:00,266.7837847858479,268.6230814331618,264.73063157728103,266.99712111868484,266.99712111868484,9300223.0,sample,2026-09-24 19:05:19.864400+00:00
