symbol,timestamp,open,high,low,close,adj_close,volume,source,ingestion_time
META,2021-01-04 00:00:00+00:00,222.70045012033216,224.49205758934696,220.8749333221534,222.54752527091816,222.54752527091816,17960727.0,sample,2026-09-24 19:05:19.861881+00:00
META,2021-01-05 00:00:00+00:00,223.29043614502933,231.95433641007148,221.70803531152444,231.4464506268653,231.4464506268653,6450090.0,sample,2026-09-24 19:05:19.861881+00:00
META,2021-01-06 00:00:00+00:00,231.55491903593568,238.10924204501967,228.8134970154989,235.52057148953756,235.52057148953756,14979854.0,sample,2026-09-24 19:05:19.861881+00:00
META,2021-01-07 00:00:00+00:00,235.5745652640994,236.11712408982316,228.4116052139402,231.04305499737004,231.04305499737004,2403009.0,sample,2026-09-24 19:05:19.861881+00:00
META,2021-01-08 00:00:00+00:00,231.10394095752247,232.02864341832702,227.8134365120598,228.64439266242053,228.64439266242053,4679430.0,sample,2026-09-24 19:05:19.861881+00:00
META,2021-01-11 00:00:00+00:00,229.13200375941094,233.09872355592734,228.5914456560413,232.27450167917178,232.27450167917178,12530316.0,sample,2026-09-24 19:05:19.861881+00:00
META,2021-01-12 00:00:00+00:00,232.62386479397168,234.52823686845173,230.3083226363905,232.14891703350438,232.14891703350438,2322032.0,sample,2026-09-24 19:05:19.861881+00:00
META,2021-01-13 00:00:00+00:00,231.76399755350943,239.9674878289856,230.7657737098865,237.24510522749455,237.24510522749455,6957621.0,sample,2026-09-24 19:05:19.861881+00:00
META,2021-01-14 00:00:00+00:00,237.0015648339201,237.426905361653,227.662036943201,229.15155904286627,229.15155904286627,4308850.0,sample,2026-09-24 19:05:19.861881+00:00
META,2021-01-15 00:00:00+00:00,229.4062970796017,238.96151338322565,227.7728065108467,238.09414850226025,238.09414850226025,17618360.0,sample,2026-09-24 19:05:19.861881+00:00
META,2021-01-18 00:00:00+00:00,237.57477154385904,247.61858776159264,235.71580064099007,246.37280698860798,246.37280698860798,8741446.0,sample,2026-09-24 19:05:19.861881+00:00
META,2021-01-19 00:00:00+00:00,246.62949624707403,247.79178887355476,239.48842291803211,240.0934628725034,240.0934628725034,7900702.0,sample,2026-09-24 19:05:19.861881+00:00
META,2021-01-20 00:00:00+00:00,239.79637774120974,241.23155764997594,238.27141327176378,238.87749536462985,238.87749536462985,14337523.0,sample,2026-09-24 19:05:19.861881+00:00
META,2021-01-21 00:00:00+00:00,239.35386575206704,240.48437530696043,233.9661677129965,236.35519806407436,236.35519806407436,5304621.0,sample,2026-09-24 19:05:19.861881+00:00
META,2021-01-22 00:00:00+00:00,236.6105118887109,237.45367664292618,234.19223235896789,234.84925922120323,234.84925922120323,7699573.0,sample,2026-09-24 19:05:19.861881+00:00
META,2021-01-25 00:00:00+00:00,235.12802045927285,240.32493640347283,233.68459441260572,239.1566888759354,239.1566888759354,2093501.0,sample,2026-09-24 19:05:19.861881+00:00
META,2021-01-26 00:00:00+00:00,239.07084449216154,241.66191076135655,236.7722831321081,237.13143505985684,237.13143505985684,7295098.0,sample,2026-09-24 19:05:19.861881+00:00
META,2021-01-27 00:00:00+00:00,237.67591887760958,238.32412931768587,231.86096258542287,233.4252240296672,233.4252240296672,3921650.0,sample,2026-09-24 19:05:19.861881+00:00
META,2021-01-28 00:00:00+00:00,233.31624060189833,238.45294731292097,231.7728362616434,236.686922180985,236.686922180985,9883046.0,sample,2026-09-24 19:05:19.861881+00:00
META,2021-01-29 00:00:00+00:00,237.40845126076374,245.32864907278272,235.82736344106095,242.81511129431325,242.81511129431325,12227513.0,sample,2026-09-24 19:05:19.861881+00:00
META,2021-02-01 00:00:00+00:00,242.282097423888,243.37489603573977,239.04893218484597,241.1848393670415,241.1848393670415,13931624.0,sample,2026-09-24 19:05:19.861881+00:00
META,2021-02-02 00:00:00+00:00,241.36679131756688,243.70044764195939,240.7570481690413,242.81475555076003,242.81475555076003,9501823.0,sample,2026-09-24 19:05:19.861881+00:00
META,2021-02-03 00:00:00+00:00,242.62639845724564,242.99197851921994,236.2945480883771,236.87693896274425,236.87693896274425,13354271.0,sample,2026-09-24 19:05:19.861881+00:00
META,2021-02-04 00:00:00+00:00,237.6196705767577,242.276425211081,235.3271033892834,241.58433789262253,241.58433789262253,9798143.0,sample,2026-09-24 19:05:19.861881+00:00
META,2021-02-05 00:00:00+00:00,242.00210122705988,252.89128618213653,239.8070967282327,252.27020411126472,252.27020411126472,15656553.0,sample,2026-09-24 19:05:19.861881+00:00
META,2021-02-08 00:00:00+00:00,252.71027423322872,258.46104723786976,251.3507176134404,255.4702262563801,255.4702262563801,14540401.0,sample,2026-09-24 19:05:19.861881+00:00
META,2021-02-09 00:00:00+00:00,255.19452160244316,256.5568500341351,254.03990251014227,255.6139418307637,255.6139418307637,14333751.0,sample,2026-09-24 19:05:19.861881+00:00
META,2021-02-10 00:00:00+00:00,255.63773579952516,257.59411563096614,244.81939248029886,246.63293044724213,246.63293044724213,15071820.0,sample,2026-09-24 19:05:19.861881+00:00
META,2021-02-11 00:00:00+00:00,246.16047834634014,246.9915912340985,244.37135779464322,245.62001289603813,245.62001289603813,17135802.0,sample,2026-09-24 19:05:19.861881+00:00
META,2021-02-12 00:00:00+00:00,245.26535588256309,247.1548647628366,234.57835211634222,236.89929480836796,236.89929480836796,2599187.0,sample,2026-09-24 19:05:19.861881+00:00
META,2021-02-15 00:00:00+00:00,237.5827687317382,243.34593019184715,237.14869040765169,240.72683285335336,240.72683285335336,16879452.0,sample,2026-09-24 19:05:19.861881+00:00
META,2021-02-16 00:00:00+00:00,240.21048454774672,252.0625648916776,238.95632892590365,249.20647446712104,249.20647446712104,10919757.0,sample,2026-09-24 19:05:19.861881+00:00
META,2021-02-17 00:00:00+00:00,249.41558963895162,257.7085400133408,246.82500456950916,256.1415160100697,256.1415160100697,13803532.0,sample,2026-09-24 19:05:19.861881+00:00
META,2021-02-18 00:00:00+00:00,256.6532481162145,258.7558893951469,255.57765370631085,257.3665529098291,257.3665529098291,12304397.0,sample,2026-09-24 19:05:19.861881+00:00
META,2021-02-19 00:00:00+00:00,257.7511931662806,261.44856592637615,255.4832690595152,260.16043777941434,260.16043777941434,5840524.0,sample,2026-09-24 19:05:19.861881+00:00
META,2021-02-22 00:00:00+00:00,261.046905076007,263.45864427782743,254.6321008924255,257.3552740170726,257.3552740170726,2400351.0,sample,2026-09-24 19:05:19.861881+00:00
META,2021-02-23 00:00:00+00:00,256.5343350044319,260.4545787317388,256.07696766186035,258.87592715221336,258.87592715221336,8006081.0,sample,2026-09-24 19:05:19.861881+00:00
META,2021-02-24 00:00:00+00:00,259.4516526501225,263.4824032811802,256.6207993022212,260.401633874326,260.401633874326,13887897.0,sample,2026-09-24 19:05:19.861881+00:00
META,2021-02-25 00:00:00+00:00,261.32189545795444,264.0586940419425,258.58824491932995,260.7502924432615,260.7502924432615,8874958.0,sample,2026-09-24 19:05:19.861881+00:00
META,2021-02-26 00:00:00+00:00,260.2553048241857,262.2049730923198,247.08294811163356,248.530758725117,248.530758725117,5413199.0,sample,2026-09-24 19:05:19.861881+00:00
META,2021-03-01 00:00:00+00:00,248.53778863764913,251.80074390193533,246.33812172376994,250.0865258110418,250.0865258110418,11739922.0,sample,2026-09-24 19:05:19.861881+00:00
META,2021-03-02 00:00:00+00:00,249.9763212930462,253.94505635505888,248.89347732329975,252.50835629803382,252.50835629803382,5259792.0,sample,2026-09-24 19:05:19.861881+00:00
META,2021-03-03 00:00:00+00:00,252.16212397867076,252.91822527159394,246.91313797606102,249.27899929173145,249.27899929173145,17751141.0,sample,2026-09-24 19:05:19.861881+00:00
META,2021-03-04 00:00:00+00:00,249.66537221427896,252.20450423244978,246.71043347187373,251.5272310288484,251.5272310288484,7930780.0,sample,2026-09-24 19:05:19.861881+00:00
META,2021-03-05 00:00:00+00:00,251.14963599915296,257.39985805916405,248.2065316057359,255.56940389075965,255.56940389075965,10018198.0,sample,2026-09-24 19:05:19.861881+00:00
META,2021-03-08 00:00:00+00:00,255.73145891847625,258.2925841211723,245.48346836846275,245.75228874407733,245.75228874407733,17693306.0,sample,2026-09-24 19:05:19.861881+00:00
META,2021-03-09 00:00:00+00:00,246.01150629443086,250.96921474302493,245.5136240133152,250.07610410914623,250.07610410914623,6527591.0,sample,2026-09-24 19:05:19.861881+00:00
META,2021-03-10 00:00:00+00:00,249.3034719233712,250.85563060836895,245.10685967669116,247.81232231735856,247.81232231735856,12859294.0,sample,2026-09-24 19:05:19.861881+00:00
META,2021-03-11 00:00:00+00:00,247.40929178173246,247.86816561693908,240.36409349110468,242.5648552323289,242.5648552323289,8932905.0,sample,2026-09-24 19:05:19.861881+00:00
META,2021-03-12 00:00:00+00:00,242.44730824289996,244.59713308307272,240.88558394160796,243.20060110794256,243.20060110794256,6689223.0,sample,2026-09-24 19:05:19.861881+00:00
META,2021-03-15 00:00:00+00:00,243.86943679767663,246.49399802908917,239.16961107663897,239.54299942529582,239.54299942529582,13319013.0,sample,2026-09-24 19:05:19.861881+00:00
META,2021-03-16 00:00:00+00:00,239.52616229841016,239.87465873642006,235.4982676817375,237.28519146053685,237.28519146053685,3239319.0,sample,2026-09-24 19:05:19.861881+00:00
META,2021-03-17 00:00:00+00:00,237.40749563617055,239.10531425409394,232.40456717212734,232.6759687031483,232.6759687031483,7182489.0,sample,2026-09-24 19:05:19.861881+00:00
META,2021-03-18 00:00:00+00:00,231.88480847723594,232.49654075128532,228.93526224899068,229.56864183243297,229.56864183243297,10864648.0,sample,2026-09-24 19:05:19.861881+00:00
META,2021-03-19 00:00:00+00:00,230.61310046063895,230.88954252302506,221.93882280314526,224.23631664386903,224.23631664386903,4621452.0,sample,2026-09-24 19:05:19.861881+00:00
META,2021-03-22 00:00:00+00:00,224.35394769479186,226.36495129440104,218.9263482773771,221.57828101582103,221.57828101582103,3747309.0,sample,2026-09-24 19:05:19.861881+00:00
META,2021-03-23 00:00:00+00:00,221.92618271331418,223.74954256888208,214.80119410481015,216.9276442281026,216.9276442281026,12255608.0,sample,2026-09-24 19:05:19.861881+00:00
META,2021-03-24 00:00:00+00:00,217.5420029413111,217.86061696602957,209.73255028974827,211.3598698601582,211.3598698601582,11084977.0,sample,2026-09-24 19:05:19.861881+00:00
META,2021-03-25 00:00:00+00:00,211.61766626274607,215.79045573343396,210.92447544501027,215.4346482065647,215.4346482065647,9424908.0,sample,2026-09-24 19:05:19.861881+00:00
META,2021-03-26 00:00:00+00:00,215.19061400353627,216.48855268863392,214.38958167528796,215.40523054048924,215.40523054048924,11358658.0,sample,2026-09-24 19:05:19.861881+00:00
META,2021-03-29 00:00:00+00:00,215.06671788277825,218.89158924005824,213.9258414380862,216.99060225561274,216.99060225561274,15385626.0,sample,2026-09-24 19:05:19.861881+00:00
META,2021-03-30 00:00:00+00:00,217.68925330773885,226.52357800828065,217.41589276858764,223.97472489254562,223.97472489254562,17543037.0,sample,2026-09-24 19:05:19.861881+00:00
META,2021-03-31 00:00:00+00:00,223.33166336773633,228.61944757777022,223.08149820655686,226.6867472913127,226.6867472913127,7919633.0,sample,2026-09-24 19:05:19.861881+00:00
META,2021-04-01 00:00:00+00:00,227.215646329336,229.5099672654083,224.39704005737187,226.6714223552216,226.6714223552216,10965328.0,sample,2026-09-24 19:05:19.861881+00:00
META,2021-04-02 00:00:00+00:00,227.59490926909646,228.3442047246487,220.02137749174736,222.02254322064513,222.02254322064513,4206177.0,sample,2026-09-24 19:05:19.861881+00:00
META,2021-04-05 00:00:00+00:00,221.86785152890695,225.56888113188637,219.84998697907488,225.26974930506,225.26974930506,4588274.0,sample,2026-09-24 19:05:19.861881+00:00
META,2021-04-06 00:00:00+00:00,225.142159158448,229.76133024401227,223.10177120763927,227.21911590887544,227.21911590887544,14670758.0,sample,2026-09-24 19:05:19.861881+00:00
META,2021-04-07 00:00:00+00:00,227.6040366368966,234.30555077571674,225.97882981129996,231.58900699382636,231.58900699382636,12033272.0,sample,2026-09-24 19:05:19.861881+00:00
META,2021-04-08 00:00:00+00:00,231.94325607339925,232.35246745693232,229.20346888452036,230.99191392842664,230.99191392842664,8812438.0,sample,2026-09-24 19:05:19.861881+00:00
META,2021-04-09 00:00:00+00:00,231.19475736701926,231.94936707069613,227.1308332061674,229.36410812691997,229.36410812691997,6774652.0,sample,2026-09-24 19:05:19.861881+00:00
META,2021-04-12 00:00:00+00:00,230.79065232366062,231.5352606730439,219.4645748165828,220.55700761830747,220.55700761830747,14644055.0,sample,2026-09-24 19:05:19.861881+00:00
META,2021-04-13 00:00:00+00:00,220.47442966307472,225.40352660539716,219.92914600783345,222.78733606370105,222.78733606370105,10155578.0,sample,2026-09-24 19:05:19.861881+00:00
META,2021-04-14 00:00:00+00:00,223.48570839144182,224.600637435505,215.89079769539174,216.4054863024031,216.4054863024031,10437396.0,sample,2026-09-24 19:05:19.861881+00:00
META,2021-04-15 00:00:00+00:00,217.6555439206955,219.31130969963903,213.88672007024644,214.32000121717684,214.32000121717684,2089409.0,sample,2026-09-24 19:05:19.861881+00:00
META,2021-04-16 00:00:00+00:00,214.52488042404545,217.18306533111482,211.9651588957188,216.16905608402772,216.16905608402772,16760182.0,sample,2026-09-24 19:05:19.861881+00:00
META,2021-04-19 00:00:00+00:00,215.96144262293305,216.57407891974265,213.47778091074278,216.30173372801534,216.30173372801534,15974321.0,sample,2026-09-24 19:05:19.861881+00:00
META,2021-04-20 00:00:00+00:00,217.43000083674184,219.59108298118448,214.52286314869488,215.7640700893924,215.7640700893924,8592381.0,sample,2026-09-24 19:05:19.861881+00:00
META,2021-04-21 00:00:00+00:00,215.72052546787356,219.15780176459316,215.0092194943227,217.40241340463933,217.40241340463933,14604329.0,sample,2026-09-24 19:05:19.861881+00:00
META,2021-04-22 00:00:00+00:00,218.06672922725267,218.45917830701848,209.34416333071792,210.1699613748018,210.1699613748018,11429420.0,sample,2026-09-24 19:05:19.861881+00:00
META,2021-04-23 00:00:00+00:00,209.66144394709664,211.0021753642508,207.49971088212942,210.19137256822907,210.19137256822907,14067588.0,sample,2026-09-24 19:05:19.861881+00:00
META,2021-04-26 00:00:00+00:00,210.39604059307348,217.1637628761185,208.4494533975822,215.0049024866579,215.0049024866579,12610520.0,sample,2026-09-24 19:05:19.861881+00:00
META,2021-04-27 00:00:00+00:00,214.12797721127413,219.74392615519247,212.5297415871854,219.51233444196347,219.51233444196347,12469900.0,sample,2026-09-24 19:05:19.861881+00:00
META,2021-04-28 00:00:00+00:00,218.90034703589072,219.6351879372411,212.00079939222474,213.29027225452745,213.29027225452745,8928755.0,sample,2026-09-24 19:05:19.861881+00:00
META,2021-04-29 00:00:00+00:00,212.74390169045864,217.8278568211239,210.4174534000702,216.89651302034153,216.89651302034153,3375273.0,sample,2026-09-24 19:05:19.861881+00:00
META,2021-04-30 00:00:00+00:00,216.86891536442252,218.98796757137598,216.4290651781283,218.47858119262403,218.47858119262403,3142907.0,sample,2026-09-24 19:05:19.861881+00:00
META,2021-05-03 00:00:00+00:00,218.84215279753147,220.49970900050627,212.3921139306585,214.31673192773428,214.31673192773428,11762299.0,sample,2026-09-24 19:05:19.861881+00:00
META,2021-05-04 00:00:00+00:00,214.84277021319375,216.91326225758715,208.2583104244637,208.76809871436487,208.76809871436487,2630129.0,sample,2026-09-24 19:05:19.861881+00:00
META,2021-05-05 00:00:00+00:00,208.59871382392225,210.85885281897777,205.8766727150848,208.00644783426807,208.00644783426807,3944359.0,sample,2026-09-24 19:05:19.861881+00:00
META,2021-05-06 00:00:00+00:00,207.26196288740485,213.93095966581848,205.0953766046982,213.26048693981167,213.26048693981167,12040038.0,sample,2026-09-24 19:05:19.861881+00:00
META,2021-05-07 00:00:00+00:00,211.77829007579717,216.44066101907399,209.2869409761386,214.98646532881034,214.98646532881034,11861783.0,sample,2026-09-24 19:05:19.861881+00:00
META,2021-05-10 00:00:00+00:00,215.1026310985708,215.86674766610236,209.848108888528,211.03515053819302,211.03515053819302,14802579.0,sample,2026-09-24 19:05:19.861881+00:00
META,2021-05-11 00:00:00+00:00,210.88863097372658,213.70831549583968,210.17455899156815,211.25536270532857,211.25536270532857,11735260.0,sample,2026-09-24 19:05:19.861881+00:00
META,2021-05-12 00:00:00+00:00,211.02309787219207,217.60738416575091,208.70624785084289,215.23141197489096,215.23141197489096,12606917.0,sample,2026-09-24 19:05:19.861881+00:00
META,2021-05-13 00:00:00+00:00,215.6481257701411,216.52329716996448,212.11058412204477,214.67824662342036,214.67824662342036,15838563.0,sample,2026-09-24 19:05:19.861881+00:00
META,2021-05-14 00:00:00+00:00,215.0487125994928,216.73713389341106,212.28972515104655,212.64158928736126,212.64158928736126,9471013.0,sample,2026-09-24 19:05:19.861881+00:00
META,2021-05-17 00:00:00+00:00,213.35861223156044,215.9885141220111,212.5192535350973,214.28738699310878,214.28738699310878,3789322.0,sample,2026-09-24 19:05:19.861881+00:00
META,2021-05-18 00:00:00+00:00,214.96741035909974,215.59029270368063,204.41875115869442,205.92584243559304,205.92584243559304,3476792.0,sample,2026-09-24 19:05:19.861881+00:00
META,2021-05-19 00:00:00+00:00,206.6069423529022,209.17175572803353,205.9050298285034,207.42260209896892,207.42260209896892,6812074.0,sample,2026-09-24 19:05:19.861881+00:00
META,2021-05-20 00:00:00+00:00,207.47838312876485,208.42872978139349,200.13401144839028,202.02016200497425,202.02016200497425,2210432.0,sample,2026-09-24 19:05:19.861881+00:00
META,2021-05-21 00:00:00+00:00,201.7490208325142,202.1029893127916,200.0560199313751,201.50419343146066,201.50419343146066,14969047.0,sample,2026-09-24 19:05:19.861881+00:00
META,2021-05-24 00:00:00+00:00,201.15235292314543,203.9842090309901,199.40325536716153,202.66609439513013,202.66609439513013,12824048.0,sample,2026-09-24 19:05:19.861881+00:00
META,2021-05-25 00:00:00+00:00,202.59747850882397,203.69883338178292,200.5944427857286,201.93570282967713,201.93570282967713,5200321.0,sample,2026-09-24 19:05:19.861881+00:00
META,2021-05-26 00:00:00+00:00,202.0874711737802,203.6278291885871,198.65763419391453,198.94305724134455,198.94305724134455,11803585.0,sample,2026-09-24 19:05:19.861881+00:00
META,2021-05-27 00:00:00+00:00,198.2691304768851,200.11457662162385,195.91311137693913,197.33314850417307,197.33314850417307,6250406.0,sample,2026-09-24 19:05:19.861881+00:00
META,2021-05-28 00:00:00+00:00,197.24991870301446,200.53597378258584,195.84041272788056,200.16173138607374,200.16173138607374,2987743.0,sample,2026-09-24 19:05:19.861881+00:00
META,2021-05-31 00:00:00+00:00,200.31582573593437,201.91371554371526,192.9851540582655,194.99155786096978,194.99155786096978,7967228.0,sample,2026-09-24 19:05:19.861881+00:00
META,2021-06-01 00:00:00+00:00,195.6070409348255,196.4448859764515,189.69851902767357,191.58203441033618,191.58203441033618,14569495.0,sample,2026-09-24 19:05:19.861881+00:00
META,2021-06-02 00:00:00+00:00,191.46648641782562,192.86573749153996,190.44465012024656,192.5395685448411,192.5395685448411,3364776.0,sample,2026-09-24 19:05:19.861881+00:00
META,2021-06-03 00:00:00+00:00,192.41739548528227,195.79794694841735,190.23949043363032,195.24085177775328,195.24085177775328,5741211.0,sample,2026-09-24 19:05:19.861881+00:00
META,2021-06-04 00:00:00+00:00,195.0896631048019,196.86209683426185,193.35512573303777,195.00356591109392,195.00356591109392,4830529.0,sample,2026-09-24 19:05:19.861881+00:00
META,2021-06-07 00:00:00+00:00,195.52675221627337,196.8927882175476,192.18374704846403,192.90816441280813,192.90816441280813,9409722.0,sample,2026-09-24 19:05:19.861881+00:00
META,2021-06-08 00:00:00+00:00,192.2071193546237,195.68065906564607,191.8476072517003,195.27316256835465,195.27316256835465,2503346.0,sample,2026-09-24 19:05:19.861881+00:00
META,2021-06-09 00:00:00+00:00,195.57273352499448,197.5474309315718,192.23049375649165,193.68509849108727,193.68509849108727,4390113.0,sample,2026-09-24 19:05:19.861881+00:00
META,2021-06-10 00:00:00+00:00,193.17600331493455,202.1076364060501,192.7297824981629,201.05374514365042,201.05374514365042,15896006.0,sample,2026-09-24 19:05:19.861881+00:00
META,2021-06-11 00:00:00+00:00,200.959787180304,206.167622512479,200.500470986903,205.9277506964944,205.9277506964944,3083203.0,sample,2026-09-24 19:05:19.861881+00:00
META,2021-06-14 00:00:00+00:00,206.39133450453852,214.45147334752983,204.15995048238122,213.12065379189042,213.12065379189042,16472036.0,sample,2026-09-24 19:05:19.861881+00:00
META,2021-06-15 00:00:00+00:00,212.9931325635546,214.40883684890758,207.7423056719088,209.19096975744475,209.19096975744475,2102232.0,sample,2026-09-24 19:05:19.861881+00:00
META,2021-06-16 00:00:00+00:00,209.2082505516605,210.0154968594821,205.86722720688678,207.16839281644735,207.16839281644735,17295531.0,sample,2026-09-24 19:05:19.861881+00:00
META,2021-06-17 00:00:00+00:00,206.79293357138727,208.01727637070306,203.83978443231524,205.95916179385867,205.95916179385867,4766857.0,sample,2026-09-24 19:05:19.861881+00:00
META,2021-06-18 00:00:00+00:00,205.30765911520686,206.4794507833474,200.65763426965566,201.08156994026632,201.08156994026632,16822372.0,sample,2026-09-24 19:05:19.861881+00:00
META,2021-06-21 00:00:00+00:00,201.6956884439642,201.92166199941843,197.98453606184168,198.96924974818512,198.96924974818512,15616790.0,sample,2026-09-24 19:05:19.861881+00:00
META,2021-06-22 00:00:00+00:00,198.89453227973638,204.63454463913632,198.68543017933015,202.3811890124211,202.3811890124211,14734658.0,sample,2026-09-24 19:05:19.861881+00:00
META,2021-06-23 00:00:00+00:00,202.5062614394651,204.24833654823715,196.23846616667703,198.4600817725723,198.4600817725723,2450813.0,sample,2026-09-24 19:05:19.861881+00:00
META,2021-06-24 00:00:00+00:00,198.31983590695197,199.2631803659697,195.0037243141983,197.2426788861589,197.2426788861589,8592852.0,sample,2026-09-24 19:05:19.861881+00:00
META,2021-06-25 00:00:00+00:00,197.24070549213758,204.85535516041588,195.45811710006677,202.69569425456584,202.69569425456584,4855827.0,sample,2026-09-24 19:05:19.861881+00:00
META,2021-06-28 00:00:00+00:00,202.76572057165004,205.3364986614217,202.0905468886644,203.73324247655702,203.73324247655702,13984848.0,sample,2026-09-24 19:05:19.861881+00:00
META,2021-06-29 00:00:00+00:00,203.952553154092,206.39735303550626,201.88029681558092,205.52894790983797,205.52894790983797,2183604.0,sample,2026-09-24 19:05:19.861881+00:00
META,2021-06-30 00:00:00+00:00,205.1398578320982,206.64719341694018,204.17561639788894,205.4649262268926,205.4649262268926,7193873.0,sample,2026-09-24 19:05:19.861881+00:00
META,2021-07-01 00:00:00+00:00,205.28863711600752,207.2255299120389,202.65263847121182,202.9414545060706,202.9414545060706,3299389.0,sample,2026-09-24 19:05:19.861881+00:00
META,2021-07-02 00:00:00+00:00,203.11401368221814,204.86935388217813,199.20816226343013,201.4368166614182,201.4368166614182,4639841.0,sample,2026-09-24 19:05:19.861881+00:00
META,2021-07-05 00:00:00+00:00,201.38201880204116,203.71809036391062,201.12082997516535,202.30456246337843,202.30456246337843,2667319.0,sample,2026-09-24 19:05:19.861881+00:00
META,2021-07-06 00:00:00+00:00,202.37522493607938,203.85580911065182,198.45268425147492,199.98818291115316,199.98818291115316,16773499.0,sample,2026-09-24 19:05:19.861881+00:00
META,2021-07-07 00:00:00+00:00,199.8204601280856,201.7634136789514,198.34048240587958,200.04377167305722,200.04377167305722,1906487.0,sample,2026-09-24 19:05:19.861881+00:00
META,2021-07-08 00:00:00+00:00,200.2085874253902,201.85075683017655,195.94946194995603,198.2535419640058,198.2535419640058,9540485.0,sample,2026-09-24 19:05:19.861881+00:00
META,2021-07-09 00:00:00+00:00,198.17128461754223,199.2287206880362,196.01106532138118,197.81789855316637,197.81789855316637,15544898.0,sample,2026-09-24 19:05:19.861881+00:00
META,2021-07-12 00:00:00+00:00,197.01088769571584,204.0455142119212,196.7346127726843,203.5508817632543,203.5508817632543,4907745.0,sample,2026-09-24 19:05:19.861881+00:00
META,2021-07-13 00:00:00+00:00,203.18996760590247,206.96155693133502,201.10021729116897,205.78799282114397,205.78799282114397,7186036.0,sample,2026-09-24 19:05:19.861881+00:00
META,2021-07-14 00:00:00+00:00,206.05847994728492,206.32762564249947,198.8870617921627,200.74326233052,200.74326233052,14360968.0,sample,2026-09-24 19:05:19.861881+00:00
META,2021-07-15 00:00:00+00:00,201.9046165452928,204.23998901579307,197.68956582697214,199.92958954370604,199.92958954370604,14597697.0,sample,2026-09-24 19:05:19.861881+00:00
META,2021-07-16 00:00:00+00:00,199.67724942301584,209.09069293401038,198.87999377480975,206.79526238871097,206.79526238871097,2419067.0,sample,2026-09-24 19:05:19.861881+00:00
META,2021-07-19 00:00:00+00:00,206.0231309973428,214.04189408143787,205.05278689945814,213.81685729756407,213.81685729756407,6773609.0,sample,2026-09-24 19:05:19.861881+00:00
META,2021-07-20 00:00:00+00:00,214.16545873083362,215.25347628353452,208.2019273250781,209.1174529129467,209.1174529129467,16902458.0,sample,2026-09-24 19:05:19.861881+00:00
META,2021-07-21 00:00:00+00:00,210.19042637667812,212.43137489002973,208.33281585471173,210.7412803538094,210.7412803538094,11220448.0,sample,2026-09-24 19:05:19.861881+00:00
META,2021-07-22 00:00:00+00:00,210.49457820597735,211.59111741505671,210.21679250835587,210.67136523997306,210.67136523997306,13035280.0,sample,2026-09-24 19:05:19.861881+00:00
META,2021-07-23 00:00:00+00:00,210.63644084268734,212.40420562880342,199.45897847977568,200.9221860147231,200.9221860147231,5019115.0,sample,2026-09-24 19:05:19.861881+00:00
META,2021-07-26 00:00:00+00:00,200.88439233999733,203.05853448934445,199.3995130713835,201.9453694270587,201.9453694270587,16431538.0,sample,2026-09-24 19:05:19.861881+00:00
META,2021-07-27 00:00:00+00:00,202.56520720665324,211.89603936164457,201.45315810556735,209.49897226840838,209.49897226840838,12807718.0,sample,2026-09-24 19:05:19.861881+00:00
META,2021-07-28 00:00:00+00:00,208.71752900296218,210.98395762048125,204.44837463263417,206.63549696654218,206.63549696654218,12218741.0,sample,2026-09-24 19:05:19.861881+00:00
META,2021-07-29 00:00:00+00:00,207.05026055517834,207.8956939651467,204.72124230414474,205.38689471185035,205.38689471185035,16237012.0,sample,2026-09-24 19:05:19.861881+00:00
META,2021-07-30 00:00:00+00:00,205.47603868343654,209.198246386728,204.6830472317436,208.9821922383338,208.9821922383338,17397507.0,sample,2026-09-24 19:05:19.861881+00:00
META,2021-08-02 00:00:00+00:00,209.03403292165598,209.49349910763442,206.64024357979054,207.16083896890072,207.16083896890072,14206010.0,sample,2026-09-24 19:05:19.861881+00:00
META,2021-08-03 00:00:00+00:00,207.1448307648413,207.57147463246397,203.72028976439418,205.35915230025597,205.35915230025597,4554500.0,sample,2026-09-24 19:05:19.861881+00:00
META,2021-08-04 00:00:00+00:00,205.71487691752276,206.84237434433118,204.0285271794496,206.3486959362915,206.3486959362915,16247588.0,sample,2026-09-24 19:05:19.861881+00:00
META,2021-08-05 00:00:00+00:00,206.84893357596357,207.98320903454223,199.50660103818188,200.80021281805196,200.80021281805196,5361799.0,sample,2026-09-24 19:05:19.861881+00:00
META,2021-08-06 00:00:00+00:00,200.28681317057396,203.65545039453107,198.17005151817784,202.58014098891442,202.58014098891442,3999655.0,sample,2026-09-24 19:05:19.861881+00:00
META,2021-08-09 00:00:00+00:00,202.5262093026893,203.5163540490527,195.7143456238639,197.58126009400047,197.58126009400047,13709115.0,sample,2026-09-24 19:05:19.861881+00:00
META,2021-08-10 00:00:00+00:00,197.9689902705021,199.90352941939344,195.6516081808056,197.69934536779093,197.69934536779093,5222232.0,sample,2026-09-24 19:05:19.861881+00:00
META,2021-08-11 00:00:00+00:00,197.2260383788494,201.83496491398915,195.561489767345,200.65878965247688,200.65878965247688,16977882.0,sample,2026-09-24 19:05:19.861881+00:00
META,2021-08-12 00:00:00+00:00,201.10761654176196,209.0796195580844,199.46265071946658,206.8588527841305,206.8588527841305,5848647.0,sample,2026-09-24 19:05:19.861881+00:00
META,2021-08-13 00:00:00+00:00,207.28564534007486,209.09504956473887,203.52199887899835,203.81229859992567,203.81229859992567,10321038.0,sample,2026-09-24 19:05:19.861881+00:00
META,2021-08-16 00:00:00+00:00,203.86304361018725,205.1055836061165,203.40400228698928,204.62588504388785,204.62588504388785,16490013.0,sample,2026-09-24 19:05:19.861881+00:00
META,2021-08-17 00:00:00+00:00,204.04677539517465,206.91149382634464,202.58140567643107,205.4918859224658,205.4918859224658,11735232.0,sample,2026-09-24 19:05:19.861881+00:00
META,2021-08-18 00:00:00+00:00,205.1331400893392,206.46111219329654,198.40397816173305,198.62768753350423,198.62768753350423,17326121.0,sample,2026-09-24 19:05:19.861881+00:00
META,2021-08-19 00:00:00+00:00,198.47351151519638,198.79664039674924,197.1121535356409,198.199810329386,198.199810329386,14253006.0,sample,2026-09-24 19:05:19.861881+00:00
META,2021-08-20 00:00:00+00:00,198.42390069537174,200.5657810931079,196.9580579712222,198.98466863104133,198.98466863104133,8833951.0,sample,2026-09-24 19:05:19.861881+00:00
META,2021-08-23 00:00:00+00:00,199.0365193869888,202.25378809075954,198.53542155824144,200.95382678301456,200.95382678301456,11727173.0,sample,2026-09-24 19:05:19.861881+00:00
META,2021-08-24 00:00:00+00:00,200.99194738727778,209.21170355964136,199.87725567530404,208.4259685066296,208.4259685066296,1578329.0,sample,2026-09-24 19:05:19.861881+00:00
META,2021-08-25 00:00:00+00:00,208.79445270532258,209.86929018812137,207.24151288888865,208.80722681358984,208.80722681358984,10682982.0,sample,2026-09-24 19:05:19.861881+00:00
META,2021-08-26 00:00:00+00:00,208.8305832108618,211.3187941976684,208.12137534696402,208.5354947046659,208.5354947046659,16413545.0,sample,2026-09-24 19:05:19.861881+00:00
META,2021-08-27 00:00:00+00:00,208.48977405386415,210.6615043990276,206.07761931488866,208.16745691031394,208.16745691031394,14864270.0,sample,2026-09-24 19:05:19.861881+00:00
META,2021-08-30 00:00:00+00:00,208.20837703362176,208.87660906617904,205.6271335832474,208.05849728388367,208.05849728388367,17448732.0,sample,2026-09-24 19:05:19.861881+00:00
META,2021-08-31 00:00:00+00:00,208.17776198184953,210.5484538406274,207.50498943133363,209.88081133218765,209.88081133218765,16569559.0,sample,2026-09-24 19:05:19.861881+00:00
META,2021-09-01 00:00:00+00:00,209.71046597037352,217.31151427812978,208.2833855026803,216.06732262500861,216.06732262500861,10379063.0,sample,2026-09-24 19:05:19.861881+00:00
META,2021-09-02 00:00:00+00:00,215.706480451562,217.06528838482922,211.4182514596179,211.85060463432941,211.85060463432941,11833766.0,sample,2026-09-24 19:05:19.861881+00:00
META,2021-09-03 00:00:00+00:00,211.721003678926,212.72194710997204,211.1694603607335,211.89778534725073,211.89778534725073,14329010.0,sample,2026-09-24 19:05:19.861881+00:00
META,2021-09-06 00:00:00+00:00,211.97043219333813,212.66162048820118,200.2697909453437,202.64528220808353,202.64528220808353,7696287.0,sample,2026-09-24 19:05:19.861881+00:00
META,2021-09-07 00:00:00+00:00,201.99404399138268,204.17906742595017,195.92881187431485,196.39458531128284,196.39458531128284,16014436.0,sample,2026-09-24 19:05:19.861881+00:00
META,2021-09-08 00:00:00+00:00,196.2512190697643,198.04613921855218,195.15833205680826,196.8947767482889,196.8947767482889,10178881.0,sample,2026-09-24 19:05:19.861881+00:00
META,2021-09-09 00:00:00+00:00,196.65171358399533,197.7326752278453,187.85067658956342,189.2370520709623,189.2370520709623,14432771.0,sample,2026-09-24 19:05:19.861881+00:00
META,2021-09-10 00:00:00+00:00,188.6940585025391,191.06852184054162,188.04006627180868,190.32151585578094,190.32151585578094,8169917.0,sample,2026-09-24 19:05:19.861881+00:00
META,2021-09-13 00:00:00+00:00,190.7196079509157,196.37927101327108,189.07168943389303,194.84290193576754,194.84290193576754,2797020.0,sample,2026-09-24 19:05:19.861881+00:00
META,2021-09-14 00:00:00+00:00,194.6756175555466,195.539504795882,189.76544292143325,191.66610152173467,191.66610152173467,10625492.0,sample,2026-09-24 19:05:19.861881+00:00
META,2021-09-15 00:00:00+00:00,190.73198997263538,191.74673215900344,188.0478533585066,189.03164372936678,189.03164372936678,7536698.0,sample,2026-09-24 19:05:19.861881+00:00
META,2021-09-16 00:00:00+00:00,189.4881893055576,191.67164019290286,188.0318086789468,188.94738868114857,188.94738868114857,17726090.0,sample,2026-09-24 19:05:19.861881+00:00
META,2021-09-17 00:00:00+00:00,189.09287928537373,189.69978007840763,186.36285874092354,187.02222818019138,187.02222818019138,11493043.0,sample,2026-09-24 19:05:19.861881+00:00
META,2021-09-20 00:00:00+00:00,185.95316549793034,188.7929493787889,184.83463898666545,186.71080346580678,186.71080346580678,8233863.0,sample,2026-09-24 19:05:19.861881+00:00
META,2021-09-21 00:00:00+00:00,186.92040344770135,188.79757574333286,182.24011771722527,184.1741749588876,184.1741749588876,10827294.0,sample,2026-09-24 19:05:19.861881+00:00
META,2021-09-22 00:00:00+00:00,184.32210556737527,187.37472448464186,183.56538277599824,187.02788908925316,187.02788908925316,8122368.0,sample,2026-09-24 19:05:19.861881+00:00
META,2021-09-23 00:00:00+00:00,187.0088334370055,189.27034196981595,184.93166824070374,187.97031713180667,187.97031713180667,6716412.0,sample,2026-09-24 19:05:19.861881+00:00
META,2021-09-24 00:00:00+00:00,188.2796539033736,188.5410959875971,186.0929504211788,187.6103168471089,187.6103168471089,11631562.0,sample,2026-09-24 19:05:19.861881+00:00
META,2021-09-27 00:00:00+00:00,187.3783539183149,189.412814513063,178.99584756436985,179.82576630991267,179.82576630991267,15078635.0,sample,2026-09-24 19:05:19.861881+00:00
META,2021-09-28 00:00:00+00:00,180.18275843658856,181.40986941645005,175.55675272718426,177.37044562473793,177.37044562473793,11396801.0,sample,2026-09-24 19:05:19.861881+00:00
META,2021-09-29 00:00:00+00:00,177.0996870218632,177.81322997099696,175.50055296325363,177.37931233179512,177.37931233179512,17824101.0,sample,2026-09-24 19:05:19.861881+00:00
META,2021-09-30 00:00:00+00:00,177.40621883913713,179.8813749384237,176.05313339730657,179.56613961654952,179.56613961654952,4932809.0,sample,2026-09-24 19:05:19.861881+00:00
META,2021-10-01 00:00:00+00:00,179.4485356491276,180.7641281191719,176.83013152921646,177.26870180255946,177.26870180255946,11977888.0,sample,2026-09-24 19:05:19.861881+00:00
META,2021-10-04 00:00:00+00:00,177.27102158550406,180.8835764398139,176.4694404095673,179.13050810225025,179.13050810225025,12976776.0,sample,2026-09-24 19:05:19.861881+00:00
META,2021-10-05 00:00:00+00:00,179.027142143421,184.00630347527633,177.0366923307953,181.8291794433129,181.8291794433129,3805716.0,sample,2026-09-24 19:05:19.861881+00:00
META,2021-10-06 00:00:00+00:00,181.4020565447547,182.30352813690507,179.01362590584614,179.6978082656192,179.6978082656192,8736466.0,sample,2026-09-24 19:05:19.861881+00:00
META,2021-10-07 00:00:00+00:00,179.74893292181264,182.51687557620005,178.912762245478,182.00313019345188,182.00313019345188,16616401.0,sample,2026-09-24 19:05:19.861881+00:00
META,2021-10-08 00:00:00+00:00,181.83615569594699,183.81776543213985,180.21965564928433,181.2709901791426,181.2709901791426,8153110.0,sample,2026-09-24 19:05:19.861881+00:00
META,2021-10-11 00:00:00+00:00,181.32953327106716,182.76334987595183,175.3847188044656,177.4766835754144,177.4766835754144,11703378.0,sample,2026-09-24 19:05:19.861881+00:00
META,2021-10-12 00:00:00+00:00,176.92337116322278,178.28226603972644,174.96781704307006,177.2024137621769,177.2024137621769,8509432.0,sample,2026-09-24 19:05:19.861881+00:00
META,2021-10-13 00:00:00+00:00,177.44599442896154,181.64040559230122,176.90917583721753,181.41153241063643,181.41153241063643,4348637.0,sample,2026-09-24 19:05:19.861881+00:00
META,2021-10-14 00:00:00+00:00,180.8718984415177,184.63772446592262,179.3616599242598,182.6070178550696,182.6070178550696,8747398.0,sample,2026-09-24 19:05:19.861881+00:00
META,2021-10-15 00:00:00+00:00,182.06639328448142,182.81817750383368,181.7722714390967,182.55319878629624,182.55319878629624,13536820.0,sample,2026-09-24 19:05:19.861881+00:00
META,2021-10-18 00:00:00+00:00,182.26601026120446,185.59525596364156,181.2912776058015,185.26637813092336,185.26637813092336,2427581.0,sample,2026-09-24 19:05:19.861881+00:00
META,2021-10-19 00:00:00+00:00,185.62215732594646,189.55730873837751,184.9953627053152,187.5945301683315,187.5945301683315,5282182.0,sample,2026-09-24 19:05:19.861881+00:00
META,2021-10-20 00:00:00+00:00,187.57445721611677,190.39992452852763,187.00806677208976,188.16308058650404,188.16308058650404,8797781.0,sample,2026-09-24 19:05:19.861881+00:00
META,2021-10-21 00:00:00+00:00,188.07406397958167,190.2743632076336,180.7119955524153,181.77257942748275,181.77257942748275,10357220.0,sample,2026-09-24 19:05:19.861881+00:00
META,2021-10-22 00:00:00+00:00,181.8583241108173,182.98190709024482,172.41376988138447,173.38663147016874,173.38663147016874,9584505.0,sample,2026-09-24 19:05:19.861881+00:00
META,2021-10-25 00:00:00+00:00,173.10212067998123,174.12365714534062,167.31182456735053,168.13489167329013,168.13489167329013,14539610.0,sample,2026-09-24 19:05:19.861881+00:00
META,2021-10-26 00:00:00+00:00,168.1022970263571,175.11508138663388,166.44813881368634,173.1466803566946,173.1466803566946,11864992.0,sample,2026-09-24 19:05:19.861881+00:00
META,2021-10-27 00:00:00+00:00,173.3408522334998,175.5306537574333,172.9081281480341,175.1743857363695,175.1743857363695,8779510.0,sample,2026-09-24 19:05:19.861881+00:00
META,2021-10-28 00:00:00+00:00,175.11045461478943,175.54924182843624,169.28190404253039,170.0368730065788,170.0368730065788,8532811.0,sample,2026-09-24 19:05:19.861881+00:00
META,2021-10-29 00:00:00+00:00,169.54893980952878,172.9550036947692,168.77689800517547,172.26713248957688,172.26713248957688,16866587.0,sample,2026-09-24 19:05:19.861881+00:00
META,2021-11-01 00:00:00+00:00,172.81685626341002,174.68834249481273,166.95571837450814,167.63246426814743,167.63246426814743,9211520.0,sample,2026-09-24 19:05:19.861881+00:00
META,2021-11-02 00:00:00+00:00,167.64240655276222,168.3383651742163,166.81290882724932,167.9459643433923,167.9459643433923,11342347.0,sample,2026-09-24 19:05:19.861881+00:00
META,2021-11-03 00:00:00+00:00,167.37811250947655,171.55088538220244,166.70105514803413,170.52980921109904,170.52980921109904,14048697.0,sample,2026-09-24 19:05:19.861881+00:00
META,2021-11-04 00:00:00+00:00,170.22745055661161,170.98106224508066,168.265958328537,169.85692299135437,169.85692299135437,4906331.0,sample,2026-09-24 19:05:19.861881+00:00
META,2021-11-05 00:00:00+00:00,171.0297620611157,173.05629157712553,169.50028021609702,172.0586464504147,172.0586464504147,9172629.0,sample,2026-09-24 19:05:19.861881+00:00
META,2021-11-08 00:00:00+00:00,172.14191449483224,175.5596597983294,171.324705472738,174.49861846754482,174.49861846754482,5289034.0,sample,2026-09-24 19:05:19.861881+00:00
META,2021-11-09 00:00:00+00:00,174.12423941362943,175.70916981924557,166.9973006934885,168.84392407866883,168.84392407866883,2118833.0,sample,2026-09-24 19:05:19.861881+00:00
META,2021-11-10 00:00:00+00:00,168.2408349744806,170.07671281799844,167.89340818002734,168.21604122522137,168.21604122522137,16643536.0,sample,2026-09-24 19:05:19.861881+00:00
META,2021-11-11 00:00:00+00:00,167.71729470552398,170.87565690219208,166.1622819280711,169.31277335932714,169.31277335932714,13121682.0,sample,2026-09-24 19:05:19.861881+00:00
META,2021-11-12 00:00:00+00:00,169.29049598383722,171.0473500629048,165.61040222678068,167.32192775333272,167.32192775333272,9251239.0,sample,2026-09-24 19:05:19.861881+00:00
META,2021-11-15 00:00:00+00:00,167.64143828576962,169.15565292167108,161.62751530336328,162.7925077225461,162.7925077225461,9049667.0,sample,2026-09-24 19:05:19.861881+00:00
META,2021-11-16 00:00:00+00:00,163.029401475812,168.55728282415097,162.46732003751526,166.73861126364613,166.73861126364613,7873731.0,sample,2026-09-24 19:05:19.861881+00:00
META,2021-11-17 00:00:00+00:00,166.8199358812315,167.9294025329979,165.7262950106694,167.0590680876446,167.0590680876446,6878462.0,sample,2026-09-24 19:05:19.861881+00:00
META,2021-11-18 00:00:00+00:00,167.19519835710543,167.72097026714042,164.48736530042177,164.83261135212572,164.83261135212572,11213378.0,sample,2026-09-24 19:05:19.861881+00:00
META,2021-11-19 00:00:00+00:00,164.91777953716255,165.45844862924474,160.14137221495963,161.69610752097697,161.69610752097697,15395699.0,sample,2026-09-24 19:05:19.861881+00:00
META,2021-11-22 00:00:00+00:00,161.69708713945104,162.1082016612122,159.45207040456594,161.07379549918676,161.07379549918676,4033789.0,sample,2026-09-24 19:05:19.861881+00:00
META,2021-11-23 00:00:00+00:00,161.35070628379168,165.79459661376578,160.33922993084485,164.09126561000895,164.09126561000895,17610528.0,sample,2026-09-24 19:05:19.861881+00:00
META,2021-11-24 00:00:00+00:00,164.00089466341421,164.47844911613046,160.8663408891395,162.1707107690372,162.1707107690372,11049120.0,sample,2026-09-24 19:05:19.861881+00:00
META,2021-11-25 00:00:00+00:00,162.39307220661883,164.23876171393894,160.76088829908483,163.2047721367685,163.2047721367685,16075826.0,sample,2026-09-24 19:05:19.861881+00:00
META,2021-11-26 00:00:00+00:00,162.38740305176032,164.87808626571174,160.58996160218896,163.6535333137393,163.6535333137393,11401733.0,sample,2026-09-24 19:05:19.861881+00:00
META,2021-11-29 00:00:00+00:00,163.06254918571454,163.88286253376094,160.63154527307105,162.57834067377397,162.57834067377397,16795219.0,sample,2026-09-24 19:05:19.861881+00:00
META,2021-11-30 00:00:00+00:00,162.75935657483907,163.274323078361,160.6421424043706,162.20600344603204,162.20600344603204,4712985.0,sample,2026-09-24 19:05:19.861881+00:00
META,2021-12-01 00:00:00+00:00,162.13969083205123,163.97751832116575,161.13863342713162,161.99855349278423,161.99855349278423,13639090.0,sample,2026-09-24 19:05:19.861881+00:00
META,2021-12-02 00:00:00+00:00,161.48973890190612,162.22075689496225,157.7272552788379,158.8554337286014,158.8554337286014,9498807.0,sample,2026-09-24 19:05:19.861881+00:00
META,2021-12-03 00:00:00+00:00,159.39845793285167,161.10166823339594,153.13497511343613,154.41864308572076,154.41864308572076,8811105.0,sample,2026-09-24 19:05:19.861881+00:00
META,2021-12-06 00:00:00+00:00,155.0750543785477,157.6329625240798,154.4342791560482,156.01665280109756,156.01665280109756,7598610.0,sample,2026-09-24 19:05:19.861881+00:00
META,2021-12-07 00:00:00+00:00,155.99754300479313,160.6778689250512,155.83590908510033,159.7807702976265,159.7807702976265,5407802.0,sample,2026-09-24 19:05:19.861881+00:00
META,2021-12-08 00:00:00+00:00,159.8322291265621,162.0655645368288,159.47576995869005,161.10899307696306,161.10899307696306,9145897.0,sample,2026-09-24 19:05:19.861881+00:00
META,2021-12-09 00:00:00+00:00,160.79778008357675,162.56484117174745,157.87360847975074,158.32190675165995,158.32190675165995,8327159.0,sample,2026-09-24 19:05:19.861881+00:00
META,2021-12-10 00:00:00+00:00,157.70955157411282,159.5401051069707,156.87972016824168,158.08830707462192,158.08830707462192,17715747.0,sample,2026-09-24 19:05:19.861881+00:00
META,2021-12-13 00:00:00+00:00,157.9783124431015,158.93713472663444,154.52480907610263,156.268370511031,156.268370511031,16159857.0,sample,2026-09-24 19:05:19.861881+00:00
META,2021-12-14 00:00:00+00:00,155.9542900160958,157.06837069657254,150.46021950414877,152.10042688455363,152.10042688455363,16144904.0,sample,2026-09-24 19:05:19.861881+00:00
META,2021-12-15 00:00:00+00:00,152.03422664385243,152.19038751294678,147.48607769438692,149.05688474017975,149.05688474017975,10687284.0,sample,2026-09-24 19:05:19.861881+00:00
META,2021-12-16 00:00:00+00:00,148.92699036086927,150.09134160346267,146.63633041665582,147.25812396811565,147.25812396811565,11559063.0,sample,2026-09-24 19:05:19.861881+00:00
META,2021-12-17 00:00:00+00:00,147.0634805209826,149.43012421534556,145.89150002964095,148.42656703828197,148.42656703828197,5120515.0,sample,2026-09-24 19:05:19.861881+00:00
META,2021-12-20 00:00:00+00:00,148.3827955844129,148.827080855209,144.88013350641813,145.15939325125922,145.15939325125922,17378799.0,sample,2026-09-24 19:05:19.861881+00:00
META,2021-12-21 00:00:00+00:00,145.55537483708315,148.1437197606558,143.85690962846212,147.89675859369328,147.89675859369328,4414257.0,sample,2026-09-24 19:05:19.861881+00:00
META,2021-12-22 00:00:00+00:00,147.51537850732188,148.14215631300019,146.60686298533068,147.7199775709601,147.7199775709601,12517168.0,sample,2026-09-24 19:05:19.861881+00:00
META,2021-12-23 00:00:00+00:00,147.68944241358884,151.1250126136822,146.0958462595761,150.68377775472163,150.68377775472163,8832048.0,sample,2026-09-24 19:05:19.861881+00:00
META,2021-12-24 00:00:00+00:00,151.02707878316104,154.6439718705666,150.3441280843874,153.14568346069242,153.14568346069242,1929523.0,sample,2026-09-24 19:05:19.861881+00:00
META,2021-12-27 00:00:00+00:00,153.25304213858828,153.9986990094199,151.5697408690401,153.44271842300034,153.44271842300034,4117682.0,sample,2026-09-24 19:05:19.861881+00:00
META,2021-12-28 00:00:00+00:00,153.43660377215585,154.3820076453895,151.9566773855062,153.54598558895125,153.54598558895125,4484641.0,sample,2026-09-24 19:05:19.861881+00:00
META,2021-12-29 00:00:00+00:00,153.42694372325082,155.86656370479758,152.54943330684836,154.2018501552087,154.2018501552087,7749443.0,sample,2026-09-24 19:05:19.861881+00:00
META,2021-12-30 00:00:00+00:00,153.87371593752908,155.87517926111002,152.9800478187124,154.8385517121675,154.8385517121675,2072617.0,sample,2026-09-24 19:05:19.861881+00:00
META,2021-12-31 00:00:00+00:00,154.572937250112,156.86470702676868,153.65281850702874,156.65633318898495,156.65633318898495,3400431.0,sample,2026-09-24 19:05:19.861881+00:00
META,2022-01-03 00:00:00+00:00,156.90413953586173,163.2989013658328,155.09027521194776,161.7420085408904,161.7420085408904,17211417.0,sample,2026-09-24 19:05:19.861881+00:00
META,2022-01-04 00:00:00+00:00,161.58085554232755,164.93919760996502,160.18268694557722,163.4363993182503,163.4363993182503,6078059.0,sample,2026-09-24 19:05:19.861881+00:00
META,2022-01-05 00:00:00+00:00,163.9134841536753,169.041895746587,163.30977289206086,167.99394532774306,167.99394532774306,15943087.0,sample,2026-09-24 19:05:19.861881+00:00
META,2022-01-06 00:00:00+00:00,168.3496139483969,172.67545934072947,167.56422664440987,170.7499590889204,170.7499590889204,12612441.0,sample,2026-09-24 19:05:19.861881+00:00
META,2022-01-07 00:00:00+00:00,170.92862516951948,172.4306012347164,168.57496675663296,169.51656126990474,169.51656126990474,15720125.0,sample,2026-09-24 19:05:19.861881+00:00
META,2022-01-10 00:00:00+00:00,169.88543262000027,171.25525651126543,167.95402241030834,170.92628960492917,170.92628960492917,14009940.0,sample,2026-09-24 19:05:19.861881+00:00
META,2022-01-11 00:00:00+00:00,170.8911589451219,173.83877551233627,169.68743088879168,172.79320607824482,172.79320607824482,3819413.0,sample,2026-09-24 19:05:19.861881+00:00
META,2022-01-12 00:00:00+00:00,173.47205512408732,177.14271375328568,172.36236848102052,175.40938989718833,175.40938989718833,17257245.0,sample,2026-09-24 19:05:19.861881+00:00
META,2022-01-13 00:00:00+00:00,175.27718837895557,176.64768781083544,172.87411374365848,174.08727338975694,174.08727338975694,6839663.0,sample,2026-09-24 19:05:19.861881+00:00
META,2022-01-14 00:00:00+00:00,174.37419416623698,177.68925095469604,173.34393962392323,177.38131719402492,177.38131719402492,16382647.0,sample,2026-09-24 19:05:19.861881+00:00
META,2022-01-17 00:00:00+00:00,177.468079931722,177.78795664494962,173.60948805778932,175.36300375506727,175.36300375506727,9322481.0,sample,2026-09-24 19:05:19.861881+00:00
META,2022-01-18 00:00:00+00:00,175.42517167798937,175.72519365482307,173.26065378523617,174.67211422890003,174.67211422890003,16482137.0,sample,2026-09-24 19:05:19.861881+00:00
META,2022-01-19 00:00:00+00:00,174.4674286890171,177.62886517439264,173.92929314093695,176.5865747608066,176.5865747608066,4552701.0,sample,2026-09-24 19:05:19.861881+00:00
META,2022-01-20 00:00:00+00:00,176.70098027425257,178.00227457089045,174.8853204612574,176.96134350944305,176.96134350944305,12285333.0,sample,2026-09-24 19:05:19.861881+00:00
META,2022-01-21 00:00:00+00:00,176.7215514483269,178.06247338887707,172.56818741535676,174.10027264066346,174.10027264066346,6813623.0,sample,2026-09-24 19:05:19.861881+00:00
META,2022-01-24 00:00:00+00:00,174.51851197710627,175.86603639566727,168.90072655376454,169.9860435079633,169.9860435079633,6788247.0,sample,2026-09-24 19:05:19.861881+00:00
META,2022-01-25 00:00:00+00:00,170.05483099869542,171.74805087460757,167.24828894412292,168.2576185313914,168.2576185313914,13801815.0,sample,2026-09-24 19:05:19.861881+00:00
META,2022-01-26 00:00:00+00:00,168.5302542252116,168.75829900648174,165.1784876386586,166.00397189419266,166.00397189419266,1749837.0,sample,2026-09-24 19:05:19.861881+00:00
META,2022-01-27 00:00:00+00:00,165.9218531208363,173.34467664124202,164.36366329986726,172.33268449974557,172.33268449974557,13553861.0,sample,2026-09-24 19:05:19.861881+00:00
META,2022-01-28 00:00:00+00:00,172.35327252641483,172.6126097885702,167.55218727491686,168.96298216259007,168.96298216259007,2274852.0,sample,2026-09-24 19:05:19.861881+00:00
META,2022-01-31 00:00:00+00:00,168.99647699591594,169.6755474882794,163.956461886253,164.54362003448242,164.54362003448242,7290904.0,sample,2026-09-24 19:05:19.861881+00:00
META,2022-02-01 00:00:00+00:00,164.35857246613236,172.11422542713234,163.29999274193298,171.0049461770168,171.0049461770168,9538864.0,sample,2026-09-24 19:05:19.861881+00:00
META,2022-02-02 00:00:00+00:00,170.99475964480996,172.40257130286457,164.3623171602974,165.77771544452452,165.77771544452452,2803361.0,sample,2026-09-24 19:05:19.861881+00:00
META,2022-02-03 00:00:00+00:00,165.35790579633309,167.12756114442354,163.24347475519426,163.85509497882586,163.85509497882586,10334932.0,sample,2026-09-24 19:05:19.861881+00:00
META,2022-02-04 00:00:00+00:00,163.60580528298146,165.43634165447054,162.30229891024663,165.15344226468454,165.15344226468454,9135254.0,sample,2026-09-24 19:05:19.861881+00:00
META,2022-02-07 00:00:00+00:00,165.34631397886676,166.0568362635905,164.3644271774865,165.02726521269605,165.02726521269605,10407341.0,sample,2026-09-24 19:05:19.861881+00:00
META,2022-02-08 00:00:00+00:00,164.52058949067788,166.66140918826278,164.1993855631755,165.78069283003904,165.78069283003904,16764084.0,sample,2026-09-24 19:05:19.861881+00:00
META,2022-02-09 00:00:00+00:00,164.89745805887307,170.63795590460302,163.0565202173826,170.27239928276302,170.27239928276302,17339924.0,sample,2026-09-24 19:05:19.861881+00:00
META,2022-02-10 00:00:00+00:00,170.29751107947612,178.8803006512884,168.4990913828969,177.39083059815698,177.39083059815698,3702735.0,sample,2026-09-24 19:05:19.861881+00:00
META,2022-02-11 00:00:00+00:00,177.91202125600182,178.89029180741196,177.57477330351887,177.9076594893155,177.9076594893155,8692596.0,sample,2026-09-24 19:05:19.861881+00:00
META,2022-02-14 00:00:00+00:00,177.68440686323106,180.7955412925868,175.69035194933574,178.8863488415918,178.8863488415918,11208468.0,sample,2026-09-24 19:05:19.861881+00:00
META,2022-02-15 00:00:00+00:00,178.78754520618014,179.45310216897096,177.10023083789437,177.70328204895327,177.70328204895327,16763852.0,sample,2026-09-24 19:05:19.861881+00:00
META,2022-02-16 00:00:00+00:00,177.59881945187615,179.29090787603275,175.5226255496541,175.7945200166448,175.7945200166448,7409809.0,sample,2026-09-24 19:05:19.861881+00:00
META,2022-02-17 00:00:00+00:00,176.09027428684314,177.12610199291134,172.1404875044234,174.18864802713088,174.18864802713088,7423116.0,sample,2026-09-24 19:05:19.861881+00:00
META,2022-02-18 00:00:00+00:00,173.72679864509806,176.19513909632417,172.88336699075415,174.62491875078103,174.62491875078103,8926427.0,sample,2026-09-24 19:05:19.861881+00:00
META,2022-02-21 00:00:00+00:00,174.56947125335876,175.66059745056094,171.10696543359632,172.83829222939238,172.83829222939238,13528110.0,sample,2026-09-24 19:05:19.861881+00:00
META,2022-02-22 00:00:00+00:00,172.77861085366396,174.4055054029619,171.0520292734632,173.46015945676166,173.46015945676166,13931515.0,sample,2026-09-24 19:05:19.861881+00:00
META,2022-02-23 00:00:00+00:00,174.03658594094978,175.57991128571027,170.9405181206108,171.7058224640809,171.7058224640809,14610307.0,sample,2026-09-24 19:05:19.861881+00:00
META,2022-02-24 00:00:00+00:00,171.72826897615377,173.54563030714283,166.31580606744436,168.06452432335172,168.06452432335172,4115762.0,sample,2026-09-24 19:05:19.861881+00:00
META,2022-02-25 00:00:00+00:00,167.88355917920111,168.14196084976055,166.40761582711175,166.6868894521646,166.6868894521646,3006421.0,sample,2026-09-24 19:05:19.861881+00:00
META,2022-02-28 00:00:00+00:00,166.32971793396044,166.60458885609842,165.3425034737617,165.54152719217555,165.54152719217555,9167625.0,sample,2026-09-24 19:05:19.861881+00:00
META,2022-03-01 00:00:00+00:00,165.14638955740148,165.8333279976976,163.21697840198814,163.64633931319028,163.64633931319028,3867613.0,sample,2026-09-24 19:05:19.861881+00:00
META,2022-03-02 00:00:00+00:00,162.97074148974673,163.45754723450116,160.77069673773215,161.98535973304936,161.98535973304936,5906908.0,sample,2026-09-24 19:05:19.861881+00:00
META,2022-03-03 00:00:00+00:00,161.5112743367188,164.46307429435598,160.88418030949597,163.13144323673657,163.13144323673657,17132609.0,sample,2026-09-24 19:05:19.861881+00:00
META,2022-03-04 00:00:00+00:00,162.899197548517,164.44098898471222,157.5710851108203,158.93721196788636,158.93721196788636,8127752.0,sample,2026-09-24 19:05:19.861881+00:00
META,2022-03-07 00:00:00+00:00,158.88579382345526,162.49901368495824,157.70996274034366,161.1516494917527,161.1516494917527,5768799.0,sample,2026-09-24 19:05:19.861881+00:00
META,2022-03-08 00:00:00+00:00,160.8137547937447,162.39662265481772,157.23874839481624,158.98684708261462,158.98684708261462,12046233.0,sample,2026-09-24 19:05:19.861881+00:00
META,2022-03-09 00:00:00+00:00,159.13496211955973,159.63824606855027,156.50703321676832,158.18076289459486,158.18076289459486,9481833.0,sample,2026-09-24 19:05:19.861881+00:00
META,2022-03-10 00:00:00+00:00,158.08401242224156,161.5275390619979,156.4693736960694,161.33587319521428,161.33587319521428,11630280.0,sample,2026-09-24 19:05:19.861881+00:00
META,2022-03-11 00:00:00+00:00,161.33724790338064,165.56018137203375,159.76254967469944,163.623845529348,163.623845529348,4427026.0,sample,2026-09-24 19:05:19.861881+00:00
META,2022-03-14 00:00:00+00:00,164.28962130064033,164.78354569823463,156.68653979134106,157.90783068614508,157.90783068614508,7761914.0,sample,2026-09-24 19:05:19.861881+00:00
META,2022-03-15 00:00:00+00:00,157.7046168250887,158.9500559303652,155.9654340618319,158.46547300654842,158.46547300654842,10272992.0,sample,2026-09-24 19:05:19.861881+00:00
META,2022-03-16 00:00:00+00:00,158.54928858732598,163.26790798813246,158.32251648045118,161.9299755666814,161.9299755666814,9485582.0,sample,2026-09-24 19:05:19.861881+00:00
META,2022-03-17 00:00:00+00:00,162.26014849350608,163.53861706695776,158.58802528325654,158.75468631061398,158.75468631061398,3137864.0,sample,2026-09-24 19:05:19.861881+00:00
META,2022-03-18 00:00:00+00:00,158.44423858030677,159.91886867435466,155.76882379182888,157.04075892577242,157.04075892577242,14463363.0,sample,2026-09-24 19:05:19.861881+00:00
META,2022-03-21 00:00:00+00:00,156.82871101887966,161.61404632632295,155.8120538814994,160.47189021329584,160.47189021329584,10597091.0,sample,2026-09-24 19:05:19.861881+00:00
META,2022-03-22 00:00:00+00:00,160.45288199603803,162.13151917391272,154.9411892223538,156.40869041392932,156.40869041392932,4139937.0,sample,2026-09-24 19:05:19.861881+00:00
META,2022-03-23 00:00:00+00:00,156.3701747021268,161.64662220637885,155.67966639143563,161.0244083847755,161.0244083847755,13230958.0,sample,2026-09-24 19:05:19.861881+00:00
META,2022-03-24 00:00:00+00:00,161.06613083749846,162.22448706747798,156.551707254726,156.8033714701271,156.8033714701271,16382836.0,sample,2026-09-24 19:05:19.861881+00:00
META,2022-03-25 00:00:00+00:00,156.8370379668886,158.15869641231126,152.9514097611018,154.39120354163592,154.39120354163592,15868548.0,sample,2026-09-24 19:05:19.861881+00:00
META,2022-03-28 00:00:00+00:00,154.57364760599268,155.12130855167484,151.14334895560017,152.47765287049833,152.47765287049833,5733092.0,sample,2026-09-24 19:05:19.861881+00:00
META,2022-03-29 00:00:00+00:00,152.30333218371757,153.8288056781428,150.61929494943178,150.89646726066434,150.89646726066434,4935841.0,sample,2026-09-24 19:05:19.861881+00:00
META,2022-03-30 00:00:00+00:00,150.5966435471847,154.27625164605124,150.3557834811762,152.60292547022172,152.60292547022172,15028672.0,sample,2026-09-24 19:05:19.861881+00:00
META,2022-03-31 00:00:00+00:00,152.58783667857887,154.26844847317363,152.12090473318943,153.36483655526342,153.36483655526342,7760009.0,sample,2026-09-24 19:05:19.861881+00:00
META,2022-04-01 00:00:00+00:00,153.54301002014887,154.5153858470445,152.7979121081181,153.45733320147025,153.45733320147025,16976732.0,sample,2026-09-24 19:05:19.861881+00:00
META,2022-04-04 00:00:00+00:00,153.14336102229333,153.91688743991912,152.20622964310215,153.66986464298034,153.66986464298034,3935206.0,sample,2026-09-24 19:05:19.861881+00:00
META,2022-04-05 00:00:00+00:00,153.74361446700377,155.54937657819045,148.25548371342848,148.8811320857207,148.8811320857207,3290521.0,sample,2026-09-24 19:05:19.861881+00:00
META,2022-04-06 00:00:00+00:00,148.87632592842564,150.25358337640148,145.06345278581315,146.80879238963752,146.80879238963752,10510675.0,sample,2026-09-24 19:05:19.861881+00:00
META,2022-04-07 00:00:00+00:00,146.7233475303855,150.14104043005722,145.77658863481562,149.30991567804125,149.30991567804125,14366552.0,sample,2026-09-24 19:05:19.861881+00:00
META,2022-04-08 00:00:00+00:00,149.21770966726334,149.73901957703276,144.52855264856552,145.74698230683464,145.74698230683464,16837657.0,sample,2026-09-24 19:05:19.861881+00:00
META,2022-04-11 00:00:00+00:00,145.87982475822628,149.65480078094788,145.07035652260376,149.08197669113375,149.08197669113375,11658035.0,sample,2026-09-24 19:05:19.861881+00:00
META,2022-04-12 00:00:00+00:00,149.1802722620852,149.62474368597668,147.6864592538622,148.21788816849642,148.21788816849642,15334530.0,sample,2026-09-24 19:05:19.861881+00:00
META,2022-04-13 00:00:00+00:00,148.35903515433225,149.45827398497653,144.07675586990746,145.11316011244742,145.11316011244742,17537603.0,sample,2026-09-24 19:05:19.861881+00:00
META,2022-04-14 00:00:00+00:00,144.98745694327187,148.2739559756433,144.47278185991743,146.78873196774546,146.78873196774546,9789844.0,sample,2026-09-24 19:05:19.861881+00:00
META,2022-04-15 00:00:00+00:00,146.82470913444794,149.77145097845968,146.30895286815158,148.4007312485883,148.4007312485883,5084235.0,sample,2026-09-24 19:05:19.861881+00:00
META,2022-04-18 00:00:00+00:00,148.47676875275323,148.87538227034025,145.79568061457354,146.2420946729128,146.2420946729128,13952769.0,sample,2026-09-24 19:05:19.861881+00:00
META,2022-04-19 00:00:00+00:00,146.25694680470315,147.02892826732008,143.61649619627303,144.36119969301555,144.36119969301555,10280461.0,sample,2026-09-24 19:05:19.861881+00:00
META,2022-04-20 00:00:00+00:00,144.0474722504843,145.4351752146444,141.25261269997256,141.76932900787426,141.76932900787426,13016896.0,sample,2026-09-24 19:05:19.861881+00:00
META,2022-04-21 00:00:00+00:00,142.06769958734836,143.74927926140606,139.02351347041287,139.8110473354941,139.8110473354941,1590521.0,sample,2026-09-24 19:05:19.861881+00:00
META,2022-04-22 00:00:00+00:00,140.07717939132075,141.10724952139125,133.01590881923488,133.74877392211909,133.74877392211909,5019989.0,sample,2026-09-24 19:05:19.861881+00:00
META,2022-04-25 00:00:00+00:00,133.7154053973991,134.35342514580992,131.24072219519638,131.76367723012163,131.76367723012163,6454449.0,sample,2026-09-24 19:05:19.861881+00:00
META,2022-04-26 00:00:00+00:00,132.0705399403629,135.02278965381382,131.7437090147912,134.46792532009144,134.46792532009144,5955862.0,sample,2026-09-24 19:05:19.861881+00:00
META,2022-04-27 00:00:00+00:00,134.19303689786744,135.56209812017462,132.46539068579924,132.89469050700563,132.89469050700563,10714944.0,sample,2026-09-24 19:05:19.861881+00:00
META,2022-04-28 00:00:00+00:00,132.88462910910735,134.7104932228542,132.05776244808249,133.4842658400634,133.4842658400634,11710517.0,sample,2026-09-24 19:05:19.861881+00:00
META,2022-04-29 00:00:00+00:00,133.1962756693662,135.40019121373328,132.55378032656446,135.15305374737724,135.15305374737724,6620145.0,sample,2026-09-24 19:05:19.861881+00:00
META,2022-05-02 00:00:00+00:00,134.61859983218957,136.49760954341596,133.28694551002988,135.22122452959104,135.22122452959104,4195426.0,sample,2026-09-24 19:05:19.861881+00:00
META,2022-05-03 00:00:00+00:00,135.19836324891818,135.62747207063347,132.95250511481518,133.71711187756674,133.71711187756674,10496666.0,sample,2026-09-24 19:05:19.861881+00:00
META,2022-05-04 00:00:00+00:00,133.5462478204432,134.93399184994962,131.20288880767637,132.091709601329,132.091709601329,6136983.0,sample,2026-09-24 19:05:19.861881+00:00
META,2022-05-05 00:00:00+00:00,132.0310937008616,132.31394740935383,129.76306863801483,130.47299249307386,130.47299249307386,13042288.0,sample,2026-09-24 19:05:19.861881+00:00
META,2022-05-06 00:00:00+00:00,130.70162551574458,131.6789209785127,130.10756278248314,130.9258844379647,130.9258844379647,11833797.0,sample,2026-09-24 19:05:19.861881+00:00
META,2022-05-09 00:00:00+00:00,131.25213781854455,132.33131320425477,128.57705014515355,129.73565585690264,129.73565585690264,3988995.0,sample,2026-09-24 19:05:19.861881+00:00
META,2022-05-10 00:00:00+00:00,129.7757620809795,132.15951399280382,128.64968362830075,131.207513344796,131.207513344796,14175511.0,sample,2026-09-24 19:05:19.861881+00:00
META,2022-05-11 00:00:00+00:00,131.29755275881615,135.96160632369697,130.82115049702116,135.18999846530187,135.18999846530187,16923919.0,sample,2026-09-24 19:05:19.861881+00:00
META,2022-05-12 00:00:00+00:00,135.38744681753963,136.91333153733194,135.2001815125987,136.1527609585015,136.1527609585015,15095580.0,sample,2026-09-24 19:05:19.861881+00:00
META,2022-05-13 00:00:00+00:00,136.19530199659258,136.58823217618092,131.49601324342032,132.42597044308317,132.42597044308317,10890367.0,sample,2026-09-24 19:05:19.861881+00:00
META,2022-05-16 00:00:00+00:00,132.19727244781097,133.47999241020028,130.88683203340776,132.9780200336987,132.9780200336987,16542154.0,sample,2026-09-24 19:05:19.861881+00:00
META,2022-05-17 00:00:00+00:00,133.08857619208936,134.46603960051334,131.10617213971867,132.2445275330302,132.2445275330302,14987966.0,sample,2026-09-24 19:05:19.861881+00:00
META,2022-05-18 00:00:00+00:00,132.2629632497618,132.58784526748195,129.79375267799597,131.02474258924278,131.02474258924278,5958214.0,sample,2026-09-24 19:05:19.861881+00:00
META,2022-05-19 00:00:00+00:00,131.60084681028638,132.91148724149892,128.08641713908472,129.0434719840159,129.0434719840159,9073835.0,sample,2026-09-24 19:05:19.861881+00:00
META,2022-05-20 00:00:00+00:00,128.87463049351996,129.9850681550593,127.92915463495619,128.17964579453678,128.17964579453678,17802090.0,sample,2026-09-24 19:05:19.861881+00:00
META,2022-05-23 00:00:00+00:00,128.44605991909114,137.12093993098557,127.25964252151341,135.5738482321269,135.5738482321269,12279449.0,sample,2026-09-24 19:05:19.861881+00:00
META,2022-05-24 00:00:00+00:00,135.86783027977285,143.360969594273,134.6599729579544,143.16423686188594,143.16423686188594,15729176.0,sample,2026-09-24 19:05:19.861881+00:00
META,2022-05-25 00:00:00+00:00,143.06933165708156,148.50276618946958,141.77458479133702,147.50704243660059,147.50704243660059,8680937.0,sample,2026-09-24 19:05:19.861881+00:00
META,2022-05-26 00:00:00+00:00,148.0085462415743,148.94666416489838,143.8466008575654,144.8596048148936,144.8596048148936,2394857.0,sample,2026-09-24 19:05:19.861881+00:00
META,2022-05-27 00:00:00+00:00,145.2663835919918,146.84412083114813,144.5667807034262,145.05518686814906,145.05518686814906,8689063.0,sample,2026-09-24 19:05:19.861881+00:00
META,2022-05-30 00:00:00+00:00,145.51718056847264,148.9756732878941,145.1074357122279,147.66435449630424,147.66435449630424,9088446.0,sample,2026-09-24 19:05:19.861881+00:00
META,2022-05-31 00:00:00+00:00,148.10831901733312,149.7426541255636,146.048583911171,146.5410516855736,146.5410516855736,6773430.0,sample,2026-09-24 19:05:19.861881+00:00
META,2022-06-01 00:00:00+00:00,146.61823218261384,149.34997032567438,146.4528341783939,147.95544385995666,147.95544385995666,5993922.0,sample,2026-09-24 19:05:19.861881+00:00
META,2022-06-02 00:00:00+00:00,147.58683133768463,152.42250011764278,146.24057259756162,150.7223159488961,150.7223159488961,13867142.0,sample,2026-09-24 19:05:19.861881+00:00
META,2022-06-03 00:00:00+00:00,151.06632763011294,155.45684354876943,150.0216682528728,154.7823457728576,154.7823457728576,9142392.0,sample,2026-09-24 19:05:19.861881+00:00
META,2022-06-06 00:00:00+00:00,154.98446793539523,157.09256338389494,154.81653579638956,155.79912590245308,155.79912590245308,9009143.0,sample,2026-09-24 19:05:19.861881+00:00
META,2022-06-07 00:00:00+00:00,155.3154700315222,157.18907016866993,154.20149120418887,156.51017456279695,156.51017456279695,8534893.0,sample,2026-09-24 19:05:19.861881+00:00
META,2022-06-08 00:00:00+00:00,156.0230342431245,156.47430506098178,154.52854040363403,155.595401717454,155.595401717454,13661688.0,sample,2026-09-24 19:05:19.861881+00:00
META,2022-06-09 00:00:00+00:00,155.30553390154668,156.02622004127738,153.9748594975971,154.40766438776453,154.40766438776453,5553428.0,sample,2026-09-24 19:05:19.861881+00:00
META,2022-06-10 00:00:00+00:00,154.22405822713097,154.93367492116798,152.7384102919349,154.53585392367086,154.53585392367086,8111670.0,sample,2026-09-24 19:05:19.861881+00:00
META,2022-06-13 00:00:00+00:00,154.24406659590238,154.9100114493247,152.7528448935979,153.94702282227996,153.94702282227996,15189651.0,sample,2026-09-24 19:05:19.861881+00:00
META,2022-06-14 00:00:00+00:00,153.57263315621432,157.26907266762325,153.25098629811677,155.8686424073662,155.8686424073662,11316774.0,sample,2026-09-24 19:05:19.861881+00:00
META,2022-06-15 00:00:00+00:00,155.55389774321523,157.13575667942942,154.14533749283828,156.49647069463632,156.49647069463632,4340123.0,sample,2026-09-24 19:05:19.861881+00:00
META,2022-06-16 00:00:00+00:00,156.52774284400726,157.91089779353015,154.61056637248836,155.58877412454012,155.58877412454012,2026641.0,sample,2026-09-24 19:05:19.861881+00:00
META,2022-06-17 00:00:00+00:00,155.72027756223224,160.6080687459165,154.2701111390568,159.5155700330137,159.5155700330137,2517215.0,sample,2026-09-24 19:05:19.861881+00:00
META,2022-06-20 00:00:00+00:00,159.252601254844,159.49324923799728,157.63583926445864,158.28537962656492,158.28537962656492,9581064.0,sample,2026-09-24 19:05:19.861881+00:00
META,2022-06-21 00:00:00+00:00,158.41805480993511,160.57716877489963,156.90406695769974,159.73024889743746,159.73024889743746,4166466.0,sample,2026-09-24 19:05:19.861881+00:00
META,2022-06-22 00:00:00+00:00,159.32718841761888,162.42575939962447,158.5339785719271,160.88998087641238,160.88998087641238,12385661.0,sample,2026-09-24 19:05:19.861881+00:00
META,2022-06-23 00:00:00+00:00,160.20085356869728,161.72859561980022,157.13151375083635,158.9064611826133,158.9064611826133,13759930.0,sample,2026-09-24 19:05:19.861881+00:00
META,2022-06-24 00:00:00+00:00,158.89776509545027,159.06008112006134,157.40365036971087,158.5877916750621,158.5877916750621,2067577.0,sample,2026-09-24 19:05:19.861881+00:00
META,2022-06-27 00:00:00+00:00,158.38504522793986,160.40268498319287,156.62963510095665,158.98349403650252,158.98349403650252,5890930.0,sample,2026-09-24 19:05:19.861881+00:00
META,2022-06-28 00:00:00+00:00,158.7095177671648,159.58914225341587,155.23927807124073,157.07788357517651,157.07788357517651,4161259.0,sample,2026-09-24 19:05:19.861881+00:00
META,2022-06-29 00:00:00+00:00,156.95919031175632,158.37359783823294,152.44283302380256,153.10564784745637,153.10564784745637,16400429.0,sample,2026-09-24 19:05:19.861881+00:00
META,2022-06-30 00:00:00+00:00,153.33637132893347,160.49303981837141,152.23209059994159,160.2400164018412,160.2400164018412,17377655.0,sample,2026-09-24 19:05:19.861881+00:00
META,2022-07-01 00:00:00+00:00,160.572756467924,161.40344707652565,156.48102725991168,158.0849685149102,158.0849685149102,12324541.0,sample,2026-09-24 19:05:19.861881+00:00
META,2022-07-04 00:00:00+00:00,158.04444281986494,158.2685208705653,155.13307902251532,156.85657775697547,156.85657775697547,10270917.0,sample,2026-09-24 19:05:19.861881+00:00
META,2022-07-05 00:00:00+00:00,156.79545691852007,157.03078189482693,154.81963604893645,155.81025694549766,155.81025694549766,11716771.0,sample,2026-09-24 19:05:19.861881+00:00
META,2022-07-06 00:00:00+00:00,156.17019422924065,156.56718464971735,154.8584110918753,155.45549454382945,155.45549454382945,16348995.0,sample,2026-09-24 19:05:19.861881+00:00
META,2022-07-07 00:00:00+00:00,155.53126019338944,158.85097683039672,154.0788296607669,157.56208355910482,157.56208355910482,10697053.0,sample,2026-09-24 19:05:19.861881+00:00
META,2022-07-08 00:00:00+00:00,157.41561638090445,160.84885476345195,157.0684826083366,159.5326809828662,159.5326809828662,6564954.0,sample,2026-09-24 19:05:19.861881+00:00
META,2022-07-11 00:00:00+00:00,159.2707020249286,159.50345171513553,157.09533870859582,157.52851531139567,157.52851531139567,16913785.0,sample,2026-09-24 19:05:19.861881+00:00
META,2022-07-12 00:00:00+00:00,157.33350002686268,158.5574713699313,156.14787940810297,158.21782993041043,158.21782993041043,12573889.0,sample,2026-09-24 19:05:19.861881+00:00
META,2022-07-13 00:00:00+00:00,158.04372939996827,161.15769210523771,157.1249137332014,159.81678401202635,159.81678401202635,9610631.0,sample,2026-09-24 19:05:19.861881+00:00
META,2022-07-14 00:00:00+00:00,159.67779678628912,160.71508057940727,157.31293978436054,158.95812980821614,158.95812980821614,15383370.0,sample,2026-09-24 19:05:19.861881+00:00
META,2022-07-15 00:00:00+00:00,158.57936373505134,163.32168666932236,157.7984651073226,161.86954725213158,161.86954725213158,11454904.0,sample,2026-09-24 19:05:19.861881+00:00
META,2022-07-18 00:00:00+00:00,162.26929745543742,163.18070817110663,160.38214138265786,162.32808688258302,162.32808688258302,12678208.0,sample,2026-09-24 19:05:19.861881+00:00
META,2022-07-19 00:00:00+00:00,163.02324411363261,166.39232201100998,162.38142571038665,164.73276659097476,164.73276659097476,4837677.0,sample,2026-09-24 19:05:19.861881+00:00
META,2022-07-20 00:00:00+00:00,164.68546631351606,165.7232942244445,160.14478151466054,161.44209649834843,161.44209649834843,5147797.0,sample,2026-09-24 19:05:19.861881+00:00
META,2022-07-21 00:00:00+00:00,161.12190102851062,167.06102142737146,159.79654766490032,166.421051725585,166.421051725585,5811610.0,sample,2026-09-24 19:05:19.861881+00:00
META,2022-07-22 00:00:00+00:00,166.5816888461438,168.00371229076046,165.3189269879918,165.71667711451423,165.71667711451423,6629344.0,sample,2026-09-24 19:05:19.861881+00:00
META,2022-07-25 00:00:00+00:00,164.89351184200373,165.8559453865681,162.3747530421417,162.58809953117637,162.58809953117637,11539697.0,sample,2026-09-24 19:05:19.861881+00:00
META,2022-07-26 00:00:00+00:00,162.17625689110574,163.94842191115848,158.85418566097704,159.86815900826983,159.86815900826983,15249459.0,sample,2026-09-24 19:05:19.861881+00:00
META,2022-07-27 00:00:00+00:00,159.7024578735349,160.77921266771108,157.35609785704108,157.54416448951397,157.54416448951397,16642861.0,sample,2026-09-24 19:05:19.861881+00:00
META,2022-07-28 00:00:00+00:00,157.73303936165942,159.5669066485205,157.26094590266007,158.35872059751392,158.35872059751392,3951137.0,sample,2026-09-24 19:05:19.861881+00:00
META,2022-07-29 00:00:00+00:00,158.65845583138102,159.60857160367817,150.9697466315925,151.99681533132593,151.99681533132593,14632706.0,sample,2026-09-24 19:05:19.861881+00:00
META,2022-08-01 00:00:00+00:00,151.99865549053573,153.3568883642053,148.22281669393837,149.3304063826014,149.3304063826014,8928669.0,sample,2026-09-24 19:05:19.861881+00:00
META,2022-08-02 00:00:00+00:00,149.5673811261805,153.2814090754021,148.58088287945603,152.26369866487047,152.26369866487047,6371275.0,sample,2026-09-24 19:05:19.861881+00:00
META,2022-08-03 00:00:00+00:00,152.01754095113924,156.91244728434535,151.218511168261,155.6826538784804,155.6826538784804,11058145.0,sample,2026-09-24 19:05:19.861881+00:00
META,2022-08-04 00:00:00+00:00,155.46213647447132,157.08067862443633,150.91930517449757,152.74079585815537,152.74079585815537,6094667.0,sample,2026-09-24 19:05:19.861881+00:00
META,2022-08-05 00:00:00+00:00,152.6481161471829,154.73567326407735,151.69874526328465,153.2064019710976,153.2064019710976,5584713.0,sample,2026-09-24 19:05:19.861881+00:00
META,2022-08-08 00:00:00+00:00,153.4254510907782,155.26006670814448,152.9428279224341,153.92389758240523,153.92389758240523,2460995.0,sample,2026-09-24 19:05:19.861881+00:00
META,2022-08-09 00:00:00+00:00,153.90320443733887,154.61081627671754,151.71402347751865,153.41016694987985,153.41016694987985,9589949.0,sample,2026-09-24 19:05:19.861881+00:00
META,2022-08-10 00:00:00+00:00,153.73231351963872,154.7373540666636,151.3295445926955,152.005246036335,152.005246036335,2391519.0,sample,2026-09-24 19:05:19.861881+00:00
META,2022-08-11 00:00:00+00:00,151.6983535471387,155.3601866921212,151.40562221093325,154.41948293669864,154.41948293669864,5503987.0,sample,2026-09-24 19:05:19.861881+00:00
META,2022-08-12 00:00:00+00:00,154.541477607567,154.94620225944786,152.6810788815027,153.87446285306194,153.87446285306194,10087357.0,sample,2026-09-24 19:05:19.861881+00:00
META,2022-08-15 00:00:00+00:00,154.15368502976676,155.6876352801123,152.7334786023342,154.6472748580846,154.6472748580846,14859751.0,sample,2026-09-24 19:05:19.861881+00:00
META,2022-08-16 00:00:00+00:00,154.43359290708526,157.3305490089013,152.84368545470133,157.08001590113224,157.08001590113224,4550603.0,sample,2026-09-24 19:05:19.861881+00:00
META,2022-08-17 00:00:00+00:00,157.4321726042537,158.88272037362614,154.26162206860954,154.6686190874802,154.6686190874802,5294454.0,sample,2026-09-24 19:05:19.861881+00:00
META,2022-08-18 00:00:00+00:00,154.65223606176312,156.46397158694325,151.16130476062116,152.39538807819417,152.39538807819417,6365955.0,sample,2026-09-24 19:05:19.861881+00:00
META,2022-08-19 00:00:00+00:00,152.1993148691882,159.1861907454567,151.36560071157598,158.8940638143329,158.8940638143329,3211817.0,sample,2026-09-24 19:05:19.861881+00:00
META,2022-08-22 00:00:00+00:00,159.10676590819153,160.92641454447752,155.45481845649348,156.31031697768498,156.31031697768498,17316753.0,sample,2026-09-24 19:05:19.861881+00:00
META,2022-08-23 00:00:00+00:00,156.19803354611938,160.8770340722916,154.88692249529507,159.77650666709042,159.77650666709042,15063086.0,sample,2026-09-24 19:05:19.861881+00:00
META,2022-08-24 00:00:00+00:00,160.02717608958162,165.04864417069166,159.08212878072433,163.50107265061155,163.50107265061155,13126478.0,sample,2026-09-24 19:05:19.861881+00:00
META,2022-08-25 00:00:00+00:00,162.86680808082062,165.34104162600187,161.74643875889885,164.09265099723513,164.09265099723513,15903647.0,sample,2026-09-24 19:05:19.861881+00:00
META,2022-08-26 00:00:00+00:00,164.097857916005,165.7805228657403,162.07735127074702,163.4708945967184,163.4708945967184,5733754.0,sample,2026-09-24 19:05:19.861881+00:00
META,2022-08-29 00:00:00+00:00,163.76743464492307,163.93883464389458,162.019313363045,163.52513695091668,163.52513695091668,12690855.0,sample,2026-09-24 19:05:19.861881+00:00
META,2022-08-30 00:00:00+00:00,162.98866811607016,164.2549238567856,160.19510791496586,161.6512469348897,161.6512469348897,5628597.0,sample,2026-09-24 19:05:19.861881+00:00
META,2022-08-31 00:00:00+00:00,162.23073523528777,163.23168526351407,160.34827875482577,162.00358415532637,162.00358415532637,2769086.0,sample,2026-09-24 19:05:19.861881+00:00
META,2022-09-01 00:00:00+00:00,161.88600974098566,162.48200402807956,161.10347954806983,161.66554431964224,161.66554431964224,3786920.0,sample,2026-09-24 19:05:19.861881+00:00
META,2022-09-02 00:00:00+00:00,162.13364617248706,163.73597988754827,159.67716917954587,160.41982300055352,160.41982300055352,13389301.0,sample,2026-09-24 19:05:19.861881+00:00
META,2022-09-05 00:00:00+00:00,160.30597226742714,160.59997123538417,159.1839979077224,159.66228993036108,159.66228993036108,1664564.0,sample,2026-09-24 19:05:19.861881+00:00
META,2022-09-06 00:00:00+00:00,159.95036481544363,162.77560533078747,158.08557263828476,162.35909690336217,162.35909690336217,14716689.0,sample,2026-09-24 19:05:19.861881+00:00
META,2022-09-07 00:00:00+00:00,162.61610832678477,164.58801080454413,161.09529274674298,162.67820261414,162.67820261414,9647278.0,sample,2026-09-24 19:05:19.861881+00:00
META,2022-09-08 00:00:00+00:00,162.84171136175812,163.59366407117392,161.6434183110455,162.33628802922746,162.33628802922746,8225053.0,sample,2026-09-24 19:05:19.861881+00:00
META,2022-09-09 00:00:00+00:00,161.85089982418614,168.80284182956515,159.9107056537571,168.28805067710636,168.28805067710636,17546984.0,sample,2026-09-24 19:05:19.861881+00:00
META,2022-09-12 00:00:00+00:00,168.49669137019836,170.35406085775364,168.15095776591122,168.515271743197,168.515271743197,15098601.0,sample,2026-09-24 19:05:19.861881+00:00
META,2022-09-13 00:00:00+00:00,167.96892574219126,172.52883553642494,166.1423513906747,170.68795215294162,170.68795215294162,6911715.0,sample,2026-09-24 19:05:19.861881+00:00
META,2022-09-14 00:00:00+00:00,170.79021172209283,171.77686184602007,167.95376946904764,168.32157193957983,168.32157193957983,3739216.0,sample,2026-09-24 19:05:19.861881+00:00
META,2022-09-15 00:00:00+00:00,168.39878197734052,169.32603177074782,164.39047105699436,165.46600087158316,165.46600087158316,5148524.0,sample,2026-09-24 19:05:19.861881+00:00
META,2022-09-16 00:00:00+00:00,165.38035072742974,169.04731223674116,163.87398303982363,167.17619340726085,167.17619340726085,1732567.0,sample,2026-09-24 19:05:19.861881+00:00
META,2022-09-19 00:00:00+00:00,167.17138329562314,170.99075352522658,165.16682980283446,170.36475911130174,170.36475911130174,8832441.0,sample,2026-09-24 19:05:19.861881+00:00
META,2022-09-20 00:00:00+00:00,170.05000368227942,170.90947192991513,161.20623615107223,161.76199288727852,161.76199288727852,10464667.0,sample,2026-09-24 19:05:19.861881+00:00
META,2022-09-21 00:00:00+00:00,162.15975841494918,165.54295434997275,160.63004784959907,163.9929697859012,163.9929697859012,16226136.0,sample,2026-09-24 19:05:19.861881+00:00
META,2022-09-22 00:00:00+00:00,163.95940396784545,167.27758367106384,163.28510115759607,166.5491761648459,166.5491761648459,4597162.0,sample,2026-09-24 19:05:19.861881+00:00
META,2022-09-23 00:00:00+00:00,166.9550291230066,168.0945448931611,165.8876298691565,166.87731285620293,166.87731285620293,2933443.0,sample,2026-09-24 19:05:19.861881+00:00
META,2022-09-26 00:00:00+00:00,167.57837464024325,169.48038543763204,166.03489185234818,169.0370570340029,169.0370570340029,14951468.0,sample,2026-09-24 19:05:19.861881+00:00
META,2022-09-27 00:00:00+00:00,169.37512225931096,170.87154073297896,165.51561387757235,166.10110916906854,166.10110916906854,9350732.0,sample,2026-09-24 19:05:19.861881+00:00
META,2022-09-28 00:00:00+00:00,166.55876779189973,169.36768280873147,165.4788517682218,167.46275208957977,167.46275208957977,7123995.0,sample,2026-09-24 19:05:19.861881+00:00
META,2022-09-29 00:00:00+00:00,167.1766328166975,168.93457288138174,162.96233481034955,164.35293869668374,164.35293869668374,14001884.0,sample,2026-09-24 19:05:19.861881+00:00
META,2022-09-30 00:00:00+00:00,163.9944432302822,165.76996821565174,163.34618812046264,163.8098720808563,163.8098720808563,9620223.0,sample,2026-09-24 19:05:19.861881+00:00
META,2022-10-03 00:00:00+00:00,164.0589115978156,165.48429787109018,161.61196484329952,162.84475637660813,162.84475637660813,13491317.0,sample,2026-09-24 19:05:19.861881+00:00
META,2022-10-04 00:00:00+00:00,162.4871902882275,164.8797458817288,161.46143701179346,163.42183176304977,163.42183176304977,6085404.0,sample,2026-09-24 19:05:19.861881+00:00
META,2022-10-05 00:00:00+00:00,163.8331617515688,165.02748082489958,158.29954196397213,159.64716112612237,159.64716112612237,12341514.0,sample,2026-09-24 19:05:19.861881+00:00
META,2022-10-06 00:00:00+00:00,159.57758723617025,162.1344705658379,158.7758427297286,160.51379483244804,160.51379483244804,16014161.0,sample,2026-09-24 19:05:19.861881+00:00
META,2022-10-07 00:00:00+00:00,161.1445273717538,162.3929405425303,159.45106015633672,161.64549462217352,161.64549462217352,2935246.0,sample,2026-09-24 19:05:19.861881+00:00
META,2022-10-10 00:00:00+00:00,161.74911214494273,166.79560431888973,160.55298121702808,165.07594339710712,165.07594339710712,14657524.0,sample,2026-09-24 19:05:19.861881+00:00
META,2022-10-11 00:00:00+00:00,165.19052763701723,165.40299904919917,161.99062489663123,163.4383147560082,163.4383147560082,7861525.0,sample,2026-09-24 19:05:19.861881+00:00
META,2022-10-12 00:00:00+00:00,164.17751410034424,165.33914769359748,163.52942783060362,164.95262835357488,164.95262835357488,14067609.0,sample,2026-09-24 19:05:19.861881+00:00
META,2022-10-13 00:00:00+00:00,165.3241891906606,166.48325922231936,161.5448427852402,163.0703462779228,163.0703462779228,2026575.0,sample,2026-09-24 19:05:19.861881+00:00
META,2022-10-14 00:00:00+00:00,163.35276314250325,166.1219376145935,161.44606991922697,164.60163162155635,164.60163162155635,6689156.0,sample,2026-09-24 19:05:19.861881+00:00
META,2022-10-17 00:00:00+00:00,164.98296863519664,165.5611904760776,161.7244230564986,162.7521217349157,162.7521217349157,7426879.0,sample,2026-09-24 19:05:19.861881+00:00
META,2022-10-18 00:00:00+00:00,162.57001658839522,163.5144104445343,159.2010034830915,159.6888192098838,159.6888192098838,6371153.0,sample,2026-09-24 19:05:19.861881+00:00
META,2022-10-19 00:00:00+00:00,159.28768160271542,159.70698980099405,156.44317723605855,158.02736735800198,158.02736735800198,15176639.0,sample,2026-09-24 19:05:19.861881+00:00
META,2022-10-20 00:00:00+00:00,158.61698660215512,164.219567670854,158.06145843742968,162.5130743775206,162.5130743775206,3966286.0,sample,2026-09-24 19:05:19.861881+00:00
META,2022-10-21 00:00:00+00:00,162.33057254959814,167.14984832377985,161.54970165592465,166.82866965124492,166.82866965124492,11279435.0,sample,2026-09-24 19:05:19.861881+00:00
META,2022-10-24 00:00:00+00:00,166.83051781984975,167.9285638361196,165.80702111345107,167.1061128719112,167.1061128719112,7985573.0,sample,2026-09-24 19:05:19.861881+00:00
META,2022-10-25 00:00:00+00:00,166.71112332453242,169.2061796143499,165.37417143730542,167.5013933747768,167.5013933747768,12848503.0,sample,2026-09-24 19:05:19.861881+00:00
META,2022-10-26 00:00:00+00:00,167.76310937432365,168.93545748883062,165.98374938721432,168.69736114735082,168.69736114735082,15196005.0,sample,2026-09-24 19:05:19.861881+00:00
META,2022-10-27 00:00:00+00:00,168.09818659815727,168.55229929720088,163.38877232865403,164.3368237286228,164.3368237286228,4468603.0,sample,2026-09-24 19:05:19.861881+00:00
META,2022-10-28 00:00:00+00:00,164.34121795305896,172.15769731592104,163.9291815874741,170.3230870486143,170.3230870486143,8790207.0,sample,2026-09-24 19:05:19.861881+00:00
META,2022-10-31 00:00:00+00:00,170.59879604367774,172.00745741146304,165.7069017773631,167.560441056107,167.560441056107,4504187.0,sample,2026-09-24 19:05:19.861881+00:00
META,2022-11-01 00:00:00+00:00,167.90623422682958,169.88250059114407,162.32157597150638,164.05571191797483,164.05571191797483,12410059.0,sample,2026-09-24 19:05:19.861881+00:00
META,2022-11-02 00:00:00+00:00,164.40322688728432,165.92523111995342,162.00791102976896,163.59834994937245,163.59834994937245,10758407.0,sample,2026-09-24 19:05:19.861881+00:00
META,2022-11-03 00:00:00+00:00,163.50736291962303,164.71550950667935,160.041425257445,160.86484119869388,160.86484119869388,14845152.0,sample,2026-09-24 19:05:19.861881+00:00
META,2022-11-04 00:00:00+00:00,161.03093727037114,162.8634042218503,159.28007149175895,161.83682603631888,161.83682603631888,15105493.0,sample,2026-09-24 19:05:19.861881+00:00
META,2022-11-07 00:00:00+00:00,161.59565833140755,165.1429118810626,161.22559149640318,163.77438865671147,163.77438865671147,4837629.0,sample,2026-09-24 19:05:19.861881+00:00
META,2022-11-08 00:00:00+00:00,164.02864219034905,165.07303602939768,161.50550522233172,162.87299628900726,162.87299628900726,17422506.0,sample,2026-09-24 19:05:19.861881+00:00
META,2022-11-09 00:00:00+00:00,163.3301557590234,163.63917570736032,162.7244335433391,163.41194155063627,163.41194155063627,15211422.0,sample,2026-09-24 19:05:19.861881+00:00
META,2022-11-10 00:00:00+00:00,163.415302419962,163.9195912217411,160.98628192655832,161.71593247169784,161.71593247169784,14979829.0,sample,2026-09-24 19:05:19.861881+00:00
META,2022-11-11 00:00:00+00:00,162.12064213597202,163.64177002598603,155.99642523653577,156.9708988880601,156.9708988880601,17337794.0,sample,2026-09-24 19:05:19.861881+00:00
META,2022-11-14 00:00:00+00:00,157.1093081071321,158.06193625921506,153.35178435814638,153.55290549396503,153.55290549396503,12492518.0,sample,2026-09-24 19:05:19.861881+00:00
META,2022-11-15 00:00:00+00:00,153.50234573934443,159.62403370802795,151.69502939539376,159.14059550795656,159.14059550795656,4949189.0,sample,2026-09-24 19:05:19.861881+00:00
META,2022-11-16 00:00:00+00:00,159.2646965105218,160.6067411481451,158.50511135557682,158.8766772596007,158.8766772596007,8618899.0,sample,2026-09-24 19:05:19.861881+00:00
META,2022-11-17 00:00:00+00:00,158.8661726686581,160.33202373447114,152.6346038206365,153.8118391566978,153.8118391566978,15333258.0,sample,2026-09-24 19:05:19.861881+00:00
META,2022-11-18 00:00:00+00:00,153.7806383117875,154.30459452237935,150.05139378419582,150.79865835515403,150.79865835515403,8661128.0,sample,2026-09-24 19:05:19.861881+00:00
META,2022-11-21 00:00:00+00:00,150.75767020635288,152.31644793692723,147.65228796412623,148.55368448941474,148.55368448941474,7609435.0,sample,2026-09-24 19:05:19.861881+00:00
META,2022-11-22 00:00:00+00:00,149.2973272021732,151.02476875321292,148.5013766874985,150.57470896527687,150.57470896527687,5061855.0,sample,2026-09-24 19:05:19.861881+00:00
META,2022-11-23 00:00:00+00:00,150.43673679554604,151.4757273979847,148.72604515716105,150.91927795680508,150.91927795680508,5373860.0,sample,2026-09-24 19:05:19.861881+00:00
META,2022-11-24 00:00:00+00:00,150.9401495764623,155.18524835805522,149.36770295877065,154.88242725521943,154.88242725521943,6331973.0,sample,2026-09-24 19:05:19.861881+00:00
META,2022-11-25 00:00:00+00:00,155.26678872906825,160.6606255456066,154.05471162051165,160.26052412893122,160.26052412893122,4452573.0,sample,2026-09-24 19:05:19.861881+00:00
META,2022-11-28 00:00:00+00:00,160.05984003641845,162.92761130065713,159.162159245519,162.06345283795235,162.06345283795235,6074976.0,sample,2026-09-24 19:05:19.861881+00:00
META,2022-11-29 00:00:00+00:00,162.02414080830917,164.73652391138648,160.246285965318,163.69778551807147,163.69778551807147,12228132.0,sample,2026-09-24 19:05:19.861881+00:00
META,2022-11-30 00:00:00+00:00,163.95043312273728,167.75844967681036,162.40800471479008,167.41206178439097,167.41206178439097,14420732.0,sample,2026-09-24 19:05:19.861881+00:00
META,2022-12-01 00:00:00+00:00,167.27750831007805,168.76719003952869,164.3799684013205,166.2638493037402,166.2638493037402,16474284.0,sample,2026-09-24 19:05:19.861881+00:00
META,2022-12-02 00:00:00+00:00,166.26640520919446,168.14210523766693,164.63915202078374,165.5371274549983,165.5371274549983,3513222.0,sample,2026-09-24 19:05:19.861881+00:00
META,2022-12-05 00:00:00+00:00,165.3434621331672,165.510875633833,159.94359645659188,160.76996007498605,160.76996007498605,3846881.0,sample,2026-09-24 19:05:19.861881+00:00
META,2022-12-06 00:00:00+00:00,160.60569967125465,164.04408815073344,159.75075079440668,163.09208289834555,163.09208289834555,10312101.0,sample,2026-09-24 19:05:19.861881+00:00
META,2022-12-07 00:00:00+00:00,162.83853064295388,163.61915882167543,158.92539770502526,160.64143691122953,160.64143691122953,2227165.0,sample,2026-09-24 19:05:19.861881+00:00
META,2022-12-08 00:00:00+00:00,160.06985933067628,162.13632769064967,158.44850415972408,161.5111490276116,161.5111490276116,17345475.0,sample,2026-09-24 19:05:19.861881+00:00
META,2022-12-09 00:00:00+00:00,161.73874699627694,170.2954620283111,161.20704392882965,168.6776857460072,168.6776857460072,11208748.0,sample,2026-09-24 19:05:19.861881+00:00
META,2022-12-12 00:00:00+00:00,168.6191732659375,169.7771266242501,163.04700445898047,164.74847607234935,164.74847607234935,15495694.0,sample,2026-09-24 19:05:19.861881+00:00
META,2022-12-13 00:00:00+00:00,164.56766098042422,165.21521911518846,163.11568732808493,163.35795474827165,163.35795474827165,4246950.0,sample,2026-09-24 19:05:19.861881+00:00
META,2022-12-14 00:00:00+00:00,162.95856083543157,164.35103305260333,159.49539651960427,160.44702301773242,160.44702301773242,6709852.0,sample,2026-09-24 19:05:19.861881+00:00
META,2022-12-15 00:00:00+00:00,160.22318228279585,160.58080089806015,156.7841785303524,157.24151999450436,157.24151999450436,11413486.0,sample,2026-09-24 19:05:19.861881+00:00
META,2022-12-16 00:00:00+00:00,157.07520819710226,160.54976672439693,156.5342650804104,159.28121720267788,159.28121720267788,6342645.0,sample,2026-09-24 19:05:19.861881+00:00
META,2022-12-19 00:00:00+00:00,158.509007139392,160.34633850277953,154.37643892725293,154.76116686393513,154.76116686393513,16403367.0,sample,2026-09-24 19:05:19.861881+00:00
META,2022-12-20 00:00:00+00:00,154.97465171196322,157.07757061897527,154.42823961526767,155.57622447930433,155.57622447930433,2538456.0,sample,2026-09-24 19:05:19.861881+00:00
META,2022-12-21 00:00:00+00:00,155.4812343680876,157.3483110779538,154.13141127611405,155.79799625968909,155.79799625968909,7447992.0,sample,2026-09-24 19:05:19.861881+00:00
META,2022-12-22 00:00:00+00:00,155.44402174138565,159.02012764292877,154.56632419849447,158.7523829546971,158.7523829546971,17037952.0,sample,2026-09-24 19:05:19.861881+00:00
META,2022-12-23 00:00:00+00:00,158.60348940843323,158.9137476158285,153.0262976512182,153.75526594764247,153.75526594764247,3878815.0,sample,2026-09-24 19:05:19.861881+00:00
META,2022-12-26 00:00:00+00:00,153.65844143942465,155.03364366722363,148.61468208819653,150.311992285621,150.311992285621,5613199.0,sample,2026-09-24 19:05:19.861881+00:00
META,2022-12-27 00:00:00+00:00,150.4125416542864,153.42181682366717,149.66474913256127,152.9465371983597,152.9465371983597,17830172.0,sample,2026-09-24 19:05:19.861881+00:00
META,2022-12-28 00:00:00+00:00,152.81301300531302,153.11697060679708,147.481273795325,147.95823381283847,147.95823381283847,9808591.0,sample,2026-09-24 19:05:19.861881+00:00
META,2022-12-29 00:00:00+00:00,148.2255176030453,148.50597332129365,147.97633587264082,148.34649069416818,148.34649069416818,14043618.0,sample,2026-09-24 19:05:19.861881+00:00
META,2022-12-30 00:00:00+00:00,148.12372227933562,151.86707352890465,146.74018996914018,151.28844613199084,151.28844613199084,14789384.0,sample,2026-09-24 19:05:19.861881+00:00
META,2023-01-02 00:00:00+00:00,151.4739587485091,152.94914790598685,146.96584568544614,147.129927432355,147.129927432355,3247406.0,sample,2026-09-24 19:05:19.861881+00:00
META,2023-01-03 00:00:00+00:00,146.96347145503896,148.0434690142666,142.8896765440571,144.2553294389168,144.2553294389168,9387461.0,sample,2026-09-24 19:05:19.861881+00:00
META,2023-01-04 00:00:00+00:00,144.13797598288505,147.80225295952636,143.16974251903343,146.43690145607212,146.43690145607212,14871879.0,sample,2026-09-24 19:05:19.861881+00:00
META,2023-01-05 00:00:00+00:00,146.6199130018923,146.97884038573855,142.56122361038965,143.02634636393597,143.02634636393597,8121564.0,sample,2026-09-24 19:05:19.861881+00:00
META,2023-01-06 00:00:00+00:00,143.1177245450743,146.23077985940307,142.3776867465853,145.04946262703612,145.04946262703612,4836849.0,sample,2026-09-24 19:05:19.861881+00:00
META,2023-01-09 00:00:00+00:00,144.98096596128497,149.16093517419927,144.31238220817337,148.0119017660241,148.0119017660241,13587719.0,sample,2026-09-24 19:05:19.861881+00:00
META,2023-01-10 00:00:00+00:00,148.14601766503552,149.27380057820704,146.7840158339481,147.98229601788103,147.98229601788103,5148317.0,sample,2026-09-24 19:05:19.861881+00:00
META,2023-01-11 00:00:00+00:00,147.8417841783372,148.43484499017603,147.40749863194276,147.6280192497375,147.6280192497375,5898091.0,sample,2026-09-24 19:05:19.861881+00:00
META,2023-01-12 00:00:00+00:00,147.32451428457247,148.11332357100983,146.8955166847199,147.3723374685843,147.3723374685843,6651376.0,sample,2026-09-24 19:05:19.861881+00:00
META,2023-01-13 00:00:00+00:00,147.66096727387733,148.27186798204733,145.23280511850874,145.46652557106927,145.46652557106927,13920084.0,sample,2026-09-24 19:05:19.861881+00:00
META,2023-01-16 00:00:00+00:00,145.45157347161194,149.00018015571402,145.15581580174634,147.42177844898364,147.42177844898364,12047081.0,sample,2026-09-24 19:05:19.861881+00:00
META,2023-01-17 00:00:00+00:00,146.79598956325827,150.73618326881416,146.2577509265526,149.17234237030596,149.17234237030596,2348471.0,sample,2026-09-24 19:05:19.861881+00:00
META,2023-01-18 00:00:00+00:00,149.1918728825108,150.49605434441807,148.00597543807078,149.00027386987853,149.00027386987853,7192733.0,sample,2026-09-24 19:05:19.861881+00:00
META,2023-01-19 00:00:00+00:00,148.8933070637524,149.81806768171612,147.49100053391768,149.6443071383829,149.6443071383829,12551458.0,sample,2026-09-24 19:05:19.861881+00:00
META,2023-01-20 00:00:00+00:00,149.87728486749347,150.04367800789035,144.78258290998494,145.80422391521137,145.80422391521137,5737865.0,sample,2026-09-24 19:05:19.861881+00:00
META,2023-01-23 00:00:00+00:00,145.79892576925565,147.08046150386443,141.64258201300953,143.162300895735,143.162300895735,16396741.0,sample,2026-09-24 19:05:19.861881+00:00
META,2023-01-24 00:00:00+00:00,143.5016313573269,144.3945413943988,137.39106794238523,137.57882519176422,137.57882519176422,5325006.0,sample,2026-09-24 19:05:19.861881+00:00
META,2023-01-25 00:00:00+00:00,137.78737210056613,138.48639650527178,135.4421341306321,135.96339785354488,135.96339785354488,14571243.0,sample,2026-09-24 19:05:19.861881+00:00
META,2023-01-26 00:00:00+00:00,135.4329080371256,139.09605952150315,134.0721206443208,137.90164782437907,137.90164782437907,1606114.0,sample,2026-09-24 19:05:19.861881+00:00
META,2023-01-27 00:00:00+00:00,138.424120468326,139.70288360987016,137.2483944590444,138.39022675674602,138.39022675674602,16979086.0,sample,2026-09-24 19:05:19.861881+00:00
META,2023-01-30 00:00:00+00:00,138.51236288489937,139.9929104023184,136.03038230610974,136.93667373217855,136.93667373217855,6594139.0,sample,2026-09-24 19:05:19.861881+00:00
META,2023-01-31 00:00:00+00:00,137.06830642007466,138.70314174603044,135.2631327565697,135.78227971165245,135.78227971165245,14754661.0,sample,2026-09-24 19:05:19.861881+00:00
META,2023-02-01 00:00:00+00:00,136.21720920411252,137.09374684075553,133.31146768363945,134.60460598860877,134.60460598860877,14303914.0,sample,2026-09-24 19:05:19.861881+00:00
META,2023-02-02 00:00:00+00:00,134.44015381714496,137.71051570027973,133.82756112520846,136.97459074749514,136.97459074749514,6319531.0,sample,2026-09-24 19:05:19.861881+00:00
META,2023-02-03 00:00:00+00:00,136.9626995228742,138.5404356164085,133.30477096180454,133.952452657601,133.952452657601,12377088.0,sample,2026-09-24 19:05:19.861881+00:00
META,2023-02-06 00:00:00+00:00,133.67170750247095,136.86844386159652,132.13976194974202,136.70905969091993,136.70905969091993,10002536.0,sample,2026-09-24 19:05:19.861881+00:00
META,2023-02-07 00:00:00+00:00,137.06306271098808,138.99325173306093,136.29029382739913,137.83011502039403,137.83011502039403,6791914.0,sample,2026-09-24 19:05:19.861881+00:00
META,2023-02-08 00:00:00+00:00,138.08806849345882,138.9569185723367,132.83282471707912,134.0441537272102,134.0441537272102,6826249.0,sample,2026-09-24 19:05:19.861881+00:00
META,2023-02-09 00:00:00+00:00,134.3465768499142,136.15997842678584,132.7831253376749,135.37106369137308,135.37106369137308,8857902.0,sample,2026-09-24 19:05:19.861881+00:00
META,2023-02-10 00:00:00+00:00,134.88980608480338,137.8090939628886,134.6779486177242,137.01558473734846,137.01558473734846,13456703.0,sample,2026-09-24 19:05:19.861881+00:00
META,2023-02-13 00:00:00+00:00,136.44059032991635,136.65916518492097,135.6541383915225,135.88588010306597,135.88588010306597,12032336.0,sample,2026-09-24 19:05:19.861881+00:00
META,2023-02-14 00:00:00+00:00,135.99269126763278,141.35380242478956,135.77992156163583,140.2156544444328,140.2156544444328,17977413.0,sample,2026-09-24 19:05:19.861881+00:00
META,2023-02-15 00:00:00+00:00,140.7921141978704,140.95842902305716,136.79333518557127,138.0977181564271,138.0977181564271,15109576.0,sample,2026-09-24 19:05:19.861881+00:00
META,2023-02-16 00:00:00+00:00,138.29454446710054,138.70815170164474,136.81965691448937,137.03236680783084,137.03236680783084,15972814.0,sample,2026-09-24 19:05:19.861881+00:00
META,2023-02-17 00:00:00+00:00,137.0361534674249,138.96868085304905,136.80637801006623,137.4470394926188,137.4470394926188,5809846.0,sample,2026-09-24 19:05:19.861881+00:00
META,2023-02-20 00:00:00+00:00,137.4597647078298,138.7757675254756,137.31123797780762,138.60713059597313,138.60713059597313,3683583.0,sample,2026-09-24 19:05:19.861881+00:00
META,2023-02-21 00:00:00+00:00,138.21278336810687,139.7398794784983,137.76150266762042,138.05730638903057,138.05730638903057,7226945.0,sample,2026-09-24 19:05:19.861881+00:00
META,2023-02-22 00:00:00+00:00,138.38323465711574,140.84727176690444,137.01667035153562,140.2391796595125,140.2391796595125,4393501.0,sample,2026-09-24 19:05:19.861881+00:00
META,2023-02-23 00:00:00+00:00,140.16556449676065,140.71799549322495,137.87214512851352,138.60602209389575,138.60602209389575,17466123.0,sample,2026-09-24 19:05:19.861881+00:00
META,2023-02-24 00:00:00+00:00,138.482240171096,140.42197930109626,137.27369732605405,139.78732749053924,139.78732749053924,11451563.0,sample,2026-09-24 19:05:19.861881+00:00
META,2023-02-27 00:00:00+00:00,139.7531052171321,140.37089985942453,137.7157272593698,139.31426729978747,139.31426729978747,8573607.0,sample,2026-09-24 19:05:19.861881+00:00
META,2023-02-28 00:00:00+00:00,139.11621919885567,140.63994946704724,138.58032323957983,139.2582525247158,139.2582525247158,2230865.0,sample,2026-09-24 19:05:19.861881+00:00
META,2023-03-01 00:00:00+00:00,138.86716307299952,139.30744942563533,136.06863066032972,136.7111270183848,136.7111270183848,5818305.0,sample,2026-09-24 19:05:19.861881+00:00
META,2023-03-02 00:00:00+00:00,136.5533577968712,136.76776813451974,135.43912556780873,136.30823288318194,136.30823288318194,9514106.0,sample,2026-09-24 19:05:19.861881+00:00
META,2023-03-03 00:00:00+00:00,136.37047132572806,137.9259791094016,131.25198101681855,132.51665509900315,132.51665509900315,5758675.0,sample,2026-09-24 19:05:19.861881+00:00
META,2023-03-06 00:00:00+00:00,132.34601005583653,133.8774687505111,127.8177294846538,128.99380607349707,128.99380607349707,12872695.0,sample,2026-09-24 19:05:19.861881+00:00
META,2023-03-07 00:00:00+00:00,128.8548025522521,130.2636183295803,127.14896016823282,128.4877292506529,128.4877292506529,12702104.0,sample,2026-09-24 19:05:19.861881+00:00
META,2023-03-08 00:00:00+00:00,128.79159152627489,130.66839481573987,128.267349283506,130.2557593290267,130.2557593290267,5444026.0,sample,2026-09-24 19:05:19.861881+00:00
META,2023-03-09 00:00:00+00:00,130.52042365761568,131.9331352809683,127.23585494101691,127.73323283720701,127.73323283720701,14902133.0,sample,2026-09-24 19:05:19.861881+00:00
META,2023-03-10 00:00:00+00:00,127.72852212073357,129.43487328147725,126.7384521073016,128.6744590394781,128.6744590394781,15675497.0,sample,2026-09-24 19:05:19.861881+00:00
META,2023-03-13 00:00:00+00:00,128.72716710625423,135.27853942260634,128.06934311650966,133.79130141805155,133.79130141805155,12362236.0,sample,2026-09-24 19:05:19.861881+00:00
META,2023-03-14 00:00:00+00:00,134.50961548632347,135.28478598222534,133.43729786454998,134.96700547688485,134.96700547688485,4667940.0,sample,2026-09-24 19:05:19.861881+00:00
META,2023-03-15 00:00:00+00:00,134.32528156500106,136.5281492499022,133.93338945452987,136.3089839945601,136.3089839945601,14662272.0,sample,2026-09-24 19:05:19.861881+00:00
META,2023-03-16 00:00:00+00:00,137.15341731325313,138.15281781202185,134.7290523661767,135.792765068293,135.792765068293,12033838.0,sample,2026-09-24 19:05:19.861881+00:00
META,2023-03-17 00:00:00+00:00,136.00124748419762,137.0319789010721,130.66229319990285,131.01974324344724,131.01974324344724,10319407.0,sample,2026-09-24 19:05:19.861881+00:00
META,2023-03-20 00:00:00+00:00,130.92063424814845,131.4280971921906,128.60270414356688,129.88839117118707,129.88839117118707,17187993.0,sample,2026-09-24 19:05:19.861881+00:00
META,2023-03-21 00:00:00+00:00,129.72889057085325,130.7486686625866,129.31578343273773,129.90117384903976,129.90117384903976,3871696.0,sample,2026-09-24 19:05:19.861881+00:00
META,2023-03-22 00:00:00+00:00,129.64642598907224,129.79867182525697,126.99184421315911,127.17647891492906,127.17647891492906,8383808.0,sample,2026-09-24 19:05:19.861881+00:00
META,2023-03-23 00:00:00+00:00,126.9753581397176,127.68669020402065,126.67270336552794,127.46001757956834,127.46001757956834,16379602.0,sample,2026-09-24 19:05:19.861881+00:00
META,2023-03-24 00:00:00+00:00,127.39264988820503,128.8955254008411,124.25180107537383,125.65174701641212,125.65174701641212,8531666.0,sample,2026-09-24 19:05:19.861881+00:00
META,2023-03-27 00:00:00+00:00,125.99337517966073,128.14588176294987,124.67369069997822,127.4381791772265,127.4381791772265,14027473.0,sample,2026-09-24 19:05:19.861881+00:00
META,2023-03-28 00:00:00+00:00,127.6515010372987,128.23504359140986,126.99088956514093,127.55348011418701,127.55348011418701,4124223.0,sample,2026-09-24 19:05:19.861881+00:00
META,2023-03-29 00:00:00+00:00,127.55287119962622,128.88987386434505,127.32390159015891,127.99828203989931,127.99828203989931,9957898.0,sample,2026-09-24 19:05:19.861881+00:00
META,2023-03-30 00:00:00+00:00,128.38185342606607,129.50590760510244,127.03933133705769,128.79285410726334,128.79285410726334,6844636.0,sample,2026-09-24 19:05:19.861881+00:00
META,2023-03-31 00:00:00+00:00,128.61869621877958,129.73497388901177,127.79006190468186,128.31368715315523,128.31368715315523,3143919.0,sample,2026-09-24 19:05:19.861881+00:00
META,2023-04-03 00:00:00+00:00,128.5347211902753,133.40569492335638,128.04040891653642,131.89199608268137,131.89199608268137,2422162.0,sample,2026-09-24 19:05:19.861881+00:00
META,2023-04-04 00:00:00+00:00,131.85814895542424,132.40525098494217,128.84170947661028,129.17656445138036,129.17656445138036,14132399.0,sample,2026-09-24 19:05:19.861881+00:00
META,2023-04-05 00:00:00+00:00,129.48130938642254,130.2379836155286,125.86991222159152,127.16846792513013,127.16846792513013,14269748.0,sample,2026-09-24 19:05:19.861881+00:00
META,2023-04-06 00:00:00+00:00,126.86281937218959,127.73865753311325,126.52930159015861,126.9366037457869,126.9366037457869,1766972.0,sample,2026-09-24 19:05:19.861881+00:00
META,2023-04-07 00:00:00+00:00,126.75209699240631,127.84270941050572,126.38659824647303,127.1320891927213,127.1320891927213,14010151.0,sample,2026-09-24 19:05:19.861881+00:00
META,2023-04-10 00:00:00+00:00,127.5308394822354,128.5515341982181,123.74041583774229,124.03199199781224,124.03199199781224,2629591.0,sample,2026-09-24 19:05:19.861881+00:00
META,2023-04-11 00:00:00+00:00,123.97027798533293,126.91139387620254,123.62753123036597,126.1462066928367,126.1462066928367,9534566.0,sample,2026-09-24 19:05:19.861881+00:00
META,2023-04-12 00:00:00+00:00,126.32478913312346,126.91897675414467,125.18017244806418,125.60124547562604,125.60124547562604,17098380.0,sample,2026-09-24 19:05:19.861881+00:00
META,2023-04-13 00:00:00+00:00,125.69119023091294,128.33860473853872,124.4009313190772,126.96828832658116,126.96828832658116,5078725.0,sample,2026-09-24 19:05:19.861881+00:00
META,2023-04-14 00:00:00+00:00,127.14747823781752,128.39639899821634,124.8684072032931,125.58145227469379,125.58145227469379,9134901.0,sample,2026-09-24 19:05:19.861881+00:00
META,2023-04-17 00:00:00+00:00,125.12164688236165,125.7017539024349,123.71023260662787,124.36690676376051,124.36690676376051,16706795.0,sample,2026-09-24 19:05:19.861881+00:00
META,2023-04-18 00:00:00+00:00,124.00074552640721,125.24508600979613,122.78896633392586,124.9180091535523,124.9180091535523,6269800.0,sample,2026-09-24 19:05:19.861881+00:00
META,2023-04-19 00:00:00+00:00,124.33732661274139,125.10669215454179,123.38776012797561,123.85373392308568,123.85373392308568,13064458.0,sample,2026-09-24 19:05:19.861881+00:00
META,2023-04-20 00:00:00+00:00,123.82248730081169,124.54355657698541,122.01134815655487,122.30970973177031,122.30970973177031,3105869.0,sample,2026-09-24 19:05:19.861881+00:00
META,2023-04-21 00:00:00+00:00,121.73055102650197,124.04027259067725,120.96828466532962,122.89103998265918,122.89103998265918,16639797.0,sample,2026-09-24 19:05:19.861881+00:00
META,2023-04-24 00:00:00+00:00,123.04545053810664,125.2724899952806,122.65643617698416,124.5354842532275,124.5354842532275,17859075.0,sample,2026-09-24 19:05:19.861881+00:00
META,2023-04-25 00:00:00+00:00,124.1955419527676,124.66011202674606,122.72258056880511,123.94626708752867,123.94626708752867,8676840.0,sample,2026-09-24 19:05:19.861881+00:00
META,2023-04-26 00:00:00+00:00,123.6433783825353,125.06705593383812,122.73806611984296,124.81502194872148,124.81502194872148,14876444.0,sample,2026-09-24 19:05:19.861881+00:00
META,2023-04-27 00:00:00+00:00,124.88944381844256,126.00574974328296,122.28622028818924,122.98341127678292,122.98341127678292,16153361.0,sample,2026-09-24 19:05:19.861881+00:00
META,2023-04-28 00:00:00+00:00,123.38135977028024,125.24621002955946,122.18914105158638,123.79922867537185,123.79922867537185,10888811.0,sample,2026-09-24 19:05:19.861881+00:00
META,2023-05-01 00:00:00+00:00,123.86919747820141,124.37389560734613,120.7178727060405,121.851886676444,121.851886676444,7809875.0,sample,2026-09-24 19:05:19.861881+00:00
META,2023-05-02 00:00:00+00:00,121.7105918093748,123.31713274979886,120.3102423115725,122.47836866084394,122.47836866084394,11920971.0,sample,2026-09-24 19:05:19.861881+00:00
META,2023-05-03 00:00:00+00:00,122.8283784220856,124.20571517244905,119.21366278319933,120.16986584568222,120.16986584568222,17960954.0,sample,2026-09-24 19:05:19.861881+00:00
META,2023-05-04 00:00:00+00:00,120.07396611758757,121.9265980286988,119.93530580554643,120.59158457409463,120.59158457409463,3724006.0,sample,2026-09-24 19:05:19.861881+00:00
META,2023-05-05 00:00:00+00:00,120.43285757681934,122.77274057299856,119.9011611744013,122.60743283369564,122.60743283369564,6510190.0,sample,2026-09-24 19:05:19.861881+00:00
META,2023-05-08 00:00:00+00:00,122.32601608212153,123.15402518490382,121.8444239521983,122.72390346022515,122.72390346022515,16907289.0,sample,2026-09-24 19:05:19.861881+00:00
META,2023-05-09 00:00:00+00:00,122.5553412481145,122.79328574451992,118.03970989942312,119.08431403543761,119.08431403543761,9054275.0,sample,2026-09-24 19:05:19.861881+00:00
META,2023-05-10 00:00:00+00:00,119.23719473264413,123.10685674936384,118.12015380034732,122.09856602373259,122.09856602373259,15661639.0,sample,2026-09-24 19:05:19.861881+00:00
META,2023-05-11 00:00:00+00:00,121.8194625039773,122.29962713340691,120.02882379832886,120.59584693544942,120.59584693544942,12519999.0,sample,2026-09-24 19:05:19.861881+00:00
META,2023-05-12 00:00:00+00:00,120.62546842046977,122.06084163814258,114.57135624823538,115.84051592768327,115.84051592768327,14358185.0,sample,2026-09-24 19:05:19.861881+00:00
META,2023-05-15 00:00:00+00:00,115.54893280115397,120.6392991209646,115.16014150250797,119.56641124221133,119.56641124221133,16613970.0,sample,2026-09-24 19:05:19.861881+00:00
META,2023-05-16 00:00:00+00:00,119.664945655955,120.25858749399987,117.07784877685597,118.09708120741557,118.09708120741557,9730296.0,sample,2026-09-24 19:05:19.861881+00:00
META,2023-05-17 00:00:00+00:00,117.67056541182882,120.2838556348255,117.3347829208338,119.38076707891844,119.38076707891844,4399323.0,sample,2026-09-24 19:05:19.861881+00:00
META,2023-05-18 00:00:00+00:00,119.393390115922,121.070335251513,118.49875719815009,119.75387915305306,119.75387915305306,9925364.0,sample,2026-09-24 19:05:19.861881+00:00
META,2023-05-19 00:00:00+00:00,119.9170510233433,124.30992246192528,119.28993176837103,123.71814380026368,123.71814380026368,4377338.0,sample,2026-09-24 19:05:19.861881+00:00
META,2023-05-22 00:00:00+00:00,123.26790665783425,128.18013869920622,122.70988585542443,127.12835215739058,127.12835215739058,6556840.0,sample,2026-09-24 19:05:19.861881+00:00
META,2023-05-23 00:00:00+00:00,126.9683446597863,127.89375951812674,122.68177768671023,123.09426498935333,123.09426498935333,9175384.0,sample,2026-09-24 19:05:19.861881+00:00
META,2023-05-24 00:00:00+00:00,122.85099298453191,124.69877654447714,121.42616798926424,123.91182702100375,123.91182702100375,7133513.0,sample,2026-09-24 19:05:19.861881+00:00
META,2023-05-25 00:00:00+00:00,123.86250194033865,124.01266808239241,120.49648956651392,121.41944843342557,121.41944843342557,12905276.0,sample,2026-09-24 19:05:19.861881+00:00
META,2023-05-26 00:00:00+00:00,121.61200168172296,122.59566015334788,120.94174359442187,121.07084201849709,121.07084201849709,2290208.0,sample,2026-09-24 19:05:19.861881+00:00
META,2023-05-29 00:00:00+00:00,120.90445054179867,121.72952268208158,120.11499777248244,120.47227359469872,120.47227359469872,13375303.0,sample,2026-09-24 19:05:19.861881+00:00
META,2023-05-30 00:00:00+00:00,120.11613369182699,120.2995014733447,119.2357861396405,119.92025722862986,119.92025722862986,9441704.0,sample,2026-09-24 19:05:19.861881+00:00
META,2023-05-31 00:00:00+00:00,120.60833503316061,121.95524189123799,116.45799574925174,117.15814791843151,117.15814791843151,11756562.0,sample,2026-09-24 19:05:19.861881+00:00
META,2023-06-01 00:00:00+00:00,117.08374943028942,119.39719697986577,115.7198352978813,118.31098586306919,118.31098586306919,8730837.0,sample,2026-09-24 19:05:19.861881+00:00
META,2023-06-02 00:00:00+00:00,118.26395039825397,121.00636175223839,118.1401758715824,119.86803924960768,119.86803924960768,13093938.0,sample,2026-09-24 19:05:19.861881+00:00
META,2023-06-05 00:00:00+00:00,119.91453070195124,121.55465862526574,118.58160349166444,121.41337028423813,121.41337028423813,3301459.0,sample,2026-09-24 19:05:19.861881+00:00
META,2023-06-06 00:00:00+00:00,121.6713155594286,125.88318025652698,120.45973448843651,125.37933447892486,125.37933447892486,2504115.0,sample,2026-09-24 19:05:19.861881+00:00
META,2023-06-07 00:00:00+00:00,125.16653644659478,125.67526918339684,123.76402070931503,124.79455933374905,124.79455933374905,2445139.0,sample,2026-09-24 19:05:19.861881+00:00
META,2023-06-08 00:00:00+00:00,124.84832022394457,125.9771516797415,121.60340362291014,122.61523269777528,122.61523269777528,6771533.0,sample,2026-09-24 19:05:19.861881+00:00
META,2023-06-09 00:00:00+00:00,122.61626325345999,123.76166890608344,122.18108728339361,122.6312617035157,122.6312617035157,11329588.0,sample,2026-09-24 19:05:19.861881+00:00
META,2023-06-12 00:00:00+00:00,122.811818490586,124.1106500162864,116.25487580205852,117.00553706479928,117.00553706479928,16550275.0,sample,2026-09-24 19:05:19.861881+00:00
META,2023-06-13 00:00:00+00:00,116.80799237119233,117.39301326633205,115.9632210639443,116.24707969742337,116.24707969742337,16397821.0,sample,2026-09-24 19:05:19.861881+00:00
META,2023-06-14 00:00:00+00:00,116.07538713500855,117.07007633417494,113.35046931509258,113.52117540855402,113.52117540855402,2056108.0,sample,2026-09-24 19:05:19.861881+00:00
META,2023-06-15 00:00:00+00:00,113.24526111757628,114.38309417600394,110.17662895723463,111.0390639855515,111.0390639855515,4619034.0,sample,2026-09-24 19:05:19.861881+00:00
META,2023-06-16 00:00:00+00:00,111.20082663066175,112.25685212390243,107.44375229521312,108.24999245225527,108.24999245225527,16718092.0,sample,2026-09-24 19:05:19.861881+00:00
META,2023-06-19 00:00:00+00:00,108.21540227286958,108.74594446613267,105.15194914980854,105.6661734198989,105.6661734198989,11366473.0,sample,2026-09-24 19:05:19.861881+00:00
META,2023-06-20 00:00:00+00:00,105.97690702306593,106.9780722028701,105.22620216954665,105.90485934876196,105.90485934876196,17694253.0,sample,2026-09-24 19:05:19.861881+00:00
META,2023-06-21 00:00:00+00:00,105.68147141419252,105.92748437135835,101.70023336524525,102.46992328366082,102.46992328366082,15203164.0,sample,2026-09-24 19:05:19.861881+00:00
META,2023-06-22 00:00:00+00:00,102.86812217343723,103.61494003812729,99.47301146379353,100.37724050479319,100.37724050479319,2735279.0,sample,2026-09-24 19:05:19.861881+00:00
META,2023-06-23 00:00:00+00:00,100.1649724998497,101.09030384518098,99.84344163586707,100.19326980335258,100.19326980335258,13583143.0,sample,2026-09-24 19:05:19.861881+00:00
META,2023-06-26 00:00:00+00:00,100.20070668249316,100.68558934312833,98.97858593595164,99.39716767166992,99.39716767166992,16462012.0,sample,2026-09-24 19:05:19.861881+00:00
META,2023-06-27 00:00:00+00:00,99.62882010739047,101.71274739716533,99.112529930107,101.43808304423352,101.43808304423352,1585932.0,sample,2026-09-24 19:05:19.861881+00:00
META,2023-06-28 00:00:00+00:00,101.29427433034797,101.95125781168879,100.42554097090397,101.2524570766743,101.2524570766743,11798483.0,sample,2026-09-24 19:05:19.861881+00:00
META,2023-06-29 00:00:00+00:00,101.38475865385162,104.77295218690983,100.33718140754496,104.59247509982525,104.59247509982525,11262690.0,sample,2026-09-24 19:05:19.861881+00:00
META,2023-06-30 00:00:00+00:00,104.89347615638353,106.83436653626434,104.25698406599939,105.8429036922744,105.8429036922744,13425644.0,sample,2026-09-24 19:05:19.861881+00:00
META,2023-07-03 00:00:00+00:00,105.29494318075729,105.593798964998,102.56193497472125,103.54406405485679,103.54406405485679,6354066.0,sample,2026-09-24 19:05:19.861881+00:00
META,2023-07-04 00:00:00+00:00,103.2495037680863,104.2111034415293,101.73314688690805,102.91880309444865,102.91880309444865,12042036.0,sample,2026-09-24 19:05:19.861881+00:00
META,2023-07-05 00:00:00+00:00,102.89363364593146,106.38680089191887,101.90258337098572,105.4774766969665,105.4774766969665,4529324.0,sample,2026-09-24 19:05:19.861881+00:00
META,2023-07-06 00:00:00+00:00,105.40409044504774,105.94064935653144,101.50166920113818,102.68021529594071,102.68021529594071,13162777.0,sample,2026-09-24 19:05:19.861881+00:00
META,2023-07-07 00:00:00+00:00,102.7387476646329,103.28724223877084,100.14515757142392,100.60570213597802,100.60570213597802,13228105.0,sample,2026-09-24 19:05:19.861881+00:00
META,2023-07-10 00:00:00+00:00,100.72962813355552,101.55552647324413,96.3696388698839,97.05397134099215,97.05397134099215,6750233.0,sample,2026-09-24 19:05:19.861881+00:00
META,2023-07-11 00:00:00+00:00,96.67444645930019,97.30398306715551,96.13856745253679,96.56723989509653,96.56723989509653,10828627.0,sample,2026-09-24 19:05:19.861881+00:00
META,2023-07-12 00:00:00+00:00,96.71197694477925,98.45777277295333,95.56414246738143,97.91784523937753,97.91784523937753,9004668.0,sample,2026-09-24 19:05:19.861881+00:00
META,2023-07-13 00:00:00+00:00,98.00043978933216,100.27856313505313,97.34404202493654,99.60133292585124,99.60133292585124,3405594.0,sample,2026-09-24 19:05:19.861881+00:00
META,2023-07-14 00:00:00+00:00,99.4280054475817,100.0077089174385,98.27237664205947,98.98005075485639,98.98005075485639,16983305.0,sample,2026-09-24 19:05:19.861881+00:00
META,2023-07-17 00:00:00+00:00,99.07550124671026,100.01378752292091,95.8629240347424,96.35113356038921,96.35113356038921,10635263.0,sample,2026-09-24 19:05:19.861881+00:00
META,2023-07-18 00:00:00+00:00,96.5088478255304,97.50463288738749,96.09514463306841,96.47518359119286,96.47518359119286,5504309.0,sample,2026-09-24 19:05:19.861881+00:00
META,2023-07-19 00:00:00+00:00,96.36572016348286,96.85763279964719,95.00316323568507,95.91233470243645,95.91233470243645,13774325.0,sample,2026-09-24 19:05:19.861881+00:00
META,2023-07-20 00:00:00+00:00,95.77951393518337,98.066318520051,95.0237790123513,97.01459932392376,97.01459932392376,11595916.0,sample,2026-09-24 19:05:19.861881+00:00
META,2023-07-21 00:00:00+00:00,97.06939896251615,97.84884206041582,96.08976781996807,97.14597793455181,97.14597793455181,10642917.0,sample,2026-09-24 19:05:19.861881+00:00
META,2023-07-24 00:00:00+00:00,97.19427565782517,100.04929347942797,96.4460501815555,98.98578405562579,98.98578405562579,13601070.0,sample,2026-09-24 19:05:19.861881+00:00
META,2023-07-25 00:00:00+00:00,99.32441340711075,99.64551434430271,97.08576929423788,97.72108745746452,97.72108745746452,15847491.0,sample,2026-09-24 19:05:19.861881+00:00
META,2023-07-26 00:00:00+00:00,97.52508735230954,97.73128825881315,96.63351629739309,97.56246195962409,97.56246195962409,10925325.0,sample,2026-09-24 19:05:19.861881+00:00
META,2023-07-27 00:00:00+00:00,97.34597997854922,98.41413339142179,96.88939590881125,97.13749786089558,97.13749786089558,3257578.0,sample,2026-09-24 19:05:19.861881+00:00
META,2023-07-28 00:00:00+00:00,97.01338270529412,98.02650172011326,95.65373504378411,96.14954082554192,96.14954082554192,6157930.0,sample,2026-09-24 19:05:19.861881+00:00
META,2023-07-31 00:00:00+00:00,96.42411001927124,97.33749316053387,95.56167341505902,96.71706525644822,96.71706525644822,5987441.0,sample,2026-09-24 19:05:19.861881+00:00
META,2023-08-01 00:00:00+00:00,96.86553903117691,97.79537271100689,93.43000928340776,93.61077025061668,93.61077025061668,2012906.0,sample,2026-09-24 19:05:19.861881+00:00
META,2023-08-02 00:00:00+00:00,93.98354718552022,94.59910044686475,90.77407035931624,90.91808290642516,90.91808290642516,15734195.0,sample,2026-09-24 19:05:19.861881+00:00
META,2023-08-03 00:00:00+00:00,90.68183237014277,90.93419741285909,86.4524561008211,86.76870966022,86.76870966022,13713600.0,sample,2026-09-24 19:05:19.861881+00:00
META,2023-08-04 00:00:00+00:00,86.63200072237873,87.16343505809891,86.42528651693117,86.64523377262321,86.64523377262321,11774934.0,sample,2026-09-24 19:05:19.861881+00:00
META,2023-08-07 00:00:00+00:00,86.6224179008961,88.3580953442515,86.10337072949731,87.69431047105617,87.69431047105617,5221703.0,sample,2026-09-24 19:05:19.861881+00:00
META,2023-08-08 00:00:00+00:00,87.88154222071971,88.58150243877091,87.3731682233506,88.18281665567463,88.18281665567463,4210794.0,sample,2026-09-24 19:05:19.861881+00:00
META,2023-08-09 00:00:00+00:00,87.98742104305566,91.481820908043,87.48683293024715,90.55973991586463,90.55973991586463,9177312.0,sample,2026-09-24 19:05:19.861881+00:00
META,2023-08-10 00:00:00+00:00,90.5789042946418,90.94690800422143,89.64274121902835,90.5886596774162,90.5886596774162,13785392.0,sample,2026-09-24 19:05:19.861881+00:00
META,2023-08-11 00:00:00+00:00,90.5895569516061,90.73481775102843,88.67574620230144,88.97970389619354,88.97970389619354,6274562.0,sample,2026-09-24 19:05:19.861881+00:00
META,2023-08-14 00:00:00+00:00,88.94114647024782,90.3544935030854,88.41812633882031,89.37907751334873,89.37907751334873,6206869.0,sample,2026-09-24 19:05:19.861881+00:00
META,2023-08-15 00:00:00+00:00,89.34720045603055,90.59024063219155,88.43886092321591,89.54496926681064,89.54496926681064,2253089.0,sample,2026-09-24 19:05:19.861881+00:00
META,2023-08-16 00:00:00+00:00,89.6526271611116,90.58853599748247,88.59663818314247,89.71510334502469,89.71510334502469,8941599.0,sample,2026-09-24 19:05:19.861881+00:00
META,2023-08-17 00:00:00+00:00,89.87260672039311,92.1861790709873,88.86426692287225,91.37336850110113,91.37336850110113,12165833.0,sample,2026-09-24 19:05:19.861881+00:00
META,2023-08-18 00:00:00+00:00,91.24772649945305,92.00087531019263,89.52006678305736,89.88627419691083,89.88627419691083,7496420.0,sample,2026-09-24 19:05:19.861881+00:00
META,2023-08-21 00:00:00+00:00,90.05298516526715,90.3995659522688,88.16726269250876,88.51190505970327,88.51190505970327,10697037.0,sample,2026-09-24 19:05:19.861881+00:00
META,2023-08-22 00:00:00+00:00,88.64488739148787,89.61678564316254,87.73497363682824,88.33191547010654,88.33191547010654,16087002.0,sample,2026-09-24 19:05:19.861881+00:00
META,2023-08-23 00:00:00+00:00,88.39546091222012,90.82890065128916,87.99136548475151,90.1543498824906,90.1543498824906,3464715.0,sample,2026-09-24 19:05:19.861881+00:00
META,2023-08-24 00:00:00+00:00,89.98446925178649,90.27589114272767,88.52175842486038,88.8502634998022,88.8502634998022,17630080.0,sample,2026-09-24 19:05:19.861881+00:00
META,2023-08-25 00:00:00+00:00,88.99107207743933,91.11264845790605,88.62628441849948,90.90881187444896,90.90881187444896,10003726.0,sample,2026-09-24 19:05:19.861881+00:00
META,2023-08-28 00:00:00+00:00,90.7730472544647,93.78736511733045,89.7880769617885,93.08395293767772,93.08395293767772,3133661.0,sample,2026-09-24 19:05:19.861881+00:00
META,2023-08-29 00:00:00+00:00,92.99424037811274,93.13591417811453,92.12489500380595,92.39669264844119,92.39669264844119,4582314.0,sample,2026-09-24 19:05:19.861881+00:00
META,2023-08-30 00:00:00+00:00,92.63429863602877,93.06912891729917,90.76196600195115,91.3191039808255,91.3191039808255,13489235.0,sample,2026-09-24 19:05:19.861881+00:00
META,2023-08-31 00:00:00+00:00,91.51948661157437,91.87283532536047,90.87801575061337,91.12750151569395,91.12750151569395,9476274.0,sample,2026-09-24 19:05:19.861881+00:00
META,2023-09-01 00:00:00+00:00,91.25689967726481,91.9634041082435,87.73852179943941,88.59454704288082,88.59454704288082,4343319.0,sample,2026-09-24 19:05:19.861881+00:00
META,2023-09-04 00:00:00+00:00,88.66982158905562,92.11014609557236,88.17511287577956,91.02234547480091,91.02234547480091,17466110.0,sample,2026-09-24 19:05:19.861881+00:00
META,2023-09-05 00:00:00+00:00,91.24922980513027,92.36289072573103,90.27902501725463,91.27754301877386,91.27754301877386,11106541.0,sample,2026-09-24 19:05:19.861881+00:00
META,2023-09-06 00:00:00+00:00,91.34563444649282,93.71827647845599,90.72825191199304,93.05378627948915,93.05378627948915,17333295.0,sample,2026-09-24 19:05:19.861881+00:00
META,2023-09-07 00:00:00+00:00,93.21623377635159,93.64165077335586,91.45023772806482,91.97215950979665,91.97215950979665,9423598.0,sample,2026-09-24 19:05:19.861881+00:00
META,2023-09-08 00:00:00+00:00,91.7332129671793,93.10296717848523,90.85961965139262,92.26040131262974,92.26040131262974,8703559.0,sample,2026-09-24 19:05:19.861881+00:00
META,2023-09-11 00:00:00+00:00,91.8802453769842,92.40268155459304,91.31526230645173,91.97415024925904,91.97415024925904,9973244.0,sample,2026-09-24 19:05:19.861881+00:00
META,2023-09-12 00:00:00+00:00,91.95989439817829,95.70724805083023,90.89427172916618,94.64594000622498,94.64594000622498,3154781.0,sample,2026-09-24 19:05:19.861881+00:00
META,2023-09-13 00:00:00+00:00,94.59609726285095,95.25489427441032,92.25442777911059,92.82779412980085,92.82779412980085,7567141.0,sample,2026-09-24 19:05:19.861881+00:00
META,2023-09-14 00:00:00+00:00,92.64709779755924,95.23082714744642,92.29700333326603,94.82464826421653,94.82464826421653,1878649.0,sample,2026-09-24 19:05:19.861881+00:00
META,2023-09-15 00:00:00+00:00,94.97012061296941,95.60940403867207,94.59569659391045,94.86969099474233,94.86969099474233,16495103.0,sample,2026-09-24 19:05:19.861881+00:00
META,2023-09-18 00:00:00+00:00,94.73404608601913,95.81746459243816,94.43693410588466,94.7796050819915,94.7796050819915,16416276.0,sample,2026-09-24 19:05:19.861881+00:00
META,2023-09-19 00:00:00+00:00,94.9300741116128,95.67132683604366,91.17118453386529,91.85106618477217,91.85106618477217,13366949.0,sample,2026-09-24 19:05:19.861881+00:00
META,2023-09-20 00:00:00+00:00,92.18342400680879,93.05145629308666,91.35222215497437,91.57907495499813,91.57907495499813,14814172.0,sample,2026-09-24 19:05:19.861881+00:00
META,2023-09-21 00:00:00+00:00,91.48935635626772,92.19730513170194,89.87673068970386,90.86533500572682,90.86533500572682,3074889.0,sample,2026-09-24 19:05:19.861881+00:00
META,2023-09-22 00:00:00+00:00,90.83575259705395,92.44976140587369,90.43003031302389,91.76715354004095,91.76715354004095,8587094.0,sample,2026-09-24 19:05:19.861881+00:00
META,2023-09-25 00:00:00+00:00,91.67421345734178,92.70003977443893,90.12505389262459,90.92405682058835,90.92405682058835,2863985.0,sample,2026-09-24 19:05:19.861881+00:00
META,2023-09-26 00:00:00+00:00,90.51263631949739,91.3630112781382,88.80235959651995,89.87236537196969,89.87236537196969,5525692.0,sample,2026-09-24 19:05:19.861881+00:00
META,2023-09-27 00:00:00+00:00,89.79299632634407,91.70794162016686,89.65438437850507,91.30625955415286,91.30625955415286,11495830.0,sample,2026-09-24 19:05:19.861881+00:00
META,2023-09-28 00:00:00+00:00,91.17337283167558,92.66380395861839,90.9904608720212,91.63007387876142,91.63007387876142,14926342.0,sample,2026-09-24 19:05:19.861881+00:00
META,2023-09-29 00:00:00+00:00,91.52359365005941,92.20139466277882,90.07465746652213,90.86094884122596,90.86094884122596,15266335.0,sample,2026-09-24 19:05:19.861881+00:00
META,2023-10-02 00:00:00+00:00,90.718672988263,91.77729341078229,90.35658334179159,91.13792777686534,91.13792777686534,12821295.0,sample,2026-09-24 19:05:19.861881+00:00
META,2023-10-03 00:00:00+00:00,91.00891321074747,92.80849085179184,90.10066649428904,91.95467537764937,91.95467537764937,9237067.0,sample,2026-09-24 19:05:19.861881+00:00
META,2023-10-04 00:00:00+00:00,92.1178593025638,92.24813747912981,91.1104014515574,91.62260301156694,91.62260301156694,7119148.0,sample,2026-09-24 19:05:19.861881+00:00
META,2023-10-05 00:00:00+00:00,91.56381985582541,92.02452765829506,90.6681009426048,91.42947735230399,91.42947735230399,15087883.0,sample,2026-09-24 19:05:19.861881+00:00
META,2023-10-06 00:00:00+00:00,91.060213543869,94.9979747884926,90.74580651306292,93.89990002206618,93.89990002206618,10803633.0,sample,2026-09-24 19:05:19.861881+00:00
META,2023-10-09 00:00:00+00:00,94.06202558666924,94.51826747253928,93.52113646894449,93.77494336363071,93.77494336363071,8091412.0,sample,2026-09-24 19:05:19.861881+00:00
META,2023-10-10 00:00:00+00:00,93.9217384324624,94.7691568298667,89.29748460424494,90.16687470267203,90.16687470267203,14371019.0,sample,2026-09-24 19:05:19.861881+00:00
META,2023-10-11 00:00:00+00:00,90.39216893838456,92.27747922856746,89.3777597254233,91.46817850107745,91.46817850107745,5460048.0,sample,2026-09-24 19:05:19.861881+00:00
META,2023-10-12 00:00:00+00:00,91.49150464525967,94.59340471318032,90.76056253604624,93.58796616367404,93.58796616367404,10377414.0,sample,2026-09-24 19:05:19.861881+00:00
META,2023-10-13 00:00:00+00:00,93.57046754912145,96.3137496424027,93.10202129275386,95.27065119334198,95.27065119334198,17825608.0,sample,2026-09-24 19:05:19.861881+00:00
META,2023-10-16 00:00:00+00:00,95.41728903750489,97.13007055242772,94.94631691265577,96.84071577274585,96.84071577274585,16862332.0,sample,2026-09-24 19:05:19.861881+00:00
META,2023-10-17 00:00:00+00:00,96.97760831288791,97.60091327817555,92.69746480335664,93.33762459138015,93.33762459138015,14700784.0,sample,2026-09-24 19:05:19.861881+00:00
META,2023-10-18 00:00:00+00:00,93.31455242795565,94.4255393789768,90.80353212197373,91.789153315845,91.789153315845,2143825.0,sample,2026-09-24 19:05:19.861881+00:00
META,2023-10-19 00:00:00+00:00,91.89559008100363,92.34987121841402,91.19880578092413,91.85216801158202,91.85216801158202,17845775.0,sample,2026-09-24 19:05:19.861881+00:00
META,2023-10-20 00:00:00+00:00,92.02022124287996,93.10829133381716,91.63197478252056,92.02110873400126,92.02110873400126,13315059.0,sample,2026-09-24 19:05:19.861881+00:00
META,2023-10-23 00:00:00+00:00,92.44569801322312,93.32467305666135,90.7842089422481,91.8766653256925,91.8766653256925,11440225.0,sample,2026-09-24 19:05:19.861881+00:00
META,2023-10-24 00:00:00+00:00,91.94914880575885,92.57326906143628,89.01617980726614,89.68889222446188,89.68889222446188,13688301.0,sample,2026-09-24 19:05:19.861881+00:00
META,2023-10-25 00:00:00+00:00,89.80951086690654,90.80189760944947,88.03714670379318,88.48208650777488,88.48208650777488,16036916.0,sample,2026-09-24 19:05:19.861881+00:00
META,2023-10-26 00:00:00+00:00,88.1962964637205,89.01199001104787,86.91484452730197,87.77607580303138,87.77607580303138,16893946.0,sample,2026-09-24 19:05:19.861881+00:00
META,2023-10-27 00:00:00+00:00,87.69542571845477,89.21261563373717,87.38150668684486,89.12012670838249,89.12012670838249,10510074.0,sample,2026-09-24 19:05:19.861881+00:00
META,2023-10-30 00:00:00+00:00,88.97501251973866,93.49927190718209,87.97129000708667,92.42184392398367,92.42184392398367,16457718.0,sample,2026-09-24 19:05:19.861881+00:00
META,2023-10-31 00:00:00+00:00,92.2058743219475,93.06994312946942,89.49305191673115,89.722655167999,89.722655167999,15764351.0,sample,2026-09-24 19:05:19.861881+00:00
META,2023-11-01 00:00:00+00:00,89.36147859240876,90.62029530645951,88.47870323278326,89.70105291008792,89.70105291008792,10933684.0,sample,2026-09-24 19:05:19.861881+00:00
META,2023-11-02 00:00:00+00:00,89.95009512040137,91.01725024817182,87.09813471215956,88.0730696077917,88.0730696077917,10018479.0,sample,2026-09-24 19:05:19.861881+00:00
META,2023-11-03 00:00:00+00:00,88.32756011108343,89.73705136835851,87.41643575981944,89.42018952434752,89.42018952434752,14498532.0,sample,2026-09-24 19:05:19.861881+00:00
META,2023-11-06 00:00:00+00:00,89.47403309769926,90.3920655363491,88.57583042902709,89.64968356874478,89.64968356874478,13267475.0,sample,2026-09-24 19:05:19.861881+00:00
META,2023-11-07 00:00:00+00:00,89.54641325270555,90.96374611892416,89.39044339602016,90.22275475114206,90.22275475114206,9668966.0,sample,2026-09-24 19:05:19.861881+00:00
META,2023-11-08 00:00:00+00:00,90.17416578805371,91.01138864954814,89.51501960363271,90.22000450112279,90.22000450112279,2650388.0,sample,2026-09-24 19:05:19.861881+00:00
META,2023-11-09 00:00:00+00:00,90.35912613174838,91.22848732168713,88.73110163313844,88.99285553499386,88.99285553499386,2261438.0,sample,2026-09-24 19:05:19.861881+00:00
META,2023-11-10 00:00:00+00:00,88.98190996254849,89.08949468671136,86.81578467131868,87.73048088957303,87.73048088957303,4660752.0,sample,2026-09-24 19:05:19.861881+00:00
META,2023-11-13 00:00:00+00:00,87.49797207580922,88.49371133899668,86.98797844612774,87.12382266960684,87.12382266960684,11632490.0,sample,2026-09-24 19:05:19.861881+00:00
META,2023-11-14 00:00:00+00:00,87.07680583524434,89.0930932599023,86.34363630413898,88.41323661542694,88.41323661542694,11806753.0,sample,2026-09-24 19:05:19.861881+00:00
META,2023-11-15 00:00:00+00:00,88.2460882227602,92.28114138989837,87.21083311984354,91.43392007276314,91.43392007276314,16125495.0,sample,2026-09-24 19:05:19.861881+00:00
META,2023-11-16 00:00:00+00:00,91.42285388150472,93.68953751793161,91.05762776993379,92.97945963302372,92.97945963302372,12542637.0,sample,2026-09-24 19:05:19.861881+00:00
META,2023-11-17 00:00:00+00:00,92.95072679272903,93.4076632212731,91.6897933506655,92.47392641310756,92.47392641310756,13089319.0,sample,2026-09-24 19:05:19.861881+00:00
META,2023-11-20 00:00:00+00:00,92.6024161205932,95.89382988253634,92.16386584132951,94.96431215866866,94.96431215866866,13816122.0,sample,2026-09-24 19:05:19.861881+00:00
META,2023-11-21 00:00:00+00:00,95.08402048174318,95.76948471498176,93.96035955711635,95.41251724738308,95.41251724738308,6069202.0,sample,2026-09-24 19:05:19.861881+00:00
META,2023-11-22 00:00:00+00:00,95.30261618984241,95.6486727649647,94.66678795332817,95.3649808450965,95.3649808450965,8163857.0,sample,2026-09-24 19:05:19.861881+00:00
META,2023-11-23 00:00:00+00:00,95.38879835528314,96.50579805349822,95.02679534793025,95.35282697920601,95.35282697920601,5090138.0,sample,2026-09-24 19:05:19.861881+00:00
META,2023-11-24 00:00:00+00:00,95.28807148110842,96.26217405376927,92.6871350671669,93.63548776988624,93.63548776988624,17444921.0,sample,2026-09-24 19:05:19.861881+00:00
META,2023-11-27 00:00:00+00:00,93.91131394790942,94.68291217838718,90.19411642858849,91.08263287229884,91.08263287229884,14949089.0,sample,2026-09-24 19:05:19.861881+00:00
META,2023-11-28 00:00:00+00:00,91.22893202461438,91.48452357340763,89.36280668191033,89.79912137238045,89.79912137238045,10963073.0,sample,2026-09-24 19:05:19.861881+00:00
META,2023-11-29 00:00:00+00:00,89.85729750797124,90.44845091377312,89.09636662312289,89.32109661921106,89.32109661921106,8445364.0,sample,2026-09-24 19:05:19.861881+00:00
META,2023-11-30 00:00:00+00:00,89.33720502000317,90.39770722759876,88.6061037827987,89.4578248793889,89.4578248793889,4054455.0,sample,2026-09-24 19:05:19.861881+00:00
META,2023-12-01 00:00:00+00:00,89.29521451124536,89.54464913084352,86.47046064061954,87.37558903130986,87.37558903130986,3168317.0,sample,2026-09-24 19:05:19.861881+00:00
META,2023-12-04 00:00:00+00:00,87.26487914680331,88.26330398088874,86.01342518089068,86.92220050620759,86.92220050620759,12349859.0,sample,2026-09-24 19:05:19.861881+00:00
META,2023-12-05 00:00:00+00:00,86.7049476642297,87.23695588717501,83.32549729716592,84.08524859050851,84.08524859050851,10837320.0,sample,2026-09-24 19:05:19.861881+00:00
META,2023-12-06 00:00:00+00:00,84.32187985221312,86.58044282840875,84.02375277359444,85.89699870564677,85.89699870564677,2410685.0,sample,2026-09-24 19:05:19.861881+00:00
META,2023-12-07 00:00:00+00:00,86.14691295819075,86.73665154995857,84.4711074064751,84.92068708673516,84.92068708673516,17289930.0,sample,2026-09-24 19:05:19.861881+00:00
META,2023-12-08 00:00:00+00:00,85.11509557770891,85.96841064528311,82.80830687117931,83.24656434895991,83.24656434895991,4770678.0,sample,2026-09-24 19:05:19.861881+00:00
META,2023-12-11 00:00:00+00:00,83.17183746214815,84.66007211502573,82.72628205829899,84.12748242314996,84.12748242314996,17691284.0,sample,2026-09-24 19:05:19.861881+00:00
META,2023-12-12 00:00:00+00:00,83.78498955498979,84.50012404946148,83.07278893083996,84.07318900256907,84.07318900256907,7866212.0,sample,2026-09-24 19:05:19.861881+00:00
META,2023-12-13 00:00:00+00:00,84.30383621909968,84.40433843214139,82.06811780576004,82.44160445182361,82.44160445182361,15762640.0,sample,2026-09-24 19:05:19.861881+00:00
META,2023-12-14 00:00:00+00:00,82.5043960003573,85.16565526259801,82.07324476655519,84.90841819398143,84.90841819398143,5081102.0,sample,2026-09-24 19:05:19.861881+00:00
META,2023-12-15 00:00:00+00:00,84.87325533368913,85.46071406435563,83.06374857191899,83.56514684497307,83.56514684497307,12840171.0,sample,2026-09-24 19:05:19.861881+00:00
META,2023-12-18 00:00:00+00:00,83.4908502818539,84.6066696825949,82.79026241626939,84.1401616385051,84.1401616385051,14640075.0,sample,2026-09-24 19:05:19.861881+00:00
META,2023-12-19 00:00:00+00:00,84.3079262636432,84.94101499508342,82.74294415411367,83.21878213956515,83.21878213956515,11681331.0,sample,2026-09-24 19:05:19.861881+00:00
META,2023-12-20 00:00:00+00:00,83.20595860629076,85.13816040187233,82.90371854944378,84.29507002231831,84.29507002231831,8124899.0,sample,2026-09-24 19:05:19.861881+00:00
META,2023-12-21 00:00:00+00:00,84.40849450880827,86.41570721470868,83.80947363839608,85.39471843097435,85.39471843097435,17023270.0,sample,2026-09-24 19:05:19.861881+00:00
META,2023-12-22 00:00:00+00:00,85.02188759899474,85.80717208903559,84.1153241978926,84.28913777198854,84.28913777198854,9030789.0,sample,2026-09-24 19:05:19.861881+00:00
META,2023-12-25 00:00:00+00:00,84.33581784614594,85.32848064930842,82.24102090873275,83.16226381165427,83.16226381165427,16728368.0,sample,2026-09-24 19:05:19.861881+00:00
META,2023-12-26 00:00:00+00:00,83.04310464269277,85.15260854928351,82.81449180468933,84.8546616762383,84.8546616762383,6837098.0,sample,2026-09-24 19:05:19.861881+00:00
META,2023-12-27 00:00:00+00:00,84.91874910720965,86.18302211145166,84.78227010049524,85.17502568661769,85.17502568661769,2088024.0,sample,2026-09-24 19:05:19.861881+00:00
META,2023-12-28 00:00:00+00:00,85.3247274519974,87.3106389533274,85.17606075912286,86.53023467595621,86.53023467595621,11472208.0,sample,2026-09-24 19:05:19.861881+00:00
META,2023-12-29 00:00:00+00:00,86.79655487096277,87.71759338249745,86.06991883894763,87.03099099325881,87.03099099325881,17575179.0,sample,2026-09-24 19:05:19.861881+00:00
META,2024-01-01 00:00:00+00:00,86.97090263744721,89.12431045306754,85.9424724595066,88.72003697205378,88.72003697205378,10661927.0,sample,2026-09-24 19:05:19.861881+00:00
META,2024-01-02 00:00:00+00:00,88.75577560120489,90.45666032444198,88.42218977337403,89.66439437250585,89.66439437250585,8423316.0,sample,2026-09-24 19:05:19.861881+00:00
META,2024-01-03 00:00:00+00:00,89.8375601230192,90.8713631239334,87.83354813624459,88.89864183522621,88.89864183522621,5555564.0,sample,2026-09-24 19:05:19.861881+00:00
META,2024-01-04 00:00:00+00:00,88.81222857571721,92.24955611238221,88.47514989650941,91.4185690713523,91.4185690713523,7094051.0,sample,2026-09-24 19:05:19.861881+00:00
META,2024-01-05 00:00:00+00:00,91.4842295194097,92.56251611163981,91.1942775947592,91.37168858631304,91.37168858631304,13974428.0,sample,2026-09-24 19:05:19.861881+00:00
META,2024-01-08 00:00:00+00:00,91.27130864354933,92.00539410226081,90.66593908076163,91.57877269001182,91.57877269001182,3682177.0,sample,2026-09-24 19:05:19.861881+00:00
META,2024-01-09 00:00:00+00:00,91.38739463155595,92.82457077262328,90.51044546218014,92.06681213922515,92.06681213922515,5591616.0,sample,2026-09-24 19:05:19.861881+00:00
META,2024-01-10 00:00:00+00:00,92.30673822919267,95.24365382085067,91.78526954291976,94.14794477487591,94.14794477487591,12990787.0,sample,2026-09-24 19:05:19.861881+00:00
META,2024-01-11 00:00:00+00:00,94.06737806706975,95.03612551128944,92.15765346132494,92.92581845496791,92.92581845496791,3933425.0,sample,2026-09-24 19:05:19.861881+00:00
META,2024-01-12 00:00:00+00:00,92.87021919211944,93.55570662863416,92.59242182806807,93.0598573913015,93.0598573913015,3164636.0,sample,2026-09-24 19:05:19.861881+00:00
META,2024-01-15 00:00:00+00:00,93.149813134193,93.6792506390911,92.34438470205083,92.91351417065056,92.91351417065056,2242928.0,sample,2026-09-24 19:05:19.861881+00:00
META,2024-01-16 00:00:00+00:00,92.9044529734897,93.17537933509207,92.3006544791135,92.55016889208441,92.55016889208441,8177120.0,sample,2026-09-24 19:05:19.861881+00:00
META,2024-01-17 00:00:00+00:00,92.41479346709852,93.11191532942024,90.62631788048945,90.86003906185634,90.86003906185634,16011890.0,sample,2026-09-24 19:05:19.861881+00:00
META,2024-01-18 00:00:00+00:00,91.37090560599661,92.18221996448443,86.38667271775013,86.59894116546485,86.59894116546485,13461632.0,sample,2026-09-24 19:05:19.861881+00:00
META,2024-01-19 00:00:00+00:00,86.8097585416113,87.51863654574939,84.91767350208629,85.45422735996043,85.45422735996043,2193948.0,sample,2026-09-24 19:05:19.861881+00:00
META,2024-01-22 00:00:00+00:00,85.39030341788917,87.1608087067347,84.48743663360102,86.94409395505049,86.94409395505049,11242263.0,sample,2026-09-24 19:05:19.861881+00:00
META,2024-01-23 00:00:00+00:00,87.046486518287,87.59147688194862,86.45660824688636,86.77097567133116,86.77097567133116,9294660.0,sample,2026-09-24 19:05:19.861881+00:00
META,2024-01-24 00:00:00+00:00,86.4778066734488,87.32443070502623,86.01046695007469,86.10385546718119,86.10385546718119,12169781.0,sample,2026-09-24 19:05:19.861881+00:00
META,2024-01-25 00:00:00+00:00,85.85110288818109,86.84768162326681,84.81755901547722,85.77922658530615,85.77922658530615,6169342.0,sample,2026-09-24 19:05:19.861881+00:00
META,2024-01-26 00:00:00+00:00,85.96621076636761,88.11466016152684,84.96361919191979,87.08226192252118,87.08226192252118,2478823.0,sample,2026-09-24 19:05:19.861881+00:00
META,2024-01-29 00:00:00+00:00,87.23576321019723,87.75787610668186,85.83319317525613,86.84553975569071,86.84553975569071,8716799.0,sample,2026-09-24 19:05:19.861881+00:00
META,2024-01-30 00:00:00+00:00,86.91358270865882,87.48586732004985,85.98197965585089,86.34226785181922,86.34226785181922,12940066.0,sample,2026-09-24 19:05:19.861881+00:00
META,2024-01-31 00:00:00+00:00,86.34298569757172,88.10540284569628,85.50503403560214,87.06819059188908,87.06819059188908,8508478.0,sample,2026-09-24 19:05:19.861881+00:00
META,2024-02-01 00:00:00+00:00,87.14956906124063,89.5210697931783,86.43678969171708,88.67771569444717,88.67771569444717,17567640.0,sample,2026-09-24 19:05:19.861881+00:00
META,2024-02-02 00:00:00+00:00,88.63672896509232,89.47550606923696,87.74617549822325,89.23021709783329,89.23021709783329,14400012.0,sample,2026-09-24 19:05:19.861881+00:00
META,2024-02-05 00:00:00+00:00,89.3754916066804,89.70135952155762,88.68457254325881,89.51788848257395,89.51788848257395,3636945.0,sample,2026-09-24 19:05:19.861881+00:00
META,2024-02-06 00:00:00+00:00,89.71509306721354,89.82582680281979,86.70911468250748,86.8656998701735,86.8656998701735,5154599.0,sample,2026-09-24 19:05:19.861881+00:00
META,2024-02-07 00:00:00+00:00,86.76786886404095,87.48423574251014,84.12604461739967,84.35845953972053,84.35845953972053,14977743.0,sample,2026-09-24 19:05:19.861881+00:00
META,2024-02-08 00:00:00+00:00,84.50781871960584,84.67919504575593,84.14211489130967,84.35873524306052,84.35873524306052,13994026.0,sample,2026-09-24 19:05:19.861881+00:00
META,2024-02-09 00:00:00+00:00,84.36309699627871,85.15422099429449,82.6584272651872,83.46476525167533,83.46476525167533,8231710.0,sample,2026-09-24 19:05:19.861881+00:00
META,2024-02-12 00:00:00+00:00,83.44149213379242,83.9153685031555,82.38483988186783,82.57897420954971,82.57897420954971,14429415.0,sample,2026-09-24 19:05:19.861881+00:00
META,2024-02-13 00:00:00+00:00,82.51438689227675,83.77873604321874,82.06501257690417,82.84982042684138,82.84982042684138,3442214.0,sample,2026-09-24 19:05:19.861881+00:00
META,2024-02-14 00:00:00+00:00,82.96232089050686,83.93831817740536,82.72852416900615,83.81822854784193,83.81822854784193,7141244.0,sample,2026-09-24 19:05:19.861881+00:00
META,2024-02-15 00:00:00+00:00,83.78413272133994,88.87773088136981,82.80175337997322,88.0158769090631,88.0158769090631,4019415.0,sample,2026-09-24 19:05:19.861881+00:00
META,2024-02-16 00:00:00+00:00,88.06585096110236,88.37789508785455,85.94040086694712,86.52486213229274,86.52486213229274,8388562.0,sample,2026-09-24 19:05:19.861881+00:00
META,2024-02-19 00:00:00+00:00,86.53807277004975,87.3785791830852,85.63195179577278,86.75721753898841,86.75721753898841,8358721.0,sample,2026-09-24 19:05:19.861881+00:00
META,2024-02-20 00:00:00+00:00,86.53912932782772,90.94515488715552,85.81382040622498,90.35181436206979,90.35181436206979,11938294.0,sample,2026-09-24 19:05:19.861881+00:00
META,2024-02-21 00:00:00+00:00,90.10071784341336,90.3070643487876,88.20255905889091,89.06995244737467,89.06995244737467,10785679.0,sample,2026-09-24 19:05:19.861881+00:00
META,2024-02-22 00:00:00+00:00,89.28526773189216,90.27974835408881,88.80364208646742,89.92983087278034,89.92983087278034,1867444.0,sample,2026-09-24 19:05:19.861881+00:00
META,2024-02-23 00:00:00+00:00,89.86447857430923,90.5343345171623,87.86577802003569,88.16934127984138,88.16934127984138,16389558.0,sample,2026-09-24 19:05:19.861881+00:00
META,2024-02-26 00:00:00+00:00,88.29599964458608,90.22999296627286,87.485586077483,90.04262225629274,90.04262225629274,2451188.0,sample,2026-09-24 19:05:19.861881+00:00
META,2024-02-27 00:00:00+00:00,90.00190978494412,90.65839286553611,87.82261355077793,88.83386246716587,88.83386246716587,2921740.0,sample,2026-09-24 19:05:19.861881+00:00
META,2024-02-28 00:00:00+00:00,88.96498121767824,90.00144099169542,88.69612780760261,89.72216967502652,89.72216967502652,8010610.0,sample,2026-09-24 19:05:19.861881+00:00
META,2024-02-29 00:00:00+00:00,89.71799767586445,91.86618040330258,88.94130443483918,90.96886644842972,90.96886644842972,17895089.0,sample,2026-09-24 19:05:19.861881+00:00
META,2024-03-01 00:00:00+00:00,91.05318560631112,91.77448578249718,89.37232255016875,90.20630491660444,90.20630491660444,17287332.0,sample,2026-09-24 19:05:19.861881+00:00
META,2024-03-04 00:00:00+00:00,90.28752957392534,90.96328400355574,87.26384183249495,87.8845726295718,87.8845726295718,6467961.0,sample,2026-09-24 19:05:19.861881+00:00
META,2024-03-05 00:00:00+00:00,88.07356588527949,88.1684571907818,85.59139912031586,86.56065415745759,86.56065415745759,11999922.0,sample,2026-09-24 19:05:19.861881+00:00
META,2024-03-06 00:00:00+00:00,86.78286951400874,86.92814133289299,86.47003421238787,86.7398950480604,86.7398950480604,5179731.0,sample,2026-09-24 19:05:19.861881+00:00
META,2024-03-07 00:00:00+00:00,87.06071755514078,88.20515204219772,86.29523179748146,87.52718488448743,87.52718488448743,1872164.0,sample,2026-09-24 19:05:19.861881+00:00
META,2024-03-08 00:00:00+00:00,87.30049683303685,89.34178314949177,86.84535349202123,88.68652358284602,88.68652358284602,6652369.0,sample,2026-09-24 19:05:19.861881+00:00
META,2024-03-11 00:00:00+00:00,88.87257570189863,88.96374421027092,86.51222645203066,87.25841042180134,87.25841042180134,10031465.0,sample,2026-09-24 19:05:19.861881+00:00
META,2024-03-12 00:00:00+00:00,87.03711476681453,89.70828623586186,86.43628200341722,89.3476441603491,89.3476441603491,2651741.0,sample,2026-09-24 19:05:19.861881+00:00
META,2024-03-13 00:00:00+00:00,89.28011497992505,90.32983668736885,88.76515137396153,90.06446073870731,90.06446073870731,14235463.0,sample,2026-09-24 19:05:19.861881+00:00
META,2024-03-14 00:00:00+00:00,89.98767828826134,90.77010225106983,89.43877173558468,90.01236424551111,90.01236424551111,13072282.0,sample,2026-09-24 19:05:19.861881+00:00
META,2024-03-15 00:00:00+00:00,90.15314067747228,90.77070004696262,88.24245210815634,88.97790489318774,88.97790489318774,14314161.0,sample,2026-09-24 19:05:19.861881+00:00
META,2024-03-18 00:00:00+00:00,89.21871927628771,89.7175297651728,87.20572583790434,87.39552372707148,87.39552372707148,9318940.0,sample,2026-09-24 19:05:19.861881+00:00
META,2024-03-19 00:00:00+00:00,87.41548503519888,88.09804568665149,83.8133513138978,84.02349195149266,84.02349195149266,16941010.0,sample,2026-09-24 19:05:19.861881+00:00
META,2024-03-20 00:00:00+00:00,84.23327324254333,84.37867218421522,82.54134725562353,83.12983767278807,83.12983767278807,15469460.0,sample,2026-09-24 19:05:19.861881+00:00
META,2024-03-21 00:00:00+00:00,83.15937928292271,83.45239210705112,82.85180025790171,82.93801550857957,82.93801550857957,13066321.0,sample,2026-09-24 19:05:19.861881+00:00
META,2024-03-22 00:00:00+00:00,83.05434080677612,85.40149947453993,82.16467400311602,85.13807502338297,85.13807502338297,7042953.0,sample,2026-09-24 19:05:19.861881+00:00
META,2024-03-25 00:00:00+00:00,85.05015596170256,87.0919951176115,84.61695535301396,86.20284187037038,86.20284187037038,15269849.0,sample,2026-09-24 19:05:19.861881+00:00
META,2024-03-26 00:00:00+00:00,86.26074335302684,86.54800566964865,83.81124636867779,84.37614967212369,84.37614967212369,4264045.0,sample,2026-09-24 19:05:19.861881+00:00
META,2024-03-27 00:00:00+00:00,84.34829062976182,86.02393604082918,83.49604427274262,85.2785685948264,85.2785685948264,15054390.0,sample,2026-09-24 19:05:19.861881+00:00
META,2024-03-28 00:00:00+00:00,84.934783237865,85.69537947985256,82.92639717699524,83.61041972351065,83.61041972351065,17868015.0,sample,2026-09-24 19:05:19.861881+00:00
META,2024-03-29 00:00:00+00:00,83.73103507240592,86.97644187676255,83.18584027259507,86.71007452857118,86.71007452857118,6596058.0,sample,2026-09-24 19:05:19.861881+00:00
META,2024-04-01 00:00:00+00:00,86.89558500306843,91.02176928324245,86.25296708184553,90.78424053176091,90.78424053176091,6629074.0,sample,2026-09-24 19:05:19.861881+00:00
META,2024-04-02 00:00:00+00:00,90.39903934848486,91.64375749636095,90.05186511373948,91.38966589607034,91.38966589607034,3381872.0,sample,2026-09-24 19:05:19.861881+00:00
META,2024-04-03 00:00:00+00:00,91.4377225903281,92.03994121815732,89.99010720762118,90.54622889643176,90.54622889643176,8957882.0,sample,2026-09-24 19:05:19.861881+00:00
META,2024-04-04 00:00:00+00:00,90.6586221513008,93.38368590104206,89.82869852266727,92.79999216346532,92.79999216346532,13133632.0,sample,2026-09-24 19:05:19.861881+00:00
META,2024-04-05 00:00:00+00:00,93.08846520064223,93.753511523846,92.63452418067159,93.57342305252648,93.57342305252648,13711602.0,sample,2026-09-24 19:05:19.861881+00:00
META,2024-04-08 00:00:00+00:00,93.5025045424657,94.83218913853136,93.32669801443768,94.52498800550568,94.52498800550568,14604928.0,sample,2026-09-24 19:05:19.861881+00:00
META,2024-04-09 00:00:00+00:00,94.78989800273573,96.10685328333126,94.44452742818208,95.04957130532107,95.04957130532107,16634604.0,sample,2026-09-24 19:05:19.861881+00:00
META,2024-04-10 00:00:00+00:00,95.18354733696857,95.7030916271215,93.30699450451932,94.0069003845461,94.0069003845461,10484032.0,sample,2026-09-24 19:05:19.861881+00:00
META,2024-04-11 00:00:00+00:00,94.34815583190881,95.49784374484759,93.41288116051318,95.17354162531888,95.17354162531888,3808606.0,sample,2026-09-24 19:05:19.861881+00:00
META,2024-04-12 00:00:00+00:00,95.16536986677542,97.71033562866958,94.69572676422725,97.36514417546087,97.36514417546087,6896942.0,sample,2026-09-24 19:05:19.861881+00:00
META,2024-04-15 00:00:00+00:00,97.17419118082405,97.94354128372174,96.73592854749364,97.83262509016667,97.83262509016667,12940641.0,sample,2026-09-24 19:05:19.861881+00:00
META,2024-04-16 00:00:00+00:00,97.91156333776789,98.72867843164897,96.6683937374701,97.35824953696122,97.35824953696122,4240166.0,sample,2026-09-24 19:05:19.861881+00:00
META,2024-04-17 00:00:00+00:00,97.38346730579596,97.91917981769619,95.95971707719556,96.82577156718484,96.82577156718484,6937498.0,sample,2026-09-24 19:05:19.861881+00:00
META,2024-04-18 00:00:00+00:00,96.60446811038771,98.62883583801293,96.2675716902657,98.16168952967163,98.16168952967163,2526007.0,sample,2026-09-24 19:05:19.861881+00:00
META,2024-04-19 00:00:00+00:00,98.00218881629934,100.5848013536869,96.89780022108755,100.04060102439976,100.04060102439976,10172792.0,sample,2026-09-24 19:05:19.861881+00:00
META,2024-04-22 00:00:00+00:00,100.14820399706939,101.11523176435942,99.09425899629194,99.63680086547794,99.63680086547794,11050046.0,sample,2026-09-24 19:05:19.861881+00:00
META,2024-04-23 00:00:00+00:00,99.6692227722486,99.93908873894648,96.70295212616792,97.57167071027247,97.57167071027247,6246871.0,sample,2026-09-24 19:05:19.861881+00:00
META,2024-04-24 00:00:00+00:00,97.70615726798144,99.10263016234444,96.65969443215917,98.33715747222797,98.33715747222797,3930133.0,sample,2026-09-24 19:05:19.861881+00:00
META,2024-04-25 00:00:00+00:00,98.59663993740618,98.90051450424424,97.06314446373581,97.86130985612498,97.86130985612498,9934629.0,sample,2026-09-24 19:05:19.861881+00:00
META,2024-04-26 00:00:00+00:00,97.79233064581702,98.98355408125805,97.2296727100496,98.27321356134586,98.27321356134586,11027706.0,sample,2026-09-24 19:05:19.861881+00:00
META,2024-04-29 00:00:00+00:00,98.05359756114986,102.67253083472838,97.33816537649004,101.79713102676483,101.79713102676483,14218536.0,sample,2026-09-24 19:05:19.861881+00:00
META,2024-04-30 00:00:00+00:00,101.53600956858403,105.39157801359403,100.37160474756232,104.38004563103063,104.38004563103063,16590315.0,sample,2026-09-24 19:05:19.861881+00:00
META,2024-05-01 00:00:00+00:00,104.42658654759366,105.18779657332864,100.58674382002593,100.91356641339013,100.91356641339013,6497879.0,sample,2026-09-24 19:05:19.861881+00:00
META,2024-05-02 00:00:00+00:00,101.06568927151538,101.44317718943303,99.2446869319298,99.34826966679356,99.34826966679356,9431467.0,sample,2026-09-24 19:05:19.861881+00:00
META,2024-05-03 00:00:00+00:00,99.3147019037678,99.65331602817382,98.69177628330799,99.48177185696939,99.48177185696939,12061397.0,sample,2026-09-24 19:05:19.861881+00:00
META,2024-05-06 00:00:00+00:00,99.4892257960125,100.02628982863956,96.33663996992605,96.60948309668723,96.60948309668723,11546244.0,sample,2026-09-24 19:05:19.861881+00:00
META,2024-05-07 00:00:00+00:00,96.42643154678262,96.54576737567723,92.50404259696667,93.33403523767564,93.33403523767564,5392903.0,sample,2026-09-24 19:05:19.861881+00:00
META,2024-05-08 00:00:00+00:00,92.87231094564163,93.88054995812657,91.74396310194092,92.68936561746116,92.68936561746116,4442188.0,sample,2026-09-24 19:05:19.861881+00:00
META,2024-05-09 00:00:00+00:00,92.47933586859978,93.57695927408552,91.2307503674097,91.89798418828602,91.89798418828602,13844600.0,sample,2026-09-24 19:05:19.861881+00:00
META,2024-05-10 00:00:00+00:00,92.03562156682375,93.04031184132158,90.26390949216304,91.34210724025228,91.34210724025228,7246784.0,sample,2026-09-24 19:05:19.861881+00:00
META,2024-05-13 00:00:00+00:00,91.47730842504171,92.60057775510444,90.75524882617358,91.70412335921321,91.70412335921321,3938154.0,sample,2026-09-24 19:05:19.861881+00:00
META,2024-05-14 00:00:00+00:00,91.62980317063399,92.46117551432228,90.0594560738884,90.49055308965569,90.49055308965569,1869710.0,sample,2026-09-24 19:05:19.861881+00:00
META,2024-05-15 00:00:00+00:00,90.64186121723479,91.44189231973745,89.03557752895786,90.03786007805961,90.03786007805961,3100105.0,sample,2026-09-24 19:05:19.861881+00:00
META,2024-05-16 00:00:00+00:00,90.41911826109806,91.46702572215496,89.046669105471,89.67516735047111,89.67516735047111,13084708.0,sample,2026-09-24 19:05:19.861881+00:00
META,2024-05-17 00:00:00+00:00,89.89963677915813,91.65642125218154,89.19810682169175,91.15551483401673,91.15551483401673,11340508.0,sample,2026-09-24 19:05:19.861881+00:00
META,2024-05-20 00:00:00+00:00,91.30294241458071,91.51571908687242,86.87611564226765,87.8623097323736,87.8623097323736,11055091.0,sample,2026-09-24 19:05:19.861881+00:00
META,2024-05-21 00:00:00+00:00,88.37951669832971,89.0699592844737,88.1831100542517,88.39454771278376,88.39454771278376,12542201.0,sample,2026-09-24 19:05:19.861881+00:00
META,2024-05-22 00:00:00+00:00,88.3196986983568,89.23021469431804,84.77181691730114,85.33033897492889,85.33033897492889,10215470.0,sample,2026-09-24 19:05:19.861881+00:00
META,2024-05-23 00:00:00+00:00,85.37470229789089,85.65574873744818,82.45737574043963,82.90457696051607,82.90457696051607,15196029.0,sample,2026-09-24 19:05:19.861881+00:00
META,2024-05-24 00:00:00+00:00,83.08013753546238,83.89616465893661,82.9635902518397,83.2075291573997,83.2075291573997,8550184.0,sample,2026-09-24 19:05:19.861881+00:00
META,2024-05-27 00:00:00+00:00,82.86514427085679,83.98221564415645,82.24038210391979,83.54953956145198,83.54953956145198,8471618.0,sample,2026-09-24 19:05:19.861881+00:00
META,2024-05-28 00:00:00+00:00,83.35046217259702,84.11211877542623,82.43184307043352,83.83350889916463,83.83350889916463,15846187.0,sample,2026-09-24 19:05:19.861881+00:00
META,2024-05-29 00:00:00+00:00,83.8633788840705,84.60480926347174,83.1666181015764,83.53450500726737,83.53450500726737,10065633.0,sample,2026-09-24 19:05:19.861881+00:00
META,2024-05-30 00:00:00+00:00,83.89595224219559,84.82683012203597,83.13302713002241,83.4341301424267,83.4341301424267,2103337.0,sample,2026-09-24 19:05:19.861881+00:00
META,2024-05-31 00:00:00+00:00,83.57816203279557,84.05760416706998,81.59865145751348,82.1328224428318,82.1328224428318,4995937.0,sample,2026-09-24 19:05:19.861881+00:00
META,2024-06-03 00:00:00+00:00,82.15915867145807,82.39788610667922,81.71017117732505,82.20659675562617,82.20659675562617,17459432.0,sample,2026-09-24 19:05:19.861881+00:00
META,2024-06-04 00:00:00+00:00,82.31351019576341,84.20092273959,82.13174895786896,84.01481986737043,84.01481986737043,17434930.0,sample,2026-09-24 19:05:19.861881+00:00
META,2024-06-05 00:00:00+00:00,83.96666513805633,84.30639299000063,80.568524674432,80.78847725908678,80.78847725908678,5736113.0,sample,2026-09-24 19:05:19.861881+00:00
META,2024-06-06 00:00:00+00:00,80.71355476114557,81.3696144083845,79.50833616265085,80.22701417236757,80.22701417236757,11373510.0,sample,2026-09-24 19:05:19.861881+00:00
META,2024-06-07 00:00:00+00:00,80.12325066177075,80.58301890310216,78.31602392584203,78.9760189663157,78.9760189663157,13560978.0,sample,2026-09-24 19:05:19.861881+00:00
META,2024-06-10 00:00:00+00:00,79.25309484711515,79.55061070529462,76.11475006752342,76.61914885587244,76.61914885587244,4268633.0,sample,2026-09-24 19:05:19.861881+00:00
META,2024-06-11 00:00:00+00:00,76.62749135107379,76.85989230203784,75.55925607686498,76.01152607007279,76.01152607007279,10418241.0,sample,2026-09-24 19:05:19.861881+00:00
META,2024-06-12 00:00:00+00:00,76.07895194613313,76.95930836519919,75.42473617503958,75.64640345970038,75.64640345970038,9526793.0,sample,2026-09-24 19:05:19.861881+00:00
META,2024-06-13 00:00:00+00:00,75.43896631305626,75.53761974018903,71.07863023340677,71.81271894285297,71.81271894285297,14054851.0,sample,2026-09-24 19:05:19.861881+00:00
META,2024-06-14 00:00:00+00:00,71.74110439556651,72.07454675470963,68.14028083851154,68.8117942003355,68.8117942003355,11042103.0,sample,2026-09-24 19:05:19.861881+00:00
META,2024-06-17 00:00:00+00:00,68.70648838233313,68.98542035858384,67.9418318923992,68.60943453179016,68.60943453179016,15109996.0,sample,2026-09-24 19:05:19.861881+00:00
META,2024-06-18 00:00:00+00:00,68.66269238173808,69.45579871970597,68.10864045992498,68.1867553490182,68.1867553490182,5137781.0,sample,2026-09-24 19:05:19.861881+00:00
META,2024-06-19 00:00:00+00:00,68.2617966126202,70.28280618082871,67.60027713522976,69.76575815934156,69.76575815934156,11786914.0,sample,2026-09-24 19:05:19.861881+00:00
META,2024-06-20 00:00:00+00:00,69.69277472424018,70.4591515283763,68.79826889690352,69.1391572458601,69.1391572458601,2810504.0,sample,2026-09-24 19:05:19.861881+00:00
META,2024-06-21 00:00:00+00:00,69.16379887006919,70.73228974906391,69.04627243636375,70.51859978339239,70.51859978339239,16820250.0,sample,2026-09-24 19:05:19.861881+00:00
META,2024-06-24 00:00:00+00:00,70.52963734542021,70.85027505724634,69.70510389616763,69.88991722218361,69.88991722218361,8666213.0,sample,2026-09-24 19:05:19.861881+00:00
META,2024-06-25 00:00:00+00:00,69.7161696440653,70.46462637926997,67.74591305481336,68.36436653883969,68.36436653883969,7214072.0,sample,2026-09-24 19:05:19.861881+00:00
META,2024-06-26 00:00:00+00:00,68.2818091112527,69.25936819403032,68.09755879678713,68.56543340803242,68.56543340803242,6989802.0,sample,2026-09-24 19:05:19.861881+00:00
META,2024-06-27 00:00:00+00:00,68.61371401201879,69.39573949431238,67.59157023755331,68.0519174303049,68.0519174303049,13846270.0,sample,2026-09-24 19:05:19.861881+00:00
META,2024-06-28 00:00:00+00:00,68.25044607306685,68.61320720865696,67.26771644595286,67.8589886027814,67.8589886027814,8123199.0,sample,2026-09-24 19:05:19.861881+00:00
META,2024-07-01 00:00:00+00:00,67.79606854987131,67.94684177204792,64.33380265548773,64.84991454327833,64.84991454327833,11182717.0,sample,2026-09-24 19:05:19.861881+00:00
META,2024-07-02 00:00:00+00:00,64.73200968268458,66.01466396110017,64.52764668144205,65.24671795004657,65.24671795004657,6230282.0,sample,2026-09-24 19:05:19.861881+00:00
META,2024-07-03 00:00:00+00:00,65.3655809043111,66.1388270793461,64.45450285122784,65.05352156809899,65.05352156809899,11384081.0,sample,2026-09-24 19:05:19.861881+00:00
META,2024-07-04 00:00:00+00:00,65.06326550380018,65.84281351510731,64.61185671828281,65.27907699681583,65.27907699681583,9407578.0,sample,2026-09-24 19:05:19.861881+00:00
META,2024-07-05 00:00:00+00:00,65.48080836572689,66.25046454748482,65.02842692748717,65.72609391862174,65.72609391862174,16985549.0,sample,2026-09-24 19:05:19.861881+00:00
META,2024-07-08 00:00:00+00:00,65.67823373972622,68.05213692651236,65.46616723158132,67.66480274069434,67.66480274069434,7453579.0,sample,2026-09-24 19:05:19.861881+00:00
META,2024-07-09 00:00:00+00:00,67.86597449338491,67.96108893017674,67.47017118285333,67.54605107944816,67.54605107944816,16160344.0,sample,2026-09-24 19:05:19.861881+00:00
META,2024-07-10 00:00:00+00:00,67.66109611828733,68.1800995745668,66.98800309291262,67.35470574216968,67.35470574216968,11296237.0,sample,2026-09-24 19:05:19.861881+00:00
META,2024-07-11 00:00:00+00:00,67.25975862461337,69.20544045160364,67.07239698371808,68.4734383745935,68.4734383745935,3198775.0,sample,2026-09-24 19:05:19.861881+00:00
META,2024-07-12 00:00:00+00:00,68.57135621694381,70.15657545079908,67.82499181980424,69.8329644223085,69.8329644223085,14323480.0,sample,2026-09-24 19:05:19.861881+00:00
META,2024-07-15 00:00:00+00:00,69.86626742919549,70.58847078708446,69.06313019324358,70.21749475131182,70.21749475131182,9717392.0,sample,2026-09-24 19:05:19.861881+00:00
META,2024-07-16 00:00:00+00:00,70.25400084754958,70.8634167810446,69.44157044991489,69.82751424125424,69.82751424125424,5273198.0,sample,2026-09-24 19:05:19.861881+00:00
META,2024-07-17 00:00:00+00:00,70.03211778959106,70.6121462947965,69.06864993991574,69.21124946711521,69.21124946711521,4654233.0,sample,2026-09-24 19:05:19.861881+00:00
META,2024-07-18 00:00:00+00:00,68.92305528423698,69.11101849819818,67.71512861374953,68.40868437857482,68.40868437857482,4209220.0,sample,2026-09-24 19:05:19.861881+00:00
META,2024-07-19 00:00:00+00:00,68.24118666228165,68.68636407678831,66.73338134193776,67.52776930011623,67.52776930011623,11488712.0,sample,2026-09-24 19:05:19.861881+00:00
META,2024-07-22 00:00:00+00:00,67.52795840429651,68.93866217164123,67.07147640000308,68.52422104453595,68.52422104453595,12594643.0,sample,2026-09-24 19:05:19.861881+00:00
META,2024-07-23 00:00:00+00:00,68.37026284048123,68.87610037856432,67.29793751495399,67.8935759601199,67.8935759601199,11210023.0,sample,2026-09-24 19:05:19.861881+00:00
META,2024-07-24 00:00:00+00:00,67.88319895364513,68.93497069078337,67.37654229517777,68.60282868522556,68.60282868522556,7435419.0,sample,2026-09-24 19:05:19.861881+00:00
META,2024-07-25 00:00:00+00:00,68.47260423951455,69.28189613769524,67.07597002280004,67.5984371236744,67.5984371236744,2675255.0,sample,2026-09-24 19:05:19.861881+00:00
META,2024-07-26 00:00:00+00:00,67.73148315436836,69.04644315939746,67.2725585812497,68.73112151408715,68.73112151408715,10651575.0,sample,2026-09-24 19:05:19.861881+00:00
META,2024-07-29 00:00:00+00:00,68.54638534873072,68.69178147296691,67.84599307240258,68.61757681696902,68.61757681696902,11935781.0,sample,2026-09-24 19:05:19.861881+00:00
META,2024-07-30 00:00:00+00:00,68.68616152014832,70.47660245818179,68.2238609302885,70.28190198399868,70.28190198399868,16618076.0,sample,2026-09-24 19:05:19.861881+00:00
META,2024-07-31 00:00:00+00:00,70.3887266023195,71.85286900807658,69.55351610296857,71.00788923148266,71.00788923148266,6369062.0,sample,2026-09-24 19:05:19.861881+00:00
META,2024-08-01 00:00:00+00:00,71.03517900527463,72.2189183549936,70.77705203799924,71.46319136368523,71.46319136368523,6803922.0,sample,2026-09-24 19:05:19.861881+00:00
META,2024-08-02 00:00:00+00:00,71.66389604161276,72.04903423699936,70.22340890986092,70.67156526880657,70.67156526880657,5577768.0,sample,2026-09-24 19:05:19.861881+00:00
META,2024-08-05 00:00:00+00:00,70.56860028039326,70.70671080941976,69.36017356097246,70.01604611325249,70.01604611325249,4994408.0,sample,2026-09-24 19:05:19.861881+00:00
META,2024-08-06 00:00:00+00:00,69.90426010606757,70.19023852085684,68.77295549819524,69.57390774280589,69.57390774280589,14896375.0,sample,2026-09-24 19:05:19.861881+00:00
META,2024-08-07 00:00:00+00:00,69.56537120805571,70.27228447646623,68.55536143873417,69.31741700923826,69.31741700923826,4416117.0,sample,2026-09-24 19:05:19.861881+00:00
META,2024-08-08 00:00:00+00:00,69.11738636267013,69.5641111537875,67.87334174705967,68.42023623322696,68.42023623322696,1613936.0,sample,2026-09-24 19:05:19.861881+00:00
META,2024-08-09 00:00:00+00:00,68.73816903679064,69.4763322340209,67.9690214655917,69.10928154706764,69.10928154706764,11242269.0,sample,2026-09-24 19:05:19.861881+00:00
META,2024-08-12 00:00:00+00:00,69.04165770402048,70.62868598112584,68.9550399691351,69.87465474667792,69.87465474667792,12551939.0,sample,2026-09-24 19:05:19.861881+00:00
META,2024-08-13 00:00:00+00:00,69.86023337376945,70.4432015974078,68.9484077517466,69.55887346949606,69.55887346949606,6324895.0,sample,2026-09-24 19:05:19.861881+00:00
META,2024-08-14 00:00:00+00:00,69.40984219676614,72.40319379211095,68.71336507975384,71.58606059911698,71.58606059911698,15565985.0,sample,2026-09-24 19:05:19.861881+00:00
META,2024-08-15 00:00:00+00:00,71.34788227194132,72.31114436967529,70.55081093484569,71.59313265351848,71.59313265351848,9406392.0,sample,2026-09-24 19:05:19.861881+00:00
META,2024-08-16 00:00:00+00:00,71.72224165505646,71.92237555225675,69.40441561948091,69.78019854053109,69.78019854053109,4611857.0,sample,2026-09-24 19:05:19.861881+00:00
META,2024-08-19 00:00:00+00:00,69.7519622258605,70.25878613108385,69.19875368555161,69.49632889328134,69.49632889328134,12107553.0,sample,2026-09-24 19:05:19.861881+00:00
META,2024-08-20 00:00:00+00:00,69.40823128544075,70.04517297969478,69.23371770791766,69.59379323411399,69.59379323411399,14980994.0,sample,2026-09-24 19:05:19.861881+00:00
META,2024-08-21 00:00:00+00:00,69.85992254296077,70.09997057035153,68.76444472060061,69.17878079954849,69.17878079954849,16812296.0,sample,2026-09-24 19:05:19.861881+00:00
META,2024-08-22 00:00:00+00:00,69.24068621985094,69.71343331288605,69.13462474423304,69.49566161555691,69.49566161555691,6443102.0,sample,2026-09-24 19:05:19.861881+00:00
META,2024-08-23 00:00:00+00:00,69.6421817074336,70.43727295632229,67.78763284514825,68.3496202956571,68.3496202956571,12141518.0,sample,2026-09-24 19:05:19.861881+00:00
META,2024-08-26 00:00:00+00:00,68.19932237531677,68.64176799200071,68.04263331877907,68.1465237299638,68.1465237299638,16230992.0,sample,2026-09-24 19:05:19.861881+00:00
META,2024-08-27 00:00:00+00:00,68.41969495311976,69.16198570516673,67.74363068656562,67.98536674979806,67.98536674979806,4599079.0,sample,2026-09-24 19:05:19.861881+00:00
META,2024-08-28 00:00:00+00:00,67.96010465210313,68.86649338151676,67.15252764701644,68.35193295284233,68.35193295284233,3951712.0,sample,2026-09-24 19:05:19.861881+00:00
META,2024-08-29 00:00:00+00:00,68.39004518912849,69.08168624570074,67.29531942491425,67.70607931228484,67.70607931228484,13941353.0,sample,2026-09-24 19:05:19.861881+00:00
META,2024-08-30 00:00:00+00:00,67.77919416014507,68.41871813292586,66.0408838053749,66.8327578699446,66.8327578699446,5197463.0,sample,2026-09-24 19:05:19.861881+00:00
META,2024-09-02 00:00:00+00:00,66.72606929956723,67.11789866572028,66.21988647337722,66.68869178465617,66.68869178465617,16221823.0,sample,2026-09-24 19:05:19.861881+00:00
META,2024-09-03 00:00:00+00:00,66.684670005389,67.08634614549248,65.93800042752166,66.97395890820994,66.97395890820994,9956864.0,sample,2026-09-24 19:05:19.861881+00:00
META,2024-09-04 00:00:00+00:00,67.06316792022872,67.34425728286944,66.38389359513795,66.57607921033367,66.57607921033367,7816458.0,sample,2026-09-24 19:05:19.861881+00:00
META,2024-09-05 00:00:00+00:00,66.49125706807587,66.67578369248234,66.214826092439,66.30117980792205,66.30117980792205,9935109.0,sample,2026-09-24 19:05:19.861881+00:00
META,2024-09-06 00:00:00+00:00,66.4209382290543,66.94829097222745,64.09362475915263,64.82719072081983,64.82719072081983,1834535.0,sample,2026-09-24 19:05:19.861881+00:00
META,2024-09-09 00:00:00+00:00,65.02700825954605,66.76556703494713,64.7557908596492,66.46475144628967,66.46475144628967,13592110.0,sample,2026-09-24 19:05:19.861881+00:00
META,2024-09-10 00:00:00+00:00,66.27753890499412,66.63334270600411,64.959180645421,65.1852753384916,65.1852753384916,15836709.0,sample,2026-09-24 19:05:19.861881+00:00
META,2024-09-11 00:00:00+00:00,65.24684119836854,69.08231097854602,64.77565868227569,68.26867415584852,68.26867415584852,4774120.0,sample,2026-09-24 19:05:19.861881+00:00
META,2024-09-12 00:00:00+00:00,68.08576837314989,68.33225978060952,67.3325054727941,68.0086739666233,68.0086739666233,4208409.0,sample,2026-09-24 19:05:19.861881+00:00
META,2024-09-13 00:00:00+00:00,68.04353908336277,69.7743269166223,67.63692482335433,69.60163631279529,69.60163631279529,8181284.0,sample,2026-09-24 19:05:19.861881+00:00
META,2024-09-16 00:00:00+00:00,69.61638940413141,70.10763223516875,68.66981564612303,69.02159985156307,69.02159985156307,10152538.0,sample,2026-09-24 19:05:19.861881+00:00
META,2024-09-17 00:00:00+00:00,69.24853244428391,69.7828642725616,68.8619090738442,69.58722508640876,69.58722508640876,17311957.0,sample,2026-09-24 19:05:19.861881+00:00
META,2024-09-18 00:00:00+00:00,69.67293266542332,70.33904286765451,69.45982424071596,69.78104196789232,69.78104196789232,6722074.0,sample,2026-09-24 19:05:19.861881+00:00
META,2024-09-19 00:00:00+00:00,69.91347463239256,70.55552584021376,68.956191763071,69.36186063482016,69.36186063482016,15773150.0,sample,2026-09-24 19:05:19.861881+00:00
META,2024-09-20 00:00:00+00:00,69.56551392950018,70.24744049538629,67.12622552762987,67.85010781757069,67.85010781757069,17759179.0,sample,2026-09-24 19:05:19.861881+00:00
META,2024-09-23 00:00:00+00:00,67.9199859904508,68.65187836165221,66.62165364744925,67.27655076481065,67.27655076481065,10127157.0,sample,2026-09-24 19:05:19.861881+00:00
META,2024-09-24 00:00:00+00:00,67.25522007334267,67.63825590119184,65.50217345954444,65.5932397450445,65.5932397450445,17973887.0,sample,2026-09-24 19:05:19.861881+00:00
META,2024-09-25 00:00:00+00:00,65.78559557523172,67.80386232759294,65.02802047226767,67.31185860820312,67.31185860820312,6264815.0,sample,2026-09-24 19:05:19.861881+00:00
META,2024-09-26 00:00:00+00:00,67.01444722780302,67.37877707446732,65.48394140420612,66.16192268094275,66.16192268094275,6177016.0,sample,2026-09-24 19:05:19.861881+00:00
META,2024-09-27 00:00:00+00:00,66.04568864660816,68.7888456681693,65.29734031470397,68.25588841653538,68.25588841653538,11626670.0,sample,2026-09-24 19:05:19.861881+00:00
META,2024-09-30 00:00:00+00:00,68.24185774146713,68.40424157429707,67.53144695753032,68.00595354870616,68.00595354870616,12447193.0,sample,2026-09-24 19:05:19.861881+00:00
META,2024-10-01 00:00:00+00:00,68.33881900473563,68.42299097081462,65.53731690745913,65.92814913959837,65.92814913959837,17289015.0,sample,2026-09-24 19:05:19.861881+00:00
META,2024-10-02 00:00:00+00:00,66.23620007081544,68.59507264637121,65.51909218590592,68.23515365896645,68.23515365896645,4733489.0,sample,2026-09-24 19:05:19.861881+00:00
META,2024-10-03 00:00:00+00:00,68.22203361276544,70.3967139007414,68.09825830461764,69.60176800426797,69.60176800426797,3114825.0,sample,2026-09-24 19:05:19.861881+00:00
META,2024-10-04 00:00:00+00:00,69.59539235383903,70.27205275987475,68.79595047248345,69.14649752141541,69.14649752141541,14624535.0,sample,2026-09-24 19:05:19.861881+00:00
META,2024-10-07 00:00:00+00:00,69.07471089515191,69.14398346554475,67.76845436948675,68.46976799984301,68.46976799984301,8840241.0,sample,2026-09-24 19:05:19.861881+00:00
META,2024-10-08 00:00:00+00:00,68.61417446327785,68.77262677446623,67.64604802797946,67.73734483019129,67.73734483019129,9448246.0,sample,2026-09-24 19:05:19.861881+00:00
META,2024-10-09 00:00:00+00:00,67.68776153605228,69.35179121244573,67.61305203156337,69.02075658058419,69.02075658058419,3395036.0,sample,2026-09-24 19:05:19.861881+00:00
META,2024-10-10 00:00:00+00:00,69.06082827945829,69.21228469892733,67.12711376656557,67.3715150621662,67.3715150621662,3444253.0,sample,2026-09-24 19:05:19.861881+00:00
META,2024-10-11 00:00:00+00:00,67.33492090726082,67.69130583755388,66.11582419187758,66.75218830731035,66.75218830731035,4884409.0,sample,2026-09-24 19:05:19.861881+00:00
META,2024-10-14 00:00:00+00:00,66.74431787522963,68.29220156786562,66.46156129844434,67.9870219574888,67.9870219574888,6882808.0,sample,2026-09-24 19:05:19.861881+00:00
META,2024-10-15 00:00:00+00:00,67.80573063251636,70.76947812889958,67.43537167844157,70.40808239445596,70.40808239445596,8507134.0,sample,2026-09-24 19:05:19.861881+00:00
META,2024-10-16 00:00:00+00:00,70.53396603954566,71.28291011980234,69.46237201111185,69.63717704220112,69.63717704220112,13225976.0,sample,2026-09-24 19:05:19.861881+00:00
META,2024-10-17 00:00:00+00:00,69.56354339333241,70.22344987964601,68.90755159738688,69.02288611701863,69.02288611701863,15820410.0,sample,2026-09-24 19:05:19.861881+00:00
META,2024-10-18 00:00:00+00:00,69.23274084589546,69.73023595108376,67.49931254432123,68.09878471730283,68.09878471730283,11209372.0,sample,2026-09-24 19:05:19.861881+00:00
META,2024-10-21 00:00:00+00:00,68.22499431406712,69.50532638587393,67.73430357965984,69.23076263842165,69.23076263842165,4216132.0,sample,2026-09-24 19:05:19.861881+00:00
META,2024-10-22 00:00:00+00:00,69.50497956642867,70.25129180724191,67.88839382516788,68.25066158797046,68.25066158797046,17615032.0,sample,2026-09-24 19:05:19.861881+00:00
META,2024-10-23 00:00:00+00:00,68.38010752512393,68.68177415752962,67.78737029268957,67.9610058094474,67.9610058094474,6749330.0,sample,2026-09-24 19:05:19.861881+00:00
META,2024-10-24 00:00:00+00:00,67.9331499412433,68.69064442092245,67.50141381292316,68.5260000342262,68.5260000342262,1605494.0,sample,2026-09-24 19:05:19.861881+00:00
META,2024-10-25 00:00:00+00:00,68.42444648957081,70.01443361578124,67.85408035877981,69.3257514962571,69.3257514962571,10392132.0,sample,2026-09-24 19:05:19.861881+00:00
META,2024-10-28 00:00:00+00:00,69.11203764922729,70.49031701070626,68.74313295339257,70.32629760903428,70.32629760903428,7696547.0,sample,2026-09-24 19:05:19.861881+00:00
META,2024-10-29 00:00:00+00:00,70.26586012427754,70.94331585421249,68.91410386603515,69.33603974940254,69.33603974940254,7245152.0,sample,2026-09-24 19:05:19.861881+00:00
META,2024-10-30 00:00:00+00:00,69.40976016435842,70.08568851687107,68.77469659818802,69.50770450576435,69.50770450576435,4980831.0,sample,2026-09-24 19:05:19.861881+00:00
META,2024-10-31 00:00:00+00:00,69.64423866992804,70.18476850464546,69.3425840003791,69.96797719080432,69.96797719080432,3691421.0,sample,2026-09-24 19:05:19.861881+00:00
META,2024-11-01 00:00:00+00:00,70.03311051720195,71.12909592685992,69.3545051649714,71.01674762106774,71.01674762106774,7019005.0,sample,2026-09-24 19:05:19.861881+00:00
META,2024-11-04 00:00:00+00:00,71.10255449753296,73.35300345703044,70.79386223841892,72.91295722825117,72.91295722825117,11128786.0,sample,2026-09-24 19:05:19.861881+00:00
META,2024-11-05 00:00:00+00:00,72.7005333864379,74.79380515505768,71.86644755275437,74.16697537917896,74.16697537917896,3227362.0,sample,2026-09-24 19:05:19.861881+00:00
META,2024-11-06 00:00:00+00:00,74.01566921752583,74.57052334590158,73.11585489605928,73.23427979653651,73.23427979653651,10581626.0,sample,2026-09-24 19:05:19.861881+00:00
META,2024-11-07 00:00:00+00:00,73.20320724993242,73.91629463482248,73.04273989713577,73.56267070668812,73.56267070668812,16922382.0,sample,2026-09-24 19:05:19.861881+00:00
META,2024-11-08 00:00:00+00:00,73.55665744801881,74.20958275260111,71.49695780428928,72.18290973667197,72.18290973667197,5451868.0,sample,2026-09-24 19:05:19.861881+00:00
META,2024-11-11 00:00:00+00:00,72.23646373495787,74.19903971528514,71.63800342220092,74.06505682187311,74.06505682187311,11199765.0,sample,2026-09-24 19:05:19.861881+00:00
META,2024-11-12 00:00:00+00:00,74.1378271980066,74.78630986243205,73.15676636605012,73.8677339421371,73.8677339421371,17047211.0,sample,2026-09-24 19:05:19.861881+00:00
META,2024-11-13 00:00:00+00:00,73.92097796361791,74.5306997440692,73.131933069608,73.73380410383227,73.73380410383227,11640319.0,sample,2026-09-24 19:05:19.861881+00:00
META,2024-11-14 00:00:00+00:00,73.74988773135284,74.94494817455231,72.8819464842493,74.20801704506921,74.20801704506921,8127913.0,sample,2026-09-24 19:05:19.861881+00:00
META,2024-11-15 00:00:00+00:00,74.40359288871038,74.49095307015627,73.33152661799517,73.56220138168679,73.56220138168679,1591186.0,sample,2026-09-24 19:05:19.861881+00:00
META,2024-11-18 00:00:00+00:00,73.69961956867071,74.69739639280327,73.43004622451134,74.55527451346416,74.55527451346416,15884809.0,sample,2026-09-24 19:05:19.861881+00:00
META,2024-11-19 00:00:00+00:00,74.39573644744887,76.47325257466751,73.74020550789837,75.59255336074737,75.59255336074737,16877000.0,sample,2026-09-24 19:05:19.861881+00:00
META,2024-11-20 00:00:00+00:00,75.26169645133062,76.62676903796275,74.68972336924564,75.96936129954413,75.96936129954413,17495596.0,sample,2026-09-24 19:05:19.861881+00:00
META,2024-11-21 00:00:00+00:00,76.09501398360705,76.44540139507727,75.95944051218385,76.076763429755,76.076763429755,2033648.0,sample,2026-09-24 19:05:19.861881+00:00
META,2024-11-22 00:00:00+00:00,75.74753157550364,76.20865220077918,71.55744407009375,71.77725756894877,71.77725756894877,10815142.0,sample,2026-09-24 19:05:19.861881+00:00
META,2024-11-25 00:00:00+00:00,71.86938683617973,72.28968957882401,70.4768701340392,71.28479318723436,71.28479318723436,17352609.0,sample,2026-09-24 19:05:19.861881+00:00
META,2024-11-26 00:00:00+00:00,71.50133097945879,72.73139992697574,70.91768456613687,71.98294971105656,71.98294971105656,16415341.0,sample,2026-09-24 19:05:19.861881+00:00
META,2024-11-27 00:00:00+00:00,72.06752837633326,73.07341494905998,71.87676383077775,72.37162185427111,72.37162185427111,7753383.0,sample,2026-09-24 19:05:19.861881+00:00
META,2024-11-28 00:00:00+00:00,72.31744460649082,72.74771425550358,67.81805612350269,67.97328172558369,67.97328172558369,6299072.0,sample,2026-09-24 19:05:19.861881+00:00
META,2024-11-29 00:00:00+00:00,67.99691567199027,69.02429256118246,67.38784934584557,68.7689658570906,68.7689658570906,15180642.0,sample,2026-09-24 19:05:19.861881+00:00
META,2024-12-02 00:00:00+00:00,68.89026033045239,70.30941181558951,68.40289012313065,69.93548064122952,69.93548064122952,14970661.0,sample,2026-09-24 19:05:19.861881+00:00
META,2024-12-03 00:00:00+00:00,69.87670477328638,70.28165519873774,68.73317879958145,69.04025114082553,69.04025114082553,7520892.0,sample,2026-09-24 19:05:19.861881+00:00
META,2024-12-04 00:00:00+00:00,69.18740550627004,69.8449999855307,67.55757740308152,67.85021630675769,67.85021630675769,9465658.0,sample,2026-09-24 19:05:19.861881+00:00
META,2024-12-05 00:00:00+00:00,67.80492067402227,68.11802767638255,67.144633864579,67.87650444498556,67.87650444498556,6676531.0,sample,2026-09-24 19:05:19.861881+00:00
META,2024-12-06 00:00:00+00:00,67.75097826672254,68.08356542088042,65.985074128462,66.54342405445007,66.54342405445007,10446533.0,sample,2026-09-24 19:05:19.861881+00:00
META,2024-12-09 00:00:00+00:00,66.35672262836364,66.73932943760778,64.50923160084304,65.19513704249857,65.19513704249857,9857727.0,sample,2026-09-24 19:05:19.861881+00:00
META,2024-12-10 00:00:00+00:00,65.10835895604204,65.19372345254143,63.04708831056777,63.521855105414566,63.521855105414566,5777573.0,sample,2026-09-24 19:05:19.861881+00:00
META,2024-12-11 00:00:00+00:00,63.69773520059455,65.02186189847926,63.30724651706183,64.83906607477282,64.83906607477282,6295287.0,sample,2026-09-24 19:05:19.861881+00:00
META,2024-12-12 00:00:00+00:00,64.79953137904619,65.06502138325665,64.01435292670347,64.76124979882457,64.76124979882457,9106805.0,sample,2026-09-24 19:05:19.861881+00:00
META,2024-12-13 00:00:00+00:00,64.85184369098897,65.08941824997171,63.613991077847835,63.877286294555624,63.877286294555624,14843784.0,sample,2026-09-24 19:05:19.861881+00:00
META,2024-12-16 00:00:00+00:00,64.12164711253051,64.38675395943434,62.326811928354196,62.43370306034468,62.43370306034468,17895313.0,sample,2026-09-24 19:05:19.861881+00:00
META,2024-12-17 00:00:00+00:00,62.23966625962008,63.366952072872536,61.7900707349547,62.96355763585171,62.96355763585171,7319927.0,sample,2026-09-24 19:05:19.861881+00:00
META,2024-12-18 00:00:00+00:00,62.88317068247155,63.58047039524709,62.20474556189214,62.31606148411631,62.31606148411631,16356514.0,sample,2026-09-24 19:05:19.861881+00:00
META,2024-12-19 00:00:00+00:00,62.28294230160358,62.6443007499091,61.655084012263444,61.80060692944121,61.80060692944121,7523823.0,sample,2026-09-24 19:05:19.861881+00:00
META,2024-12-20 00:00:00+00:00,61.850525329098204,62.41532314814841,60.80932666007758,61.48795455817682,61.48795455817682,11320647.0,sample,2026-09-24 19:05:19.861881+00:00
META,2024-12-23 00:00:00+00:00,61.59041182863788,61.67257704395507,60.74986880171738,60.9228211220404,60.9228211220404,7976534.0,sample,2026-09-24 19:05:19.861881+00:00
META,2024-12-24 00:00:00+00:00,60.74953148486097,61.36893711886891,60.03450286596513,61.19757184081978,61.19757184081978,7492682.0,sample,2026-09-24 19:05:19.861881+00:00
META,2024-12-25 00:00:00+00:00,61.24508317368359,62.971918532892566,61.03073334647834,62.232035579908946,62.232035579908946,14447277.0,sample,2026-09-24 19:05:19.861881+00:00
META,2024-12-26 00:00:00+00:00,62.10006696884214,62.72250358995489,60.19154894566252,60.64936236279937,60.64936236279937,1777430.0,sample,2026-09-24 19:05:19.861881+00:00
META,2024-12-27 00:00:00+00:00,60.686298303225854,61.12199507954987,59.398003048387714,59.469630481515374,59.469630481515374,12652778.0,sample,2026-09-24 19:05:19.861881+00:00
META,2024-12-30 00:00:00+00:00,59.272288930826534,60.303457168873784,59.17243494459285,59.78794415252459,59.78794415252459,8465995.0,sample,2026-09-24 19:05:19.861881+00:00
META,2024-12-31 00:00:00+00:00,59.6741352984544,59.939236898685316,58.593680131141646,58.72425638505455,58.72425638505455,14308952.0,sample,2026-09-24 19:05:19.861881+00:00
META,2025-01-01 00:00:00+00:00,58.82853967546682,59.29230048730497,58.05934032694894,58.552153564834335,58.552153564834335,16331894.0,sample,2026-09-24 19:05:19.861881+00:00
META,2025-01-02 00:00:00+00:00,58.53808768034258,60.49099419807955,58.337893069318525,59.976110471130745,59.976110471130745,10460709.0,sample,2026-09-24 19:05:19.861881+00:00
META,2025-01-03 00:00:00+00:00,59.99416613119731,61.054291180570836,59.63388387557824,60.436212721622326,60.436212721622326,6977112.0,sample,2026-09-24 19:05:19.861881+00:00
META,2025-01-06 00:00:00+00:00,60.339446222296296,62.25038128239154,59.900505049716834,61.54812241533592,61.54812241533592,2825820.0,sample,2026-09-24 19:05:19.861881+00:00
META,2025-01-07 00:00:00+00:00,61.744792023878766,63.32044590811507,61.45734004546966,62.77383001037364,62.77383001037364,8126071.0,sample,2026-09-24 19:05:19.861881+00:00
META,2025-01-08 00:00:00+00:00,62.70633774894215,64.59729984572023,61.95407272850195,63.97321800361465,63.97321800361465,4678796.0,sample,2026-09-24 19:05:19.861881+00:00
META,2025-01-09 00:00:00+00:00,63.84245279924039,64.84856521606446,63.22010965707323,64.24786119475671,64.24786119475671,16743917.0,sample,2026-09-24 19:05:19.861881+00:00
META,2025-01-10 00:00:00+00:00,64.28253102399503,66.26473494499719,63.91564821923255,65.9904692666763,65.9904692666763,10962076.0,sample,2026-09-24 19:05:19.861881+00:00
META,2025-01-13 00:00:00+00:00,66.24312094602406,66.80566903300908,64.8290799071198,65.27907035483459,65.27907035483459,14171166.0,sample,2026-09-24 19:05:19.861881+00:00
META,2025-01-14 00:00:00+00:00,65.21370148273581,65.73000136101554,64.12544512566315,64.57660752456277,64.57660752456277,2853747.0,sample,2026-09-24 19:05:19.861881+00:00
META,2025-01-15 00:00:00+00:00,64.54136145740685,65.48527686423968,63.79064859314411,65.27907286847388,65.27907286847388,5129798.0,sample,2026-09-24 19:05:19.861881+00:00
META,2025-01-16 00:00:00+00:00,65.0751515579684,65.6444691586488,64.01655219553939,64.30403671112566,64.30403671112566,12910871.0,sample,2026-09-24 19:05:19.861881+00:00
META,2025-01-17 00:00:00+00:00,64.24117357200511,64.53077269121849,63.73778311966394,64.4384651514336,64.4384651514336,16274996.0,sample,2026-09-24 19:05:19.861881+00:00
META,2025-01-20 00:00:00+00:00,64.54048842581787,65.10753676083874,63.38948679656048,63.864665433773474,63.864665433773474,4172438.0,sample,2026-09-24 19:05:19.861881+00:00
META,2025-01-21 00:00:00+00:00,63.649497599773504,65.55921826917387,63.29219036084946,65.08383239363613,65.08383239363613,13217125.0,sample,2026-09-24 19:05:19.861881+00:00
META,2025-01-22 00:00:00+00:00,65.3896358008815,66.11149753445017,65.17534681586295,65.77484717906012,65.77484717906012,9507705.0,sample,2026-09-24 19:05:19.861881+00:00
META,2025-01-23 00:00:00+00:00,65.93960225776074,67.2016134406387,65.36206727671859,67.09688638376049,67.09688638376049,5334262.0,sample,2026-09-24 19:05:19.861881+00:00
META,2025-01-24 00:00:00+00:00,66.96495950694727,67.04163902037793,65.93412123157309,66.52757837753536,66.52757837753536,8857052.0,sample,2026-09-24 19:05:19.861881+00:00
META,2025-01-27 00:00:00+00:00,66.49031910913996,66.8229114918743,63.89682104043984,64.47368343871658,64.47368343871658,14941489.0,sample,2026-09-24 19:05:19.861881+00:00
META,2025-01-28 00:00:00+00:00,64.56249750383778,66.1149448686438,64.0957241283345,65.8793085626211,65.8793085626211,16980115.0,sample,2026-09-24 19:05:19.861881+00:00
META,2025-01-29 00:00:00+00:00,65.89623926588058,67.95650113871132,65.80431833337889,67.83233252875894,67.83233252875894,9248137.0,sample,2026-09-24 19:05:19.861881+00:00
META,2025-01-30 00:00:00+00:00,67.9428230591459,68.03301167156054,66.6858800464351,66.86181873813024,66.86181873813024,12415084.0,sample,2026-09-24 19:05:19.861881+00:00
META,2025-01-31 00:00:00+00:00,66.8539248453519,67.41893680557025,64.97619898696153,65.57926707008558,65.57926707008558,12424588.0,sample,2026-09-24 19:05:19.861881+00:00
META,2025-02-03 00:00:00+00:00,65.40952571034245,65.9623313868417,63.22519587585316,63.50874360966111,63.50874360966111,5131214.0,sample,2026-09-24 19:05:19.861881+00:00
META,2025-02-04 00:00:00+00:00,63.541935906913054,65.60645491095181,63.29264556119958,64.84888918737263,64.84888918737263,14908006.0,sample,2026-09-24 19:05:19.861881+00:00
META,2025-02-05 00:00:00+00:00,64.93316241819734,65.55309959408687,62.89106291470473,63.409658140680136,63.409658140680136,9656062.0,sample,2026-09-24 19:05:19.861881+00:00
META,2025-02-06 00:00:00+00:00,63.43133892184116,63.889715573839744,63.07824765160456,63.666372582657196,63.666372582657196,15673415.0,sample,2026-09-24 19:05:19.861881+00:00
META,2025-02-07 00:00:00+00:00,63.704079980537,64.44630765610205,63.425969609041616,63.918944675496576,63.918944675496576,10513166.0,sample,2026-09-24 19:05:19.861881+00:00
META,2025-02-10 00:00:00+00:00,64.10437037121376,64.60965142603159,62.75290708522255,63.22749019450841,63.22749019450841,5561482.0,sample,2026-09-24 19:05:19.861881+00:00
META,2025-02-11 00:00:00+00:00,63.28456612593757,63.89402942022961,62.424096787708464,62.93810173417411,62.93810173417411,11077870.0,sample,2026-09-24 19:05:19.861881+00:00
META,2025-02-12 00:00:00+00:00,62.882249365185366,63.06668083597088,61.74529485507301,62.352992387655675,62.352992387655675,15265626.0,sample,2026-09-24 19:05:19.861881+00:00
META,2025-02-13 00:00:00+00:00,62.50680675314777,63.2999903054742,62.28970366107889,63.19161981580949,63.19161981580949,2733681.0,sample,2026-09-24 19:05:19.861881+00:00
META,2025-02-14 00:00:00+00:00,63.375461290130914,65.36279384876403,63.189352179028454,64.74171516200157,64.74171516200157,7630765.0,sample,2026-09-24 19:05:19.861881+00:00
META,2025-02-17 00:00:00+00:00,64.8741665896666,66.45972984730122,64.40541004005357,66.24822293203398,66.24822293203398,14224990.0,sample,2026-09-24 19:05:19.861881+00:00
META,2025-02-18 00:00:00+00:00,66.02822036507982,66.42335879769195,64.32794137425692,64.4849845954034,64.4849845954034,15909185.0,sample,2026-09-24 19:05:19.861881+00:00
META,2025-02-19 00:00:00+00:00,64.28852464213898,64.92187468414144,62.276187897957236,62.979858534304476,62.979858534304476,15668805.0,sample,2026-09-24 19:05:19.861881+00:00
META,2025-02-20 00:00:00+00:00,63.09485660936323,63.695070984766275,61.605554051612366,62.34973414800786,62.34973414800786,12781524.0,sample,2026-09-24 19:05:19.861881+00:00
META,2025-02-21 00:00:00+00:00,62.236082544161114,63.32995834894248,61.522262135690674,62.72061852845129,62.72061852845129,2191136.0,sample,2026-09-24 19:05:19.861881+00:00
META,2025-02-24 00:00:00+00:00,62.85983959179703,64.00177077423004,62.34622270123634,63.470262798102844,63.470262798102844,16777263.0,sample,2026-09-24 19:05:19.861881+00:00
META,2025-02-25 00:00:00+00:00,63.422062840215,63.969204329767024,60.76978261730819,61.05101774042852,61.05101774042852,4764389.0,sample,2026-09-24 19:05:19.861881+00:00
META,2025-02-26 00:00:00+00:00,61.29749287418946,61.547302006148605,60.86477896906019,61.09789691656197,61.09789691656197,2171603.0,sample,2026-09-24 19:05:19.861881+00:00
META,2025-02-27 00:00:00+00:00,61.05929269010759,62.0831813402758,60.90964687733405,61.962152839171026,61.962152839171026,10029434.0,sample,2026-09-24 19:05:19.861881+00:00
META,2025-02-28 00:00:00+00:00,61.923604027397616,62.40295943135155,61.44865787629864,61.91216588868526,61.91216588868526,16032226.0,sample,2026-09-24 19:05:19.861881+00:00
META,2025-03-03 00:00:00+00:00,61.83550983821134,62.5070904470673,61.170585958747914,61.70627086455865,61.70627086455865,14396313.0,sample,2026-09-24 19:05:19.861881+00:00
META,2025-03-04 00:00:00+00:00,61.66934660767356,62.35118448441119,59.140763291975766,59.6455108784694,59.6455108784694,14943427.0,sample,2026-09-24 19:05:19.861881+00:00
META,2025-03-05 00:00:00+00:00,59.58930182407526,61.87192198846069,59.19511243666567,61.165290954702954,61.165290954702954,9845985.0,sample,2026-09-24 19:05:19.861881+00:00
META,2025-03-06 00:00:00+00:00,61.198493103426976,62.184459137135825,60.59626142478678,61.64799305766888,61.64799305766888,12218301.0,sample,2026-09-24 19:05:19.861881+00:00
META,2025-03-07 00:00:00+00:00,61.67681779696624,62.38023661089354,60.878115273927804,61.16881926315167,61.16881926315167,2224463.0,sample,2026-09-24 19:05:19.861881+00:00
META,2025-03-10 00:00:00+00:00,61.15797514206875,61.39464839234824,59.949089521837436,60.561149239882816,60.561149239882816,10220497.0,sample,2026-09-24 19:05:19.861881+00:00
META,2025-03-11 00:00:00+00:00,60.64773666588103,61.827782660704756,60.531710445996914,61.40199018347393,61.40199018347393,7724704.0,sample,2026-09-24 19:05:19.861881+00:00
META,2025-03-12 00:00:00+00:00,61.48952511097193,62.85525855130701,61.13024343263676,62.72768158088661,62.72768158088661,2548466.0,sample,2026-09-24 19:05:19.861881+00:00
META,2025-03-13 00:00:00+00:00,62.870158845656185,63.17820967261655,62.32689568023028,62.43486074829765,62.43486074829765,4380734.0,sample,2026-09-24 19:05:19.861881+00:00
META,2025-03-14 00:00:00+00:00,62.55739235990501,63.00180997273087,60.417600247003975,60.89729438034062,60.89729438034062,11958369.0,sample,2026-09-24 19:05:19.861881+00:00
META,2025-03-17 00:00:00+00:00,61.0112471913247,61.70699148943493,60.80379664162904,61.40120445502177,61.40120445502177,6008282.0,sample,2026-09-24 19:05:19.861881+00:00
META,2025-03-18 00:00:00+00:00,61.33014275487819,62.05270810663691,60.0322599687233,60.56774901350159,60.56774901350159,10146158.0,sample,2026-09-24 19:05:19.861881+00:00
META,2025-03-19 00:00:00+00:00,60.55508647233994,60.84381206554855,60.049023095814206,60.36431261539164,60.36431261539164,10307310.0,sample,2026-09-24 19:05:19.861881+00:00
META,2025-03-20 00:00:00+00:00,60.153867801915275,60.21518588270821,59.80937694048694,60.00315963263602,60.00315963263602,10535839.0,sample,2026-09-24 19:05:19.861881+00:00
META,2025-03-21 00:00:00+00:00,59.9894862687752,60.17635706850566,58.30945250454474,58.77522288007036,58.77522288007036,6641004.0,sample,2026-09-24 19:05:19.861881+00:00
META,2025-03-24 00:00:00+00:00,58.76505294239622,60.67559978712973,58.70615723735344,60.0925897461207,60.0925897461207,12622321.0,sample,2026-09-24 19:05:19.861881+00:00
META,2025-03-25 00:00:00+00:00,60.22416529225918,60.61067123681491,58.522217648429276,58.73234412559006,58.73234412559006,7902636.0,sample,2026-09-24 19:05:19.861881+00:00
META,2025-03-26 00:00:00+00:00,58.70628131084906,60.65122152254583,58.58653886652998,60.17956167952153,60.17956167952153,9712326.0,sample,2026-09-24 19:05:19.861881+00:00
META,2025-03-27 00:00:00+00:00,60.127446354011965,60.28805018376193,58.690752263892215,59.21624694606601,59.21624694606601,14658861.0,sample,2026-09-24 19:05:19.861881+00:00
META,2025-03-28 00:00:00+00:00,59.20378388180436,59.29681394912758,58.637869938034456,58.93616790891378,58.93616790891378,17498319.0,sample,2026-09-24 19:05:19.861881+00:00
META,2025-03-31 00:00:00+00:00,58.88138629260996,59.31922426104609,58.57747535822285,58.89892547278522,58.89892547278522,7200198.0,sample,2026-09-24 19:05:19.861881+00:00
META,2025-04-01 00:00:00+00:00,58.81667795286028,59.985730061731466,58.6202563273947,59.31149644720439,59.31149644720439,2055166.0,sample,2026-09-24 19:05:19.861881+00:00
META,2025-04-02 00:00:00+00:00,59.09937147723031,59.28469601812011,57.5830209177867,58.237633177175496,58.237633177175496,9035157.0,sample,2026-09-24 19:05:19.861881+00:00
META,2025-04-03 00:00:00+00:00,58.19545026283311,60.64488170755565,57.585031807536176,60.155199509162514,60.155199509162514,16783915.0,sample,2026-09-24 19:05:19.861881+00:00
META,2025-04-04 00:00:00+00:00,60.35166849370563,60.47170429094345,59.3344428883071,59.98183038328465,59.98183038328465,7625716.0,sample,2026-09-24 19:05:19.861881+00:00
META,2025-04-07 00:00:00+00:00,60.05038320387964,61.87906678013124,59.518760667017,61.7999142970442,61.7999142970442,2377667.0,sample,2026-09-24 19:05:19.861881+00:00
META,2025-04-08 00:00:00+00:00,61.66142700427342,63.30500520012337,61.46692423399244,62.80603933092107,62.80603933092107,1554035.0,sample,2026-09-24 19:05:19.861881+00:00
META,2025-04-09 00:00:00+00:00,63.05911811574476,63.6601661703683,62.444940638551515,62.84210021143843,62.84210021143843,11673160.0,sample,2026-09-24 19:05:19.861881+00:00
META,2025-04-10 00:00:00+00:00,62.80723720715127,63.16610995163158,61.602771597358654,62.07752491868018,62.07752491868018,7834759.0,sample,2026-09-24 19:05:19.861881+00:00
META,2025-04-11 00:00:00+00:00,62.04165956878656,63.31808652144442,61.86395706103328,62.65722608493774,62.65722608493774,15230341.0,sample,2026-09-24 19:05:19.861881+00:00
META,2025-04-14 00:00:00+00:00,62.66896097795985,63.39436615858748,62.53576028298882,63.22588855718129,63.22588855718129,6097346.0,sample,2026-09-24 19:05:19.861881+00:00
META,2025-04-15 00:00:00+00:00,63.37381474147146,63.53981685230674,62.358727764931054,62.43691188685793,62.43691188685793,12073679.0,sample,2026-09-24 19:05:19.861881+00:00
META,2025-04-16 00:00:00+00:00,62.34274503304568,62.690360047211755,62.098519680613386,62.38955891879191,62.38955891879191,2172987.0,sample,2026-09-24 19:05:19.861881+00:00
META,2025-04-17 00:00:00+00:00,62.625742867454456,63.98834206769208,62.340191554176975,63.24844041614386,63.24844041614386,16504102.0,sample,2026-09-24 19:05:19.861881+00:00
META,2025-04-18 00:00:00+00:00,63.42488664366523,65.11226659543786,62.78952943308553,64.58179414715158,64.58179414715158,3469031.0,sample,2026-09-24 19:05:19.861881+00:00
META,2025-04-21 00:00:00+00:00,64.34842206191398,64.96515516809058,64.23357851842562,64.56223101328777,64.56223101328777,2684565.0,sample,2026-09-24 19:05:19.861881+00:00
META,2025-04-22 00:00:00+00:00,64.5590609867992,65.29689047097524,63.800770419925236,64.47048571225004,64.47048571225004,4540620.0,sample,2026-09-24 19:05:19.861881+00:00
META,2025-04-23 00:00:00+00:00,64.58530792920804,65.34167323454896,62.996198376065834,63.63754249029075,63.63754249029075,11896128.0,sample,2026-09-24 19:05:19.861881+00:00
META,2025-04-24 00:00:00+00:00,63.936656121894636,64.15732262144479,61.9536612344023,62.319457610096244,62.319457610096244,17783553.0,sample,2026-09-24 19:05:19.861881+00:00
META,2025-04-25 00:00:00+00:00,62.41572816976166,63.855857095399706,62.239643604274,63.44394257258317,63.44394257258317,5958808.0,sample,2026-09-24 19:05:19.861881+00:00
META,2025-04-28 00:00:00+00:00,63.35141890505949,64.00135330750278,63.26322501494693,63.76980529982523,63.76980529982523,4757380.0,sample,2026-09-24 19:05:19.861881+00:00
META,2025-04-29 00:00:00+00:00,63.555186975740234,64.1429368805114,62.82798900984425,63.52586469517051,63.52586469517051,5008159.0,sample,2026-09-24 19:05:19.861881+00:00
META,2025-04-30 00:00:00+00:00,63.28771954395566,65.77417606548266,62.59328271446913,64.99567393569552,64.99567393569552,4443032.0,sample,2026-09-24 19:05:19.861881+00:00
META,2025-05-01 00:00:00+00:00,65.25539763002656,66.23993837367036,64.48889461129488,66.08606067128129,66.08606067128129,16291270.0,sample,2026-09-24 19:05:19.861881+00:00
META,2025-05-02 00:00:00+00:00,65.87219749201493,66.60900333165795,63.575676198770395,64.1804459235112,64.1804459235112,9604673.0,sample,2026-09-24 19:05:19.861881+00:00
META,2025-05-05 00:00:00+00:00,64.2216822150791,64.90332627563666,61.406765152847626,61.62286919402602,61.62286919402602,6426703.0,sample,2026-09-24 19:05:19.861881+00:00
META,2025-05-06 00:00:00+00:00,61.654964577576145,62.06846288868499,61.55008118369746,61.748558123033405,61.748558123033405,3244342.0,sample,2026-09-24 19:05:19.861881+00:00
META,2025-05-07 00:00:00+00:00,61.864578816962045,62.36170353204879,60.707008420610734,61.151436032936765,61.151436032936765,2415029.0,sample,2026-09-24 19:05:19.861881+00:00
META,2025-05-08 00:00:00+00:00,61.10421578768262,62.62632311358103,60.44535231592785,62.18727211331038,62.18727211331038,5423588.0,sample,2026-09-24 19:05:19.861881+00:00
META,2025-05-09 00:00:00+00:00,62.19018737222773,62.641599954221114,60.20961412937419,60.868421890205745,60.868421890205745,13389633.0,sample,2026-09-24 19:05:19.861881+00:00
META,2025-05-12 00:00:00+00:00,60.76091581515131,62.304726547251,60.106584583396476,61.57703539062578,61.57703539062578,4789087.0,sample,2026-09-24 19:05:19.861881+00:00
META,2025-05-13 00:00:00+00:00,61.382744362856386,62.45270980888332,61.046931519623314,62.21192750934681,62.21192750934681,3775615.0,sample,2026-09-24 19:05:19.861881+00:00
META,2025-05-14 00:00:00+00:00,62.12476891510813,62.456491661083646,60.90683203104422,60.980915962149545,60.980915962149545,6218902.0,sample,2026-09-24 19:05:19.861881+00:00
META,2025-05-15 00:00:00+00:00,60.81764636373538,63.96284224900826,60.18639996835865,63.35221604310728,63.35221604310728,13476831.0,sample,2026-09-24 19:05:19.861881+00:00
META,2025-05-16 00:00:00+00:00,63.48541624399331,63.940680935817404,62.27856223775135,62.50313088831219,62.50313088831219,13821240.0,sample,2026-09-24 19:05:19.861881+00:00
META,2025-05-19 00:00:00+00:00,62.578234056164554,62.82544528792168,62.45150786042093,62.62542215172574,62.62542215172574,16542239.0,sample,2026-09-24 19:05:19.861881+00:00
META,2025-05-20 00:00:00+00:00,62.416993027271026,62.67379903073816,61.68950203708245,62.117438404027624,62.117438404027624,3891370.0,sample,2026-09-24 19:05:19.861881+00:00
META,2025-05-21 00:00:00+00:00,62.07755975793798,62.58160888861281,61.43407817902742,61.65816703960255,61.65816703960255,13271966.0,sample,2026-09-24 19:05:19.861881+00:00
META,2025-05-22 00:00:00+00:00,61.7745967181133,62.19593504668609,60.025886425303725,60.64215977259124,60.64215977259124,9585890.0,sample,2026-09-24 19:05:19.861881+00:00
META,2025-05-23 00:00:00+00:00,60.55490370193762,60.86028365061084,59.47594939309854,59.854778331177044,59.854778331177044,3162783.0,sample,2026-09-24 19:05:19.861881+00:00
META,2025-05-26 00:00:00+00:00,59.60896842113417,60.58787549411854,59.1042448434227,60.307882839645856,60.307882839645856,4276422.0,sample,2026-09-24 19:05:19.861881+00:00
META,2025-05-27 00:00:00+00:00,60.27688818721655,60.705865533607685,58.0096094185817,58.538598991236704,58.538598991236704,4478280.0,sample,2026-09-24 19:05:19.861881+00:00
META,2025-05-28 00:00:00+00:00,58.520400705336606,58.79429885842351,58.21614404659363,58.38306583217557,58.38306583217557,9232250.0,sample,2026-09-24 19:05:19.861881+00:00
META,2025-05-29 00:00:00+00:00,58.33505195279469,58.739528390272035,57.92211511416935,58.381277902386664,58.381277902386664,11328107.0,sample,2026-09-24 19:05:19.861881+00:00
META,2025-05-30 00:00:00+00:00,58.43883215301864,58.94493168950818,57.95487934707898,58.44374409025319,58.44374409025319,8569813.0,sample,2026-09-24 19:05:19.861881+00:00
META,2025-06-02 00:00:00+00:00,58.42910323305804,58.539438518859384,57.91569137054592,58.44643099074747,58.44643099074747,12224661.0,sample,2026-09-24 19:05:19.861881+00:00
META,2025-06-03 00:00:00+00:00,58.431561027153464,61.16549895492353,57.79217813990786,60.520608531567845,60.520608531567845,7984434.0,sample,2026-09-24 19:05:19.861881+00:00
META,2025-06-04 00:00:00+00:00,60.418043828237934,60.66411665235334,59.86978698739854,60.55153039832173,60.55153039832173,15260833.0,sample,2026-09-24 19:05:19.861881+00:00
META,2025-06-05 00:00:00+00:00,60.58469952937216,60.918174674407126,60.27513889675612,60.43218525876612,60.43218525876612,5890518.0,sample,2026-09-24 19:05:19.861881+00:00
META,2025-06-06 00:00:00+00:00,60.551782564716085,61.06655414477006,59.58683460986956,59.66299484413576,59.66299484413576,10316329.0,sample,2026-09-24 19:05:19.861881+00:00
META,2025-06-09 00:00:00+00:00,59.73296262850577,61.42417998981978,59.32065181947923,61.129642667458846,61.129642667458846,15116898.0,sample,2026-09-24 19:05:19.861881+00:00
META,2025-06-10 00:00:00+00:00,61.269101719477526,63.21405068621232,60.88991510224688,62.57178473951373,62.57178473951373,2711142.0,sample,2026-09-24 19:05:19.861881+00:00
META,2025-06-11 00:00:00+00:00,62.56512472846754,63.05604201984436,61.063333351403905,61.515491890458115,61.515491890458115,7187565.0,sample,2026-09-24 19:05:19.861881+00:00
META,2025-06-12 00:00:00+00:00,61.49039039185655,61.95262710687808,59.95106778310047,60.398394998080015,60.398394998080015,7189541.0,sample,2026-09-24 19:05:19.861881+00:00
META,2025-06-13 00:00:00+00:00,60.26510298124729,60.87040543059512,58.981060529204925,59.30694656901913,59.30694656901913,13113820.0,sample,2026-09-24 19:05:19.861881+00:00
META,2025-06-16 00:00:00+00:00,59.41108808039802,60.948664613611975,59.17572795692152,60.35469415303375,60.35469415303375,2543440.0,sample,2026-09-24 19:05:19.861881+00:00
META,2025-06-17 00:00:00+00:00,60.30377775070187,61.24816507802995,59.80124020013872,60.60611099908068,60.60611099908068,11781449.0,sample,2026-09-24 19:05:19.861881+00:00
META,2025-06-18 00:00:00+00:00,60.694755725734645,62.147903986302445,60.61541399901966,61.41144439558713,61.41144439558713,15525271.0,sample,2026-09-24 19:05:19.861881+00:00
META,2025-06-19 00:00:00+00:00,61.340469053809066,61.46724904211301,60.192823928215105,60.364422078244665,60.364422078244665,16579397.0,sample,2026-09-24 19:05:19.861881+00:00
META,2025-06-20 00:00:00+00:00,60.4372861415908,60.815282033658484,60.011541577891265,60.31077673635616,60.31077673635616,8999617.0,sample,2026-09-24 19:05:19.861881+00:00
META,2025-06-23 00:00:00+00:00,60.23249949289342,60.96963967851365,59.69973671075695,60.32381423544297,60.32381423544297,5606144.0,sample,2026-09-24 19:05:19.861881+00:00
META,2025-06-24 00:00:00+00:00,60.29204670764043,62.120959626795305,60.17594526699472,61.51686069438003,61.51686069438003,1647934.0,sample,2026-09-24 19:05:19.861881+00:00
META,2025-06-25 00:00:00+00:00,61.45938110578394,61.82826393705411,60.271271953970185,60.629701962883885,60.629701962883885,4577910.0,sample,2026-09-24 19:05:19.861881+00:00
META,2025-06-26 00:00:00+00:00,60.52095043669725,60.68232748671293,57.425371918130914,57.81727713900279,57.81727713900279,13081947.0,sample,2026-09-24 19:05:19.861881+00:00
META,2025-06-27 00:00:00+00:00,57.757101094347895,58.160152802636745,56.96185645351621,57.53104830057708,57.53104830057708,15503141.0,sample,2026-09-24 19:05:19.861881+00:00
META,2025-06-30 00:00:00+00:00,57.463281302979254,59.0173869151256,57.03034709206667,58.6687103285478,58.6687103285478,5989823.0,sample,2026-09-24 19:05:19.861881+00:00
META,2025-07-01 00:00:00+00:00,58.808038931553014,61.15656896993779,58.44781848341926,60.58295332767523,60.58295332767523,17712993.0,sample,2026-09-24 19:05:19.861881+00:00
META,2025-07-02 00:00:00+00:00,60.52938827670913,60.69481987998483,57.91102299323887,58.33257708148666,58.33257708148666,15619242.0,sample,2026-09-24 19:05:19.861881+00:00
META,2025-07-03 00:00:00+00:00,58.28282334409837,59.1214295857481,58.080771391604856,58.8813645129938,58.8813645129938,15550419.0,sample,2026-09-24 19:05:19.861881+00:00
META,2025-07-04 00:00:00+00:00,58.85460285022924,60.220082456473605,58.431619746437875,59.75837448306533,59.75837448306533,9399678.0,sample,2026-09-24 19:05:19.861881+00:00
META,2025-07-07 00:00:00+00:00,59.80960108414209,60.45609309287334,59.41484627685704,59.997859598275284,59.997859598275284,8179191.0,sample,2026-09-24 19:05:19.861881+00:00
META,2025-07-08 00:00:00+00:00,59.85685448793064,60.38626266294229,59.00560831895212,59.53969779490328,59.53969779490328,8906031.0,sample,2026-09-24 19:05:19.861881+00:00
META,2025-07-09 00:00:00+00:00,59.58565880077794,60.269431657828235,59.01649129559539,60.068000272817685,60.068000272817685,13239655.0,sample,2026-09-24 19:05:19.861881+00:00
META,2025-07-10 00:00:00+00:00,60.03124920478078,60.1333735131162,59.38138434234735,60.0436761580452,60.0436761580452,4093777.0,sample,2026-09-24 19:05:19.861881+00:00
META,2025-07-11 00:00:00+00:00,60.261295357298344,62.31375347752018,59.572169889924446,61.752199962449914,61.752199962449914,13599745.0,sample,2026-09-24 19:05:19.861881+00:00
META,2025-07-14 00:00:00+00:00,61.71365142513781,61.77811551125988,60.673546987392605,61.09981282900964,61.09981282900964,5932395.0,sample,2026-09-24 19:05:19.861881+00:00
META,2025-07-15 00:00:00+00:00,61.05570322568199,63.50510827165039,60.781656772719565,63.17291931856003,63.17291931856003,12443094.0,sample,2026-09-24 19:05:19.861881+00:00
META,2025-07-16 00:00:00+00:00,62.97837978572719,63.94670956564528,62.634849163527896,63.19104526456519,63.19104526456519,7077288.0,sample,2026-09-24 19:05:19.861881+00:00
META,2025-07-17 00:00:00+00:00,63.269024285881144,63.55688017715001,62.1636309611321,62.58586459340081,62.58586459340081,7980135.0,sample,2026-09-24 19:05:19.861881+00:00
META,2025-07-18 00:00:00+00:00,62.48191322871714,64.36990077753333,61.92779433762522,63.80824280093243,63.80824280093243,3353411.0,sample,2026-09-24 19:05:19.861881+00:00
META,2025-07-21 00:00:00+00:00,63.65611950910005,64.54492884533857,63.26124200818351,63.87954468129819,63.87954468129819,6157850.0,sample,2026-09-24 19:05:19.861881+00:00
META,2025-07-22 00:00:00+00:00,63.64965728046665,65.12345487334639,62.89543627719614,64.92081115212319,64.92081115212319,2589158.0,sample,2026-09-24 19:05:19.861881+00:00
META,2025-07-23 00:00:00+00:00,64.7665990068246,66.1445284455679,64.42163673627388,65.61865625481283,65.61865625481283,12771754.0,sample,2026-09-24 19:05:19.861881+00:00
META,2025-07-24 00:00:00+00:00,65.62987257621843,65.97667302212487,64.63061148940524,65.14909469520408,65.14909469520408,9637427.0,sample,2026-09-24 19:05:19.861881+00:00
META,2025-07-25 00:00:00+00:00,65.03964442047653,65.21847476564965,64.40814849086455,64.91260594846058,64.91260594846058,6601270.0,sample,2026-09-24 19:05:19.861881+00:00
META,2025-07-28 00:00:00+00:00,65.03894923175424,67.51102373424183,64.94769639151936,67.31305227084557,67.31305227084557,10137996.0,sample,2026-09-24 19:05:19.861881+00:00
META,2025-07-29 00:00:00+00:00,67.47256764199152,67.60311161159291,65.34769410265547,66.05085768738965,66.05085768738965,6789920.0,sample,2026-09-24 19:05:19.861881+00:00
META,2025-07-30 00:00:00+00:00,65.9465576854682,67.23265463427015,65.59800500027072,66.59742155524151,66.59742155524151,2858690.0,sample,2026-09-24 19:05:19.861881+00:00
META,2025-07-31 00:00:00+00:00,66.50363926304475,68.83694249256453,66.40835021593725,68.0919065451444,68.0919065451444,5506394.0,sample,2026-09-24 19:05:19.861881+00:00
META,2025-08-01 00:00:00+00:00,68.20093105643996,69.33461353889953,68.10559921467312,68.98450184114229,68.98450184114229,8254765.0,sample,2026-09-24 19:05:19.861881+00:00
META,2025-08-04 00:00:00+00:00,69.29128523135707,71.01821374887852,68.9729528297396,70.61849023428555,70.61849023428555,7385036.0,sample,2026-09-24 19:05:19.861881+00:00
META,2025-08-05 00:00:00+00:00,70.72830289388625,71.17321369827224,69.43880607588306,69.6122669341894,69.6122669341894,10722606.0,sample,2026-09-24 19:05:19.861881+00:00
META,2025-08-06 00:00:00+00:00,69.77066392560086,70.94458167999956,68.93483481950518,70.6816377808897,70.6816377808897,1747704.0,sample,2026-09-24 19:05:19.861881+00:00
META,2025-08-07 00:00:00+00:00,70.36060254176722,72.70972811423295,70.15343320756828,72.16868815733216,72.16868815733216,14457030.0,sample,2026-09-24 19:05:19.861881+00:00
META,2025-08-08 00:00:00+00:00,71.95680954307984,72.24082252792104,69.80169194331361,70.12636093346417,70.12636093346417,12431884.0,sample,2026-09-24 19:05:19.861881+00:00
META,2025-08-11 00:00:00+00:00,70.09411419138115,71.09665937729814,69.51948455015744,70.7708785961358,70.7708785961358,8063568.0,sample,2026-09-24 19:05:19.861881+00:00
META,2025-08-12 00:00:00+00:00,70.66897588572317,70.8287492640842,70.0333356193263,70.2629350554655,70.2629350554655,12572822.0,sample,2026-09-24 19:05:19.861881+00:00
META,2025-08-13 00:00:00+00:00,70.20456539207498,71.02696322581976,68.89927494312374,69.52268246501563,69.52268246501563,2682678.0,sample,2026-09-24 19:05:19.861881+00:00
META,2025-08-14 00:00:00+00:00,69.58377777415471,71.1237824679573,69.2211295959558,70.58358400458924,70.58358400458924,8534281.0,sample,2026-09-24 19:05:19.861881+00:00
META,2025-08-15 00:00:00+00:00,70.51612815099986,71.28975888277732,69.75617522060598,71.07638244239902,71.07638244239902,7999550.0,sample,2026-09-24 19:05:19.861881+00:00
META,2025-08-18 00:00:00+00:00,71.15066706641103,73.30005370800552,70.60050370813464,72.84374454576312,72.84374454576312,3628306.0,sample,2026-09-24 19:05:19.861881+00:00
META,2025-08-19 00:00:00+00:00,73.02758713246551,74.07389808287168,72.63160797638932,73.45140902586002,73.45140902586002,9758963.0,sample,2026-09-24 19:05:19.861881+00:00
META,2025-08-20 00:00:00+00:00,73.46518609183829,73.79265540968385,70.74082243656457,71.18818250559924,71.18818250559924,17307992.0,sample,2026-09-24 19:05:19.861881+00:00
META,2025-08-21 00:00:00+00:00,71.09279264073363,71.68187138763273,70.3705211286402,70.47773274505442,70.47773274505442,6603875.0,sample,2026-09-24 19:05:19.861881+00:00
META,2025-08-22 00:00:00+00:00,70.30649002099794,71.56091751788513,70.125473456955,70.97710326799694,70.97710326799694,7444416.0,sample,2026-09-24 19:05:19.861881+00:00
META,2025-08-25 00:00:00+00:00,70.91178058599196,72.39988406864002,70.14107046753976,71.98710223948734,71.98710223948734,7516447.0,sample,2026-09-24 19:05:19.861881+00:00
META,2025-08-26 00:00:00+00:00,72.04138223556427,72.29114246293067,70.44116262139511,71.25993202882177,71.25993202882177,6858507.0,sample,2026-09-24 19:05:19.861881+00:00
META,2025-08-27 00:00:00+00:00,71.23610942450813,72.53901858545906,70.95919631479214,72.00077331766715,72.00077331766715,14724133.0,sample,2026-09-24 19:05:19.861881+00:00
META,2025-08-28 00:00:00+00:00,72.20157918810348,72.63816687460192,70.5496047660302,71.16134961379686,71.16134961379686,15964578.0,sample,2026-09-24 19:05:19.861881+00:00
META,2025-08-29 00:00:00+00:00,70.82651883193572,73.59557242144305,70.67246958741146,72.78859928885174,72.78859928885174,9238443.0,sample,2026-09-24 19:05:19.861881+00:00
META,2025-09-01 00:00:00+00:00,72.64128582586434,73.42541838039128,71.9594241208392,73.16107676420599,73.16107676420599,14872520.0,sample,2026-09-24 19:05:19.861881+00:00
META,2025-09-02 00:00:00+00:00,73.32928921639281,74.54241642317143,72.82465277833816,73.71979660621078,73.71979660621078,4143507.0,sample,2026-09-24 19:05:19.861881+00:00
META,2025-09-03 00:00:00+00:00,73.546001365599,73.82804794102674,70.01992400779412,70.31936222608421,70.31936222608421,11148269.0,sample,2026-09-24 19:05:19.861881+00:00
META,2025-09-04 00:00:00+00:00,70.12331281239645,70.52580336681561,69.52455495845163,70.40997874868269,70.40997874868269,17185434.0,sample,2026-09-24 19:05:19.861881+00:00
META,2025-09-05 00:00:00+00:00,70.33874171170082,71.36210688864296,69.82114261472262,70.64633727237545,70.64633727237545,16821422.0,sample,2026-09-24 19:05:19.861881+00:00
META,2025-09-08 00:00:00+00:00,70.65265508032131,70.87179950120628,69.19505948224675,69.68342784205298,69.68342784205298,5817463.0,sample,2026-09-24 19:05:19.861881+00:00
META,2025-09-09 00:00:00+00:00,69.65472915390598,69.76248155466547,68.27530149042762,68.96706404305849,68.96706404305849,17127728.0,sample,2026-09-24 19:05:19.861881+00:00
META,2025-09-10 00:00:00+00:00,68.90928915538773,70.44363827944058,68.48601137135314,69.84421830781721,69.84421830781721,17439722.0,sample,2026-09-24 19:05:19.861881+00:00
META,2025-09-11 00:00:00+00:00,69.5941982910776,69.77670171609007,68.20250535846128,69.02988755796842,69.02988755796842,16546677.0,sample,2026-09-24 19:05:19.861881+00:00
META,2025-09-12 00:00:00+00:00,69.26338823182385,69.73927455719489,68.56036962911867,69.23957142312942,69.23957142312942,6015694.0,sample,2026-09-24 19:05:19.861881+00:00
META,2025-09-15 00:00:00+00:00,69.44323791444944,70.20436634701736,66.00108012341538,66.71900926526972,66.71900926526972,12883547.0,sample,2026-09-24 19:05:19.861881+00:00
META,2025-09-16 00:00:00+00:00,66.5610257711855,67.92809582303236,65.8272503502221,67.42217401602001,67.42217401602001,14493520.0,sample,2026-09-24 19:05:19.861881+00:00
META,2025-09-17 00:00:00+00:00,67.49691560979291,67.88928575956157,64.45774105143859,65.08770066290748,65.08770066290748,3235789.0,sample,2026-09-24 19:05:19.861881+00:00
META,2025-09-18 00:00:00+00:00,65.06968317573987,65.33043622799192,62.548323443804506,62.81882911676847,62.81882911676847,9529049.0,sample,2026-09-24 19:05:19.861881+00:00
META,2025-09-19 00:00:00+00:00,62.74840688938262,63.17789737437463,62.48574138042454,62.779491528021886,62.779491528021886,6985699.0,sample,2026-09-24 19:05:19.861881+00:00
META,2025-09-22 00:00:00+00:00,62.889181319870865,63.28912859217033,61.53100044336766,61.82749444563709,61.82749444563709,2140081.0,sample,2026-09-24 19:05:19.861881+00:00
META,2025-09-23 00:00:00+00:00,61.712639494665275,62.182230059754374,60.062404098426704,60.33999812304241,60.33999812304241,7358114.0,sample,2026-09-24 19:05:19.861881+00:00
META,2025-09-24 00:00:00+00:00,60.291205358492675,61.28429809223699,59.620883140165276,60.6550649953224,60.6550649953224,2625786.0,sample,2026-09-24 19:05:19.861881+00:00
META,2025-09-25 00:00:00+00:00,60.78848191782504,60.98074536542366,59.546292859506394,60.22795896049019,60.22795896049019,6491700.0,sample,2026-09-24 19:05:19.861881+00:00
META,2025-09-26 00:00:00+00:00,60.30400228709281,62.208570610188616,60.168236441270686,61.68429664113425,61.68429664113425,17994826.0,sample,2026-09-24 19:05:19.861881+00:00
META,2025-09-29 00:00:00+00:00,61.6102978410198,62.259715426635786,61.14423661321592,61.72282964718721,61.72282964718721,5485901.0,sample,2026-09-24 19:05:19.861881+00:00
META,2025-09-30 00:00:00+00:00,61.807981352028555,63.28947893040529,61.56828873688027,62.968405838627405,62.968405838627405,6909700.0,sample,2026-09-24 19:05:19.861881+00:00
META,2025-10-01 00:00:00+00:00,63.28350576654976,63.434768908597356,61.329569899141326,61.90902275635742,61.90902275635742,16133013.0,sample,2026-09-24 19:05:19.861881+00:00
META,2025-10-02 00:00:00+00:00,61.85158444685575,62.560817321325196,61.71089712811411,62.11990578646883,62.11990578646883,3109069.0,sample,2026-09-24 19:05:19.861881+00:00
META,2025-10-03 00:00:00+00:00,62.08912687018065,65.53675553294663,61.96155494212441,65.3932843605073,65.3932843605073,14735785.0,sample,2026-09-24 19:05:19.861881+00:00
META,2025-10-06 00:00:00+00:00,65.49303840866422,66.68749928929861,65.31304747001943,65.91776432144812,65.91776432144812,3970999.0,sample,2026-09-24 19:05:19.861881+00:00
META,2025-10-07 00:00:00+00:00,65.91375215093633,66.21409919147506,64.34954352720283,64.94439592306159,64.94439592306159,4158607.0,sample,2026-09-24 19:05:19.861881+00:00
META,2025-10-08 00:00:00+00:00,65.01911520554962,65.48709727634113,63.631805027320794,64.3809014763814,64.3809014763814,8541636.0,sample,2026-09-24 19:05:19.861881+00:00
META,2025-10-09 00:00:00+00:00,64.22063346479673,64.98086080508443,63.32613855311981,63.94637585302946,63.94637585302946,14075258.0,sample,2026-09-24 19:05:19.861881+00:00
META,2025-10-10 00:00:00+00:00,64.0081749600091,64.72084925968588,63.24169440311611,64.53730501224553,64.53730501224553,16104405.0,sample,2026-09-24 19:05:19.861881+00:00
META,2025-10-13 00:00:00+00:00,64.48689302798742,64.55467678986412,61.41380384263448,62.15638524989562,62.15638524989562,3740546.0,sample,2026-09-24 19:05:19.861881+00:00
META,2025-10-14 00:00:00+00:00,62.04587842933952,63.33346724817869,61.67637844958629,63.092550364900916,63.092550364900916,8880651.0,sample,2026-09-24 19:05:19.861881+00:00
META,2025-10-15 00:00:00+00:00,63.22579230472071,64.2436673446255,62.851684125725754,63.48924372354289,63.48924372354289,6519688.0,sample,2026-09-24 19:05:19.861881+00:00
META,2025-10-16 00:00:00+00:00,63.409947447680345,63.497626818749175,62.58602428460589,63.12734298943997,63.12734298943997,8438185.0,sample,2026-09-24 19:05:19.861881+00:00
META,2025-10-17 00:00:00+00:00,63.3555416701135,64.65792155946939,62.99598469026709,64.05182643617884,64.05182643617884,7410843.0,sample,2026-09-24 19:05:19.861881+00:00
META,2025-10-20 00:00:00+00:00,64.0942718133435,64.41365649481948,61.115613266067896,61.39659540117625,61.39659540117625,13944111.0,sample,2026-09-24 19:05:19.861881+00:00
META,2025-10-21 00:00:00+00:00,61.285468775620046,63.8725792789265,60.93196400936956,63.31689459236573,63.31689459236573,7096288.0,sample,2026-09-24 19:05:19.861881+00:00
META,2025-10-22 00:00:00+00:00,63.25610601407978,63.85378645772236,62.60835766687406,63.48388180674145,63.48388180674145,9540677.0,sample,2026-09-24 19:05:19.861881+00:00
META,2025-10-23 00:00:00+00:00,63.405770250469416,64.7267472013074,62.8643569656822,64.58583361537303,64.58583361537303,13569554.0,sample,2026-09-24 19:05:19.861881+00:00
META,2025-10-24 00:00:00+00:00,64.55961099141142,65.17091816645306,62.97545107285306,63.53507811707124,63.53507811707124,5247730.0,sample,2026-09-24 19:05:19.861881+00:00
META,2025-10-27 00:00:00+00:00,63.58975302623229,64.36379319642501,63.46322066420522,64.01071721507671,64.01071721507671,3072645.0,sample,2026-09-24 19:05:19.861881+00:00
META,2025-10-28 00:00:00+00:00,64.03474391292156,64.72894772654892,63.52415088865091,64.02526116821659,64.02526116821659,12684077.0,sample,2026-09-24 19:05:19.861881+00:00
META,2025-10-29 00:00:00+00:00,64.13087190369767,65.27429402112665,63.77481143987733,65.19241770582119,65.19241770582119,5597557.0,sample,2026-09-24 19:05:19.861881+00:00
META,2025-10-30 00:00:00+00:00,65.07927754794851,65.28206890291207,63.44110896815146,63.74909784664608,63.74909784664608,16779673.0,sample,2026-09-24 19:05:19.861881+00:00
META,2025-10-31 00:00:00+00:00,63.837733820390696,66.95676491049643,63.73137870651276,66.34296015063663,66.34296015063663,12222852.0,sample,2026-09-24 19:05:19.861881+00:00
