symbol,timestamp,open,high,low,close,adj_close,volume,source,ingestion_time
META,2025-01-02 14:30:00+00:00,219.86970532979274,222.05507043545498,217.2736412711072,219.95516486646918,219.95516486646918,6359025.0,sample,2026-09-24 19:05:19.865913+00:00
META,2025-01-02 14:35:00+00:00,220.14163788038113,222.79092592491327,217.51470558939667,221.06805205366763,221.06805205366763,12990386.0,sample,2026-09-24 19:05:19.865913+00:00
META,2025-01-02 14:40:00+00:00,220.30073109311334,225.24821570938087,218.4307485278379,222.8441452238423,222.8441452238423,11471807.0,sample,2026-09-24 19:05:19.865913+00:00
META,2025-01-02 14:45:00+00:00,222.6101444521542,224.93107653571585,220.63718579221324,222.80771320132425,222.80771320132425,9040797.0,sample,2026-09-24 19:05:19.865913+00:00
META,2025-01-02 14:50:00+00:00,222.3793371131625,223.75156901527328,220.12318115168887,222.6058005591372,222.6058005591372,13552392.0,sample,2026-09-24 19:05:19.865913+00:00
META,2025-01-02 14:55:00+00:00,222.31864388266106,225.56643065274497,220.36845040517278,223.56464583146288,223.56464583146288,16863040.0,sample,2026-09-24 19:05:19.865913+00:00
META,2025-01-02 15:00:00+00:00,223.02565998645045,224.1431744224859,222.008194336788,223.62811680369387,223.62811680369387,12000563.0,sample,2026-09-24 19:05:19.865913+00:00
META,2025-01-02 15:05:00+00:00,223.38144922746423,225.7327626316048,223.05074567660336,224.36811309164673,224.36811309164673,15575518.0,sample,2026-09-24 19:05:19.865913+00:00
META,2025-01-02 15:10:00+00:00,224.3849651498507,226.8523574754095,222.7780064436719,225.82124029210385,225.82124029210385,3379355.0,sample,2026-09-24 19:05:19.865913+00:00
META,2025-01-02 15:15:00+00:00,225.4120082933925,227.27143382900863,224.4280986205631,226.33911967153287,226.33911967153287,11443366.0,sample,2026-09-24 19:05:19.865913+00:00
META,2025-01-02 15:20:00+00:00,226.67340728394282,228.91721779000335,224.1553939581436,227.33792840263888,227.33792840263888,11088465.0,sample,2026-09-24 19:05:19.865913+00:00
META,2025-01-02 15:25:00+00:00,227.50739669545752,228.2414606419831,222.84163742177194,225.23983276647587,225.23983276647587,12034871.0,sample,2026-09-24 19:05:19.865913+00:00
META,2025-01-02 15:30:00+00:00,225.11834095882622,227.69287867540396,222.5769258024936,226.19904139884164,226.19904139884164,16096502.0,sample,2026-09-24 19:05:19.865913+00:00
META,2025-01-02 15:35:00+00:00,226.6949470648799,228.65035401796467,224.05923917065562,226.0671000032011,226.0671000032011,14639138.0,sample,2026-09-24 19:05:19.865913+00:00
META,2025-01-02 15:40:00+00:00,225.73010015668387,227.0988924177344,223.09317690867047,225.23439439494766,225.23439439494766,11349366.0,sample,2026-09-24 19:05:19.865913+00:00
META,2025-01-02 15:45:00+00:00,225.12758250982913,226.54109494289287,224.60710892950885,225.1149200946865,225.1149200946865,16684958.0,sample,2026-09-24 19:05:19.865913+00:00
META,2025-01-02 15:50:00+00:00,224.59568643805594,225.00214793070515,222.8964592047943,224.0623658714408,224.0623658714408,5224211.0,sample,2026-09-24 19:05:19.865913+00:00
META,2025-01-02 15:55:00+00:00,223.35474060857314,223.77674067729188,221.33470723016814,223.0269738831441,223.0269738831441,10818161.0,sample,2026-09-24 19:05:19.865913+00:00
META,2025-01-02 16:00:00+00:00,223.78828717026806,224.65681538455388,218.91609433217604,221.22607755900918,221.22607755900918,2124181.0,sample,2026-09-24 19:05:19.865913+00:00
META,2025-01-02 16:05:00+00:00,221.06004996044697,223.3022789646079,218.30369848759813,220.67344270346683,220.67344270346683,2473615.0,sample,2026-09-24 19:05:19.865913+00:00
META,2025-01-02 16:10:00+00:00,220.20327755063886,222.5002461399105,218.41893002021644,219.48345762182836,219.48345762182836,10990389.0,sample,2026-09-24 19:05:19.865913+00:00
META,2025-01-02 16:15:00+00:00,219.48813684813132,220.90186635322897,217.34580387321014,218.79366174102162,218.79366174102162,14643735.0,sample,2026-09-24 19:05:19.865913+00:00
META,2025-01-02 16:20:00+00:00,218.92636959659768,221.44503991558977,216.32979956578714,219.5141715186238,219.5141715186238,9375966.0,sample,2026-09-24 19:05:19.865913+00:00
META,2025-01-02 16:25:00+00:00,219.04456638506082,220.73690805248464,216.5576889269677,219.57656722509574,219.57656722509574,8154592.0,sample,2026-09-24 19:05:19.865913+00:00
META,2025-01-02 16:30:00+00:00,219.46420375114758,221.32837285813434,216.6880775510349,218.45981051865937,218.45981051865937,5358384.0,sample,2026-09-24 19:05:19.865913+00:00
META,2025-01-02 16:35:00+00:00,219.08374077599476,220.56340381448192,217.75732106324332,218.8680605089652,218.8680605089652,9720730.0,sample,2026-09-24 19:05:19.865913+00:00
META,2025-01-02 16:40:00+00:00,219.2320670942482,220.54207629070555,217.4047306242794,219.75322416544884,219.75322416544884,6302605.0,sample,2026-09-24 19:05:19.865913+00:00
META,2025-01-02 16:45:00+00:00,219.67064435590373,221.1273550026419,219.43745412507786,219.78632027785062,219.78632027785062,9218588.0,sample,2026-09-24 19:05:19.865913+00:00
META,2025-01-02 16:50:00+00:00,219.20319622087467,220.56000351354712,216.78117917412416,219.80878971871985,219.80878971871985,11476067.0,sample,2026-09-24 19:05:19.865913+00:00
META,2025-01-02 16:55:00+00:00,220.44639651562557,222.2711948169757,217.10506040440086,219.71908359969646,219.71908359969646,12495371.0,sample,2026-09-24 19:05:19.865913+00:00
META,2025-01-02 17:00:00+00:00,220.2885635410667,221.47928090478055,216.81347193761118,218.8367616500379,218.8367616500379,5904052.0,sample,2026-09-24 19:05:19.865913+00:00
META,2025-01-02 17:05:00+00:00,218.70487638669948,222.22338581860768,216.45356179246477,219.757543283157,219.757543283157,15860524.0,sample,2026-09-24 19:05:19.865913+00:00
META,2025-01-02 17:10:00+00:00,219.66491505797921,222.48184056847273,218.66012524404013,220.17134020727528,220.17134020727528,4831616.0,sample,2026-09-24 19:05:19.865913+00:00
META,2025-01-02 17:15:00+00:00,220.5363393938647,223.0773417403775,219.4216812141897,220.09321281160618,220.09321281160618,9616897.0,sample,2026-09-24 19:05:19.865913+00:00
META,2025-01-02 17:20:00+00:00,220.60134491526804,222.15989350488414,217.52100789394925,220.04338320869408,220.04338320869408,9474685.0,sample,2026-09-24 19:05:19.865913+00:00
META,2025-01-02 17:25:00+00:00,220.57635819167686,222.53224382358533,219.17038931605038,219.90429870787014,219.90429870787014,16459233.0,sample,2026-09-24 19:05:19.865913+00:00
META,2025-01-02 17:30:00+00:00,220.06214703781984,223.68381300441717,217.83184855209336,221.21549731526326,221.21549731526326,8704486.0,sample,2026-09-24 19:05:19.865913+00:00
META,2025-01-02 17:35:00+00:00,221.14874570871353,222.84002235387166,220.11993554659512,220.9428799675431,220.9428799675431,14372954.0,sample,2026-09-24 19:05:19.865913+00:00
META,2025-01-02 17:40:00+00:00,220.96535133891703,222.48917595436325,217.86240277621593,219.42156963904955,219.42156963904955,1569277.0,sample,2026-09-24 19:05:19.865913+00:00
META,2025-01-02 17:45:00+00:00,219.27066966309795,221.11646229607933,217.60102858970532,219.52774063870172,219.52774063870172,5350311.0,sample,2026-09-24 19:05:19.865913+00:00
META,2025-01-02 17:50:00+00:00,219.71349333999058,221.50682135902093,218.55806967545482,220.29995661774217,220.29995661774217,5226199.0,sample,2026-09-24 19:05:19.865913+00:00
META,2025-01-02 17:55:00+00:00,220.9221699674966,221.42794387625838,219.44892177673808,220.87719266829671,220.87719266829671,10492186.0,sample,2026-09-24 19:05:19.865913+00:00
META,2025-01-02 18:00:00+00:00,220.68695291554207,221.74882895674153,219.34457196020088,220.5128081464643,220.5128081464643,11682266.0,sample,2026-09-24 19:05:19.865913+00:00
META,2025-01-02 18:05:00+00:00,220.10975646176863,222.3311529239245,217.74343337649043,219.05303918017822,219.05303918017822,2437403.0,sample,2026-09-24 19:05:19.865913+00:00
META,2025-01-02 18:10:00+00:00,219.0067679598343,223.0579467663005,218.19378178440277,220.8677936428785,220.8677936428785,16523936.0,sample,2026-09-24 19:05:19.865913+00:00
META,2025-01-02 18:15:00+00:00,221.2136387328435,221.54441809717588,219.34875374119233,219.9666362977863,219.9666362977863,7366950.0,sample,2026-09-24 19:05:19.865913+00:00
META,2025-01-02 18:20:00+00:00,219.49455256122945,221.63696039879798,218.61610474167634,220.05944875098865,220.05944875098865,12930628.0,sample,2026-09-24 19:05:19.865913+00:00
META,2025-01-02 18:25:00+00:00,220.0506434399875,221.87285108346822,217.40540716568117,219.88612249459538,219.88612249459538,14066064.0,sample,2026-09-24 19:05:19.865913+00:00
META,2025-01-02 18:30:00+00:00,219.54535109108394,222.17464012056567,218.27438553867793,219.27034361154378,219.27034361154378,16348715.0,sample,2026-09-24 19:05:19.865913+00:00
META,2025-01-02 18:35:00+00:00,218.79302107827257,219.80451804884146,216.85171494708752,218.84823045454465,218.84823045454465,4845512.0,sample,2026-09-24 19:05:19.865913+00:00
META,2025-01-02 18:40:00+00:00,219.4189961470486,221.95123586934986,215.52697178858767,217.8235266800069,217.8235266800069,5874077.0,sample,2026-09-24 19:05:19.865913+00:00
META,2025-01-02 18:45:00+00:00,217.8663374614265,218.49356845912288,215.6744770639047,216.9763780902474,216.9763780902474,3497524.0,sample,2026-09-24 19:05:19.865913+00:00
META,2025-01-02 18:50:00+00:00,216.7429610167054,217.56705902175977,215.7351139179194,216.4725953122076,216.4725953122076,4506552.0,sample,2026-09-24 19:05:19.865913+00:00
META,2025-01-02 18:55:00+00:00,216.48758873859987,216.7213878188934,215.13919488350626,216.29820520302977,216.29820520302977,15600177.0,sample,2026-09-24 19:05:19.865913+00:00
META,2025-01-02 19:00:00+00:00,216.23836803363866,220.01367658307382,214.4384375378831,218.36251329333498,218.36251329333498,15546522.0,sample,2026-09-24 19:05:19.865913+00:00
META,2025-01-02 19:05:00+00:00,218.50977710172714,220.73116150327803,216.55549497128854,217.42164502826748,217.42164502826748,7042435.0,sample,2026-09-24 19:05:19.865913+00:00
META,2025-01-02 19:10:00+00:00,217.8700344091048,219.45672703539586,215.61600698962908,218.34063544524471,218.34063544524471,17121150.0,sample,2026-09-24 19:05:19.865913+00:00
META,2025-01-02 19:15:00+00:00,218.07551301437923,219.06625144440625,215.92960298932866,218.32983301568973,218.32983301568973,17476820.0,sample,2026-09-24 19:05:19.865913+00:00
META,2025-01-02 19:20:00+00:00,218.7601452727362,220.99413469346413,215.61793535040277,217.9041490268072,217.9041490268072,9099365.0,sample,2026-09-24 19:05:19.865913+00:00
META,2025-01-02 19:25:00+00:00,217.75656960961024,219.74618693310185,215.26507342821688,216.57943584651363,216.57943584651363,4392003.0,sample,2026-09-24 19:05:19.865913+00:00
META,2025-01-02 19:30:00+00:00,216.69641619687616,219.26434684268543,215.81788005272082,216.4387738773828,216.4387738773828,12017670.0,sample,2026-09-24 19:05:19.865913+00:00
META,2025-01-02 19:35:00+00:00,215.96761972986698,217.34987353580678,214.05630464788825,215.443151185235,215.443151185235,12224239.0,sample,2026-09-24 19:05:19.865913+00:00
META,2025-01-02 19:40:00+00:00,214.97603257539092,215.84984856317084,213.6956870304027,215.59361163971863,215.59361163971863,6835664.0,sample,2026-09-24 19:05:19.865913+00:00
META,2025-01-02 19:45:00+00:00,215.70454639376686,216.5019636403781,214.43686764657738,215.80704984235285,215.80704984235285,11950149.0,sample,2026-09-24 19:05:19.865913+00:00
META,2025-01-02 19:50:00+00:00,215.84317948397958,217.84971304210845,212.38013254541355,214.66714748666865,214.66714748666865,12705248.0,sample,2026-09-24 19:05:19.865913+00:00
META,2025-01-02 19:55:00+00:00,214.54474704780952,216.46422254872323,213.27731641729554,215.57183575195643,215.57183575195643,9160076.0,sample,2026-09-24 19:05:19.865913+00:00
META,2025-01-02 20:00:00+00:00,215.6575097566767,217.11528494865482,215.0791687768865,215.34471928692307,215.34471928692307,13010940.0,sample,2026-09-24 19:05:19.865913+00:00
META,2025-01-02 20:05:00+00:00,214.9126825484304,216.2901864014226,213.24094209442495,215.3000863110168,215.3000863110168,13585828.0,sample,2026-09-24 19:05:19.865913+00:00
META,2025-01-02 20:10:00+00:00,215.74343650324764,218.1529164617045,214.6247795086417,215.48447547027055,215.48447547027055,11084200.0,sample,2026-09-24 19:05:19.865913+00:00
META,2025-01-02 20:15:00+00:00,216.19395157109054,217.94957206243876,214.70592202258769,215.10185641015428,215.10185641015428,8434364.0,sample,2026-09-24 19:05:19.865913+00:00
META,2025-01-02 20:20:00+00:00,215.11349327618714,216.9284225000652,212.6022818935505,215.95756044776522,215.95756044776522,10993934.0,sample,2026-09-24 19:05:19.865913+00:00
META,2025-01-02 20:25:00+00:00,216.17836960819434,218.01977093594755,214.82218503344174,217.33638389303616,217.33638389303616,16579081.0,sample,2026-09-24 19:05:19.865913+00:00
META,2025-01-02 20:30:00+00:00,217.19874464080104,219.03193940842849,214.84129841891578,217.47311259433127,217.47311259433127,3737580.0,sample,2026-09-24 19:05:19.865913+00:00
META,2025-01-02 20:35:00+00:00,217.79726529734646,220.83990946443998,216.39400655321955,218.27807752117738,218.27807752117738,12328517.0,sample,2026-09-24 19:05:19.865913+00:00
META,2025-01-02 20:40:00+00:00,218.23067256733066,222.58711737308047,217.81829850179918,219.95752088757857,219.95752088757857,17997750.0,sample,2026-09-24 19:05:19.865913+00:00
META,2025-01-02 20:45:00+00:00,219.78812972602225,221.7964210156658,217.67332016356866,220.58860791103746,220.58860791103746,15657805.0,sample,2026-09-24 19:05:19.865913+00:00
META,2025-01-02 20:50:00+00:00,220.59802553357386,222.07508547302336,219.3723948490704,220.41971237597753,220.41971237597753,15646907.0,sample,2026-09-24 19:05:19.865913+00:00
META,2025-01-02 20:55:00+00:00,220.13947446105956,221.98938133889945,218.42819788225884,221.52420522495058,221.52420522495058,14988568.0,sample,2026-09-24 19:05:19.865913+00:00
META,2025-01-02 21:00:00+00:00,221.45928527559337,221.91448073004472,219.075467157368,221.68864434088437,221.68864434088437,17422119.0,sample,2026-09-24 19:05:19.865913+00:00
META,2025-01-02 21:05:00+00:00,221.89072606646175,222.37195007008987,219.46907541084587,221.56464380677502,221.56464380677502,9259225.0,sample,2026-09-24 19:05:19.865913+00:00
META,2025-01-02 21:10:00+00:00,221.1799732377421,222.76597376554,219.1671264282509,220.32357905486055,220.32357905486055,5200457.0,sample,2026-09-24 19:05:19.865913+00:00
META,2025-01-02 21:15:00+00:00,220.58190629105073,222.2574727258447,219.3797441344141,220.49063428563963,220.49063428563963,12450581.0,sample,2026-09-24 19:05:19.865913+00:00
META,2025-01-02 21:20:00+00:00,220.33126043268135,221.34152267701174,217.88468036669494,219.770314355149,219.770314355149,5573940.0,sample,2026-09-24 19:05:19.865913+00:00
META,2025-01-02 21:25:00+00:00,219.96524100060125,222.1219358192455,218.4081831304541,220.0241835397256,220.0241835397256,5655226.0,sample,2026-09-24 19:05:19.865913+00:00
META,2025-01-02 21:30:00+00:00,219.581096862283,221.30163849245957,216.11159925236362,218.18262614059338,218.18262614059338,5124553.0,sample,2026-09-24 19:05:19.865913+00:00
META,2025-01-02 21:35:00+00:00,217.68892632224018,218.15758273108716,215.84850558381163,217.1566317188272,217.1566317188272,13827904.0,sample,2026-09-24 19:05:19.865913+00:00
META,2025-01-02 21:40:00+00:00,217.3708857402069,219.2498066824807,215.32432131240748,218.4534324347299,218.4534324347299,11707996.0,sample,2026-09-24 19:05:19.865913+00:00
META,2025-01-02 21:45:00+00:00,218.27187122144574,222.1372476046967,216.54510364277797,220.00551420598322,220.00551420598322,6672321.0,sample,2026-09-24 19:05:19.865913+00:00
META,2025-01-02 21:50:00+00:00,220.16743467926682,222.76735758364302,219.08912498580463,220.33128307642997,220.33128307642997,12649863.0,sample,2026-09-24 19:05:19.865913+00:00
META,2025-01-02 21:55:00+00:00,221.03706917402175,222.84189619211796,220.21726658247957,220.5722070460589,220.5722070460589,1868675.0,sample,2026-09-24 19:05:19.865913+00:00
META,2025-01-02 22:00:00+00:00,220.97264979136253,222.74566417355,216.02100800371676,218.4889666739346,218.4889666739346,12497322.0,sample,2026-09-24 19:05:19.865913+00:00
META,2025-01-02 22:05:00+00:00,218.35324878528638,219.2942546228827,216.95791850329772,218.87312437408468,218.87312437408468,4032261.0,sample,2026-09-24 19:05:19.865913+00:00
META,2025-01-02 22:10:00+00:00,219.65966943625986,221.8372950931748,216.3872005703688,218.2329416978237,218.2329416978237,5420807.0,sample,2026-09-24 19:05:19.865913+00:00
META,2025-01-02 22:15:00+00:00,217.8976474417367,218.57179042286023,214.78651380875127,216.26819561826312,216.26819561826312,4313717.0,sample,2026-09-24 19:05:19.865913+00:00
META,2025-01-02 22:20:00+00:00,215.47452629370864,217.07530654701543,213.82579202677047,215.31759554687247,215.31759554687247,11984446.0,sample,2026-09-24 19:05:19.865913+00:00
META,2025-01-02 22:25:00+00:00,216.3497259248007,218.47140434820588,212.1523565020702,214.31520588150892,214.31520588150892,10867766.0,sample,2026-09-24 19:05:19.865913+00:00
META,2025-01-02 22:30:00+00:00,214.13016108457884,216.02943050901177,213.48990894114144,214.82244916670703,214.82244916670703,11527391.0,sample,2026-09-24 19:05:19.865913+00:00
META,2025-01-02 22:35:00+00:00,215.21700110460688,216.99557351296139,214.33421539752175,214.9134370800811,214.9134370800811,14703821.0,sample,2026-09-24 19:05:19.865913+00:00
META,2025-01-02 22:40:00+00:00,214.65897277783785,218.88967282865042,213.16172145962173,216.9378670383898,216.9378670383898,4786062.0,sample,2026-09-24 19:05:19.865913+00:00
META,2025-01-02 22:45:00+00:00,217.32716640950903,220.21148676355918,216.71467224475415,218.18370073490448,218.18370073490448,17415927.0,sample,2026-09-24 19:05:19.865913+00:00
META,2025-01-02 22:50:00+00:00,218.28973320367743,219.88198365313522,217.46159351921384,218.19653987771835,218.19653987771835,5605410.0,sample,2026-09-24 19:05:19.865913+00:00
META,2025-01-02 22:55:00+00:00,219.3589646241418,221.62225937434977,216.41138545266588,218.63357765897575,218.63357765897575,11132135.0,sample,2026-09-24 19:05:19.865913+00:00
META,2025-01-02 23:00:00+00:00,218.51290690445333,218.85438945265815,217.25700763551257,217.50665781334843,217.50665781334843,5653628.0,sample,2026-09-24 19:05:19.865913+00:00
META,2025-01-02 23:05:00+00:00,218.13846572821737,219.64609393943314,217.6737457807793,218.2284759688164,218.2284759688164,6197769.0,sample,2026-09-24 19:05:19.865913+00:00
META,2025-01-02 23:10:00+00:00,218.388550378047,220.626574937501,215.96738213120415,217.90559698569356,217.90559698569356,5301050.0,sample,2026-09-24 19:05:19.865913+00:00
META,2025-01-02 23:15:00+00:00,218.33460093369052,220.3370955682498,215.53575453254484,218.03748437374452,218.03748437374452,16445612.0,sample,2026-09-24 19:05:19.865913+00:00
META,2025-01-02 23:20:00+00:00,218.1826803120002,219.6912346685246,217.59833847041193,218.3315344312313,218.3315344312313,15812703.0,sample,2026-09-24 19:05:19.865913+00:00
META,2025-01-02 23:25:00+00:00,218.40724659202576,219.58145083269062,216.32646511784387,218.37457928507484,218.37457928507484,2116999.0,sample,2026-09-24 19:05:19.865913+00:00
META,2025-01-02 23:30:00+00:00,217.7898978466037,219.95915228714227,216.42047244568798,218.0127627954273,218.0127627954273,8108823.0,sample,2026-09-24 19:05:19.865913+00:00
META,2025-01-02 23:35:00+00:00,218.27633252635815,218.96720271126117,217.31809498983466,218.6765527559751,218.6765527559751,11194010.0,sample,2026-09-24 19:05:19.865913+00:00
META,2025-01-02 23:40:00+00:00,217.96221980545533,221.42001444911037,215.80945153829137,219.36815026138285,219.36815026138285,2274743.0,sample,2026-09-24 19:05:19.865913+00:00
META,2025-01-02 23:45:00+00:00,219.39520384145757,220.08206640641748,214.94864140520676,217.1405686820425,217.1405686820425,7776416.0,sample,2026-09-24 19:05:19.865913+00:00
META,2025-01-02 23:50:00+00:00,217.51045054535723,219.11854148268054,216.05041839808655,216.61157375125788,216.61157375125788,2457021.0,sample,2026-09-24 19:05:19.865913+00:00
META,2025-01-02 23:55:00+00:00,216.61752992123496,217.33510733818824,214.3675822375588,216.45810942421022,216.45810942421022,13115894.0,sample,2026-09-24 19:05:19.865913+00:00
META,2025-01-03 00:00:00+00:00,216.7701890308969,217.89401551339034,213.49507355083153,215.95467295141225,215.95467295141225,11020479.0,sample,2026-09-24 19:05:19.865913+00:00
META,2025-01-03 00:05:00+00:00,216.52397332377464,217.86277392043792,215.8283168032619,216.10482663079668,216.10482663079668,7663660.0,sample,2026-09-24 19:05:19.865913+00:00
META,2025-01-03 00:10:00+00:00,216.5667167227912,217.43557536308094,216.27658622804861,216.8667132061602,216.8667132061602,5108779.0,sample,2026-09-24 19:05:19.865913+00:00
META,2025-01-03 00:15:00+00:00,216.9337246906189,218.4135187567057,216.05309832259576,217.00293419990453,217.00293419990453,10603166.0,sample,2026-09-24 19:05:19.865913+00:00
META,2025-01-03 00:20:00+00:00,217.03879246960875,218.81899401243777,214.9474325749093,216.87719593968822,216.87719593968822,7464754.0,sample,2026-09-24 19:05:19.865913+00:00
META,2025-01-03 00:25:00+00:00,217.30407833448376,219.99507458018473,216.67791046548965,217.8126796276966,217.8126796276966,8696124.0,sample,2026-09-24 19:05:19.865913+00:00
META,2025-01-03 00:30:00+00:00,217.92484997029052,219.17138988529075,215.44872964737596,218.17126398766524,218.17126398766524,14517324.0,sample,2026-09-24 19:05:19.865913+00:00
META,2025-01-03 00:35:00+00:00,218.12156537173976,218.8714212540957,217.8858275585809,218.47198997761723,218.47198997761723,12952093.0,sample,2026-09-24 19:05:19.865913+00:00
META,2025-01-03 00:40:00+00:00,218.17413739319935,222.08712283938223,217.21379918981143,220.37538039972583,220.37538039972583,12074398.0,sample,2026-09-24 19:05:19.865913+00:00
META,2025-01-03 00:45:00+00:00,220.35234900073067,223.65450128856546,218.11765287362837,221.41761613512278,221.41761613512278,3700684.0,sample,2026-09-24 19:05:19.865913+00:00
META,2025-01-03 00:50:00+00:00,221.4126244586949,222.73357497956707,219.190813364792,220.58957764746324,220.58957764746324,17230678.0,sample,2026-09-24 19:05:19.865913+00:00
META,2025-01-03 00:55:00+00:00,220.29054368258093,224.3394063596648,217.84377072285696,221.87259751143534,221.87259751143534,2237080.0,sample,2026-09-24 19:05:19.865913+00:00
META,2025-01-03 01:00:00+00:00,222.04996544192053,223.75364125239574,218.79229896648425,221.2910713932953,221.2910713932953,12567577.0,sample,2026-09-24 19:05:19.865913+00:00
META,2025-01-03 01:05:00+00:00,221.42416525060773,221.9957142586542,220.97069058439163,221.5598364280291,221.5598364280291,10355625.0,sample,2026-09-24 19:05:19.865913+00:00
META,2025-01-03 01:10:00+00:00,220.9791404433197,221.46804265980884,218.335231828796,219.96129411524743,219.96129411524743,13538081.0,sample,2026-09-24 19:05:19.865913+00:00
META,2025-01-03 01:15:00+00:00,219.45191359925818,221.46978695657606,218.42943488719752,220.9210793096961,220.9210793096961,4210132.0,sample,2026-09-24 19:05:19.865913+00:00
META,2025-01-03 01:20:00+00:00,221.22162200235869,221.67482417738697,217.60202310226938,219.41159657142356,219.41159657142356,1609081.0,sample,2026-09-24 19:05:19.865913+00:00
META,2025-01-03 01:25:00+00:00,219.79249747098973,221.32666088044678,219.37745616559863,219.84582548555048,219.84582548555048,10796629.0,sample,2026-09-24 19:05:19.865913+00:00
META,2025-01-03 01:30:00+00:00,220.30334888253174,223.82848000461885,219.80832460313363,221.76754509112732,221.76754509112732,5858823.0,sample,2026-09-24 19:05:19.865913+00:00
META,2025-01-03 01:35:00+00:00,221.8899810141929,224.69105984884277,221.04298486497893,222.34143577678563,222.34143577678563,15546657.0,sample,2026-09-24 19:05:19.865913+00:00
META,2025-01-03 01:40:00+00:00,222.35511841283434,223.18629675165815,220.7960697868581,222.3862032307598,222.3862032307598,11446236.0,sample,2026-09-24 19:05:19.865913+00:00
META,2025-01-03 01:45:00+00:00,222.05144326848526,223.08125983076366,219.23073878203104,221.47786002804773,221.47786002804773,17429037.0,sample,2026-09-24 19:05:19.865913+00:00
META,2025-01-03 01:50:00+00:00,221.64731300923876,222.88540143214578,219.8832817029801,221.19256991100656,221.19256991100656,3423835.0,sample,2026-09-24 19:05:19.865913+00:00
META,2025-01-03 01:55:00+00:00,220.612862721239,224.5961071358015,219.462984700261,221.96985249343078,221.96985249343078,11277853.0,sample,2026-09-24 19:05:19.865913+00:00
META,2025-01-03 02:00:00+00:00,221.1167910498981,222.66482974873554,218.30207420063368,219.83551224747595,219.83551224747595,11844310.0,sample,2026-09-24 19:05:19.865913+00:00
META,2025-01-03 02:05:00+00:00,219.84243335973457,220.32220027160324,217.63161315130182,218.8092177144022,218.8092177144022,15064966.0,sample,2026-09-24 19:05:19.865913+00:00
META,2025-01-03 02:10:00+00:00,218.75180688848766,220.82166547219296,216.42066761832143,219.85162170342795,219.85162170342795,13019987.0,sample,2026-09-24 19:05:19.865913+00:00
META,2025-01-03 02:15:00+00:00,220.45772265952615,220.98012965935632,219.04798341451942,219.36077493978704,219.36077493978704,17634839.0,sample,2026-09-24 19:05:19.865913+00:00
META,2025-01-03 02:20:00+00:00,218.98528868436057,221.22791063752018,218.74561223724444,220.2875574132089,220.2875574132089,1799622.0,sample,2026-09-24 19:05:19.865913+00:00
META,2025-01-03 02:25:00+00:00,219.97437328349534,223.37507504409484,218.11301842177735,220.77019814798376,220.77019814798376,12392505.0,sample,2026-09-24 19:05:19.865913+00:00
META,2025-01-03 02:30:00+00:00,220.45234511629008,221.57781337713524,217.86228168991065,219.86842782759314,219.86842782759314,12335508.0,sample,2026-09-24 19:05:19.865913+00:00
META,2025-01-03 02:35:00+00:00,219.4618754156316,220.11018951923492,217.48678011228813,219.63611493009734,219.63611493009734,11667793.0,sample,2026-09-24 19:05:19.865913+00:00
META,2025-01-03 02:40:00+00:00,219.96003655595067,222.07285568831765,218.0921174478164,220.8027214440286,220.8027214440286,9205741.0,sample,2026-09-24 19:05:19.865913+00:00
META,2025-01-03 02:45:00+00:00,221.0059499642968,223.4029110765173,218.33349634489244,220.41051972755335,220.41051972755335,13147034.0,sample,2026-09-24 19:05:19.865913+00:00
META,2025-01-03 02:50:00+00:00,220.8335635664509,221.1396185886578,219.81277163032757,220.28353597414116,220.28353597414116,4744889.0,sample,2026-09-24 19:05:19.865913+00:00
META,2025-01-03 02:55:00+00:00,220.0650388116312,221.28875468718965,217.71071671251286,220.6792768162784,220.6792768162784,5989716.0,sample,2026-09-24 19:05:19.865913+00:00
META,2025-01-03 03:00:00+00:00,220.7628796217348,221.0531363848478,219.64172770265176,220.08945912686713,220.08945912686713,4346117.0,sample,2026-09-24 19:05:19.865913+00:00
META,2025-01-03 03:05:00+00:00,220.57593548204503,222.01731699392806,219.4377256751725,219.74464727948697,219.74464727948697,10523029.0,sample,2026-09-24 19:05:19.865913+00:00
META,2025-01-03 03:10:00+00:00,219.54523556147907,220.59075908255173,216.99707857664393,220.11257297131485,220.11257297131485,3142997.0,sample,2026-09-24 19:05:19.865913+00:00
META,2025-01-03 03:15:00+00:00,219.62877093536895,220.7614755587483,218.27098547838358,219.85396720174492,219.85396720174492,11134607.0,sample,2026-09-24 19:05:19.865913+00:00
META,2025-01-03 03:20:00+00:00,218.87934624155184,222.16750135851282,217.31215951913921,219.76826416465443,219.76826416465443,15693093.0,sample,2026-09-24 19:05:19.865913+00:00
META,2025-01-03 03:25:00+00:00,219.89812855605174,221.50206119969312,217.6828908067011,220.27990374612202,220.27990374612202,10289196.0,sample,2026-09-24 19:05:19.865913+00:00
META,2025-01-03 03:30:00+00:00,220.16707557946918,223.16117382106572,218.6539008209383,221.86531936964238,221.86531936964238,8203820.0,sample,2026-09-24 19:05:19.865913+00:00
META,2025-01-03 03:35:00+00:00,221.01021801585216,221.99795163479104,218.38819675352119,221.76889340165982,221.76889340165982,3942075.0,sample,2026-09-24 19:05:19.865913+00:00
META,2025-01-03 03:40:00+00:00,221.7572804850686,222.93378173565847,218.78016453908128,221.20371475937898,221.20371475937898,16109882.0,sample,2026-09-24 19:05:19.865913+00:00
META,2025-01-03 03:45:00+00:00,221.68125853113958,224.49235440231874,220.9270839802948,223.8757963377561,223.8757963377561,8482186.0,sample,2026-09-24 19:05:19.865913+00:00
META,2025-01-03 03:50:00+00:00,224.60593281655684,227.32467691700026,222.05307168351808,224.7689460384661,224.7689460384661,12607806.0,sample,2026-09-24 19:05:19.865913+00:00
META,2025-01-03 03:55:00+00:00,224.41301280108325,226.6738273221026,220.5879571368241,223.03056610722584,223.03056610722584,12957103.0,sample,2026-09-24 19:05:19.865913+00:00
META,2025-01-03 04:00:00+00:00,223.33338731937081,225.42737644948193,221.23522315611876,222.6037469230864,222.6037469230864,14547047.0,sample,2026-09-24 19:05:19.865913+00:00
META,2025-01-03 04:05:00+00:00,222.7137606409635,223.16844493103784,219.11279644794587,221.12888702978694,221.12888702978694,6524769.0,sample,2026-09-24 19:05:19.865913+00:00
META,2025-01-03 04:10:00+00:00,221.43510288033957,224.2571240205415,220.04687499155392,221.84013654380837,221.84013654380837,7635147.0,sample,2026-09-24 19:05:19.865913+00:00
META,2025-01-03 04:15:00+00:00,221.89414632813168,222.85330031907415,218.40032476280157,220.80568320518154,220.80568320518154,4003506.0,sample,2026-09-24 19:05:19.865913+00:00
META,2025-01-03 04:20:00+00:00,219.9916996067229,222.051248815679,219.08569050711472,220.4001431374018,220.4001431374018,7801258.0,sample,2026-09-24 19:05:19.865913+00:00
META,2025-01-03 04:25:00+00:00,221.02022663435923,223.85028370204634,218.8004757018722,221.94370555517196,221.94370555517196,10885299.0,sample,2026-09-24 19:05:19.865913+00:00
META,2025-01-03 04:30:00+00:00,222.2219912131815,223.5142070400472,220.92150244384882,221.38895784622608,221.38895784622608,11475480.0,sample,2026-09-24 19:05:19.865913+00:00
META,2025-01-03 04:35:00+00:00,221.30519479641234,223.4501028823999,219.2393351766339,221.43294920464703,221.43294920464703,13158412.0,sample,2026-09-24 19:05:19.865913+00:00
META,2025-01-03 04:40:00+00:00,221.4089693522046,222.82177301637154,220.19030940605583,221.80466283084763,221.80466283084763,15669716.0,sample,2026-09-24 19:05:19.865913+00:00
META,2025-01-03 04:45:00+00:00,221.80312211969294,224.6896960072407,219.94139601960373,222.776351907761,222.776351907761,13053482.0,sample,2026-09-24 19:05:19.865913+00:00
META,2025-01-03 04:50:00+00:00,223.00515063966083,225.57807162272,221.75790534408625,223.79131415979603,223.79131415979603,15049783.0,sample,2026-09-24 19:05:19.865913+00:00
META,2025-01-03 04:55:00+00:00,224.04372971921447,227.7049836636857,222.67812904532738,225.22448745017766,225.22448745017766,17484378.0,sample,2026-09-24 19:05:19.865913+00:00
META,2025-01-03 05:00:00+00:00,224.38238275784252,226.0138998188724,221.8323089893625,224.66678703289512,224.66678703289512,13270531.0,sample,2026-09-24 19:05:19.865913+00:00
META,2025-01-03 05:05:00+00:00,224.49337484241738,227.02566983797965,222.43781064956775,225.12314691608478,225.12314691608478,13210063.0,sample,2026-09-24 19:05:19.865913+00:00
META,2025-01-03 05:10:00+00:00,224.85710209106512,227.28087438267266,222.26130010713453,223.56697887749888,223.56697887749888,17180897.0,sample,2026-09-24 19:05:19.865913+00:00
META,2025-01-03 05:15:00+00:00,223.70114086678402,224.8720003925525,221.55321423625261,223.5918356859617,223.5918356859617,16318506.0,sample,2026-09-24 19:05:19.865913+00:00
META,2025-01-03 05:20:00+00:00,223.31741445474623,225.80751836632382,221.40843567305427,223.43501868946038,223.43501868946038,15608082.0,sample,2026-09-24 19:05:19.865913+00:00
META,2025-01-03 05:25:00+00:00,223.32239721458052,227.7564250718418,220.94454226267223,225.07401126083042,225.07401126083042,8280059.0,sample,2026-09-24 19:05:19.865913+00:00
META,2025-01-03 05:30:00+00:00,224.21263846270043,226.4154535463412,221.7773118042189,225.37916758669402,225.37916758669402,8405323.0,sample,2026-09-24 19:05:19.865913+00:00
META,2025-01-03 05:35:00+00:00,225.0534676255598,226.31814624650428,222.947384269075,225.04645922633853,225.04645922633853,14135896.0,sample,2026-09-24 19:05:19.865913+00:00
META,2025-01-03 05:40:00+00:00,224.6523244659629,225.18912952678377,224.37105323130882,224.7078156159698,224.7078156159698,10033884.0,sample,2026-09-24 19:05:19.865913+00:00
META,2025-01-03 05:45:00+00:00,225.02910745940846,225.400515294645,221.8045195511818,223.8695002835883,223.8695002835883,12081229.0,sample,2026-09-24 19:05:19.865913+00:00
META,2025-01-03 05:50:00+00:00,224.15996706340133,225.1669118737668,222.50660212490786,223.40313696743254,223.40313696743254,7802358.0,sample,2026-09-24 19:05:19.865913+00:00
META,2025-01-03 05:55:00+00:00,223.90668890691353,225.317762484636,220.9198992398328,222.7531894560377,222.7531894560377,11376122.0,sample,2026-09-24 19:05:19.865913+00:00
META,2025-01-03 06:00:00+00:00,222.290368282807,225.20192021291604,219.90320306428688,222.718611657434,222.718611657434,11922897.0,sample,2026-09-24 19:05:19.865913+00:00
META,2025-01-03 06:05:00+00:00,222.651446933676,224.19400208998488,220.94983057034278,222.1583314938327,222.1583314938327,4625625.0,sample,2026-09-24 19:05:19.865913+00:00
META,2025-01-03 06:10:00+00:00,222.24898621789822,224.06587557590996,219.97689997260582,222.15063988603444,222.15063988603444,6832244.0,sample,2026-09-24 19:05:19.865913+00:00
META,2025-01-03 06:15:00+00:00,222.7203148209635,224.8677709518779,222.00066582005778,223.0695438116287,223.0695438116287,7567881.0,sample,2026-09-24 19:05:19.865913+00:00
META,2025-01-03 06:20:00+00:00,223.3112671976515,224.28559477917455,221.25775633360155,221.9987817394632,221.9987817394632,17763958.0,sample,2026-09-24 19:05:19.865913+00:00
META,2025-01-03 06:25:00+00:00,222.41711314005846,224.30101045131687,220.28086050664598,221.26512232665166,221.26512232665166,2884367.0,sample,2026-09-24 19:05:19.865913+00:00
META,2025-01-03 06:30:00+00:00,221.4741346560218,223.61346927589233,218.05245361303324,220.0662969236506,220.0662969236506,15942829.0,sample,2026-09-24 19:05:19.865913+00:00
META,2025-01-03 06:35:00+00:00,220.84274646497053,222.85883995178315,220.01026274190053,221.88464850647395,221.88464850647395,16972904.0,sample,2026-09-24 19:05:19.865913+00:00
META,2025-01-03 06:40:00+00:00,222.09913206843066,223.6654813168808,220.43585465008414,223.38530162027115,223.38530162027115,7397983.0,sample,2026-09-24 19:05:19.865913+00:00
META,2025-01-03 06:45:00+00:00,223.42330012627008,226.07154407681443,222.66968764489425,223.81868430440448,223.81868430440448,2231612.0,sample,2026-09-24 19:05:19.865913+00:00
META,2025-01-03 06:50:00+00:00,224.06736829009895,226.75002998840245,222.78055171255122,223.83934377076494,223.83934377076494,9363590.0,sample,2026-09-24 19:05:19.865913+00:00
META,2025-01-03 06:55:00+00:00,224.35453214520368,224.7192663917971,221.79350802468116,222.94211002928066,222.94211002928066,7800424.0,sample,2026-09-24 19:05:19.865913+00:00
META,2025-01-03 07:00:00+00:00,223.4372175725083,224.9339652988769,221.53306519914074,223.8403307167683,223.8403307167683,9117365.0,sample,2026-09-24 19:05:19.865913+00:00
META,2025-01-03 07:05:00+00:00,223.3835687556332,226.53200396725845,220.7175448356481,223.9025417927717,223.9025417927717,2166550.0,sample,2026-09-24 19:05:19.865913+00:00
META,2025-01-03 07:10:00+00:00,223.83414533055358,224.93477811706623,221.1582526374658,224.26447259567615,224.26447259567615,8763559.0,sample,2026-09-24 19:05:19.865913+00:00
META,2025-01-03 07:15:00+00:00,223.91720046404484,226.08304681850194,223.54583732784164,224.32834620715886,224.32834620715886,14400485.0,sample,2026-09-24 19:05:19.865913+00:00
META,2025-01-03 07:20:00+00:00,224.16343320049455,225.15534408105913,219.79506622489797,221.67914648023108,221.67914648023108,10244993.0,sample,2026-09-24 19:05:19.865913+00:00
META,2025-01-03 07:25:00+00:00,221.12974943093604,221.46034382490726,218.19359123279156,220.14833885471606,220.14833885471606,6369005.0,sample,2026-09-24 19:05:19.865913+00:00
META,2025-01-03 07:30:00+00:00,221.03525577850087,221.3042083923809,217.3877978388573,219.65663559794672,219.65663559794672,9619010.0,sample,2026-09-24 19:05:19.865913+00:00
META,2025-01-03 07:35:00+00:00,219.67449726030387,221.90933860593563,218.89287252416656,220.11402235558236,220.11402235558236,16318132.0,sample,2026-09-24 19:05:19.865913+00:00
META,2025-01-03 07:40:00+00:00,219.80309564681284,221.797512210543,218.36736741597124,219.18481330695886,219.18481330695886,16124720.0,sample,2026-09-24 19:05:19.865913+00:00
META,2025-01-03 07:45:00+00:00,218.90840625342273,220.99260129294595,217.76013481573398,219.3231181483349,219.3231181483349,13435353.0,sample,2026-09-24 19:05:19.865913+00:00
META,2025-01-03 07:50:00+00:00,219.47877543677987,221.79595870424387,218.41109413510026,218.98394866108163,218.98394866108163,15547713.0,sample,2026-09-24 19:05:19.865913+00:00
META,2025-01-03 07:55:00+00:00,218.59071586721242,220.85779619056268,215.99781579185037,217.96886692113307,217.96886692113307,12480275.0,sample,2026-09-24 19:05:19.865913+00:00
META,2025-01-03 08:00:00+00:00,217.84806682772071,219.27360490424115,216.79915564973726,218.51817601591006,218.51817601591006,10559612.0,sample,2026-09-24 19:05:19.865913+00:00
META,2025-01-03 08:05:00+00:00,218.6982647710516,221.1691274654359,215.17137251360572,217.48226108485832,217.48226108485832,15672699.0,sample,2026-09-24 19:05:19.865913+00:00
META,2025-01-03 08:10:00+00:00,217.73242124808547,219.90429703210637,214.13070810975628,216.3292252881904,216.3292252881904,13031051.0,sample,2026-09-24 19:05:19.865913+00:00
META,2025-01-03 08:15:00+00:00,216.31716874393015,218.75353504418442,214.6255882130043,217.80838258982118,217.80838258982118,12512352.0,sample,2026-09-24 19:05:19.865913+00:00
META,2025-01-03 08:20:00+00:00,217.54999065746134,220.063881469199,217.31421149098605,219.10666475184624,219.10666475184624,13277490.0,sample,2026-09-24 19:05:19.865913+00:00
META,2025-01-03 08:25:00+00:00,220.24707028103026,221.5361929607582,218.83115993878783,219.3286470601283,219.3286470601283,3308648.0,sample,2026-09-24 19:05:19.865913+00:00
META,2025-01-03 08:30:00+00:00,219.0907990531867,222.80121033577564,216.83025710544393,220.3789693130163,220.3789693130163,4697711.0,sample,2026-09-24 19:05:19.865913+00:00
META,2025-01-03 08:35:00+00:00,220.32106122393384,220.99645237509074,219.28654581582447,219.78314762805059,219.78314762805059,15580505.0,sample,2026-09-24 19:05:19.865913+00:00
META,2025-01-03 08:40:00+00:00,219.52194021050084,220.94049625549602,217.77590927327608,219.56929464070268,219.56929464070268,6167328.0,sample,2026-09-24 19:05:19.865913+00:00
META,2025-01-03 08:45:00+00:00,220.3550499312069,221.8756333499649,218.41105311474675,219.94013469877908,219.94013469877908,6604332.0,sample,2026-09-24 19:05:19.865913+00:00
META,2025-01-03 08:50:00+00:00,219.5271360033379,221.75387968379852,217.44508843911427,220.3178542384763,220.3178542384763,17297888.0,sample,2026-09-24 19:05:19.865913+00:00
META,2025-01-03 08:55:00+00:00,220.3199697304778,223.1845766634327,218.0632575122877,220.8745929519502,220.8745929519502,8018440.0,sample,2026-09-24 19:05:19.865913+00:00
META,2025-01-03 09:00:00+00:00,219.91219880662004,221.56773587449996,217.58491683545978,219.72695840636322,219.72695840636322,1809521.0,sample,2026-09-24 19:05:19.865913+00:00
META,2025-01-03 09:05:00+00:00,219.44151505695143,221.96553498815499,218.5207490238359,220.64485830057373,220.64485830057373,16699116.0,sample,2026-09-24 19:05:19.865913+00:00
META,2025-01-03 09:10:00+00:00,221.04989511744475,221.74944670500594,219.2703944963012,219.6935272757145,219.6935272757145,16301897.0,sample,2026-09-24 19:05:19.865913+00:00
META,2025-01-03 09:15:00+00:00,219.4700793584072,220.34274844389554,217.09615477318545,219.6880162801997,219.6880162801997,10644239.0,sample,2026-09-24 19:05:19.865913+00:00
META,2025-01-03 09:20:00+00:00,219.12580967286743,224.67092264230808,216.5536307525254,222.11638999592913,222.11638999592913,5445002.0,sample,2026-09-24 19:05:19.865913+00:00
META,2025-01-03 09:25:00+00:00,221.67106741387175,225.01517903863393,220.57257073446684,223.09443245370156,223.09443245370156,3546563.0,sample,2026-09-24 19:05:19.865913+00:00
META,2025-01-03 09:30:00+00:00,223.30252154694676,225.67286981758386,221.52441814442398,222.6974530448366,222.6974530448366,16050917.0,sample,2026-09-24 19:05:19.865913+00:00
META,2025-01-03 09:35:00+00:00,223.11180827300143,225.67450829115376,221.92502376501966,223.07742426050874,223.07742426050874,11459714.0,sample,2026-09-24 19:05:19.865913+00:00
META,2025-01-03 09:40:00+00:00,223.08783136453096,223.79002200204155,221.01228475135824,222.47104090548007,222.47104090548007,2316723.0,sample,2026-09-24 19:05:19.865913+00:00
META,2025-01-03 09:45:00+00:00,221.99707475691082,224.56948597814798,219.34330782715085,221.92147843936058,221.92147843936058,15719405.0,sample,2026-09-24 19:05:19.865913+00:00
META,2025-01-03 09:50:00+00:00,221.9600108459639,224.38256733624766,220.78902505891625,221.2402587516943,221.2402587516943,4087385.0,sample,2026-09-24 19:05:19.865913+00:00
META,2025-01-03 09:55:00+00:00,221.17675510893238,222.44546570728434,218.83569376567266,220.9957953522594,220.9957953522594,15064255.0,sample,2026-09-24 19:05:19.865913+00:00
META,2025-01-03 10:00:00+00:00,221.00784463733905,222.58790112161864,220.3310047829716,221.07056454500847,221.07056454500847,13083683.0,sample,2026-09-24 19:05:19.865913+00:00
META,2025-01-03 10:05:00+00:00,221.55828751498524,224.2521886008518,219.36044180557496,221.73331636997852,221.73331636997852,9894759.0,sample,2026-09-24 19:05:19.865913+00:00
META,2025-01-03 10:10:00+00:00,221.621095875154,225.54856624688009,221.3821061746994,223.81641931814943,223.81641931814943,11694717.0,sample,2026-09-24 19:05:19.865913+00:00
META,2025-01-03 10:15:00+00:00,223.27223558636777,227.00279338592847,221.57884055963245,224.3451058527174,224.3451058527174,17740883.0,sample,2026-09-24 19:05:19.865913+00:00
META,2025-01-03 10:20:00+00:00,225.3516288141333,227.86008164573627,222.74025529460906,224.69343878080304,224.69343878080304,16729309.0,sample,2026-09-24 19:05:19.865913+00:00
META,2025-01-03 10:25:00+00:00,224.02169664803014,224.73618122990172,221.8136688525115,223.73762909086417,223.73762909086417,10076794.0,sample,2026-09-24 19:05:19.865913+00:00
META,2025-01-03 10:30:00+00:00,223.7071078383688,225.67888052639927,222.25015315397704,225.01848491135107,225.01848491135107,9626669.0,sample,2026-09-24 19:05:19.865913+00:00
META,2025-01-03 10:35:00+00:00,225.15206947376703,225.90602896878866,223.83772885152078,225.24569922976036,225.24569922976036,14127981.0,sample,2026-09-24 19:05:19.865913+00:00
META,2025-01-03 10:40:00+00:00,224.70303001707265,227.27817276487104,222.8832671356982,226.81835981613585,226.81835981613585,8476225.0,sample,2026-09-24 19:05:19.865913+00:00
META,2025-01-03 10:45:00+00:00,227.83954707683714,230.42871045965407,226.0743858926874,227.01666903827254,227.01666903827254,13571237.0,sample,2026-09-24 19:05:19.865913+00:00
META,2025-01-03 10:50:00+00:00,227.62225530318156,231.207899457231,226.98441096841995,228.71092860275164,228.71092860275164,15662709.0,sample,2026-09-24 19:05:19.865913+00:00
META,2025-01-03 10:55:00+00:00,228.55257566671963,230.098105954318,226.51618572662963,228.29775420935866,228.29775420935866,13112008.0,sample,2026-09-24 19:05:19.865913+00:00
META,2025-01-03 11:00:00+00:00,227.91472824559136,229.7817524029102,225.34960564714598,228.07131634279398,228.07131634279398,4923473.0,sample,2026-09-24 19:05:19.865913+00:00
META,2025-01-03 11:05:00+00:00,228.39333945615084,229.8683087942237,227.46093743723793,227.9970763085389,227.9970763085389,8099776.0,sample,2026-09-24 19:05:19.865913+00:00
META,2025-01-03 11:10:00+00:00,229.00220546064133,231.13877822393715,226.8186219134962,227.85527648117622,227.85527648117622,15144154.0,sample,2026-09-24 19:05:19.865913+00:00
META,2025-01-03 11:15:00+00:00,228.52501434599827,229.04226775292298,226.05080122219672,228.253160988294,228.253160988294,6309853.0,sample,2026-09-24 19:05:19.865913+00:00
META,2025-01-03 11:20:00+00:00,228.2000871385638,229.71324849006666,226.25029331150932,228.5241012282509,228.5241012282509,5826564.0,sample,2026-09-24 19:05:19.865913+00:00
META,2025-01-03 11:25:00+00:00,228.9634111231827,230.20295022918725,225.24661751316913,226.74804269208573,226.74804269208573,3483758.0,sample,2026-09-24 19:05:19.865913+00:00
META,2025-01-03 11:30:00+00:00,226.9360848399932,228.13162506948564,223.65541777421947,225.7335036413242,225.7335036413242,13110176.0,sample,2026-09-24 19:05:19.865913+00:00
META,2025-01-03 11:35:00+00:00,225.85646561184984,227.96615839429617,223.85027116970664,225.01069938092235,225.01069938092235,7136189.0,sample,2026-09-24 19:05:19.865913+00:00
META,2025-01-03 11:40:00+00:00,225.38499151743466,227.196551704157,224.51716260803207,225.54554304801843,225.54554304801843,17222234.0,sample,2026-09-24 19:05:19.865913+00:00
META,2025-01-03 11:45:00+00:00,225.56588286902482,226.67205317408332,224.424636639816,225.22988567829836,225.22988567829836,4503258.0,sample,2026-09-24 19:05:19.865913+00:00
META,2025-01-03 11:50:00+00:00,225.1624668122085,226.67909685141223,222.96657150422251,225.85488499222615,225.85488499222615,10109449.0,sample,2026-09-24 19:05:19.865913+00:00
META,2025-01-03 11:55:00+00:00,226.36296600244725,228.73462078674322,224.0474499896954,226.4438004138818,226.4438004138818,6417438.0,sample,2026-09-24 19:05:19.865913+00:00
META,2025-01-03 12:00:00+00:00,226.45857495561796,227.30633132088136,225.81106223514925,226.63134020571707,226.63134020571707,5379905.0,sample,2026-09-24 19:05:19.865913+00:00
META,2025-01-03 12:05:00+00:00,226.7776493709636,228.37150347914374,223.35915352496636,224.77718678053208,224.77718678053208,6997116.0,sample,2026-09-24 19:05:19.865913+00:00
META,2025-01-03 12:10:00+00:00,224.91772690619396,229.2616864997163,224.59354870751045,226.5899222317946,226.5899222317946,13924488.0,sample,2026-09-24 19:05:19.865913+00:00
META,2025-01-03 12:15:00+00:00,226.41251728681803,229.29240778166385,226.0691531566945,227.08809978387694,227.08809978387694,4633505.0,sample,2026-09-24 19:05:19.865913+00:00
META,2025-01-03 12:20:00+00:00,227.648284940136,229.1721405216,225.36376524315003,226.68431118460003,226.68431118460003,3876919.0,sample,2026-09-24 19:05:19.865913+00:00
META,2025-01-03 12:25:00+00:00,226.76755198300663,227.50282876403196,226.45258534563087,227.11273431515005,227.11273431515005,11061065.0,sample,2026-09-24 19:05:19.865913+00:00
META,2025-01-03 12:30:00+00:00,226.6424102765257,229.28114088020857,226.02339836684942,226.8053290488053,226.8053290488053,17012196.0,sample,2026-09-24 19:05:19.865913+00:00
META,2025-01-03 12:35:00+00:00,226.8451750476951,228.3994776733956,224.52374957862204,227.02176226837696,227.02176226837696,17783533.0,sample,2026-09-24 19:05:19.865913+00:00
META,2025-01-03 12:40:00+00:00,226.2684075928088,229.06730018033883,225.1471619296183,226.4222883912203,226.4222883912203,3786414.0,sample,2026-09-24 19:05:19.865913+00:00
META,2025-01-03 12:45:00+00:00,226.83925953322608,231.09290584059886,224.8474963658955,228.55537177786897,228.55537177786897,6918800.0,sample,2026-09-24 19:05:19.865913+00:00
META,2025-01-03 12:50:00+00:00,227.76741784243967,230.3896769203378,226.4305404863065,228.48452744379486,228.48452744379486,13375036.0,sample,2026-09-24 19:05:19.865913+00:00
META,2025-01-03 12:55:00+00:00,228.52350803083687,231.20047735907485,226.2806939542528,229.08799679841883,229.08799679841883,5194749.0,sample,2026-09-24 19:05:19.865913+00:00
META,2025-01-03 13:00:00+00:00,228.8081987225279,230.42112265110202,226.75953340448496,228.67051954983617,228.67051954983617,16943277.0,sample,2026-09-24 19:05:19.865913+00:00
META,2025-01-03 13:05:00+00:00,228.88134788547674,230.5321743580578,227.2148745416897,229.6677000272097,229.6677000272097,15202675.0,sample,2026-09-24 19:05:19.865913+00:00
META,2025-01-03 13:10:00+00:00,229.76589851261625,231.96548516095964,229.18326752643134,231.26917247574636,231.26917247574636,4383328.0,sample,2026-09-24 19:05:19.865913+00:00
META,2025-01-03 13:15:00+00:00,231.38771647191308,232.00077588485533,229.30069727691443,231.74854911223287,231.74854911223287,11936963.0,sample,2026-09-24 19:05:19.865913+00:00
META,2025-01-03 13:20:00+00:00,232.43520319282706,233.3473485294605,230.58532385865902,231.2778496043642,231.2778496043642,5613945.0,sample,2026-09-24 19:05:19.865913+00:00
META,2025-01-03 13:25:00+00:00,230.78431422494546,232.6609327080921,229.20463082696807,231.80956551156552,231.80956551156552,1822804.0,sample,2026-09-24 19:05:19.865913+00:00
META,2025-01-03 13:30:00+00:00,231.8343109473808,233.61529387983367,229.41625406493716,231.95181583491632,231.95181583491632,13679794.0,sample,2026-09-24 19:05:19.865913+00:00
META,2025-01-03 13:35:00+00:00,231.3156993163308,235.25100903644454,228.80381687807477,233.05864140236625,233.05864140236625,12579413.0,sample,2026-09-24 19:05:19.865913+00:00
META,2025-01-03 13:40:00+00:00,233.63386234560096,234.4026836482456,232.7595522189317,233.63059626807873,233.63059626807873,15982008.0,sample,2026-09-24 19:05:19.865913+00:00
META,2025-01-03 13:45:00+00:00,234.1447846699265,236.89574298300641,231.43799761830695,234.26248080380074,234.26248080380074,7024328.0,sample,2026-09-24 19:05:19.865913+00:00
META,2025-01-03 13:50:00+00:00,234.97860055675454,236.5711220698132,231.9849128873272,234.38857797042328,234.38857797042328,5947013.0,sample,2026-09-24 19:05:19.865913+00:00
META,2025-01-03 13:55:00+00:00,234.86803517060784,236.40993174804788,233.8276939601835,234.44211487907285,234.44211487907285,15506745.0,sample,2026-09-24 19:05:19.865913+00:00
META,2025-01-03 14:00:00+00:00,234.70411886988742,236.7702952755154,233.58394092625736,234.74741219325955,234.74741219325955,5842583.0,sample,2026-09-24 19:05:19.865913+00:00
META,2025-01-03 14:05:00+00:00,234.4231457106763,237.9174015137676,233.61653406233546,236.24347511950182,236.24347511950182,14467037.0,sample,2026-09-24 19:05:19.865913+00:00
META,2025-01-03 14:10:00+00:00,235.75328219618655,236.79767526515832,235.0870727620768,236.47883379575887,236.47883379575887,9586623.0,sample,2026-09-24 19:05:19.865913+00:00
META,2025-01-03 14:15:00+00:00,237.07459206376544,238.69466315211736,235.18650817488196,237.28758163584914,237.28758163584914,13137246.0,sample,2026-09-24 19:05:19.865913+00:00
META,2025-01-03 14:20:00+00:00,237.56179349963242,237.93885651981634,236.077971986962,237.06447039688524,237.06447039688524,14517827.0,sample,2026-09-24 19:05:19.865913+00:00
META,2025-01-03 14:25:00+00:00,236.47917044417076,237.65051985774522,234.686960811873,236.9519665070116,236.9519665070116,17742865.0,sample,2026-09-24 19:05:19.865913+00:00
META,2025-01-03 14:30:00+00:00,237.46680429120244,238.3332715869471,234.65396026296946,235.97917115270388,235.97917115270388,4688839.0,sample,2026-09-24 19:05:19.865913+00:00
META,2025-01-03 14:35:00+00:00,235.74067034501633,236.34164956198364,233.36324576791966,235.9484071288736,235.9484071288736,11308649.0,sample,2026-09-24 19:05:19.865913+00:00
META,2025-01-03 14:40:00+00:00,235.88260950382676,236.8085454429252,234.8488730702754,235.43890267702744,235.43890267702744,4010905.0,sample,2026-09-24 19:05:19.865913+00:00
META,2025-01-03 14:45:00+00:00,235.68184250946928,236.00547096203903,232.12121175880063,233.41888721920884,233.41888721920884,3072430.0,sample,2026-09-24 19:05:19.865913+00:00
META,2025-01-03 14:50:00+00:00,233.04538308922264,235.82954882711,230.86095133234025,232.61404102677707,232.61404102677707,9725249.0,sample,2026-09-24 19:05:19.865913+00:00
META,2025-01-03 14:55:00+00:00,233.16319483029912,235.45314803302168,229.301033494915,231.2303386082892,231.2303386082892,10651679.0,sample,2026-09-24 19:05:19.865913+00:00
META,2025-01-03 15:00:00+00:00,231.71981368244292,233.70753874211326,228.80659455065387,230.96521918282843,230.96521918282843,7972195.0,sample,2026-09-24 19:05:19.865913+00:00
META,2025-01-03 15:05:00+00:00,230.78451768717855,233.02377857862962,229.67289206234898,230.57518664037545,230.57518664037545,10932008.0,sample,2026-09-24 19:05:19.865913+00:00
META,2025-01-03 15:10:00+00:00,230.08300082931473,234.2563801371677,228.97549644635998,231.74555682723027,231.74555682723027,11671379.0,sample,2026-09-24 19:05:19.865913+00:00
META,2025-01-03 15:15:00+00:00,231.94858924653403,232.60390734404618,230.8743259320673,231.8480295387442,231.8480295387442,5703285.0,sample,2026-09-24 19:05:19.865913+00:00
META,2025-01-03 15:20:00+00:00,232.1813408035661,233.84938734186528,229.51814940414235,231.27948675524783,231.27948675524783,5606958.0,sample,2026-09-24 19:05:19.865913+00:00
META,2025-01-03 15:25:00+00:00,232.45524917583637,234.90034172435836,230.58690956456286,230.84453852310622,230.84453852310622,14305691.0,sample,2026-09-24 19:05:19.865913+00:00
META,2025-01-03 15:30:00+00:00,230.52914759047852,233.06161934139948,228.0180236466807,230.42194616961987,230.42194616961987,17722013.0,sample,2026-09-24 19:05:19.865913+00:00
META,2025-01-03 15:35:00+00:00,230.8894093756391,232.60913458972016,228.96163395235948,229.94748922489174,229.94748922489174,7678276.0,sample,2026-09-24 19:05:19.865913+00:00
META,2025-01-03 15:40:00+00:00,229.97598808023088,232.56068786880863,228.45119814439244,230.36446660296806,230.36446660296806,17545564.0,sample,2026-09-24 19:05:19.865913+00:00
META,2025-01-03 15:45:00+00:00,230.51922985779214,231.61325902694497,228.95607250141,229.8152984414053,229.8152984414053,1771757.0,sample,2026-09-24 19:05:19.865913+00:00
META,2025-01-03 15:50:00+00:00,229.33732647776748,231.86760946370725,227.52335457168545,230.04262773568516,230.04262773568516,4827895.0,sample,2026-09-24 19:05:19.865913+00:00
META,2025-01-03 15:55:00+00:00,230.1115981181101,233.22260333302384,227.3683865982708,230.9593593321016,230.9593593321016,13795177.0,sample,2026-09-24 19:05:19.865913+00:00
META,2025-01-03 16:00:00+00:00,231.73243380281465,233.09673017802257,228.30709102764348,230.47308550545577,230.47308550545577,7298771.0,sample,2026-09-24 19:05:19.865913+00:00
META,2025-01-03 16:05:00+00:00,230.5248199995976,231.8108567914543,229.35158730734423,230.46025751671135,230.46025751671135,8445297.0,sample,2026-09-24 19:05:19.865913+00:00
META,2025-01-03 16:10:00+00:00,229.7489775228421,233.36023194120196,227.55207945443516,232.0199754974581,232.0199754974581,6646003.0,sample,2026-09-24 19:05:19.865913+00:00
META,2025-01-03 16:15:00+00:00,232.1109614312663,234.56019578224917,231.69253163651862,232.513482227538,232.513482227538,1937588.0,sample,2026-09-24 19:05:19.865913+00:00
META,2025-01-03 16:20:00+00:00,232.08551997168192,232.489804311209,230.72832258692807,232.20979785131777,232.20979785131777,15542823.0,sample,2026-09-24 19:05:19.865913+00:00
META,2025-01-03 16:25:00+00:00,232.08685380094857,233.9615616464068,231.80639865012077,232.7914894835468,232.7914894835468,6342027.0,sample,2026-09-24 19:05:19.865913+00:00
META,2025-01-03 16:30:00+00:00,232.94590626671533,233.957858909857,229.95664443270405,232.5753620512606,232.5753620512606,4658774.0,sample,2026-09-24 19:05:19.865913+00:00
META,2025-01-03 16:35:00+00:00,232.1476415231979,232.46367462803127,229.93175803378927,231.81848723357385,231.81848723357385,4241077.0,sample,2026-09-24 19:05:19.865913+00:00
META,2025-01-03 16:40:00+00:00,231.7204923890959,234.01829585153558,230.62748660832077,232.62842824760386,232.62842824760386,9158388.0,sample,2026-09-24 19:05:19.865913+00:00
META,2025-01-03 16:45:00+00:00,233.48503535803124,233.749347350882,230.2214398509528,231.76772365711116,231.76772365711116,7974035.0,sample,2026-09-24 19:05:19.865913+00:00
META,2025-01-03 16:50:00+00:00,232.2803627015109,232.6958151889818,229.04629038424596,231.12983650360965,231.12983650360965,8247056.0,sample,2026-09-24 19:05:19.865913+00:00
META,2025-01-03 16:55:00+00:00,230.87454644059164,233.70159007949584,228.4862519461833,230.9679073726754,230.9679073726754,8048273.0,sample,2026-09-24 19:05:19.865913+00:00
META,2025-01-03 17:00:00+00:00,229.9792516468906,232.2775355626183,229.16158431721377,231.71475686071315,231.71475686071315,13612164.0,sample,2026-09-24 19:05:19.865913+00:00
META,2025-01-03 17:05:00+00:00,231.5651996691029,233.31119133373312,231.11075513706066,232.2874231023879,232.2874231023879,9465219.0,sample,2026-09-24 19:05:19.865913+00:00
META,2025-01-03 17:10:00+00:00,232.0942120779659,234.1926687744512,230.02478986804712,231.67655564420417,231.67655564420417,13473949.0,sample,2026-09-24 19:05:19.865913+00:00
META,2025-01-03 17:15:00+00:00,231.42879306287222,232.42148430350613,228.65589746981,231.62209566292617,231.62209566292617,9947545.0,sample,2026-09-24 19:05:19.865913+00:00
META,2025-01-03 17:20:00+00:00,231.54052350625497,231.79118067569001,230.99991208876182,231.25344057408142,231.25344057408142,15563805.0,sample,2026-09-24 19:05:19.865913+00:00
META,2025-01-03 17:25:00+00:00,230.8427670330397,232.63430081156028,228.92420731018603,231.97683362445687,231.97683362445687,13640643.0,sample,2026-09-24 19:05:19.865913+00:00
META,2025-01-03 17:30:00+00:00,232.54016540076486,234.6899997357785,231.10933636745648,232.22434263579515,232.22434263579515,10461968.0,sample,2026-09-24 19:05:19.865913+00:00
META,2025-01-03 17:35:00+00:00,232.01385730327837,232.73476036571233,230.62293228251798,231.54625347677336,231.54625347677336,10560191.0,sample,2026-09-24 19:05:19.865913+00:00
META,2025-01-03 17:40:00+00:00,231.58808020338697,232.68862991801637,229.90372131536284,232.27133828250666,232.27133828250666,12746971.0,sample,2026-09-24 19:05:19.865913+00:00
META,2025-01-03 17:45:00+00:00,233.09520514753498,234.3253687758824,228.25428279107834,231.0109452393326,231.0109452393326,1725325.0,sample,2026-09-24 19:05:19.865913+00:00
META,2025-01-03 17:50:00+00:00,230.90047561564865,231.42841109604785,229.10101499240594,230.63077419010077,230.63077419010077,4830519.0,sample,2026-09-24 19:05:19.865913+00:00
META,2025-01-03 17:55:00+00:00,230.17141150875267,232.60461903461623,228.09016974003328,228.83781825703687,228.83781825703687,17604923.0,sample,2026-09-24 19:05:19.865913+00:00
META,2025-01-03 18:00:00+00:00,228.23968046689257,230.19468488064356,227.067777539955,229.6538772493323,229.6538772493323,17321867.0,sample,2026-09-24 19:05:19.865913+00:00
META,2025-01-03 18:05:00+00:00,229.84506060786254,230.36532848909508,227.6622009524261,229.4669409598841,229.4669409598841,7588917.0,sample,2026-09-24 19:05:19.865913+00:00
META,2025-01-03 18:10:00+00:00,229.46082099134964,231.72358577544702,228.16773218113974,229.97139047679732,229.97139047679732,12801652.0,sample,2026-09-24 19:05:19.865913+00:00
META,2025-01-03 18:15:00+00:00,230.69499269726222,234.8028881314486,229.76134880892158,232.4175965848356,232.4175965848356,3838645.0,sample,2026-09-24 19:05:19.865913+00:00
META,2025-01-03 18:20:00+00:00,231.79733016879678,235.01469899400936,230.91856473899443,232.64298003596735,232.64298003596735,13955517.0,sample,2026-09-24 19:05:19.865913+00:00
META,2025-01-03 18:25:00+00:00,232.3562192860066,233.6714980397422,230.1512477063256,232.82449479482858,232.82449479482858,6603323.0,sample,2026-09-24 19:05:19.865913+00:00
META,2025-01-03 18:30:00+00:00,232.69797359236486,235.31549598549776,231.77698108745471,232.28401248725166,232.28401248725166,11727730.0,sample,2026-09-24 19:05:19.865913+00:00
META,2025-01-03 18:35:00+00:00,232.44836818930628,234.27794925012194,229.85680071028105,232.48016511969507,232.48016511969507,13987889.0,sample,2026-09-24 19:05:19.865913+00:00
META,2025-01-03 18:40:00+00:00,232.13164370149568,233.7818102769167,230.95061394483847,232.01953382379398,232.01953382379398,17834243.0,sample,2026-09-24 19:05:19.865913+00:00
META,2025-01-03 18:45:00+00:00,231.31388627990947,234.3654452093798,229.18335806958115,232.48696374664257,232.48696374664257,3828553.0,sample,2026-09-24 19:05:19.865913+00:00
META,2025-01-03 18:50:00+00:00,233.16179178289912,233.79186199024127,232.5966924415117,232.89817406799455,232.89817406799455,17739595.0,sample,2026-09-24 19:05:19.865913+00:00
META,2025-01-03 18:55:00+00:00,232.09336537150875,233.49072788760654,230.35744453325938,233.091728944413,233.091728944413,17418670.0,sample,2026-09-24 19:05:19.865913+00:00
META,2025-01-03 19:00:00+00:00,232.70761927204006,233.1810022604123,231.78482240477413,232.8199883914212,232.8199883914212,9031010.0,sample,2026-09-24 19:05:19.865913+00:00
META,2025-01-03 19:05:00+00:00,231.8543810883448,232.83852008326554,229.57424520823207,232.5980798325793,232.5980798325793,14735201.0,sample,2026-09-24 19:05:19.865913+00:00
META,2025-01-03 19:10:00+00:00,233.11799172545318,235.1747523553624,231.84847190238995,232.46564827678932,232.46564827678932,12972732.0,sample,2026-09-24 19:05:19.865913+00:00
META,2025-01-03 19:15:00+00:00,231.63677656266145,234.756517591943,229.51860912799248,232.229043699066,232.229043699066,8365232.0,sample,2026-09-24 19:05:19.865913+00:00
META,2025-01-03 19:20:00+00:00,232.59691820668988,233.77386090150532,230.61954230403774,232.60614410865983,232.60614410865983,4530396.0,sample,2026-09-24 19:05:19.865913+00:00
META,2025-01-03 19:25:00+00:00,233.11358614397187,233.7142811738798,231.18087932730003,231.84541748827857,231.84541748827857,8891574.0,sample,2026-09-24 19:05:19.865913+00:00
META,2025-01-03 19:30:00+00:00,231.12162170467533,233.09465260768476,230.50968543139763,231.48474751399672,231.48474751399672,7336843.0,sample,2026-09-24 19:05:19.865913+00:00
META,2025-01-03 19:35:00+00:00,232.20441198642692,234.68886572262673,231.4217491450916,231.71625027890227,231.71625027890227,4496350.0,sample,2026-09-24 19:05:19.865913+00:00
META,2025-01-03 19:40:00+00:00,231.85763577267937,233.7685669887716,229.23344558527847,233.15197092700345,233.15197092700345,8048923.0,sample,2026-09-24 19:05:19.865913+00:00
META,2025-01-03 19:45:00+00:00,232.68812922445846,234.49216482659622,229.96294600275775,233.31366090873698,233.31366090873698,4297093.0,sample,2026-09-24 19:05:19.865913+00:00
META,2025-01-03 19:50:00+00:00,234.28549051885625,235.6419386023726,230.70971433969865,233.006466749075,233.006466749075,15250186.0,sample,2026-09-24 19:05:19.865913+00:00
META,2025-01-03 19:55:00+00:00,233.21001621275568,234.51960238787512,231.43269168656659,232.6424718767204,232.6424718767204,2762026.0,sample,2026-09-24 19:05:19.865913+00:00
META,2025-01-03 20:00:00+00:00,232.97497994544045,235.89465648562418,230.459454763348,233.87872315697376,233.87872315697376,15553476.0,sample,2026-09-24 19:05:19.865913+00:00
META,2025-01-03 20:05:00+00:00,234.145112844882,235.29304319765555,231.89022296890886,233.1506225252035,233.1506225252035,1907811.0,sample,2026-09-24 19:05:19.865913+00:00
META,2025-01-03 20:10:00+00:00,233.06871938409364,233.89352244846853,232.09154338647335,232.4582318829557,232.4582318829557,15085677.0,sample,2026-09-24 19:05:19.865913+00:00
META,2025-01-03 20:15:00+00:00,232.54335561416437,234.09230493331438,229.4538524468192,232.153166063066,232.153166063066,11081492.0,sample,2026-09-24 19:05:19.865913+00:00
META,2025-01-03 20:20:00+00:00,232.21303674370893,234.07601525917923,228.75582712243732,231.26815354641576,231.26815354641576,9150485.0,sample,2026-09-24 19:05:19.865913+00:00
META,2025-01-03 20:25:00+00:00,230.9734276761756,231.95618513014742,229.0334582121644,230.79738488450832,230.79738488450832,9119124.0,sample,2026-09-24 19:05:19.865913+00:00
META,2025-01-03 20:30:00+00:00,230.26302800202518,233.6355851627729,227.63785619728316,231.00166450928617,231.00166450928617,4197383.0,sample,2026-09-24 19:05:19.865913+00:00
META,2025-01-03 20:35:00+00:00,231.2907848928156,234.05073095065998,229.35669862281517,230.64500079531126,230.64500079531126,1968225.0,sample,2026-09-24 19:05:19.865913+00:00
META,2025-01-03 20:40:00+00:00,230.50738188353512,232.17034092277103,227.58262953155383,228.7991995879064,228.7991995879064,10352080.0,sample,2026-09-24 19:05:19.865913+00:00
META,2025-01-03 20:45:00+00:00,228.31724208688973,230.03473576503822,226.40732396467055,229.0479636692915,229.0479636692915,2848219.0,sample,2026-09-24 19:05:19.865913+00:00
META,2025-01-03 20:50:00+00:00,228.8800438885946,230.06803432341624,227.1398866398244,229.69592965041417,229.69592965041417,3597480.0,sample,2026-09-24 19:05:19.865913+00:00
META,2025-01-03 20:55:00+00:00,229.43001909684565,231.0874665785938,227.7963123781982,229.13138123235916,229.13138123235916,17172455.0,sample,2026-09-24 19:05:19.865913+00:00
META,2025-01-03 21:00:00+00:00,229.77410080285756,233.19315321624583,227.76803956731268,230.735838740292,230.735838740292,4494899.0,sample,2026-09-24 19:05:19.865913+00:00
META,2025-01-03 21:05:00+00:00,230.92142459766154,232.98588246237412,228.35420906173218,230.8698103851794,230.8698103851794,11660593.0,sample,2026-09-24 19:05:19.865913+00:00
META,2025-01-03 21:10:00+00:00,230.16688241592377,231.39821615926343,229.5564718633878,231.09040733578976,231.09040733578976,8474832.0,sample,2026-09-24 19:05:19.865913+00:00
META,2025-01-03 21:15:00+00:00,231.10580393059792,233.23011983005674,229.02852983585,229.83411594113704,229.83411594113704,7106188.0,sample,2026-09-24 19:05:19.865913+00:00
META,2025-01-03 21:20:00+00:00,229.67172573428107,233.6461696912359,228.41761328928595,231.98394330856647,231.98394330856647,1506654.0,sample,2026-09-24 19:05:19.865913+00:00
META,2025-01-03 21:25:00+00:00,231.70956597613872,236.27359098052438,230.34963865146398,233.83872768514246,233.83872768514246,12863027.0,sample,2026-09-24 19:05:19.865913+00:00
META,2025-01-03 21:30:00+00:00,234.1728728177488,235.48006140814437,233.85762198346586,235.00034661056787,235.00034661056787,9650595.0,sample,2026-09-24 19:05:19.865913+00:00
META,2025-01-03 21:35:00+00:00,234.86257193998856,238.1905378573816,234.05670555874707,236.5807552105913,236.5807552105913,15544532.0,sample,2026-09-24 19:05:19.865913+00:00
META,2025-01-03 21:40:00+00:00,235.97933918005836,236.92230233797582,234.2594982934365,235.90437487523522,235.90437487523522,14869584.0,sample,2026-09-24 19:05:19.865913+00:00
META,2025-01-03 21:45:00+00:00,235.9681762358971,236.36219703370324,234.2028664378354,235.36239047002,235.36239047002,10892438.0,sample,2026-09-24 19:05:19.865913+00:00
META,2025-01-03 21:50:00+00:00,234.9672629658272,236.058291486021,233.988608861198,235.72238613933845,235.72238613933845,15175350.0,sample,2026-09-24 19:05:19.865913+00:00
META,2025-01-03 21:55:00+00:00,235.83000909806856,238.15572221888115,233.8912826606559,235.72818489928127,235.72818489928127,14476409.0,sample,2026-09-24 19:05:19.865913+00:00
META,2025-01-03 22:00:00+00:00,235.3362070497,237.6260134532767,233.10813044873728,234.66008013020772,234.66008013020772,14614367.0,sample,2026-09-24 19:05:19.865913+00:00
META,2025-01-03 22:05:00+00:00,235.53707498796487,235.8468505782527,233.50353063906212,234.8189205048123,234.8189205048123,6281622.0,sample,2026-09-24 19:05:19.865913+00:00
META,2025-01-03 22:10:00+00:00,235.5676646127068,236.40575937276103,233.03471181615913,235.59330787504481,235.59330787504481,16944713.0,sample,2026-09-24 19:05:19.865913+00:00
META,2025-01-03 22:15:00+00:00,235.52380442982292,237.98237575782238,234.95853866141385,235.3546791967765,235.3546791967765,15919194.0,sample,2026-09-24 19:05:19.865913+00:00
META,2025-01-03 22:20:00+00:00,236.11861804819486,238.33274873759694,235.48377077546965,236.71861788220815,236.71861788220815,6296418.0,sample,2026-09-24 19:05:19.865913+00:00
META,2025-01-03 22:25:00+00:00,236.52029875622145,237.5869958342304,233.93147127129703,237.03093290589737,237.03093290589737,7271745.0,sample,2026-09-24 19:05:19.865913+00:00
META,2025-01-03 22:30:00+00:00,237.01296603456169,238.45524871094793,235.2414498348883,236.60674998253666,236.60674998253666,11320438.0,sample,2026-09-24 19:05:19.865913+00:00
META,2025-01-03 22:35:00+00:00,237.43671221413547,237.85372443643917,233.72325571722905,235.81177272687515,235.81177272687515,8822774.0,sample,2026-09-24 19:05:19.865913+00:00
META,2025-01-03 22:40:00+00:00,235.62771963199438,235.99603635187512,233.0356947494087,234.75711456435965,234.75711456435965,6137289.0,sample,2026-09-24 19:05:19.865913+00:00
META,2025-01-03 22:45:00+00:00,235.13673599383324,236.3525106809136,233.18075530200352,235.5777651217548,235.5777651217548,7910671.0,sample,2026-09-24 19:05:19.865913+00:00
META,2025-01-03 22:50:00+00:00,235.62828504485586,238.35286108919547,231.6585700603518,234.28477362058064,234.28477362058064,7355474.0,sample,2026-09-24 19:05:19.865913+00:00
META,2025-01-03 22:55:00+00:00,234.99437856419556,236.2094186446881,232.36674224454262,234.87165087052446,234.87165087052446,12285687.0,sample,2026-09-24 19:05:19.865913+00:00
META,2025-01-03 23:00:00+00:00,234.91648932998726,236.64019637917676,232.48459054615975,235.4560000873871,235.4560000873871,13798030.0,sample,2026-09-24 19:05:19.865913+00:00
META,2025-01-03 23:05:00+00:00,234.93604402984343,235.85167991879408,231.49189936002773,234.27837237301293,234.27837237301293,2785674.0,sample,2026-09-24 19:05:19.865913+00:00
META,2025-01-03 23:10:00+00:00,234.57883413386145,237.36310604456253,232.19939034466387,234.88191463827778,234.88191463827778,16224691.0,sample,2026-09-24 19:05:19.865913+00:00
META,2025-01-03 23:15:00+00:00,234.9430084717795,236.7289297267797,234.22460341295618,235.0084588183585,235.0084588183585,10378531.0,sample,2026-09-24 19:05:19.865913+00:00
META,2025-01-03 23:20:00+00:00,235.11779538463477,239.05855326320378,233.13746583497326,236.76988375538224,236.76988375538224,17641370.0,sample,2026-09-24 19:05:19.865913+00:00
META,2025-01-03 23:25:00+00:00,237.0400629903971,239.86045104115243,236.33276803775263,237.2671931950226,237.2671931950226,6251888.0,sample,2026-09-24 19:05:19.865913+00:00
META,2025-01-03 23:30:00+00:00,237.7794141984861,238.22348503379104,234.3766497843236,237.21493772377264,237.21493772377264,5714059.0,sample,2026-09-24 19:05:19.865913+00:00
META,2025-01-03 23:35:00+00:00,236.91682209770673,239.51293722818346,234.59912233426556,237.81756127830943,237.81756127830943,11545444.0,sample,2026-09-24 19:05:19.865913+00:00
META,2025-01-03 23:40:00+00:00,237.2824394124357,241.51704626459392,235.15623177277138,239.15165569339263,239.15165569339263,2455381.0,sample,2026-09-24 19:05:19.865913+00:00
META,2025-01-03 23:45:00+00:00,238.84344837895648,240.35961914780697,235.6206901461539,238.45217817385318,238.45217817385318,16534467.0,sample,2026-09-24 19:05:19.865913+00:00
META,2025-01-03 23:50:00+00:00,237.88291360542576,239.17841003359132,235.7142658471643,237.8293181602988,237.8293181602988,3990141.0,sample,2026-09-24 19:05:19.865913+00:00
META,2025-01-03 23:55:00+00:00,237.41589656432845,241.1933140319256,235.76027075466638,238.73517332831028,238.73517332831028,13894505.0,sample,2026-09-24 19:05:19.865913+00:00
META,2025-01-04 00:00:00+00:00,239.57165552309755,241.33424527126277,237.00831978911597,240.78891595109351,240.78891595109351,13612437.0,sample,2026-09-24 19:05:19.865913+00:00
META,2025-01-04 00:05:00+00:00,240.58081609075336,242.9260342984964,239.3333917225355,239.6450634122887,239.6450634122887,10239251.0,sample,2026-09-24 19:05:19.865913+00:00
META,2025-01-04 00:10:00+00:00,239.49958593524178,243.5203128132064,237.90871182661385,241.25567981077887,241.25567981077887,13095526.0,sample,2026-09-24 19:05:19.865913+00:00
META,2025-01-04 00:15:00+00:00,241.38668200716185,244.1695195043606,239.18398965766468,241.8649875120881,241.8649875120881,13918469.0,sample,2026-09-24 19:05:19.865913+00:00
META,2025-01-04 00:20:00+00:00,241.7425843898132,245.15045963299602,241.28826737406655,242.79547745678576,242.79547745678576,15611923.0,sample,2026-09-24 19:05:19.865913+00:00
META,2025-01-04 00:25:00+00:00,242.24607983330665,245.17169514526637,240.4603512937356,243.53710108939111,243.53710108939111,15520578.0,sample,2026-09-24 19:05:19.865913+00:00
META,2025-01-04 00:30:00+00:00,243.63107236875436,244.0784678382487,241.8683367506964,243.2979637828045,243.2979637828045,10551125.0,sample,2026-09-24 19:05:19.865913+00:00
META,2025-01-04 00:35:00+00:00,243.12731827523405,243.58745514955976,240.46205547334222,242.88418106877717,242.88418106877717,11270933.0,sample,2026-09-24 19:05:19.865913+00:00
META,2025-01-04 00:40:00+00:00,243.83026333762916,247.30941058075638,241.89891390773818,245.2006726271573,245.2006726271573,4413432.0,sample,2026-09-24 19:05:19.865913+00:00
META,2025-01-04 00:45:00+00:00,245.79667926657248,247.28561758514923,243.04515352602206,244.09310680680147,244.09310680680147,2766226.0,sample,2026-09-24 19:05:19.865913+00:00
META,2025-01-04 00:50:00+00:00,243.82578351958884,245.80507027836802,241.58624259541327,244.34319678994055,244.34319678994055,6606967.0,sample,2026-09-24 19:05:19.865913+00:00
META,2025-01-04 00:55:00+00:00,244.70823666684183,248.59154414363095,242.67433246891,245.95472087646834,245.95472087646834,8690165.0,sample,2026-09-24 19:05:19.865913+00:00
META,2025-01-04 01:00:00+00:00,245.61416720279843,246.61788625506955,244.5329521175415,245.9958372714936,245.9958372714936,9523093.0,sample,2026-09-24 19:05:19.865913+00:00
META,2025-01-04 01:05:00+00:00,246.31749494838965,248.3299532475774,243.76832939616125,246.88025156221934,246.88025156221934,13660311.0,sample,2026-09-24 19:05:19.865913+00:00
META,2025-01-04 01:10:00+00:00,245.70925929665992,250.0424834095751,244.2705778066843,247.0900383325335,247.0900383325335,7781195.0,sample,2026-09-24 19:05:19.865913+00:00
META,2025-01-04 01:15:00+00:00,246.68117751323032,249.51782043147085,243.8370286164094,246.48092832501803,246.48092832501803,14369451.0,sample,2026-09-24 19:05:19.865913+00:00
META,2025-01-04 01:20:00+00:00,246.6958948845795,249.89983069810086,245.56249810098163,247.16951642355576,247.16951642355576,6813671.0,sample,2026-09-24 19:05:19.865913+00:00
META,2025-01-04 01:25:00+00:00,247.33211369504065,249.09548699628957,245.8326982044092,247.31795613962876,247.31795613962876,3632895.0,sample,2026-09-24 19:05:19.865913+00:00
META,2025-01-04 01:30:00+00:00,247.46539951217926,248.45200491279832,246.2963023462627,246.84834748242633,246.84834748242633,1674577.0,sample,2026-09-24 19:05:19.865913+00:00
META,2025-01-04 01:35:00+00:00,247.03679559500475,248.64830285657868,246.63223569113384,247.6639460698942,247.6639460698942,6502293.0,sample,2026-09-24 19:05:19.865913+00:00
META,2025-01-04 01:40:00+00:00,248.27113559635674,249.31792155545983,246.86813124070304,247.46215170998207,247.46215170998207,15883447.0,sample,2026-09-24 19:05:19.865913+00:00
META,2025-01-04 01:45:00+00:00,248.4178450562226,249.749351879346,245.08942252693058,247.82136732212356,247.82136732212356,17822465.0,sample,2026-09-24 19:05:19.865913+00:00
META,2025-01-04 01:50:00+00:00,247.6021679669939,249.54202854810765,246.07080107957734,247.4485145579472,247.4485145579472,5790504.0,sample,2026-09-24 19:05:19.865913+00:00
META,2025-01-04 01:55:00+00:00,248.0974451455195,250.36558777640892,245.3822203759374,249.02153727532814,249.02153727532814,10533263.0,sample,2026-09-24 19:05:19.865913+00:00
META,2025-01-04 02:00:00+00:00,249.37959411893465,252.0723828560733,247.01925505193486,250.05620836314765,250.05620836314765,10135246.0,sample,2026-09-24 19:05:19.865913+00:00
META,2025-01-04 02:05:00+00:00,249.8833241789046,253.29488658732026,246.95554539872612,250.46151771087318,250.46151771087318,14514045.0,sample,2026-09-24 19:05:19.865913+00:00
META,2025-01-04 02:10:00+00:00,250.50365785195385,252.5168209783609,249.46575583138775,250.4173026552037,250.4173026552037,2564566.0,sample,2026-09-24 19:05:19.865913+00:00
META,2025-01-04 02:15:00+00:00,251.25285399860257,253.1343419008763,248.87035176192572,250.3097050069139,250.3097050069139,7137483.0,sample,2026-09-24 19:05:19.865913+00:00
META,2025-01-04 02:20:00+00:00,250.39822177121397,252.7857491682506,247.59334156249574,250.23714503847273,250.23714503847273,5093944.0,sample,2026-09-24 19:05:19.865913+00:00
META,2025-01-04 02:25:00+00:00,250.09159302308527,252.10403141058111,248.47661909624503,249.4516058538027,249.4516058538027,9307093.0,sample,2026-09-24 19:05:19.865913+00:00
META,2025-01-04 02:30:00+00:00,249.3466559778333,251.52212047794964,246.55481934968273,251.03256855402552,251.03256855402552,5158266.0,sample,2026-09-24 19:05:19.865913+00:00
META,2025-01-04 02:35:00+00:00,250.81597150663708,253.07810800683868,248.4860889560717,250.27754374384867,250.27754374384867,16666700.0,sample,2026-09-24 19:05:19.865913+00:00
META,2025-01-04 02:40:00+00:00,249.33509093275495,253.93942070698077,248.51351600901128,251.2610717274391,251.2610717274391,3096201.0,sample,2026-09-24 19:05:19.865913+00:00
META,2025-01-04 02:45:00+00:00,250.47842925901864,254.35585897578858,249.35303731260169,252.23929365658915,252.23929365658915,15868022.0,sample,2026-09-24 19:05:19.865913+00:00
META,2025-01-04 02:50:00+00:00,252.1171259860323,254.91303914985937,251.589312520559,252.07508109529337,252.07508109529337,5712200.0,sample,2026-09-24 19:05:19.865913+00:00
META,2025-01-04 02:55:00+00:00,252.1293103095776,252.70091361282365,249.84357758937975,252.03895043172759,252.03895043172759,12434975.0,sample,2026-09-24 19:05:19.865913+00:00
META,2025-01-04 03:00:00+00:00,252.97888213918796,255.42542892102998,249.2773998190306,250.80332649765012,250.80332649765012,14065010.0,sample,2026-09-24 19:05:19.865913+00:00
META,2025-01-04 03:05:00+00:00,250.87134287528394,252.81301193783713,249.4689230961313,250.66494645923683,250.66494645923683,16867838.0,sample,2026-09-24 19:05:19.865913+00:00
META,2025-01-04 03:10:00+00:00,251.15046635948323,253.56362192385552,249.3060807222765,250.1298183050211,250.1298183050211,8422236.0,sample,2026-09-24 19:05:19.865913+00:00
META,2025-01-04 03:15:00+00:00,249.94103692986423,251.61849453600806,247.70200550809545,251.06402968789214,251.06402968789214,7651972.0,sample,2026-09-24 19:05:19.865913+00:00
META,2025-01-04 03:20:00+00:00,251.0051789259365,251.85406906309603,249.65024202068534,250.4594828558081,250.4594828558081,4333312.0,sample,2026-09-24 19:05:19.865913+00:00
META,2025-01-04 03:25:00+00:00,251.23371565883588,251.79276898447432,249.60010428085994,249.90579419042166,249.90579419042166,11410374.0,sample,2026-09-24 19:05:19.865913+00:00
META,2025-01-04 03:30:00+00:00,249.45806762795098,251.7407549734988,247.4816335598892,250.6006646516591,250.6006646516591,10925172.0,sample,2026-09-24 19:05:19.865913+00:00
META,2025-01-04 03:35:00+00:00,250.60839193357722,252.1196389053449,246.32112022988866,248.89990800040275,248.89990800040275,5585126.0,sample,2026-09-24 19:05:19.865913+00:00
META,2025-01-04 03:40:00+00:00,249.88267807081078,250.36144178820595,247.06342332552347,248.25377421238352,248.25377421238352,11286990.0,sample,2026-09-24 19:05:19.865913+00:00
META,2025-01-04 03:45:00+00:00,247.82372903762314,250.55279218025558,247.25127412806904,249.42960763968998,249.42960763968998,8043619.0,sample,2026-09-24 19:05:19.865913+00:00
META,2025-01-04 03:50:00+00:00,248.62942127343146,251.51560493096343,246.12434324549793,249.28749616735064,249.28749616735064,10471844.0,sample,2026-09-24 19:05:19.865913+00:00
META,2025-01-04 03:55:00+00:00,249.04262804064524,251.14992851714578,248.6288256169352,250.12978819870773,250.12978819870773,2663957.0,sample,2026-09-24 19:05:19.865913+00:00
META,2025-01-04 04:00:00+00:00,250.36919743571005,251.82283134285072,244.52056870213897,247.21611597500626,247.21611597500626,5274486.0,sample,2026-09-24 19:05:19.865913+00:00
META,2025-01-04 04:05:00+00:00,247.3730853267595,249.18594492583898,244.60548182580985,246.53588113182425,246.53588113182425,7331716.0,sample,2026-09-24 19:05:19.865913+00:00
META,2025-01-04 04:10:00+00:00,246.7177563744871,249.1518256320983,244.73447499830232,246.34449172493137,246.34449172493137,5721741.0,sample,2026-09-24 19:05:19.865913+00:00
META,2025-01-04 04:15:00+00:00,247.26788016670824,248.10023316925472,244.66541228161603,244.94054834555166,244.94054834555166,16408368.0,sample,2026-09-24 19:05:19.865913+00:00
META,2025-01-04 04:20:00+00:00,244.87849043473057,246.70309495627276,243.17345947268737,245.76161416067637,245.76161416067637,10192067.0,sample,2026-09-24 19:05:19.865913+00:00
META,2025-01-04 04:25:00+00:00,246.1197471595003,248.78638643401644,242.13100845927366,244.30841152289202,244.30841152289202,14995351.0,sample,2026-09-24 19:05:19.865913+00:00
META,2025-01-04 04:30:00+00:00,243.89170788702046,246.26920728793755,241.3459181651368,243.692237585776,243.692237585776,13079363.0,sample,2026-09-24 19:05:19.865913+00:00
META,2025-01-04 04:35:00+00:00,243.35725184909836,245.29516733570085,241.68235451588816,243.94171995441934,243.94171995441934,5571427.0,sample,2026-09-24 19:05:19.865913+00:00
META,2025-01-04 04:40:00+00:00,244.1072618057286,246.93184270674675,241.93034708568769,243.9790763353106,243.9790763353106,15555062.0,sample,2026-09-24 19:05:19.865913+00:00
META,2025-01-04 04:45:00+00:00,243.9340165693884,246.78682175827137,243.14372949618473,243.65566792447578,243.65566792447578,11482970.0,sample,2026-09-24 19:05:19.865913+00:00
META,2025-01-04 04:50:00+00:00,243.66602374378806,244.38512099206872,241.36138875463922,242.6755421003057,242.6755421003057,5601417.0,sample,2026-09-24 19:05:19.865913+00:00
META,2025-01-04 04:55:00+00:00,242.12547980378866,245.56641715628672,240.6813409644859,242.7336063108926,242.7336063108926,6011689.0,sample,2026-09-24 19:05:19.865913+00:00
META,2025-01-04 05:00:00+00:00,242.91124562178686,243.29398269864615,240.03316228169447,241.88116508235885,241.88116508235885,16232955.0,sample,2026-09-24 19:05:19.865913+00:00
META,2025-01-04 05:05:00+00:00,242.2315253088131,245.66254362912414,241.67455619367402,243.13930412613865,243.13930412613865,13794367.0,sample,2026-09-24 19:05:19.865913+00:00
META,2025-01-04 05:10:00+00:00,242.98455193079553,243.9753541226163,240.32189164253316,242.766207037245,242.766207037245,10670760.0,sample,2026-09-24 19:05:19.865913+00:00
META,2025-01-04 05:15:00+00:00,243.2361720308864,244.81158138563643,240.23134806011052,241.72644563110762,241.72644563110762,6119120.0,sample,2026-09-24 19:05:19.865913+00:00
META,2025-01-04 05:20:00+00:00,242.33108558399547,243.44626960901653,241.91573554851283,242.66910863519885,242.66910863519885,16839451.0,sample,2026-09-24 19:05:19.865913+00:00
META,2025-01-04 05:25:00+00:00,241.03985329527293,245.1391619608004,240.71034092893842,244.2746605518514,244.2746605518514,6988454.0,sample,2026-09-24 19:05:19.865913+00:00
META,2025-01-04 05:30:00+00:00,244.46839128139152,245.23363821008792,243.03920153521875,244.58301304062033,244.58301304062033,11012207.0,sample,2026-09-24 19:05:19.865913+00:00
META,2025-01-04 05:35:00+00:00,245.10851766927092,246.99333197380543,242.37882911440533,243.98484412609378,243.98484412609378,3360335.0,sample,2026-09-24 19:05:19.865913+00:00
META,2025-01-04 05:40:00+00:00,244.49114173099656,246.07905382843057,241.0759369748676,242.41051646354572,242.41051646354572,15029966.0,sample,2026-09-24 19:05:19.865913+00:00
META,2025-01-04 05:45:00+00:00,242.1188133497387,244.49391893008712,238.91339929148782,241.70773889876276,241.70773889876276,5395213.0,sample,2026-09-24 19:05:19.865913+00:00
META,2025-01-04 05:50:00+00:00,241.07531579206292,243.9939929784957,238.73217966846272,242.44319066810124,242.44319066810124,2664142.0,sample,2026-09-24 19:05:19.865913+00:00
META,2025-01-04 05:55:00+00:00,242.07897515955696,243.69301079906373,241.5346484265208,242.91548272277245,242.91548272277245,13138234.0,sample,2026-09-24 19:05:19.865913+00:00
META,2025-01-04 06:00:00+00:00,243.03188673934537,244.60770303968633,239.92440377495353,241.09517858699886,241.09517858699886,8950292.0,sample,2026-09-24 19:05:19.865913+00:00
META,2025-01-04 06:05:00+00:00,241.62709334657214,242.19960242009975,239.32737305280165,241.22614907758407,241.22614907758407,7654202.0,sample,2026-09-24 19:05:19.865913+00:00
META,2025-01-04 06:10:00+00:00,241.13731647389108,243.09135105251283,237.90397728747382,239.5154424285646,239.5154424285646,7542217.0,sample,2026-09-24 19:05:19.865913+00:00
META,2025-01-04 06:15:00+00:00,239.8130804628413,241.04008063416194,238.5677737346966,240.01456055459562,240.01456055459562,2051302.0,sample,2026-09-24 19:05:19.865913+00:00
META,2025-01-04 06:20:00+00:00,240.32495059403968,243.41745146512278,239.93609227160593,241.5216539306469,241.5216539306469,10451098.0,sample,2026-09-24 19:05:19.865913+00:00
META,2025-01-04 06:25:00+00:00,241.1032660585318,241.4694278440911,238.56515508299336,241.17837024864386,241.17837024864386,15004656.0,sample,2026-09-24 19:05:19.865913+00:00
META,2025-01-04 06:30:00+00:00,241.46992630487372,242.32641169819047,239.4101103614579,242.0767647437282,242.0767647437282,5685135.0,sample,2026-09-24 19:05:19.865913+00:00
META,2025-01-04 06:35:00+00:00,242.29182988497985,245.03700826489575,240.83627857884338,241.47518773911668,241.47518773911668,14134404.0,sample,2026-09-24 19:05:19.865913+00:00
META,2025-01-04 06:40:00+00:00,241.55831617826738,242.72708498357932,240.68201945620808,241.17971666195842,241.17971666195842,4884606.0,sample,2026-09-24 19:05:19.865913+00:00
META,2025-01-04 06:45:00+00:00,241.38858253759412,244.01236692083464,239.4421075893864,241.8535440117616,241.8535440117616,17221980.0,sample,2026-09-24 19:05:19.865913+00:00
META,2025-01-04 06:50:00+00:00,241.61070348524643,244.2574357065247,239.5917509603481,242.65957179624257,242.65957179624257,13949875.0,sample,2026-09-24 19:05:19.865913+00:00
META,2025-01-04 06:55:00+00:00,243.10924895188603,245.01235365790595,240.61712951139626,242.14114410645143,242.14114410645143,7047567.0,sample,2026-09-24 19:05:19.865913+00:00
META,2025-01-04 07:00:00+00:00,241.80228953819477,244.23286091517622,240.60171477357412,243.27884508296816,243.27884508296816,10792860.0,sample,2026-09-24 19:05:19.865913+00:00
META,2025-01-04 07:05:00+00:00,243.8346559406438,246.13415042739047,240.76994036096283,243.16634890842366,243.16634890842366,3262108.0,sample,2026-09-24 19:05:19.865913+00:00
META,2025-01-04 07:10:00+00:00,243.44595501774214,246.30845149911696,238.6855654832828,240.09325355216367,240.09325355216367,13070676.0,sample,2026-09-24 19:05:19.865913+00:00
META,2025-01-04 07:15:00+00:00,240.06687435255384,241.65274214321676,238.66286543333632,240.5261874047666,240.5261874047666,11773573.0,sample,2026-09-24 19:05:19.865913+00:00
META,2025-01-04 07:20:00+00:00,240.2439785344645,242.89865242160263,239.86989675294825,241.02429023864056,241.02429023864056,8797612.0,sample,2026-09-24 19:05:19.865913+00:00
META,2025-01-04 07:25:00+00:00,241.24574704832366,242.64796044772015,236.31802705002693,238.1503734643338,238.1503734643338,16110033.0,sample,2026-09-24 19:05:19.865913+00:00
META,2025-01-04 07:30:00+00:00,237.7863470631846,239.9159366669624,235.69099646556268,237.90823820136762,237.90823820136762,7206732.0,sample,2026-09-24 19:05:19.865913+00:00
META,2025-01-04 07:35:00+00:00,237.58405430129727,240.67153023112255,235.04159876638346,238.57022721788294,238.57022721788294,3740075.0,sample,2026-09-24 19:05:19.865913+00:00
META,2025-01-04 07:40:00+00:00,237.88149927985208,241.36702522828966,237.56466446892782,238.69674650450887,238.69674650450887,11657677.0,sample,2026-09-24 19:05:19.865913+00:00
META,2025-01-04 07:45:00+00:00,238.56968989232413,240.56226660895754,236.81174577576095,237.92044153145488,237.92044153145488,4752715.0,sample,2026-09-24 19:05:19.865913+00:00
META,2025-01-04 07:50:00+00:00,238.27924726381926,240.8202637386919,235.23987993413442,236.99736850122946,236.99736850122946,5648423.0,sample,2026-09-24 19:05:19.865913+00:00
META,2025-01-04 07:55:00+00:00,236.75120053710944,238.9550716816752,234.9256108322964,236.97214580800653,236.97214580800653,17263767.0,sample,2026-09-24 19:05:19.865913+00:00
META,2025-01-04 08:00:00+00:00,236.88800347940054,237.99827627541342,234.56370677284525,236.6440165297855,236.6440165297855,11870596.0,sample,2026-09-24 19:05:19.865913+00:00
META,2025-01-04 08:05:00+00:00,236.11774311523777,239.7676466330927,234.23759686753112,237.24939342928053,237.24939342928053,8568357.0,sample,2026-09-24 19:05:19.865913+00:00
META,2025-01-04 08:10:00+00:00,237.0626144981181,239.96070877525997,234.8617879331413,237.51400268497392,237.51400268497392,15749573.0,sample,2026-09-24 19:05:19.865913+00:00
META,2025-01-04 08:15:00+00:00,237.31894584150524,240.75225389268073,236.64448452665985,238.99039156507044,238.99039156507044,7328288.0,sample,2026-09-24 19:05:19.865913+00:00
META,2025-01-04 08:20:00+00:00,239.56752544891384,241.02771400675687,237.40931195009276,238.4952656239462,238.4952656239462,10043599.0,sample,2026-09-24 19:05:19.865913+00:00
META,2025-01-04 08:25:00+00:00,238.76218750162974,240.4506806777816,236.955996412573,239.00005091331928,239.00005091331928,17545257.0,sample,2026-09-24 19:05:19.865913+00:00
META,2025-01-04 08:30:00+00:00,238.72105570616358,240.23953281354827,237.34446959640167,239.50460958559,239.50460958559,10864792.0,sample,2026-09-24 19:05:19.865913+00:00
META,2025-01-04 08:35:00+00:00,239.8680103081662,242.59531836565185,238.35926216197782,239.55862863419242,239.55862863419242,11415115.0,sample,2026-09-24 19:05:19.865913+00:00
META,2025-01-04 08:40:00+00:00,239.9973898717992,242.9051163918839,239.4874896334727,240.32988490154693,240.32988490154693,6137939.0,sample,2026-09-24 19:05:19.865913+00:00
META,2025-01-04 08:45:00+00:00,239.77277578913893,241.4453603729088,238.60338888097604,238.85328207380252,238.85328207380252,6217705.0,sample,2026-09-24 19:05:19.865913+00:00
META,2025-01-04 08:50:00+00:00,239.02421388743932,239.8203624495688,237.42344436267118,238.56576064964602,238.56576064964602,5328583.0,sample,2026-09-24 19:05:19.865913+00:00
META,2025-01-04 08:55:00+00:00,238.78040042891237,243.18594744375855,236.88677524136233,240.42388155239286,240.42388155239286,8056886.0,sample,2026-09-24 19:05:19.865913+00:00
META,2025-01-04 09:00:00+00:00,240.4623128880982,243.88059656381364,238.8687538000967,241.0527622610624,241.0527622610624,16413443.0,sample,2026-09-24 19:05:19.865913+00:00
META,2025-01-04 09:05:00+00:00,240.54666538467043,243.52271216654978,237.91977997791543,241.154116188399,241.154116188399,13366083.0,sample,2026-09-24 19:05:19.865913+00:00
META,2025-01-04 09:10:00+00:00,241.41666051060866,244.51886728948998,238.94039420463173,242.226053208284,242.226053208284,12391588.0,sample,2026-09-24 19:05:19.865913+00:00
META,2025-01-04 09:15:00+00:00,241.89589892295533,244.2220515895075,240.1452999484593,242.14360151205824,242.14360151205824,10478236.0,sample,2026-09-24 19:05:19.865913+00:00
META,2025-01-04 09:20:00+00:00,242.1669797317607,243.25800380698084,238.99124480481785,241.13144387446036,241.13144387446036,12593816.0,sample,2026-09-24 19:05:19.865913+00:00
META,2025-01-04 09:25:00+00:00,241.23359040522809,242.19843687525358,238.79652175990788,241.36880509414254,241.36880509414254,11780105.0,sample,2026-09-24 19:05:19.865913+00:00
META,2025-01-04 09:30:00+00:00,241.32672775111217,244.3310351634235,240.71167529681745,242.2543822475488,242.2543822475488,8006542.0,sample,2026-09-24 19:05:19.865913+00:00
META,2025-01-04 09:35:00+00:00,242.42677337762643,244.75540399099302,239.8271274318096,241.96746556689237,241.96746556689237,6301036.0,sample,2026-09-24 19:05:19.865913+00:00
META,2025-01-04 09:40:00+00:00,242.0845842305195,246.17500949609638,241.7655856068456,243.5338150318575,243.5338150318575,8872937.0,sample,2026-09-24 19:05:19.865913+00:00
META,2025-01-04 09:45:00+00:00,244.00587340778006,246.19015670171882,242.0558619494398,243.813687480339,243.813687480339,3831331.0,sample,2026-09-24 19:05:19.865913+00:00
META,2025-01-04 09:50:00+00:00,243.59728019334997,246.1660530610866,242.3353866529568,243.80748062226016,243.80748062226016,15999071.0,sample,2026-09-24 19:05:19.865913+00:00
META,2025-01-04 09:55:00+00:00,243.74279602222947,244.5570009960928,240.66154269619963,243.26458017624373,243.26458017624373,11871139.0,sample,2026-09-24 19:05:19.865913+00:00
META,2025-01-04 10:00:00+00:00,243.37928374363884,248.0085987797677,242.06866850917885,245.30539530183466,245.30539530183466,15644818.0,sample,2026-09-24 19:05:19.865913+00:00
META,2025-01-04 10:05:00+00:00,246.40851810762635,250.1536349056869,245.06112993295537,247.63578662072095,247.63578662072095,11577585.0,sample,2026-09-24 19:05:19.865913+00:00
META,2025-01-04 10:10:00+00:00,248.67380944772412,250.8391598220171,245.33017061837566,246.50501579870058,246.50501579870058,7732313.0,sample,2026-09-24 19:05:19.865913+00:00
META,2025-01-04 10:15:00+00:00,245.80965276747602,248.42017807750597,243.58181413837346,246.49861750186548,246.49861750186548,4496564.0,sample,2026-09-24 19:05:19.865913+00:00
META,2025-01-04 10:20:00+00:00,246.75767902190006,249.26255997874225,243.2890438959241,245.79891341539934,245.79891341539934,12101092.0,sample,2026-09-24 19:05:19.865913+00:00
META,2025-01-04 10:25:00+00:00,247.25552229152578,248.29675084874376,245.36347568701987,246.98151263776168,246.98151263776168,13389132.0,sample,2026-09-24 19:05:19.865913+00:00
META,2025-01-04 10:30:00+00:00,247.0185997591744,248.7024786573995,246.2203987832766,246.94231245443498,246.94231245443498,7781475.0,sample,2026-09-24 19:05:19.865913+00:00
META,2025-01-04 10:35:00+00:00,247.64338926913786,248.8194495207626,245.41867562906288,247.914454469732,247.914454469732,13211397.0,sample,2026-09-24 19:05:19.865913+00:00
META,2025-01-04 10:40:00+00:00,248.29030597226253,248.81168663488376,246.08279195071466,247.83561759045904,247.83561759045904,11655922.0,sample,2026-09-24 19:05:19.865913+00:00
META,2025-01-04 10:45:00+00:00,247.13684400863036,248.1058630605654,244.0927836061211,246.9387825850987,246.9387825850987,16376896.0,sample,2026-09-24 19:05:19.865913+00:00
META,2025-01-04 10:50:00+00:00,246.87125151673072,250.82364933066629,246.132958364281,248.51970941644095,248.51970941644095,10581013.0,sample,2026-09-24 19:05:19.865913+00:00
META,2025-01-04 10:55:00+00:00,248.27757184877427,251.0067155175409,247.37767199579474,248.72675938984065,248.72675938984065,17924926.0,sample,2026-09-24 19:05:19.865913+00:00
META,2025-01-04 11:00:00+00:00,249.04079414778766,251.0996449215007,247.6506081323335,248.59588411831342,248.59588411831342,13700925.0,sample,2026-09-24 19:05:19.865913+00:00
META,2025-01-04 11:05:00+00:00,249.59275904157457,251.0131406043911,245.93741324371427,247.792418397394,247.792418397394,8677385.0,sample,2026-09-24 19:05:19.865913+00:00
META,2025-01-04 11:10:00+00:00,247.14074084153836,249.33410577984603,244.6048627254967,248.1558933508705,248.1558933508705,16126177.0,sample,2026-09-24 19:05:19.865913+00:00
META,2025-01-04 11:15:00+00:00,247.74965050557094,252.18013101743693,246.27766836628643,249.38737013868425,249.38737013868425,5634859.0,sample,2026-09-24 19:05:19.865913+00:00
META,2025-01-04 11:20:00+00:00,249.3832641904564,250.26387143638007,247.07390744227024,249.16121488166687,249.16121488166687,12728556.0,sample,2026-09-24 19:05:19.865913+00:00
META,2025-01-04 11:25:00+00:00,249.09823196756315,251.80896400043295,247.82360472652573,251.49663831751914,251.49663831751914,3433837.0,sample,2026-09-24 19:05:19.865913+00:00
META,2025-01-04 11:30:00+00:00,251.85742651151392,255.91532355399033,251.3555640583138,253.2502450006423,253.2502450006423,6415248.0,sample,2026-09-24 19:05:19.865913+00:00
META,2025-01-04 11:35:00+00:00,253.4993955531704,256.2699262883347,251.35463484860568,253.50709880264887,253.50709880264887,13810864.0,sample,2026-09-24 19:05:19.865913+00:00
META,2025-01-04 11:40:00+00:00,253.19303356195803,257.0366321357748,251.32778537421297,254.2182403880485,254.2182403880485,7744524.0,sample,2026-09-24 19:05:19.865913+00:00
META,2025-01-04 11:45:00+00:00,253.89010484861308,255.49117698198893,252.46675146574273,253.95282833313414,253.95282833313414,3710422.0,sample,2026-09-24 19:05:19.865913+00:00
META,2025-01-04 11:50:00+00:00,254.4073209691618,256.96080448816394,251.96421873760465,254.62719836987822,254.62719836987822,5948233.0,sample,2026-09-24 19:05:19.865913+00:00
META,2025-01-04 11:55:00+00:00,255.2599916735517,257.75549960145264,252.9872848619766,253.60233816972732,253.60233816972732,12158079.0,sample,2026-09-24 19:05:19.865913+00:00
META,2025-01-04 12:00:00+00:00,253.44473746857338,254.93064417373748,252.06392224237234,252.65576500216247,252.65576500216247,8094277.0,sample,2026-09-24 19:05:19.865913+00:00
META,2025-01-04 12:05:00+00:00,253.08451866792896,256.82655510562944,252.6503727129475,255.17365214778508,255.17365214778508,2036443.0,sample,2026-09-24 19:05:19.865913+00:00
META,2025-01-04 12:10:00+00:00,255.3497605230104,256.88452998573746,253.11214091944396,255.51806862926105,255.51806862926105,13417619.0,sample,2026-09-24 19:05:19.865913+00:00
META,2025-01-04 12:15:00+00:00,255.58908524284246,258.03175640227454,255.05162041398052,256.49115680939127,256.49115680939127,13391870.0,sample,2026-09-24 19:05:19.865913+00:00
META,2025-01-04 12:20:00+00:00,256.18500278730346,258.80422190547455,254.25007367436564,255.7969825311964,255.7969825311964,9003354.0,sample,2026-09-24 19:05:19.865913+00:00
META,2025-01-04 12:25:00+00:00,255.55335321771858,258.5603730923609,252.78036057914886,256.3652055471729,256.3652055471729,9576518.0,sample,2026-09-24 19:05:19.865913+00:00
META,2025-01-04 12:30:00+00:00,256.7652037703302,258.9465643500756,253.81944240275482,256.32804329380133,256.32804329380133,1775571.0,sample,2026-09-24 19:05:19.865913+00:00
META,2025-01-04 12:35:00+00:00,256.883720908743,257.15058574142444,251.95012648399444,254.26467266323658,254.26467266323658,16453782.0,sample,2026-09-24 19:05:19.865913+00:00
META,2025-01-04 12:40:00+00:00,254.5533690962476,257.0484182714738,253.7570464974121,254.0474445808618,254.0474445808618,10382168.0,sample,2026-09-24 19:05:19.865913+00:00
META,2025-01-04 12:45:00+00:00,253.99059947676497,255.16048438816227,251.1294193470835,254.09967626239998,254.09967626239998,9755755.0,sample,2026-09-24 19:05:19.865913+00:00
META,2025-01-04 12:50:00+00:00,253.4116916191443,255.81062515856004,250.8527236162847,254.0271145412294,254.0271145412294,7500093.0,sample,2026-09-24 19:05:19.865913+00:00
META,2025-01-04 12:55:00+00:00,253.99787777853174,257.86042180564203,251.44938914618146,255.1941193050858,255.1941193050858,13617325.0,sample,2026-09-24 19:05:19.865913+00:00
META,2025-01-04 13:00:00+00:00,254.6457650764003,258.89214305083607,251.97992265216254,255.85145561198883,255.85145561198883,2974860.0,sample,2026-09-24 19:05:19.865913+00:00
META,2025-01-04 13:05:00+00:00,255.61088680736913,256.3009856389425,252.9110864262427,254.45798402467634,254.45798402467634,17561288.0,sample,2026-09-24 19:05:19.865913+00:00
META,2025-01-04 13:10:00+00:00,255.19753921795999,257.51707869647424,251.58015256765452,253.7542431638105,253.7542431638105,13116863.0,sample,2026-09-24 19:05:19.865913+00:00
META,2025-01-04 13:15:00+00:00,252.78360287271624,256.3375840550572,252.44893051712273,253.6032976730007,253.6032976730007,6214990.0,sample,2026-09-24 19:05:19.865913+00:00
META,2025-01-04 13:20:00+00:00,253.06824759574837,255.13720932119998,250.56784003215657,253.67864642991523,253.67864642991523,16179781.0,sample,2026-09-24 19:05:19.865913+00:00
META,2025-01-04 13:25:00+00:00,253.82806110415657,256.0112983635506,252.10698477291592,253.66688368591394,253.66688368591394,6730887.0,sample,2026-09-24 19:05:19.865913+00:00
META,2025-01-04 13:30:00+00:00,253.20761513563218,254.6872797620184,251.14097205559543,252.26871278124935,252.26871278124935,4230582.0,sample,2026-09-24 19:05:19.865913+00:00
META,2025-01-04 13:35:00+00:00,252.1327465794586,254.28214880885477,250.92119121306584,252.4638447795644,252.4638447795644,14497264.0,sample,2026-09-24 19:05:19.865913+00:00
META,2025-01-04 13:40:00+00:00,252.98649442005865,253.45116706412801,249.85647217203123,252.11126077372572,252.11126077372572,2765496.0,sample,2026-09-24 19:05:19.865913+00:00
META,2025-01-04 13:45:00+00:00,252.33934456492292,254.8774922425666,248.73605619736153,249.88102838402529,249.88102838402529,1600517.0,sample,2026-09-24 19:05:19.865913+00:00
META,2025-01-04 13:50:00+00:00,250.47460251553693,251.3110726316986,244.63836506908308,247.56716117385741,247.56716117385741,6889956.0,sample,2026-09-24 19:05:19.865913+00:00
META,2025-01-04 13:55:00+00:00,247.87373067006854,249.45534372204528,244.70807311503634,246.00907739458867,246.00907739458867,10864089.0,sample,2026-09-24 19:05:19.865913+00:00
META,2025-01-04 14:00:00+00:00,245.57041048162827,246.35049697040094,242.37229313488632,245.09937509215072,245.09937509215072,4435275.0,sample,2026-09-24 19:05:19.865913+00:00
META,2025-01-04 14:05:00+00:00,245.5305187862261,246.91851864896077,241.14772641113754,243.71089574936423,243.71089574936423,9320418.0,sample,2026-09-24 19:05:19.865913+00:00
META,2025-01-04 14:10:00+00:00,243.50351559412553,245.41717461568626,239.86569394967688,242.66291956422168,242.66291956422168,14510209.0,sample,2026-09-24 19:05:19.865913+00:00
META,2025-01-04 14:15:00+00:00,242.6381597737114,244.78236170399717,238.65006807032356,241.25107852398725,241.25107852398725,9557619.0,sample,2026-09-24 19:05:19.865913+00:00
META,2025-01-04 14:20:00+00:00,241.846850547155,242.76289673184607,239.1071021424074,240.67246778901563,240.67246778901563,3971079.0,sample,2026-09-24 19:05:19.865913+00:00
META,2025-01-04 14:25:00+00:00,240.67244220720823,241.40968545924028,239.45307313333933,241.1062179199637,241.1062179199637,4273609.0,sample,2026-09-24 19:05:19.865913+00:00
META,2025-01-04 14:30:00+00:00,240.4653689898505,242.68290749173931,237.84467371927573,241.46672683979122,241.46672683979122,9153150.0,sample,2026-09-24 19:05:19.865913+00:00
META,2025-01-04 14:35:00+00:00,241.6863702884065,243.99584116390395,237.82975303755896,239.77827752773564,239.77827752773564,3817057.0,sample,2026-09-24 19:05:19.865913+00:00
META,2025-01-04 14:40:00+00:00,239.05823192617973,241.40059000758276,237.52879591399912,240.539089672303,240.539089672303,2166567.0,sample,2026-09-24 19:05:19.865913+00:00
META,2025-01-04 14:45:00+00:00,239.51189257547094,243.38456644223425,238.91528412172258,241.8446722357452,241.8446722357452,14525397.0,sample,2026-09-24 19:05:19.865913+00:00
META,2025-01-04 14:50:00+00:00,241.78733488427605,243.5421440011744,239.81217127534146,241.08962158976203,241.08962158976203,6918738.0,sample,2026-09-24 19:05:19.865913+00:00
META,2025-01-04 14:55:00+00:00,240.8065836242441,243.5909026802963,240.18577979689456,242.7710516785157,242.7710516785157,4726454.0,sample,2026-09-24 19:05:19.865913+00:00
META,2025-01-04 15:00:00+00:00,243.06913956468193,245.5625978332437,240.91381732973852,242.78934492581286,242.78934492581286,1683339.0,sample,2026-09-24 19:05:19.865913+00:00
META,2025-01-04 15:05:00+00:00,242.74981725631835,243.50699408913795,241.03066866327003,241.64230830271904,241.64230830271904,4150056.0,sample,2026-09-24 19:05:19.865913+00:00
META,2025-01-04 15:10:00+00:00,242.1247070213345,243.88280066513892,239.35632644310488,243.05968461461487,243.05968461461487,16045984.0,sample,2026-09-24 19:05:19.865913+00:00
META,2025-01-04 15:15:00+00:00,243.76262161693322,245.01730764792077,240.6383559586737,242.8781545074191,242.8781545074191,5440653.0,sample,2026-09-24 19:05:19.865913+00:00
META,2025-01-04 15:20:00+00:00,242.1072966897661,244.81582305243919,240.52996133918623,242.37840887217874,242.37840887217874,9885521.0,sample,2026-09-24 19:05:19.865913+00:00
META,2025-01-04 15:25:00+00:00,242.82451003973023,246.59309681005678,240.5213049602907,244.21555658851352,244.21555658851352,6420194.0,sample,2026-09-24 19:05:19.865913+00:00
META,2025-01-04 15:30:00+00:00,244.17657255032486,247.90402056928113,242.8780524664561,245.639090702179,245.639090702179,9584212.0,sample,2026-09-24 19:05:19.865913+00:00
META,2025-01-04 15:35:00+00:00,246.0193889013981,248.77779578636557,242.8988302051422,245.3359503493235,245.3359503493235,11660966.0,sample,2026-09-24 19:05:19.865913+00:00
META,2025-01-04 15:40:00+00:00,245.1481454135323,247.68535800759287,242.0394546762218,244.66299304635817,244.66299304635817,8638256.0,sample,2026-09-24 19:05:19.865913+00:00
META,2025-01-04 15:45:00+00:00,244.41335088804422,245.6908917406984,241.88603655364255,244.63327870087832,244.63327870087832,15544541.0,sample,2026-09-24 19:05:19.865913+00:00
META,2025-01-04 15:50:00+00:00,243.68863194768764,246.15719247535824,242.41417758250788,244.82134685477138,244.82134685477138,17398784.0,sample,2026-09-24 19:05:19.865913+00:00
META,2025-01-04 15:55:00+00:00,244.77985832261743,246.27379386961047,244.33659546880986,245.66683791263657,245.66683791263657,15317687.0,sample,2026-09-24 19:05:19.865913+00:00
META,2025-01-04 16:00:00+00:00,244.84680159600697,245.83302800704112,240.3431584360777,243.19257026992824,243.19257026992824,5417137.0,sample,2026-09-24 19:05:19.865913+00:00
META,2025-01-04 16:05:00+00:00,242.82027979841448,245.66403959667016,241.660544064357,243.52726192545688,243.52726192545688,11368906.0,sample,2026-09-24 19:05:19.865913+00:00
META,2025-01-04 16:10:00+00:00,244.31639645214628,244.82611240690423,243.01933064174165,243.74801453353095,243.74801453353095,6396203.0,sample,2026-09-24 19:05:19.865913+00:00
META,2025-01-04 16:15:00+00:00,244.26307651672136,245.94114025130318,241.84015853392745,243.4075427354487,243.4075427354487,2519747.0,sample,2026-09-24 19:05:19.865913+00:00
META,2025-01-04 16:20:00+00:00,243.48651154764363,244.20194281333644,243.11952334234758,243.58325967184615,243.58325967184615,17908138.0,sample,2026-09-24 19:05:19.865913+00:00
META,2025-01-04 16:25:00+00:00,244.6394825916678,245.57266075419048,243.27257833637972,244.25578181257788,244.25578181257788,5345614.0,sample,2026-09-24 19:05:19.865913+00:00
META,2025-01-04 16:30:00+00:00,244.6751315753206,247.3285249705028,240.2724411507188,242.73258106733147,242.73258106733147,4504816.0,sample,2026-09-24 19:05:19.865913+00:00
META,2025-01-04 16:35:00+00:00,242.73930544103567,243.10115063325406,239.49962834649483,241.41220996540537,241.41220996540537,11799579.0,sample,2026-09-24 19:05:19.865913+00:00
META,2025-01-04 16:40:00+00:00,240.95887968188788,243.38867207994437,240.46745458177278,241.2377660037581,241.2377660037581,10439027.0,sample,2026-09-24 19:05:19.865913+00:00
META,2025-01-04 16:45:00+00:00,241.85863294253136,243.25345307664853,240.55725833405282,240.96469748957142,240.96469748957142,13564200.0,sample,2026-09-24 19:05:19.865913+00:00
META,2025-01-04 16:50:00+00:00,241.63034045102282,242.77085667772295,239.21705992255033,240.84372213604217,240.84372213604217,5033433.0,sample,2026-09-24 19:05:19.865913+00:00
META,2025-01-04 16:55:00+00:00,242.50863396103983,243.87117328832,239.8119441283246,241.13930203559283,241.13930203559283,15707197.0,sample,2026-09-24 19:05:19.865913+00:00
META,2025-01-04 17:00:00+00:00,241.34641945093978,244.01199282336688,238.75361372608774,243.1006588946841,243.1006588946841,4075947.0,sample,2026-09-24 19:05:19.865913+00:00
META,2025-01-04 17:05:00+00:00,242.69351744710474,243.40746119623424,240.40366535392812,242.63785852846863,242.63785852846863,16139251.0,sample,2026-09-24 19:05:19.865913+00:00
META,2025-01-04 17:10:00+00:00,242.84118741483118,243.453328576772,239.99816450571572,242.8253534070028,242.8253534070028,9755620.0,sample,2026-09-24 19:05:19.865913+00:00
META,2025-01-04 17:15:00+00:00,242.14092236272262,244.53342926034694,241.02654479692092,243.6184898382517,243.6184898382517,17524836.0,sample,2026-09-24 19:05:19.865913+00:00
META,2025-01-04 17:20:00+00:00,243.4778926615672,244.7174927858073,241.0904234308029,243.21901378400028,243.21901378400028,2245229.0,sample,2026-09-24 19:05:19.865913+00:00
META,2025-01-04 17:25:00+00:00,243.4791365010324,245.948264130435,241.4751640667153,242.74470679683526,242.74470679683526,8069260.0,sample,2026-09-24 19:05:19.865913+00:00
META,2025-01-04 17:30:00+00:00,242.70001797435532,244.78782179875043,240.76709014420243,242.97633409873185,242.97633409873185,11959452.0,sample,2026-09-24 19:05:19.865913+00:00
META,2025-01-04 17:35:00+00:00,242.8004775304739,244.6036620034139,241.0459016376267,243.32046909715555,243.32046909715555,17354869.0,sample,2026-09-24 19:05:19.865913+00:00
META,2025-01-04 17:40:00+00:00,243.29137024953087,244.94065216443028,239.73947866941316,242.47256467740323,242.47256467740323,6716172.0,sample,2026-09-24 19:05:19.865913+00:00
META,2025-01-04 17:45:00+00:00,243.0379966417811,245.06576031657718,240.43237055138664,242.89984262540673,242.89984262540673,6735172.0,sample,2026-09-24 19:05:19.865913+00:00
META,2025-01-04 17:50:00+00:00,242.66669306417566,245.63371988558802,241.20337099532236,243.2016633622355,243.2016633622355,17516357.0,sample,2026-09-24 19:05:19.865913+00:00
META,2025-01-04 17:55:00+00:00,242.8668612500656,245.58396729327845,241.67333352278706,243.39928700768567,243.39928700768567,14210305.0,sample,2026-09-24 19:05:19.865913+00:00
META,2025-01-04 18:00:00+00:00,243.1769014858194,246.68429823681262,241.81168670523218,244.24889628676164,244.24889628676164,1865676.0,sample,2026-09-24 19:05:19.865913+00:00
META,2025-01-04 18:05:00+00:00,243.97846258046184,244.83521834119648,241.69794952287748,242.79160926156362,242.79160926156362,12705209.0,sample,2026-09-24 19:05:19.865913+00:00
META,2025-01-04 18:10:00+00:00,242.9584614927525,245.5709433236287,241.6001104098555,243.47824910702792,243.47824910702792,11768135.0,sample,2026-09-24 19:05:19.865913+00:00
META,2025-01-04 18:15:00+00:00,242.21970560627798,243.28808063785726,241.59775290368458,242.88685128542386,242.88685128542386,2265791.0,sample,2026-09-24 19:05:19.865913+00:00
META,2025-01-04 18:20:00+00:00,242.7609561205203,243.60647525906677,240.3045360350127,242.69437894451568,242.69437894451568,13423332.0,sample,2026-09-24 19:05:19.865913+00:00
META,2025-01-04 18:25:00+00:00,242.45227801791523,245.15218179128647,239.44514277946638,242.30818290952473,242.30818290952473,10666218.0,sample,2026-09-24 19:05:19.865913+00:00
META,2025-01-04 18:30:00+00:00,242.3854754269819,243.54764110952695,240.85380623069693,241.2220428085126,241.2220428085126,9343438.0,sample,2026-09-24 19:05:19.865913+00:00
META,2025-01-04 18:35:00+00:00,241.6220708103633,241.92734691836637,238.9008004475685,241.5305656635155,241.5305656635155,16337613.0,sample,2026-09-24 19:05:19.865913+00:00
META,2025-01-04 18:40:00+00:00,241.69179392235765,245.39138246946732,240.42640040086317,243.3541614663027,243.3541614663027,16515400.0,sample,2026-09-24 19:05:19.865913+00:00
META,2025-01-04 18:45:00+00:00,243.3153260980497,243.75802798718527,242.3232867236557,243.46811820150225,243.46811820150225,2120757.0,sample,2026-09-24 19:05:19.865913+00:00
META,2025-01-04 18:50:00+00:00,243.08450317892277,245.92642609722895,242.26518566847275,244.60688127404302,244.60688127404302,11574353.0,sample,2026-09-24 19:05:19.865913+00:00
META,2025-01-04 18:55:00+00:00,244.80547173207228,245.8053387075547,241.34171892774955,243.7710598779987,243.7710598779987,1630866.0,sample,2026-09-24 19:05:19.865913+00:00
META,2025-01-04 19:00:00+00:00,243.91008525979936,245.3523316608607,241.71130124763786,243.01590310374758,243.01590310374758,13353487.0,sample,2026-09-24 19:05:19.865913+00:00
META,2025-01-04 19:05:00+00:00,242.73772074525536,244.85226374081324,241.2171139374888,242.90976027266004,242.90976027266004,2774802.0,sample,2026-09-24 19:05:19.865913+00:00
META,2025-01-04 19:10:00+00:00,242.77951882500915,245.54835429922687,241.63170672800322,242.27719624595125,242.27719624595125,4705202.0,sample,2026-09-24 19:05:19.865913+00:00
META,2025-01-04 19:15:00+00:00,242.32827684124905,243.10995624600054,239.99422348181204,241.48462494135305,241.48462494135305,8156885.0,sample,2026-09-24 19:05:19.865913+00:00
META,2025-01-04 19:20:00+00:00,241.12000909343848,243.35640619969624,240.16363313053026,242.08928821104652,242.08928821104652,5161433.0,sample,2026-09-24 19:05:19.865913+00:00
META,2025-01-04 19:25:00+00:00,241.52448945291871,243.3512821032308,238.8604346827867,242.49139303108956,242.49139303108956,8218028.0,sample,2026-09-24 19:05:19.865913+00:00
META,2025-01-04 19:30:00+00:00,243.03798023508992,245.63250548124518,240.98204060408958,243.23177147552096,243.23177147552096,17447119.0,sample,2026-09-24 19:05:19.865913+00:00
META,2025-01-04 19:35:00+00:00,242.96111018431816,245.70291732109735,240.34833582358374,243.27051642017489,243.27051642017489,17070876.0,sample,2026-09-24 19:05:19.865913+00:00
META,2025-01-04 19:40:00+00:00,243.0615540669536,245.24781067094187,242.43702635397395,243.00791848036488,243.00791848036488,3354693.0,sample,2026-09-24 19:05:19.865913+00:00
META,2025-01-04 19:45:00+00:00,243.62522288432737,244.1752564243017,241.0746656305363,242.53346687588905,242.53346687588905,2864330.0,sample,2026-09-24 19:05:19.865913+00:00
META,2025-01-04 19:50:00+00:00,242.88095048781906,244.0753895260381,240.41494191549478,243.48282646615638,243.48282646615638,17870231.0,sample,2026-09-24 19:05:19.865913+00:00
META,2025-01-04 19:55:00+00:00,243.51470940957051,246.112982210108,242.80312464329714,243.34803905866877,243.34803905866877,6354764.0,sample,2026-09-24 19:05:19.865913+00:00
META,2025-01-04 20:00:00+00:00,242.96759897032476,245.26701269536818,240.39201168522087,244.4450130310297,244.4450130310297,5018682.0,sample,2026-09-24 19:05:19.865913+00:00
META,2025-01-04 20:05:00+00:00,243.88529006416735,247.09723931282807,243.1803446789379,245.39698712368047,245.39698712368047,2247581.0,sample,2026-09-24 19:05:19.865913+00:00
META,2025-01-04 20:10:00+00:00,245.24287730113642,248.64021151268074,243.22730961931535,247.50208030137364,247.50208030137364,15362930.0,sample,2026-09-24 19:05:19.865913+00:00
META,2025-01-04 20:15:00+00:00,246.5116106611336,247.54409534136695,244.76720057144286,247.14142644510102,247.14142644510102,4071893.0,sample,2026-09-24 19:05:19.865913+00:00
META,2025-01-04 20:20:00+00:00,247.02598612864708,249.18969546486827,244.59985959312388,248.5336699453375,248.5336699453375,14446786.0,sample,2026-09-24 19:05:19.865913+00:00
META,2025-01-04 20:25:00+00:00,248.60156343587062,249.3987831336011,246.62638903013004,247.4697937094588,247.4697937094588,11494951.0,sample,2026-09-24 19:05:19.865913+00:00
META,2025-01-04 20:30:00+00:00,247.13157107289788,250.6197830016202,246.84494398505782,248.84833969134183,248.84833969134183,1516624.0,sample,2026-09-24 19:05:19.865913+00:00
META,2025-01-04 20:35:00+00:00,248.1712790042271,250.89576041706846,247.65696659020045,249.6254496397394,249.6254496397394,16641205.0,sample,2026-09-24 19:05:19.865913+00:00
META,2025-01-04 20:40:00+00:00,250.4926006243197,253.0318945419807,249.28892981324017,250.99786586340915,250.99786586340915,17389018.0,sample,2026-09-24 19:05:19.865913+00:00
META,2025-01-04 20:45:00+00:00,250.51032550878818,251.2459019199956,247.9388924883146,249.25028243742258,249.25028243742258,15095488.0,sample,2026-09-24 19:05:19.865913+00:00
META,2025-01-04 20:50:00+00:00,248.92022712561004,251.30885968684518,247.3905875955038,250.90483216613956,250.90483216613956,9835598.0,sample,2026-09-24 19:05:19.865913+00:00
META,2025-01-04 20:55:00+00:00,251.0913550762431,251.711282344642,248.6936099788203,250.78898828008712,250.78898828008712,6954315.0,sample,2026-09-24 19:05:19.865913+00:00
META,2025-01-04 21:00:00+00:00,251.3188593651688,251.74810873540258,248.02487500050646,250.6045517549722,250.6045517549722,6477926.0,sample,2026-09-24 19:05:19.865913+00:00
META,2025-01-04 21:05:00+00:00,250.80374300998827,252.77969311266082,247.64949085363824,249.1183551861971,249.1183551861971,9680693.0,sample,2026-09-24 19:05:19.865913+00:00
META,2025-01-04 21:10:00+00:00,248.84200816856693,250.17941971982884,246.41864870915512,248.39689496039998,248.39689496039998,10558785.0,sample,2026-09-24 19:05:19.865913+00:00
META,2025-01-04 21:15:00+00:00,248.50304115682798,251.24474706942192,247.90430310799553,249.6610901879181,249.6610901879181,9870448.0,sample,2026-09-24 19:05:19.865913+00:00
META,2025-01-04 21:20:00+00:00,250.38193242762856,252.8053964580029,248.90043184240588,251.39433360797076,251.39433360797076,3106034.0,sample,2026-09-24 19:05:19.865913+00:00
META,2025-01-04 21:25:00+00:00,251.3442045368568,252.33579390247226,250.3890147527631,251.96287808338832,251.96287808338832,12957788.0,sample,2026-09-24 19:05:19.865913+00:00
META,2025-01-04 21:30:00+00:00,252.06755041283822,254.2355402501973,249.3942346495551,251.35010937263843,251.35010937263843,11776658.0,sample,2026-09-24 19:05:19.865913+00:00
META,2025-01-04 21:35:00+00:00,251.78255505960146,253.3532508587364,250.80730329011632,252.02486432497054,252.02486432497054,3258392.0,sample,2026-09-24 19:05:19.865913+00:00
META,2025-01-04 21:40:00+00:00,251.72403281166348,254.4948428254614,249.13813767737372,250.5355236803244,250.5355236803244,8649140.0,sample,2026-09-24 19:05:19.865913+00:00
META,2025-01-04 21:45:00+00:00,250.60757571371343,252.67632345841895,248.50962459200343,250.28933044311623,250.28933044311623,2307868.0,sample,2026-09-24 19:05:19.865913+00:00
META,2025-01-04 21:50:00+00:00,249.82229422621404,251.919911986616,247.79749228046165,249.63613764995875,249.63613764995875,3369527.0,sample,2026-09-24 19:05:19.865913+00:00
META,2025-01-04 21:55:00+00:00,249.5210694828756,253.29638814331534,248.721779520043,250.7577997316847,250.7577997316847,8974943.0,sample,2026-09-24 19:05:19.865913+00:00
META,2025-01-04 22:00:00+00:00,250.15200307612426,251.22504695110106,246.76018079720055,249.2246453424614,249.2246453424614,4606299.0,sample,2026-09-24 19:05:19.865913+00:00
META,2025-01-04 22:05:00+00:00,248.9936160563105,250.62443149160484,247.4705324522517,248.81278949613647,248.81278949613647,1944341.0,sample,2026-09-24 19:05:19.865913+00:00
META,2025-01-04 22:10:00+00:00,248.93122296319564,251.32551091627798,246.0264662899597,249.18907385855934,249.18907385855934,5255844.0,sample,2026-09-24 19:05:19.865913+00:00
META,2025-01-04 22:15:00+00:00,249.19296904467464,252.25131307130675,247.34480560967103,249.79525275021572,249.79525275021572,7760106.0,sample,2026-09-24 19:05:19.865913+00:00
META,2025-01-04 22:20:00+00:00,249.91579675272345,252.257889457211,246.97743922132338,248.48033696909138,248.48033696909138,7244219.0,sample,2026-09-24 19:05:19.865913+00:00
META,2025-01-04 22:25:00+00:00,248.3479133376963,248.62363210346035,247.3391640390446,247.9297510429497,247.9297510429497,10929578.0,sample,2026-09-24 19:05:19.865913+00:00
META,2025-01-04 22:30:00+00:00,247.35207777272828,249.82451216282394,245.0078886451557,245.82094113412754,245.82094113412754,5481686.0,sample,2026-09-24 19:05:19.865913+00:00
META,2025-01-04 22:35:00+00:00,245.2328454667221,247.06309104278876,242.6995569269674,246.63986666332758,246.63986666332758,4507806.0,sample,2026-09-24 19:05:19.865913+00:00
META,2025-01-04 22:40:00+00:00,246.94897996994618,247.45266500636504,245.43115118516505,246.1587802639021,246.1587802639021,3720802.0,sample,2026-09-24 19:05:19.865913+00:00
META,2025-01-04 22:45:00+00:00,246.42463782190063,247.18587403225723,244.49819179272498,245.7390389794302,245.7390389794302,10996724.0,sample,2026-09-24 19:05:19.865913+00:00
META,2025-01-04 22:50:00+00:00,245.61124246285212,246.0991346769733,242.34977009224514,245.11477947450268,245.11477947450268,4834950.0,sample,2026-09-24 19:05:19.865913+00:00
META,2025-01-04 22:55:00+00:00,245.0871037640712,247.87812719402254,242.16454638165453,246.59157210273628,246.59157210273628,10145720.0,sample,2026-09-24 19:05:19.865913+00:00
META,2025-01-04 23:00:00+00:00,247.65646940577722,248.12008753429689,246.06507177672293,246.48621639720213,246.48621639720213,6215143.0,sample,2026-09-24 19:05:19.865913+00:00
META,2025-01-04 23:05:00+00:00,247.34102244475483,248.75055440969837,244.87575044357237,245.56718967137684,245.56718967137684,10418471.0,sample,2026-09-24 19:05:19.865913+00:00
META,2025-01-04 23:10:00+00:00,245.68184597156386,248.916508966012,244.9326753495563,246.54209543444333,246.54209543444333,16984342.0,sample,2026-09-24 19:05:19.865913+00:00
META,2025-01-04 23:15:00+00:00,246.25042103511154,249.75896201069273,244.36465331954923,247.11104806184184,247.11104806184184,13031012.0,sample,2026-09-24 19:05:19.865913+00:00
META,2025-01-04 23:20:00+00:00,247.57071797000398,249.5195276122445,244.10246012374847,247.03423644542337,247.03423644542337,12031340.0,sample,2026-09-24 19:05:19.865913+00:00
META,2025-01-04 23:25:00+00:00,247.16168758196318,249.04425325733772,245.08119427700896,246.10910194148917,246.10910194148917,8408492.0,sample,2026-09-24 19:05:19.865913+00:00
META,2025-01-04 23:30:00+00:00,245.98370663349652,248.6585057742054,245.40743633650024,246.1159598916553,246.1159598916553,9038528.0,sample,2026-09-24 19:05:19.865913+00:00
META,2025-01-04 23:35:00+00:00,245.8600842639137,249.3546537650705,245.19815065565672,246.60347045317403,246.60347045317403,14581049.0,sample,2026-09-24 19:05:19.865913+00:00
META,2025-01-04 23:40:00+00:00,247.30777189315936,248.1715021299957,245.01489570647604,246.43344120188073,246.43344120188073,6642440.0,sample,2026-09-24 19:05:19.865913+00:00
META,2025-01-04 23:45:00+00:00,246.82656275515794,248.23262382859795,246.01541450778507,246.31271244487436,246.31271244487436,13633707.0,sample,2026-09-24 19:05:19.865913+00:00
META,2025-01-04 23:50:00+00:00,246.69255805708033,249.13612326765895,244.39403909228471,247.21526710651685,247.21526710651685,3985633.0,sample,2026-09-24 19:05:19.865913+00:00
META,2025-01-04 23:55:00+00:00,247.2700815284975,248.06744936239633,245.23931294725676,246.39507569575974,246.39507569575974,4078226.0,sample,2026-09-24 19:05:19.865913+00:00
META,2025-01-05 00:00:00+00:00,246.70109596112675,247.62917146668119,243.95416435389285,247.10189841125145,247.10189841125145,15848346.0,sample,2026-09-24 19:05:19.865913+00:00
META,2025-01-05 00:05:00+00:00,247.3317230194556,247.9047983801741,244.97815677521749,246.72948948288533,246.72948948288533,9019428.0,sample,2026-09-24 19:05:19.865913+00:00
META,2025-01-05 00:10:00+00:00,245.53396659136257,247.07139304402108,244.22226635921413,245.5284010225801,245.5284010225801,16390339.0,sample,2026-09-24 19:05:19.865913+00:00
META,2025-01-05 00:15:00+00:00,245.85459719536976,247.7422363442711,244.79826945286553,246.35536078551598,246.35536078551598,10603004.0,sample,2026-09-24 19:05:19.865913+00:00
META,2025-01-05 00:20:00+00:00,246.73027858842792,249.6323214632197,244.70283730623117,247.11169467110574,247.11169467110574,9913715.0,sample,2026-09-24 19:05:19.865913+00:00
META,2025-01-05 00:25:00+00:00,246.89896328261037,247.2682607051842,243.8893015079103,246.37219492177874,246.37219492177874,1936148.0,sample,2026-09-24 19:05:19.865913+00:00
META,2025-01-05 00:30:00+00:00,246.64391915247538,247.39914954867567,243.2782854601394,245.64543982081813,245.64543982081813,10475899.0,sample,2026-09-24 19:05:19.865913+00:00
META,2025-01-05 00:35:00+00:00,245.24137206866465,249.1262865565842,243.76623559597147,246.8086794566017,246.8086794566017,13414513.0,sample,2026-09-24 19:05:19.865913+00:00
META,2025-01-05 00:40:00+00:00,246.47893104376155,247.46021702250977,246.23016876589577,247.00553189975048,247.00553189975048,8002889.0,sample,2026-09-24 19:05:19.865913+00:00
META,2025-01-05 00:45:00+00:00,245.72447819728237,247.62239272936364,244.7502823742883,245.3001200520765,245.3001200520765,10526790.0,sample,2026-09-24 19:05:19.865913+00:00
META,2025-01-05 00:50:00+00:00,246.4428553050126,248.65877457986815,243.70646674703227,244.52112680441755,244.52112680441755,11637246.0,sample,2026-09-24 19:05:19.865913+00:00
META,2025-01-05 00:55:00+00:00,244.81871419899377,245.23757902923805,242.09549415370077,244.92435292531223,244.92435292531223,8895473.0,sample,2026-09-24 19:05:19.865913+00:00
META,2025-01-05 01:00:00+00:00,245.03969687313224,246.16559619079635,243.48797976475092,244.4443851538379,244.4443851538379,9642267.0,sample,2026-09-24 19:05:19.865913+00:00
META,2025-01-05 01:05:00+00:00,243.9870055207503,247.90309779321086,241.56109555559172,245.41217133953816,245.41217133953816,9063690.0,sample,2026-09-24 19:05:19.865913+00:00
META,2025-01-05 01:10:00+00:00,244.96327273761858,247.98177106320196,242.43633952659505,245.07518607835829,245.07518607835829,5208431.0,sample,2026-09-24 19:05:19.865913+00:00
META,2025-01-05 01:15:00+00:00,245.03820736443188,247.43786461889437,243.05267183913804,245.68057487465802,245.68057487465802,17180371.0,sample,2026-09-24 19:05:19.865913+00:00
META,2025-01-05 01:20:00+00:00,245.92627275125596,247.8699846021992,244.64686223997424,245.80379805317918,245.80379805317918,2867503.0,sample,2026-09-24 19:05:19.865913+00:00
META,2025-01-05 01:25:00+00:00,245.9124403066381,248.43844454202383,243.23633028072052,246.23393373674756,246.23393373674756,8704690.0,sample,2026-09-24 19:05:19.865913+00:00
META,2025-01-05 01:30:00+00:00,245.8949280417453,248.29023951907917,243.3479785896497,246.4518592143074,246.4518592143074,3314371.0,sample,2026-09-24 19:05:19.865913+00:00
META,2025-01-05 01:35:00+00:00,247.06481761993388,247.92279567946687,244.05060111693714,246.56058339168555,246.56058339168555,16361602.0,sample,2026-09-24 19:05:19.865913+00:00
META,2025-01-05 01:40:00+00:00,247.1351362480731,249.15336788262718,244.93174647251428,245.45831043352007,245.45831043352007,12999577.0,sample,2026-09-24 19:05:19.865913+00:00
META,2025-01-05 01:45:00+00:00,245.41473186344248,248.7895334811899,244.45233067036696,246.70424747385408,246.70424747385408,10419992.0,sample,2026-09-24 19:05:19.865913+00:00
META,2025-01-05 01:50:00+00:00,248.00611077996774,250.7252877154376,244.77422887334228,246.31207502892846,246.31207502892846,3042875.0,sample,2026-09-24 19:05:19.865913+00:00
META,2025-01-05 01:55:00+00:00,246.77466402026116,248.46016964501982,244.20841736468836,245.32419342671142,245.32419342671142,14816599.0,sample,2026-09-24 19:05:19.865913+00:00
META,2025-01-05 02:00:00+00:00,244.8828436251141,247.96924363565398,243.24345195233263,246.91146975466881,246.91146975466881,4060596.0,sample,2026-09-24 19:05:19.865913+00:00
META,2025-01-05 02:05:00+00:00,246.6930914383065,248.91831484936992,245.50205299537,246.40935469246324,246.40935469246324,7412532.0,sample,2026-09-24 19:05:19.865913+00:00
META,2025-01-05 02:10:00+00:00,245.72104076525747,248.72479326469698,243.18055074012918,247.91634144663297,247.91634144663297,6379566.0,sample,2026-09-24 19:05:19.865913+00:00
META,2025-01-05 02:15:00+00:00,248.02187063219583,250.91565677432334,245.30287231516448,245.93075127761233,245.93075127761233,3620735.0,sample,2026-09-24 19:05:19.865913+00:00
META,2025-01-05 02:20:00+00:00,245.44791869461054,248.03004840352182,244.82721278464584,246.35426412044023,246.35426412044023,14034293.0,sample,2026-09-24 19:05:19.865913+00:00
META,2025-01-05 02:25:00+00:00,247.12660593279296,249.61917003121468,246.07459912125086,246.46481618506286,246.46481618506286,6476556.0,sample,2026-09-24 19:05:19.865913+00:00
META,2025-01-05 02:30:00+00:00,246.9420523891515,248.5227294505726,245.23956966872888,245.80541265473187,245.80541265473187,3890407.0,sample,2026-09-24 19:05:19.865913+00:00
META,2025-01-05 02:35:00+00:00,246.31627746150113,249.5781797175378,244.07993964423662,246.99104299628655,246.99104299628655,15662474.0,sample,2026-09-24 19:05:19.865913+00:00
META,2025-01-05 02:40:00+00:00,247.46322366408558,249.01606416970387,243.89311665952536,246.08017491625054,246.08017491625054,17846790.0,sample,2026-09-24 19:05:19.865913+00:00
META,2025-01-05 02:45:00+00:00,245.5106178328445,249.16049966749583,244.81773085639898,246.2598852998137,246.2598852998137,10288744.0,sample,2026-09-24 19:05:19.865913+00:00
META,2025-01-05 02:50:00+00:00,245.33095478008732,248.21822337327345,243.5956252039384,245.8552542471275,245.8552542471275,13588426.0,sample,2026-09-24 19:05:19.865913+00:00
META,2025-01-05 02:55:00+00:00,245.71222720306974,248.23931861465644,245.2030721096258,246.77057323614886,246.77057323614886,14377621.0,sample,2026-09-24 19:05:19.865913+00:00
META,2025-01-05 03:00:00+00:00,247.08921796734134,247.8179703241016,244.45500623271133,245.80382633295204,245.80382633295204,4477990.0,sample,2026-09-24 19:05:19.865913+00:00
META,2025-01-05 03:05:00+00:00,245.81708729580825,246.54792990959913,243.98145711811992,246.07393411110988,246.07393411110988,7688836.0,sample,2026-09-24 19:05:19.865913+00:00
META,2025-01-05 03:10:00+00:00,246.42445148565332,249.04452912018974,243.3445465056738,246.2671581411853,246.2671581411853,16609812.0,sample,2026-09-24 19:05:19.865913+00:00
META,2025-01-05 03:15:00+00:00,246.02026629620917,246.59316839380648,243.2626294524555,244.34807559468948,244.34807559468948,2824767.0,sample,2026-09-24 19:05:19.865913+00:00
META,2025-01-05 03:20:00+00:00,244.2690362072195,248.10208672592015,241.43818814492062,247.4375089685215,247.4375089685215,3604290.0,sample,2026-09-24 19:05:19.865913+00:00
META,2025-01-05 03:25:00+00:00,246.3876989988938,250.57064262354115,244.5352196659329,247.73817741469782,247.73817741469782,4347731.0,sample,2026-09-24 19:05:19.865913+00:00
META,2025-01-05 03:30:00+00:00,247.69799981462788,249.59969095810646,244.96851038269224,248.2471314678616,248.2471314678616,12736767.0,sample,2026-09-24 19:05:19.865913+00:00
META,2025-01-05 03:35:00+00:00,247.88435611122406,249.42484561495195,246.19363156595603,249.10072467481785,249.10072467481785,7121541.0,sample,2026-09-24 19:05:19.865913+00:00
META,2025-01-05 03:40:00+00:00,249.94456224373786,252.7545914005666,248.3140517390642,248.80924695016003,248.80924695016003,5143465.0,sample,2026-09-24 19:05:19.865913+00:00
META,2025-01-05 03:45:00+00:00,248.97947345853316,251.5124199659089,245.80052034382325,248.37893200995853,248.37893200995853,9035841.0,sample,2026-09-24 19:05:19.865913+00:00
META,2025-01-05 03:50:00+00:00,248.93196730004342,251.82171950338076,245.857011862583,246.25609823214415,246.25609823214415,2190602.0,sample,2026-09-24 19:05:19.865913+00:00
META,2025-01-05 03:55:00+00:00,245.42603415984738,247.12614860135196,243.29590972637723,245.77827399232888,245.77827399232888,14524198.0,sample,2026-09-24 19:05:19.865913+00:00
META,2025-01-05 04:00:00+00:00,245.0698454013301,248.6318320174013,243.13813654088645,245.7532337023096,245.7532337023096,6128609.0,sample,2026-09-24 19:05:19.865913+00:00
META,2025-01-05 04:05:00+00:00,245.1055755976573,249.22733832003817,242.49254219351323,246.33585504970972,246.33585504970972,16729525.0,sample,2026-09-24 19:05:19.865913+00:00
META,2025-01-05 04:10:00+00:00,246.10657153803626,249.1916069876413,243.7570739168306,246.47134691915267,246.47134691915267,16444177.0,sample,2026-09-24 19:05:19.865913+00:00
META,2025-01-05 04:15:00+00:00,246.29664729324833,247.02237745053023,244.5834493307011,246.75558141889098,246.75558141889098,3762359.0,sample,2026-09-24 19:05:19.865913+00:00
META,2025-01-05 04:20:00+00:00,246.2285939909974,249.08484622177826,244.02218661400366,246.96327415816,246.96327415816,2745293.0,sample,2026-09-24 19:05:19.865913+00:00
META,2025-01-05 04:25:00+00:00,246.99865477113056,248.1596155715555,244.60050488563138,247.3692654747988,247.3692654747988,15805038.0,sample,2026-09-24 19:05:19.865913+00:00
META,2025-01-05 04:30:00+00:00,246.63011887558807,250.2694302463008,246.1677817703021,247.77542776611853,247.77542776611853,6935528.0,sample,2026-09-24 19:05:19.865913+00:00
META,2025-01-05 04:35:00+00:00,247.60872990225675,248.5411798647388,247.2940552145382,247.99178220061413,247.99178220061413,7965413.0,sample,2026-09-24 19:05:19.865913+00:00
META,2025-01-05 04:40:00+00:00,248.09321515361663,250.32225638006676,247.04939791507067,248.9098992012129,248.9098992012129,14370349.0,sample,2026-09-24 19:05:19.865913+00:00
META,2025-01-05 04:45:00+00:00,248.7277905940169,251.44893611423782,246.01765260460525,247.43913595088887,247.43913595088887,6552176.0,sample,2026-09-24 19:05:19.865913+00:00
META,2025-01-05 04:50:00+00:00,246.93082486120502,247.82079364682056,244.6483798280141,247.10296845534106,247.10296845534106,7380209.0,sample,2026-09-24 19:05:19.865913+00:00
META,2025-01-05 04:55:00+00:00,247.3733892608622,250.50753903044264,244.58726789690246,247.86504304144938,247.86504304144938,7231948.0,sample,2026-09-24 19:05:19.865913+00:00
META,2025-01-05 05:00:00+00:00,247.60353867892022,250.76036685108247,245.80017747401163,247.84264583658722,247.84264583658722,10714109.0,sample,2026-09-24 19:05:19.865913+00:00
META,2025-01-05 05:05:00+00:00,247.67863852237278,249.15768501907627,246.65046685225917,246.9913987188323,246.9913987188323,11166657.0,sample,2026-09-24 19:05:19.865913+00:00
META,2025-01-05 05:10:00+00:00,246.95664887368181,248.6364741797396,244.72208075752673,246.7848240075598,246.7848240075598,14275424.0,sample,2026-09-24 19:05:19.865913+00:00
META,2025-01-05 05:15:00+00:00,246.62453785607423,248.09096532188155,244.18258178743056,246.67568260586003,246.67568260586003,2500510.0,sample,2026-09-24 19:05:19.865913+00:00
META,2025-01-05 05:20:00+00:00,246.75148885098457,249.7106754242713,246.497864923697,246.83017490000913,246.83017490000913,4654278.0,sample,2026-09-24 19:05:19.865913+00:00
META,2025-01-05 05:25:00+00:00,245.9396138521906,249.92654068589783,244.77154679790448,248.8507683180076,248.8507683180076,10835318.0,sample,2026-09-24 19:05:19.865913+00:00
META,2025-01-05 05:30:00+00:00,248.82874103619415,252.26617332154558,248.54733317613616,250.31730869462945,250.31730869462945,14707914.0,sample,2026-09-24 19:05:19.865913+00:00
META,2025-01-05 05:35:00+00:00,249.5611949775761,252.59396889764142,246.81858747182108,249.93071788916237,249.93071788916237,1643751.0,sample,2026-09-24 19:05:19.865913+00:00
META,2025-01-05 05:40:00+00:00,249.5868478870957,250.7042001978868,248.48896669365533,250.20310951146664,250.20310951146664,14199441.0,sample,2026-09-24 19:05:19.865913+00:00
META,2025-01-05 05:45:00+00:00,251.2159188256479,253.14207700767682,248.74085448393913,252.25235959423304,252.25235959423304,16806732.0,sample,2026-09-24 19:05:19.865913+00:00
META,2025-01-05 05:50:00+00:00,252.5383214276225,253.9706680138043,248.8739616260521,251.87661941546622,251.87661941546622,2319249.0,sample,2026-09-24 19:05:19.865913+00:00
META,2025-01-05 05:55:00+00:00,252.03839938550075,253.23971313278767,251.5783214234695,252.7217235925721,252.7217235925721,14803155.0,sample,2026-09-24 19:05:19.865913+00:00
META,2025-01-05 06:00:00+00:00,253.06030482046828,255.83743264491028,250.51899828674757,252.50294848066488,252.50294848066488,5208649.0,sample,2026-09-24 19:05:19.865913+00:00
META,2025-01-05 06:05:00+00:00,252.21159496955994,253.0686872657028,250.15363639301654,251.61802805307346,251.61802805307346,14777908.0,sample,2026-09-24 19:05:19.865913+00:00
META,2025-01-05 06:10:00+00:00,251.4229217231692,254.28880032577118,250.26574003701637,251.4869092058059,251.4869092058059,16008611.0,sample,2026-09-24 19:05:19.865913+00:00
META,2025-01-05 06:15:00+00:00,251.22168226661034,254.14120449874406,249.82401315316872,251.61861566003165,251.61861566003165,3581643.0,sample,2026-09-24 19:05:19.865913+00:00
META,2025-01-05 06:20:00+00:00,252.07699923905466,255.32753466999742,249.2631119273542,252.9543300713093,252.9543300713093,10369227.0,sample,2026-09-24 19:05:19.865913+00:00
META,2025-01-05 06:25:00+00:00,251.93755481295406,253.68406511112335,250.42099572258803,252.25689390806767,252.25689390806767,16879234.0,sample,2026-09-24 19:05:19.865913+00:00
META,2025-01-05 06:30:00+00:00,252.55975134833292,254.2154684894512,251.89567799022228,253.70241838152003,253.70241838152003,13086718.0,sample,2026-09-24 19:05:19.865913+00:00
META,2025-01-05 06:35:00+00:00,253.15987787016255,256.46354091856125,251.8745083583313,253.58612885317123,253.58612885317123,2726141.0,sample,2026-09-24 19:05:19.865913+00:00
META,2025-01-05 06:40:00+00:00,253.56613959390904,256.316007038953,252.7381204825964,253.50226259151555,253.50226259151555,2718042.0,sample,2026-09-24 19:05:19.865913+00:00
META,2025-01-05 06:45:00+00:00,253.30800071543624,254.1241961594068,251.52869229436018,252.57932384243153,252.57932384243153,3238212.0,sample,2026-09-24 19:05:19.865913+00:00
META,2025-01-05 06:50:00+00:00,252.05294840650672,253.68348669267218,247.96207377312174,250.57146442490262,250.57146442490262,6687023.0,sample,2026-09-24 19:05:19.865913+00:00
META,2025-01-05 06:55:00+00:00,250.0461935305946,252.21834575374055,249.6241470387876,250.6926599784299,250.6926599784299,1582469.0,sample,2026-09-24 19:05:19.865913+00:00
META,2025-01-05 07:00:00+00:00,249.81906805641938,252.8916630502217,249.4981769675953,249.9865745475416,249.9865745475416,7419868.0,sample,2026-09-24 19:05:19.865913+00:00
META,2025-01-05 07:05:00+00:00,250.35916267199167,253.13906498199594,248.65071222281745,250.09396816734002,250.09396816734002,13844360.0,sample,2026-09-24 19:05:19.865913+00:00
META,2025-01-05 07:10:00+00:00,250.19230618466688,251.84524544350276,248.2309564842491,249.86223004829012,249.86223004829012,13923227.0,sample,2026-09-24 19:05:19.865913+00:00
META,2025-01-05 07:15:00+00:00,249.75782088623265,251.24615305262225,246.85268153336082,247.84494566436024,247.84494566436024,2733048.0,sample,2026-09-24 19:05:19.865913+00:00
META,2025-01-05 07:20:00+00:00,247.70911135997505,249.20335246086668,246.2192540425175,247.27715790534455,247.27715790534455,4512087.0,sample,2026-09-24 19:05:19.865913+00:00
META,2025-01-05 07:25:00+00:00,247.8867166799828,249.77218139213363,244.97786880647354,247.1868755806133,247.1868755806133,17531069.0,sample,2026-09-24 19:05:19.865913+00:00
META,2025-01-05 07:30:00+00:00,246.77002984431581,247.66406755475364,244.38412544874967,247.12495258913412,247.12495258913412,11784161.0,sample,2026-09-24 19:05:19.865913+00:00
META,2025-01-05 07:35:00+00:00,246.58011747366345,249.8551468343792,246.1067556778422,247.20074740710663,247.20074740710663,8585749.0,sample,2026-09-24 19:05:19.865913+00:00
META,2025-01-05 07:40:00+00:00,247.0913723932061,249.30755262566106,246.01279331143914,247.14330548391712,247.14330548391712,10412614.0,sample,2026-09-24 19:05:19.865913+00:00
META,2025-01-05 07:45:00+00:00,247.06127632072287,249.0434228462202,244.77711183068553,246.2637236431784,246.2637236431784,4145215.0,sample,2026-09-24 19:05:19.865913+00:00
META,2025-01-05 07:50:00+00:00,246.28347487070593,248.0418129049275,244.55791328059055,246.14759602102237,246.14759602102237,7635411.0,sample,2026-09-24 19:05:19.865913+00:00
META,2025-01-05 07:55:00+00:00,246.29358665421333,247.31473739861895,244.72790894808153,245.56996973013264,245.56996973013264,3540488.0,sample,2026-09-24 19:05:19.865913+00:00
META,2025-01-05 08:00:00+00:00,244.73046897693862,246.686746476416,244.45860546897032,245.49724569989834,245.49724569989834,12671750.0,sample,2026-09-24 19:05:19.865913+00:00
META,2025-01-05 08:05:00+00:00,245.50901736881255,248.04910086311727,243.86476494407884,245.5021084107808,245.5021084107808,8725011.0,sample,2026-09-24 19:05:19.865913+00:00
META,2025-01-05 08:10:00+00:00,246.02405025160294,246.64062185763603,244.29773016286745,245.4236685239051,245.4236685239051,15997832.0,sample,2026-09-24 19:05:19.865913+00:00
META,2025-01-05 08:15:00+00:00,246.3302285905163,247.98493021342597,245.29631006262235,247.27423793248414,247.27423793248414,1950244.0,sample,2026-09-24 19:05:19.865913+00:00
META,2025-01-05 08:20:00+00:00,247.65025715271884,250.608369905666,243.38500793497192,246.18496351908186,246.18496351908186,6776704.0,sample,2026-09-24 19:05:19.865913+00:00
META,2025-01-05 08:25:00+00:00,245.58813455574628,247.1671893076339,241.5066886974704,244.40274082119328,244.40274082119328,1547400.0,sample,2026-09-24 19:05:19.865913+00:00
META,2025-01-05 08:30:00+00:00,244.45277046513817,247.53305306331356,243.7087675052907,244.84516106142644,244.84516106142644,16508443.0,sample,2026-09-24 19:05:19.865913+00:00
META,2025-01-05 08:35:00+00:00,244.65769810076304,246.6347722707712,241.57767353839452,244.2712066803925,244.2712066803925,11439692.0,sample,2026-09-24 19:05:19.865913+00:00
META,2025-01-05 08:40:00+00:00,245.31490439334738,248.1342971309193,243.22707273444442,244.4748716634177,244.4748716634177,3088979.0,sample,2026-09-24 19:05:19.865913+00:00
META,2025-01-05 08:45:00+00:00,243.72939398491334,244.91982366648978,243.4301661107267,244.25428052651256,244.25428052651256,11079493.0,sample,2026-09-24 19:05:19.865913+00:00
META,2025-01-05 08:50:00+00:00,244.2584171783062,247.4264439582308,241.8625425962582,244.5361381877372,244.5361381877372,12649996.0,sample,2026-09-24 19:05:19.865913+00:00
META,2025-01-05 08:55:00+00:00,245.42148709525452,247.79478686156494,243.57646221324026,244.07155104582355,244.07155104582355,10562818.0,sample,2026-09-24 19:05:19.865913+00:00
META,2025-01-05 09:00:00+00:00,243.27894592468422,244.4066107700804,241.79881229946866,243.5454432219636,243.5454432219636,17487240.0,sample,2026-09-24 19:05:19.865913+00:00
META,2025-01-05 09:05:00+00:00,243.4378499500817,246.41752258723022,241.9922417510226,245.40448860793995,245.40448860793995,13808753.0,sample,2026-09-24 19:05:19.865913+00:00
META,2025-01-05 09:10:00+00:00,244.62115984340357,248.74362468113156,243.2921597454688,246.586033118848,246.586033118848,6042064.0,sample,2026-09-24 19:05:19.865913+00:00
META,2025-01-05 09:15:00+00:00,246.6669392143747,249.4317583649028,245.0306505837974,245.5593394892371,245.5593394892371,16992141.0,sample,2026-09-24 19:05:19.865913+00:00
META,2025-01-05 09:20:00+00:00,245.7451323098375,246.27669513219286,244.70461683159073,245.20598683276077,245.20598683276077,13761902.0,sample,2026-09-24 19:05:19.865913+00:00
META,2025-01-05 09:25:00+00:00,245.01400583441512,247.9095596915588,242.53211224030068,246.39856716053146,246.39856716053146,2037893.0,sample,2026-09-24 19:05:19.865913+00:00
META,2025-01-05 09:30:00+00:00,245.99807480130605,248.87175910046005,245.12448910222164,246.52238952949486,246.52238952949486,4752424.0,sample,2026-09-24 19:05:19.865913+00:00
META,2025-01-05 09:35:00+00:00,247.02531712018032,249.57417181050545,242.49740195230487,245.43919095269175,245.43919095269175,17609052.0,sample,2026-09-24 19:05:19.865913+00:00
META,2025-01-05 09:40:00+00:00,244.66840150765705,247.5121300953004,242.00480653590367,245.84033695217735,245.84033695217735,14126562.0,sample,2026-09-24 19:05:19.865913+00:00
META,2025-01-05 09:45:00+00:00,246.07952654348,248.92060618309966,245.02476519643125,246.63969693118915,246.63969693118915,12489233.0,sample,2026-09-24 19:05:19.865913+00:00
META,2025-01-05 09:50:00+00:00,246.25259948426142,247.16039386868363,245.86311770955848,246.3745328065634,246.3745328065634,2464469.0,sample,2026-09-24 19:05:19.865913+00:00
META,2025-01-05 09:55:00+00:00,246.62406473742732,247.69192106666492,246.28317523033172,246.63601480636495,246.63601480636495,3843156.0,sample,2026-09-24 19:05:19.865913+00:00
META,2025-01-05 10:00:00+00:00,246.81774640912508,249.71552366306798,243.50209755133147,246.12625957820572,246.12625957820572,7848457.0,sample,2026-09-24 19:05:19.865913+00:00
META,2025-01-05 10:05:00+00:00,245.50132068401504,249.60448487127798,243.26717912171165,247.41546538282276,247.41546538282276,7358279.0,sample,2026-09-24 19:05:19.865913+00:00
META,2025-01-05 10:10:00+00:00,247.46145919682712,250.37154418861073,246.8246752459825,249.43796096992838,249.43796096992838,2424224.0,sample,2026-09-24 19:05:19.865913+00:00
META,2025-01-05 10:15:00+00:00,248.77918834358007,251.47197043137004,246.26685749722196,249.6038418395837,249.6038418395837,14394189.0,sample,2026-09-24 19:05:19.865913+00:00
META,2025-01-05 10:20:00+00:00,250.52834848986944,253.15555647710195,247.4430449170678,249.09256699260894,249.09256699260894,9151385.0,sample,2026-09-24 19:05:19.865913+00:00
META,2025-01-05 10:25:00+00:00,248.88086669060502,252.56096945719477,247.50945729299022,249.8942755914561,249.8942755914561,6370783.0,sample,2026-09-24 19:05:19.865913+00:00
META,2025-01-05 10:30:00+00:00,250.10585229209283,251.34989622572127,249.21591806345631,250.12541443228443,250.12541443228443,13105537.0,sample,2026-09-24 19:05:19.865913+00:00
META,2025-01-05 10:35:00+00:00,250.44798162154135,253.14842472543057,249.41145595010582,250.28237442765123,250.28237442765123,11192750.0,sample,2026-09-24 19:05:19.865913+00:00
META,2025-01-05 10:40:00+00:00,251.11386966787774,252.27575775625942,248.06223815577795,249.4127788000766,249.4127788000766,8954094.0,sample,2026-09-24 19:05:19.865913+00:00
META,2025-01-05 10:45:00+00:00,248.74989285059655,249.1837709374564,245.99204172704728,248.78166499159565,248.78166499159565,6715961.0,sample,2026-09-24 19:05:19.865913+00:00
META,2025-01-05 10:50:00+00:00,249.05204211594568,249.72986843659842,245.4205111636694,247.86617457097583,247.86617457097583,4456771.0,sample,2026-09-24 19:05:19.865913+00:00
META,2025-01-05 10:55:00+00:00,247.51765135456046,247.98863477769748,244.71577394631404,247.18155184734985,247.18155184734985,9776466.0,sample,2026-09-24 19:05:19.865913+00:00
META,2025-01-05 11:00:00+00:00,247.11904895902458,248.47158977584309,245.8401529122935,247.04512525611895,247.04512525611895,13259368.0,sample,2026-09-24 19:05:19.865913+00:00
META,2025-01-05 11:05:00+00:00,247.23988816805993,247.67014314693353,244.14710764830198,246.52937748985957,246.52937748985957,2689063.0,sample,2026-09-24 19:05:19.865913+00:00
META,2025-01-05 11:10:00+00:00,246.93256151140227,250.5270704184646,245.4211779575152,248.34319512224133,248.34319512224133,16528447.0,sample,2026-09-24 19:05:19.865913+00:00
META,2025-01-05 11:15:00+00:00,248.117175759297,250.54718595001137,246.20962701322918,248.25405301645102,248.25405301645102,15377618.0,sample,2026-09-24 19:05:19.865913+00:00
META,2025-01-05 11:20:00+00:00,247.99503284112336,248.85689650479986,247.21327259669394,247.86697531191524,247.86697531191524,12110806.0,sample,2026-09-24 19:05:19.865913+00:00
META,2025-01-05 11:25:00+00:00,247.23405879370978,248.99289169548308,245.77718772153892,247.97053414127546,247.97053414127546,13075417.0,sample,2026-09-24 19:05:19.865913+00:00
META,2025-01-05 11:30:00+00:00,248.9555089354765,249.3214090776755,247.473449908355,249.00067426481462,249.00067426481462,13849451.0,sample,2026-09-24 19:05:19.865913+00:00
META,2025-01-05 11:35:00+00:00,248.63391297634794,251.24625532866443,248.00746887252376,250.1687451865695,250.1687451865695,13241173.0,sample,2026-09-24 19:05:19.865913+00:00
META,2025-01-05 11:40:00+00:00,251.94993025055206,254.9643849742604,248.40870621757438,249.15944965971232,249.15944965971232,4101572.0,sample,2026-09-24 19:05:19.865913+00:00
META,2025-01-05 11:45:00+00:00,249.0441573991906,251.53407007856302,247.57462395598122,248.24476469494445,248.24476469494445,6106124.0,sample,2026-09-24 19:05:19.865913+00:00
META,2025-01-05 11:50:00+00:00,248.65045271666503,249.18710677635715,244.65938164594687,247.32385616029336,247.32385616029336,4213646.0,sample,2026-09-24 19:05:19.865913+00:00
META,2025-01-05 11:55:00+00:00,247.0080981946495,248.72704702660528,245.2520968813674,247.16688071310662,247.16688071310662,4167836.0,sample,2026-09-24 19:05:19.865913+00:00
META,2025-01-05 12:00:00+00:00,247.1148768004062,249.88599168928062,245.65942484623685,247.21611323360705,247.21611323360705,8344138.0,sample,2026-09-24 19:05:19.865913+00:00
META,2025-01-05 12:05:00+00:00,247.3630652591897,250.3122171413874,244.42588972439995,248.8315596119989,248.8315596119989,5790190.0,sample,2026-09-24 19:05:19.865913+00:00
META,2025-01-05 12:10:00+00:00,248.935191898279,253.0365739420061,246.49685953094317,250.3230621849543,250.3230621849543,5888098.0,sample,2026-09-24 19:05:19.865913+00:00
META,2025-01-05 12:15:00+00:00,250.2276381986617,251.93602550596705,248.8768669976072,249.577703341384,249.577703341384,17773027.0,sample,2026-09-24 19:05:19.865913+00:00
META,2025-01-05 12:20:00+00:00,249.41474573299854,251.30686946161512,245.05890230195766,247.2551640678077,247.2551640678077,5028381.0,sample,2026-09-24 19:05:19.865913+00:00
META,2025-01-05 12:25:00+00:00,247.31171837419748,248.08843947965025,244.31577267937274,245.81207380758033,245.81207380758033,12108220.0,sample,2026-09-24 19:05:19.865913+00:00
META,2025-01-05 12:30:00+00:00,245.7456373123675,248.28723267129132,242.97633045048238,244.99293898132117,244.99293898132117,5094889.0,sample,2026-09-24 19:05:19.865913+00:00
META,2025-01-05 12:35:00+00:00,245.49975335742778,247.19762415369271,242.30799217939025,244.90107188170668,244.90107188170668,9275268.0,sample,2026-09-24 19:05:19.865913+00:00
META,2025-01-05 12:40:00+00:00,245.26101396507894,246.25916779275477,242.95843004032972,245.446596905216,245.446596905216,11774261.0,sample,2026-09-24 19:05:19.865913+00:00
META,2025-01-05 12:45:00+00:00,244.86232497210275,247.47418525459213,241.4684091739756,244.22835213558338,244.22835213558338,11360966.0,sample,2026-09-24 19:05:19.865913+00:00
META,2025-01-05 12:50:00+00:00,244.25046513196023,247.69669471939483,241.49014839723583,245.03237825526455,245.03237825526455,5391068.0,sample,2026-09-24 19:05:19.865913+00:00
META,2025-01-05 12:55:00+00:00,245.04400158852584,246.7256933703178,244.32315688454963,245.88783541367536,245.88783541367536,14219326.0,sample,2026-09-24 19:05:19.865913+00:00
META,2025-01-05 13:00:00+00:00,246.0869780134577,247.2352802075459,240.94545620248974,243.57086186802272,243.57086186802272,17736407.0,sample,2026-09-24 19:05:19.865913+00:00
META,2025-01-05 13:05:00+00:00,243.0685489398815,245.97570053549765,240.46592140890422,242.21891000168756,242.21891000168756,16091437.0,sample,2026-09-24 19:05:19.865913+00:00
META,2025-01-05 13:10:00+00:00,242.42989730470558,244.48238330277718,241.57390985169633,243.84373533457267,243.84373533457267,12835866.0,sample,2026-09-24 19:05:19.865913+00:00
META,2025-01-05 13:15:00+00:00,243.75188268604538,244.73152401974875,242.9903125537857,243.50206357782363,243.50206357782363,2844383.0,sample,2026-09-24 19:05:19.865913+00:00
META,2025-01-05 13:20:00+00:00,243.4716419650548,246.13491902703208,240.9718286058672,243.4330850627765,243.4330850627765,8878321.0,sample,2026-09-24 19:05:19.865913+00:00
META,2025-01-05 13:25:00+00:00,243.39943801739636,248.05102502875562,240.7321972261946,246.9859928554325,246.9859928554325,3558559.0,sample,2026-09-24 19:05:19.865913+00:00
META,2025-01-05 13:30:00+00:00,246.96196064847277,248.44952731227008,244.45762026080283,247.20326701621468,247.20326701621468,4563265.0,sample,2026-09-24 19:05:19.865913+00:00
META,2025-01-05 13:35:00+00:00,247.6901363912087,249.1312367354985,245.1163958710381,247.00468143884203,247.00468143884203,4232232.0,sample,2026-09-24 19:05:19.865913+00:00
META,2025-01-05 13:40:00+00:00,246.9830340048771,248.46474603748987,242.81195636567946,244.75634069900332,244.75634069900332,11683855.0,sample,2026-09-24 19:05:19.865913+00:00
META,2025-01-05 13:45:00+00:00,244.88424467864897,245.39885064788075,243.06980738861105,244.59741560528224,244.59741560528224,3600078.0,sample,2026-09-24 19:05:19.865913+00:00
META,2025-01-05 13:50:00+00:00,244.78279547281727,246.96007840359155,244.32637265937578,244.91688190129,244.91688190129,9910662.0,sample,2026-09-24 19:05:19.865913+00:00
META,2025-01-05 13:55:00+00:00,245.41424083029008,245.706528364853,242.74391518975335,244.05696705533768,244.05696705533768,15520862.0,sample,2026-09-24 19:05:19.865913+00:00
META,2025-01-05 14:00:00+00:00,243.27155219969043,246.9656081606747,240.8221376847917,245.482538221515,245.482538221515,6877871.0,sample,2026-09-24 19:05:19.865913+00:00
META,2025-01-05 14:05:00+00:00,244.8320723319648,245.117232730616,243.66094227675538,244.5443043507671,244.5443043507671,10355531.0,sample,2026-09-24 19:05:19.865913+00:00
META,2025-01-05 14:10:00+00:00,244.61127002610291,248.19147032302595,241.91625255295617,245.8179691183301,245.8179691183301,3676609.0,sample,2026-09-24 19:05:19.865913+00:00
META,2025-01-05 14:15:00+00:00,246.1918910651514,249.1386804574581,245.37637227902997,246.15746249705123,246.15746249705123,13314244.0,sample,2026-09-24 19:05:19.865913+00:00
META,2025-01-05 14:20:00+00:00,245.56529040397726,247.69606317422435,244.76277718257003,245.5804504613948,245.5804504613948,14223800.0,sample,2026-09-24 19:05:19.865913+00:00
META,2025-01-05 14:25:00+00:00,245.91402271517973,247.6693415133499,243.3761238310597,246.15737642805934,246.15737642805934,7003854.0,sample,2026-09-24 19:05:19.865913+00:00
META,2025-01-05 14:30:00+00:00,245.8418545663219,250.25550206259132,243.3477249704548,247.60103775884895,247.60103775884895,7903768.0,sample,2026-09-24 19:05:19.865913+00:00
META,2025-01-05 14:35:00+00:00,247.75375404931103,249.2134976933931,246.03710733603654,248.28077141322524,248.28077141322524,1551110.0,sample,2026-09-24 19:05:19.865913+00:00
META,2025-01-05 14:40:00+00:00,248.04470510816282,249.29460854832578,246.45972616243296,246.90743836502207,246.90743836502207,3392632.0,sample,2026-09-24 19:05:19.865913+00:00
META,2025-01-05 14:45:00+00:00,246.82204418607586,249.5600839485157,245.99974036073044,247.69112216578253,247.69112216578253,10718768.0,sample,2026-09-24 19:05:19.865913+00:00
META,2025-01-05 14:50:00+00:00,248.02187210436836,248.68989630624392,244.46528808758546,247.35702484988042,247.35702484988042,15219476.0,sample,2026-09-24 19:05:19.865913+00:00
META,2025-01-05 14:55:00+00:00,248.21956016062407,250.4409894551951,245.36624922854222,248.11997892032426,248.11997892032426,15925310.0,sample,2026-09-24 19:05:19.865913+00:00
META,2025-01-05 15:00:00+00:00,247.95050805563974,250.7788333026481,247.0939877286175,248.95384042945454,248.95384042945454,10169388.0,sample,2026-09-24 19:05:19.865913+00:00
META,2025-01-05 15:05:00+00:00,248.160319783616,250.2568615577728,245.39328482050186,248.79826555756247,248.79826555756247,11423679.0,sample,2026-09-24 19:05:19.865913+00:00
META,2025-01-05 15:10:00+00:00,248.95539987920145,250.61811817797928,247.28060039312422,249.73200321326922,249.73200321326922,11081431.0,sample,2026-09-24 19:05:19.865913+00:00
META,2025-01-05 15:15:00+00:00,249.99186030218576,251.87562154811255,246.57563362123167,249.03708369193268,249.03708369193268,6826555.0,sample,2026-09-24 19:05:19.865913+00:00
META,2025-01-05 15:20:00+00:00,248.98465120827933,252.16864117180899,246.15484016272626,250.18104543031978,250.18104543031978,13183571.0,sample,2026-09-24 19:05:19.865913+00:00
META,2025-01-05 15:25:00+00:00,250.4543959337663,252.90721829641254,249.1814589709747,249.70122347189982,249.70122347189982,12272248.0,sample,2026-09-24 19:05:19.865913+00:00
META,2025-01-05 15:30:00+00:00,249.3965385678515,252.34026400710985,248.81703494339854,250.38746416397763,250.38746416397763,5452333.0,sample,2026-09-24 19:05:19.865913+00:00
META,2025-01-05 15:35:00+00:00,250.22416709381736,251.26061159610066,247.67679654485877,250.62314416764303,250.62314416764303,7320241.0,sample,2026-09-24 19:05:19.865913+00:00
META,2025-01-05 15:40:00+00:00,250.96468630101916,253.16423928647677,249.03349510309016,250.01728529118503,250.01728529118503,1709221.0,sample,2026-09-24 19:05:19.865913+00:00
META,2025-01-05 15:45:00+00:00,249.91629372919206,253.44692014863125,248.4474943823501,251.34978898120997,251.34978898120997,6463114.0,sample,2026-09-24 19:05:19.865913+00:00
META,2025-01-05 15:50:00+00:00,252.03810856790847,253.43837406788916,248.234477517199,249.87364071318217,249.87364071318217,4126130.0,sample,2026-09-24 19:05:19.865913+00:00
META,2025-01-05 15:55:00+00:00,250.3406300794113,253.43109629486594,247.6041960078287,250.78468940153456,250.78468940153456,8711987.0,sample,2026-09-24 19:05:19.865913+00:00
META,2025-01-05 16:00:00+00:00,250.25059431316123,253.02768434506734,247.37056487959788,250.42336153164842,250.42336153164842,11654309.0,sample,2026-09-24 19:05:19.865913+00:00
META,2025-01-05 16:05:00+00:00,249.9663791037042,252.08144762819174,248.91724556757873,250.40109941034436,250.40109941034436,3548545.0,sample,2026-09-24 19:05:19.865913+00:00
META,2025-01-05 16:10:00+00:00,250.59289750476037,252.11779149045853,248.62283944211865,250.42238557187855,250.42238557187855,17375775.0,sample,2026-09-24 19:05:19.865913+00:00
META,2025-01-05 16:15:00+00:00,250.659692011325,251.74161795821922,247.92271196421862,249.70467362854998,249.70467362854998,2034182.0,sample,2026-09-24 19:05:19.865913+00:00
META,2025-01-05 16:20:00+00:00,249.1099205932055,250.97280733603853,248.04679910242228,250.12628037105486,250.12628037105486,2469991.0,sample,2026-09-24 19:05:19.865913+00:00
META,2025-01-05 16:25:00+00:00,249.67208684258338,252.25571575849023,248.54407712096395,248.9915161724596,248.9915161724596,5742434.0,sample,2026-09-24 19:05:19.865913+00:00
META,2025-01-05 16:30:00+00:00,249.12552309362115,251.59800093870697,245.21218508914887,246.21942751421227,246.21942751421227,2056822.0,sample,2026-09-24 19:05:19.865913+00:00
META,2025-01-05 16:35:00+00:00,246.10436499387038,246.41486462370403,243.3350326914103,246.16521390997013,246.16521390997013,9830391.0,sample,2026-09-24 19:05:19.865913+00:00
META,2025-01-05 16:40:00+00:00,246.10331611440046,248.33182910892913,243.083711016784,244.71847130383927,244.71847130383927,4272763.0,sample,2026-09-24 19:05:19.865913+00:00
META,2025-01-05 16:45:00+00:00,245.32430094220197,247.97777187719677,245.00642642479002,245.76236321475648,245.76236321475648,3196855.0,sample,2026-09-24 19:05:19.865913+00:00
META,2025-01-05 16:50:00+00:00,246.27651470944255,249.08248183317045,243.78976150241047,245.636312836728,245.636312836728,10803346.0,sample,2026-09-24 19:05:19.865913+00:00
META,2025-01-05 16:55:00+00:00,245.8328619978667,248.07573138223964,243.0544365382158,245.62125734751848,245.62125734751848,2988452.0,sample,2026-09-24 19:05:19.865913+00:00
META,2025-01-05 17:00:00+00:00,245.6524675236477,247.38431671951113,244.17870114243996,244.44725346840409,244.44725346840409,10152125.0,sample,2026-09-24 19:05:19.865913+00:00
META,2025-01-05 17:05:00+00:00,244.29027449341143,246.51239474592984,242.94513602448458,245.3080722525529,245.3080722525529,5384750.0,sample,2026-09-24 19:05:19.865913+00:00
META,2025-01-05 17:10:00+00:00,245.49134762525816,246.29616002264788,242.99661634029792,244.545358258431,244.545358258431,16426665.0,sample,2026-09-24 19:05:19.865913+00:00
META,2025-01-05 17:15:00+00:00,243.38557697434797,245.86458847479412,241.98901103897475,243.39363173611645,243.39363173611645,10214607.0,sample,2026-09-24 19:05:19.865913+00:00
META,2025-01-05 17:20:00+00:00,243.12018339972778,245.97039740908681,239.1072763896505,242.0075119464809,242.0075119464809,11606904.0,sample,2026-09-24 19:05:19.865913+00:00
META,2025-01-05 17:25:00+00:00,242.0170751043345,244.0723847318466,240.74321101530742,241.24752256457862,241.24752256457862,14534311.0,sample,2026-09-24 19:05:19.865913+00:00
META,2025-01-05 17:30:00+00:00,240.82129915826005,244.69944090197782,238.3042032962205,242.31336470548493,242.31336470548493,8310700.0,sample,2026-09-24 19:05:19.865913+00:00
META,2025-01-05 17:35:00+00:00,242.61613520958417,245.12697967952937,240.74768142559563,242.89442702110404,242.89442702110404,12794387.0,sample,2026-09-24 19:05:19.865913+00:00
META,2025-01-05 17:40:00+00:00,241.7954512067278,244.8933073310234,239.60244968407224,242.86836595562076,242.86836595562076,17671926.0,sample,2026-09-24 19:05:19.865913+00:00
META,2025-01-05 17:45:00+00:00,243.2808579793912,245.39093507022042,240.7121005238782,242.31527144619514,242.31527144619514,5817007.0,sample,2026-09-24 19:05:19.865913+00:00
META,2025-01-05 17:50:00+00:00,242.0261558098039,242.69036803004317,239.86740605302236,242.10008068829865,242.10008068829865,8958696.0,sample,2026-09-24 19:05:19.865913+00:00
META,2025-01-05 17:55:00+00:00,241.7229851142295,245.6314025887592,239.1523045812575,243.42563940023518,243.42563940023518,9229476.0,sample,2026-09-24 19:05:19.865913+00:00
META,2025-01-05 18:00:00+00:00,243.8123638995133,246.17299328648926,241.641459672586,243.77441334192872,243.77441334192872,9507822.0,sample,2026-09-24 19:05:19.865913+00:00
META,2025-01-05 18:05:00+00:00,243.3896827949935,246.61816516823944,241.3338135053813,243.9742166754448,243.9742166754448,5413341.0,sample,2026-09-24 19:05:19.865913+00:00
META,2025-01-05 18:10:00+00:00,244.3433720904056,246.69053406677716,243.74581603984322,245.47767275769726,245.47767275769726,6316285.0,sample,2026-09-24 19:05:19.865913+00:00
META,2025-01-05 18:15:00+00:00,245.57112577174036,247.80159908530834,244.59708043122362,245.3058788654325,245.3058788654325,4000632.0,sample,2026-09-24 19:05:19.865913+00:00
META,2025-01-05 18:20:00+00:00,245.71602488243124,247.229110927897,244.47701181674108,245.42093010796137,245.42093010796137,4571289.0,sample,2026-09-24 19:05:19.865913+00:00
META,2025-01-05 18:25:00+00:00,245.98952982422352,246.37487928935366,241.957578156087,243.8572105735855,243.8572105735855,7571422.0,sample,2026-09-24 19:05:19.865913+00:00
META,2025-01-05 18:30:00+00:00,244.10856802189306,246.5856813808495,242.37989477633826,243.20747671549051,243.20747671549051,7355958.0,sample,2026-09-24 19:05:19.865913+00:00
META,2025-01-05 18:35:00+00:00,243.13953056547828,243.6558826073825,241.22354072042322,242.66327508229602,242.66327508229602,2190745.0,sample,2026-09-24 19:05:19.865913+00:00
META,2025-01-05 18:40:00+00:00,243.11091338779352,243.68329441592013,241.2661150834402,242.5378553477136,242.5378553477136,7286125.0,sample,2026-09-24 19:05:19.865913+00:00
META,2025-01-05 18:45:00+00:00,242.81776961754176,243.69959688836207,241.67031663457846,242.85968768820328,242.85968768820328,3431994.0,sample,2026-09-24 19:05:19.865913+00:00
META,2025-01-05 18:50:00+00:00,242.80753632797274,244.2234473298259,240.56861062550152,242.18582105732372,242.18582105732372,3452968.0,sample,2026-09-24 19:05:19.865913+00:00
META,2025-01-05 18:55:00+00:00,243.11949616623164,244.38156909682,239.93384669662748,242.49825274478434,242.49825274478434,2791264.0,sample,2026-09-24 19:05:19.865913+00:00
META,2025-01-05 19:00:00+00:00,242.53950393714982,243.98587281504743,240.84487728396405,243.28595060478634,243.28595060478634,7301519.0,sample,2026-09-24 19:05:19.865913+00:00
META,2025-01-05 19:05:00+00:00,243.2353460471825,243.82988806101335,241.09485507917879,242.73016579749248,242.73016579749248,10236099.0,sample,2026-09-24 19:05:19.865913+00:00
META,2025-01-05 19:10:00+00:00,243.43843282884777,244.18506169709502,241.6904496556178,242.73669648733144,242.73669648733144,13097337.0,sample,2026-09-24 19:05:19.865913+00:00
META,2025-01-05 19:15:00+00:00,243.7884182081655,244.2230259120595,240.30936245600634,243.10556861311693,243.10556861311693,14565426.0,sample,2026-09-24 19:05:19.865913+00:00
META,2025-01-05 19:20:00+00:00,243.6124006810316,245.03616164437614,239.76011274957756,241.69341709936558,241.69341709936558,7127727.0,sample,2026-09-24 19:05:19.865913+00:00
META,2025-01-05 19:25:00+00:00,241.98952297027566,245.2699127105239,239.8057319154836,242.7550909811248,242.7550909811248,16558547.0,sample,2026-09-24 19:05:19.865913+00:00
META,2025-01-05 19:30:00+00:00,242.60635007206267,243.30710584935716,241.31773899107952,242.21879469159742,242.21879469159742,4942695.0,sample,2026-09-24 19:05:19.865913+00:00
META,2025-01-05 19:35:00+00:00,242.82184711375513,244.59979274711898,240.071330448604,242.24597109651216,242.24597109651216,17836353.0,sample,2026-09-24 19:05:19.865913+00:00
META,2025-01-05 19:40:00+00:00,241.217939855466,242.99980879345668,239.09145882039195,240.59786499840482,240.59786499840482,14471145.0,sample,2026-09-24 19:05:19.865913+00:00
META,2025-01-05 19:45:00+00:00,240.8069013405352,243.35199586671175,238.53306094990103,241.03674539825525,241.03674539825525,7778965.0,sample,2026-09-24 19:05:19.865913+00:00
META,2025-01-05 19:50:00+00:00,241.3782529772713,243.14277043202966,239.47280865872324,241.4663795168227,241.4663795168227,10493980.0,sample,2026-09-24 19:05:19.865913+00:00
META,2025-01-05 19:55:00+00:00,242.0664464508468,244.2968503449377,240.6780545799855,241.31447395613543,241.31447395613543,1524744.0,sample,2026-09-24 19:05:19.865913+00:00
META,2025-01-05 20:00:00+00:00,240.81017436510956,243.3762706475606,238.04643810175975,240.4558984083144,240.4558984083144,8266284.0,sample,2026-09-24 19:05:19.865913+00:00
META,2025-01-05 20:05:00+00:00,240.81627113221884,243.25549366372397,237.94612058530353,240.86693386904693,240.86693386904693,4239514.0,sample,2026-09-24 19:05:19.865913+00:00
META,2025-01-05 20:10:00+00:00,240.07737764152597,241.1543740961375,237.0292239750701,239.40355483439419,239.40355483439419,15954848.0,sample,2026-09-24 19:05:19.865913+00:00
META,2025-01-05 20:15:00+00:00,240.55613929637454,241.3822592887822,237.42636761216409,240.10548976177913,240.10548976177913,6393999.0,sample,2026-09-24 19:05:19.865913+00:00
META,2025-01-05 20:20:00+00:00,239.88963055616006,243.3506437088398,238.28283647979075,240.79257535632792,240.79257535632792,4017332.0,sample,2026-09-24 19:05:19.865913+00:00
META,2025-01-05 20:25:00+00:00,240.6026331270947,242.8405890930277,238.0802362962789,241.478968735369,241.478968735369,6126436.0,sample,2026-09-24 19:05:19.865913+00:00
META,2025-01-05 20:30:00+00:00,240.51153690095103,243.4692942880261,237.81786808489085,242.63916977549238,242.63916977549238,7238532.0,sample,2026-09-24 19:05:19.865913+00:00
META,2025-01-05 20:35:00+00:00,242.86373410008886,245.17051621882797,241.83911730299144,242.44612168954714,242.44612168954714,14407379.0,sample,2026-09-24 19:05:19.865913+00:00
META,2025-01-05 20:40:00+00:00,242.2457334059263,244.85723922777296,241.48297752327932,242.73173359485185,242.73173359485185,3028986.0,sample,2026-09-24 19:05:19.865913+00:00
META,2025-01-05 20:45:00+00:00,242.98023143797732,245.39375197903288,242.41996405857086,243.44002413500394,243.44002413500394,16895316.0,sample,2026-09-24 19:05:19.865913+00:00
META,2025-01-05 20:50:00+00:00,243.03498786986384,244.41229192751518,242.6589808461874,243.96448068108626,243.96448068108626,15860021.0,sample,2026-09-24 19:05:19.865913+00:00
META,2025-01-05 20:55:00+00:00,244.24221039721002,246.21042548597862,241.62975243225475,243.09508367220667,243.09508367220667,9553494.0,sample,2026-09-24 19:05:19.865913+00:00
META,2025-01-05 21:00:00+00:00,242.64891321616517,245.03374248768262,240.64075807972716,242.923674259159,242.923674259159,12095765.0,sample,2026-09-24 19:05:19.865913+00:00
META,2025-01-05 21:05:00+00:00,242.99597502965648,245.53347157060125,240.54488736289355,242.45437308598144,242.45437308598144,16076042.0,sample,2026-09-24 19:05:19.865913+00:00
META,2025-01-05 21:10:00+00:00,242.0727878476153,244.51204592267985,241.03541464309401,242.69772641423197,242.69772641423197,12901797.0,sample,2026-09-24 19:05:19.865913+00:00
META,2025-01-05 21:15:00+00:00,244.10091986027294,246.8780881239882,241.77188534685015,242.8656567712917,242.8656567712917,4916434.0,sample,2026-09-24 19:05:19.865913+00:00
META,2025-01-05 21:20:00+00:00,243.20223588536663,244.96443489854104,242.5526193038097,243.85051566658817,243.85051566658817,14818029.0,sample,2026-09-24 19:05:19.865913+00:00
META,2025-01-05 21:25:00+00:00,243.32270228754115,246.1600690768665,242.33884822917054,244.65881112047356,244.65881112047356,17430152.0,sample,2026-09-24 19:05:19.865913+00:00
META,2025-01-05 21:30:00+00:00,244.71555680062315,247.47300297019535,243.08021334787594,245.81898298723803,245.81898298723803,2880194.0,sample,2026-09-24 19:05:19.865913+00:00
META,2025-01-05 21:35:00+00:00,245.2712007152215,246.93814722223289,243.4345533587657,245.47377640765876,245.47377640765876,1998100.0,sample,2026-09-24 19:05:19.865913+00:00
META,2025-01-05 21:40:00+00:00,245.04431037136865,248.14813915797825,244.4443801703538,246.92262563704944,246.92262563704944,15595416.0,sample,2026-09-24 19:05:19.865913+00:00
META,2025-01-05 21:45:00+00:00,247.10893692755954,250.38438691913413,245.86888525318014,247.79407222414417,247.79407222414417,5102001.0,sample,2026-09-24 19:05:19.865913+00:00
META,2025-01-05 21:50:00+00:00,248.3705918459143,251.73724071265963,246.19640472621435,250.96011402355046,250.96011402355046,3181431.0,sample,2026-09-24 19:05:19.865913+00:00
META,2025-01-05 21:55:00+00:00,251.19384692039654,251.8236723154435,250.53299006248668,251.56944814727223,251.56944814727223,5264059.0,sample,2026-09-24 19:05:19.865913+00:00
META,2025-01-05 22:00:00+00:00,251.53107413862452,252.85583282678024,247.80501157243896,249.42160681438403,249.42160681438403,9677316.0,sample,2026-09-24 19:05:19.865913+00:00
META,2025-01-05 22:05:00+00:00,249.75846378062113,253.4882402304847,249.49095400283858,251.19759431421463,251.19759431421463,15130672.0,sample,2026-09-24 19:05:19.865913+00:00
META,2025-01-05 22:10:00+00:00,251.32804733953262,252.1902476733881,249.8026941326843,250.1471578720905,250.1471578720905,2195285.0,sample,2026-09-24 19:05:19.865913+00:00
META,2025-01-05 22:15:00+00:00,250.45285146123112,252.14374901334344,249.5141422006009,250.22779378444832,250.22779378444832,8248379.0,sample,2026-09-24 19:05:19.865913+00:00
META,2025-01-05 22:20:00+00:00,250.8123810483141,253.79682453968127,247.55256350819093,250.04053575092448,250.04053575092448,14096696.0,sample,2026-09-24 19:05:19.865913+00:00
META,2025-01-05 22:25:00+00:00,250.4970511241665,253.39647948166143,249.20074545776632,249.92155809636932,249.92155809636932,6954115.0,sample,2026-09-24 19:05:19.865913+00:00
META,2025-01-05 22:30:00+00:00,249.4256654110579,253.03690456497148,249.0685263442547,251.60437803227566,251.60437803227566,11664275.0,sample,2026-09-24 19:05:19.865913+00:00
META,2025-01-05 22:35:00+00:00,251.04552101141078,253.5728897943283,250.53189800930343,252.46889675876375,252.46889675876375,12249846.0,sample,2026-09-24 19:05:19.865913+00:00
META,2025-01-05 22:40:00+00:00,252.81561462969592,255.22415875336924,249.84662407408635,253.01084293820097,253.01084293820097,7193673.0,sample,2026-09-24 19:05:19.865913+00:00
META,2025-01-05 22:45:00+00:00,252.72826358752502,253.95299570954234,252.28585596605058,252.6911724314827,252.6911724314827,17716002.0,sample,2026-09-24 19:05:19.865913+00:00
META,2025-01-05 22:50:00+00:00,252.47430314259645,253.7260508629329,251.7708678356474,252.51850400657216,252.51850400657216,7272400.0,sample,2026-09-24 19:05:19.865913+00:00
META,2025-01-05 22:55:00+00:00,251.99646681417414,254.94138526755088,250.524040213647,252.7924721063008,252.7924721063008,2628805.0,sample,2026-09-24 19:05:19.865913+00:00
META,2025-01-05 23:00:00+00:00,251.7452199090487,255.37371014836194,251.11762392970172,253.2610365529158,253.2610365529158,14547858.0,sample,2026-09-24 19:05:19.865913+00:00
META,2025-01-05 23:05:00+00:00,253.4590410794479,255.32187802873165,251.58836960456378,253.22386524377777,253.22386524377777,16417273.0,sample,2026-09-24 19:05:19.865913+00:00
META,2025-01-05 23:10:00+00:00,253.0812564655772,254.18754566571,251.1112752515471,251.4912615833934,251.4912615833934,4878467.0,sample,2026-09-24 19:05:19.865913+00:00
META,2025-01-05 23:15:00+00:00,252.02142599194266,254.95554305201554,251.2542851249049,251.91528252763362,251.91528252763362,10392610.0,sample,2026-09-24 19:05:19.865913+00:00
META,2025-01-05 23:20:00+00:00,251.64572892952563,252.64847299214216,248.6610126846565,252.00029297383105,252.00029297383105,3329568.0,sample,2026-09-24 19:05:19.865913+00:00
META,2025-01-05 23:25:00+00:00,252.08800321782823,252.88051009287798,250.76340935401225,251.2419033487945,251.2419033487945,16119044.0,sample,2026-09-24 19:05:19.865913+00:00
META,2025-01-05 23:30:00+00:00,251.80626041778143,252.79997626987767,249.46997169534745,251.85300175034052,251.85300175034052,7687638.0,sample,2026-09-24 19:05:19.865913+00:00
META,2025-01-05 23:35:00+00:00,251.68488912382765,253.27408645912493,249.00612717663404,252.71118142530375,252.71118142530375,8008274.0,sample,2026-09-24 19:05:19.865913+00:00
META,2025-01-05 23:40:00+00:00,252.68623971353878,253.71995502423297,250.06769092736243,252.53751585688192,252.53751585688192,17411467.0,sample,2026-09-24 19:05:19.865913+00:00
META,2025-01-05 23:45:00+00:00,252.36880543136596,256.99384933784154,250.05896010638438,255.1980946171497,255.1980946171497,2389259.0,sample,2026-09-24 19:05:19.865913+00:00
META,2025-01-05 23:50:00+00:00,255.64861676561713,256.2469328109771,253.29818017249258,254.33240057897723,254.33240057897723,14628107.0,sample,2026-09-24 19:05:19.865913+00:00
META,2025-01-05 23:55:00+00:00,254.06487884464605,254.70170815322433,251.57081267914882,254.32489611028433,254.32489611028433,3151387.0,sample,2026-09-24 19:05:19.865913+00:00
META,2025-01-06 00:00:00+00:00,254.9005507511663,257.6694051169033,253.0194185400764,254.64220646068634,254.64220646068634,4375692.0,sample,2026-09-24 19:05:19.865913+00:00
META,2025-01-06 00:05:00+00:00,253.87286614160894,256.9957558386582,252.78350613412806,254.89128178057004,254.89128178057004,9547375.0,sample,2026-09-24 19:05:19.865913+00:00
META,2025-01-06 00:10:00+00:00,254.54336870577384,257.19078564577103,253.3713509808807,256.13932075087905,256.13932075087905,10417325.0,sample,2026-09-24 19:05:19.865913+00:00
META,2025-01-06 00:15:00+00:00,256.7318212720563,259.0221658636665,253.35347354983222,255.52755005521288,255.52755005521288,9998261.0,sample,2026-09-24 19:05:19.865913+00:00
META,2025-01-06 00:20:00+00:00,256.1303981336586,256.68933037035566,254.32352875133913,254.6057098106385,254.6057098106385,7413998.0,sample,2026-09-24 19:05:19.865913+00:00
META,2025-01-06 00:25:00+00:00,254.87219500772878,256.95678945021933,252.47684522797064,256.5376907842024,256.5376907842024,10395722.0,sample,2026-09-24 19:05:19.865913+00:00
META,2025-01-06 00:30:00+00:00,255.50869720001796,257.2808457000148,253.22884597067298,256.53727649206604,256.53727649206604,16231632.0,sample,2026-09-24 19:05:19.865913+00:00
META,2025-01-06 00:35:00+00:00,256.642530769552,257.7741029335741,254.48602496840167,257.09172310770396,257.09172310770396,2116402.0,sample,2026-09-24 19:05:19.865913+00:00
META,2025-01-06 00:40:00+00:00,256.60550788105127,259.51164818620714,254.20792711436576,257.86751612524216,257.86751612524216,16830882.0,sample,2026-09-24 19:05:19.865913+00:00
META,2025-01-06 00:45:00+00:00,257.64905048000617,261.6818472485524,257.27816012861246,258.9682290149207,258.9682290149207,7983568.0,sample,2026-09-24 19:05:19.865913+00:00
META,2025-01-06 00:50:00+00:00,259.53845127662777,262.4610165160461,257.19437530061856,259.6016654999641,259.6016654999641,16448483.0,sample,2026-09-24 19:05:19.865913+00:00
META,2025-01-06 00:55:00+00:00,259.9658879069671,261.54163096064946,256.73003706292053,258.6460994903262,258.6460994903262,15663303.0,sample,2026-09-24 19:05:19.865913+00:00
META,2025-01-06 01:00:00+00:00,258.9344805824754,261.67966909304033,256.27435662054864,258.40825879153584,258.40825879153584,8374850.0,sample,2026-09-24 19:05:19.865913+00:00
META,2025-01-06 01:05:00+00:00,257.89934046197976,260.5525348294917,254.92276068377336,258.52668737988955,258.52668737988955,2372367.0,sample,2026-09-24 19:05:19.865913+00:00
META,2025-01-06 01:10:00+00:00,258.1155894399597,260.3095361294897,256.3371070194172,259.24049396180135,259.24049396180135,11306083.0,sample,2026-09-24 19:05:19.865913+00:00
META,2025-01-06 01:15:00+00:00,259.0670139034877,262.3273385293678,257.45712018342664,260.85083670473836,260.85083670473836,16465358.0,sample,2026-09-24 19:05:19.865913+00:00
META,2025-01-06 01:20:00+00:00,260.979085463502,262.0952419400345,257.1872846656398,259.90272429872476,259.90272429872476,5463582.0,sample,2026-09-24 19:05:19.865913+00:00
META,2025-01-06 01:25:00+00:00,260.32091023060383,260.6612897474304,259.2361717221069,260.32965110301774,260.32965110301774,7160791.0,sample,2026-09-24 19:05:19.865913+00:00
META,2025-01-06 01:30:00+00:00,261.924030854937,264.2493245675328,259.67214578042234,260.54892201498427,260.54892201498427,11240480.0,sample,2026-09-24 19:05:19.865913+00:00
META,2025-01-06 01:35:00+00:00,260.9357819575212,261.4345507623144,259.4527658390181,260.88936806758664,260.88936806758664,13358914.0,sample,2026-09-24 19:05:19.865913+00:00
META,2025-01-06 01:40:00+00:00,260.74048379850944,261.46060517305045,257.43422468605735,258.83534955787286,258.83534955787286,12763502.0,sample,2026-09-24 19:05:19.865913+00:00
META,2025-01-06 01:45:00+00:00,259.6471394503388,262.51897028640735,257.12088489511314,257.5957886605516,257.5957886605516,8536336.0,sample,2026-09-24 19:05:19.865913+00:00
META,2025-01-06 01:50:00+00:00,257.69554481421943,258.2445925661984,255.68561328433825,257.32481595803876,257.32481595803876,7878154.0,sample,2026-09-24 19:05:19.865913+00:00
META,2025-01-06 01:55:00+00:00,257.25648513160974,258.81890876562375,255.3725191545272,256.4506620456532,256.4506620456532,3332505.0,sample,2026-09-24 19:05:19.865913+00:00
META,2025-01-06 02:00:00+00:00,256.1136814146113,259.08252535766695,253.2924296791675,255.95941034780353,255.95941034780353,8581653.0,sample,2026-09-24 19:05:19.865913+00:00
META,2025-01-06 02:05:00+00:00,256.00414724049,257.7484192540099,252.8832857132187,255.60924291104138,255.60924291104138,5843310.0,sample,2026-09-24 19:05:19.865913+00:00
META,2025-01-06 02:10:00+00:00,255.80689120425393,258.4976597359912,253.1564995346281,256.1209105438257,256.1209105438257,11153491.0,sample,2026-09-24 19:05:19.865913+00:00
META,2025-01-06 02:15:00+00:00,256.3748340406271,257.20932479755965,254.23489891388908,254.7000443024515,254.7000443024515,7585031.0,sample,2026-09-24 19:05:19.865913+00:00
META,2025-01-06 02:20:00+00:00,254.8824604313791,256.27661512888875,252.85672020149835,253.28872205404093,253.28872205404093,5661600.0,sample,2026-09-24 19:05:19.865913+00:00
META,2025-01-06 02:25:00+00:00,253.60106773488258,255.097045237545,250.78565988870136,252.23336061908677,252.23336061908677,9893445.0,sample,2026-09-24 19:05:19.865913+00:00
META,2025-01-06 02:30:00+00:00,251.19685251052888,255.57488005314434,248.90082423908663,252.93183480926535,252.93183480926535,4614243.0,sample,2026-09-24 19:05:19.865913+00:00
META,2025-01-06 02:35:00+00:00,253.20630834493144,254.46136112574192,251.19020456492012,251.85194902850967,251.85194902850967,9852730.0,sample,2026-09-24 19:05:19.865913+00:00
META,2025-01-06 02:40:00+00:00,251.45239669013816,253.3134865271522,249.4068570991645,252.87303665823617,252.87303665823617,13707868.0,sample,2026-09-24 19:05:19.865913+00:00
META,2025-01-06 02:45:00+00:00,253.05104916215936,255.36341948866664,251.22676495956432,253.4924069699152,253.4924069699152,17245548.0,sample,2026-09-24 19:05:19.865913+00:00
META,2025-01-06 02:50:00+00:00,253.07563544814207,254.82809849003786,250.9012974876231,253.59846924117022,253.59846924117022,7365186.0,sample,2026-09-24 19:05:19.865913+00:00
META,2025-01-06 02:55:00+00:00,253.8713581731587,255.104693268015,251.534725042735,252.34626220766037,252.34626220766037,10074362.0,sample,2026-09-24 19:05:19.865913+00:00
META,2025-01-06 03:00:00+00:00,251.69504774363728,252.77853772769816,250.8820767689651,252.27113474730237,252.27113474730237,16574758.0,sample,2026-09-24 19:05:19.865913+00:00
META,2025-01-06 03:05:00+00:00,252.53317520536046,252.84953662021348,250.93429818966877,252.13926167293258,252.13926167293258,6623096.0,sample,2026-09-24 19:05:19.865913+00:00
META,2025-01-06 03:10:00+00:00,251.88730842355645,253.89734834609783,250.4652651106095,251.65211304756977,251.65211304756977,12342346.0,sample,2026-09-24 19:05:19.865913+00:00
META,2025-01-06 03:15:00+00:00,251.89681440079187,254.4751742231799,248.17338312356145,250.22043276455943,250.22043276455943,11474644.0,sample,2026-09-24 19:05:19.865913+00:00
META,2025-01-06 03:20:00+00:00,250.4513651515659,250.7434411953027,248.2180153869246,249.45644543230478,249.45644543230478,17480184.0,sample,2026-09-24 19:05:19.865913+00:00
META,2025-01-06 03:25:00+00:00,249.01913834759756,251.01497280779446,246.7305064767996,248.48656396728452,248.48656396728452,17548920.0,sample,2026-09-24 19:05:19.865913+00:00
META,2025-01-06 03:30:00+00:00,247.67477051358986,249.05479210617492,245.62213098478384,247.7689751386229,247.7689751386229,11715168.0,sample,2026-09-24 19:05:19.865913+00:00
META,2025-01-06 03:35:00+00:00,247.401271041265,249.88398007002687,244.9101718897466,247.8697500493555,247.8697500493555,11449633.0,sample,2026-09-24 19:05:19.865913+00:00
META,2025-01-06 03:40:00+00:00,248.44636328295732,249.5962624985662,245.26812820159975,247.1094618440499,247.1094618440499,2937229.0,sample,2026-09-24 19:05:19.865913+00:00
META,2025-01-06 03:45:00+00:00,246.75180422767679,248.8356486855253,245.56286981919052,246.02622963117878,246.02622963117878,5124340.0,sample,2026-09-24 19:05:19.865913+00:00
META,2025-01-06 03:50:00+00:00,245.96493544811233,248.96234466076356,243.54947309006474,247.56547069608695,247.56547069608695,11520429.0,sample,2026-09-24 19:05:19.865913+00:00
META,2025-01-06 03:55:00+00:00,247.76118389061364,249.5633934784838,246.26010254781315,248.05230213083908,248.05230213083908,5310566.0,sample,2026-09-24 19:05:19.865913+00:00
META,2025-01-06 04:00:00+00:00,247.59590586706886,250.65136097469377,244.9337887620594,249.98450742909483,249.98450742909483,1940403.0,sample,2026-09-24 19:05:19.865913+00:00
META,2025-01-06 04:05:00+00:00,249.82144031987514,252.6705764330612,247.3240792702006,250.8615887639349,250.8615887639349,14002163.0,sample,2026-09-24 19:05:19.865913+00:00
META,2025-01-06 04:10:00+00:00,251.3427453424498,253.01737072763677,247.91620000975792,250.31024507651986,250.31024507651986,11731956.0,sample,2026-09-24 19:05:19.865913+00:00
META,2025-01-06 04:15:00+00:00,249.50556369938403,251.32512938149375,247.61240041195455,250.753512482179,250.753512482179,12796389.0,sample,2026-09-24 19:05:19.865913+00:00
META,2025-01-06 04:20:00+00:00,251.00772617614865,252.3056203680173,249.90438840729522,250.91424169916553,250.91424169916553,10360172.0,sample,2026-09-24 19:05:19.865913+00:00
META,2025-01-06 04:25:00+00:00,251.2813534724407,253.23847294438727,250.91473821798164,251.20827077223268,251.20827077223268,5946375.0,sample,2026-09-24 19:05:19.865913+00:00
META,2025-01-06 04:30:00+00:00,250.23297653598382,253.2176940811317,248.6056298290101,251.68331135573806,251.68331135573806,3709788.0,sample,2026-09-24 19:05:19.865913+00:00
META,2025-01-06 04:35:00+00:00,252.14302130320826,253.03784573849154,249.1764095236308,251.585702869327,251.585702869327,10540012.0,sample,2026-09-24 19:05:19.865913+00:00
META,2025-01-06 04:40:00+00:00,250.8832006245729,252.88444388741735,249.52863000459627,252.42015396934528,252.42015396934528,2637781.0,sample,2026-09-24 19:05:19.865913+00:00
META,2025-01-06 04:45:00+00:00,252.6393519238505,253.7205207353293,251.73972326753494,253.28803093081842,253.28803093081842,2609772.0,sample,2026-09-24 19:05:19.865913+00:00
META,2025-01-06 04:50:00+00:00,253.53218964967954,256.30287440426775,250.41736672093106,251.26278866234674,251.26278866234674,11474213.0,sample,2026-09-24 19:05:19.865913+00:00
META,2025-01-06 04:55:00+00:00,251.28455451351616,253.82397938545776,248.86607490882466,251.62295789716745,251.62295789716745,2379837.0,sample,2026-09-24 19:05:19.865913+00:00
META,2025-01-06 05:00:00+00:00,252.11322492651854,252.54451393244352,249.83556714191258,252.05028212133914,252.05028212133914,10037813.0,sample,2026-09-24 19:05:19.865913+00:00
META,2025-01-06 05:05:00+00:00,252.6293486344022,255.00971345705014,250.36422537903144,251.53915672497544,251.53915672497544,6188448.0,sample,2026-09-24 19:05:19.865913+00:00
META,2025-01-06 05:10:00+00:00,251.47482976242932,254.6567702982414,251.0290592061271,252.98319660138995,252.98319660138995,15404212.0,sample,2026-09-24 19:05:19.865913+00:00
META,2025-01-06 05:15:00+00:00,252.90487019475947,255.171859793727,250.60330200717144,253.3248784092086,253.3248784092086,15146959.0,sample,2026-09-24 19:05:19.865913+00:00
META,2025-01-06 05:20:00+00:00,252.37636630208746,256.60131808747843,250.96019254102097,254.65225890550207,254.65225890550207,8739555.0,sample,2026-09-24 19:05:19.865913+00:00
META,2025-01-06 05:25:00+00:00,254.64566313074823,257.12955780064823,251.90911134885303,256.16773001494056,256.16773001494056,12636293.0,sample,2026-09-24 19:05:19.865913+00:00
META,2025-01-06 05:30:00+00:00,256.6662972788348,258.54249854839634,253.9391059844311,257.48480922719205,257.48480922719205,15482966.0,sample,2026-09-24 19:05:19.865913+00:00
META,2025-01-06 05:35:00+00:00,257.3722541320383,258.2042212788253,254.36466523142917,257.0409742244208,257.0409742244208,4838665.0,sample,2026-09-24 19:05:19.865913+00:00
META,2025-01-06 05:40:00+00:00,256.9803216476254,257.2964424421564,256.3992307605741,257.03484937967636,257.03484937967636,14013382.0,sample,2026-09-24 19:05:19.865913+00:00
META,2025-01-06 05:45:00+00:00,258.06997809964577,258.8204084319866,253.89928756967643,256.9415569348959,256.9415569348959,10638727.0,sample,2026-09-24 19:05:19.865913+00:00
META,2025-01-06 05:50:00+00:00,256.7572744578626,257.38831481903435,254.56650660098904,255.7854751944548,255.7854751944548,8883713.0,sample,2026-09-24 19:05:19.865913+00:00
META,2025-01-06 05:55:00+00:00,255.1875211782857,258.19359962983077,252.52608377135826,255.5023063598936,255.5023063598936,9199832.0,sample,2026-09-24 19:05:19.865913+00:00
META,2025-01-06 06:00:00+00:00,255.67430223721223,257.5684634887506,252.80087499169076,256.14675500880037,256.14675500880037,5854589.0,sample,2026-09-24 19:05:19.865913+00:00
META,2025-01-06 06:05:00+00:00,256.5501703731431,257.381289200219,254.02505026888605,254.55769354924252,254.55769354924252,17691225.0,sample,2026-09-24 19:05:19.865913+00:00
META,2025-01-06 06:10:00+00:00,254.25892804309558,257.2693100049349,251.69044083518958,255.0572188760813,255.0572188760813,17045742.0,sample,2026-09-24 19:05:19.865913+00:00
META,2025-01-06 06:15:00+00:00,253.83918506962843,254.70473968416053,252.82044209757314,253.80152587092465,253.80152587092465,16712058.0,sample,2026-09-24 19:05:19.865913+00:00
META,2025-01-06 06:20:00+00:00,253.37824483493918,255.61601757888414,251.383384619609,252.4121756631722,252.4121756631722,16901085.0,sample,2026-09-24 19:05:19.865913+00:00
META,2025-01-06 06:25:00+00:00,252.75579433413455,253.11011794046505,250.26798024448104,252.63349710797058,252.63349710797058,9630878.0,sample,2026-09-24 19:05:19.865913+00:00
META,2025-01-06 06:30:00+00:00,252.39585149930602,252.64920615238978,249.960938044189,251.45324987676221,251.45324987676221,12613435.0,sample,2026-09-24 19:05:19.865913+00:00
META,2025-01-06 06:35:00+00:00,252.43805362054894,254.8840726806444,249.8369168371174,252.30990000085677,252.30990000085677,2667491.0,sample,2026-09-24 19:05:19.865913+00:00
META,2025-01-06 06:40:00+00:00,251.6976236459478,253.83872888399355,249.36546915966278,253.05513651834687,253.05513651834687,5329656.0,sample,2026-09-24 19:05:19.865913+00:00
META,2025-01-06 06:45:00+00:00,253.0028367225572,254.2167477463153,250.50790835306185,253.3824325887106,253.3824325887106,5185283.0,sample,2026-09-24 19:05:19.865913+00:00
META,2025-01-06 06:50:00+00:00,253.05752175738166,254.93626162351845,251.65672799970233,252.7119128731755,252.7119128731755,2967428.0,sample,2026-09-24 19:05:19.865913+00:00
META,2025-01-06 06:55:00+00:00,253.21458846690402,254.91888128382786,249.7923832672557,252.6426937993759,252.6426937993759,10616798.0,sample,2026-09-24 19:05:19.865913+00:00
META,2025-01-06 07:00:00+00:00,253.03310407899963,255.4190686628803,251.47243360752526,253.78311263199933,253.78311263199933,10400168.0,sample,2026-09-24 19:05:19.865913+00:00
META,2025-01-06 07:05:00+00:00,253.53572892002637,257.8068674195238,250.5364973839288,255.32901591960606,255.32901591960606,11531702.0,sample,2026-09-24 19:05:19.865913+00:00
META,2025-01-06 07:10:00+00:00,255.67660617652834,257.9710374483134,251.85585804619396,254.5058825830376,254.5058825830376,2694081.0,sample,2026-09-24 19:05:19.865913+00:00
META,2025-01-06 07:15:00+00:00,254.87439889988028,255.84395015260873,250.79767349633576,252.37989622077262,252.37989622077262,1948183.0,sample,2026-09-24 19:05:19.865913+00:00
META,2025-01-06 07:20:00+00:00,253.0253609003554,255.26405879116217,249.6738259054199,252.05597086785778,252.05597086785778,13633651.0,sample,2026-09-24 19:05:19.865913+00:00
META,2025-01-06 07:25:00+00:00,252.3980177846937,253.62880576476635,251.69741748724104,252.0969350018419,252.0969350018419,12871585.0,sample,2026-09-24 19:05:19.865913+00:00
META,2025-01-06 07:30:00+00:00,252.383727750299,254.70481977838756,252.0494678263704,252.3304059123972,252.3304059123972,15209122.0,sample,2026-09-24 19:05:19.865913+00:00
META,2025-01-06 07:35:00+00:00,251.6641097498973,255.1318276871665,251.09089046415363,253.02334114386642,253.02334114386642,1678280.0,sample,2026-09-24 19:05:19.865913+00:00
META,2025-01-06 07:40:00+00:00,253.3149291501611,254.57866904594076,250.67783339584207,251.99018236718686,251.99018236718686,11333351.0,sample,2026-09-24 19:05:19.865913+00:00
META,2025-01-06 07:45:00+00:00,251.26728618144156,252.31204794387298,248.39516532289943,250.91775258761766,250.91775258761766,10840759.0,sample,2026-09-24 19:05:19.865913+00:00
META,2025-01-06 07:50:00+00:00,251.60501492032927,253.28706319141773,249.18509980618194,249.739629417797,249.739629417797,9548887.0,sample,2026-09-24 19:05:19.865913+00:00
META,2025-01-06 07:55:00+00:00,249.64877295262644,253.22631999966512,248.06801598265926,250.25462662837032,250.25462662837032,3553133.0,sample,2026-09-24 19:05:19.865913+00:00
META,2025-01-06 08:00:00+00:00,249.89583460476126,251.08395188504375,247.41407745150468,249.98324331477787,249.98324331477787,14591171.0,sample,2026-09-24 19:05:19.865913+00:00
META,2025-01-06 08:05:00+00:00,249.86328270037427,251.1491239407271,247.16948341358327,250.62402514764383,250.62402514764383,10596325.0,sample,2026-09-24 19:05:19.865913+00:00
META,2025-01-06 08:10:00+00:00,250.75184115356203,253.1462852864059,248.80299215964033,251.08330874861528,251.08330874861528,6429543.0,sample,2026-09-24 19:05:19.865913+00:00
META,2025-01-06 08:15:00+00:00,251.3516075891068,254.0786012947123,248.97903235358274,251.65605522349367,251.65605522349367,10789577.0,sample,2026-09-24 19:05:19.865913+00:00
META,2025-01-06 08:20:00+00:00,251.66587341967713,252.77901423429665,248.82751724488998,251.49733380924488,251.49733380924488,11522604.0,sample,2026-09-24 19:05:19.865913+00:00
META,2025-01-06 08:25:00+00:00,252.15691347565934,252.7935901156878,251.50338184239794,251.82381028093562,251.82381028093562,10021187.0,sample,2026-09-24 19:05:19.865913+00:00
META,2025-01-06 08:30:00+00:00,251.14048386282022,252.13151070445298,250.8417959929979,251.3339699296425,251.3339699296425,4186870.0,sample,2026-09-24 19:05:19.865913+00:00
META,2025-01-06 08:35:00+00:00,251.2141058733222,252.46085272008378,248.7241885217586,251.68192951309214,251.68192951309214,14946149.0,sample,2026-09-24 19:05:19.865913+00:00
META,2025-01-06 08:40:00+00:00,250.43776641542667,253.8640499115879,249.45828169145415,251.8436871308056,251.8436871308056,14968064.0,sample,2026-09-24 19:05:19.865913+00:00
META,2025-01-06 08:45:00+00:00,251.94484387118445,253.8665655678838,250.15849689644398,252.07399392441405,252.07399392441405,12131661.0,sample,2026-09-24 19:05:19.865913+00:00
META,2025-01-06 08:50:00+00:00,252.1445301411812,255.09010531913452,251.07502565531922,252.37686745281573,252.37686745281573,17666305.0,sample,2026-09-24 19:05:19.865913+00:00
META,2025-01-06 08:55:00+00:00,252.43718871205715,253.54749831594413,250.67110625004892,252.70109411182386,252.70109411182386,16913330.0,sample,2026-09-24 19:05:19.865913+00:00
META,2025-01-06 09:00:00+00:00,253.1869167818096,253.44932865871084,251.67230281493624,252.58138268381072,252.58138268381072,14216795.0,sample,2026-09-24 19:05:19.865913+00:00
META,2025-01-06 09:05:00+00:00,252.65505810046653,255.62720370980918,249.94156960123146,252.38713367872575,252.38713367872575,11200058.0,sample,2026-09-24 19:05:19.865913+00:00
META,2025-01-06 09:10:00+00:00,252.99780001898145,255.04380062134857,251.546133804603,251.9910713835391,251.9910713835391,5085192.0,sample,2026-09-24 19:05:19.865913+00:00
META,2025-01-06 09:15:00+00:00,250.58182366992398,251.71872167459983,249.97689920775767,250.345733233138,250.345733233138,8490644.0,sample,2026-09-24 19:05:19.865913+00:00
META,2025-01-06 09:20:00+00:00,250.06814806189098,252.50717638020672,247.94423398539013,251.10514882541932,251.10514882541932,3405846.0,sample,2026-09-24 19:05:19.865913+00:00
META,2025-01-06 09:25:00+00:00,251.36564022108317,253.10181901759495,250.2560092320486,252.46422387735464,252.46422387735464,1536689.0,sample,2026-09-24 19:05:19.865913+00:00
META,2025-01-06 09:30:00+00:00,251.88371188770432,252.9747604322033,249.73410571302477,250.88343464618228,250.88343464618228,1635544.0,sample,2026-09-24 19:05:19.865913+00:00
META,2025-01-06 09:35:00+00:00,250.24369237085824,254.38421977676649,249.36215036163688,252.72159607618434,252.72159607618434,5075367.0,sample,2026-09-24 19:05:19.865913+00:00
META,2025-01-06 09:40:00+00:00,253.56113687329835,255.59207524988992,251.83290121710414,253.94776341090295,253.94776341090295,4968396.0,sample,2026-09-24 19:05:19.865913+00:00
META,2025-01-06 09:45:00+00:00,254.53564648665275,255.195795176678,253.53381257585934,254.4334560776667,254.4334560776667,8594735.0,sample,2026-09-24 19:05:19.865913+00:00
META,2025-01-06 09:50:00+00:00,255.28716396513752,257.84499587926774,252.78888256462588,254.46558434247314,254.46558434247314,10143962.0,sample,2026-09-24 19:05:19.865913+00:00
META,2025-01-06 09:55:00+00:00,254.3756750483622,255.8286927570024,252.14833569690109,254.5465243607523,254.5465243607523,6117714.0,sample,2026-09-24 19:05:19.865913+00:00
META,2025-01-06 10:00:00+00:00,254.77735792206525,256.13588797741346,252.67091370766263,253.90803388936007,253.90803388936007,6032968.0,sample,2026-09-24 19:05:19.865913+00:00
META,2025-01-06 10:05:00+00:00,254.03682023145112,254.8595468282997,251.7384561630206,253.35828128023493,253.35828128023493,9671011.0,sample,2026-09-24 19:05:19.865913+00:00
