symbol,timestamp,open,high,low,close,adj_close,volume,source,ingestion_time
MSFT,2025-01-02 14:30:00+00:00,279.0385735892083,281.28284551133777,278.1622348962224,278.92827721652884,278.92827721652884,17592742.0,sample,2026-09-24 19:05:19.368976+00:00
MSFT,2025-01-02 14:45:00+00:00,278.41005724632885,281.495660925261,278.0391218091924,278.7221698925881,278.7221698925881,10461214.0,sample,2026-09-24 19:05:19.368976+00:00
MSFT,2025-01-02 15:00:00+00:00,278.45613551719424,281.9240493251374,276.39216132217615,280.12767895088706,280.12767895088706,7158165.0,sample,2026-09-24 19:05:19.368976+00:00
MSFT,2025-01-02 15:15:00+00:00,279.9176111490874,285.297092666366,278.20898172786684,282.1082282101898,282.1082282101898,2462742.0,sample,2026-09-24 19:05:19.368976+00:00
MSFT,2025-01-02 15:30:00+00:00,281.7446747237288,284.28174745820274,278.67229322876454,281.5405524591138,281.5405524591138,17532077.0,sample,2026-09-24 19:05:19.368976+00:00
MSFT,2025-01-02 15:45:00+00:00,282.6183776922883,286.3059035879116,281.04709791836177,283.0170787658819,283.0170787658819,16716866.0,sample,2026-09-24 19:05:19.368976+00:00
MSFT,2025-01-02 16:00:00+00:00,283.5869683396947,285.66366372802275,281.60872594073953,282.39027977572397,282.39027977572397,7017815.0,sample,2026-09-24 19:05:19.368976+00:00
MSFT,2025-01-02 16:15:00+00:00,282.10413235881344,285.0286664569031,279.7590892886961,282.4652938190954,282.4652938190954,4334404.0,sample,2026-09-24 19:05:19.368976+00:00
MSFT,2025-01-02 16:30:00+00:00,281.8300126662114,284.7640109361424,280.3710719502838,283.69441308283564,283.69441308283564,11667929.0,sample,2026-09-24 19:05:19.368976+00:00
MSFT,2025-01-02 16:45:00+00:00,283.3298217563275,286.66339120587816,281.6268345821706,283.33604280847567,283.33604280847567,4387724.0,sample,2026-09-24 19:05:19.368976+00:00
MSFT,2025-01-02 17:00:00+00:00,282.9929941027736,286.74805611457003,280.3598723839624,286.05208303993476,286.05208303993476,5308610.0,sample,2026-09-24 19:05:19.368976+00:00
MSFT,2025-01-02 17:15:00+00:00,286.04377108130734,287.530490905186,281.3756814970369,283.1805907665061,283.1805907665061,5829727.0,sample,2026-09-24 19:05:19.368976+00:00
MSFT,2025-01-02 17:30:00+00:00,283.4896098848893,284.7996075220655,282.5666025768636,282.8573376179326,282.8573376179326,7527459.0,sample,2026-09-24 19:05:19.368976+00:00
MSFT,2025-01-02 17:45:00+00:00,282.0210628641943,283.84438376809055,280.69627812545235,281.9557808780022,281.9557808780022,8497258.0,sample,2026-09-24 19:05:19.368976+00:00
MSFT,2025-01-02 18:00:00+00:00,281.75142688624135,284.2708386049845,279.81646378450114,281.7058214867564,281.7058214867564,10709259.0,sample,2026-09-24 19:05:19.368976+00:00
MSFT,2025-01-02 18:15:00+00:00,281.257937586995,284.16994147981745,278.02217051019926,281.80284462311175,281.80284462311175,14258948.0,sample,2026-09-24 19:05:19.368976+00:00
MSFT,2025-01-02 18:30:00+00:00,282.1444967677258,283.73860164341215,277.39504124115143,280.01123310767315,280.01123310767315,17753342.0,sample,2026-09-24 19:05:19.368976+00:00
MSFT,2025-01-02 18:45:00+00:00,280.09596406710443,284.4030938984795,279.78101196853675,281.2959070027263,281.2959070027263,10040229.0,sample,2026-09-24 19:05:19.368976+00:00
MSFT,2025-01-02 19:00:00+00:00,282.5289310551841,283.83234366721774,277.1106712420935,279.92363207648475,279.92363207648475,5706851.0,sample,2026-09-24 19:05:19.368976+00:00
MSFT,2025-01-02 19:15:00+00:00,279.5063975249,281.2054152601693,278.63885575135214,280.5807029273877,280.5807029273877,13866901.0,sample,2026-09-24 19:05:19.368976+00:00
MSFT,2025-01-02 19:30:00+00:00,280.63770507921254,284.25334573086417,278.49610881096703,281.6959781838298,281.6959781838298,8597878.0,sample,2026-09-24 19:05:19.368976+00:00
MSFT,2025-01-02 19:45:00+00:00,281.60820483028965,284.0861222878798,279.7432276075872,280.4365683280103,280.4365683280103,4848120.0,sample,2026-09-24 19:05:19.368976+00:00
MSFT,2025-01-02 20:00:00+00:00,281.4946587068502,284.2164666423417,280.13003119925963,281.71612859229407,281.71612859229407,12420274.0,sample,2026-09-24 19:05:19.368976+00:00
MSFT,2025-01-02 20:15:00+00:00,281.8336524409326,284.97434925932276,280.9079903955372,282.0120272422821,282.0120272422821,17124769.0,sample,2026-09-24 19:05:19.368976+00:00
MSFT,2025-01-02 20:30:00+00:00,282.2138279893214,283.3355268251141,279.86165402816135,281.64153781443827,281.64153781443827,16885805.0,sample,2026-09-24 19:05:19.368976+00:00
MSFT,2025-01-02 20:45:00+00:00,281.3128696555884,285.82792026263775,279.7986693827236,282.57918826648984,282.57918826648984,15330862.0,sample,2026-09-24 19:05:19.368976+00:00
MSFT,2025-01-02 21:00:00+00:00,282.94345833641233,286.2861665238178,280.5472104961153,284.40430404252254,284.40430404252254,7991758.0,sample,2026-09-24 19:05:19.368976+00:00
MSFT,2025-01-02 21:15:00+00:00,283.66197314332106,289.1177087083435,281.0589302232836,285.98791729635747,285.98791729635747,3327207.0,sample,2026-09-24 19:05:19.368976+00:00
MSFT,2025-01-02 21:30:00+00:00,285.87392648658044,287.5457585411093,283.35342175472755,286.39356186286807,286.39356186286807,13662280.0,sample,2026-09-24 19:05:19.368976+00:00
MSFT,2025-01-02 21:45:00+00:00,286.3733780181277,287.2263697468385,284.21681188069215,286.03448036730236,286.03448036730236,13921324.0,sample,2026-09-24 19:05:19.368976+00:00
MSFT,2025-01-02 22:00:00+00:00,286.8116066410523,287.3519249951387,284.56236252060535,285.38954836735746,285.38954836735746,5395127.0,sample,2026-09-24 19:05:19.368976+00:00
MSFT,2025-01-02 22:15:00+00:00,284.977874682976,286.8137496738785,283.75240096092057,286.27676833283834,286.27676833283834,8153307.0,sample,2026-09-24 19:05:19.368976+00:00
MSFT,2025-01-02 22:30:00+00:00,286.1954187301137,287.16224531465406,284.06824085964496,286.3899137556232,286.3899137556232,3518726.0,sample,2026-09-24 19:05:19.368976+00:00
MSFT,2025-01-02 22:45:00+00:00,286.4097152100176,287.4608348301257,283.32106330540125,285.776344725439,285.776344725439,2076581.0,sample,2026-09-24 19:05:19.368976+00:00
MSFT,2025-01-02 23:00:00+00:00,285.8446259936412,286.6056083867094,284.1399070136856,284.9958488031506,284.9958488031506,8058707.0,sample,2026-09-24 19:05:19.368976+00:00
MSFT,2025-01-02 23:15:00+00:00,286.51045987104374,289.13348287929335,282.729041058566,283.88028418067097,283.88028418067097,16800575.0,sample,2026-09-24 19:05:19.368976+00:00
MSFT,2025-01-02 23:30:00+00:00,284.57610448685654,286.25277794987977,280.0967964451733,283.02322912623646,283.02322912623646,13892501.0,sample,2026-09-24 19:05:19.368976+00:00
MSFT,2025-01-02 23:45:00+00:00,282.5233398553831,283.9456095607725,280.14864058539723,283.4684823472386,283.4684823472386,7453343.0,sample,2026-09-24 19:05:19.368976+00:00
MSFT,2025-01-03 00:00:00+00:00,282.95880992865193,285.3201565537093,281.8876418878608,282.45009981283084,282.45009981283084,11659240.0,sample,2026-09-24 19:05:19.368976+00:00
MSFT,2025-01-03 00:15:00+00:00,282.84075483931804,283.43160521604614,280.4664905095338,281.1817240285487,281.1817240285487,11987675.0,sample,2026-09-24 19:05:19.368976+00:00
MSFT,2025-01-03 00:30:00+00:00,280.59480349045504,282.67691359614645,277.409457967274,280.3798604351778,280.3798604351778,2669761.0,sample,2026-09-24 19:05:19.368976+00:00
MSFT,2025-01-03 00:45:00+00:00,279.97605175678734,280.3491111388662,278.31372370751654,279.2469192299889,279.2469192299889,16826274.0,sample,2026-09-24 19:05:19.368976+00:00
MSFT,2025-01-03 01:00:00+00:00,280.2229548957931,283.3196715852137,274.91306301954165,278.1118616060183,278.1118616060183,4971805.0,sample,2026-09-24 19:05:19.368976+00:00
MSFT,2025-01-03 01:15:00+00:00,278.3832636081708,281.8813615135023,276.6665888981587,279.12028579668043,279.12028579668043,2762004.0,sample,2026-09-24 19:05:19.368976+00:00
MSFT,2025-01-03 01:30:00+00:00,279.7792891317704,283.45081526101313,278.51443450015205,281.2216112334957,281.2216112334957,11846095.0,sample,2026-09-24 19:05:19.368976+00:00
MSFT,2025-01-03 01:45:00+00:00,282.70154074786905,285.2813379152491,279.2316643998859,281.2283898847571,281.2283898847571,2199182.0,sample,2026-09-24 19:05:19.368976+00:00
MSFT,2025-01-03 02:00:00+00:00,281.0251454729207,284.6344514373086,278.0601936729092,281.6396760882604,281.6396760882604,7351732.0,sample,2026-09-24 19:05:19.368976+00:00
MSFT,2025-01-03 02:15:00+00:00,281.39420947599785,284.7648699360783,278.2759538799061,281.397612280286,281.397612280286,5788729.0,sample,2026-09-24 19:05:19.368976+00:00
MSFT,2025-01-03 02:30:00+00:00,280.9777310558841,285.31306251590246,278.7527615273852,282.00676562084493,282.00676562084493,5691068.0,sample,2026-09-24 19:05:19.368976+00:00
MSFT,2025-01-03 02:45:00+00:00,282.4590754769922,283.94915794383184,277.8550388900094,280.6979826043393,280.6979826043393,17123473.0,sample,2026-09-24 19:05:19.368976+00:00
MSFT,2025-01-03 03:00:00+00:00,280.1967722303436,283.77818313992054,278.09391800358594,280.8656851306728,280.8656851306728,16990553.0,sample,2026-09-24 19:05:19.368976+00:00
MSFT,2025-01-03 03:15:00+00:00,280.2345615716034,283.0624941548037,278.7877207968455,282.506107149602,282.506107149602,3547327.0,sample,2026-09-24 19:05:19.368976+00:00
MSFT,2025-01-03 03:30:00+00:00,282.4258378029884,283.9880574859922,280.8152103674612,281.3704014421804,281.3704014421804,3201926.0,sample,2026-09-24 19:05:19.368976+00:00
MSFT,2025-01-03 03:45:00+00:00,280.19150446693607,284.10764920496104,278.938987118728,281.06417531956424,281.06417531956424,11643685.0,sample,2026-09-24 19:05:19.368976+00:00
MSFT,2025-01-03 04:00:00+00:00,282.5424827420868,285.52037795197776,279.99394833791933,280.768416720901,280.768416720901,11962113.0,sample,2026-09-24 19:05:19.368976+00:00
MSFT,2025-01-03 04:15:00+00:00,281.41076383112545,283.28304841330066,277.43849763590316,279.72130648747515,279.72130648747515,2932939.0,sample,2026-09-24 19:05:19.368976+00:00
MSFT,2025-01-03 04:30:00+00:00,279.19291850233293,283.80448889025485,277.48832612819945,280.50596511900693,280.50596511900693,3123149.0,sample,2026-09-24 19:05:19.368976+00:00
MSFT,2025-01-03 04:45:00+00:00,280.58532833853104,283.24499972743877,279.2603853330346,280.1456265304763,280.1456265304763,9442439.0,sample,2026-09-24 19:05:19.368976+00:00
MSFT,2025-01-03 05:00:00+00:00,278.67446272059334,283.8259776886411,276.17817577974745,281.7189756303693,281.7189756303693,5220959.0,sample,2026-09-24 19:05:19.368976+00:00
MSFT,2025-01-03 05:15:00+00:00,281.5787296018715,283.5744216578916,279.36849996327965,281.65398336668585,281.65398336668585,6188014.0,sample,2026-09-24 19:05:19.368976+00:00
MSFT,2025-01-03 05:30:00+00:00,281.99276269642377,282.5396714918895,278.96883582757744,280.9791624141024,280.9791624141024,5390574.0,sample,2026-09-24 19:05:19.368976+00:00
MSFT,2025-01-03 05:45:00+00:00,281.2272655608028,283.31324445263107,277.0285090011384,280.0043155080761,280.0043155080761,7752870.0,sample,2026-09-24 19:05:19.368976+00:00
MSFT,2025-01-03 06:00:00+00:00,279.9463548272403,280.73390971502175,277.01178919879436,278.68223095292495,278.68223095292495,17952625.0,sample,2026-09-24 19:05:19.368976+00:00
MSFT,2025-01-03 06:15:00+00:00,278.8544091905718,281.20258382123956,277.41420124316426,279.46573564166556,279.46573564166556,13574430.0,sample,2026-09-24 19:05:19.368976+00:00
MSFT,2025-01-03 06:30:00+00:00,278.78578681169375,281.5698180924498,278.0666790698934,279.2267600652622,279.2267600652622,13433185.0,sample,2026-09-24 19:05:19.368976+00:00
MSFT,2025-01-03 06:45:00+00:00,277.8061004680283,282.9589092083787,275.43799490263746,281.051532283701,281.051532283701,4337717.0,sample,2026-09-24 19:05:19.368976+00:00
MSFT,2025-01-03 07:00:00+00:00,281.194645744791,282.8638070318624,278.9405244387212,281.1004227789533,281.1004227789533,8229243.0,sample,2026-09-24 19:05:19.368976+00:00
MSFT,2025-01-03 07:15:00+00:00,279.93763813762627,283.91838930940037,278.6551735961711,281.67521038158475,281.67521038158475,17703415.0,sample,2026-09-24 19:05:19.368976+00:00
MSFT,2025-01-03 07:30:00+00:00,282.06977504210835,284.03404097278207,280.097769404279,282.2458610031191,282.2458610031191,16632308.0,sample,2026-09-24 19:05:19.368976+00:00
MSFT,2025-01-03 07:45:00+00:00,281.8313704934752,284.5063125930136,277.9891709754315,280.7702857323683,280.7702857323683,17399609.0,sample,2026-09-24 19:05:19.368976+00:00
MSFT,2025-01-03 08:00:00+00:00,281.073152645372,283.1670513066663,279.83744096919656,281.57968848587785,281.57968848587785,7566237.0,sample,2026-09-24 19:05:19.368976+00:00
MSFT,2025-01-03 08:15:00+00:00,281.31471622002744,282.4232531394478,279.673173898627,281.87810964204823,281.87810964204823,5413156.0,sample,2026-09-24 19:05:19.368976+00:00
MSFT,2025-01-03 08:30:00+00:00,281.7412373079764,282.0812082562255,277.7391133278906,281.06258903707374,281.06258903707374,10594705.0,sample,2026-09-24 19:05:19.368976+00:00
MSFT,2025-01-03 08:45:00+00:00,280.7541097095508,281.24814792966185,279.394463739604,280.90431520530694,280.90431520530694,14331732.0,sample,2026-09-24 19:05:19.368976+00:00
MSFT,2025-01-03 09:00:00+00:00,280.34046090635997,284.5040451587213,278.7450365810108,281.4207838931112,281.4207838931112,7748181.0,sample,2026-09-24 19:05:19.368976+00:00
MSFT,2025-01-03 09:15:00+00:00,281.324294821211,283.8443907600677,280.8687760099441,281.8946752146432,281.8946752146432,4624898.0,sample,2026-09-24 19:05:19.368976+00:00
MSFT,2025-01-03 09:30:00+00:00,281.6098894689422,284.85891991638493,279.57605439946326,282.53354751818785,282.53354751818785,13970566.0,sample,2026-09-24 19:05:19.368976+00:00
MSFT,2025-01-03 09:45:00+00:00,282.031517803523,283.8583097587437,278.97842459304275,283.07594108420636,283.07594108420636,3212975.0,sample,2026-09-24 19:05:19.368976+00:00
MSFT,2025-01-03 10:00:00+00:00,282.9576240035136,285.43368361991776,282.4651543371305,284.4737988542386,284.4737988542386,10014303.0,sample,2026-09-24 19:05:19.368976+00:00
MSFT,2025-01-03 10:15:00+00:00,284.1848011669756,287.5050577652676,281.07007607563503,284.30575421639645,284.30575421639645,2292146.0,sample,2026-09-24 19:05:19.368976+00:00
MSFT,2025-01-03 10:30:00+00:00,284.3331066428545,286.84466460986005,280.5184527184546,283.88735282158194,283.88735282158194,17752531.0,sample,2026-09-24 19:05:19.368976+00:00
MSFT,2025-01-03 10:45:00+00:00,283.83089575740445,286.66598674778686,282.3277651936069,283.52860127072523,283.52860127072523,14294483.0,sample,2026-09-24 19:05:19.368976+00:00
MSFT,2025-01-03 11:00:00+00:00,283.7902151253659,287.13482107946885,280.40279546294465,283.95400437954015,283.95400437954015,8925491.0,sample,2026-09-24 19:05:19.368976+00:00
MSFT,2025-01-03 11:15:00+00:00,284.25395601508484,287.01220588669463,282.15778525328494,283.26042974712414,283.26042974712414,17256356.0,sample,2026-09-24 19:05:19.368976+00:00
MSFT,2025-01-03 11:30:00+00:00,285.15988278960657,286.9203669616618,281.11691397142715,281.8704495536384,281.8704495536384,14717371.0,sample,2026-09-24 19:05:19.368976+00:00
MSFT,2025-01-03 11:45:00+00:00,281.77516704147456,283.2915183627402,278.899119134496,280.5143086874853,280.5143086874853,12631866.0,sample,2026-09-24 19:05:19.368976+00:00
MSFT,2025-01-03 12:00:00+00:00,280.1435506016892,282.25111067931783,276.8333364922541,281.9231165880644,281.9231165880644,17876376.0,sample,2026-09-24 19:05:19.368976+00:00
MSFT,2025-01-03 12:15:00+00:00,282.0059716194404,282.6145386207308,281.3635758228099,282.09185064728143,282.09185064728143,6662940.0,sample,2026-09-24 19:05:19.368976+00:00
MSFT,2025-01-03 12:30:00+00:00,281.7775357896331,284.83942280204764,279.7003446010717,283.54431806264404,283.54431806264404,12959625.0,sample,2026-09-24 19:05:19.368976+00:00
MSFT,2025-01-03 12:45:00+00:00,283.5069253959168,284.56926179374307,282.7028606841685,284.0838515277251,284.0838515277251,6456934.0,sample,2026-09-24 19:05:19.368976+00:00
MSFT,2025-01-03 13:00:00+00:00,284.68054198473055,287.9748150901803,282.94630361721363,284.0994172624727,284.0994172624727,13521161.0,sample,2026-09-24 19:05:19.368976+00:00
MSFT,2025-01-03 13:15:00+00:00,284.28593087560125,286.2066312382149,282.897534387813,285.8899937891805,285.8899937891805,11142512.0,sample,2026-09-24 19:05:19.368976+00:00
MSFT,2025-01-03 13:30:00+00:00,287.1010185762194,288.92162419156926,286.69719242338135,287.34031512544016,287.34031512544016,3192878.0,sample,2026-09-24 19:05:19.368976+00:00
MSFT,2025-01-03 13:45:00+00:00,287.29291010291035,291.3035796524577,283.9298799643203,289.76555177289504,289.76555177289504,3884810.0,sample,2026-09-24 19:05:19.368976+00:00
MSFT,2025-01-03 14:00:00+00:00,289.59468890679364,290.5824348134678,288.0239913109032,288.3749236317223,288.3749236317223,15509902.0,sample,2026-09-24 19:05:19.368976+00:00
MSFT,2025-01-03 14:15:00+00:00,289.0745946845292,289.60491437326306,284.6696804807087,287.63251845915454,287.63251845915454,11887780.0,sample,2026-09-24 19:05:19.368976+00:00
MSFT,2025-01-03 14:30:00+00:00,287.2884696019911,288.6586825616243,284.59687602915517,287.96141710984637,287.96141710984637,16980131.0,sample,2026-09-24 19:05:19.368976+00:00
MSFT,2025-01-03 14:45:00+00:00,287.9206042185206,290.78692615872495,282.97798526480034,285.638930662269,285.638930662269,1586077.0,sample,2026-09-24 19:05:19.368976+00:00
MSFT,2025-01-03 15:00:00+00:00,285.93936838039195,287.99062854899097,282.9801972135009,286.0364284808201,286.0364284808201,13030491.0,sample,2026-09-24 19:05:19.368976+00:00
MSFT,2025-01-03 15:15:00+00:00,286.90389768629444,287.49637173671164,284.506051968397,284.89339997637046,284.89339997637046,14450866.0,sample,2026-09-24 19:05:19.368976+00:00
MSFT,2025-01-03 15:30:00+00:00,284.7560998404905,286.583980034876,282.38523195600084,284.0428857165418,284.0428857165418,5663615.0,sample,2026-09-24 19:05:19.368976+00:00
MSFT,2025-01-03 15:45:00+00:00,283.2306182051331,284.9842812673498,279.725652487689,282.60275970361533,282.60275970361533,11068848.0,sample,2026-09-24 19:05:19.368976+00:00
MSFT,2025-01-03 16:00:00+00:00,283.66688815230066,285.94728820329624,280.68525493372994,283.72890336750476,283.72890336750476,12555399.0,sample,2026-09-24 19:05:19.368976+00:00
MSFT,2025-01-03 16:15:00+00:00,283.1579149851903,286.22891731137275,280.65019894815606,284.1651070122612,284.1651070122612,9698457.0,sample,2026-09-24 19:05:19.368976+00:00
MSFT,2025-01-03 16:30:00+00:00,283.4001816406491,283.8591798598046,280.5035349718124,282.4846582800312,282.4846582800312,6899957.0,sample,2026-09-24 19:05:19.368976+00:00
MSFT,2025-01-03 16:45:00+00:00,282.72741031193345,284.72153676405895,279.3280187653954,280.43140913376027,280.43140913376027,8962118.0,sample,2026-09-24 19:05:19.368976+00:00
MSFT,2025-01-03 17:00:00+00:00,280.24257889375554,284.2224033428241,277.8482847373033,281.4957926516247,281.4957926516247,9811434.0,sample,2026-09-24 19:05:19.368976+00:00
MSFT,2025-01-03 17:15:00+00:00,281.0024477116349,285.20325265286505,278.9067069462156,282.5350438563128,282.5350438563128,17386938.0,sample,2026-09-24 19:05:19.368976+00:00
MSFT,2025-01-03 17:30:00+00:00,282.24102814804195,282.99756913392935,281.79965476554264,282.15744957349625,282.15744957349625,10455807.0,sample,2026-09-24 19:05:19.368976+00:00
MSFT,2025-01-03 17:45:00+00:00,282.25753113694384,287.54725628936353,281.9280412227419,284.1407346123614,284.1407346123614,8994558.0,sample,2026-09-24 19:05:19.368976+00:00
MSFT,2025-01-03 18:00:00+00:00,284.92757842345037,285.5772672945937,281.86349078046067,284.3027213595893,284.3027213595893,13008110.0,sample,2026-09-24 19:05:19.368976+00:00
MSFT,2025-01-03 18:15:00+00:00,284.7887138533941,287.1788347254875,284.0172118311847,284.32676478535245,284.32676478535245,10663319.0,sample,2026-09-24 19:05:19.368976+00:00
MSFT,2025-01-03 18:30:00+00:00,285.0874479372244,286.30471954282706,284.77226878544053,285.1391356544797,285.1391356544797,7953473.0,sample,2026-09-24 19:05:19.368976+00:00
MSFT,2025-01-03 18:45:00+00:00,285.81253383512484,287.6287541678446,282.34327274855474,284.5429127507194,284.5429127507194,3042203.0,sample,2026-09-24 19:05:19.368976+00:00
MSFT,2025-01-03 19:00:00+00:00,284.2857850407958,285.3704402656634,280.3798596023919,283.4148840794428,283.4148840794428,9245329.0,sample,2026-09-24 19:05:19.368976+00:00
MSFT,2025-01-03 19:15:00+00:00,283.02714594421764,284.9343454996563,282.20859870729583,284.4294743488348,284.4294743488348,5613569.0,sample,2026-09-24 19:05:19.368976+00:00
MSFT,2025-01-03 19:30:00+00:00,284.3313511114105,285.0034713313161,283.2211375658837,284.11449527372616,284.11449527372616,10508633.0,sample,2026-09-24 19:05:19.368976+00:00
MSFT,2025-01-03 19:45:00+00:00,283.9750807778933,284.71328534499116,281.50185034516534,283.8175303920945,283.8175303920945,3120971.0,sample,2026-09-24 19:05:19.368976+00:00
MSFT,2025-01-03 20:00:00+00:00,284.25879195990865,286.5830442712655,281.00074131570113,285.13360454377323,285.13360454377323,11593404.0,sample,2026-09-24 19:05:19.368976+00:00
MSFT,2025-01-03 20:15:00+00:00,284.79303529844907,286.42889020125534,281.52683925789336,285.3431570147413,285.3431570147413,10183363.0,sample,2026-09-24 19:05:19.368976+00:00
MSFT,2025-01-03 20:30:00+00:00,285.9017153417194,287.75398136264135,283.1852143085945,283.9340810823363,283.9340810823363,7223105.0,sample,2026-09-24 19:05:19.368976+00:00
MSFT,2025-01-03 20:45:00+00:00,283.2380137414006,285.4816342366129,280.1466718493364,284.71616151683196,284.71616151683196,9709557.0,sample,2026-09-24 19:05:19.368976+00:00
MSFT,2025-01-03 21:00:00+00:00,285.491608901813,285.83434377028266,283.5601011827278,284.4124786028263,284.4124786028263,9453290.0,sample,2026-09-24 19:05:19.368976+00:00
MSFT,2025-01-03 21:15:00+00:00,285.18652215386885,285.75828180026866,281.4249383312112,284.3909437230108,284.3909437230108,16313861.0,sample,2026-09-24 19:05:19.368976+00:00
MSFT,2025-01-03 21:30:00+00:00,284.263787256051,284.9264113828633,282.9442873292892,283.9911366138098,283.9911366138098,1652580.0,sample,2026-09-24 19:05:19.368976+00:00
MSFT,2025-01-03 21:45:00+00:00,283.5858550552735,288.4499656618703,282.71565183498006,285.58607058110533,285.58607058110533,14602801.0,sample,2026-09-24 19:05:19.368976+00:00
MSFT,2025-01-03 22:00:00+00:00,285.2528343223158,287.12567321662186,284.1354104621473,285.6199839250447,285.6199839250447,14581155.0,sample,2026-09-24 19:05:19.368976+00:00
MSFT,2025-01-03 22:15:00+00:00,286.0827605175815,290.1238881813406,283.61013286930284,287.7519433755425,287.7519433755425,2294235.0,sample,2026-09-24 19:05:19.368976+00:00
MSFT,2025-01-03 22:30:00+00:00,287.3618288504182,290.64944804315735,283.9974145069374,288.7969531767543,288.7969531767543,15344163.0,sample,2026-09-24 19:05:19.368976+00:00
MSFT,2025-01-03 22:45:00+00:00,288.36439069770785,289.4288359940829,285.3221201921352,288.6875826600444,288.6875826600444,14547576.0,sample,2026-09-24 19:05:19.368976+00:00
MSFT,2025-01-03 23:00:00+00:00,287.9049399608733,291.76768718612317,286.2701478756792,290.54256822105964,290.54256822105964,12762395.0,sample,2026-09-24 19:05:19.368976+00:00
MSFT,2025-01-03 23:15:00+00:00,289.9058536500192,294.9774451682305,287.2015444491186,292.3971627852904,292.3971627852904,4769578.0,sample,2026-09-24 19:05:19.368976+00:00
MSFT,2025-01-03 23:30:00+00:00,293.31305290348746,294.20424944562114,291.17505375776943,292.5116032797807,292.5116032797807,2195184.0,sample,2026-09-24 19:05:19.368976+00:00
MSFT,2025-01-03 23:45:00+00:00,292.9761788027794,293.7525201546439,290.4743715232036,291.83055968106305,291.83055968106305,1895683.0,sample,2026-09-24 19:05:19.368976+00:00
MSFT,2025-01-04 00:00:00+00:00,292.35018137832344,293.70543725825826,291.4478049567962,292.302045330436,292.302045330436,9250548.0,sample,2026-09-24 19:05:19.368976+00:00
MSFT,2025-01-04 00:15:00+00:00,291.83280272589786,295.11684052662963,288.67148837816853,292.42910324907115,292.42910324907115,12460079.0,sample,2026-09-24 19:05:19.368976+00:00
MSFT,2025-01-04 00:30:00+00:00,292.4409939516494,293.85859380488347,287.84421676113726,290.9613318035559,290.9613318035559,2032705.0,sample,2026-09-24 19:05:19.368976+00:00
MSFT,2025-01-04 00:45:00+00:00,290.8707186304301,297.24011210940574,288.33818124916024,294.0003889406581,294.0003889406581,7482088.0,sample,2026-09-24 19:05:19.368976+00:00
MSFT,2025-01-04 01:00:00+00:00,294.21498835707587,295.01890741042155,290.1107202050824,292.6980152495698,292.6980152495698,5664763.0,sample,2026-09-24 19:05:19.368976+00:00
MSFT,2025-01-04 01:15:00+00:00,292.07425348313404,295.52104089734473,291.55155270705234,294.05241290625065,294.05241290625065,8381063.0,sample,2026-09-24 19:05:19.368976+00:00
MSFT,2025-01-04 01:30:00+00:00,294.55393453418617,295.5418614139987,291.98013074856686,294.33104069787726,294.33104069787726,15935923.0,sample,2026-09-24 19:05:19.368976+00:00
MSFT,2025-01-04 01:45:00+00:00,294.1594719391233,297.10185494430124,291.3574411207316,294.43846912815815,294.43846912815815,14473934.0,sample,2026-09-24 19:05:19.368976+00:00
MSFT,2025-01-04 02:00:00+00:00,294.51764838445905,297.25888702299443,291.68003616957213,294.4240532680671,294.4240532680671,7965300.0,sample,2026-09-24 19:05:19.368976+00:00
MSFT,2025-01-04 02:15:00+00:00,294.3387662183532,296.1580918718383,291.15317315485,294.4925983572324,294.4925983572324,6493500.0,sample,2026-09-24 19:05:19.368976+00:00
MSFT,2025-01-04 02:30:00+00:00,294.8771288081934,297.0972542333606,289.65547330921805,292.60740732759893,292.60740732759893,13037678.0,sample,2026-09-24 19:05:19.368976+00:00
MSFT,2025-01-04 02:45:00+00:00,293.2211687452886,296.2998798289451,287.65507621843847,290.830213643349,290.830213643349,11139584.0,sample,2026-09-24 19:05:19.368976+00:00
MSFT,2025-01-04 03:00:00+00:00,290.43239276757714,294.23824255478326,289.676861749405,292.34396801178434,292.34396801178434,5996385.0,sample,2026-09-24 19:05:19.368976+00:00
MSFT,2025-01-04 03:15:00+00:00,292.1512960258306,294.9974361823912,289.71391009983773,292.1724390290483,292.1724390290483,9732474.0,sample,2026-09-24 19:05:19.368976+00:00
MSFT,2025-01-04 03:30:00+00:00,291.84574651679833,297.4286093403748,289.5394505814571,294.0617230945219,294.0617230945219,16238821.0,sample,2026-09-24 19:05:19.368976+00:00
MSFT,2025-01-04 03:45:00+00:00,294.47138163817664,295.6157551236198,293.9368633456744,294.343129149926,294.343129149926,1618036.0,sample,2026-09-24 19:05:19.368976+00:00
MSFT,2025-01-04 04:00:00+00:00,294.357764427568,295.3165972555843,291.3243740531408,294.23136471334624,294.23136471334624,17829502.0,sample,2026-09-24 19:05:19.368976+00:00
MSFT,2025-01-04 04:15:00+00:00,293.9191636259815,295.63801218877154,291.21306035223535,294.03131528120105,294.03131528120105,11102395.0,sample,2026-09-24 19:05:19.368976+00:00
MSFT,2025-01-04 04:30:00+00:00,294.10861504494625,296.3766203314978,291.6205874575642,293.90300535986614,293.90300535986614,11252482.0,sample,2026-09-24 19:05:19.368976+00:00
MSFT,2025-01-04 04:45:00+00:00,294.02026609674454,296.84366360341545,292.1551758444771,292.4911917876569,292.4911917876569,8194363.0,sample,2026-09-24 19:05:19.368976+00:00
MSFT,2025-01-04 05:00:00+00:00,291.98762645700117,295.8969175404767,291.3365701660114,292.3898039303799,292.3898039303799,10530516.0,sample,2026-09-24 19:05:19.368976+00:00
MSFT,2025-01-04 05:15:00+00:00,292.09722966841537,294.67845953742875,289.490462863195,293.3845156593823,293.3845156593823,5289563.0,sample,2026-09-24 19:05:19.368976+00:00
MSFT,2025-01-04 05:30:00+00:00,293.95233426268163,297.36475005376707,292.18012266558816,294.2474232695327,294.2474232695327,6293211.0,sample,2026-09-24 19:05:19.368976+00:00
MSFT,2025-01-04 05:45:00+00:00,293.5732134878183,295.31951592025877,293.0408606903283,293.6031054595487,293.6031054595487,10992969.0,sample,2026-09-24 19:05:19.368976+00:00
MSFT,2025-01-04 06:00:00+00:00,292.43727405317924,297.2490253536869,289.65559482686626,294.75315301960336,294.75315301960336,7361217.0,sample,2026-09-24 19:05:19.368976+00:00
MSFT,2025-01-04 06:15:00+00:00,293.79426717154104,295.72561160147666,292.06744688150854,294.9346314805137,294.9346314805137,4811691.0,sample,2026-09-24 19:05:19.368976+00:00
MSFT,2025-01-04 06:30:00+00:00,294.9796617297643,298.45394212218594,291.7087360744581,295.1433514624661,295.1433514624661,12928339.0,sample,2026-09-24 19:05:19.368976+00:00
MSFT,2025-01-04 06:45:00+00:00,295.3950777924751,297.72011849440133,290.3851061842026,291.57188803197374,291.57188803197374,15519112.0,sample,2026-09-24 19:05:19.368976+00:00
MSFT,2025-01-04 07:00:00+00:00,291.1685106704449,291.82105819567505,288.1054097081863,290.91650678707805,290.91650678707805,14953531.0,sample,2026-09-24 19:05:19.368976+00:00
MSFT,2025-01-04 07:15:00+00:00,290.3138416304381,293.9015603339568,287.43113692302705,290.53314155816327,290.53314155816327,15695055.0,sample,2026-09-24 19:05:19.368976+00:00
MSFT,2025-01-04 07:30:00+00:00,290.68138942214574,294.09854137984763,287.4077636065405,289.5713179400681,289.5713179400681,11130106.0,sample,2026-09-24 19:05:19.368976+00:00
MSFT,2025-01-04 07:45:00+00:00,290.1267969304691,291.3699566621327,287.9773514316224,290.4560250418508,290.4560250418508,2207085.0,sample,2026-09-24 19:05:19.368976+00:00
MSFT,2025-01-04 08:00:00+00:00,290.58187186885084,292.06257049915126,286.8929199600221,288.125418490998,288.125418490998,17451398.0,sample,2026-09-24 19:05:19.368976+00:00
MSFT,2025-01-04 08:15:00+00:00,287.5647724228814,290.84229748383416,287.217793144643,288.0522801635489,288.0522801635489,12663988.0,sample,2026-09-24 19:05:19.368976+00:00
MSFT,2025-01-04 08:30:00+00:00,288.5827595755422,289.26225115059253,285.7899526950712,287.9539255154759,287.9539255154759,10711671.0,sample,2026-09-24 19:05:19.368976+00:00
MSFT,2025-01-04 08:45:00+00:00,289.0501077193169,290.86447701137627,286.65495708561775,289.26130993667783,289.26130993667783,14939100.0,sample,2026-09-24 19:05:19.368976+00:00
MSFT,2025-01-04 09:00:00+00:00,289.64958884295345,291.2261050199055,287.91536828916526,288.26586684534954,288.26586684534954,6089406.0,sample,2026-09-24 19:05:19.368976+00:00
MSFT,2025-01-04 09:15:00+00:00,288.3459124262277,288.63864456485874,287.1868185695215,288.24393176257064,288.24393176257064,9969288.0,sample,2026-09-24 19:05:19.368976+00:00
MSFT,2025-01-04 09:30:00+00:00,288.63013279606025,291.11155645906854,284.3731016832384,287.42065019608555,287.42065019608555,4534602.0,sample,2026-09-24 19:05:19.368976+00:00
MSFT,2025-01-04 09:45:00+00:00,287.7714916055938,289.38573200628304,284.73496768276425,287.25355283218926,287.25355283218926,5342431.0,sample,2026-09-24 19:05:19.368976+00:00
MSFT,2025-01-04 10:00:00+00:00,286.2862661283258,290.8470224153849,283.6125035770811,287.50651908961214,287.50651908961214,11173241.0,sample,2026-09-24 19:05:19.368976+00:00
MSFT,2025-01-04 10:15:00+00:00,287.64594151418504,290.65865884556575,285.39002835092606,286.9419416945841,286.9419416945841,4418091.0,sample,2026-09-24 19:05:19.368976+00:00
MSFT,2025-01-04 10:30:00+00:00,286.84926790254707,288.46886590088513,284.4027117287924,286.8989188586112,286.8989188586112,3320529.0,sample,2026-09-24 19:05:19.368976+00:00
MSFT,2025-01-04 10:45:00+00:00,286.86171571023976,287.99518180380045,286.1702254072966,287.0412325611153,287.0412325611153,9895482.0,sample,2026-09-24 19:05:19.368976+00:00
MSFT,2025-01-04 11:00:00+00:00,286.6835836844916,288.8074097209267,285.15333963857756,288.4701778518618,288.4701778518618,7627499.0,sample,2026-09-24 19:05:19.368976+00:00
MSFT,2025-01-04 11:15:00+00:00,288.0537898690824,288.9998160429587,284.4678209834113,286.96384157350565,286.96384157350565,3903069.0,sample,2026-09-24 19:05:19.368976+00:00
MSFT,2025-01-04 11:30:00+00:00,287.4318422779268,290.97503040173234,286.53290150233926,287.68673893367156,287.68673893367156,11763490.0,sample,2026-09-24 19:05:19.368976+00:00
MSFT,2025-01-04 11:45:00+00:00,287.71813561265725,289.31828545960724,282.84916375324497,286.1797245392748,286.1797245392748,12971214.0,sample,2026-09-24 19:05:19.368976+00:00
MSFT,2025-01-04 12:00:00+00:00,286.44786296433,288.1572033823053,282.7814458150377,285.2522636001015,285.2522636001015,8952329.0,sample,2026-09-24 19:05:19.368976+00:00
MSFT,2025-01-04 12:15:00+00:00,285.7553855078258,287.1485840234589,280.8616721838392,284.047483720129,284.047483720129,16833287.0,sample,2026-09-24 19:05:19.368976+00:00
MSFT,2025-01-04 12:30:00+00:00,284.41528899032596,285.9649051386997,283.13794681284355,284.9925931118354,284.9925931118354,13746407.0,sample,2026-09-24 19:05:19.368976+00:00
MSFT,2025-01-04 12:45:00+00:00,285.1740640557845,287.57419355096806,282.69783214257143,283.9904174649981,283.9904174649981,3333105.0,sample,2026-09-24 19:05:19.368976+00:00
MSFT,2025-01-04 13:00:00+00:00,283.9224723576196,287.2071182491725,282.88337044362214,286.3117482159092,286.3117482159092,3895077.0,sample,2026-09-24 19:05:19.368976+00:00
MSFT,2025-01-04 13:15:00+00:00,286.3575708185165,289.1169035708409,285.00812594082834,286.41894758466833,286.41894758466833,16349291.0,sample,2026-09-24 19:05:19.368976+00:00
MSFT,2025-01-04 13:30:00+00:00,285.98332297983524,289.19274893347074,284.16555564435475,287.3212091207123,287.3212091207123,12494627.0,sample,2026-09-24 19:05:19.368976+00:00
MSFT,2025-01-04 13:45:00+00:00,288.18872890543247,289.84873958430046,286.5839211839389,287.0134625753017,287.0134625753017,4929703.0,sample,2026-09-24 19:05:19.368976+00:00
MSFT,2025-01-04 14:00:00+00:00,286.6748202059897,289.11304191762434,285.4983437527226,288.08112795154125,288.08112795154125,12823142.0,sample,2026-09-24 19:05:19.368976+00:00
MSFT,2025-01-04 14:15:00+00:00,287.7056136302755,290.6964975080067,285.8899355123935,286.7334686609999,286.7334686609999,14791418.0,sample,2026-09-24 19:05:19.368976+00:00
MSFT,2025-01-04 14:30:00+00:00,286.19494692087017,289.5391769885853,285.86310760399175,287.232484524162,287.232484524162,3259368.0,sample,2026-09-24 19:05:19.368976+00:00
MSFT,2025-01-04 14:45:00+00:00,287.2298952758817,289.9128731148605,285.776083579656,287.2162335330991,287.2162335330991,9370419.0,sample,2026-09-24 19:05:19.368976+00:00
MSFT,2025-01-04 15:00:00+00:00,287.0809704037446,292.43094358349293,285.9862272189606,289.75316354221354,289.75316354221354,4221631.0,sample,2026-09-24 19:05:19.368976+00:00
MSFT,2025-01-04 15:15:00+00:00,290.0057092083989,292.17579130848327,285.65593445349555,288.5899998800768,288.5899998800768,7056661.0,sample,2026-09-24 19:05:19.368976+00:00
MSFT,2025-01-04 15:30:00+00:00,289.0015097720886,291.05355434818654,283.14619096362145,284.80614237130254,284.80614237130254,8058550.0,sample,2026-09-24 19:05:19.368976+00:00
MSFT,2025-01-04 15:45:00+00:00,284.111573953756,289.3311512460021,282.2953759160117,286.7070207242357,286.7070207242357,2971025.0,sample,2026-09-24 19:05:19.368976+00:00
MSFT,2025-01-04 16:00:00+00:00,286.863735415724,288.3160859903471,284.6775396618389,286.52178320337737,286.52178320337737,4274635.0,sample,2026-09-24 19:05:19.368976+00:00
MSFT,2025-01-04 16:15:00+00:00,287.141426873188,287.4505347889719,283.87930889712237,285.6473963218766,285.6473963218766,4939233.0,sample,2026-09-24 19:05:19.368976+00:00
MSFT,2025-01-04 16:30:00+00:00,286.6875867184976,287.08027315604875,284.5719300085965,286.4443444762578,286.4443444762578,4827857.0,sample,2026-09-24 19:05:19.368976+00:00
MSFT,2025-01-04 16:45:00+00:00,286.2850187735159,288.67457223325687,285.9528755890505,286.6809847894399,286.6809847894399,6976894.0,sample,2026-09-24 19:05:19.368976+00:00
MSFT,2025-01-04 17:00:00+00:00,286.6217252002238,287.9246867165295,283.97629264051386,285.78858072609586,285.78858072609586,17241037.0,sample,2026-09-24 19:05:19.368976+00:00
MSFT,2025-01-04 17:15:00+00:00,286.1385780375694,289.244542169573,280.6942511701348,283.6443767826341,283.6443767826341,9020613.0,sample,2026-09-24 19:05:19.368976+00:00
MSFT,2025-01-04 17:30:00+00:00,282.7405226446736,287.47697877646925,280.973378641594,284.24966886357834,284.24966886357834,17071186.0,sample,2026-09-24 19:05:19.368976+00:00
MSFT,2025-01-04 17:45:00+00:00,283.9888948718303,285.8628001150253,282.3387243377981,283.59291916024256,283.59291916024256,16252151.0,sample,2026-09-24 19:05:19.368976+00:00
MSFT,2025-01-04 18:00:00+00:00,283.86774343307655,286.6543623093148,279.62236923270336,281.6367874780887,281.6367874780887,15004881.0,sample,2026-09-24 19:05:19.368976+00:00
MSFT,2025-01-04 18:15:00+00:00,282.0123284937097,284.0189538739721,277.5336484386396,280.7080359181073,280.7080359181073,15948678.0,sample,2026-09-24 19:05:19.368976+00:00
MSFT,2025-01-04 18:30:00+00:00,280.21501015625523,282.1227521452347,279.42263618498225,280.50059734351527,280.50059734351527,11707727.0,sample,2026-09-24 19:05:19.368976+00:00
MSFT,2025-01-04 18:45:00+00:00,280.25421676734044,281.4858436509288,276.2761203747761,279.4567987089448,279.4567987089448,14959115.0,sample,2026-09-24 19:05:19.368976+00:00
MSFT,2025-01-04 19:00:00+00:00,279.5258733374587,281.562259556488,277.5377881973274,278.79043910286737,278.79043910286737,9234816.0,sample,2026-09-24 19:05:19.368976+00:00
MSFT,2025-01-04 19:15:00+00:00,279.39066080462493,282.38833989358346,276.06415876305647,280.3505520074158,280.3505520074158,6611843.0,sample,2026-09-24 19:05:19.368976+00:00
MSFT,2025-01-04 19:30:00+00:00,280.7772103929454,283.3425344140602,276.81926641025404,280.1436504215217,280.1436504215217,6620470.0,sample,2026-09-24 19:05:19.368976+00:00
MSFT,2025-01-04 19:45:00+00:00,280.11526753868685,282.5502015867633,278.89332048491855,281.5101847561572,281.5101847561572,4374848.0,sample,2026-09-24 19:05:19.368976+00:00
MSFT,2025-01-04 20:00:00+00:00,282.4465859584074,285.6695041557019,279.8825391774203,282.2947487250167,282.2947487250167,14501124.0,sample,2026-09-24 19:05:19.368976+00:00
MSFT,2025-01-04 20:15:00+00:00,282.63592711073187,283.4486192588581,277.3969925933386,280.5221045618957,280.5221045618957,11763137.0,sample,2026-09-24 19:05:19.368976+00:00
MSFT,2025-01-04 20:30:00+00:00,280.3818371873844,283.3354995341422,278.39750794000594,280.7915113505586,280.7915113505586,9956079.0,sample,2026-09-24 19:05:19.368976+00:00
MSFT,2025-01-04 20:45:00+00:00,281.58738659526034,283.25096352362635,278.6102100817631,280.5805262047172,280.5805262047172,12795177.0,sample,2026-09-24 19:05:19.368976+00:00
MSFT,2025-01-04 21:00:00+00:00,280.91172583742855,283.85882064631693,275.12070804042304,278.13148434667244,278.13148434667244,1884906.0,sample,2026-09-24 19:05:19.368976+00:00
MSFT,2025-01-04 21:15:00+00:00,278.1327009020959,280.1800686123902,276.1025378704768,277.32514246831175,277.32514246831175,5229837.0,sample,2026-09-24 19:05:19.368976+00:00
MSFT,2025-01-04 21:30:00+00:00,277.17814921051075,279.93307689915855,274.88765692076146,275.9294959284507,275.9294959284507,5032879.0,sample,2026-09-24 19:05:19.368976+00:00
MSFT,2025-01-04 21:45:00+00:00,275.63918559773686,280.3197330896776,272.34662806010357,278.2222998968376,278.2222998968376,3488061.0,sample,2026-09-24 19:05:19.368976+00:00
MSFT,2025-01-04 22:00:00+00:00,278.5059473097581,280.8405299284391,275.08722979285756,276.9954229934948,276.9954229934948,8454107.0,sample,2026-09-24 19:05:19.368976+00:00
MSFT,2025-01-04 22:15:00+00:00,277.4572335537609,279.3902941326081,275.3684999664698,277.4428857427097,277.4428857427097,1632121.0,sample,2026-09-24 19:05:19.368976+00:00
MSFT,2025-01-04 22:30:00+00:00,276.7488472374541,279.98886862166967,276.1890508631371,278.0365450074598,278.0365450074598,17669606.0,sample,2026-09-24 19:05:19.368976+00:00
MSFT,2025-01-04 22:45:00+00:00,278.5621370615022,281.3419157167029,274.2533458318761,277.5047954081285,277.5047954081285,13665986.0,sample,2026-09-24 19:05:19.368976+00:00
MSFT,2025-01-04 23:00:00+00:00,277.0589199983258,277.9267618480359,276.09842271280445,277.4063214801456,277.4063214801456,13057407.0,sample,2026-09-24 19:05:19.368976+00:00
MSFT,2025-01-04 23:15:00+00:00,277.22174803455823,277.8328420437362,275.06994461042643,276.21816876626343,276.21816876626343,17253005.0,sample,2026-09-24 19:05:19.368976+00:00
MSFT,2025-01-04 23:30:00+00:00,275.61448069670485,279.3643280629483,272.39751398955684,276.55221650970935,276.55221650970935,9307415.0,sample,2026-09-24 19:05:19.368976+00:00
MSFT,2025-01-04 23:45:00+00:00,275.9006787987668,281.6566965414086,275.24395257754765,278.8763067518,278.8763067518,6299208.0,sample,2026-09-24 19:05:19.368976+00:00
MSFT,2025-01-05 00:00:00+00:00,278.9691473826211,281.8668486022793,275.6870017760053,279.5318581595868,279.5318581595868,15646284.0,sample,2026-09-24 19:05:19.368976+00:00
MSFT,2025-01-05 00:15:00+00:00,278.25348738024644,282.5119296262021,277.5574067760629,280.65342033810794,280.65342033810794,5575236.0,sample,2026-09-24 19:05:19.368976+00:00
MSFT,2025-01-05 00:30:00+00:00,281.04869244447264,281.8329465273837,277.4778769241336,279.2111061354158,279.2111061354158,4702674.0,sample,2026-09-24 19:05:19.368976+00:00
MSFT,2025-01-05 00:45:00+00:00,280.1919827562288,282.9902604385959,278.26628577251716,280.0248986629339,280.0248986629339,16298627.0,sample,2026-09-24 19:05:19.368976+00:00
MSFT,2025-01-05 01:00:00+00:00,280.2141414121031,283.27202398191776,276.53982840560815,279.3326643620326,279.3326643620326,17333409.0,sample,2026-09-24 19:05:19.368976+00:00
MSFT,2025-01-05 01:15:00+00:00,279.17216647490216,281.1940246403528,275.68526268470214,278.8717101876035,278.8717101876035,17950192.0,sample,2026-09-24 19:05:19.368976+00:00
MSFT,2025-01-05 01:30:00+00:00,278.8379283943159,280.8696728173242,277.7393306143041,278.7228968189361,278.7228968189361,13498301.0,sample,2026-09-24 19:05:19.368976+00:00
MSFT,2025-01-05 01:45:00+00:00,278.5151752536879,283.3936789495209,277.62494729121255,280.74534862736664,280.74534862736664,13300945.0,sample,2026-09-24 19:05:19.368976+00:00
MSFT,2025-01-05 02:00:00+00:00,282.02345473283697,283.8851901167055,275.995878849351,278.8558579462982,278.8558579462982,10157759.0,sample,2026-09-24 19:05:19.368976+00:00
MSFT,2025-01-05 02:15:00+00:00,278.77998938168884,283.61579482398383,277.7737296364099,281.1149357452364,281.1149357452364,12205695.0,sample,2026-09-24 19:05:19.368976+00:00
MSFT,2025-01-05 02:30:00+00:00,282.0699794243178,284.3117745214212,277.4672827274121,279.6401945369637,279.6401945369637,15250945.0,sample,2026-09-24 19:05:19.368976+00:00
MSFT,2025-01-05 02:45:00+00:00,279.25194530404303,282.36848117789947,278.0041295415703,279.71825992327695,279.71825992327695,15955571.0,sample,2026-09-24 19:05:19.368976+00:00
MSFT,2025-01-05 03:00:00+00:00,279.46500754041364,282.6421377101378,276.9674262784059,277.2614828431033,277.2614828431033,17758275.0,sample,2026-09-24 19:05:19.368976+00:00
MSFT,2025-01-05 03:15:00+00:00,277.432813100333,279.58566822839526,273.90362784814477,275.0224078471848,275.0224078471848,3755064.0,sample,2026-09-24 19:05:19.368976+00:00
MSFT,2025-01-05 03:30:00+00:00,274.84152550441394,277.9967030182749,273.62433597983295,276.90013369688023,276.90013369688023,15027284.0,sample,2026-09-24 19:05:19.368976+00:00
MSFT,2025-01-05 03:45:00+00:00,276.8962429873085,278.9549907004737,275.22057284724355,276.4217369473274,276.4217369473274,11226011.0,sample,2026-09-24 19:05:19.368976+00:00
MSFT,2025-01-05 04:00:00+00:00,276.6206149989214,278.2325684787883,274.15227545190993,275.5316460587622,275.5316460587622,9591306.0,sample,2026-09-24 19:05:19.368976+00:00
MSFT,2025-01-05 04:15:00+00:00,275.62212564039396,280.96337819804614,273.07045980522776,277.9194005681806,277.9194005681806,7738602.0,sample,2026-09-24 19:05:19.368976+00:00
MSFT,2025-01-05 04:30:00+00:00,277.72084455213314,280.40078893261904,275.4874386623595,276.86283428373116,276.86283428373116,5556701.0,sample,2026-09-24 19:05:19.368976+00:00
MSFT,2025-01-05 04:45:00+00:00,276.53466476823013,279.1710771985376,275.7763893493611,276.93582005056606,276.93582005056606,2716690.0,sample,2026-09-24 19:05:19.368976+00:00
MSFT,2025-01-05 05:00:00+00:00,277.7051925546176,280.28815489248626,274.5646350184728,277.95239313483904,277.95239313483904,4953676.0,sample,2026-09-24 19:05:19.368976+00:00
MSFT,2025-01-05 05:15:00+00:00,277.58033232942,281.3362420096604,274.4051345799964,278.32285531959684,278.32285531959684,3242758.0,sample,2026-09-24 19:05:19.368976+00:00
MSFT,2025-01-05 05:30:00+00:00,278.8476614028879,282.15532850146786,276.02935927912966,278.8143327107213,278.8143327107213,11099040.0,sample,2026-09-24 19:05:19.368976+00:00
MSFT,2025-01-05 05:45:00+00:00,279.1571393935951,280.21212658692406,275.5643684424096,278.8838521776398,278.8838521776398,9578604.0,sample,2026-09-24 19:05:19.368976+00:00
MSFT,2025-01-05 06:00:00+00:00,278.1153824181267,281.6063546227102,275.15499676419,278.916188307211,278.916188307211,11275471.0,sample,2026-09-24 19:05:19.368976+00:00
MSFT,2025-01-05 06:15:00+00:00,279.05136938480075,282.14254368267177,276.3140947044421,277.8518393850268,277.8518393850268,1507530.0,sample,2026-09-24 19:05:19.368976+00:00
MSFT,2025-01-05 06:30:00+00:00,277.926949340887,281.03209518794006,277.1526871941661,279.4654884948057,279.4654884948057,5000467.0,sample,2026-09-24 19:05:19.368976+00:00
MSFT,2025-01-05 06:45:00+00:00,279.927232347153,282.7306983026846,278.549499654576,279.28465072166597,279.28465072166597,14002904.0,sample,2026-09-24 19:05:19.368976+00:00
MSFT,2025-01-05 07:00:00+00:00,279.6843566259832,280.3679945848079,278.0086655220038,279.49467542392097,279.49467542392097,12706183.0,sample,2026-09-24 19:05:19.368976+00:00
MSFT,2025-01-05 07:15:00+00:00,279.92064950541254,282.390556200578,278.7901643590596,280.4860413369427,280.4860413369427,6240396.0,sample,2026-09-24 19:05:19.368976+00:00
MSFT,2025-01-05 07:30:00+00:00,280.42935455260033,282.6568098314847,278.3198576034444,280.35070391889144,280.35070391889144,5324516.0,sample,2026-09-24 19:05:19.368976+00:00
MSFT,2025-01-05 07:45:00+00:00,280.78325381367154,283.755659444354,277.2519071530731,278.49669583099984,278.49669583099984,5761095.0,sample,2026-09-24 19:05:19.368976+00:00
MSFT,2025-01-05 08:00:00+00:00,276.9094648487018,277.9795409677337,275.0722948692162,276.09425984548284,276.09425984548284,16874226.0,sample,2026-09-24 19:05:19.368976+00:00
MSFT,2025-01-05 08:15:00+00:00,275.9913248582194,279.44429185322986,274.95389223430294,276.6396332080985,276.6396332080985,14903647.0,sample,2026-09-24 19:05:19.368976+00:00
MSFT,2025-01-05 08:30:00+00:00,276.43552479361813,279.6841863966595,273.2158412013024,277.46250463413696,277.46250463413696,5215940.0,sample,2026-09-24 19:05:19.368976+00:00
MSFT,2025-01-05 08:45:00+00:00,277.33596940355665,280.07188704567955,276.0504239708863,277.08054643430694,277.08054643430694,14891145.0,sample,2026-09-24 19:05:19.368976+00:00
MSFT,2025-01-05 09:00:00+00:00,277.27300057039605,279.1278242243147,275.01371925904067,276.8884693615711,276.8884693615711,3460161.0,sample,2026-09-24 19:05:19.368976+00:00
MSFT,2025-01-05 09:15:00+00:00,276.1659269826962,277.16032731927436,274.5392291947698,276.40850963571353,276.40850963571353,5864278.0,sample,2026-09-24 19:05:19.368976+00:00
MSFT,2025-01-05 09:30:00+00:00,276.77039987792915,278.0435318240203,275.5461517172238,276.82062601242717,276.82062601242717,4465091.0,sample,2026-09-24 19:05:19.368976+00:00
MSFT,2025-01-05 09:45:00+00:00,277.39909594623236,281.4218953507185,276.6870355631888,278.5447577770151,278.5447577770151,15725719.0,sample,2026-09-24 19:05:19.368976+00:00
MSFT,2025-01-05 10:00:00+00:00,278.35410605427387,279.7154046746486,275.85257111906924,278.44987498802465,278.44987498802465,14596503.0,sample,2026-09-24 19:05:19.368976+00:00
MSFT,2025-01-05 10:15:00+00:00,278.89225754146855,280.5422085106239,277.6202892564807,279.94519464377737,279.94519464377737,8532778.0,sample,2026-09-24 19:05:19.368976+00:00
MSFT,2025-01-05 10:30:00+00:00,280.38515669965057,281.21190305133126,278.4210395158003,279.64172943300406,279.64172943300406,8242993.0,sample,2026-09-24 19:05:19.368976+00:00
MSFT,2025-01-05 10:45:00+00:00,279.3871623556769,281.9105116936735,278.35445597403475,279.9474282430391,279.9474282430391,14877047.0,sample,2026-09-24 19:05:19.368976+00:00
MSFT,2025-01-05 11:00:00+00:00,279.400690656529,280.5306083511852,277.6003601885287,278.54797097120985,278.54797097120985,6885268.0,sample,2026-09-24 19:05:19.368976+00:00
MSFT,2025-01-05 11:15:00+00:00,278.3217156763455,279.1447874662578,276.99689467511354,278.20386253014993,278.20386253014993,2167791.0,sample,2026-09-24 19:05:19.368976+00:00
MSFT,2025-01-05 11:30:00+00:00,278.88159654821226,281.1106248175496,276.5401524001759,278.9110858242459,278.9110858242459,9419570.0,sample,2026-09-24 19:05:19.368976+00:00
MSFT,2025-01-05 11:45:00+00:00,279.27162806227216,279.918682844584,278.07061617048333,278.5215929565323,278.5215929565323,15100564.0,sample,2026-09-24 19:05:19.368976+00:00
MSFT,2025-01-05 12:00:00+00:00,278.71781030699987,281.8668299819256,275.34268818079,278.4011342655656,278.4011342655656,12458374.0,sample,2026-09-24 19:05:19.368976+00:00
MSFT,2025-01-05 12:15:00+00:00,278.4310926735596,282.19452887402684,276.6834471577292,278.87785389716834,278.87785389716834,15805916.0,sample,2026-09-24 19:05:19.368976+00:00
MSFT,2025-01-05 12:30:00+00:00,278.6067362343764,279.5331463684774,276.6254893023542,277.2885019919339,277.2885019919339,16910385.0,sample,2026-09-24 19:05:19.368976+00:00
MSFT,2025-01-05 12:45:00+00:00,276.8209796846877,279.11338436948193,272.39463458754415,275.22572227437297,275.22572227437297,7723268.0,sample,2026-09-24 19:05:19.368976+00:00
MSFT,2025-01-05 13:00:00+00:00,275.18129536733517,279.27861961604503,273.1614255792286,276.6430246287463,276.6430246287463,14634667.0,sample,2026-09-24 19:05:19.368976+00:00
MSFT,2025-01-05 13:15:00+00:00,276.81804295434483,279.8097907881245,274.0079403973684,275.3563797274746,275.3563797274746,14419535.0,sample,2026-09-24 19:05:19.368976+00:00
MSFT,2025-01-05 13:30:00+00:00,275.4721563051268,277.5255739958125,273.7755760499354,276.56274841229026,276.56274841229026,11265652.0,sample,2026-09-24 19:05:19.368976+00:00
MSFT,2025-01-05 13:45:00+00:00,275.9907615255198,278.36961274822136,274.93892187500694,275.2189151481416,275.2189151481416,15238131.0,sample,2026-09-24 19:05:19.368976+00:00
MSFT,2025-01-05 14:00:00+00:00,274.3979833820462,276.6768400653457,271.62748885727956,275.67452980155775,275.67452980155775,5783717.0,sample,2026-09-24 19:05:19.368976+00:00
MSFT,2025-01-05 14:15:00+00:00,274.6132591051991,275.9699750275899,273.6743490530769,274.73641588106307,274.73641588106307,2425548.0,sample,2026-09-24 19:05:19.368976+00:00
MSFT,2025-01-05 14:30:00+00:00,274.6959164449597,278.05469783451906,271.85627214204555,275.88547920225767,275.88547920225767,15475423.0,sample,2026-09-24 19:05:19.368976+00:00
MSFT,2025-01-05 14:45:00+00:00,276.00290262769585,277.9419057334872,272.88000581447506,276.65940840469966,276.65940840469966,9914089.0,sample,2026-09-24 19:05:19.368976+00:00
MSFT,2025-01-05 15:00:00+00:00,276.0265048551337,279.7985719825524,274.99850436346657,276.7102717912708,276.7102717912708,1765951.0,sample,2026-09-24 19:05:19.368976+00:00
MSFT,2025-01-05 15:15:00+00:00,276.3771702088255,279.02801080027035,273.0847339515378,276.7893637325319,276.7893637325319,1912857.0,sample,2026-09-24 19:05:19.368976+00:00
MSFT,2025-01-05 15:30:00+00:00,276.2362493992809,278.11873015051617,275.44173243378174,275.9435107513085,275.9435107513085,6520250.0,sample,2026-09-24 19:05:19.368976+00:00
MSFT,2025-01-05 15:45:00+00:00,276.84351488484396,277.98337481020064,273.0444521167668,275.59638656133205,275.59638656133205,14868917.0,sample,2026-09-24 19:05:19.368976+00:00
MSFT,2025-01-05 16:00:00+00:00,274.9246569067258,278.09229572231015,272.08341376999675,274.51621826536586,274.51621826536586,13140024.0,sample,2026-09-24 19:05:19.368976+00:00
MSFT,2025-01-05 16:15:00+00:00,275.18025803004696,275.57173244380317,273.94023112454585,274.3898280264992,274.3898280264992,8092304.0,sample,2026-09-24 19:05:19.368976+00:00
MSFT,2025-01-05 16:30:00+00:00,274.7372213828038,277.10368079084003,272.42701854916317,274.56844161816923,274.56844161816923,12247386.0,sample,2026-09-24 19:05:19.368976+00:00
MSFT,2025-01-05 16:45:00+00:00,274.7720083035883,276.96494820282646,271.6599625705316,273.69176512740523,273.69176512740523,4751527.0,sample,2026-09-24 19:05:19.368976+00:00
MSFT,2025-01-05 17:00:00+00:00,273.6891230629893,275.5171316401358,272.4480319247363,273.5533114472608,273.5533114472608,1756239.0,sample,2026-09-24 19:05:19.368976+00:00
MSFT,2025-01-05 17:15:00+00:00,273.82330802611153,274.57194000213264,271.83111542425286,273.42470108805355,273.42470108805355,14090174.0,sample,2026-09-24 19:05:19.368976+00:00
MSFT,2025-01-05 17:30:00+00:00,274.16648247632935,275.89709843849585,271.0056232686156,273.5436304213667,273.5436304213667,12760454.0,sample,2026-09-24 19:05:19.368976+00:00
MSFT,2025-01-05 17:45:00+00:00,274.03914659058944,276.69899131374535,271.6766417057922,272.9666994452359,272.9666994452359,14247903.0,sample,2026-09-24 19:05:19.368976+00:00
MSFT,2025-01-05 18:00:00+00:00,272.7337283809626,274.65184446111675,269.96941596491877,273.2059404969124,273.2059404969124,11045299.0,sample,2026-09-24 19:05:19.368976+00:00
MSFT,2025-01-05 18:15:00+00:00,273.27381424250314,274.45649707486245,269.8311726690786,272.05586781869744,272.05586781869744,9129599.0,sample,2026-09-24 19:05:19.368976+00:00
MSFT,2025-01-05 18:30:00+00:00,272.36942385445786,273.9848830189504,268.3226176789866,271.23806890689855,271.23806890689855,3927063.0,sample,2026-09-24 19:05:19.368976+00:00
MSFT,2025-01-05 18:45:00+00:00,271.0014948496092,272.71340040705985,269.4331014985576,271.0478539356589,271.0478539356589,10942582.0,sample,2026-09-24 19:05:19.368976+00:00
MSFT,2025-01-05 19:00:00+00:00,270.0103632077261,274.054637961269,268.3076463599716,271.8521817147729,271.8521817147729,16585360.0,sample,2026-09-24 19:05:19.368976+00:00
MSFT,2025-01-05 19:15:00+00:00,272.44478598942004,275.75866575559064,269.5000085583186,272.9632008573996,272.9632008573996,9962570.0,sample,2026-09-24 19:05:19.368976+00:00
MSFT,2025-01-05 19:30:00+00:00,273.62783370895346,275.4173699178754,271.2762592734585,273.0345494407949,273.0345494407949,3150787.0,sample,2026-09-24 19:05:19.368976+00:00
MSFT,2025-01-05 19:45:00+00:00,272.0208100539577,275.37989127590333,271.03479676091587,272.4218737908307,272.4218737908307,5970491.0,sample,2026-09-24 19:05:19.368976+00:00
MSFT,2025-01-05 20:00:00+00:00,273.13426270143674,276.3751932956942,272.19046610992393,272.5361255388676,272.5361255388676,17279977.0,sample,2026-09-24 19:05:19.368976+00:00
MSFT,2025-01-05 20:15:00+00:00,271.67244706508455,274.7679765132812,270.1103567096251,272.73448497596445,272.73448497596445,7761500.0,sample,2026-09-24 19:05:19.368976+00:00
MSFT,2025-01-05 20:30:00+00:00,272.6541733126917,277.8087554849298,269.87683251793396,275.1549585393952,275.1549585393952,5704386.0,sample,2026-09-24 19:05:19.368976+00:00
MSFT,2025-01-05 20:45:00+00:00,274.06119197823796,277.42503823637253,273.10979336358935,275.88480616024464,275.88480616024464,16242078.0,sample,2026-09-24 19:05:19.368976+00:00
MSFT,2025-01-05 21:00:00+00:00,276.3818345817687,280.275991285381,275.4298824474752,277.4412082259238,277.4412082259238,13533431.0,sample,2026-09-24 19:05:19.368976+00:00
MSFT,2025-01-05 21:15:00+00:00,277.69696673934925,279.94284919966327,274.99523372076726,277.64176988093163,277.64176988093163,9952615.0,sample,2026-09-24 19:05:19.368976+00:00
MSFT,2025-01-05 21:30:00+00:00,277.0644206957882,278.4172454595196,274.5425721672171,277.70422287599246,277.70422287599246,14625866.0,sample,2026-09-24 19:05:19.368976+00:00
MSFT,2025-01-05 21:45:00+00:00,277.3493682187486,280.7160181501045,275.22592994315136,277.6877746032687,277.6877746032687,8895479.0,sample,2026-09-24 19:05:19.368976+00:00
MSFT,2025-01-05 22:00:00+00:00,277.7204324482304,279.10765002524886,276.59963897507936,278.77380311254797,278.77380311254797,1540133.0,sample,2026-09-24 19:05:19.368976+00:00
MSFT,2025-01-05 22:15:00+00:00,278.9147234271004,279.6392276779726,275.9463318227643,278.9402979858519,278.9402979858519,12783974.0,sample,2026-09-24 19:05:19.368976+00:00
MSFT,2025-01-05 22:30:00+00:00,278.14960509457677,279.8817678465278,276.85092752939767,278.72753967192676,278.72753967192676,7446457.0,sample,2026-09-24 19:05:19.368976+00:00
MSFT,2025-01-05 22:45:00+00:00,279.55702758647817,280.00485193975993,278.27202662589673,279.53425487781357,279.53425487781357,2756438.0,sample,2026-09-24 19:05:19.368976+00:00
MSFT,2025-01-05 23:00:00+00:00,279.95368001095727,283.0011417272731,277.0995574296566,280.03008626902107,280.03008626902107,2183997.0,sample,2026-09-24 19:05:19.368976+00:00
MSFT,2025-01-05 23:15:00+00:00,279.41015709112196,282.4213666363664,277.7614125764402,280.5702367852702,280.5702367852702,6150502.0,sample,2026-09-24 19:05:19.368976+00:00
MSFT,2025-01-05 23:30:00+00:00,280.41665949312863,285.26949988248083,278.62624724916697,283.2760702340771,283.2760702340771,7336842.0,sample,2026-09-24 19:05:19.368976+00:00
MSFT,2025-01-05 23:45:00+00:00,282.966565529793,283.7770774227201,279.828772378338,282.01849952059933,282.01849952059933,7499888.0,sample,2026-09-24 19:05:19.368976+00:00
MSFT,2025-01-06 00:00:00+00:00,281.8989006759168,283.84210476041284,279.83309616257,282.36853060974096,282.36853060974096,8310704.0,sample,2026-09-24 19:05:19.368976+00:00
MSFT,2025-01-06 00:15:00+00:00,282.64468581378475,284.00129179895373,278.36398437682357,281.6519216341999,281.6519216341999,9214327.0,sample,2026-09-24 19:05:19.368976+00:00
MSFT,2025-01-06 00:30:00+00:00,282.20309452969866,283.68288998025884,280.6197644311582,282.31737668059884,282.31737668059884,10556220.0,sample,2026-09-24 19:05:19.368976+00:00
MSFT,2025-01-06 00:45:00+00:00,281.28149815693405,283.3463733871344,279.701945516308,282.5888609500415,282.5888609500415,9417114.0,sample,2026-09-24 19:05:19.368976+00:00
MSFT,2025-01-06 01:00:00+00:00,282.4689988135105,285.1166314308041,278.33957166771836,281.50860049637856,281.50860049637856,15489604.0,sample,2026-09-24 19:05:19.368976+00:00
MSFT,2025-01-06 01:15:00+00:00,280.2808854037545,283.01209293012954,278.96206263042023,281.0504338994513,281.0504338994513,8708279.0,sample,2026-09-24 19:05:19.368976+00:00
MSFT,2025-01-06 01:30:00+00:00,281.44833100693853,284.6575874318094,280.2145503876882,280.73664133722355,280.73664133722355,12208077.0,sample,2026-09-24 19:05:19.368976+00:00
MSFT,2025-01-06 01:45:00+00:00,280.61006696814917,282.97619696469104,277.4257174679583,279.2543444668994,279.2543444668994,11734318.0,sample,2026-09-24 19:05:19.368976+00:00
MSFT,2025-01-06 02:00:00+00:00,279.28980762279224,281.57466846961677,278.01823815071714,278.82359074786837,278.82359074786837,11490609.0,sample,2026-09-24 19:05:19.368976+00:00
MSFT,2025-01-06 02:15:00+00:00,278.3543755223655,281.5688042549207,275.4798513682478,277.3466636674537,277.3466636674537,3685083.0,sample,2026-09-24 19:05:19.368976+00:00
MSFT,2025-01-06 02:30:00+00:00,277.5863791645668,280.10446837395693,274.11620919140876,275.3823662358975,275.3823662358975,3195979.0,sample,2026-09-24 19:05:19.368976+00:00
MSFT,2025-01-06 02:45:00+00:00,274.8444393557331,277.4343995470318,274.56099354532677,276.7835674234544,276.7835674234544,11266265.0,sample,2026-09-24 19:05:19.368976+00:00
MSFT,2025-01-06 03:00:00+00:00,276.6790620669338,277.8135066634432,272.90572496272125,274.0328220174414,274.0328220174414,14248466.0,sample,2026-09-24 19:05:19.368976+00:00
MSFT,2025-01-06 03:15:00+00:00,273.66263601265626,277.82772793471804,271.6030048242776,276.2287135368913,276.2287135368913,15933284.0,sample,2026-09-24 19:05:19.368976+00:00
MSFT,2025-01-06 03:30:00+00:00,276.17539750961936,276.5077344888802,274.12871968039116,276.0933391924287,276.0933391924287,5789095.0,sample,2026-09-24 19:05:19.368976+00:00
MSFT,2025-01-06 03:45:00+00:00,276.4917404854421,279.6720047085955,273.56336621484473,275.06131529550237,275.06131529550237,13028206.0,sample,2026-09-24 19:05:19.368976+00:00
MSFT,2025-01-06 04:00:00+00:00,275.3428287162323,278.09888435093967,274.42850252466314,275.98909390217443,275.98909390217443,16912791.0,sample,2026-09-24 19:05:19.368976+00:00
MSFT,2025-01-06 04:15:00+00:00,275.5182186137899,279.72545647400597,272.4590290639315,278.0248960286677,278.0248960286677,1700180.0,sample,2026-09-24 19:05:19.368976+00:00
MSFT,2025-01-06 04:30:00+00:00,277.87776481520484,279.80899163980945,275.22878354103665,277.8360804913621,277.8360804913621,6936393.0,sample,2026-09-24 19:05:19.368976+00:00
MSFT,2025-01-06 04:45:00+00:00,277.44876005016863,281.2310290742654,275.77805252948497,278.2465373101597,278.2465373101597,11230251.0,sample,2026-09-24 19:05:19.368976+00:00
MSFT,2025-01-06 05:00:00+00:00,277.6797589763262,280.045022202606,275.83760286232723,277.8745192618094,277.8745192618094,5969081.0,sample,2026-09-24 19:05:19.368976+00:00
MSFT,2025-01-06 05:15:00+00:00,278.65929333443097,282.30028312541145,276.16748562913995,278.9690553645285,278.9690553645285,5785415.0,sample,2026-09-24 19:05:19.368976+00:00
MSFT,2025-01-06 05:30:00+00:00,278.7493215718573,281.8819504913192,278.0045383802325,278.6565869412087,278.6565869412087,9192110.0,sample,2026-09-24 19:05:19.368976+00:00
MSFT,2025-01-06 05:45:00+00:00,277.7517139938026,279.14605566880505,277.47012766353294,277.99487244618325,277.99487244618325,6660007.0,sample,2026-09-24 19:05:19.368976+00:00
MSFT,2025-01-06 06:00:00+00:00,278.6052543211656,280.8105988536216,277.0896563231519,277.4713717205049,277.4713717205049,5363453.0,sample,2026-09-24 19:05:19.368976+00:00
MSFT,2025-01-06 06:15:00+00:00,278.7756106021618,279.8717159987515,274.5328091133993,277.6433516898984,277.6433516898984,2558789.0,sample,2026-09-24 19:05:19.368976+00:00
MSFT,2025-01-06 06:30:00+00:00,278.21956197470826,280.61195293942427,272.8669729453012,276.10169648363296,276.10169648363296,4233735.0,sample,2026-09-24 19:05:19.368976+00:00
MSFT,2025-01-06 06:45:00+00:00,276.64198429792765,277.0266514987137,272.9579000340417,275.7643451349864,275.7643451349864,13059779.0,sample,2026-09-24 19:05:19.368976+00:00
MSFT,2025-01-06 07:00:00+00:00,275.4535176368011,279.25786141432354,273.5186809539048,277.0766581717663,277.0766581717663,5094820.0,sample,2026-09-24 19:05:19.368976+00:00
MSFT,2025-01-06 07:15:00+00:00,277.86766989505924,282.76403045080417,274.64653703886694,279.9228759555105,279.9228759555105,5896558.0,sample,2026-09-24 19:05:19.368976+00:00
MSFT,2025-01-06 07:30:00+00:00,280.5497934955971,281.4632793710748,275.71573303026327,278.53240042539846,278.53240042539846,6825307.0,sample,2026-09-24 19:05:19.368976+00:00
MSFT,2025-01-06 07:45:00+00:00,278.0656288068485,280.8266985736557,275.90264244913755,278.4700444359954,278.4700444359954,16259539.0,sample,2026-09-24 19:05:19.368976+00:00
MSFT,2025-01-06 08:00:00+00:00,278.3750220628481,279.6015746335275,275.6027586354483,278.0849758871497,278.0849758871497,16326229.0,sample,2026-09-24 19:05:19.368976+00:00
MSFT,2025-01-06 08:15:00+00:00,278.0688793902385,280.2995513331347,275.53940664704777,276.0978488077519,276.0978488077519,13987535.0,sample,2026-09-24 19:05:19.368976+00:00
MSFT,2025-01-06 08:30:00+00:00,274.1675330513903,277.6038520814669,273.09520161177454,275.9493022732814,275.9493022732814,13571700.0,sample,2026-09-24 19:05:19.368976+00:00
MSFT,2025-01-06 08:45:00+00:00,275.87886141428135,278.2936181906463,273.99166719759194,275.1070842022831,275.1070842022831,6415605.0,sample,2026-09-24 19:05:19.368976+00:00
MSFT,2025-01-06 09:00:00+00:00,274.2320560073753,276.3120594834915,273.13524426380343,275.20660868626385,275.20660868626385,8952430.0,sample,2026-09-24 19:05:19.368976+00:00
MSFT,2025-01-06 09:15:00+00:00,274.69298484548597,277.63499760354716,273.920440833371,274.4488351120262,274.4488351120262,14043228.0,sample,2026-09-24 19:05:19.368976+00:00
MSFT,2025-01-06 09:30:00+00:00,275.4076703487887,277.6059663007878,273.01620051109546,276.03433832536786,276.03433832536786,14524444.0,sample,2026-09-24 19:05:19.368976+00:00
MSFT,2025-01-06 09:45:00+00:00,276.01364983683834,279.0333127452792,275.0204184351533,276.2017390714166,276.2017390714166,6271377.0,sample,2026-09-24 19:05:19.368976+00:00
MSFT,2025-01-06 10:00:00+00:00,275.3176530811885,277.55056080958184,272.0955817754771,275.02592818706927,275.02592818706927,15442059.0,sample,2026-09-24 19:05:19.368976+00:00
MSFT,2025-01-06 10:15:00+00:00,275.8747070616891,278.56477543213305,271.9331051695065,274.6523379481028,274.6523379481028,4365687.0,sample,2026-09-24 19:05:19.368976+00:00
MSFT,2025-01-06 10:30:00+00:00,273.9678402643544,277.52951654467057,272.06827367030326,274.95361827605933,274.95361827605933,2374581.0,sample,2026-09-24 19:05:19.368976+00:00
MSFT,2025-01-06 10:45:00+00:00,275.0170130606999,276.81170197953315,273.2368923316815,275.5386677902963,275.5386677902963,17221395.0,sample,2026-09-24 19:05:19.368976+00:00
MSFT,2025-01-06 11:00:00+00:00,275.614595476458,279.74138899152615,272.670942816371,277.79040279142254,277.79040279142254,6939385.0,sample,2026-09-24 19:05:19.368976+00:00
MSFT,2025-01-06 11:15:00+00:00,277.09224270376444,277.77721348849457,273.89581730797914,277.3015921912259,277.3015921912259,10920466.0,sample,2026-09-24 19:05:19.368976+00:00
MSFT,2025-01-06 11:30:00+00:00,276.8388535802603,278.06968808193136,272.5112977808127,275.62878673689073,275.62878673689073,5521046.0,sample,2026-09-24 19:05:19.368976+00:00
MSFT,2025-01-06 11:45:00+00:00,276.19030694635876,278.8649107312998,273.9145894341895,276.84655763333575,276.84655763333575,5904586.0,sample,2026-09-24 19:05:19.368976+00:00
MSFT,2025-01-06 12:00:00+00:00,275.8163654618103,279.2720207566582,273.8956022687062,277.93590405017954,277.93590405017954,1924910.0,sample,2026-09-24 19:05:19.368976+00:00
MSFT,2025-01-06 12:15:00+00:00,277.5977252622811,281.74564723035996,276.11466652342705,279.2465636461336,279.2465636461336,7023983.0,sample,2026-09-24 19:05:19.368976+00:00
MSFT,2025-01-06 12:30:00+00:00,278.2699366087755,280.70418474573165,274.7668747327478,278.01038646887656,278.01038646887656,2912036.0,sample,2026-09-24 19:05:19.368976+00:00
MSFT,2025-01-06 12:45:00+00:00,278.3350770577441,278.79521191211836,275.7738879996335,278.1959844161906,278.1959844161906,12910429.0,sample,2026-09-24 19:05:19.368976+00:00
MSFT,2025-01-06 13:00:00+00:00,277.8048507903902,281.61045112740976,274.50684343281944,278.72356517028004,278.72356517028004,12716649.0,sample,2026-09-24 19:05:19.368976+00:00
MSFT,2025-01-06 13:15:00+00:00,278.09561405945925,281.805180054753,275.177336296168,278.5614259657944,278.5614259657944,16189654.0,sample,2026-09-24 19:05:19.368976+00:00
MSFT,2025-01-06 13:30:00+00:00,278.2037462393155,279.70737998191146,275.8735383386773,278.0321515393516,278.0321515393516,16517304.0,sample,2026-09-24 19:05:19.368976+00:00
MSFT,2025-01-06 13:45:00+00:00,278.8873155162645,280.44083728774575,276.7894000605559,279.69743028746973,279.69743028746973,9566212.0,sample,2026-09-24 19:05:19.368976+00:00
MSFT,2025-01-06 14:00:00+00:00,279.9508606552363,284.5177327574019,278.64040457589743,281.17068376471616,281.17068376471616,9554752.0,sample,2026-09-24 19:05:19.368976+00:00
MSFT,2025-01-06 14:15:00+00:00,282.05859384726676,285.3480995720663,279.06425703755997,280.03690722482804,280.03690722482804,7216178.0,sample,2026-09-24 19:05:19.368976+00:00
MSFT,2025-01-06 14:30:00+00:00,279.8230716884514,281.8590160931084,278.30251663425685,280.6792077693705,280.6792077693705,16244165.0,sample,2026-09-24 19:05:19.368976+00:00
MSFT,2025-01-06 14:45:00+00:00,280.3182910549296,282.4487784954022,278.6943875311633,281.9847547725247,281.9847547725247,6599050.0,sample,2026-09-24 19:05:19.368976+00:00
MSFT,2025-01-06 15:00:00+00:00,281.9823448380803,284.9023448049604,280.7392503076159,281.4832446905559,281.4832446905559,7519604.0,sample,2026-09-24 19:05:19.368976+00:00
MSFT,2025-01-06 15:15:00+00:00,281.2022302547835,281.6699108096073,279.0341122580601,280.31483481091936,280.31483481091936,4304978.0,sample,2026-09-24 19:05:19.368976+00:00
MSFT,2025-01-06 15:30:00+00:00,280.8744327042094,284.0509786931098,279.32970147085956,279.98389579592003,279.98389579592003,7855790.0,sample,2026-09-24 19:05:19.368976+00:00
MSFT,2025-01-06 15:45:00+00:00,279.7055215168483,282.5362328287919,277.74007747794445,280.7623664285144,280.7623664285144,6322119.0,sample,2026-09-24 19:05:19.368976+00:00
MSFT,2025-01-06 16:00:00+00:00,280.65246327819125,283.374204087004,277.5844515143183,281.26100172010047,281.26100172010047,6452547.0,sample,2026-09-24 19:05:19.368976+00:00
MSFT,2025-01-06 16:15:00+00:00,281.7510158958185,282.36233601029323,280.27855118006505,280.93376941801637,280.93376941801637,14358738.0,sample,2026-09-24 19:05:19.368976+00:00
MSFT,2025-01-06 16:30:00+00:00,281.58432232873173,284.312427058633,279.63389643504894,281.1552363198862,281.1552363198862,17095677.0,sample,2026-09-24 19:05:19.368976+00:00
MSFT,2025-01-06 16:45:00+00:00,281.05956915721316,283.81098826166453,277.7773030456434,279.6717764279607,279.6717764279607,15133092.0,sample,2026-09-24 19:05:19.368976+00:00
MSFT,2025-01-06 17:00:00+00:00,278.7174539972581,281.7521096669271,278.20567049179186,279.87806946509664,279.87806946509664,3017048.0,sample,2026-09-24 19:05:19.368976+00:00
MSFT,2025-01-06 17:15:00+00:00,279.52326031180695,283.9436396771391,278.69377010827696,280.8044230787315,280.8044230787315,11257413.0,sample,2026-09-24 19:05:19.368976+00:00
MSFT,2025-01-06 17:30:00+00:00,280.2147730909692,281.65910941582393,279.72548714263667,280.32035457612255,280.32035457612255,8167193.0,sample,2026-09-24 19:05:19.368976+00:00
MSFT,2025-01-06 17:45:00+00:00,279.573380515461,282.75300039142274,278.21684915741736,280.6800552520617,280.6800552520617,16696671.0,sample,2026-09-24 19:05:19.368976+00:00
MSFT,2025-01-06 18:00:00+00:00,280.25000218533773,281.1687058368203,279.7601269900455,280.24633834625394,280.24633834625394,4463284.0,sample,2026-09-24 19:05:19.368976+00:00
MSFT,2025-01-06 18:15:00+00:00,280.28971542770375,282.40378660187616,278.99491545574796,279.3306163082825,279.3306163082825,14227512.0,sample,2026-09-24 19:05:19.368976+00:00
MSFT,2025-01-06 18:30:00+00:00,279.50213584210945,281.0385932497611,276.6782061756193,279.85601275180426,279.85601275180426,7845511.0,sample,2026-09-24 19:05:19.368976+00:00
MSFT,2025-01-06 18:45:00+00:00,280.0461478808191,283.26261021535447,278.39671000332476,278.8637159177334,278.8637159177334,10664641.0,sample,2026-09-24 19:05:19.368976+00:00
MSFT,2025-01-06 19:00:00+00:00,279.04653541469406,280.53793592286314,277.24814100186313,278.6830192228026,278.6830192228026,5218450.0,sample,2026-09-24 19:05:19.368976+00:00
MSFT,2025-01-06 19:15:00+00:00,277.86952114665917,280.8216366944295,275.3646043040723,279.76084604427655,279.76084604427655,1794558.0,sample,2026-09-24 19:05:19.368976+00:00
MSFT,2025-01-06 19:30:00+00:00,280.34858920413694,283.5740151810055,276.9770496966169,278.7924677644749,278.7924677644749,8569172.0,sample,2026-09-24 19:05:19.368976+00:00
MSFT,2025-01-06 19:45:00+00:00,278.54394715738897,282.87317517791763,276.4424759807337,280.06678501769966,280.06678501769966,8856890.0,sample,2026-09-24 19:05:19.368976+00:00
MSFT,2025-01-06 20:00:00+00:00,280.12088569373975,284.21991509676525,277.4185903358646,282.1885559421592,282.1885559421592,16537512.0,sample,2026-09-24 19:05:19.368976+00:00
MSFT,2025-01-06 20:15:00+00:00,282.10618781251196,284.17359332785446,279.84139619624557,282.98560083721895,282.98560083721895,17825298.0,sample,2026-09-24 19:05:19.368976+00:00
MSFT,2025-01-06 20:30:00+00:00,283.5290142777879,285.80810236445313,280.42860559910315,283.1639010098184,283.1639010098184,6303099.0,sample,2026-09-24 19:05:19.368976+00:00
MSFT,2025-01-06 20:45:00+00:00,283.1492496910544,286.03487310151286,282.6561527144072,283.9062064770146,283.9062064770146,10372407.0,sample,2026-09-24 19:05:19.368976+00:00
MSFT,2025-01-06 21:00:00+00:00,283.5211733731491,285.19907326872686,281.52292662735965,283.31866400221446,283.31866400221446,11317087.0,sample,2026-09-24 19:05:19.368976+00:00
MSFT,2025-01-06 21:15:00+00:00,283.41579217067016,285.526537538486,282.21384185457356,283.152383148839,283.152383148839,13380704.0,sample,2026-09-24 19:05:19.368976+00:00
MSFT,2025-01-06 21:30:00+00:00,283.5061024660288,287.7570608600092,281.3346609715555,284.48337707421706,284.48337707421706,7485196.0,sample,2026-09-24 19:05:19.368976+00:00
MSFT,2025-01-06 21:45:00+00:00,284.98557415596764,287.83555543518537,283.1103584137869,285.16089227310556,285.16089227310556,16559295.0,sample,2026-09-24 19:05:19.368976+00:00
MSFT,2025-01-06 22:00:00+00:00,285.55364216921805,287.4782928394018,282.2262369873284,284.1008882470256,284.1008882470256,6268267.0,sample,2026-09-24 19:05:19.368976+00:00
MSFT,2025-01-06 22:15:00+00:00,283.2075254040863,285.05721225291677,281.36998130174806,283.30976580362244,283.30976580362244,14611016.0,sample,2026-09-24 19:05:19.368976+00:00
MSFT,2025-01-06 22:30:00+00:00,283.2364338839071,284.0911756512563,281.16587784546107,282.95790805787067,282.95790805787067,8422868.0,sample,2026-09-24 19:05:19.368976+00:00
MSFT,2025-01-06 22:45:00+00:00,282.57152652955233,286.25806351607,281.7436761152712,283.6244055967515,283.6244055967515,14139484.0,sample,2026-09-24 19:05:19.368976+00:00
MSFT,2025-01-06 23:00:00+00:00,284.06525656041447,286.87299451305927,281.88414918508374,283.93103808731433,283.93103808731433,16520535.0,sample,2026-09-24 19:05:19.368976+00:00
MSFT,2025-01-06 23:15:00+00:00,283.90425538864645,285.2136833150507,280.7906266864011,284.9208420863394,284.9208420863394,10663757.0,sample,2026-09-24 19:05:19.368976+00:00
MSFT,2025-01-06 23:30:00+00:00,285.8523269285795,286.2905690824052,284.1852738502774,285.41758207163014,285.41758207163014,13688821.0,sample,2026-09-24 19:05:19.368976+00:00
MSFT,2025-01-06 23:45:00+00:00,285.3119652022315,290.2532962547985,282.9710010440748,286.8369942022931,286.8369942022931,14358361.0,sample,2026-09-24 19:05:19.368976+00:00
MSFT,2025-01-07 00:00:00+00:00,287.1071078853441,289.48725700426274,281.48829085074385,283.96718590587255,283.96718590587255,5116895.0,sample,2026-09-24 19:05:19.368976+00:00
MSFT,2025-01-07 00:15:00+00:00,283.74206734035295,284.8615806381159,282.6031033267396,284.3341078199258,284.3341078199258,13423855.0,sample,2026-09-24 19:05:19.368976+00:00
MSFT,2025-01-07 00:30:00+00:00,284.80655361173683,287.4957206795549,280.0277691700215,282.3551822598678,282.3551822598678,7123484.0,sample,2026-09-24 19:05:19.368976+00:00
MSFT,2025-01-07 00:45:00+00:00,282.40687792355897,286.80027899269373,281.87728701945474,284.2917081925971,284.2917081925971,6247279.0,sample,2026-09-24 19:05:19.368976+00:00
MSFT,2025-01-07 01:00:00+00:00,284.49964821557217,288.06797350636697,282.3283725385851,284.82382725766905,284.82382725766905,15590396.0,sample,2026-09-24 19:05:19.368976+00:00
MSFT,2025-01-07 01:15:00+00:00,284.5132135069794,285.2486209659397,281.7945950444508,284.8966307857652,284.8966307857652,9467539.0,sample,2026-09-24 19:05:19.368976+00:00
MSFT,2025-01-07 01:30:00+00:00,283.85394212467475,286.1762206789987,282.92896484873916,283.75588390813067,283.75588390813067,11702275.0,sample,2026-09-24 19:05:19.368976+00:00
MSFT,2025-01-07 01:45:00+00:00,284.07092742259147,284.92849751996386,281.8393773856435,282.8700934521668,282.8700934521668,12488717.0,sample,2026-09-24 19:05:19.368976+00:00
MSFT,2025-01-07 02:00:00+00:00,282.330511634267,284.38713375901085,281.51804017543293,281.85553243191805,281.85553243191805,10061093.0,sample,2026-09-24 19:05:19.368976+00:00
MSFT,2025-01-07 02:15:00+00:00,281.46676927955326,283.8044027374397,279.82438016264723,283.1051435354214,283.1051435354214,5840915.0,sample,2026-09-24 19:05:19.368976+00:00
MSFT,2025-01-07 02:30:00+00:00,284.3792322116187,286.5519452725127,280.3376947841426,282.17589232054144,282.17589232054144,14857523.0,sample,2026-09-24 19:05:19.368976+00:00
MSFT,2025-01-07 02:45:00+00:00,282.890492941382,284.6324619355123,282.22686066206256,283.78054516672813,283.78054516672813,8908462.0,sample,2026-09-24 19:05:19.368976+00:00
MSFT,2025-01-07 03:00:00+00:00,283.38730501318724,286.4534808747834,281.7300268902648,282.54979244945065,282.54979244945065,11266217.0,sample,2026-09-24 19:05:19.368976+00:00
MSFT,2025-01-07 03:15:00+00:00,282.29818212854275,286.18461416729133,279.96682725231295,283.27479267051734,283.27479267051734,1863557.0,sample,2026-09-24 19:05:19.368976+00:00
MSFT,2025-01-07 03:30:00+00:00,284.7388951104837,287.2193057480164,283.24643437763405,284.5666341936703,284.5666341936703,9553379.0,sample,2026-09-24 19:05:19.368976+00:00
MSFT,2025-01-07 03:45:00+00:00,284.44580345179844,285.1156666850105,281.6738269489402,284.3960554753158,284.3960554753158,11335343.0,sample,2026-09-24 19:05:19.368976+00:00
MSFT,2025-01-07 04:00:00+00:00,284.7596699877388,288.0231879331809,283.7388767175609,285.0800855225217,285.0800855225217,3115985.0,sample,2026-09-24 19:05:19.368976+00:00
MSFT,2025-01-07 04:15:00+00:00,284.84929173805983,285.28100925847656,280.0343786064232,283.25149738278225,283.25149738278225,15357478.0,sample,2026-09-24 19:05:19.368976+00:00
MSFT,2025-01-07 04:30:00+00:00,283.9253843984302,287.54009672561557,281.6493563301588,285.2780895662317,285.2780895662317,11765886.0,sample,2026-09-24 19:05:19.368976+00:00
MSFT,2025-01-07 04:45:00+00:00,285.4903709294227,286.0396173071205,281.9944907713233,283.9370345164146,283.9370345164146,14615062.0,sample,2026-09-24 19:05:19.368976+00:00
MSFT,2025-01-07 05:00:00+00:00,283.9752310601837,287.52092608175695,281.7122406700248,284.27224875700375,284.27224875700375,16331276.0,sample,2026-09-24 19:05:19.368976+00:00
MSFT,2025-01-07 05:15:00+00:00,283.859664241882,285.6545288137484,280.9007001990483,284.9209471747881,284.9209471747881,17104422.0,sample,2026-09-24 19:05:19.368976+00:00
MSFT,2025-01-07 05:30:00+00:00,284.6850604211912,286.70849022073,281.77940212231033,285.4046264240506,285.4046264240506,1874375.0,sample,2026-09-24 19:05:19.368976+00:00
MSFT,2025-01-07 05:45:00+00:00,284.76677120707365,288.3717762628823,281.3800051008638,285.78880077132743,285.78880077132743,10947980.0,sample,2026-09-24 19:05:19.368976+00:00
MSFT,2025-01-07 06:00:00+00:00,286.0504094441272,289.0896818610498,283.315295956684,285.77484245054984,285.77484245054984,4456858.0,sample,2026-09-24 19:05:19.368976+00:00
MSFT,2025-01-07 06:15:00+00:00,284.68175194359264,289.3163051644567,282.45745297196873,286.00255131520146,286.00255131520146,8404228.0,sample,2026-09-24 19:05:19.368976+00:00
MSFT,2025-01-07 06:30:00+00:00,286.23998876328517,287.5706736246228,282.34436903134485,284.51629091073045,284.51629091073045,4824327.0,sample,2026-09-24 19:05:19.368976+00:00
MSFT,2025-01-07 06:45:00+00:00,284.01164100732655,286.0643063620492,280.9918422213462,283.4075465983369,283.4075465983369,8923563.0,sample,2026-09-24 19:05:19.368976+00:00
MSFT,2025-01-07 07:00:00+00:00,283.7793920770063,285.89935127045715,280.8505292273222,282.7186136707892,282.7186136707892,17663989.0,sample,2026-09-24 19:05:19.368976+00:00
MSFT,2025-01-07 07:15:00+00:00,281.949354018899,282.65157527426805,277.9054997590549,281.21293417552585,281.21293417552585,10758158.0,sample,2026-09-24 19:05:19.368976+00:00
MSFT,2025-01-07 07:30:00+00:00,280.76293521438816,283.6769402637198,279.0580516963857,282.04820399635884,282.04820399635884,6878611.0,sample,2026-09-24 19:05:19.368976+00:00
MSFT,2025-01-07 07:45:00+00:00,283.0879628645923,285.19509786457496,280.6515728984112,281.2688597797191,281.2688597797191,14623868.0,sample,2026-09-24 19:05:19.368976+00:00
MSFT,2025-01-07 08:00:00+00:00,280.6130063732337,283.37086864872236,277.98814452198565,282.65828136317936,282.65828136317936,1540187.0,sample,2026-09-24 19:05:19.368976+00:00
MSFT,2025-01-07 08:15:00+00:00,282.35190107990036,285.29816705329404,282.03470920076575,282.7564826707281,282.7564826707281,4131416.0,sample,2026-09-24 19:05:19.368976+00:00
MSFT,2025-01-07 08:30:00+00:00,282.99110331418797,285.6807620494795,281.2188550119902,283.9675740194789,283.9675740194789,9506462.0,sample,2026-09-24 19:05:19.368976+00:00
MSFT,2025-01-07 08:45:00+00:00,283.2608370582896,283.8717569911522,279.9916422668054,282.72881437987087,282.72881437987087,1993856.0,sample,2026-09-24 19:05:19.368976+00:00
MSFT,2025-01-07 09:00:00+00:00,283.22728824333586,286.38611238924983,280.4224232525757,281.56707133363494,281.56707133363494,5563550.0,sample,2026-09-24 19:05:19.368976+00:00
MSFT,2025-01-07 09:15:00+00:00,281.8863450460625,284.7844769809854,280.7634600449369,282.01091604215225,282.01091604215225,16371699.0,sample,2026-09-24 19:05:19.368976+00:00
MSFT,2025-01-07 09:30:00+00:00,281.88394267242376,285.0947282975093,278.8310507669745,280.6218241926984,280.6218241926984,2772816.0,sample,2026-09-24 19:05:19.368976+00:00
MSFT,2025-01-07 09:45:00+00:00,280.87612225890604,284.75954432472133,279.1238134287258,281.388322456521,281.388322456521,10373902.0,sample,2026-09-24 19:05:19.368976+00:00
MSFT,2025-01-07 10:00:00+00:00,280.5551936650993,284.0122469436801,280.09805388167507,282.20636852586694,282.20636852586694,11049144.0,sample,2026-09-24 19:05:19.368976+00:00
MSFT,2025-01-07 10:15:00+00:00,281.65767376309793,284.198503864534,281.368656358963,282.1036244502442,282.1036244502442,2026283.0,sample,2026-09-24 19:05:19.368976+00:00
MSFT,2025-01-07 10:30:00+00:00,282.60181180684555,282.9277200699813,280.7534510447853,282.4688333879368,282.4688333879368,5935787.0,sample,2026-09-24 19:05:19.368976+00:00
MSFT,2025-01-07 10:45:00+00:00,281.7045089630771,283.38961956001583,279.221991703316,281.86537599274754,281.86537599274754,4193556.0,sample,2026-09-24 19:05:19.368976+00:00
MSFT,2025-01-07 11:00:00+00:00,281.23496056434067,285.16441516019165,280.7407301431985,282.3781746687437,282.3781746687437,7992314.0,sample,2026-09-24 19:05:19.368976+00:00
MSFT,2025-01-07 11:15:00+00:00,282.4214109035531,284.37116167788093,282.0187373898244,282.33325337395144,282.33325337395144,6601140.0,sample,2026-09-24 19:05:19.368976+00:00
MSFT,2025-01-07 11:30:00+00:00,282.12245035724,283.5247440331179,279.7526938306014,282.69533981555725,282.69533981555725,10388209.0,sample,2026-09-24 19:05:19.368976+00:00
MSFT,2025-01-07 11:45:00+00:00,283.04502615455925,285.5083490742237,281.07327173455855,281.69419751266753,281.69419751266753,17282684.0,sample,2026-09-24 19:05:19.368976+00:00
MSFT,2025-01-07 12:00:00+00:00,280.363846826827,282.86634767530194,279.0516019854133,281.9473362549784,281.9473362549784,10729391.0,sample,2026-09-24 19:05:19.368976+00:00
MSFT,2025-01-07 12:15:00+00:00,282.105216640798,285.2922744350981,280.308702967381,282.8947045717072,282.8947045717072,5201777.0,sample,2026-09-24 19:05:19.368976+00:00
MSFT,2025-01-07 12:30:00+00:00,282.37169815528085,285.75451569932835,281.19184015264426,282.6876940233739,282.6876940233739,12444062.0,sample,2026-09-24 19:05:19.368976+00:00
MSFT,2025-01-07 12:45:00+00:00,282.8192338485699,285.8868479468889,280.1406401546188,282.0734845009015,282.0734845009015,5750663.0,sample,2026-09-24 19:05:19.368976+00:00
MSFT,2025-01-07 13:00:00+00:00,281.4758947694757,284.9418770666169,279.60797490973107,283.02950766905775,283.02950766905775,1685650.0,sample,2026-09-24 19:05:19.368976+00:00
MSFT,2025-01-07 13:15:00+00:00,282.32857783527595,285.0857235053073,280.57339365026326,282.5609944380216,282.5609944380216,17679079.0,sample,2026-09-24 19:05:19.368976+00:00
MSFT,2025-01-07 13:30:00+00:00,282.1653858684359,284.0738092503097,279.2039454554497,280.7330991558341,280.7330991558341,3242817.0,sample,2026-09-24 19:05:19.368976+00:00
MSFT,2025-01-07 13:45:00+00:00,281.08839342313945,282.9470013965103,278.7471273573707,279.95969029767076,279.95969029767076,15687087.0,sample,2026-09-24 19:05:19.368976+00:00
MSFT,2025-01-07 14:00:00+00:00,279.75695068249735,284.2193306088968,277.32184543243875,281.5128149082146,281.5128149082146,9436771.0,sample,2026-09-24 19:05:19.368976+00:00
MSFT,2025-01-07 14:15:00+00:00,281.9249171800654,284.1982603738952,279.33436247485594,281.19248906194,281.19248906194,4441300.0,sample,2026-09-24 19:05:19.368976+00:00
MSFT,2025-01-07 14:30:00+00:00,280.9720829333374,284.9779691022721,280.2863983630774,284.24941408338555,284.24941408338555,6534766.0,sample,2026-09-24 19:05:19.368976+00:00
MSFT,2025-01-07 14:45:00+00:00,283.8071165807897,285.7557212881946,281.1109820367318,284.9498106257687,284.9498106257687,6407640.0,sample,2026-09-24 19:05:19.368976+00:00
MSFT,2025-01-07 15:00:00+00:00,283.5084757115778,285.53077251673466,282.2546641159871,285.10116357521895,285.10116357521895,4110426.0,sample,2026-09-24 19:05:19.368976+00:00
MSFT,2025-01-07 15:15:00+00:00,284.80920469522874,287.3285926524958,283.82604672233856,284.96615328559125,284.96615328559125,4916975.0,sample,2026-09-24 19:05:19.368976+00:00
MSFT,2025-01-07 15:30:00+00:00,285.27900187357716,286.6330492601013,281.90333343808715,283.86477960226523,283.86477960226523,12234038.0,sample,2026-09-24 19:05:19.368976+00:00
MSFT,2025-01-07 15:45:00+00:00,284.3288505512398,288.17927543936077,282.34759915593617,286.2107638694635,286.2107638694635,17865007.0,sample,2026-09-24 19:05:19.368976+00:00
MSFT,2025-01-07 16:00:00+00:00,285.8981856430917,287.88932119652463,284.9023777315546,286.60370900789076,286.60370900789076,16081867.0,sample,2026-09-24 19:05:19.368976+00:00
MSFT,2025-01-07 16:15:00+00:00,287.5708355021982,290.0153734326607,285.4779156775732,288.1624920801154,288.1624920801154,2652450.0,sample,2026-09-24 19:05:19.368976+00:00
MSFT,2025-01-07 16:30:00+00:00,288.6327170421582,291.5746663205807,284.0676333506593,286.06178681038506,286.06178681038506,4728699.0,sample,2026-09-24 19:05:19.368976+00:00
MSFT,2025-01-07 16:45:00+00:00,285.74175557648164,286.04605657570767,284.7418582014196,285.4689722246706,285.4689722246706,6704010.0,sample,2026-09-24 19:05:19.368976+00:00
MSFT,2025-01-07 17:00:00+00:00,285.1204787659425,289.49760151066704,283.6687311105646,287.29931990059237,287.29931990059237,4671408.0,sample,2026-09-24 19:05:19.368976+00:00
MSFT,2025-01-07 17:15:00+00:00,286.1187974051619,290.00801398739446,284.7170238332543,286.80614622210015,286.80614622210015,10079081.0,sample,2026-09-24 19:05:19.368976+00:00
MSFT,2025-01-07 17:30:00+00:00,287.1558743155828,289.8516166285463,286.1774500062508,286.9616960078557,286.9616960078557,10689021.0,sample,2026-09-24 19:05:19.368976+00:00
MSFT,2025-01-07 17:45:00+00:00,287.1398003476355,288.01840959335027,284.16495072174735,287.46853204157065,287.46853204157065,15056556.0,sample,2026-09-24 19:05:19.368976+00:00
MSFT,2025-01-07 18:00:00+00:00,288.1969355184422,289.29142264418306,284.59792667899234,286.685264380902,286.685264380902,14230869.0,sample,2026-09-24 19:05:19.368976+00:00
MSFT,2025-01-07 18:15:00+00:00,286.72739328880925,288.81822109778915,284.7712995979945,286.68267576425234,286.68267576425234,2633033.0,sample,2026-09-24 19:05:19.368976+00:00
MSFT,2025-01-07 18:30:00+00:00,287.11289765063947,287.6940858019286,283.1522075895004,285.74591445522606,285.74591445522606,6777675.0,sample,2026-09-24 19:05:19.368976+00:00
MSFT,2025-01-07 18:45:00+00:00,285.0298356537852,288.10599925903455,282.5278320162397,285.1792430514158,285.1792430514158,4187191.0,sample,2026-09-24 19:05:19.368976+00:00
MSFT,2025-01-07 19:00:00+00:00,285.40736440678546,288.01223860969367,282.22486372797465,285.3374394100003,285.3374394100003,3738227.0,sample,2026-09-24 19:05:19.368976+00:00
MSFT,2025-01-07 19:15:00+00:00,285.6738869316829,286.8222886236181,284.4570304060656,286.43041363191475,286.43041363191475,6133580.0,sample,2026-09-24 19:05:19.368976+00:00
MSFT,2025-01-07 19:30:00+00:00,287.1659600897226,288.538450776253,283.7670706081875,285.6256264531243,285.6256264531243,6465060.0,sample,2026-09-24 19:05:19.368976+00:00
MSFT,2025-01-07 19:45:00+00:00,285.35112900681287,288.75654351099655,284.2148296351697,286.2480975921443,286.2480975921443,7768273.0,sample,2026-09-24 19:05:19.368976+00:00
MSFT,2025-01-07 20:00:00+00:00,285.31813270175826,287.17564083351004,282.96261629880036,285.183090660998,285.183090660998,6205739.0,sample,2026-09-24 19:05:19.368976+00:00
MSFT,2025-01-07 20:15:00+00:00,285.9934158908603,286.8454453594321,283.06273689725134,284.9462434916265,284.9462434916265,13258481.0,sample,2026-09-24 19:05:19.368976+00:00
MSFT,2025-01-07 20:30:00+00:00,285.44649332234343,288.3419516771196,280.49519866281923,282.6264860975689,282.6264860975689,15169630.0,sample,2026-09-24 19:05:19.368976+00:00
MSFT,2025-01-07 20:45:00+00:00,282.5043184881723,283.47721264738533,280.15095896570335,282.03530473364856,282.03530473364856,4464694.0,sample,2026-09-24 19:05:19.368976+00:00
MSFT,2025-01-07 21:00:00+00:00,282.30974061211657,282.6929175963491,278.82139092159207,281.67995264471426,281.67995264471426,2064010.0,sample,2026-09-24 19:05:19.368976+00:00
MSFT,2025-01-07 21:15:00+00:00,282.5818857188604,284.1151621588109,278.8895050246757,281.32980763660504,281.32980763660504,10540079.0,sample,2026-09-24 19:05:19.368976+00:00
MSFT,2025-01-07 21:30:00+00:00,281.4422890555186,283.6274227465844,279.1840926104705,280.3111805917487,280.3111805917487,7511880.0,sample,2026-09-24 19:05:19.368976+00:00
MSFT,2025-01-07 21:45:00+00:00,279.8816183743792,285.8160402810772,278.297316190754,282.9741333838571,282.9741333838571,3934805.0,sample,2026-09-24 19:05:19.368976+00:00
MSFT,2025-01-07 22:00:00+00:00,282.1131827367815,283.59686571564356,279.6036818361552,283.03632843050724,283.03632843050724,14920038.0,sample,2026-09-24 19:05:19.368976+00:00
MSFT,2025-01-07 22:15:00+00:00,282.7297401082799,284.54411707738615,279.4724363407438,283.63094070947307,283.63094070947307,3584695.0,sample,2026-09-24 19:05:19.368976+00:00
MSFT,2025-01-07 22:30:00+00:00,282.65714472035904,287.3367342440661,281.2307621479935,284.47991188958196,284.47991188958196,12569214.0,sample,2026-09-24 19:05:19.368976+00:00
MSFT,2025-01-07 22:45:00+00:00,284.56302804061664,287.2462709011732,284.26169113354814,284.79353444789547,284.79353444789547,5911221.0,sample,2026-09-24 19:05:19.368976+00:00
MSFT,2025-01-07 23:00:00+00:00,285.2344478783773,286.6140599882723,282.2759970014544,285.7627387140579,285.7627387140579,13790355.0,sample,2026-09-24 19:05:19.368976+00:00
MSFT,2025-01-07 23:15:00+00:00,286.02235983675837,287.8145461781956,282.74198369187974,284.9231861748265,284.9231861748265,4758720.0,sample,2026-09-24 19:05:19.368976+00:00
MSFT,2025-01-07 23:30:00+00:00,284.84670760505287,285.49125554902827,282.8158315634576,284.07235120055105,284.07235120055105,10659168.0,sample,2026-09-24 19:05:19.368976+00:00
MSFT,2025-01-07 23:45:00+00:00,283.76356436817036,288.9024003787843,282.10613959037863,285.74511172894677,285.74511172894677,2909897.0,sample,2026-09-24 19:05:19.368976+00:00
MSFT,2025-01-08 00:00:00+00:00,286.30170773465244,287.498397665383,283.787943907425,285.66750914702703,285.66750914702703,11953053.0,sample,2026-09-24 19:05:19.368976+00:00
MSFT,2025-01-08 00:15:00+00:00,285.4028495264294,287.0179604173075,282.88310620379076,285.38104701280156,285.38104701280156,8185540.0,sample,2026-09-24 19:05:19.368976+00:00
MSFT,2025-01-08 00:30:00+00:00,285.1644129937603,288.1139713886189,282.63023260200396,287.1028586299985,287.1028586299985,5629281.0,sample,2026-09-24 19:05:19.368976+00:00
MSFT,2025-01-08 00:45:00+00:00,287.67579134635434,289.69181672891483,283.61427823408013,286.8793628585747,286.8793628585747,10780021.0,sample,2026-09-24 19:05:19.368976+00:00
MSFT,2025-01-08 01:00:00+00:00,286.2101672622852,288.7009685305849,281.8470835132257,285.10652254999263,285.10652254999263,5351815.0,sample,2026-09-24 19:05:19.368976+00:00
MSFT,2025-01-08 01:15:00+00:00,284.28491112656604,286.87666717978357,281.5944879563463,285.89864846338526,285.89864846338526,9890098.0,sample,2026-09-24 19:05:19.368976+00:00
MSFT,2025-01-08 01:30:00+00:00,286.3121586942639,288.3111944287334,285.1939525358608,285.52130524066894,285.52130524066894,7663832.0,sample,2026-09-24 19:05:19.368976+00:00
MSFT,2025-01-08 01:45:00+00:00,284.25728786317256,287.53229163129237,281.91787068603486,283.8113682136268,283.8113682136268,15245220.0,sample,2026-09-24 19:05:19.368976+00:00
MSFT,2025-01-08 02:00:00+00:00,283.59165763812723,287.8182092250179,280.1902758729544,285.6629781494974,285.6629781494974,8557448.0,sample,2026-09-24 19:05:19.368976+00:00
MSFT,2025-01-08 02:15:00+00:00,285.46772148851255,289.25873846316523,282.9964258201276,287.23766560694855,287.23766560694855,3010388.0,sample,2026-09-24 19:05:19.368976+00:00
MSFT,2025-01-08 02:30:00+00:00,286.82188282086446,290.7544796193115,283.39974653507187,288.24322187487434,288.24322187487434,13250910.0,sample,2026-09-24 19:05:19.368976+00:00
MSFT,2025-01-08 02:45:00+00:00,289.41634890903947,292.78562687690106,288.7292249476168,289.1099144577007,289.1099144577007,6951083.0,sample,2026-09-24 19:05:19.368976+00:00
MSFT,2025-01-08 03:00:00+00:00,288.95076988585055,292.43161739974545,288.4766960008932,291.38104156886965,291.38104156886965,12669234.0,sample,2026-09-24 19:05:19.368976+00:00
MSFT,2025-01-08 03:15:00+00:00,290.6450302704381,294.66896272195675,289.7256137977773,292.40234638594393,292.40234638594393,17113660.0,sample,2026-09-24 19:05:19.368976+00:00
MSFT,2025-01-08 03:30:00+00:00,292.2655183562263,295.6828508105737,289.8779125720986,292.0973262804495,292.0973262804495,2896854.0,sample,2026-09-24 19:05:19.368976+00:00
MSFT,2025-01-08 03:45:00+00:00,292.0060093447176,293.3774389187817,290.6631347446347,291.8487160469121,291.8487160469121,2742732.0,sample,2026-09-24 19:05:19.368976+00:00
MSFT,2025-01-08 04:00:00+00:00,291.0084757885324,293.9329480619589,288.9244071521271,290.05213469685793,290.05213469685793,17860840.0,sample,2026-09-24 19:05:19.368976+00:00
MSFT,2025-01-08 04:15:00+00:00,290.9727639563325,293.3654979788276,287.42866058970367,290.70769701166654,290.70769701166654,1605267.0,sample,2026-09-24 19:05:19.368976+00:00
MSFT,2025-01-08 04:30:00+00:00,290.32998015567756,293.95934358273223,288.69896187736305,290.8018740063558,290.8018740063558,4920425.0,sample,2026-09-24 19:05:19.368976+00:00
MSFT,2025-01-08 04:45:00+00:00,291.04346840095417,293.84906941968467,287.64967602992124,291.27015359181,291.27015359181,11717678.0,sample,2026-09-24 19:05:19.368976+00:00
MSFT,2025-01-08 05:00:00+00:00,291.61348064838927,292.5719410201302,289.3135125675719,289.6083650618275,289.6083650618275,10678674.0,sample,2026-09-24 19:05:19.368976+00:00
MSFT,2025-01-08 05:15:00+00:00,289.6200952505468,292.5277163366115,288.7110482495129,290.0677312732708,290.0677312732708,15359912.0,sample,2026-09-24 19:05:19.368976+00:00
MSFT,2025-01-08 05:30:00+00:00,290.22520605901485,293.1452654392747,288.51324425340704,289.541987962668,289.541987962668,6727375.0,sample,2026-09-24 19:05:19.368976+00:00
MSFT,2025-01-08 05:45:00+00:00,289.51910816068744,292.48255391840036,286.7517559287775,289.45896478029596,289.45896478029596,16820669.0,sample,2026-09-24 19:05:19.368976+00:00
MSFT,2025-01-08 06:00:00+00:00,290.7886082830526,292.7979288976721,286.690039949775,289.0233349706711,289.0233349706711,7822128.0,sample,2026-09-24 19:05:19.368976+00:00
MSFT,2025-01-08 06:15:00+00:00,288.53787295345484,292.03669473766695,286.2109201754953,289.08475623457264,289.08475623457264,3285496.0,sample,2026-09-24 19:05:19.368976+00:00
MSFT,2025-01-08 06:30:00+00:00,289.50415925584406,291.09828291542055,286.13105455542376,287.5855372143574,287.5855372143574,4247853.0,sample,2026-09-24 19:05:19.368976+00:00
MSFT,2025-01-08 06:45:00+00:00,287.3879945521151,289.4892935272307,286.32097342768566,288.8305200832603,288.8305200832603,5339029.0,sample,2026-09-24 19:05:19.368976+00:00
MSFT,2025-01-08 07:00:00+00:00,289.12772466288754,291.32828942990307,286.91031159170353,288.83091381469893,288.83091381469893,1652129.0,sample,2026-09-24 19:05:19.368976+00:00
MSFT,2025-01-08 07:15:00+00:00,287.9156009809584,289.593411569132,287.1576060534134,288.2144759034686,288.2144759034686,12982173.0,sample,2026-09-24 19:05:19.368976+00:00
MSFT,2025-01-08 07:30:00+00:00,287.7710421732588,291.0119117926005,286.4676929615225,289.56656355565553,289.56656355565553,1900896.0,sample,2026-09-24 19:05:19.368976+00:00
MSFT,2025-01-08 07:45:00+00:00,289.60418810700793,290.0142645328047,288.17225461661155,289.5588531689275,289.5588531689275,3569851.0,sample,2026-09-24 19:05:19.368976+00:00
MSFT,2025-01-08 08:00:00+00:00,289.56628593002154,291.61766138817507,289.01198374161135,289.6969467187597,289.6969467187597,13207696.0,sample,2026-09-24 19:05:19.368976+00:00
MSFT,2025-01-08 08:15:00+00:00,289.7043068121227,291.2156001183775,287.14450698879557,290.8719233079491,290.8719233079491,15621113.0,sample,2026-09-24 19:05:19.368976+00:00
MSFT,2025-01-08 08:30:00+00:00,289.194472832813,294.0888903954813,288.00219671539253,292.7357322145987,292.7357322145987,16211862.0,sample,2026-09-24 19:05:19.368976+00:00
MSFT,2025-01-08 08:45:00+00:00,292.8145722564559,294.7094906998226,289.3153450161042,292.32749112881385,292.32749112881385,1911019.0,sample,2026-09-24 19:05:19.368976+00:00
MSFT,2025-01-08 09:00:00+00:00,291.4303668542881,294.69100719263844,290.2724519714925,292.34581652211574,292.34581652211574,4449455.0,sample,2026-09-24 19:05:19.368976+00:00
MSFT,2025-01-08 09:15:00+00:00,292.84255880632946,294.5260129498563,291.334593447827,292.45646919316795,292.45646919316795,17246575.0,sample,2026-09-24 19:05:19.368976+00:00
MSFT,2025-01-08 09:30:00+00:00,292.4305873197064,293.3909231646804,289.9038776906915,291.2369798221009,291.2369798221009,10213762.0,sample,2026-09-24 19:05:19.368976+00:00
MSFT,2025-01-08 09:45:00+00:00,290.6254807838413,293.69533936141863,287.58049651040216,290.67956060743404,290.67956060743404,6902995.0,sample,2026-09-24 19:05:19.368976+00:00
MSFT,2025-01-08 10:00:00+00:00,290.13049239944166,293.4052846984796,286.71770655543224,289.84025475735723,289.84025475735723,14668983.0,sample,2026-09-24 19:05:19.368976+00:00
MSFT,2025-01-08 10:15:00+00:00,290.21762545547926,291.0873475146519,288.18783523713955,289.04953145015946,289.04953145015946,2205889.0,sample,2026-09-24 19:05:19.368976+00:00
MSFT,2025-01-08 10:30:00+00:00,289.0247541810559,293.4369767105609,287.2417796334193,290.2716103177587,290.2716103177587,9470163.0,sample,2026-09-24 19:05:19.368976+00:00
MSFT,2025-01-08 10:45:00+00:00,290.5443436513137,294.65368293774327,288.637276630619,292.60815873784276,292.60815873784276,14321104.0,sample,2026-09-24 19:05:19.368976+00:00
MSFT,2025-01-08 11:00:00+00:00,292.575560913212,296.29123926204284,291.9623637937735,293.09296942872305,293.09296942872305,10949776.0,sample,2026-09-24 19:05:19.368976+00:00
MSFT,2025-01-08 11:15:00+00:00,293.3118880651571,295.59980645677626,290.8980421509289,292.26807249493527,292.26807249493527,8852850.0,sample,2026-09-24 19:05:19.368976+00:00
MSFT,2025-01-08 11:30:00+00:00,293.04952206107043,294.8785842364165,292.26399872625313,292.6426712735638,292.6426712735638,9868267.0,sample,2026-09-24 19:05:19.368976+00:00
MSFT,2025-01-08 11:45:00+00:00,292.4503550952128,294.7346607041708,290.3860940668521,293.57206981665996,293.57206981665996,3533330.0,sample,2026-09-24 19:05:19.368976+00:00
MSFT,2025-01-08 12:00:00+00:00,293.5276750296799,296.55891609398793,291.683419404521,294.1292275986782,294.1292275986782,11729913.0,sample,2026-09-24 19:05:19.368976+00:00
MSFT,2025-01-08 12:15:00+00:00,294.98108134756257,297.656226935701,290.6040543154651,293.71913226689827,293.71913226689827,10210000.0,sample,2026-09-24 19:05:19.368976+00:00
MSFT,2025-01-08 12:30:00+00:00,293.67390409069293,296.75466672881925,290.4223968332909,295.1427135514951,295.1427135514951,4534641.0,sample,2026-09-24 19:05:19.368976+00:00
MSFT,2025-01-08 12:45:00+00:00,294.3194137248195,298.18201537397385,293.9360446104895,296.2292970418228,296.2292970418228,11497731.0,sample,2026-09-24 19:05:19.368976+00:00
MSFT,2025-01-08 13:00:00+00:00,296.8363108198679,299.5069529673305,294.2697974929717,295.50087590755436,295.50087590755436,9234950.0,sample,2026-09-24 19:05:19.368976+00:00
MSFT,2025-01-08 13:15:00+00:00,295.3568186985156,298.4083072318168,293.5799257715888,296.01779077484605,296.01779077484605,6405428.0,sample,2026-09-24 19:05:19.368976+00:00
MSFT,2025-01-08 13:30:00+00:00,295.22174562763246,296.78399189830697,291.5706124739456,294.2648008172345,294.2648008172345,4697485.0,sample,2026-09-24 19:05:19.368976+00:00
MSFT,2025-01-08 13:45:00+00:00,294.4871477003165,297.8659546054195,290.7954979250175,294.23928061579716,294.23928061579716,10917380.0,sample,2026-09-24 19:05:19.368976+00:00
MSFT,2025-01-08 14:00:00+00:00,294.27770336265246,297.7780647613728,291.68586599987754,294.7209639277692,294.7209639277692,16676602.0,sample,2026-09-24 19:05:19.368976+00:00
MSFT,2025-01-08 14:15:00+00:00,293.5378273618705,298.0567240614872,292.3494773337899,295.3533633739845,295.3533633739845,10272349.0,sample,2026-09-24 19:05:19.368976+00:00
MSFT,2025-01-08 14:30:00+00:00,295.96245999149295,298.2706909700203,294.7107705061457,297.4262539983937,297.4262539983937,5030225.0,sample,2026-09-24 19:05:19.368976+00:00
MSFT,2025-01-08 14:45:00+00:00,296.8750683525959,299.0862243204737,296.0726987470652,297.4477053697753,297.4477053697753,13458029.0,sample,2026-09-24 19:05:19.368976+00:00
MSFT,2025-01-08 15:00:00+00:00,297.0040505614198,297.5956106066921,295.2593562336784,297.06410790813885,297.06410790813885,2456078.0,sample,2026-09-24 19:05:19.368976+00:00
MSFT,2025-01-08 15:15:00+00:00,297.82556171627687,301.88125524345577,294.2842657439519,298.3823022875719,298.3823022875719,10993868.0,sample,2026-09-24 19:05:19.368976+00:00
MSFT,2025-01-08 15:30:00+00:00,298.2844320981289,301.59318015226506,294.9012175774523,296.5308315495765,296.5308315495765,13735126.0,sample,2026-09-24 19:05:19.368976+00:00
MSFT,2025-01-08 15:45:00+00:00,296.6004909867019,300.2076623957444,294.4816150728804,297.12420371849277,297.12420371849277,8532814.0,sample,2026-09-24 19:05:19.368976+00:00
MSFT,2025-01-08 16:00:00+00:00,297.42603380047996,300.93679018986836,295.4574036446282,296.9248547543074,296.9248547543074,10940429.0,sample,2026-09-24 19:05:19.368976+00:00
MSFT,2025-01-08 16:15:00+00:00,297.2199211110503,298.76686124054703,295.1151910808258,296.7202020665612,296.7202020665612,7675848.0,sample,2026-09-24 19:05:19.368976+00:00
MSFT,2025-01-08 16:30:00+00:00,296.49779494169826,297.09876953707175,295.5709337387721,296.34277076008846,296.34277076008846,11124541.0,sample,2026-09-24 19:05:19.368976+00:00
MSFT,2025-01-08 16:45:00+00:00,295.5830604961312,298.8692713259391,293.9258491599772,295.9104914871488,295.9104914871488,17527206.0,sample,2026-09-24 19:05:19.368976+00:00
MSFT,2025-01-08 17:00:00+00:00,296.0672659188354,297.3831588850435,292.34573076498384,295.18652669490757,295.18652669490757,10217410.0,sample,2026-09-24 19:05:19.368976+00:00
MSFT,2025-01-08 17:15:00+00:00,294.70932802456326,296.41804602525673,292.7927996332171,295.68298515146415,295.68298515146415,9705246.0,sample,2026-09-24 19:05:19.368976+00:00
MSFT,2025-01-08 17:30:00+00:00,296.49904514578446,298.66260909668387,294.7390367438916,297.5373529508946,297.5373529508946,4612568.0,sample,2026-09-24 19:05:19.368976+00:00
MSFT,2025-01-08 17:45:00+00:00,298.0871960348301,298.4821411873391,294.01404883229264,297.0787177604179,297.0787177604179,17490643.0,sample,2026-09-24 19:05:19.368976+00:00
MSFT,2025-01-08 18:00:00+00:00,296.9596848476022,299.3626886830398,295.1794302816224,298.0114788011649,298.0114788011649,6801981.0,sample,2026-09-24 19:05:19.368976+00:00
MSFT,2025-01-08 18:15:00+00:00,297.15613062147025,303.15714767430427,295.5214745030461,300.64602555394066,300.64602555394066,9180225.0,sample,2026-09-24 19:05:19.368976+00:00
MSFT,2025-01-08 18:30:00+00:00,300.71241481057734,302.06823922442953,299.5889494588839,299.98465939697286,299.98465939697286,16301200.0,sample,2026-09-24 19:05:19.368976+00:00
MSFT,2025-01-08 18:45:00+00:00,300.9908943983528,302.28157006371754,295.92931849772236,299.3674582060516,299.3674582060516,10390787.0,sample,2026-09-24 19:05:19.368976+00:00
MSFT,2025-01-08 19:00:00+00:00,298.86384641422507,302.29038802830195,296.1076325761263,298.22341977762346,298.22341977762346,9994200.0,sample,2026-09-24 19:05:19.368976+00:00
MSFT,2025-01-08 19:15:00+00:00,298.0137384167777,302.2676861562965,297.4960240580722,298.8523642133574,298.8523642133574,8881874.0,sample,2026-09-24 19:05:19.368976+00:00
MSFT,2025-01-08 19:30:00+00:00,299.1748582312303,300.3180357020757,297.32326198697245,299.0419895633292,299.0419895633292,12279870.0,sample,2026-09-24 19:05:19.368976+00:00
MSFT,2025-01-08 19:45:00+00:00,300.19379652612844,302.48056890959975,297.6570257708377,300.3229859386342,300.3229859386342,14109891.0,sample,2026-09-24 19:05:19.368976+00:00
MSFT,2025-01-08 20:00:00+00:00,300.6426649291475,303.39511526768763,297.16313233211895,299.96054363711585,299.96054363711585,4052136.0,sample,2026-09-24 19:05:19.368976+00:00
MSFT,2025-01-08 20:15:00+00:00,300.1267491882094,303.23573711153034,297.34622597054243,300.534100837223,300.534100837223,11355539.0,sample,2026-09-24 19:05:19.368976+00:00
MSFT,2025-01-08 20:30:00+00:00,300.1878924232492,302.09335609420145,297.18086541249954,299.8170290687373,299.8170290687373,7888778.0,sample,2026-09-24 19:05:19.368976+00:00
MSFT,2025-01-08 20:45:00+00:00,300.38303622573875,303.47126419811644,297.9511389273113,298.3347633983784,298.3347633983784,15392207.0,sample,2026-09-24 19:05:19.368976+00:00
MSFT,2025-01-08 21:00:00+00:00,298.23024891817613,298.8510442492516,294.98910189139764,297.33981640996984,297.33981640996984,13500694.0,sample,2026-09-24 19:05:19.368976+00:00
MSFT,2025-01-08 21:15:00+00:00,298.07353734811807,298.73088469295226,295.8233384676078,296.82384332358475,296.82384332358475,12365396.0,sample,2026-09-24 19:05:19.368976+00:00
MSFT,2025-01-08 21:30:00+00:00,296.45398880587123,297.0256609393087,292.5325352902144,294.7080670797273,294.7080670797273,12915775.0,sample,2026-09-24 19:05:19.368976+00:00
MSFT,2025-01-08 21:45:00+00:00,294.5175685544595,297.30887569623775,292.3154836685808,294.07432197872396,294.07432197872396,4107498.0,sample,2026-09-24 19:05:19.368976+00:00
MSFT,2025-01-08 22:00:00+00:00,294.94129151579057,297.95246510120705,289.2652206820232,291.9801707504644,291.9801707504644,9794892.0,sample,2026-09-24 19:05:19.368976+00:00
MSFT,2025-01-08 22:15:00+00:00,292.118988731436,293.06279248849523,288.1401365047267,290.8313059214629,290.8313059214629,16293387.0,sample,2026-09-24 19:05:19.368976+00:00
MSFT,2025-01-08 22:30:00+00:00,291.313896735951,293.1031491390836,290.2002724693609,291.6991785127465,291.6991785127465,15271614.0,sample,2026-09-24 19:05:19.368976+00:00
MSFT,2025-01-08 22:45:00+00:00,290.72841276075377,293.5585009610205,288.6827347416417,291.8853831776618,291.8853831776618,2064157.0,sample,2026-09-24 19:05:19.368976+00:00
MSFT,2025-01-08 23:00:00+00:00,291.72346273927207,294.0119479474882,290.98641971118354,292.7147416419106,292.7147416419106,12420933.0,sample,2026-09-24 19:05:19.368976+00:00
MSFT,2025-01-08 23:15:00+00:00,292.15631323063747,292.9029707855001,288.94185908121045,291.6759441207434,291.6759441207434,14692129.0,sample,2026-09-24 19:05:19.368976+00:00
MSFT,2025-01-08 23:30:00+00:00,291.3897206453659,295.5620432679582,290.2733334015187,293.26981653037615,293.26981653037615,16605826.0,sample,2026-09-24 19:05:19.368976+00:00
MSFT,2025-01-08 23:45:00+00:00,293.5581218092985,296.9475071847068,291.2567587314667,292.15638588621204,292.15638588621204,14118099.0,sample,2026-09-24 19:05:19.368976+00:00
MSFT,2025-01-09 00:00:00+00:00,291.8579922961661,292.80310874448304,290.72310010695816,291.5207423832332,291.5207423832332,10798533.0,sample,2026-09-24 19:05:19.368976+00:00
MSFT,2025-01-09 00:15:00+00:00,290.59132457132006,292.3251285707408,289.6723036967576,291.96139638179045,291.96139638179045,6059419.0,sample,2026-09-24 19:05:19.368976+00:00
MSFT,2025-01-09 00:30:00+00:00,292.187937125295,292.84295894955653,290.6855266579369,291.68749204336325,291.68749204336325,16023633.0,sample,2026-09-24 19:05:19.368976+00:00
MSFT,2025-01-09 00:45:00+00:00,291.41739280871116,293.91657250025503,289.08601359884284,292.28163537457044,292.28163537457044,8503682.0,sample,2026-09-24 19:05:19.368976+00:00
MSFT,2025-01-09 01:00:00+00:00,292.0155593594302,293.6202323737582,291.18743927124916,293.0244625805546,293.0244625805546,11241733.0,sample,2026-09-24 19:05:19.368976+00:00
MSFT,2025-01-09 01:15:00+00:00,292.19993630634553,292.6307582059295,290.039004190825,291.34338660483957,291.34338660483957,9865017.0,sample,2026-09-24 19:05:19.368976+00:00
MSFT,2025-01-09 01:30:00+00:00,291.12330093425595,293.79888772826064,288.88552602302974,291.54198128720003,291.54198128720003,1809992.0,sample,2026-09-24 19:05:19.368976+00:00
MSFT,2025-01-09 01:45:00+00:00,291.43466456222427,292.9807063500157,288.2966273086219,291.9368152556998,291.9368152556998,2296375.0,sample,2026-09-24 19:05:19.368976+00:00
MSFT,2025-01-09 02:00:00+00:00,291.17577930718335,293.7942351337809,288.84746784859186,291.89685132668893,291.89685132668893,13763171.0,sample,2026-09-24 19:05:19.368976+00:00
MSFT,2025-01-09 02:15:00+00:00,292.3638923665785,295.07976566259237,288.73594715662136,292.0917211401377,292.0917211401377,8113943.0,sample,2026-09-24 19:05:19.368976+00:00
MSFT,2025-01-09 02:30:00+00:00,291.4971368828993,294.1668513187306,290.46452042577965,291.034011104704,291.034011104704,15115351.0,sample,2026-09-24 19:05:19.368976+00:00
MSFT,2025-01-09 02:45:00+00:00,291.06649613529174,292.20528932132146,288.6440477251212,290.39615047630673,290.39615047630673,13603757.0,sample,2026-09-24 19:05:19.368976+00:00
MSFT,2025-01-09 03:00:00+00:00,290.2984874971315,292.0202523993096,286.1448289391969,289.11970562767095,289.11970562767095,16602998.0,sample,2026-09-24 19:05:19.368976+00:00
MSFT,2025-01-09 03:15:00+00:00,289.18316854033924,289.9184247375133,285.9644146178593,289.0633164400789,289.0633164400789,12589524.0,sample,2026-09-24 19:05:19.368976+00:00
MSFT,2025-01-09 03:30:00+00:00,289.2615508009073,292.24850479080914,285.83133004852016,287.85648519042337,287.85648519042337,5574025.0,sample,2026-09-24 19:05:19.368976+00:00
MSFT,2025-01-09 03:45:00+00:00,287.93093192864285,288.3964651378341,285.3376641289162,286.4861281655177,286.4861281655177,6301443.0,sample,2026-09-24 19:05:19.368976+00:00
MSFT,2025-01-09 04:00:00+00:00,286.1308757542452,287.9134563324515,283.76285774220963,285.53030665682763,285.53030665682763,1950989.0,sample,2026-09-24 19:05:19.368976+00:00
MSFT,2025-01-09 04:15:00+00:00,285.0697058218465,286.67718689825466,282.6500279662411,285.5177026108386,285.5177026108386,1537926.0,sample,2026-09-24 19:05:19.368976+00:00
MSFT,2025-01-09 04:30:00+00:00,285.0798739137829,287.3796875464515,283.3120646814922,286.32560745171537,286.32560745171537,6110758.0,sample,2026-09-24 19:05:19.368976+00:00
MSFT,2025-01-09 04:45:00+00:00,286.26994991209483,289.286107926005,284.52468548304466,284.9557901914374,284.9557901914374,13423231.0,sample,2026-09-24 19:05:19.368976+00:00
MSFT,2025-01-09 05:00:00+00:00,284.69028955068245,286.12997300659873,282.20582987007714,285.78644951112,285.78644951112,1545228.0,sample,2026-09-24 19:05:19.368976+00:00
MSFT,2025-01-09 05:15:00+00:00,285.6801788007572,287.22907703235614,284.6650665549134,286.4731141422423,286.4731141422423,2800784.0,sample,2026-09-24 19:05:19.368976+00:00
MSFT,2025-01-09 05:30:00+00:00,286.3974203990708,289.84994901704823,284.7262570092329,286.49088851084696,286.49088851084696,3921507.0,sample,2026-09-24 19:05:19.368976+00:00
MSFT,2025-01-09 05:45:00+00:00,286.10204319525076,286.7539664663698,281.76600484199554,284.5116296756714,284.5116296756714,7211978.0,sample,2026-09-24 19:05:19.368976+00:00
MSFT,2025-01-09 06:00:00+00:00,284.99809587786046,286.19916602056907,282.14453638106664,283.1633162204037,283.1633162204037,2744852.0,sample,2026-09-24 19:05:19.368976+00:00
MSFT,2025-01-09 06:15:00+00:00,283.20969351426663,284.23587672652434,280.6061015581735,283.14893983820645,283.14893983820645,5848181.0,sample,2026-09-24 19:05:19.368976+00:00
MSFT,2025-01-09 06:30:00+00:00,283.1385790581363,284.4305952531182,279.4497375710234,281.3147195009281,281.3147195009281,4085652.0,sample,2026-09-24 19:05:19.368976+00:00
MSFT,2025-01-09 06:45:00+00:00,281.63797496281825,284.7332925938302,277.98802150163226,280.9552944513062,280.9552944513062,13166138.0,sample,2026-09-24 19:05:19.368976+00:00
MSFT,2025-01-09 07:00:00+00:00,280.5904547380374,282.5107227604604,277.9435036905911,281.9883044219654,281.9883044219654,2404531.0,sample,2026-09-24 19:05:19.368976+00:00
MSFT,2025-01-09 07:15:00+00:00,282.5191312483162,284.2110811653606,279.84188463322727,280.2793707174228,280.2793707174228,2702311.0,sample,2026-09-24 19:05:19.368976+00:00
MSFT,2025-01-09 07:30:00+00:00,280.4196987882604,282.5054069795228,278.06922120655224,280.84138469277417,280.84138469277417,17251456.0,sample,2026-09-24 19:05:19.368976+00:00
MSFT,2025-01-09 07:45:00+00:00,281.03526927834884,282.3848703775219,280.2910545217171,280.9048688293851,280.9048688293851,13597832.0,sample,2026-09-24 19:05:19.368976+00:00
MSFT,2025-01-09 08:00:00+00:00,281.74975562701513,283.2411320285718,277.74235841743536,279.892952788027,279.892952788027,7168753.0,sample,2026-09-24 19:05:19.368976+00:00
MSFT,2025-01-09 08:15:00+00:00,280.31265925671187,282.74885417810236,279.67225609806457,280.70746268696934,280.70746268696934,5327049.0,sample,2026-09-24 19:05:19.368976+00:00
MSFT,2025-01-09 08:30:00+00:00,280.44719852033893,284.70379317125276,277.9414753774336,282.497461268444,282.497461268444,9145655.0,sample,2026-09-24 19:05:19.368976+00:00
MSFT,2025-01-09 08:45:00+00:00,282.3292372888722,285.64351716625913,281.77731908933856,282.64324591897343,282.64324591897343,17652677.0,sample,2026-09-24 19:05:19.368976+00:00
MSFT,2025-01-09 09:00:00+00:00,283.02502261628973,286.2575237842185,280.61725360934724,282.21648720354915,282.21648720354915,12747589.0,sample,2026-09-24 19:05:19.368976+00:00
MSFT,2025-01-09 09:15:00+00:00,281.9808494674938,283.9011338514807,281.4908802360209,281.98384827195366,281.98384827195366,9853488.0,sample,2026-09-24 19:05:19.368976+00:00
MSFT,2025-01-09 09:30:00+00:00,282.0796343338562,282.46227137775867,280.34321787700725,281.81494730341865,281.81494730341865,17156295.0,sample,2026-09-24 19:05:19.368976+00:00
MSFT,2025-01-09 09:45:00+00:00,281.7691652787275,286.15267944669364,278.4045500993043,283.55877458823915,283.55877458823915,6038730.0,sample,2026-09-24 19:05:19.368976+00:00
MSFT,2025-01-09 10:00:00+00:00,283.872178713637,286.05404444988307,281.9558412402771,282.85657439509504,282.85657439509504,5521223.0,sample,2026-09-24 19:05:19.368976+00:00
MSFT,2025-01-09 10:15:00+00:00,281.52322081800617,282.140917683012,279.2269598194358,281.45033801239606,281.45033801239606,10184656.0,sample,2026-09-24 19:05:19.368976+00:00
MSFT,2025-01-09 10:30:00+00:00,280.7971491961102,284.2357749329905,280.39198604992623,282.0297914595192,282.0297914595192,9337290.0,sample,2026-09-24 19:05:19.368976+00:00
MSFT,2025-01-09 10:45:00+00:00,281.81907827562713,283.7205898069058,280.35972651740235,281.28553453053115,281.28553453053115,11015190.0,sample,2026-09-24 19:05:19.368976+00:00
MSFT,2025-01-09 11:00:00+00:00,281.1203017473945,284.1354735004423,278.2729260330827,281.26064867567214,281.26064867567214,17827432.0,sample,2026-09-24 19:05:19.368976+00:00
MSFT,2025-01-09 11:15:00+00:00,283.00903390234424,284.3138319089929,279.5668892772093,280.30347559587506,280.30347559587506,7117324.0,sample,2026-09-24 19:05:19.368976+00:00
MSFT,2025-01-09 11:30:00+00:00,280.2827814315621,282.6315195340193,278.1193656885038,278.75024415955824,278.75024415955824,9524766.0,sample,2026-09-24 19:05:19.368976+00:00
MSFT,2025-01-09 11:45:00+00:00,279.1786610222737,280.1957307326388,277.3638343157027,278.658666530536,278.658666530536,2199159.0,sample,2026-09-24 19:05:19.368976+00:00
MSFT,2025-01-09 12:00:00+00:00,277.9531090066696,281.1042095942656,275.94614993440337,276.7776624165799,276.7776624165799,17064868.0,sample,2026-09-24 19:05:19.368976+00:00
MSFT,2025-01-09 12:15:00+00:00,275.43286877064685,278.9620724376143,273.161587285766,276.7604940069905,276.7604940069905,15791480.0,sample,2026-09-24 19:05:19.368976+00:00
MSFT,2025-01-09 12:30:00+00:00,275.9615180172838,280.18542279611506,274.6357015583024,277.9267797898355,277.9267797898355,1739618.0,sample,2026-09-24 19:05:19.368976+00:00
MSFT,2025-01-09 12:45:00+00:00,278.1203469731475,281.0007827637536,274.0696108022531,277.36077565507446,277.36077565507446,16182542.0,sample,2026-09-24 19:05:19.368976+00:00
MSFT,2025-01-09 13:00:00+00:00,277.50774671621167,279.29035477062337,274.58862997352327,276.47892834030966,276.47892834030966,10395021.0,sample,2026-09-24 19:05:19.368976+00:00
MSFT,2025-01-09 13:15:00+00:00,276.5763149393924,279.9533777381492,274.2988044869828,277.14536422486333,277.14536422486333,5878313.0,sample,2026-09-24 19:05:19.368976+00:00
MSFT,2025-01-09 13:30:00+00:00,277.07088660430344,279.42854309094395,274.40010481162176,278.17248249925024,278.17248249925024,5947877.0,sample,2026-09-24 19:05:19.368976+00:00
MSFT,2025-01-09 13:45:00+00:00,277.87736040183637,279.74455760883205,275.98456366344686,276.98661470122005,276.98661470122005,8405458.0,sample,2026-09-24 19:05:19.368976+00:00
MSFT,2025-01-09 14:00:00+00:00,276.3703042176024,281.05189619816014,275.0594977710495,277.8050544313682,277.8050544313682,15255824.0,sample,2026-09-24 19:05:19.368976+00:00
MSFT,2025-01-09 14:15:00+00:00,278.3755389341731,279.8969763519797,275.3319402395656,276.99305156782964,276.99305156782964,5288133.0,sample,2026-09-24 19:05:19.368976+00:00
MSFT,2025-01-09 14:30:00+00:00,275.66347108804035,277.35364366395953,273.81873259528544,275.0085296356987,275.0085296356987,4742664.0,sample,2026-09-24 19:05:19.368976+00:00
MSFT,2025-01-09 14:45:00+00:00,274.43248208967714,276.53673964604667,272.41416713895484,275.7332630216147,275.7332630216147,12867170.0,sample,2026-09-24 19:05:19.368976+00:00
MSFT,2025-01-09 15:00:00+00:00,275.9535959736172,276.47897902167887,271.37660380969726,273.42081869720346,273.42081869720346,10419927.0,sample,2026-09-24 19:05:19.368976+00:00
MSFT,2025-01-09 15:15:00+00:00,274.5955279325768,276.3397227303018,272.6983709361139,273.2608509699416,273.2608509699416,11730054.0,sample,2026-09-24 19:05:19.368976+00:00
MSFT,2025-01-09 15:30:00+00:00,273.19250187606775,274.3231770186794,270.46244411567307,271.7883951516804,271.7883951516804,16670597.0,sample,2026-09-24 19:05:19.368976+00:00
MSFT,2025-01-09 15:45:00+00:00,272.43258605161657,275.54550288807474,271.0893313980773,271.56983532158785,271.56983532158785,13486302.0,sample,2026-09-24 19:05:19.368976+00:00
MSFT,2025-01-09 16:00:00+00:00,271.02864992686,272.7163504957422,268.9521823792077,271.12791197152796,271.12791197152796,16554660.0,sample,2026-09-24 19:05:19.368976+00:00
MSFT,2025-01-09 16:15:00+00:00,270.49811739292113,271.7594325923723,270.0398325412734,271.04331551492436,271.04331551492436,9572495.0,sample,2026-09-24 19:05:19.368976+00:00
MSFT,2025-01-09 16:30:00+00:00,270.6580534636979,272.8850905873542,269.48650355122015,272.0652224187144,272.0652224187144,16873400.0,sample,2026-09-24 19:05:19.368976+00:00
MSFT,2025-01-09 16:45:00+00:00,272.2466739813311,274.2667343905165,270.1333287414406,272.2439364232374,272.2439364232374,11022242.0,sample,2026-09-24 19:05:19.368976+00:00
MSFT,2025-01-09 17:00:00+00:00,272.05442605512934,277.1510281168519,271.5561957528934,273.9332915075823,273.9332915075823,3058805.0,sample,2026-09-24 19:05:19.368976+00:00
MSFT,2025-01-09 17:15:00+00:00,275.4021756365581,277.7896367930859,271.48436378444677,272.1480028797443,272.1480028797443,9627485.0,sample,2026-09-24 19:05:19.368976+00:00
MSFT,2025-01-09 17:30:00+00:00,271.87266680446925,276.3039591802677,269.8316828566834,273.3786554294157,273.3786554294157,6234544.0,sample,2026-09-24 19:05:19.368976+00:00
MSFT,2025-01-09 17:45:00+00:00,273.8814940447754,275.3505447469789,269.8756274621656,273.05832846573657,273.05832846573657,6892394.0,sample,2026-09-24 19:05:19.368976+00:00
MSFT,2025-01-09 18:00:00+00:00,273.84708867768734,276.6713631265472,272.37611555099977,274.8171621233545,274.8171621233545,3185242.0,sample,2026-09-24 19:05:19.368976+00:00
MSFT,2025-01-09 18:15:00+00:00,275.7833223648351,277.9425015812337,272.35327084758876,274.9968644932697,274.9968644932697,16551087.0,sample,2026-09-24 19:05:19.368976+00:00
MSFT,2025-01-09 18:30:00+00:00,275.7013745888623,278.69981543409216,271.11856912460246,273.76437215973345,273.76437215973345,5591126.0,sample,2026-09-24 19:05:19.368976+00:00
MSFT,2025-01-09 18:45:00+00:00,273.4493127114458,274.5975976834556,268.7747401582277,271.7452005349983,271.7452005349983,7260944.0,sample,2026-09-24 19:05:19.368976+00:00
MSFT,2025-01-09 19:00:00+00:00,271.6611362707835,272.4003315620068,268.80304194683254,269.3656489474118,269.3656489474118,3177431.0,sample,2026-09-24 19:05:19.368976+00:00
MSFT,2025-01-09 19:15:00+00:00,268.5510662409931,269.16450023197064,266.13147630096296,268.38107373511446,268.38107373511446,2166173.0,sample,2026-09-24 19:05:19.368976+00:00
MSFT,2025-01-09 19:30:00+00:00,267.09904431345876,270.84804069915964,265.28806873472877,269.43042835122276,269.43042835122276,13723580.0,sample,2026-09-24 19:05:19.368976+00:00
MSFT,2025-01-09 19:45:00+00:00,269.85482705028625,272.0862692302116,267.4349890802683,270.4790035738069,270.4790035738069,2805690.0,sample,2026-09-24 19:05:19.368976+00:00
MSFT,2025-01-09 20:00:00+00:00,270.41034374923856,273.53577486973484,268.4998274247672,270.5270754301706,270.5270754301706,11969338.0,sample,2026-09-24 19:05:19.368976+00:00
MSFT,2025-01-09 20:15:00+00:00,270.58471007293974,271.8333693388346,266.353165040855,268.97089355449083,268.97089355449083,11749514.0,sample,2026-09-24 19:05:19.368976+00:00
MSFT,2025-01-09 20:30:00+00:00,269.32044494417033,270.24292176144144,267.4340959875713,268.6124492554652,268.6124492554652,4855603.0,sample,2026-09-24 19:05:19.368976+00:00
MSFT,2025-01-09 20:45:00+00:00,268.3568126534855,269.42903400137,267.70507331264463,268.552925447158,268.552925447158,16093091.0,sample,2026-09-24 19:05:19.368976+00:00
MSFT,2025-01-09 21:00:00+00:00,268.17629582671105,268.46481469945104,265.2296362080843,267.652667222922,267.652667222922,17380090.0,sample,2026-09-24 19:05:19.368976+00:00
MSFT,2025-01-09 21:15:00+00:00,267.3540573994892,268.8602788385361,264.34498863310256,266.9335317556824,266.9335317556824,3521137.0,sample,2026-09-24 19:05:19.368976+00:00
MSFT,2025-01-09 21:30:00+00:00,266.48806758670185,267.43819391613425,263.8644330402666,265.9468962939097,265.9468962939097,2533655.0,sample,2026-09-24 19:05:19.368976+00:00
MSFT,2025-01-09 21:45:00+00:00,266.4354861202175,267.0221633660563,263.52252760730886,266.7530576427776,266.7530576427776,6550349.0,sample,2026-09-24 19:05:19.368976+00:00
MSFT,2025-01-09 22:00:00+00:00,267.4273337519943,268.7609713831324,263.9905996312202,265.1426697863347,265.1426697863347,16522229.0,sample,2026-09-24 19:05:19.368976+00:00
MSFT,2025-01-09 22:15:00+00:00,264.16120590822624,267.82439805940834,261.7133807869741,264.79399882760003,264.79399882760003,8855704.0,sample,2026-09-24 19:05:19.368976+00:00
MSFT,2025-01-09 22:30:00+00:00,264.72840633530757,269.71623771628686,263.6092677381796,267.12742182250753,267.12742182250753,11513560.0,sample,2026-09-24 19:05:19.368976+00:00
MSFT,2025-01-09 22:45:00+00:00,266.6626358360351,268.87720690228065,264.7867804964145,265.8881694925166,265.8881694925166,7687330.0,sample,2026-09-24 19:05:19.368976+00:00
MSFT,2025-01-09 23:00:00+00:00,266.3291524519901,267.62840984709203,265.0651642942699,265.9573512999166,265.9573512999166,13894691.0,sample,2026-09-24 19:05:19.368976+00:00
MSFT,2025-01-09 23:15:00+00:00,264.519241566864,266.49693991897266,263.860320929991,265.2321474432185,265.2321474432185,3475674.0,sample,2026-09-24 19:05:19.368976+00:00
MSFT,2025-01-09 23:30:00+00:00,264.9094801671717,266.21891140491874,264.14273494183607,265.78041610505284,265.78041610505284,12499208.0,sample,2026-09-24 19:05:19.368976+00:00
MSFT,2025-01-09 23:45:00+00:00,264.62429271575917,266.34378577054423,262.16848418764,264.3518298998296,264.3518298998296,10695296.0,sample,2026-09-24 19:05:19.368976+00:00
MSFT,2025-01-10 00:00:00+00:00,264.060768553893,265.6560595911712,261.8720832535997,262.3337618403551,262.3337618403551,2463754.0,sample,2026-09-24 19:05:19.368976+00:00
MSFT,2025-01-10 00:15:00+00:00,262.2480240812949,265.12508297526585,259.66776866131636,263.41455342209326,263.41455342209326,13133019.0,sample,2026-09-24 19:05:19.368976+00:00
MSFT,2025-01-10 00:30:00+00:00,263.0526890303696,265.8910137035921,259.7833185809768,262.4376131394892,262.4376131394892,7429981.0,sample,2026-09-24 19:05:19.368976+00:00
MSFT,2025-01-10 00:45:00+00:00,262.320506235251,263.82681147874297,260.7468728284376,263.3994394215078,263.3994394215078,1904421.0,sample,2026-09-24 19:05:19.368976+00:00
MSFT,2025-01-10 01:00:00+00:00,262.98638417419306,264.65933917622965,260.17948405286177,263.55871423128065,263.55871423128065,9841916.0,sample,2026-09-24 19:05:19.368976+00:00
MSFT,2025-01-10 01:15:00+00:00,263.20556101662976,266.4331038992236,262.5994240101513,265.10186813367767,265.10186813367767,9992497.0,sample,2026-09-24 19:05:19.368976+00:00
MSFT,2025-01-10 01:30:00+00:00,265.2608909334633,266.222792558297,264.03022061648363,265.1812060694671,265.1812060694671,9813819.0,sample,2026-09-24 19:05:19.368976+00:00
MSFT,2025-01-10 01:45:00+00:00,265.0266573020475,269.65288588828884,263.5874947087564,266.7020407375262,266.7020407375262,10080831.0,sample,2026-09-24 19:05:19.368976+00:00
MSFT,2025-01-10 02:00:00+00:00,266.4783373417284,269.0968430109423,263.68540394448115,267.5055265225379,267.5055265225379,7950004.0,sample,2026-09-24 19:05:19.368976+00:00
MSFT,2025-01-10 02:15:00+00:00,267.93331727625224,270.07662194621037,263.91374846149586,266.88904785868294,266.88904785868294,9639018.0,sample,2026-09-24 19:05:19.368976+00:00
MSFT,2025-01-10 02:30:00+00:00,266.9458704022854,268.4950456904052,266.0198864907622,267.61898229375714,267.61898229375714,3808527.0,sample,2026-09-24 19:05:19.368976+00:00
MSFT,2025-01-10 02:45:00+00:00,267.7586800316062,269.21868894665016,266.2609555360501,267.9051374819389,267.9051374819389,6530511.0,sample,2026-09-24 19:05:19.368976+00:00
MSFT,2025-01-10 03:00:00+00:00,267.58195491982013,270.66549191018754,266.49011315499246,269.19039767906025,269.19039767906025,9620239.0,sample,2026-09-24 19:05:19.368976+00:00
MSFT,2025-01-10 03:15:00+00:00,268.8180195352311,271.1616976574925,266.35004491931824,270.1174797775928,270.1174797775928,6014059.0,sample,2026-09-24 19:05:19.368976+00:00
MSFT,2025-01-10 03:30:00+00:00,270.2089864839807,271.5940064564748,268.35103528679747,271.07535798788064,271.07535798788064,13422563.0,sample,2026-09-24 19:05:19.368976+00:00
MSFT,2025-01-10 03:45:00+00:00,270.27850115582595,271.2748806990367,269.4332266015775,270.8286057177598,270.8286057177598,2894458.0,sample,2026-09-24 19:05:19.368976+00:00
MSFT,2025-01-10 04:00:00+00:00,271.14999750993104,273.2413846103223,267.58502943988674,270.1000149260362,270.1000149260362,2231572.0,sample,2026-09-24 19:05:19.368976+00:00
MSFT,2025-01-10 04:15:00+00:00,270.9232566792724,273.4673425525014,267.7266908507002,272.1413541432204,272.1413541432204,5819438.0,sample,2026-09-24 19:05:19.368976+00:00
MSFT,2025-01-10 04:30:00+00:00,272.5134331068131,273.12035758175006,270.85397535252986,272.7305655401684,272.7305655401684,15567079.0,sample,2026-09-24 19:05:19.368976+00:00
MSFT,2025-01-10 04:45:00+00:00,272.0785917881163,275.7622044997596,269.03367748190306,273.4559501572482,273.4559501572482,7040172.0,sample,2026-09-24 19:05:19.368976+00:00
MSFT,2025-01-10 05:00:00+00:00,273.4536084437175,276.76288902346096,271.0249348631998,275.04246382332434,275.04246382332434,13191819.0,sample,2026-09-24 19:05:19.368976+00:00
MSFT,2025-01-10 05:15:00+00:00,274.90784894044873,275.7420026014933,274.266662590439,274.8561524957268,274.8561524957268,10598914.0,sample,2026-09-24 19:05:19.368976+00:00
MSFT,2025-01-10 05:30:00+00:00,274.7674113037611,277.0947042068851,271.8181067793833,276.0752265944858,276.0752265944858,5873680.0,sample,2026-09-24 19:05:19.368976+00:00
MSFT,2025-01-10 05:45:00+00:00,275.58757559735614,277.85218599083294,274.9583782644143,276.70343814217347,276.70343814217347,16738766.0,sample,2026-09-24 19:05:19.368976+00:00
MSFT,2025-01-10 06:00:00+00:00,277.4208406674419,278.21067404366795,272.81904997005415,275.91022467950637,275.91022467950637,10189140.0,sample,2026-09-24 19:05:19.368976+00:00
MSFT,2025-01-10 06:15:00+00:00,275.8459963288765,277.8086607484088,275.04872740406023,276.15874009186865,276.15874009186865,2487550.0,sample,2026-09-24 19:05:19.368976+00:00
MSFT,2025-01-10 06:30:00+00:00,277.04506097220127,278.25381942506476,274.1736955015858,275.2746336776979,275.2746336776979,11882149.0,sample,2026-09-24 19:05:19.368976+00:00
MSFT,2025-01-10 06:45:00+00:00,275.65699780467395,277.9881845307537,272.7995509366712,276.55730878786875,276.55730878786875,10630262.0,sample,2026-09-24 19:05:19.368976+00:00
MSFT,2025-01-10 07:00:00+00:00,276.9163364627992,277.7278797115487,273.33923264091214,274.99543549085774,274.99543549085774,7667388.0,sample,2026-09-24 19:05:19.368976+00:00
MSFT,2025-01-10 07:15:00+00:00,274.9328553040194,276.89299892996684,272.0440990666705,274.51773076155126,274.51773076155126,6418418.0,sample,2026-09-24 19:05:19.368976+00:00
MSFT,2025-01-10 07:30:00+00:00,275.6861799791774,277.3082662601192,271.72275980977827,274.22156564460187,274.22156564460187,6282768.0,sample,2026-09-24 19:05:19.368976+00:00
MSFT,2025-01-10 07:45:00+00:00,273.5999862309201,276.3626029511886,273.03972583567776,273.35225586982153,273.35225586982153,8257097.0,sample,2026-09-24 19:05:19.368976+00:00
MSFT,2025-01-10 08:00:00+00:00,273.3311134101422,275.84225061825333,270.6622298078987,273.35468984548015,273.35468984548015,6149331.0,sample,2026-09-24 19:05:19.368976+00:00
MSFT,2025-01-10 08:15:00+00:00,271.8386622431009,274.6576603310576,271.28239228700306,274.3608331638338,274.3608331638338,8314640.0,sample,2026-09-24 19:05:19.368976+00:00
MSFT,2025-01-10 08:30:00+00:00,274.3891292000954,277.42512418302476,272.79597092457277,274.47119233149857,274.47119233149857,9706097.0,sample,2026-09-24 19:05:19.368976+00:00
MSFT,2025-01-10 08:45:00+00:00,275.1564307605176,276.77804955775844,274.07410879399237,275.1655909315202,275.1655909315202,12343212.0,sample,2026-09-24 19:05:19.368976+00:00
MSFT,2025-01-10 09:00:00+00:00,275.5143601411472,277.6576968084845,273.73190701986164,274.97724799178104,274.97724799178104,14754618.0,sample,2026-09-24 19:05:19.368976+00:00
MSFT,2025-01-10 09:15:00+00:00,275.531236967427,278.44542439481836,274.39137236699065,275.2656836309725,275.2656836309725,4594513.0,sample,2026-09-24 19:05:19.368976+00:00
MSFT,2025-01-10 09:30:00+00:00,275.7582260236495,277.6748592253396,274.8886324164707,275.8498767423687,275.8498767423687,16598404.0,sample,2026-09-24 19:05:19.368976+00:00
MSFT,2025-01-10 09:45:00+00:00,276.26024167205014,280.14417190807035,273.4176639756539,277.3326123343201,277.3326123343201,13262094.0,sample,2026-09-24 19:05:19.368976+00:00
MSFT,2025-01-10 10:00:00+00:00,276.77516540951666,279.3269635494037,273.4186972727176,276.4558703938883,276.4558703938883,7348364.0,sample,2026-09-24 19:05:19.368976+00:00
MSFT,2025-01-10 10:15:00+00:00,275.741318974622,279.4043741905172,274.1138548171067,278.08931861769906,278.08931861769906,6278219.0,sample,2026-09-24 19:05:19.368976+00:00
MSFT,2025-01-10 10:30:00+00:00,278.0312544489081,279.14935703282674,275.17069463392846,277.03734107561314,277.03734107561314,11876496.0,sample,2026-09-24 19:05:19.368976+00:00
MSFT,2025-01-10 10:45:00+00:00,276.8385078463466,277.9421581853679,273.9013173108141,276.84152317012996,276.84152317012996,8941507.0,sample,2026-09-24 19:05:19.368976+00:00
MSFT,2025-01-10 11:00:00+00:00,276.9661552898873,279.33429934831616,274.4761081414728,276.9890199664923,276.9890199664923,3631984.0,sample,2026-09-24 19:05:19.368976+00:00
MSFT,2025-01-10 11:15:00+00:00,277.44277423444123,277.81131262870343,273.5304605765225,276.5883911999696,276.5883911999696,11469033.0,sample,2026-09-24 19:05:19.368976+00:00
MSFT,2025-01-10 11:30:00+00:00,277.85666417379235,280.09946773681565,272.6411831300239,275.8720714400763,275.8720714400763,2764140.0,sample,2026-09-24 19:05:19.368976+00:00
MSFT,2025-01-10 11:45:00+00:00,276.43085261491177,279.3922696201862,273.1885706099185,276.3162359371433,276.3162359371433,8577171.0,sample,2026-09-24 19:05:19.368976+00:00
MSFT,2025-01-10 12:00:00+00:00,276.806584502278,279.7174190158,275.07826554987497,276.4295498598151,276.4295498598151,12325523.0,sample,2026-09-24 19:05:19.368976+00:00
MSFT,2025-01-10 12:15:00+00:00,276.8240140420583,280.03730348332346,273.1277973340818,276.1262830289308,276.1262830289308,2493925.0,sample,2026-09-24 19:05:19.368976+00:00
MSFT,2025-01-10 12:30:00+00:00,275.2997563841827,275.8116719276841,272.8417557339832,273.44511872934214,273.44511872934214,14077052.0,sample,2026-09-24 19:05:19.368976+00:00
MSFT,2025-01-10 12:45:00+00:00,273.5451252872396,276.18216157643917,272.35454132167604,274.36347916116006,274.36347916116006,2279774.0,sample,2026-09-24 19:05:19.368976+00:00
MSFT,2025-01-10 13:00:00+00:00,274.9850477588032,278.0635271094553,272.3694074393184,274.09944626690907,274.09944626690907,6223170.0,sample,2026-09-24 19:05:19.368976+00:00
MSFT,2025-01-10 13:15:00+00:00,274.24411869299166,276.877366167297,269.8269467821255,272.01971624033797,272.01971624033797,8696920.0,sample,2026-09-24 19:05:19.368976+00:00
MSFT,2025-01-10 13:30:00+00:00,271.95825561661405,274.4169208172419,268.9822680576415,270.80175368657206,270.80175368657206,7496765.0,sample,2026-09-24 19:05:19.368976+00:00
MSFT,2025-01-10 13:45:00+00:00,270.4035458407189,273.5741884846836,269.1961490484682,272.22057894426825,272.22057894426825,5583226.0,sample,2026-09-24 19:05:19.368976+00:00
MSFT,2025-01-10 14:00:00+00:00,272.00844262694136,276.07096562938796,269.05091237989507,275.3048473118386,275.3048473118386,9151398.0,sample,2026-09-24 19:05:19.368976+00:00
MSFT,2025-01-10 14:15:00+00:00,275.3305852423374,275.92581383183636,272.9158331730026,275.01742960234856,275.01742960234856,8115732.0,sample,2026-09-24 19:05:19.368976+00:00
MSFT,2025-01-10 14:30:00+00:00,276.519610704193,277.60886491249704,273.55423924434456,275.5492355954735,275.5492355954735,2013790.0,sample,2026-09-24 19:05:19.368976+00:00
MSFT,2025-01-10 14:45:00+00:00,276.1717392269773,278.1120911697328,275.22229686648575,276.3856841121003,276.3856841121003,9909624.0,sample,2026-09-24 19:05:19.368976+00:00
MSFT,2025-01-10 15:00:00+00:00,276.27620082731306,279.7805841229766,274.53895265102386,277.78451220201885,277.78451220201885,12581232.0,sample,2026-09-24 19:05:19.368976+00:00
MSFT,2025-01-10 15:15:00+00:00,277.7360078614882,280.10195979247294,276.58518885948337,279.6894083792025,279.6894083792025,1845363.0,sample,2026-09-24 19:05:19.368976+00:00
MSFT,2025-01-10 15:30:00+00:00,279.9380144927091,282.73996353962104,278.16942584358947,279.8894846263078,279.8894846263078,5901955.0,sample,2026-09-24 19:05:19.368976+00:00
MSFT,2025-01-10 15:45:00+00:00,280.24608531293916,283.50781575406893,277.42961636364316,278.9538717039344,278.9538717039344,6096852.0,sample,2026-09-24 19:05:19.368976+00:00
MSFT,2025-01-10 16:00:00+00:00,278.6269772421981,281.4863799725595,276.3247520329252,279.3888452644038,279.3888452644038,15332342.0,sample,2026-09-24 19:05:19.368976+00:00
MSFT,2025-01-10 16:15:00+00:00,278.88052535046927,280.47129878176753,277.96941987102775,279.9500720344316,279.9500720344316,16718011.0,sample,2026-09-24 19:05:19.368976+00:00
MSFT,2025-01-10 16:30:00+00:00,279.3349080395876,283.63836164349726,278.32719670772104,280.76388422150467,280.76388422150467,15961356.0,sample,2026-09-24 19:05:19.368976+00:00
MSFT,2025-01-10 16:45:00+00:00,280.8824941814902,283.181160090795,277.5454663520661,282.52326413561144,282.52326413561144,3223078.0,sample,2026-09-24 19:05:19.368976+00:00
MSFT,2025-01-10 17:00:00+00:00,282.43534391974276,284.326434782397,279.9693518674585,282.7387411430167,282.7387411430167,2986244.0,sample,2026-09-24 19:05:19.368976+00:00
MSFT,2025-01-10 17:15:00+00:00,282.3455421119595,284.26339234109577,281.02478936746127,282.34609199986204,282.34609199986204,4747208.0,sample,2026-09-24 19:05:19.368976+00:00
MSFT,2025-01-10 17:30:00+00:00,282.02066517210864,284.26053180591805,280.0079430754406,283.7488209638544,283.7488209638544,11350477.0,sample,2026-09-24 19:05:19.368976+00:00
MSFT,2025-01-10 17:45:00+00:00,284.7222987638346,287.9737227576189,282.9616119963482,284.04877592530374,284.04877592530374,13809293.0,sample,2026-09-24 19:05:19.368976+00:00
MSFT,2025-01-10 18:00:00+00:00,283.7920489129828,286.3235083193915,281.12400878201504,283.2368616064694,283.2368616064694,17152606.0,sample,2026-09-24 19:05:19.368976+00:00
MSFT,2025-01-10 18:15:00+00:00,282.7261013150679,284.51064293024245,281.96047023260974,282.6496835422773,282.6496835422773,11886453.0,sample,2026-09-24 19:05:19.368976+00:00
MSFT,2025-01-10 18:30:00+00:00,283.38327663617326,286.518511225351,280.4790688532731,283.4494835852027,283.4494835852027,2540470.0,sample,2026-09-24 19:05:19.368976+00:00
MSFT,2025-01-10 18:45:00+00:00,283.2690288076254,284.09490862017987,279.4650580017441,281.0017908742498,281.0017908742498,7695562.0,sample,2026-09-24 19:05:19.368976+00:00
MSFT,2025-01-10 19:00:00+00:00,281.8651966308029,284.70163098765266,279.3929062899217,282.32013975430203,282.32013975430203,16391465.0,sample,2026-09-24 19:05:19.368976+00:00
MSFT,2025-01-10 19:15:00+00:00,282.04946457397665,282.43540687315476,279.517539619266,281.8451702498769,281.8451702498769,13101798.0,sample,2026-09-24 19:05:19.368976+00:00
MSFT,2025-01-10 19:30:00+00:00,282.6792435606992,285.7422908092784,277.3543911985361,280.52136825785504,280.52136825785504,13116393.0,sample,2026-09-24 19:05:19.368976+00:00
MSFT,2025-01-10 19:45:00+00:00,280.47999977957085,282.3834169025229,277.27075227457885,280.8503518757146,280.8503518757146,13382139.0,sample,2026-09-24 19:05:19.368976+00:00
MSFT,2025-01-10 20:00:00+00:00,280.0521507065831,282.5311051098966,277.63115504399434,280.31303053305845,280.31303053305845,8891316.0,sample,2026-09-24 19:05:19.368976+00:00
MSFT,2025-01-10 20:15:00+00:00,280.45011535590425,282.88969449822133,277.93655120779175,279.51063471951227,279.51063471951227,2097765.0,sample,2026-09-24 19:05:19.368976+00:00
MSFT,2025-01-10 20:30:00+00:00,279.96510018786336,282.60975453355684,276.3970086273078,278.64051325294764,278.64051325294764,11123186.0,sample,2026-09-24 19:05:19.368976+00:00
MSFT,2025-01-10 20:45:00+00:00,278.5768913491986,281.45546237668395,275.4823469830455,279.5181610406506,279.5181610406506,3384176.0,sample,2026-09-24 19:05:19.368976+00:00
MSFT,2025-01-10 21:00:00+00:00,279.3228487825786,281.143344130474,277.66404825026524,278.15569936435435,278.15569936435435,4816523.0,sample,2026-09-24 19:05:19.368976+00:00
MSFT,2025-01-10 21:15:00+00:00,278.3777663429946,280.5060214865813,275.41739975554685,277.30353970847324,277.30353970847324,16205347.0,sample,2026-09-24 19:05:19.368976+00:00
MSFT,2025-01-10 21:30:00+00:00,278.14360113743913,281.09698027453743,272.63450504505283,274.6882532736573,274.6882532736573,5136048.0,sample,2026-09-24 19:05:19.368976+00:00
MSFT,2025-01-10 21:45:00+00:00,274.9108346060297,277.167562768253,273.1948715881807,274.5343995690175,274.5343995690175,16302520.0,sample,2026-09-24 19:05:19.368976+00:00
MSFT,2025-01-10 22:00:00+00:00,274.1669518216824,275.9370375475942,273.80948039660507,275.16390274294577,275.16390274294577,17826132.0,sample,2026-09-24 19:05:19.368976+00:00
MSFT,2025-01-10 22:15:00+00:00,275.4535072236073,278.7005121759745,272.6717955230203,276.00504921227247,276.00504921227247,10477590.0,sample,2026-09-24 19:05:19.368976+00:00
MSFT,2025-01-10 22:30:00+00:00,276.17464797000815,278.36048995609207,274.6281797592372,275.99482502850367,275.99482502850367,16484719.0,sample,2026-09-24 19:05:19.368976+00:00
MSFT,2025-01-10 22:45:00+00:00,276.07314578278937,279.64316733705243,272.85716292585056,278.61624774907864,278.61624774907864,14629867.0,sample,2026-09-24 19:05:19.368976+00:00
MSFT,2025-01-10 23:00:00+00:00,278.7592648361465,282.94899776054643,275.46591662424515,280.6325038204716,280.6325038204716,4322267.0,sample,2026-09-24 19:05:19.368976+00:00
MSFT,2025-01-10 23:15:00+00:00,280.76689226884616,282.12499652734647,277.7281067018944,280.7743420259804,280.7743420259804,10461369.0,sample,2026-09-24 19:05:19.368976+00:00
MSFT,2025-01-10 23:30:00+00:00,280.5012147599853,284.51713470149326,278.70164661046,282.1397061871113,282.1397061871113,16573412.0,sample,2026-09-24 19:05:19.368976+00:00
MSFT,2025-01-10 23:45:00+00:00,282.25346200900395,284.4576967108634,281.2439808759634,283.029873724624,283.029873724624,6139731.0,sample,2026-09-24 19:05:19.368976+00:00
MSFT,2025-01-11 00:00:00+00:00,283.7005556035264,285.9487845036427,281.9239822039361,284.12339502166446,284.12339502166446,14644123.0,sample,2026-09-24 19:05:19.368976+00:00
MSFT,2025-01-11 00:15:00+00:00,283.80030933017485,284.2345074468622,281.25924984818755,282.65510265746803,282.65510265746803,15338719.0,sample,2026-09-24 19:05:19.368976+00:00
MSFT,2025-01-11 00:30:00+00:00,283.21803256624383,283.9397508898722,282.48623057700365,282.88207722961,282.88207722961,10381021.0,sample,2026-09-24 19:05:19.368976+00:00
MSFT,2025-01-11 00:45:00+00:00,283.2196731855041,283.7458966824788,281.77291440175986,283.15354367498105,283.15354367498105,15411507.0,sample,2026-09-24 19:05:19.368976+00:00
MSFT,2025-01-11 01:00:00+00:00,283.726323483637,284.47475743637926,280.96103371829025,283.8021500458571,283.8021500458571,6118280.0,sample,2026-09-24 19:05:19.368976+00:00
MSFT,2025-01-11 01:15:00+00:00,284.1347972477531,284.50107554766146,281.35153252918076,282.4767388156789,282.4767388156789,7330955.0,sample,2026-09-24 19:05:19.368976+00:00
MSFT,2025-01-11 01:30:00+00:00,282.2748020926751,284.9913858239696,281.29367928159013,282.9114193911767,282.9114193911767,14434874.0,sample,2026-09-24 19:05:19.368976+00:00
MSFT,2025-01-11 01:45:00+00:00,283.1723810063806,283.55554458681485,281.1884075914797,282.1081334954599,282.1081334954599,16556621.0,sample,2026-09-24 19:05:19.368976+00:00
MSFT,2025-01-11 02:00:00+00:00,281.3816105497371,283.34733834652826,278.5048451792552,281.6667064377345,281.6667064377345,10982549.0,sample,2026-09-24 19:05:19.368976+00:00
MSFT,2025-01-11 02:15:00+00:00,280.97468173526954,283.77320864258866,280.04694378014295,283.0582530878028,283.0582530878028,2907590.0,sample,2026-09-24 19:05:19.368976+00:00
MSFT,2025-01-11 02:30:00+00:00,283.1313459584903,286.45071237496944,281.8838278644198,283.2616976410381,283.2616976410381,11310498.0,sample,2026-09-24 19:05:19.368976+00:00
MSFT,2025-01-11 02:45:00+00:00,283.05041670852773,286.3172732446367,280.6777230201058,282.6934245237692,282.6934245237692,4572094.0,sample,2026-09-24 19:05:19.368976+00:00
MSFT,2025-01-11 03:00:00+00:00,282.39839762146346,284.5355782811982,279.4856697435634,283.30590133931867,283.30590133931867,16335003.0,sample,2026-09-24 19:05:19.368976+00:00
MSFT,2025-01-11 03:15:00+00:00,283.0589746848292,286.41941690409806,279.9455316274995,282.8116205904118,282.8116205904118,15147442.0,sample,2026-09-24 19:05:19.368976+00:00
MSFT,2025-01-11 03:30:00+00:00,283.100644146655,285.61048694721813,281.1495317618687,282.3591842431888,282.3591842431888,10767527.0,sample,2026-09-24 19:05:19.368976+00:00
MSFT,2025-01-11 03:45:00+00:00,283.23858655639526,285.56894413528363,281.0925575765664,281.5056005750571,281.5056005750571,11294572.0,sample,2026-09-24 19:05:19.368976+00:00
MSFT,2025-01-11 04:00:00+00:00,281.66912552134045,284.6386970560802,281.0926842196864,281.9023885881769,281.9023885881769,5935134.0,sample,2026-09-24 19:05:19.368976+00:00
MSFT,2025-01-11 04:15:00+00:00,281.5927519058358,284.0436062449162,279.4357729862514,280.720566647344,280.720566647344,12424100.0,sample,2026-09-24 19:05:19.368976+00:00
MSFT,2025-01-11 04:30:00+00:00,280.0117553779529,282.9009492620042,278.12468431812806,280.2174712347213,280.2174712347213,6082370.0,sample,2026-09-24 19:05:19.368976+00:00
MSFT,2025-01-11 04:45:00+00:00,280.689679432234,285.862648177644,278.2997987098705,284.14825703809333,284.14825703809333,2984920.0,sample,2026-09-24 19:05:19.368976+00:00
MSFT,2025-01-11 05:00:00+00:00,283.7456051881982,285.6195373608132,283.08884573857074,285.2087549644191,285.2087549644191,6523983.0,sample,2026-09-24 19:05:19.368976+00:00
MSFT,2025-01-11 05:15:00+00:00,284.21888166603037,285.67798329558883,282.490997973756,284.2872968620082,284.2872968620082,14697749.0,sample,2026-09-24 19:05:19.368976+00:00
MSFT,2025-01-11 05:30:00+00:00,285.35503700215713,288.69576534623127,283.8247889501731,284.59011016948466,284.59011016948466,15611030.0,sample,2026-09-24 19:05:19.368976+00:00
MSFT,2025-01-11 05:45:00+00:00,285.72926802988593,289.00937838722723,282.373217121166,285.7306872109207,285.7306872109207,15746672.0,sample,2026-09-24 19:05:19.368976+00:00
MSFT,2025-01-11 06:00:00+00:00,285.35249663762863,286.1519520253917,281.964853567667,285.49625757601063,285.49625757601063,16458168.0,sample,2026-09-24 19:05:19.368976+00:00
MSFT,2025-01-11 06:15:00+00:00,285.53799260464956,288.54836940837305,281.8410889350051,284.9653747174636,284.9653747174636,16932658.0,sample,2026-09-24 19:05:19.368976+00:00
MSFT,2025-01-11 06:30:00+00:00,284.5347675224448,285.5307103139131,280.56664034612777,283.778680922149,283.778680922149,14991030.0,sample,2026-09-24 19:05:19.368976+00:00
MSFT,2025-01-11 06:45:00+00:00,284.45777593254667,284.87280544097615,279.1480718217526,282.30468154175213,282.30468154175213,17261096.0,sample,2026-09-24 19:05:19.368976+00:00
MSFT,2025-01-11 07:00:00+00:00,283.019265732032,285.83875070325615,280.25689027650844,282.74230962359195,282.74230962359195,14139787.0,sample,2026-09-24 19:05:19.368976+00:00
MSFT,2025-01-11 07:15:00+00:00,282.76215323385355,284.0963599325664,279.368007801873,281.81680225879313,281.81680225879313,1872616.0,sample,2026-09-24 19:05:19.368976+00:00
MSFT,2025-01-11 07:30:00+00:00,281.93991620233373,284.27806158635735,280.5363423313953,281.89449660857093,281.89449660857093,14282977.0,sample,2026-09-24 19:05:19.368976+00:00
MSFT,2025-01-11 07:45:00+00:00,281.94509677119123,284.4722299444307,280.4017823121326,282.2999192155735,282.2999192155735,13479950.0,sample,2026-09-24 19:05:19.368976+00:00
MSFT,2025-01-11 08:00:00+00:00,282.7377596756678,284.0123693969227,280.8304980703113,283.3896824045726,283.3896824045726,10770254.0,sample,2026-09-24 19:05:19.368976+00:00
MSFT,2025-01-11 08:15:00+00:00,283.4315029524214,284.999450396806,280.50072229460613,283.3854850188446,283.3854850188446,17253501.0,sample,2026-09-24 19:05:19.368976+00:00
MSFT,2025-01-11 08:30:00+00:00,282.86101909509716,285.1497469741171,280.2773680686564,283.4374216340015,283.4374216340015,17103091.0,sample,2026-09-24 19:05:19.368976+00:00
MSFT,2025-01-11 08:45:00+00:00,284.1355374279354,286.77685581118055,280.17518230884525,282.36968836856175,282.36968836856175,2468951.0,sample,2026-09-24 19:05:19.368976+00:00
MSFT,2025-01-11 09:00:00+00:00,281.86650741211815,283.92894993742823,279.95177790490277,282.12136659416535,282.12136659416535,13071017.0,sample,2026-09-24 19:05:19.368976+00:00
MSFT,2025-01-11 09:15:00+00:00,282.0122211545725,282.69547724405845,281.6850538055496,282.31687962185964,282.31687962185964,9796756.0,sample,2026-09-24 19:05:19.368976+00:00
MSFT,2025-01-11 09:30:00+00:00,281.1925383693533,282.5205467735656,278.0522793822148,281.5566692230072,281.5566692230072,12947784.0,sample,2026-09-24 19:05:19.368976+00:00
MSFT,2025-01-11 09:45:00+00:00,280.9306275977122,283.2556481917138,279.8988008602966,282.1533699348295,282.1533699348295,4293012.0,sample,2026-09-24 19:05:19.368976+00:00
MSFT,2025-01-11 10:00:00+00:00,282.6490135570988,284.44800914131326,278.3024598362103,281.58385480157835,281.58385480157835,12474143.0,sample,2026-09-24 19:05:19.368976+00:00
MSFT,2025-01-11 10:15:00+00:00,281.7059536236991,282.39208072193844,280.3091941641703,281.0347689510085,281.0347689510085,13487274.0,sample,2026-09-24 19:05:19.368976+00:00
MSFT,2025-01-11 10:30:00+00:00,280.8105918997707,281.6096424932072,277.73379905715876,280.06014336283516,280.06014336283516,16230948.0,sample,2026-09-24 19:05:19.368976+00:00
MSFT,2025-01-11 10:45:00+00:00,280.0259045011427,281.37748664884504,278.03451282474435,278.3300521015068,278.3300521015068,10698070.0,sample,2026-09-24 19:05:19.368976+00:00
MSFT,2025-01-11 11:00:00+00:00,278.7393235486038,281.43243011453217,277.640543958733,278.3250590870904,278.3250590870904,14348092.0,sample,2026-09-24 19:05:19.368976+00:00
MSFT,2025-01-11 11:15:00+00:00,277.4931734621307,282.05175277511256,274.9495017318952,280.1567412219735,280.1567412219735,17184205.0,sample,2026-09-24 19:05:19.368976+00:00
MSFT,2025-01-11 11:30:00+00:00,279.4843577940313,282.50795411822105,276.8155512341048,279.7787522864998,279.7787522864998,1943435.0,sample,2026-09-24 19:05:19.368976+00:00
MSFT,2025-01-11 11:45:00+00:00,279.65422069914126,279.98759899729475,276.0966090333155,279.2854371736268,279.2854371736268,15586751.0,sample,2026-09-24 19:05:19.368976+00:00
MSFT,2025-01-11 12:00:00+00:00,279.8243185579245,283.01979357087555,274.7336257950985,277.81076800567973,277.81076800567973,4859542.0,sample,2026-09-24 19:05:19.368976+00:00
MSFT,2025-01-11 12:15:00+00:00,277.57737220752585,280.6131438237699,274.55880267540283,278.4042155807502,278.4042155807502,14649392.0,sample,2026-09-24 19:05:19.368976+00:00
MSFT,2025-01-11 12:30:00+00:00,278.7435397791411,279.78537609510516,277.26064566274664,278.0504245561114,278.0504245561114,16743764.0,sample,2026-09-24 19:05:19.368976+00:00
MSFT,2025-01-11 12:45:00+00:00,278.151108354641,278.77705783529143,275.92665587220034,277.039531657503,277.039531657503,17612906.0,sample,2026-09-24 19:05:19.368976+00:00
MSFT,2025-01-11 13:00:00+00:00,276.7839206593545,280.0323000534555,274.5886244843248,275.2807385531071,275.2807385531071,17816750.0,sample,2026-09-24 19:05:19.368976+00:00
MSFT,2025-01-11 13:15:00+00:00,275.1984531436172,277.84415976243747,273.56923901388774,275.425438143088,275.425438143088,3648847.0,sample,2026-09-24 19:05:19.368976+00:00
MSFT,2025-01-11 13:30:00+00:00,275.16647603238647,277.45877881220196,272.07759519602513,274.96838235134567,274.96838235134567,12722128.0,sample,2026-09-24 19:05:19.368976+00:00
MSFT,2025-01-11 13:45:00+00:00,275.07660683656246,278.45932988183705,274.1143109437683,275.5030278651128,275.5030278651128,14290328.0,sample,2026-09-24 19:05:19.368976+00:00
MSFT,2025-01-11 14:00:00+00:00,274.9294826996081,278.1310602417397,274.42526437819,276.05170633849,276.05170633849,6596999.0,sample,2026-09-24 19:05:19.368976+00:00
MSFT,2025-01-11 14:15:00+00:00,275.98759629258046,277.0671639064226,274.60204719796707,275.37185160904977,275.37185160904977,12843704.0,sample,2026-09-24 19:05:19.368976+00:00
MSFT,2025-01-11 14:30:00+00:00,274.38633980224256,277.05681762990804,271.8758687219507,275.8084117862031,275.8084117862031,6431445.0,sample,2026-09-24 19:05:19.368976+00:00
MSFT,2025-01-11 14:45:00+00:00,275.3097615271426,278.40352375728446,274.4812353655822,276.44631146209474,276.44631146209474,9885100.0,sample,2026-09-24 19:05:19.368976+00:00
MSFT,2025-01-11 15:00:00+00:00,276.4796147674034,280.1600057583937,274.0413700391461,277.9650590363436,277.9650590363436,3671326.0,sample,2026-09-24 19:05:19.368976+00:00
MSFT,2025-01-11 15:15:00+00:00,277.8392049940119,280.4455647081755,275.0070358256333,277.49774984768385,277.49774984768385,15505164.0,sample,2026-09-24 19:05:19.368976+00:00
MSFT,2025-01-11 15:30:00+00:00,277.6673533362675,280.26662880977267,274.01276112557326,276.5464649069108,276.5464649069108,14539580.0,sample,2026-09-24 19:05:19.368976+00:00
MSFT,2025-01-11 15:45:00+00:00,276.7313530613037,279.5258323197705,275.6823905788988,277.4211173818779,277.4211173818779,15096521.0,sample,2026-09-24 19:05:19.368976+00:00
MSFT,2025-01-11 16:00:00+00:00,277.4362662934032,278.36688123273876,274.1787787838757,277.1205646481397,277.1205646481397,9865722.0,sample,2026-09-24 19:05:19.368976+00:00
MSFT,2025-01-11 16:15:00+00:00,276.2128324144397,280.2243830452249,274.80807775851645,279.67969658681096,279.67969658681096,3580728.0,sample,2026-09-24 19:05:19.368976+00:00
MSFT,2025-01-11 16:30:00+00:00,279.378596684047,281.48240710158814,275.13117238837435,278.37680777199046,278.37680777199046,7620101.0,sample,2026-09-24 19:05:19.368976+00:00
MSFT,2025-01-11 16:45:00+00:00,278.0256424209091,279.6056239085587,275.32686704567317,275.9257413354009,275.9257413354009,7280434.0,sample,2026-09-24 19:05:19.368976+00:00
MSFT,2025-01-11 17:00:00+00:00,275.7430282980776,279.14923647515616,272.89025145707046,276.3485025607936,276.3485025607936,6790171.0,sample,2026-09-24 19:05:19.368976+00:00
MSFT,2025-01-11 17:15:00+00:00,276.52817816296096,279.59362318142536,274.6961937244179,275.50796750233906,275.50796750233906,5676661.0,sample,2026-09-24 19:05:19.368976+00:00
MSFT,2025-01-11 17:30:00+00:00,275.6469998843087,278.33094352512745,274.3305206972119,275.99622810793437,275.99622810793437,11514015.0,sample,2026-09-24 19:05:19.368976+00:00
MSFT,2025-01-11 17:45:00+00:00,276.48321052889605,279.96800831722584,273.6901308711901,277.59873132525144,277.59873132525144,7019552.0,sample,2026-09-24 19:05:19.368976+00:00
MSFT,2025-01-11 18:00:00+00:00,278.0423716951854,281.37408538174094,275.1108129825743,278.26961273187766,278.26961273187766,14190429.0,sample,2026-09-24 19:05:19.368976+00:00
MSFT,2025-01-11 18:15:00+00:00,277.7494276064066,280.86522961050974,276.62606929890757,278.19090027175105,278.19090027175105,2755426.0,sample,2026-09-24 19:05:19.368976+00:00
MSFT,2025-01-11 18:30:00+00:00,278.232341284225,281.3386932663146,274.01063625278744,276.231368171668,276.231368171668,9662067.0,sample,2026-09-24 19:05:19.368976+00:00
MSFT,2025-01-11 18:45:00+00:00,277.0405683720193,279.69913048730115,273.97482983118164,275.3313643827947,275.3313643827947,14936984.0,sample,2026-09-24 19:05:19.368976+00:00
MSFT,2025-01-11 19:00:00+00:00,275.04181350986204,278.0867878794737,273.7298245122238,274.4316649823779,274.4316649823779,3063396.0,sample,2026-09-24 19:05:19.368976+00:00
MSFT,2025-01-11 19:15:00+00:00,274.3098499673482,274.8693803355957,272.075196406388,273.7817644746778,273.7817644746778,15827386.0,sample,2026-09-24 19:05:19.368976+00:00
MSFT,2025-01-11 19:30:00+00:00,273.5405273140911,276.3290464196718,271.7930735213691,274.20771367299506,274.20771367299506,9799297.0,sample,2026-09-24 19:05:19.368976+00:00
MSFT,2025-01-11 19:45:00+00:00,274.3297065803459,277.07090302733354,270.5535932571814,273.3035296724786,273.3035296724786,12820984.0,sample,2026-09-24 19:05:19.368976+00:00
MSFT,2025-01-11 20:00:00+00:00,272.6308479450112,275.86521664872373,270.0064047407866,272.52964115019876,272.52964115019876,16335807.0,sample,2026-09-24 19:05:19.368976+00:00
MSFT,2025-01-11 20:15:00+00:00,272.66629939742086,275.29499158594007,270.90333254299463,272.36909908621664,272.36909908621664,14147986.0,sample,2026-09-24 19:05:19.368976+00:00
MSFT,2025-01-11 20:30:00+00:00,273.3340979548674,275.6934783577949,269.9367272894678,273.13968657293464,273.13968657293464,12912782.0,sample,2026-09-24 19:05:19.368976+00:00
MSFT,2025-01-11 20:45:00+00:00,273.18995331582266,274.6423236932854,271.60348766825894,272.55853556085935,272.55853556085935,1885754.0,sample,2026-09-24 19:05:19.368976+00:00
MSFT,2025-01-11 21:00:00+00:00,273.1226386713232,273.6885750489349,271.8962839156208,272.46628035378967,272.46628035378967,6621644.0,sample,2026-09-24 19:05:19.368976+00:00
MSFT,2025-01-11 21:15:00+00:00,272.3531971136716,273.44129958958865,270.4607971344517,272.4597298247037,272.4597298247037,9053314.0,sample,2026-09-24 19:05:19.368976+00:00
MSFT,2025-01-11 21:30:00+00:00,271.89565391224704,273.4705404462868,266.7274837995158,269.7252602279415,269.7252602279415,16553574.0,sample,2026-09-24 19:05:19.368976+00:00
MSFT,2025-01-11 21:45:00+00:00,268.741107439168,272.739107179573,267.4751755768654,269.79571227494597,269.79571227494597,8927973.0,sample,2026-09-24 19:05:19.368976+00:00
MSFT,2025-01-11 22:00:00+00:00,270.09857757154003,273.5796755858109,268.25581310419307,270.4909023640047,270.4909023640047,4902835.0,sample,2026-09-24 19:05:19.368976+00:00
MSFT,2025-01-11 22:15:00+00:00,271.4119008456827,272.97963942910184,269.73556767052696,270.317773382495,270.317773382495,11504084.0,sample,2026-09-24 19:05:19.368976+00:00
MSFT,2025-01-11 22:30:00+00:00,270.52995891674885,273.19314879502673,269.4953630329255,269.94498847922205,269.94498847922205,9726236.0,sample,2026-09-24 19:05:19.368976+00:00
MSFT,2025-01-11 22:45:00+00:00,269.48952999384557,271.37039827345865,266.7791491034892,269.13491552305,269.13491552305,6223353.0,sample,2026-09-24 19:05:19.368976+00:00
MSFT,2025-01-11 23:00:00+00:00,269.23915333371605,270.878423935729,264.2705781054063,267.1026308487484,267.1026308487484,11965253.0,sample,2026-09-24 19:05:19.368976+00:00
MSFT,2025-01-11 23:15:00+00:00,267.42854755818445,268.35870995421647,264.1947099770406,266.4001416934752,266.4001416934752,3333110.0,sample,2026-09-24 19:05:19.368976+00:00
MSFT,2025-01-11 23:30:00+00:00,266.3515604813243,269.0684337077037,263.51525489676857,266.3210007760858,266.3210007760858,14863561.0,sample,2026-09-24 19:05:19.368976+00:00
MSFT,2025-01-11 23:45:00+00:00,266.87614039090954,269.35181025110614,263.9606716423491,266.7382980215479,266.7382980215479,5207935.0,sample,2026-09-24 19:05:19.368976+00:00
MSFT,2025-01-12 00:00:00+00:00,266.67881841996297,270.4876978018689,266.2686201977202,267.6846530786781,267.6846530786781,8166077.0,sample,2026-09-24 19:05:19.368976+00:00
MSFT,2025-01-12 00:15:00+00:00,267.5416587206544,269.8940437729556,261.8915228908089,264.7982399548451,264.7982399548451,17380465.0,sample,2026-09-24 19:05:19.368976+00:00
MSFT,2025-01-12 00:30:00+00:00,264.9046558017098,268.0572090019736,261.8419067192213,263.7795646875891,263.7795646875891,17829891.0,sample,2026-09-24 19:05:19.368976+00:00
MSFT,2025-01-12 00:45:00+00:00,263.90660854471287,264.43723340954546,263.33155568197327,263.5964116181322,263.5964116181322,12228155.0,sample,2026-09-24 19:05:19.368976+00:00
MSFT,2025-01-12 01:00:00+00:00,264.2056393324486,266.29606115974593,262.81764094960573,263.49398549861667,263.49398549861667,5028935.0,sample,2026-09-24 19:05:19.368976+00:00
MSFT,2025-01-12 01:15:00+00:00,263.23033524637964,266.23935435651197,262.59789743150503,263.11430304961,263.11430304961,15710375.0,sample,2026-09-24 19:05:19.368976+00:00
MSFT,2025-01-12 01:30:00+00:00,262.71237023125786,264.9531916466499,261.9746210138147,262.5051205593532,262.5051205593532,7822280.0,sample,2026-09-24 19:05:19.368976+00:00
MSFT,2025-01-12 01:45:00+00:00,263.121076517456,264.9757885340836,262.2372946297957,262.8929939964871,262.8929939964871,16115217.0,sample,2026-09-24 19:05:19.368976+00:00
MSFT,2025-01-12 02:00:00+00:00,263.5305010472801,265.35186432119883,262.8748391693901,263.7162155560596,263.7162155560596,3433452.0,sample,2026-09-24 19:05:19.368976+00:00
MSFT,2025-01-12 02:15:00+00:00,263.49781787736526,266.6090081180292,261.4276160137603,264.13180171893947,264.13180171893947,10606587.0,sample,2026-09-24 19:05:19.368976+00:00
MSFT,2025-01-12 02:30:00+00:00,264.9109952884536,265.3037198994149,260.1241632839009,262.36193907146713,262.36193907146713,11023026.0,sample,2026-09-24 19:05:19.368976+00:00
MSFT,2025-01-12 02:45:00+00:00,262.54847054831396,264.2437383651474,258.2193571309642,261.31556394290504,261.31556394290504,17612474.0,sample,2026-09-24 19:05:19.368976+00:00
MSFT,2025-01-12 03:00:00+00:00,261.1883278829644,262.3561673377142,258.2203919005231,262.0125991122415,262.0125991122415,4404307.0,sample,2026-09-24 19:05:19.368976+00:00
MSFT,2025-01-12 03:15:00+00:00,262.8372348292518,263.8563677642046,260.99562458344064,262.05618698062125,262.05618698062125,16081527.0,sample,2026-09-24 19:05:19.368976+00:00
MSFT,2025-01-12 03:30:00+00:00,262.38862912303205,265.7034474633837,259.95698014221756,262.9462582266985,262.9462582266985,13702769.0,sample,2026-09-24 19:05:19.368976+00:00
MSFT,2025-01-12 03:45:00+00:00,263.3582161354639,265.7074018812346,261.659101263088,264.5845929389029,264.5845929389029,8133478.0,sample,2026-09-24 19:05:19.368976+00:00
MSFT,2025-01-12 04:00:00+00:00,264.46884310853744,266.9292690577665,264.06587790783493,265.39805832025206,265.39805832025206,5396306.0,sample,2026-09-24 19:05:19.368976+00:00
MSFT,2025-01-12 04:15:00+00:00,265.75814688481177,266.79736365047944,264.0111157912382,265.35327082921197,265.35327082921197,2717348.0,sample,2026-09-24 19:05:19.368976+00:00
MSFT,2025-01-12 04:30:00+00:00,265.52266449841517,267.35862323619756,264.06631993793394,264.4236669553264,264.4236669553264,16388218.0,sample,2026-09-24 19:05:19.368976+00:00
MSFT,2025-01-12 04:45:00+00:00,264.6864704554594,265.9074133805351,262.11753570619516,265.10137695167674,265.10137695167674,14147642.0,sample,2026-09-24 19:05:19.368976+00:00
MSFT,2025-01-12 05:00:00+00:00,265.69941173876805,266.41139191377914,263.83973371940107,264.3785384300319,264.3785384300319,12490721.0,sample,2026-09-24 19:05:19.368976+00:00
MSFT,2025-01-12 05:15:00+00:00,264.8430996978704,265.83796534713815,262.3816113660534,262.8022307587553,262.8022307587553,8356799.0,sample,2026-09-24 19:05:19.368976+00:00
MSFT,2025-01-12 05:30:00+00:00,262.78564892504784,264.0714715720087,260.69588487398426,261.9473619978644,261.9473619978644,17328767.0,sample,2026-09-24 19:05:19.368976+00:00
MSFT,2025-01-12 05:45:00+00:00,262.3234513490068,266.27115182002694,262.0334160158957,263.49025977293775,263.49025977293775,5656953.0,sample,2026-09-24 19:05:19.368976+00:00
MSFT,2025-01-12 06:00:00+00:00,263.45198429139106,267.3809374142312,261.27056363648506,264.2578725158774,264.2578725158774,12858842.0,sample,2026-09-24 19:05:19.368976+00:00
MSFT,2025-01-12 06:15:00+00:00,264.01471628467885,267.30627114990034,261.4475836190858,264.33618147273495,264.33618147273495,5055547.0,sample,2026-09-24 19:05:19.368976+00:00
MSFT,2025-01-12 06:30:00+00:00,264.7230364128323,268.10030352337947,262.7688328624713,266.834846350983,266.834846350983,15662062.0,sample,2026-09-24 19:05:19.368976+00:00
MSFT,2025-01-12 06:45:00+00:00,267.27206293571845,271.5948999762204,266.93864980687465,269.1596420028309,269.1596420028309,2619543.0,sample,2026-09-24 19:05:19.368976+00:00
MSFT,2025-01-12 07:00:00+00:00,268.53593687546163,272.92764147113235,267.793533544851,269.8162753483843,269.8162753483843,5223267.0,sample,2026-09-24 19:05:19.368976+00:00
MSFT,2025-01-12 07:15:00+00:00,269.0339097699965,272.7364422559434,265.9994194682629,272.0953137870703,272.0953137870703,9993276.0,sample,2026-09-24 19:05:19.368976+00:00
MSFT,2025-01-12 07:30:00+00:00,271.81486254203895,273.3107935918124,268.89883670719814,271.4501752510282,271.4501752510282,7899873.0,sample,2026-09-24 19:05:19.368976+00:00
MSFT,2025-01-12 07:45:00+00:00,271.8250388181026,272.14364250633764,268.5575005491223,270.9793383892216,270.9793383892216,15370508.0,sample,2026-09-24 19:05:19.368976+00:00
MSFT,2025-01-12 08:00:00+00:00,271.3985911561025,272.5387524526533,268.89896316712577,270.29256890923375,270.29256890923375,15601628.0,sample,2026-09-24 19:05:19.368976+00:00
MSFT,2025-01-12 08:15:00+00:00,270.3619669473323,271.4449697575975,269.2280565684351,269.91721581519414,269.91721581519414,8262378.0,sample,2026-09-24 19:05:19.368976+00:00
MSFT,2025-01-12 08:30:00+00:00,269.4152739545782,271.9040233353483,266.2264590432509,269.4235920542688,269.4235920542688,12728038.0,sample,2026-09-24 19:05:19.368976+00:00
MSFT,2025-01-12 08:45:00+00:00,269.5878018102675,271.84822255187964,267.9105461284883,268.24377549974963,268.24377549974963,16340084.0,sample,2026-09-24 19:05:19.368976+00:00
MSFT,2025-01-12 09:00:00+00:00,268.82606492981677,272.3979020685226,268.1807333677027,271.5782183683448,271.5782183683448,17627392.0,sample,2026-09-24 19:05:19.368976+00:00
MSFT,2025-01-12 09:15:00+00:00,271.74065343997364,272.3865814557532,271.1094399720557,271.47290916967916,271.47290916967916,17940752.0,sample,2026-09-24 19:05:19.368976+00:00
MSFT,2025-01-12 09:30:00+00:00,272.036398852157,276.62393406671197,270.08897959701625,274.15783675786355,274.15783675786355,14014227.0,sample,2026-09-24 19:05:19.368976+00:00
MSFT,2025-01-12 09:45:00+00:00,273.7504196375553,276.7070966239649,272.1882699687063,274.3668632809217,274.3668632809217,11517288.0,sample,2026-09-24 19:05:19.368976+00:00
MSFT,2025-01-12 10:00:00+00:00,274.0786002518574,276.47594872898236,272.8944560591123,275.6412708955435,275.6412708955435,17101913.0,sample,2026-09-24 19:05:19.368976+00:00
MSFT,2025-01-12 10:15:00+00:00,276.33996851427685,278.98664399829323,274.9387851711911,277.36325921400214,277.36325921400214,17811700.0,sample,2026-09-24 19:05:19.368976+00:00
MSFT,2025-01-12 10:30:00+00:00,276.8256300708746,277.99938047148464,275.8147713038723,276.78254407055783,276.78254407055783,7553971.0,sample,2026-09-24 19:05:19.368976+00:00
MSFT,2025-01-12 10:45:00+00:00,276.87563893590317,278.8808148081166,275.04501700290507,276.79954866341984,276.79954866341984,17616498.0,sample,2026-09-24 19:05:19.368976+00:00
MSFT,2025-01-12 11:00:00+00:00,277.7598238183433,279.73628500625824,275.1562080351871,277.49380688074456,277.49380688074456,17548157.0,sample,2026-09-24 19:05:19.368976+00:00
MSFT,2025-01-12 11:15:00+00:00,276.41595230346854,281.40957520882773,274.6817548603648,278.23906481120395,278.23906481120395,8475604.0,sample,2026-09-24 19:05:19.368976+00:00
MSFT,2025-01-12 11:30:00+00:00,278.7681340073085,279.82442718026016,277.07761323187566,277.8867647006547,277.8867647006547,11799998.0,sample,2026-09-24 19:05:19.368976+00:00
MSFT,2025-01-12 11:45:00+00:00,278.2721083552013,281.7856565960168,276.4438211116695,278.591881536956,278.591881536956,9103652.0,sample,2026-09-24 19:05:19.368976+00:00
MSFT,2025-01-12 12:00:00+00:00,279.5643084271949,281.78954977918494,276.59934920837617,279.53210512801616,279.53210512801616,16657174.0,sample,2026-09-24 19:05:19.368976+00:00
MSFT,2025-01-12 12:15:00+00:00,279.9429997865443,282.47684299785027,279.1912062629316,280.7517413715459,280.7517413715459,11830679.0,sample,2026-09-24 19:05:19.368976+00:00
MSFT,2025-01-12 12:30:00+00:00,280.9099079081188,281.195774643803,276.64547434939857,278.5859082124935,278.5859082124935,14705237.0,sample,2026-09-24 19:05:19.368976+00:00
MSFT,2025-01-12 12:45:00+00:00,278.26840237404446,280.9825299984828,277.0586734183301,279.1558718118187,279.1558718118187,8519373.0,sample,2026-09-24 19:05:19.368976+00:00
MSFT,2025-01-12 13:00:00+00:00,278.74090222654735,280.8993070253565,276.6719602671812,278.4537487660482,278.4537487660482,3932389.0,sample,2026-09-24 19:05:19.368976+00:00
MSFT,2025-01-12 13:15:00+00:00,278.395739251189,280.1409494426334,275.3829631253035,277.68343281434204,277.68343281434204,16783276.0,sample,2026-09-24 19:05:19.368976+00:00
MSFT,2025-01-12 13:30:00+00:00,278.2594466274618,282.37430043439196,276.63698827940766,279.4297152799584,279.4297152799584,7931894.0,sample,2026-09-24 19:05:19.368976+00:00
MSFT,2025-01-12 13:45:00+00:00,279.948269434425,281.3119862687608,278.2378241443956,280.10852894450903,280.10852894450903,14877196.0,sample,2026-09-24 19:05:19.368976+00:00
MSFT,2025-01-12 14:00:00+00:00,280.6758382731952,282.6634096616334,278.0105055728283,279.91519739908716,279.91519739908716,5651765.0,sample,2026-09-24 19:05:19.368976+00:00
MSFT,2025-01-12 14:15:00+00:00,279.96185933646535,282.9147215447757,279.6396391041334,281.6906121748691,281.6906121748691,14688891.0,sample,2026-09-24 19:05:19.368976+00:00
MSFT,2025-01-12 14:30:00+00:00,280.78607705578816,284.9790067876323,280.1043013048206,281.9731970600116,281.9731970600116,7415110.0,sample,2026-09-24 19:05:19.368976+00:00
MSFT,2025-01-12 14:45:00+00:00,281.9237230179563,282.905344380531,281.4986152990511,282.16449521512686,282.16449521512686,5992778.0,sample,2026-09-24 19:05:19.368976+00:00
MSFT,2025-01-12 15:00:00+00:00,282.2146524082963,282.77145968309856,281.15342737605323,282.4252029437295,282.4252029437295,7776201.0,sample,2026-09-24 19:05:19.368976+00:00
MSFT,2025-01-12 15:15:00+00:00,282.7937033774114,286.34788888438277,280.64182038440583,283.0562619487435,283.0562619487435,3575518.0,sample,2026-09-24 19:05:19.368976+00:00
MSFT,2025-01-12 15:30:00+00:00,283.9748312255809,285.480043932362,280.2519280975063,283.1757237600137,283.1757237600137,9078736.0,sample,2026-09-24 19:05:19.368976+00:00
MSFT,2025-01-12 15:45:00+00:00,282.5687214307554,284.1121278485229,279.8745248851881,282.4007375369224,282.4007375369224,13734689.0,sample,2026-09-24 19:05:19.368976+00:00
MSFT,2025-01-12 16:00:00+00:00,282.509200031961,284.31444553425575,280.3407137214365,282.1458394145864,282.1458394145864,9485150.0,sample,2026-09-24 19:05:19.368976+00:00
MSFT,2025-01-12 16:15:00+00:00,283.07304331694496,285.7768042866479,280.8147678724224,282.9314911458413,282.9314911458413,15416659.0,sample,2026-09-24 19:05:19.368976+00:00
MSFT,2025-01-12 16:30:00+00:00,283.99271974708824,286.99479108141037,278.11540810171624,280.84695564418297,280.84695564418297,4250381.0,sample,2026-09-24 19:05:19.368976+00:00
MSFT,2025-01-12 16:45:00+00:00,280.8149533348868,281.6865670021893,277.2176836743842,279.54813302061444,279.54813302061444,15847485.0,sample,2026-09-24 19:05:19.368976+00:00
MSFT,2025-01-12 17:00:00+00:00,278.9256884333979,280.71848879994576,278.0378507093206,279.4161879419353,279.4161879419353,14670933.0,sample,2026-09-24 19:05:19.368976+00:00
MSFT,2025-01-12 17:15:00+00:00,279.31400362690124,281.94701396977376,278.5677243430164,279.0062262332088,279.0062262332088,8388022.0,sample,2026-09-24 19:05:19.368976+00:00
MSFT,2025-01-12 17:30:00+00:00,278.8990024462106,282.1548816743334,277.7675101091507,278.1699492483419,278.1699492483419,7482591.0,sample,2026-09-24 19:05:19.368976+00:00
MSFT,2025-01-12 17:45:00+00:00,277.0474271736534,279.06047651924575,273.7350406150661,278.6647895985291,278.6647895985291,6857130.0,sample,2026-09-24 19:05:19.368976+00:00
MSFT,2025-01-12 18:00:00+00:00,278.78888880904503,281.22865853525207,275.8178766521036,278.00909684374665,278.00909684374665,17714937.0,sample,2026-09-24 19:05:19.368976+00:00
MSFT,2025-01-12 18:15:00+00:00,277.7026414175453,281.5351585109718,275.43216529810474,278.42879314911534,278.42879314911534,10692508.0,sample,2026-09-24 19:05:19.368976+00:00
MSFT,2025-01-12 18:30:00+00:00,277.32344483552924,280.88667308822795,274.9905645504917,278.6900438483661,278.6900438483661,6792862.0,sample,2026-09-24 19:05:19.368976+00:00
MSFT,2025-01-12 18:45:00+00:00,278.4709117463008,280.1023141984663,277.2994445776349,278.6517842202051,278.6517842202051,16727299.0,sample,2026-09-24 19:05:19.368976+00:00
MSFT,2025-01-12 19:00:00+00:00,278.48097738462275,280.29144741893714,277.4265273056842,278.69047039002686,278.69047039002686,5152194.0,sample,2026-09-24 19:05:19.368976+00:00
MSFT,2025-01-12 19:15:00+00:00,279.6695020463713,280.9800860394176,275.04799637808526,278.24387011470236,278.24387011470236,5253358.0,sample,2026-09-24 19:05:19.368976+00:00
MSFT,2025-01-12 19:30:00+00:00,278.6299919488362,281.4012114741617,276.5669053624248,277.24939311581,277.24939311581,12285423.0,sample,2026-09-24 19:05:19.368976+00:00
MSFT,2025-01-12 19:45:00+00:00,276.85749130644115,278.9160912173881,276.040444449534,277.25076667949344,277.25076667949344,8609391.0,sample,2026-09-24 19:05:19.368976+00:00
MSFT,2025-01-12 20:00:00+00:00,275.9430333457556,282.4754849120233,273.76982764456164,279.2358661179048,279.2358661179048,6235726.0,sample,2026-09-24 19:05:19.368976+00:00
MSFT,2025-01-12 20:15:00+00:00,278.4903680863367,282.47571030433056,275.38414844825706,281.2200962809048,281.2200962809048,5509160.0,sample,2026-09-24 19:05:19.368976+00:00
MSFT,2025-01-12 20:30:00+00:00,281.24544561382027,282.98154976814527,278.94020940015497,282.42311814658683,282.42311814658683,12472634.0,sample,2026-09-24 19:05:19.368976+00:00
MSFT,2025-01-12 20:45:00+00:00,282.96831631552556,286.0536419037382,281.7316965333086,282.42529626291713,282.42529626291713,12809094.0,sample,2026-09-24 19:05:19.368976+00:00
MSFT,2025-01-12 21:00:00+00:00,282.6365776477055,283.59622813738173,280.64461039641793,281.4453923939443,281.4453923939443,3972684.0,sample,2026-09-24 19:05:19.368976+00:00
MSFT,2025-01-12 21:15:00+00:00,280.9348961108928,282.77122446082745,278.75387954855785,282.22858270587693,282.22858270587693,12938429.0,sample,2026-09-24 19:05:19.368976+00:00
MSFT,2025-01-12 21:30:00+00:00,280.8256179469272,284.4408701787582,277.9513530011102,283.1746728747453,283.1746728747453,12005094.0,sample,2026-09-24 19:05:19.368976+00:00
MSFT,2025-01-12 21:45:00+00:00,283.62087716000644,285.94136521830995,282.4608669690533,282.8293771426955,282.8293771426955,7457006.0,sample,2026-09-24 19:05:19.368976+00:00
MSFT,2025-01-12 22:00:00+00:00,283.21923422432343,288.1128201530549,279.9897602107276,286.8520010658124,286.8520010658124,3460030.0,sample,2026-09-24 19:05:19.368976+00:00
MSFT,2025-01-12 22:15:00+00:00,286.865208448022,287.2958797934919,284.02954733661016,285.1705754391532,285.1705754391532,7890337.0,sample,2026-09-24 19:05:19.368976+00:00
MSFT,2025-01-12 22:30:00+00:00,284.95814032638054,288.0525115268744,282.10682799551944,284.7637884316388,284.7637884316388,13506796.0,sample,2026-09-24 19:05:19.368976+00:00
MSFT,2025-01-12 22:45:00+00:00,285.25432600980974,286.7948242629631,283.7681193814455,285.4902111062235,285.4902111062235,9147849.0,sample,2026-09-24 19:05:19.368976+00:00
MSFT,2025-01-12 23:00:00+00:00,284.56481862591517,287.9435441121952,283.710120067721,287.2517325097873,287.2517325097873,2460545.0,sample,2026-09-24 19:05:19.368976+00:00
MSFT,2025-01-12 23:15:00+00:00,287.40952189479356,288.66091457513727,285.0064699435016,286.8952042280321,286.8952042280321,1720298.0,sample,2026-09-24 19:05:19.368976+00:00
MSFT,2025-01-12 23:30:00+00:00,286.7253692847397,288.11292173069916,285.88073133878993,286.8841608251908,286.8841608251908,12318426.0,sample,2026-09-24 19:05:19.368976+00:00
MSFT,2025-01-12 23:45:00+00:00,287.55637109256867,290.42295574901567,286.4900568061346,286.825998534601,286.825998534601,10631348.0,sample,2026-09-24 19:05:19.368976+00:00
MSFT,2025-01-13 00:00:00+00:00,287.14390479401527,289.988287947237,283.6073605785587,286.92906510641757,286.92906510641757,17829802.0,sample,2026-09-24 19:05:19.368976+00:00
MSFT,2025-01-13 00:15:00+00:00,286.91614517525556,290.3037254591995,284.7401615956477,288.9073502263622,288.9073502263622,12923125.0,sample,2026-09-24 19:05:19.368976+00:00
MSFT,2025-01-13 00:30:00+00:00,288.5273336658208,290.9675868044649,285.25249027574125,289.48878205919675,289.48878205919675,13416185.0,sample,2026-09-24 19:05:19.368976+00:00
MSFT,2025-01-13 00:45:00+00:00,290.83060799272613,293.17938387399073,285.4833751306671,288.6739656634029,288.6739656634029,2025891.0,sample,2026-09-24 19:05:19.368976+00:00
MSFT,2025-01-13 01:00:00+00:00,288.1961585189287,289.6183624462686,285.6969142370483,288.9465017378571,288.9465017378571,11988641.0,sample,2026-09-24 19:05:19.368976+00:00
MSFT,2025-01-13 01:15:00+00:00,288.2716991826209,289.70945311330786,284.90134948534995,289.25492659133863,289.25492659133863,8924069.0,sample,2026-09-24 19:05:19.368976+00:00
MSFT,2025-01-13 01:30:00+00:00,289.0327914455146,291.73155792405987,285.71718536419854,287.07225323155524,287.07225323155524,9998434.0,sample,2026-09-24 19:05:19.368976+00:00
MSFT,2025-01-13 01:45:00+00:00,287.1428848653737,290.1087298842442,284.11188760816543,284.5449492269713,284.5449492269713,14791984.0,sample,2026-09-24 19:05:19.368976+00:00
MSFT,2025-01-13 02:00:00+00:00,284.9854748411352,287.2721051445825,283.07455178685416,285.13241420623945,285.13241420623945,5028217.0,sample,2026-09-24 19:05:19.368976+00:00
MSFT,2025-01-13 02:15:00+00:00,284.35518180237256,288.86656911321194,283.8962351147964,287.09334384496026,287.09334384496026,9431216.0,sample,2026-09-24 19:05:19.368976+00:00
MSFT,2025-01-13 02:30:00+00:00,286.92895363601457,290.10692725242296,286.0900846025859,287.1440694037146,287.1440694037146,9599141.0,sample,2026-09-24 19:05:19.368976+00:00
MSFT,2025-01-13 02:45:00+00:00,286.7393813587698,289.05257567518527,285.5704843900206,287.3904580054667,287.3904580054667,15586010.0,sample,2026-09-24 19:05:19.368976+00:00
MSFT,2025-01-13 03:00:00+00:00,286.1200997952464,287.5955671383189,283.581673568936,286.43493321850383,286.43493321850383,10697199.0,sample,2026-09-24 19:05:19.368976+00:00
MSFT,2025-01-13 03:15:00+00:00,286.4763307660119,287.2227865700477,282.9249975110165,285.16088375240355,285.16088375240355,6757180.0,sample,2026-09-24 19:05:19.368976+00:00
MSFT,2025-01-13 03:30:00+00:00,285.9941958387589,287.8473279206202,283.41427296789897,284.05166315407035,284.05166315407035,6967093.0,sample,2026-09-24 19:05:19.368976+00:00
MSFT,2025-01-13 03:45:00+00:00,283.1884802044324,285.1862232423302,280.7202883472248,284.1538589812841,284.1538589812841,6288876.0,sample,2026-09-24 19:05:19.368976+00:00
MSFT,2025-01-13 04:00:00+00:00,284.0637987047653,285.36325350511106,280.9969558055989,283.4424724570683,283.4424724570683,13578695.0,sample,2026-09-24 19:05:19.368976+00:00
MSFT,2025-01-13 04:15:00+00:00,282.78709249566214,286.12022822224685,281.2213034242356,284.10205235977816,284.10205235977816,5021629.0,sample,2026-09-24 19:05:19.368976+00:00
MSFT,2025-01-13 04:30:00+00:00,283.18935146179496,284.46731002293706,280.1345396225662,282.8959319436001,282.8959319436001,13064307.0,sample,2026-09-24 19:05:19.368976+00:00
MSFT,2025-01-13 04:45:00+00:00,283.0146523442608,283.3851388514803,280.31382922161475,281.07897657310787,281.07897657310787,16643489.0,sample,2026-09-24 19:05:19.368976+00:00
MSFT,2025-01-13 05:00:00+00:00,282.3386935770035,282.90918059383864,277.15879438012973,279.4511871778774,279.4511871778774,14499830.0,sample,2026-09-24 19:05:19.368976+00:00
MSFT,2025-01-13 05:15:00+00:00,279.86698995505,280.70578259286293,276.99622578857003,278.0257044784428,278.0257044784428,5978828.0,sample,2026-09-24 19:05:19.368976+00:00
MSFT,2025-01-13 05:30:00+00:00,277.3596451842934,279.4956149256391,274.89977656677775,278.1142057766035,278.1142057766035,10700001.0,sample,2026-09-24 19:05:19.368976+00:00
MSFT,2025-01-13 05:45:00+00:00,277.5527485818057,279.14134297034457,276.20628160249953,277.535127844278,277.535127844278,9357005.0,sample,2026-09-24 19:05:19.368976+00:00
MSFT,2025-01-13 06:00:00+00:00,278.45588572394547,281.5766940984934,275.8870169862679,276.909203084223,276.909203084223,2726820.0,sample,2026-09-24 19:05:19.368976+00:00
MSFT,2025-01-13 06:15:00+00:00,277.86356612704645,280.40626421017083,270.12857395774967,273.358608235236,273.358608235236,4409008.0,sample,2026-09-24 19:05:19.368976+00:00
MSFT,2025-01-13 06:30:00+00:00,272.3840014343546,275.0287621854134,270.9375721085463,272.9220024598885,272.9220024598885,7963609.0,sample,2026-09-24 19:05:19.368976+00:00
MSFT,2025-01-13 06:45:00+00:00,273.6105696788954,275.7066610675548,272.77212810575384,273.38844002679355,273.38844002679355,11242890.0,sample,2026-09-24 19:05:19.368976+00:00
MSFT,2025-01-13 07:00:00+00:00,273.583165469353,274.90788305066155,272.9324818836406,273.336522865588,273.336522865588,11654799.0,sample,2026-09-24 19:05:19.368976+00:00
MSFT,2025-01-13 07:15:00+00:00,272.9754925211773,275.6805603389962,268.97095203118863,271.0147186725016,271.0147186725016,14831352.0,sample,2026-09-24 19:05:19.368976+00:00
MSFT,2025-01-13 07:30:00+00:00,270.4319539838283,274.0810414744909,269.46259963699185,272.2526275009796,272.2526275009796,8741382.0,sample,2026-09-24 19:05:19.368976+00:00
MSFT,2025-01-13 07:45:00+00:00,271.9388684916133,276.3196991930327,269.8907242445076,273.0847028082009,273.0847028082009,6638445.0,sample,2026-09-24 19:05:19.368976+00:00
MSFT,2025-01-13 08:00:00+00:00,272.3773019185916,275.3340452814152,269.4774991217628,270.5596520800321,270.5596520800321,7118980.0,sample,2026-09-24 19:05:19.368976+00:00
MSFT,2025-01-13 08:15:00+00:00,270.15977475309165,273.6454767612959,269.32549660324435,271.67658195732446,271.67658195732446,6945927.0,sample,2026-09-24 19:05:19.368976+00:00
MSFT,2025-01-13 08:30:00+00:00,271.1873696753303,272.63957880046434,267.7147131400765,270.85943557046613,270.85943557046613,6234122.0,sample,2026-09-24 19:05:19.368976+00:00
MSFT,2025-01-13 08:45:00+00:00,270.00440722985263,272.23214422792745,268.7387074140265,270.81594902493265,270.81594902493265,8171472.0,sample,2026-09-24 19:05:19.368976+00:00
MSFT,2025-01-13 09:00:00+00:00,270.59935245080703,272.3132511670891,268.57599308382646,269.2301323699183,269.2301323699183,14302759.0,sample,2026-09-24 19:05:19.368976+00:00
MSFT,2025-01-13 09:15:00+00:00,268.54091422276724,270.5656028860224,266.78537905136795,269.76461174720583,269.76461174720583,11347783.0,sample,2026-09-24 19:05:19.368976+00:00
MSFT,2025-01-13 09:30:00+00:00,270.12093595661287,271.43414251430863,267.87843220986014,270.4475429124149,270.4475429124149,10242850.0,sample,2026-09-24 19:05:19.368976+00:00
MSFT,2025-01-13 09:45:00+00:00,271.2523116682492,273.6651202213444,268.5872207919663,270.66355488182046,270.66355488182046,14875428.0,sample,2026-09-24 19:05:19.368976+00:00
MSFT,2025-01-13 10:00:00+00:00,271.1372495772175,271.96602201809645,268.48186983236417,270.84704570249266,270.84704570249266,3488348.0,sample,2026-09-24 19:05:19.368976+00:00
MSFT,2025-01-13 10:15:00+00:00,271.5695897662668,273.369269144333,267.2855271137186,269.3882426260769,269.3882426260769,6102597.0,sample,2026-09-24 19:05:19.368976+00:00
MSFT,2025-01-13 10:30:00+00:00,268.31802060192246,270.65275513002354,265.6817416892126,270.0733633854833,270.0733633854833,16613315.0,sample,2026-09-24 19:05:19.368976+00:00
MSFT,2025-01-13 10:45:00+00:00,268.65359464535464,270.4264599721256,265.52034138824143,268.08166764666146,268.08166764666146,14245681.0,sample,2026-09-24 19:05:19.368976+00:00
MSFT,2025-01-13 11:00:00+00:00,267.71443863484814,270.9143263822056,265.6782193416493,267.94492572936986,267.94492572936986,17815863.0,sample,2026-09-24 19:05:19.368976+00:00
MSFT,2025-01-13 11:15:00+00:00,267.01498832147223,270.89425043282483,265.28162240299554,268.6882178698411,268.6882178698411,11045015.0,sample,2026-09-24 19:05:19.368976+00:00
MSFT,2025-01-13 11:30:00+00:00,269.38373812422856,271.8701810183687,266.7214464223501,269.5459289963963,269.5459289963963,7522784.0,sample,2026-09-24 19:05:19.368976+00:00
MSFT,2025-01-13 11:45:00+00:00,269.92794896385635,271.99788477714367,266.3914714810921,269.2077462585292,269.2077462585292,1729790.0,sample,2026-09-24 19:05:19.368976+00:00
MSFT,2025-01-13 12:00:00+00:00,270.10985201958977,272.20716447228,267.3048859930407,270.78280385917253,270.78280385917253,8034600.0,sample,2026-09-24 19:05:19.368976+00:00
MSFT,2025-01-13 12:15:00+00:00,270.23797860128406,274.22681821916035,269.73466402231355,271.4272639562939,271.4272639562939,1564685.0,sample,2026-09-24 19:05:19.368976+00:00
MSFT,2025-01-13 12:30:00+00:00,270.44493523830107,272.5850292886235,270.1327513642598,271.5082925756057,271.5082925756057,6136802.0,sample,2026-09-24 19:05:19.368976+00:00
MSFT,2025-01-13 12:45:00+00:00,271.19091492657293,271.6987216254271,269.49048359747167,269.98335372217986,269.98335372217986,12704659.0,sample,2026-09-24 19:05:19.368976+00:00
MSFT,2025-01-13 13:00:00+00:00,269.902091089739,271.07062845293916,268.9614365266063,270.33352026139426,270.33352026139426,14022870.0,sample,2026-09-24 19:05:19.368976+00:00
MSFT,2025-01-13 13:15:00+00:00,270.51677871305486,272.3581689634697,268.6976090203743,270.48258061352834,270.48258061352834,16918041.0,sample,2026-09-24 19:05:19.368976+00:00
MSFT,2025-01-13 13:30:00+00:00,271.2581676372211,273.17071341506966,269.48854044099534,270.36053838142607,270.36053838142607,7866660.0,sample,2026-09-24 19:05:19.368976+00:00
MSFT,2025-01-13 13:45:00+00:00,269.83999030824407,274.7445775235182,269.1864914141923,271.6889400314437,271.6889400314437,16963933.0,sample,2026-09-24 19:05:19.368976+00:00
MSFT,2025-01-13 14:00:00+00:00,272.5658421543485,274.32004414140715,267.9593674390925,269.27338110440587,269.27338110440587,8950985.0,sample,2026-09-24 19:05:19.368976+00:00
MSFT,2025-01-13 14:15:00+00:00,270.0282841068266,273.0857621065042,268.273745473883,268.6948880861684,268.6948880861684,10104253.0,sample,2026-09-24 19:05:19.368976+00:00
MSFT,2025-01-13 14:30:00+00:00,268.738423800812,270.76098974064155,266.43674992457824,267.95193611060347,267.95193611060347,11171413.0,sample,2026-09-24 19:05:19.368976+00:00
MSFT,2025-01-13 14:45:00+00:00,268.1730800474112,269.3883501688009,266.2142823418365,266.58392684687806,266.58392684687806,16913952.0,sample,2026-09-24 19:05:19.368976+00:00
MSFT,2025-01-13 15:00:00+00:00,267.23424691857434,267.6534904630281,264.17528259865475,265.53326098030175,265.53326098030175,17153559.0,sample,2026-09-24 19:05:19.368976+00:00
MSFT,2025-01-13 15:15:00+00:00,264.58032764924417,268.18464858077266,261.55897037125123,265.44784414395684,265.44784414395684,9971613.0,sample,2026-09-24 19:05:19.368976+00:00
MSFT,2025-01-13 15:30:00+00:00,264.7813325186718,267.0758079075197,264.12033393959814,266.4336923166045,266.4336923166045,17477958.0,sample,2026-09-24 19:05:19.368976+00:00
MSFT,2025-01-13 15:45:00+00:00,266.02146041210017,267.10343526576384,263.01607558202926,266.79943402127344,266.79943402127344,7275440.0,sample,2026-09-24 19:05:19.368976+00:00
MSFT,2025-01-13 16:00:00+00:00,266.3840117358927,267.57096967898343,263.9740508561626,266.39547590478065,266.39547590478065,8106283.0,sample,2026-09-24 19:05:19.368976+00:00
MSFT,2025-01-13 16:15:00+00:00,266.0005649350508,268.54418324940013,265.73060031654205,266.0282729565705,266.0282729565705,8422701.0,sample,2026-09-24 19:05:19.368976+00:00
MSFT,2025-01-13 16:30:00+00:00,266.1772016524861,267.91002182515604,265.7275850561408,267.0104048881628,267.0104048881628,5738993.0,sample,2026-09-24 19:05:19.368976+00:00
MSFT,2025-01-13 16:45:00+00:00,266.1195292671542,266.5938051398371,264.0114127478542,264.92277815247513,264.92277815247513,10170057.0,sample,2026-09-24 19:05:19.368976+00:00
MSFT,2025-01-13 17:00:00+00:00,265.5609853659788,267.04098767948784,262.5326318688,264.1369443814601,264.1369443814601,7258963.0,sample,2026-09-24 19:05:19.368976+00:00
MSFT,2025-01-13 17:15:00+00:00,264.79299023967724,266.86286314684827,262.5059708599194,265.09494733716303,265.09494733716303,15405137.0,sample,2026-09-24 19:05:19.368976+00:00
MSFT,2025-01-13 17:30:00+00:00,265.4043787885463,268.17550458246694,264.24391578106565,264.9198032318121,264.9198032318121,6870299.0,sample,2026-09-24 19:05:19.368976+00:00
MSFT,2025-01-13 17:45:00+00:00,264.52576838495554,266.2130608082436,262.51554143572787,264.1535238282914,264.1535238282914,2771807.0,sample,2026-09-24 19:05:19.368976+00:00
MSFT,2025-01-13 18:00:00+00:00,263.5664584699868,264.96093563502666,260.9476786689439,264.6497953575471,264.6497953575471,8437278.0,sample,2026-09-24 19:05:19.368976+00:00
MSFT,2025-01-13 18:15:00+00:00,263.5224451701045,267.18645766628754,261.818349479542,264.9988399529435,264.9988399529435,5494878.0,sample,2026-09-24 19:05:19.368976+00:00
MSFT,2025-01-13 18:30:00+00:00,265.3478437964793,266.12566728486587,262.2922931993527,264.85260628510184,264.85260628510184,12289599.0,sample,2026-09-24 19:05:19.368976+00:00
MSFT,2025-01-13 18:45:00+00:00,264.9947670589704,267.6093111383977,261.3388292224539,264.2495255319145,264.2495255319145,13315466.0,sample,2026-09-24 19:05:19.368976+00:00
MSFT,2025-01-13 19:00:00+00:00,264.5320639274535,266.8392955784766,260.60893514019716,262.8538585971581,262.8538585971581,15451925.0,sample,2026-09-24 19:05:19.368976+00:00
MSFT,2025-01-13 19:15:00+00:00,262.7218123344786,264.0749848044971,260.3293133019694,261.67051138667534,261.67051138667534,14150304.0,sample,2026-09-24 19:05:19.368976+00:00
MSFT,2025-01-13 19:30:00+00:00,262.3776986932992,263.6062372032549,260.811686507379,261.9003962262256,261.9003962262256,4865233.0,sample,2026-09-24 19:05:19.368976+00:00
MSFT,2025-01-13 19:45:00+00:00,262.0377240681507,265.69566651356644,259.5180008958282,263.0506141650038,263.0506141650038,12996252.0,sample,2026-09-24 19:05:19.368976+00:00
MSFT,2025-01-13 20:00:00+00:00,262.66644032499863,264.563993852734,262.1558827631861,263.0150481908517,263.0150481908517,14262104.0,sample,2026-09-24 19:05:19.368976+00:00
MSFT,2025-01-13 20:15:00+00:00,262.1793847575438,263.770959353108,261.23426613703026,262.37878443684497,262.37878443684497,5499112.0,sample,2026-09-24 19:05:19.368976+00:00
MSFT,2025-01-13 20:30:00+00:00,262.41143659649526,265.2314748340703,261.7716579149173,263.67407987705155,263.67407987705155,4985540.0,sample,2026-09-24 19:05:19.368976+00:00
MSFT,2025-01-13 20:45:00+00:00,264.04052794047055,268.1926051604,261.07526260580846,265.5993583613599,265.5993583613599,6880975.0,sample,2026-09-24 19:05:19.368976+00:00
MSFT,2025-01-13 21:00:00+00:00,264.9894710477329,266.5786337300943,262.05403388209277,265.83087532364664,265.83087532364664,9799047.0,sample,2026-09-24 19:05:19.368976+00:00
MSFT,2025-01-13 21:15:00+00:00,264.80316905533294,268.9022492423789,263.6878901361949,266.3823560431797,266.3823560431797,14011087.0,sample,2026-09-24 19:05:19.368976+00:00
MSFT,2025-01-13 21:30:00+00:00,265.94585529912405,269.65147091963104,264.1312690964558,266.8041706561296,266.8041706561296,12305353.0,sample,2026-09-24 19:05:19.368976+00:00
MSFT,2025-01-13 21:45:00+00:00,265.9103319248707,268.3045201374844,263.7533567016487,267.31745937401655,267.31745937401655,5251109.0,sample,2026-09-24 19:05:19.368976+00:00
MSFT,2025-01-13 22:00:00+00:00,266.75763142985227,267.20860521163405,263.0637676688942,265.2978018036265,265.2978018036265,12332364.0,sample,2026-09-24 19:05:19.368976+00:00
MSFT,2025-01-13 22:15:00+00:00,265.30890339164796,268.0886928046884,262.3426673843868,265.24587661996884,265.24587661996884,12955188.0,sample,2026-09-24 19:05:19.368976+00:00
MSFT,2025-01-13 22:30:00+00:00,266.00614537350873,266.9431905612416,262.6091748717965,264.32643884571115,264.32643884571115,10498497.0,sample,2026-09-24 19:05:19.368976+00:00
MSFT,2025-01-13 22:45:00+00:00,263.9462449920403,266.8385501851211,261.9601644223869,265.4421430094615,265.4421430094615,8327362.0,sample,2026-09-24 19:05:19.368976+00:00
MSFT,2025-01-13 23:00:00+00:00,266.0333783981727,268.7947961282393,265.5328860605357,266.13401179578534,266.13401179578534,17692899.0,sample,2026-09-24 19:05:19.368976+00:00
MSFT,2025-01-13 23:15:00+00:00,265.8261064802947,268.0240505577066,264.0776746004133,267.09184282475474,267.09184282475474,7437863.0,sample,2026-09-24 19:05:19.368976+00:00
MSFT,2025-01-13 23:30:00+00:00,267.42849513109303,269.9956266657179,262.78438219998975,263.9652955428432,263.9652955428432,12015590.0,sample,2026-09-24 19:05:19.368976+00:00
MSFT,2025-01-13 23:45:00+00:00,263.45898115035334,266.01568646035724,262.83985806882635,263.9730934056503,263.9730934056503,13953548.0,sample,2026-09-24 19:05:19.368976+00:00
MSFT,2025-01-14 00:00:00+00:00,264.47982819033825,267.62150233711935,261.9899871076918,262.50760982847515,262.50760982847515,8696626.0,sample,2026-09-24 19:05:19.368976+00:00
MSFT,2025-01-14 00:15:00+00:00,263.53359631224106,265.2393037436484,261.57361519816845,263.3050421234329,263.3050421234329,13569725.0,sample,2026-09-24 19:05:19.368976+00:00
MSFT,2025-01-14 00:30:00+00:00,262.8894145085817,263.3546745459296,258.49555503443617,261.4916427988936,261.4916427988936,15130425.0,sample,2026-09-24 19:05:19.368976+00:00
MSFT,2025-01-14 00:45:00+00:00,261.3927220344023,263.11257189321185,259.88032605781433,260.8024953270417,260.8024953270417,3239601.0,sample,2026-09-24 19:05:19.368976+00:00
MSFT,2025-01-14 01:00:00+00:00,260.3063154009606,261.7724743948348,259.5700661199483,260.41254776172127,260.41254776172127,12868985.0,sample,2026-09-24 19:05:19.368976+00:00
MSFT,2025-01-14 01:15:00+00:00,260.10325193624885,260.452039285145,256.34868970186466,259.29711857378834,259.29711857378834,7045996.0,sample,2026-09-24 19:05:19.368976+00:00
