symbol,timestamp,open,high,low,close,adj_close,volume,source,ingestion_time
MSFT,2025-01-02 14:30:00+00:00,281.1243133085457,282.39493011327386,279.12457273286014,280.9589711226722,280.9589711226722,15060180.0,sample,2026-09-24 19:05:19.368976+00:00
MSFT,2025-01-02 14:35:00+00:00,281.0344242100291,283.39530637297116,276.2739297035675,277.6480220450925,277.6480220450925,1652253.0,sample,2026-09-24 19:05:19.368976+00:00
MSFT,2025-01-02 14:40:00+00:00,277.60082358694626,278.8693035674054,275.1332314503907,277.32333733081225,277.32333733081225,3292431.0,sample,2026-09-24 19:05:19.368976+00:00
MSFT,2025-01-02 14:45:00+00:00,277.02498375388245,280.2220323266363,275.41976394311797,278.9503084137791,278.9503084137791,8497292.0,sample,2026-09-24 19:05:19.368976+00:00
MSFT,2025-01-02 14:50:00+00:00,279.33848348900943,282.2000188225845,276.6189177008111,277.5796208536476,277.5796208536476,2886564.0,sample,2026-09-24 19:05:19.368976+00:00
MSFT,2025-01-02 14:55:00+00:00,277.89971201727025,279.13466680564255,275.45423436523174,277.65259013413754,277.65259013413754,2609217.0,sample,2026-09-24 19:05:19.368976+00:00
MSFT,2025-01-02 15:00:00+00:00,277.01168122177626,281.69716313916535,276.44075247042537,279.3373253382969,279.3373253382969,2038561.0,sample,2026-09-24 19:05:19.368976+00:00
MSFT,2025-01-02 15:05:00+00:00,278.916922916306,280.97136278617137,276.7627715425484,278.0489796278234,278.0489796278234,13204017.0,sample,2026-09-24 19:05:19.368976+00:00
MSFT,2025-01-02 15:10:00+00:00,277.6420107779248,279.83055894078853,275.03961367717574,278.96596089239813,278.96596089239813,14086531.0,sample,2026-09-24 19:05:19.368976+00:00
MSFT,2025-01-02 15:15:00+00:00,278.6208541021647,282.0115440298036,277.6469720692774,281.10699501516973,281.10699501516973,11595644.0,sample,2026-09-24 19:05:19.368976+00:00
MSFT,2025-01-02 15:20:00+00:00,280.73867555573435,284.70302510758387,280.3753655308734,281.62410449706636,281.62410449706636,4267830.0,sample,2026-09-24 19:05:19.368976+00:00
MSFT,2025-01-02 15:25:00+00:00,281.0447670980261,286.74866548005224,279.59312716380276,283.47949980722143,283.47949980722143,16246597.0,sample,2026-09-24 19:05:19.368976+00:00
MSFT,2025-01-02 15:30:00+00:00,282.47687615708764,285.5685918275105,282.0669876569191,283.3370563920926,283.3370563920926,3467496.0,sample,2026-09-24 19:05:19.368976+00:00
MSFT,2025-01-02 15:35:00+00:00,284.0181957192748,286.76095702189747,280.89152953190376,282.8745584479664,282.8745584479664,4975963.0,sample,2026-09-24 19:05:19.368976+00:00
MSFT,2025-01-02 15:40:00+00:00,282.46588939001566,285.5688211372067,279.77145007770145,283.4166742870731,283.4166742870731,9580114.0,sample,2026-09-24 19:05:19.368976+00:00
MSFT,2025-01-02 15:45:00+00:00,283.2956856717328,286.19532848883296,280.600258656755,281.8032131011451,281.8032131011451,2296145.0,sample,2026-09-24 19:05:19.368976+00:00
MSFT,2025-01-02 15:50:00+00:00,282.50318875996976,283.63348557905965,281.3869928627254,283.07111086610604,283.07111086610604,17151910.0,sample,2026-09-24 19:05:19.368976+00:00
MSFT,2025-01-02 15:55:00+00:00,283.3834165640674,285.8141018509402,281.52212254728954,283.1357202046183,283.1357202046183,13316102.0,sample,2026-09-24 19:05:19.368976+00:00
MSFT,2025-01-02 16:00:00+00:00,283.88216052072187,284.8384288605021,279.5899914469479,281.6890235606499,281.6890235606499,9188970.0,sample,2026-09-24 19:05:19.368976+00:00
MSFT,2025-01-02 16:05:00+00:00,281.2635849327977,284.00023111114984,280.3006630905768,282.9816254605418,282.9816254605418,9512012.0,sample,2026-09-24 19:05:19.368976+00:00
MSFT,2025-01-02 16:10:00+00:00,283.04545564409915,285.64613868423817,282.3921241664159,283.76329063902244,283.76329063902244,4193393.0,sample,2026-09-24 19:05:19.368976+00:00
MSFT,2025-01-02 16:15:00+00:00,284.3783912565768,287.67265373526453,280.66612046568554,283.4063037397534,283.4063037397534,16396954.0,sample,2026-09-24 19:05:19.368976+00:00
MSFT,2025-01-02 16:20:00+00:00,283.35128984938876,284.50447961642067,281.00655746862924,282.70967924813766,282.70967924813766,3559655.0,sample,2026-09-24 19:05:19.368976+00:00
MSFT,2025-01-02 16:25:00+00:00,282.3107800703361,284.7435324730461,279.8297600434362,283.14883113838636,283.14883113838636,4911927.0,sample,2026-09-24 19:05:19.368976+00:00
MSFT,2025-01-02 16:30:00+00:00,283.4009315466648,284.4158197692846,278.67248810503827,281.38173187578457,281.38173187578457,16487328.0,sample,2026-09-24 19:05:19.368976+00:00
MSFT,2025-01-02 16:35:00+00:00,282.12719823280423,284.5757067656755,276.9287016197635,280.0978651482199,280.0978651482199,10582811.0,sample,2026-09-24 19:05:19.368976+00:00
MSFT,2025-01-02 16:40:00+00:00,279.2120777774169,283.5062878325555,277.91624736229704,281.56076822878356,281.56076822878356,11716085.0,sample,2026-09-24 19:05:19.368976+00:00
MSFT,2025-01-02 16:45:00+00:00,282.08581532332545,283.9118517435956,281.6544420411864,281.9834427099951,281.9834427099951,3352409.0,sample,2026-09-24 19:05:19.368976+00:00
MSFT,2025-01-02 16:50:00+00:00,282.3224636332634,285.7243194211334,279.2864112491308,283.43136598956534,283.43136598956534,9998364.0,sample,2026-09-24 19:05:19.368976+00:00
MSFT,2025-01-02 16:55:00+00:00,282.82478544377165,286.96059249807143,279.74185695566956,283.7218542068822,283.7218542068822,15213782.0,sample,2026-09-24 19:05:19.368976+00:00
MSFT,2025-01-02 17:00:00+00:00,283.43078822553633,286.58155097942654,281.4418481233355,285.7229557677583,285.7229557677583,10780343.0,sample,2026-09-24 19:05:19.368976+00:00
MSFT,2025-01-02 17:05:00+00:00,285.99080855063727,288.3022118054006,281.2077673985362,284.6035049327758,284.6035049327758,10101184.0,sample,2026-09-24 19:05:19.368976+00:00
MSFT,2025-01-02 17:10:00+00:00,283.4551633490579,287.5280398777232,282.55853371339975,286.08283921761637,286.08283921761637,11242542.0,sample,2026-09-24 19:05:19.368976+00:00
MSFT,2025-01-02 17:15:00+00:00,285.96892131364774,289.97459651831707,284.98939808949757,287.2938013891565,287.2938013891565,7654092.0,sample,2026-09-24 19:05:19.368976+00:00
MSFT,2025-01-02 17:20:00+00:00,287.39538790280676,290.15035549838717,284.4500783249468,288.772401026613,288.772401026613,13786514.0,sample,2026-09-24 19:05:19.368976+00:00
MSFT,2025-01-02 17:25:00+00:00,288.5500695846571,291.5675729213295,288.25398179874463,290.7878414781341,290.7878414781341,11135061.0,sample,2026-09-24 19:05:19.368976+00:00
MSFT,2025-01-02 17:30:00+00:00,290.6051989885518,290.8985564715144,287.673552218633,290.53291135119184,290.53291135119184,9157178.0,sample,2026-09-24 19:05:19.368976+00:00
MSFT,2025-01-02 17:35:00+00:00,289.2392802405595,292.0395597690937,286.40441493776314,290.74174726724993,290.74174726724993,9360314.0,sample,2026-09-24 19:05:19.368976+00:00
MSFT,2025-01-02 17:40:00+00:00,289.8196426600284,293.6183513089191,288.727126490671,293.28194986653654,293.28194986653654,7126664.0,sample,2026-09-24 19:05:19.368976+00:00
MSFT,2025-01-02 17:45:00+00:00,293.0267982625139,297.0350861752042,291.7573247415089,294.98505458255875,294.98505458255875,11001882.0,sample,2026-09-24 19:05:19.368976+00:00
MSFT,2025-01-02 17:50:00+00:00,296.45756697559074,297.0623299441529,294.4978634677039,296.36069590922193,296.36069590922193,3820223.0,sample,2026-09-24 19:05:19.368976+00:00
MSFT,2025-01-02 17:55:00+00:00,296.3860144249617,299.4917124584815,293.8012132216508,294.8758828848061,294.8758828848061,12191760.0,sample,2026-09-24 19:05:19.368976+00:00
MSFT,2025-01-02 18:00:00+00:00,295.11881461144924,300.1104759792514,291.6203806052736,297.36178336213555,297.36178336213555,12813057.0,sample,2026-09-24 19:05:19.368976+00:00
MSFT,2025-01-02 18:05:00+00:00,297.40951367282594,299.0776850693025,296.91874065015713,298.1577162098224,298.1577162098224,3747995.0,sample,2026-09-24 19:05:19.368976+00:00
MSFT,2025-01-02 18:10:00+00:00,298.56931015971327,302.97178662032184,296.0348647110693,299.46243563116343,299.46243563116343,1583121.0,sample,2026-09-24 19:05:19.368976+00:00
MSFT,2025-01-02 18:15:00+00:00,298.77566807983044,300.47477326080394,294.65670737854936,297.5784493050962,297.5784493050962,1571336.0,sample,2026-09-24 19:05:19.368976+00:00
MSFT,2025-01-02 18:20:00+00:00,298.9359361507404,299.8316054663166,296.2668327885201,298.1532689933738,298.1532689933738,5373082.0,sample,2026-09-24 19:05:19.368976+00:00
MSFT,2025-01-02 18:25:00+00:00,297.8119661293804,299.33018973761375,292.6965111914702,295.55885404642396,295.55885404642396,16690183.0,sample,2026-09-24 19:05:19.368976+00:00
MSFT,2025-01-02 18:30:00+00:00,294.6287730926959,299.5263240380041,292.2834707513609,296.676251822629,296.676251822629,6164099.0,sample,2026-09-24 19:05:19.368976+00:00
MSFT,2025-01-02 18:35:00+00:00,296.4605045101517,299.81518563605135,294.873427042571,296.8773925317189,296.8773925317189,9207417.0,sample,2026-09-24 19:05:19.368976+00:00
MSFT,2025-01-02 18:40:00+00:00,297.0080153029998,299.9845937312583,295.7361905219184,297.3393171320483,297.3393171320483,14929612.0,sample,2026-09-24 19:05:19.368976+00:00
MSFT,2025-01-02 18:45:00+00:00,297.45935210106694,299.11690621691514,293.5274739982005,296.33806263706475,296.33806263706475,9173017.0,sample,2026-09-24 19:05:19.368976+00:00
MSFT,2025-01-02 18:50:00+00:00,295.53359868412633,297.4023274575476,294.66484723027526,296.8849190934741,296.8849190934741,16658933.0,sample,2026-09-24 19:05:19.368976+00:00
MSFT,2025-01-02 18:55:00+00:00,297.1328865503967,298.9764109265748,294.0723686983189,296.87766896200736,296.87766896200736,6414223.0,sample,2026-09-24 19:05:19.368976+00:00
MSFT,2025-01-02 19:00:00+00:00,296.67247773103577,298.12873351113063,293.68015016153856,295.00207777858355,295.00207777858355,12018338.0,sample,2026-09-24 19:05:19.368976+00:00
MSFT,2025-01-02 19:05:00+00:00,295.98979640907083,297.68922253024067,294.27218363102673,295.4952700877859,295.4952700877859,6231985.0,sample,2026-09-24 19:05:19.368976+00:00
MSFT,2025-01-02 19:10:00+00:00,295.37163954148224,298.072177008204,294.2469078439336,295.3889825666647,295.3889825666647,10051840.0,sample,2026-09-24 19:05:19.368976+00:00
MSFT,2025-01-02 19:15:00+00:00,296.38528796980216,299.0707415392801,292.81844385636566,293.7819875404803,293.7819875404803,16800361.0,sample,2026-09-24 19:05:19.368976+00:00
MSFT,2025-01-02 19:20:00+00:00,292.9120761585988,297.2118016068488,289.79909262663375,295.1233276485106,295.1233276485106,14509021.0,sample,2026-09-24 19:05:19.368976+00:00
MSFT,2025-01-02 19:25:00+00:00,295.26053817708294,298.6591538707556,290.38311174840953,293.63053303657273,293.63053303657273,6959996.0,sample,2026-09-24 19:05:19.368976+00:00
MSFT,2025-01-02 19:30:00+00:00,294.71628132447563,296.65384465744455,289.69121041998983,292.86382597698184,292.86382597698184,16009219.0,sample,2026-09-24 19:05:19.368976+00:00
MSFT,2025-01-02 19:35:00+00:00,293.5706646391687,296.9408555708838,288.6824203224215,290.7513859552642,290.7513859552642,13976366.0,sample,2026-09-24 19:05:19.368976+00:00
MSFT,2025-01-02 19:40:00+00:00,291.2563291577035,293.99947007830673,287.43516086287684,288.8658891180435,288.8658891180435,8250394.0,sample,2026-09-24 19:05:19.368976+00:00
MSFT,2025-01-02 19:45:00+00:00,289.0006355351354,291.2425562280705,285.8493589643267,289.5007207578748,289.5007207578748,14048840.0,sample,2026-09-24 19:05:19.368976+00:00
MSFT,2025-01-02 19:50:00+00:00,289.90135518579046,295.2167141509023,289.44223130224054,292.44767132756266,292.44767132756266,11229392.0,sample,2026-09-24 19:05:19.368976+00:00
MSFT,2025-01-02 19:55:00+00:00,293.0806663211349,295.00175178123607,290.7836308355172,291.8579480156172,291.8579480156172,8933528.0,sample,2026-09-24 19:05:19.368976+00:00
MSFT,2025-01-02 20:00:00+00:00,291.07325466211546,294.7848959454101,290.67621450447103,291.68007837671405,291.68007837671405,10962275.0,sample,2026-09-24 19:05:19.368976+00:00
MSFT,2025-01-02 20:05:00+00:00,292.16870689190307,294.7029880951172,289.2588740357886,291.45274395526945,291.45274395526945,8621466.0,sample,2026-09-24 19:05:19.368976+00:00
MSFT,2025-01-02 20:10:00+00:00,291.952023970658,294.8450973429265,288.9264673828297,292.8278024445692,292.8278024445692,15756293.0,sample,2026-09-24 19:05:19.368976+00:00
MSFT,2025-01-02 20:15:00+00:00,292.43220900668024,297.08846751270573,290.1499244456005,295.85489570753407,295.85489570753407,8071438.0,sample,2026-09-24 19:05:19.368976+00:00
MSFT,2025-01-02 20:20:00+00:00,296.3311032117808,297.2339212354835,295.6979110175477,296.46595233706597,296.46595233706597,15419100.0,sample,2026-09-24 19:05:19.368976+00:00
MSFT,2025-01-02 20:25:00+00:00,295.975022586751,296.7340091069602,294.91080472585213,296.43664056358426,296.43664056358426,1647760.0,sample,2026-09-24 19:05:19.368976+00:00
MSFT,2025-01-02 20:30:00+00:00,296.1472572840365,300.34631041138846,292.9318019493918,297.8294405926337,297.8294405926337,9572053.0,sample,2026-09-24 19:05:19.368976+00:00
MSFT,2025-01-02 20:35:00+00:00,298.26808316935063,299.6899993453368,295.3867981543926,298.86286376988585,298.86286376988585,15171889.0,sample,2026-09-24 19:05:19.368976+00:00
MSFT,2025-01-02 20:40:00+00:00,297.3794034667106,300.62745667411053,296.9812140567896,298.7439006194845,298.7439006194845,3039576.0,sample,2026-09-24 19:05:19.368976+00:00
MSFT,2025-01-02 20:45:00+00:00,298.3147789554708,302.60642448713037,296.2305605655297,299.0278326570398,299.0278326570398,3088195.0,sample,2026-09-24 19:05:19.368976+00:00
MSFT,2025-01-02 20:50:00+00:00,298.2135887229091,299.5869771483582,297.8330314287562,298.1325001459786,298.1325001459786,13374287.0,sample,2026-09-24 19:05:19.368976+00:00
MSFT,2025-01-02 20:55:00+00:00,297.7558083062992,298.7996384757834,294.4527695619123,298.4317072735598,298.4317072735598,8526112.0,sample,2026-09-24 19:05:19.368976+00:00
MSFT,2025-01-02 21:00:00+00:00,297.67200247815,299.6542035609939,294.43144776714894,296.89720894527,296.89720894527,6476600.0,sample,2026-09-24 19:05:19.368976+00:00
MSFT,2025-01-02 21:05:00+00:00,296.53267443046366,300.3688924032908,296.21470553816056,298.83040480947705,298.83040480947705,9548299.0,sample,2026-09-24 19:05:19.368976+00:00
MSFT,2025-01-02 21:10:00+00:00,298.8054568570537,303.0320755840454,297.1515088151523,300.7679294995364,300.7679294995364,1961486.0,sample,2026-09-24 19:05:19.368976+00:00
MSFT,2025-01-02 21:15:00+00:00,301.0515516886777,303.79751382215545,295.10534671525886,298.30696138665206,298.30696138665206,8080630.0,sample,2026-09-24 19:05:19.368976+00:00
MSFT,2025-01-02 21:20:00+00:00,298.59020243892064,301.9960520747784,295.30461489246983,295.8901463632002,295.8901463632002,10421792.0,sample,2026-09-24 19:05:19.368976+00:00
MSFT,2025-01-02 21:25:00+00:00,296.6867827406117,298.92407939450743,294.4668235337992,294.92238730626667,294.92238730626667,3626116.0,sample,2026-09-24 19:05:19.368976+00:00
MSFT,2025-01-02 21:30:00+00:00,295.5802178779573,298.6932568012897,291.8553616497991,294.82794637651585,294.82794637651585,6594315.0,sample,2026-09-24 19:05:19.368976+00:00
MSFT,2025-01-02 21:35:00+00:00,295.4464534898095,296.8777462487733,293.4167251432756,296.21592217374797,296.21592217374797,3068526.0,sample,2026-09-24 19:05:19.368976+00:00
MSFT,2025-01-02 21:40:00+00:00,295.96566006586653,298.7633760436497,293.93469665287006,295.80964835806986,295.80964835806986,11882345.0,sample,2026-09-24 19:05:19.368976+00:00
MSFT,2025-01-02 21:45:00+00:00,295.8257252716077,300.59913313405673,293.0663963471714,297.14403260264135,297.14403260264135,3027863.0,sample,2026-09-24 19:05:19.368976+00:00
MSFT,2025-01-02 21:50:00+00:00,297.5707129170029,299.3579945954957,294.66317955893396,295.2281122121198,295.2281122121198,9354588.0,sample,2026-09-24 19:05:19.368976+00:00
MSFT,2025-01-02 21:55:00+00:00,294.2745693664734,297.056560039911,291.38714697519845,294.90105695021555,294.90105695021555,8788365.0,sample,2026-09-24 19:05:19.368976+00:00
MSFT,2025-01-02 22:00:00+00:00,294.5800994634856,295.34176167962465,291.9890025517329,294.7104739401607,294.7104739401607,4364819.0,sample,2026-09-24 19:05:19.368976+00:00
MSFT,2025-01-02 22:05:00+00:00,294.59716282049436,297.42965251161695,292.09984551811937,293.41237351722987,293.41237351722987,9662005.0,sample,2026-09-24 19:05:19.368976+00:00
MSFT,2025-01-02 22:10:00+00:00,293.1723245276142,296.02765313989664,291.206511758193,292.24984951286257,292.24984951286257,16444397.0,sample,2026-09-24 19:05:19.368976+00:00
MSFT,2025-01-02 22:15:00+00:00,292.2651571194489,293.5327717154615,291.272241794804,293.0228690619876,293.0228690619876,10562684.0,sample,2026-09-24 19:05:19.368976+00:00
MSFT,2025-01-02 22:20:00+00:00,293.00717125664835,294.8425223485137,289.7940411406155,293.4005828456067,293.4005828456067,3250593.0,sample,2026-09-24 19:05:19.368976+00:00
MSFT,2025-01-02 22:25:00+00:00,294.3823310730294,296.1082083143917,291.1081561973737,294.56282557511963,294.56282557511963,10890087.0,sample,2026-09-24 19:05:19.368976+00:00
MSFT,2025-01-02 22:30:00+00:00,294.3082980504391,296.1006501991418,289.613774677977,292.06095708766316,292.06095708766316,2932280.0,sample,2026-09-24 19:05:19.368976+00:00
MSFT,2025-01-02 22:35:00+00:00,291.0881788677027,294.3512712720719,290.4598391102781,293.96254647538854,293.96254647538854,15344069.0,sample,2026-09-24 19:05:19.368976+00:00
MSFT,2025-01-02 22:40:00+00:00,293.1458005187161,296.6168693325371,292.6534173783787,296.23832775151084,296.23832775151084,13420854.0,sample,2026-09-24 19:05:19.368976+00:00
MSFT,2025-01-02 22:45:00+00:00,295.5806329150203,300.25454512428746,293.47755571909454,298.91260189649097,298.91260189649097,10066970.0,sample,2026-09-24 19:05:19.368976+00:00
MSFT,2025-01-02 22:50:00+00:00,298.94914221446004,302.3509860023807,297.1386586755057,298.8561939198678,298.8561939198678,12387162.0,sample,2026-09-24 19:05:19.368976+00:00
MSFT,2025-01-02 22:55:00+00:00,299.377468230298,299.80922054367835,295.7738907999388,298.03055617330347,298.03055617330347,12091772.0,sample,2026-09-24 19:05:19.368976+00:00
MSFT,2025-01-02 23:00:00+00:00,298.291791650015,300.2378076101014,294.95279132825357,298.77145715544816,298.77145715544816,3338867.0,sample,2026-09-24 19:05:19.368976+00:00
MSFT,2025-01-02 23:05:00+00:00,298.22018687775585,299.5327991642509,294.78973317511765,298.97812422122195,298.97812422122195,3642400.0,sample,2026-09-24 19:05:19.368976+00:00
MSFT,2025-01-02 23:10:00+00:00,299.28567436292315,301.0898400558514,295.7232794604022,300.1946920297719,300.1946920297719,7658053.0,sample,2026-09-24 19:05:19.368976+00:00
MSFT,2025-01-02 23:15:00+00:00,301.27076028939854,302.9499541623705,294.42794154135794,297.2563247233895,297.2563247233895,14515959.0,sample,2026-09-24 19:05:19.368976+00:00
MSFT,2025-01-02 23:20:00+00:00,297.0417738735884,300.37403261930575,294.19291867839576,296.8266281163085,296.8266281163085,17641499.0,sample,2026-09-24 19:05:19.368976+00:00
MSFT,2025-01-02 23:25:00+00:00,296.696819692557,298.2459386600033,294.9246445344984,297.11999628659873,297.11999628659873,5752736.0,sample,2026-09-24 19:05:19.368976+00:00
MSFT,2025-01-02 23:30:00+00:00,297.6059151341882,297.9226994549206,293.51158672061314,295.83914169602434,295.83914169602434,6467768.0,sample,2026-09-24 19:05:19.368976+00:00
MSFT,2025-01-02 23:35:00+00:00,296.12955681849326,297.4903732111027,291.89803429735315,294.5390984057886,294.5390984057886,11545179.0,sample,2026-09-24 19:05:19.368976+00:00
MSFT,2025-01-02 23:40:00+00:00,293.8843866276652,299.4677203760322,292.0622849741153,296.78323535542006,296.78323535542006,2762988.0,sample,2026-09-24 19:05:19.368976+00:00
MSFT,2025-01-02 23:45:00+00:00,295.15972071860324,298.60942548111746,292.72385180496036,297.4670718960381,297.4670718960381,15722546.0,sample,2026-09-24 19:05:19.368976+00:00
MSFT,2025-01-02 23:50:00+00:00,296.5665882203444,299.2980609365989,293.87169831110253,296.2310164954302,296.2310164954302,16240325.0,sample,2026-09-24 19:05:19.368976+00:00
MSFT,2025-01-02 23:55:00+00:00,296.96919910873413,300.4265220544538,295.9847070448301,298.3865362873787,298.3865362873787,14080385.0,sample,2026-09-24 19:05:19.368976+00:00
MSFT,2025-01-03 00:00:00+00:00,297.5074110709376,299.9547518018898,294.4246183630078,297.8967793718547,297.8967793718547,16246076.0,sample,2026-09-24 19:05:19.368976+00:00
MSFT,2025-01-03 00:05:00+00:00,297.9170043189069,301.4403957373346,294.1047366118036,296.7527214479909,296.7527214479909,13001131.0,sample,2026-09-24 19:05:19.368976+00:00
MSFT,2025-01-03 00:10:00+00:00,296.671361220356,299.71020183214114,292.8990815207466,295.72195628845975,295.72195628845975,13527747.0,sample,2026-09-24 19:05:19.368976+00:00
MSFT,2025-01-03 00:15:00+00:00,295.3036734193947,297.59382192824455,292.9155875014398,294.9412534916251,294.9412534916251,1611841.0,sample,2026-09-24 19:05:19.368976+00:00
MSFT,2025-01-03 00:20:00+00:00,294.13361221301557,295.94345072363876,291.25850455419277,295.6134426126363,295.6134426126363,12360405.0,sample,2026-09-24 19:05:19.368976+00:00
MSFT,2025-01-03 00:25:00+00:00,295.2893670636202,298.9772504157005,293.8769157380545,295.54706468167086,295.54706468167086,2449289.0,sample,2026-09-24 19:05:19.368976+00:00
MSFT,2025-01-03 00:30:00+00:00,295.16000906651857,297.0340780671959,294.1730145374208,295.84578641002975,295.84578641002975,14536604.0,sample,2026-09-24 19:05:19.368976+00:00
MSFT,2025-01-03 00:35:00+00:00,296.5682888098496,297.76978327622265,293.76783941130105,295.21765965536025,295.21765965536025,10421843.0,sample,2026-09-24 19:05:19.368976+00:00
MSFT,2025-01-03 00:40:00+00:00,295.27495944959884,296.92310469936245,294.85669020131775,295.9610229030365,295.9610229030365,6634220.0,sample,2026-09-24 19:05:19.368976+00:00
MSFT,2025-01-03 00:45:00+00:00,297.48839064926847,298.53635087534093,292.5231721864385,294.99360981450326,294.99360981450326,13549447.0,sample,2026-09-24 19:05:19.368976+00:00
MSFT,2025-01-03 00:50:00+00:00,295.6847742286224,296.4907510450074,293.57500601619205,295.4158153793308,295.4158153793308,7459391.0,sample,2026-09-24 19:05:19.368976+00:00
MSFT,2025-01-03 00:55:00+00:00,295.62110415401384,297.30476843111967,290.54655252903825,294.04696219452734,294.04696219452734,7952380.0,sample,2026-09-24 19:05:19.368976+00:00
MSFT,2025-01-03 01:00:00+00:00,293.1109135597999,298.00542724821173,291.8963919580227,295.3574672289816,295.3574672289816,11691809.0,sample,2026-09-24 19:05:19.368976+00:00
MSFT,2025-01-03 01:05:00+00:00,295.2887189048881,299.11171606305544,293.4476154307755,296.23186423831635,296.23186423831635,4630625.0,sample,2026-09-24 19:05:19.368976+00:00
MSFT,2025-01-03 01:10:00+00:00,295.81035617437647,296.34134284404996,295.12711768183743,295.92886666283493,295.92886666283493,8733080.0,sample,2026-09-24 19:05:19.368976+00:00
MSFT,2025-01-03 01:15:00+00:00,295.9879571734921,296.74370190160096,295.2134204499337,296.17844949096985,296.17844949096985,2834587.0,sample,2026-09-24 19:05:19.368976+00:00
MSFT,2025-01-03 01:20:00+00:00,295.7505806456221,297.8906846957128,294.0532931295861,295.46954597417607,295.46954597417607,7697424.0,sample,2026-09-24 19:05:19.368976+00:00
MSFT,2025-01-03 01:25:00+00:00,295.08045307332713,297.05618809973896,292.2657031388057,294.97051080002507,294.97051080002507,9482682.0,sample,2026-09-24 19:05:19.368976+00:00
MSFT,2025-01-03 01:30:00+00:00,296.0373524257486,298.7716894733351,294.35857177356957,295.266467652321,295.266467652321,7106331.0,sample,2026-09-24 19:05:19.368976+00:00
MSFT,2025-01-03 01:35:00+00:00,295.18806691992614,297.42895657547757,293.3889539309595,296.58111667729884,296.58111667729884,2723005.0,sample,2026-09-24 19:05:19.368976+00:00
MSFT,2025-01-03 01:40:00+00:00,296.6667125904991,299.21004535950726,293.9771232335112,294.49510196188425,294.49510196188425,14724536.0,sample,2026-09-24 19:05:19.368976+00:00
MSFT,2025-01-03 01:45:00+00:00,294.20412350569785,296.9785174797371,291.277606287649,294.09525034877214,294.09525034877214,5494868.0,sample,2026-09-24 19:05:19.368976+00:00
MSFT,2025-01-03 01:50:00+00:00,294.18664060828206,297.5574702871032,292.51414665141124,295.0286264132017,295.0286264132017,6737268.0,sample,2026-09-24 19:05:19.368976+00:00
MSFT,2025-01-03 01:55:00+00:00,296.0906456043713,299.257143024762,290.99670800183617,293.5983230885116,293.5983230885116,3471233.0,sample,2026-09-24 19:05:19.368976+00:00
MSFT,2025-01-03 02:00:00+00:00,292.88846652907034,293.41297274850496,290.2592188027901,292.0155404573711,292.0155404573711,12731183.0,sample,2026-09-24 19:05:19.368976+00:00
MSFT,2025-01-03 02:05:00+00:00,292.0269620486792,294.62826286729313,288.57137178605774,293.26760626985913,293.26760626985913,12492430.0,sample,2026-09-24 19:05:19.368976+00:00
MSFT,2025-01-03 02:10:00+00:00,293.016450999709,294.02735830212345,289.2699141012434,292.728478513824,292.728478513824,8317454.0,sample,2026-09-24 19:05:19.368976+00:00
MSFT,2025-01-03 02:15:00+00:00,293.14158635303204,296.39856926806834,291.5686656340134,295.08617992972955,295.08617992972955,4613072.0,sample,2026-09-24 19:05:19.368976+00:00
MSFT,2025-01-03 02:20:00+00:00,294.23731109495003,299.5332587640488,291.11542759642464,296.18076980702875,296.18076980702875,5103703.0,sample,2026-09-24 19:05:19.368976+00:00
MSFT,2025-01-03 02:25:00+00:00,297.0473849808922,298.93111663991357,294.4974644134166,296.3594942601432,296.3594942601432,12199148.0,sample,2026-09-24 19:05:19.368976+00:00
MSFT,2025-01-03 02:30:00+00:00,296.7107133554216,299.66568446059824,295.6748551999721,296.27734264644386,296.27734264644386,9324875.0,sample,2026-09-24 19:05:19.368976+00:00
MSFT,2025-01-03 02:35:00+00:00,296.43726405880386,298.8899135143548,293.4905609172753,296.17622975870245,296.17622975870245,14017875.0,sample,2026-09-24 19:05:19.368976+00:00
MSFT,2025-01-03 02:40:00+00:00,295.5691933114412,296.3281472215559,294.3881870316992,295.9324107683277,295.9324107683277,12767962.0,sample,2026-09-24 19:05:19.368976+00:00
MSFT,2025-01-03 02:45:00+00:00,295.9997530410167,297.82086569845893,293.2944583858848,295.4314652699221,295.4314652699221,9695659.0,sample,2026-09-24 19:05:19.368976+00:00
MSFT,2025-01-03 02:50:00+00:00,296.47319990492116,298.5289828710516,290.5660687904936,293.7588607412843,293.7588607412843,8140607.0,sample,2026-09-24 19:05:19.368976+00:00
MSFT,2025-01-03 02:55:00+00:00,294.16862671664256,297.60206468877067,291.4121806659211,293.1817014950971,293.1817014950971,2234422.0,sample,2026-09-24 19:05:19.368976+00:00
MSFT,2025-01-03 03:00:00+00:00,292.69833492564226,294.5465796351017,289.3821596084464,293.61635711036377,293.61635711036377,17040311.0,sample,2026-09-24 19:05:19.368976+00:00
MSFT,2025-01-03 03:05:00+00:00,293.0579876825808,296.30848623693845,291.9236148253761,292.353234543827,292.353234543827,10219410.0,sample,2026-09-24 19:05:19.368976+00:00
MSFT,2025-01-03 03:10:00+00:00,291.5829760127628,293.19844354501464,289.46858466939807,290.9769361860212,290.9769361860212,15749461.0,sample,2026-09-24 19:05:19.368976+00:00
MSFT,2025-01-03 03:15:00+00:00,291.709124362831,294.33731635665947,287.2604531370717,290.09610468690937,290.09610468690937,7279867.0,sample,2026-09-24 19:05:19.368976+00:00
MSFT,2025-01-03 03:20:00+00:00,289.60359374343074,294.66948309201223,289.1703631383808,292.1498645533523,292.1498645533523,15324326.0,sample,2026-09-24 19:05:19.368976+00:00
MSFT,2025-01-03 03:25:00+00:00,291.80153041526904,294.4430490849353,290.16945319260407,293.8796582158211,293.8796582158211,2676635.0,sample,2026-09-24 19:05:19.368976+00:00
MSFT,2025-01-03 03:30:00+00:00,294.0249399497516,295.72150908962226,290.5300813527294,294.65952839922505,294.65952839922505,4115819.0,sample,2026-09-24 19:05:19.368976+00:00
MSFT,2025-01-03 03:35:00+00:00,293.5360126360725,294.65611894338514,291.01006636547856,294.00974408649097,294.00974408649097,16012493.0,sample,2026-09-24 19:05:19.368976+00:00
MSFT,2025-01-03 03:40:00+00:00,293.91451750743414,295.73342218391304,290.452886637405,295.24929585828494,295.24929585828494,17168635.0,sample,2026-09-24 19:05:19.368976+00:00
MSFT,2025-01-03 03:45:00+00:00,295.79710159460524,299.2675037455255,292.4100289090368,293.0863887743248,293.0863887743248,9459728.0,sample,2026-09-24 19:05:19.368976+00:00
MSFT,2025-01-03 03:50:00+00:00,293.9541963648739,296.5362095049141,291.66730222544646,293.9863391007385,293.9863391007385,5575429.0,sample,2026-09-24 19:05:19.368976+00:00
MSFT,2025-01-03 03:55:00+00:00,294.32455072138583,295.5842452508482,291.04263307543766,294.17486596146085,294.17486596146085,3140361.0,sample,2026-09-24 19:05:19.368976+00:00
MSFT,2025-01-03 04:00:00+00:00,293.7528903828848,298.66764903448285,290.2420120971029,297.03523695334434,297.03523695334434,16964023.0,sample,2026-09-24 19:05:19.368976+00:00
MSFT,2025-01-03 04:05:00+00:00,297.3589580226434,300.2021435787715,296.6845453008018,297.85747533541524,297.85747533541524,9412789.0,sample,2026-09-24 19:05:19.368976+00:00
MSFT,2025-01-03 04:10:00+00:00,297.81244681357265,298.13357017933197,296.7946880277328,297.33890715228796,297.33890715228796,11742571.0,sample,2026-09-24 19:05:19.368976+00:00
MSFT,2025-01-03 04:15:00+00:00,297.33775663340765,299.6773615479203,296.70954516446585,297.6658989132811,297.6658989132811,15952353.0,sample,2026-09-24 19:05:19.368976+00:00
MSFT,2025-01-03 04:20:00+00:00,298.07834429349754,300.3585717780612,295.2944860351049,296.77631938474747,296.77631938474747,5477743.0,sample,2026-09-24 19:05:19.368976+00:00
MSFT,2025-01-03 04:25:00+00:00,295.8594510156327,299.438734739882,292.5183459945961,297.3398991184263,297.3398991184263,6731119.0,sample,2026-09-24 19:05:19.368976+00:00
MSFT,2025-01-03 04:30:00+00:00,296.5719693955017,297.96597514574364,294.0936626411528,296.8129209026064,296.8129209026064,2440957.0,sample,2026-09-24 19:05:19.368976+00:00
MSFT,2025-01-03 04:35:00+00:00,297.9761483897668,299.17769832535964,294.66349243234356,297.76691953288775,297.76691953288775,15015234.0,sample,2026-09-24 19:05:19.368976+00:00
MSFT,2025-01-03 04:40:00+00:00,297.1226484318808,299.752410658911,294.5974271287877,299.0037730231321,299.0037730231321,4517296.0,sample,2026-09-24 19:05:19.368976+00:00
MSFT,2025-01-03 04:45:00+00:00,299.001532918303,300.00181806324827,294.1122492502305,297.60675082848866,297.60675082848866,10654464.0,sample,2026-09-24 19:05:19.368976+00:00
MSFT,2025-01-03 04:50:00+00:00,296.59224411923344,301.99458942495704,293.4893384361428,299.4153053476035,299.4153053476035,9587451.0,sample,2026-09-24 19:05:19.368976+00:00
MSFT,2025-01-03 04:55:00+00:00,299.47551660078256,302.35907779207065,293.6153570561075,296.02947364540887,296.02947364540887,4543331.0,sample,2026-09-24 19:05:19.368976+00:00
MSFT,2025-01-03 05:00:00+00:00,296.2728163462064,297.12980220526197,293.10146155451207,294.4551114262678,294.4551114262678,15726850.0,sample,2026-09-24 19:05:19.368976+00:00
MSFT,2025-01-03 05:05:00+00:00,293.5521513261838,297.25046292443534,292.50138955273707,295.44312185094793,295.44312185094793,16723277.0,sample,2026-09-24 19:05:19.368976+00:00
MSFT,2025-01-03 05:10:00+00:00,296.23755834179525,299.7786176326096,294.84526789005696,296.43950863610706,296.43950863610706,13749938.0,sample,2026-09-24 19:05:19.368976+00:00
MSFT,2025-01-03 05:15:00+00:00,296.28941003535596,302.08900852653244,295.32983428886877,298.864421741411,298.864421741411,13891523.0,sample,2026-09-24 19:05:19.368976+00:00
MSFT,2025-01-03 05:20:00+00:00,300.0990692596127,302.36288753168355,298.1214326430971,298.60312963193775,298.60312963193775,15324090.0,sample,2026-09-24 19:05:19.368976+00:00
MSFT,2025-01-03 05:25:00+00:00,298.0202061886443,300.9236401281248,295.02665202827995,298.51627314649437,298.51627314649437,1529762.0,sample,2026-09-24 19:05:19.368976+00:00
MSFT,2025-01-03 05:30:00+00:00,298.7439042946826,300.0017734541945,296.02284217884153,299.57364626189485,299.57364626189485,7956467.0,sample,2026-09-24 19:05:19.368976+00:00
MSFT,2025-01-03 05:35:00+00:00,300.5094784395118,301.5069758252366,296.523922383191,298.85699515068,298.85699515068,15612767.0,sample,2026-09-24 19:05:19.368976+00:00
MSFT,2025-01-03 05:40:00+00:00,299.63323205409847,303.103127430117,298.3497474458352,299.55103244525066,299.55103244525066,6518151.0,sample,2026-09-24 19:05:19.368976+00:00
MSFT,2025-01-03 05:45:00+00:00,300.4409856196701,301.06180059471444,296.992296503315,298.8263830866689,298.8263830866689,7604261.0,sample,2026-09-24 19:05:19.368976+00:00
MSFT,2025-01-03 05:50:00+00:00,299.39613068699026,300.8666863594259,297.70822868638044,298.3134498634436,298.3134498634436,14453331.0,sample,2026-09-24 19:05:19.368976+00:00
MSFT,2025-01-03 05:55:00+00:00,298.4017585082887,299.9576662531809,295.7044540292423,299.41650599794264,299.41650599794264,11527355.0,sample,2026-09-24 19:05:19.368976+00:00
MSFT,2025-01-03 06:00:00+00:00,299.9479154592682,302.3189604533012,298.59851834191414,300.1508312714633,300.1508312714633,6462267.0,sample,2026-09-24 19:05:19.368976+00:00
MSFT,2025-01-03 06:05:00+00:00,300.4448894651673,302.2533675192007,296.781540553408,299.0629681887952,299.0629681887952,2414426.0,sample,2026-09-24 19:05:19.368976+00:00
MSFT,2025-01-03 06:10:00+00:00,298.74083907775014,301.3647992319965,297.7345501593733,300.80956198994835,300.80956198994835,4515985.0,sample,2026-09-24 19:05:19.368976+00:00
MSFT,2025-01-03 06:15:00+00:00,301.200701280653,302.46569411860935,297.1017617000951,299.0341783870066,299.0341783870066,16064803.0,sample,2026-09-24 19:05:19.368976+00:00
MSFT,2025-01-03 06:20:00+00:00,299.7004557642927,300.5502201387194,297.6949238828973,299.5774262636553,299.5774262636553,11135362.0,sample,2026-09-24 19:05:19.368976+00:00
MSFT,2025-01-03 06:25:00+00:00,300.0838598236752,302.6468624311327,297.3740332579857,300.55766370672626,300.55766370672626,17200877.0,sample,2026-09-24 19:05:19.368976+00:00
MSFT,2025-01-03 06:30:00+00:00,298.95312198934846,302.7008933921766,298.20276331191144,300.00196173050074,300.00196173050074,8628517.0,sample,2026-09-24 19:05:19.368976+00:00
MSFT,2025-01-03 06:35:00+00:00,300.0101135400647,303.5297421656071,295.97132668070867,298.4765280547945,298.4765280547945,11658769.0,sample,2026-09-24 19:05:19.368976+00:00
MSFT,2025-01-03 06:40:00+00:00,298.49343815687433,299.9723819063943,296.5916853987588,297.24204474738485,297.24204474738485,9864704.0,sample,2026-09-24 19:05:19.368976+00:00
MSFT,2025-01-03 06:45:00+00:00,297.4220941315153,300.1687220784742,296.9739991172032,297.50695571818153,297.50695571818153,17206663.0,sample,2026-09-24 19:05:19.368976+00:00
MSFT,2025-01-03 06:50:00+00:00,297.97421358409946,301.4942372879512,295.6904608036849,299.7585789938087,299.7585789938087,2950627.0,sample,2026-09-24 19:05:19.368976+00:00
MSFT,2025-01-03 06:55:00+00:00,300.4235686995967,302.3197506539266,298.43857070341375,299.4758689240208,299.4758689240208,15614638.0,sample,2026-09-24 19:05:19.368976+00:00
MSFT,2025-01-03 07:00:00+00:00,300.13958142471006,303.43388565941086,296.169713080971,297.1471975234101,297.1471975234101,15874682.0,sample,2026-09-24 19:05:19.368976+00:00
MSFT,2025-01-03 07:05:00+00:00,297.3741621171023,298.7422540153016,295.08958970883367,296.49226738259574,296.49226738259574,9302178.0,sample,2026-09-24 19:05:19.368976+00:00
MSFT,2025-01-03 07:10:00+00:00,297.30688562344,298.41672877006096,292.8614037601398,294.3837725730857,294.3837725730857,8647595.0,sample,2026-09-24 19:05:19.368976+00:00
MSFT,2025-01-03 07:15:00+00:00,293.95136439793,297.6458410385422,291.49561524120116,296.0077584533653,296.0077584533653,6400838.0,sample,2026-09-24 19:05:19.368976+00:00
MSFT,2025-01-03 07:20:00+00:00,296.2477295192688,297.5467176840678,293.5087105141984,296.7069879116702,296.7069879116702,12748454.0,sample,2026-09-24 19:05:19.368976+00:00
MSFT,2025-01-03 07:25:00+00:00,297.7972649956991,301.3689351338253,296.8765625087,297.3327057060634,297.3327057060634,9685243.0,sample,2026-09-24 19:05:19.368976+00:00
MSFT,2025-01-03 07:30:00+00:00,297.67150908205423,301.2224141979613,294.22600374571033,294.74612199849963,294.74612199849963,12807947.0,sample,2026-09-24 19:05:19.368976+00:00
MSFT,2025-01-03 07:35:00+00:00,294.2777608856804,297.5870072840012,290.77462674556284,292.7486850592572,292.7486850592572,14452089.0,sample,2026-09-24 19:05:19.368976+00:00
MSFT,2025-01-03 07:40:00+00:00,292.8445097357272,295.4855441075111,290.68141112016076,291.24270557806324,291.24270557806324,10834281.0,sample,2026-09-24 19:05:19.368976+00:00
MSFT,2025-01-03 07:45:00+00:00,291.210880578444,291.9717320590254,289.6591449126968,290.93250060022683,290.93250060022683,15822218.0,sample,2026-09-24 19:05:19.368976+00:00
MSFT,2025-01-03 07:50:00+00:00,290.3347992670453,292.4065989528249,287.0088218352979,290.6302249284508,290.6302249284508,17400289.0,sample,2026-09-24 19:05:19.368976+00:00
MSFT,2025-01-03 07:55:00+00:00,290.68115213732216,291.064768606048,287.2525284032915,289.9116083228855,289.9116083228855,12331950.0,sample,2026-09-24 19:05:19.368976+00:00
MSFT,2025-01-03 08:00:00+00:00,290.28966253606626,293.8665923065643,287.84815824477823,291.08774381165784,291.08774381165784,14864277.0,sample,2026-09-24 19:05:19.368976+00:00
MSFT,2025-01-03 08:05:00+00:00,290.4915149745341,291.3124658437309,286.80001962153835,289.73144314712385,289.73144314712385,7137276.0,sample,2026-09-24 19:05:19.368976+00:00
MSFT,2025-01-03 08:10:00+00:00,290.1134819249216,292.4508169539364,288.5063915578565,291.09574269559977,291.09574269559977,9801623.0,sample,2026-09-24 19:05:19.368976+00:00
MSFT,2025-01-03 08:15:00+00:00,289.68776137971076,292.3499891644529,286.70070336410674,291.79656478276297,291.79656478276297,9587794.0,sample,2026-09-24 19:05:19.368976+00:00
MSFT,2025-01-03 08:20:00+00:00,291.41141269125075,294.0005889882205,289.63138789464614,290.6502167977613,290.6502167977613,7166080.0,sample,2026-09-24 19:05:19.368976+00:00
MSFT,2025-01-03 08:25:00+00:00,290.8611409620435,292.4284384987167,288.27300065779474,290.1423801728929,290.1423801728929,7638422.0,sample,2026-09-24 19:05:19.368976+00:00
MSFT,2025-01-03 08:30:00+00:00,290.3731844547486,295.96569950524946,289.1334546762708,292.46475034226677,292.46475034226677,12402200.0,sample,2026-09-24 19:05:19.368976+00:00
MSFT,2025-01-03 08:35:00+00:00,292.9998546828331,295.86154645400916,289.6936328999918,292.9498340288123,292.9498340288123,6272784.0,sample,2026-09-24 19:05:19.368976+00:00
MSFT,2025-01-03 08:40:00+00:00,292.81011269275575,293.1471136711424,288.28960598782203,291.4460346590162,291.4460346590162,17917601.0,sample,2026-09-24 19:05:19.368976+00:00
MSFT,2025-01-03 08:45:00+00:00,291.11229466322584,292.6409645354622,289.1157702606159,291.28556472139127,291.28556472139127,7637824.0,sample,2026-09-24 19:05:19.368976+00:00
MSFT,2025-01-03 08:50:00+00:00,290.0134202666123,293.87577298332235,288.6491500548468,290.84032598535345,290.84032598535345,5639244.0,sample,2026-09-24 19:05:19.368976+00:00
MSFT,2025-01-03 08:55:00+00:00,290.4523820633625,292.0349679053001,287.1869864019238,291.6694795502858,291.6694795502858,1754331.0,sample,2026-09-24 19:05:19.368976+00:00
MSFT,2025-01-03 09:00:00+00:00,291.0729868810553,293.18649065209866,288.48454040298344,290.83664249677963,290.83664249677963,17651394.0,sample,2026-09-24 19:05:19.368976+00:00
MSFT,2025-01-03 09:05:00+00:00,291.44008277773673,293.8470377759361,290.5334659730386,291.82981530187874,291.82981530187874,10800225.0,sample,2026-09-24 19:05:19.368976+00:00
MSFT,2025-01-03 09:10:00+00:00,292.23972885698913,295.36358481165155,289.69999972252856,291.43353087534473,291.43353087534473,10843885.0,sample,2026-09-24 19:05:19.368976+00:00
MSFT,2025-01-03 09:15:00+00:00,291.5683057432062,292.3773717663244,288.2934385786057,290.69111548505293,290.69111548505293,17571468.0,sample,2026-09-24 19:05:19.368976+00:00
MSFT,2025-01-03 09:20:00+00:00,291.3426860796061,293.2253553438142,288.5536538224757,291.9627200860756,291.9627200860756,9530960.0,sample,2026-09-24 19:05:19.368976+00:00
MSFT,2025-01-03 09:25:00+00:00,292.90139123895926,296.25351939881415,289.28301827217007,292.3840888595977,292.3840888595977,15875825.0,sample,2026-09-24 19:05:19.368976+00:00
MSFT,2025-01-03 09:30:00+00:00,292.90752726149645,293.43343792452356,287.7185618016588,290.2557475182251,290.2557475182251,2115080.0,sample,2026-09-24 19:05:19.368976+00:00
MSFT,2025-01-03 09:35:00+00:00,290.03897843130653,293.5332885031019,286.56087076858364,290.449612674469,290.449612674469,9073221.0,sample,2026-09-24 19:05:19.368976+00:00
MSFT,2025-01-03 09:40:00+00:00,290.03359268271,291.8107995483695,288.0160448213589,290.4347382754913,290.4347382754913,4253272.0,sample,2026-09-24 19:05:19.368976+00:00
MSFT,2025-01-03 09:45:00+00:00,290.9876133623322,292.87266243583593,290.5241213154218,290.84051481141347,290.84051481141347,4151722.0,sample,2026-09-24 19:05:19.368976+00:00
MSFT,2025-01-03 09:50:00+00:00,292.18556765414525,292.8181426121263,290.99950134798297,292.26997638310706,292.26997638310706,17610159.0,sample,2026-09-24 19:05:19.368976+00:00
MSFT,2025-01-03 09:55:00+00:00,292.66589905002996,293.0265871474959,287.8922810331095,290.4671200436881,290.4671200436881,14028224.0,sample,2026-09-24 19:05:19.368976+00:00
MSFT,2025-01-03 10:00:00+00:00,290.17439142179364,292.42992604664374,288.8250615973736,291.2286542726729,291.2286542726729,9840630.0,sample,2026-09-24 19:05:19.368976+00:00
MSFT,2025-01-03 10:05:00+00:00,291.59542853571423,292.66088862052084,288.028359403796,290.7802976689571,290.7802976689571,4897188.0,sample,2026-09-24 19:05:19.368976+00:00
MSFT,2025-01-03 10:10:00+00:00,290.3319971000543,294.87530653609355,288.45065817001176,291.78253639389015,291.78253639389015,13355337.0,sample,2026-09-24 19:05:19.368976+00:00
MSFT,2025-01-03 10:15:00+00:00,290.82705177766934,291.2295127265081,287.33258468016413,290.69254492945663,290.69254492945663,9373610.0,sample,2026-09-24 19:05:19.368976+00:00
MSFT,2025-01-03 10:20:00+00:00,290.9061821927009,292.668960443588,288.16917403641247,290.9523041409382,290.9523041409382,17367368.0,sample,2026-09-24 19:05:19.368976+00:00
MSFT,2025-01-03 10:25:00+00:00,290.6439631873046,293.82947984000054,287.24741684774744,292.8196271555876,292.8196271555876,9268052.0,sample,2026-09-24 19:05:19.368976+00:00
MSFT,2025-01-03 10:30:00+00:00,293.69487440172804,296.14883688081903,289.64333615994826,292.8008418775717,292.8008418775717,12846965.0,sample,2026-09-24 19:05:19.368976+00:00
MSFT,2025-01-03 10:35:00+00:00,291.1277783868135,295.69465345733084,289.4858027967403,293.77006400605705,293.77006400605705,3656591.0,sample,2026-09-24 19:05:19.368976+00:00
MSFT,2025-01-03 10:40:00+00:00,293.46846700300364,295.98167150286605,288.132212649778,290.6445785195709,290.6445785195709,11554942.0,sample,2026-09-24 19:05:19.368976+00:00
MSFT,2025-01-03 10:45:00+00:00,290.75121188025815,293.56487056828183,285.8777352108911,289.26124304935826,289.26124304935826,3863383.0,sample,2026-09-24 19:05:19.368976+00:00
MSFT,2025-01-03 10:50:00+00:00,289.0547159798389,292.30732999963396,286.8756263383127,287.9953981759307,287.9953981759307,13306083.0,sample,2026-09-24 19:05:19.368976+00:00
MSFT,2025-01-03 10:55:00+00:00,287.9757168896273,289.80910518497177,287.06118510121036,287.6499834804567,287.6499834804567,3353942.0,sample,2026-09-24 19:05:19.368976+00:00
MSFT,2025-01-03 11:00:00+00:00,288.4084451461276,290.42216024523793,284.698489529973,287.35669157083026,287.35669157083026,6803261.0,sample,2026-09-24 19:05:19.368976+00:00
MSFT,2025-01-03 11:05:00+00:00,286.5537473652602,289.18871979383607,285.613033960021,288.17514662336606,288.17514662336606,5094779.0,sample,2026-09-24 19:05:19.368976+00:00
MSFT,2025-01-03 11:10:00+00:00,287.47783303119115,288.54934551348185,284.2356413039597,286.8200979404807,286.8200979404807,1994696.0,sample,2026-09-24 19:05:19.368976+00:00
MSFT,2025-01-03 11:15:00+00:00,286.11757839523045,292.41127671587896,285.7648913448527,289.14395904587093,289.14395904587093,17647753.0,sample,2026-09-24 19:05:19.368976+00:00
MSFT,2025-01-03 11:20:00+00:00,289.7585366961197,292.8186153360262,288.4098335137937,291.5974432818033,291.5974432818033,17952737.0,sample,2026-09-24 19:05:19.368976+00:00
MSFT,2025-01-03 11:25:00+00:00,291.3441118191447,294.03494645220474,287.7769292029291,290.8123503446416,290.8123503446416,5511904.0,sample,2026-09-24 19:05:19.368976+00:00
MSFT,2025-01-03 11:30:00+00:00,290.87031495902,292.376911583858,287.8846518574622,291.73908415667626,291.73908415667626,3786265.0,sample,2026-09-24 19:05:19.368976+00:00
MSFT,2025-01-03 11:35:00+00:00,290.85185481452567,295.23158433444746,289.76245811289397,294.0782434216679,294.0782434216679,10072881.0,sample,2026-09-24 19:05:19.368976+00:00
MSFT,2025-01-03 11:40:00+00:00,293.37337916823327,295.8144131143464,291.68031747349625,293.7155840857708,293.7155840857708,13659560.0,sample,2026-09-24 19:05:19.368976+00:00
MSFT,2025-01-03 11:45:00+00:00,293.5792237849869,295.7325572383268,291.2771393996696,294.0646921226935,294.0646921226935,3405475.0,sample,2026-09-24 19:05:19.368976+00:00
MSFT,2025-01-03 11:50:00+00:00,295.80689894436205,298.734084289461,292.3614859216466,295.47013532464183,295.47013532464183,2588325.0,sample,2026-09-24 19:05:19.368976+00:00
MSFT,2025-01-03 11:55:00+00:00,295.0506375024757,300.4899375712296,291.81380110723086,297.0094908050166,297.0094908050166,12826357.0,sample,2026-09-24 19:05:19.368976+00:00
MSFT,2025-01-03 12:00:00+00:00,296.3806117441712,298.80674128687394,293.54102022169724,297.3988385511972,297.3988385511972,13178639.0,sample,2026-09-24 19:05:19.368976+00:00
MSFT,2025-01-03 12:05:00+00:00,297.9066147849655,299.0486239981205,295.21828466026625,297.3545955827381,297.3545955827381,14390947.0,sample,2026-09-24 19:05:19.368976+00:00
MSFT,2025-01-03 12:10:00+00:00,297.61873636573847,301.41674895095684,296.92172657526305,298.1024547362647,298.1024547362647,4071170.0,sample,2026-09-24 19:05:19.368976+00:00
MSFT,2025-01-03 12:15:00+00:00,296.50957528481933,300.30206760330714,293.05453391153793,298.0676257760907,298.0676257760907,7964480.0,sample,2026-09-24 19:05:19.368976+00:00
MSFT,2025-01-03 12:20:00+00:00,298.2735065434318,301.56269972758395,295.15863387543214,299.545276424488,299.545276424488,5180942.0,sample,2026-09-24 19:05:19.368976+00:00
MSFT,2025-01-03 12:25:00+00:00,299.0771103127685,300.78401833589373,295.80475605552783,299.3937656346163,299.3937656346163,9144418.0,sample,2026-09-24 19:05:19.368976+00:00
MSFT,2025-01-03 12:30:00+00:00,299.5762185203151,299.90142848623987,296.31046474667767,299.0156072703728,299.0156072703728,7948203.0,sample,2026-09-24 19:05:19.368976+00:00
MSFT,2025-01-03 12:35:00+00:00,298.94831538929964,301.26139932748595,294.52811639033405,298.0658371630432,298.0658371630432,16143878.0,sample,2026-09-24 19:05:19.368976+00:00
MSFT,2025-01-03 12:40:00+00:00,298.92138298956195,300.9663419254543,296.3592430334046,300.33916507665043,300.33916507665043,6092992.0,sample,2026-09-24 19:05:19.368976+00:00
MSFT,2025-01-03 12:45:00+00:00,300.37561712571096,302.46871787734824,296.6819837024965,299.86271030094395,299.86271030094395,9951820.0,sample,2026-09-24 19:05:19.368976+00:00
MSFT,2025-01-03 12:50:00+00:00,299.3817653306805,300.5733092509236,295.24799178705615,298.35860238862017,298.35860238862017,4001638.0,sample,2026-09-24 19:05:19.368976+00:00
MSFT,2025-01-03 12:55:00+00:00,298.7008660452043,302.55320706768947,296.6748595289136,299.11486522113825,299.11486522113825,15541448.0,sample,2026-09-24 19:05:19.368976+00:00
MSFT,2025-01-03 13:00:00+00:00,298.25815732835986,300.5614572874426,294.93065096101316,298.492264909364,298.492264909364,6775384.0,sample,2026-09-24 19:05:19.368976+00:00
MSFT,2025-01-03 13:05:00+00:00,297.4393936788851,299.7663383919586,296.8809944456676,299.31644577583154,299.31644577583154,9490616.0,sample,2026-09-24 19:05:19.368976+00:00
MSFT,2025-01-03 13:10:00+00:00,299.4367143257114,301.31105870414603,295.94158982103386,299.2248659774998,299.2248659774998,5409857.0,sample,2026-09-24 19:05:19.368976+00:00
MSFT,2025-01-03 13:15:00+00:00,298.4668170921629,300.9479409891337,296.31256524202644,299.34267006636196,299.34267006636196,2629258.0,sample,2026-09-24 19:05:19.368976+00:00
MSFT,2025-01-03 13:20:00+00:00,299.70575521641916,301.61085033943107,297.4282763276925,299.41490227955137,299.41490227955137,7772385.0,sample,2026-09-24 19:05:19.368976+00:00
MSFT,2025-01-03 13:25:00+00:00,299.5933408849559,301.5449007556251,297.5226861172242,299.8521200958276,299.8521200958276,8987624.0,sample,2026-09-24 19:05:19.368976+00:00
MSFT,2025-01-03 13:30:00+00:00,299.8782896100916,300.94297533350783,298.5545202245227,299.6861912092911,299.6861912092911,7514624.0,sample,2026-09-24 19:05:19.368976+00:00
MSFT,2025-01-03 13:35:00+00:00,300.31175270568565,301.8456194709721,297.360843305717,298.6422417412635,298.6422417412635,4122192.0,sample,2026-09-24 19:05:19.368976+00:00
MSFT,2025-01-03 13:40:00+00:00,299.14049450151623,299.5705681992943,298.3869179732046,298.9965656505562,298.9965656505562,5749755.0,sample,2026-09-24 19:05:19.368976+00:00
MSFT,2025-01-03 13:45:00+00:00,299.267615981874,301.2455847694721,297.59906188875027,299.6295255993343,299.6295255993343,4229486.0,sample,2026-09-24 19:05:19.368976+00:00
MSFT,2025-01-03 13:50:00+00:00,300.01860247113103,301.5777760327091,294.69791608545285,297.62284054106175,297.62284054106175,15654135.0,sample,2026-09-24 19:05:19.368976+00:00
MSFT,2025-01-03 13:55:00+00:00,297.95060586144365,300.3533507213981,295.29922224093406,297.1396873596357,297.1396873596357,7702939.0,sample,2026-09-24 19:05:19.368976+00:00
MSFT,2025-01-03 14:00:00+00:00,297.35805820922064,298.9077601510059,293.8759734801917,297.52136042216165,297.52136042216165,7054433.0,sample,2026-09-24 19:05:19.368976+00:00
MSFT,2025-01-03 14:05:00+00:00,296.80893303140687,301.1412942622037,294.9985088463673,298.4863137780173,298.4863137780173,13262730.0,sample,2026-09-24 19:05:19.368976+00:00
MSFT,2025-01-03 14:10:00+00:00,296.7989019001687,301.6212193153849,295.9667253073823,300.6328337584695,300.6328337584695,7148149.0,sample,2026-09-24 19:05:19.368976+00:00
MSFT,2025-01-03 14:15:00+00:00,299.54539818764226,303.17197467707695,296.6792600900396,301.83383365724995,301.83383365724995,15071219.0,sample,2026-09-24 19:05:19.368976+00:00
MSFT,2025-01-03 14:20:00+00:00,301.2689658486027,303.9283505396503,298.26977478464613,302.77872435038057,302.77872435038057,13488678.0,sample,2026-09-24 19:05:19.368976+00:00
MSFT,2025-01-03 14:25:00+00:00,303.1268445632817,304.55537720461984,300.799563260967,302.9289027836924,302.9289027836924,3540875.0,sample,2026-09-24 19:05:19.368976+00:00
MSFT,2025-01-03 14:30:00+00:00,301.9046555893243,306.92190098885646,298.3239456550766,303.4167711439218,303.4167711439218,14804823.0,sample,2026-09-24 19:05:19.368976+00:00
MSFT,2025-01-03 14:35:00+00:00,303.21459349010354,305.5851454909264,302.55799723058453,303.3744997010656,303.3744997010656,8820689.0,sample,2026-09-24 19:05:19.368976+00:00
MSFT,2025-01-03 14:40:00+00:00,303.2539236035784,304.92406255037884,302.0559137968786,304.1790663804025,304.1790663804025,13684601.0,sample,2026-09-24 19:05:19.368976+00:00
MSFT,2025-01-03 14:45:00+00:00,304.32212846790117,305.64765288287435,298.8020040583446,301.676896211609,301.676896211609,6378411.0,sample,2026-09-24 19:05:19.368976+00:00
MSFT,2025-01-03 14:50:00+00:00,302.0801341836158,304.15654078434176,299.34040395801384,301.5420596046571,301.5420596046571,16877841.0,sample,2026-09-24 19:05:19.368976+00:00
MSFT,2025-01-03 14:55:00+00:00,301.50906513240477,304.32156110249826,297.98165045414817,303.6632578832856,303.6632578832856,2145984.0,sample,2026-09-24 19:05:19.368976+00:00
MSFT,2025-01-03 15:00:00+00:00,303.7163676646592,304.28667128274367,301.8913527757285,302.96686301674384,302.96686301674384,2345378.0,sample,2026-09-24 19:05:19.368976+00:00
MSFT,2025-01-03 15:05:00+00:00,301.86387328647777,303.7110747963,299.7348137498081,301.2653012633477,301.2653012633477,12038782.0,sample,2026-09-24 19:05:19.368976+00:00
MSFT,2025-01-03 15:10:00+00:00,300.97168805525604,304.2532343109343,299.59391453618696,300.56686382017534,300.56686382017534,11551863.0,sample,2026-09-24 19:05:19.368976+00:00
MSFT,2025-01-03 15:15:00+00:00,300.2726806495778,301.26564023369895,297.3504345256042,300.4271882806915,300.4271882806915,8088103.0,sample,2026-09-24 19:05:19.368976+00:00
MSFT,2025-01-03 15:20:00+00:00,301.45558910374643,303.18139631155447,298.1605272614745,301.7087388199383,301.7087388199383,10569564.0,sample,2026-09-24 19:05:19.368976+00:00
MSFT,2025-01-03 15:25:00+00:00,302.59258756280633,305.65647289134006,297.84841963668146,299.3079928864471,299.3079928864471,5518494.0,sample,2026-09-24 19:05:19.368976+00:00
MSFT,2025-01-03 15:30:00+00:00,300.1065944688065,302.2732245493265,296.1954730361252,299.0021976372166,299.0021976372166,6861495.0,sample,2026-09-24 19:05:19.368976+00:00
MSFT,2025-01-03 15:35:00+00:00,299.0857519621624,302.0381422658108,295.934513391827,300.55481463493794,300.55481463493794,14023842.0,sample,2026-09-24 19:05:19.368976+00:00
MSFT,2025-01-03 15:40:00+00:00,300.45757889538066,302.15782732281514,298.9741118747149,301.0787808365203,301.0787808365203,5324479.0,sample,2026-09-24 19:05:19.368976+00:00
MSFT,2025-01-03 15:45:00+00:00,300.57318769323905,300.8952091555751,299.4993312896529,300.0709271708903,300.0709271708903,5052210.0,sample,2026-09-24 19:05:19.368976+00:00
MSFT,2025-01-03 15:50:00+00:00,299.8586026884783,305.2395223722478,298.0196466448502,301.6769210632116,301.6769210632116,15155385.0,sample,2026-09-24 19:05:19.368976+00:00
MSFT,2025-01-03 15:55:00+00:00,300.641083645705,302.5112686201412,298.2321156075452,301.8216696429635,301.8216696429635,12233648.0,sample,2026-09-24 19:05:19.368976+00:00
MSFT,2025-01-03 16:00:00+00:00,301.3805738486845,305.11078958546364,300.8224976561436,301.7166403705445,301.7166403705445,8040720.0,sample,2026-09-24 19:05:19.368976+00:00
MSFT,2025-01-03 16:05:00+00:00,301.17395811262037,304.71876601721846,297.6085232669932,301.82294654787614,301.82294654787614,1605639.0,sample,2026-09-24 19:05:19.368976+00:00
MSFT,2025-01-03 16:10:00+00:00,301.6663228839413,304.03425155160664,299.39652084736093,301.2293363010368,301.2293363010368,10486292.0,sample,2026-09-24 19:05:19.368976+00:00
MSFT,2025-01-03 16:15:00+00:00,303.45292061479563,304.69671723848063,299.3819954153043,302.450213105952,302.450213105952,3776613.0,sample,2026-09-24 19:05:19.368976+00:00
MSFT,2025-01-03 16:20:00+00:00,303.38905862482994,305.8961729977902,301.6152702024201,303.88890558431063,303.88890558431063,10359396.0,sample,2026-09-24 19:05:19.368976+00:00
MSFT,2025-01-03 16:25:00+00:00,303.2958925742759,306.0711378787457,302.2828876843379,304.213564102808,304.213564102808,13845129.0,sample,2026-09-24 19:05:19.368976+00:00
MSFT,2025-01-03 16:30:00+00:00,305.09140717459707,307.17660263887757,301.79754107563076,305.1746450326245,305.1746450326245,16428550.0,sample,2026-09-24 19:05:19.368976+00:00
MSFT,2025-01-03 16:35:00+00:00,304.7242881032668,308.04962207310143,301.7055944486484,305.28685046745903,305.28685046745903,7962744.0,sample,2026-09-24 19:05:19.368976+00:00
MSFT,2025-01-03 16:40:00+00:00,304.5397633225811,308.2747471049864,303.5753919693294,304.9361397828359,304.9361397828359,14627893.0,sample,2026-09-24 19:05:19.368976+00:00
MSFT,2025-01-03 16:45:00+00:00,304.9295578238285,305.4858913019475,303.94145731977704,305.1511220987767,305.1511220987767,15323869.0,sample,2026-09-24 19:05:19.368976+00:00
MSFT,2025-01-03 16:50:00+00:00,304.7708851275225,306.82685936770724,303.8432516354593,304.77887712065376,304.77887712065376,1808411.0,sample,2026-09-24 19:05:19.368976+00:00
MSFT,2025-01-03 16:55:00+00:00,304.0437908807365,305.5061857274995,300.96910204674754,304.7586564720987,304.7586564720987,13027684.0,sample,2026-09-24 19:05:19.368976+00:00
MSFT,2025-01-03 17:00:00+00:00,304.42519712630565,306.3684438488259,301.0221093476572,304.6514471138653,304.6514471138653,7764184.0,sample,2026-09-24 19:05:19.368976+00:00
MSFT,2025-01-03 17:05:00+00:00,304.5319883329362,309.15394668148184,303.8155424706142,306.5330551303439,306.5330551303439,6043454.0,sample,2026-09-24 19:05:19.368976+00:00
MSFT,2025-01-03 17:10:00+00:00,307.82497966861564,310.75994466517767,302.4790707247783,304.5338973344808,304.5338973344808,3647601.0,sample,2026-09-24 19:05:19.368976+00:00
MSFT,2025-01-03 17:15:00+00:00,303.8933660768295,305.45981217356155,301.50948142358413,304.0560469390655,304.0560469390655,10842928.0,sample,2026-09-24 19:05:19.368976+00:00
MSFT,2025-01-03 17:20:00+00:00,303.76614803680667,305.65129929696946,301.8608367238421,305.01148969220355,305.01148969220355,5254152.0,sample,2026-09-24 19:05:19.368976+00:00
MSFT,2025-01-03 17:25:00+00:00,305.7950599091797,308.59987562037645,303.16233374655314,304.17990336116657,304.17990336116657,14212112.0,sample,2026-09-24 19:05:19.368976+00:00
MSFT,2025-01-03 17:30:00+00:00,303.7090923938402,305.35923395488936,300.33950732147986,303.9727939089851,303.9727939089851,16759453.0,sample,2026-09-24 19:05:19.368976+00:00
MSFT,2025-01-03 17:35:00+00:00,303.67881934618816,304.90021651096197,303.2371401800334,304.01464406351914,304.01464406351914,14235370.0,sample,2026-09-24 19:05:19.368976+00:00
MSFT,2025-01-03 17:40:00+00:00,303.3459451300015,305.47333883185485,302.96587086367833,303.88835561784856,303.88835561784856,10182908.0,sample,2026-09-24 19:05:19.368976+00:00
MSFT,2025-01-03 17:45:00+00:00,303.7075663550726,305.0191215237388,300.2709678491644,304.08341776473173,304.08341776473173,9472226.0,sample,2026-09-24 19:05:19.368976+00:00
MSFT,2025-01-03 17:50:00+00:00,304.18343673886693,307.2800072679292,301.5714602509973,303.13682076416825,303.13682076416825,5393960.0,sample,2026-09-24 19:05:19.368976+00:00
MSFT,2025-01-03 17:55:00+00:00,302.57603495857336,305.8852832834644,300.0473992080044,302.5611079102035,302.5611079102035,11303185.0,sample,2026-09-24 19:05:19.368976+00:00
MSFT,2025-01-03 18:00:00+00:00,303.41348917942565,305.00636667723967,300.42794899641456,301.25116135871724,301.25116135871724,1957559.0,sample,2026-09-24 19:05:19.368976+00:00
MSFT,2025-01-03 18:05:00+00:00,300.34887633116443,301.7565164302327,297.2633342546635,300.75461283485186,300.75461283485186,10007149.0,sample,2026-09-24 19:05:19.368976+00:00
MSFT,2025-01-03 18:10:00+00:00,300.423221766455,303.7138886514454,298.3329603576863,299.7475396374599,299.7475396374599,1549286.0,sample,2026-09-24 19:05:19.368976+00:00
MSFT,2025-01-03 18:15:00+00:00,299.36962399642056,300.1991936158841,296.53964527924416,297.76854584193893,297.76854584193893,10671143.0,sample,2026-09-24 19:05:19.368976+00:00
MSFT,2025-01-03 18:20:00+00:00,297.5745747480547,299.4329366081417,297.05978752002704,297.5702312603312,297.5702312603312,12918072.0,sample,2026-09-24 19:05:19.368976+00:00
MSFT,2025-01-03 18:25:00+00:00,296.5779835068425,299.4228306519544,295.1916471468548,297.6121789532642,297.6121789532642,17728571.0,sample,2026-09-24 19:05:19.368976+00:00
MSFT,2025-01-03 18:30:00+00:00,297.00247068329895,299.8145924553782,294.1626395109826,297.8186330104121,297.8186330104121,9564742.0,sample,2026-09-24 19:05:19.368976+00:00
MSFT,2025-01-03 18:35:00+00:00,297.60098380188657,300.7709654603581,296.0347448185196,297.8735349397828,297.8735349397828,10713520.0,sample,2026-09-24 19:05:19.368976+00:00
MSFT,2025-01-03 18:40:00+00:00,298.296236701748,302.1720200237676,297.04293816197526,298.7454152824016,298.7454152824016,8860462.0,sample,2026-09-24 19:05:19.368976+00:00
MSFT,2025-01-03 18:45:00+00:00,298.96240720058034,301.81197946939363,296.4997599295096,299.08510435412944,299.08510435412944,7431829.0,sample,2026-09-24 19:05:19.368976+00:00
MSFT,2025-01-03 18:50:00+00:00,298.9283385585668,302.5709411731667,296.7264783935374,299.23062794424914,299.23062794424914,16310132.0,sample,2026-09-24 19:05:19.368976+00:00
MSFT,2025-01-03 18:55:00+00:00,299.0346184799862,301.2990950192659,296.6785277414723,300.51937912020344,300.51937912020344,10423994.0,sample,2026-09-24 19:05:19.368976+00:00
MSFT,2025-01-03 19:00:00+00:00,301.47726218221135,304.23115701174123,297.20573970930434,300.6350229428079,300.6350229428079,2680184.0,sample,2026-09-24 19:05:19.368976+00:00
MSFT,2025-01-03 19:05:00+00:00,300.489050773984,301.31046114789194,298.18662119219096,299.6165218856803,299.6165218856803,7160639.0,sample,2026-09-24 19:05:19.368976+00:00
MSFT,2025-01-03 19:10:00+00:00,299.6638308896283,302.4905995027146,297.0142045361243,300.53761463331153,300.53761463331153,13904506.0,sample,2026-09-24 19:05:19.368976+00:00
MSFT,2025-01-03 19:15:00+00:00,300.55247211068786,303.8446894642737,299.3750620752668,300.6433427888894,300.6433427888894,12295641.0,sample,2026-09-24 19:05:19.368976+00:00
MSFT,2025-01-03 19:20:00+00:00,300.77358846434083,302.9564358829304,296.97610079820384,298.6822319527615,298.6822319527615,13531163.0,sample,2026-09-24 19:05:19.368976+00:00
MSFT,2025-01-03 19:25:00+00:00,298.8805454441785,300.4295112722935,297.1197016734198,298.14701257599563,298.14701257599563,11146507.0,sample,2026-09-24 19:05:19.368976+00:00
MSFT,2025-01-03 19:30:00+00:00,298.03430197193904,298.9557708200852,296.1496790744156,296.85851541209746,296.85851541209746,16884542.0,sample,2026-09-24 19:05:19.368976+00:00
MSFT,2025-01-03 19:35:00+00:00,297.4422812298274,298.80147704017696,293.77932253873036,297.26731055646695,297.26731055646695,3899202.0,sample,2026-09-24 19:05:19.368976+00:00
MSFT,2025-01-03 19:40:00+00:00,297.70962400236067,301.0068539155951,293.49849386012613,296.9099391281268,296.9099391281268,15812916.0,sample,2026-09-24 19:05:19.368976+00:00
MSFT,2025-01-03 19:45:00+00:00,297.0477418304138,298.64705788552413,293.29697516630523,294.5455467766742,294.5455467766742,11061243.0,sample,2026-09-24 19:05:19.368976+00:00
MSFT,2025-01-03 19:50:00+00:00,295.63205293992775,298.75693665692154,289.9467125644871,293.1660065243341,293.1660065243341,1884249.0,sample,2026-09-24 19:05:19.368976+00:00
MSFT,2025-01-03 19:55:00+00:00,292.45467720927144,297.04511954230173,290.3831115877136,294.5522852540851,294.5522852540851,6508715.0,sample,2026-09-24 19:05:19.368976+00:00
MSFT,2025-01-03 20:00:00+00:00,294.6186264812568,296.8496924518286,293.82546599413905,294.4612800615519,294.4612800615519,15414492.0,sample,2026-09-24 19:05:19.368976+00:00
MSFT,2025-01-03 20:05:00+00:00,294.88733721102034,295.742934609686,293.4801963931898,294.528160514614,294.528160514614,4737269.0,sample,2026-09-24 19:05:19.368976+00:00
MSFT,2025-01-03 20:10:00+00:00,294.0510957416885,296.797266888901,291.3877555848486,294.06712616014676,294.06712616014676,13212318.0,sample,2026-09-24 19:05:19.368976+00:00
MSFT,2025-01-03 20:15:00+00:00,294.36082964954954,295.9909413415928,292.7629189552178,294.0486969634688,294.0486969634688,4332808.0,sample,2026-09-24 19:05:19.368976+00:00
MSFT,2025-01-03 20:20:00+00:00,293.8996252725929,297.51942126503855,292.0310419877508,295.29325284560804,295.29325284560804,5003881.0,sample,2026-09-24 19:05:19.368976+00:00
MSFT,2025-01-03 20:25:00+00:00,294.6058404064178,299.0897725392579,291.284786529877,295.61708127001623,295.61708127001623,9431563.0,sample,2026-09-24 19:05:19.368976+00:00
MSFT,2025-01-03 20:30:00+00:00,296.0078019786601,297.9016302318419,293.1537817513506,295.0718544818494,295.0718544818494,2517329.0,sample,2026-09-24 19:05:19.368976+00:00
MSFT,2025-01-03 20:35:00+00:00,294.4899084751964,296.61762762095753,291.8808784130922,295.03104854427545,295.03104854427545,11903055.0,sample,2026-09-24 19:05:19.368976+00:00
MSFT,2025-01-03 20:40:00+00:00,294.64545360813764,299.5268719024513,291.7627966914493,296.7354375991675,296.7354375991675,5501228.0,sample,2026-09-24 19:05:19.368976+00:00
MSFT,2025-01-03 20:45:00+00:00,296.5628224753786,298.0661874613435,293.9114203979005,297.2975142113642,297.2975142113642,10989235.0,sample,2026-09-24 19:05:19.368976+00:00
MSFT,2025-01-03 20:50:00+00:00,296.907017972573,298.5080135234545,295.4559402241461,297.0196037612977,297.0196037612977,5574005.0,sample,2026-09-24 19:05:19.368976+00:00
MSFT,2025-01-03 20:55:00+00:00,296.5964194376288,300.76481638813306,294.57584657945193,298.770884227303,298.770884227303,5296376.0,sample,2026-09-24 19:05:19.368976+00:00
MSFT,2025-01-03 21:00:00+00:00,298.54123121990756,301.4226926836869,295.1989227173884,297.336458234491,297.336458234491,17433396.0,sample,2026-09-24 19:05:19.368976+00:00
MSFT,2025-01-03 21:05:00+00:00,296.9996964659321,299.3372801256474,292.60965904743887,294.51695709394784,294.51695709394784,5779842.0,sample,2026-09-24 19:05:19.368976+00:00
MSFT,2025-01-03 21:10:00+00:00,295.14131637847197,296.41826715748005,292.66942363386977,294.0955955790372,294.0955955790372,6162370.0,sample,2026-09-24 19:05:19.368976+00:00
MSFT,2025-01-03 21:15:00+00:00,294.0045345368572,296.0689347396039,290.77317652664135,294.2362816427048,294.2362816427048,4955846.0,sample,2026-09-24 19:05:19.368976+00:00
MSFT,2025-01-03 21:20:00+00:00,295.07478808021256,296.43810625279673,293.8351064064279,294.5386312630919,294.5386312630919,15751922.0,sample,2026-09-24 19:05:19.368976+00:00
MSFT,2025-01-03 21:25:00+00:00,294.3129098966653,295.4608932416089,290.2156358917358,292.7439131010774,292.7439131010774,5404675.0,sample,2026-09-24 19:05:19.368976+00:00
MSFT,2025-01-03 21:30:00+00:00,293.34009063787397,296.57341432293566,290.56232843425806,292.62842824551007,292.62842824551007,12842326.0,sample,2026-09-24 19:05:19.368976+00:00
MSFT,2025-01-03 21:35:00+00:00,292.196459123249,294.92021320577294,290.81028712957266,292.0368373389194,292.0368373389194,12055432.0,sample,2026-09-24 19:05:19.368976+00:00
MSFT,2025-01-03 21:40:00+00:00,291.1244331001901,294.0826538196191,290.6366039753329,293.23780574854425,293.23780574854425,3674725.0,sample,2026-09-24 19:05:19.368976+00:00
MSFT,2025-01-03 21:45:00+00:00,293.1384487635339,295.54675659026805,292.8133896910477,294.35805615636605,294.35805615636605,13723595.0,sample,2026-09-24 19:05:19.368976+00:00
MSFT,2025-01-03 21:50:00+00:00,293.2001005540427,297.6557842673656,292.54500470509333,294.4578527705602,294.4578527705602,9895175.0,sample,2026-09-24 19:05:19.368976+00:00
MSFT,2025-01-03 21:55:00+00:00,295.0941692688213,296.7774037604127,292.2329621161768,293.3019750721512,293.3019750721512,12644667.0,sample,2026-09-24 19:05:19.368976+00:00
MSFT,2025-01-03 22:00:00+00:00,293.5866750842033,294.6597198383009,290.3034229773864,293.77144514335566,293.77144514335566,3795382.0,sample,2026-09-24 19:05:19.368976+00:00
MSFT,2025-01-03 22:05:00+00:00,293.92393408677157,297.18767429871286,290.8832994654086,293.8103899772178,293.8103899772178,13114367.0,sample,2026-09-24 19:05:19.368976+00:00
MSFT,2025-01-03 22:10:00+00:00,293.5628088615556,296.22097718129555,292.20338813957386,293.7530027155724,293.7530027155724,5479161.0,sample,2026-09-24 19:05:19.368976+00:00
MSFT,2025-01-03 22:15:00+00:00,293.750608771665,295.0468924356881,290.34406552772856,293.94721049327825,293.94721049327825,13457496.0,sample,2026-09-24 19:05:19.368976+00:00
MSFT,2025-01-03 22:20:00+00:00,293.7229744220713,298.4994687435521,290.60161056370407,295.147921316341,295.147921316341,12611308.0,sample,2026-09-24 19:05:19.368976+00:00
MSFT,2025-01-03 22:25:00+00:00,296.1142398148409,297.1499677307366,292.2533342496807,294.0497855625805,294.0497855625805,9306546.0,sample,2026-09-24 19:05:19.368976+00:00
MSFT,2025-01-03 22:30:00+00:00,294.27898350825984,296.96173818225776,288.9814574665256,292.4561400880686,292.4561400880686,2670635.0,sample,2026-09-24 19:05:19.368976+00:00
MSFT,2025-01-03 22:35:00+00:00,292.0942284520184,295.2619745462433,289.3658189910854,292.6995383893268,292.6995383893268,2333266.0,sample,2026-09-24 19:05:19.368976+00:00
MSFT,2025-01-03 22:40:00+00:00,292.21786156275374,296.0099085433933,291.46841450788895,293.31502843568785,293.31502843568785,3556581.0,sample,2026-09-24 19:05:19.368976+00:00
MSFT,2025-01-03 22:45:00+00:00,293.82359293417545,294.30508220289784,291.26713831935507,293.38093609054397,293.38093609054397,16566997.0,sample,2026-09-24 19:05:19.368976+00:00
MSFT,2025-01-03 22:50:00+00:00,293.36409324511834,296.65723681403074,289.35001218363544,291.3225232696746,291.3225232696746,3538096.0,sample,2026-09-24 19:05:19.368976+00:00
MSFT,2025-01-03 22:55:00+00:00,291.92849221346216,294.2876024113045,287.63345149371645,291.0210449873473,291.0210449873473,11890365.0,sample,2026-09-24 19:05:19.368976+00:00
MSFT,2025-01-03 23:00:00+00:00,291.10463092433395,292.88603199409164,287.22971300144366,290.2812377777631,290.2812377777631,9835081.0,sample,2026-09-24 19:05:19.368976+00:00
MSFT,2025-01-03 23:05:00+00:00,290.7674049056192,292.1487149993376,289.4133745338767,290.2145154508256,290.2145154508256,13632632.0,sample,2026-09-24 19:05:19.368976+00:00
MSFT,2025-01-03 23:10:00+00:00,288.8735755423779,291.19031168424647,285.7660727925356,290.30699160233365,290.30699160233365,1749128.0,sample,2026-09-24 19:05:19.368976+00:00
MSFT,2025-01-03 23:15:00+00:00,290.5687233981182,291.68981524459224,287.60421963346056,288.98119052120995,288.98119052120995,15857918.0,sample,2026-09-24 19:05:19.368976+00:00
MSFT,2025-01-03 23:20:00+00:00,288.52777067012903,289.3658917508931,285.4455661091567,288.27903115190196,288.27903115190196,16778485.0,sample,2026-09-24 19:05:19.368976+00:00
MSFT,2025-01-03 23:25:00+00:00,288.7627730172593,291.1185523332658,284.7908001951787,287.15295411677675,287.15295411677675,3618747.0,sample,2026-09-24 19:05:19.368976+00:00
MSFT,2025-01-03 23:30:00+00:00,287.6777417322098,288.11126685607195,285.1919366798209,286.73312103977423,286.73312103977423,17250811.0,sample,2026-09-24 19:05:19.368976+00:00
MSFT,2025-01-03 23:35:00+00:00,287.04080953707216,290.57985419674395,285.5582396388314,287.7628013778992,287.7628013778992,3368057.0,sample,2026-09-24 19:05:19.368976+00:00
MSFT,2025-01-03 23:40:00+00:00,287.76718652340094,290.30816569164625,283.616607194747,286.39246545469496,286.39246545469496,13534610.0,sample,2026-09-24 19:05:19.368976+00:00
MSFT,2025-01-03 23:45:00+00:00,286.418109815648,289.2955238876638,283.35714468707073,286.75438697364183,286.75438697364183,6353989.0,sample,2026-09-24 19:05:19.368976+00:00
MSFT,2025-01-03 23:50:00+00:00,286.81815785937624,287.2768558262487,284.6927862647292,286.96650524552484,286.96650524552484,1518203.0,sample,2026-09-24 19:05:19.368976+00:00
MSFT,2025-01-03 23:55:00+00:00,287.0359925417596,289.8290755452728,285.00969306196845,285.80684481880587,285.80684481880587,11339587.0,sample,2026-09-24 19:05:19.368976+00:00
MSFT,2025-01-04 00:00:00+00:00,285.0367224939995,288.5338982111004,282.0636696241616,286.7066953784299,286.7066953784299,9940684.0,sample,2026-09-24 19:05:19.368976+00:00
MSFT,2025-01-04 00:05:00+00:00,286.9840176818685,288.13967157873304,281.77013247473974,283.76489574835267,283.76489574835267,3927621.0,sample,2026-09-24 19:05:19.368976+00:00
MSFT,2025-01-04 00:10:00+00:00,283.84497373911694,288.4589604310428,282.39086863975507,285.7404510241662,285.7404510241662,4538587.0,sample,2026-09-24 19:05:19.368976+00:00
MSFT,2025-01-04 00:15:00+00:00,285.4609982259361,288.68097573923114,284.3608910893696,287.09758202751755,287.09758202751755,13754048.0,sample,2026-09-24 19:05:19.368976+00:00
MSFT,2025-01-04 00:20:00+00:00,287.7981721670886,288.5480463181711,284.2688263357587,286.68768556479904,286.68768556479904,17420335.0,sample,2026-09-24 19:05:19.368976+00:00
MSFT,2025-01-04 00:25:00+00:00,286.48060785547443,287.99209758979896,284.82656773864846,285.4030567483522,285.4030567483522,1853694.0,sample,2026-09-24 19:05:19.368976+00:00
MSFT,2025-01-04 00:30:00+00:00,285.74311367511206,288.69414613574446,281.0590832680592,284.3784984468406,284.3784984468406,7756500.0,sample,2026-09-24 19:05:19.368976+00:00
MSFT,2025-01-04 00:35:00+00:00,285.000543284665,286.59956581769535,280.1325817455129,282.9536103926037,282.9536103926037,3863167.0,sample,2026-09-24 19:05:19.368976+00:00
MSFT,2025-01-04 00:40:00+00:00,284.1050657913538,286.85996768115126,282.7274833794097,284.8753602751315,284.8753602751315,13134480.0,sample,2026-09-24 19:05:19.368976+00:00
MSFT,2025-01-04 00:45:00+00:00,284.9002147132189,288.0098833256308,280.4800417251368,283.39656072109625,283.39656072109625,4801398.0,sample,2026-09-24 19:05:19.368976+00:00
MSFT,2025-01-04 00:50:00+00:00,283.80150675563215,285.9703252361838,280.7965510543201,283.72423074230267,283.72423074230267,13346069.0,sample,2026-09-24 19:05:19.368976+00:00
MSFT,2025-01-04 00:55:00+00:00,282.8118851140875,284.8929211158374,278.61061676789063,281.9372385001182,281.9372385001182,17736537.0,sample,2026-09-24 19:05:19.368976+00:00
MSFT,2025-01-04 01:00:00+00:00,281.897217101532,284.98491802110885,279.1817506516706,281.89365249556147,281.89365249556147,9775404.0,sample,2026-09-24 19:05:19.368976+00:00
MSFT,2025-01-04 01:05:00+00:00,281.612597849712,282.8644775911883,279.04386569293393,282.3699816510728,282.3699816510728,8574061.0,sample,2026-09-24 19:05:19.368976+00:00
MSFT,2025-01-04 01:10:00+00:00,282.54207501577014,285.15380386988807,281.1572066156713,281.8420722215066,281.8420722215066,9647360.0,sample,2026-09-24 19:05:19.368976+00:00
MSFT,2025-01-04 01:15:00+00:00,280.9092467982948,284.0423441908161,278.5070614786858,283.0810107828944,283.0810107828944,16646234.0,sample,2026-09-24 19:05:19.368976+00:00
MSFT,2025-01-04 01:20:00+00:00,283.491429686464,285.19343147594515,281.9955304956038,282.9780269087351,282.9780269087351,2983914.0,sample,2026-09-24 19:05:19.368976+00:00
MSFT,2025-01-04 01:25:00+00:00,283.25985752491874,285.1431238825985,280.5352313927126,283.6694147043483,283.6694147043483,11026025.0,sample,2026-09-24 19:05:19.368976+00:00
MSFT,2025-01-04 01:30:00+00:00,284.34817401161024,285.97710069547605,282.6556328505961,283.463675416642,283.463675416642,12759092.0,sample,2026-09-24 19:05:19.368976+00:00
MSFT,2025-01-04 01:35:00+00:00,283.5029856674887,284.0706355814971,279.3993782007421,282.2288626876044,282.2288626876044,15755700.0,sample,2026-09-24 19:05:19.368976+00:00
MSFT,2025-01-04 01:40:00+00:00,282.20339408820945,285.0311717881543,281.3105512302494,281.9639048480306,281.9639048480306,12747349.0,sample,2026-09-24 19:05:19.368976+00:00
MSFT,2025-01-04 01:45:00+00:00,281.99837852632294,285.298366307188,280.2160365966441,282.4068978149615,282.4068978149615,16568910.0,sample,2026-09-24 19:05:19.368976+00:00
MSFT,2025-01-04 01:50:00+00:00,282.7609775966579,283.65145097640044,279.4622885613058,283.3082456362351,283.3082456362351,15998754.0,sample,2026-09-24 19:05:19.368976+00:00
MSFT,2025-01-04 01:55:00+00:00,282.49605660203076,284.3297872292082,279.7098094512921,282.6558487411506,282.6558487411506,8714665.0,sample,2026-09-24 19:05:19.368976+00:00
MSFT,2025-01-04 02:00:00+00:00,283.33051902921545,285.1533745934154,279.85356335149436,281.5265541597368,281.5265541597368,10336681.0,sample,2026-09-24 19:05:19.368976+00:00
MSFT,2025-01-04 02:05:00+00:00,281.326138679459,284.68189515918084,278.96542513428807,281.1740489556281,281.1740489556281,6488799.0,sample,2026-09-24 19:05:19.368976+00:00
MSFT,2025-01-04 02:10:00+00:00,280.1538829631012,281.8821306750296,277.67607258471753,280.3668772512916,280.3668772512916,11973456.0,sample,2026-09-24 19:05:19.368976+00:00
MSFT,2025-01-04 02:15:00+00:00,280.5756000499449,282.2984756892443,279.857233677477,280.1548600802366,280.1548600802366,12839286.0,sample,2026-09-24 19:05:19.368976+00:00
MSFT,2025-01-04 02:20:00+00:00,281.26381276903254,283.2269410129373,279.1207631144249,279.59273478567525,279.59273478567525,5206701.0,sample,2026-09-24 19:05:19.368976+00:00
MSFT,2025-01-04 02:25:00+00:00,279.2519078863005,282.93733218372716,275.99309206107813,279.8702146929804,279.8702146929804,16128474.0,sample,2026-09-24 19:05:19.368976+00:00
MSFT,2025-01-04 02:30:00+00:00,279.2872473828801,281.0347179869068,276.6481506388586,280.4798200044445,280.4798200044445,14899254.0,sample,2026-09-24 19:05:19.368976+00:00
MSFT,2025-01-04 02:35:00+00:00,278.9771319870209,281.25488769699905,277.3281921370334,279.25615726907847,279.25615726907847,7722282.0,sample,2026-09-24 19:05:19.368976+00:00
MSFT,2025-01-04 02:40:00+00:00,278.27488037284434,282.07257159538653,277.2666976107131,279.41228736616506,279.41228736616506,17755755.0,sample,2026-09-24 19:05:19.368976+00:00
MSFT,2025-01-04 02:45:00+00:00,279.5963196131031,281.00653099877053,277.0235409310899,278.7067489176122,278.7067489176122,12634375.0,sample,2026-09-24 19:05:19.368976+00:00
MSFT,2025-01-04 02:50:00+00:00,278.3007090201862,281.80638207927456,277.7884235595156,279.67529763417707,279.67529763417707,11727558.0,sample,2026-09-24 19:05:19.368976+00:00
MSFT,2025-01-04 02:55:00+00:00,279.96684419850936,282.55184184362446,277.50501234329766,278.72091027279936,278.72091027279936,12674723.0,sample,2026-09-24 19:05:19.368976+00:00
MSFT,2025-01-04 03:00:00+00:00,278.35831871636327,279.6587523040014,275.98102781346444,277.6037690057924,277.6037690057924,1764825.0,sample,2026-09-24 19:05:19.368976+00:00
MSFT,2025-01-04 03:05:00+00:00,277.9482930389831,280.7647690046404,274.2550472380138,276.06401710758973,276.06401710758973,5709806.0,sample,2026-09-24 19:05:19.368976+00:00
MSFT,2025-01-04 03:10:00+00:00,275.63910908352545,275.94007494532246,275.19940743140717,275.6031745606901,275.6031745606901,8397362.0,sample,2026-09-24 19:05:19.368976+00:00
MSFT,2025-01-04 03:15:00+00:00,276.31131755150255,278.64384545348076,274.64329907576666,275.4852653689041,275.4852653689041,9924558.0,sample,2026-09-24 19:05:19.368976+00:00
MSFT,2025-01-04 03:20:00+00:00,275.1584565572969,276.9488295267126,273.82576576406683,274.42035846069433,274.42035846069433,15661320.0,sample,2026-09-24 19:05:19.368976+00:00
MSFT,2025-01-04 03:25:00+00:00,275.62129306946076,278.04912453398765,272.6571537213818,274.30875073528296,274.30875073528296,13679444.0,sample,2026-09-24 19:05:19.368976+00:00
MSFT,2025-01-04 03:30:00+00:00,274.04071452858614,275.7193667519171,269.1597898740247,271.4554333165393,271.4554333165393,5459695.0,sample,2026-09-24 19:05:19.368976+00:00
MSFT,2025-01-04 03:35:00+00:00,271.2065931496595,274.5596064518117,268.3755486306007,271.47329787383325,271.47329787383325,2710411.0,sample,2026-09-24 19:05:19.368976+00:00
MSFT,2025-01-04 03:40:00+00:00,272.1883623863879,274.9139889749759,269.18114445021695,271.31671522035094,271.31671522035094,14644997.0,sample,2026-09-24 19:05:19.368976+00:00
MSFT,2025-01-04 03:45:00+00:00,272.2503188168873,275.18475878206766,267.3788999664238,268.9074832403511,268.9074832403511,1738202.0,sample,2026-09-24 19:05:19.368976+00:00
MSFT,2025-01-04 03:50:00+00:00,268.34631077725237,271.3593927866604,265.7791217420164,270.27765587564835,270.27765587564835,6207797.0,sample,2026-09-24 19:05:19.368976+00:00
MSFT,2025-01-04 03:55:00+00:00,269.3855575354361,271.09946127776624,266.18972970604256,270.6637571110559,270.6637571110559,4724728.0,sample,2026-09-24 19:05:19.368976+00:00
MSFT,2025-01-04 04:00:00+00:00,271.34654827973736,271.94322974341685,269.4916279091224,271.1958175058955,271.1958175058955,3455739.0,sample,2026-09-24 19:05:19.368976+00:00
MSFT,2025-01-04 04:05:00+00:00,270.93667297334343,274.13338970949883,268.0910904221271,272.28694658937735,272.28694658937735,12163414.0,sample,2026-09-24 19:05:19.368976+00:00
MSFT,2025-01-04 04:10:00+00:00,271.6173317815183,274.535774562531,268.98615735530876,271.52735983465413,271.52735983465413,10986311.0,sample,2026-09-24 19:05:19.368976+00:00
MSFT,2025-01-04 04:15:00+00:00,272.2191356889243,275.080667743102,269.0852786823959,270.077259708947,270.077259708947,1654785.0,sample,2026-09-24 19:05:19.368976+00:00
MSFT,2025-01-04 04:20:00+00:00,269.2393816203134,272.49853553170914,266.4899646975794,272.02714134401043,272.02714134401043,13784892.0,sample,2026-09-24 19:05:19.368976+00:00
MSFT,2025-01-04 04:25:00+00:00,272.0357839492243,272.5376308256298,269.7931380313456,271.23674263845743,271.23674263845743,12643644.0,sample,2026-09-24 19:05:19.368976+00:00
MSFT,2025-01-04 04:30:00+00:00,271.5277899389798,272.90760467187795,266.8483709986162,269.0798847804415,269.0798847804415,9873515.0,sample,2026-09-24 19:05:19.368976+00:00
MSFT,2025-01-04 04:35:00+00:00,269.5554616860143,271.8330741360571,266.03651431078754,266.8668458810213,266.8668458810213,4701388.0,sample,2026-09-24 19:05:19.368976+00:00
MSFT,2025-01-04 04:40:00+00:00,267.4399842196803,272.22543914431805,266.7176225641154,269.0679458718907,269.0679458718907,14926938.0,sample,2026-09-24 19:05:19.368976+00:00
MSFT,2025-01-04 04:45:00+00:00,268.5682444976193,271.40698949097055,267.5420230640402,269.1133233106917,269.1133233106917,6478264.0,sample,2026-09-24 19:05:19.368976+00:00
MSFT,2025-01-04 04:50:00+00:00,269.35450050931985,271.2913097634425,268.25262079647337,269.4105637245205,269.4105637245205,5568638.0,sample,2026-09-24 19:05:19.368976+00:00
MSFT,2025-01-04 04:55:00+00:00,269.64118634280874,270.7166463052577,268.5999339016079,269.56999160596587,269.56999160596587,16728281.0,sample,2026-09-24 19:05:19.368976+00:00
MSFT,2025-01-04 05:00:00+00:00,270.422435710828,273.517404535836,267.6952566016176,270.01578645071817,270.01578645071817,15828687.0,sample,2026-09-24 19:05:19.368976+00:00
MSFT,2025-01-04 05:05:00+00:00,270.322837994309,274.6064618225718,269.2443437940444,272.1139786394584,272.1139786394584,6899599.0,sample,2026-09-24 19:05:19.368976+00:00
MSFT,2025-01-04 05:10:00+00:00,271.51508076913365,272.9301360535774,269.9633388166298,271.55505236727043,271.55505236727043,5790300.0,sample,2026-09-24 19:05:19.368976+00:00
MSFT,2025-01-04 05:15:00+00:00,270.858115131475,274.6770686624914,269.3364505208253,272.6432400994019,272.6432400994019,10730324.0,sample,2026-09-24 19:05:19.368976+00:00
MSFT,2025-01-04 05:20:00+00:00,272.3657946082576,275.1239501238395,269.2756647625999,272.78677946160167,272.78677946160167,6685242.0,sample,2026-09-24 19:05:19.368976+00:00
MSFT,2025-01-04 05:25:00+00:00,274.0746655759444,275.87904818723257,271.029865038183,272.19342023439924,272.19342023439924,9705159.0,sample,2026-09-24 19:05:19.368976+00:00
MSFT,2025-01-04 05:30:00+00:00,272.1280325655958,275.11301693529856,269.93360911350413,271.2492420561186,271.2492420561186,9508444.0,sample,2026-09-24 19:05:19.368976+00:00
MSFT,2025-01-04 05:35:00+00:00,270.7020037011589,272.8090003865728,267.9363993066502,271.10405038819533,271.10405038819533,13939659.0,sample,2026-09-24 19:05:19.368976+00:00
MSFT,2025-01-04 05:40:00+00:00,271.2113072773642,273.950129285336,267.72494178468594,270.39868139175246,270.39868139175246,8420970.0,sample,2026-09-24 19:05:19.368976+00:00
MSFT,2025-01-04 05:45:00+00:00,270.95712137835835,272.84511861331714,270.6738123019355,271.4491982443338,271.4491982443338,14491390.0,sample,2026-09-24 19:05:19.368976+00:00
MSFT,2025-01-04 05:50:00+00:00,271.6627238441659,275.6081542874165,270.48742903039897,273.35943812524766,273.35943812524766,5258626.0,sample,2026-09-24 19:05:19.368976+00:00
MSFT,2025-01-04 05:55:00+00:00,273.2291374370294,277.1578573320637,272.1338009188725,273.91271781125977,273.91271781125977,12302443.0,sample,2026-09-24 19:05:19.368976+00:00
MSFT,2025-01-04 06:00:00+00:00,274.8678639216448,276.1854940542343,270.82310918822816,273.30755095678256,273.30755095678256,10471210.0,sample,2026-09-24 19:05:19.368976+00:00
MSFT,2025-01-04 06:05:00+00:00,273.9230459370103,274.7316841819513,271.2520295190049,271.8261642787607,271.8261642787607,9221348.0,sample,2026-09-24 19:05:19.368976+00:00
MSFT,2025-01-04 06:10:00+00:00,272.49140550567574,274.7987352282501,269.4973642351462,270.7238613439711,270.7238613439711,1913405.0,sample,2026-09-24 19:05:19.368976+00:00
MSFT,2025-01-04 06:15:00+00:00,270.1912715909948,272.3822463708045,267.5338212761883,271.70347771196015,271.70347771196015,11658139.0,sample,2026-09-24 19:05:19.368976+00:00
MSFT,2025-01-04 06:20:00+00:00,271.3045389169492,275.71748916661005,268.6798103549541,272.4926742644512,272.4926742644512,17381161.0,sample,2026-09-24 19:05:19.368976+00:00
MSFT,2025-01-04 06:25:00+00:00,272.1264808834329,274.60696724487076,269.3474626787891,273.92840969533074,273.92840969533074,17437664.0,sample,2026-09-24 19:05:19.368976+00:00
MSFT,2025-01-04 06:30:00+00:00,273.88637802588005,275.11650037892366,271.78514317520427,272.85563258154315,272.85563258154315,9849563.0,sample,2026-09-24 19:05:19.368976+00:00
MSFT,2025-01-04 06:35:00+00:00,272.9214324700175,275.80216502923054,270.8397197793712,272.7960761149787,272.7960761149787,10648527.0,sample,2026-09-24 19:05:19.368976+00:00
MSFT,2025-01-04 06:40:00+00:00,271.9931971436911,274.4777550337044,269.10064822554386,274.1648327639739,274.1648327639739,15898525.0,sample,2026-09-24 19:05:19.368976+00:00
MSFT,2025-01-04 06:45:00+00:00,273.57161963759023,277.602414213926,272.09547782666795,274.5171559176166,274.5171559176166,3031370.0,sample,2026-09-24 19:05:19.368976+00:00
MSFT,2025-01-04 06:50:00+00:00,274.6115914641125,275.0618682176565,270.64420500053865,273.3399695766585,273.3399695766585,7279242.0,sample,2026-09-24 19:05:19.368976+00:00
MSFT,2025-01-04 06:55:00+00:00,273.55450828334864,274.22160166632386,270.9636389372938,272.3679589037226,272.3679589037226,10074403.0,sample,2026-09-24 19:05:19.368976+00:00
MSFT,2025-01-04 07:00:00+00:00,273.3604070818109,275.36981809609387,269.62748814959554,270.66509639273323,270.66509639273323,6722518.0,sample,2026-09-24 19:05:19.368976+00:00
MSFT,2025-01-04 07:05:00+00:00,270.7011324906102,273.03109043580423,266.57328284236513,269.2136310032428,269.2136310032428,4196524.0,sample,2026-09-24 19:05:19.368976+00:00
MSFT,2025-01-04 07:10:00+00:00,269.7653812942608,273.43430578193227,267.5776011226608,270.7184801037045,270.7184801037045,7016033.0,sample,2026-09-24 19:05:19.368976+00:00
MSFT,2025-01-04 07:15:00+00:00,269.6604080077905,271.5419437577228,268.88023896934413,269.4650566831065,269.4650566831065,7402523.0,sample,2026-09-24 19:05:19.368976+00:00
MSFT,2025-01-04 07:20:00+00:00,269.69221987686376,273.44011867913173,267.438739201117,271.0045528875909,271.0045528875909,4554918.0,sample,2026-09-24 19:05:19.368976+00:00
MSFT,2025-01-04 07:25:00+00:00,270.17282190907576,274.66246410833423,269.3410578650705,272.1856318520284,272.1856318520284,7827319.0,sample,2026-09-24 19:05:19.368976+00:00
MSFT,2025-01-04 07:30:00+00:00,271.70240548905105,275.0238077723005,268.91712724032436,272.6280761933021,272.6280761933021,16706730.0,sample,2026-09-24 19:05:19.368976+00:00
MSFT,2025-01-04 07:35:00+00:00,272.6974362572674,275.56080764296047,271.2408513448098,271.7543415806743,271.7543415806743,6091933.0,sample,2026-09-24 19:05:19.368976+00:00
MSFT,2025-01-04 07:40:00+00:00,271.82010570096054,275.11966813430826,270.7486934068003,274.1197200133925,274.1197200133925,7212323.0,sample,2026-09-24 19:05:19.368976+00:00
MSFT,2025-01-04 07:45:00+00:00,273.7541723676555,278.322820962529,272.67181334615395,275.0991510608052,275.0991510608052,10459887.0,sample,2026-09-24 19:05:19.368976+00:00
MSFT,2025-01-04 07:50:00+00:00,275.48640575464486,279.0627424616803,272.3271674126375,276.3309032266376,276.3309032266376,6806769.0,sample,2026-09-24 19:05:19.368976+00:00
MSFT,2025-01-04 07:55:00+00:00,275.36046543612866,279.6466633760195,272.4071526240384,276.38240125249735,276.38240125249735,17266925.0,sample,2026-09-24 19:05:19.368976+00:00
MSFT,2025-01-04 08:00:00+00:00,276.09285428176696,278.6537151587137,273.59115597440336,274.73140725412065,274.73140725412065,5558172.0,sample,2026-09-24 19:05:19.368976+00:00
MSFT,2025-01-04 08:05:00+00:00,274.8375412943933,276.5718472220859,273.45500044921175,275.34373356615515,275.34373356615515,2294209.0,sample,2026-09-24 19:05:19.368976+00:00
MSFT,2025-01-04 08:10:00+00:00,275.0646612865566,276.8925978306954,274.69736755524696,276.14407090251,276.14407090251,10639647.0,sample,2026-09-24 19:05:19.368976+00:00
MSFT,2025-01-04 08:15:00+00:00,276.26018085984754,276.550445177271,272.19023200980644,274.6027914734803,274.6027914734803,6844489.0,sample,2026-09-24 19:05:19.368976+00:00
MSFT,2025-01-04 08:20:00+00:00,275.6984684115773,276.28475058251297,273.5261162507151,274.58257388672973,274.58257388672973,9653506.0,sample,2026-09-24 19:05:19.368976+00:00
MSFT,2025-01-04 08:25:00+00:00,274.28135110825315,275.36612493191814,272.29958668910666,274.8251335976056,274.8251335976056,17161481.0,sample,2026-09-24 19:05:19.368976+00:00
MSFT,2025-01-04 08:30:00+00:00,274.7568620615299,276.9358509103468,270.81421800582996,273.3967730939151,273.3967730939151,5356420.0,sample,2026-09-24 19:05:19.368976+00:00
MSFT,2025-01-04 08:35:00+00:00,272.87882187419444,274.3615976776088,270.1094886600188,273.54819257628077,273.54819257628077,13810381.0,sample,2026-09-24 19:05:19.368976+00:00
MSFT,2025-01-04 08:40:00+00:00,272.84818876908116,274.0435547378889,272.2919609413914,273.540208137249,273.540208137249,4491992.0,sample,2026-09-24 19:05:19.368976+00:00
MSFT,2025-01-04 08:45:00+00:00,273.4244097203257,276.5480944564172,273.07394016459324,273.99260813796894,273.99260813796894,13460394.0,sample,2026-09-24 19:05:19.368976+00:00
MSFT,2025-01-04 08:50:00+00:00,274.51489175968464,275.72818929210877,270.8440641997462,273.89734805561875,273.89734805561875,2271316.0,sample,2026-09-24 19:05:19.368976+00:00
MSFT,2025-01-04 08:55:00+00:00,273.43968808939053,274.1036056970382,271.111271253822,273.46202769180513,273.46202769180513,6217751.0,sample,2026-09-24 19:05:19.368976+00:00
MSFT,2025-01-04 09:00:00+00:00,274.0610430761122,274.6316893957804,271.23880381134893,273.2075349509172,273.2075349509172,5125176.0,sample,2026-09-24 19:05:19.368976+00:00
MSFT,2025-01-04 09:05:00+00:00,273.36579053183704,275.292095562114,270.8347071175514,272.6284372348097,272.6284372348097,9720795.0,sample,2026-09-24 19:05:19.368976+00:00
MSFT,2025-01-04 09:10:00+00:00,271.9742033249153,275.7142025820716,269.6894872567503,274.22635226644974,274.22635226644974,16432305.0,sample,2026-09-24 19:05:19.368976+00:00
MSFT,2025-01-04 09:15:00+00:00,273.44240905729254,276.22155542876453,272.7741022387403,274.64956653014804,274.64956653014804,10956739.0,sample,2026-09-24 19:05:19.368976+00:00
MSFT,2025-01-04 09:20:00+00:00,273.94899144668335,276.12049965185315,270.8402186913746,273.84460350085857,273.84460350085857,10702996.0,sample,2026-09-24 19:05:19.368976+00:00
MSFT,2025-01-04 09:25:00+00:00,274.02941420176523,274.52305971791327,272.5009711240385,273.6579093629088,273.6579093629088,11043844.0,sample,2026-09-24 19:05:19.368976+00:00
MSFT,2025-01-04 09:30:00+00:00,273.50462747691256,276.2962254890677,271.0043708714966,274.75063745191903,274.75063745191903,16951434.0,sample,2026-09-24 19:05:19.368976+00:00
MSFT,2025-01-04 09:35:00+00:00,275.3908231670125,277.9309112859068,274.57598289048576,276.1498969833625,276.1498969833625,16093371.0,sample,2026-09-24 19:05:19.368976+00:00
MSFT,2025-01-04 09:40:00+00:00,276.04526999156036,277.9118788050655,274.54736250294013,275.2750085439787,275.2750085439787,14683664.0,sample,2026-09-24 19:05:19.368976+00:00
MSFT,2025-01-04 09:45:00+00:00,275.4106010713309,278.1022628938623,273.7752347471713,276.1570516934756,276.1570516934756,13920543.0,sample,2026-09-24 19:05:19.368976+00:00
MSFT,2025-01-04 09:50:00+00:00,276.6186992826744,279.8778082240887,274.9247801335137,276.88731052867496,276.88731052867496,13549227.0,sample,2026-09-24 19:05:19.368976+00:00
MSFT,2025-01-04 09:55:00+00:00,277.9860514947132,281.1578073427158,275.4344984396746,277.54518139738053,277.54518139738053,16333129.0,sample,2026-09-24 19:05:19.368976+00:00
MSFT,2025-01-04 10:00:00+00:00,276.73359509293283,278.62417703187765,276.213217277177,276.61039397902977,276.61039397902977,2400675.0,sample,2026-09-24 19:05:19.368976+00:00
MSFT,2025-01-04 10:05:00+00:00,277.22642362958106,280.66695609043035,276.33296102243537,278.04924065510977,278.04924065510977,12224581.0,sample,2026-09-24 19:05:19.368976+00:00
MSFT,2025-01-04 10:10:00+00:00,278.0651742309987,278.4493554754138,275.46777924854905,277.59506379714907,277.59506379714907,5078562.0,sample,2026-09-24 19:05:19.368976+00:00
MSFT,2025-01-04 10:15:00+00:00,278.0520058067251,280.4404087437356,275.19012183561125,276.39334212943885,276.39334212943885,2242882.0,sample,2026-09-24 19:05:19.368976+00:00
MSFT,2025-01-04 10:20:00+00:00,276.18475683178394,281.0136764321902,274.8995905762029,278.9952599274548,278.9952599274548,16028776.0,sample,2026-09-24 19:05:19.368976+00:00
MSFT,2025-01-04 10:25:00+00:00,279.7572089056555,282.9888320039235,277.04529546625014,279.5338647103913,279.5338647103913,3370254.0,sample,2026-09-24 19:05:19.368976+00:00
MSFT,2025-01-04 10:30:00+00:00,279.0807589489098,281.1589558524304,277.10776720683964,280.1662335642599,280.1662335642599,6064263.0,sample,2026-09-24 19:05:19.368976+00:00
MSFT,2025-01-04 10:35:00+00:00,280.4153771885558,285.2169416221488,279.5865552340666,282.86245861210114,282.86245861210114,5018861.0,sample,2026-09-24 19:05:19.368976+00:00
MSFT,2025-01-04 10:40:00+00:00,283.13510913610077,285.7348691358396,279.8414909236662,280.9271242707414,280.9271242707414,12977678.0,sample,2026-09-24 19:05:19.368976+00:00
MSFT,2025-01-04 10:45:00+00:00,281.5197221798824,282.4666615364979,277.9359884812815,280.12087053448494,280.12087053448494,8202408.0,sample,2026-09-24 19:05:19.368976+00:00
MSFT,2025-01-04 10:50:00+00:00,279.4526665291933,281.38275641458233,277.3672537724088,277.9170629847299,277.9170629847299,3535009.0,sample,2026-09-24 19:05:19.368976+00:00
MSFT,2025-01-04 10:55:00+00:00,276.99592891601884,278.77219514988786,275.5396760884836,277.4597229653728,277.4597229653728,4912255.0,sample,2026-09-24 19:05:19.368976+00:00
MSFT,2025-01-04 11:00:00+00:00,278.4522182643766,280.89449453866354,275.40008175403915,279.4090358722574,279.4090358722574,3184261.0,sample,2026-09-24 19:05:19.368976+00:00
MSFT,2025-01-04 11:05:00+00:00,280.11511977695443,280.8939438666957,279.54791917888605,279.9999252902771,279.9999252902771,8568481.0,sample,2026-09-24 19:05:19.368976+00:00
MSFT,2025-01-04 11:10:00+00:00,279.8638664533395,282.42357469744076,278.0610708746855,280.8892756748301,280.8892756748301,14764050.0,sample,2026-09-24 19:05:19.368976+00:00
MSFT,2025-01-04 11:15:00+00:00,280.89373463876717,282.4861161095054,277.2248716335226,280.14122561929986,280.14122561929986,14239929.0,sample,2026-09-24 19:05:19.368976+00:00
MSFT,2025-01-04 11:20:00+00:00,279.46259856507425,279.9116161079066,277.9988580170141,279.24407031278776,279.24407031278776,1881890.0,sample,2026-09-24 19:05:19.368976+00:00
MSFT,2025-01-04 11:25:00+00:00,280.21824921999877,281.3680836172693,277.86489851856084,278.29605958125774,278.29605958125774,14124346.0,sample,2026-09-24 19:05:19.368976+00:00
MSFT,2025-01-04 11:30:00+00:00,277.45889943310743,280.98373093619756,274.4112489603819,280.64603033137104,280.64603033137104,6563205.0,sample,2026-09-24 19:05:19.368976+00:00
MSFT,2025-01-04 11:35:00+00:00,280.9312416327802,282.0357134123194,280.49809202538717,280.7924929471878,280.7924929471878,12670553.0,sample,2026-09-24 19:05:19.368976+00:00
MSFT,2025-01-04 11:40:00+00:00,280.7894028283215,284.19634949685167,278.5859976915097,281.6496423332947,281.6496423332947,8642920.0,sample,2026-09-24 19:05:19.368976+00:00
MSFT,2025-01-04 11:45:00+00:00,282.2543754408205,282.87826836422346,276.96959724263314,279.55545793910665,279.55545793910665,14073525.0,sample,2026-09-24 19:05:19.368976+00:00
MSFT,2025-01-04 11:50:00+00:00,280.2201187930103,280.565870359229,278.82453956324883,280.20762580437355,280.20762580437355,11550388.0,sample,2026-09-24 19:05:19.368976+00:00
MSFT,2025-01-04 11:55:00+00:00,279.60985990933307,281.0480347854267,276.4217282659043,278.50810381056345,278.50810381056345,12276455.0,sample,2026-09-24 19:05:19.368976+00:00
MSFT,2025-01-04 12:00:00+00:00,277.9865616026532,281.4401224990595,275.9025229159161,278.30039217682025,278.30039217682025,17292641.0,sample,2026-09-24 19:05:19.368976+00:00
MSFT,2025-01-04 12:05:00+00:00,278.4698126659517,280.4268790589339,277.49767857616956,279.0407261551165,279.0407261551165,17927481.0,sample,2026-09-24 19:05:19.368976+00:00
MSFT,2025-01-04 12:10:00+00:00,278.14950776205296,280.10132597331057,277.5826253960904,279.5639725345896,279.5639725345896,3721344.0,sample,2026-09-24 19:05:19.368976+00:00
MSFT,2025-01-04 12:15:00+00:00,280.1399338397426,281.52490473030394,279.26009842879046,280.39429740566555,280.39429740566555,4392678.0,sample,2026-09-24 19:05:19.368976+00:00
MSFT,2025-01-04 12:20:00+00:00,280.72974445548954,282.89849735960394,278.81254324161796,279.5512839762695,279.5512839762695,5584925.0,sample,2026-09-24 19:05:19.368976+00:00
MSFT,2025-01-04 12:25:00+00:00,278.46656451957074,281.25989815899214,276.4981614661867,278.5977561192957,278.5977561192957,5894982.0,sample,2026-09-24 19:05:19.368976+00:00
MSFT,2025-01-04 12:30:00+00:00,279.594664576641,280.9002856702059,276.6580388589475,279.1303289699491,279.1303289699491,9322813.0,sample,2026-09-24 19:05:19.368976+00:00
MSFT,2025-01-04 12:35:00+00:00,278.68427512023965,282.3480243203188,277.1615247092632,280.5910008482249,280.5910008482249,16362284.0,sample,2026-09-24 19:05:19.368976+00:00
MSFT,2025-01-04 12:40:00+00:00,281.1087008698046,281.5962955137062,280.0552339631372,280.5441001933989,280.5441001933989,14228626.0,sample,2026-09-24 19:05:19.368976+00:00
MSFT,2025-01-04 12:45:00+00:00,279.99678832004054,283.7940968148409,278.90967764313126,280.6434582164086,280.6434582164086,3412305.0,sample,2026-09-24 19:05:19.368976+00:00
MSFT,2025-01-04 12:50:00+00:00,281.49221700567955,283.1123441338956,279.3295933480384,280.80030236989586,280.80030236989586,4777141.0,sample,2026-09-24 19:05:19.368976+00:00
MSFT,2025-01-04 12:55:00+00:00,280.66911907526014,283.2224449353055,279.6123366834469,280.45496604633934,280.45496604633934,7997807.0,sample,2026-09-24 19:05:19.368976+00:00
MSFT,2025-01-04 13:00:00+00:00,280.0086716717035,283.21454081538735,279.30945733046246,280.6812392992641,280.6812392992641,5632149.0,sample,2026-09-24 19:05:19.368976+00:00
MSFT,2025-01-04 13:05:00+00:00,281.3043658301584,283.45219362147753,277.14887825163765,280.0339612349642,280.0339612349642,11191780.0,sample,2026-09-24 19:05:19.368976+00:00
MSFT,2025-01-04 13:10:00+00:00,279.82386300656873,281.87473841620476,278.27916776813237,279.7913216436737,279.7913216436737,3668177.0,sample,2026-09-24 19:05:19.368976+00:00
MSFT,2025-01-04 13:15:00+00:00,279.25618081825803,283.0629491662162,276.2995629892193,280.5372156621984,280.5372156621984,14765139.0,sample,2026-09-24 19:05:19.368976+00:00
MSFT,2025-01-04 13:20:00+00:00,280.0337101789931,282.53976987222563,278.9046112033784,279.2042664876758,279.2042664876758,8659373.0,sample,2026-09-24 19:05:19.368976+00:00
MSFT,2025-01-04 13:25:00+00:00,279.3414547357382,280.4761186937084,277.79910846113086,279.0264429591889,279.0264429591889,5035936.0,sample,2026-09-24 19:05:19.368976+00:00
MSFT,2025-01-04 13:30:00+00:00,279.25442600580925,280.3357196044326,276.50244753987204,278.9344029071867,278.9344029071867,14836130.0,sample,2026-09-24 19:05:19.368976+00:00
MSFT,2025-01-04 13:35:00+00:00,278.6916125413436,281.1416521628188,276.3296595339892,278.95424634799645,278.95424634799645,17712218.0,sample,2026-09-24 19:05:19.368976+00:00
MSFT,2025-01-04 13:40:00+00:00,278.68263965830886,279.95511150100333,275.15163607117745,278.24924689670064,278.24924689670064,9441088.0,sample,2026-09-24 19:05:19.368976+00:00
MSFT,2025-01-04 13:45:00+00:00,278.21855463573365,280.3814616529482,277.0379764005303,278.358239395801,278.358239395801,2112914.0,sample,2026-09-24 19:05:19.368976+00:00
MSFT,2025-01-04 13:50:00+00:00,277.95848415955425,281.12861142893456,277.45567931136486,279.01696975318947,279.01696975318947,11833544.0,sample,2026-09-24 19:05:19.368976+00:00
MSFT,2025-01-04 13:55:00+00:00,279.6987468156344,282.7421709863887,279.4095229000712,280.1345895896858,280.1345895896858,2575012.0,sample,2026-09-24 19:05:19.368976+00:00
MSFT,2025-01-04 14:00:00+00:00,280.8195260432804,283.05574842064516,274.8811651271997,277.97952433484534,277.97952433484534,7777315.0,sample,2026-09-24 19:05:19.368976+00:00
MSFT,2025-01-04 14:05:00+00:00,277.4855540293253,279.1299386067737,276.310775377759,278.34992469047165,278.34992469047165,7293639.0,sample,2026-09-24 19:05:19.368976+00:00
MSFT,2025-01-04 14:10:00+00:00,278.01126745851997,278.7375978065995,274.62473200456077,277.8565622862194,277.8565622862194,15677696.0,sample,2026-09-24 19:05:19.368976+00:00
MSFT,2025-01-04 14:15:00+00:00,279.3041184728248,280.6956470870747,277.7767690861113,279.3872366480439,279.3872366480439,9083404.0,sample,2026-09-24 19:05:19.368976+00:00
MSFT,2025-01-04 14:20:00+00:00,279.7414789676215,280.5182274153625,276.7521418298703,278.1766658356261,278.1766658356261,7722893.0,sample,2026-09-24 19:05:19.368976+00:00
MSFT,2025-01-04 14:25:00+00:00,277.6650603820183,278.1552374369942,274.81111923938056,277.68882554545274,277.68882554545274,16350762.0,sample,2026-09-24 19:05:19.368976+00:00
MSFT,2025-01-04 14:30:00+00:00,277.81866856227913,278.41260728835965,275.02025456606464,277.95312469179936,277.95312469179936,11314363.0,sample,2026-09-24 19:05:19.368976+00:00
MSFT,2025-01-04 14:35:00+00:00,277.6603872152797,279.0813765842896,273.9626768507224,275.65974013612094,275.65974013612094,14696605.0,sample,2026-09-24 19:05:19.368976+00:00
MSFT,2025-01-04 14:40:00+00:00,275.5068489038717,280.7534356971055,274.82600313930305,277.6504837844036,277.6504837844036,7313304.0,sample,2026-09-24 19:05:19.368976+00:00
MSFT,2025-01-04 14:45:00+00:00,278.29333895849555,281.8601153224317,275.00742147981373,278.60981062446,278.60981062446,4269629.0,sample,2026-09-24 19:05:19.368976+00:00
MSFT,2025-01-04 14:50:00+00:00,278.26213031568506,278.8799414800209,275.68258179106465,278.1535255068427,278.1535255068427,12395977.0,sample,2026-09-24 19:05:19.368976+00:00
MSFT,2025-01-04 14:55:00+00:00,277.83091096903837,278.69464715388057,274.4178702306973,276.54259973862526,276.54259973862526,17558423.0,sample,2026-09-24 19:05:19.368976+00:00
MSFT,2025-01-04 15:00:00+00:00,276.42267780989596,277.72085382619593,275.63608454620737,276.7609694283624,276.7609694283624,5411839.0,sample,2026-09-24 19:05:19.368976+00:00
MSFT,2025-01-04 15:05:00+00:00,276.9741581729549,278.42891360880037,275.6586649845559,277.40617411579194,277.40617411579194,14891687.0,sample,2026-09-24 19:05:19.368976+00:00
MSFT,2025-01-04 15:10:00+00:00,277.2506680261534,278.7253766275046,274.10770220751436,278.06860596782445,278.06860596782445,16751183.0,sample,2026-09-24 19:05:19.368976+00:00
MSFT,2025-01-04 15:15:00+00:00,279.1652726666659,280.23590952784616,276.62860413868526,278.7362957817957,278.7362957817957,5750549.0,sample,2026-09-24 19:05:19.368976+00:00
MSFT,2025-01-04 15:20:00+00:00,278.33991436212295,282.149418653537,275.9211718566049,280.0307705705171,280.0307705705171,6077984.0,sample,2026-09-24 19:05:19.368976+00:00
MSFT,2025-01-04 15:25:00+00:00,280.6020394144219,283.16479805104615,279.569672833095,281.0721856121318,281.0721856121318,15173235.0,sample,2026-09-24 19:05:19.368976+00:00
MSFT,2025-01-04 15:30:00+00:00,280.49407581050514,281.12032948100915,275.91975147841725,277.6881139832868,277.6881139832868,15250378.0,sample,2026-09-24 19:05:19.368976+00:00
MSFT,2025-01-04 15:35:00+00:00,276.9615872695436,282.08315476970796,273.7799510630105,279.62757805966135,279.62757805966135,8939379.0,sample,2026-09-24 19:05:19.368976+00:00
MSFT,2025-01-04 15:40:00+00:00,279.5171206273869,284.00511699727514,277.47889912910773,280.8943327960614,280.8943327960614,11351253.0,sample,2026-09-24 19:05:19.368976+00:00
MSFT,2025-01-04 15:45:00+00:00,280.75797958157835,282.30709912915984,276.9568524726226,280.2403814335716,280.2403814335716,15991955.0,sample,2026-09-24 19:05:19.368976+00:00
MSFT,2025-01-04 15:50:00+00:00,279.1191202565671,281.28512263351854,278.81797883356336,280.298728375773,280.298728375773,5700105.0,sample,2026-09-24 19:05:19.368976+00:00
MSFT,2025-01-04 15:55:00+00:00,279.65808525810246,284.1176300342535,276.8004477460978,281.30877073631547,281.30877073631547,2206424.0,sample,2026-09-24 19:05:19.368976+00:00
MSFT,2025-01-04 16:00:00+00:00,281.7779708507961,284.2082982256639,278.8638431952968,279.8315101624853,279.8315101624853,7301664.0,sample,2026-09-24 19:05:19.368976+00:00
MSFT,2025-01-04 16:05:00+00:00,280.59504011896405,282.9917746331982,278.8384763559592,281.97315067799974,281.97315067799974,15222711.0,sample,2026-09-24 19:05:19.368976+00:00
MSFT,2025-01-04 16:10:00+00:00,282.99990089950296,283.5441401449273,278.3646044804498,281.5387003763038,281.5387003763038,10137932.0,sample,2026-09-24 19:05:19.368976+00:00
MSFT,2025-01-04 16:15:00+00:00,282.3314771863545,284.719087029264,278.73023564138805,281.5797779555547,281.5797779555547,8287876.0,sample,2026-09-24 19:05:19.368976+00:00
MSFT,2025-01-04 16:20:00+00:00,281.189289032302,283.7499636084749,278.10234385997603,280.49557797639903,280.49557797639903,16423450.0,sample,2026-09-24 19:05:19.368976+00:00
MSFT,2025-01-04 16:25:00+00:00,280.65002700004356,281.6773866498767,280.30629688991354,280.75956133347796,280.75956133347796,6668204.0,sample,2026-09-24 19:05:19.368976+00:00
MSFT,2025-01-04 16:30:00+00:00,280.85655996988055,282.9481001268036,278.7450731876397,282.65882734581305,282.65882734581305,12084229.0,sample,2026-09-24 19:05:19.368976+00:00
MSFT,2025-01-04 16:35:00+00:00,282.3664323398928,286.11081673169105,279.9433559873925,284.154863252782,284.154863252782,8101792.0,sample,2026-09-24 19:05:19.368976+00:00
MSFT,2025-01-04 16:40:00+00:00,284.63334616425726,287.85037721555585,282.8171131431133,283.96014004623015,283.96014004623015,13565854.0,sample,2026-09-24 19:05:19.368976+00:00
MSFT,2025-01-04 16:45:00+00:00,283.9603160740296,286.1012904540847,280.12150682693294,281.56096690549117,281.56096690549117,10924912.0,sample,2026-09-24 19:05:19.368976+00:00
MSFT,2025-01-04 16:50:00+00:00,282.1784051767924,282.9217148192917,278.806497558262,281.1904702383334,281.1904702383334,9260262.0,sample,2026-09-24 19:05:19.368976+00:00
MSFT,2025-01-04 16:55:00+00:00,281.7119302270678,284.0486608694959,278.86546747180137,280.2958864086108,280.2958864086108,3084092.0,sample,2026-09-24 19:05:19.368976+00:00
MSFT,2025-01-04 17:00:00+00:00,280.92420636572143,283.50828215788465,279.8040665835417,280.22829302282844,280.22829302282844,9809832.0,sample,2026-09-24 19:05:19.368976+00:00
MSFT,2025-01-04 17:05:00+00:00,280.56254615697,280.8848412377781,275.92081566107737,278.8381251080861,278.8381251080861,17092637.0,sample,2026-09-24 19:05:19.368976+00:00
MSFT,2025-01-04 17:10:00+00:00,278.4604865513105,281.98210884306457,277.0964460821483,280.4781946424809,280.4781946424809,4528539.0,sample,2026-09-24 19:05:19.368976+00:00
MSFT,2025-01-04 17:15:00+00:00,279.9980377122383,282.1154237816604,277.42242258518064,281.0430949254256,281.0430949254256,15499498.0,sample,2026-09-24 19:05:19.368976+00:00
MSFT,2025-01-04 17:20:00+00:00,281.225951404152,282.5263442288296,279.2198361823055,280.717673841843,280.717673841843,7656964.0,sample,2026-09-24 19:05:19.368976+00:00
MSFT,2025-01-04 17:25:00+00:00,280.7191098246418,281.0270815482641,279.2728093525114,280.39501061199354,280.39501061199354,15874347.0,sample,2026-09-24 19:05:19.368976+00:00
MSFT,2025-01-04 17:30:00+00:00,281.02190948925414,284.0662018934717,277.57553908921864,280.5382263627685,280.5382263627685,10000988.0,sample,2026-09-24 19:05:19.368976+00:00
MSFT,2025-01-04 17:35:00+00:00,279.8170214146976,283.7096413797297,278.31269439677055,281.49467203774583,281.49467203774583,7773753.0,sample,2026-09-24 19:05:19.368976+00:00
MSFT,2025-01-04 17:40:00+00:00,282.0242506582183,283.1833301145427,279.88800344081113,280.20384855826234,280.20384855826234,12489795.0,sample,2026-09-24 19:05:19.368976+00:00
MSFT,2025-01-04 17:45:00+00:00,280.29559740134795,283.1971458174456,278.87941295728064,279.59502193980336,279.59502193980336,8395979.0,sample,2026-09-24 19:05:19.368976+00:00
MSFT,2025-01-04 17:50:00+00:00,278.77018880267593,282.0492655645833,276.5672468842156,279.5674121703464,279.5674121703464,11811918.0,sample,2026-09-24 19:05:19.368976+00:00
MSFT,2025-01-04 17:55:00+00:00,280.0703425437249,281.22192789607453,276.2010771303435,279.2483538076187,279.2483538076187,17596846.0,sample,2026-09-24 19:05:19.368976+00:00
MSFT,2025-01-04 18:00:00+00:00,279.43210939885535,281.0731206756679,278.77067717424444,280.1281872530039,280.1281872530039,8196694.0,sample,2026-09-24 19:05:19.368976+00:00
MSFT,2025-01-04 18:05:00+00:00,279.8660041032978,282.9602133498163,277.10971751223104,280.0453821148252,280.0453821148252,13949183.0,sample,2026-09-24 19:05:19.368976+00:00
MSFT,2025-01-04 18:10:00+00:00,279.6487620506994,282.9866713872286,278.209519929754,281.2873284533106,281.2873284533106,5201666.0,sample,2026-09-24 19:05:19.368976+00:00
MSFT,2025-01-04 18:15:00+00:00,281.9059794480386,283.9092036137047,279.7400383658005,280.5355774175576,280.5355774175576,14071883.0,sample,2026-09-24 19:05:19.368976+00:00
MSFT,2025-01-04 18:20:00+00:00,280.101335437673,283.0397211141727,277.72872750569314,279.2083394590554,279.2083394590554,4220957.0,sample,2026-09-24 19:05:19.368976+00:00
MSFT,2025-01-04 18:25:00+00:00,280.12694749360634,283.09605645600647,275.74053049047745,278.90882226582397,278.90882226582397,13977338.0,sample,2026-09-24 19:05:19.368976+00:00
MSFT,2025-01-04 18:30:00+00:00,278.7714561821354,280.6547121096679,274.8720507988053,276.2519738477673,276.2519738477673,5543568.0,sample,2026-09-24 19:05:19.368976+00:00
MSFT,2025-01-04 18:35:00+00:00,276.5070332739933,278.4383863979038,273.97223648316134,275.5374710052323,275.5374710052323,16988713.0,sample,2026-09-24 19:05:19.368976+00:00
MSFT,2025-01-04 18:40:00+00:00,275.6519780280556,278.47286412315475,273.00570547797645,276.3799031132093,276.3799031132093,13517192.0,sample,2026-09-24 19:05:19.368976+00:00
MSFT,2025-01-04 18:45:00+00:00,276.4572293682867,280.11639625704436,274.2941355336471,277.98935501690335,277.98935501690335,17381433.0,sample,2026-09-24 19:05:19.368976+00:00
MSFT,2025-01-04 18:50:00+00:00,278.20484698767336,278.847031537618,274.19904080971475,276.55478353091485,276.55478353091485,2120753.0,sample,2026-09-24 19:05:19.368976+00:00
MSFT,2025-01-04 18:55:00+00:00,276.0073681358278,278.63222077427196,274.01139513251974,276.386085245803,276.386085245803,12909265.0,sample,2026-09-24 19:05:19.368976+00:00
MSFT,2025-01-04 19:00:00+00:00,277.18674187961506,280.0915584935762,275.2441494048368,276.87764177867007,276.87764177867007,12465541.0,sample,2026-09-24 19:05:19.368976+00:00
MSFT,2025-01-04 19:05:00+00:00,277.31890144837627,280.477186702919,273.54519975447914,274.8613069024298,274.8613069024298,15688428.0,sample,2026-09-24 19:05:19.368976+00:00
MSFT,2025-01-04 19:10:00+00:00,275.17997089137305,277.5419733881301,273.86987047731003,275.81899355425185,275.81899355425185,4222747.0,sample,2026-09-24 19:05:19.368976+00:00
MSFT,2025-01-04 19:15:00+00:00,275.8599661734687,279.4535664135767,274.8373522223727,276.5499352977076,276.5499352977076,11611399.0,sample,2026-09-24 19:05:19.368976+00:00
MSFT,2025-01-04 19:20:00+00:00,276.55500588433205,279.8377443018587,274.37782949274253,277.74076922214346,277.74076922214346,4066334.0,sample,2026-09-24 19:05:19.368976+00:00
MSFT,2025-01-04 19:25:00+00:00,278.48181378469064,279.8324890358737,277.95663585373495,278.8336407561198,278.8336407561198,3088682.0,sample,2026-09-24 19:05:19.368976+00:00
MSFT,2025-01-04 19:30:00+00:00,278.79812842016537,281.50656730795646,275.4673657235042,278.0534797174484,278.0534797174484,16704212.0,sample,2026-09-24 19:05:19.368976+00:00
MSFT,2025-01-04 19:35:00+00:00,277.82216488481265,279.93550705493766,274.2084500898567,276.6161928880993,276.6161928880993,5501978.0,sample,2026-09-24 19:05:19.368976+00:00
MSFT,2025-01-04 19:40:00+00:00,276.12541684911315,278.2837211688538,273.1097005909068,276.89372721992936,276.89372721992936,7886407.0,sample,2026-09-24 19:05:19.368976+00:00
MSFT,2025-01-04 19:45:00+00:00,276.1258663425165,280.2117056457452,274.67374856195767,277.3172348353588,277.3172348353588,17539417.0,sample,2026-09-24 19:05:19.368976+00:00
MSFT,2025-01-04 19:50:00+00:00,277.7913338749562,284.41498929877014,275.0241594293798,281.14533848373213,281.14533848373213,9523179.0,sample,2026-09-24 19:05:19.368976+00:00
MSFT,2025-01-04 19:55:00+00:00,281.34315371353625,284.3301033102997,278.2495276471948,279.68345245248355,279.68345245248355,3763896.0,sample,2026-09-24 19:05:19.368976+00:00
MSFT,2025-01-04 20:00:00+00:00,278.90711132429414,281.0131188975015,277.3332615059844,278.4165890147746,278.4165890147746,11467843.0,sample,2026-09-24 19:05:19.368976+00:00
MSFT,2025-01-04 20:05:00+00:00,278.439845194182,280.31696825888525,275.7127692483749,278.4551215351865,278.4551215351865,4645009.0,sample,2026-09-24 19:05:19.368976+00:00
MSFT,2025-01-04 20:10:00+00:00,278.58151499662443,281.8738528321078,277.4032742043745,277.8400035956613,277.8400035956613,5326694.0,sample,2026-09-24 19:05:19.368976+00:00
MSFT,2025-01-04 20:15:00+00:00,278.68937097910634,279.68204577141796,273.3058454131126,276.2315273008078,276.2315273008078,13201538.0,sample,2026-09-24 19:05:19.368976+00:00
MSFT,2025-01-04 20:20:00+00:00,276.43757800249676,278.02630102103245,272.0051753116101,275.27532066395753,275.27532066395753,2479402.0,sample,2026-09-24 19:05:19.368976+00:00
MSFT,2025-01-04 20:25:00+00:00,275.79193585688347,278.3064523190072,274.03488425597055,276.427610869758,276.427610869758,10838722.0,sample,2026-09-24 19:05:19.368976+00:00
MSFT,2025-01-04 20:30:00+00:00,277.9590962122467,279.47389145590313,274.8260392557974,276.35166912167637,276.35166912167637,15038949.0,sample,2026-09-24 19:05:19.368976+00:00
MSFT,2025-01-04 20:35:00+00:00,275.5315899722705,278.50343666752144,273.1938034923404,277.15803289772873,277.15803289772873,8286456.0,sample,2026-09-24 19:05:19.368976+00:00
MSFT,2025-01-04 20:40:00+00:00,278.13180718142155,280.0961889860587,275.17101396895663,277.23412197698065,277.23412197698065,12192268.0,sample,2026-09-24 19:05:19.368976+00:00
MSFT,2025-01-04 20:45:00+00:00,277.5478098287556,280.8680030343061,274.3276070415543,279.93159352395753,279.93159352395753,4847048.0,sample,2026-09-24 19:05:19.368976+00:00
MSFT,2025-01-04 20:50:00+00:00,280.0943487945468,281.47834531278437,277.8823208518931,279.3690959244889,279.3690959244889,6482026.0,sample,2026-09-24 19:05:19.368976+00:00
MSFT,2025-01-04 20:55:00+00:00,278.92169314094866,282.30807950659675,275.76732701542784,280.09319858303724,280.09319858303724,9467661.0,sample,2026-09-24 19:05:19.368976+00:00
MSFT,2025-01-04 21:00:00+00:00,279.96043961031256,283.16444500215755,278.7125077503305,279.4918379150858,279.4918379150858,12083131.0,sample,2026-09-24 19:05:19.368976+00:00
MSFT,2025-01-04 21:05:00+00:00,280.01522989719405,282.6380922438762,277.2624803256573,278.51731490778263,278.51731490778263,17904725.0,sample,2026-09-24 19:05:19.368976+00:00
MSFT,2025-01-04 21:10:00+00:00,277.95230849564643,281.07008552699466,276.55061173017396,277.34835589589403,277.34835589589403,8128344.0,sample,2026-09-24 19:05:19.368976+00:00
MSFT,2025-01-04 21:15:00+00:00,276.7030360874409,279.68592845419386,272.69528118049755,275.9871890323154,275.9871890323154,4689038.0,sample,2026-09-24 19:05:19.368976+00:00
MSFT,2025-01-04 21:20:00+00:00,276.6630301161004,278.2882574040387,273.2619601165921,275.3214366531671,275.3214366531671,5513633.0,sample,2026-09-24 19:05:19.368976+00:00
MSFT,2025-01-04 21:25:00+00:00,275.2348877069475,278.37344994155524,272.85440279858443,274.61150996638503,274.61150996638503,2057619.0,sample,2026-09-24 19:05:19.368976+00:00
MSFT,2025-01-04 21:30:00+00:00,274.47129586546157,277.45311001098827,270.86513786355954,273.3253526220557,273.3253526220557,5464595.0,sample,2026-09-24 19:05:19.368976+00:00
MSFT,2025-01-04 21:35:00+00:00,272.5921678400489,273.8122510107275,271.0689783436926,272.3844349558675,272.3844349558675,17771558.0,sample,2026-09-24 19:05:19.368976+00:00
MSFT,2025-01-04 21:40:00+00:00,272.29696279314703,273.7382460994176,270.32482486073746,272.83253123704276,272.83253123704276,16896144.0,sample,2026-09-24 19:05:19.368976+00:00
MSFT,2025-01-04 21:45:00+00:00,272.7508650710083,273.6475643843499,268.87252824255467,271.5552624148806,271.5552624148806,13037427.0,sample,2026-09-24 19:05:19.368976+00:00
MSFT,2025-01-04 21:50:00+00:00,271.4570250278072,275.00685388499113,270.4805165932268,272.7702654005837,272.7702654005837,11419096.0,sample,2026-09-24 19:05:19.368976+00:00
MSFT,2025-01-04 21:55:00+00:00,272.64614626223295,274.9852466382368,270.09982710804843,273.6521752140012,273.6521752140012,9827036.0,sample,2026-09-24 19:05:19.368976+00:00
MSFT,2025-01-04 22:00:00+00:00,273.72624783033945,274.1601975367637,272.8583421011814,273.73294221733283,273.73294221733283,17234345.0,sample,2026-09-24 19:05:19.368976+00:00
MSFT,2025-01-04 22:05:00+00:00,274.1650019727023,275.4822932093938,272.4674401086444,273.4619375586683,273.4619375586683,5797712.0,sample,2026-09-24 19:05:19.368976+00:00
MSFT,2025-01-04 22:10:00+00:00,272.82235593464975,277.1291754997177,269.87497061641574,274.9372400894587,274.9372400894587,17841963.0,sample,2026-09-24 19:05:19.368976+00:00
MSFT,2025-01-04 22:15:00+00:00,274.9221363848447,277.677745972964,274.1932582376941,276.4420428661523,276.4420428661523,13842241.0,sample,2026-09-24 19:05:19.368976+00:00
MSFT,2025-01-04 22:20:00+00:00,276.5593198745751,279.02482535077365,275.2747097839533,278.6978432433267,278.6978432433267,17401282.0,sample,2026-09-24 19:05:19.368976+00:00
MSFT,2025-01-04 22:25:00+00:00,278.40345499649993,282.0991898373525,275.75566841994254,280.4396230619649,280.4396230619649,16157326.0,sample,2026-09-24 19:05:19.368976+00:00
MSFT,2025-01-04 22:30:00+00:00,280.23355695278656,281.7735338047748,277.0786645430418,280.6683379126594,280.6683379126594,17553399.0,sample,2026-09-24 19:05:19.368976+00:00
MSFT,2025-01-04 22:35:00+00:00,279.84033452002905,281.139701135091,277.8140696370665,279.4331330159016,279.4331330159016,8627114.0,sample,2026-09-24 19:05:19.368976+00:00
MSFT,2025-01-04 22:40:00+00:00,278.5497515714428,281.49478876138204,276.4630000701614,278.9006266997742,278.9006266997742,7445107.0,sample,2026-09-24 19:05:19.368976+00:00
MSFT,2025-01-04 22:45:00+00:00,278.5464267639141,280.08580730769336,274.39853537655137,276.82361216332356,276.82361216332356,6312990.0,sample,2026-09-24 19:05:19.368976+00:00
MSFT,2025-01-04 22:50:00+00:00,276.7728372016189,279.862386758989,274.28989485429247,276.44447077254733,276.44447077254733,16180129.0,sample,2026-09-24 19:05:19.368976+00:00
MSFT,2025-01-04 22:55:00+00:00,276.7519026779038,277.42902519163863,273.64715634839035,276.1168892254377,276.1168892254377,2893894.0,sample,2026-09-24 19:05:19.368976+00:00
MSFT,2025-01-04 23:00:00+00:00,277.11250034857744,277.5430119224415,275.5874181820102,276.7878019346642,276.7878019346642,16083466.0,sample,2026-09-24 19:05:19.368976+00:00
MSFT,2025-01-04 23:05:00+00:00,277.05307410088466,279.66461616593926,273.95042428223945,276.08081186165424,276.08081186165424,8403744.0,sample,2026-09-24 19:05:19.368976+00:00
MSFT,2025-01-04 23:10:00+00:00,276.72333019756053,277.7089954863365,274.64563382904794,277.1631283270528,277.1631283270528,2133001.0,sample,2026-09-24 19:05:19.368976+00:00
MSFT,2025-01-04 23:15:00+00:00,276.81881745354485,278.61260404928464,275.64062649441377,277.9228374577457,277.9228374577457,2814358.0,sample,2026-09-24 19:05:19.368976+00:00
MSFT,2025-01-04 23:20:00+00:00,277.7908155726518,278.07615517046474,275.00859865049233,277.5207967091324,277.5207967091324,2402576.0,sample,2026-09-24 19:05:19.368976+00:00
MSFT,2025-01-04 23:25:00+00:00,277.23604515082377,280.38513707909425,276.2738949461023,277.52288857577236,277.52288857577236,14532014.0,sample,2026-09-24 19:05:19.368976+00:00
MSFT,2025-01-04 23:30:00+00:00,277.03532668944575,280.07824779504,276.47645965663224,277.14050473351597,277.14050473351597,2264474.0,sample,2026-09-24 19:05:19.368976+00:00
MSFT,2025-01-04 23:35:00+00:00,277.91462517253444,280.8922302329005,275.9952849888108,276.95900996630013,276.95900996630013,12725179.0,sample,2026-09-24 19:05:19.368976+00:00
MSFT,2025-01-04 23:40:00+00:00,276.642431750132,277.6501217111417,273.9786251625959,276.3707795155448,276.3707795155448,13901612.0,sample,2026-09-24 19:05:19.368976+00:00
MSFT,2025-01-04 23:45:00+00:00,276.2641895577047,278.09730906955235,274.35947699703013,275.2665925166383,275.2665925166383,14468556.0,sample,2026-09-24 19:05:19.368976+00:00
MSFT,2025-01-04 23:50:00+00:00,275.8888614102644,277.39981830177453,272.9810785908458,274.5595301461411,274.5595301461411,1831157.0,sample,2026-09-24 19:05:19.368976+00:00
MSFT,2025-01-04 23:55:00+00:00,274.3527303632227,276.2456780073034,271.8904626716532,275.09228151708794,275.09228151708794,12315690.0,sample,2026-09-24 19:05:19.368976+00:00
MSFT,2025-01-05 00:00:00+00:00,275.29255210437043,277.67999963241203,272.5274818572131,273.97994891575945,273.97994891575945,1666728.0,sample,2026-09-24 19:05:19.368976+00:00
MSFT,2025-01-05 00:05:00+00:00,274.44045691759226,276.60004476799014,271.22064136143473,272.92664285351606,272.92664285351606,17396240.0,sample,2026-09-24 19:05:19.368976+00:00
MSFT,2025-01-05 00:10:00+00:00,273.5700358306838,276.2741572823925,270.2450168699952,272.71544501929344,272.71544501929344,14763420.0,sample,2026-09-24 19:05:19.368976+00:00
MSFT,2025-01-05 00:15:00+00:00,272.93478801208647,276.3525916368039,271.5770166323376,274.83554583031247,274.83554583031247,7767435.0,sample,2026-09-24 19:05:19.368976+00:00
MSFT,2025-01-05 00:20:00+00:00,274.3938829093466,277.97583143603714,272.27648114113055,275.452660317242,275.452660317242,8117999.0,sample,2026-09-24 19:05:19.368976+00:00
MSFT,2025-01-05 00:25:00+00:00,275.2505733400634,275.7718594623006,273.313783085113,275.3695785354574,275.3695785354574,11640016.0,sample,2026-09-24 19:05:19.368976+00:00
MSFT,2025-01-05 00:30:00+00:00,275.4227219978967,277.0705077608192,274.81670058308845,276.31427354652584,276.31427354652584,11709445.0,sample,2026-09-24 19:05:19.368976+00:00
MSFT,2025-01-05 00:35:00+00:00,275.97677186979166,278.0974974252976,274.06139129005,276.74206945732254,276.74206945732254,15882799.0,sample,2026-09-24 19:05:19.368976+00:00
MSFT,2025-01-05 00:40:00+00:00,276.1608314872027,279.04602205829127,272.4919002868893,273.82502836254633,273.82502836254633,17886000.0,sample,2026-09-24 19:05:19.368976+00:00
MSFT,2025-01-05 00:45:00+00:00,274.30701880306214,274.79479791530935,272.86123430524594,273.9446905808355,273.9446905808355,15419604.0,sample,2026-09-24 19:05:19.368976+00:00
MSFT,2025-01-05 00:50:00+00:00,274.9026853298947,277.4601519905769,272.3671985175357,274.69629514558676,274.69629514558676,15349915.0,sample,2026-09-24 19:05:19.368976+00:00
MSFT,2025-01-05 00:55:00+00:00,274.73055004462793,278.58540995078533,272.76081307461243,275.8432809033398,275.8432809033398,2119295.0,sample,2026-09-24 19:05:19.368976+00:00
MSFT,2025-01-05 01:00:00+00:00,274.801044600549,278.6239943195234,272.4243014033194,276.7111055406182,276.7111055406182,10448650.0,sample,2026-09-24 19:05:19.368976+00:00
MSFT,2025-01-05 01:05:00+00:00,278.0629072085096,278.36283526390383,274.3466128782316,277.6065415803322,277.6065415803322,9009929.0,sample,2026-09-24 19:05:19.368976+00:00
MSFT,2025-01-05 01:10:00+00:00,277.45281041484213,278.0898506227529,272.94180211212347,275.7406401308675,275.7406401308675,4490769.0,sample,2026-09-24 19:05:19.368976+00:00
MSFT,2025-01-05 01:15:00+00:00,275.7357128656397,276.37350675563454,273.6679443346599,275.1920860414281,275.1920860414281,13948447.0,sample,2026-09-24 19:05:19.368976+00:00
MSFT,2025-01-05 01:20:00+00:00,275.3718146569305,278.39719052915166,273.0234203925575,275.29800577975516,275.29800577975516,10406341.0,sample,2026-09-24 19:05:19.368976+00:00
MSFT,2025-01-05 01:25:00+00:00,274.9998704140808,279.75895929489394,272.1931920395447,277.25372316104557,277.25372316104557,5047569.0,sample,2026-09-24 19:05:19.368976+00:00
MSFT,2025-01-05 01:30:00+00:00,277.93779557665965,278.3452919898993,273.29738800370353,276.46609783529914,276.46609783529914,3563879.0,sample,2026-09-24 19:05:19.368976+00:00
MSFT,2025-01-05 01:35:00+00:00,276.84685887778414,279.5212686107519,275.2614105748877,277.4627820992361,277.4627820992361,4945240.0,sample,2026-09-24 19:05:19.368976+00:00
MSFT,2025-01-05 01:40:00+00:00,277.9843719398176,280.9438206801517,275.6527710997336,278.6813821054377,278.6813821054377,16053759.0,sample,2026-09-24 19:05:19.368976+00:00
MSFT,2025-01-05 01:45:00+00:00,278.858822095886,282.57838067941776,278.5524120819438,280.59712052028874,280.59712052028874,2623800.0,sample,2026-09-24 19:05:19.368976+00:00
MSFT,2025-01-05 01:50:00+00:00,280.5079578310212,283.4910996087577,278.6427619959726,281.5091515037004,281.5091515037004,11107557.0,sample,2026-09-24 19:05:19.368976+00:00
MSFT,2025-01-05 01:55:00+00:00,282.0965735547225,285.0690018688293,281.787851057741,283.21803887216305,283.21803887216305,13957021.0,sample,2026-09-24 19:05:19.368976+00:00
MSFT,2025-01-05 02:00:00+00:00,282.6118821522851,284.8364638298408,280.32474980960654,283.6451329948291,283.6451329948291,5648507.0,sample,2026-09-24 19:05:19.368976+00:00
MSFT,2025-01-05 02:05:00+00:00,283.10590749649197,284.8506173825447,279.37990039201406,282.5552945856891,282.5552945856891,9568485.0,sample,2026-09-24 19:05:19.368976+00:00
MSFT,2025-01-05 02:10:00+00:00,282.6718342872273,284.03371493331196,279.19095621114263,281.05204111656695,281.05204111656695,10918331.0,sample,2026-09-24 19:05:19.368976+00:00
MSFT,2025-01-05 02:15:00+00:00,281.089579517752,285.1015691600809,278.114624029865,281.81493740922673,281.81493740922673,8979630.0,sample,2026-09-24 19:05:19.368976+00:00
MSFT,2025-01-05 02:20:00+00:00,281.08237437797106,283.9884527148705,278.68897388342293,280.4754960745573,280.4754960745573,6208234.0,sample,2026-09-24 19:05:19.368976+00:00
MSFT,2025-01-05 02:25:00+00:00,279.86475886962387,284.8669457317388,277.84390518674525,282.51931130449645,282.51931130449645,15300658.0,sample,2026-09-24 19:05:19.368976+00:00
MSFT,2025-01-05 02:30:00+00:00,281.9320612316353,285.1540108570431,280.54327824235435,283.6927028464808,283.6927028464808,4668838.0,sample,2026-09-24 19:05:19.368976+00:00
MSFT,2025-01-05 02:35:00+00:00,284.3023727593613,284.8887745209417,281.5921601537087,284.19674938874726,284.19674938874726,1877796.0,sample,2026-09-24 19:05:19.368976+00:00
MSFT,2025-01-05 02:40:00+00:00,283.68549422654877,286.61467870867773,282.6316646355757,283.89425864686797,283.89425864686797,17635984.0,sample,2026-09-24 19:05:19.368976+00:00
MSFT,2025-01-05 02:45:00+00:00,283.1381844151437,286.95357566979493,282.4812601093406,283.93944706192764,283.93944706192764,7412258.0,sample,2026-09-24 19:05:19.368976+00:00
MSFT,2025-01-05 02:50:00+00:00,283.0360275921003,288.2427758216508,280.843310173148,285.06279008713904,285.06279008713904,15956735.0,sample,2026-09-24 19:05:19.368976+00:00
MSFT,2025-01-05 02:55:00+00:00,285.07507754412194,287.742782729996,284.50679891743584,285.5407403994133,285.5407403994133,9167890.0,sample,2026-09-24 19:05:19.368976+00:00
MSFT,2025-01-05 03:00:00+00:00,284.9018814846035,286.65782036393824,283.0925140626596,284.3757166566977,284.3757166566977,2449615.0,sample,2026-09-24 19:05:19.368976+00:00
MSFT,2025-01-05 03:05:00+00:00,284.126117871096,289.6622987647506,282.2002732372782,286.2296279160216,286.2296279160216,14371168.0,sample,2026-09-24 19:05:19.368976+00:00
MSFT,2025-01-05 03:10:00+00:00,287.08225388444924,288.0470832704743,284.6995110268502,286.156531353206,286.156531353206,14480502.0,sample,2026-09-24 19:05:19.368976+00:00
MSFT,2025-01-05 03:15:00+00:00,286.2368006862154,288.2245556893497,283.7260549777715,285.64083500011645,285.64083500011645,9810159.0,sample,2026-09-24 19:05:19.368976+00:00
MSFT,2025-01-05 03:20:00+00:00,284.43038941267207,288.57589770484367,281.681812544036,285.7949754182285,285.7949754182285,4968658.0,sample,2026-09-24 19:05:19.368976+00:00
MSFT,2025-01-05 03:25:00+00:00,286.12976669565325,289.16442891923526,285.07344792829394,285.76632843965933,285.76632843965933,4236087.0,sample,2026-09-24 19:05:19.368976+00:00
MSFT,2025-01-05 03:30:00+00:00,284.8125830952965,288.1460995791517,283.0100525554204,287.54620166456135,287.54620166456135,10738163.0,sample,2026-09-24 19:05:19.368976+00:00
MSFT,2025-01-05 03:35:00+00:00,287.11279843206154,290.68701330803054,286.0783366870087,287.818000313367,287.818000313367,12487409.0,sample,2026-09-24 19:05:19.368976+00:00
MSFT,2025-01-05 03:40:00+00:00,288.08894144177236,288.75922060300826,285.9779249497287,287.4604666720477,287.4604666720477,11090893.0,sample,2026-09-24 19:05:19.368976+00:00
MSFT,2025-01-05 03:45:00+00:00,286.82511247130793,289.2651744590603,285.12412260298106,287.54772674835954,287.54772674835954,11094208.0,sample,2026-09-24 19:05:19.368976+00:00
MSFT,2025-01-05 03:50:00+00:00,286.53255703453203,289.88957311945705,284.4905231146348,287.89804621683436,287.89804621683436,4861996.0,sample,2026-09-24 19:05:19.368976+00:00
MSFT,2025-01-05 03:55:00+00:00,288.1106835908218,289.0771736947889,285.29658565558964,286.73447862077774,286.73447862077774,10816329.0,sample,2026-09-24 19:05:19.368976+00:00
MSFT,2025-01-05 04:00:00+00:00,284.8955882625911,288.2474018179188,284.36153752300504,284.89592979733726,284.89592979733726,4965484.0,sample,2026-09-24 19:05:19.368976+00:00
MSFT,2025-01-05 04:05:00+00:00,284.23432447297637,285.7432608783653,281.94119349148957,284.2345131655189,284.2345131655189,17967993.0,sample,2026-09-24 19:05:19.368976+00:00
MSFT,2025-01-05 04:10:00+00:00,284.16225925693817,286.31889523086073,282.9643102528472,284.2893623368737,284.2893623368737,1790572.0,sample,2026-09-24 19:05:19.368976+00:00
MSFT,2025-01-05 04:15:00+00:00,284.0603718299648,286.84187219794677,281.78920427876875,282.3922934758507,282.3922934758507,3179786.0,sample,2026-09-24 19:05:19.368976+00:00
MSFT,2025-01-05 04:20:00+00:00,281.03412630843076,282.56884634973426,278.6749966467456,280.6411634536432,280.6411634536432,13996327.0,sample,2026-09-24 19:05:19.368976+00:00
MSFT,2025-01-05 04:25:00+00:00,280.435145102793,283.3248291212413,279.25198047263444,280.08437106473866,280.08437106473866,12824570.0,sample,2026-09-24 19:05:19.368976+00:00
MSFT,2025-01-05 04:30:00+00:00,280.40001896759816,283.4952115654003,277.589259783411,280.22515484399634,280.22515484399634,13287848.0,sample,2026-09-24 19:05:19.368976+00:00
MSFT,2025-01-05 04:35:00+00:00,278.8566211249216,282.4200237526656,277.6786383041984,280.7553228131265,280.7553228131265,4354018.0,sample,2026-09-24 19:05:19.368976+00:00
MSFT,2025-01-05 04:40:00+00:00,280.55970581990164,283.54768835934914,276.6732700582139,279.6150736018044,279.6150736018044,14579269.0,sample,2026-09-24 19:05:19.368976+00:00
MSFT,2025-01-05 04:45:00+00:00,279.51504877841194,281.83790816442064,279.18520093227863,280.4846496158008,280.4846496158008,6483225.0,sample,2026-09-24 19:05:19.368976+00:00
MSFT,2025-01-05 04:50:00+00:00,281.04321609120757,282.01480161136584,276.66834703034147,278.5750043815699,278.5750043815699,4812421.0,sample,2026-09-24 19:05:19.368976+00:00
MSFT,2025-01-05 04:55:00+00:00,278.8884431219172,279.3715266216519,275.77660259532416,278.14933743883716,278.14933743883716,7083972.0,sample,2026-09-24 19:05:19.368976+00:00
MSFT,2025-01-05 05:00:00+00:00,277.61681808037014,279.1262933309519,274.46792857402426,277.9273717969275,277.9273717969275,16071399.0,sample,2026-09-24 19:05:19.368976+00:00
MSFT,2025-01-05 05:05:00+00:00,277.3492914963989,281.4040624924705,276.890334013329,280.1518965872343,280.1518965872343,13880842.0,sample,2026-09-24 19:05:19.368976+00:00
MSFT,2025-01-05 05:10:00+00:00,280.20686591924414,281.47150857926835,277.83112245162255,281.108141215676,281.108141215676,14553635.0,sample,2026-09-24 19:05:19.368976+00:00
MSFT,2025-01-05 05:15:00+00:00,279.9017605133633,280.24540232025623,278.4328037556225,279.6951243279172,279.6951243279172,6275289.0,sample,2026-09-24 19:05:19.368976+00:00
MSFT,2025-01-05 05:20:00+00:00,280.1337163289427,281.97396812717204,277.0085088370929,280.4313993206513,280.4313993206513,6899362.0,sample,2026-09-24 19:05:19.368976+00:00
MSFT,2025-01-05 05:25:00+00:00,280.9861153958358,281.481596211964,279.6516880544389,280.084900738082,280.084900738082,10621343.0,sample,2026-09-24 19:05:19.368976+00:00
MSFT,2025-01-05 05:30:00+00:00,280.4816985714879,281.92041070037834,278.10810346135094,280.0962059757348,280.0962059757348,15865587.0,sample,2026-09-24 19:05:19.368976+00:00
MSFT,2025-01-05 05:35:00+00:00,279.8069014732892,282.2391479101846,277.46528005785706,281.2999075316635,281.2999075316635,3630484.0,sample,2026-09-24 19:05:19.368976+00:00
MSFT,2025-01-05 05:40:00+00:00,280.82829004925736,282.9380308284785,277.88024141033407,280.98889758865937,280.98889758865937,13903734.0,sample,2026-09-24 19:05:19.368976+00:00
MSFT,2025-01-05 05:45:00+00:00,280.2449176280854,281.3444584697888,278.5515514520926,279.7818372118789,279.7818372118789,17430878.0,sample,2026-09-24 19:05:19.368976+00:00
MSFT,2025-01-05 05:50:00+00:00,279.53818959412115,281.20693421328025,278.50096539453807,279.59855529625645,279.59855529625645,10369965.0,sample,2026-09-24 19:05:19.368976+00:00
MSFT,2025-01-05 05:55:00+00:00,280.02005600861463,281.2823414395282,277.43909826081756,279.90796704312004,279.90796704312004,15713385.0,sample,2026-09-24 19:05:19.368976+00:00
MSFT,2025-01-05 06:00:00+00:00,279.70195981753557,282.32250048351676,276.7018339427223,279.8375107484416,279.8375107484416,9193107.0,sample,2026-09-24 19:05:19.368976+00:00
MSFT,2025-01-05 06:05:00+00:00,279.38128131060955,280.7963772070572,277.7024444391752,278.85934144534247,278.85934144534247,11409527.0,sample,2026-09-24 19:05:19.368976+00:00
MSFT,2025-01-05 06:10:00+00:00,279.2052228989392,281.9631377217192,275.73898555162526,278.4004783275012,278.4004783275012,9644865.0,sample,2026-09-24 19:05:19.368976+00:00
MSFT,2025-01-05 06:15:00+00:00,278.1991516294919,278.51284862489223,277.50349176496024,278.0836164129827,278.0836164129827,6908883.0,sample,2026-09-24 19:05:19.368976+00:00
MSFT,2025-01-05 06:20:00+00:00,278.14563473988784,280.5948016216041,276.8463243695725,277.9333710470734,277.9333710470734,5334131.0,sample,2026-09-24 19:05:19.368976+00:00
MSFT,2025-01-05 06:25:00+00:00,277.48356658439445,281.2620234891743,277.141151647344,278.7257184942433,278.7257184942433,13091850.0,sample,2026-09-24 19:05:19.368976+00:00
MSFT,2025-01-05 06:30:00+00:00,279.19899861028875,282.68505355123057,276.07424123320436,279.9530671714382,279.9530671714382,11614938.0,sample,2026-09-24 19:05:19.368976+00:00
MSFT,2025-01-05 06:35:00+00:00,280.15163919064616,281.099297086165,278.63546861322186,279.5684817407478,279.5684817407478,2183430.0,sample,2026-09-24 19:05:19.368976+00:00
MSFT,2025-01-05 06:40:00+00:00,278.85598621709977,280.39192141115205,276.22445748201295,278.1953561281009,278.1953561281009,13794692.0,sample,2026-09-24 19:05:19.368976+00:00
MSFT,2025-01-05 06:45:00+00:00,278.7514865337939,279.0820388229991,276.8725715113446,278.64051509260077,278.64051509260077,1931528.0,sample,2026-09-24 19:05:19.368976+00:00
MSFT,2025-01-05 06:50:00+00:00,278.4520285357259,281.54581740064134,277.4246585341354,277.765097268761,277.765097268761,1810391.0,sample,2026-09-24 19:05:19.368976+00:00
MSFT,2025-01-05 06:55:00+00:00,278.0776231396373,281.184101868139,274.7492771605692,279.22725004731797,279.22725004731797,13180751.0,sample,2026-09-24 19:05:19.368976+00:00
MSFT,2025-01-05 07:00:00+00:00,279.32745274119094,281.45180759635844,277.3317432832328,279.56419135372556,279.56419135372556,12627557.0,sample,2026-09-24 19:05:19.368976+00:00
MSFT,2025-01-05 07:05:00+00:00,278.45190725357014,281.4118588982072,277.2043599831862,280.22651196070274,280.22651196070274,15407916.0,sample,2026-09-24 19:05:19.368976+00:00
MSFT,2025-01-05 07:10:00+00:00,279.7990572899125,283.1463144755674,275.2752219942568,277.6264475085913,277.6264475085913,13227854.0,sample,2026-09-24 19:05:19.368976+00:00
MSFT,2025-01-05 07:15:00+00:00,278.80118505353414,280.0424588578948,274.9578169504136,277.34346522730397,277.34346522730397,11129517.0,sample,2026-09-24 19:05:19.368976+00:00
MSFT,2025-01-05 07:20:00+00:00,277.2500004300043,279.81676917551795,275.0499771300283,277.95902758842345,277.95902758842345,16669437.0,sample,2026-09-24 19:05:19.368976+00:00
MSFT,2025-01-05 07:25:00+00:00,277.64295423016466,278.8921589306689,275.0236879691943,276.27752763577337,276.27752763577337,2209189.0,sample,2026-09-24 19:05:19.368976+00:00
MSFT,2025-01-05 07:30:00+00:00,275.96418981137094,277.9357217919963,274.27286888612383,276.0188524591252,276.0188524591252,12416976.0,sample,2026-09-24 19:05:19.368976+00:00
MSFT,2025-01-05 07:35:00+00:00,275.54413712189273,279.03484492266443,274.6038981750996,277.21332665162515,277.21332665162515,13739104.0,sample,2026-09-24 19:05:19.368976+00:00
MSFT,2025-01-05 07:40:00+00:00,277.1869574864761,278.9972279527693,275.63615078672154,277.7963479969557,277.7963479969557,8000358.0,sample,2026-09-24 19:05:19.368976+00:00
MSFT,2025-01-05 07:45:00+00:00,278.65100799390615,279.61176012720995,275.6306534540699,276.50326775039355,276.50326775039355,17454993.0,sample,2026-09-24 19:05:19.368976+00:00
MSFT,2025-01-05 07:50:00+00:00,276.14110804593935,280.1137998447565,275.67368768913417,277.3396966424583,277.3396966424583,17928128.0,sample,2026-09-24 19:05:19.368976+00:00
MSFT,2025-01-05 07:55:00+00:00,276.58029080696673,281.20459483898145,275.977444314536,278.0107070234794,278.0107070234794,1722892.0,sample,2026-09-24 19:05:19.368976+00:00
MSFT,2025-01-05 08:00:00+00:00,278.03481583247964,280.1824151950856,277.4518240348424,278.67450992519605,278.67450992519605,6340590.0,sample,2026-09-24 19:05:19.368976+00:00
MSFT,2025-01-05 08:05:00+00:00,277.9232895750054,281.783867881265,277.5889764212887,278.90096673634207,278.90096673634207,4256708.0,sample,2026-09-24 19:05:19.368976+00:00
MSFT,2025-01-05 08:10:00+00:00,278.7755936277203,282.10793419024697,276.9587335396698,279.08144691689836,279.08144691689836,10680987.0,sample,2026-09-24 19:05:19.368976+00:00
MSFT,2025-01-05 08:15:00+00:00,280.08403778260043,281.29074912752986,277.86978608187064,278.6405157718286,278.6405157718286,14489590.0,sample,2026-09-24 19:05:19.368976+00:00
MSFT,2025-01-05 08:20:00+00:00,279.14143150440856,280.4826178518682,277.1581150160957,277.79760676086244,277.79760676086244,8917297.0,sample,2026-09-24 19:05:19.368976+00:00
MSFT,2025-01-05 08:25:00+00:00,277.41724320458104,280.43104033595324,272.6710755011655,275.75267230970854,275.75267230970854,16531526.0,sample,2026-09-24 19:05:19.368976+00:00
MSFT,2025-01-05 08:30:00+00:00,277.1417428773019,279.91948003920356,275.37226849912105,276.13149621240336,276.13149621240336,16659605.0,sample,2026-09-24 19:05:19.368976+00:00
MSFT,2025-01-05 08:35:00+00:00,275.97356364382415,278.3511067752497,273.8951509097398,276.33349120079623,276.33349120079623,11327508.0,sample,2026-09-24 19:05:19.368976+00:00
MSFT,2025-01-05 08:40:00+00:00,277.1054990770231,279.6753875456094,274.59192397787115,276.1164733921633,276.1164733921633,2475416.0,sample,2026-09-24 19:05:19.368976+00:00
MSFT,2025-01-05 08:45:00+00:00,275.9963152951185,278.12535071225506,275.0818065772588,276.47089945794164,276.47089945794164,9710269.0,sample,2026-09-24 19:05:19.368976+00:00
MSFT,2025-01-05 08:50:00+00:00,275.97608925459866,278.6248511291981,274.24064067023414,276.9768055838124,276.9768055838124,15745856.0,sample,2026-09-24 19:05:19.368976+00:00
MSFT,2025-01-05 08:55:00+00:00,276.66732784196694,277.8539409700183,272.94473436496844,275.9499697572725,275.9499697572725,1606309.0,sample,2026-09-24 19:05:19.368976+00:00
MSFT,2025-01-05 09:00:00+00:00,275.7927323546353,276.6956650935705,273.7822433143754,275.7757786498093,275.7757786498093,10233450.0,sample,2026-09-24 19:05:19.368976+00:00
MSFT,2025-01-05 09:05:00+00:00,276.25233242163364,277.8210814607348,275.6651326404654,276.227420504482,276.227420504482,15882929.0,sample,2026-09-24 19:05:19.368976+00:00
MSFT,2025-01-05 09:10:00+00:00,276.28942334159433,279.19590024126944,274.1269806221031,277.8324767581599,277.8324767581599,15844053.0,sample,2026-09-24 19:05:19.368976+00:00
MSFT,2025-01-05 09:15:00+00:00,278.3586775921175,280.3634122714048,276.87919966162394,277.39722714377376,277.39722714377376,5354186.0,sample,2026-09-24 19:05:19.368976+00:00
MSFT,2025-01-05 09:20:00+00:00,277.12737401278514,278.6729712623744,275.4156770164462,277.54048197357605,277.54048197357605,15189775.0,sample,2026-09-24 19:05:19.368976+00:00
MSFT,2025-01-05 09:25:00+00:00,278.69026277622476,280.199674777108,273.9880555321843,276.7917230665179,276.7917230665179,14607861.0,sample,2026-09-24 19:05:19.368976+00:00
MSFT,2025-01-05 09:30:00+00:00,277.79361386715004,280.3664138037327,273.6161034076273,276.03841156226974,276.03841156226974,5897873.0,sample,2026-09-24 19:05:19.368976+00:00
MSFT,2025-01-05 09:35:00+00:00,275.90878250937095,280.3724987935721,273.33686968677284,277.4071338858396,277.4071338858396,13208763.0,sample,2026-09-24 19:05:19.368976+00:00
MSFT,2025-01-05 09:40:00+00:00,277.32332305115796,278.81360510628576,273.0910949732495,274.7236526730331,274.7236526730331,17189296.0,sample,2026-09-24 19:05:19.368976+00:00
MSFT,2025-01-05 09:45:00+00:00,274.5683619552708,278.60805902502557,273.54679482452013,275.7641527273028,275.7641527273028,5176754.0,sample,2026-09-24 19:05:19.368976+00:00
MSFT,2025-01-05 09:50:00+00:00,274.80187269760637,278.1881006726257,272.1611126276348,274.9354000915695,274.9354000915695,3623151.0,sample,2026-09-24 19:05:19.368976+00:00
MSFT,2025-01-05 09:55:00+00:00,273.4104552968861,275.3009139655229,271.57117695743335,274.3779980124927,274.3779980124927,10174366.0,sample,2026-09-24 19:05:19.368976+00:00
MSFT,2025-01-05 10:00:00+00:00,274.2295702855577,277.1166291630902,273.14140470640524,274.35363399817857,274.35363399817857,7039313.0,sample,2026-09-24 19:05:19.368976+00:00
MSFT,2025-01-05 10:05:00+00:00,274.0313234716633,276.22000246992945,272.6791067615353,274.445747319493,274.445747319493,14510375.0,sample,2026-09-24 19:05:19.368976+00:00
MSFT,2025-01-05 10:10:00+00:00,275.1920358650903,278.24639317109774,274.8778608741265,275.1553724484302,275.1553724484302,13619835.0,sample,2026-09-24 19:05:19.368976+00:00
MSFT,2025-01-05 10:15:00+00:00,275.11071044194597,277.69459605478033,272.5007368963961,276.20439072278623,276.20439072278623,8463698.0,sample,2026-09-24 19:05:19.368976+00:00
MSFT,2025-01-05 10:20:00+00:00,276.9744520306843,280.1558800976197,274.94486479717494,277.3537955439715,277.3537955439715,14552901.0,sample,2026-09-24 19:05:19.368976+00:00
MSFT,2025-01-05 10:25:00+00:00,277.6724197867725,278.44859479251073,273.0992200169251,275.57576802137095,275.57576802137095,6291464.0,sample,2026-09-24 19:05:19.368976+00:00
MSFT,2025-01-05 10:30:00+00:00,275.0354211230253,278.69461105663663,272.2717860657599,275.5276757418741,275.5276757418741,14442573.0,sample,2026-09-24 19:05:19.368976+00:00
MSFT,2025-01-05 10:35:00+00:00,276.6574449495969,278.83548490177657,274.47120301113847,275.85984648034207,275.85984648034207,17430433.0,sample,2026-09-24 19:05:19.368976+00:00
MSFT,2025-01-05 10:40:00+00:00,276.42064223037266,279.51263236559834,275.90259875874943,276.2612045431552,276.2612045431552,5116301.0,sample,2026-09-24 19:05:19.368976+00:00
MSFT,2025-01-05 10:45:00+00:00,276.38757537488186,276.9169471343288,272.3500052459633,274.6200465653188,274.6200465653188,7366215.0,sample,2026-09-24 19:05:19.368976+00:00
MSFT,2025-01-05 10:50:00+00:00,275.8399995308196,279.34297182627813,273.2617299965776,276.209050276271,276.209050276271,9092634.0,sample,2026-09-24 19:05:19.368976+00:00
MSFT,2025-01-05 10:55:00+00:00,275.62077442832725,280.2426389077217,273.1676376968261,277.19951902684994,277.19951902684994,5724192.0,sample,2026-09-24 19:05:19.368976+00:00
MSFT,2025-01-05 11:00:00+00:00,277.82987850708224,280.17549363241153,276.15583508968854,277.06960006304405,277.06960006304405,16967783.0,sample,2026-09-24 19:05:19.368976+00:00
MSFT,2025-01-05 11:05:00+00:00,277.93388902610246,280.6229104960196,276.5398115159619,280.3046626733977,280.3046626733977,15748098.0,sample,2026-09-24 19:05:19.368976+00:00
MSFT,2025-01-05 11:10:00+00:00,280.73252856919845,283.7286327805521,277.7555271577274,279.06780015487925,279.06780015487925,4249252.0,sample,2026-09-24 19:05:19.368976+00:00
MSFT,2025-01-05 11:15:00+00:00,279.8923463458896,281.76714052678915,276.8090034825981,278.7094052479046,278.7094052479046,1841791.0,sample,2026-09-24 19:05:19.368976+00:00
MSFT,2025-01-05 11:20:00+00:00,278.2412934209785,279.77765114321124,277.1638365096188,278.4514133199408,278.4514133199408,4575214.0,sample,2026-09-24 19:05:19.368976+00:00
MSFT,2025-01-05 11:25:00+00:00,278.52192543547415,282.17182055343693,275.66552238897435,279.0601652572554,279.0601652572554,17462979.0,sample,2026-09-24 19:05:19.368976+00:00
MSFT,2025-01-05 11:30:00+00:00,279.29993307854903,281.289528010808,275.1743264595867,278.2723851346643,278.2723851346643,6265898.0,sample,2026-09-24 19:05:19.368976+00:00
MSFT,2025-01-05 11:35:00+00:00,278.20340238512665,279.6262020056791,276.4348820131463,277.5150022211859,277.5150022211859,16280572.0,sample,2026-09-24 19:05:19.368976+00:00
MSFT,2025-01-05 11:40:00+00:00,278.59456590967244,279.4396558491186,276.97438405226177,278.751782429261,278.751782429261,17600934.0,sample,2026-09-24 19:05:19.368976+00:00
MSFT,2025-01-05 11:45:00+00:00,278.28855903115874,281.7626845862529,277.17736348073925,278.49094508399867,278.49094508399867,15876937.0,sample,2026-09-24 19:05:19.368976+00:00
MSFT,2025-01-05 11:50:00+00:00,279.13660686219765,280.34995935010676,276.4638139728076,279.54016609017754,279.54016609017754,9712325.0,sample,2026-09-24 19:05:19.368976+00:00
MSFT,2025-01-05 11:55:00+00:00,279.5473018535304,282.71448383819046,277.80464679473755,281.08977095317124,281.08977095317124,6704635.0,sample,2026-09-24 19:05:19.368976+00:00
MSFT,2025-01-05 12:00:00+00:00,281.42924295617263,283.7807232978735,279.7708184740251,280.78102306257585,280.78102306257585,16231652.0,sample,2026-09-24 19:05:19.368976+00:00
MSFT,2025-01-05 12:05:00+00:00,280.8817369779265,284.002702639185,278.49520576406024,279.74199481796757,279.74199481796757,5005624.0,sample,2026-09-24 19:05:19.368976+00:00
MSFT,2025-01-05 12:10:00+00:00,279.45404487606453,281.9312954007948,276.5650986655932,279.213420661481,279.213420661481,8803589.0,sample,2026-09-24 19:05:19.368976+00:00
MSFT,2025-01-05 12:15:00+00:00,279.8457239076052,280.91868954720684,277.56954383080847,279.7877427197269,279.7877427197269,15233479.0,sample,2026-09-24 19:05:19.368976+00:00
MSFT,2025-01-05 12:20:00+00:00,278.9684810969776,284.0979885168516,277.78076062833884,281.06285736315186,281.06285736315186,5020382.0,sample,2026-09-24 19:05:19.368976+00:00
MSFT,2025-01-05 12:25:00+00:00,281.0901305972644,282.446355168585,278.6280988575444,281.43020132751127,281.43020132751127,9218087.0,sample,2026-09-24 19:05:19.368976+00:00
MSFT,2025-01-05 12:30:00+00:00,281.9750676283458,285.29098010775874,277.6201539368462,280.0806277205726,280.0806277205726,14680953.0,sample,2026-09-24 19:05:19.368976+00:00
MSFT,2025-01-05 12:35:00+00:00,279.6801802532485,282.93701615003386,277.4710815518421,280.397575998527,280.397575998527,11695275.0,sample,2026-09-24 19:05:19.368976+00:00
MSFT,2025-01-05 12:40:00+00:00,280.61202084433114,284.56064841093774,278.93372738059395,282.3710300011393,282.3710300011393,9181162.0,sample,2026-09-24 19:05:19.368976+00:00
MSFT,2025-01-05 12:45:00+00:00,282.30527504772584,286.5094740843949,280.0368515601612,284.19108289789705,284.19108289789705,9274117.0,sample,2026-09-24 19:05:19.368976+00:00
MSFT,2025-01-05 12:50:00+00:00,283.1909267361744,285.9099953366361,280.90083156147034,283.45707566361403,283.45707566361403,2953448.0,sample,2026-09-24 19:05:19.368976+00:00
MSFT,2025-01-05 12:55:00+00:00,283.5289421626173,286.6642990705893,282.80053024325036,283.78584984707277,283.78584984707277,3209963.0,sample,2026-09-24 19:05:19.368976+00:00
MSFT,2025-01-05 13:00:00+00:00,284.29574385307365,287.36058585236987,283.1938790421275,284.26740126661286,284.26740126661286,16728339.0,sample,2026-09-24 19:05:19.368976+00:00
MSFT,2025-01-05 13:05:00+00:00,284.1626811830673,285.19353029233986,281.19652514158906,282.5258831237264,282.5258831237264,17780250.0,sample,2026-09-24 19:05:19.368976+00:00
MSFT,2025-01-05 13:10:00+00:00,283.3219824219556,284.89424953911976,281.7909937123561,283.01615820821047,283.01615820821047,3249754.0,sample,2026-09-24 19:05:19.368976+00:00
MSFT,2025-01-05 13:15:00+00:00,282.20604950079064,285.3062544830133,280.46071915901314,281.07891561062337,281.07891561062337,4498241.0,sample,2026-09-24 19:05:19.368976+00:00
MSFT,2025-01-05 13:20:00+00:00,281.06170248056435,282.46101244033844,277.150983375278,279.29859810475773,279.29859810475773,14943864.0,sample,2026-09-24 19:05:19.368976+00:00
MSFT,2025-01-05 13:25:00+00:00,279.75135008131093,280.6116048092683,277.66630760140634,278.32451348775504,278.32451348775504,13409220.0,sample,2026-09-24 19:05:19.368976+00:00
MSFT,2025-01-05 13:30:00+00:00,278.14970085223695,278.6663077079245,274.01480490976235,276.6544309784881,276.6544309784881,6631060.0,sample,2026-09-24 19:05:19.368976+00:00
MSFT,2025-01-05 13:35:00+00:00,276.68026482516876,277.36603320462535,274.0786049542812,276.74544108595006,276.74544108595006,8412020.0,sample,2026-09-24 19:05:19.368976+00:00
MSFT,2025-01-05 13:40:00+00:00,276.4075745130018,278.0907037708363,276.0151067168669,277.1103053007766,277.1103053007766,16872401.0,sample,2026-09-24 19:05:19.368976+00:00
MSFT,2025-01-05 13:45:00+00:00,276.5804419376003,278.48907907974507,274.8427388772594,276.3811188837469,276.3811188837469,5052420.0,sample,2026-09-24 19:05:19.368976+00:00
MSFT,2025-01-05 13:50:00+00:00,276.7513565748829,278.6437173798672,275.30850057843617,275.97927032152705,275.97927032152705,16052966.0,sample,2026-09-24 19:05:19.368976+00:00
MSFT,2025-01-05 13:55:00+00:00,277.6045268988246,278.5317975402503,275.60209527282814,276.7567893288764,276.7567893288764,10729000.0,sample,2026-09-24 19:05:19.368976+00:00
MSFT,2025-01-05 14:00:00+00:00,276.60595398380497,279.0623904615017,275.57791133721486,277.0412092927037,277.0412092927037,5807227.0,sample,2026-09-24 19:05:19.368976+00:00
MSFT,2025-01-05 14:05:00+00:00,277.1993346753706,280.01864794646025,276.3403669198605,279.3033422118465,279.3033422118465,5937711.0,sample,2026-09-24 19:05:19.368976+00:00
MSFT,2025-01-05 14:10:00+00:00,279.78605613214296,284.01506292150765,276.64719411415956,280.787112031297,280.787112031297,4291633.0,sample,2026-09-24 19:05:19.368976+00:00
MSFT,2025-01-05 14:15:00+00:00,280.53232856206705,282.8549242162067,275.9016906218806,278.7475043283914,278.7475043283914,8475096.0,sample,2026-09-24 19:05:19.368976+00:00
MSFT,2025-01-05 14:20:00+00:00,279.4888940769558,281.5173675719033,277.07517964979456,278.38674399617963,278.38674399617963,10342706.0,sample,2026-09-24 19:05:19.368976+00:00
MSFT,2025-01-05 14:25:00+00:00,278.4237322697897,280.765192185457,276.2548646769453,277.4120784927643,277.4120784927643,4421939.0,sample,2026-09-24 19:05:19.368976+00:00
MSFT,2025-01-05 14:30:00+00:00,278.3805893030836,279.0822452991237,274.17556554701343,275.87784299715196,275.87784299715196,4646640.0,sample,2026-09-24 19:05:19.368976+00:00
MSFT,2025-01-05 14:35:00+00:00,275.99472421932427,277.4721763731781,274.39054083074916,277.0278998158945,277.0278998158945,6129827.0,sample,2026-09-24 19:05:19.368976+00:00
MSFT,2025-01-05 14:40:00+00:00,276.4777327394171,277.29704628604986,273.4561371267659,277.0055020013976,277.0055020013976,4133394.0,sample,2026-09-24 19:05:19.368976+00:00
MSFT,2025-01-05 14:45:00+00:00,277.4827624559057,278.25899692506096,274.56667924726344,275.6700987985287,275.6700987985287,13891474.0,sample,2026-09-24 19:05:19.368976+00:00
MSFT,2025-01-05 14:50:00+00:00,274.81969445959004,277.67414019387445,272.4144191848455,277.35813689760437,277.35813689760437,8709255.0,sample,2026-09-24 19:05:19.368976+00:00
MSFT,2025-01-05 14:55:00+00:00,277.9620423418008,279.589337558207,276.5973685095786,279.02483712349283,279.02483712349283,12271549.0,sample,2026-09-24 19:05:19.368976+00:00
MSFT,2025-01-05 15:00:00+00:00,278.41879250442656,279.562358168047,276.60418781583155,278.7414334095002,278.7414334095002,4315207.0,sample,2026-09-24 19:05:19.368976+00:00
MSFT,2025-01-05 15:05:00+00:00,278.16072485988894,280.16318332210966,277.29054017218743,279.40632555282053,279.40632555282053,8292005.0,sample,2026-09-24 19:05:19.368976+00:00
MSFT,2025-01-05 15:10:00+00:00,278.9180971345932,279.9664521473936,277.40771689495807,278.798492174991,278.798492174991,10861629.0,sample,2026-09-24 19:05:19.368976+00:00
MSFT,2025-01-05 15:15:00+00:00,279.36583878146695,282.4510931103684,276.8975162556751,278.77526388124727,278.77526388124727,3646712.0,sample,2026-09-24 19:05:19.368976+00:00
MSFT,2025-01-05 15:20:00+00:00,278.5632596909032,281.5515136193821,274.5166826458578,277.0345941338632,277.0345941338632,11382981.0,sample,2026-09-24 19:05:19.368976+00:00
MSFT,2025-01-05 15:25:00+00:00,277.8603817461674,278.4581202339773,276.30345905387827,276.61953686627425,276.61953686627425,2165000.0,sample,2026-09-24 19:05:19.368976+00:00
MSFT,2025-01-05 15:30:00+00:00,277.0797224643501,279.8031274347953,274.68492912213816,276.8544104584409,276.8544104584409,14731265.0,sample,2026-09-24 19:05:19.368976+00:00
MSFT,2025-01-05 15:35:00+00:00,276.9960456478769,277.36913915538634,273.32394094801003,275.96417034708696,275.96417034708696,6336650.0,sample,2026-09-24 19:05:19.368976+00:00
MSFT,2025-01-05 15:40:00+00:00,276.21818493470687,279.1756610124691,274.1113810702979,277.571156760645,277.571156760645,10068761.0,sample,2026-09-24 19:05:19.368976+00:00
MSFT,2025-01-05 15:45:00+00:00,277.3781666540507,279.96947585897817,273.8567542373561,276.42273408086135,276.42273408086135,15252119.0,sample,2026-09-24 19:05:19.368976+00:00
MSFT,2025-01-05 15:50:00+00:00,276.4229294859442,278.83272892097244,275.2495303887559,276.72895663726797,276.72895663726797,6831760.0,sample,2026-09-24 19:05:19.368976+00:00
MSFT,2025-01-05 15:55:00+00:00,276.23151874375054,279.141339396456,275.8863692293439,276.98177842134373,276.98177842134373,2879077.0,sample,2026-09-24 19:05:19.368976+00:00
MSFT,2025-01-05 16:00:00+00:00,276.9930727551586,279.7661452815388,272.4640994088007,275.2031184531165,275.2031184531165,8949232.0,sample,2026-09-24 19:05:19.368976+00:00
MSFT,2025-01-05 16:05:00+00:00,274.7252229514135,276.9260184928952,273.9607837262721,276.5042738219274,276.5042738219274,2469206.0,sample,2026-09-24 19:05:19.368976+00:00
MSFT,2025-01-05 16:10:00+00:00,276.8810668218849,278.0574462093033,275.1319611472487,276.70334837643384,276.70334837643384,5105531.0,sample,2026-09-24 19:05:19.368976+00:00
MSFT,2025-01-05 16:15:00+00:00,276.81631420934593,280.72453846249863,274.0072190710683,277.8602128638734,277.8602128638734,8303500.0,sample,2026-09-24 19:05:19.368976+00:00
MSFT,2025-01-05 16:20:00+00:00,277.8566175702874,279.2413083348659,276.72339522545343,278.0653532017976,278.0653532017976,4293200.0,sample,2026-09-24 19:05:19.368976+00:00
MSFT,2025-01-05 16:25:00+00:00,278.59243904953115,279.1605238740129,277.2372031503145,278.45524153491533,278.45524153491533,14499534.0,sample,2026-09-24 19:05:19.368976+00:00
MSFT,2025-01-05 16:30:00+00:00,277.973827863348,282.32596335312707,277.18190178415995,280.4394484804412,280.4394484804412,16819671.0,sample,2026-09-24 19:05:19.368976+00:00
MSFT,2025-01-05 16:35:00+00:00,280.98490372126184,282.59507171656173,279.6507109562134,280.4550708078099,280.4550708078099,2109385.0,sample,2026-09-24 19:05:19.368976+00:00
MSFT,2025-01-05 16:40:00+00:00,280.73345768261834,282.9048028920185,278.5227050228096,280.83967521521464,280.83967521521464,17873949.0,sample,2026-09-24 19:05:19.368976+00:00
MSFT,2025-01-05 16:45:00+00:00,279.63054918668917,281.0598067941611,278.6420993770328,280.2174466119908,280.2174466119908,3269959.0,sample,2026-09-24 19:05:19.368976+00:00
MSFT,2025-01-05 16:50:00+00:00,280.19305075658565,281.10216833353746,277.2452149704383,280.5228782867108,280.5228782867108,6718459.0,sample,2026-09-24 19:05:19.368976+00:00
MSFT,2025-01-05 16:55:00+00:00,280.7012993552304,281.2677761969844,278.9247426580773,280.354215337285,280.354215337285,2382871.0,sample,2026-09-24 19:05:19.368976+00:00
MSFT,2025-01-05 17:00:00+00:00,279.95497594981606,282.9608844209098,277.8879118972022,280.3299039563255,280.3299039563255,7817111.0,sample,2026-09-24 19:05:19.368976+00:00
MSFT,2025-01-05 17:05:00+00:00,280.8759606610519,284.3142000071493,278.0593405809543,281.7760223708188,281.7760223708188,8774648.0,sample,2026-09-24 19:05:19.368976+00:00
MSFT,2025-01-05 17:10:00+00:00,280.82707608825643,284.00539921862264,277.7778261895462,281.19706610792883,281.19706610792883,17687727.0,sample,2026-09-24 19:05:19.368976+00:00
MSFT,2025-01-05 17:15:00+00:00,280.77092689791493,282.1297079264882,278.1601284533136,281.2407043866652,281.2407043866652,5070967.0,sample,2026-09-24 19:05:19.368976+00:00
MSFT,2025-01-05 17:20:00+00:00,280.72384682726494,282.2369084403486,280.21939988945144,280.8031191631749,280.8031191631749,4795782.0,sample,2026-09-24 19:05:19.368976+00:00
MSFT,2025-01-05 17:25:00+00:00,281.6525226978194,286.1807238429994,278.565156199273,283.556347134169,283.556347134169,13277047.0,sample,2026-09-24 19:05:19.368976+00:00
MSFT,2025-01-05 17:30:00+00:00,283.8336859632437,286.2776527662085,282.5849001585519,283.5116149133742,283.5116149133742,5379499.0,sample,2026-09-24 19:05:19.368976+00:00
MSFT,2025-01-05 17:35:00+00:00,282.7517753855405,285.93846295095614,280.34234492600854,283.0964089081768,283.0964089081768,8924639.0,sample,2026-09-24 19:05:19.368976+00:00
MSFT,2025-01-05 17:40:00+00:00,284.0617533829966,284.83907114455354,281.6537729654173,283.2426583719198,283.2426583719198,4782977.0,sample,2026-09-24 19:05:19.368976+00:00
MSFT,2025-01-05 17:45:00+00:00,284.33526099680694,285.87305692848645,280.43311978617834,281.5142474575089,281.5142474575089,11302920.0,sample,2026-09-24 19:05:19.368976+00:00
MSFT,2025-01-05 17:50:00+00:00,282.3194289055412,284.19260311480446,280.702736619114,283.23803615900744,283.23803615900744,1822099.0,sample,2026-09-24 19:05:19.368976+00:00
MSFT,2025-01-05 17:55:00+00:00,282.31287664847383,284.8594187919923,278.7816999599316,282.1367239327085,282.1367239327085,12374872.0,sample,2026-09-24 19:05:19.368976+00:00
MSFT,2025-01-05 18:00:00+00:00,281.79400473528835,283.8010803506704,279.9394574322592,281.12939721913045,281.12939721913045,5890107.0,sample,2026-09-24 19:05:19.368976+00:00
MSFT,2025-01-05 18:05:00+00:00,281.10776349822413,282.3507850823039,279.2605103475137,281.80991186422693,281.80991186422693,9417101.0,sample,2026-09-24 19:05:19.368976+00:00
MSFT,2025-01-05 18:10:00+00:00,281.96632829410146,284.61184395485105,277.4900369705675,280.4663784441478,280.4663784441478,5400256.0,sample,2026-09-24 19:05:19.368976+00:00
MSFT,2025-01-05 18:15:00+00:00,280.8414939823432,283.61282171813076,280.24851704758106,282.0494527149304,282.0494527149304,2183012.0,sample,2026-09-24 19:05:19.368976+00:00
MSFT,2025-01-05 18:20:00+00:00,282.0710994119391,283.3899809251104,279.49795022112954,282.31115213111184,282.31115213111184,10043372.0,sample,2026-09-24 19:05:19.368976+00:00
MSFT,2025-01-05 18:25:00+00:00,282.8181028512129,286.66303101829345,280.98316728566783,283.90419010472215,283.90419010472215,9028781.0,sample,2026-09-24 19:05:19.368976+00:00
MSFT,2025-01-05 18:30:00+00:00,283.97606935461715,286.90369342338437,281.1005824615638,281.8473968646153,281.8473968646153,5912042.0,sample,2026-09-24 19:05:19.368976+00:00
MSFT,2025-01-05 18:35:00+00:00,281.1603089176671,282.19202681290136,279.4356388858729,281.6044915011207,281.6044915011207,15336524.0,sample,2026-09-24 19:05:19.368976+00:00
MSFT,2025-01-05 18:40:00+00:00,281.48962658588005,285.1567233232685,278.8929251617634,282.1689281235106,282.1689281235106,9316249.0,sample,2026-09-24 19:05:19.368976+00:00
MSFT,2025-01-05 18:45:00+00:00,281.519660077527,283.1184083328532,278.7150012090065,281.31874673989256,281.31874673989256,17124854.0,sample,2026-09-24 19:05:19.368976+00:00
MSFT,2025-01-05 18:50:00+00:00,281.0093774039059,286.2075071924492,278.94195215103326,283.2407130318612,283.2407130318612,6289234.0,sample,2026-09-24 19:05:19.368976+00:00
MSFT,2025-01-05 18:55:00+00:00,283.721748838478,285.9731060742951,281.26456787666314,283.4904311462986,283.4904311462986,14977792.0,sample,2026-09-24 19:05:19.368976+00:00
MSFT,2025-01-05 19:00:00+00:00,284.20149818697723,285.20688954875095,280.18872754806944,283.21759227668804,283.21759227668804,14046312.0,sample,2026-09-24 19:05:19.368976+00:00
MSFT,2025-01-05 19:05:00+00:00,283.6704618264732,285.78990293099974,280.8436288681921,283.5096206838153,283.5096206838153,7191378.0,sample,2026-09-24 19:05:19.368976+00:00
MSFT,2025-01-05 19:10:00+00:00,282.7593276307338,286.1561269796275,280.9452792319427,284.55939883897287,284.55939883897287,13227719.0,sample,2026-09-24 19:05:19.368976+00:00
MSFT,2025-01-05 19:15:00+00:00,284.05531887101506,285.84613488355654,283.46346772681915,284.58079534563467,284.58079534563467,7669166.0,sample,2026-09-24 19:05:19.368976+00:00
MSFT,2025-01-05 19:20:00+00:00,284.9209045538079,286.512196882974,281.5445902633557,284.65312798015196,284.65312798015196,17391913.0,sample,2026-09-24 19:05:19.368976+00:00
MSFT,2025-01-05 19:25:00+00:00,285.23176548668255,286.4390464568455,283.02491020893973,284.3460940559853,284.3460940559853,1578633.0,sample,2026-09-24 19:05:19.368976+00:00
MSFT,2025-01-05 19:30:00+00:00,283.3977507996317,285.4883032993341,281.46921725174826,284.98114138924683,284.98114138924683,13504754.0,sample,2026-09-24 19:05:19.368976+00:00
MSFT,2025-01-05 19:35:00+00:00,284.10400518695377,287.25577171344094,282.777130066595,285.0697623776562,285.0697623776562,9154275.0,sample,2026-09-24 19:05:19.368976+00:00
MSFT,2025-01-05 19:40:00+00:00,284.8928133148208,286.82876677023785,284.5063285071037,285.0278001324632,285.0278001324632,15556747.0,sample,2026-09-24 19:05:19.368976+00:00
MSFT,2025-01-05 19:45:00+00:00,285.12573841352486,286.8016019484897,282.7143791168436,286.428991540093,286.428991540093,2146724.0,sample,2026-09-24 19:05:19.368976+00:00
MSFT,2025-01-05 19:50:00+00:00,286.63889021913536,288.73224146401407,284.9558431660087,286.13329298975776,286.13329298975776,12985454.0,sample,2026-09-24 19:05:19.368976+00:00
MSFT,2025-01-05 19:55:00+00:00,285.7076464109124,286.5984516387153,283.1406142569474,284.96087287566826,284.96087287566826,2464479.0,sample,2026-09-24 19:05:19.368976+00:00
MSFT,2025-01-05 20:00:00+00:00,285.7645345125576,286.5421516190185,283.37514502704107,284.72052028085824,284.72052028085824,4221235.0,sample,2026-09-24 19:05:19.368976+00:00
MSFT,2025-01-05 20:05:00+00:00,283.68073288236957,286.21301329353435,282.45966614855837,284.0987582219916,284.0987582219916,16671915.0,sample,2026-09-24 19:05:19.368976+00:00
MSFT,2025-01-05 20:10:00+00:00,284.16323059930517,286.12891906310665,280.98977092877925,283.14749198421015,283.14749198421015,12718290.0,sample,2026-09-24 19:05:19.368976+00:00
MSFT,2025-01-05 20:15:00+00:00,283.3862807556822,285.1453297757249,282.3586242883792,283.91943110022214,283.91943110022214,11875276.0,sample,2026-09-24 19:05:19.368976+00:00
MSFT,2025-01-05 20:20:00+00:00,284.335757261166,285.7394243551772,283.43187749660024,283.94238947114746,283.94238947114746,11080693.0,sample,2026-09-24 19:05:19.368976+00:00
MSFT,2025-01-05 20:25:00+00:00,283.94824008964173,286.4784640052151,281.3777830309481,284.07634778116756,284.07634778116756,13816511.0,sample,2026-09-24 19:05:19.368976+00:00
MSFT,2025-01-05 20:30:00+00:00,284.6766040402908,288.08638778992866,281.92830474003154,285.70971581606244,285.70971581606244,12108738.0,sample,2026-09-24 19:05:19.368976+00:00
MSFT,2025-01-05 20:35:00+00:00,285.75008796025895,289.3267626806537,283.90050899463785,286.48506009870545,286.48506009870545,2240487.0,sample,2026-09-24 19:05:19.368976+00:00
MSFT,2025-01-05 20:40:00+00:00,285.5240982834298,289.79101034490367,284.0934954598332,286.7916491838236,286.7916491838236,9714395.0,sample,2026-09-24 19:05:19.368976+00:00
MSFT,2025-01-05 20:45:00+00:00,286.5831521608761,287.0643248493878,284.00241530314275,286.3661830697448,286.3661830697448,5651473.0,sample,2026-09-24 19:05:19.368976+00:00
MSFT,2025-01-05 20:50:00+00:00,286.4465823346532,290.67028538943725,284.25496373390763,287.52989970301655,287.52989970301655,9458672.0,sample,2026-09-24 19:05:19.368976+00:00
MSFT,2025-01-05 20:55:00+00:00,286.71630924361017,290.2072003639021,286.0389832954617,287.09270699557896,287.09270699557896,4331170.0,sample,2026-09-24 19:05:19.368976+00:00
MSFT,2025-01-05 21:00:00+00:00,288.1787307347879,291.5971647812492,286.59959169470085,288.7327825234239,288.7327825234239,4489802.0,sample,2026-09-24 19:05:19.368976+00:00
MSFT,2025-01-05 21:05:00+00:00,287.66429469572574,293.1282849892473,285.2670304156798,290.0368136746619,290.0368136746619,9182869.0,sample,2026-09-24 19:05:19.368976+00:00
MSFT,2025-01-05 21:10:00+00:00,290.03186171375313,290.98018403680845,288.2965250157137,289.78313631796266,289.78313631796266,4600978.0,sample,2026-09-24 19:05:19.368976+00:00
MSFT,2025-01-05 21:15:00+00:00,290.4030693485853,292.7240802632894,286.93187193836377,290.5499922965929,290.5499922965929,10373545.0,sample,2026-09-24 19:05:19.368976+00:00
MSFT,2025-01-05 21:20:00+00:00,290.06478553207046,292.01468565677305,287.9351947087391,291.4483467230454,291.4483467230454,17616565.0,sample,2026-09-24 19:05:19.368976+00:00
MSFT,2025-01-05 21:25:00+00:00,292.1152855064281,294.06712013204253,289.03906219969974,291.5047131438691,291.5047131438691,15677040.0,sample,2026-09-24 19:05:19.368976+00:00
MSFT,2025-01-05 21:30:00+00:00,290.5458278561366,293.2063097688724,287.4146814585299,292.05018212954377,292.05018212954377,15210703.0,sample,2026-09-24 19:05:19.368976+00:00
MSFT,2025-01-05 21:35:00+00:00,290.9935142577935,296.6640070836246,287.5371027968182,293.64531694438597,293.64531694438597,4990018.0,sample,2026-09-24 19:05:19.368976+00:00
MSFT,2025-01-05 21:40:00+00:00,293.6016030113673,294.8877605717634,288.72292776888327,291.6944933263587,291.6944933263587,3227822.0,sample,2026-09-24 19:05:19.368976+00:00
MSFT,2025-01-05 21:45:00+00:00,291.91409560446215,293.2120318392607,289.7831732263913,292.05855992479576,292.05855992479576,15395205.0,sample,2026-09-24 19:05:19.368976+00:00
MSFT,2025-01-05 21:50:00+00:00,292.6528119232084,293.10146465145357,291.21920936455217,292.65338699635413,292.65338699635413,4636030.0,sample,2026-09-24 19:05:19.368976+00:00
MSFT,2025-01-05 21:55:00+00:00,293.19432434339143,295.57440417166634,290.88278573248715,293.1796350398286,293.1796350398286,14663814.0,sample,2026-09-24 19:05:19.368976+00:00
MSFT,2025-01-05 22:00:00+00:00,293.821144968679,294.2288693709131,290.77657160905164,292.39623720404427,292.39623720404427,6092117.0,sample,2026-09-24 19:05:19.368976+00:00
MSFT,2025-01-05 22:05:00+00:00,293.1170557905936,294.9368867604414,290.41988356332064,292.0665675612052,292.0665675612052,9503732.0,sample,2026-09-24 19:05:19.368976+00:00
MSFT,2025-01-05 22:10:00+00:00,292.38573490617,294.7108205548633,291.60868943478687,291.9101462903754,291.9101462903754,3009987.0,sample,2026-09-24 19:05:19.368976+00:00
MSFT,2025-01-05 22:15:00+00:00,292.1568321198422,297.34791135847223,289.0572861940595,294.1186861270747,294.1186861270747,13924332.0,sample,2026-09-24 19:05:19.368976+00:00
MSFT,2025-01-05 22:20:00+00:00,293.64677875140495,296.4508073626166,289.8659818353032,293.31250248619375,293.31250248619375,6364538.0,sample,2026-09-24 19:05:19.368976+00:00
MSFT,2025-01-05 22:25:00+00:00,292.32195637992595,296.53062556726707,291.6661277021037,294.30911101025663,294.30911101025663,17793603.0,sample,2026-09-24 19:05:19.368976+00:00
MSFT,2025-01-05 22:30:00+00:00,294.9564076006117,297.7871074778712,294.5021983166454,295.6743467455418,295.6743467455418,17820614.0,sample,2026-09-24 19:05:19.368976+00:00
MSFT,2025-01-05 22:35:00+00:00,296.70392093490875,297.4873192478802,294.3412867849085,295.69659718649183,295.69659718649183,5238065.0,sample,2026-09-24 19:05:19.368976+00:00
MSFT,2025-01-05 22:40:00+00:00,295.40354744838356,299.510095167846,292.3766348162435,298.1095599616303,298.1095599616303,4336110.0,sample,2026-09-24 19:05:19.368976+00:00
MSFT,2025-01-05 22:45:00+00:00,297.93665136756914,299.56264136232835,295.8994693550934,297.93048855807217,297.93048855807217,9431642.0,sample,2026-09-24 19:05:19.368976+00:00
MSFT,2025-01-05 22:50:00+00:00,298.07477914273636,298.5030306895005,294.80128803226586,297.0345690901043,297.0345690901043,2703297.0,sample,2026-09-24 19:05:19.368976+00:00
MSFT,2025-01-05 22:55:00+00:00,296.24253807777444,298.21389365769176,293.5301997814417,296.56248992598125,296.56248992598125,10091034.0,sample,2026-09-24 19:05:19.368976+00:00
MSFT,2025-01-05 23:00:00+00:00,296.20778356010345,297.2054933903108,294.30257933537706,296.90623459620036,296.90623459620036,7405762.0,sample,2026-09-24 19:05:19.368976+00:00
MSFT,2025-01-05 23:05:00+00:00,296.6773185044373,300.9786200165316,296.30173711821755,298.0763061752795,298.0763061752795,6750022.0,sample,2026-09-24 19:05:19.368976+00:00
MSFT,2025-01-05 23:10:00+00:00,296.98693896579965,297.53522514770685,295.8167830194411,296.82711594341623,296.82711594341623,3229502.0,sample,2026-09-24 19:05:19.368976+00:00
MSFT,2025-01-05 23:15:00+00:00,297.41028572771444,298.7456952511458,293.10069842681946,295.72324418141415,295.72324418141415,14415898.0,sample,2026-09-24 19:05:19.368976+00:00
MSFT,2025-01-05 23:20:00+00:00,295.322147642893,299.91259278055105,294.75793002413815,297.0909936826726,297.0909936826726,10813112.0,sample,2026-09-24 19:05:19.368976+00:00
MSFT,2025-01-05 23:25:00+00:00,297.0962158073794,300.44919312799243,295.2826305353888,297.88062330885725,297.88062330885725,4673144.0,sample,2026-09-24 19:05:19.368976+00:00
MSFT,2025-01-05 23:30:00+00:00,296.8661343788047,300.61783817082573,293.9085423732619,297.164057234401,297.164057234401,15844566.0,sample,2026-09-24 19:05:19.368976+00:00
MSFT,2025-01-05 23:35:00+00:00,295.83659170771557,298.3993197904021,294.77737743872035,295.72761846269844,295.72761846269844,9153823.0,sample,2026-09-24 19:05:19.368976+00:00
MSFT,2025-01-05 23:40:00+00:00,295.47428128361014,297.6436345812214,291.60793488869234,293.6797939346814,293.6797939346814,13998555.0,sample,2026-09-24 19:05:19.368976+00:00
MSFT,2025-01-05 23:45:00+00:00,293.4690183317116,293.82964034871065,290.5587817619606,292.55267918723246,292.55267918723246,5404971.0,sample,2026-09-24 19:05:19.368976+00:00
MSFT,2025-01-05 23:50:00+00:00,292.22503808868225,295.57303724444586,290.95370091937616,293.5195820039682,293.5195820039682,17103276.0,sample,2026-09-24 19:05:19.368976+00:00
MSFT,2025-01-05 23:55:00+00:00,293.30872878499224,296.62327884748987,291.3122746791463,292.842998803517,292.842998803517,5417109.0,sample,2026-09-24 19:05:19.368976+00:00
MSFT,2025-01-06 00:00:00+00:00,292.7067224906451,297.0062653946569,291.1625697658929,294.33408630791746,294.33408630791746,15039110.0,sample,2026-09-24 19:05:19.368976+00:00
MSFT,2025-01-06 00:05:00+00:00,293.7695541497323,295.5906974748309,290.4371011656501,294.5192381599227,294.5192381599227,15690318.0,sample,2026-09-24 19:05:19.368976+00:00
MSFT,2025-01-06 00:10:00+00:00,294.3860611778472,297.214795329901,290.15421193720385,293.0611446124212,293.0611446124212,2585390.0,sample,2026-09-24 19:05:19.368976+00:00
MSFT,2025-01-06 00:15:00+00:00,293.5890504565063,295.41214773679906,290.8782927504493,294.2959133215769,294.2959133215769,7883385.0,sample,2026-09-24 19:05:19.368976+00:00
MSFT,2025-01-06 00:20:00+00:00,295.18385358691705,298.603177990827,293.2522680065028,294.49500773216045,294.49500773216045,1536469.0,sample,2026-09-24 19:05:19.368976+00:00
MSFT,2025-01-06 00:25:00+00:00,295.4624126163347,296.24983178661626,292.3935687532286,294.57658294541227,294.57658294541227,16614083.0,sample,2026-09-24 19:05:19.368976+00:00
MSFT,2025-01-06 00:30:00+00:00,293.93376536055507,297.6047416817908,293.21255173523923,295.5769088178174,295.5769088178174,17700140.0,sample,2026-09-24 19:05:19.368976+00:00
MSFT,2025-01-06 00:35:00+00:00,295.5197555538803,297.40829728792204,291.85699792210283,295.00695558878186,295.00695558878186,16334093.0,sample,2026-09-24 19:05:19.368976+00:00
MSFT,2025-01-06 00:40:00+00:00,294.73743827243743,300.8834598172679,292.9076452959278,298.8069092978463,298.8069092978463,4359673.0,sample,2026-09-24 19:05:19.368976+00:00
MSFT,2025-01-06 00:45:00+00:00,298.5178266550381,300.4115544788151,295.3481326219113,298.18749783789605,298.18749783789605,17560121.0,sample,2026-09-24 19:05:19.368976+00:00
MSFT,2025-01-06 00:50:00+00:00,299.10167616025177,302.0216095797207,297.0289455482908,298.14892853146046,298.14892853146046,15179460.0,sample,2026-09-24 19:05:19.368976+00:00
MSFT,2025-01-06 00:55:00+00:00,297.88201208696364,299.28786378856506,295.1222417600052,298.2598037661172,298.2598037661172,6285258.0,sample,2026-09-24 19:05:19.368976+00:00
MSFT,2025-01-06 01:00:00+00:00,297.8903014287593,302.21278302226204,297.58326302361934,300.65327548912495,300.65327548912495,7825320.0,sample,2026-09-24 19:05:19.368976+00:00
MSFT,2025-01-06 01:05:00+00:00,300.06269973083386,303.69020166084846,298.53310060884155,301.22862416129453,301.22862416129453,11657249.0,sample,2026-09-24 19:05:19.368976+00:00
MSFT,2025-01-06 01:10:00+00:00,301.00615542163024,304.06207987472527,299.6119827443858,300.19225363325944,300.19225363325944,7685137.0,sample,2026-09-24 19:05:19.368976+00:00
MSFT,2025-01-06 01:15:00+00:00,299.71790704652807,303.7424273637405,297.3319669498122,301.57534128355957,301.57534128355957,15127000.0,sample,2026-09-24 19:05:19.368976+00:00
MSFT,2025-01-06 01:20:00+00:00,301.6063596795408,302.1922149366537,298.8819115296879,301.4511216552086,301.4511216552086,9459847.0,sample,2026-09-24 19:05:19.368976+00:00
MSFT,2025-01-06 01:25:00+00:00,301.24339193443217,305.0593427221479,298.3504674394559,301.4514960766122,301.4514960766122,12326272.0,sample,2026-09-24 19:05:19.368976+00:00
MSFT,2025-01-06 01:30:00+00:00,302.45874129198415,304.27599965672255,297.22661122670326,300.7115963053163,300.7115963053163,4086887.0,sample,2026-09-24 19:05:19.368976+00:00
MSFT,2025-01-06 01:35:00+00:00,301.108635407042,305.208346553979,298.3335898698519,302.3927933298332,302.3927933298332,2744072.0,sample,2026-09-24 19:05:19.368976+00:00
MSFT,2025-01-06 01:40:00+00:00,301.53192554887767,303.91319210701573,298.71589834918944,303.09296905060586,303.09296905060586,4547096.0,sample,2026-09-24 19:05:19.368976+00:00
MSFT,2025-01-06 01:45:00+00:00,302.9755812007057,305.3888596932985,300.6004959038297,302.5222299527262,302.5222299527262,17293038.0,sample,2026-09-24 19:05:19.368976+00:00
MSFT,2025-01-06 01:50:00+00:00,302.7115561579015,304.98256743511166,301.1115078733975,302.26207454263897,302.26207454263897,12298757.0,sample,2026-09-24 19:05:19.368976+00:00
MSFT,2025-01-06 01:55:00+00:00,302.7185943966005,306.5173113398273,300.46726982750465,303.56466623090466,303.56466623090466,9682437.0,sample,2026-09-24 19:05:19.368976+00:00
MSFT,2025-01-06 02:00:00+00:00,302.77613353905906,306.3650464257531,299.2725164234851,302.00096888740774,302.00096888740774,8646687.0,sample,2026-09-24 19:05:19.368976+00:00
MSFT,2025-01-06 02:05:00+00:00,301.2153772140883,304.961136485053,298.53604530641525,303.3710150133884,303.3710150133884,13851755.0,sample,2026-09-24 19:05:19.368976+00:00
MSFT,2025-01-06 02:10:00+00:00,303.070707865156,305.0170185308942,298.22871564474957,301.14882203062234,301.14882203062234,9695891.0,sample,2026-09-24 19:05:19.368976+00:00
MSFT,2025-01-06 02:15:00+00:00,301.61300975716426,303.3616248033283,298.3644613714105,301.8166734159423,301.8166734159423,5053452.0,sample,2026-09-24 19:05:19.368976+00:00
MSFT,2025-01-06 02:20:00+00:00,302.0909699252015,305.02726502281126,301.0650083763397,301.4702267632448,301.4702267632448,9435970.0,sample,2026-09-24 19:05:19.368976+00:00
MSFT,2025-01-06 02:25:00+00:00,301.7106974181472,304.70993119527185,300.4566984311148,302.13723617580274,302.13723617580274,11703556.0,sample,2026-09-24 19:05:19.368976+00:00
MSFT,2025-01-06 02:30:00+00:00,300.75301935633775,304.3023162789116,299.66717760662954,302.07502896685236,302.07502896685236,7094971.0,sample,2026-09-24 19:05:19.368976+00:00
MSFT,2025-01-06 02:35:00+00:00,300.3119924389316,305.74630553115713,299.413048764752,304.6293091947275,304.6293091947275,9417343.0,sample,2026-09-24 19:05:19.368976+00:00
MSFT,2025-01-06 02:40:00+00:00,304.16142660916387,306.77672216686983,301.6004816153531,304.3618540996364,304.3618540996364,1700669.0,sample,2026-09-24 19:05:19.368976+00:00
MSFT,2025-01-06 02:45:00+00:00,304.22743545341535,306.027729580938,300.4461586346501,303.7312258882369,303.7312258882369,11742067.0,sample,2026-09-24 19:05:19.368976+00:00
MSFT,2025-01-06 02:50:00+00:00,303.5340265840412,306.09990267025944,302.2942734384427,303.8540915145937,303.8540915145937,17155768.0,sample,2026-09-24 19:05:19.368976+00:00
MSFT,2025-01-06 02:55:00+00:00,303.8893848832591,304.4686379251694,299.12900702048455,302.71091850873904,302.71091850873904,3675456.0,sample,2026-09-24 19:05:19.368976+00:00
MSFT,2025-01-06 03:00:00+00:00,301.8664423823888,303.67289510179506,297.59231881778163,300.7818053195188,300.7818053195188,1609569.0,sample,2026-09-24 19:05:19.368976+00:00
MSFT,2025-01-06 03:05:00+00:00,302.02739504110065,305.6246649316525,299.0952854431047,300.18406729155174,300.18406729155174,17729467.0,sample,2026-09-24 19:05:19.368976+00:00
MSFT,2025-01-06 03:10:00+00:00,299.2881395271589,301.23996377894025,297.53821598135727,299.97633795172464,299.97633795172464,7890947.0,sample,2026-09-24 19:05:19.368976+00:00
MSFT,2025-01-06 03:15:00+00:00,300.40658095857225,303.6565148597704,297.25373994837975,298.6116073531905,298.6116073531905,6187143.0,sample,2026-09-24 19:05:19.368976+00:00
MSFT,2025-01-06 03:20:00+00:00,299.3053975550923,299.6548068629056,295.92839813237333,299.0838074616144,299.0838074616144,13894669.0,sample,2026-09-24 19:05:19.368976+00:00
MSFT,2025-01-06 03:25:00+00:00,298.1137589955513,299.56215897396464,295.4500129590986,298.4939248224725,298.4939248224725,16027333.0,sample,2026-09-24 19:05:19.368976+00:00
MSFT,2025-01-06 03:30:00+00:00,298.1683962457214,301.54483216779073,296.9541230045958,299.8219305523025,299.8219305523025,5432519.0,sample,2026-09-24 19:05:19.368976+00:00
MSFT,2025-01-06 03:35:00+00:00,299.79170016303283,301.8706861858664,297.8851149297438,300.50429808536126,300.50429808536126,6992788.0,sample,2026-09-24 19:05:19.368976+00:00
MSFT,2025-01-06 03:40:00+00:00,300.1228826183846,300.42824993513364,295.5909031303331,297.5791436475127,297.5791436475127,1854209.0,sample,2026-09-24 19:05:19.368976+00:00
MSFT,2025-01-06 03:45:00+00:00,296.6520615536351,299.939506117597,294.13564097150316,297.6651051877071,297.6651051877071,2981259.0,sample,2026-09-24 19:05:19.368976+00:00
MSFT,2025-01-06 03:50:00+00:00,297.64360670357587,298.95117599079043,296.7478734072449,297.7554464150681,297.7554464150681,1584110.0,sample,2026-09-24 19:05:19.368976+00:00
MSFT,2025-01-06 03:55:00+00:00,297.46421446254067,299.81940541133025,292.80343368107765,295.88572326609636,295.88572326609636,11839030.0,sample,2026-09-24 19:05:19.368976+00:00
MSFT,2025-01-06 04:00:00+00:00,295.4281971747489,299.25081856359157,293.6147669748978,296.678783568294,296.678783568294,2637796.0,sample,2026-09-24 19:05:19.368976+00:00
MSFT,2025-01-06 04:05:00+00:00,296.7443734868144,299.60225083104586,294.27204373661135,294.9096645738054,294.9096645738054,13929847.0,sample,2026-09-24 19:05:19.368976+00:00
MSFT,2025-01-06 04:10:00+00:00,295.0505390994545,296.61990195712497,294.0089336889784,294.3961938940976,294.3961938940976,16623052.0,sample,2026-09-24 19:05:19.368976+00:00
MSFT,2025-01-06 04:15:00+00:00,294.14055684237263,295.516994765838,291.1340516900064,293.8572596871309,293.8572596871309,17298916.0,sample,2026-09-24 19:05:19.368976+00:00
MSFT,2025-01-06 04:20:00+00:00,293.43313272846564,297.8868140309737,292.2238412318839,295.67138874033407,295.67138874033407,9964216.0,sample,2026-09-24 19:05:19.368976+00:00
MSFT,2025-01-06 04:25:00+00:00,295.64481413531473,296.152878535226,291.9439890548415,294.4713117855426,294.4713117855426,8022437.0,sample,2026-09-24 19:05:19.368976+00:00
MSFT,2025-01-06 04:30:00+00:00,293.442560453689,296.5924544637993,292.79851137511025,295.17387782543426,295.17387782543426,17085726.0,sample,2026-09-24 19:05:19.368976+00:00
MSFT,2025-01-06 04:35:00+00:00,294.4767914994392,298.2778620763627,294.06226392883445,295.00170365377414,295.00170365377414,5993019.0,sample,2026-09-24 19:05:19.368976+00:00
MSFT,2025-01-06 04:40:00+00:00,295.1444846850594,295.677564578731,292.06012456226415,294.86154108688066,294.86154108688066,6942734.0,sample,2026-09-24 19:05:19.368976+00:00
MSFT,2025-01-06 04:45:00+00:00,294.9303337882002,298.3538772518577,291.0282235351704,293.0728130545614,293.0728130545614,10289741.0,sample,2026-09-24 19:05:19.368976+00:00
MSFT,2025-01-06 04:50:00+00:00,293.2545774037775,297.37535610848647,292.751049261948,296.7083768455801,296.7083768455801,9349779.0,sample,2026-09-24 19:05:19.368976+00:00
MSFT,2025-01-06 04:55:00+00:00,295.9789014149886,297.36273367096544,292.1016186887891,294.580677093584,294.580677093584,11236453.0,sample,2026-09-24 19:05:19.368976+00:00
MSFT,2025-01-06 05:00:00+00:00,294.50849686112826,295.6972001870577,293.0512940656608,293.94300523895413,293.94300523895413,15264797.0,sample,2026-09-24 19:05:19.368976+00:00
MSFT,2025-01-06 05:05:00+00:00,293.2012060388031,297.2836105715689,289.94474637048825,295.3305847627404,295.3305847627404,13292431.0,sample,2026-09-24 19:05:19.368976+00:00
MSFT,2025-01-06 05:10:00+00:00,295.09490376991033,297.0417647283524,292.74329288990907,294.9391802989021,294.9391802989021,6025211.0,sample,2026-09-24 19:05:19.368976+00:00
MSFT,2025-01-06 05:15:00+00:00,294.9981440925169,296.65401274096496,292.045696264994,295.25193854486275,295.25193854486275,8495665.0,sample,2026-09-24 19:05:19.368976+00:00
MSFT,2025-01-06 05:20:00+00:00,294.1572350370945,297.70827461969327,291.11148617468365,294.35019273618093,294.35019273618093,15473622.0,sample,2026-09-24 19:05:19.368976+00:00
MSFT,2025-01-06 05:25:00+00:00,294.07929910865965,297.84381023814166,290.875297885385,295.08626166343674,295.08626166343674,9528514.0,sample,2026-09-24 19:05:19.368976+00:00
MSFT,2025-01-06 05:30:00+00:00,294.5373786189776,298.199893659768,293.66175829397815,295.7358858139577,295.7358858139577,2550460.0,sample,2026-09-24 19:05:19.368976+00:00
MSFT,2025-01-06 05:35:00+00:00,295.6087701325165,298.2896562329082,294.13911675036087,296.40048026364025,296.40048026364025,13095490.0,sample,2026-09-24 19:05:19.368976+00:00
MSFT,2025-01-06 05:40:00+00:00,297.24515541214674,297.89661469082114,293.18404652876677,295.65867633416474,295.65867633416474,10005282.0,sample,2026-09-24 19:05:19.368976+00:00
MSFT,2025-01-06 05:45:00+00:00,295.30438893408615,297.0318978754719,294.40674061611264,294.9566673623616,294.9566673623616,10510650.0,sample,2026-09-24 19:05:19.368976+00:00
MSFT,2025-01-06 05:50:00+00:00,295.0627470593454,295.5842611745312,290.94786474859455,294.35899579202464,294.35899579202464,16269140.0,sample,2026-09-24 19:05:19.368976+00:00
MSFT,2025-01-06 05:55:00+00:00,294.8533282074183,296.13196424240004,290.3965582356902,291.14979835101985,291.14979835101985,4354037.0,sample,2026-09-24 19:05:19.368976+00:00
MSFT,2025-01-06 06:00:00+00:00,290.5120473198888,293.92389767879916,288.84505393972296,290.5219407109065,290.5219407109065,9278802.0,sample,2026-09-24 19:05:19.368976+00:00
MSFT,2025-01-06 06:05:00+00:00,290.1681270925979,295.76957399279274,289.0690090917136,292.2890340181582,292.2890340181582,12737520.0,sample,2026-09-24 19:05:19.368976+00:00
MSFT,2025-01-06 06:10:00+00:00,292.3605579376881,293.6053437258523,289.92706020836494,290.75697129808674,290.75697129808674,14863716.0,sample,2026-09-24 19:05:19.368976+00:00
MSFT,2025-01-06 06:15:00+00:00,290.5622377088771,293.66610076946444,289.5025096231021,291.7296408094451,291.7296408094451,10610054.0,sample,2026-09-24 19:05:19.368976+00:00
MSFT,2025-01-06 06:20:00+00:00,291.7434219114116,292.2648471320503,290.0975655404353,291.58521063031463,291.58521063031463,16754811.0,sample,2026-09-24 19:05:19.368976+00:00
MSFT,2025-01-06 06:25:00+00:00,291.64652048113925,292.31014623844885,290.14024970317143,291.30639165667304,291.30639165667304,7451417.0,sample,2026-09-24 19:05:19.368976+00:00
MSFT,2025-01-06 06:30:00+00:00,290.9855277887035,292.92775434863006,287.24898981978913,289.453030377056,289.453030377056,11286222.0,sample,2026-09-24 19:05:19.368976+00:00
MSFT,2025-01-06 06:35:00+00:00,288.52328801193636,291.48071926025165,285.6285147688435,290.80937378450136,290.80937378450136,8330758.0,sample,2026-09-24 19:05:19.368976+00:00
MSFT,2025-01-06 06:40:00+00:00,289.8209958108151,291.9503379753269,288.8691738264898,289.81642931007883,289.81642931007883,11423443.0,sample,2026-09-24 19:05:19.368976+00:00
MSFT,2025-01-06 06:45:00+00:00,289.2939297833848,290.48012476697085,286.7176411787824,289.88233112082474,289.88233112082474,16957124.0,sample,2026-09-24 19:05:19.368976+00:00
MSFT,2025-01-06 06:50:00+00:00,290.0428914894095,292.3654557640117,289.01606198996365,290.56068010932927,290.56068010932927,15959679.0,sample,2026-09-24 19:05:19.368976+00:00
MSFT,2025-01-06 06:55:00+00:00,291.0608476218278,292.51918571873216,289.1207342223666,291.8327203212252,291.8327203212252,6221156.0,sample,2026-09-24 19:05:19.368976+00:00
MSFT,2025-01-06 07:00:00+00:00,291.51392446256585,293.4184688771052,289.2769909376125,292.1115972155308,292.1115972155308,14254450.0,sample,2026-09-24 19:05:19.368976+00:00
MSFT,2025-01-06 07:05:00+00:00,291.3773664898925,293.5153472179247,288.6289877819583,292.2126668794541,292.2126668794541,12128677.0,sample,2026-09-24 19:05:19.368976+00:00
MSFT,2025-01-06 07:10:00+00:00,291.44214465154744,294.49626018618306,290.45781768021675,291.9258893729842,291.9258893729842,15719999.0,sample,2026-09-24 19:05:19.368976+00:00
MSFT,2025-01-06 07:15:00+00:00,291.7156619661541,296.90838725031415,289.871376141311,293.41188455998605,293.41188455998605,6233644.0,sample,2026-09-24 19:05:19.368976+00:00
MSFT,2025-01-06 07:20:00+00:00,292.75924555247747,295.53804297414354,288.4392941880573,291.73502162675123,291.73502162675123,6025098.0,sample,2026-09-24 19:05:19.368976+00:00
MSFT,2025-01-06 07:25:00+00:00,291.3840635745084,293.92732942327297,288.1144409548585,291.3551621508753,291.3551621508753,5469891.0,sample,2026-09-24 19:05:19.368976+00:00
MSFT,2025-01-06 07:30:00+00:00,291.2207840823418,293.4173465714462,288.3505186756882,290.8842128815765,290.8842128815765,10279483.0,sample,2026-09-24 19:05:19.368976+00:00
MSFT,2025-01-06 07:35:00+00:00,291.5334542449964,294.0944861246349,289.8213540986906,291.2340798677629,291.2340798677629,2012292.0,sample,2026-09-24 19:05:19.368976+00:00
MSFT,2025-01-06 07:40:00+00:00,291.7446256720961,295.0113472648059,288.5580102826963,291.4342891720311,291.4342891720311,17897706.0,sample,2026-09-24 19:05:19.368976+00:00
MSFT,2025-01-06 07:45:00+00:00,290.332248483727,292.3613750972417,289.5404103321163,291.99519872706685,291.99519872706685,15980048.0,sample,2026-09-24 19:05:19.368976+00:00
MSFT,2025-01-06 07:50:00+00:00,291.82942848253947,292.58711142487954,290.0561457988895,291.0526377984362,291.0526377984362,9595227.0,sample,2026-09-24 19:05:19.368976+00:00
MSFT,2025-01-06 07:55:00+00:00,290.16250247538454,291.3269627297751,288.0933787251305,290.3968069144174,290.3968069144174,16235655.0,sample,2026-09-24 19:05:19.368976+00:00
MSFT,2025-01-06 08:00:00+00:00,290.81888696882237,293.9509784984807,290.0516175457869,291.3224296696414,291.3224296696414,17036127.0,sample,2026-09-24 19:05:19.368976+00:00
MSFT,2025-01-06 08:05:00+00:00,291.65027036105306,295.9311158367481,289.7545597759485,293.49817883092567,293.49817883092567,7276596.0,sample,2026-09-24 19:05:19.368976+00:00
MSFT,2025-01-06 08:10:00+00:00,292.40838120615143,295.5675728609035,290.5119143820341,293.26592954957033,293.26592954957033,2090642.0,sample,2026-09-24 19:05:19.368976+00:00
MSFT,2025-01-06 08:15:00+00:00,293.5492178527803,294.50064923313823,289.3250921141273,292.46042365714834,292.46042365714834,5228619.0,sample,2026-09-24 19:05:19.368976+00:00
MSFT,2025-01-06 08:20:00+00:00,292.4950412862323,295.7228031792073,291.08547110398086,293.2975896129168,293.2975896129168,16812856.0,sample,2026-09-24 19:05:19.368976+00:00
MSFT,2025-01-06 08:25:00+00:00,293.5802402726976,297.0710958933386,291.86603392195406,293.319120733587,293.319120733587,2167260.0,sample,2026-09-24 19:05:19.368976+00:00
MSFT,2025-01-06 08:30:00+00:00,294.3717070764584,295.9613078557343,290.2750070741796,291.3468345604838,291.3468345604838,10208077.0,sample,2026-09-24 19:05:19.368976+00:00
MSFT,2025-01-06 08:35:00+00:00,291.7433062505784,294.87751338100816,289.6855026373634,292.7955640885483,292.7955640885483,3411249.0,sample,2026-09-24 19:05:19.368976+00:00
MSFT,2025-01-06 08:40:00+00:00,292.9766414904112,293.7401380782791,291.1866230610596,292.57579207327285,292.57579207327285,5302946.0,sample,2026-09-24 19:05:19.368976+00:00
MSFT,2025-01-06 08:45:00+00:00,292.03146697384534,294.94497825265177,290.0656389536697,293.4793379554161,293.4793379554161,6927567.0,sample,2026-09-24 19:05:19.368976+00:00
MSFT,2025-01-06 08:50:00+00:00,293.1811631079758,295.4739834922071,290.58984136969906,292.60006287605563,292.60006287605563,9765399.0,sample,2026-09-24 19:05:19.368976+00:00
MSFT,2025-01-06 08:55:00+00:00,292.61312240630605,293.0906782789234,288.4717559683038,290.6629183668885,290.6629183668885,17704384.0,sample,2026-09-24 19:05:19.368976+00:00
MSFT,2025-01-06 09:00:00+00:00,291.227011288438,294.3378270590758,289.63428249590606,290.7926240922303,290.7926240922303,11899923.0,sample,2026-09-24 19:05:19.368976+00:00
MSFT,2025-01-06 09:05:00+00:00,290.18350476959205,291.8295590969333,289.1282945505294,291.03565200704594,291.03565200704594,11021051.0,sample,2026-09-24 19:05:19.368976+00:00
MSFT,2025-01-06 09:10:00+00:00,289.96094249259073,293.3960019487848,288.0143627041826,291.6579211450186,291.6579211450186,9585452.0,sample,2026-09-24 19:05:19.368976+00:00
MSFT,2025-01-06 09:15:00+00:00,292.35025152166963,295.5674313144766,288.68043527324784,292.1389916771093,292.1389916771093,7365017.0,sample,2026-09-24 19:05:19.368976+00:00
MSFT,2025-01-06 09:20:00+00:00,292.81730004783986,295.3910493201902,290.2535679563333,294.27040099557814,294.27040099557814,7756216.0,sample,2026-09-24 19:05:19.368976+00:00
MSFT,2025-01-06 09:25:00+00:00,293.63179413921335,298.888586608548,290.5864355392303,295.5794176017185,295.5794176017185,4872715.0,sample,2026-09-24 19:05:19.368976+00:00
MSFT,2025-01-06 09:30:00+00:00,296.66617170986274,298.8609342667869,295.0020841400256,296.19163233574136,296.19163233574136,12638830.0,sample,2026-09-24 19:05:19.368976+00:00
MSFT,2025-01-06 09:35:00+00:00,296.370764481435,299.17806885819226,294.9393770709041,295.763252467724,295.763252467724,5677475.0,sample,2026-09-24 19:05:19.368976+00:00
MSFT,2025-01-06 09:40:00+00:00,296.1067430830953,297.7049166776527,293.376933523624,294.3904927350587,294.3904927350587,2417985.0,sample,2026-09-24 19:05:19.368976+00:00
MSFT,2025-01-06 09:45:00+00:00,293.7970939285102,298.12621381057073,292.60961681819373,295.1355386908794,295.1355386908794,5992005.0,sample,2026-09-24 19:05:19.368976+00:00
MSFT,2025-01-06 09:50:00+00:00,295.7597006899366,298.2676530277973,294.07479212628886,295.1261280895898,295.1261280895898,10949986.0,sample,2026-09-24 19:05:19.368976+00:00
MSFT,2025-01-06 09:55:00+00:00,294.71932169992374,297.98156319781424,292.0445742932152,295.409170821507,295.409170821507,14270975.0,sample,2026-09-24 19:05:19.368976+00:00
MSFT,2025-01-06 10:00:00+00:00,294.5872661462978,295.3232981892871,293.46401451052066,294.7901518072237,294.7901518072237,10673047.0,sample,2026-09-24 19:05:19.368976+00:00
MSFT,2025-01-06 10:05:00+00:00,294.55659464950986,296.24184448786866,292.39812606921134,295.0249853203774,295.0249853203774,3101841.0,sample,2026-09-24 19:05:19.368976+00:00
