symbol,timestamp,open,high,low,close,adj_close,volume,source,ingestion_time
MSFT,2021-01-04 00:00:00+00:00,275.5584352451521,276.5743475471116,273.38279946119604,275.93697801059983,275.93697801059983,3948521.0,sample,2026-09-24 19:05:19.366983+00:00
MSFT,2021-01-05 00:00:00+00:00,275.8571314423984,278.96100383783477,274.7268089346945,277.21339862130833,277.21339862130833,12676576.0,sample,2026-09-24 19:05:19.366983+00:00
MSFT,2021-01-06 00:00:00+00:00,277.21212202301143,279.12194045742416,274.3925591914441,276.96420727534064,276.96420727534064,9479487.0,sample,2026-09-24 19:05:19.366983+00:00
MSFT,2021-01-07 00:00:00+00:00,276.4802148959351,278.62825916005323,274.912315328739,276.56330211961654,276.56330211961654,15262249.0,sample,2026-09-24 19:05:19.366983+00:00
MSFT,2021-01-08 00:00:00+00:00,276.2935153753126,281.0863227213824,273.8189338713076,278.2477417495482,278.2477417495482,4459789.0,sample,2026-09-24 19:05:19.366983+00:00
MSFT,2021-01-11 00:00:00+00:00,278.5095656199487,283.3409432774391,278.23009861381564,281.67363026455786,281.67363026455786,7994606.0,sample,2026-09-24 19:05:19.366983+00:00
MSFT,2021-01-12 00:00:00+00:00,281.9097185471413,285.23898104624357,279.0266668325292,282.70668682000974,282.70668682000974,11535943.0,sample,2026-09-24 19:05:19.366983+00:00
MSFT,2021-01-13 00:00:00+00:00,282.11142898774256,285.46281621111405,279.6565926526037,283.68670492010324,283.68670492010324,3707985.0,sample,2026-09-24 19:05:19.366983+00:00
MSFT,2021-01-14 00:00:00+00:00,282.4623789672466,284.89823231691855,276.5592063384225,278.00765912477203,278.00765912477203,4426284.0,sample,2026-09-24 19:05:19.366983+00:00
MSFT,2021-01-15 00:00:00+00:00,278.0078796749428,284.1714362104118,274.84597623035177,280.9856759387816,280.9856759387816,2388755.0,sample,2026-09-24 19:05:19.366983+00:00
MSFT,2021-01-18 00:00:00+00:00,280.4331873224888,281.6812498767045,277.3495067696917,279.4139763081965,279.4139763081965,4162560.0,sample,2026-09-24 19:05:19.366983+00:00
MSFT,2021-01-19 00:00:00+00:00,279.8910177216422,287.83971903217014,277.6534295931348,284.50873334292703,284.50873334292703,17791730.0,sample,2026-09-24 19:05:19.366983+00:00
MSFT,2021-01-20 00:00:00+00:00,285.01247673941435,291.8792127069503,284.245961348607,291.38670279486,291.38670279486,17349455.0,sample,2026-09-24 19:05:19.366983+00:00
MSFT,2021-01-21 00:00:00+00:00,291.95190689702304,294.75621286446847,282.6972350066745,283.0189749100805,283.0189749100805,1731713.0,sample,2026-09-24 19:05:19.366983+00:00
MSFT,2021-01-22 00:00:00+00:00,282.96863173088184,290.53226453611865,279.8583661842305,289.9475199632392,289.9475199632392,8723267.0,sample,2026-09-24 19:05:19.366983+00:00
MSFT,2021-01-25 00:00:00+00:00,289.55919777918746,292.2322373224791,286.05623429741553,286.4867530905638,286.4867530905638,7876204.0,sample,2026-09-24 19:05:19.366983+00:00
MSFT,2021-01-26 00:00:00+00:00,285.07088243392315,286.44538877179195,279.91229100700616,281.25609458252984,281.25609458252984,6304767.0,sample,2026-09-24 19:05:19.366983+00:00
MSFT,2021-01-27 00:00:00+00:00,281.80018215500536,283.50126413131846,277.1283830171354,280.152104013104,280.152104013104,4002857.0,sample,2026-09-24 19:05:19.366983+00:00
MSFT,2021-01-28 00:00:00+00:00,280.68277355420133,282.4961543044896,280.09711347441385,281.7352949516367,281.7352949516367,14548504.0,sample,2026-09-24 19:05:19.366983+00:00
MSFT,2021-01-29 00:00:00+00:00,282.447957221204,288.3070533247692,282.0878015548257,286.9701919873325,286.9701919873325,5617104.0,sample,2026-09-24 19:05:19.366983+00:00
MSFT,2021-02-01 00:00:00+00:00,287.3631997903069,302.38408197935485,285.34454558463096,302.0014048795889,302.0014048795889,3371197.0,sample,2026-09-24 19:05:19.366983+00:00
MSFT,2021-02-02 00:00:00+00:00,302.5465985254123,303.60127143653995,291.8832350686847,294.22368265082014,294.22368265082014,3787936.0,sample,2026-09-24 19:05:19.366983+00:00
MSFT,2021-02-03 00:00:00+00:00,293.86569778607134,297.0438014759499,289.1244828507407,292.36236922291084,292.36236922291084,10258375.0,sample,2026-09-24 19:05:19.366983+00:00
MSFT,2021-02-04 00:00:00+00:00,292.810277487725,297.3370886803438,291.76295245560726,294.4224950778193,294.4224950778193,14899565.0,sample,2026-09-24 19:05:19.366983+00:00
MSFT,2021-02-05 00:00:00+00:00,294.98299035697295,295.58706363270016,289.60165406684007,291.68811080950456,291.68811080950456,12969350.0,sample,2026-09-24 19:05:19.366983+00:00
MSFT,2021-02-08 00:00:00+00:00,292.3157895270119,294.2294081824063,281.73344684982675,282.86966498280424,282.86966498280424,9987160.0,sample,2026-09-24 19:05:19.366983+00:00
MSFT,2021-02-09 00:00:00+00:00,282.46205227970165,283.3484531834798,278.75758177660066,281.78292325025484,281.78292325025484,5652033.0,sample,2026-09-24 19:05:19.366983+00:00
MSFT,2021-02-10 00:00:00+00:00,282.6427738240436,283.70586683252355,281.3535458429935,281.7164497723622,281.7164497723622,15633615.0,sample,2026-09-24 19:05:19.366983+00:00
MSFT,2021-02-11 00:00:00+00:00,282.2316087124743,284.6986453643324,279.98159260126863,283.78610582146683,283.78610582146683,10797193.0,sample,2026-09-24 19:05:19.366983+00:00
MSFT,2021-02-12 00:00:00+00:00,283.455624874805,286.22072122026304,280.5285807310522,281.8618519135835,281.8618519135835,8099416.0,sample,2026-09-24 19:05:19.366983+00:00
MSFT,2021-02-15 00:00:00+00:00,282.3009272778302,291.4460719584083,281.48391235761653,288.86759566264305,288.86759566264305,5013013.0,sample,2026-09-24 19:05:19.366983+00:00
MSFT,2021-02-16 00:00:00+00:00,289.3628008947884,293.2005394173073,286.02413322157247,290.0793429266918,290.0793429266918,7764746.0,sample,2026-09-24 19:05:19.366983+00:00
MSFT,2021-02-17 00:00:00+00:00,290.07092657506695,295.81282024015866,287.2866515511848,294.330645729665,294.330645729665,7444257.0,sample,2026-09-24 19:05:19.366983+00:00
MSFT,2021-02-18 00:00:00+00:00,295.23666929923263,296.6290714762705,286.6934441687866,288.9976472138079,288.9976472138079,1958637.0,sample,2026-09-24 19:05:19.366983+00:00
MSFT,2021-02-19 00:00:00+00:00,290.02599525172786,293.44877017842816,274.90902809196507,276.09438141283414,276.09438141283414,5541873.0,sample,2026-09-24 19:05:19.366983+00:00
MSFT,2021-02-22 00:00:00+00:00,275.88245769587365,281.22642352556113,274.5764399253489,280.07097701283783,280.07097701283783,16149203.0,sample,2026-09-24 19:05:19.366983+00:00
MSFT,2021-02-23 00:00:00+00:00,280.296390786498,283.9841083348339,278.7987932200917,281.97192583001146,281.97192583001146,14874325.0,sample,2026-09-24 19:05:19.366983+00:00
MSFT,2021-02-24 00:00:00+00:00,282.836438449147,288.73283845373106,281.86001113125707,285.616716899254,285.616716899254,3391143.0,sample,2026-09-24 19:05:19.366983+00:00
MSFT,2021-02-25 00:00:00+00:00,285.7191673816485,286.79070706543024,285.2820990000177,286.48010530690004,286.48010530690004,17947293.0,sample,2026-09-24 19:05:19.366983+00:00
MSFT,2021-02-26 00:00:00+00:00,286.31339717625593,288.74942035925136,282.208583545483,284.99939599773654,284.99939599773654,17918030.0,sample,2026-09-24 19:05:19.366983+00:00
MSFT,2021-03-01 00:00:00+00:00,284.75888797852065,287.4998360241304,283.5000567333081,283.8629883902942,283.8629883902942,15883064.0,sample,2026-09-24 19:05:19.366983+00:00
MSFT,2021-03-02 00:00:00+00:00,284.4570040368691,292.1298989177067,282.8538266240177,289.23861159848985,289.23861159848985,10559348.0,sample,2026-09-24 19:05:19.366983+00:00
MSFT,2021-03-03 00:00:00+00:00,289.62068485180407,290.891829124728,284.96235548918884,285.49087750293023,285.49087750293023,8804414.0,sample,2026-09-24 19:05:19.366983+00:00
MSFT,2021-03-04 00:00:00+00:00,285.570404006072,285.8894177963623,281.02598261818633,284.17798425014155,284.17798425014155,11781588.0,sample,2026-09-24 19:05:19.366983+00:00
MSFT,2021-03-05 00:00:00+00:00,284.11937944299217,286.18148116750643,282.50921198502317,284.1648241429913,284.1648241429913,15300873.0,sample,2026-09-24 19:05:19.366983+00:00
MSFT,2021-03-08 00:00:00+00:00,283.7259528690438,289.39962408886737,283.18378652285185,286.00426915876307,286.00426915876307,3569006.0,sample,2026-09-24 19:05:19.366983+00:00
MSFT,2021-03-09 00:00:00+00:00,286.4527065339059,300.65868504008847,285.21710578955026,297.72290839998186,297.72290839998186,5913567.0,sample,2026-09-24 19:05:19.366983+00:00
MSFT,2021-03-10 00:00:00+00:00,297.4496235457018,297.91843319605886,293.52390345558615,295.06945451291966,295.06945451291966,11477772.0,sample,2026-09-24 19:05:19.366983+00:00
MSFT,2021-03-11 00:00:00+00:00,293.8539567756793,309.2633490205746,292.97917233652424,308.9428791218953,308.9428791218953,13619460.0,sample,2026-09-24 19:05:19.366983+00:00
MSFT,2021-03-12 00:00:00+00:00,309.300064138051,312.78475168896716,306.68598131932856,309.99824185421886,309.99824185421886,15621154.0,sample,2026-09-24 19:05:19.366983+00:00
MSFT,2021-03-15 00:00:00+00:00,309.98846415084273,312.46687309074287,306.42225852840545,310.2791077467173,310.2791077467173,16875689.0,sample,2026-09-24 19:05:19.366983+00:00
MSFT,2021-03-16 00:00:00+00:00,310.5289234907627,313.3056398294993,304.68677885911217,308.0147411000789,308.0147411000789,13746842.0,sample,2026-09-24 19:05:19.366983+00:00
MSFT,2021-03-17 00:00:00+00:00,308.55447278195874,317.00520726185755,305.12073567209933,313.32048511836064,313.32048511836064,15459411.0,sample,2026-09-24 19:05:19.366983+00:00
MSFT,2021-03-18 00:00:00+00:00,314.35392280457967,326.9217620028747,311.5627278076787,323.136368559033,323.136368559033,1809587.0,sample,2026-09-24 19:05:19.366983+00:00
MSFT,2021-03-19 00:00:00+00:00,322.0394064816889,325.8813505239761,315.4687452815939,318.193251040608,318.193251040608,3186244.0,sample,2026-09-24 19:05:19.366983+00:00
MSFT,2021-03-22 00:00:00+00:00,318.11908866874955,320.98757509998217,315.3698367017711,317.80575181745013,317.80575181745013,15348088.0,sample,2026-09-24 19:05:19.366983+00:00
MSFT,2021-03-23 00:00:00+00:00,317.80988389840564,321.5312638342961,313.90358066498027,316.57618374671,316.57618374671,5636539.0,sample,2026-09-24 19:05:19.366983+00:00
MSFT,2021-03-24 00:00:00+00:00,317.3039522189379,318.85519368524933,311.57098098003013,313.68000966939076,313.68000966939076,11302446.0,sample,2026-09-24 19:05:19.366983+00:00
MSFT,2021-03-25 00:00:00+00:00,313.9934793362575,314.8054908254122,307.67322067102344,308.32996864926264,308.32996864926264,4278983.0,sample,2026-09-24 19:05:19.366983+00:00
MSFT,2021-03-26 00:00:00+00:00,308.8287115343409,313.1102309395511,306.4679256510465,310.97125840013484,310.97125840013484,2229682.0,sample,2026-09-24 19:05:19.366983+00:00
MSFT,2021-03-29 00:00:00+00:00,310.7569017277861,316.160426658001,309.37021568199526,315.4446882875829,315.4446882875829,13979643.0,sample,2026-09-24 19:05:19.366983+00:00
MSFT,2021-03-30 00:00:00+00:00,314.8619467710059,319.383327154575,311.4953768881742,317.39976355613123,317.39976355613123,9849192.0,sample,2026-09-24 19:05:19.366983+00:00
MSFT,2021-03-31 00:00:00+00:00,317.8876055171443,321.4516112518325,312.19166584221904,314.76071820330526,314.76071820330526,11086886.0,sample,2026-09-24 19:05:19.366983+00:00
MSFT,2021-04-01 00:00:00+00:00,314.8672558372557,319.06332275144774,311.3109767890013,316.3385955727282,316.3385955727282,3911764.0,sample,2026-09-24 19:05:19.366983+00:00
MSFT,2021-04-02 00:00:00+00:00,316.93232423661186,325.2492556600663,315.3791936508526,322.23902121147916,322.23902121147916,17749815.0,sample,2026-09-24 19:05:19.366983+00:00
MSFT,2021-04-05 00:00:00+00:00,323.78214114953204,326.2335637553067,320.85962406613874,325.1966145251896,325.1966145251896,1565252.0,sample,2026-09-24 19:05:19.366983+00:00
MSFT,2021-04-06 00:00:00+00:00,324.9317053729762,335.1803207552034,324.2262536993002,331.3755356177398,331.3755356177398,2219258.0,sample,2026-09-24 19:05:19.366983+00:00
MSFT,2021-04-07 00:00:00+00:00,331.2491687287618,332.39187551192595,326.8035107103456,330.6059964344774,330.6059964344774,7103114.0,sample,2026-09-24 19:05:19.366983+00:00
MSFT,2021-04-08 00:00:00+00:00,331.7137684394252,337.84472463077293,330.9491480853522,335.86033286951283,335.86033286951283,5185420.0,sample,2026-09-24 19:05:19.366983+00:00
MSFT,2021-04-09 00:00:00+00:00,334.831760521178,343.95653587816156,333.9084532830214,340.27304727970863,340.27304727970863,12218159.0,sample,2026-09-24 19:05:19.366983+00:00
MSFT,2021-04-12 00:00:00+00:00,338.96558383572324,342.38442389663135,334.3996328804178,337.13223543228935,337.13223543228935,1880834.0,sample,2026-09-24 19:05:19.366983+00:00
MSFT,2021-04-13 00:00:00+00:00,337.78124707972034,338.84652623491013,333.1293252001317,336.7025431304947,336.7025431304947,9453485.0,sample,2026-09-24 19:05:19.366983+00:00
MSFT,2021-04-14 00:00:00+00:00,336.38395010004746,338.316882818251,329.6545433877911,332.9884074618659,332.9884074618659,3677593.0,sample,2026-09-24 19:05:19.366983+00:00
MSFT,2021-04-15 00:00:00+00:00,332.95566277225294,335.6015995825997,330.8124109393247,334.2279129718696,334.2279129718696,16334515.0,sample,2026-09-24 19:05:19.366983+00:00
MSFT,2021-04-16 00:00:00+00:00,334.1384280012521,337.3910601477093,330.48660707024254,333.6659425782505,333.6659425782505,6272253.0,sample,2026-09-24 19:05:19.366983+00:00
MSFT,2021-04-19 00:00:00+00:00,333.5568502786382,335.70478064502936,332.13616706296114,334.42055358173246,334.42055358173246,4906035.0,sample,2026-09-24 19:05:19.366983+00:00
MSFT,2021-04-20 00:00:00+00:00,334.26693347293957,336.3201026349821,333.85710167268695,334.6464327060593,334.6464327060593,3496340.0,sample,2026-09-24 19:05:19.366983+00:00
MSFT,2021-04-21 00:00:00+00:00,335.45449092923434,337.9721069312654,329.23207824219423,331.54584112350307,331.54584112350307,6187686.0,sample,2026-09-24 19:05:19.366983+00:00
MSFT,2021-04-22 00:00:00+00:00,331.93795205806725,336.85138638241773,330.58057753698307,334.8960126405044,334.8960126405044,13767366.0,sample,2026-09-24 19:05:19.366983+00:00
MSFT,2021-04-23 00:00:00+00:00,333.29649199017075,335.4638930647514,324.88465019531884,328.564338934818,328.564338934818,10546193.0,sample,2026-09-24 19:05:19.366983+00:00
MSFT,2021-04-26 00:00:00+00:00,329.0861943746455,331.72897595008,325.285016227186,328.87544342863185,328.87544342863185,3155703.0,sample,2026-09-24 19:05:19.366983+00:00
MSFT,2021-04-27 00:00:00+00:00,328.17437140927234,328.51374413298424,313.412321903462,315.8497011312546,315.8497011312546,7338088.0,sample,2026-09-24 19:05:19.366983+00:00
MSFT,2021-04-28 00:00:00+00:00,315.9828310288783,316.625302425512,309.509224995676,310.39612007381487,310.39612007381487,4174440.0,sample,2026-09-24 19:05:19.366983+00:00
MSFT,2021-04-29 00:00:00+00:00,311.10357149976426,315.40466588218175,309.0382632619325,314.5632082002477,314.5632082002477,3553579.0,sample,2026-09-24 19:05:19.366983+00:00
MSFT,2021-04-30 00:00:00+00:00,315.1268856803616,317.8494405485353,312.46336001238245,313.4052302354855,313.4052302354855,14907840.0,sample,2026-09-24 19:05:19.366983+00:00
MSFT,2021-05-03 00:00:00+00:00,312.92290510060735,316.28854269757124,310.5407467116727,315.183994471774,315.183994471774,3879312.0,sample,2026-09-24 19:05:19.366983+00:00
MSFT,2021-05-04 00:00:00+00:00,315.3188321957883,316.5118169147911,309.65306990135656,310.0493523315989,310.0493523315989,15215623.0,sample,2026-09-24 19:05:19.366983+00:00
MSFT,2021-05-05 00:00:00+00:00,308.4598884779901,311.48240173916764,298.5001704481049,301.8842401663793,301.8842401663793,8882258.0,sample,2026-09-24 19:05:19.366983+00:00
MSFT,2021-05-06 00:00:00+00:00,300.76856355853886,303.6207500079938,294.6088116842469,296.24405344810066,296.24405344810066,4354309.0,sample,2026-09-24 19:05:19.366983+00:00
MSFT,2021-05-07 00:00:00+00:00,295.70362753488314,297.63655586159365,292.79192772408646,296.3198338057749,296.3198338057749,3451665.0,sample,2026-09-24 19:05:19.366983+00:00
MSFT,2021-05-10 00:00:00+00:00,296.9658613956231,298.2905762009593,292.6362036041692,294.2590751783162,294.2590751783162,7576798.0,sample,2026-09-24 19:05:19.366983+00:00
MSFT,2021-05-11 00:00:00+00:00,294.40455342703586,304.5239055208642,294.0758456770415,303.7669906688511,303.7669906688511,11757009.0,sample,2026-09-24 19:05:19.366983+00:00
MSFT,2021-05-12 00:00:00+00:00,303.569058386673,317.4370648398257,301.47612612239806,314.3344886892669,314.3344886892669,11780440.0,sample,2026-09-24 19:05:19.366983+00:00
MSFT,2021-05-13 00:00:00+00:00,314.5829614029071,322.61063867744576,311.41763100787495,319.3491357370739,319.3491357370739,5816903.0,sample,2026-09-24 19:05:19.366983+00:00
MSFT,2021-05-14 00:00:00+00:00,319.06056977531284,321.7638066395678,314.3374270889267,314.7886373185135,314.7886373185135,2509605.0,sample,2026-09-24 19:05:19.366983+00:00
MSFT,2021-05-17 00:00:00+00:00,314.8852720036256,318.8926014456902,311.63366194554453,315.6385578154392,315.6385578154392,13942159.0,sample,2026-09-24 19:05:19.366983+00:00
MSFT,2021-05-18 00:00:00+00:00,314.5649248562382,318.06915955069127,312.22487138454966,313.17035174795427,313.17035174795427,13176501.0,sample,2026-09-24 19:05:19.366983+00:00
MSFT,2021-05-19 00:00:00+00:00,313.0797489664927,315.8149598125418,307.3290028612773,310.28240128439046,310.28240128439046,16490002.0,sample,2026-09-24 19:05:19.366983+00:00
MSFT,2021-05-20 00:00:00+00:00,310.08945188677524,311.06491195948627,307.7678362301616,308.58410368438655,308.58410368438655,4330613.0,sample,2026-09-24 19:05:19.366983+00:00
MSFT,2021-05-21 00:00:00+00:00,308.9948580417491,311.87475264702044,307.06931461867725,308.8026207787735,308.8026207787735,2007447.0,sample,2026-09-24 19:05:19.366983+00:00
MSFT,2021-05-24 00:00:00+00:00,308.04783009049555,309.50961827829383,304.36374873363707,307.3909938879151,307.3909938879151,9888305.0,sample,2026-09-24 19:05:19.366983+00:00
MSFT,2021-05-25 00:00:00+00:00,306.6511208226335,308.4064882487075,304.62419197313704,307.18861204527474,307.18861204527474,17237410.0,sample,2026-09-24 19:05:19.366983+00:00
MSFT,2021-05-26 00:00:00+00:00,306.66730670065397,308.5523895800533,295.0767357443534,297.3120395716962,297.3120395716962,12472095.0,sample,2026-09-24 19:05:19.366983+00:00
MSFT,2021-05-27 00:00:00+00:00,296.9508540863986,297.6087003622813,292.7728574437421,294.498571396217,294.498571396217,6035980.0,sample,2026-09-24 19:05:19.366983+00:00
MSFT,2021-05-28 00:00:00+00:00,295.0738215454727,300.782279464499,291.9021199984981,298.1326428657892,298.1326428657892,1759449.0,sample,2026-09-24 19:05:19.366983+00:00
MSFT,2021-05-31 00:00:00+00:00,298.0763087999679,302.9908749022009,295.9226005082829,301.11988652233333,301.11988652233333,17535782.0,sample,2026-09-24 19:05:19.366983+00:00
MSFT,2021-06-01 00:00:00+00:00,301.0327987914833,303.38263425335697,291.8770393668143,294.2338845872597,294.2338845872597,14559694.0,sample,2026-09-24 19:05:19.366983+00:00
MSFT,2021-06-02 00:00:00+00:00,293.9606015429795,296.99987364442075,291.75987412455623,295.6166931501075,295.6166931501075,2260336.0,sample,2026-09-24 19:05:19.366983+00:00
MSFT,2021-06-03 00:00:00+00:00,296.6111438272023,297.7892625961598,293.78753297964005,295.90235534698184,295.90235534698184,11738090.0,sample,2026-09-24 19:05:19.366983+00:00
MSFT,2021-06-04 00:00:00+00:00,295.82175794160986,296.7100660752074,288.06901327165565,289.352325449946,289.352325449946,8966474.0,sample,2026-09-24 19:05:19.366983+00:00
MSFT,2021-06-07 00:00:00+00:00,289.56209790957143,291.106273601285,286.60655587995075,290.02995570557596,290.02995570557596,16609062.0,sample,2026-09-24 19:05:19.366983+00:00
MSFT,2021-06-08 00:00:00+00:00,290.15514820203947,295.703693831278,287.59181729366395,292.4204243997154,292.4204243997154,4845991.0,sample,2026-09-24 19:05:19.366983+00:00
MSFT,2021-06-09 00:00:00+00:00,293.17737408406526,294.9272320825897,289.325396165439,292.2119560531425,292.2119560531425,15575587.0,sample,2026-09-24 19:05:19.366983+00:00
MSFT,2021-06-10 00:00:00+00:00,293.1208897840016,303.1692434627154,290.47377716393515,301.43530584770247,301.43530584770247,4845708.0,sample,2026-09-24 19:05:19.366983+00:00
MSFT,2021-06-11 00:00:00+00:00,301.319052548315,301.885549368359,295.75180548354797,298.2643136738603,298.2643136738603,3302078.0,sample,2026-09-24 19:05:19.366983+00:00
MSFT,2021-06-14 00:00:00+00:00,298.70431525156704,302.0523755579378,296.3067745310009,299.49771292539003,299.49771292539003,9112741.0,sample,2026-09-24 19:05:19.366983+00:00
MSFT,2021-06-15 00:00:00+00:00,299.3967338981619,303.3760959098757,297.63544587816773,302.0058909774741,302.0058909774741,15508018.0,sample,2026-09-24 19:05:19.366983+00:00
MSFT,2021-06-16 00:00:00+00:00,301.78344637982053,306.66714156857415,300.50601108360996,304.55673609899577,304.55673609899577,9047217.0,sample,2026-09-24 19:05:19.366983+00:00
MSFT,2021-06-17 00:00:00+00:00,304.9046456899602,308.40886747870644,300.37063086304,301.9806038770871,301.9806038770871,13001123.0,sample,2026-09-24 19:05:19.366983+00:00
MSFT,2021-06-18 00:00:00+00:00,302.6979550541686,306.8512877830982,301.1419332648733,304.7293907394997,304.7293907394997,1812337.0,sample,2026-09-24 19:05:19.366983+00:00
MSFT,2021-06-21 00:00:00+00:00,304.6044810197652,309.4542940299201,304.26454901935983,306.42148993005276,306.42148993005276,4404830.0,sample,2026-09-24 19:05:19.366983+00:00
MSFT,2021-06-22 00:00:00+00:00,306.33326538105825,322.6993719477137,305.2002731406683,319.46263329857624,319.46263329857624,5934536.0,sample,2026-09-24 19:05:19.366983+00:00
MSFT,2021-06-23 00:00:00+00:00,319.2861640577158,327.97404553042986,317.8621293381431,327.12422478099853,327.12422478099853,16551715.0,sample,2026-09-24 19:05:19.366983+00:00
MSFT,2021-06-24 00:00:00+00:00,327.23568204527265,330.55122649225376,324.8315328370828,327.0237055701609,327.0237055701609,15390303.0,sample,2026-09-24 19:05:19.366983+00:00
MSFT,2021-06-25 00:00:00+00:00,326.2607906488117,337.40167501136847,324.183459554914,335.1349646443416,335.1349646443416,7934430.0,sample,2026-09-24 19:05:19.366983+00:00
MSFT,2021-06-28 00:00:00+00:00,335.3284621442208,339.0245865357077,325.67779937182235,329.5527685723517,329.5527685723517,11794378.0,sample,2026-09-24 19:05:19.366983+00:00
MSFT,2021-06-29 00:00:00+00:00,329.9807883161722,333.99128733257504,327.5358273447426,331.13459574867,331.13459574867,11902460.0,sample,2026-09-24 19:05:19.366983+00:00
MSFT,2021-06-30 00:00:00+00:00,330.98591475826925,344.3131700931138,327.6335497021321,340.8956423554891,340.8956423554891,17837309.0,sample,2026-09-24 19:05:19.366983+00:00
MSFT,2021-07-01 00:00:00+00:00,340.89594543168926,342.5243384744816,327.595700869613,329.7557209770021,329.7557209770021,4421065.0,sample,2026-09-24 19:05:19.366983+00:00
MSFT,2021-07-02 00:00:00+00:00,330.76667137499874,337.36547250658475,327.5219789082532,336.13614689765393,336.13614689765393,17291791.0,sample,2026-09-24 19:05:19.366983+00:00
MSFT,2021-07-05 00:00:00+00:00,336.1586313613662,341.1415306315336,332.95792153451777,339.32647472711744,339.32647472711744,9539182.0,sample,2026-09-24 19:05:19.366983+00:00
MSFT,2021-07-06 00:00:00+00:00,339.20319289681146,340.641785298933,332.0334260273166,335.6022482912711,335.6022482912711,16627154.0,sample,2026-09-24 19:05:19.366983+00:00
MSFT,2021-07-07 00:00:00+00:00,334.59554389267703,344.66929349414994,333.5761362231931,340.8018443579274,340.8018443579274,14865128.0,sample,2026-09-24 19:05:19.366983+00:00
MSFT,2021-07-08 00:00:00+00:00,340.53240884908257,343.9703331077282,329.74247308236903,333.61182971151493,333.61182971151493,12041430.0,sample,2026-09-24 19:05:19.366983+00:00
MSFT,2021-07-09 00:00:00+00:00,332.584517841557,340.7123259432391,332.01276941790616,339.23344412188726,339.23344412188726,11560293.0,sample,2026-09-24 19:05:19.366983+00:00
MSFT,2021-07-12 00:00:00+00:00,340.3729607542926,341.41640439916586,335.75241399358606,339.1826335270077,339.1826335270077,8684442.0,sample,2026-09-24 19:05:19.366983+00:00
MSFT,2021-07-13 00:00:00+00:00,339.07913061058815,346.25749924466993,337.5873743923687,345.3292298531193,345.3292298531193,16260004.0,sample,2026-09-24 19:05:19.366983+00:00
MSFT,2021-07-14 00:00:00+00:00,346.03597567667646,348.5053511270657,335.5843142047078,338.24858305485526,338.24858305485526,10716014.0,sample,2026-09-24 19:05:19.366983+00:00
MSFT,2021-07-15 00:00:00+00:00,337.5463072515944,342.99816682251156,337.1699269716282,341.88096479374724,341.88096479374724,9628953.0,sample,2026-09-24 19:05:19.366983+00:00
MSFT,2021-07-16 00:00:00+00:00,341.37168452784704,349.90274765954297,337.65134994528233,347.0258713840318,347.0258713840318,8934422.0,sample,2026-09-24 19:05:19.366983+00:00
MSFT,2021-07-19 00:00:00+00:00,346.8588028543852,347.5255619650793,337.3556543025491,340.9229495465358,340.9229495465358,7149048.0,sample,2026-09-24 19:05:19.366983+00:00
MSFT,2021-07-20 00:00:00+00:00,340.94586811860165,353.9607714332523,337.8946808674215,350.9856993511933,350.9856993511933,10824395.0,sample,2026-09-24 19:05:19.366983+00:00
MSFT,2021-07-21 00:00:00+00:00,351.33774798861697,355.2642585767793,343.5765143239818,344.01561820963076,344.01561820963076,12002264.0,sample,2026-09-24 19:05:19.366983+00:00
MSFT,2021-07-22 00:00:00+00:00,344.22177727510575,358.31641034798423,340.73005674039814,357.52960239169505,357.52960239169505,13340547.0,sample,2026-09-24 19:05:19.366983+00:00
MSFT,2021-07-23 00:00:00+00:00,357.950674178622,371.13901288953986,355.4896780528118,370.74494914888635,370.74494914888635,16223876.0,sample,2026-09-24 19:05:19.366983+00:00
MSFT,2021-07-26 00:00:00+00:00,369.0341548014398,370.38837522327617,363.6857197666316,365.4339485242476,365.4339485242476,10609566.0,sample,2026-09-24 19:05:19.366983+00:00
MSFT,2021-07-27 00:00:00+00:00,365.59964875420087,379.0709301303366,363.3682473136334,376.62888402097497,376.62888402097497,3625065.0,sample,2026-09-24 19:05:19.366983+00:00
MSFT,2021-07-28 00:00:00+00:00,377.13932713989834,383.427103780827,374.54192238446973,379.0563997810196,379.0563997810196,5617953.0,sample,2026-09-24 19:05:19.366983+00:00
MSFT,2021-07-29 00:00:00+00:00,379.68705466609805,382.7720151280753,376.0325920579036,381.64665472824834,381.64665472824834,5630429.0,sample,2026-09-24 19:05:19.366983+00:00
MSFT,2021-07-30 00:00:00+00:00,381.5576630908237,386.9448605405542,378.3403792273858,384.22094409019155,384.22094409019155,15150433.0,sample,2026-09-24 19:05:19.366983+00:00
MSFT,2021-08-02 00:00:00+00:00,385.56717536226364,388.92341098581886,370.0102128862515,372.5154961786769,372.5154961786769,17037630.0,sample,2026-09-24 19:05:19.366983+00:00
MSFT,2021-08-03 00:00:00+00:00,371.8391468920424,374.25672024622924,367.9024369658953,372.4736353717507,372.4736353717507,9654536.0,sample,2026-09-24 19:05:19.366983+00:00
MSFT,2021-08-04 00:00:00+00:00,371.87672778186715,374.76370677441884,368.5123768941326,370.797928369904,370.797928369904,10460126.0,sample,2026-09-24 19:05:19.366983+00:00
MSFT,2021-08-05 00:00:00+00:00,372.45402666137096,378.8369962751578,370.2709726886449,374.61167427509633,374.61167427509633,14553996.0,sample,2026-09-24 19:05:19.366983+00:00
MSFT,2021-08-06 00:00:00+00:00,374.5430804558941,377.7339701288217,359.43055507335316,360.152247140687,360.152247140687,15135470.0,sample,2026-09-24 19:05:19.366983+00:00
MSFT,2021-08-09 00:00:00+00:00,358.8530915973474,362.62841628658646,356.9341156651836,360.17804880933994,360.17804880933994,1895209.0,sample,2026-09-24 19:05:19.366983+00:00
MSFT,2021-08-10 00:00:00+00:00,359.64861950934835,368.3929041533197,355.62664750923454,366.8792324258399,366.8792324258399,4632179.0,sample,2026-09-24 19:05:19.366983+00:00
MSFT,2021-08-11 00:00:00+00:00,366.9606339320477,369.005616069551,359.2633664902351,362.5574879865721,362.5574879865721,3948366.0,sample,2026-09-24 19:05:19.366983+00:00
MSFT,2021-08-12 00:00:00+00:00,362.6113868321712,369.42998773647207,358.953555857205,366.3158402507273,366.3158402507273,16718727.0,sample,2026-09-24 19:05:19.366983+00:00
MSFT,2021-08-13 00:00:00+00:00,367.7162011386606,372.2757790073802,366.2692671694374,370.14557107684277,370.14557107684277,2921385.0,sample,2026-09-24 19:05:19.366983+00:00
MSFT,2021-08-16 00:00:00+00:00,370.8125539223759,372.17120176807623,366.06707389003884,368.55891296381355,368.55891296381355,15045920.0,sample,2026-09-24 19:05:19.366983+00:00
MSFT,2021-08-17 00:00:00+00:00,369.0269694403298,372.31337572762993,364.8385224229187,370.60109068468995,370.60109068468995,5266791.0,sample,2026-09-24 19:05:19.366983+00:00
MSFT,2021-08-18 00:00:00+00:00,371.30863369181094,380.7028030585047,370.7887185182053,376.38860775725607,376.38860775725607,7910484.0,sample,2026-09-24 19:05:19.366983+00:00
MSFT,2021-08-19 00:00:00+00:00,375.82681077365885,379.0317867101478,365.7262944832368,366.24553140126045,366.24553140126045,12858192.0,sample,2026-09-24 19:05:19.366983+00:00
MSFT,2021-08-20 00:00:00+00:00,366.2553970137683,372.60289045445916,362.77232362539496,370.5467828978465,370.5467828978465,14825267.0,sample,2026-09-24 19:05:19.366983+00:00
MSFT,2021-08-23 00:00:00+00:00,370.3361320994349,372.4974570420674,365.31387344995846,368.6519556136619,368.6519556136619,5682911.0,sample,2026-09-24 19:05:19.366983+00:00
MSFT,2021-08-24 00:00:00+00:00,368.17526757907734,370.83112043441605,364.15843005575687,368.87986599519553,368.87986599519553,17471288.0,sample,2026-09-24 19:05:19.366983+00:00
MSFT,2021-08-25 00:00:00+00:00,370.05318424661044,372.5884897157196,361.9312312425316,365.9595622782942,365.9595622782942,13342241.0,sample,2026-09-24 19:05:19.366983+00:00
MSFT,2021-08-26 00:00:00+00:00,364.76150004805294,368.84691747813423,359.55161392198704,362.3554867084909,362.3554867084909,15504064.0,sample,2026-09-24 19:05:19.366983+00:00
MSFT,2021-08-27 00:00:00+00:00,361.67496970143037,367.8788343414476,357.59320931094885,367.0306149817792,367.0306149817792,1987500.0,sample,2026-09-24 19:05:19.366983+00:00
MSFT,2021-08-30 00:00:00+00:00,368.04042778878994,371.63088215605495,367.2806771224084,369.8825143733828,369.8825143733828,15101600.0,sample,2026-09-24 19:05:19.366983+00:00
MSFT,2021-08-31 00:00:00+00:00,370.92863513457337,371.6247450155042,366.1078160232991,367.86683954587534,367.86683954587534,1545888.0,sample,2026-09-24 19:05:19.366983+00:00
MSFT,2021-09-01 00:00:00+00:00,368.5923643653626,372.3803361516344,356.6644023396474,357.32452802735946,357.32452802735946,6200964.0,sample,2026-09-24 19:05:19.366983+00:00
MSFT,2021-09-02 00:00:00+00:00,356.2669914305188,363.02535607087236,354.46200297263454,359.78604034264254,359.78604034264254,11254357.0,sample,2026-09-24 19:05:19.366983+00:00
MSFT,2021-09-03 00:00:00+00:00,359.7230159751333,366.41588910717155,357.8782433122683,363.12158006368105,363.12158006368105,3710735.0,sample,2026-09-24 19:05:19.366983+00:00
MSFT,2021-09-06 00:00:00+00:00,365.1066843650114,378.6766429605813,362.32222572311656,376.4126810320647,376.4126810320647,6021581.0,sample,2026-09-24 19:05:19.366983+00:00
MSFT,2021-09-07 00:00:00+00:00,375.42400934545935,376.1656270237249,370.1899011220407,371.8781390445453,371.8781390445453,14409443.0,sample,2026-09-24 19:05:19.366983+00:00
MSFT,2021-09-08 00:00:00+00:00,371.8687036424351,374.4295167639139,368.7199315179207,373.1814956372654,373.1814956372654,14862891.0,sample,2026-09-24 19:05:19.366983+00:00
MSFT,2021-09-09 00:00:00+00:00,373.55642833271645,373.98469838804965,371.02152190997174,371.59920328663674,371.59920328663674,13899778.0,sample,2026-09-24 19:05:19.366983+00:00
MSFT,2021-09-10 00:00:00+00:00,371.3335977061385,372.0875514900836,351.69505487093716,354.3225067164815,354.3225067164815,12191297.0,sample,2026-09-24 19:05:19.366983+00:00
MSFT,2021-09-13 00:00:00+00:00,353.1279001176807,356.54580184647114,348.9558087328027,349.83849418815373,349.83849418815373,14640129.0,sample,2026-09-24 19:05:19.366983+00:00
MSFT,2021-09-14 00:00:00+00:00,349.6895180292132,355.3500404632918,346.65149792577137,352.6513384420423,352.6513384420423,11741925.0,sample,2026-09-24 19:05:19.366983+00:00
MSFT,2021-09-15 00:00:00+00:00,353.13119796826396,354.4816029815508,347.41773094956415,348.5354743203734,348.5354743203734,10397563.0,sample,2026-09-24 19:05:19.366983+00:00
MSFT,2021-09-16 00:00:00+00:00,347.86586848700045,363.3581996311058,345.3337924428195,359.1747130546394,359.1747130546394,8131115.0,sample,2026-09-24 19:05:19.366983+00:00
MSFT,2021-09-17 00:00:00+00:00,357.5119357199834,363.8711905694148,354.2538177185613,362.5864860835829,362.5864860835829,8165216.0,sample,2026-09-24 19:05:19.366983+00:00
MSFT,2021-09-20 00:00:00+00:00,362.98773659915105,366.8095980488067,359.4678516519974,360.51063873720545,360.51063873720545,6752235.0,sample,2026-09-24 19:05:19.366983+00:00
MSFT,2021-09-21 00:00:00+00:00,360.2067158314918,371.41942007706695,359.5328214687718,367.5313849424059,367.5313849424059,16452204.0,sample,2026-09-24 19:05:19.366983+00:00
MSFT,2021-09-22 00:00:00+00:00,367.66546108908767,372.0202120834274,362.55717307798625,365.3015230301715,365.3015230301715,8715550.0,sample,2026-09-24 19:05:19.366983+00:00
MSFT,2021-09-23 00:00:00+00:00,365.8214361529126,376.65036949956186,361.4521713517827,372.29331612742857,372.29331612742857,8850847.0,sample,2026-09-24 19:05:19.366983+00:00
MSFT,2021-09-24 00:00:00+00:00,371.3636584712505,376.3167616570619,368.75901724530416,374.33960743760844,374.33960743760844,5075558.0,sample,2026-09-24 19:05:19.366983+00:00
MSFT,2021-09-27 00:00:00+00:00,372.2550568910123,379.8989978152151,369.84863131648007,377.87567635508935,377.87567635508935,14961838.0,sample,2026-09-24 19:05:19.366983+00:00
MSFT,2021-09-28 00:00:00+00:00,378.025547581966,381.35344092212756,373.2939513907753,373.9471665112295,373.9471665112295,14118425.0,sample,2026-09-24 19:05:19.366983+00:00
MSFT,2021-09-29 00:00:00+00:00,374.12574890648574,375.18835936921687,371.38082845248385,374.5766640344826,374.5766640344826,4081866.0,sample,2026-09-24 19:05:19.366983+00:00
MSFT,2021-09-30 00:00:00+00:00,374.3558343954501,378.1497496147145,370.60149095077645,377.2945757080715,377.2945757080715,7181066.0,sample,2026-09-24 19:05:19.366983+00:00
MSFT,2021-10-01 00:00:00+00:00,377.70879498328094,382.9316831271438,373.5905353507087,378.8335951419856,378.8335951419856,16636701.0,sample,2026-09-24 19:05:19.366983+00:00
MSFT,2021-10-04 00:00:00+00:00,379.26579933716664,387.42914699224576,375.38649856194695,383.38706241215573,383.38706241215573,16583041.0,sample,2026-09-24 19:05:19.366983+00:00
MSFT,2021-10-05 00:00:00+00:00,382.8999252484774,396.3654372513813,379.2986592448749,395.9578503930901,395.9578503930901,11245567.0,sample,2026-09-24 19:05:19.366983+00:00
MSFT,2021-10-06 00:00:00+00:00,395.86680469950454,399.8606520326628,392.83508601002467,394.95623570909675,394.95623570909675,10043668.0,sample,2026-09-24 19:05:19.366983+00:00
MSFT,2021-10-07 00:00:00+00:00,394.93488905097,398.1217748266762,388.2238328568269,389.99232478394146,389.99232478394146,8592713.0,sample,2026-09-24 19:05:19.366983+00:00
MSFT,2021-10-08 00:00:00+00:00,389.4801871233171,396.49012217586113,387.2104862967278,395.24049714142063,395.24049714142063,9408099.0,sample,2026-09-24 19:05:19.366983+00:00
MSFT,2021-10-11 00:00:00+00:00,395.5405974687677,400.10121669538574,388.7060234899036,391.9361178151042,391.9361178151042,8816971.0,sample,2026-09-24 19:05:19.366983+00:00
MSFT,2021-10-12 00:00:00+00:00,392.6367730009213,404.48932152153355,388.43520388269417,402.895606201902,402.895606201902,3197781.0,sample,2026-09-24 19:05:19.366983+00:00
MSFT,2021-10-13 00:00:00+00:00,403.34233316436206,407.08137742659505,398.9835140448503,400.0826673368864,400.0826673368864,1705611.0,sample,2026-09-24 19:05:19.366983+00:00
MSFT,2021-10-14 00:00:00+00:00,400.35350737381583,401.97501816053443,391.49373167172746,394.52852314306483,394.52852314306483,15891005.0,sample,2026-09-24 19:05:19.366983+00:00
MSFT,2021-10-15 00:00:00+00:00,395.43761602332324,398.1171639184083,393.16762948672977,397.17676377477017,397.17676377477017,9001561.0,sample,2026-09-24 19:05:19.366983+00:00
MSFT,2021-10-18 00:00:00+00:00,397.1611329551454,399.95906257005146,387.1484694276791,389.6983460035346,389.6983460035346,13278556.0,sample,2026-09-24 19:05:19.366983+00:00
MSFT,2021-10-19 00:00:00+00:00,389.524822171038,390.9700028628438,384.47826901379307,386.77732609224756,386.77732609224756,7009225.0,sample,2026-09-24 19:05:19.366983+00:00
MSFT,2021-10-20 00:00:00+00:00,385.50682923122764,396.40705486314965,381.8730983703988,392.1960895607199,392.1960895607199,3450198.0,sample,2026-09-24 19:05:19.366983+00:00
MSFT,2021-10-21 00:00:00+00:00,393.4486825871173,397.06396987131654,376.4992852423993,379.88388139467264,379.88388139467264,16988354.0,sample,2026-09-24 19:05:19.366983+00:00
MSFT,2021-10-22 00:00:00+00:00,379.94571354245323,383.23496498125303,377.858328389803,381.75944248516646,381.75944248516646,9823684.0,sample,2026-09-24 19:05:19.366983+00:00
MSFT,2021-10-25 00:00:00+00:00,382.1163872642394,382.53840110858624,375.4283724654571,378.59868870604316,378.59868870604316,8143666.0,sample,2026-09-24 19:05:19.366983+00:00
MSFT,2021-10-26 00:00:00+00:00,378.712378670546,380.1331651999256,376.7996145758711,378.68782663221947,378.68782663221947,10682909.0,sample,2026-09-24 19:05:19.366983+00:00
MSFT,2021-10-27 00:00:00+00:00,378.96899849864633,389.47537054446747,376.86772497420316,385.33732906092195,385.33732906092195,12155916.0,sample,2026-09-24 19:05:19.366983+00:00
MSFT,2021-10-28 00:00:00+00:00,385.2870437618731,392.17430138599343,381.46013692919837,387.92025063069474,387.92025063069474,5551453.0,sample,2026-09-24 19:05:19.366983+00:00
MSFT,2021-10-29 00:00:00+00:00,388.6043661851408,392.9899939140854,385.1389340542592,392.3047067877815,392.3047067877815,8856864.0,sample,2026-09-24 19:05:19.366983+00:00
MSFT,2021-11-01 00:00:00+00:00,391.8902493620302,396.21256827393074,384.9024125115637,388.8803178807954,388.8803178807954,3689082.0,sample,2026-09-24 19:05:19.366983+00:00
MSFT,2021-11-02 00:00:00+00:00,389.3013464988007,402.2550342338841,386.1157778411579,398.73492201456617,398.73492201456617,12057806.0,sample,2026-09-24 19:05:19.366983+00:00
MSFT,2021-11-03 00:00:00+00:00,399.6979782772988,406.88620199803603,397.66306538403785,402.0682487297419,402.0682487297419,11443710.0,sample,2026-09-24 19:05:19.366983+00:00
MSFT,2021-11-04 00:00:00+00:00,402.8327425279822,407.54618775517963,385.9843369524668,388.66881335977905,388.66881335977905,13158098.0,sample,2026-09-24 19:05:19.366983+00:00
MSFT,2021-11-05 00:00:00+00:00,388.3724254354065,400.47778430807915,387.4414053447035,397.8721512882809,397.8721512882809,11361919.0,sample,2026-09-24 19:05:19.366983+00:00
MSFT,2021-11-08 00:00:00+00:00,397.8950076232879,399.122477789511,387.3137467070586,389.04846468485624,389.04846468485624,15907937.0,sample,2026-09-24 19:05:19.366983+00:00
MSFT,2021-11-09 00:00:00+00:00,388.34141649633005,400.07008327069127,383.92886679075554,397.56579766400586,397.56579766400586,5736152.0,sample,2026-09-24 19:05:19.366983+00:00
MSFT,2021-11-10 00:00:00+00:00,397.0805529153354,397.82240294068424,388.9491427673776,390.9350472484857,390.9350472484857,11329129.0,sample,2026-09-24 19:05:19.366983+00:00
MSFT,2021-11-11 00:00:00+00:00,390.49570479811274,399.1881753709024,387.0735912717382,394.5117641632678,394.5117641632678,13659658.0,sample,2026-09-24 19:05:19.366983+00:00
MSFT,2021-11-12 00:00:00+00:00,394.28120009648853,406.99743568464686,392.2288575058396,402.5190609211908,402.5190609211908,9146052.0,sample,2026-09-24 19:05:19.366983+00:00
MSFT,2021-11-15 00:00:00+00:00,403.3419936194316,403.91985125255616,397.55215711872034,400.9683410716819,400.9683410716819,15185520.0,sample,2026-09-24 19:05:19.366983+00:00
MSFT,2021-11-16 00:00:00+00:00,400.53579289441234,407.3134004129131,398.60089091522633,403.6686839703715,403.6686839703715,3577488.0,sample,2026-09-24 19:05:19.366983+00:00
MSFT,2021-11-17 00:00:00+00:00,403.0078595058719,410.4690809570074,399.11701336879173,408.31894087412735,408.31894087412735,5716021.0,sample,2026-09-24 19:05:19.366983+00:00
MSFT,2021-11-18 00:00:00+00:00,409.0000929876082,413.10537949746697,393.31071084207895,395.5426913154123,395.5426913154123,17695601.0,sample,2026-09-24 19:05:19.366983+00:00
MSFT,2021-11-19 00:00:00+00:00,396.4715533969768,409.58817873629704,393.74581209425213,409.1163165139118,409.1163165139118,3420960.0,sample,2026-09-24 19:05:19.366983+00:00
MSFT,2021-11-22 00:00:00+00:00,408.7888622481857,409.454058703787,406.49346911033655,407.91283127354353,407.91283127354353,5241990.0,sample,2026-09-24 19:05:19.366983+00:00
MSFT,2021-11-23 00:00:00+00:00,409.18423432049855,414.71900040734045,405.8374212962865,411.4316867284593,411.4316867284593,9331943.0,sample,2026-09-24 19:05:19.366983+00:00
MSFT,2021-11-24 00:00:00+00:00,411.1108688505006,414.1095125678533,407.30260965289585,412.58213980410153,412.58213980410153,15824323.0,sample,2026-09-24 19:05:19.366983+00:00
MSFT,2021-11-25 00:00:00+00:00,413.4207855880335,423.25228082826203,409.3393643541553,419.5415901613382,419.5415901613382,13836670.0,sample,2026-09-24 19:05:19.366983+00:00
MSFT,2021-11-26 00:00:00+00:00,419.5121880335392,423.9669809722843,417.9809492318024,420.2510363006017,420.2510363006017,11915216.0,sample,2026-09-24 19:05:19.366983+00:00
MSFT,2021-11-29 00:00:00+00:00,420.75131224293057,423.8503493810974,407.488373572474,411.2503938683311,411.2503938683311,10567213.0,sample,2026-09-24 19:05:19.366983+00:00
MSFT,2021-11-30 00:00:00+00:00,411.3552370611153,422.57273707144793,408.3337492741218,417.8088729007075,417.8088729007075,6477038.0,sample,2026-09-24 19:05:19.366983+00:00
MSFT,2021-12-01 00:00:00+00:00,417.7606062899606,420.1337363853961,397.8804071274076,401.1324129300506,401.1324129300506,5268289.0,sample,2026-09-24 19:05:19.366983+00:00
MSFT,2021-12-02 00:00:00+00:00,401.5329218583304,411.1618594342115,398.14342948410945,407.7849834146863,407.7849834146863,6732838.0,sample,2026-09-24 19:05:19.366983+00:00
MSFT,2021-12-03 00:00:00+00:00,407.16969287927736,410.96782342977673,392.81864921881186,395.37644282893297,395.37644282893297,14301006.0,sample,2026-09-24 19:05:19.366983+00:00
MSFT,2021-12-06 00:00:00+00:00,396.7647332264262,407.330955714384,394.7293757370564,403.4783534540711,403.4783534540711,10629809.0,sample,2026-09-24 19:05:19.366983+00:00
MSFT,2021-12-07 00:00:00+00:00,403.41151624120124,411.9369720994614,400.5157326405591,408.00345871466254,408.00345871466254,11848993.0,sample,2026-09-24 19:05:19.366983+00:00
MSFT,2021-12-08 00:00:00+00:00,406.3989023319314,411.15046921356014,405.6148221522493,408.5278552559476,408.5278552559476,15903098.0,sample,2026-09-24 19:05:19.366983+00:00
MSFT,2021-12-09 00:00:00+00:00,408.8205250190457,413.3919164629384,401.27833191752205,405.28666474401035,405.28666474401035,2025158.0,sample,2026-09-24 19:05:19.366983+00:00
MSFT,2021-12-10 00:00:00+00:00,405.46338699857506,410.11967394655187,404.1008547484882,405.46651869012805,405.46651869012805,8988202.0,sample,2026-09-24 19:05:19.366983+00:00
MSFT,2021-12-13 00:00:00+00:00,405.6015386349423,408.6423369839759,398.07710512189385,399.6109631874393,399.6109631874393,15017624.0,sample,2026-09-24 19:05:19.366983+00:00
MSFT,2021-12-14 00:00:00+00:00,399.41896972401895,409.0730148083827,397.89877004772694,404.3859117200782,404.3859117200782,8865733.0,sample,2026-09-24 19:05:19.366983+00:00
MSFT,2021-12-15 00:00:00+00:00,405.9429746602494,409.77888571962643,401.2763249867815,408.01470385768226,408.01470385768226,4901932.0,sample,2026-09-24 19:05:19.366983+00:00
MSFT,2021-12-16 00:00:00+00:00,408.87316721104776,418.00475860695565,405.66172737037834,415.2675164889989,415.2675164889989,6709880.0,sample,2026-09-24 19:05:19.366983+00:00
MSFT,2021-12-17 00:00:00+00:00,415.47150202180944,419.5929748038956,407.3359228354652,408.74055044520645,408.74055044520645,3956641.0,sample,2026-09-24 19:05:19.366983+00:00
MSFT,2021-12-20 00:00:00+00:00,409.9876662360956,414.01649798560777,402.6181602670487,404.26200392875813,404.26200392875813,11464992.0,sample,2026-09-24 19:05:19.366983+00:00
MSFT,2021-12-21 00:00:00+00:00,403.82673558860193,408.1855226989565,395.77074517109446,400.4661905122454,400.4661905122454,5695190.0,sample,2026-09-24 19:05:19.366983+00:00
MSFT,2021-12-22 00:00:00+00:00,400.17837007602805,401.76967050642315,385.16583991516546,386.50870430181027,386.50870430181027,3133162.0,sample,2026-09-24 19:05:19.366983+00:00
MSFT,2021-12-23 00:00:00+00:00,386.90643480462927,387.6926328865026,375.0565891119435,377.36510448102615,377.36510448102615,10351476.0,sample,2026-09-24 19:05:19.366983+00:00
MSFT,2021-12-24 00:00:00+00:00,376.9312541567218,383.14121559700703,375.5446338011409,379.82359782484565,379.82359782484565,8610150.0,sample,2026-09-24 19:05:19.366983+00:00
MSFT,2021-12-27 00:00:00+00:00,379.51367080589733,390.92797226455025,376.5148601226556,388.61329569002567,388.61329569002567,7143524.0,sample,2026-09-24 19:05:19.366983+00:00
MSFT,2021-12-28 00:00:00+00:00,389.21916959120244,392.47349677454207,382.57935393038105,385.3479098976761,385.3479098976761,8599133.0,sample,2026-09-24 19:05:19.366983+00:00
MSFT,2021-12-29 00:00:00+00:00,385.2923398838805,388.0281123065959,375.35326685033215,379.8876527173896,379.8876527173896,2236874.0,sample,2026-09-24 19:05:19.366983+00:00
MSFT,2021-12-30 00:00:00+00:00,381.13057355412616,394.53496878116636,380.4313809345056,390.14613292987366,390.14613292987366,10840482.0,sample,2026-09-24 19:05:19.366983+00:00
MSFT,2021-12-31 00:00:00+00:00,388.72093155529916,390.75579008896295,376.2818694882618,377.57188074429996,377.57188074429996,4196819.0,sample,2026-09-24 19:05:19.366983+00:00
MSFT,2022-01-03 00:00:00+00:00,377.80386927097925,387.04690350856083,376.3304231800509,384.15645665572987,384.15645665572987,15743880.0,sample,2026-09-24 19:05:19.366983+00:00
MSFT,2022-01-04 00:00:00+00:00,384.0657838375173,385.53999972792445,369.96838584511767,372.4607641300469,372.4607641300469,16806745.0,sample,2026-09-24 19:05:19.366983+00:00
MSFT,2022-01-05 00:00:00+00:00,373.25798153761525,377.73098449156817,370.30462059789073,375.6791069425337,375.6791069425337,10537239.0,sample,2026-09-24 19:05:19.366983+00:00
MSFT,2022-01-06 00:00:00+00:00,376.8666813934861,378.90665489327165,373.4910177223542,375.4609666520337,375.4609666520337,11391060.0,sample,2026-09-24 19:05:19.366983+00:00
MSFT,2022-01-07 00:00:00+00:00,375.68051706995885,383.1489578360507,374.8363758727969,379.6151627775766,379.6151627775766,12682442.0,sample,2026-09-24 19:05:19.366983+00:00
MSFT,2022-01-10 00:00:00+00:00,378.96392739958145,383.30356057192733,377.65332323839465,381.185385637095,381.185385637095,5424579.0,sample,2026-09-24 19:05:19.366983+00:00
MSFT,2022-01-11 00:00:00+00:00,382.3782846440461,386.1821596454586,374.50663489869777,378.5270181742285,378.5270181742285,9736047.0,sample,2026-09-24 19:05:19.366983+00:00
MSFT,2022-01-12 00:00:00+00:00,379.3550401430321,380.6807532083943,376.52811808491435,376.9516132264454,376.9516132264454,2945449.0,sample,2026-09-24 19:05:19.366983+00:00
MSFT,2022-01-13 00:00:00+00:00,378.13817653348525,381.28707879512933,371.58667520410955,373.5345531579064,373.5345531579064,16905770.0,sample,2026-09-24 19:05:19.366983+00:00
MSFT,2022-01-14 00:00:00+00:00,374.2590190511019,382.72159412048273,371.25521108359544,380.6607117846052,380.6607117846052,4443035.0,sample,2026-09-24 19:05:19.366983+00:00
MSFT,2022-01-17 00:00:00+00:00,378.9625697819977,380.7413721335209,369.41193018261987,373.76533502668894,373.76533502668894,17261418.0,sample,2026-09-24 19:05:19.366983+00:00
MSFT,2022-01-18 00:00:00+00:00,373.3991805677406,384.3375070585089,369.4251441160356,380.82336736733583,380.82336736733583,6179428.0,sample,2026-09-24 19:05:19.366983+00:00
MSFT,2022-01-19 00:00:00+00:00,380.9868333349829,385.4090937628167,376.4333228121897,379.13031632345235,379.13031632345235,6597682.0,sample,2026-09-24 19:05:19.366983+00:00
MSFT,2022-01-20 00:00:00+00:00,380.25565091820744,382.5831588930408,368.5076025757477,371.1053329152031,371.1053329152031,9579854.0,sample,2026-09-24 19:05:19.366983+00:00
MSFT,2022-01-21 00:00:00+00:00,369.6846538384008,383.54964293740966,366.49114146579325,380.0766110132651,380.0766110132651,2097572.0,sample,2026-09-24 19:05:19.366983+00:00
MSFT,2022-01-24 00:00:00+00:00,379.59067646321364,380.05601458644384,369.3956540220741,372.1836455091075,372.1836455091075,12305460.0,sample,2026-09-24 19:05:19.366983+00:00
MSFT,2022-01-25 00:00:00+00:00,371.83636969643095,372.29201610234026,361.7610851757384,364.53517281739397,364.53517281739397,16404641.0,sample,2026-09-24 19:05:19.366983+00:00
MSFT,2022-01-26 00:00:00+00:00,364.3941355184792,368.21963586049486,362.1342999693987,364.19089820972584,364.19089820972584,2841691.0,sample,2026-09-24 19:05:19.366983+00:00
MSFT,2022-01-27 00:00:00+00:00,365.320232187628,369.27281866865906,364.095946106256,365.59048927920753,365.59048927920753,17086376.0,sample,2026-09-24 19:05:19.366983+00:00
MSFT,2022-01-28 00:00:00+00:00,365.58158012415885,373.30131385703316,364.73376553989584,372.86143018586114,372.86143018586114,13703267.0,sample,2026-09-24 19:05:19.366983+00:00
MSFT,2022-01-31 00:00:00+00:00,372.6497837637223,383.9705683234375,371.2871087923649,380.2459494745454,380.2459494745454,14236930.0,sample,2026-09-24 19:05:19.366983+00:00
MSFT,2022-02-01 00:00:00+00:00,381.1019289767148,384.1412353314431,375.3146242489495,376.38379374006934,376.38379374006934,14725392.0,sample,2026-09-24 19:05:19.366983+00:00
MSFT,2022-02-02 00:00:00+00:00,376.4812530461716,379.74596749151647,374.63966756684397,375.5980553281035,375.5980553281035,4745913.0,sample,2026-09-24 19:05:19.366983+00:00
MSFT,2022-02-03 00:00:00+00:00,374.96082288843667,377.8063628211806,369.58671624802116,373.1315386014444,373.1315386014444,4367703.0,sample,2026-09-24 19:05:19.366983+00:00
MSFT,2022-02-04 00:00:00+00:00,372.2387445986469,374.402907041534,360.67176342307437,361.0957265015333,361.0957265015333,5122339.0,sample,2026-09-24 19:05:19.366983+00:00
MSFT,2022-02-07 00:00:00+00:00,361.5253976724661,362.72380778328375,355.1492636040493,359.23174490609375,359.23174490609375,11886496.0,sample,2026-09-24 19:05:19.366983+00:00
MSFT,2022-02-08 00:00:00+00:00,357.31973766357186,359.8487385835276,343.40474396200693,346.9836252004255,346.9836252004255,2195230.0,sample,2026-09-24 19:05:19.366983+00:00
MSFT,2022-02-09 00:00:00+00:00,346.8074530166068,347.9451789803472,342.8510802675701,345.8516633037857,345.8516633037857,17363860.0,sample,2026-09-24 19:05:19.366983+00:00
MSFT,2022-02-10 00:00:00+00:00,345.11280655573285,345.970544096932,338.74322771409055,339.3189369006454,339.3189369006454,16896491.0,sample,2026-09-24 19:05:19.366983+00:00
MSFT,2022-02-11 00:00:00+00:00,340.3846397764848,341.9412303874418,333.7173315747405,334.9648586790576,334.9648586790576,9836971.0,sample,2026-09-24 19:05:19.366983+00:00
MSFT,2022-02-14 00:00:00+00:00,335.0474042872072,339.7389665987966,334.4567337293328,337.6879810554456,337.6879810554456,14557545.0,sample,2026-09-24 19:05:19.366983+00:00
MSFT,2022-02-15 00:00:00+00:00,336.69419491949753,341.86825613922707,336.152381037852,339.7429718575803,339.7429718575803,10246923.0,sample,2026-09-24 19:05:19.366983+00:00
MSFT,2022-02-16 00:00:00+00:00,340.97244074660193,349.42968081387903,339.33357332598695,346.925902142817,346.925902142817,8653302.0,sample,2026-09-24 19:05:19.366983+00:00
MSFT,2022-02-17 00:00:00+00:00,346.49268674734054,350.2316955330335,334.83559560638173,337.20139484246477,337.20139484246477,15126048.0,sample,2026-09-24 19:05:19.366983+00:00
MSFT,2022-02-18 00:00:00+00:00,337.1419208293838,339.8914981807116,333.6967472159555,338.66572964408516,338.66572964408516,17030055.0,sample,2026-09-24 19:05:19.366983+00:00
MSFT,2022-02-21 00:00:00+00:00,339.2575313375991,349.66078946101436,335.8256639995827,345.55379247219065,345.55379247219065,6755854.0,sample,2026-09-24 19:05:19.366983+00:00
MSFT,2022-02-22 00:00:00+00:00,346.0741676745922,347.20248802101645,336.30832511679256,337.4487336049027,337.4487336049027,4546481.0,sample,2026-09-24 19:05:19.366983+00:00
MSFT,2022-02-23 00:00:00+00:00,337.6623034353894,339.77643291510014,330.1230829061673,330.4750834843336,330.4750834843336,14985865.0,sample,2026-09-24 19:05:19.366983+00:00
MSFT,2022-02-24 00:00:00+00:00,329.991275963191,332.29317869271057,324.44831638081604,326.5617434847512,326.5617434847512,3348629.0,sample,2026-09-24 19:05:19.366983+00:00
MSFT,2022-02-25 00:00:00+00:00,326.11974790490683,328.89579660587043,324.83451583059394,327.94821985477233,327.94821985477233,2933173.0,sample,2026-09-24 19:05:19.366983+00:00
MSFT,2022-02-28 00:00:00+00:00,328.29337976440905,331.7246946179668,317.48482408223254,320.91143936084296,320.91143936084296,3408237.0,sample,2026-09-24 19:05:19.366983+00:00
MSFT,2022-03-01 00:00:00+00:00,320.3335218637642,325.4204023530764,316.6984658655083,324.7365831446242,324.7365831446242,7593244.0,sample,2026-09-24 19:05:19.366983+00:00
MSFT,2022-03-02 00:00:00+00:00,324.85279165971656,325.2609060178537,316.7230432625066,319.8330622603795,319.8330622603795,6388533.0,sample,2026-09-24 19:05:19.366983+00:00
MSFT,2022-03-03 00:00:00+00:00,317.8538826234184,320.52652051773305,300.78056008535265,301.4027361097492,301.4027361097492,8290310.0,sample,2026-09-24 19:05:19.366983+00:00
MSFT,2022-03-04 00:00:00+00:00,301.95229265601307,305.4244135008859,300.0905070425943,302.5360149437112,302.5360149437112,2826196.0,sample,2026-09-24 19:05:19.366983+00:00
MSFT,2022-03-07 00:00:00+00:00,302.4193984203972,305.3575719993583,299.2789451947519,301.9023990367562,301.9023990367562,6046549.0,sample,2026-09-24 19:05:19.366983+00:00
MSFT,2022-03-08 00:00:00+00:00,301.28884804006054,304.1862437822803,299.7015690448241,302.25673491782055,302.25673491782055,11327864.0,sample,2026-09-24 19:05:19.366983+00:00
MSFT,2022-03-09 00:00:00+00:00,301.6204599627774,312.3895615841078,298.2737788598138,310.43045089378097,310.43045089378097,5629394.0,sample,2026-09-24 19:05:19.366983+00:00
MSFT,2022-03-10 00:00:00+00:00,310.6532917769355,311.97594600273453,306.1730883862561,308.2556793659332,308.2556793659332,7822026.0,sample,2026-09-24 19:05:19.366983+00:00
MSFT,2022-03-11 00:00:00+00:00,308.84274745613635,311.79650202361995,303.88222729061766,305.33393515585743,305.33393515585743,16825559.0,sample,2026-09-24 19:05:19.366983+00:00
MSFT,2022-03-14 00:00:00+00:00,305.23343132339414,308.74143940115204,304.06244539791385,306.0074482141778,306.0074482141778,12854003.0,sample,2026-09-24 19:05:19.366983+00:00
MSFT,2022-03-15 00:00:00+00:00,306.28849623832593,307.2320852672238,299.7682863648969,300.23772007524633,300.23772007524633,16756442.0,sample,2026-09-24 19:05:19.366983+00:00
MSFT,2022-03-16 00:00:00+00:00,300.41778198392046,300.75159602481693,296.16699791065474,298.0077619424707,298.0077619424707,14835807.0,sample,2026-09-24 19:05:19.366983+00:00
MSFT,2022-03-17 00:00:00+00:00,298.6787412576456,301.98542455405936,293.9472872684574,294.5765364826692,294.5765364826692,2095362.0,sample,2026-09-24 19:05:19.366983+00:00
MSFT,2022-03-18 00:00:00+00:00,293.98995734527693,298.09083700942443,291.7428800062292,295.727389555151,295.727389555151,10950751.0,sample,2026-09-24 19:05:19.366983+00:00
MSFT,2022-03-21 00:00:00+00:00,295.9554805709922,299.0083184181557,288.97521173962167,292.38036661666655,292.38036661666655,9350828.0,sample,2026-09-24 19:05:19.366983+00:00
MSFT,2022-03-22 00:00:00+00:00,292.17700284400394,292.9682064995876,286.23004126604474,289.00190797638555,289.00190797638555,3899628.0,sample,2026-09-24 19:05:19.366983+00:00
MSFT,2022-03-23 00:00:00+00:00,289.11467109609515,292.04866621895366,281.26604707939464,282.04857103833524,282.04857103833524,17069081.0,sample,2026-09-24 19:05:19.366983+00:00
MSFT,2022-03-24 00:00:00+00:00,281.64318939198563,293.07729243904294,279.4793656801697,290.0521450552113,290.0521450552113,11880676.0,sample,2026-09-24 19:05:19.366983+00:00
MSFT,2022-03-25 00:00:00+00:00,290.17254052946487,294.5043284110203,289.76866404496263,291.66183083060986,291.66183083060986,2382473.0,sample,2026-09-24 19:05:19.366983+00:00
MSFT,2022-03-28 00:00:00+00:00,290.8799028748225,296.6439378857596,289.2270322577847,295.30282083005375,295.30282083005375,2209573.0,sample,2026-09-24 19:05:19.366983+00:00
MSFT,2022-03-29 00:00:00+00:00,295.2707603198869,303.5556757128764,293.7180444050073,301.7489197660921,301.7489197660921,15972151.0,sample,2026-09-24 19:05:19.366983+00:00
MSFT,2022-03-30 00:00:00+00:00,301.97173723481217,307.3620880697031,298.8558803412469,306.21538192081834,306.21538192081834,17048904.0,sample,2026-09-24 19:05:19.366983+00:00
MSFT,2022-03-31 00:00:00+00:00,306.3984781821268,308.3329087081889,302.2216430290852,305.4701774946516,305.4701774946516,9093118.0,sample,2026-09-24 19:05:19.366983+00:00
MSFT,2022-04-01 00:00:00+00:00,306.10764822365303,307.3538229448087,303.57563621835425,305.1036590753723,305.1036590753723,12192063.0,sample,2026-09-24 19:05:19.366983+00:00
MSFT,2022-04-04 00:00:00+00:00,304.425333898781,323.5589733513328,302.59150276200256,320.2563085129086,320.2563085129086,13186872.0,sample,2026-09-24 19:05:19.366983+00:00
MSFT,2022-04-05 00:00:00+00:00,319.5894343812668,320.48932354285034,311.6827991015516,314.72456911720775,314.72456911720775,12183726.0,sample,2026-09-24 19:05:19.366983+00:00
MSFT,2022-04-06 00:00:00+00:00,315.0575217015449,318.67504325452364,308.30865779435163,311.96167748675805,311.96167748675805,7869555.0,sample,2026-09-24 19:05:19.366983+00:00
MSFT,2022-04-07 00:00:00+00:00,312.63389649908027,317.485476088983,310.53012740296776,317.126343923178,317.126343923178,16683309.0,sample,2026-09-24 19:05:19.366983+00:00
MSFT,2022-04-08 00:00:00+00:00,317.43038139546866,321.10773616504804,314.28509733249984,319.4125143571155,319.4125143571155,15501833.0,sample,2026-09-24 19:05:19.366983+00:00
MSFT,2022-04-11 00:00:00+00:00,319.12392894991956,328.10540678274134,315.6922507555799,325.4486197440074,325.4486197440074,1609612.0,sample,2026-09-24 19:05:19.366983+00:00
MSFT,2022-04-12 00:00:00+00:00,325.0077510666514,327.5997837662522,313.2175212410173,315.8770752798462,315.8770752798462,15870304.0,sample,2026-09-24 19:05:19.366983+00:00
MSFT,2022-04-13 00:00:00+00:00,316.64158610499726,317.7114367431655,307.10014951543474,310.1309916991143,310.1309916991143,16186535.0,sample,2026-09-24 19:05:19.366983+00:00
MSFT,2022-04-14 00:00:00+00:00,308.29809681439673,313.154718815509,304.6978639169199,310.2886101933795,310.2886101933795,12604391.0,sample,2026-09-24 19:05:19.366983+00:00
MSFT,2022-04-15 00:00:00+00:00,310.50691808864985,312.1127833930242,300.27528839359053,303.4509797894762,303.4509797894762,15406803.0,sample,2026-09-24 19:05:19.366983+00:00
MSFT,2022-04-18 00:00:00+00:00,303.76953597738026,316.121894024659,300.9517054095035,314.185128292632,314.185128292632,11918508.0,sample,2026-09-24 19:05:19.366983+00:00
MSFT,2022-04-19 00:00:00+00:00,314.57433938202297,316.2060323172753,308.5091662143942,311.4865199173545,311.4865199173545,17013640.0,sample,2026-09-24 19:05:19.366983+00:00
MSFT,2022-04-20 00:00:00+00:00,311.6930520328612,315.31982492095426,303.13857491828946,306.75176454257064,306.75176454257064,7769138.0,sample,2026-09-24 19:05:19.366983+00:00
MSFT,2022-04-21 00:00:00+00:00,306.5669888349817,307.79959303524123,302.6879164875507,305.92075841276846,305.92075841276846,8680523.0,sample,2026-09-24 19:05:19.366983+00:00
MSFT,2022-04-22 00:00:00+00:00,307.83864517327834,311.90988109383295,305.9745211809978,308.48484927458276,308.48484927458276,4190534.0,sample,2026-09-24 19:05:19.366983+00:00
MSFT,2022-04-25 00:00:00+00:00,310.167023699287,320.71534767674086,308.8354246009215,318.0604036051384,318.0604036051384,7515227.0,sample,2026-09-24 19:05:19.366983+00:00
MSFT,2022-04-26 00:00:00+00:00,318.8172170289783,321.16216470696236,318.10835064444274,320.5248756322295,320.5248756322295,11808866.0,sample,2026-09-24 19:05:19.366983+00:00
MSFT,2022-04-27 00:00:00+00:00,320.9739816613081,321.96607358528183,318.24128463684764,318.7198735983607,318.7198735983607,15523727.0,sample,2026-09-24 19:05:19.366983+00:00
MSFT,2022-04-28 00:00:00+00:00,318.2238092289275,323.7807017301178,314.44101825596016,322.0256771233194,322.0256771233194,5724781.0,sample,2026-09-24 19:05:19.366983+00:00
MSFT,2022-04-29 00:00:00+00:00,322.36586174978817,328.3618974997985,321.1644517110843,326.2748677109629,326.2748677109629,13604277.0,sample,2026-09-24 19:05:19.366983+00:00
MSFT,2022-05-02 00:00:00+00:00,326.7333336225482,327.52856222562576,322.42588594937286,325.7185197633392,325.7185197633392,7565296.0,sample,2026-09-24 19:05:19.366983+00:00
MSFT,2022-05-03 00:00:00+00:00,326.48507486733973,337.8255754822174,324.9677419094347,335.9866639009483,335.9866639009483,2121702.0,sample,2026-09-24 19:05:19.366983+00:00
MSFT,2022-05-04 00:00:00+00:00,334.8167608357939,335.8938342661666,333.0964458597171,334.2770933343753,334.2770933343753,7926982.0,sample,2026-09-24 19:05:19.366983+00:00
MSFT,2022-05-05 00:00:00+00:00,334.4129293861331,335.6970637270092,324.8329794735506,327.1195932654841,327.1195932654841,11840315.0,sample,2026-09-24 19:05:19.366983+00:00
MSFT,2022-05-06 00:00:00+00:00,327.21625488725977,335.2514606132496,325.02766514665086,331.70167692697305,331.70167692697305,17998157.0,sample,2026-09-24 19:05:19.366983+00:00
MSFT,2022-05-09 00:00:00+00:00,331.8581646862192,339.71662236353546,330.6738568974354,336.59462868715127,336.59462868715127,7820079.0,sample,2026-09-24 19:05:19.366983+00:00
MSFT,2022-05-10 00:00:00+00:00,336.9760048070703,340.68056222300476,323.0145754580784,326.3056412843847,326.3056412843847,8418641.0,sample,2026-09-24 19:05:19.366983+00:00
MSFT,2022-05-11 00:00:00+00:00,325.9181554933282,329.50180014721803,323.19419708897817,327.60574074976853,327.60574074976853,7249747.0,sample,2026-09-24 19:05:19.366983+00:00
MSFT,2022-05-12 00:00:00+00:00,326.28452103593753,329.25445922791806,317.4000308617058,319.68192557061855,319.68192557061855,11481776.0,sample,2026-09-24 19:05:19.366983+00:00
MSFT,2022-05-13 00:00:00+00:00,320.01009221963375,321.15240182358133,315.7787401119084,317.34112229559787,317.34112229559787,15939885.0,sample,2026-09-24 19:05:19.366983+00:00
MSFT,2022-05-16 00:00:00+00:00,317.06245109889755,317.53387921792205,313.7993592208166,316.0111068112391,316.0111068112391,6946316.0,sample,2026-09-24 19:05:19.366983+00:00
MSFT,2022-05-17 00:00:00+00:00,316.14661308997955,317.89906095675644,310.3434162587969,312.25991692395985,312.25991692395985,5396289.0,sample,2026-09-24 19:05:19.366983+00:00
MSFT,2022-05-18 00:00:00+00:00,313.069930895282,314.74946417883064,309.64804490044,313.5329734625079,313.5329734625079,16587180.0,sample,2026-09-24 19:05:19.366983+00:00
MSFT,2022-05-19 00:00:00+00:00,314.0057196375163,315.59892801410905,312.1120407242119,313.13377078620135,313.13377078620135,10045761.0,sample,2026-09-24 19:05:19.366983+00:00
MSFT,2022-05-20 00:00:00+00:00,312.61793276625394,314.07668950093614,306.98834972660654,310.36792886427764,310.36792886427764,7137730.0,sample,2026-09-24 19:05:19.366983+00:00
MSFT,2022-05-23 00:00:00+00:00,310.06509966308516,312.66748490963437,306.33828714649405,308.79041807493917,308.79041807493917,5194578.0,sample,2026-09-24 19:05:19.366983+00:00
MSFT,2022-05-24 00:00:00+00:00,308.56854011257707,312.18396504402045,307.5212830307241,311.7308354042628,311.7308354042628,6213310.0,sample,2026-09-24 19:05:19.366983+00:00
MSFT,2022-05-25 00:00:00+00:00,311.7895360701262,314.0717052424765,305.84681713100207,309.09482926627663,309.09482926627663,15818418.0,sample,2026-09-24 19:05:19.366983+00:00
MSFT,2022-05-26 00:00:00+00:00,309.24998268782315,312.86718725733016,305.7977822828168,309.4906203214503,309.4906203214503,1761086.0,sample,2026-09-24 19:05:19.366983+00:00
MSFT,2022-05-27 00:00:00+00:00,310.8048318577983,315.21342965638786,309.42554907152777,311.75182636565,311.75182636565,9079159.0,sample,2026-09-24 19:05:19.366983+00:00
MSFT,2022-05-30 00:00:00+00:00,309.8699546959885,318.5480843017907,308.42012446840744,316.8018221284642,316.8018221284642,9914048.0,sample,2026-09-24 19:05:19.366983+00:00
MSFT,2022-05-31 00:00:00+00:00,316.65830907813586,317.8827933810468,302.45785995024477,305.9074528611583,305.9074528611583,6167835.0,sample,2026-09-24 19:05:19.366983+00:00
MSFT,2022-06-01 00:00:00+00:00,306.30284666734264,312.9877846417555,305.50969496608053,309.29631731238015,309.29631731238015,6027721.0,sample,2026-09-24 19:05:19.366983+00:00
MSFT,2022-06-02 00:00:00+00:00,308.69522009920655,309.5255659919512,300.35286341787287,300.7079070771065,300.7079070771065,14971614.0,sample,2026-09-24 19:05:19.366983+00:00
MSFT,2022-06-03 00:00:00+00:00,300.3489855561222,307.0090550240799,297.2796913213682,304.60037407654056,304.60037407654056,16700584.0,sample,2026-09-24 19:05:19.366983+00:00
MSFT,2022-06-06 00:00:00+00:00,304.4556600637403,311.30498075517835,302.1259523235704,309.9653091047202,309.9653091047202,5479803.0,sample,2026-09-24 19:05:19.366983+00:00
MSFT,2022-06-07 00:00:00+00:00,310.1780640260136,317.7295125003533,308.8723243274036,315.4675040767098,315.4675040767098,13615487.0,sample,2026-09-24 19:05:19.366983+00:00
MSFT,2022-06-08 00:00:00+00:00,315.6679009946008,319.7818648033723,312.31403377110706,316.68183138915344,316.68183138915344,7318026.0,sample,2026-09-24 19:05:19.366983+00:00
MSFT,2022-06-09 00:00:00+00:00,316.64915388762387,320.37136368595174,309.85560927755944,310.66233965855736,310.66233965855736,16143144.0,sample,2026-09-24 19:05:19.366983+00:00
MSFT,2022-06-10 00:00:00+00:00,310.0487429515858,313.5786194392211,306.50512367102004,311.28476961891704,311.28476961891704,10894822.0,sample,2026-09-24 19:05:19.366983+00:00
MSFT,2022-06-13 00:00:00+00:00,311.81669264489534,314.59219968618845,306.4909516877605,307.48780772383685,307.48780772383685,10083548.0,sample,2026-09-24 19:05:19.366983+00:00
MSFT,2022-06-14 00:00:00+00:00,306.9112930550416,316.4855017819299,305.51143424377244,314.4596604950141,314.4596604950141,3102206.0,sample,2026-09-24 19:05:19.366983+00:00
MSFT,2022-06-15 00:00:00+00:00,315.4838951206479,321.5176067048564,314.5280316323823,318.21933507125124,318.21933507125124,10719870.0,sample,2026-09-24 19:05:19.366983+00:00
MSFT,2022-06-16 00:00:00+00:00,317.7613588313723,326.55078702980336,314.3135345991891,323.65420456661957,323.65420456661957,14113471.0,sample,2026-09-24 19:05:19.366983+00:00
MSFT,2022-06-17 00:00:00+00:00,323.03791626009513,326.68465016552034,319.6994698146264,323.7489370670361,323.7489370670361,7025856.0,sample,2026-09-24 19:05:19.366983+00:00
MSFT,2022-06-20 00:00:00+00:00,323.5860445409868,327.16159468480004,313.69908980000656,317.03346287584776,317.03346287584776,5886172.0,sample,2026-09-24 19:05:19.366983+00:00
MSFT,2022-06-21 00:00:00+00:00,316.287403220634,322.30953434938607,313.2517623749069,318.9478119096903,318.9478119096903,12093708.0,sample,2026-09-24 19:05:19.366983+00:00
MSFT,2022-06-22 00:00:00+00:00,318.6103838874361,323.6283263936271,315.8166737294407,321.0472805198338,321.0472805198338,17059452.0,sample,2026-09-24 19:05:19.366983+00:00
MSFT,2022-06-23 00:00:00+00:00,320.3766663622409,335.73325221352417,316.8106391464525,332.03349145130727,332.03349145130727,15670378.0,sample,2026-09-24 19:05:19.366983+00:00
MSFT,2022-06-24 00:00:00+00:00,332.3215415407686,337.1729336730488,330.52607259020476,336.01906203762377,336.01906203762377,17398538.0,sample,2026-09-24 19:05:19.366983+00:00
MSFT,2022-06-27 00:00:00+00:00,336.7202653493594,342.4311199755038,333.60091236900024,339.7249018373347,339.7249018373347,10037645.0,sample,2026-09-24 19:05:19.366983+00:00
MSFT,2022-06-28 00:00:00+00:00,339.1915342814095,339.5335046513898,329.8025074738113,332.8533538406684,332.8533538406684,14159560.0,sample,2026-09-24 19:05:19.366983+00:00
MSFT,2022-06-29 00:00:00+00:00,332.6662433675825,334.61928380840084,329.586023598708,331.035819122504,331.035819122504,12743814.0,sample,2026-09-24 19:05:19.366983+00:00
MSFT,2022-06-30 00:00:00+00:00,330.84911593722,332.1064674112086,322.5208040021647,323.10178418449624,323.10178418449624,13109710.0,sample,2026-09-24 19:05:19.366983+00:00
MSFT,2022-07-01 00:00:00+00:00,322.8565319314169,340.5560936668116,321.14414503090586,338.04299909746516,338.04299909746516,8804142.0,sample,2026-09-24 19:05:19.366983+00:00
MSFT,2022-07-04 00:00:00+00:00,338.04268645577946,357.3639893893369,335.86058318956134,354.42100803817164,354.42100803817164,17705937.0,sample,2026-09-24 19:05:19.366983+00:00
MSFT,2022-07-05 00:00:00+00:00,355.0442120731869,362.15641218702063,353.0447907954729,360.35076323408657,360.35076323408657,9098620.0,sample,2026-09-24 19:05:19.366983+00:00
MSFT,2022-07-06 00:00:00+00:00,359.4429882221364,369.5671250235387,355.60958132129355,367.9988358559225,367.9988358559225,10513963.0,sample,2026-09-24 19:05:19.366983+00:00
MSFT,2022-07-07 00:00:00+00:00,367.9171955724948,373.4680016281694,366.7775294275646,370.4612648637449,370.4612648637449,12233557.0,sample,2026-09-24 19:05:19.366983+00:00
MSFT,2022-07-08 00:00:00+00:00,371.0354523269882,375.4577673039107,369.4408858641916,372.313744655408,372.313744655408,13278200.0,sample,2026-09-24 19:05:19.366983+00:00
MSFT,2022-07-11 00:00:00+00:00,373.18929464059016,377.1020971850802,359.9851381862335,364.12407523814466,364.12407523814466,3187572.0,sample,2026-09-24 19:05:19.366983+00:00
MSFT,2022-07-12 00:00:00+00:00,363.80146967277904,369.6046776806848,360.96212568721904,368.2292719456586,368.2292719456586,8050965.0,sample,2026-09-24 19:05:19.366983+00:00
MSFT,2022-07-13 00:00:00+00:00,368.8101933430686,370.4664678739652,364.1648553825832,365.87205386546515,365.87205386546515,14925246.0,sample,2026-09-24 19:05:19.366983+00:00
MSFT,2022-07-14 00:00:00+00:00,366.42281696565715,376.98894256648214,365.7355446257643,375.36501503445413,375.36501503445413,6746461.0,sample,2026-09-24 19:05:19.366983+00:00
MSFT,2022-07-15 00:00:00+00:00,375.0116944143997,381.8880142410346,373.3449187260851,377.72358152427734,377.72358152427734,14999102.0,sample,2026-09-24 19:05:19.366983+00:00
MSFT,2022-07-18 00:00:00+00:00,378.22787887656006,382.49742963365145,376.5026560611275,380.1939352410197,380.1939352410197,6099608.0,sample,2026-09-24 19:05:19.366983+00:00
MSFT,2022-07-19 00:00:00+00:00,380.40590595866985,388.30898585950126,376.90703832100166,385.66466554961426,385.66466554961426,2117934.0,sample,2026-09-24 19:05:19.366983+00:00
MSFT,2022-07-20 00:00:00+00:00,386.16932265102014,388.4286708711464,384.08937008833186,388.0281453430582,388.0281453430582,8016514.0,sample,2026-09-24 19:05:19.366983+00:00
MSFT,2022-07-21 00:00:00+00:00,389.4125205202044,390.4719792545696,383.0441983620374,386.29385281009843,386.29385281009843,12933953.0,sample,2026-09-24 19:05:19.366983+00:00
MSFT,2022-07-22 00:00:00+00:00,385.85066292495475,387.82461417752586,383.47712971556666,385.30191915447193,385.30191915447193,15205768.0,sample,2026-09-24 19:05:19.366983+00:00
MSFT,2022-07-25 00:00:00+00:00,386.1109248033998,386.7444571849606,376.05394550318124,378.07326368774744,378.07326368774744,9909145.0,sample,2026-09-24 19:05:19.366983+00:00
MSFT,2022-07-26 00:00:00+00:00,377.7322659677032,382.7405279637574,375.1345313324831,379.5727598249766,379.5727598249766,8048240.0,sample,2026-09-24 19:05:19.366983+00:00
MSFT,2022-07-27 00:00:00+00:00,379.777607410463,380.30017171097705,374.3963806283386,376.2783089023112,376.2783089023112,16076876.0,sample,2026-09-24 19:05:19.366983+00:00
MSFT,2022-07-28 00:00:00+00:00,376.0909114363112,379.4048585617216,375.10078324840975,377.49216692007957,377.49216692007957,3808413.0,sample,2026-09-24 19:05:19.366983+00:00
MSFT,2022-07-29 00:00:00+00:00,377.4178041480593,379.36426985897396,374.2519544092539,376.30673756214446,376.30673756214446,17777559.0,sample,2026-09-24 19:05:19.366983+00:00
MSFT,2022-08-01 00:00:00+00:00,375.8003661301764,383.95747902796285,372.85537566159877,379.52867760253463,379.52867760253463,8124209.0,sample,2026-09-24 19:05:19.366983+00:00
MSFT,2022-08-02 00:00:00+00:00,379.680617969723,387.13291454877583,376.04330994262654,382.5590503211686,382.5590503211686,7195206.0,sample,2026-09-24 19:05:19.366983+00:00
MSFT,2022-08-03 00:00:00+00:00,382.5148131922478,385.77217798623775,379.2618197838723,383.96265931259455,383.96265931259455,5404994.0,sample,2026-09-24 19:05:19.366983+00:00
MSFT,2022-08-04 00:00:00+00:00,383.1463611736315,387.9410891310282,380.7268090250757,387.41088131663315,387.41088131663315,13702805.0,sample,2026-09-24 19:05:19.366983+00:00
MSFT,2022-08-05 00:00:00+00:00,386.30972258770225,390.6676713761924,379.25229550876537,381.3893088100845,381.3893088100845,15292566.0,sample,2026-09-24 19:05:19.366983+00:00
MSFT,2022-08-08 00:00:00+00:00,380.90787155130334,389.0523557596258,377.64646055748176,387.15968411077375,387.15968411077375,11083883.0,sample,2026-09-24 19:05:19.366983+00:00
MSFT,2022-08-09 00:00:00+00:00,387.2815469356835,389.4799622663239,372.0236457385057,376.513788258403,376.513788258403,12946580.0,sample,2026-09-24 19:05:19.366983+00:00
MSFT,2022-08-10 00:00:00+00:00,376.2787590401445,382.33269804710295,372.1867608625457,380.4019390505936,380.4019390505936,2182171.0,sample,2026-09-24 19:05:19.366983+00:00
MSFT,2022-08-11 00:00:00+00:00,380.15983729809795,389.4318744590077,376.26036009838623,385.8690388021743,385.8690388021743,13782184.0,sample,2026-09-24 19:05:19.366983+00:00
MSFT,2022-08-12 00:00:00+00:00,386.41401162540916,398.4317053428463,385.68466092438615,394.12255618261685,394.12255618261685,12454128.0,sample,2026-09-24 19:05:19.366983+00:00
MSFT,2022-08-15 00:00:00+00:00,393.2744848264003,398.6308505978013,391.36931909701315,397.1405915265709,397.1405915265709,1881404.0,sample,2026-09-24 19:05:19.366983+00:00
MSFT,2022-08-16 00:00:00+00:00,396.6041067061292,407.6410759400343,394.4142589721293,403.22874791842094,403.22874791842094,9871004.0,sample,2026-09-24 19:05:19.366983+00:00
MSFT,2022-08-17 00:00:00+00:00,403.2757882076033,404.8637350989031,390.912403416608,395.44091663902543,395.44091663902543,7079859.0,sample,2026-09-24 19:05:19.366983+00:00
MSFT,2022-08-18 00:00:00+00:00,393.7046484832973,403.3398935557772,389.97366838025164,399.0707565879715,399.0707565879715,15701927.0,sample,2026-09-24 19:05:19.366983+00:00
MSFT,2022-08-19 00:00:00+00:00,399.8663685418023,401.0360427125933,393.5894527138523,394.4937916490426,394.4937916490426,16298749.0,sample,2026-09-24 19:05:19.366983+00:00
MSFT,2022-08-22 00:00:00+00:00,394.95923147728286,401.7269335221014,393.9297765932416,398.82152101276625,398.82152101276625,16684855.0,sample,2026-09-24 19:05:19.366983+00:00
MSFT,2022-08-23 00:00:00+00:00,400.268458743565,414.6608900624993,396.57662366765925,410.5690884880135,410.5690884880135,9375544.0,sample,2026-09-24 19:05:19.366983+00:00
MSFT,2022-08-24 00:00:00+00:00,409.5828967402955,413.8149334252828,401.70884890346605,403.2378116917748,403.2378116917748,8027487.0,sample,2026-09-24 19:05:19.366983+00:00
MSFT,2022-08-25 00:00:00+00:00,402.61780009599806,405.77157044602546,393.08356335999133,397.66656937541387,397.66656937541387,17970479.0,sample,2026-09-24 19:05:19.366983+00:00
MSFT,2022-08-26 00:00:00+00:00,398.1331036889792,407.96733802407687,394.60453454105146,406.2168211112756,406.2168211112756,9507696.0,sample,2026-09-24 19:05:19.366983+00:00
MSFT,2022-08-29 00:00:00+00:00,405.9174101796323,410.22535371846703,402.2757915164548,407.24632331680164,407.24632331680164,13524862.0,sample,2026-09-24 19:05:19.366983+00:00
MSFT,2022-08-30 00:00:00+00:00,407.04074637848015,419.5952220834241,406.5261144036818,417.6288149636319,417.6288149636319,9353750.0,sample,2026-09-24 19:05:19.366983+00:00
MSFT,2022-08-31 00:00:00+00:00,418.7574778214427,420.90107273471637,409.2395772585515,413.58607489832497,413.58607489832497,14675066.0,sample,2026-09-24 19:05:19.366983+00:00
MSFT,2022-09-01 00:00:00+00:00,413.0038286388217,414.25463131632074,405.11294266069245,407.62924377964663,407.62924377964663,8817098.0,sample,2026-09-24 19:05:19.366983+00:00
MSFT,2022-09-02 00:00:00+00:00,407.0779872387517,416.1005033601099,403.1009578726778,415.5344798676423,415.5344798676423,2875446.0,sample,2026-09-24 19:05:19.366983+00:00
MSFT,2022-09-05 00:00:00+00:00,414.8646594701867,431.56852442674483,413.77680093892263,426.50513614031377,426.50513614031377,7246689.0,sample,2026-09-24 19:05:19.366983+00:00
MSFT,2022-09-06 00:00:00+00:00,425.95522610880295,427.9664624059912,416.9960272248604,418.177371890372,418.177371890372,14153430.0,sample,2026-09-24 19:05:19.366983+00:00
MSFT,2022-09-07 00:00:00+00:00,419.00310636676846,422.54921777459083,415.63743581960034,417.29687340768817,417.29687340768817,5332393.0,sample,2026-09-24 19:05:19.366983+00:00
MSFT,2022-09-08 00:00:00+00:00,417.66274218383785,429.75158709239935,417.1199041351037,424.8620755414196,424.8620755414196,6806454.0,sample,2026-09-24 19:05:19.366983+00:00
MSFT,2022-09-09 00:00:00+00:00,424.7704395003364,429.61536336933347,414.51944708414044,417.15010579893783,417.15010579893783,13811460.0,sample,2026-09-24 19:05:19.366983+00:00
MSFT,2022-09-12 00:00:00+00:00,417.65617160142966,422.25419399209096,400.6067721797507,403.4590395011051,403.4590395011051,12284952.0,sample,2026-09-24 19:05:19.366983+00:00
MSFT,2022-09-13 00:00:00+00:00,403.85936663603474,407.3210766375379,392.62797948581016,397.2868161695787,397.2868161695787,5222820.0,sample,2026-09-24 19:05:19.366983+00:00
MSFT,2022-09-14 00:00:00+00:00,396.57485943698026,401.3993151747335,394.1572822869378,398.800796408987,398.800796408987,6842734.0,sample,2026-09-24 19:05:19.366983+00:00
MSFT,2022-09-15 00:00:00+00:00,398.49659405058924,409.63811242810755,396.92303400347356,407.92690445090716,407.92690445090716,5839309.0,sample,2026-09-24 19:05:19.366983+00:00
MSFT,2022-09-16 00:00:00+00:00,407.9232430432846,411.1118002009833,404.1515537590871,408.8920311521886,408.8920311521886,16270072.0,sample,2026-09-24 19:05:19.366983+00:00
MSFT,2022-09-19 00:00:00+00:00,409.69077202951763,413.0219413959292,400.8070612958651,404.28787869497376,404.28787869497376,3653574.0,sample,2026-09-24 19:05:19.366983+00:00
MSFT,2022-09-20 00:00:00+00:00,404.6529001761463,409.2226522761088,401.73655140493577,403.12249567428125,403.12249567428125,15668515.0,sample,2026-09-24 19:05:19.366983+00:00
MSFT,2022-09-21 00:00:00+00:00,402.38268690202733,404.6236640368736,384.2246943323583,386.1023432280653,386.1023432280653,15796143.0,sample,2026-09-24 19:05:19.366983+00:00
MSFT,2022-09-22 00:00:00+00:00,385.1433508697658,386.7465919782304,378.30838339935536,381.3485749240597,381.3485749240597,17096533.0,sample,2026-09-24 19:05:19.366983+00:00
MSFT,2022-09-23 00:00:00+00:00,382.648501010857,387.03962267635035,370.62766391233083,371.264449358882,371.264449358882,13004073.0,sample,2026-09-24 19:05:19.366983+00:00
MSFT,2022-09-26 00:00:00+00:00,371.02362494568246,373.5913426968892,364.09813015740224,367.4678885064975,367.4678885064975,8799555.0,sample,2026-09-24 19:05:19.366983+00:00
MSFT,2022-09-27 00:00:00+00:00,366.9239810434678,374.816316394488,364.26686097772193,373.61066803680455,373.61066803680455,15872390.0,sample,2026-09-24 19:05:19.366983+00:00
MSFT,2022-09-28 00:00:00+00:00,373.72565055914197,377.4483893745581,360.73630345648337,363.54806524530187,363.54806524530187,14717492.0,sample,2026-09-24 19:05:19.366983+00:00
MSFT,2022-09-29 00:00:00+00:00,362.9101325913087,367.31919207313484,360.1240453091492,366.2409370504687,366.2409370504687,9282071.0,sample,2026-09-24 19:05:19.366983+00:00
MSFT,2022-09-30 00:00:00+00:00,366.0155792201689,368.3224056002467,363.91007553214155,367.1639205383016,367.1639205383016,2858478.0,sample,2026-09-24 19:05:19.366983+00:00
MSFT,2022-10-03 00:00:00+00:00,366.7720686135565,368.491763999963,364.660692693448,366.4804009132697,366.4804009132697,17984484.0,sample,2026-09-24 19:05:19.366983+00:00
MSFT,2022-10-04 00:00:00+00:00,366.1314988067544,368.69824572999465,359.7034131688401,361.769371977778,361.769371977778,10382722.0,sample,2026-09-24 19:05:19.366983+00:00
MSFT,2022-10-05 00:00:00+00:00,362.75271345684774,364.08377695645163,358.5408723612987,360.949015764979,360.949015764979,11596379.0,sample,2026-09-24 19:05:19.366983+00:00
MSFT,2022-10-06 00:00:00+00:00,361.03231086608685,365.6499886146186,358.9780028180288,365.0208914111279,365.0208914111279,9259470.0,sample,2026-09-24 19:05:19.366983+00:00
MSFT,2022-10-07 00:00:00+00:00,364.72146334534585,378.35754578337236,363.07038098586224,374.6671647666963,374.6671647666963,14509075.0,sample,2026-09-24 19:05:19.366983+00:00
MSFT,2022-10-10 00:00:00+00:00,373.9717936415349,376.2138079685846,365.60994220652225,368.3718707359364,368.3718707359364,12800598.0,sample,2026-09-24 19:05:19.366983+00:00
MSFT,2022-10-11 00:00:00+00:00,368.3063951316716,375.0932690145398,367.8438224713793,371.7036022769296,371.7036022769296,6457209.0,sample,2026-09-24 19:05:19.366983+00:00
MSFT,2022-10-12 00:00:00+00:00,372.44600029446303,375.6757476427903,363.72518837658413,366.6309665036848,366.6309665036848,3864249.0,sample,2026-09-24 19:05:19.366983+00:00
MSFT,2022-10-13 00:00:00+00:00,366.4512282277144,374.02991505248536,363.08835571926255,371.3865735340334,371.3865735340334,4040376.0,sample,2026-09-24 19:05:19.366983+00:00
MSFT,2022-10-14 00:00:00+00:00,369.56670379727825,377.885136015791,365.72515896113015,373.952168048811,373.952168048811,4223020.0,sample,2026-09-24 19:05:19.366983+00:00
MSFT,2022-10-17 00:00:00+00:00,372.46560607296266,374.478455165733,358.5453615666475,359.3631075074593,359.3631075074593,1847264.0,sample,2026-09-24 19:05:19.366983+00:00
MSFT,2022-10-18 00:00:00+00:00,359.2249389919118,359.61006765459916,352.3560628626509,354.9367605151297,354.9367605151297,10782007.0,sample,2026-09-24 19:05:19.366983+00:00
MSFT,2022-10-19 00:00:00+00:00,354.5988803036315,356.52970860494804,342.74871135034215,346.6944289350243,346.6944289350243,16990129.0,sample,2026-09-24 19:05:19.366983+00:00
MSFT,2022-10-20 00:00:00+00:00,346.30871867781167,349.9066499762597,339.51069581774243,343.0662474280565,343.0662474280565,12891572.0,sample,2026-09-24 19:05:19.366983+00:00
MSFT,2022-10-21 00:00:00+00:00,342.18492596500005,344.4290291613684,340.2676773718127,341.1398862512485,341.1398862512485,13559443.0,sample,2026-09-24 19:05:19.366983+00:00
MSFT,2022-10-24 00:00:00+00:00,341.5516982680331,342.3242904922866,336.696739089585,339.6757640683267,339.6757640683267,4161843.0,sample,2026-09-24 19:05:19.366983+00:00
MSFT,2022-10-25 00:00:00+00:00,338.5146718741354,344.8909424229958,338.15154964923244,342.22505077128153,342.22505077128153,13965063.0,sample,2026-09-24 19:05:19.366983+00:00
MSFT,2022-10-26 00:00:00+00:00,343.8005706419651,344.53080756501714,339.0822683452803,343.0478503052765,343.0478503052765,9262240.0,sample,2026-09-24 19:05:19.366983+00:00
MSFT,2022-10-27 00:00:00+00:00,343.638327836715,349.03133244649024,342.96211376568397,345.78305144068696,345.78305144068696,6019775.0,sample,2026-09-24 19:05:19.366983+00:00
MSFT,2022-10-28 00:00:00+00:00,344.84782078287856,354.42491570160325,341.14004452111334,351.73343400319527,351.73343400319527,4077216.0,sample,2026-09-24 19:05:19.366983+00:00
MSFT,2022-10-31 00:00:00+00:00,350.29258846352724,352.07182741631436,345.73694947512007,346.3092837089139,346.3092837089139,9520393.0,sample,2026-09-24 19:05:19.366983+00:00
MSFT,2022-11-01 00:00:00+00:00,347.2404404999291,350.71429743888865,343.2619883659942,343.7665476385465,343.7665476385465,17639194.0,sample,2026-09-24 19:05:19.366983+00:00
MSFT,2022-11-02 00:00:00+00:00,343.3939003598492,345.8524832988276,333.6825862703478,334.26976718356434,334.26976718356434,1630465.0,sample,2026-09-24 19:05:19.366983+00:00
MSFT,2022-11-03 00:00:00+00:00,333.68119257415395,336.4638887074025,325.741442323169,328.6546159272678,328.6546159272678,11949692.0,sample,2026-09-24 19:05:19.366983+00:00
MSFT,2022-11-04 00:00:00+00:00,328.8893721433662,335.02139009333087,326.18610878385704,333.07981125420815,333.07981125420815,11712559.0,sample,2026-09-24 19:05:19.366983+00:00
MSFT,2022-11-07 00:00:00+00:00,333.4836183582053,339.3766564460077,332.8176644745008,335.8086089149028,335.8086089149028,17517359.0,sample,2026-09-24 19:05:19.366983+00:00
MSFT,2022-11-08 00:00:00+00:00,335.8384704718973,340.14476996642156,334.9148208249973,339.311535024995,339.311535024995,15538104.0,sample,2026-09-24 19:05:19.366983+00:00
MSFT,2022-11-09 00:00:00+00:00,339.58543791827947,352.9132364432151,337.9595367252391,350.0016108788175,350.0016108788175,8332292.0,sample,2026-09-24 19:05:19.366983+00:00
MSFT,2022-11-10 00:00:00+00:00,350.36146233918697,355.58029466532645,347.170895444096,352.65227225516423,352.65227225516423,10964521.0,sample,2026-09-24 19:05:19.366983+00:00
MSFT,2022-11-11 00:00:00+00:00,353.392583696421,357.51418566991214,350.5161921835921,354.5594890110669,354.5594890110669,2261967.0,sample,2026-09-24 19:05:19.366983+00:00
MSFT,2022-11-14 00:00:00+00:00,353.8215089060281,360.1979032267598,352.160661827038,358.1725959518662,358.1725959518662,3585738.0,sample,2026-09-24 19:05:19.366983+00:00
MSFT,2022-11-15 00:00:00+00:00,359.45690632427613,372.5495029553077,358.82883105326795,369.2863607540209,369.2863607540209,14478824.0,sample,2026-09-24 19:05:19.366983+00:00
MSFT,2022-11-16 00:00:00+00:00,370.8863767257309,372.5614142034401,361.01667521676495,363.41466444153605,363.41466444153605,8990748.0,sample,2026-09-24 19:05:19.366983+00:00
MSFT,2022-11-17 00:00:00+00:00,362.624396385606,366.8551510515862,351.5292931979386,352.81821591756085,352.81821591756085,14687988.0,sample,2026-09-24 19:05:19.366983+00:00
MSFT,2022-11-18 00:00:00+00:00,352.3942770614851,358.31447148432375,352.0365371138813,357.30205523916993,357.30205523916993,15758464.0,sample,2026-09-24 19:05:19.366983+00:00
MSFT,2022-11-21 00:00:00+00:00,356.5228425310766,359.0166666638406,346.9055840767205,349.1858958728987,349.1858958728987,5424434.0,sample,2026-09-24 19:05:19.366983+00:00
MSFT,2022-11-22 00:00:00+00:00,349.96940476045376,354.463972356376,345.8665025772797,353.08547480453797,353.08547480453797,12132372.0,sample,2026-09-24 19:05:19.366983+00:00
MSFT,2022-11-23 00:00:00+00:00,353.67768089767776,355.90026052208276,345.58109434428815,348.48941734158694,348.48941734158694,10707139.0,sample,2026-09-24 19:05:19.366983+00:00
MSFT,2022-11-24 00:00:00+00:00,348.3974260969452,351.0689700585243,341.8754942641583,343.4808916296846,343.4808916296846,7639825.0,sample,2026-09-24 19:05:19.366983+00:00
MSFT,2022-11-25 00:00:00+00:00,344.0278882960522,345.87356825819853,339.8323594700398,343.34141300340053,343.34141300340053,10351484.0,sample,2026-09-24 19:05:19.366983+00:00
MSFT,2022-11-28 00:00:00+00:00,343.8351575967678,346.92853321825874,324.01829737146534,326.46354259514044,326.46354259514044,8863043.0,sample,2026-09-24 19:05:19.366983+00:00
MSFT,2022-11-29 00:00:00+00:00,327.31436045172956,330.806891128747,316.12800923776194,319.0259171407783,319.0259171407783,11174008.0,sample,2026-09-24 19:05:19.366983+00:00
MSFT,2022-11-30 00:00:00+00:00,318.91690961631355,323.6488227373389,315.3158652625632,320.69965753648705,320.69965753648705,2213767.0,sample,2026-09-24 19:05:19.366983+00:00
MSFT,2022-12-01 00:00:00+00:00,321.76836390556497,331.807721074734,319.1812348915143,328.96949844675885,328.96949844675885,16240930.0,sample,2026-09-24 19:05:19.366983+00:00
MSFT,2022-12-02 00:00:00+00:00,329.18916056128234,339.36489366739545,325.3660643447698,338.19387931661157,338.19387931661157,3817088.0,sample,2026-09-24 19:05:19.366983+00:00
MSFT,2022-12-05 00:00:00+00:00,337.6910971017734,347.6474588794021,334.56268437917794,344.572676886439,344.572676886439,2786178.0,sample,2026-09-24 19:05:19.366983+00:00
MSFT,2022-12-06 00:00:00+00:00,344.3212583783837,344.7999091276251,340.56739339058936,340.92346127170225,340.92346127170225,9995427.0,sample,2026-09-24 19:05:19.366983+00:00
MSFT,2022-12-07 00:00:00+00:00,340.39549663694544,342.4431509310203,335.41046952231096,339.418920869247,339.418920869247,4491031.0,sample,2026-09-24 19:05:19.366983+00:00
MSFT,2022-12-08 00:00:00+00:00,338.9784099535375,351.5076968870116,338.21684502159104,349.6909789107255,349.6909789107255,11450993.0,sample,2026-09-24 19:05:19.366983+00:00
MSFT,2022-12-09 00:00:00+00:00,351.2218378358684,354.70898086345824,349.898132198408,354.3008127335403,354.3008127335403,8276704.0,sample,2026-09-24 19:05:19.366983+00:00
MSFT,2022-12-12 00:00:00+00:00,354.16658475817854,360.14594779989386,351.59638897990806,356.970944134303,356.970944134303,9230787.0,sample,2026-09-24 19:05:19.366983+00:00
MSFT,2022-12-13 00:00:00+00:00,357.55771706217837,359.71614540162517,357.06869205594455,357.8341423352159,357.8341423352159,16838680.0,sample,2026-09-24 19:05:19.366983+00:00
MSFT,2022-12-14 00:00:00+00:00,358.1224989825671,360.81566159727385,356.585482273209,358.24923421275423,358.24923421275423,9720448.0,sample,2026-09-24 19:05:19.366983+00:00
MSFT,2022-12-15 00:00:00+00:00,358.3688134513691,361.246101410477,354.4300258387892,355.4255926106492,355.4255926106492,8243237.0,sample,2026-09-24 19:05:19.366983+00:00
MSFT,2022-12-16 00:00:00+00:00,356.08895896962883,359.1368134471412,346.82962246456134,349.74304814417604,349.74304814417604,9718970.0,sample,2026-09-24 19:05:19.366983+00:00
MSFT,2022-12-19 00:00:00+00:00,348.80037718836985,352.63276410933844,344.0604591485885,346.72680980960604,346.72680980960604,10591540.0,sample,2026-09-24 19:05:19.366983+00:00
MSFT,2022-12-20 00:00:00+00:00,347.12602840466974,354.2675136422316,343.77937593224266,351.29781239628403,351.29781239628403,13530703.0,sample,2026-09-24 19:05:19.366983+00:00
MSFT,2022-12-21 00:00:00+00:00,351.7950590292723,355.9342992426299,350.5170855737986,351.268255266228,351.268255266228,12639485.0,sample,2026-09-24 19:05:19.366983+00:00
MSFT,2022-12-22 00:00:00+00:00,351.89356505843165,356.15018432120183,349.4498588582811,353.00640301956605,353.00640301956605,4802883.0,sample,2026-09-24 19:05:19.366983+00:00
MSFT,2022-12-23 00:00:00+00:00,351.930897587933,360.399986564793,348.29406108621,356.34354264425144,356.34354264425144,14943369.0,sample,2026-09-24 19:05:19.366983+00:00
MSFT,2022-12-26 00:00:00+00:00,357.1168286403256,362.78080158408875,354.1809012613148,359.266269986601,359.266269986601,6756293.0,sample,2026-09-24 19:05:19.366983+00:00
MSFT,2022-12-27 00:00:00+00:00,358.4895854880639,360.2234692073029,344.7051393433647,345.97575609659043,345.97575609659043,3458996.0,sample,2026-09-24 19:05:19.366983+00:00
MSFT,2022-12-28 00:00:00+00:00,345.7365650977106,352.5941856417704,343.4807733027524,349.79110001388045,349.79110001388045,6114913.0,sample,2026-09-24 19:05:19.366983+00:00
MSFT,2022-12-29 00:00:00+00:00,350.4386858001911,351.9644426203054,348.06060095454313,350.43438901384854,350.43438901384854,10194957.0,sample,2026-09-24 19:05:19.366983+00:00
MSFT,2022-12-30 00:00:00+00:00,351.36379738110514,360.776072753202,350.242679138964,356.61118610642325,356.61118610642325,2841829.0,sample,2026-09-24 19:05:19.366983+00:00
MSFT,2023-01-02 00:00:00+00:00,357.15322343411225,369.5685123221068,355.37944584343063,367.21404922729704,367.21404922729704,16129311.0,sample,2026-09-24 19:05:19.366983+00:00
MSFT,2023-01-03 00:00:00+00:00,368.03851651515777,373.7930304524781,364.68378225448765,369.43002689657305,369.43002689657305,14666049.0,sample,2026-09-24 19:05:19.366983+00:00
MSFT,2023-01-04 00:00:00+00:00,368.9266708934648,376.9199393695187,364.57506161341723,374.02662498834076,374.02662498834076,13462407.0,sample,2026-09-24 19:05:19.366983+00:00
MSFT,2023-01-05 00:00:00+00:00,373.41810043754793,378.41680877090806,372.5047165881693,374.0483351283552,374.0483351283552,17489214.0,sample,2026-09-24 19:05:19.366983+00:00
MSFT,2023-01-06 00:00:00+00:00,375.0368001490524,378.93793416574266,373.6064179157585,378.04377204710113,378.04377204710113,2158420.0,sample,2026-09-24 19:05:19.366983+00:00
MSFT,2023-01-09 00:00:00+00:00,378.59412173044666,384.0697383457129,376.3093061591617,381.0242891246734,381.0242891246734,3282022.0,sample,2026-09-24 19:05:19.366983+00:00
MSFT,2023-01-10 00:00:00+00:00,380.29348794447117,384.3223116704255,372.9653670666643,375.58949935862586,375.58949935862586,17966595.0,sample,2026-09-24 19:05:19.366983+00:00
MSFT,2023-01-11 00:00:00+00:00,377.195264608783,389.4095744366608,375.2670030679779,387.0863690416226,387.0863690416226,8382701.0,sample,2026-09-24 19:05:19.366983+00:00
MSFT,2023-01-12 00:00:00+00:00,386.3198447923003,397.78383188074395,382.73549350862135,394.09433149873837,394.09433149873837,16714153.0,sample,2026-09-24 19:05:19.366983+00:00
MSFT,2023-01-13 00:00:00+00:00,395.6740709213467,411.75876270321385,393.121903949624,410.3552953764321,410.3552953764321,13864392.0,sample,2026-09-24 19:05:19.366983+00:00
MSFT,2023-01-16 00:00:00+00:00,408.9835717234326,411.8566113990031,405.0137029714154,407.816696335105,407.816696335105,11658852.0,sample,2026-09-24 19:05:19.366983+00:00
MSFT,2023-01-17 00:00:00+00:00,406.4677081066762,412.50262779466567,403.46733591791144,411.6058227401441,411.6058227401441,14115868.0,sample,2026-09-24 19:05:19.366983+00:00
MSFT,2023-01-18 00:00:00+00:00,410.87812483259415,415.580453164852,396.92896541989757,398.00818202134815,398.00818202134815,12980227.0,sample,2026-09-24 19:05:19.366983+00:00
MSFT,2023-01-19 00:00:00+00:00,397.09821652780425,401.6535749301728,389.47296157531537,389.9114805911746,389.9114805911746,8712595.0,sample,2026-09-24 19:05:19.366983+00:00
MSFT,2023-01-20 00:00:00+00:00,390.0127206258894,397.258021710521,386.6614767430265,393.68754087873816,393.68754087873816,13596819.0,sample,2026-09-24 19:05:19.366983+00:00
MSFT,2023-01-23 00:00:00+00:00,394.11328968216907,396.1538732174466,386.5516814405015,390.13118009312757,390.13118009312757,4874207.0,sample,2026-09-24 19:05:19.366983+00:00
MSFT,2023-01-24 00:00:00+00:00,390.92180810456836,395.58483117024105,385.7302163094226,389.61150226937457,389.61150226937457,2202651.0,sample,2026-09-24 19:05:19.366983+00:00
MSFT,2023-01-25 00:00:00+00:00,390.22578310651875,391.80562250190485,384.81254113782546,388.75444331744814,388.75444331744814,8259090.0,sample,2026-09-24 19:05:19.366983+00:00
MSFT,2023-01-26 00:00:00+00:00,389.07005129644375,392.02055499005996,379.4820408733123,381.61615769164933,381.61615769164933,4345595.0,sample,2026-09-24 19:05:19.366983+00:00
MSFT,2023-01-27 00:00:00+00:00,381.61217405382456,392.6121949419049,380.21350118514823,388.4993011237806,388.4993011237806,13161206.0,sample,2026-09-24 19:05:19.366983+00:00
MSFT,2023-01-30 00:00:00+00:00,388.2492237374841,397.9661234354924,385.86548670706816,397.26158613887895,397.26158613887895,7417542.0,sample,2026-09-24 19:05:19.366983+00:00
MSFT,2023-01-31 00:00:00+00:00,396.98105203197025,417.4453199585948,394.173007002094,412.6010902403071,412.6010902403071,10573478.0,sample,2026-09-24 19:05:19.366983+00:00
MSFT,2023-02-01 00:00:00+00:00,413.27116819846117,415.383917553998,403.8362780728246,406.7048500772822,406.7048500772822,4252323.0,sample,2026-09-24 19:05:19.366983+00:00
MSFT,2023-02-02 00:00:00+00:00,405.8334732380773,410.31255472250695,403.0161407806926,405.9791614438556,405.9791614438556,11711796.0,sample,2026-09-24 19:05:19.366983+00:00
MSFT,2023-02-03 00:00:00+00:00,407.5807741097882,409.90325366904517,398.01187385243935,400.9401304015729,400.9401304015729,11339863.0,sample,2026-09-24 19:05:19.366983+00:00
MSFT,2023-02-06 00:00:00+00:00,399.86943724485343,402.41528303962207,394.9236035276259,395.7168747571532,395.7168747571532,8518672.0,sample,2026-09-24 19:05:19.366983+00:00
MSFT,2023-02-07 00:00:00+00:00,395.88110921892473,406.7223434812598,394.7982495221121,402.86742014534144,402.86742014534144,12425692.0,sample,2026-09-24 19:05:19.366983+00:00
MSFT,2023-02-08 00:00:00+00:00,402.59908503685085,419.70354787383843,399.66992474373654,418.04836028445584,418.04836028445584,6084867.0,sample,2026-09-24 19:05:19.366983+00:00
MSFT,2023-02-09 00:00:00+00:00,417.6519273786032,419.3056549405576,411.8192218799918,416.1727964092932,416.1727964092932,10885616.0,sample,2026-09-24 19:05:19.366983+00:00
MSFT,2023-02-10 00:00:00+00:00,416.61062152412813,421.220516753719,410.9412112182332,415.7453544528538,415.7453544528538,7890224.0,sample,2026-09-24 19:05:19.366983+00:00
MSFT,2023-02-13 00:00:00+00:00,415.11756335854466,419.44347737076083,409.3340924500486,410.9432909649135,410.9432909649135,11469887.0,sample,2026-09-24 19:05:19.366983+00:00
MSFT,2023-02-14 00:00:00+00:00,411.3207689308984,413.0812634324184,400.41570717849817,403.05941909952594,403.05941909952594,4397209.0,sample,2026-09-24 19:05:19.366983+00:00
MSFT,2023-02-15 00:00:00+00:00,404.6048632889537,405.2616538067429,393.0438636685396,395.48924170569325,395.48924170569325,8487913.0,sample,2026-09-24 19:05:19.366983+00:00
MSFT,2023-02-16 00:00:00+00:00,394.73845437400644,402.0007890487247,390.3693707657189,401.05360241492826,401.05360241492826,11716200.0,sample,2026-09-24 19:05:19.366983+00:00
MSFT,2023-02-17 00:00:00+00:00,401.1373183596443,407.1209645087076,399.09499190138433,406.2337313676417,406.2337313676417,9140648.0,sample,2026-09-24 19:05:19.366983+00:00
MSFT,2023-02-20 00:00:00+00:00,406.1085976328103,409.1837080897815,404.50714342771533,407.57866923433187,407.57866923433187,9475551.0,sample,2026-09-24 19:05:19.366983+00:00
MSFT,2023-02-21 00:00:00+00:00,407.2908928276736,409.54557941148437,404.0935530388141,406.2543919005153,406.2543919005153,2459403.0,sample,2026-09-24 19:05:19.366983+00:00
MSFT,2023-02-22 00:00:00+00:00,406.03018585600245,407.43096847040823,386.9911359098909,391.5101254159635,391.5101254159635,4465936.0,sample,2026-09-24 19:05:19.366983+00:00
MSFT,2023-02-23 00:00:00+00:00,393.0263614307048,394.3341635747622,386.0097247036625,386.41143923634246,386.41143923634246,3161973.0,sample,2026-09-24 19:05:19.366983+00:00
MSFT,2023-02-24 00:00:00+00:00,387.44990924889305,387.9619171373298,384.91663451439945,386.55000985246875,386.55000985246875,14715805.0,sample,2026-09-24 19:05:19.366983+00:00
MSFT,2023-02-27 00:00:00+00:00,386.3596537239117,390.9692651960644,377.28061533473254,379.4778453195952,379.4778453195952,6498606.0,sample,2026-09-24 19:05:19.366983+00:00
MSFT,2023-02-28 00:00:00+00:00,379.3101943705478,382.8721603841131,376.36623398624477,381.43218274297914,381.43218274297914,5244418.0,sample,2026-09-24 19:05:19.366983+00:00
MSFT,2023-03-01 00:00:00+00:00,381.10449267819905,390.19987120274334,379.00575221042845,389.303399241093,389.303399241093,11862690.0,sample,2026-09-24 19:05:19.366983+00:00
MSFT,2023-03-02 00:00:00+00:00,389.1463290620443,391.6914040194114,385.2159962851976,387.2319499253652,387.2319499253652,1606068.0,sample,2026-09-24 19:05:19.366983+00:00
MSFT,2023-03-03 00:00:00+00:00,387.81579154929614,390.6682136387806,386.78856744099653,387.8961983243993,387.8961983243993,8453812.0,sample,2026-09-24 19:05:19.366983+00:00
MSFT,2023-03-06 00:00:00+00:00,387.24142970631016,391.59983216207803,382.6373588627208,383.8642123664547,383.8642123664547,14769900.0,sample,2026-09-24 19:05:19.366983+00:00
MSFT,2023-03-07 00:00:00+00:00,385.36041551669155,389.70822908863113,383.98470447253703,386.41525991561497,386.41525991561497,5721511.0,sample,2026-09-24 19:05:19.366983+00:00
MSFT,2023-03-08 00:00:00+00:00,385.35866502135116,389.5553788371314,383.0715002394827,388.4085175229731,388.4085175229731,5772625.0,sample,2026-09-24 19:05:19.366983+00:00
MSFT,2023-03-09 00:00:00+00:00,388.458264863145,389.3073184536543,372.5292447616571,376.8386973999109,376.8386973999109,15522955.0,sample,2026-09-24 19:05:19.366983+00:00
MSFT,2023-03-10 00:00:00+00:00,376.5849723016762,378.8404399562154,367.594005189644,372.00695416897383,372.00695416897383,12655261.0,sample,2026-09-24 19:05:19.366983+00:00
MSFT,2023-03-13 00:00:00+00:00,371.2166617753928,373.1151862002541,361.0963653839161,362.43272233048003,362.43272233048003,13683693.0,sample,2026-09-24 19:05:19.366983+00:00
MSFT,2023-03-14 00:00:00+00:00,363.8221248934964,369.5926688864238,362.75733878844176,366.82439116307205,366.82439116307205,6091620.0,sample,2026-09-24 19:05:19.366983+00:00
MSFT,2023-03-15 00:00:00+00:00,366.9237597655205,378.42785161421665,365.99833967160697,374.44139769495376,374.44139769495376,17616583.0,sample,2026-09-24 19:05:19.366983+00:00
MSFT,2023-03-16 00:00:00+00:00,375.26455733619116,380.73688099613486,372.9408754516522,376.60770460328763,376.60770460328763,10052083.0,sample,2026-09-24 19:05:19.366983+00:00
MSFT,2023-03-17 00:00:00+00:00,376.44566866526685,378.38274717576667,362.03309733371344,366.28492182158953,366.28492182158953,14251093.0,sample,2026-09-24 19:05:19.366983+00:00
MSFT,2023-03-20 00:00:00+00:00,365.39379420818915,367.7690098923352,360.0082757660058,363.50539105777494,363.50539105777494,6198455.0,sample,2026-09-24 19:05:19.366983+00:00
MSFT,2023-03-21 00:00:00+00:00,365.3648675515572,368.8037301904476,349.8182711345449,352.85503612650166,352.85503612650166,10281468.0,sample,2026-09-24 19:05:19.366983+00:00
MSFT,2023-03-22 00:00:00+00:00,353.1514973349286,364.05045264262395,352.69861475029916,360.88271525761303,360.88271525761303,2918660.0,sample,2026-09-24 19:05:19.366983+00:00
MSFT,2023-03-23 00:00:00+00:00,361.03320642742074,362.545997646097,354.565951607839,357.40409360590627,357.40409360590627,3586587.0,sample,2026-09-24 19:05:19.366983+00:00
MSFT,2023-03-24 00:00:00+00:00,357.16073232595335,361.8023700186241,356.29403650351674,357.7859570991704,357.7859570991704,7779573.0,sample,2026-09-24 19:05:19.366983+00:00
MSFT,2023-03-27 00:00:00+00:00,358.74078322359946,359.60145002473644,353.3514093321838,354.4957259745152,354.4957259745152,7745858.0,sample,2026-09-24 19:05:19.366983+00:00
MSFT,2023-03-28 00:00:00+00:00,353.2228049156549,366.73184378049336,352.2316286950849,362.65929327480615,362.65929327480615,15029150.0,sample,2026-09-24 19:05:19.366983+00:00
MSFT,2023-03-29 00:00:00+00:00,364.0116056190788,367.06017868860846,353.58445478585855,355.3490994536622,355.3490994536622,1652643.0,sample,2026-09-24 19:05:19.366983+00:00
MSFT,2023-03-30 00:00:00+00:00,355.4802937418116,365.7804616261679,352.9045101787483,364.69126980059116,364.69126980059116,12377053.0,sample,2026-09-24 19:05:19.366983+00:00
MSFT,2023-03-31 00:00:00+00:00,363.19459352104144,367.5867919066361,361.99993415296103,367.17151017263285,367.17151017263285,10928079.0,sample,2026-09-24 19:05:19.366983+00:00
MSFT,2023-04-03 00:00:00+00:00,367.36986563229885,369.46775573593624,360.15065509117255,363.3649522305108,363.3649522305108,17512017.0,sample,2026-09-24 19:05:19.366983+00:00
MSFT,2023-04-04 00:00:00+00:00,364.07968820720765,364.71578679079613,354.4543721271612,358.1518658855363,358.1518658855363,11174797.0,sample,2026-09-24 19:05:19.366983+00:00
MSFT,2023-04-05 00:00:00+00:00,359.13753948779214,369.2015908381139,355.9289078490713,365.72678989820514,365.72678989820514,3798743.0,sample,2026-09-24 19:05:19.366983+00:00
MSFT,2023-04-06 00:00:00+00:00,365.685322428091,367.97670071981446,360.6370827402351,364.3913402729029,364.3913402729029,15762956.0,sample,2026-09-24 19:05:19.366983+00:00
MSFT,2023-04-07 00:00:00+00:00,365.47711477909706,370.24214480914145,361.2886679705904,367.05446566213783,367.05446566213783,5165478.0,sample,2026-09-24 19:05:19.366983+00:00
MSFT,2023-04-10 00:00:00+00:00,366.3210014458143,369.8005268092594,364.4229612226013,365.98368413016954,365.98368413016954,9232204.0,sample,2026-09-24 19:05:19.366983+00:00
MSFT,2023-04-11 00:00:00+00:00,366.02331407617083,376.50024766501633,363.77309345374505,373.4746962171254,373.4746962171254,14361569.0,sample,2026-09-24 19:05:19.366983+00:00
MSFT,2023-04-12 00:00:00+00:00,372.7195078748496,375.9208396511016,370.3309046917997,373.9115666364233,373.9115666364233,3117167.0,sample,2026-09-24 19:05:19.366983+00:00
MSFT,2023-04-13 00:00:00+00:00,374.01187789544133,377.50735212624915,371.97720544017153,376.75640540407244,376.75640540407244,14011284.0,sample,2026-09-24 19:05:19.366983+00:00
MSFT,2023-04-14 00:00:00+00:00,376.64260737052894,380.9059471741626,372.70638724463583,379.5799155023622,379.5799155023622,1670761.0,sample,2026-09-24 19:05:19.366983+00:00
MSFT,2023-04-17 00:00:00+00:00,377.8986930866619,391.81963774622375,377.05812608102076,391.3851793223184,391.3851793223184,4261795.0,sample,2026-09-24 19:05:19.366983+00:00
MSFT,2023-04-18 00:00:00+00:00,391.3193155423683,398.4170207623191,389.5709994151693,394.70685715478146,394.70685715478146,14954838.0,sample,2026-09-24 19:05:19.366983+00:00
MSFT,2023-04-19 00:00:00+00:00,394.9861168804127,399.0297723376435,382.87282682923245,383.3285508729547,383.3285508729547,12967539.0,sample,2026-09-24 19:05:19.366983+00:00
MSFT,2023-04-20 00:00:00+00:00,383.2492028025726,402.1520595465279,379.4298067674527,399.33635778467243,399.33635778467243,17974680.0,sample,2026-09-24 19:05:19.366983+00:00
MSFT,2023-04-21 00:00:00+00:00,398.6685628042199,408.60939566277597,397.8354369498675,405.3461289856678,405.3461289856678,7169580.0,sample,2026-09-24 19:05:19.366983+00:00
MSFT,2023-04-24 00:00:00+00:00,405.4920106375611,409.7928016814496,399.70403157477733,402.40704582205876,402.40704582205876,7987752.0,sample,2026-09-24 19:05:19.366983+00:00
MSFT,2023-04-25 00:00:00+00:00,402.270170249951,406.7423428397961,395.372770458149,399.27867359647587,399.27867359647587,16440412.0,sample,2026-09-24 19:05:19.366983+00:00
MSFT,2023-04-26 00:00:00+00:00,398.9322147350158,411.37039697704716,397.09594407944917,408.542117776203,408.542117776203,8642182.0,sample,2026-09-24 19:05:19.366983+00:00
MSFT,2023-04-27 00:00:00+00:00,408.597590238637,411.81561804393283,404.1765766787215,409.44597108363155,409.44597108363155,5076319.0,sample,2026-09-24 19:05:19.366983+00:00
MSFT,2023-04-28 00:00:00+00:00,409.366063016684,411.07894892734504,404.6140226187891,409.1701575516777,409.1701575516777,13034922.0,sample,2026-09-24 19:05:19.366983+00:00
MSFT,2023-05-01 00:00:00+00:00,408.43442330689913,410.31126633334236,386.87699034618953,391.05553628683464,391.05553628683464,6611315.0,sample,2026-09-24 19:05:19.366983+00:00
MSFT,2023-05-02 00:00:00+00:00,390.3665816017903,395.7574170697936,389.9256864436941,393.34933228161856,393.34933228161856,8854472.0,sample,2026-09-24 19:05:19.366983+00:00
MSFT,2023-05-03 00:00:00+00:00,394.39533564002824,399.1120531305915,388.44791374802327,392.3883059076411,392.3883059076411,7887866.0,sample,2026-09-24 19:05:19.366983+00:00
MSFT,2023-05-04 00:00:00+00:00,391.13173454653696,408.839951856922,387.82000851221,406.7407310260915,406.7407310260915,15289325.0,sample,2026-09-24 19:05:19.366983+00:00
MSFT,2023-05-05 00:00:00+00:00,406.4522803305044,410.2272458096227,402.5010630946052,406.6838999613956,406.6838999613956,4425810.0,sample,2026-09-24 19:05:19.366983+00:00
MSFT,2023-05-08 00:00:00+00:00,406.3189396502273,409.24906168396916,401.4386476885041,402.8140347215269,402.8140347215269,9712760.0,sample,2026-09-24 19:05:19.366983+00:00
MSFT,2023-05-09 00:00:00+00:00,403.3600824432198,407.67975019497635,402.8872634718133,405.59836878172206,405.59836878172206,5598246.0,sample,2026-09-24 19:05:19.366983+00:00
MSFT,2023-05-10 00:00:00+00:00,405.2262319125629,415.126156648381,403.77042233814046,411.5615309551697,411.5615309551697,11336984.0,sample,2026-09-24 19:05:19.366983+00:00
MSFT,2023-05-11 00:00:00+00:00,411.75043234581943,420.429352586579,406.81581494975626,415.6862723284603,415.6862723284603,16430186.0,sample,2026-09-24 19:05:19.366983+00:00
MSFT,2023-05-12 00:00:00+00:00,415.7230562346802,422.37541130347165,414.00272389263466,417.94984291165434,417.94984291165434,8871868.0,sample,2026-09-24 19:05:19.366983+00:00
MSFT,2023-05-15 00:00:00+00:00,418.7521762492481,426.19226807207457,415.3306417985766,424.4015940897474,424.4015940897474,13662176.0,sample,2026-09-24 19:05:19.366983+00:00
MSFT,2023-05-16 00:00:00+00:00,424.4183422971566,428.73349532956166,414.5203020016124,415.41905664565684,415.41905664565684,12007490.0,sample,2026-09-24 19:05:19.366983+00:00
MSFT,2023-05-17 00:00:00+00:00,415.08001534309693,418.18974880327295,403.12956604372596,407.08454393949836,407.08454393949836,5378779.0,sample,2026-09-24 19:05:19.366983+00:00
MSFT,2023-05-18 00:00:00+00:00,406.24320170754186,413.8479338031806,401.99226259125726,412.3938450765891,412.3938450765891,10563438.0,sample,2026-09-24 19:05:19.366983+00:00
MSFT,2023-05-19 00:00:00+00:00,412.09929147594215,420.3925862346763,411.21971987377486,417.7566539165478,417.7566539165478,11743956.0,sample,2026-09-24 19:05:19.366983+00:00
MSFT,2023-05-22 00:00:00+00:00,418.2940873964061,421.63821924311924,414.2945120899772,418.0052037560919,418.0052037560919,15848092.0,sample,2026-09-24 19:05:19.366983+00:00
MSFT,2023-05-23 00:00:00+00:00,418.14487103137003,420.55932165426424,399.5170724719308,403.09736758465505,403.09736758465505,15137288.0,sample,2026-09-24 19:05:19.366983+00:00
MSFT,2023-05-24 00:00:00+00:00,402.04932039606393,403.4998669283626,393.28984991247347,395.64937890678385,395.64937890678385,2061873.0,sample,2026-09-24 19:05:19.366983+00:00
MSFT,2023-05-25 00:00:00+00:00,395.9645900253568,397.47556469658554,372.14538919078984,373.3484174244649,373.3484174244649,5263206.0,sample,2026-09-24 19:05:19.366983+00:00
MSFT,2023-05-26 00:00:00+00:00,372.58874843827914,393.0079253549663,369.97432639447896,391.3024612892039,391.3024612892039,13134226.0,sample,2026-09-24 19:05:19.366983+00:00
MSFT,2023-05-29 00:00:00+00:00,391.50386311149487,396.80355407182435,390.08290258217295,395.8579101426786,395.8579101426786,7381881.0,sample,2026-09-24 19:05:19.366983+00:00
MSFT,2023-05-30 00:00:00+00:00,396.2485323292482,407.08283410886213,392.87898737552746,402.8139271672319,402.8139271672319,5182573.0,sample,2026-09-24 19:05:19.366983+00:00
MSFT,2023-05-31 00:00:00+00:00,401.3579216350685,407.9046338120194,396.6625783055761,404.185656585238,404.185656585238,9491688.0,sample,2026-09-24 19:05:19.366983+00:00
MSFT,2023-06-01 00:00:00+00:00,404.55995142333575,406.4364437768781,392.2882073250049,396.7644995823156,396.7644995823156,12455487.0,sample,2026-09-24 19:05:19.366983+00:00
MSFT,2023-06-02 00:00:00+00:00,397.12827284198295,403.38176708127685,396.295482352036,402.3649713091294,402.3649713091294,8762885.0,sample,2026-09-24 19:05:19.366983+00:00
MSFT,2023-06-05 00:00:00+00:00,400.34815940971043,402.76760500355203,393.425858221554,397.1540865523581,397.1540865523581,4512079.0,sample,2026-09-24 19:05:19.366983+00:00
MSFT,2023-06-06 00:00:00+00:00,397.92174651101493,399.04486074035106,395.3316313253403,396.85017185064504,396.85017185064504,2377432.0,sample,2026-09-24 19:05:19.366983+00:00
MSFT,2023-06-07 00:00:00+00:00,395.97664569785263,400.08645860274623,383.08081929607187,386.70435150955393,386.70435150955393,5058585.0,sample,2026-09-24 19:05:19.366983+00:00
MSFT,2023-06-08 00:00:00+00:00,385.7298230477962,388.268029511148,376.95444294140793,377.9986800347565,377.9986800347565,2274791.0,sample,2026-09-24 19:05:19.366983+00:00
MSFT,2023-06-09 00:00:00+00:00,377.1104670405516,388.75439471855753,374.5249093796083,386.33218015426723,386.33218015426723,3140566.0,sample,2026-09-24 19:05:19.366983+00:00
MSFT,2023-06-12 00:00:00+00:00,385.33484009005934,394.34644337923356,381.38256840308856,392.26141947219674,392.26141947219674,13648318.0,sample,2026-09-24 19:05:19.366983+00:00
MSFT,2023-06-13 00:00:00+00:00,392.8221194965709,394.1970244529289,381.9092416564034,383.13844816740004,383.13844816740004,6805974.0,sample,2026-09-24 19:05:19.366983+00:00
MSFT,2023-06-14 00:00:00+00:00,383.56075927614773,391.4330748571746,382.72228802317437,387.6461574450665,387.6461574450665,15876702.0,sample,2026-09-24 19:05:19.366983+00:00
MSFT,2023-06-15 00:00:00+00:00,389.08541416126354,391.42783928925394,385.0647765068574,385.64695440221163,385.64695440221163,1811433.0,sample,2026-09-24 19:05:19.366983+00:00
MSFT,2023-06-16 00:00:00+00:00,386.53193980497394,390.3892180812326,385.2142372620884,387.9387077509898,387.9387077509898,17589722.0,sample,2026-09-24 19:05:19.366983+00:00
MSFT,2023-06-19 00:00:00+00:00,388.72961350146943,405.82836537894264,387.95276098431674,402.4281646979588,402.4281646979588,12584915.0,sample,2026-09-24 19:05:19.366983+00:00
MSFT,2023-06-20 00:00:00+00:00,403.0098594526582,407.6148023554693,398.9845476584811,402.11458569803483,402.11458569803483,12224458.0,sample,2026-09-24 19:05:19.366983+00:00
MSFT,2023-06-21 00:00:00+00:00,401.0147151349432,406.1371864232587,400.38519788663126,402.90569389943334,402.90569389943334,10091474.0,sample,2026-09-24 19:05:19.366983+00:00
MSFT,2023-06-22 00:00:00+00:00,401.28294973038084,410.6923243930923,398.99592979485703,407.5426241028738,407.5426241028738,9662480.0,sample,2026-09-24 19:05:19.366983+00:00
MSFT,2023-06-23 00:00:00+00:00,407.0856235213745,408.8289719638212,400.7236115235795,405.0144331320367,405.0144331320367,11553587.0,sample,2026-09-24 19:05:19.366983+00:00
MSFT,2023-06-26 00:00:00+00:00,405.589933087643,418.1339652747165,405.13768453921693,414.4350879517158,414.4350879517158,14483508.0,sample,2026-09-24 19:05:19.366983+00:00
MSFT,2023-06-27 00:00:00+00:00,414.50461275171665,415.94398859974234,406.5711395982929,407.3200359354961,407.3200359354961,11705905.0,sample,2026-09-24 19:05:19.366983+00:00
MSFT,2023-06-28 00:00:00+00:00,408.1326275571092,409.29059231785766,398.7814006774278,401.6803179586879,401.6803179586879,11714967.0,sample,2026-09-24 19:05:19.366983+00:00
MSFT,2023-06-29 00:00:00+00:00,400.73178830733224,401.9153228426156,393.76559648539444,396.21648671208163,396.21648671208163,9501245.0,sample,2026-09-24 19:05:19.366983+00:00
MSFT,2023-06-30 00:00:00+00:00,397.0667852004965,400.0599414081515,396.61975217398657,397.28632493035224,397.28632493035224,8320754.0,sample,2026-09-24 19:05:19.366983+00:00
MSFT,2023-07-03 00:00:00+00:00,396.7981928121983,420.1550060171485,396.01287778154733,417.06791047206775,417.06791047206775,3676272.0,sample,2026-09-24 19:05:19.366983+00:00
MSFT,2023-07-04 00:00:00+00:00,414.8813465058351,416.67999358032955,408.64915589723483,413.28436817357493,413.28436817357493,6500081.0,sample,2026-09-24 19:05:19.366983+00:00
MSFT,2023-07-05 00:00:00+00:00,412.19449992317595,414.2217258276307,405.86858417814693,410.2540512604251,410.2540512604251,16143389.0,sample,2026-09-24 19:05:19.366983+00:00
MSFT,2023-07-06 00:00:00+00:00,410.25656434392505,418.0075168576223,407.65389588850877,417.16129351777283,417.16129351777283,12390300.0,sample,2026-09-24 19:05:19.366983+00:00
MSFT,2023-07-07 00:00:00+00:00,417.2900285544634,418.52189564378597,408.306940253494,412.9136873768504,412.9136873768504,15478562.0,sample,2026-09-24 19:05:19.366983+00:00
MSFT,2023-07-10 00:00:00+00:00,412.78452852935834,417.24346846618084,408.16094703940445,410.0159138589621,410.0159138589621,14106491.0,sample,2026-09-24 19:05:19.366983+00:00
MSFT,2023-07-11 00:00:00+00:00,409.8116550495085,415.132938087449,405.7699300215296,410.29530439319336,410.29530439319336,8352459.0,sample,2026-09-24 19:05:19.366983+00:00
MSFT,2023-07-12 00:00:00+00:00,409.91205438892484,411.68362908541906,395.5613724822286,399.7488890035501,399.7488890035501,13928895.0,sample,2026-09-24 19:05:19.366983+00:00
MSFT,2023-07-13 00:00:00+00:00,400.19988521156097,402.16400652076607,397.63849978879284,399.30160245357786,399.30160245357786,7865715.0,sample,2026-09-24 19:05:19.366983+00:00
MSFT,2023-07-14 00:00:00+00:00,398.4095011462283,404.7479009184711,394.68480132531016,402.2324319040403,402.2324319040403,13772464.0,sample,2026-09-24 19:05:19.366983+00:00
MSFT,2023-07-17 00:00:00+00:00,402.390161642209,406.73338640340927,400.0695594512181,405.33646637123746,405.33646637123746,10144579.0,sample,2026-09-24 19:05:19.366983+00:00
MSFT,2023-07-18 00:00:00+00:00,404.92876597918126,408.8085299647559,397.18070060976936,398.4316010352212,398.4316010352212,17205256.0,sample,2026-09-24 19:05:19.366983+00:00
MSFT,2023-07-19 00:00:00+00:00,398.4376966441807,416.65212584373165,396.8796510907906,415.47057276003534,415.47057276003534,6731524.0,sample,2026-09-24 19:05:19.366983+00:00
MSFT,2023-07-20 00:00:00+00:00,415.5578473012475,416.96862661277055,403.4400814351524,404.12883141177156,404.12883141177156,4371099.0,sample,2026-09-24 19:05:19.366983+00:00
MSFT,2023-07-21 00:00:00+00:00,404.73875038296364,406.26878324236986,394.4313030008496,396.025539113204,396.025539113204,3000204.0,sample,2026-09-24 19:05:19.366983+00:00
MSFT,2023-07-24 00:00:00+00:00,395.41319813156423,397.5172121525792,383.0742852271108,386.0477910102883,386.0477910102883,15501096.0,sample,2026-09-24 19:05:19.366983+00:00
MSFT,2023-07-25 00:00:00+00:00,386.07429243128115,387.2863803984262,372.74044243782544,374.5741336344336,374.5741336344336,10597558.0,sample,2026-09-24 19:05:19.366983+00:00
MSFT,2023-07-26 00:00:00+00:00,373.38032318956743,377.0626705207237,368.18050811463166,370.71726235483476,370.71726235483476,16165890.0,sample,2026-09-24 19:05:19.366983+00:00
MSFT,2023-07-27 00:00:00+00:00,371.6429772216651,375.21042091788496,360.1896552427467,360.7609310977006,360.7609310977006,15842642.0,sample,2026-09-24 19:05:19.366983+00:00
MSFT,2023-07-28 00:00:00+00:00,360.80559013689754,367.15716915090337,359.7317587557434,364.9670461076892,364.9670461076892,12110814.0,sample,2026-09-24 19:05:19.366983+00:00
MSFT,2023-07-31 00:00:00+00:00,365.0478069434198,368.85891872202063,360.8416320066889,362.74127005339807,362.74127005339807,17248461.0,sample,2026-09-24 19:05:19.366983+00:00
MSFT,2023-08-01 00:00:00+00:00,363.7035054630126,371.5518722071985,362.0812726494919,368.7150369509117,368.7150369509117,17572585.0,sample,2026-09-24 19:05:19.366983+00:00
MSFT,2023-08-02 00:00:00+00:00,369.63508221479816,373.10788082623816,364.36748988901525,366.04951064761457,366.04951064761457,4119977.0,sample,2026-09-24 19:05:19.366983+00:00
MSFT,2023-08-03 00:00:00+00:00,366.69295458109457,368.5369251942344,360.6470441352654,364.17863006393617,364.17863006393617,2449195.0,sample,2026-09-24 19:05:19.366983+00:00
MSFT,2023-08-04 00:00:00+00:00,365.43255813817376,369.0853141292047,361.24631779334015,365.4061101882964,365.4061101882964,4548128.0,sample,2026-09-24 19:05:19.366983+00:00
MSFT,2023-08-07 00:00:00+00:00,366.6577444145015,372.3929856061433,366.0230251988904,369.56915461755585,369.56915461755585,16188096.0,sample,2026-09-24 19:05:19.366983+00:00
MSFT,2023-08-08 00:00:00+00:00,369.85225662869954,372.9615190588587,364.9272534312998,366.5358336839451,366.5358336839451,5400319.0,sample,2026-09-24 19:05:19.366983+00:00
MSFT,2023-08-09 00:00:00+00:00,366.97357225833275,368.9357949240569,363.9136876889708,367.59745335002845,367.59745335002845,4024330.0,sample,2026-09-24 19:05:19.366983+00:00
MSFT,2023-08-10 00:00:00+00:00,368.05198694688096,372.40085585261045,364.8121847744708,371.78869112324577,371.78869112324577,17102441.0,sample,2026-09-24 19:05:19.366983+00:00
MSFT,2023-08-11 00:00:00+00:00,371.83915740266485,374.12895814547124,362.65482584610817,364.40627086561494,364.40627086561494,15404683.0,sample,2026-09-24 19:05:19.366983+00:00
MSFT,2023-08-14 00:00:00+00:00,364.72193304494226,369.04762228124804,357.2033765994828,360.8579357079139,360.8579357079139,16477262.0,sample,2026-09-24 19:05:19.366983+00:00
MSFT,2023-08-15 00:00:00+00:00,359.8641467219794,365.98488196629955,355.75652036132425,362.52077704010986,362.52077704010986,15125350.0,sample,2026-09-24 19:05:19.366983+00:00
MSFT,2023-08-16 00:00:00+00:00,363.5955470446224,365.14201265897947,359.7243234456406,363.4371994324777,363.4371994324777,17503875.0,sample,2026-09-24 19:05:19.366983+00:00
MSFT,2023-08-17 00:00:00+00:00,364.1001133489482,365.0148054459757,359.94722340067733,364.20651224540546,364.20651224540546,17955287.0,sample,2026-09-24 19:05:19.366983+00:00
MSFT,2023-08-18 00:00:00+00:00,364.10921279139177,369.33783572861455,361.2121212908956,367.89170549345454,367.89170549345454,10656348.0,sample,2026-09-24 19:05:19.366983+00:00
MSFT,2023-08-21 00:00:00+00:00,368.7487841909881,370.5786420105058,363.76355362358413,367.9940049506392,367.9940049506392,3279547.0,sample,2026-09-24 19:05:19.366983+00:00
MSFT,2023-08-22 00:00:00+00:00,367.15406708232325,382.0324633668619,364.67980576313533,377.60748198029086,377.60748198029086,10181996.0,sample,2026-09-24 19:05:19.366983+00:00
MSFT,2023-08-23 00:00:00+00:00,377.70037657155603,386.17259742090965,373.3465307474911,384.0278009039605,384.0278009039605,8974808.0,sample,2026-09-24 19:05:19.366983+00:00
MSFT,2023-08-24 00:00:00+00:00,383.93165244950336,387.34531534325595,379.50835138896934,382.48645246900713,382.48645246900713,10489301.0,sample,2026-09-24 19:05:19.366983+00:00
MSFT,2023-08-25 00:00:00+00:00,381.63550203918936,388.28535244598925,378.794013543138,384.51357758469624,384.51357758469624,16509886.0,sample,2026-09-24 19:05:19.366983+00:00
MSFT,2023-08-28 00:00:00+00:00,384.5695794807092,392.08854188367616,383.33976526223614,391.35106801267494,391.35106801267494,6143619.0,sample,2026-09-24 19:05:19.366983+00:00
MSFT,2023-08-29 00:00:00+00:00,392.28255138974333,396.1088351575945,390.2149371451779,390.9097836331845,390.9097836331845,14372721.0,sample,2026-09-24 19:05:19.366983+00:00
MSFT,2023-08-30 00:00:00+00:00,391.4849433072685,392.0629297799515,387.5713092220449,388.2658717287138,388.2658717287138,16065317.0,sample,2026-09-24 19:05:19.366983+00:00
MSFT,2023-08-31 00:00:00+00:00,387.65852316115564,390.698373191311,380.16031425620696,383.4666612644699,383.4666612644699,10616919.0,sample,2026-09-24 19:05:19.366983+00:00
MSFT,2023-09-01 00:00:00+00:00,383.1577344546782,386.7088931721335,369.7032796325476,370.96621479090004,370.96621479090004,4740344.0,sample,2026-09-24 19:05:19.366983+00:00
MSFT,2023-09-04 00:00:00+00:00,370.67864200185124,374.22443587261336,368.3138194936029,372.707978232463,372.707978232463,12380594.0,sample,2026-09-24 19:05:19.366983+00:00
MSFT,2023-09-05 00:00:00+00:00,372.3507475756368,383.89119126491266,369.753821276709,379.39531698105145,379.39531698105145,15726010.0,sample,2026-09-24 19:05:19.366983+00:00
MSFT,2023-09-06 00:00:00+00:00,378.95603063302576,382.0537199359843,375.7170403138544,378.98852660890725,378.98852660890725,10520831.0,sample,2026-09-24 19:05:19.366983+00:00
MSFT,2023-09-07 00:00:00+00:00,377.8228171105543,381.22369774308714,361.3095356931692,364.4129716324312,364.4129716324312,5940099.0,sample,2026-09-24 19:05:19.366983+00:00
MSFT,2023-09-08 00:00:00+00:00,364.437161375462,370.06035502095267,363.85508212805445,366.27215744153585,366.27215744153585,8870463.0,sample,2026-09-24 19:05:19.366983+00:00
MSFT,2023-09-11 00:00:00+00:00,367.41309801178994,371.2147996130603,362.7879825483401,367.0027948510057,367.0027948510057,16279738.0,sample,2026-09-24 19:05:19.366983+00:00
MSFT,2023-09-12 00:00:00+00:00,366.4513456247744,368.17770683657835,351.56930557639555,352.77414739184593,352.77414739184593,6763886.0,sample,2026-09-24 19:05:19.366983+00:00
MSFT,2023-09-13 00:00:00+00:00,352.7535848594975,355.17255686488386,346.68896619256543,348.45921767337836,348.45921767337836,13723928.0,sample,2026-09-24 19:05:19.366983+00:00
MSFT,2023-09-14 00:00:00+00:00,346.37648588412225,348.1663381774509,339.0486111828856,342.9638384068062,342.9638384068062,14487344.0,sample,2026-09-24 19:05:19.366983+00:00
MSFT,2023-09-15 00:00:00+00:00,342.77406808187305,346.1576787866359,342.15343161728043,345.5127140979968,345.5127140979968,15897978.0,sample,2026-09-24 19:05:19.366983+00:00
MSFT,2023-09-18 00:00:00+00:00,346.92536111725,352.11659539884414,345.87312260541637,348.644506891964,348.644506891964,2599357.0,sample,2026-09-24 19:05:19.366983+00:00
MSFT,2023-09-19 00:00:00+00:00,349.34583068579093,357.9741768226947,346.99225983815535,357.4414310938165,357.4414310938165,5305007.0,sample,2026-09-24 19:05:19.366983+00:00
MSFT,2023-09-20 00:00:00+00:00,356.51896671396406,363.10384688944816,354.2338453372876,359.51337241439654,359.51337241439654,8186097.0,sample,2026-09-24 19:05:19.366983+00:00
MSFT,2023-09-21 00:00:00+00:00,359.69842170750854,374.72035386806346,356.1038039400768,370.62694306141196,370.62694306141196,14313112.0,sample,2026-09-24 19:05:19.366983+00:00
MSFT,2023-09-22 00:00:00+00:00,370.29829878983264,372.41193171268486,363.5266193950126,366.9005975996829,366.9005975996829,5565558.0,sample,2026-09-24 19:05:19.366983+00:00
MSFT,2023-09-25 00:00:00+00:00,365.0014463990178,370.7438831357529,360.6573502164573,367.2493427997321,367.2493427997321,15407864.0,sample,2026-09-24 19:05:19.366983+00:00
MSFT,2023-09-26 00:00:00+00:00,367.18947141267796,369.14200675642286,365.05539276150466,367.34720684721907,367.34720684721907,11501781.0,sample,2026-09-24 19:05:19.366983+00:00
MSFT,2023-09-27 00:00:00+00:00,367.49877336986606,372.928958940929,366.2656158438551,368.67028426382785,368.67028426382785,11255581.0,sample,2026-09-24 19:05:19.366983+00:00
MSFT,2023-09-28 00:00:00+00:00,367.46325256339725,371.58199720594814,361.6945400236855,362.3174519663824,362.3174519663824,6207727.0,sample,2026-09-24 19:05:19.366983+00:00
MSFT,2023-09-29 00:00:00+00:00,362.43855019883944,364.76188902686295,357.63442491626097,360.11991767518305,360.11991767518305,7005728.0,sample,2026-09-24 19:05:19.366983+00:00
MSFT,2023-10-02 00:00:00+00:00,360.6780425140474,367.04415849052515,356.7684837120869,365.6182341456228,365.6182341456228,10092451.0,sample,2026-09-24 19:05:19.366983+00:00
MSFT,2023-10-03 00:00:00+00:00,364.09811587162363,365.4790044355787,358.1249600833445,362.42772439336943,362.42772439336943,4952891.0,sample,2026-09-24 19:05:19.366983+00:00
MSFT,2023-10-04 00:00:00+00:00,362.77099458534894,363.6420267066923,353.5646992583081,355.4568185017856,355.4568185017856,7742807.0,sample,2026-09-24 19:05:19.366983+00:00
MSFT,2023-10-05 00:00:00+00:00,354.7717284144442,357.8729912701511,346.98126841818134,349.43615728686467,349.43615728686467,11515448.0,sample,2026-09-24 19:05:19.366983+00:00
MSFT,2023-10-06 00:00:00+00:00,348.75809036782715,362.111044539722,347.02772284088115,359.64291468459777,359.64291468459777,13774506.0,sample,2026-09-24 19:05:19.366983+00:00
MSFT,2023-10-09 00:00:00+00:00,360.67601843799815,362.586796880782,356.4159685071936,359.5702772295158,359.5702772295158,15566958.0,sample,2026-09-24 19:05:19.366983+00:00
MSFT,2023-10-10 00:00:00+00:00,359.3628600830866,362.98635272415464,350.3895390554766,354.2190349699475,354.2190349699475,11043496.0,sample,2026-09-24 19:05:19.366983+00:00
MSFT,2023-10-11 00:00:00+00:00,354.3919818531952,362.62590932490315,350.7078433969359,359.706628545577,359.706628545577,3770888.0,sample,2026-09-24 19:05:19.366983+00:00
MSFT,2023-10-12 00:00:00+00:00,360.09418683189745,363.3975681620087,354.54368311010353,358.01006469444803,358.01006469444803,4610080.0,sample,2026-09-24 19:05:19.366983+00:00
MSFT,2023-10-13 00:00:00+00:00,358.95090275783093,369.8488266328606,356.8263288320008,366.96618076843197,366.96618076843197,17988372.0,sample,2026-09-24 19:05:19.366983+00:00
MSFT,2023-10-16 00:00:00+00:00,368.10515501883776,370.21251413903013,362.16016943629353,363.0339275780373,363.0339275780373,8070030.0,sample,2026-09-24 19:05:19.366983+00:00
MSFT,2023-10-17 00:00:00+00:00,363.28526173595526,365.193126895812,358.5847125490601,361.5088587550293,361.5088587550293,11390466.0,sample,2026-09-24 19:05:19.366983+00:00
MSFT,2023-10-18 00:00:00+00:00,361.15926376812195,364.30532949259447,355.70915256868983,358.6053055296589,358.6053055296589,2534026.0,sample,2026-09-24 19:05:19.366983+00:00
MSFT,2023-10-19 00:00:00+00:00,359.43467549068845,362.22347983949635,356.9490757299878,360.44438160009753,360.44438160009753,10731917.0,sample,2026-09-24 19:05:19.366983+00:00
MSFT,2023-10-20 00:00:00+00:00,358.5638393012399,360.6638011135134,344.32938956955513,347.70442546033587,347.70442546033587,17601651.0,sample,2026-09-24 19:05:19.366983+00:00
MSFT,2023-10-23 00:00:00+00:00,348.2081078341846,356.74177158520547,346.5871244575108,355.7729798067806,355.7729798067806,10763077.0,sample,2026-09-24 19:05:19.366983+00:00
MSFT,2023-10-24 00:00:00+00:00,356.56062130335243,374.27087802288605,353.9953317768864,371.9953433140869,371.9953433140869,8246866.0,sample,2026-09-24 19:05:19.366983+00:00
MSFT,2023-10-25 00:00:00+00:00,371.5427937474731,375.89367997921335,367.4532409201507,373.1797143439193,373.1797143439193,2782143.0,sample,2026-09-24 19:05:19.366983+00:00
MSFT,2023-10-26 00:00:00+00:00,373.0989093653917,379.6199222939216,370.7699055943863,375.319937648404,375.319937648404,6085483.0,sample,2026-09-24 19:05:19.366983+00:00
MSFT,2023-10-27 00:00:00+00:00,373.80241220814236,375.2084602046673,363.98326653666726,366.4428937880459,366.4428937880459,3492416.0,sample,2026-09-24 19:05:19.366983+00:00
MSFT,2023-10-30 00:00:00+00:00,365.88836263957455,376.93798640984375,365.43755382971494,372.6599451144548,372.6599451144548,14076698.0,sample,2026-09-24 19:05:19.366983+00:00
MSFT,2023-10-31 00:00:00+00:00,371.7206404944623,375.14252091762944,361.0895583051633,363.1756205319759,363.1756205319759,13095892.0,sample,2026-09-24 19:05:19.366983+00:00
MSFT,2023-11-01 00:00:00+00:00,362.70324472814826,367.14538403756495,361.25944266780294,364.4764731940074,364.4764731940074,14576829.0,sample,2026-09-24 19:05:19.366983+00:00
MSFT,2023-11-02 00:00:00+00:00,363.1552882534614,374.27532187779275,361.2377904137578,370.15434498157083,370.15434498157083,6199074.0,sample,2026-09-24 19:05:19.366983+00:00
MSFT,2023-11-03 00:00:00+00:00,370.71482384535193,373.6529077660838,360.69505055089627,364.4930799840947,364.4930799840947,15538680.0,sample,2026-09-24 19:05:19.366983+00:00
MSFT,2023-11-06 00:00:00+00:00,363.90754220553464,367.2612008687356,352.7512333285791,356.1376628632312,356.1376628632312,7615314.0,sample,2026-09-24 19:05:19.366983+00:00
MSFT,2023-11-07 00:00:00+00:00,355.39048169268557,360.68804504605225,353.4671511769018,358.024660632574,358.024660632574,14613025.0,sample,2026-09-24 19:05:19.366983+00:00
MSFT,2023-11-08 00:00:00+00:00,358.9260273916226,362.6974208446957,355.6974486062411,360.42151214147935,360.42151214147935,11436766.0,sample,2026-09-24 19:05:19.366983+00:00
MSFT,2023-11-09 00:00:00+00:00,361.6951393220182,362.6086914719036,358.7485057774636,360.65478918847975,360.65478918847975,14368657.0,sample,2026-09-24 19:05:19.366983+00:00
MSFT,2023-11-10 00:00:00+00:00,360.8141780939293,367.170383736589,359.8210070623653,366.0628034692535,366.0628034692535,14487008.0,sample,2026-09-24 19:05:19.366983+00:00
MSFT,2023-11-13 00:00:00+00:00,365.50838044768926,373.93287269196765,363.44468937185303,372.7377135174845,372.7377135174845,6223932.0,sample,2026-09-24 19:05:19.366983+00:00
MSFT,2023-11-14 00:00:00+00:00,373.52200288130894,375.86941859284343,367.79851962147427,371.05689643733433,371.05689643733433,6695716.0,sample,2026-09-24 19:05:19.366983+00:00
MSFT,2023-11-15 00:00:00+00:00,370.87480693432155,372.77291760029044,367.76442739789655,371.19908489062993,371.19908489062993,10648256.0,sample,2026-09-24 19:05:19.366983+00:00
MSFT,2023-11-16 00:00:00+00:00,370.97336707642097,384.4638330654566,369.3019105702129,382.0238979977509,382.0238979977509,8910493.0,sample,2026-09-24 19:05:19.366983+00:00
MSFT,2023-11-17 00:00:00+00:00,383.2146706390587,387.29895463527026,379.7402731343709,384.109172805666,384.109172805666,14191011.0,sample,2026-09-24 19:05:19.366983+00:00
MSFT,2023-11-20 00:00:00+00:00,383.2631701220823,384.1669936733735,380.8689360757484,383.49503201904935,383.49503201904935,7949724.0,sample,2026-09-24 19:05:19.366983+00:00
MSFT,2023-11-21 00:00:00+00:00,383.23667059695816,384.7002731385414,378.9056647579488,381.21340619082963,381.21340619082963,9577202.0,sample,2026-09-24 19:05:19.366983+00:00
MSFT,2023-11-22 00:00:00+00:00,381.38767887851594,382.10552239629004,375.3244856395909,379.1730465625158,379.1730465625158,10622114.0,sample,2026-09-24 19:05:19.366983+00:00
MSFT,2023-11-23 00:00:00+00:00,378.59383998204464,381.5139369987604,371.82567471662963,375.53980250543253,375.53980250543253,6557745.0,sample,2026-09-24 19:05:19.366983+00:00
MSFT,2023-11-24 00:00:00+00:00,374.3433199365344,377.62036488974655,373.4333306154482,374.96167939193356,374.96167939193356,9366769.0,sample,2026-09-24 19:05:19.366983+00:00
MSFT,2023-11-27 00:00:00+00:00,375.425118437019,379.4807495659377,370.98813555339905,374.07258897749915,374.07258897749915,3607853.0,sample,2026-09-24 19:05:19.366983+00:00
MSFT,2023-11-28 00:00:00+00:00,374.4812166100697,382.124833399731,370.9558611412365,380.69314251613275,380.69314251613275,5351517.0,sample,2026-09-24 19:05:19.366983+00:00
MSFT,2023-11-29 00:00:00+00:00,380.183436698473,381.43382687997376,374.07898955172095,375.76398178130455,375.76398178130455,6552935.0,sample,2026-09-24 19:05:19.366983+00:00
MSFT,2023-11-30 00:00:00+00:00,375.18247434229795,378.9149817610539,367.06263422200084,371.29660096295294,371.29660096295294,7530230.0,sample,2026-09-24 19:05:19.366983+00:00
MSFT,2023-12-01 00:00:00+00:00,372.74380576267015,373.772747165594,362.8271597448842,366.96619325458244,366.96619325458244,6204576.0,sample,2026-09-24 19:05:19.366983+00:00
MSFT,2023-12-04 00:00:00+00:00,365.6207514517365,374.51658479163007,364.18489300973476,370.259259690441,370.259259690441,16496946.0,sample,2026-09-24 19:05:19.366983+00:00
MSFT,2023-12-05 00:00:00+00:00,370.7431135591196,374.32608203144525,369.5704200179658,370.1279206593892,370.1279206593892,11931694.0,sample,2026-09-24 19:05:19.366983+00:00
MSFT,2023-12-06 00:00:00+00:00,370.3303081716533,373.05572257085635,365.3430384921446,366.5190684298764,366.5190684298764,11561787.0,sample,2026-09-24 19:05:19.366983+00:00
MSFT,2023-12-07 00:00:00+00:00,366.9368981465379,368.23275299871784,360.3278578081869,364.23513702241934,364.23513702241934,8530821.0,sample,2026-09-24 19:05:19.366983+00:00
MSFT,2023-12-08 00:00:00+00:00,363.87604549104964,366.85160978148053,360.8940634621662,361.5391069427969,361.5391069427969,1603998.0,sample,2026-09-24 19:05:19.366983+00:00
MSFT,2023-12-11 00:00:00+00:00,361.4029545377867,367.68387491956673,359.1255455178054,363.6945349560884,363.6945349560884,15615058.0,sample,2026-09-24 19:05:19.366983+00:00
MSFT,2023-12-12 00:00:00+00:00,363.7075583239987,367.5380128798323,354.70194609271465,358.85679827354386,358.85679827354386,7960493.0,sample,2026-09-24 19:05:19.366983+00:00
MSFT,2023-12-13 00:00:00+00:00,358.175462356973,368.66509483679704,354.8398696314886,366.1421415549829,366.1421415549829,3610881.0,sample,2026-09-24 19:05:19.366983+00:00
MSFT,2023-12-14 00:00:00+00:00,365.3515228707563,371.1681779412258,362.71858051109206,369.039343428172,369.039343428172,16929965.0,sample,2026-09-24 19:05:19.366983+00:00
MSFT,2023-12-15 00:00:00+00:00,369.0050466452744,372.4362746307886,364.90224019321744,369.15748908090785,369.15748908090785,1761363.0,sample,2026-09-24 19:05:19.366983+00:00
MSFT,2023-12-18 00:00:00+00:00,368.59104415362714,370.59283973196426,361.75530780680964,365.933622138937,365.933622138937,5262134.0,sample,2026-09-24 19:05:19.366983+00:00
MSFT,2023-12-19 00:00:00+00:00,365.9535957828856,378.868301835834,365.1823612912696,374.7960408768482,374.7960408768482,5519238.0,sample,2026-09-24 19:05:19.366983+00:00
MSFT,2023-12-20 00:00:00+00:00,375.395299793907,383.42897195570686,374.6069995785703,379.47257982132265,379.47257982132265,8887341.0,sample,2026-09-24 19:05:19.366983+00:00
MSFT,2023-12-21 00:00:00+00:00,378.8516711839117,382.30103122125905,369.22939384877947,370.95829996466097,370.95829996466097,10833654.0,sample,2026-09-24 19:05:19.366983+00:00
MSFT,2023-12-22 00:00:00+00:00,371.2247049126398,375.0692275539732,359.19979151642366,362.24205492429843,362.24205492429843,16101594.0,sample,2026-09-24 19:05:19.366983+00:00
MSFT,2023-12-25 00:00:00+00:00,363.6693389877558,370.8980284522377,359.8018538203653,369.49076000736915,369.49076000736915,7023984.0,sample,2026-09-24 19:05:19.366983+00:00
MSFT,2023-12-26 00:00:00+00:00,368.74689390409804,371.24888328453267,363.8986394994607,367.2242680666707,367.2242680666707,12010952.0,sample,2026-09-24 19:05:19.366983+00:00
MSFT,2023-12-27 00:00:00+00:00,367.4490058904487,378.41870513905957,364.9854798713021,376.6648345656501,376.6648345656501,11170588.0,sample,2026-09-24 19:05:19.366983+00:00
MSFT,2023-12-28 00:00:00+00:00,376.66899770736075,392.34058921332905,372.63759691647215,389.44724458022085,389.44724458022085,8051176.0,sample,2026-09-24 19:05:19.366983+00:00
MSFT,2023-12-29 00:00:00+00:00,388.992342897379,390.4743129285819,387.9128125636943,388.75676575255693,388.75676575255693,7275754.0,sample,2026-09-24 19:05:19.366983+00:00
MSFT,2024-01-01 00:00:00+00:00,389.3792195973668,393.1176027122963,376.00509947172003,379.4642036226366,379.4642036226366,11557653.0,sample,2026-09-24 19:05:19.366983+00:00
MSFT,2024-01-02 00:00:00+00:00,380.14023828901907,396.91324578258434,376.08939041747186,394.3491753240677,394.3491753240677,5946421.0,sample,2026-09-24 19:05:19.366983+00:00
MSFT,2024-01-03 00:00:00+00:00,394.23379441002584,396.96746800901207,381.39737857661333,383.3299484945541,383.3299484945541,16825814.0,sample,2026-09-24 19:05:19.366983+00:00
MSFT,2024-01-04 00:00:00+00:00,383.1818044312584,385.1184531796239,376.38113379174814,377.7100411980512,377.7100411980512,12052674.0,sample,2026-09-24 19:05:19.366983+00:00
MSFT,2024-01-05 00:00:00+00:00,377.1051595693808,383.952548886363,374.12996085502135,381.27087950384487,381.27087950384487,5943320.0,sample,2026-09-24 19:05:19.366983+00:00
MSFT,2024-01-08 00:00:00+00:00,381.90500804616056,385.88556977217513,377.0899842209441,378.80077502971153,378.80077502971153,12128004.0,sample,2026-09-24 19:05:19.366983+00:00
MSFT,2024-01-09 00:00:00+00:00,378.72266717537804,382.033444603799,358.3565156052305,360.3296392692075,360.3296392692075,7182576.0,sample,2026-09-24 19:05:19.366983+00:00
MSFT,2024-01-10 00:00:00+00:00,360.94955648685436,362.1350182773118,354.1192839890742,356.2558126407191,356.2558126407191,8347376.0,sample,2026-09-24 19:05:19.366983+00:00
MSFT,2024-01-11 00:00:00+00:00,357.6462419559208,360.5654136961595,356.3290360330477,356.9746420568217,356.9746420568217,7900961.0,sample,2026-09-24 19:05:19.366983+00:00
MSFT,2024-01-12 00:00:00+00:00,356.7537396309598,364.2795203316916,356.1688473430065,362.2258176479223,362.2258176479223,13003993.0,sample,2026-09-24 19:05:19.366983+00:00
MSFT,2024-01-15 00:00:00+00:00,362.0741678483191,369.11098221641544,361.00972904516493,367.2915099845995,367.2915099845995,14681748.0,sample,2026-09-24 19:05:19.366983+00:00
MSFT,2024-01-16 00:00:00+00:00,367.2668157656579,368.6954379968016,366.09743868476903,368.0851670002014,368.0851670002014,15916069.0,sample,2026-09-24 19:05:19.366983+00:00
MSFT,2024-01-17 00:00:00+00:00,368.4099177352015,372.23764849085455,359.73598761548465,361.35115991057137,361.35115991057137,17247512.0,sample,2026-09-24 19:05:19.366983+00:00
MSFT,2024-01-18 00:00:00+00:00,361.449059290296,365.19622188577915,351.13816582927154,352.5721740389298,352.5721740389298,8590204.0,sample,2026-09-24 19:05:19.366983+00:00
MSFT,2024-01-19 00:00:00+00:00,353.07877964740527,366.0277121815022,350.1192713048422,364.2691307378259,364.2691307378259,12805690.0,sample,2026-09-24 19:05:19.366983+00:00
MSFT,2024-01-22 00:00:00+00:00,363.05134610171433,367.57978907273355,361.17227804778094,365.34795746217844,365.34795746217844,3993676.0,sample,2026-09-24 19:05:19.366983+00:00
MSFT,2024-01-23 00:00:00+00:00,364.6207894489183,372.5838280162132,362.85570898146,372.1674555917166,372.1674555917166,11609825.0,sample,2026-09-24 19:05:19.366983+00:00
MSFT,2024-01-24 00:00:00+00:00,371.9450000724388,372.5557929839106,366.3702214749028,367.43306602681594,367.43306602681594,16028119.0,sample,2026-09-24 19:05:19.366983+00:00
MSFT,2024-01-25 00:00:00+00:00,366.9988203974425,371.1645543141102,361.31727312223643,361.999840995898,361.999840995898,1990133.0,sample,2026-09-24 19:05:19.366983+00:00
MSFT,2024-01-26 00:00:00+00:00,362.1581639513212,373.0396610945621,361.56967969649793,370.20586663465923,370.20586663465923,8945028.0,sample,2026-09-24 19:05:19.366983+00:00
MSFT,2024-01-29 00:00:00+00:00,369.46921433633844,371.17368969971915,361.2044633778994,365.0775854460827,365.0775854460827,3004990.0,sample,2026-09-24 19:05:19.366983+00:00
MSFT,2024-01-30 00:00:00+00:00,364.4886623780418,368.46570310055904,354.37760959292996,358.4673044401676,358.4673044401676,11619314.0,sample,2026-09-24 19:05:19.366983+00:00
MSFT,2024-01-31 00:00:00+00:00,359.43047725773295,362.3350777718832,358.73878796084745,361.26388845309157,361.26388845309157,7505335.0,sample,2026-09-24 19:05:19.366983+00:00
MSFT,2024-02-01 00:00:00+00:00,360.65806651044113,363.9284812042009,347.0574023507649,350.3115811653221,350.3115811653221,15088997.0,sample,2026-09-24 19:05:19.366983+00:00
MSFT,2024-02-02 00:00:00+00:00,350.7974394352738,354.93974841248144,339.59366714486237,341.4867360867166,341.4867360867166,15719509.0,sample,2026-09-24 19:05:19.366983+00:00
MSFT,2024-02-05 00:00:00+00:00,339.86088615151766,342.6313528904742,336.45589774583664,340.51990309347156,340.51990309347156,6223285.0,sample,2026-09-24 19:05:19.366983+00:00
MSFT,2024-02-06 00:00:00+00:00,340.0489655595658,347.04960429618467,337.9478478032608,343.99136684920734,343.99136684920734,12872359.0,sample,2026-09-24 19:05:19.366983+00:00
MSFT,2024-02-07 00:00:00+00:00,344.26884156562716,363.67725296096984,341.55794469760724,361.73770119157354,361.73770119157354,3418105.0,sample,2026-09-24 19:05:19.366983+00:00
MSFT,2024-02-08 00:00:00+00:00,360.96389911657167,364.001785041776,360.0877433201347,361.1947375854769,361.1947375854769,7965353.0,sample,2026-09-24 19:05:19.366983+00:00
MSFT,2024-02-09 00:00:00+00:00,360.8865279777601,363.9376058263418,360.51511356366,361.47842670457266,361.47842670457266,13905445.0,sample,2026-09-24 19:05:19.366983+00:00
MSFT,2024-02-12 00:00:00+00:00,360.6022744418008,361.8928230676497,355.22240900395894,357.73931163882753,357.73931163882753,13991636.0,sample,2026-09-24 19:05:19.366983+00:00
MSFT,2024-02-13 00:00:00+00:00,357.4980065007949,360.79598667180386,352.1103561169853,355.2077411876817,355.2077411876817,12143662.0,sample,2026-09-24 19:05:19.366983+00:00
MSFT,2024-02-14 00:00:00+00:00,354.62601962521865,356.0921080425697,344.1520102124312,347.77509022295885,347.77509022295885,4909202.0,sample,2026-09-24 19:05:19.366983+00:00
MSFT,2024-02-15 00:00:00+00:00,347.691322188563,348.40742600967013,344.6416066412815,348.03758391113325,348.03758391113325,10020163.0,sample,2026-09-24 19:05:19.366983+00:00
MSFT,2024-02-16 00:00:00+00:00,347.2629671405877,355.56707100014785,343.73428694322394,354.9361420532184,354.9361420532184,9952727.0,sample,2026-09-24 19:05:19.366983+00:00
MSFT,2024-02-19 00:00:00+00:00,355.70473180743227,357.8263125702532,351.7611684253375,352.81575898112504,352.81575898112504,14133479.0,sample,2026-09-24 19:05:19.366983+00:00
MSFT,2024-02-20 00:00:00+00:00,353.1423045171043,369.2907906991094,349.32899018801197,365.6155534021243,365.6155534021243,5147630.0,sample,2026-09-24 19:05:19.366983+00:00
MSFT,2024-02-21 00:00:00+00:00,365.20878031209725,369.4968886233949,362.72295633948465,367.53390728643905,367.53390728643905,8544407.0,sample,2026-09-24 19:05:19.366983+00:00
MSFT,2024-02-22 00:00:00+00:00,366.55243104958316,369.67296446398336,361.3016941365729,365.2321344848434,365.2321344848434,17868332.0,sample,2026-09-24 19:05:19.366983+00:00
MSFT,2024-02-23 00:00:00+00:00,363.9101941554515,364.9901894159583,361.48939738805575,363.4934555505377,363.4934555505377,2635666.0,sample,2026-09-24 19:05:19.366983+00:00
MSFT,2024-02-26 00:00:00+00:00,363.8007433835282,367.3636101993315,355.0208037455236,355.4490119500346,355.4490119500346,2234269.0,sample,2026-09-24 19:05:19.366983+00:00
MSFT,2024-02-27 00:00:00+00:00,355.52341405589146,359.4102655855757,352.43610523189415,358.2514394670452,358.2514394670452,4438198.0,sample,2026-09-24 19:05:19.366983+00:00
MSFT,2024-02-28 00:00:00+00:00,357.5325643320325,360.2678508442552,349.0330362442808,352.2871996619647,352.2871996619647,13606408.0,sample,2026-09-24 19:05:19.366983+00:00
MSFT,2024-02-29 00:00:00+00:00,350.96904110291985,352.13976180747676,347.9752506756765,349.3217102836064,349.3217102836064,15520844.0,sample,2026-09-24 19:05:19.366983+00:00
MSFT,2024-03-01 00:00:00+00:00,348.3617647655617,357.91613118460265,347.0736450822324,355.8251090857643,355.8251090857643,3997582.0,sample,2026-09-24 19:05:19.366983+00:00
MSFT,2024-03-04 00:00:00+00:00,357.0475266008008,363.59232144033865,354.144114095154,361.7106902532271,361.7106902532271,15246998.0,sample,2026-09-24 19:05:19.366983+00:00
MSFT,2024-03-05 00:00:00+00:00,361.517039591076,366.6547412797894,358.14927251726533,364.98421277441065,364.98421277441065,8484537.0,sample,2026-09-24 19:05:19.366983+00:00
MSFT,2024-03-06 00:00:00+00:00,365.81458903097763,368.09328178281527,351.3697861413131,352.66139153909353,352.66139153909353,15942466.0,sample,2026-09-24 19:05:19.366983+00:00
MSFT,2024-03-07 00:00:00+00:00,351.8476409041766,354.0070533716053,348.4707790929888,351.3093466790987,351.3093466790987,12439607.0,sample,2026-09-24 19:05:19.366983+00:00
MSFT,2024-03-08 00:00:00+00:00,351.92997359914733,353.7945743961223,347.2892750114958,350.7766150475276,350.7766150475276,4253841.0,sample,2026-09-24 19:05:19.366983+00:00
MSFT,2024-03-11 00:00:00+00:00,352.0361490358154,359.17224144086066,349.9312705028978,356.2133205629068,356.2133205629068,10775312.0,sample,2026-09-24 19:05:19.366983+00:00
MSFT,2024-03-12 00:00:00+00:00,355.9148882071149,358.6189094218472,352.42993717294786,353.59804537858594,353.59804537858594,11728766.0,sample,2026-09-24 19:05:19.366983+00:00
MSFT,2024-03-13 00:00:00+00:00,352.7841890907746,358.7563732503314,350.3777495600317,355.63728904282715,355.63728904282715,2710681.0,sample,2026-09-24 19:05:19.366983+00:00
MSFT,2024-03-14 00:00:00+00:00,356.2711633347949,359.1877355489453,342.9962901463837,343.3520912186847,343.3520912186847,6766774.0,sample,2026-09-24 19:05:19.366983+00:00
MSFT,2024-03-15 00:00:00+00:00,343.88766093142146,347.76312536300753,328.2972522356777,331.8097667664525,331.8097667664525,10474961.0,sample,2026-09-24 19:05:19.366983+00:00
MSFT,2024-03-18 00:00:00+00:00,331.5374729904848,333.5245608394013,328.00950406744425,331.87506194985025,331.87506194985025,12457747.0,sample,2026-09-24 19:05:19.366983+00:00
MSFT,2024-03-19 00:00:00+00:00,332.6735690186764,342.533606773242,331.75990817246895,340.70927721104164,340.70927721104164,13703508.0,sample,2026-09-24 19:05:19.366983+00:00
MSFT,2024-03-20 00:00:00+00:00,340.3228748271818,344.15471361359386,337.0189827503622,340.93093044318675,340.93093044318675,10059160.0,sample,2026-09-24 19:05:19.366983+00:00
MSFT,2024-03-21 00:00:00+00:00,340.40526659149447,341.1005181947588,331.6959297264303,334.0584557990039,334.0584557990039,12872462.0,sample,2026-09-24 19:05:19.366983+00:00
MSFT,2024-03-22 00:00:00+00:00,334.01293590698606,338.4717505854211,331.36232383848545,337.6564545981842,337.6564545981842,11799232.0,sample,2026-09-24 19:05:19.366983+00:00
MSFT,2024-03-25 00:00:00+00:00,337.42062371303973,340.88938275096524,325.64340315571246,326.42748562083926,326.42748562083926,2008764.0,sample,2026-09-24 19:05:19.366983+00:00
MSFT,2024-03-26 00:00:00+00:00,325.9318169246719,335.1227988233016,324.9332430083266,333.6438243147325,333.6438243147325,1911383.0,sample,2026-09-24 19:05:19.366983+00:00
MSFT,2024-03-27 00:00:00+00:00,334.60952857023784,343.68662697453186,330.9906587901242,343.1865539975927,343.1865539975927,8028310.0,sample,2026-09-24 19:05:19.366983+00:00
MSFT,2024-03-28 00:00:00+00:00,343.2273429452526,349.67661592560637,342.3599912887263,346.8182055738731,346.8182055738731,6375477.0,sample,2026-09-24 19:05:19.366983+00:00
MSFT,2024-03-29 00:00:00+00:00,348.23644662335397,350.02298839310754,340.2783370695476,344.22273100701085,344.22273100701085,7908189.0,sample,2026-09-24 19:05:19.366983+00:00
MSFT,2024-04-01 00:00:00+00:00,345.2799987423544,348.7954411537664,329.16428687116195,331.8729764145132,331.8729764145132,2519133.0,sample,2026-09-24 19:05:19.366983+00:00
MSFT,2024-04-02 00:00:00+00:00,332.2540023229946,343.59889073969214,330.0411070112007,339.6514553897889,339.6514553897889,15161816.0,sample,2026-09-24 19:05:19.366983+00:00
MSFT,2024-04-03 00:00:00+00:00,338.3017598350339,344.09375921562656,335.720054375439,341.1279608368263,341.1279608368263,15500184.0,sample,2026-09-24 19:05:19.366983+00:00
MSFT,2024-04-04 00:00:00+00:00,341.39407386140624,346.0266138704216,339.84722615209654,344.5134945100079,344.5134945100079,3987399.0,sample,2026-09-24 19:05:19.366983+00:00
MSFT,2024-04-05 00:00:00+00:00,344.25137383425704,347.65033109260696,340.1876255842054,344.8711388645164,344.8711388645164,9215668.0,sample,2026-09-24 19:05:19.366983+00:00
MSFT,2024-04-08 00:00:00+00:00,343.7306699523907,345.49398595670345,337.17377338594986,340.68517648429855,340.68517648429855,5769987.0,sample,2026-09-24 19:05:19.366983+00:00
MSFT,2024-04-09 00:00:00+00:00,340.83536222228156,344.26144399949493,339.25572403682975,339.9296740361172,339.9296740361172,5323297.0,sample,2026-09-24 19:05:19.366983+00:00
MSFT,2024-04-10 00:00:00+00:00,339.79409625909,343.6082539800858,335.3346425809053,336.5005368205046,336.5005368205046,3314516.0,sample,2026-09-24 19:05:19.366983+00:00
MSFT,2024-04-11 00:00:00+00:00,336.47079661977745,337.8931254440426,332.27161078269927,333.0611791355652,333.0611791355652,12587913.0,sample,2026-09-24 19:05:19.366983+00:00
MSFT,2024-04-12 00:00:00+00:00,333.44741297178183,335.28683429577654,321.811549416535,323.48172217367505,323.48172217367505,8407896.0,sample,2026-09-24 19:05:19.366983+00:00
MSFT,2024-04-15 00:00:00+00:00,322.57165298426867,325.7205554300579,318.971881640703,319.37722859500326,319.37722859500326,10041507.0,sample,2026-09-24 19:05:19.366983+00:00
MSFT,2024-04-16 00:00:00+00:00,319.65094514137354,329.2179745783252,316.59676456638533,327.24551246667136,327.24551246667136,7168404.0,sample,2026-09-24 19:05:19.366983+00:00
MSFT,2024-04-17 00:00:00+00:00,328.4494469761877,329.2079076265022,318.18443178209884,319.0661665151337,319.0661665151337,11495754.0,sample,2026-09-24 19:05:19.366983+00:00
MSFT,2024-04-18 00:00:00+00:00,319.67350054402027,320.1950244153616,305.24763148517593,307.8800359878607,307.8800359878607,2191885.0,sample,2026-09-24 19:05:19.366983+00:00
MSFT,2024-04-19 00:00:00+00:00,307.84483259441157,308.5901598089484,306.16058491960257,307.47957632834755,307.47957632834755,5668486.0,sample,2026-09-24 19:05:19.366983+00:00
MSFT,2024-04-22 00:00:00+00:00,307.5541763288492,309.84855908708926,304.1177102668449,306.22904719870434,306.22904719870434,6166026.0,sample,2026-09-24 19:05:19.366983+00:00
MSFT,2024-04-23 00:00:00+00:00,306.1611468026627,309.7856036565238,304.8907682172801,309.02072369140564,309.02072369140564,9651455.0,sample,2026-09-24 19:05:19.366983+00:00
MSFT,2024-04-24 00:00:00+00:00,309.44760538729054,311.95358798191944,295.1412630329203,295.69614874214665,295.69614874214665,12551707.0,sample,2026-09-24 19:05:19.366983+00:00
MSFT,2024-04-25 00:00:00+00:00,296.51562761706083,299.92857212823714,288.2247963344121,290.9322076230719,290.9322076230719,15568225.0,sample,2026-09-24 19:05:19.366983+00:00
MSFT,2024-04-26 00:00:00+00:00,291.38330059806896,293.6450227563033,281.43268358392055,284.61192446581003,284.61192446581003,14274681.0,sample,2026-09-24 19:05:19.366983+00:00
MSFT,2024-04-29 00:00:00+00:00,284.9400724882216,289.6691617955488,284.60710227698274,288.0727344607474,288.0727344607474,5172870.0,sample,2026-09-24 19:05:19.366983+00:00
MSFT,2024-04-30 00:00:00+00:00,287.43391723888874,290.84811299608606,280.46211962516406,282.8934112854513,282.8934112854513,14402056.0,sample,2026-09-24 19:05:19.366983+00:00
MSFT,2024-05-01 00:00:00+00:00,282.8739909143922,287.9848765701884,280.8902161995046,285.1741556662924,285.1741556662924,3012440.0,sample,2026-09-24 19:05:19.366983+00:00
MSFT,2024-05-02 00:00:00+00:00,285.2871287551069,287.1093799556783,281.2894501234523,284.4090776020878,284.4090776020878,2230379.0,sample,2026-09-24 19:05:19.366983+00:00
MSFT,2024-05-03 00:00:00+00:00,285.6005341641497,288.34057989685977,279.7622685681579,281.322861657176,281.322861657176,7108952.0,sample,2026-09-24 19:05:19.366983+00:00
MSFT,2024-05-06 00:00:00+00:00,281.59438147717213,285.55871963872465,278.2552015424348,282.2930763034917,282.2930763034917,4914774.0,sample,2026-09-24 19:05:19.366983+00:00
MSFT,2024-05-07 00:00:00+00:00,282.41425207428006,282.738739745541,277.3970604779856,279.66598536779355,279.66598536779355,10635580.0,sample,2026-09-24 19:05:19.366983+00:00
MSFT,2024-05-08 00:00:00+00:00,280.45784574023253,282.80475666801397,274.90227465591335,275.2538707143905,275.2538707143905,2619628.0,sample,2026-09-24 19:05:19.366983+00:00
MSFT,2024-05-09 00:00:00+00:00,274.66530113887507,277.54139397251413,270.60655902025024,272.94280044835114,272.94280044835114,10414190.0,sample,2026-09-24 19:05:19.366983+00:00
MSFT,2024-05-10 00:00:00+00:00,273.57648695959966,275.5107814325637,268.93509397633267,270.77456326500385,270.77456326500385,13218333.0,sample,2026-09-24 19:05:19.366983+00:00
MSFT,2024-05-13 00:00:00+00:00,271.3673401430096,277.17979479060824,270.2690981846393,274.4585970841631,274.4585970841631,7434133.0,sample,2026-09-24 19:05:19.366983+00:00
MSFT,2024-05-14 00:00:00+00:00,274.55410232733317,276.9765544297309,268.03838010026516,270.44964680967473,270.44964680967473,5099128.0,sample,2026-09-24 19:05:19.366983+00:00
MSFT,2024-05-15 00:00:00+00:00,270.8487436726161,272.2646384325268,268.30215091421553,268.7593897494265,268.7593897494265,13203379.0,sample,2026-09-24 19:05:19.366983+00:00
MSFT,2024-05-16 00:00:00+00:00,268.7334309437397,271.6984893804607,267.5884005281423,268.66339482120463,268.66339482120463,1758445.0,sample,2026-09-24 19:05:19.366983+00:00
MSFT,2024-05-17 00:00:00+00:00,267.71026668190984,270.907687768123,266.44099702537176,268.2013019276068,268.2013019276068,12879463.0,sample,2026-09-24 19:05:19.366983+00:00
MSFT,2024-05-20 00:00:00+00:00,268.86473394387065,276.1980164489548,266.9319978166717,274.3605140763984,274.3605140763984,5843255.0,sample,2026-09-24 19:05:19.366983+00:00
MSFT,2024-05-21 00:00:00+00:00,274.67088631332103,277.2416983805771,263.530464918937,265.63419189626205,265.63419189626205,17603940.0,sample,2026-09-24 19:05:19.366983+00:00
MSFT,2024-05-22 00:00:00+00:00,265.9788729117863,278.01715032749735,265.04132827554514,275.7309019869258,275.7309019869258,6539217.0,sample,2026-09-24 19:05:19.366983+00:00
MSFT,2024-05-23 00:00:00+00:00,276.44465598355504,287.32798313698027,276.0906299630009,285.28659819027115,285.28659819027115,15371885.0,sample,2026-09-24 19:05:19.366983+00:00
MSFT,2024-05-24 00:00:00+00:00,285.439658688872,286.4534410881119,276.73576735992555,277.71192905648104,277.71192905648104,11532294.0,sample,2026-09-24 19:05:19.366983+00:00
MSFT,2024-05-27 00:00:00+00:00,277.25172785533385,278.1298690414272,270.97285942881376,272.4988528566773,272.4988528566773,3570998.0,sample,2026-09-24 19:05:19.366983+00:00
MSFT,2024-05-28 00:00:00+00:00,272.85006237642955,273.24655430044515,270.305192940632,272.1868941537378,272.1868941537378,9078239.0,sample,2026-09-24 19:05:19.366983+00:00
MSFT,2024-05-29 00:00:00+00:00,272.1637514019151,278.7796594243403,269.50921556281276,277.7312296785459,277.7312296785459,9507329.0,sample,2026-09-24 19:05:19.366983+00:00
MSFT,2024-05-30 00:00:00+00:00,277.447729127338,286.64409730883483,275.40854545481244,286.1734959014057,286.1734959014057,17315987.0,sample,2026-09-24 19:05:19.366983+00:00
MSFT,2024-05-31 00:00:00+00:00,285.97013059268124,286.42607664571597,282.6301271222051,283.60228042452195,283.60228042452195,11517044.0,sample,2026-09-24 19:05:19.366983+00:00
MSFT,2024-06-03 00:00:00+00:00,283.77155619062125,286.20470319921174,277.4720186228788,278.82718997603416,278.82718997603416,16788901.0,sample,2026-09-24 19:05:19.366983+00:00
MSFT,2024-06-04 00:00:00+00:00,278.17282901836126,284.29805739436887,275.39138631088764,283.497058316844,283.497058316844,1565699.0,sample,2026-09-24 19:05:19.366983+00:00
MSFT,2024-06-05 00:00:00+00:00,282.7136537748083,284.69575423413846,279.368385050043,282.5964789661564,282.5964789661564,4518752.0,sample,2026-09-24 19:05:19.366983+00:00
MSFT,2024-06-06 00:00:00+00:00,282.5644657035521,282.9347885383396,273.86471959397426,276.9289416298067,276.9289416298067,4639226.0,sample,2026-09-24 19:05:19.366983+00:00
MSFT,2024-06-07 00:00:00+00:00,277.18989759014863,280.4784459257306,259.43336458773905,262.34773245466806,262.34773245466806,16719346.0,sample,2026-09-24 19:05:19.366983+00:00
MSFT,2024-06-10 00:00:00+00:00,263.09984193495563,265.5383730769053,252.56671996577916,254.48061028683628,254.48061028683628,5159764.0,sample,2026-09-24 19:05:19.366983+00:00
MSFT,2024-06-11 00:00:00+00:00,253.9004361546988,256.14610425426724,246.15799593837582,247.31929016785313,247.31929016785313,8316639.0,sample,2026-09-24 19:05:19.366983+00:00
MSFT,2024-06-12 00:00:00+00:00,247.83589077500324,248.1899216347162,242.40773489081283,243.8900109414549,243.8900109414549,12634269.0,sample,2026-09-24 19:05:19.366983+00:00
MSFT,2024-06-13 00:00:00+00:00,243.719005737457,246.11612998309533,241.26522872913728,245.6581632886704,245.6581632886704,3410926.0,sample,2026-09-24 19:05:19.366983+00:00
MSFT,2024-06-14 00:00:00+00:00,246.60723363676618,247.4416743434597,239.7755933861255,241.28328887766918,241.28328887766918,9018560.0,sample,2026-09-24 19:05:19.366983+00:00
MSFT,2024-06-17 00:00:00+00:00,241.5446983773285,243.15182187075698,235.1005351289104,236.79318039307128,236.79318039307128,12856934.0,sample,2026-09-24 19:05:19.366983+00:00
MSFT,2024-06-18 00:00:00+00:00,237.64044224603686,241.48887070229054,235.8583002732728,240.60835057010848,240.60835057010848,17573349.0,sample,2026-09-24 19:05:19.366983+00:00
MSFT,2024-06-19 00:00:00+00:00,240.592609048672,246.92731046760602,239.97179422920334,245.15667155683803,245.15667155683803,17216448.0,sample,2026-09-24 19:05:19.366983+00:00
MSFT,2024-06-20 00:00:00+00:00,245.0374609280259,246.5078167027679,241.73419328284209,243.6319239124687,243.6319239124687,12672857.0,sample,2026-09-24 19:05:19.366983+00:00
MSFT,2024-06-21 00:00:00+00:00,244.48889962458563,250.6564164786346,242.71265069927915,249.09742820831005,249.09742820831005,12851142.0,sample,2026-09-24 19:05:19.366983+00:00
MSFT,2024-06-24 00:00:00+00:00,248.96022710784692,257.37955053329244,246.55397196878238,255.01622479723102,255.01622479723102,2465584.0,sample,2026-09-24 19:05:19.366983+00:00
MSFT,2024-06-25 00:00:00+00:00,255.13385931215137,260.04682108907406,253.5029222279511,258.7365268911619,258.7365268911619,9913243.0,sample,2026-09-24 19:05:19.366983+00:00
MSFT,2024-06-26 00:00:00+00:00,258.73742747947415,263.5869858312288,256.4805162696969,263.1376520416736,263.1376520416736,16712944.0,sample,2026-09-24 19:05:19.366983+00:00
MSFT,2024-06-27 00:00:00+00:00,263.47714303216804,264.33705166775167,262.99609764726654,263.503059850283,263.503059850283,2348937.0,sample,2026-09-24 19:05:19.366983+00:00
MSFT,2024-06-28 00:00:00+00:00,263.45975428513424,264.5039514237233,257.0751141521307,257.40867933380684,257.40867933380684,3881820.0,sample,2026-09-24 19:05:19.366983+00:00
MSFT,2024-07-01 00:00:00+00:00,257.06753877736156,257.7289338236593,253.80221783389223,254.16748592964652,254.16748592964652,2044421.0,sample,2026-09-24 19:05:19.366983+00:00
MSFT,2024-07-02 00:00:00+00:00,253.9093190284188,254.56492507959229,249.89931603497152,252.44849748237021,252.44849748237021,17274896.0,sample,2026-09-24 19:05:19.366983+00:00
MSFT,2024-07-03 00:00:00+00:00,252.72396724949334,254.00205956672107,239.63449839850952,242.25701464222917,242.25701464222917,5121434.0,sample,2026-09-24 19:05:19.366983+00:00
MSFT,2024-07-04 00:00:00+00:00,241.64363343158274,243.01855313578847,240.20481709825177,241.4795203707838,241.4795203707838,17048701.0,sample,2026-09-24 19:05:19.366983+00:00
MSFT,2024-07-05 00:00:00+00:00,241.24019373371937,242.80935127001013,237.48415376437774,239.72234803550117,239.72234803550117,14664100.0,sample,2026-09-24 19:05:19.366983+00:00
MSFT,2024-07-08 00:00:00+00:00,239.9481566695195,240.94472763803745,237.48881784810763,238.9321235594877,238.9321235594877,4667250.0,sample,2026-09-24 19:05:19.366983+00:00
MSFT,2024-07-09 00:00:00+00:00,239.2434623798767,241.34649057388543,235.3480339162086,237.40794492313708,237.40794492313708,15657421.0,sample,2026-09-24 19:05:19.366983+00:00
MSFT,2024-07-10 00:00:00+00:00,237.26854947218644,238.77351359996467,233.29724684806177,234.6803286611542,234.6803286611542,7377816.0,sample,2026-09-24 19:05:19.366983+00:00
MSFT,2024-07-11 00:00:00+00:00,234.523587960422,235.94807376909097,232.30618011158094,233.78010578805467,233.78010578805467,6134528.0,sample,2026-09-24 19:05:19.366983+00:00
MSFT,2024-07-12 00:00:00+00:00,233.61382554458126,235.05291197614415,223.5704991984044,225.76851477139323,225.76851477139323,13808978.0,sample,2026-09-24 19:05:19.366983+00:00
MSFT,2024-07-15 00:00:00+00:00,226.30558349014612,228.41797757800796,221.29294638987247,222.09244573954035,222.09244573954035,2653765.0,sample,2026-09-24 19:05:19.366983+00:00
MSFT,2024-07-16 00:00:00+00:00,222.06450311978992,223.5318959861133,221.1668719545965,222.48532199921567,222.48532199921567,8293326.0,sample,2026-09-24 19:05:19.366983+00:00
MSFT,2024-07-17 00:00:00+00:00,223.54967254448508,223.78565980510314,221.54621677544992,222.18490260386906,222.18490260386906,3361701.0,sample,2026-09-24 19:05:19.366983+00:00
MSFT,2024-07-18 00:00:00+00:00,221.60953983419822,225.90260435555362,220.95195143462746,225.23261432110596,225.23261432110596,1551157.0,sample,2026-09-24 19:05:19.366983+00:00
MSFT,2024-07-19 00:00:00+00:00,225.25849836573866,226.7113288328755,224.90651824281562,226.443672991761,226.443672991761,13667725.0,sample,2026-09-24 19:05:19.366983+00:00
MSFT,2024-07-22 00:00:00+00:00,226.6426532126554,227.62190669849068,225.18561720251174,226.94163363270445,226.94163363270445,11576221.0,sample,2026-09-24 19:05:19.366983+00:00
MSFT,2024-07-23 00:00:00+00:00,226.25977476860916,229.0531484907984,224.30418161846643,228.30769098586848,228.30769098586848,11672595.0,sample,2026-09-24 19:05:19.366983+00:00
MSFT,2024-07-24 00:00:00+00:00,228.23300903248932,230.55194425228154,227.1110292253422,228.7408120841954,228.7408120841954,2432497.0,sample,2026-09-24 19:05:19.366983+00:00
MSFT,2024-07-25 00:00:00+00:00,229.3286605468476,231.9451817160532,227.2751577222207,229.09808140211246,229.09808140211246,9833543.0,sample,2026-09-24 19:05:19.366983+00:00
MSFT,2024-07-26 00:00:00+00:00,228.15215249293377,229.0198284609306,222.2654153611845,224.46768084952944,224.46768084952944,6020263.0,sample,2026-09-24 19:05:19.366983+00:00
MSFT,2024-07-29 00:00:00+00:00,224.71382371595126,227.407216508853,221.5821733205493,224.0904520877737,224.0904520877737,10433574.0,sample,2026-09-24 19:05:19.366983+00:00
MSFT,2024-07-30 00:00:00+00:00,223.96161286064373,226.33074774685093,219.85920747422338,222.13586202323452,222.13586202323452,16593754.0,sample,2026-09-24 19:05:19.366983+00:00
MSFT,2024-07-31 00:00:00+00:00,222.3981469535045,225.47858498303188,219.893861395955,223.82356901296956,223.82356901296956,13752228.0,sample,2026-09-24 19:05:19.366983+00:00
MSFT,2024-08-01 00:00:00+00:00,224.07329797796964,225.11793317803168,220.00347343389532,220.90417520202828,220.90417520202828,14431494.0,sample,2026-09-24 19:05:19.366983+00:00
MSFT,2024-08-02 00:00:00+00:00,220.55799327155253,221.80696004962667,217.52544405073365,218.21291861982886,218.21291861982886,1713784.0,sample,2026-09-24 19:05:19.366983+00:00
MSFT,2024-08-05 00:00:00+00:00,218.06366577803382,223.16768028949707,217.15723122803507,220.78316540716673,220.78316540716673,7548888.0,sample,2026-09-24 19:05:19.366983+00:00
MSFT,2024-08-06 00:00:00+00:00,220.7635350247296,222.5849223191048,214.5818787809903,216.684462826314,216.684462826314,9623703.0,sample,2026-09-24 19:05:19.366983+00:00
MSFT,2024-08-07 00:00:00+00:00,216.2522313492118,217.37234593013605,213.6685915811279,216.15086310976565,216.15086310976565,6217424.0,sample,2026-09-24 19:05:19.366983+00:00
MSFT,2024-08-08 00:00:00+00:00,216.79139870865654,219.25070717865293,210.188564113061,211.82224720384306,211.82224720384306,13807493.0,sample,2026-09-24 19:05:19.366983+00:00
MSFT,2024-08-09 00:00:00+00:00,211.4585716540668,214.12606026323735,208.93355405590134,212.26807145913443,212.26807145913443,4981459.0,sample,2026-09-24 19:05:19.366983+00:00
MSFT,2024-08-12 00:00:00+00:00,211.89984845814524,214.76822953939822,211.63301347976403,212.74024110739694,212.74024110739694,15138007.0,sample,2026-09-24 19:05:19.366983+00:00
MSFT,2024-08-13 00:00:00+00:00,212.64926736390558,213.64233758213527,210.28108090214585,210.7793152174809,210.7793152174809,4361225.0,sample,2026-09-24 19:05:19.366983+00:00
MSFT,2024-08-14 00:00:00+00:00,211.10575791270062,212.713644378686,208.32778177087383,208.9532756789553,208.9532756789553,7308012.0,sample,2026-09-24 19:05:19.366983+00:00
MSFT,2024-08-15 00:00:00+00:00,208.7664444021225,211.60440704509648,207.9900121783455,209.70856548519487,209.70856548519487,3077431.0,sample,2026-09-24 19:05:19.366983+00:00
MSFT,2024-08-16 00:00:00+00:00,210.180584603415,212.31068561077092,204.2958995186658,206.6977726117683,206.6977726117683,5880622.0,sample,2026-09-24 19:05:19.366983+00:00
MSFT,2024-08-19 00:00:00+00:00,206.925081247991,208.1038184211217,198.9716061275135,201.1945758273061,201.1945758273061,11116071.0,sample,2026-09-24 19:05:19.366983+00:00
MSFT,2024-08-20 00:00:00+00:00,200.45332517476643,206.19042861315307,198.65205511429357,204.74944207181053,204.74944207181053,16264008.0,sample,2026-09-24 19:05:19.366983+00:00
MSFT,2024-08-21 00:00:00+00:00,204.74880289232388,207.21272639342848,203.21193497454888,205.2469651694536,205.2469651694536,3323417.0,sample,2026-09-24 19:05:19.366983+00:00
MSFT,2024-08-22 00:00:00+00:00,204.78014004864139,205.0042512607982,198.585338070869,200.68953534497984,200.68953534497984,8575570.0,sample,2026-09-24 19:05:19.366983+00:00
MSFT,2024-08-23 00:00:00+00:00,200.57485119377802,201.5507484183495,197.0419271642541,198.00457663869994,198.00457663869994,14722673.0,sample,2026-09-24 19:05:19.366983+00:00
MSFT,2024-08-26 00:00:00+00:00,197.55051566978233,198.2980999312987,195.9943363379742,196.71497598274516,196.71497598274516,10761041.0,sample,2026-09-24 19:05:19.366983+00:00
MSFT,2024-08-27 00:00:00+00:00,197.10317911685263,199.25456428459646,190.38885614604476,191.73343094622402,191.73343094622402,16149519.0,sample,2026-09-24 19:05:19.366983+00:00
MSFT,2024-08-28 00:00:00+00:00,192.41304955979163,197.04857783957132,190.7125540398506,195.1787903314012,195.1787903314012,6596444.0,sample,2026-09-24 19:05:19.366983+00:00
MSFT,2024-08-29 00:00:00+00:00,194.70840050782047,194.99877883731148,193.0251224124556,193.4696901691415,193.4696901691415,7875752.0,sample,2026-09-24 19:05:19.366983+00:00
MSFT,2024-08-30 00:00:00+00:00,193.06512741677489,193.60608135959052,190.56961717497927,190.99861912159838,190.99861912159838,4525979.0,sample,2026-09-24 19:05:19.366983+00:00
MSFT,2024-09-02 00:00:00+00:00,190.77176735742538,194.53238117266605,189.50410700590515,193.13372468595048,193.13372468595048,10665936.0,sample,2026-09-24 19:05:19.366983+00:00
MSFT,2024-09-03 00:00:00+00:00,193.29757221847544,194.37337593600552,186.2699550125946,187.38264262234142,187.38264262234142,12733013.0,sample,2026-09-24 19:05:19.366983+00:00
MSFT,2024-09-04 00:00:00+00:00,187.6951161416345,188.39600293761436,180.05774499255548,182.08316201382848,182.08316201382848,16233568.0,sample,2026-09-24 19:05:19.366983+00:00
MSFT,2024-09-05 00:00:00+00:00,182.0411687979151,185.11790097733035,180.92294257533172,182.9585471666071,182.9585471666071,7145524.0,sample,2026-09-24 19:05:19.366983+00:00
MSFT,2024-09-06 00:00:00+00:00,183.5870944057232,183.9339719612458,182.46525511261973,183.53666866913446,183.53666866913446,17415991.0,sample,2026-09-24 19:05:19.366983+00:00
MSFT,2024-09-09 00:00:00+00:00,183.82925449618966,184.89763037376778,179.00089420900343,180.394377360487,180.394377360487,1737297.0,sample,2026-09-24 19:05:19.366983+00:00
MSFT,2024-09-10 00:00:00+00:00,180.65699485351308,182.00157544449573,178.04590042301513,178.67872683025018,178.67872683025018,15913004.0,sample,2026-09-24 19:05:19.366983+00:00
MSFT,2024-09-11 00:00:00+00:00,178.5530578941691,188.7021836457704,177.84897271913974,186.70988654226508,186.70988654226508,3782101.0,sample,2026-09-24 19:05:19.366983+00:00
MSFT,2024-09-12 00:00:00+00:00,186.73672872203534,193.2440355445487,185.26421622588154,191.12038377778268,191.12038377778268,13459353.0,sample,2026-09-24 19:05:19.366983+00:00
MSFT,2024-09-13 00:00:00+00:00,191.50831364171782,193.35038909312732,190.66064232545287,191.9170548345412,191.9170548345412,14317723.0,sample,2026-09-24 19:05:19.366983+00:00
MSFT,2024-09-16 00:00:00+00:00,192.82774858028822,198.39367829592624,192.03510234733224,196.93740156248012,196.93740156248012,9700790.0,sample,2026-09-24 19:05:19.366983+00:00
MSFT,2024-09-17 00:00:00+00:00,197.50601836309113,198.6324501264316,191.81079330003834,192.92244834532204,192.92244834532204,17528083.0,sample,2026-09-24 19:05:19.366983+00:00
MSFT,2024-09-18 00:00:00+00:00,192.67779005655075,197.84072789975747,191.8670037772954,196.0597149568256,196.0597149568256,7495869.0,sample,2026-09-24 19:05:19.366983+00:00
MSFT,2024-09-19 00:00:00+00:00,196.64318348033783,198.1101737854866,192.16047347077406,193.64050920559012,193.64050920559012,6959959.0,sample,2026-09-24 19:05:19.366983+00:00
MSFT,2024-09-20 00:00:00+00:00,193.92187627288857,195.8422454793236,193.15135857628385,193.5760710281241,193.5760710281241,2234472.0,sample,2026-09-24 19:05:19.366983+00:00
MSFT,2024-09-23 00:00:00+00:00,193.4581697933284,199.0371686665541,192.2463533982551,196.7402707230458,196.7402707230458,7644076.0,sample,2026-09-24 19:05:19.366983+00:00
MSFT,2024-09-24 00:00:00+00:00,196.6358134389197,198.82246723512134,192.74540937627037,193.81691180709132,193.81691180709132,15458076.0,sample,2026-09-24 19:05:19.366983+00:00
MSFT,2024-09-25 00:00:00+00:00,194.38291793614437,197.11996076687623,192.1310973722978,196.6658110122543,196.6658110122543,11436022.0,sample,2026-09-24 19:05:19.366983+00:00
MSFT,2024-09-26 00:00:00+00:00,196.80507633767937,198.28528893424502,194.88323793528863,196.6587856834895,196.6587856834895,6211651.0,sample,2026-09-24 19:05:19.366983+00:00
MSFT,2024-09-27 00:00:00+00:00,197.4511072230625,203.02028925743298,196.16128761694085,201.95282601168665,201.95282601168665,10000953.0,sample,2026-09-24 19:05:19.366983+00:00
MSFT,2024-09-30 00:00:00+00:00,202.68650485030335,205.68074120544054,200.5378895880382,204.9815680288107,204.9815680288107,1850399.0,sample,2026-09-24 19:05:19.366983+00:00
MSFT,2024-10-01 00:00:00+00:00,204.7943158280423,205.86765924418916,203.82124482179202,205.3407970706439,205.3407970706439,7772071.0,sample,2026-09-24 19:05:19.366983+00:00
MSFT,2024-10-02 00:00:00+00:00,205.7397708532491,208.3045016596702,205.3371350557324,206.6070403343571,206.6070403343571,15914079.0,sample,2026-09-24 19:05:19.366983+00:00
MSFT,2024-10-03 00:00:00+00:00,205.9101047997525,214.77539466746353,203.60926547254866,213.8900711719685,213.8900711719685,13613429.0,sample,2026-09-24 19:05:19.366983+00:00
MSFT,2024-10-04 00:00:00+00:00,213.69926761168117,217.0292431168424,211.23447588824519,214.4983006257838,214.4983006257838,6981276.0,sample,2026-09-24 19:05:19.366983+00:00
MSFT,2024-10-07 00:00:00+00:00,214.73537697339495,216.5107752812515,214.39109613925257,215.81185923534122,215.81185923534122,7589900.0,sample,2026-09-24 19:05:19.366983+00:00
MSFT,2024-10-08 00:00:00+00:00,215.4908880355834,218.2732420867047,213.8196188329346,215.99409668240523,215.99409668240523,7146851.0,sample,2026-09-24 19:05:19.366983+00:00
MSFT,2024-10-09 00:00:00+00:00,216.59514547483326,220.13232699495322,215.74014487014944,219.44647013660872,219.44647013660872,13172068.0,sample,2026-09-24 19:05:19.366983+00:00
MSFT,2024-10-10 00:00:00+00:00,219.03614140058116,223.2412589963282,216.44576140715378,222.83395063350278,222.83395063350278,3330106.0,sample,2026-09-24 19:05:19.366983+00:00
MSFT,2024-10-11 00:00:00+00:00,223.0002115196302,225.62680334743752,222.13066031959212,222.5926289888691,222.5926289888691,2441778.0,sample,2026-09-24 19:05:19.366983+00:00
MSFT,2024-10-14 00:00:00+00:00,222.0340482460364,224.6665609158838,221.37492014139585,222.9791687362425,222.9791687362425,3170939.0,sample,2026-09-24 19:05:19.366983+00:00
MSFT,2024-10-15 00:00:00+00:00,223.04927627131997,225.357787521615,219.42282450609088,219.8537217675121,219.8537217675121,5552246.0,sample,2026-09-24 19:05:19.366983+00:00
MSFT,2024-10-16 00:00:00+00:00,219.8581601721061,221.46717063260326,217.1493739856219,218.2686355469248,218.2686355469248,9068174.0,sample,2026-09-24 19:05:19.366983+00:00
MSFT,2024-10-17 00:00:00+00:00,218.54975979935094,219.47490667036467,214.27924396792588,216.5272568681342,216.5272568681342,9239890.0,sample,2026-09-24 19:05:19.366983+00:00
MSFT,2024-10-18 00:00:00+00:00,216.82902279783596,217.54981819525426,214.36020940079143,215.13777547038467,215.13777547038467,2207291.0,sample,2026-09-24 19:05:19.366983+00:00
MSFT,2024-10-21 00:00:00+00:00,215.47080608943054,217.51508733011804,211.90581121713686,212.90215088554046,212.90215088554046,15454849.0,sample,2026-09-24 19:05:19.366983+00:00
MSFT,2024-10-22 00:00:00+00:00,213.12158495660555,213.34546050499117,207.5913880116521,210.04888635398257,210.04888635398257,14810035.0,sample,2026-09-24 19:05:19.366983+00:00
MSFT,2024-10-23 00:00:00+00:00,209.7739653891908,210.10970603586713,200.60523536574627,202.89436571856686,202.89436571856686,12162914.0,sample,2026-09-24 19:05:19.366983+00:00
MSFT,2024-10-24 00:00:00+00:00,202.76147617436465,208.74122328955377,200.6820485022358,208.4579779986269,208.4579779986269,6653129.0,sample,2026-09-24 19:05:19.366983+00:00
MSFT,2024-10-25 00:00:00+00:00,208.58240713346586,209.73067986705192,207.4743258238555,209.39540696780261,209.39540696780261,15035104.0,sample,2026-09-24 19:05:19.366983+00:00
MSFT,2024-10-28 00:00:00+00:00,209.07158280983856,211.09036711843294,205.99144498768936,208.14122246952067,208.14122246952067,1576994.0,sample,2026-09-24 19:05:19.366983+00:00
MSFT,2024-10-29 00:00:00+00:00,208.11982872837703,211.09245265334204,205.8769321432361,209.3698215393877,209.3698215393877,5113495.0,sample,2026-09-24 19:05:19.366983+00:00
MSFT,2024-10-30 00:00:00+00:00,209.5369325472087,210.3589658082994,208.4132743344532,209.42886046461985,209.42886046461985,13159281.0,sample,2026-09-24 19:05:19.366983+00:00
MSFT,2024-10-31 00:00:00+00:00,209.20383134806136,211.56402399038828,208.5541557768676,209.9168319402834,209.9168319402834,10184647.0,sample,2026-09-24 19:05:19.366983+00:00
MSFT,2024-11-01 00:00:00+00:00,209.74208216241993,214.04259453889745,209.04299265123635,213.73971367387162,213.73971367387162,10495185.0,sample,2026-09-24 19:05:19.366983+00:00
MSFT,2024-11-04 00:00:00+00:00,213.50053081151773,214.17593491606013,210.40273350795823,211.61125744403282,211.61125744403282,8238278.0,sample,2026-09-24 19:05:19.366983+00:00
MSFT,2024-11-05 00:00:00+00:00,211.21163461474697,216.82190383873208,209.09889592440695,214.29600487078824,214.29600487078824,6608928.0,sample,2026-09-24 19:05:19.366983+00:00
MSFT,2024-11-06 00:00:00+00:00,214.57209126283541,216.74234000267813,210.6687891014762,212.58084937903607,212.58084937903607,8795349.0,sample,2026-09-24 19:05:19.366983+00:00
MSFT,2024-11-07 00:00:00+00:00,212.768754519974,213.13509184671986,208.77278454587426,211.01834478517034,211.01834478517034,11056629.0,sample,2026-09-24 19:05:19.366983+00:00
MSFT,2024-11-08 00:00:00+00:00,210.93394822811467,212.931232064892,208.4646048875467,212.445770585935,212.445770585935,13362396.0,sample,2026-09-24 19:05:19.366983+00:00
MSFT,2024-11-11 00:00:00+00:00,211.9701211270211,212.581746699562,209.6028843227694,210.9972895338166,210.9972895338166,6897335.0,sample,2026-09-24 19:05:19.366983+00:00
MSFT,2024-11-12 00:00:00+00:00,210.51554229973607,217.34892342580818,209.50553636708204,216.3703997444966,216.3703997444966,14649999.0,sample,2026-09-24 19:05:19.366983+00:00
MSFT,2024-11-13 00:00:00+00:00,216.2807269547774,224.14161349535001,214.29331788547302,221.85688525579866,221.85688525579866,6412100.0,sample,2026-09-24 19:05:19.366983+00:00
MSFT,2024-11-14 00:00:00+00:00,221.46703201047416,229.59178965761876,219.71675205202337,227.66219752711982,227.66219752711982,1767012.0,sample,2026-09-24 19:05:19.366983+00:00
MSFT,2024-11-15 00:00:00+00:00,227.8060972643309,232.15718357707186,226.4783321622274,229.6784297403635,229.6784297403635,6638194.0,sample,2026-09-24 19:05:19.366983+00:00
MSFT,2024-11-18 00:00:00+00:00,229.21601244200352,230.33907099291167,225.75215329077764,227.7251479377311,227.7251479377311,11881018.0,sample,2026-09-24 19:05:19.366983+00:00
MSFT,2024-11-19 00:00:00+00:00,227.04941838129562,233.61009024333055,224.42065377163934,231.16593313626566,231.16593313626566,2267708.0,sample,2026-09-24 19:05:19.366983+00:00
MSFT,2024-11-20 00:00:00+00:00,231.4766558704405,236.53279304646475,230.36986783540462,235.99689705694772,235.99689705694772,10596947.0,sample,2026-09-24 19:05:19.366983+00:00
MSFT,2024-11-21 00:00:00+00:00,235.96616127436127,237.14605029903012,228.9612561595043,231.01796591153072,231.01796591153072,8361820.0,sample,2026-09-24 19:05:19.366983+00:00
MSFT,2024-11-22 00:00:00+00:00,231.3228740930163,232.3265550572166,230.99684262187623,231.33811119672345,231.33811119672345,9154154.0,sample,2026-09-24 19:05:19.366983+00:00
MSFT,2024-11-25 00:00:00+00:00,231.7367893004757,233.25188425841588,229.58364627278146,230.192014114645,230.192014114645,12533214.0,sample,2026-09-24 19:05:19.366983+00:00
MSFT,2024-11-26 00:00:00+00:00,230.69948436701907,232.57099865233656,221.65634547389314,223.8496380190799,223.8496380190799,15045633.0,sample,2026-09-24 19:05:19.366983+00:00
MSFT,2024-11-27 00:00:00+00:00,224.29738973552156,228.27320208502096,221.86384173976273,226.55638985040557,226.55638985040557,10196452.0,sample,2026-09-24 19:05:19.366983+00:00
MSFT,2024-11-28 00:00:00+00:00,225.9763041684347,231.89680815853143,225.63653045195645,230.56701316984598,230.56701316984598,2954892.0,sample,2026-09-24 19:05:19.366983+00:00
MSFT,2024-11-29 00:00:00+00:00,230.56159148517548,241.11823752099787,228.95839917958017,238.5529702681496,238.5529702681496,5871605.0,sample,2026-09-24 19:05:19.366983+00:00
MSFT,2024-12-02 00:00:00+00:00,238.07006499566847,239.6688541098958,235.77996261711246,236.32597041221953,236.32597041221953,9957302.0,sample,2026-09-24 19:05:19.366983+00:00
MSFT,2024-12-03 00:00:00+00:00,236.08699892012538,237.12556902823496,226.03184197454416,226.28132073967674,226.28132073967674,9023406.0,sample,2026-09-24 19:05:19.366983+00:00
MSFT,2024-12-04 00:00:00+00:00,226.91087057022804,232.6714804676092,225.4886124976038,229.96751680252558,229.96751680252558,1581018.0,sample,2026-09-24 19:05:19.366983+00:00
MSFT,2024-12-05 00:00:00+00:00,229.78452983970791,230.9406804120324,223.3146846389555,225.78530577055147,225.78530577055147,2509855.0,sample,2026-09-24 19:05:19.366983+00:00
MSFT,2024-12-06 00:00:00+00:00,225.4743232928551,230.96473579966158,223.24653954129806,229.85215951075602,229.85215951075602,8408747.0,sample,2026-09-24 19:05:19.366983+00:00
MSFT,2024-12-09 00:00:00+00:00,229.9804853749515,233.78031221350014,228.26550742693328,233.17284829864045,233.17284829864045,13301614.0,sample,2026-09-24 19:05:19.366983+00:00
MSFT,2024-12-10 00:00:00+00:00,233.30904532475228,238.81696624105572,232.1113911576041,236.27138988808312,236.27138988808312,12564381.0,sample,2026-09-24 19:05:19.366983+00:00
MSFT,2024-12-11 00:00:00+00:00,236.07253548122804,238.85613076458128,224.90861617112063,227.25887040928956,227.25887040928956,12103912.0,sample,2026-09-24 19:05:19.366983+00:00
MSFT,2024-12-12 00:00:00+00:00,227.15999675287335,229.55382693370046,225.24148007227734,226.66151053504913,226.66151053504913,7153705.0,sample,2026-09-24 19:05:19.366983+00:00
MSFT,2024-12-13 00:00:00+00:00,227.66503457990777,228.2928155589965,223.6350422815629,226.06474685554264,226.06474685554264,11553729.0,sample,2026-09-24 19:05:19.366983+00:00
MSFT,2024-12-16 00:00:00+00:00,226.07032807612194,227.73571420299646,218.41215116897686,221.0314666621775,221.0314666621775,15787085.0,sample,2026-09-24 19:05:19.366983+00:00
MSFT,2024-12-17 00:00:00+00:00,221.2032866441898,228.96142448661897,220.09340154222267,227.4843893293853,227.4843893293853,7279520.0,sample,2026-09-24 19:05:19.366983+00:00
MSFT,2024-12-18 00:00:00+00:00,227.34257585405828,228.1395714070676,224.09455789737038,226.05101821556883,226.05101821556883,6565730.0,sample,2026-09-24 19:05:19.366983+00:00
MSFT,2024-12-19 00:00:00+00:00,225.66103453725606,228.1551646579754,225.04369118405324,226.35329280919672,226.35329280919672,10735587.0,sample,2026-09-24 19:05:19.366983+00:00
MSFT,2024-12-20 00:00:00+00:00,226.64508980992244,227.54487479791186,220.187897654276,221.84745748256339,221.84745748256339,14497478.0,sample,2026-09-24 19:05:19.366983+00:00
MSFT,2024-12-23 00:00:00+00:00,221.63056451239663,228.28602158611469,221.0167048309049,226.5937028136479,226.5937028136479,3446238.0,sample,2026-09-24 19:05:19.366983+00:00
MSFT,2024-12-24 00:00:00+00:00,226.28138175134285,226.97649146869688,221.03929897962217,223.53096724453164,223.53096724453164,16937030.0,sample,2026-09-24 19:05:19.366983+00:00
MSFT,2024-12-25 00:00:00+00:00,223.38612948373697,224.91774122349216,220.27994262124477,221.47547547849283,221.47547547849283,2174826.0,sample,2026-09-24 19:05:19.366983+00:00
MSFT,2024-12-26 00:00:00+00:00,221.40765333171547,228.93169792583294,220.33931248963827,227.35516673989747,227.35516673989747,10055631.0,sample,2026-09-24 19:05:19.366983+00:00
MSFT,2024-12-27 00:00:00+00:00,227.2939203604211,229.22566243321702,222.0770264399439,222.3649688411197,222.3649688411197,1602023.0,sample,2026-09-24 19:05:19.366983+00:00
MSFT,2024-12-30 00:00:00+00:00,221.3103870487991,225.05112648166414,219.5649192195923,224.59511248329235,224.59511248329235,5892361.0,sample,2026-09-24 19:05:19.366983+00:00
MSFT,2024-12-31 00:00:00+00:00,224.18448316815093,228.03585749764528,222.5616055867882,226.65741760613463,226.65741760613463,13336097.0,sample,2026-09-24 19:05:19.366983+00:00
MSFT,2025-01-01 00:00:00+00:00,227.09022494973837,235.44739164820513,226.64491270804223,234.16080923433236,234.16080923433236,7206260.0,sample,2026-09-24 19:05:19.366983+00:00
MSFT,2025-01-02 00:00:00+00:00,234.88209495248873,235.85466356509932,229.00956630743158,231.67909743946979,231.67909743946979,6494216.0,sample,2026-09-24 19:05:19.366983+00:00
MSFT,2025-01-03 00:00:00+00:00,231.22721259355424,235.44246276194767,229.4007831662853,235.1059123777979,235.1059123777979,8536404.0,sample,2026-09-24 19:05:19.366983+00:00
MSFT,2025-01-06 00:00:00+00:00,235.27089454632193,240.2974435452273,234.9401444259042,238.3885970194676,238.3885970194676,12862844.0,sample,2026-09-24 19:05:19.366983+00:00
MSFT,2025-01-07 00:00:00+00:00,239.07401549263122,247.6057945143156,237.0368021823075,244.82644389514343,244.82644389514343,2502242.0,sample,2026-09-24 19:05:19.366983+00:00
MSFT,2025-01-08 00:00:00+00:00,245.1924024647726,246.28491609455415,241.413081138337,244.1823401610131,244.1823401610131,2952109.0,sample,2026-09-24 19:05:19.366983+00:00
MSFT,2025-01-09 00:00:00+00:00,243.68797420429064,244.511806700793,236.2809407246662,238.31488946022074,238.31488946022074,14702984.0,sample,2026-09-24 19:05:19.366983+00:00
MSFT,2025-01-10 00:00:00+00:00,238.15336884048554,239.15066879353543,234.35040212701156,236.35917952468606,236.35917952468606,11084933.0,sample,2026-09-24 19:05:19.366983+00:00
MSFT,2025-01-13 00:00:00+00:00,236.4554918855835,239.2452245159959,230.7293389335932,231.62880933969393,231.62880933969393,14802424.0,sample,2026-09-24 19:05:19.366983+00:00
MSFT,2025-01-14 00:00:00+00:00,231.33834436779958,232.96580376748517,228.82345803877604,232.55713304409514,232.55713304409514,16427065.0,sample,2026-09-24 19:05:19.366983+00:00
MSFT,2025-01-15 00:00:00+00:00,232.85438393787788,234.94931523382562,229.87729036122505,232.34732256710512,232.34732256710512,2359650.0,sample,2026-09-24 19:05:19.366983+00:00
MSFT,2025-01-16 00:00:00+00:00,232.1154732812513,236.54885068244744,229.8564421345981,234.64865357451572,234.64865357451572,11641957.0,sample,2026-09-24 19:05:19.366983+00:00
MSFT,2025-01-17 00:00:00+00:00,234.76633682701222,235.3266499506805,228.07234177712695,229.06870121270794,229.06870121270794,7006935.0,sample,2026-09-24 19:05:19.366983+00:00
MSFT,2025-01-20 00:00:00+00:00,228.77415657635353,236.4343289626915,226.87381569098625,235.77116800404778,235.77116800404778,13345626.0,sample,2026-09-24 19:05:19.366983+00:00
MSFT,2025-01-21 00:00:00+00:00,235.3543804745367,237.1366297576693,234.10149025984717,235.50538641194396,235.50538641194396,14025833.0,sample,2026-09-24 19:05:19.366983+00:00
MSFT,2025-01-22 00:00:00+00:00,235.29343194179702,240.58775017829734,233.5866251516935,238.5255228534434,238.5255228534434,15717551.0,sample,2026-09-24 19:05:19.366983+00:00
MSFT,2025-01-23 00:00:00+00:00,239.5482435326555,241.34828006322044,237.8808460184025,238.1609784250859,238.1609784250859,15175804.0,sample,2026-09-24 19:05:19.366983+00:00
MSFT,2025-01-24 00:00:00+00:00,237.65346005067923,238.77187690274204,230.3961113116148,232.36928140128003,232.36928140128003,10197821.0,sample,2026-09-24 19:05:19.366983+00:00
MSFT,2025-01-27 00:00:00+00:00,231.61973771300381,239.18740089403738,229.0893452375405,237.03631199811738,237.03631199811738,6326720.0,sample,2026-09-24 19:05:19.366983+00:00
MSFT,2025-01-28 00:00:00+00:00,237.2176367513922,237.58314732981285,234.5484557023077,234.82276583605753,234.82276583605753,16312151.0,sample,2026-09-24 19:05:19.366983+00:00
MSFT,2025-01-29 00:00:00+00:00,234.80842830632272,235.14532809164854,229.25227091283,230.98978040347802,230.98978040347802,15303998.0,sample,2026-09-24 19:05:19.366983+00:00
MSFT,2025-01-30 00:00:00+00:00,230.5725486559726,234.84538327723502,228.95068515060183,233.6598895296441,233.6598895296441,5317964.0,sample,2026-09-24 19:05:19.366983+00:00
MSFT,2025-01-31 00:00:00+00:00,233.27735500383187,238.67876959265547,231.99030999929053,237.63275921632976,237.63275921632976,15970371.0,sample,2026-09-24 19:05:19.366983+00:00
MSFT,2025-02-03 00:00:00+00:00,238.11172741064004,240.0929299354932,233.09938336762715,234.3792664805309,234.3792664805309,5619684.0,sample,2026-09-24 19:05:19.366983+00:00
MSFT,2025-02-04 00:00:00+00:00,234.36418383578385,236.65975579724002,231.4210503659921,232.7866064133794,232.7866064133794,5423222.0,sample,2026-09-24 19:05:19.366983+00:00
MSFT,2025-02-05 00:00:00+00:00,233.30352658409356,234.3831382037453,225.90144320267135,228.64115267630925,228.64115267630925,14217762.0,sample,2026-09-24 19:05:19.366983+00:00
MSFT,2025-02-06 00:00:00+00:00,228.5062222309379,232.5714217610632,226.68492282432527,230.58187667683802,230.58187667683802,17572460.0,sample,2026-09-24 19:05:19.366983+00:00
MSFT,2025-02-07 00:00:00+00:00,230.33510749057191,232.4453137158662,226.52492459202745,228.47760639588745,228.47760639588745,14542612.0,sample,2026-09-24 19:05:19.366983+00:00
MSFT,2025-02-10 00:00:00+00:00,229.02762863559315,235.10884118653567,227.80402098524192,233.65188326677946,233.65188326677946,14200827.0,sample,2026-09-24 19:05:19.366983+00:00
MSFT,2025-02-11 00:00:00+00:00,233.08272416339943,242.624036700537,230.60464081630192,241.91910694686834,241.91910694686834,4198048.0,sample,2026-09-24 19:05:19.366983+00:00
MSFT,2025-02-12 00:00:00+00:00,242.1809852032507,246.72288198500513,240.39130915139862,244.3565945694495,244.3565945694495,4803580.0,sample,2026-09-24 19:05:19.366983+00:00
MSFT,2025-02-13 00:00:00+00:00,244.38513008673397,250.59293479533946,242.05426735560832,248.48084226511355,248.48084226511355,12079619.0,sample,2026-09-24 19:05:19.366983+00:00
MSFT,2025-02-14 00:00:00+00:00,247.90877287346188,255.39659494270765,246.4966948238436,252.92451757281725,252.92451757281725,13604663.0,sample,2026-09-24 19:05:19.366983+00:00
MSFT,2025-02-17 00:00:00+00:00,252.9530851101999,254.7191917316314,250.74907823635914,251.51344429359682,251.51344429359682,14219811.0,sample,2026-09-24 19:05:19.366983+00:00
MSFT,2025-02-18 00:00:00+00:00,251.47044474832936,254.02409067392855,246.14785296692747,248.6635732735453,248.6635732735453,11880670.0,sample,2026-09-24 19:05:19.366983+00:00
MSFT,2025-02-19 00:00:00+00:00,248.9630688691532,251.50897315389687,245.9390106016853,247.60269081109843,247.60269081109843,11561496.0,sample,2026-09-24 19:05:19.366983+00:00
MSFT,2025-02-20 00:00:00+00:00,247.98292183467024,250.4450973420838,245.26013260263443,248.4091484161955,248.4091484161955,13279020.0,sample,2026-09-24 19:05:19.366983+00:00
MSFT,2025-02-21 00:00:00+00:00,248.44033022373156,256.7997641341562,247.4519202395395,254.55467544993414,254.55467544993414,17743033.0,sample,2026-09-24 19:05:19.366983+00:00
MSFT,2025-02-24 00:00:00+00:00,255.0726530146587,256.66702879446643,244.06920601718227,244.93779672295295,244.93779672295295,3112728.0,sample,2026-09-24 19:05:19.366983+00:00
MSFT,2025-02-25 00:00:00+00:00,245.14498472516308,247.77177610393738,242.77794748175336,246.7803085819871,246.7803085819871,7120908.0,sample,2026-09-24 19:05:19.366983+00:00
MSFT,2025-02-26 00:00:00+00:00,245.90046906104638,246.41392932196257,243.5071175701401,245.8395008061259,245.8395008061259,2964184.0,sample,2026-09-24 19:05:19.366983+00:00
MSFT,2025-02-27 00:00:00+00:00,245.7288830311712,247.5552976736023,242.85481592820568,246.86484743336138,246.86484743336138,17589273.0,sample,2026-09-24 19:05:19.366983+00:00
MSFT,2025-02-28 00:00:00+00:00,245.87084614560172,246.1943265891536,237.7561447219283,240.5712475796183,240.5712475796183,7166512.0,sample,2026-09-24 19:05:19.366983+00:00
MSFT,2025-03-03 00:00:00+00:00,240.26742546854825,242.23472039384953,236.29247244311978,237.07840984526752,237.07840984526752,17108428.0,sample,2026-09-24 19:05:19.366983+00:00
MSFT,2025-03-04 00:00:00+00:00,235.90150425134524,237.60366791422004,233.77453136802495,236.6831907044251,236.6831907044251,7777153.0,sample,2026-09-24 19:05:19.366983+00:00
MSFT,2025-03-05 00:00:00+00:00,236.1709157830185,237.82444895640256,234.6928608578211,236.77161232210452,236.77161232210452,15943266.0,sample,2026-09-24 19:05:19.366983+00:00
MSFT,2025-03-06 00:00:00+00:00,236.21732421010398,239.43151701535126,234.4666704643977,238.637114635148,238.637114635148,11251605.0,sample,2026-09-24 19:05:19.366983+00:00
MSFT,2025-03-07 00:00:00+00:00,238.1121971678309,245.7816419115351,236.1534685289187,245.31761887518707,245.31761887518707,2982342.0,sample,2026-09-24 19:05:19.366983+00:00
MSFT,2025-03-10 00:00:00+00:00,244.24083792664817,246.46588517203438,237.74835904396346,238.85915895105992,238.85915895105992,8062837.0,sample,2026-09-24 19:05:19.366983+00:00
MSFT,2025-03-11 00:00:00+00:00,238.55478783417402,241.23761113571652,237.446192896363,239.11551209513567,239.11551209513567,13173248.0,sample,2026-09-24 19:05:19.366983+00:00
MSFT,2025-03-12 00:00:00+00:00,238.85798947397046,241.36386116533495,235.6414295708263,236.1985180732721,236.1985180732721,1746371.0,sample,2026-09-24 19:05:19.366983+00:00
MSFT,2025-03-13 00:00:00+00:00,236.48607845565775,239.93189552141098,233.79355167255346,239.0331981867417,239.0331981867417,9119501.0,sample,2026-09-24 19:05:19.366983+00:00
MSFT,2025-03-14 00:00:00+00:00,239.54964688499734,242.36655323078008,233.69164647867055,236.09781791237367,236.09781791237367,6877693.0,sample,2026-09-24 19:05:19.366983+00:00
MSFT,2025-03-17 00:00:00+00:00,235.68492998321344,236.51778415205035,231.82503366487046,232.52794405503252,232.52794405503252,16334303.0,sample,2026-09-24 19:05:19.366983+00:00
MSFT,2025-03-18 00:00:00+00:00,232.1051847183593,233.99710338988382,230.13313960916324,230.77093470809191,230.77093470809191,7946616.0,sample,2026-09-24 19:05:19.366983+00:00
MSFT,2025-03-19 00:00:00+00:00,230.51613220664962,232.44223382664137,228.765122068889,231.46544980397485,231.46544980397485,4201805.0,sample,2026-09-24 19:05:19.366983+00:00
MSFT,2025-03-20 00:00:00+00:00,231.87982598935358,232.827026050952,223.6514489675807,225.17860706109641,225.17860706109641,14420256.0,sample,2026-09-24 19:05:19.366983+00:00
MSFT,2025-03-21 00:00:00+00:00,225.4461963551807,225.72401102927859,216.07917731851086,217.2685656498074,217.2685656498074,8848879.0,sample,2026-09-24 19:05:19.366983+00:00
MSFT,2025-03-24 00:00:00+00:00,217.53239290101737,219.56233447594036,212.79906625225232,215.19509656551136,215.19509656551136,2003415.0,sample,2026-09-24 19:05:19.366983+00:00
MSFT,2025-03-25 00:00:00+00:00,214.31616400226483,217.7192960837017,213.0280562252259,215.6332856293174,215.6332856293174,11544876.0,sample,2026-09-24 19:05:19.366983+00:00
MSFT,2025-03-26 00:00:00+00:00,216.37756912172478,217.01583598224306,204.82503752996766,207.14117543285693,207.14117543285693,8801014.0,sample,2026-09-24 19:05:19.366983+00:00
MSFT,2025-03-27 00:00:00+00:00,208.2081103131263,211.60498232294321,206.54307580114457,209.66567902146136,209.66567902146136,5370333.0,sample,2026-09-24 19:05:19.366983+00:00
MSFT,2025-03-28 00:00:00+00:00,209.23853433358286,210.8818667645634,207.42789948958958,209.03651667295753,209.03651667295753,4120136.0,sample,2026-09-24 19:05:19.366983+00:00
MSFT,2025-03-31 00:00:00+00:00,209.09474946783538,213.3087178823027,206.7750173876823,211.6484986066906,211.6484986066906,9780165.0,sample,2026-09-24 19:05:19.366983+00:00
MSFT,2025-04-01 00:00:00+00:00,211.162440975883,213.3645899188807,208.77146935307206,209.65556282561576,209.65556282561576,3455282.0,sample,2026-09-24 19:05:19.366983+00:00
MSFT,2025-04-02 00:00:00+00:00,209.5509504901632,209.95397515287013,201.92753542900977,204.3316038820386,204.3316038820386,2624144.0,sample,2026-09-24 19:05:19.366983+00:00
MSFT,2025-04-03 00:00:00+00:00,204.68971055671832,206.51143378615515,203.6338391640353,205.48601181470332,205.48601181470332,16821014.0,sample,2026-09-24 19:05:19.366983+00:00
MSFT,2025-04-04 00:00:00+00:00,205.27921950859715,207.71355842861627,203.3556027759593,207.4128414645267,207.4128414645267,13207807.0,sample,2026-09-24 19:05:19.366983+00:00
MSFT,2025-04-07 00:00:00+00:00,207.44963554092675,217.11047210417354,205.39469344106274,214.6506637867071,214.6506637867071,16553773.0,sample,2026-09-24 19:05:19.366983+00:00
MSFT,2025-04-08 00:00:00+00:00,214.60876334213896,221.5126242340603,213.13448116896066,218.97115582247974,218.97115582247974,10376588.0,sample,2026-09-24 19:05:19.366983+00:00
MSFT,2025-04-09 00:00:00+00:00,218.83984681223134,225.64257514914752,218.23056929302032,224.90888615775395,224.90888615775395,17994257.0,sample,2026-09-24 19:05:19.366983+00:00
MSFT,2025-04-10 00:00:00+00:00,224.7866030340768,230.01635547766244,223.12891394092622,229.18583254630312,229.18583254630312,5874304.0,sample,2026-09-24 19:05:19.366983+00:00
MSFT,2025-04-11 00:00:00+00:00,229.0352858949694,231.7052051830091,226.89948178641328,228.3176858461541,228.3176858461541,16717253.0,sample,2026-09-24 19:05:19.366983+00:00
MSFT,2025-04-14 00:00:00+00:00,228.90232887078108,233.96613984748512,226.4627584722641,232.0114278715237,232.0114278715237,8788495.0,sample,2026-09-24 19:05:19.366983+00:00
MSFT,2025-04-15 00:00:00+00:00,232.1381917092903,238.025639861991,230.35665767773114,236.80340461787623,236.80340461787623,3555826.0,sample,2026-09-24 19:05:19.366983+00:00
MSFT,2025-04-16 00:00:00+00:00,237.32781502248102,243.06323221255,236.49202662222362,240.23188414434244,240.23188414434244,14510830.0,sample,2026-09-24 19:05:19.366983+00:00
MSFT,2025-04-17 00:00:00+00:00,240.2314873445421,241.75346206356718,239.4457447391476,241.0219530373331,241.0219530373331,8146881.0,sample,2026-09-24 19:05:19.366983+00:00
MSFT,2025-04-18 00:00:00+00:00,241.1183534214703,242.5316849696,239.51152285950488,240.42649336030834,240.42649336030834,17040213.0,sample,2026-09-24 19:05:19.366983+00:00
MSFT,2025-04-21 00:00:00+00:00,240.32736386517323,240.76854728592338,239.0963607004518,240.01764009251403,240.01764009251403,16963101.0,sample,2026-09-24 19:05:19.366983+00:00
MSFT,2025-04-22 00:00:00+00:00,239.9561251214516,240.9427941111801,236.1083635797974,238.96686240996536,238.96686240996536,2653882.0,sample,2026-09-24 19:05:19.366983+00:00
MSFT,2025-04-23 00:00:00+00:00,238.61114392070766,240.46108529876796,233.2257589548867,235.97638436052122,235.97638436052122,13395191.0,sample,2026-09-24 19:05:19.366983+00:00
MSFT,2025-04-24 00:00:00+00:00,236.97351262485273,238.61424420016212,225.7706524119916,227.33323144901135,227.33323144901135,15491994.0,sample,2026-09-24 19:05:19.366983+00:00
MSFT,2025-04-25 00:00:00+00:00,228.23301259543328,234.4234949159734,226.1541926894929,232.94308441373204,232.94308441373204,2007783.0,sample,2026-09-24 19:05:19.366983+00:00
MSFT,2025-04-28 00:00:00+00:00,232.67256439069814,234.82343868174098,229.68290650545148,232.3677961139242,232.3677961139242,13183535.0,sample,2026-09-24 19:05:19.366983+00:00
MSFT,2025-04-29 00:00:00+00:00,233.39531245071504,234.082380339351,229.2489622994093,230.55359389856156,230.55359389856156,13385627.0,sample,2026-09-24 19:05:19.366983+00:00
MSFT,2025-04-30 00:00:00+00:00,230.97342170866995,235.0689483541898,229.07833617050514,233.5276095350397,233.5276095350397,17369045.0,sample,2026-09-24 19:05:19.366983+00:00
MSFT,2025-05-01 00:00:00+00:00,234.22331242266787,236.24748385311375,223.14264659900084,225.00726480149672,225.00726480149672,6342854.0,sample,2026-09-24 19:05:19.366983+00:00
MSFT,2025-05-02 00:00:00+00:00,225.5579988244446,229.69986876634732,224.21613531803536,227.23817341807663,227.23817341807663,14965280.0,sample,2026-09-24 19:05:19.366983+00:00
MSFT,2025-05-05 00:00:00+00:00,227.825374173904,231.5129448400223,225.21865681825844,230.3658936683745,230.3658936683745,4073219.0,sample,2026-09-24 19:05:19.366983+00:00
MSFT,2025-05-06 00:00:00+00:00,230.45795665275705,236.0714505194927,228.07464149918422,234.76675123601862,234.76675123601862,11318780.0,sample,2026-09-24 19:05:19.366983+00:00
MSFT,2025-05-07 00:00:00+00:00,235.24598133418192,236.3870464975734,227.85852621439432,230.17283123058826,230.17283123058826,6802839.0,sample,2026-09-24 19:05:19.366983+00:00
MSFT,2025-05-08 00:00:00+00:00,229.60159742057488,229.99764455590034,224.54724195956445,225.98358873283124,225.98358873283124,9700651.0,sample,2026-09-24 19:05:19.366983+00:00
MSFT,2025-05-09 00:00:00+00:00,225.86029769462985,231.98044634565218,223.2538404658773,230.26383466102055,230.26383466102055,6953018.0,sample,2026-09-24 19:05:19.366983+00:00
MSFT,2025-05-12 00:00:00+00:00,230.14176848962535,232.3930788206124,228.32796093657188,229.22748303662104,229.22748303662104,13235161.0,sample,2026-09-24 19:05:19.366983+00:00
MSFT,2025-05-13 00:00:00+00:00,228.54765164122975,231.1352754785795,223.9879931389056,224.43423048382255,224.43423048382255,13321823.0,sample,2026-09-24 19:05:19.366983+00:00
MSFT,2025-05-14 00:00:00+00:00,224.11131169070904,228.54849393069148,221.73876713118204,228.10631698537753,228.10631698537753,11553683.0,sample,2026-09-24 19:05:19.366983+00:00
MSFT,2025-05-15 00:00:00+00:00,228.16598742818783,230.40406612085974,217.75303429417767,219.1488564882469,219.1488564882469,7694071.0,sample,2026-09-24 19:05:19.366983+00:00
MSFT,2025-05-16 00:00:00+00:00,219.23972307874328,221.86203157806847,211.0220643050819,213.45118664916882,213.45118664916882,16956643.0,sample,2026-09-24 19:05:19.366983+00:00
MSFT,2025-05-19 00:00:00+00:00,213.40176543315727,220.07855682008335,212.2543118018457,218.34082221278487,218.34082221278487,13983171.0,sample,2026-09-24 19:05:19.366983+00:00
MSFT,2025-05-20 00:00:00+00:00,218.42575795791026,219.96578510554914,216.9886249104642,218.73471036984753,218.73471036984753,8502508.0,sample,2026-09-24 19:05:19.366983+00:00
MSFT,2025-05-21 00:00:00+00:00,218.49253424009706,220.0852282705658,216.7073031301492,217.9514223492818,217.9514223492818,17821335.0,sample,2026-09-24 19:05:19.366983+00:00
MSFT,2025-05-22 00:00:00+00:00,218.6572701618368,220.7539133411155,218.0675602658158,219.06599400996015,219.06599400996015,16226037.0,sample,2026-09-24 19:05:19.366983+00:00
MSFT,2025-05-23 00:00:00+00:00,218.5759663806449,220.3077280611225,215.9106411197642,217.99953977367676,217.99953977367676,4298938.0,sample,2026-09-24 19:05:19.366983+00:00
MSFT,2025-05-26 00:00:00+00:00,217.57226722345422,219.26862694007448,216.17910669454406,216.43173540758414,216.43173540758414,4118081.0,sample,2026-09-24 19:05:19.366983+00:00
MSFT,2025-05-27 00:00:00+00:00,215.51766341275822,216.65830134164767,212.80402984924996,214.31488353247033,214.31488353247033,3550598.0,sample,2026-09-24 19:05:19.366983+00:00
MSFT,2025-05-28 00:00:00+00:00,213.57533286789558,223.77722269285147,212.03277968971287,222.64392279109526,222.64392279109526,10589408.0,sample,2026-09-24 19:05:19.366983+00:00
MSFT,2025-05-29 00:00:00+00:00,222.9450432773775,233.57222395801546,220.42341744257087,231.30673410007105,231.30673410007105,16464411.0,sample,2026-09-24 19:05:19.366983+00:00
MSFT,2025-05-30 00:00:00+00:00,231.2095749699466,233.24438088492522,222.88970056274485,224.90552713889284,224.90552713889284,7082109.0,sample,2026-09-24 19:05:19.366983+00:00
MSFT,2025-06-02 00:00:00+00:00,224.7679373497828,229.48821409044174,224.35505181777373,227.19066171981893,227.19066171981893,15208241.0,sample,2026-09-24 19:05:19.366983+00:00
MSFT,2025-06-03 00:00:00+00:00,228.00304144491787,232.6506766058346,226.7325216282977,232.2156147131541,232.2156147131541,13437394.0,sample,2026-09-24 19:05:19.366983+00:00
MSFT,2025-06-04 00:00:00+00:00,231.87786035040887,234.38696450152037,230.19610148301712,230.90957947411596,230.90957947411596,15892766.0,sample,2026-09-24 19:05:19.366983+00:00
MSFT,2025-06-05 00:00:00+00:00,231.71961972476933,239.3053246211797,230.8626151395484,237.56631300997643,237.56631300997643,2275927.0,sample,2026-09-24 19:05:19.366983+00:00
MSFT,2025-06-06 00:00:00+00:00,238.31059618690534,240.3483281694673,235.5104844923739,237.0533945756051,237.0533945756051,8003376.0,sample,2026-09-24 19:05:19.366983+00:00
MSFT,2025-06-09 00:00:00+00:00,237.2646130521118,242.19540447978673,234.84159905151782,240.11966956843787,240.11966956843787,13222226.0,sample,2026-09-24 19:05:19.366983+00:00
MSFT,2025-06-10 00:00:00+00:00,239.45933944951992,243.8124362692882,238.71954835756924,243.07752617242187,243.07752617242187,9209437.0,sample,2026-09-24 19:05:19.366983+00:00
MSFT,2025-06-11 00:00:00+00:00,242.36203175827168,254.65470866940763,240.78871504928287,253.29466693580085,253.29466693580085,13436686.0,sample,2026-09-24 19:05:19.366983+00:00
MSFT,2025-06-12 00:00:00+00:00,254.1687424367952,257.45854216213127,252.47075934836053,256.7608940161617,256.7608940161617,9151002.0,sample,2026-09-24 19:05:19.366983+00:00
MSFT,2025-06-13 00:00:00+00:00,256.6737403755769,258.2157283166504,247.45129091472887,247.98341826550728,247.98341826550728,14188656.0,sample,2026-09-24 19:05:19.366983+00:00
MSFT,2025-06-16 00:00:00+00:00,248.65823230087886,253.04851846829308,246.60403229283824,250.37244864415462,250.37244864415462,8413146.0,sample,2026-09-24 19:05:19.366983+00:00
MSFT,2025-06-17 00:00:00+00:00,249.87086958598664,251.1047328423542,245.1529917935928,246.32898127880074,246.32898127880074,11320891.0,sample,2026-09-24 19:05:19.366983+00:00
MSFT,2025-06-18 00:00:00+00:00,246.47288052471941,249.36508929586415,246.22523246888773,248.27102138180408,248.27102138180408,8325773.0,sample,2026-09-24 19:05:19.366983+00:00
MSFT,2025-06-19 00:00:00+00:00,248.55331960970165,250.6696644068088,244.06514079154422,246.87035952992622,246.87035952992622,17642777.0,sample,2026-09-24 19:05:19.366983+00:00
MSFT,2025-06-20 00:00:00+00:00,246.30112913778757,249.4774154244589,243.43369424863943,248.75727000128438,248.75727000128438,10666509.0,sample,2026-09-24 19:05:19.366983+00:00
MSFT,2025-06-23 00:00:00+00:00,249.44786549557182,257.2494055130018,248.1393017066002,254.59817028066797,254.59817028066797,11975646.0,sample,2026-09-24 19:05:19.366983+00:00
MSFT,2025-06-24 00:00:00+00:00,254.292718604448,260.6556121275247,252.6284629432684,258.1658903523568,258.1658903523568,15936560.0,sample,2026-09-24 19:05:19.366983+00:00
MSFT,2025-06-25 00:00:00+00:00,257.6879842324214,264.3100662382354,256.60150158394805,262.81687126477203,262.81687126477203,5481894.0,sample,2026-09-24 19:05:19.366983+00:00
MSFT,2025-06-26 00:00:00+00:00,263.07932763448684,265.07036114545707,257.27125139573775,259.1289864286906,259.1289864286906,8959569.0,sample,2026-09-24 19:05:19.366983+00:00
MSFT,2025-06-27 00:00:00+00:00,259.1931067527971,265.63640006340574,258.0020886051473,264.31955313862846,264.31955313862846,13383903.0,sample,2026-09-24 19:05:19.366983+00:00
MSFT,2025-06-30 00:00:00+00:00,265.599009494096,268.33706515638664,261.8713253974786,264.1144396581499,264.1144396581499,4290185.0,sample,2026-09-24 19:05:19.366983+00:00
MSFT,2025-07-01 00:00:00+00:00,264.34744682398394,266.60144480822845,259.1866303145677,261.3371703406013,261.3371703406013,5043164.0,sample,2026-09-24 19:05:19.366983+00:00
MSFT,2025-07-02 00:00:00+00:00,262.5117071063485,263.44634951241466,259.6334440382389,262.24116243720766,262.24116243720766,4120222.0,sample,2026-09-24 19:05:19.366983+00:00
MSFT,2025-07-03 00:00:00+00:00,262.40059613064886,264.122993745494,260.138329208202,262.95476776749643,262.95476776749643,7987575.0,sample,2026-09-24 19:05:19.366983+00:00
MSFT,2025-07-04 00:00:00+00:00,263.0430448870192,264.2927810590442,255.797723350511,258.4253389350098,258.4253389350098,3284292.0,sample,2026-09-24 19:05:19.366983+00:00
MSFT,2025-07-07 00:00:00+00:00,258.9201167484428,266.4938619099959,257.3485059002035,264.5818376109981,264.5818376109981,5763977.0,sample,2026-09-24 19:05:19.366983+00:00
MSFT,2025-07-08 00:00:00+00:00,264.55248097345634,266.7284149938642,263.72251310373167,265.09434918476927,265.09434918476927,14334046.0,sample,2026-09-24 19:05:19.366983+00:00
MSFT,2025-07-09 00:00:00+00:00,264.65116533312766,266.7196515538797,261.73873675569234,266.2755226340633,266.2755226340633,3177426.0,sample,2026-09-24 19:05:19.366983+00:00
MSFT,2025-07-10 00:00:00+00:00,266.0674936755985,266.352292115846,259.06929072367814,261.45734887410333,261.45734887410333,7625628.0,sample,2026-09-24 19:05:19.366983+00:00
MSFT,2025-07-11 00:00:00+00:00,261.3917032811773,262.6232799961988,252.62079638241946,253.9817061741496,253.9817061741496,5027785.0,sample,2026-09-24 19:05:19.366983+00:00
MSFT,2025-07-14 00:00:00+00:00,254.2667078161245,254.97879139459562,251.66902174350545,253.0076461927303,253.0076461927303,5677261.0,sample,2026-09-24 19:05:19.366983+00:00
MSFT,2025-07-15 00:00:00+00:00,252.468556961205,253.52036997371576,248.52831732121686,249.66171830368882,249.66171830368882,16384826.0,sample,2026-09-24 19:05:19.366983+00:00
MSFT,2025-07-16 00:00:00+00:00,250.67214494186862,250.95418617009219,246.96891622379263,248.09367439154923,248.09367439154923,15198570.0,sample,2026-09-24 19:05:19.366983+00:00
MSFT,2025-07-17 00:00:00+00:00,247.14921077105632,262.4201917870749,246.1620777901764,260.93426153742735,260.93426153742735,14208000.0,sample,2026-09-24 19:05:19.366983+00:00
MSFT,2025-07-18 00:00:00+00:00,260.5636132413058,262.61602320559615,255.2458200689644,258.0984497478624,258.0984497478624,2536024.0,sample,2026-09-24 19:05:19.366983+00:00
MSFT,2025-07-21 00:00:00+00:00,257.6771575234029,260.36964460776653,256.8333528608659,258.0917097010443,258.0917097010443,4704262.0,sample,2026-09-24 19:05:19.366983+00:00
MSFT,2025-07-22 00:00:00+00:00,258.55384304120963,259.4824066845834,254.5842671856641,255.59258119901364,255.59258119901364,16875714.0,sample,2026-09-24 19:05:19.366983+00:00
MSFT,2025-07-23 00:00:00+00:00,255.2964669576146,257.87279259691155,251.2740088509346,252.1923312028415,252.1923312028415,14558244.0,sample,2026-09-24 19:05:19.366983+00:00
MSFT,2025-07-24 00:00:00+00:00,252.13130193923416,255.03097499935865,250.04444144704328,253.4553759821166,253.4553759821166,12172860.0,sample,2026-09-24 19:05:19.366983+00:00
MSFT,2025-07-25 00:00:00+00:00,253.66297472136083,253.92651071884598,247.86004466072734,249.96812450828037,249.96812450828037,6815414.0,sample,2026-09-24 19:05:19.366983+00:00
MSFT,2025-07-28 00:00:00+00:00,249.96136169197464,253.0513196644169,248.79100215593192,251.01211874302643,251.01211874302643,4647733.0,sample,2026-09-24 19:05:19.366983+00:00
MSFT,2025-07-29 00:00:00+00:00,251.4322077249477,253.32284054012607,244.9891580203042,247.13118230380147,247.13118230380147,9533347.0,sample,2026-09-24 19:05:19.366983+00:00
MSFT,2025-07-30 00:00:00+00:00,246.52046383451633,247.22180005602118,241.15205882178807,241.9449860339099,241.9449860339099,16218746.0,sample,2026-09-24 19:05:19.366983+00:00
MSFT,2025-07-31 00:00:00+00:00,242.26678727554633,245.02897383997583,232.609551056557,232.9915527354638,232.9915527354638,10303695.0,sample,2026-09-24 19:05:19.366983+00:00
MSFT,2025-08-01 00:00:00+00:00,232.55811192952612,241.00110960305432,231.17247484890504,239.5445066116102,239.5445066116102,17953678.0,sample,2026-09-24 19:05:19.366983+00:00
MSFT,2025-08-04 00:00:00+00:00,239.24259347641419,240.83093374089745,234.04625635809236,234.90280466049083,234.90280466049083,3942161.0,sample,2026-09-24 19:05:19.366983+00:00
MSFT,2025-08-05 00:00:00+00:00,235.2764198403867,235.98966353864617,227.69502597293416,229.38423070793806,229.38423070793806,6784992.0,sample,2026-09-24 19:05:19.366983+00:00
MSFT,2025-08-06 00:00:00+00:00,229.3646808805051,235.92859420816654,228.9054063305184,234.63719657830714,234.63719657830714,14076703.0,sample,2026-09-24 19:05:19.366983+00:00
MSFT,2025-08-07 00:00:00+00:00,234.31032163712354,241.6819785521214,232.86071041215047,238.94641623547412,238.94641623547412,8136632.0,sample,2026-09-24 19:05:19.366983+00:00
MSFT,2025-08-08 00:00:00+00:00,238.2861010055445,239.21226390512376,236.12546573421534,237.2138435976129,237.2138435976129,14329171.0,sample,2026-09-24 19:05:19.366983+00:00
MSFT,2025-08-11 00:00:00+00:00,237.4198002439645,238.89239541352214,233.08740296726623,234.1408551405714,234.1408551405714,15372259.0,sample,2026-09-24 19:05:19.366983+00:00
MSFT,2025-08-12 00:00:00+00:00,234.7925408821425,236.5774555956041,230.03902908710455,232.12124308252808,232.12124308252808,17992854.0,sample,2026-09-24 19:05:19.366983+00:00
MSFT,2025-08-13 00:00:00+00:00,231.8136033325962,234.83630655775022,230.4087334901966,234.18210580001508,234.18210580001508,14509310.0,sample,2026-09-24 19:05:19.366983+00:00
MSFT,2025-08-14 00:00:00+00:00,233.26721936150764,238.23365623159313,231.5192218026253,237.2278361978382,237.2278361978382,3708567.0,sample,2026-09-24 19:05:19.366983+00:00
MSFT,2025-08-15 00:00:00+00:00,236.8159707131335,238.27812817907497,231.36423031852956,233.82246305051297,233.82246305051297,5613074.0,sample,2026-09-24 19:05:19.366983+00:00
MSFT,2025-08-18 00:00:00+00:00,233.5209769126279,239.8220343064844,231.2090084406776,237.02260182340893,237.02260182340893,3401851.0,sample,2026-09-24 19:05:19.366983+00:00
MSFT,2025-08-19 00:00:00+00:00,237.72213730754632,240.30225909975897,232.12528932693672,234.36524743132028,234.36524743132028,4098855.0,sample,2026-09-24 19:05:19.366983+00:00
MSFT,2025-08-20 00:00:00+00:00,233.6651247300879,235.01637031279176,223.66847005014304,226.2514985317158,226.2514985317158,6886337.0,sample,2026-09-24 19:05:19.366983+00:00
MSFT,2025-08-21 00:00:00+00:00,226.57246037353804,227.79391995917263,217.5254611621703,220.09726157936865,220.09726157936865,4035016.0,sample,2026-09-24 19:05:19.366983+00:00
MSFT,2025-08-22 00:00:00+00:00,220.75430411756102,222.77668388046487,218.87189908322148,219.4951614677661,219.4951614677661,8752344.0,sample,2026-09-24 19:05:19.366983+00:00
MSFT,2025-08-25 00:00:00+00:00,219.05525253127433,224.33179414230332,217.01804385925843,223.80330765552293,223.80330765552293,11316839.0,sample,2026-09-24 19:05:19.366983+00:00
MSFT,2025-08-26 00:00:00+00:00,223.94216614876754,226.40870598718416,219.89016689370695,220.95838128657704,220.95838128657704,7345130.0,sample,2026-09-24 19:05:19.366983+00:00
MSFT,2025-08-27 00:00:00+00:00,221.1966815567309,222.67310970143808,219.6132399584383,221.27047269498124,221.27047269498124,5200846.0,sample,2026-09-24 19:05:19.366983+00:00
MSFT,2025-08-28 00:00:00+00:00,221.54968672942243,223.9272350849321,216.88910949611582,218.53527325132123,218.53527325132123,4702147.0,sample,2026-09-24 19:05:19.366983+00:00
MSFT,2025-08-29 00:00:00+00:00,218.79403152655505,220.84801043656125,216.48508905834115,217.00134709468492,217.00134709468492,4406592.0,sample,2026-09-24 19:05:19.366983+00:00
MSFT,2025-09-01 00:00:00+00:00,216.47444355728408,217.6885802854735,214.9936963953068,216.9139770000625,216.9139770000625,2433822.0,sample,2026-09-24 19:05:19.366983+00:00
MSFT,2025-09-02 00:00:00+00:00,216.85115728964743,220.9834829141496,214.52108593415565,219.33447298819294,219.33447298819294,9357936.0,sample,2026-09-24 19:05:19.366983+00:00
MSFT,2025-09-03 00:00:00+00:00,219.44326829816285,225.25563566347654,217.31473971860237,222.84416174957536,222.84416174957536,5810306.0,sample,2026-09-24 19:05:19.366983+00:00
MSFT,2025-09-04 00:00:00+00:00,223.51549875943573,233.3491116992709,220.93610691193922,231.80353255403963,231.80353255403963,5553333.0,sample,2026-09-24 19:05:19.366983+00:00
MSFT,2025-09-05 00:00:00+00:00,232.35291124695908,232.79485115741278,227.05031060656063,228.65107478417607,228.65107478417607,6838381.0,sample,2026-09-24 19:05:19.366983+00:00
MSFT,2025-09-08 00:00:00+00:00,228.89784406294729,231.6097604613004,221.39524046972073,221.88444085601512,221.88444085601512,9626744.0,sample,2026-09-24 19:05:19.366983+00:00
MSFT,2025-09-09 00:00:00+00:00,222.3906706481961,224.09649318844353,219.38877866069396,221.25063901788417,221.25063901788417,13667548.0,sample,2026-09-24 19:05:19.366983+00:00
MSFT,2025-09-10 00:00:00+00:00,221.35506073126078,223.4166761977331,213.35428794803596,215.3708978254153,215.3708978254153,15389846.0,sample,2026-09-24 19:05:19.366983+00:00
MSFT,2025-09-11 00:00:00+00:00,215.05633157170087,221.0631226278246,213.21768124527128,218.85014885531638,218.85014885531638,7348918.0,sample,2026-09-24 19:05:19.366983+00:00
MSFT,2025-09-12 00:00:00+00:00,218.94519058380126,219.3385350821794,214.54101366108344,216.74230686295152,216.74230686295152,8421757.0,sample,2026-09-24 19:05:19.366983+00:00
MSFT,2025-09-15 00:00:00+00:00,216.789363406744,217.8843904308669,207.32216526003833,208.97829110335363,208.97829110335363,14358330.0,sample,2026-09-24 19:05:19.366983+00:00
MSFT,2025-09-16 00:00:00+00:00,208.6229985067203,211.25154819847157,207.5459432368663,210.74019559923562,210.74019559923562,4867759.0,sample,2026-09-24 19:05:19.366983+00:00
MSFT,2025-09-17 00:00:00+00:00,210.11444813608577,220.99428757233576,209.55051210875575,218.74604542098638,218.74604542098638,12013967.0,sample,2026-09-24 19:05:19.366983+00:00
MSFT,2025-09-18 00:00:00+00:00,218.55037399412262,219.00789363266423,217.11686164748767,217.8957214829237,217.8957214829237,2290131.0,sample,2026-09-24 19:05:19.366983+00:00
MSFT,2025-09-19 00:00:00+00:00,217.46995535111122,224.82471017258595,216.46040216017195,223.58250364629214,223.58250364629214,17229961.0,sample,2026-09-24 19:05:19.366983+00:00
MSFT,2025-09-22 00:00:00+00:00,223.96650654970153,225.47592211587065,223.22470500330706,223.65643347329512,223.65643347329512,16297644.0,sample,2026-09-24 19:05:19.366983+00:00
MSFT,2025-09-23 00:00:00+00:00,224.02645427349748,226.30805796059778,217.06603837110757,218.39590061872406,218.39590061872406,16719054.0,sample,2026-09-24 19:05:19.366983+00:00
MSFT,2025-09-24 00:00:00+00:00,218.76721109591054,225.1591336319223,216.32777371482135,223.54585605498283,223.54585605498283,4584069.0,sample,2026-09-24 19:05:19.366983+00:00
MSFT,2025-09-25 00:00:00+00:00,222.83578578295263,225.16798239472556,218.7650298968235,220.02566124188465,220.02566124188465,6041472.0,sample,2026-09-24 19:05:19.366983+00:00
MSFT,2025-09-26 00:00:00+00:00,220.25762206284458,222.5125819013341,217.92779499861723,220.1430975966383,220.1430975966383,17417754.0,sample,2026-09-24 19:05:19.366983+00:00
MSFT,2025-09-29 00:00:00+00:00,219.78544193030086,220.1670778511362,218.24017057318702,219.38058077415425,219.38058077415425,17396772.0,sample,2026-09-24 19:05:19.366983+00:00
MSFT,2025-09-30 00:00:00+00:00,219.73110876127095,221.02198365128547,217.08911784271405,218.00871767541693,218.00871767541693,9104431.0,sample,2026-09-24 19:05:19.366983+00:00
MSFT,2025-10-01 00:00:00+00:00,217.9929966084453,222.42219627208988,215.66577221630038,222.00377423732778,222.00377423732778,16206036.0,sample,2026-09-24 19:05:19.366983+00:00
MSFT,2025-10-02 00:00:00+00:00,221.96238810663357,227.59426814058796,219.4775021912657,225.52199884584138,225.52199884584138,8070032.0,sample,2026-09-24 19:05:19.366983+00:00
MSFT,2025-10-03 00:00:00+00:00,224.4802569252473,226.87773178455396,222.04560820557805,225.2539870536195,225.2539870536195,4691092.0,sample,2026-09-24 19:05:19.366983+00:00
MSFT,2025-10-06 00:00:00+00:00,225.39381363619873,226.93709561979733,217.39327691058003,218.84019168959895,218.84019168959895,14382471.0,sample,2026-09-24 19:05:19.366983+00:00
MSFT,2025-10-07 00:00:00+00:00,219.50821925479502,222.0688398011349,216.34313698936063,217.0950921088899,217.0950921088899,16479724.0,sample,2026-09-24 19:05:19.366983+00:00
MSFT,2025-10-08 00:00:00+00:00,216.79193037531624,217.3252266343018,215.9710457726556,216.60743509253848,216.60743509253848,6093394.0,sample,2026-09-24 19:05:19.366983+00:00
MSFT,2025-10-09 00:00:00+00:00,215.74339791406462,217.37097780098807,213.9582040791703,217.12168854261145,217.12168854261145,17335775.0,sample,2026-09-24 19:05:19.366983+00:00
MSFT,2025-10-10 00:00:00+00:00,218.15207316808514,222.87303118624604,215.69760318388822,221.58273901916132,221.58273901916132,7908116.0,sample,2026-09-24 19:05:19.366983+00:00
MSFT,2025-10-13 00:00:00+00:00,221.94860876805478,230.3414196507554,220.6995692499459,227.8945550483474,227.8945550483474,6639153.0,sample,2026-09-24 19:05:19.366983+00:00
MSFT,2025-10-14 00:00:00+00:00,228.10052991977355,230.42143148521615,224.7430904564711,227.2252332022399,227.2252332022399,8515431.0,sample,2026-09-24 19:05:19.366983+00:00
MSFT,2025-10-15 00:00:00+00:00,226.26936946263518,228.52424820808025,224.87582952559316,226.05184570870207,226.05184570870207,13073860.0,sample,2026-09-24 19:05:19.366983+00:00
MSFT,2025-10-16 00:00:00+00:00,225.7939840393677,228.3176954174325,223.74101062086905,223.98514972724357,223.98514972724357,15257043.0,sample,2026-09-24 19:05:19.366983+00:00
MSFT,2025-10-17 00:00:00+00:00,224.23953280950184,226.2120513382499,223.78740008842013,224.78958532108928,224.78958532108928,2232777.0,sample,2026-09-24 19:05:19.366983+00:00
MSFT,2025-10-20 00:00:00+00:00,224.7652938951998,227.77422148996772,223.56727235705296,225.56265861205165,225.56265861205165,3435395.0,sample,2026-09-24 19:05:19.366983+00:00
MSFT,2025-10-21 00:00:00+00:00,225.3560225581556,227.66486025687928,219.92740352952367,222.07314748009856,222.07314748009856,9339192.0,sample,2026-09-24 19:05:19.366983+00:00
MSFT,2025-10-22 00:00:00+00:00,222.0749321365842,223.45973050679856,221.03301063519038,222.3966431207044,222.3966431207044,10687660.0,sample,2026-09-24 19:05:19.366983+00:00
MSFT,2025-10-23 00:00:00+00:00,222.36280750719428,224.970116776144,219.26102522671457,221.05855222240368,221.05855222240368,12343989.0,sample,2026-09-24 19:05:19.366983+00:00
MSFT,2025-10-24 00:00:00+00:00,221.378258663959,233.453853303786,220.06752159037683,231.38666685908746,231.38666685908746,4081964.0,sample,2026-09-24 19:05:19.366983+00:00
MSFT,2025-10-27 00:00:00+00:00,231.74996057058289,233.0319149796436,223.61493466735277,224.1020499273908,224.1020499273908,8586478.0,sample,2026-09-24 19:05:19.366983+00:00
MSFT,2025-10-28 00:00:00+00:00,223.94599156480513,230.25743025368274,223.60634711847797,227.55836186819099,227.55836186819099,16414751.0,sample,2026-09-24 19:05:19.366983+00:00
MSFT,2025-10-29 00:00:00+00:00,227.6342183797301,228.39064469489196,225.28917231226978,226.6125051499555,226.6125051499555,1956535.0,sample,2026-09-24 19:05:19.366983+00:00
MSFT,2025-10-30 00:00:00+00:00,226.888148385105,232.27428835301072,226.32119831125434,230.16066364585973,230.16066364585973,16834687.0,sample,2026-09-24 19:05:19.366983+00:00
MSFT,2025-10-31 00:00:00+00:00,230.36780982479362,232.38034496787682,229.03215365445575,231.13636215311382,231.13636215311382,4668154.0,sample,2026-09-24 19:05:19.366983+00:00
