symbol,timestamp,open,high,low,close,adj_close,volume,source,ingestion_time
NVDA,2025-01-02 14:30:00+00:00,90.1820572984647,91.49201190312785,89.72127556866539,90.47218775857549,90.47218775857549,8198406.0,sample,2026-09-24 19:05:19.661930+00:00
NVDA,2025-01-02 14:35:00+00:00,90.34395221876132,90.78784150443447,89.85660867965923,90.07569395626123,90.07569395626123,14058151.0,sample,2026-09-24 19:05:19.661930+00:00
NVDA,2025-01-02 14:40:00+00:00,89.92441821792444,90.14513080271249,89.3895931793731,89.74617948453135,89.74617948453135,6201965.0,sample,2026-09-24 19:05:19.661930+00:00
NVDA,2025-01-02 14:45:00+00:00,89.57091093869657,90.50212246137183,89.075450785628,89.42024534221387,89.42024534221387,16745595.0,sample,2026-09-24 19:05:19.661930+00:00
NVDA,2025-01-02 14:50:00+00:00,89.38913186555352,90.1806597723165,89.20074817980391,89.38931955779158,89.38931955779158,12984912.0,sample,2026-09-24 19:05:19.661930+00:00
NVDA,2025-01-02 14:55:00+00:00,89.28466042381983,89.71264975914107,88.34514564654444,89.53173890624956,89.53173890624956,6837786.0,sample,2026-09-24 19:05:19.661930+00:00
NVDA,2025-01-02 15:00:00+00:00,89.45565407421225,90.58235145406258,89.27952341496349,89.69148652405997,89.69148652405997,10295319.0,sample,2026-09-24 19:05:19.661930+00:00
NVDA,2025-01-02 15:05:00+00:00,89.876504042758,90.87609034793958,89.3708689104261,89.79890226043388,89.79890226043388,8519027.0,sample,2026-09-24 19:05:19.661930+00:00
NVDA,2025-01-02 15:10:00+00:00,90.1291074708497,90.45005057173624,88.72208639620736,89.4721062564674,89.4721062564674,11741184.0,sample,2026-09-24 19:05:19.661930+00:00
NVDA,2025-01-02 15:15:00+00:00,89.09665364132506,90.14463953265819,88.06267299881675,89.35338645545826,89.35338645545826,9490102.0,sample,2026-09-24 19:05:19.661930+00:00
NVDA,2025-01-02 15:20:00+00:00,89.25149368464795,90.09263778019306,88.67996450320618,89.42803221532914,89.42803221532914,12124271.0,sample,2026-09-24 19:05:19.661930+00:00
NVDA,2025-01-02 15:25:00+00:00,89.35069575195207,89.55093270664082,88.59583463892885,89.33494064464608,89.33494064464608,17100171.0,sample,2026-09-24 19:05:19.661930+00:00
NVDA,2025-01-02 15:30:00+00:00,89.52739880734578,89.62409888712544,88.25263916650817,88.92044516322852,88.92044516322852,7131072.0,sample,2026-09-24 19:05:19.661930+00:00
NVDA,2025-01-02 15:35:00+00:00,88.86999633768467,89.9135772114738,88.73358394370976,89.59549846298667,89.59549846298667,9281334.0,sample,2026-09-24 19:05:19.661930+00:00
NVDA,2025-01-02 15:40:00+00:00,89.45422087993819,90.51318664282442,88.59498718817191,89.4373983677718,89.4373983677718,7205140.0,sample,2026-09-24 19:05:19.661930+00:00
NVDA,2025-01-02 15:45:00+00:00,89.65109539125051,90.37519155201848,88.02185178581445,88.95330630377431,88.95330630377431,9560220.0,sample,2026-09-24 19:05:19.661930+00:00
NVDA,2025-01-02 15:50:00+00:00,88.91857959955598,89.25228739434739,88.42128965928819,88.65583548973107,88.65583548973107,2572700.0,sample,2026-09-24 19:05:19.661930+00:00
NVDA,2025-01-02 15:55:00+00:00,88.74797242696894,89.11298189212114,87.9757432176757,88.27363368429694,88.27363368429694,15606071.0,sample,2026-09-24 19:05:19.661930+00:00
NVDA,2025-01-02 16:00:00+00:00,88.41425429651244,88.8512653565261,87.4098703932997,87.51337560517231,87.51337560517231,5004836.0,sample,2026-09-24 19:05:19.661930+00:00
NVDA,2025-01-02 16:05:00+00:00,87.67329823075127,88.10805182193347,87.2591793698814,87.59054209419665,87.59054209419665,13279823.0,sample,2026-09-24 19:05:19.661930+00:00
NVDA,2025-01-02 16:10:00+00:00,87.22510695621648,88.30842808375753,86.75630242966501,87.88432480978197,87.88432480978197,16587583.0,sample,2026-09-24 19:05:19.661930+00:00
NVDA,2025-01-02 16:15:00+00:00,88.12234614261658,88.87503758748208,87.04323992919718,87.3872670296903,87.3872670296903,11267279.0,sample,2026-09-24 19:05:19.661930+00:00
NVDA,2025-01-02 16:20:00+00:00,87.30478881090487,87.96870662610674,86.49247315115927,87.31385144574976,87.31385144574976,14799104.0,sample,2026-09-24 19:05:19.661930+00:00
NVDA,2025-01-02 16:25:00+00:00,87.32237530291138,87.85305901761271,86.76775939119332,87.37256936081099,87.37256936081099,15164499.0,sample,2026-09-24 19:05:19.661930+00:00
NVDA,2025-01-02 16:30:00+00:00,87.55274261368181,87.85932583324067,86.5626722999591,87.74861178981607,87.74861178981607,9097079.0,sample,2026-09-24 19:05:19.661930+00:00
NVDA,2025-01-02 16:35:00+00:00,87.65152388398543,88.4175675273809,86.7929802828398,87.584750499645,87.584750499645,14095306.0,sample,2026-09-24 19:05:19.661930+00:00
NVDA,2025-01-02 16:40:00+00:00,87.61048851167537,88.83753283132242,87.14001159867732,88.09837949804361,88.09837949804361,10153023.0,sample,2026-09-24 19:05:19.661930+00:00
NVDA,2025-01-02 16:45:00+00:00,88.14955807561212,88.89349651890232,87.72641683096467,87.87578002981725,87.87578002981725,7654640.0,sample,2026-09-24 19:05:19.661930+00:00
NVDA,2025-01-02 16:50:00+00:00,87.68083244903762,88.03186083003024,87.4353779147353,87.54129626261398,87.54129626261398,16546882.0,sample,2026-09-24 19:05:19.661930+00:00
NVDA,2025-01-02 16:55:00+00:00,87.82413043922212,88.7113208235624,86.81992528592673,87.28041481962212,87.28041481962212,3395915.0,sample,2026-09-24 19:05:19.661930+00:00
NVDA,2025-01-02 17:00:00+00:00,87.42409091547913,87.65296063190856,87.21741996675777,87.48617750295767,87.48617750295767,10157666.0,sample,2026-09-24 19:05:19.661930+00:00
NVDA,2025-01-02 17:05:00+00:00,87.60787694614972,88.58501937945279,87.17405907979204,87.54932178671207,87.54932178671207,3514112.0,sample,2026-09-24 19:05:19.661930+00:00
NVDA,2025-01-02 17:10:00+00:00,87.81332185011951,88.17929720761353,87.55219073949704,87.7301604409257,87.7301604409257,5437950.0,sample,2026-09-24 19:05:19.661930+00:00
NVDA,2025-01-02 17:15:00+00:00,87.91650755914911,88.83988518522906,86.4635552966269,87.46846107097898,87.46846107097898,4994661.0,sample,2026-09-24 19:05:19.661930+00:00
NVDA,2025-01-02 17:20:00+00:00,87.67317008505312,88.4001846435775,86.34790821845682,87.33269200100258,87.33269200100258,8460962.0,sample,2026-09-24 19:05:19.661930+00:00
NVDA,2025-01-02 17:25:00+00:00,87.392624712624,87.55026450498889,86.288455104974,87.12984736182821,87.12984736182821,2923127.0,sample,2026-09-24 19:05:19.661930+00:00
NVDA,2025-01-02 17:30:00+00:00,87.08282544209584,87.39036809927718,86.44822149718644,87.1538506682716,87.1538506682716,12791555.0,sample,2026-09-24 19:05:19.661930+00:00
NVDA,2025-01-02 17:35:00+00:00,87.05746078868606,87.75333106558622,86.52235792272724,87.15759405988804,87.15759405988804,11824030.0,sample,2026-09-24 19:05:19.661930+00:00
NVDA,2025-01-02 17:40:00+00:00,87.00580499105025,87.92415636799352,86.27576882865974,87.15545528344545,87.15545528344545,6582027.0,sample,2026-09-24 19:05:19.661930+00:00
NVDA,2025-01-02 17:45:00+00:00,86.89658381500328,87.3910504693145,85.99001606907657,86.66182349477184,86.66182349477184,4734261.0,sample,2026-09-24 19:05:19.661930+00:00
NVDA,2025-01-02 17:50:00+00:00,86.84951177551109,87.4929272915524,85.78017829441109,86.27823049306706,86.27823049306706,8752996.0,sample,2026-09-24 19:05:19.661930+00:00
NVDA,2025-01-02 17:55:00+00:00,86.37676746219742,86.91450040742907,86.010281901725,86.49974220730239,86.49974220730239,3152656.0,sample,2026-09-24 19:05:19.661930+00:00
NVDA,2025-01-02 18:00:00+00:00,86.47497730243269,87.47642442661694,85.9549994409819,86.5959716721662,86.5959716721662,14615507.0,sample,2026-09-24 19:05:19.661930+00:00
NVDA,2025-01-02 18:05:00+00:00,86.76007295733851,87.57788100809579,85.953702191145,87.38108116453002,87.38108116453002,3046679.0,sample,2026-09-24 19:05:19.661930+00:00
NVDA,2025-01-02 18:10:00+00:00,87.28915184634526,88.22940024659827,86.7441912304272,87.66039968000112,87.66039968000112,4998793.0,sample,2026-09-24 19:05:19.661930+00:00
NVDA,2025-01-02 18:15:00+00:00,87.83356734876145,88.5333709165712,86.62076300237415,87.54941907795885,87.54941907795885,16970792.0,sample,2026-09-24 19:05:19.661930+00:00
NVDA,2025-01-02 18:20:00+00:00,87.49838160894333,88.50767038210776,86.57363950195523,87.54541674663787,87.54541674663787,15268472.0,sample,2026-09-24 19:05:19.661930+00:00
NVDA,2025-01-02 18:25:00+00:00,87.73289289274794,87.95309708666035,86.76160067031094,87.58595937111009,87.58595937111009,6541591.0,sample,2026-09-24 19:05:19.661930+00:00
NVDA,2025-01-02 18:30:00+00:00,87.35273162180391,89.19236129451308,87.14419687711012,88.4861556146505,88.4861556146505,11028651.0,sample,2026-09-24 19:05:19.661930+00:00
NVDA,2025-01-02 18:35:00+00:00,88.74984399276195,89.179614467469,87.69276413676606,88.60813832764957,88.60813832764957,2710158.0,sample,2026-09-24 19:05:19.661930+00:00
NVDA,2025-01-02 18:40:00+00:00,89.14299635122194,90.12489546466969,87.82580265376211,87.95825185835184,87.95825185835184,12450235.0,sample,2026-09-24 19:05:19.661930+00:00
NVDA,2025-01-02 18:45:00+00:00,87.54600906861447,88.58873394391182,86.58631435453815,88.22794599313023,88.22794599313023,15911144.0,sample,2026-09-24 19:05:19.661930+00:00
NVDA,2025-01-02 18:50:00+00:00,88.21672686322287,88.7154474236721,87.36407070348577,88.23785778933986,88.23785778933986,1755008.0,sample,2026-09-24 19:05:19.661930+00:00
NVDA,2025-01-02 18:55:00+00:00,88.47444434253414,88.97255972702335,87.77950939071468,88.34832210045325,88.34832210045325,11719979.0,sample,2026-09-24 19:05:19.661930+00:00
NVDA,2025-01-02 19:00:00+00:00,88.30402048927856,88.64660036787191,87.67154800448331,88.18072765393781,88.18072765393781,8647676.0,sample,2026-09-24 19:05:19.661930+00:00
NVDA,2025-01-02 19:05:00+00:00,88.29626294288873,88.60568166624661,86.98729935594704,87.47502311245462,87.47502311245462,11965348.0,sample,2026-09-24 19:05:19.661930+00:00
NVDA,2025-01-02 19:10:00+00:00,87.45502648977588,89.0236420495421,86.58360850086046,88.33106710421046,88.33106710421046,17350809.0,sample,2026-09-24 19:05:19.661930+00:00
NVDA,2025-01-02 19:15:00+00:00,88.3381927904398,88.9274857362614,87.42566612318375,88.58783350100406,88.58783350100406,9343399.0,sample,2026-09-24 19:05:19.661930+00:00
NVDA,2025-01-02 19:20:00+00:00,88.61778542090494,89.52000398687373,87.55136981153879,88.55283034823117,88.55283034823117,4757510.0,sample,2026-09-24 19:05:19.661930+00:00
NVDA,2025-01-02 19:25:00+00:00,88.55097062428699,89.66327331725483,87.52626527102998,88.62720044984991,88.62720044984991,2126835.0,sample,2026-09-24 19:05:19.661930+00:00
NVDA,2025-01-02 19:30:00+00:00,88.42672954347167,89.33160849046952,88.0771369933161,88.39970394718786,88.39970394718786,6091543.0,sample,2026-09-24 19:05:19.661930+00:00
NVDA,2025-01-02 19:35:00+00:00,88.07343434292069,88.96012218393263,87.50698411718818,88.65040696750252,88.65040696750252,9348449.0,sample,2026-09-24 19:05:19.661930+00:00
NVDA,2025-01-02 19:40:00+00:00,88.72325870186128,88.94638144239045,87.55699903618917,88.55901709780802,88.55901709780802,12651630.0,sample,2026-09-24 19:05:19.661930+00:00
NVDA,2025-01-02 19:45:00+00:00,88.50692372397278,89.3397223938702,88.19523850705673,88.88744926260829,88.88744926260829,7986755.0,sample,2026-09-24 19:05:19.661930+00:00
NVDA,2025-01-02 19:50:00+00:00,88.99010096307128,89.60178342910577,88.07072541600208,88.53805877959464,88.53805877959464,5423953.0,sample,2026-09-24 19:05:19.661930+00:00
NVDA,2025-01-02 19:55:00+00:00,88.66004652218776,89.50076257345874,88.2397035851541,89.05420172849897,89.05420172849897,16037300.0,sample,2026-09-24 19:05:19.661930+00:00
NVDA,2025-01-02 20:00:00+00:00,89.01580977059385,90.576336356245,88.25755284034385,90.05365767508216,90.05365767508216,2103534.0,sample,2026-09-24 19:05:19.661930+00:00
NVDA,2025-01-02 20:05:00+00:00,89.9735305980931,90.88782403626296,89.05811090552058,89.55896451628846,89.55896451628846,2135747.0,sample,2026-09-24 19:05:19.661930+00:00
NVDA,2025-01-02 20:10:00+00:00,89.51874485045197,89.75848657004167,88.35660275784501,89.25495968046428,89.25495968046428,10465536.0,sample,2026-09-24 19:05:19.661930+00:00
NVDA,2025-01-02 20:15:00+00:00,89.32097308683142,90.37463075052365,88.84483282884507,89.70348135381766,89.70348135381766,17478360.0,sample,2026-09-24 19:05:19.661930+00:00
NVDA,2025-01-02 20:20:00+00:00,89.73798412574058,90.61034944062386,88.71579600754818,89.47186237875107,89.47186237875107,15451739.0,sample,2026-09-24 19:05:19.661930+00:00
NVDA,2025-01-02 20:25:00+00:00,89.75498898728044,90.33049296899898,88.36533083546668,88.52536107400678,88.52536107400678,9846024.0,sample,2026-09-24 19:05:19.661930+00:00
NVDA,2025-01-02 20:30:00+00:00,88.62585171533499,89.39344331313085,86.94682239115016,87.97762688409584,87.97762688409584,6968928.0,sample,2026-09-24 19:05:19.661930+00:00
NVDA,2025-01-02 20:35:00+00:00,88.07236049695952,89.103306391915,87.83380698067964,88.07672831154889,88.07672831154889,2938602.0,sample,2026-09-24 19:05:19.661930+00:00
NVDA,2025-01-02 20:40:00+00:00,88.33385668097726,89.14459573002044,87.29850321470093,88.76804583202053,88.76804583202053,9947859.0,sample,2026-09-24 19:05:19.661930+00:00
NVDA,2025-01-02 20:45:00+00:00,88.40873841744485,89.57920398733711,87.67981614559028,88.7733944505491,88.7733944505491,4531107.0,sample,2026-09-24 19:05:19.661930+00:00
NVDA,2025-01-02 20:50:00+00:00,88.99387136389338,89.93183120244844,88.42785800299933,88.59499666374775,88.59499666374775,16135736.0,sample,2026-09-24 19:05:19.661930+00:00
NVDA,2025-01-02 20:55:00+00:00,88.69872571819343,88.94896868197945,88.24285916336085,88.5912761603273,88.5912761603273,7743850.0,sample,2026-09-24 19:05:19.661930+00:00
NVDA,2025-01-02 21:00:00+00:00,88.64637380048187,89.14461567826342,88.39393895746389,88.71391608604841,88.71391608604841,6319174.0,sample,2026-09-24 19:05:19.661930+00:00
NVDA,2025-01-02 21:05:00+00:00,88.81678421258817,89.46068704989648,88.26594701952042,88.48440112778613,88.48440112778613,17760452.0,sample,2026-09-24 19:05:19.661930+00:00
NVDA,2025-01-02 21:10:00+00:00,88.60391390956862,89.59712556643206,88.02589178066994,88.75458344259681,88.75458344259681,4622131.0,sample,2026-09-24 19:05:19.661930+00:00
NVDA,2025-01-02 21:15:00+00:00,88.85384298033297,89.3893186218746,88.46593385781478,88.57533984415205,88.57533984415205,3320597.0,sample,2026-09-24 19:05:19.661930+00:00
NVDA,2025-01-02 21:20:00+00:00,88.28878725899102,88.69098187360845,87.41826595015269,88.27552003055554,88.27552003055554,8765142.0,sample,2026-09-24 19:05:19.661930+00:00
NVDA,2025-01-02 21:25:00+00:00,88.1294559338245,88.71752487967021,87.37325366557744,87.5052504616293,87.5052504616293,9753570.0,sample,2026-09-24 19:05:19.661930+00:00
NVDA,2025-01-02 21:30:00+00:00,87.31150612888517,88.49472528367262,86.6662948733989,87.81160264263184,87.81160264263184,12151227.0,sample,2026-09-24 19:05:19.661930+00:00
NVDA,2025-01-02 21:35:00+00:00,87.71368819906102,88.57829794825106,86.29881110620951,86.96376040784507,86.96376040784507,16537446.0,sample,2026-09-24 19:05:19.661930+00:00
NVDA,2025-01-02 21:40:00+00:00,87.1835412817478,87.41196079331196,86.03645070333364,86.91626737860096,86.91626737860096,15863718.0,sample,2026-09-24 19:05:19.661930+00:00
NVDA,2025-01-02 21:45:00+00:00,87.05078213913292,87.14501535979316,86.44602575864647,86.79593749684636,86.79593749684636,15243461.0,sample,2026-09-24 19:05:19.661930+00:00
NVDA,2025-01-02 21:50:00+00:00,86.68929071369753,87.48555655999425,85.701371516408,86.00219004300003,86.00219004300003,15959949.0,sample,2026-09-24 19:05:19.661930+00:00
NVDA,2025-01-02 21:55:00+00:00,85.78809397937171,86.26357309005759,85.26329620549045,85.914625696956,85.914625696956,11365773.0,sample,2026-09-24 19:05:19.661930+00:00
NVDA,2025-01-02 22:00:00+00:00,86.01332797448224,87.1484325414648,85.36020173738427,86.24049314112418,86.24049314112418,8688919.0,sample,2026-09-24 19:05:19.661930+00:00
NVDA,2025-01-02 22:05:00+00:00,86.1406641787781,87.12333572993234,85.8724628772527,86.30786364838808,86.30786364838808,16204346.0,sample,2026-09-24 19:05:19.661930+00:00
NVDA,2025-01-02 22:10:00+00:00,86.13008686708453,87.29783620136672,85.25635643365156,86.6606893372286,86.6606893372286,17379133.0,sample,2026-09-24 19:05:19.661930+00:00
NVDA,2025-01-02 22:15:00+00:00,86.52675395401862,86.9799064628368,86.0241401468761,86.67639636419085,86.67639636419085,12042230.0,sample,2026-09-24 19:05:19.661930+00:00
NVDA,2025-01-02 22:20:00+00:00,86.45468786402004,88.70692538808977,86.21956201680602,87.80901063709,87.80901063709,16282950.0,sample,2026-09-24 19:05:19.661930+00:00
NVDA,2025-01-02 22:25:00+00:00,87.56770271929047,88.78123604282705,87.22480639743686,88.38685147391139,88.38685147391139,15605138.0,sample,2026-09-24 19:05:19.661930+00:00
NVDA,2025-01-02 22:30:00+00:00,88.24473178177426,88.59232339517297,87.9605657786057,88.48862714362959,88.48862714362959,12488180.0,sample,2026-09-24 19:05:19.661930+00:00
NVDA,2025-01-02 22:35:00+00:00,88.66781780870794,89.41309850423535,88.12967386912017,88.84889676874654,88.84889676874654,4642285.0,sample,2026-09-24 19:05:19.661930+00:00
NVDA,2025-01-02 22:40:00+00:00,88.76892457533886,89.21779580800514,88.34209232828437,88.50580443921432,88.50580443921432,9150736.0,sample,2026-09-24 19:05:19.661930+00:00
NVDA,2025-01-02 22:45:00+00:00,88.80141437112044,89.70047857408933,87.59374146756248,87.99926169753333,87.99926169753333,17129747.0,sample,2026-09-24 19:05:19.661930+00:00
NVDA,2025-01-02 22:50:00+00:00,88.05860672559203,88.50980612184824,87.28992462093797,87.89185518394615,87.89185518394615,17688377.0,sample,2026-09-24 19:05:19.661930+00:00
NVDA,2025-01-02 22:55:00+00:00,88.17911612751554,88.32575593373821,87.51205589220707,87.7635659156184,87.7635659156184,7972492.0,sample,2026-09-24 19:05:19.661930+00:00
NVDA,2025-01-02 23:00:00+00:00,87.70767690803476,88.46807093206661,87.52660985130169,87.64150311480857,87.64150311480857,5285441.0,sample,2026-09-24 19:05:19.661930+00:00
NVDA,2025-01-02 23:05:00+00:00,87.67847610554254,87.95682732403858,87.1429133814296,87.65800616418754,87.65800616418754,17204567.0,sample,2026-09-24 19:05:19.661930+00:00
NVDA,2025-01-02 23:10:00+00:00,87.55283298763838,88.12178368828614,87.25900350256661,87.55927873302171,87.55927873302171,7878962.0,sample,2026-09-24 19:05:19.661930+00:00
NVDA,2025-01-02 23:15:00+00:00,87.64149931224641,87.89870775643371,86.42132165835129,87.45240329834556,87.45240329834556,14378959.0,sample,2026-09-24 19:05:19.661930+00:00
NVDA,2025-01-02 23:20:00+00:00,87.46444491071112,87.61033037203944,86.61599946014309,87.48871950770955,87.48871950770955,15721283.0,sample,2026-09-24 19:05:19.661930+00:00
NVDA,2025-01-02 23:25:00+00:00,87.4202101156044,88.49046024369564,86.89106472507267,87.47996577102032,87.47996577102032,4036594.0,sample,2026-09-24 19:05:19.661930+00:00
NVDA,2025-01-02 23:30:00+00:00,87.9083562886279,88.1422161480062,86.7853693763261,87.41915030518831,87.41915030518831,10193255.0,sample,2026-09-24 19:05:19.661930+00:00
NVDA,2025-01-02 23:35:00+00:00,87.38562654656907,87.9282442189756,86.53036337355991,87.60294949773485,87.60294949773485,1747579.0,sample,2026-09-24 19:05:19.661930+00:00
NVDA,2025-01-02 23:40:00+00:00,87.66701841869518,88.75278514363542,87.46807127334148,88.18591317272323,88.18591317272323,2882326.0,sample,2026-09-24 19:05:19.661930+00:00
NVDA,2025-01-02 23:45:00+00:00,88.09544611351697,88.84646605687887,87.74776570688459,88.71818269244118,88.71818269244118,11253844.0,sample,2026-09-24 19:05:19.661930+00:00
NVDA,2025-01-02 23:50:00+00:00,88.81531502721847,89.53021785023977,88.42033763178851,88.53935463101055,88.53935463101055,11387818.0,sample,2026-09-24 19:05:19.661930+00:00
NVDA,2025-01-02 23:55:00+00:00,88.56708732368456,88.99453597743894,88.3409231588833,88.56855616839239,88.56855616839239,16324196.0,sample,2026-09-24 19:05:19.661930+00:00
NVDA,2025-01-03 00:00:00+00:00,88.78301682617422,89.75358036253618,87.92360824949527,88.58898150833096,88.58898150833096,14617289.0,sample,2026-09-24 19:05:19.661930+00:00
NVDA,2025-01-03 00:05:00+00:00,88.50490944217181,89.56588060863129,87.88636465654014,88.56942322715558,88.56942322715558,3888915.0,sample,2026-09-24 19:05:19.661930+00:00
NVDA,2025-01-03 00:10:00+00:00,88.35193944373356,88.98622461959243,87.31671021952315,88.37916023304918,88.37916023304918,14487735.0,sample,2026-09-24 19:05:19.661930+00:00
NVDA,2025-01-03 00:15:00+00:00,88.51686487019983,89.41228095404573,87.89082375185505,88.39758630404039,88.39758630404039,12357657.0,sample,2026-09-24 19:05:19.661930+00:00
NVDA,2025-01-03 00:20:00+00:00,88.53818583574127,89.59880549802497,88.13862557438132,88.71532285527617,88.71532285527617,13013433.0,sample,2026-09-24 19:05:19.661930+00:00
NVDA,2025-01-03 00:25:00+00:00,88.73460602290235,89.49663386147958,88.1957166404858,88.74098284204419,88.74098284204419,17138014.0,sample,2026-09-24 19:05:19.661930+00:00
NVDA,2025-01-03 00:30:00+00:00,88.70564128072638,89.43931428950276,88.53297091356593,88.89005863026537,88.89005863026537,12605488.0,sample,2026-09-24 19:05:19.661930+00:00
NVDA,2025-01-03 00:35:00+00:00,88.92460359852727,89.27765321459579,88.05426156882938,88.77614606465562,88.77614606465562,17972163.0,sample,2026-09-24 19:05:19.661930+00:00
NVDA,2025-01-03 00:40:00+00:00,88.72012804308028,89.44075969582586,87.90183429192075,89.2176364428957,89.2176364428957,11315842.0,sample,2026-09-24 19:05:19.661930+00:00
NVDA,2025-01-03 00:45:00+00:00,89.32686282887704,90.22672693562978,88.39368672944356,89.71282455597712,89.71282455597712,2206710.0,sample,2026-09-24 19:05:19.661930+00:00
NVDA,2025-01-03 00:50:00+00:00,89.43709701309528,89.89139872500083,88.96723372350652,89.31186681576925,89.31186681576925,15538495.0,sample,2026-09-24 19:05:19.661930+00:00
NVDA,2025-01-03 00:55:00+00:00,89.60611882070684,89.87562036664153,88.43678378261845,88.98366607574934,88.98366607574934,2187969.0,sample,2026-09-24 19:05:19.661930+00:00
NVDA,2025-01-03 01:00:00+00:00,88.84028395478553,89.41202175409396,87.63508676236812,88.54011871627392,88.54011871627392,8812938.0,sample,2026-09-24 19:05:19.661930+00:00
NVDA,2025-01-03 01:05:00+00:00,88.4890892713831,89.47607627685102,87.6748851301172,89.04070477149777,89.04070477149777,11293080.0,sample,2026-09-24 19:05:19.661930+00:00
NVDA,2025-01-03 01:10:00+00:00,89.34912725299829,90.32131180927104,88.69923263341317,89.09898469394719,89.09898469394719,11580911.0,sample,2026-09-24 19:05:19.661930+00:00
NVDA,2025-01-03 01:15:00+00:00,88.8678715427881,89.41110767752005,88.69820465333716,89.09250642832949,89.09250642832949,17494707.0,sample,2026-09-24 19:05:19.661930+00:00
NVDA,2025-01-03 01:20:00+00:00,89.12209116764895,89.44389198292787,88.14728967343633,89.23380615609963,89.23380615609963,13016031.0,sample,2026-09-24 19:05:19.661930+00:00
NVDA,2025-01-03 01:25:00+00:00,89.08290369717011,89.90259631246758,88.49341888587283,89.01501291104674,89.01501291104674,9827389.0,sample,2026-09-24 19:05:19.661930+00:00
NVDA,2025-01-03 01:30:00+00:00,89.13975719123073,89.77830309285241,88.78436921641841,89.0434723759895,89.0434723759895,6994203.0,sample,2026-09-24 19:05:19.661930+00:00
NVDA,2025-01-03 01:35:00+00:00,89.14356793484538,90.11465907409229,88.04198490886904,88.8995974149505,88.8995974149505,2387083.0,sample,2026-09-24 19:05:19.661930+00:00
NVDA,2025-01-03 01:40:00+00:00,89.0133082481417,89.46709878438972,88.7859072187385,88.97172216032423,88.97172216032423,17413656.0,sample,2026-09-24 19:05:19.661930+00:00
NVDA,2025-01-03 01:45:00+00:00,89.1042264009201,89.96185300461775,88.35391528932793,89.13618286570025,89.13618286570025,15790190.0,sample,2026-09-24 19:05:19.661930+00:00
NVDA,2025-01-03 01:50:00+00:00,89.09157459939598,89.97747641376709,88.25933533498906,89.42401521807005,89.42401521807005,13408070.0,sample,2026-09-24 19:05:19.661930+00:00
NVDA,2025-01-03 01:55:00+00:00,89.63606756680177,90.52778222263353,88.96489320034665,89.49689990016147,89.49689990016147,6980639.0,sample,2026-09-24 19:05:19.661930+00:00
NVDA,2025-01-03 02:00:00+00:00,89.27406312451409,89.60151868215732,89.15423366125273,89.25944189952583,89.25944189952583,15921761.0,sample,2026-09-24 19:05:19.661930+00:00
NVDA,2025-01-03 02:05:00+00:00,89.40194397284556,89.97473196504166,87.76402604875886,88.56859872143268,88.56859872143268,6335508.0,sample,2026-09-24 19:05:19.661930+00:00
NVDA,2025-01-03 02:10:00+00:00,88.65058797714613,89.64533583005631,87.79659335429687,89.13160467196143,89.13160467196143,7276104.0,sample,2026-09-24 19:05:19.661930+00:00
NVDA,2025-01-03 02:15:00+00:00,89.48265138772254,90.04174795914155,88.1753038277973,89.02800089333539,89.02800089333539,6373232.0,sample,2026-09-24 19:05:19.661930+00:00
NVDA,2025-01-03 02:20:00+00:00,89.04613214885907,90.04224487029187,88.12757897105422,89.26014144218671,89.26014144218671,8645762.0,sample,2026-09-24 19:05:19.661930+00:00
NVDA,2025-01-03 02:25:00+00:00,89.36017014481243,90.00349644347486,89.25180772343596,89.68959854278442,89.68959854278442,15434847.0,sample,2026-09-24 19:05:19.661930+00:00
NVDA,2025-01-03 02:30:00+00:00,89.4790876525067,90.4294774272825,88.71130255428565,89.89445778883896,89.89445778883896,17372355.0,sample,2026-09-24 19:05:19.661930+00:00
NVDA,2025-01-03 02:35:00+00:00,89.80716818597124,90.6719960745609,88.9446605316444,89.85706627260551,89.85706627260551,8437297.0,sample,2026-09-24 19:05:19.661930+00:00
NVDA,2025-01-03 02:40:00+00:00,89.77833736371267,90.77374484594768,88.89384832390144,89.92798490696676,89.92798490696676,16815731.0,sample,2026-09-24 19:05:19.661930+00:00
NVDA,2025-01-03 02:45:00+00:00,90.06078688086968,90.64522092448924,88.9915684414971,90.44450019307081,90.44450019307081,6908159.0,sample,2026-09-24 19:05:19.661930+00:00
NVDA,2025-01-03 02:50:00+00:00,90.52830393886161,91.1240602810538,89.829159367027,90.71791741195977,90.71791741195977,3478414.0,sample,2026-09-24 19:05:19.661930+00:00
NVDA,2025-01-03 02:55:00+00:00,90.51564759023579,91.15412039945444,89.849430356125,90.72628901528842,90.72628901528842,2017995.0,sample,2026-09-24 19:05:19.661930+00:00
NVDA,2025-01-03 03:00:00+00:00,90.64035647659749,91.56943871210065,90.52640152858625,90.90485971757667,90.90485971757667,15158370.0,sample,2026-09-24 19:05:19.661930+00:00
NVDA,2025-01-03 03:05:00+00:00,90.74268046396034,91.02309634002086,89.69166135372555,90.81446392176798,90.81446392176798,14194755.0,sample,2026-09-24 19:05:19.661930+00:00
NVDA,2025-01-03 03:10:00+00:00,90.81918208377719,91.8250207848982,90.50791752642002,91.01208010945749,91.01208010945749,5185688.0,sample,2026-09-24 19:05:19.661930+00:00
NVDA,2025-01-03 03:15:00+00:00,91.14630642133632,91.66137182273471,90.63250446235101,91.52135713722315,91.52135713722315,13373502.0,sample,2026-09-24 19:05:19.661930+00:00
NVDA,2025-01-03 03:20:00+00:00,91.75203062202044,92.68398098909249,90.48428977425003,91.20337504885826,91.20337504885826,5683017.0,sample,2026-09-24 19:05:19.661930+00:00
NVDA,2025-01-03 03:25:00+00:00,91.20149328320134,91.43560801398189,89.90009828995112,90.91693828694255,90.91693828694255,7921132.0,sample,2026-09-24 19:05:19.661930+00:00
NVDA,2025-01-03 03:30:00+00:00,91.01794293362899,92.05958781830435,90.90740524229118,91.43822600463923,91.43822600463923,10219382.0,sample,2026-09-24 19:05:19.661930+00:00
NVDA,2025-01-03 03:35:00+00:00,91.49881505492706,92.58669277457972,91.29609576598978,91.40735773440021,91.40735773440021,2673359.0,sample,2026-09-24 19:05:19.661930+00:00
NVDA,2025-01-03 03:40:00+00:00,91.20954847245012,92.17479449051469,90.51387234496956,91.08586442180993,91.08586442180993,14952645.0,sample,2026-09-24 19:05:19.661930+00:00
NVDA,2025-01-03 03:45:00+00:00,90.5991156794463,91.77740873564963,89.87461751322792,91.49769946051914,91.49769946051914,16219930.0,sample,2026-09-24 19:05:19.661930+00:00
NVDA,2025-01-03 03:50:00+00:00,91.43041366849141,92.03850703813603,91.23026223716931,91.9433853897624,91.9433853897624,16796740.0,sample,2026-09-24 19:05:19.661930+00:00
NVDA,2025-01-03 03:55:00+00:00,91.80047343675962,92.61981387343515,91.69223995222607,92.47882631447405,92.47882631447405,11113234.0,sample,2026-09-24 19:05:19.661930+00:00
NVDA,2025-01-03 04:00:00+00:00,92.46621990264354,93.50916474115827,91.9885954444806,92.49034753207016,92.49034753207016,7179825.0,sample,2026-09-24 19:05:19.661930+00:00
NVDA,2025-01-03 04:05:00+00:00,92.30161468399811,93.61252492420599,91.30867131160585,92.72002222002348,92.72002222002348,15834336.0,sample,2026-09-24 19:05:19.661930+00:00
NVDA,2025-01-03 04:10:00+00:00,92.59660886781522,93.03629834108577,91.57144832742894,92.30686620272887,92.30686620272887,3411568.0,sample,2026-09-24 19:05:19.661930+00:00
NVDA,2025-01-03 04:15:00+00:00,92.28140066678844,92.72911980819235,91.5624757637925,91.8010892589713,91.8010892589713,3188281.0,sample,2026-09-24 19:05:19.661930+00:00
NVDA,2025-01-03 04:20:00+00:00,91.62020988864154,92.93323515687675,91.04679802446002,91.95926834456114,91.95926834456114,6794254.0,sample,2026-09-24 19:05:19.661930+00:00
NVDA,2025-01-03 04:25:00+00:00,91.98684136405093,92.81148146095687,90.89850634050052,91.8453735236977,91.8453735236977,3320296.0,sample,2026-09-24 19:05:19.661930+00:00
NVDA,2025-01-03 04:30:00+00:00,92.1752684655227,93.04862037815423,90.59217805209363,91.31797962104923,91.31797962104923,4198443.0,sample,2026-09-24 19:05:19.661930+00:00
NVDA,2025-01-03 04:35:00+00:00,91.56116421479241,92.3223712399169,90.09926747292047,90.92606950687734,90.92606950687734,10949356.0,sample,2026-09-24 19:05:19.661930+00:00
NVDA,2025-01-03 04:40:00+00:00,91.04882282540764,92.08594694781144,90.18751227892199,91.2445080725599,91.2445080725599,5424883.0,sample,2026-09-24 19:05:19.661930+00:00
NVDA,2025-01-03 04:45:00+00:00,91.22592593177266,92.20940099899971,90.22110058801532,91.28645994720095,91.28645994720095,6408618.0,sample,2026-09-24 19:05:19.661930+00:00
NVDA,2025-01-03 04:50:00+00:00,91.27134945799222,92.24851926598691,90.88112442249572,91.4543339089062,91.4543339089062,8964518.0,sample,2026-09-24 19:05:19.661930+00:00
NVDA,2025-01-03 04:55:00+00:00,91.37696172583473,91.75201667437592,90.5383247036931,91.55389080852831,91.55389080852831,4847975.0,sample,2026-09-24 19:05:19.661930+00:00
NVDA,2025-01-03 05:00:00+00:00,91.56089107660902,92.2502256708604,91.25325858183743,91.57939366671779,91.57939366671779,17017816.0,sample,2026-09-24 19:05:19.661930+00:00
NVDA,2025-01-03 05:05:00+00:00,91.32131773742945,92.06612165994515,91.20919710061845,91.96739530272883,91.96739530272883,16464354.0,sample,2026-09-24 19:05:19.661930+00:00
NVDA,2025-01-03 05:10:00+00:00,92.17204897574877,92.59723061031214,91.06050193963755,91.4609066813982,91.4609066813982,3382732.0,sample,2026-09-24 19:05:19.661930+00:00
NVDA,2025-01-03 05:15:00+00:00,91.39836266896758,91.81282702815989,90.33216460059244,90.61331273147286,90.61331273147286,10607260.0,sample,2026-09-24 19:05:19.661930+00:00
NVDA,2025-01-03 05:20:00+00:00,90.66702484410595,91.532409731481,89.36803690407956,89.55118118318235,89.55118118318235,6416490.0,sample,2026-09-24 19:05:19.661930+00:00
NVDA,2025-01-03 05:25:00+00:00,89.73643741721827,90.67031555577083,88.94928916569795,89.34175749470667,89.34175749470667,16590248.0,sample,2026-09-24 19:05:19.661930+00:00
NVDA,2025-01-03 05:30:00+00:00,88.93891723214105,90.10203997018627,88.07703439713336,89.61289907026217,89.61289907026217,10827524.0,sample,2026-09-24 19:05:19.661930+00:00
NVDA,2025-01-03 05:35:00+00:00,89.62568016151722,90.16918947188505,89.25143503531248,89.7809594000095,89.7809594000095,13464404.0,sample,2026-09-24 19:05:19.661930+00:00
NVDA,2025-01-03 05:40:00+00:00,89.68370675758693,90.14647576630495,88.76463408297215,89.9242631496059,89.9242631496059,8010208.0,sample,2026-09-24 19:05:19.661930+00:00
NVDA,2025-01-03 05:45:00+00:00,89.92144567417098,90.81933559214312,89.02618696430721,90.27295440575617,90.27295440575617,1966984.0,sample,2026-09-24 19:05:19.661930+00:00
NVDA,2025-01-03 05:50:00+00:00,90.04918973352993,91.47705915395842,89.01120593414971,90.67046547674532,90.67046547674532,5660352.0,sample,2026-09-24 19:05:19.661930+00:00
NVDA,2025-01-03 05:55:00+00:00,90.84080346578432,91.39128142735322,89.66795169920405,90.42896974517389,90.42896974517389,13416015.0,sample,2026-09-24 19:05:19.661930+00:00
NVDA,2025-01-03 06:00:00+00:00,90.57401781012209,90.91854926819391,89.92836014564634,90.2219788022183,90.2219788022183,9323141.0,sample,2026-09-24 19:05:19.661930+00:00
NVDA,2025-01-03 06:05:00+00:00,89.71706207251742,90.74855188181384,88.78824098830219,89.90777714385912,89.90777714385912,11320724.0,sample,2026-09-24 19:05:19.661930+00:00
NVDA,2025-01-03 06:10:00+00:00,89.88896909623158,91.10399741639442,89.48249533829181,90.43036245878007,90.43036245878007,11318178.0,sample,2026-09-24 19:05:19.661930+00:00
NVDA,2025-01-03 06:15:00+00:00,90.58596487334333,91.40778350822622,89.45479897737164,90.18968038060282,90.18968038060282,9299734.0,sample,2026-09-24 19:05:19.661930+00:00
NVDA,2025-01-03 06:20:00+00:00,90.53474457649584,91.43330785569678,89.57138285765834,90.55252578619738,90.55252578619738,5646726.0,sample,2026-09-24 19:05:19.661930+00:00
NVDA,2025-01-03 06:25:00+00:00,90.16608672166248,91.59776459782238,89.88252399011796,90.890030907265,90.890030907265,13263820.0,sample,2026-09-24 19:05:19.661930+00:00
NVDA,2025-01-03 06:30:00+00:00,90.8937711744783,91.43410548139308,90.33913003850986,91.04215958319445,91.04215958319445,4371225.0,sample,2026-09-24 19:05:19.661930+00:00
NVDA,2025-01-03 06:35:00+00:00,90.91112946944541,91.65045432853,90.28881761804126,91.18418715484854,91.18418715484854,3743405.0,sample,2026-09-24 19:05:19.661930+00:00
NVDA,2025-01-03 06:40:00+00:00,90.96885295716926,91.5521178887708,90.16540338420913,91.1688882589615,91.1688882589615,3096077.0,sample,2026-09-24 19:05:19.661930+00:00
NVDA,2025-01-03 06:45:00+00:00,90.98271047118112,91.45452924684227,90.49777203662995,91.30655487985612,91.30655487985612,5351609.0,sample,2026-09-24 19:05:19.661930+00:00
NVDA,2025-01-03 06:50:00+00:00,91.35424796760209,92.33936710498813,90.75529731834678,91.24334195367423,91.24334195367423,17780941.0,sample,2026-09-24 19:05:19.661930+00:00
NVDA,2025-01-03 06:55:00+00:00,91.04717994892869,92.03426133683402,90.19444359765987,91.05863126453383,91.05863126453383,5397992.0,sample,2026-09-24 19:05:19.661930+00:00
NVDA,2025-01-03 07:00:00+00:00,91.32420373576599,92.15008778280743,91.07217670692575,91.49400756698455,91.49400756698455,8191544.0,sample,2026-09-24 19:05:19.661930+00:00
NVDA,2025-01-03 07:05:00+00:00,91.78394579304054,92.49030426400877,90.53229197055884,91.59017977697411,91.59017977697411,3452197.0,sample,2026-09-24 19:05:19.661930+00:00
NVDA,2025-01-03 07:10:00+00:00,91.72534373741905,92.29283268139505,91.18722720463867,91.66513441712208,91.66513441712208,17069270.0,sample,2026-09-24 19:05:19.661930+00:00
NVDA,2025-01-03 07:15:00+00:00,91.7312808978702,92.04015256632844,90.1965732215904,91.24313633195747,91.24313633195747,17411910.0,sample,2026-09-24 19:05:19.661930+00:00
NVDA,2025-01-03 07:20:00+00:00,91.58926316194831,92.14128582467556,91.12230012787619,92.00418112264322,92.00418112264322,9216078.0,sample,2026-09-24 19:05:19.661930+00:00
NVDA,2025-01-03 07:25:00+00:00,91.9010019997996,92.54633338478004,90.96486837249174,91.52729345236716,91.52729345236716,17796814.0,sample,2026-09-24 19:05:19.661930+00:00
NVDA,2025-01-03 07:30:00+00:00,91.7867230302426,92.37683186890683,91.39664128734687,91.57896396536256,91.57896396536256,12898328.0,sample,2026-09-24 19:05:19.661930+00:00
NVDA,2025-01-03 07:35:00+00:00,91.56648370522366,92.30777429670687,91.10740467502785,91.32486528683741,91.32486528683741,12190606.0,sample,2026-09-24 19:05:19.661930+00:00
NVDA,2025-01-03 07:40:00+00:00,91.45252345379988,91.96300667041719,90.39241411576458,91.32130809282138,91.32130809282138,2690873.0,sample,2026-09-24 19:05:19.661930+00:00
NVDA,2025-01-03 07:45:00+00:00,91.47433242468553,92.52176042754334,90.2804885372213,91.08437752391848,91.08437752391848,16107002.0,sample,2026-09-24 19:05:19.661930+00:00
NVDA,2025-01-03 07:50:00+00:00,90.90051379663524,91.72901645100256,90.48612698416638,90.77502471855772,90.77502471855772,12239079.0,sample,2026-09-24 19:05:19.661930+00:00
NVDA,2025-01-03 07:55:00+00:00,90.67219485669393,91.1077032663996,89.6867059627358,90.90282130394695,90.90282130394695,4079420.0,sample,2026-09-24 19:05:19.661930+00:00
NVDA,2025-01-03 08:00:00+00:00,90.85423230390704,91.15967328826403,90.15948251602816,90.45242570638369,90.45242570638369,11463940.0,sample,2026-09-24 19:05:19.661930+00:00
NVDA,2025-01-03 08:05:00+00:00,90.29217023640393,90.99095812875093,90.16552080827617,90.86565165055103,90.86565165055103,7946637.0,sample,2026-09-24 19:05:19.661930+00:00
NVDA,2025-01-03 08:10:00+00:00,90.90009928585897,91.45637020767485,90.21071350273387,90.39075252590197,90.39075252590197,7551324.0,sample,2026-09-24 19:05:19.661930+00:00
NVDA,2025-01-03 08:15:00+00:00,90.32485149405883,91.44590366079156,89.82244333154243,91.004356553281,91.004356553281,14551124.0,sample,2026-09-24 19:05:19.661930+00:00
NVDA,2025-01-03 08:20:00+00:00,91.22399186598525,91.88127080565279,90.6739011899899,90.98129072948734,90.98129072948734,2554609.0,sample,2026-09-24 19:05:19.661930+00:00
NVDA,2025-01-03 08:25:00+00:00,90.6426045189023,91.55681453560923,90.3367181086905,90.70135651872435,90.70135651872435,17820893.0,sample,2026-09-24 19:05:19.661930+00:00
NVDA,2025-01-03 08:30:00+00:00,90.74544101349495,91.25142134616274,89.75510756439242,90.67660749255637,90.67660749255637,9207728.0,sample,2026-09-24 19:05:19.661930+00:00
NVDA,2025-01-03 08:35:00+00:00,90.82840770033516,91.66903508447776,90.12967458330571,90.70621718904113,90.70621718904113,6877215.0,sample,2026-09-24 19:05:19.661930+00:00
NVDA,2025-01-03 08:40:00+00:00,90.56758648638059,91.1438469839894,89.97050687027705,90.73483998159688,90.73483998159688,10556609.0,sample,2026-09-24 19:05:19.661930+00:00
NVDA,2025-01-03 08:45:00+00:00,90.64717010361618,91.17755725890612,89.61588184887015,90.37745396534287,90.37745396534287,14249736.0,sample,2026-09-24 19:05:19.661930+00:00
NVDA,2025-01-03 08:50:00+00:00,90.19671155500133,92.02524995766531,90.09961822166677,91.24336549979324,91.24336549979324,1606934.0,sample,2026-09-24 19:05:19.661930+00:00
NVDA,2025-01-03 08:55:00+00:00,91.26624569410856,91.96418282469942,90.58129451923327,91.86012379355296,91.86012379355296,12130426.0,sample,2026-09-24 19:05:19.661930+00:00
NVDA,2025-01-03 09:00:00+00:00,91.78099658719252,92.01367104776719,90.68874075839445,91.42631180438372,91.42631180438372,13726208.0,sample,2026-09-24 19:05:19.661930+00:00
NVDA,2025-01-03 09:05:00+00:00,91.14900534001367,92.09119114435983,90.60276819800796,90.80395683360788,90.80395683360788,1680930.0,sample,2026-09-24 19:05:19.661930+00:00
NVDA,2025-01-03 09:10:00+00:00,90.68278950870338,90.96486116480095,89.61079263815888,90.17901732664023,90.17901732664023,12441390.0,sample,2026-09-24 19:05:19.661930+00:00
NVDA,2025-01-03 09:15:00+00:00,90.19857672983466,90.61330684077387,89.65807811424091,90.13368292583596,90.13368292583596,13554978.0,sample,2026-09-24 19:05:19.661930+00:00
NVDA,2025-01-03 09:20:00+00:00,90.17729150628544,90.98001661609736,89.35622434375951,90.3403208558285,90.3403208558285,10322196.0,sample,2026-09-24 19:05:19.661930+00:00
NVDA,2025-01-03 09:25:00+00:00,90.01844187358647,90.62942338073215,89.09418198987811,90.16154232176483,90.16154232176483,14134596.0,sample,2026-09-24 19:05:19.661930+00:00
NVDA,2025-01-03 09:30:00+00:00,89.80504593198323,91.37013464016083,89.08723605928503,90.44985217782344,90.44985217782344,14631457.0,sample,2026-09-24 19:05:19.661930+00:00
NVDA,2025-01-03 09:35:00+00:00,90.33904041644786,91.29381445841307,89.33431478280458,90.84533451613466,90.84533451613466,14812827.0,sample,2026-09-24 19:05:19.661930+00:00
NVDA,2025-01-03 09:40:00+00:00,91.06082954075637,91.21845149606949,90.8591892796782,91.05421695333955,91.05421695333955,17744706.0,sample,2026-09-24 19:05:19.661930+00:00
NVDA,2025-01-03 09:45:00+00:00,91.39569314528686,91.59255144709356,90.6757445319499,91.2780639537802,91.2780639537802,6674277.0,sample,2026-09-24 19:05:19.661930+00:00
NVDA,2025-01-03 09:50:00+00:00,91.15925339174046,92.2384822183186,90.51955859118078,91.6324874212699,91.6324874212699,7912539.0,sample,2026-09-24 19:05:19.661930+00:00
NVDA,2025-01-03 09:55:00+00:00,91.37700094354538,91.84586824046193,90.61615580695778,91.59139131204704,91.59139131204704,6401557.0,sample,2026-09-24 19:05:19.661930+00:00
NVDA,2025-01-03 10:00:00+00:00,91.76407854779448,91.90418769430742,90.61963201168831,91.61773647087858,91.61773647087858,1926650.0,sample,2026-09-24 19:05:19.661930+00:00
NVDA,2025-01-03 10:05:00+00:00,92.13139430144274,92.66208494813786,91.46410718964275,91.90212792590171,91.90212792590171,16283542.0,sample,2026-09-24 19:05:19.661930+00:00
NVDA,2025-01-03 10:10:00+00:00,91.9090068957799,92.17927986092285,90.7034298216766,91.5418888858634,91.5418888858634,5103693.0,sample,2026-09-24 19:05:19.661930+00:00
NVDA,2025-01-03 10:15:00+00:00,91.60273948933275,92.2256596418549,90.9080712822269,91.3329573945667,91.3329573945667,6982329.0,sample,2026-09-24 19:05:19.661930+00:00
NVDA,2025-01-03 10:20:00+00:00,91.40156033882238,92.21240958266287,90.94863931378309,91.24864801575552,91.24864801575552,6406786.0,sample,2026-09-24 19:05:19.661930+00:00
NVDA,2025-01-03 10:25:00+00:00,91.23543169514367,92.30280811852374,90.11959694165799,91.17082012828735,91.17082012828735,2277515.0,sample,2026-09-24 19:05:19.661930+00:00
NVDA,2025-01-03 10:30:00+00:00,91.18916201760808,92.30698360119798,90.86501595158735,91.39564753756993,91.39564753756993,14894699.0,sample,2026-09-24 19:05:19.661930+00:00
NVDA,2025-01-03 10:35:00+00:00,91.89239855238256,92.2285867455549,90.97700815994725,92.08616307152236,92.08616307152236,5425966.0,sample,2026-09-24 19:05:19.661930+00:00
NVDA,2025-01-03 10:40:00+00:00,92.0381505853028,92.49358147484347,91.13457883679786,92.36643898934578,92.36643898934578,4847788.0,sample,2026-09-24 19:05:19.661930+00:00
NVDA,2025-01-03 10:45:00+00:00,92.56424877803865,93.44928490328384,92.2656499936645,92.86307795770878,92.86307795770878,13728598.0,sample,2026-09-24 19:05:19.661930+00:00
NVDA,2025-01-03 10:50:00+00:00,92.69863348474652,93.58259675858261,91.85827560987097,92.74633593651315,92.74633593651315,4178598.0,sample,2026-09-24 19:05:19.661930+00:00
NVDA,2025-01-03 10:55:00+00:00,92.61330481910443,93.68740452050405,91.2334822671898,92.25581387596297,92.25581387596297,8989925.0,sample,2026-09-24 19:05:19.661930+00:00
NVDA,2025-01-03 11:00:00+00:00,92.65492773281234,93.16110279617803,91.40343587424596,91.88764577850091,91.88764577850091,13942686.0,sample,2026-09-24 19:05:19.661930+00:00
NVDA,2025-01-03 11:05:00+00:00,91.90742573743356,92.0000347732736,91.44996224457296,91.67437549785363,91.67437549785363,11227593.0,sample,2026-09-24 19:05:19.661930+00:00
NVDA,2025-01-03 11:10:00+00:00,91.77342022487626,92.82911455164687,90.11837390923104,90.87579680532407,90.87579680532407,12664167.0,sample,2026-09-24 19:05:19.661930+00:00
NVDA,2025-01-03 11:15:00+00:00,90.92185041408703,91.99879518334092,90.80488728800772,91.8539324355562,91.8539324355562,9584391.0,sample,2026-09-24 19:05:19.661930+00:00
NVDA,2025-01-03 11:20:00+00:00,91.74733697157959,93.0591000372404,91.46892376790946,92.04126082548343,92.04126082548343,14341938.0,sample,2026-09-24 19:05:19.661930+00:00
NVDA,2025-01-03 11:25:00+00:00,92.09200164794558,93.04625939349587,91.24448337343968,91.83305488297059,91.83305488297059,14998336.0,sample,2026-09-24 19:05:19.661930+00:00
NVDA,2025-01-03 11:30:00+00:00,91.81314295991665,92.98822638807535,91.62235588035817,92.63698185129977,92.63698185129977,13788893.0,sample,2026-09-24 19:05:19.661930+00:00
NVDA,2025-01-03 11:35:00+00:00,92.7907234217731,93.4211083008145,92.28133424880392,92.92349887639666,92.92349887639666,2997354.0,sample,2026-09-24 19:05:19.661930+00:00
NVDA,2025-01-03 11:40:00+00:00,92.91874192861728,93.98441942726555,91.86910860243205,93.22472964675019,93.22472964675019,13312781.0,sample,2026-09-24 19:05:19.661930+00:00
NVDA,2025-01-03 11:45:00+00:00,93.30554234695211,93.93078873266084,92.14688189587243,92.73680183386023,92.73680183386023,11277199.0,sample,2026-09-24 19:05:19.661930+00:00
NVDA,2025-01-03 11:50:00+00:00,92.72215424548583,94.3199064211778,91.79575021503338,93.33205385962859,93.33205385962859,12905887.0,sample,2026-09-24 19:05:19.661930+00:00
NVDA,2025-01-03 11:55:00+00:00,93.60916094956734,93.97714633429746,92.57868483832051,93.40329131057699,93.40329131057699,8857928.0,sample,2026-09-24 19:05:19.661930+00:00
NVDA,2025-01-03 12:00:00+00:00,93.36952519198321,94.32474202249186,92.43249322924916,92.75776844169911,92.75776844169911,4964889.0,sample,2026-09-24 19:05:19.661930+00:00
NVDA,2025-01-03 12:05:00+00:00,92.62821400309183,93.43457440112087,92.05448788956257,92.90591635739482,92.90591635739482,2207027.0,sample,2026-09-24 19:05:19.661930+00:00
NVDA,2025-01-03 12:10:00+00:00,93.00710227315177,93.97308543176723,92.89679133154901,93.16048547122901,93.16048547122901,15531548.0,sample,2026-09-24 19:05:19.661930+00:00
NVDA,2025-01-03 12:15:00+00:00,93.15432791963632,93.9056542891085,92.67002728119112,92.92805610156148,92.92805610156148,1782957.0,sample,2026-09-24 19:05:19.661930+00:00
NVDA,2025-01-03 12:20:00+00:00,93.22409576209616,94.14854198558899,91.92218237055746,92.97029974226572,92.97029974226572,6456349.0,sample,2026-09-24 19:05:19.661930+00:00
NVDA,2025-01-03 12:25:00+00:00,92.92760168656942,93.37711242450912,92.80493954599737,92.94986244821057,92.94986244821057,5174859.0,sample,2026-09-24 19:05:19.661930+00:00
NVDA,2025-01-03 12:30:00+00:00,93.09850169685842,93.50894251519308,92.1341724561604,93.25788667512917,93.25788667512917,6707531.0,sample,2026-09-24 19:05:19.661930+00:00
NVDA,2025-01-03 12:35:00+00:00,93.3239582342343,93.89268732459226,92.34778910376347,93.12173232943034,93.12173232943034,10410691.0,sample,2026-09-24 19:05:19.661930+00:00
NVDA,2025-01-03 12:40:00+00:00,93.16791263175637,93.64997165953766,91.99270545255229,92.35905036831016,92.35905036831016,6184419.0,sample,2026-09-24 19:05:19.661930+00:00
NVDA,2025-01-03 12:45:00+00:00,92.23877430633493,93.88475681439417,92.0169257747333,92.8847635009677,92.8847635009677,10596755.0,sample,2026-09-24 19:05:19.661930+00:00
NVDA,2025-01-03 12:50:00+00:00,92.93605528488905,93.452285908939,92.41609966052589,93.07352295728275,93.07352295728275,17570787.0,sample,2026-09-24 19:05:19.661930+00:00
NVDA,2025-01-03 12:55:00+00:00,92.92174193754036,93.34931692826606,91.85764147205519,92.91129579392157,92.91129579392157,5090027.0,sample,2026-09-24 19:05:19.661930+00:00
NVDA,2025-01-03 13:00:00+00:00,92.81122201293977,94.41922989499754,92.6128748818102,93.41786799916737,93.41786799916737,5395590.0,sample,2026-09-24 19:05:19.661930+00:00
NVDA,2025-01-03 13:05:00+00:00,93.48861983248361,93.83382908779002,93.21322809376338,93.51794427745592,93.51794427745592,6014078.0,sample,2026-09-24 19:05:19.661930+00:00
NVDA,2025-01-03 13:10:00+00:00,93.50528642951546,94.12090909682661,92.61416426906894,93.54359063437016,93.54359063437016,16736988.0,sample,2026-09-24 19:05:19.661930+00:00
NVDA,2025-01-03 13:15:00+00:00,93.51363667196462,94.06851450205241,92.8655551953123,93.88291478063671,93.88291478063671,17256444.0,sample,2026-09-24 19:05:19.661930+00:00
NVDA,2025-01-03 13:20:00+00:00,93.728923613679,94.61486562093832,93.3190119179885,94.12836270103514,94.12836270103514,5353359.0,sample,2026-09-24 19:05:19.661930+00:00
NVDA,2025-01-03 13:25:00+00:00,94.32204207532263,95.21334831942954,93.51395493583568,94.31295147859976,94.31295147859976,6106012.0,sample,2026-09-24 19:05:19.661930+00:00
NVDA,2025-01-03 13:30:00+00:00,94.41153853146001,94.95589176417096,93.73838392048323,94.40420165062999,94.40420165062999,14704742.0,sample,2026-09-24 19:05:19.661930+00:00
NVDA,2025-01-03 13:35:00+00:00,94.35644585471965,95.40343207460307,93.24500331976549,94.35569834437608,94.35569834437608,6431422.0,sample,2026-09-24 19:05:19.661930+00:00
NVDA,2025-01-03 13:40:00+00:00,94.24251028216662,95.31252922800842,94.03815146183251,94.24894014091103,94.24894014091103,17498585.0,sample,2026-09-24 19:05:19.661930+00:00
NVDA,2025-01-03 13:45:00+00:00,94.16144942078989,94.67177392884007,93.58836974165473,93.8474416957664,93.8474416957664,11037154.0,sample,2026-09-24 19:05:19.661930+00:00
NVDA,2025-01-03 13:50:00+00:00,93.96449586750926,94.8037547543647,93.77594092137117,94.03862796442849,94.03862796442849,8205720.0,sample,2026-09-24 19:05:19.661930+00:00
NVDA,2025-01-03 13:55:00+00:00,93.88015098087851,94.80491738505444,93.24146016294486,93.93009095444832,93.93009095444832,2588313.0,sample,2026-09-24 19:05:19.661930+00:00
NVDA,2025-01-03 14:00:00+00:00,93.97222574854126,95.05346495826493,93.64704385986113,94.62923508135114,94.62923508135114,11756192.0,sample,2026-09-24 19:05:19.661930+00:00
NVDA,2025-01-03 14:05:00+00:00,94.53553897393557,95.62288071598388,93.86054494708152,94.76944582285648,94.76944582285648,3542368.0,sample,2026-09-24 19:05:19.661930+00:00
NVDA,2025-01-03 14:10:00+00:00,94.70436238332914,94.96226796185519,93.64933761964778,94.70657954195272,94.70657954195272,17829123.0,sample,2026-09-24 19:05:19.661930+00:00
NVDA,2025-01-03 14:15:00+00:00,94.66954460522018,94.96407974536498,94.39908445187315,94.84930065412917,94.84930065412917,12903564.0,sample,2026-09-24 19:05:19.661930+00:00
NVDA,2025-01-03 14:20:00+00:00,95.18645503552358,95.86599786294398,94.65898856779052,94.97998596897729,94.97998596897729,16643549.0,sample,2026-09-24 19:05:19.661930+00:00
NVDA,2025-01-03 14:25:00+00:00,95.01605655121908,95.1408110100774,94.14574218722741,94.67916502683076,94.67916502683076,7103988.0,sample,2026-09-24 19:05:19.661930+00:00
NVDA,2025-01-03 14:30:00+00:00,94.77557814562645,95.31928971002274,93.87400074655062,95.00933761133791,95.00933761133791,15580189.0,sample,2026-09-24 19:05:19.661930+00:00
NVDA,2025-01-03 14:35:00+00:00,94.9170828616663,95.99880335378982,94.45861122262392,95.03652036937582,95.03652036937582,12016050.0,sample,2026-09-24 19:05:19.661930+00:00
NVDA,2025-01-03 14:40:00+00:00,95.16461434022146,95.80199154882256,94.57707883611849,95.00474158368951,95.00474158368951,14659307.0,sample,2026-09-24 19:05:19.661930+00:00
NVDA,2025-01-03 14:45:00+00:00,94.66676479157601,95.11344339911994,94.44798450164585,94.71896371679738,94.71896371679738,13543797.0,sample,2026-09-24 19:05:19.661930+00:00
NVDA,2025-01-03 14:50:00+00:00,94.6928035522541,95.42659462777343,93.56300689661883,94.87689570630502,94.87689570630502,2236636.0,sample,2026-09-24 19:05:19.661930+00:00
NVDA,2025-01-03 14:55:00+00:00,94.91171841540299,95.52309527850096,94.58767909644916,94.70784448302079,94.70784448302079,8014730.0,sample,2026-09-24 19:05:19.661930+00:00
NVDA,2025-01-03 15:00:00+00:00,94.67530226381079,95.5922090930071,93.85299099839622,94.82760053710021,94.82760053710021,10649959.0,sample,2026-09-24 19:05:19.661930+00:00
NVDA,2025-01-03 15:05:00+00:00,94.75922712879148,94.99824458940158,94.3421792234982,94.8427948807441,94.8427948807441,3636284.0,sample,2026-09-24 19:05:19.661930+00:00
NVDA,2025-01-03 15:10:00+00:00,95.17442104031247,96.27879410265373,93.94675806946344,94.553483784075,94.553483784075,16647570.0,sample,2026-09-24 19:05:19.661930+00:00
NVDA,2025-01-03 15:15:00+00:00,94.51694087677438,95.58357212379082,93.57057943381382,95.10838550892463,95.10838550892463,17364238.0,sample,2026-09-24 19:05:19.661930+00:00
NVDA,2025-01-03 15:20:00+00:00,94.85610887498571,95.66410630625688,93.71989188602592,94.85438261832735,94.85438261832735,10108081.0,sample,2026-09-24 19:05:19.661930+00:00
NVDA,2025-01-03 15:25:00+00:00,95.1005465474448,95.73605151473564,94.03984803376096,94.41829708266239,94.41829708266239,15849208.0,sample,2026-09-24 19:05:19.661930+00:00
NVDA,2025-01-03 15:30:00+00:00,94.36066315346667,95.0495367660819,93.72347434027436,94.87657749146615,94.87657749146615,12745116.0,sample,2026-09-24 19:05:19.661930+00:00
NVDA,2025-01-03 15:35:00+00:00,94.98358943772821,95.65338423364746,93.82621565299937,94.82809229425975,94.82809229425975,12817265.0,sample,2026-09-24 19:05:19.661930+00:00
NVDA,2025-01-03 15:40:00+00:00,94.3289519724545,95.28953016632524,93.07285941817278,94.19391913101687,94.19391913101687,12242182.0,sample,2026-09-24 19:05:19.661930+00:00
NVDA,2025-01-03 15:45:00+00:00,93.74912755682968,93.92096314461574,92.63939513732332,93.40814978893404,93.40814978893404,16133003.0,sample,2026-09-24 19:05:19.661930+00:00
NVDA,2025-01-03 15:50:00+00:00,93.49906210658385,94.27287460558708,92.75844861880549,94.07194690147398,94.07194690147398,11203132.0,sample,2026-09-24 19:05:19.661930+00:00
NVDA,2025-01-03 15:55:00+00:00,94.18676881734598,95.08767351457826,93.25402032245664,94.15754521573965,94.15754521573965,8346152.0,sample,2026-09-24 19:05:19.661930+00:00
NVDA,2025-01-03 16:00:00+00:00,93.93863564497808,95.33644377297296,93.58247765925628,94.6770609947562,94.6770609947562,2229460.0,sample,2026-09-24 19:05:19.661930+00:00
NVDA,2025-01-03 16:05:00+00:00,94.94442145903902,95.99782558109143,94.54461200475392,94.81302637759029,94.81302637759029,13859166.0,sample,2026-09-24 19:05:19.661930+00:00
NVDA,2025-01-03 16:10:00+00:00,95.21291067497742,96.14249354129785,93.12648664987374,94.22685332475076,94.22685332475076,9213560.0,sample,2026-09-24 19:05:19.661930+00:00
NVDA,2025-01-03 16:15:00+00:00,94.40831656011979,95.02193094173339,93.8394292175843,94.63933834825431,94.63933834825431,10165995.0,sample,2026-09-24 19:05:19.661930+00:00
NVDA,2025-01-03 16:20:00+00:00,94.70015944380829,95.06457595878199,93.66275702087563,94.6815057949303,94.6815057949303,15370104.0,sample,2026-09-24 19:05:19.661930+00:00
NVDA,2025-01-03 16:25:00+00:00,94.63918273951201,95.52918160672783,93.95812722224665,94.94070012537112,94.94070012537112,2709633.0,sample,2026-09-24 19:05:19.661930+00:00
NVDA,2025-01-03 16:30:00+00:00,94.88707678276481,96.31977873516523,93.94250386087569,95.43800201429633,95.43800201429633,17361328.0,sample,2026-09-24 19:05:19.661930+00:00
NVDA,2025-01-03 16:35:00+00:00,95.34672476789977,95.80868606628388,94.3917166561173,95.30148992828495,95.30148992828495,17228155.0,sample,2026-09-24 19:05:19.661930+00:00
NVDA,2025-01-03 16:40:00+00:00,95.64325544711411,95.89037592903648,93.79748336714815,94.65703347613929,94.65703347613929,11332837.0,sample,2026-09-24 19:05:19.661930+00:00
NVDA,2025-01-03 16:45:00+00:00,94.98623705746078,95.18575635446479,94.35437926068931,94.49622081645164,94.49622081645164,14755021.0,sample,2026-09-24 19:05:19.661930+00:00
NVDA,2025-01-03 16:50:00+00:00,94.70971385188054,95.35148345255037,93.51309485470593,94.64882684558827,94.64882684558827,3382867.0,sample,2026-09-24 19:05:19.661930+00:00
NVDA,2025-01-03 16:55:00+00:00,94.83877931702095,95.87815303838303,93.96964434238316,94.79785617024648,94.79785617024648,2508824.0,sample,2026-09-24 19:05:19.661930+00:00
NVDA,2025-01-03 17:00:00+00:00,95.2807103104192,96.04186907143864,95.0432302619786,95.41924921197455,95.41924921197455,17639757.0,sample,2026-09-24 19:05:19.661930+00:00
NVDA,2025-01-03 17:05:00+00:00,95.33208806406398,96.82675874312449,95.22923698116146,95.8605209882556,95.8605209882556,14387873.0,sample,2026-09-24 19:05:19.661930+00:00
NVDA,2025-01-03 17:10:00+00:00,96.05843416774997,96.56479323129433,95.83304582042352,96.03786745172042,96.03786745172042,10824594.0,sample,2026-09-24 19:05:19.661930+00:00
NVDA,2025-01-03 17:15:00+00:00,96.34663060447171,97.34035680792422,96.0614869389504,96.18840127744541,96.18840127744541,3824275.0,sample,2026-09-24 19:05:19.661930+00:00
NVDA,2025-01-03 17:20:00+00:00,96.16780039754242,96.47891010462578,95.04944435378616,95.77930225681928,95.77930225681928,5477528.0,sample,2026-09-24 19:05:19.661930+00:00
NVDA,2025-01-03 17:25:00+00:00,95.75878615193794,96.18187493772119,95.29228523910186,95.59284239761685,95.59284239761685,12658208.0,sample,2026-09-24 19:05:19.661930+00:00
NVDA,2025-01-03 17:30:00+00:00,95.62738033470325,96.32892658998695,95.09351265042636,95.96957089430562,95.96957089430562,17231896.0,sample,2026-09-24 19:05:19.661930+00:00
NVDA,2025-01-03 17:35:00+00:00,96.09061323366919,96.75828383158282,95.97741061806701,96.09415547864765,96.09415547864765,16084207.0,sample,2026-09-24 19:05:19.661930+00:00
NVDA,2025-01-03 17:40:00+00:00,95.81975870823369,97.68101571820169,95.01980017640412,96.7072034559009,96.7072034559009,4542179.0,sample,2026-09-24 19:05:19.661930+00:00
NVDA,2025-01-03 17:45:00+00:00,97.01352375832127,97.72603115537473,94.5813176632423,95.70832447904813,95.70832447904813,7513705.0,sample,2026-09-24 19:05:19.661930+00:00
NVDA,2025-01-03 17:50:00+00:00,95.83376127434208,96.11236727138477,95.05982361881313,95.80172628085519,95.80172628085519,12070825.0,sample,2026-09-24 19:05:19.661930+00:00
NVDA,2025-01-03 17:55:00+00:00,95.89388314029212,96.73667369281087,94.54634633877488,95.2521956004046,95.2521956004046,15628324.0,sample,2026-09-24 19:05:19.661930+00:00
NVDA,2025-01-03 18:00:00+00:00,95.27969674773486,95.68447290193605,94.31859731047834,95.29743267561867,95.29743267561867,12954270.0,sample,2026-09-24 19:05:19.661930+00:00
NVDA,2025-01-03 18:05:00+00:00,95.42490044746997,95.82566382624086,94.5959403248755,95.1641623258075,95.1641623258075,11551204.0,sample,2026-09-24 19:05:19.661930+00:00
NVDA,2025-01-03 18:10:00+00:00,94.89369652909869,96.6864847789851,93.79630100001003,95.68446011876738,95.68446011876738,9028595.0,sample,2026-09-24 19:05:19.661930+00:00
NVDA,2025-01-03 18:15:00+00:00,95.77631703954846,96.75906799669056,95.33815712802459,95.85274982571552,95.85274982571552,5845637.0,sample,2026-09-24 19:05:19.661930+00:00
NVDA,2025-01-03 18:20:00+00:00,96.08368837155825,96.65974347527961,95.17914341171975,96.05246948460587,96.05246948460587,1559949.0,sample,2026-09-24 19:05:19.661930+00:00
NVDA,2025-01-03 18:25:00+00:00,96.1846948124122,97.14644169958785,95.13815418511956,96.14666994217805,96.14666994217805,13217756.0,sample,2026-09-24 19:05:19.661930+00:00
NVDA,2025-01-03 18:30:00+00:00,95.94740456554742,96.79214456196847,95.3376843180392,96.51725651802322,96.51725651802322,10509862.0,sample,2026-09-24 19:05:19.661930+00:00
NVDA,2025-01-03 18:35:00+00:00,96.43002873283645,97.26664118851618,96.13689436091755,96.86984272098003,96.86984272098003,17950632.0,sample,2026-09-24 19:05:19.661930+00:00
NVDA,2025-01-03 18:40:00+00:00,96.99818893646727,97.40115527175146,95.91450214510685,97.02189562383256,97.02189562383256,10133001.0,sample,2026-09-24 19:05:19.661930+00:00
NVDA,2025-01-03 18:45:00+00:00,97.01803813118796,97.90868262404354,96.01705646759883,97.04138010853652,97.04138010853652,2427852.0,sample,2026-09-24 19:05:19.661930+00:00
NVDA,2025-01-03 18:50:00+00:00,97.3669754238062,97.57041494945489,96.75102481895254,97.12108085635832,97.12108085635832,16991589.0,sample,2026-09-24 19:05:19.661930+00:00
NVDA,2025-01-03 18:55:00+00:00,97.37139175979853,97.8026237436494,96.98558222501589,97.49949069511636,97.49949069511636,10242674.0,sample,2026-09-24 19:05:19.661930+00:00
NVDA,2025-01-03 19:00:00+00:00,97.22720097761282,97.80646715155537,96.94622435693992,97.30368452367718,97.30368452367718,16152450.0,sample,2026-09-24 19:05:19.661930+00:00
NVDA,2025-01-03 19:05:00+00:00,97.71956014040038,98.7524025205476,96.8064718890048,97.15023987091448,97.15023987091448,2501375.0,sample,2026-09-24 19:05:19.661930+00:00
NVDA,2025-01-03 19:10:00+00:00,97.09629800170873,98.90772028032723,96.7909378989719,97.88196712222972,97.88196712222972,7241548.0,sample,2026-09-24 19:05:19.661930+00:00
NVDA,2025-01-03 19:15:00+00:00,97.99298049660828,98.97249045879738,97.13278705132514,97.68838601409925,97.68838601409925,8200148.0,sample,2026-09-24 19:05:19.661930+00:00
NVDA,2025-01-03 19:20:00+00:00,97.76965753608798,99.21084899551536,97.09470728926325,98.24547919886561,98.24547919886561,14735251.0,sample,2026-09-24 19:05:19.661930+00:00
NVDA,2025-01-03 19:25:00+00:00,98.32922552486875,99.40535714339008,97.63588181664538,97.95570290645675,97.95570290645675,2430667.0,sample,2026-09-24 19:05:19.661930+00:00
NVDA,2025-01-03 19:30:00+00:00,97.72038022620649,98.08418655569488,96.91498698458904,97.89029231889968,97.89029231889968,10044868.0,sample,2026-09-24 19:05:19.661930+00:00
NVDA,2025-01-03 19:35:00+00:00,97.84753700564748,98.89753182720145,96.72740076318338,97.2410940682602,97.2410940682602,17210297.0,sample,2026-09-24 19:05:19.661930+00:00
NVDA,2025-01-03 19:40:00+00:00,96.86983673628693,97.66375023129162,95.74143635923832,97.01382136047563,97.01382136047563,10413626.0,sample,2026-09-24 19:05:19.661930+00:00
NVDA,2025-01-03 19:45:00+00:00,97.21503521354344,98.07672434250371,95.72969538687086,96.71583013229379,96.71583013229379,16673555.0,sample,2026-09-24 19:05:19.661930+00:00
NVDA,2025-01-03 19:50:00+00:00,96.59885220723267,97.52572689911896,96.02533440279305,96.63937069572114,96.63937069572114,17553427.0,sample,2026-09-24 19:05:19.661930+00:00
NVDA,2025-01-03 19:55:00+00:00,96.41411057003347,97.2963838163243,96.01805187241939,96.13359333069594,96.13359333069594,11596747.0,sample,2026-09-24 19:05:19.661930+00:00
NVDA,2025-01-03 20:00:00+00:00,95.85824450873099,97.23667574217465,95.4522051951002,96.37070595802533,96.37070595802533,12150215.0,sample,2026-09-24 19:05:19.661930+00:00
NVDA,2025-01-03 20:05:00+00:00,96.21363107552722,96.74327659426123,95.12735927686977,96.46240733449187,96.46240733449187,3371592.0,sample,2026-09-24 19:05:19.661930+00:00
NVDA,2025-01-03 20:10:00+00:00,96.43445443735006,97.7310616624358,95.45533219081922,96.85830405105773,96.85830405105773,2092872.0,sample,2026-09-24 19:05:19.661930+00:00
NVDA,2025-01-03 20:15:00+00:00,96.637048499573,97.64708642723984,95.64345160273974,96.89588028607038,96.89588028607038,7758414.0,sample,2026-09-24 19:05:19.661930+00:00
NVDA,2025-01-03 20:20:00+00:00,97.1924040217088,97.4328235476852,95.69991356833616,96.39942832344668,96.39942832344668,8604486.0,sample,2026-09-24 19:05:19.661930+00:00
NVDA,2025-01-03 20:25:00+00:00,96.23961685895156,96.55520655148071,94.81963865018696,95.84776534626074,95.84776534626074,3200930.0,sample,2026-09-24 19:05:19.661930+00:00
NVDA,2025-01-03 20:30:00+00:00,95.72545325855995,95.94460816170995,94.5674760389388,95.6856433444621,95.6856433444621,3476834.0,sample,2026-09-24 19:05:19.661930+00:00
NVDA,2025-01-03 20:35:00+00:00,95.68316457770518,96.38584645201813,95.43181420217175,95.70780315931617,95.70780315931617,4617580.0,sample,2026-09-24 19:05:19.661930+00:00
NVDA,2025-01-03 20:40:00+00:00,95.572545680399,96.07928383919385,94.66042316900699,95.73744064229784,95.73744064229784,9519742.0,sample,2026-09-24 19:05:19.661930+00:00
NVDA,2025-01-03 20:45:00+00:00,95.7589521823201,96.9706411362939,95.55472049581263,95.99225342145004,95.99225342145004,10639800.0,sample,2026-09-24 19:05:19.661930+00:00
NVDA,2025-01-03 20:50:00+00:00,95.81632569812525,96.6885590713217,95.44814963276191,96.07979802475771,96.07979802475771,8013483.0,sample,2026-09-24 19:05:19.661930+00:00
NVDA,2025-01-03 20:55:00+00:00,96.04402438850691,96.14495019727694,95.02904110057226,96.01106302336161,96.01106302336161,15639854.0,sample,2026-09-24 19:05:19.661930+00:00
NVDA,2025-01-03 21:00:00+00:00,96.08180073257056,97.20063034040275,95.01667451792511,96.31387706104009,96.31387706104009,16571534.0,sample,2026-09-24 19:05:19.661930+00:00
NVDA,2025-01-03 21:05:00+00:00,96.55363603293264,97.32505481183792,94.75921058316655,95.79533045305092,95.79533045305092,3852763.0,sample,2026-09-24 19:05:19.661930+00:00
NVDA,2025-01-03 21:10:00+00:00,95.59258374528731,96.10232571189395,95.2586223695885,95.81202747049831,95.81202747049831,10906405.0,sample,2026-09-24 19:05:19.661930+00:00
NVDA,2025-01-03 21:15:00+00:00,96.11409994690314,97.26209888651564,94.94898677207821,95.57212593781094,95.57212593781094,7303428.0,sample,2026-09-24 19:05:19.661930+00:00
NVDA,2025-01-03 21:20:00+00:00,95.37030219603085,95.72319190850425,94.14266671948664,95.14809994767477,95.14809994767477,3685940.0,sample,2026-09-24 19:05:19.661930+00:00
NVDA,2025-01-03 21:25:00+00:00,95.26017454430932,96.22097735841183,94.7740436665656,95.18393376703564,95.18393376703564,16492344.0,sample,2026-09-24 19:05:19.661930+00:00
NVDA,2025-01-03 21:30:00+00:00,95.10983231253607,96.31142413097115,94.74316352915996,95.87798973927359,95.87798973927359,13101467.0,sample,2026-09-24 19:05:19.661930+00:00
NVDA,2025-01-03 21:35:00+00:00,95.78861046531532,97.04231404832659,95.14751025247762,96.2891589991045,96.2891589991045,4078573.0,sample,2026-09-24 19:05:19.661930+00:00
NVDA,2025-01-03 21:40:00+00:00,96.01697124080084,96.92798496526866,95.25922685437317,96.02400751087828,96.02400751087828,8592662.0,sample,2026-09-24 19:05:19.661930+00:00
NVDA,2025-01-03 21:45:00+00:00,96.1682197455694,98.00470567708695,95.15928561955832,96.96733317107842,96.96733317107842,14330461.0,sample,2026-09-24 19:05:19.661930+00:00
NVDA,2025-01-03 21:50:00+00:00,96.91111121523416,98.32098752263117,95.88478632572651,97.53706667213993,97.53706667213993,1858587.0,sample,2026-09-24 19:05:19.661930+00:00
NVDA,2025-01-03 21:55:00+00:00,97.54468557344724,98.16675883526004,96.60214210498127,97.63271475420825,97.63271475420825,9369293.0,sample,2026-09-24 19:05:19.661930+00:00
NVDA,2025-01-03 22:00:00+00:00,97.45506879965794,97.85386650633191,95.89685392572234,96.79018883887927,96.79018883887927,10356713.0,sample,2026-09-24 19:05:19.661930+00:00
NVDA,2025-01-03 22:05:00+00:00,96.75516441912401,97.27451723474265,95.91707905943117,96.23100978857408,96.23100978857408,16393564.0,sample,2026-09-24 19:05:19.661930+00:00
NVDA,2025-01-03 22:10:00+00:00,96.07059921061955,96.54573156135415,94.90720234272173,96.02720690005826,96.02720690005826,14360624.0,sample,2026-09-24 19:05:19.661930+00:00
NVDA,2025-01-03 22:15:00+00:00,95.82755783629017,96.20024096723712,95.3219628332953,95.8868435520493,95.8868435520493,6690496.0,sample,2026-09-24 19:05:19.661930+00:00
NVDA,2025-01-03 22:20:00+00:00,95.79410996288172,97.46595125422365,95.35844053620339,96.4858812523422,96.4858812523422,14480500.0,sample,2026-09-24 19:05:19.661930+00:00
NVDA,2025-01-03 22:25:00+00:00,96.66471509630307,97.33300028533347,95.62017222279894,96.99903621405774,96.99903621405774,14022026.0,sample,2026-09-24 19:05:19.661930+00:00
NVDA,2025-01-03 22:30:00+00:00,96.83852564714113,97.87680785939341,96.0317653920907,97.0917821314784,97.0917821314784,17143357.0,sample,2026-09-24 19:05:19.661930+00:00
NVDA,2025-01-03 22:35:00+00:00,96.64330036306137,97.72496065097754,95.7434146486938,97.17366740203111,97.17366740203111,7071282.0,sample,2026-09-24 19:05:19.661930+00:00
NVDA,2025-01-03 22:40:00+00:00,96.98763210641235,97.31452401504684,95.8175186529099,96.52826405080269,96.52826405080269,4083093.0,sample,2026-09-24 19:05:19.661930+00:00
NVDA,2025-01-03 22:45:00+00:00,96.46637648555507,97.57458302262286,96.2191855239407,97.31387895214573,97.31387895214573,6056060.0,sample,2026-09-24 19:05:19.661930+00:00
NVDA,2025-01-03 22:50:00+00:00,97.25875932061844,98.16060354873655,95.96751296225017,97.0227712078795,97.0227712078795,16898728.0,sample,2026-09-24 19:05:19.661930+00:00
NVDA,2025-01-03 22:55:00+00:00,96.88300444373816,98.0386833822949,96.48928329747115,97.14232781146465,97.14232781146465,4199969.0,sample,2026-09-24 19:05:19.661930+00:00
NVDA,2025-01-03 23:00:00+00:00,97.40147900122201,98.48802646780084,96.64181182000021,96.96712237417209,96.96712237417209,7114575.0,sample,2026-09-24 19:05:19.661930+00:00
NVDA,2025-01-03 23:05:00+00:00,96.91809909552937,98.0244823922614,95.92650074219632,96.74054442904742,96.74054442904742,17904509.0,sample,2026-09-24 19:05:19.661930+00:00
NVDA,2025-01-03 23:10:00+00:00,96.74934075257453,97.44704641892558,96.41175218167812,96.7663310654811,96.7663310654811,6831145.0,sample,2026-09-24 19:05:19.661930+00:00
NVDA,2025-01-03 23:15:00+00:00,97.05005659444714,97.45145736644388,96.37865013715613,96.66189136233302,96.66189136233302,11125621.0,sample,2026-09-24 19:05:19.661930+00:00
NVDA,2025-01-03 23:20:00+00:00,96.53602605752968,97.10559524751018,95.46496551340024,96.12155826997785,96.12155826997785,5957755.0,sample,2026-09-24 19:05:19.661930+00:00
NVDA,2025-01-03 23:25:00+00:00,96.20984979533485,96.98772217903004,95.06641349739373,96.33683393307,96.33683393307,7697003.0,sample,2026-09-24 19:05:19.661930+00:00
NVDA,2025-01-03 23:30:00+00:00,96.1707160146538,96.67096192228374,95.19401953887999,96.09579660573836,96.09579660573836,9497611.0,sample,2026-09-24 19:05:19.661930+00:00
NVDA,2025-01-03 23:35:00+00:00,96.22659633565728,96.82765961328754,94.8961690273334,95.69465928481833,95.69465928481833,11486800.0,sample,2026-09-24 19:05:19.661930+00:00
NVDA,2025-01-03 23:40:00+00:00,95.60902842942689,95.8455779316202,94.29696989668808,94.93189017367088,94.93189017367088,4085660.0,sample,2026-09-24 19:05:19.661930+00:00
NVDA,2025-01-03 23:45:00+00:00,95.23433346920478,95.74850714771907,95.01895542662066,95.51453561642825,95.51453561642825,14734210.0,sample,2026-09-24 19:05:19.661930+00:00
NVDA,2025-01-03 23:50:00+00:00,95.17273604155875,96.34615202229422,95.02198604764794,95.85516557384898,95.85516557384898,14583869.0,sample,2026-09-24 19:05:19.661930+00:00
NVDA,2025-01-03 23:55:00+00:00,95.94120187568231,96.30354259698152,95.57515239400709,95.90313255479656,95.90313255479656,12541371.0,sample,2026-09-24 19:05:19.661930+00:00
NVDA,2025-01-04 00:00:00+00:00,95.9352488512852,97.25343276619354,94.86302134622126,96.34789739481796,96.34789739481796,16217583.0,sample,2026-09-24 19:05:19.661930+00:00
NVDA,2025-01-04 00:05:00+00:00,96.02938415656233,97.57532253234214,95.09169532383208,96.70471804603211,96.70471804603211,14470199.0,sample,2026-09-24 19:05:19.661930+00:00
NVDA,2025-01-04 00:10:00+00:00,96.81343098258215,97.23634617309509,95.67690938102581,96.15861761404982,96.15861761404982,16034198.0,sample,2026-09-24 19:05:19.661930+00:00
NVDA,2025-01-04 00:15:00+00:00,96.1456674923208,97.26506687604635,95.05680672188235,95.79841807898231,95.79841807898231,12349350.0,sample,2026-09-24 19:05:19.661930+00:00
NVDA,2025-01-04 00:20:00+00:00,95.83434432687979,96.91092124530185,95.3367678127418,95.52564782573452,95.52564782573452,12584290.0,sample,2026-09-24 19:05:19.661930+00:00
NVDA,2025-01-04 00:25:00+00:00,95.5650576038126,96.0598590068466,94.80614648034867,95.47995356531369,95.47995356531369,4037937.0,sample,2026-09-24 19:05:19.661930+00:00
NVDA,2025-01-04 00:30:00+00:00,95.34596364007037,95.85475451339164,95.09408165262897,95.31443645418419,95.31443645418419,8080997.0,sample,2026-09-24 19:05:19.661930+00:00
NVDA,2025-01-04 00:35:00+00:00,95.0611153134898,96.85679049057654,94.2438983472492,95.870419371893,95.870419371893,7698900.0,sample,2026-09-24 19:05:19.661930+00:00
NVDA,2025-01-04 00:40:00+00:00,96.0485955986334,96.73779142848457,94.52535595354182,95.50169920461877,95.50169920461877,13869403.0,sample,2026-09-24 19:05:19.661930+00:00
NVDA,2025-01-04 00:45:00+00:00,95.67431071371753,95.92068012151194,94.82263933597524,95.54163285269699,95.54163285269699,3633085.0,sample,2026-09-24 19:05:19.661930+00:00
NVDA,2025-01-04 00:50:00+00:00,95.4659115557969,95.98979983031188,95.08741211175672,95.68545770743125,95.68545770743125,16357637.0,sample,2026-09-24 19:05:19.661930+00:00
NVDA,2025-01-04 00:55:00+00:00,95.93109024988141,96.134352023386,93.88704218306678,94.93626272155015,94.93626272155015,7140059.0,sample,2026-09-24 19:05:19.661930+00:00
NVDA,2025-01-04 01:00:00+00:00,94.76667257907843,95.66821722686852,93.64060155245134,95.05751946000814,95.05751946000814,11774258.0,sample,2026-09-24 19:05:19.661930+00:00
NVDA,2025-01-04 01:05:00+00:00,95.24755013057934,95.54158100581685,94.41241223368814,95.12996406890457,95.12996406890457,15173195.0,sample,2026-09-24 19:05:19.661930+00:00
NVDA,2025-01-04 01:10:00+00:00,95.06661964137584,95.39190743958035,94.08368788927903,94.8251263017121,94.8251263017121,15731237.0,sample,2026-09-24 19:05:19.661930+00:00
NVDA,2025-01-04 01:15:00+00:00,95.48885771553252,96.45161380395541,95.04185958873441,95.32630338257948,95.32630338257948,16418733.0,sample,2026-09-24 19:05:19.661930+00:00
NVDA,2025-01-04 01:20:00+00:00,95.66491380440382,96.19387169111123,94.4179186362281,95.03993942418872,95.03993942418872,14746635.0,sample,2026-09-24 19:05:19.661930+00:00
NVDA,2025-01-04 01:25:00+00:00,94.96570163895201,96.05890476203557,94.23733988290817,95.31505529598793,95.31505529598793,4623910.0,sample,2026-09-24 19:05:19.661930+00:00
NVDA,2025-01-04 01:30:00+00:00,95.0840024795194,96.56004028146914,94.62957294884626,95.98178466067529,95.98178466067529,15219674.0,sample,2026-09-24 19:05:19.661930+00:00
NVDA,2025-01-04 01:35:00+00:00,95.98847827725503,97.23487535324091,95.47704663403829,96.12634382885712,96.12634382885712,17525405.0,sample,2026-09-24 19:05:19.661930+00:00
NVDA,2025-01-04 01:40:00+00:00,96.22811593100056,96.50200235273049,94.90199048857764,95.83343100832913,95.83343100832913,9766270.0,sample,2026-09-24 19:05:19.661930+00:00
NVDA,2025-01-04 01:45:00+00:00,95.92136104714983,96.49567676366613,95.75036889835744,96.13486747026641,96.13486747026641,14813303.0,sample,2026-09-24 19:05:19.661930+00:00
NVDA,2025-01-04 01:50:00+00:00,96.20076565695402,96.94558226759827,94.72785052875108,95.59814577799216,95.59814577799216,13514413.0,sample,2026-09-24 19:05:19.661930+00:00
NVDA,2025-01-04 01:55:00+00:00,95.65305519201652,96.91792225544951,94.70891434580079,96.33699144839396,96.33699144839396,4143871.0,sample,2026-09-24 19:05:19.661930+00:00
NVDA,2025-01-04 02:00:00+00:00,96.44782857406473,97.43846780666213,95.22399560762481,96.2461901462561,96.2461901462561,13490134.0,sample,2026-09-24 19:05:19.661930+00:00
NVDA,2025-01-04 02:05:00+00:00,96.66385361729472,96.92862058234832,96.24511632170802,96.73393980035061,96.73393980035061,16443558.0,sample,2026-09-24 19:05:19.661930+00:00
NVDA,2025-01-04 02:10:00+00:00,97.0180337983958,97.37883189258798,96.68936320843767,96.81575779786314,96.81575779786314,3199735.0,sample,2026-09-24 19:05:19.661930+00:00
NVDA,2025-01-04 02:15:00+00:00,96.64287169786893,97.65246337678332,96.40250433354726,97.23477371556703,97.23477371556703,17281326.0,sample,2026-09-24 19:05:19.661930+00:00
NVDA,2025-01-04 02:20:00+00:00,97.43826847858315,97.72177485955758,95.5364868531341,96.62127405976933,96.62127405976933,7685203.0,sample,2026-09-24 19:05:19.661930+00:00
NVDA,2025-01-04 02:25:00+00:00,96.85432619665566,97.51724920541002,95.07900771793753,95.5666259741125,95.5666259741125,11811479.0,sample,2026-09-24 19:05:19.661930+00:00
NVDA,2025-01-04 02:30:00+00:00,95.50217805463248,96.724391862819,95.21975926429282,95.84625276846688,95.84625276846688,2939045.0,sample,2026-09-24 19:05:19.661930+00:00
NVDA,2025-01-04 02:35:00+00:00,95.9212829733261,96.88279605724281,94.34606893334701,95.36280487689646,95.36280487689646,9259333.0,sample,2026-09-24 19:05:19.661930+00:00
NVDA,2025-01-04 02:40:00+00:00,95.657554968744,96.10037606754364,94.67801816133591,95.38995640204836,95.38995640204836,2137896.0,sample,2026-09-24 19:05:19.661930+00:00
NVDA,2025-01-04 02:45:00+00:00,95.36289148204328,95.77677419643895,94.43623179418466,95.14628812589042,95.14628812589042,11764097.0,sample,2026-09-24 19:05:19.661930+00:00
NVDA,2025-01-04 02:50:00+00:00,94.96905287019501,96.46660879707923,94.311704423731,95.62781048545068,95.62781048545068,11730128.0,sample,2026-09-24 19:05:19.661930+00:00
NVDA,2025-01-04 02:55:00+00:00,95.54427663137386,96.62900428603955,94.14608210601735,95.17895697166327,95.17895697166327,5104456.0,sample,2026-09-24 19:05:19.661930+00:00
NVDA,2025-01-04 03:00:00+00:00,95.43470518301551,95.84594617593615,94.19144344349515,95.00259826103073,95.00259826103073,4136327.0,sample,2026-09-24 19:05:19.661930+00:00
NVDA,2025-01-04 03:05:00+00:00,95.13969574943033,96.11022880370304,94.79869576681028,94.90921762045942,94.90921762045942,4386369.0,sample,2026-09-24 19:05:19.661930+00:00
NVDA,2025-01-04 03:10:00+00:00,94.91889658821565,95.31373705211296,94.50991255306313,94.63590345265526,94.63590345265526,5924119.0,sample,2026-09-24 19:05:19.661930+00:00
NVDA,2025-01-04 03:15:00+00:00,95.01088907421536,95.27877447679667,94.18007336332988,94.5307703719473,94.5307703719473,3242196.0,sample,2026-09-24 19:05:19.661930+00:00
NVDA,2025-01-04 03:20:00+00:00,94.51080202188362,95.19941848171766,93.6748112213757,94.77687516018122,94.77687516018122,16339334.0,sample,2026-09-24 19:05:19.661930+00:00
NVDA,2025-01-04 03:25:00+00:00,94.79408711142305,94.8961874011222,93.45041772506681,94.39628418051669,94.39628418051669,6788889.0,sample,2026-09-24 19:05:19.661930+00:00
NVDA,2025-01-04 03:30:00+00:00,94.43189349984046,95.52998354035533,93.64974344462755,94.23766993920484,94.23766993920484,6994292.0,sample,2026-09-24 19:05:19.661930+00:00
NVDA,2025-01-04 03:35:00+00:00,94.48910971710498,95.34834445558525,93.4334594631956,94.56712319947145,94.56712319947145,17881057.0,sample,2026-09-24 19:05:19.661930+00:00
NVDA,2025-01-04 03:40:00+00:00,94.36039757865834,95.24586377409683,93.67792345198968,95.12698135749201,95.12698135749201,6251258.0,sample,2026-09-24 19:05:19.661930+00:00
NVDA,2025-01-04 03:45:00+00:00,95.23598797762423,96.25452850180199,94.44737783456425,95.41121246805369,95.41121246805369,14515877.0,sample,2026-09-24 19:05:19.661930+00:00
NVDA,2025-01-04 03:50:00+00:00,95.4049005282669,95.98429963088375,95.1975304794863,95.34088862214358,95.34088862214358,16228492.0,sample,2026-09-24 19:05:19.661930+00:00
NVDA,2025-01-04 03:55:00+00:00,95.31524018640326,95.98872765955248,94.95105941070138,95.52993288684223,95.52993288684223,8181668.0,sample,2026-09-24 19:05:19.661930+00:00
NVDA,2025-01-04 04:00:00+00:00,95.39699935449258,95.95464483628477,94.3184002709657,95.34644112472802,95.34644112472802,17466168.0,sample,2026-09-24 19:05:19.661930+00:00
NVDA,2025-01-04 04:05:00+00:00,95.29015469142082,95.87816567610759,93.96790425356613,94.6124605189843,94.6124605189843,2944520.0,sample,2026-09-24 19:05:19.661930+00:00
NVDA,2025-01-04 04:10:00+00:00,94.77299238974132,95.66394274648623,94.17295655659038,94.52161176806501,94.52161176806501,12603454.0,sample,2026-09-24 19:05:19.661930+00:00
NVDA,2025-01-04 04:15:00+00:00,94.80142973287825,95.94824183424585,94.30974247406945,95.18240642692064,95.18240642692064,10864401.0,sample,2026-09-24 19:05:19.661930+00:00
NVDA,2025-01-04 04:20:00+00:00,95.15130845978777,95.63368083925731,94.20062205488166,95.06543503516613,95.06543503516613,16126651.0,sample,2026-09-24 19:05:19.661930+00:00
NVDA,2025-01-04 04:25:00+00:00,94.90966798142409,95.7908042600123,93.81102704163021,95.08455773063368,95.08455773063368,4703916.0,sample,2026-09-24 19:05:19.661930+00:00
NVDA,2025-01-04 04:30:00+00:00,95.02673568204244,95.30542312226186,94.20590752674873,94.43106914039964,94.43106914039964,9329260.0,sample,2026-09-24 19:05:19.661930+00:00
NVDA,2025-01-04 04:35:00+00:00,94.3316892126891,95.82055143596328,93.7194418851467,94.82057397479575,94.82057397479575,14765156.0,sample,2026-09-24 19:05:19.661930+00:00
NVDA,2025-01-04 04:40:00+00:00,94.90646348019443,95.43676344035548,93.56924841975287,94.52688764301926,94.52688764301926,10797528.0,sample,2026-09-24 19:05:19.661930+00:00
NVDA,2025-01-04 04:45:00+00:00,94.53909818068766,94.65240083122374,93.81102759205515,94.43636759182762,94.43636759182762,14676095.0,sample,2026-09-24 19:05:19.661930+00:00
NVDA,2025-01-04 04:50:00+00:00,94.3096200917806,95.16249516773858,93.75086078705361,94.27480790148552,94.27480790148552,8897441.0,sample,2026-09-24 19:05:19.661930+00:00
NVDA,2025-01-04 04:55:00+00:00,94.42548491260085,95.31695075691151,93.19106429836607,93.86514352435363,93.86514352435363,4083743.0,sample,2026-09-24 19:05:19.661930+00:00
NVDA,2025-01-04 05:00:00+00:00,93.71746077987856,94.33841677439183,92.67008890663435,94.20239669725022,94.20239669725022,9489542.0,sample,2026-09-24 19:05:19.661930+00:00
NVDA,2025-01-04 05:05:00+00:00,94.11202392737012,95.4860466044393,93.02970910672362,94.51807457821249,94.51807457821249,17867777.0,sample,2026-09-24 19:05:19.661930+00:00
NVDA,2025-01-04 05:10:00+00:00,94.59718010831497,95.2164065680436,94.1261753823807,94.61137457948008,94.61137457948008,3516172.0,sample,2026-09-24 19:05:19.661930+00:00
NVDA,2025-01-04 05:15:00+00:00,94.70974107408227,95.33867085929836,94.14443886698675,95.15831484039965,95.15831484039965,8533099.0,sample,2026-09-24 19:05:19.661930+00:00
NVDA,2025-01-04 05:20:00+00:00,94.93622065656352,95.88651118748851,94.16501800657873,94.98944029684762,94.98944029684762,12633231.0,sample,2026-09-24 19:05:19.661930+00:00
NVDA,2025-01-04 05:25:00+00:00,94.943100055366,96.96882709370713,94.06952212449168,95.91125875314758,95.91125875314758,16910623.0,sample,2026-09-24 19:05:19.661930+00:00
NVDA,2025-01-04 05:30:00+00:00,95.56496093296666,96.26347611326457,94.93171669760969,96.05024858775903,96.05024858775903,7758148.0,sample,2026-09-24 19:05:19.661930+00:00
NVDA,2025-01-04 05:35:00+00:00,95.825534872399,96.32916731330651,95.68365264041152,96.18153092185715,96.18153092185715,4779413.0,sample,2026-09-24 19:05:19.661930+00:00
NVDA,2025-01-04 05:40:00+00:00,95.99882196599233,97.55983704384188,95.30102543743594,96.79739278919413,96.79739278919413,13379653.0,sample,2026-09-24 19:05:19.661930+00:00
NVDA,2025-01-04 05:45:00+00:00,96.57229697021344,97.86414042816173,96.06188748291655,97.02159598680598,97.02159598680598,15381968.0,sample,2026-09-24 19:05:19.661930+00:00
NVDA,2025-01-04 05:50:00+00:00,97.16040088577579,97.41755361501338,96.7913784057904,97.18134730525314,97.18134730525314,15804242.0,sample,2026-09-24 19:05:19.661930+00:00
NVDA,2025-01-04 05:55:00+00:00,97.13859951574287,97.95018717244078,96.14361979097801,97.25426102532396,97.25426102532396,9589269.0,sample,2026-09-24 19:05:19.661930+00:00
NVDA,2025-01-04 06:00:00+00:00,96.85135248073712,98.33135351982199,96.67004544452259,97.32317927433591,97.32317927433591,10589300.0,sample,2026-09-24 19:05:19.661930+00:00
NVDA,2025-01-04 06:05:00+00:00,97.2395515739718,98.48832397612314,96.09974391867857,97.55721745617791,97.55721745617791,13835634.0,sample,2026-09-24 19:05:19.661930+00:00
NVDA,2025-01-04 06:10:00+00:00,97.50603169326612,98.18880781089071,96.71637273565162,97.31450902323724,97.31450902323724,3160798.0,sample,2026-09-24 19:05:19.661930+00:00
NVDA,2025-01-04 06:15:00+00:00,97.3081023717555,97.82514946069308,97.03527372938771,97.46112990091439,97.46112990091439,7863143.0,sample,2026-09-24 19:05:19.661930+00:00
NVDA,2025-01-04 06:20:00+00:00,97.60443575601703,98.71157524797036,96.99731162696146,97.17835597861298,97.17835597861298,10887778.0,sample,2026-09-24 19:05:19.661930+00:00
NVDA,2025-01-04 06:25:00+00:00,97.26917495302918,98.13467094528211,96.94860103326931,97.3918191930965,97.3918191930965,12889339.0,sample,2026-09-24 19:05:19.661930+00:00
NVDA,2025-01-04 06:30:00+00:00,97.2388700068179,99.2218384917174,96.74096285111197,98.09792331377827,98.09792331377827,1766581.0,sample,2026-09-24 19:05:19.661930+00:00
NVDA,2025-01-04 06:35:00+00:00,98.03906032657066,98.6867247014728,97.02017929079626,98.02836237339217,98.02836237339217,15057423.0,sample,2026-09-24 19:05:19.661930+00:00
NVDA,2025-01-04 06:40:00+00:00,98.05178286829039,98.49251503383279,97.62485618267173,98.36400668637056,98.36400668637056,12908239.0,sample,2026-09-24 19:05:19.661930+00:00
NVDA,2025-01-04 06:45:00+00:00,98.08848301978615,99.67062148998454,97.33078262627754,98.61544047086885,98.61544047086885,3628744.0,sample,2026-09-24 19:05:19.661930+00:00
NVDA,2025-01-04 06:50:00+00:00,99.00286725022224,99.53259035572701,98.17537425227506,98.93168686146372,98.93168686146372,8364906.0,sample,2026-09-24 19:05:19.661930+00:00
NVDA,2025-01-04 06:55:00+00:00,99.17519531409661,100.3285509634226,98.03920731018458,98.98018709551906,98.98018709551906,2457919.0,sample,2026-09-24 19:05:19.661930+00:00
NVDA,2025-01-04 07:00:00+00:00,99.25040047001154,99.36635375555943,98.69895993723601,99.02087225855331,99.02087225855331,8825940.0,sample,2026-09-24 19:05:19.661930+00:00
NVDA,2025-01-04 07:05:00+00:00,98.92978926695966,99.65287921347313,98.06317616512088,98.79752281128678,98.79752281128678,10031251.0,sample,2026-09-24 19:05:19.661930+00:00
NVDA,2025-01-04 07:10:00+00:00,98.70525771719105,99.51030670352294,97.98094053551512,98.8098271338861,98.8098271338861,15284952.0,sample,2026-09-24 19:05:19.661930+00:00
NVDA,2025-01-04 07:15:00+00:00,99.1397487454894,100.38987145808204,98.31782338263078,99.30421616043216,99.30421616043216,12837423.0,sample,2026-09-24 19:05:19.661930+00:00
NVDA,2025-01-04 07:20:00+00:00,99.50006480176688,100.20437302240738,98.583116350271,99.65903042805043,99.65903042805043,2621708.0,sample,2026-09-24 19:05:19.661930+00:00
NVDA,2025-01-04 07:25:00+00:00,99.79611182721283,100.16344725207188,98.93714537956659,99.33604532062475,99.33604532062475,2313390.0,sample,2026-09-24 19:05:19.661930+00:00
NVDA,2025-01-04 07:30:00+00:00,99.48499418541205,100.61327973071988,97.92990392864722,98.8796656550968,98.8796656550968,14152048.0,sample,2026-09-24 19:05:19.661930+00:00
NVDA,2025-01-04 07:35:00+00:00,98.91069948611269,99.63894910618818,97.80562967248909,99.08975298021979,99.08975298021979,4250215.0,sample,2026-09-24 19:05:19.661930+00:00
NVDA,2025-01-04 07:40:00+00:00,99.06046781806886,99.39038115567192,98.32883928934838,99.1001646972939,99.1001646972939,7207899.0,sample,2026-09-24 19:05:19.661930+00:00
NVDA,2025-01-04 07:45:00+00:00,99.06351991356354,99.7670448016317,98.51123493754535,98.99113691510334,98.99113691510334,11569113.0,sample,2026-09-24 19:05:19.661930+00:00
NVDA,2025-01-04 07:50:00+00:00,98.88898098668746,99.54521724308145,98.25289649376843,98.72830917867213,98.72830917867213,15326040.0,sample,2026-09-24 19:05:19.661930+00:00
NVDA,2025-01-04 07:55:00+00:00,98.59334464795697,99.23795479476868,98.21356299107498,98.87943004599475,98.87943004599475,2079967.0,sample,2026-09-24 19:05:19.661930+00:00
NVDA,2025-01-04 08:00:00+00:00,99.08864985356296,99.93464929725454,97.67217810703688,98.80177516885139,98.80177516885139,8561773.0,sample,2026-09-24 19:05:19.661930+00:00
NVDA,2025-01-04 08:05:00+00:00,98.36959412506465,99.68086856468726,97.29067338770861,99.0341261595586,99.0341261595586,6907965.0,sample,2026-09-24 19:05:19.661930+00:00
NVDA,2025-01-04 08:10:00+00:00,98.77844238110666,100.7518283501179,97.78590166752723,99.87175503291594,99.87175503291594,2930967.0,sample,2026-09-24 19:05:19.661930+00:00
NVDA,2025-01-04 08:15:00+00:00,99.85665184565909,100.7930603728624,98.83288738395274,99.9074368225516,99.9074368225516,13422850.0,sample,2026-09-24 19:05:19.661930+00:00
NVDA,2025-01-04 08:20:00+00:00,100.32811795857131,101.26510033831286,99.59959967358944,99.81232501553524,99.81232501553524,6425398.0,sample,2026-09-24 19:05:19.661930+00:00
NVDA,2025-01-04 08:25:00+00:00,99.82069835187134,100.30153864158662,98.61562853682621,99.81196994477452,99.81196994477452,11395225.0,sample,2026-09-24 19:05:19.661930+00:00
NVDA,2025-01-04 08:30:00+00:00,99.60644671855225,100.60343197456386,98.75138757703272,99.81553403403439,99.81553403403439,11223629.0,sample,2026-09-24 19:05:19.661930+00:00
NVDA,2025-01-04 08:35:00+00:00,99.75686630282152,101.26550846504644,99.44889381931321,100.13424278328851,100.13424278328851,10149954.0,sample,2026-09-24 19:05:19.661930+00:00
NVDA,2025-01-04 08:40:00+00:00,100.19579197492152,101.22315563301412,99.00702295520864,100.35066606248013,100.35066606248013,12260451.0,sample,2026-09-24 19:05:19.661930+00:00
NVDA,2025-01-04 08:45:00+00:00,100.14491379784681,101.13348762773134,99.92239288814956,100.42995184322474,100.42995184322474,4015977.0,sample,2026-09-24 19:05:19.661930+00:00
NVDA,2025-01-04 08:50:00+00:00,100.3697419889257,102.03388131108312,100.2545560737393,101.09919214205192,101.09919214205192,13753440.0,sample,2026-09-24 19:05:19.661930+00:00
NVDA,2025-01-04 08:55:00+00:00,101.35700423230985,101.96942271298903,100.82099030807856,101.20704926923001,101.20704926923001,1570932.0,sample,2026-09-24 19:05:19.661930+00:00
NVDA,2025-01-04 09:00:00+00:00,101.14571983210436,102.34697521974286,99.94593455673467,101.28142746650833,101.28142746650833,1505457.0,sample,2026-09-24 19:05:19.661930+00:00
NVDA,2025-01-04 09:05:00+00:00,101.23849568902908,101.72694720685793,100.85406391186382,101.4885511917774,101.4885511917774,14701526.0,sample,2026-09-24 19:05:19.661930+00:00
NVDA,2025-01-04 09:10:00+00:00,101.71146585715238,102.80860872738876,100.43655943458762,101.1941790014741,101.1941790014741,7062736.0,sample,2026-09-24 19:05:19.661930+00:00
NVDA,2025-01-04 09:15:00+00:00,101.17836868144428,102.96774957973108,100.28107934330934,102.14074078838507,102.14074078838507,14092984.0,sample,2026-09-24 19:05:19.661930+00:00
NVDA,2025-01-04 09:20:00+00:00,102.48728231163349,103.33846044209886,100.87119005608628,101.91776139697072,101.91776139697072,16738942.0,sample,2026-09-24 19:05:19.661930+00:00
NVDA,2025-01-04 09:25:00+00:00,102.02679371367203,102.64485688540233,101.29267462868349,102.29291268879692,102.29291268879692,16666095.0,sample,2026-09-24 19:05:19.661930+00:00
NVDA,2025-01-04 09:30:00+00:00,102.31814560664583,103.2787727604358,101.74110686936571,102.20198173473906,102.20198173473906,7292328.0,sample,2026-09-24 19:05:19.661930+00:00
NVDA,2025-01-04 09:35:00+00:00,102.3230252923979,102.86103507098339,101.48264692629441,101.70926133313984,101.70926133313984,10446261.0,sample,2026-09-24 19:05:19.661930+00:00
NVDA,2025-01-04 09:40:00+00:00,101.62379703756079,102.60680063044154,101.38115998088696,102.28431338358162,102.28431338358162,7239641.0,sample,2026-09-24 19:05:19.661930+00:00
NVDA,2025-01-04 09:45:00+00:00,101.84193219597766,102.72330784246009,100.7983262230938,101.97161749631574,101.97161749631574,15013201.0,sample,2026-09-24 19:05:19.661930+00:00
NVDA,2025-01-04 09:50:00+00:00,101.9484691380761,102.79672783867066,100.79911642048167,102.10894946114034,102.10894946114034,6041463.0,sample,2026-09-24 19:05:19.661930+00:00
NVDA,2025-01-04 09:55:00+00:00,102.05836827024059,103.70339013270062,101.40707303199731,102.90641021762742,102.90641021762742,3382659.0,sample,2026-09-24 19:05:19.661930+00:00
NVDA,2025-01-04 10:00:00+00:00,103.0208295725326,104.19284831709483,102.47489820804137,103.21895301821709,103.21895301821709,7514802.0,sample,2026-09-24 19:05:19.661930+00:00
NVDA,2025-01-04 10:05:00+00:00,103.18686700129999,104.10159890618273,102.87593856356874,103.49214057852645,103.49214057852645,5449437.0,sample,2026-09-24 19:05:19.661930+00:00
NVDA,2025-01-04 10:10:00+00:00,103.08924892490006,104.12904795109786,102.88859298804157,103.25729356525332,103.25729356525332,16731553.0,sample,2026-09-24 19:05:19.661930+00:00
NVDA,2025-01-04 10:15:00+00:00,103.45379108586782,104.32120796723501,102.88938666900086,103.07429346986311,103.07429346986311,16219626.0,sample,2026-09-24 19:05:19.661930+00:00
NVDA,2025-01-04 10:20:00+00:00,103.11044939347843,104.01197799747429,101.69816484752891,102.47162456200591,102.47162456200591,8879492.0,sample,2026-09-24 19:05:19.661930+00:00
NVDA,2025-01-04 10:25:00+00:00,102.3178750910946,104.01813483257564,101.44112244214104,102.94599272952507,102.94599272952507,16231491.0,sample,2026-09-24 19:05:19.661930+00:00
NVDA,2025-01-04 10:30:00+00:00,102.59871776336851,103.69768784703143,101.92309696466829,103.07402187272513,103.07402187272513,7856393.0,sample,2026-09-24 19:05:19.661930+00:00
NVDA,2025-01-04 10:35:00+00:00,103.34175995654851,103.89999108247063,102.23273080159882,103.53033005584453,103.53033005584453,4045778.0,sample,2026-09-24 19:05:19.661930+00:00
NVDA,2025-01-04 10:40:00+00:00,103.29166377025741,104.14834057277663,102.23441475452827,103.6017782867086,103.6017782867086,16287404.0,sample,2026-09-24 19:05:19.661930+00:00
NVDA,2025-01-04 10:45:00+00:00,103.75156937475094,104.73360720973646,103.19136785332296,103.99361085549617,103.99361085549617,15955338.0,sample,2026-09-24 19:05:19.661930+00:00
NVDA,2025-01-04 10:50:00+00:00,103.89236746557312,104.57679799261405,103.03200194980815,103.98739619545333,103.98739619545333,16231770.0,sample,2026-09-24 19:05:19.661930+00:00
NVDA,2025-01-04 10:55:00+00:00,104.08021353895974,104.88172612679922,103.97081495236365,104.17876100734082,104.17876100734082,8761511.0,sample,2026-09-24 19:05:19.661930+00:00
NVDA,2025-01-04 11:00:00+00:00,104.05423174165803,105.86147443197635,103.5522134399564,104.66409461642631,104.66409461642631,10572491.0,sample,2026-09-24 19:05:19.661930+00:00
NVDA,2025-01-04 11:05:00+00:00,104.61336756952878,105.41601493209892,104.35063805854375,104.9849076836308,104.9849076836308,11589750.0,sample,2026-09-24 19:05:19.661930+00:00
NVDA,2025-01-04 11:10:00+00:00,104.5384452452066,106.41105839958932,104.15265880794638,105.45113451657511,105.45113451657511,1677423.0,sample,2026-09-24 19:05:19.661930+00:00
NVDA,2025-01-04 11:15:00+00:00,105.72830003038284,106.94802727467913,104.48044437017623,104.93157434153491,104.93157434153491,12524553.0,sample,2026-09-24 19:05:19.661930+00:00
NVDA,2025-01-04 11:20:00+00:00,104.8945681874338,105.95500542933156,104.78738727702509,105.07680179442548,105.07680179442548,15049031.0,sample,2026-09-24 19:05:19.661930+00:00
NVDA,2025-01-04 11:25:00+00:00,104.92664520402533,105.40228557661716,104.6522625166639,105.1788607135815,105.1788607135815,10889828.0,sample,2026-09-24 19:05:19.661930+00:00
NVDA,2025-01-04 11:30:00+00:00,105.40884381980727,106.28292366979781,103.40434683236595,104.64960165975272,104.64960165975272,17734092.0,sample,2026-09-24 19:05:19.661930+00:00
NVDA,2025-01-04 11:35:00+00:00,104.10306574697707,105.46408047235785,103.32336254186657,104.59384614968667,104.59384614968667,5617763.0,sample,2026-09-24 19:05:19.661930+00:00
NVDA,2025-01-04 11:40:00+00:00,105.02878218969116,106.1422801379957,103.44519306093072,104.53646629383337,104.53646629383337,4526416.0,sample,2026-09-24 19:05:19.661930+00:00
NVDA,2025-01-04 11:45:00+00:00,104.1732460547466,105.26500000335209,104.06901812888167,104.59431048440123,104.59431048440123,12635206.0,sample,2026-09-24 19:05:19.661930+00:00
NVDA,2025-01-04 11:50:00+00:00,104.72077309633461,105.69235458875767,104.16312047297316,105.04983593332632,105.04983593332632,7064962.0,sample,2026-09-24 19:05:19.661930+00:00
NVDA,2025-01-04 11:55:00+00:00,105.34591300353425,106.44249725848502,104.91879375859449,105.31280562702027,105.31280562702027,16951458.0,sample,2026-09-24 19:05:19.661930+00:00
NVDA,2025-01-04 12:00:00+00:00,105.41289774750558,106.02515006662469,104.38605109258202,105.80308710489369,105.80308710489369,14776420.0,sample,2026-09-24 19:05:19.661930+00:00
NVDA,2025-01-04 12:05:00+00:00,105.91266094001482,106.92015074950888,105.49639229805548,105.73038308707686,105.73038308707686,16414180.0,sample,2026-09-24 19:05:19.661930+00:00
NVDA,2025-01-04 12:10:00+00:00,105.73844423382958,105.85808803460502,105.37244937948202,105.53509387437731,105.53509387437731,16286861.0,sample,2026-09-24 19:05:19.661930+00:00
NVDA,2025-01-04 12:15:00+00:00,105.3590907709016,105.94528157759885,104.64978413387237,105.68255827828274,105.68255827828274,9919080.0,sample,2026-09-24 19:05:19.661930+00:00
NVDA,2025-01-04 12:20:00+00:00,106.05769006086648,107.23387097728173,104.48508034926542,105.39977332554143,105.39977332554143,9220110.0,sample,2026-09-24 19:05:19.661930+00:00
NVDA,2025-01-04 12:25:00+00:00,105.20753341838173,105.7227909266617,104.47490548867381,105.44597324596226,105.44597324596226,2658043.0,sample,2026-09-24 19:05:19.661930+00:00
NVDA,2025-01-04 12:30:00+00:00,105.30012964271245,106.98791341041557,104.24089757732942,106.64990193050133,106.64990193050133,6965150.0,sample,2026-09-24 19:05:19.661930+00:00
NVDA,2025-01-04 12:35:00+00:00,106.93352456240848,107.29376714508109,105.67271316982676,106.51317765395609,106.51317765395609,3294435.0,sample,2026-09-24 19:05:19.661930+00:00
NVDA,2025-01-04 12:40:00+00:00,106.4928402857339,107.46731385257918,105.28509654471628,106.67335083836676,106.67335083836676,6027436.0,sample,2026-09-24 19:05:19.661930+00:00
NVDA,2025-01-04 12:45:00+00:00,106.47600040632484,107.57025748346587,106.34140724605021,106.688574289586,106.688574289586,9588565.0,sample,2026-09-24 19:05:19.661930+00:00
NVDA,2025-01-04 12:50:00+00:00,106.50499345890172,106.69168730167641,105.90996069462466,106.13430326224116,106.13430326224116,7229321.0,sample,2026-09-24 19:05:19.661930+00:00
NVDA,2025-01-04 12:55:00+00:00,106.27792361334873,107.36077505446282,105.56393509192053,106.35073220642214,106.35073220642214,16808368.0,sample,2026-09-24 19:05:19.661930+00:00
NVDA,2025-01-04 13:00:00+00:00,106.26746874973867,107.09784582286528,105.22426374345166,105.82070486823874,105.82070486823874,7335295.0,sample,2026-09-24 19:05:19.661930+00:00
NVDA,2025-01-04 13:05:00+00:00,105.78150422907298,106.5891942211878,104.8383354538651,106.09760001760816,106.09760001760816,15699242.0,sample,2026-09-24 19:05:19.661930+00:00
NVDA,2025-01-04 13:10:00+00:00,106.14210899917147,106.83949221537314,105.588175371817,105.75557845524713,105.75557845524713,15110618.0,sample,2026-09-24 19:05:19.661930+00:00
NVDA,2025-01-04 13:15:00+00:00,105.55377191694487,107.67450991179876,105.1751557466092,106.67939367325833,106.67939367325833,14290819.0,sample,2026-09-24 19:05:19.661930+00:00
NVDA,2025-01-04 13:20:00+00:00,106.83392250033855,107.12671878900983,105.74849402303424,106.44032962079754,106.44032962079754,5915364.0,sample,2026-09-24 19:05:19.661930+00:00
NVDA,2025-01-04 13:25:00+00:00,106.88298419032876,107.92324622525832,105.94738061936854,106.41408497946796,106.41408497946796,1767017.0,sample,2026-09-24 19:05:19.661930+00:00
NVDA,2025-01-04 13:30:00+00:00,106.06480833381764,106.79605029880629,105.55521684409868,106.41006172675252,106.41006172675252,5118004.0,sample,2026-09-24 19:05:19.661930+00:00
NVDA,2025-01-04 13:35:00+00:00,106.47818218854628,107.49329516294465,105.72275463016423,106.91908960575287,106.91908960575287,5467072.0,sample,2026-09-24 19:05:19.661930+00:00
NVDA,2025-01-04 13:40:00+00:00,106.25716592639289,107.4776092709698,106.07911619496734,106.94357265704227,106.94357265704227,2775604.0,sample,2026-09-24 19:05:19.661930+00:00
NVDA,2025-01-04 13:45:00+00:00,107.09310293942409,107.92002096478836,105.24437864314051,106.2424855051368,106.2424855051368,17619687.0,sample,2026-09-24 19:05:19.661930+00:00
NVDA,2025-01-04 13:50:00+00:00,106.42210318884693,107.38006242659787,104.97585286871644,106.0829946410929,106.0829946410929,6128662.0,sample,2026-09-24 19:05:19.661930+00:00
NVDA,2025-01-04 13:55:00+00:00,105.65682868264247,107.19456016867285,104.67415953176207,106.2554213692321,106.2554213692321,7560505.0,sample,2026-09-24 19:05:19.661930+00:00
NVDA,2025-01-04 14:00:00+00:00,106.09747550732848,107.03507513180415,105.8267291043306,106.10332020640494,106.10332020640494,14064328.0,sample,2026-09-24 19:05:19.661930+00:00
NVDA,2025-01-04 14:05:00+00:00,106.14166004918748,107.08021018856674,105.84979127632116,106.22324328793964,106.22324328793964,3872005.0,sample,2026-09-24 19:05:19.661930+00:00
NVDA,2025-01-04 14:10:00+00:00,106.58261893945179,106.91778492255774,105.74668742375299,106.51621289760739,106.51621289760739,16058844.0,sample,2026-09-24 19:05:19.661930+00:00
NVDA,2025-01-04 14:15:00+00:00,106.43641336242699,106.85459826440774,105.80019268771487,105.9521692531749,105.9521692531749,14861061.0,sample,2026-09-24 19:05:19.661930+00:00
NVDA,2025-01-04 14:20:00+00:00,106.21086361526045,106.70898941901724,105.22210347127597,105.3427459951615,105.3427459951615,1528007.0,sample,2026-09-24 19:05:19.661930+00:00
NVDA,2025-01-04 14:25:00+00:00,105.48810718708356,106.66458028750192,105.29296525502188,105.63208186901159,105.63208186901159,14952485.0,sample,2026-09-24 19:05:19.661930+00:00
NVDA,2025-01-04 14:30:00+00:00,105.71196746793882,107.24633694364096,105.00149844238916,106.27236887298615,106.27236887298615,7181871.0,sample,2026-09-24 19:05:19.661930+00:00
NVDA,2025-01-04 14:35:00+00:00,106.27571003114114,106.6169426442102,106.09858559994825,106.28541330483577,106.28541330483577,12372967.0,sample,2026-09-24 19:05:19.661930+00:00
NVDA,2025-01-04 14:40:00+00:00,106.30016175628249,107.05817273691214,105.95284885851999,106.60804085075625,106.60804085075625,7477358.0,sample,2026-09-24 19:05:19.661930+00:00
NVDA,2025-01-04 14:45:00+00:00,106.64550101536709,107.37561763352105,105.93716985445097,106.52264546011646,106.52264546011646,7149985.0,sample,2026-09-24 19:05:19.661930+00:00
NVDA,2025-01-04 14:50:00+00:00,106.5155919198232,107.1367635745437,105.70402039434188,106.87936573905165,106.87936573905165,3901207.0,sample,2026-09-24 19:05:19.661930+00:00
NVDA,2025-01-04 14:55:00+00:00,106.79570963794096,108.01606425795708,105.51527675969481,106.32066913730075,106.32066913730075,9965165.0,sample,2026-09-24 19:05:19.661930+00:00
NVDA,2025-01-04 15:00:00+00:00,106.40112633628895,108.13754902615118,105.3366066403126,107.05953776792109,107.05953776792109,11011532.0,sample,2026-09-24 19:05:19.661930+00:00
NVDA,2025-01-04 15:05:00+00:00,107.08155112925994,107.635739070538,106.55684711284545,106.78105186352502,106.78105186352502,10716183.0,sample,2026-09-24 19:05:19.661930+00:00
NVDA,2025-01-04 15:10:00+00:00,106.97247084336551,107.20785342134596,105.82085783750517,106.75163128163295,106.75163128163295,3539882.0,sample,2026-09-24 19:05:19.661930+00:00
NVDA,2025-01-04 15:15:00+00:00,106.80973957116198,107.16297281723168,105.38529247426227,106.65346929639979,106.65346929639979,12280983.0,sample,2026-09-24 19:05:19.661930+00:00
NVDA,2025-01-04 15:20:00+00:00,106.47099148067447,107.90220584894487,106.2439322039174,106.63376113705911,106.63376113705911,15129252.0,sample,2026-09-24 19:05:19.661930+00:00
NVDA,2025-01-04 15:25:00+00:00,106.57786191108471,106.78375399167702,105.48562343183333,106.50076117746089,106.50076117746089,11433315.0,sample,2026-09-24 19:05:19.661930+00:00
NVDA,2025-01-04 15:30:00+00:00,106.48431542461587,107.66259286705785,105.44875740336319,106.71720641777628,106.71720641777628,11803797.0,sample,2026-09-24 19:05:19.661930+00:00
NVDA,2025-01-04 15:35:00+00:00,106.52121137927108,107.35130678192473,105.75306098125928,106.35724093948394,106.35724093948394,2803895.0,sample,2026-09-24 19:05:19.661930+00:00
NVDA,2025-01-04 15:40:00+00:00,106.58837529190917,107.50876433782749,104.79622909513918,105.9637789388651,105.9637789388651,13027995.0,sample,2026-09-24 19:05:19.661930+00:00
NVDA,2025-01-04 15:45:00+00:00,106.03915163219762,107.306771687439,105.12504483816151,106.40968077456213,106.40968077456213,12077782.0,sample,2026-09-24 19:05:19.661930+00:00
NVDA,2025-01-04 15:50:00+00:00,106.35042154100367,107.35793475290806,105.19245375785911,106.20819900191174,106.20819900191174,12562284.0,sample,2026-09-24 19:05:19.661930+00:00
NVDA,2025-01-04 15:55:00+00:00,106.45057416444844,107.78569052359364,106.09096126484322,107.02614680988975,107.02614680988975,2825522.0,sample,2026-09-24 19:05:19.661930+00:00
NVDA,2025-01-04 16:00:00+00:00,107.51000531563334,108.0319770202555,106.57316744215171,107.14054405903069,107.14054405903069,15259249.0,sample,2026-09-24 19:05:19.661930+00:00
NVDA,2025-01-04 16:05:00+00:00,106.80915253940981,107.74223780372692,106.05652563767761,107.4243465204429,107.4243465204429,2537944.0,sample,2026-09-24 19:05:19.661930+00:00
NVDA,2025-01-04 16:10:00+00:00,107.45283314518376,108.07946807242544,106.5756189271379,107.83445367927726,107.83445367927726,14885897.0,sample,2026-09-24 19:05:19.661930+00:00
NVDA,2025-01-04 16:15:00+00:00,107.49132246096262,108.80539337049937,106.29454943803195,107.84898819755782,107.84898819755782,17897149.0,sample,2026-09-24 19:05:19.661930+00:00
NVDA,2025-01-04 16:20:00+00:00,107.78485383643518,109.27743648246025,107.58789562511627,108.67369221665453,108.67369221665453,11232009.0,sample,2026-09-24 19:05:19.661930+00:00
NVDA,2025-01-04 16:25:00+00:00,108.53981737026007,110.25695707984168,107.86939891461483,108.96910589543933,108.96910589543933,10932403.0,sample,2026-09-24 19:05:19.661930+00:00
NVDA,2025-01-04 16:30:00+00:00,109.00801859329471,109.86196276615512,108.45686576397046,109.41893457887436,109.41893457887436,9179497.0,sample,2026-09-24 19:05:19.661930+00:00
NVDA,2025-01-04 16:35:00+00:00,109.36990584797543,109.70473645087918,108.77145740252504,109.47373387491496,109.47373387491496,10750912.0,sample,2026-09-24 19:05:19.661930+00:00
NVDA,2025-01-04 16:40:00+00:00,109.37429499882056,110.65796792494262,108.76114498346072,109.24819948346705,109.24819948346705,4634056.0,sample,2026-09-24 19:05:19.661930+00:00
NVDA,2025-01-04 16:45:00+00:00,109.41704831493227,109.72409255192748,108.25390627748892,109.04895680240644,109.04895680240644,10328210.0,sample,2026-09-24 19:05:19.661930+00:00
NVDA,2025-01-04 16:50:00+00:00,109.08224972032957,110.3850276424042,108.57109902539908,108.68388810414424,108.68388810414424,7235497.0,sample,2026-09-24 19:05:19.661930+00:00
NVDA,2025-01-04 16:55:00+00:00,108.69158554713928,109.35545604437829,107.28933584881374,108.38589633364914,108.38589633364914,9015875.0,sample,2026-09-24 19:05:19.661930+00:00
NVDA,2025-01-04 17:00:00+00:00,108.72608917263749,109.60438715437063,107.39980612265835,108.55863166060281,108.55863166060281,17749432.0,sample,2026-09-24 19:05:19.661930+00:00
NVDA,2025-01-04 17:05:00+00:00,108.49931787012991,109.21891074468618,108.26174041829599,108.38877389187034,108.38877389187034,15742905.0,sample,2026-09-24 19:05:19.661930+00:00
NVDA,2025-01-04 17:10:00+00:00,108.60170816458799,109.3996902056929,108.24547127305271,108.58589557734777,108.58589557734777,3119550.0,sample,2026-09-24 19:05:19.661930+00:00
NVDA,2025-01-04 17:15:00+00:00,108.66565520568922,108.8802740740307,108.20381829281239,108.66019334371433,108.66019334371433,9406739.0,sample,2026-09-24 19:05:19.661930+00:00
NVDA,2025-01-04 17:20:00+00:00,108.26637908819364,109.37418325064489,107.64498765218194,108.29551284230192,108.29551284230192,17848805.0,sample,2026-09-24 19:05:19.661930+00:00
NVDA,2025-01-04 17:25:00+00:00,108.10919441419227,108.45895277127913,107.43475684403998,108.11906579217123,108.11906579217123,14450458.0,sample,2026-09-24 19:05:19.661930+00:00
NVDA,2025-01-04 17:30:00+00:00,108.29274806471848,108.69594969736657,107.2925582406705,108.03853966587643,108.03853966587643,17729689.0,sample,2026-09-24 19:05:19.661930+00:00
NVDA,2025-01-04 17:35:00+00:00,107.85348547495127,109.25964203683577,107.45552335543671,109.05560281745024,109.05560281745024,2103048.0,sample,2026-09-24 19:05:19.661930+00:00
NVDA,2025-01-04 17:40:00+00:00,108.68168027096183,110.22357511965822,108.00994875087312,110.07403171954736,110.07403171954736,10853344.0,sample,2026-09-24 19:05:19.661930+00:00
NVDA,2025-01-04 17:45:00+00:00,110.20467056030799,111.1054714387296,109.23888052741292,109.35208924544733,109.35208924544733,9530470.0,sample,2026-09-24 19:05:19.661930+00:00
NVDA,2025-01-04 17:50:00+00:00,109.61229209549089,109.97055854925689,108.11904421897005,109.10481551093486,109.10481551093486,7002169.0,sample,2026-09-24 19:05:19.661930+00:00
NVDA,2025-01-04 17:55:00+00:00,109.36131003968124,109.70897341601828,109.07851425146116,109.50122707208614,109.50122707208614,17719669.0,sample,2026-09-24 19:05:19.661930+00:00
NVDA,2025-01-04 18:00:00+00:00,109.45660069256375,110.18138958756462,108.85752888797778,109.0638517369298,109.0638517369298,13031869.0,sample,2026-09-24 19:05:19.661930+00:00
NVDA,2025-01-04 18:05:00+00:00,108.85428341926188,110.5869141214368,108.07696861321962,110.06365705425489,110.06365705425489,16605064.0,sample,2026-09-24 19:05:19.661930+00:00
NVDA,2025-01-04 18:10:00+00:00,110.45386634469278,111.27711362342991,109.60660869919163,109.81874168733754,109.81874168733754,2007276.0,sample,2026-09-24 19:05:19.661930+00:00
NVDA,2025-01-04 18:15:00+00:00,109.59005814757197,110.20324112410879,108.0957173186277,109.29349353839882,109.29349353839882,11727635.0,sample,2026-09-24 19:05:19.661930+00:00
NVDA,2025-01-04 18:20:00+00:00,109.48345625061373,110.53628303095694,108.35836571177393,108.8739178292899,108.8739178292899,8018826.0,sample,2026-09-24 19:05:19.661930+00:00
NVDA,2025-01-04 18:25:00+00:00,108.98828101477918,109.15412689360346,108.61919604381102,108.77229326008205,108.77229326008205,2815949.0,sample,2026-09-24 19:05:19.661930+00:00
NVDA,2025-01-04 18:30:00+00:00,108.60434132312044,109.0433516977279,107.83174800391708,108.44708011149504,108.44708011149504,1624706.0,sample,2026-09-24 19:05:19.661930+00:00
NVDA,2025-01-04 18:35:00+00:00,108.76672245746154,109.45692838224723,107.70232381550288,108.67408140737592,108.67408140737592,3456288.0,sample,2026-09-24 19:05:19.661930+00:00
NVDA,2025-01-04 18:40:00+00:00,108.72312885666962,109.4621172088242,107.52876273512442,108.37274179654284,108.37274179654284,2708039.0,sample,2026-09-24 19:05:19.661930+00:00
NVDA,2025-01-04 18:45:00+00:00,108.63228027591144,109.16051289216827,107.520682355396,108.50742624141623,108.50742624141623,3535873.0,sample,2026-09-24 19:05:19.661930+00:00
NVDA,2025-01-04 18:50:00+00:00,108.6921605974413,108.83255236366436,107.16813692392991,107.97551856505213,107.97551856505213,7443328.0,sample,2026-09-24 19:05:19.661930+00:00
NVDA,2025-01-04 18:55:00+00:00,107.89949349562204,109.3520604103913,106.61960823753782,108.97692076020004,108.97692076020004,2038836.0,sample,2026-09-24 19:05:19.661930+00:00
NVDA,2025-01-04 19:00:00+00:00,108.80206523373545,109.64638270152794,108.15218524274141,109.47660256356622,109.47660256356622,14549074.0,sample,2026-09-24 19:05:19.661930+00:00
NVDA,2025-01-04 19:05:00+00:00,109.19271807906158,110.03841507513786,108.4708505424693,109.05495997469197,109.05495997469197,7287543.0,sample,2026-09-24 19:05:19.661930+00:00
NVDA,2025-01-04 19:10:00+00:00,109.09844074232392,109.79041188122545,108.46400189491791,108.8002522664765,108.8002522664765,12507343.0,sample,2026-09-24 19:05:19.661930+00:00
NVDA,2025-01-04 19:15:00+00:00,108.69826180157136,109.52344196672571,108.14009411307556,109.05734620317597,109.05734620317597,4356069.0,sample,2026-09-24 19:05:19.661930+00:00
NVDA,2025-01-04 19:20:00+00:00,108.69125638272614,109.88526680188224,108.18740960917896,108.3029143422919,108.3029143422919,14802602.0,sample,2026-09-24 19:05:19.661930+00:00
NVDA,2025-01-04 19:25:00+00:00,108.29782610297096,108.48683023887759,107.27737623819098,107.90229453470705,107.90229453470705,15306762.0,sample,2026-09-24 19:05:19.661930+00:00
NVDA,2025-01-04 19:30:00+00:00,108.2213406056085,108.6513637903648,107.64044474475298,107.90576352523951,107.90576352523951,12192677.0,sample,2026-09-24 19:05:19.661930+00:00
NVDA,2025-01-04 19:35:00+00:00,108.14472435092722,108.73633492096081,107.42755683910276,108.52548272810293,108.52548272810293,8325177.0,sample,2026-09-24 19:05:19.661930+00:00
NVDA,2025-01-04 19:40:00+00:00,108.67828786041906,109.04836846017851,107.67971925314436,107.95400525555083,107.95400525555083,13738289.0,sample,2026-09-24 19:05:19.661930+00:00
NVDA,2025-01-04 19:45:00+00:00,108.02602794905715,109.02469323048287,107.80967795893419,108.00544130957,108.00544130957,4537120.0,sample,2026-09-24 19:05:19.661930+00:00
NVDA,2025-01-04 19:50:00+00:00,107.83189209772507,108.89450483182013,107.24546043695005,108.02232360353464,108.02232360353464,7361197.0,sample,2026-09-24 19:05:19.661930+00:00
NVDA,2025-01-04 19:55:00+00:00,108.32398362464039,108.65553662231318,106.62855686411176,107.81684235992505,107.81684235992505,5575980.0,sample,2026-09-24 19:05:19.661930+00:00
NVDA,2025-01-04 20:00:00+00:00,107.83831068256208,109.25150775924324,107.53882571694629,108.50663689279048,108.50663689279048,1502010.0,sample,2026-09-24 19:05:19.661930+00:00
NVDA,2025-01-04 20:05:00+00:00,108.51715785261428,109.53679773930607,107.20043245147629,107.50992520934281,107.50992520934281,1567309.0,sample,2026-09-24 19:05:19.661930+00:00
NVDA,2025-01-04 20:10:00+00:00,106.76959882976996,107.93881631710941,105.86743744321879,107.66319343307093,107.66319343307093,11172382.0,sample,2026-09-24 19:05:19.661930+00:00
NVDA,2025-01-04 20:15:00+00:00,107.40666032391283,107.53726784172439,106.9081374404637,107.28077039663742,107.28077039663742,4209140.0,sample,2026-09-24 19:05:19.661930+00:00
NVDA,2025-01-04 20:20:00+00:00,107.19962086543097,107.60610603421972,105.92315495249193,107.22758572491215,107.22758572491215,6845320.0,sample,2026-09-24 19:05:19.661930+00:00
NVDA,2025-01-04 20:25:00+00:00,107.06909324035925,108.29779206425452,106.84920230908571,107.18836074045414,107.18836074045414,10839921.0,sample,2026-09-24 19:05:19.661930+00:00
NVDA,2025-01-04 20:30:00+00:00,107.39217074403268,107.65128526286985,107.12907216153597,107.25818142706628,107.25818142706628,17375701.0,sample,2026-09-24 19:05:19.661930+00:00
NVDA,2025-01-04 20:35:00+00:00,107.11514378766094,107.54145307195114,106.4359764248814,107.19246506493552,107.19246506493552,6470039.0,sample,2026-09-24 19:05:19.661930+00:00
NVDA,2025-01-04 20:40:00+00:00,107.2459201988294,107.61919684662217,106.25569953954853,106.37884370669683,106.37884370669683,7197711.0,sample,2026-09-24 19:05:19.661930+00:00
NVDA,2025-01-04 20:45:00+00:00,106.23039924843364,107.86262818964984,105.68726961963367,106.74828012494145,106.74828012494145,5226372.0,sample,2026-09-24 19:05:19.661930+00:00
NVDA,2025-01-04 20:50:00+00:00,106.88906498771436,107.17570877927696,106.48814309156475,106.86270011919544,106.86270011919544,9362381.0,sample,2026-09-24 19:05:19.661930+00:00
NVDA,2025-01-04 20:55:00+00:00,106.77879274000081,107.28664259455375,106.61591709101761,107.01304132238596,107.01304132238596,3106714.0,sample,2026-09-24 19:05:19.661930+00:00
NVDA,2025-01-04 21:00:00+00:00,107.23750886242028,107.70659116083807,105.47108057660357,106.53396019789277,106.53396019789277,9035115.0,sample,2026-09-24 19:05:19.661930+00:00
NVDA,2025-01-04 21:05:00+00:00,106.93151926239392,107.30896473300878,106.19465932838041,106.39473940045477,106.39473940045477,12341726.0,sample,2026-09-24 19:05:19.661930+00:00
NVDA,2025-01-04 21:10:00+00:00,106.59142206881452,107.55023782877153,105.47612008480851,106.15457259037693,106.15457259037693,1808124.0,sample,2026-09-24 19:05:19.661930+00:00
NVDA,2025-01-04 21:15:00+00:00,106.41232283753496,107.04228165280388,105.13783970893435,106.69229268202608,106.69229268202608,6693674.0,sample,2026-09-24 19:05:19.661930+00:00
NVDA,2025-01-04 21:20:00+00:00,106.29408198125284,106.84981678540633,105.04175321943886,106.50284639977514,106.50284639977514,1973601.0,sample,2026-09-24 19:05:19.661930+00:00
NVDA,2025-01-04 21:25:00+00:00,106.39394797781283,107.39911529549543,105.3522696073586,106.74991222674593,106.74991222674593,14139530.0,sample,2026-09-24 19:05:19.661930+00:00
NVDA,2025-01-04 21:30:00+00:00,106.73244128873019,107.13744954738843,106.08798694353888,106.62441325035967,106.62441325035967,12380900.0,sample,2026-09-24 19:05:19.661930+00:00
NVDA,2025-01-04 21:35:00+00:00,106.86303127447079,107.60423010778209,105.28317249654364,106.4694642119136,106.4694642119136,5857573.0,sample,2026-09-24 19:05:19.661930+00:00
NVDA,2025-01-04 21:40:00+00:00,106.39413908806641,107.19127666866625,105.2059427269011,106.70007731546487,106.70007731546487,14094699.0,sample,2026-09-24 19:05:19.661930+00:00
NVDA,2025-01-04 21:45:00+00:00,106.73971494444348,107.76777865405067,105.7332112244196,106.09310747815077,106.09310747815077,9249328.0,sample,2026-09-24 19:05:19.661930+00:00
NVDA,2025-01-04 21:50:00+00:00,106.34955939572373,107.4953340380492,105.5911714349751,105.88489014972625,105.88489014972625,2750647.0,sample,2026-09-24 19:05:19.661930+00:00
NVDA,2025-01-04 21:55:00+00:00,105.67020646297468,106.60282095615821,104.6263258600784,105.866940237346,105.866940237346,13584565.0,sample,2026-09-24 19:05:19.661930+00:00
NVDA,2025-01-04 22:00:00+00:00,106.17679803126013,106.37774857130005,104.5163134413235,105.4508175576046,105.4508175576046,14988656.0,sample,2026-09-24 19:05:19.661930+00:00
NVDA,2025-01-04 22:05:00+00:00,104.97218728348638,106.0581183100023,104.37203018157868,105.48933790834745,105.48933790834745,9133000.0,sample,2026-09-24 19:05:19.661930+00:00
NVDA,2025-01-04 22:10:00+00:00,105.42384819350492,106.35817083511265,103.76433894765182,104.95865278138787,104.95865278138787,11386207.0,sample,2026-09-24 19:05:19.661930+00:00
NVDA,2025-01-04 22:15:00+00:00,104.77029914379614,106.20662753374813,103.86762304313942,105.57473918314702,105.57473918314702,12879559.0,sample,2026-09-24 19:05:19.661930+00:00
NVDA,2025-01-04 22:20:00+00:00,105.91386470817977,106.27168585046604,104.49963775944195,104.94641018641215,104.94641018641215,9678688.0,sample,2026-09-24 19:05:19.661930+00:00
NVDA,2025-01-04 22:25:00+00:00,105.03297548799854,105.68122862005997,104.2914341850552,105.3235831534577,105.3235831534577,12201307.0,sample,2026-09-24 19:05:19.661930+00:00
NVDA,2025-01-04 22:30:00+00:00,105.13226090313009,105.67033429199931,104.61125391667697,105.41361386992871,105.41361386992871,2552485.0,sample,2026-09-24 19:05:19.661930+00:00
NVDA,2025-01-04 22:35:00+00:00,105.13428009639446,106.58930692006956,104.57421946841362,105.5868768892158,105.5868768892158,7909946.0,sample,2026-09-24 19:05:19.661930+00:00
NVDA,2025-01-04 22:40:00+00:00,105.62075509349519,107.5852054705896,105.38217142086827,106.33241793042498,106.33241793042498,3755126.0,sample,2026-09-24 19:05:19.661930+00:00
NVDA,2025-01-04 22:45:00+00:00,106.28963682704176,106.41959196526882,104.92967983526782,106.19525637735721,106.19525637735721,14959448.0,sample,2026-09-24 19:05:19.661930+00:00
NVDA,2025-01-04 22:50:00+00:00,106.38586520717588,107.33349260656418,105.14667023533995,106.48028681554509,106.48028681554509,15306682.0,sample,2026-09-24 19:05:19.661930+00:00
NVDA,2025-01-04 22:55:00+00:00,106.39479686176581,107.04096086343115,105.68311303109725,106.75998833140142,106.75998833140142,10820797.0,sample,2026-09-24 19:05:19.661930+00:00
NVDA,2025-01-04 23:00:00+00:00,106.70763079386806,107.46256013664815,105.2388504028987,106.02059549275418,106.02059549275418,16812580.0,sample,2026-09-24 19:05:19.661930+00:00
NVDA,2025-01-04 23:05:00+00:00,106.1665089994037,106.68454362037045,105.99850110168539,106.31161358568528,106.31161358568528,2506023.0,sample,2026-09-24 19:05:19.661930+00:00
NVDA,2025-01-04 23:10:00+00:00,106.48915572369401,106.82254404636211,105.51635566263977,106.24020970756895,106.24020970756895,6678088.0,sample,2026-09-24 19:05:19.661930+00:00
NVDA,2025-01-04 23:15:00+00:00,106.18525626268105,107.31801738665722,105.0193599689086,106.16864464088401,106.16864464088401,4212130.0,sample,2026-09-24 19:05:19.661930+00:00
NVDA,2025-01-04 23:20:00+00:00,106.263399201976,107.52919547700473,104.99448103012557,106.43760619771786,106.43760619771786,5701000.0,sample,2026-09-24 19:05:19.661930+00:00
NVDA,2025-01-04 23:25:00+00:00,106.50346772660114,107.44795028819335,105.48338718500182,106.99318531455367,106.99318531455367,11926458.0,sample,2026-09-24 19:05:19.661930+00:00
NVDA,2025-01-04 23:30:00+00:00,106.76376200895452,107.1769577399095,105.83238799787567,106.49985449008426,106.49985449008426,15315582.0,sample,2026-09-24 19:05:19.661930+00:00
NVDA,2025-01-04 23:35:00+00:00,106.59047342946471,107.60625690739288,105.90984126091485,106.61935815424891,106.61935815424891,16062665.0,sample,2026-09-24 19:05:19.661930+00:00
NVDA,2025-01-04 23:40:00+00:00,106.6105801907803,107.13029875023231,106.38676662680417,106.82034663447776,106.82034663447776,15280066.0,sample,2026-09-24 19:05:19.661930+00:00
NVDA,2025-01-04 23:45:00+00:00,106.98782351023777,107.8320049904067,106.16876935117004,106.6212394365992,106.6212394365992,5460353.0,sample,2026-09-24 19:05:19.661930+00:00
NVDA,2025-01-04 23:50:00+00:00,106.76962677441499,106.93737523533333,105.71509662049107,106.76580366881525,106.76580366881525,10306570.0,sample,2026-09-24 19:05:19.661930+00:00
NVDA,2025-01-04 23:55:00+00:00,106.84462549418295,107.61740222872074,106.4389768366622,106.88935013289569,106.88935013289569,9975646.0,sample,2026-09-24 19:05:19.661930+00:00
NVDA,2025-01-05 00:00:00+00:00,106.8590847197095,107.89262985179745,106.6693829999762,106.93778852188878,106.93778852188878,12812147.0,sample,2026-09-24 19:05:19.661930+00:00
NVDA,2025-01-05 00:05:00+00:00,106.93458940156788,108.21185140464843,106.30449193506965,107.41403220588441,107.41403220588441,2982805.0,sample,2026-09-24 19:05:19.661930+00:00
NVDA,2025-01-05 00:10:00+00:00,107.30114306839661,107.92290510715095,106.70765800439334,107.77817631949351,107.77817631949351,8619518.0,sample,2026-09-24 19:05:19.661930+00:00
NVDA,2025-01-05 00:15:00+00:00,107.98777459357864,108.92590585705386,106.37024464724502,107.15578821414628,107.15578821414628,6223983.0,sample,2026-09-24 19:05:19.661930+00:00
NVDA,2025-01-05 00:20:00+00:00,107.21010863366445,108.49308533883494,106.1681330046838,107.3985000004359,107.3985000004359,5645749.0,sample,2026-09-24 19:05:19.661930+00:00
NVDA,2025-01-05 00:25:00+00:00,107.64135155371159,108.54670481839274,106.46444144147493,107.38544671741884,107.38544671741884,13064620.0,sample,2026-09-24 19:05:19.661930+00:00
NVDA,2025-01-05 00:30:00+00:00,107.79112871119945,108.50683905566748,105.75726995431958,106.87670920449118,106.87670920449118,14353823.0,sample,2026-09-24 19:05:19.661930+00:00
NVDA,2025-01-05 00:35:00+00:00,107.01356945860901,109.09099722354293,106.85766945230144,107.89644446809808,107.89644446809808,5813880.0,sample,2026-09-24 19:05:19.661930+00:00
NVDA,2025-01-05 00:40:00+00:00,108.00882812259252,108.84743637353007,106.96687122762786,108.2499992232937,108.2499992232937,8259217.0,sample,2026-09-24 19:05:19.661930+00:00
NVDA,2025-01-05 00:45:00+00:00,108.32616384122356,109.59677532659529,107.9701492268929,108.61782960276895,108.61782960276895,9476149.0,sample,2026-09-24 19:05:19.661930+00:00
NVDA,2025-01-05 00:50:00+00:00,108.89922521275933,110.07704854738616,107.7500003924483,108.86433804644899,108.86433804644899,2207836.0,sample,2026-09-24 19:05:19.661930+00:00
NVDA,2025-01-05 00:55:00+00:00,108.70035732614451,110.01912756862336,107.46132320472996,109.42609786118297,109.42609786118297,6141451.0,sample,2026-09-24 19:05:19.661930+00:00
NVDA,2025-01-05 01:00:00+00:00,109.41191917423355,110.21343571183581,108.31232973788103,109.44983347601796,109.44983347601796,16327926.0,sample,2026-09-24 19:05:19.661930+00:00
NVDA,2025-01-05 01:05:00+00:00,109.33537667778562,110.57606319627878,108.42613230190298,110.26717393351383,110.26717393351383,1799523.0,sample,2026-09-24 19:05:19.661930+00:00
NVDA,2025-01-05 01:10:00+00:00,110.68540886421174,110.85237245005997,109.63381759802672,110.51040039680404,110.51040039680404,16756886.0,sample,2026-09-24 19:05:19.661930+00:00
NVDA,2025-01-05 01:15:00+00:00,110.51845286165673,111.6145469099412,109.88965410745789,110.70529752784627,110.70529752784627,2769331.0,sample,2026-09-24 19:05:19.661930+00:00
NVDA,2025-01-05 01:20:00+00:00,111.03591326301654,111.4581498328106,109.28834802402997,110.55834103667189,110.55834103667189,13692991.0,sample,2026-09-24 19:05:19.661930+00:00
NVDA,2025-01-05 01:25:00+00:00,110.80908492618246,111.93840421414716,108.92344603179492,109.48411614557735,109.48411614557735,5890610.0,sample,2026-09-24 19:05:19.661930+00:00
NVDA,2025-01-05 01:30:00+00:00,109.46186986917101,110.17644091950827,109.13440314087516,109.25256727068275,109.25256727068275,5229819.0,sample,2026-09-24 19:05:19.661930+00:00
NVDA,2025-01-05 01:35:00+00:00,109.5323407421084,110.3691344845635,109.18498702408553,109.42245366115714,109.42245366115714,9954130.0,sample,2026-09-24 19:05:19.661930+00:00
NVDA,2025-01-05 01:40:00+00:00,109.62465589093652,110.8998742408059,108.81809102930197,109.38651135075258,109.38651135075258,11088628.0,sample,2026-09-24 19:05:19.661930+00:00
NVDA,2025-01-05 01:45:00+00:00,109.36030960674127,109.61461660226357,109.21891931712067,109.42419121025618,109.42419121025618,7610171.0,sample,2026-09-24 19:05:19.661930+00:00
NVDA,2025-01-05 01:50:00+00:00,109.17588560644009,110.2478708009436,108.74886385297927,109.2640290917649,109.2640290917649,8840445.0,sample,2026-09-24 19:05:19.661930+00:00
NVDA,2025-01-05 01:55:00+00:00,109.45150051366726,110.42184182884512,109.14031927343983,109.52825433693603,109.52825433693603,11611940.0,sample,2026-09-24 19:05:19.661930+00:00
NVDA,2025-01-05 02:00:00+00:00,109.76883960574213,111.52147866043386,108.81695049542799,110.33032699949554,110.33032699949554,3831596.0,sample,2026-09-24 19:05:19.661930+00:00
NVDA,2025-01-05 02:05:00+00:00,110.27194267590187,111.35428610383845,109.65408602151741,110.39867656266067,110.39867656266067,11434654.0,sample,2026-09-24 19:05:19.661930+00:00
NVDA,2025-01-05 02:10:00+00:00,110.31977990597433,111.7219629926302,109.76611601716809,110.5870737543379,110.5870737543379,8403803.0,sample,2026-09-24 19:05:19.661930+00:00
NVDA,2025-01-05 02:15:00+00:00,110.53390021594333,111.53640458388,109.002944815305,109.88892793330842,109.88892793330842,16702395.0,sample,2026-09-24 19:05:19.661930+00:00
NVDA,2025-01-05 02:20:00+00:00,109.77031066532466,110.64569840385816,108.9813753640942,110.23519106896956,110.23519106896956,8717403.0,sample,2026-09-24 19:05:19.661930+00:00
NVDA,2025-01-05 02:25:00+00:00,110.27120653941786,111.08942470184373,110.15962784015763,110.43442346792745,110.43442346792745,11260287.0,sample,2026-09-24 19:05:19.661930+00:00
NVDA,2025-01-05 02:30:00+00:00,110.23544810038085,111.53242530723733,109.64047588672577,110.62324204940337,110.62324204940337,9251539.0,sample,2026-09-24 19:05:19.661930+00:00
NVDA,2025-01-05 02:35:00+00:00,110.88907353339877,111.1582999463934,109.57732430015785,111.01911959932666,111.01911959932666,9162843.0,sample,2026-09-24 19:05:19.661930+00:00
NVDA,2025-01-05 02:40:00+00:00,111.1187525200086,111.69811229894194,109.875888520201,110.40862061239919,110.40862061239919,2802544.0,sample,2026-09-24 19:05:19.661930+00:00
NVDA,2025-01-05 02:45:00+00:00,110.66237073525322,112.00206959831998,110.39530678459012,110.86162305867687,110.86162305867687,8914452.0,sample,2026-09-24 19:05:19.661930+00:00
NVDA,2025-01-05 02:50:00+00:00,111.02163769917023,112.10455819936497,109.81129715017657,110.20889898477378,110.20889898477378,14768820.0,sample,2026-09-24 19:05:19.661930+00:00
NVDA,2025-01-05 02:55:00+00:00,109.95364338273427,111.16595409460179,109.21877839543293,109.64746715964549,109.64746715964549,7324873.0,sample,2026-09-24 19:05:19.661930+00:00
NVDA,2025-01-05 03:00:00+00:00,109.5239592074487,110.71440646268586,108.89951611494783,109.02763072041971,109.02763072041971,11982632.0,sample,2026-09-24 19:05:19.661930+00:00
NVDA,2025-01-05 03:05:00+00:00,108.91621798308856,109.19032348851968,108.75204193154097,108.97073939644827,108.97073939644827,7815569.0,sample,2026-09-24 19:05:19.661930+00:00
NVDA,2025-01-05 03:10:00+00:00,108.64188201623848,109.31291082293548,107.43440104375762,108.38873452611365,108.38873452611365,12898749.0,sample,2026-09-24 19:05:19.661930+00:00
NVDA,2025-01-05 03:15:00+00:00,108.56881089173606,109.98471453380884,107.42810445268911,108.73841836643089,108.73841836643089,7200731.0,sample,2026-09-24 19:05:19.661930+00:00
NVDA,2025-01-05 03:20:00+00:00,108.75655283473422,110.04385363707544,107.51935872948232,108.91008976595151,108.91008976595151,10161617.0,sample,2026-09-24 19:05:19.661930+00:00
NVDA,2025-01-05 03:25:00+00:00,108.5574889018437,110.545089404773,107.60106778983318,109.47833694834782,109.47833694834782,6115453.0,sample,2026-09-24 19:05:19.661930+00:00
NVDA,2025-01-05 03:30:00+00:00,109.40733521138586,111.29194161391602,108.66406548520888,110.46563799801572,110.46563799801572,11380097.0,sample,2026-09-24 19:05:19.661930+00:00
NVDA,2025-01-05 03:35:00+00:00,110.51162321826376,111.62451495431215,110.06758412402263,110.66721861161683,110.66721861161683,14548184.0,sample,2026-09-24 19:05:19.661930+00:00
NVDA,2025-01-05 03:40:00+00:00,110.81454952285974,111.23687865275349,109.31609761055883,110.5476897688822,110.5476897688822,6426542.0,sample,2026-09-24 19:05:19.661930+00:00
NVDA,2025-01-05 03:45:00+00:00,110.88301939072667,111.15438368562636,109.71394666595752,110.86164096967595,110.86164096967595,7299411.0,sample,2026-09-24 19:05:19.661930+00:00
NVDA,2025-01-05 03:50:00+00:00,110.7165864378694,111.28697354110385,109.61361500937264,110.9381616704875,110.9381616704875,17761256.0,sample,2026-09-24 19:05:19.661930+00:00
NVDA,2025-01-05 03:55:00+00:00,110.79909133067866,111.5608519969559,110.21133587318897,111.20201703867062,111.20201703867062,14243991.0,sample,2026-09-24 19:05:19.661930+00:00
NVDA,2025-01-05 04:00:00+00:00,111.02945333566538,112.26640636186102,110.17498628147523,112.03015147564955,112.03015147564955,1630133.0,sample,2026-09-24 19:05:19.661930+00:00
NVDA,2025-01-05 04:05:00+00:00,112.10896022445797,112.50204182203764,111.37089878588891,111.77033864980655,111.77033864980655,13447955.0,sample,2026-09-24 19:05:19.661930+00:00
NVDA,2025-01-05 04:10:00+00:00,112.06514355842052,113.35465505257234,111.2997991591536,111.67292609002737,111.67292609002737,14721335.0,sample,2026-09-24 19:05:19.661930+00:00
NVDA,2025-01-05 04:15:00+00:00,111.58107370586625,112.38690878450481,110.29142423041218,111.85011216311771,111.85011216311771,1664408.0,sample,2026-09-24 19:05:19.661930+00:00
NVDA,2025-01-05 04:20:00+00:00,111.69776745726827,112.70272951079897,110.66497858545546,111.57226990197402,111.57226990197402,15043472.0,sample,2026-09-24 19:05:19.661930+00:00
NVDA,2025-01-05 04:25:00+00:00,111.69450999338783,112.86305004647306,110.58881930189116,111.82392762639779,111.82392762639779,3509579.0,sample,2026-09-24 19:05:19.661930+00:00
NVDA,2025-01-05 04:30:00+00:00,111.43828060577499,113.13457290328412,111.15491117661253,112.16793190668338,112.16793190668338,10730887.0,sample,2026-09-24 19:05:19.661930+00:00
NVDA,2025-01-05 04:35:00+00:00,111.90890481924448,112.71181213888498,110.91616232770767,111.97682096741282,111.97682096741282,8741983.0,sample,2026-09-24 19:05:19.661930+00:00
NVDA,2025-01-05 04:40:00+00:00,112.03393357817694,113.26161061701775,111.0619657223644,111.89434049744168,111.89434049744168,14676691.0,sample,2026-09-24 19:05:19.661930+00:00
NVDA,2025-01-05 04:45:00+00:00,111.87404662635446,113.64041774688913,111.2796695229177,112.56404190367017,112.56404190367017,17354509.0,sample,2026-09-24 19:05:19.661930+00:00
NVDA,2025-01-05 04:50:00+00:00,112.75715304470788,113.47476268067544,111.73908391250886,112.05441179943499,112.05441179943499,15416534.0,sample,2026-09-24 19:05:19.661930+00:00
NVDA,2025-01-05 04:55:00+00:00,112.70024358658692,112.86727575960654,111.09595056684118,112.15929296524023,112.15929296524023,2517573.0,sample,2026-09-24 19:05:19.661930+00:00
NVDA,2025-01-05 05:00:00+00:00,112.13284063912519,113.64354222480843,111.27882247339836,112.3118058998086,112.3118058998086,11093804.0,sample,2026-09-24 19:05:19.661930+00:00
NVDA,2025-01-05 05:05:00+00:00,112.09482905096698,113.31582798775348,110.84709698742428,112.43426754983948,112.43426754983948,15186493.0,sample,2026-09-24 19:05:19.661930+00:00
NVDA,2025-01-05 05:10:00+00:00,112.81769296845894,112.99989416118439,111.5470158571213,112.24326976451643,112.24326976451643,10613200.0,sample,2026-09-24 19:05:19.661930+00:00
NVDA,2025-01-05 05:15:00+00:00,112.0939849631783,114.47444011520697,111.68100237555065,113.1788077597001,113.1788077597001,3122301.0,sample,2026-09-24 19:05:19.661930+00:00
NVDA,2025-01-05 05:20:00+00:00,112.72086162522848,115.18124477990216,111.50508596400364,113.83697477453357,113.83697477453357,8843590.0,sample,2026-09-24 19:05:19.661930+00:00
NVDA,2025-01-05 05:25:00+00:00,113.98848056854588,114.1770185825564,113.38797650454684,113.78652110885997,113.78652110885997,15124887.0,sample,2026-09-24 19:05:19.661930+00:00
NVDA,2025-01-05 05:30:00+00:00,113.77448889825872,114.8074660812811,112.4839474000248,112.99395711599395,112.99395711599395,2784497.0,sample,2026-09-24 19:05:19.661930+00:00
NVDA,2025-01-05 05:35:00+00:00,112.98629510721737,114.00762152954208,112.49781880903141,112.64285602601404,112.64285602601404,12275892.0,sample,2026-09-24 19:05:19.661930+00:00
NVDA,2025-01-05 05:40:00+00:00,112.93721067680518,113.72353555312621,112.32655007296648,112.91523064317572,112.91523064317572,10526179.0,sample,2026-09-24 19:05:19.661930+00:00
NVDA,2025-01-05 05:45:00+00:00,112.79834410030622,113.05545013768297,111.63330737596822,112.23979460026123,112.23979460026123,7522763.0,sample,2026-09-24 19:05:19.661930+00:00
NVDA,2025-01-05 05:50:00+00:00,112.27276897600386,113.55775700675669,111.60983569904829,111.81301793604453,111.81301793604453,14217895.0,sample,2026-09-24 19:05:19.661930+00:00
NVDA,2025-01-05 05:55:00+00:00,111.7882706878065,113.08174061839047,111.28086646107795,111.84563156165144,111.84563156165144,2045553.0,sample,2026-09-24 19:05:19.661930+00:00
NVDA,2025-01-05 06:00:00+00:00,112.24109232267129,112.58916960067397,110.30849048663767,111.59950795705069,111.59950795705069,12725779.0,sample,2026-09-24 19:05:19.661930+00:00
NVDA,2025-01-05 06:05:00+00:00,111.7352407898928,112.53507213896721,110.6825186256385,111.7780069918118,111.7780069918118,4694553.0,sample,2026-09-24 19:05:19.661930+00:00
NVDA,2025-01-05 06:10:00+00:00,111.4707134637828,111.69968201589171,111.00462143349844,111.37222994551853,111.37222994551853,7311154.0,sample,2026-09-24 19:05:19.661930+00:00
NVDA,2025-01-05 06:15:00+00:00,111.59074452134178,112.62231682555272,110.45258210982526,110.86428298051685,110.86428298051685,14926478.0,sample,2026-09-24 19:05:19.661930+00:00
NVDA,2025-01-05 06:20:00+00:00,111.2655462131073,112.4866279723808,109.92891856117012,111.21193056080863,111.21193056080863,16451255.0,sample,2026-09-24 19:05:19.661930+00:00
NVDA,2025-01-05 06:25:00+00:00,111.19295581355775,111.71734926726916,110.00301222765545,111.12056535535308,111.12056535535308,9650329.0,sample,2026-09-24 19:05:19.661930+00:00
NVDA,2025-01-05 06:30:00+00:00,111.02746628133599,111.74534154267248,110.15831995001011,111.41046232231311,111.41046232231311,14172572.0,sample,2026-09-24 19:05:19.661930+00:00
NVDA,2025-01-05 06:35:00+00:00,111.47259306992606,111.85191436632375,110.60439376381123,111.7369346141495,111.7369346141495,3232242.0,sample,2026-09-24 19:05:19.661930+00:00
NVDA,2025-01-05 06:40:00+00:00,111.42445619363421,112.11776806448677,109.93137684229465,110.75766999843869,110.75766999843869,11354525.0,sample,2026-09-24 19:05:19.661930+00:00
NVDA,2025-01-05 06:45:00+00:00,110.8003986447042,111.61404201729502,110.2564022808397,110.68048295462202,110.68048295462202,17831686.0,sample,2026-09-24 19:05:19.661930+00:00
NVDA,2025-01-05 06:50:00+00:00,110.98779451570542,112.18392032635727,109.98172407856025,110.40285102622983,110.40285102622983,17332005.0,sample,2026-09-24 19:05:19.661930+00:00
NVDA,2025-01-05 06:55:00+00:00,110.53780734239527,111.44938270497026,109.27195301459521,110.0622749552452,110.0622749552452,8579816.0,sample,2026-09-24 19:05:19.661930+00:00
NVDA,2025-01-05 07:00:00+00:00,110.0971881811642,110.93561905363093,108.09524415883445,109.29591385028225,109.29591385028225,8527318.0,sample,2026-09-24 19:05:19.661930+00:00
NVDA,2025-01-05 07:05:00+00:00,108.7361619387729,109.93444422183009,107.98480005771113,108.56208599955362,108.56208599955362,6328703.0,sample,2026-09-24 19:05:19.661930+00:00
NVDA,2025-01-05 07:10:00+00:00,108.5816100100749,108.92202164931057,108.09403576399961,108.30961753680755,108.30961753680755,13782556.0,sample,2026-09-24 19:05:19.661930+00:00
NVDA,2025-01-05 07:15:00+00:00,108.26898196069328,109.01255847973142,107.87588144724062,108.54269522245936,108.54269522245936,11396999.0,sample,2026-09-24 19:05:19.661930+00:00
NVDA,2025-01-05 07:20:00+00:00,108.61636055311648,109.8690766444593,107.94080337742443,108.46549201750331,108.46549201750331,3848812.0,sample,2026-09-24 19:05:19.661930+00:00
NVDA,2025-01-05 07:25:00+00:00,108.16580233296422,109.38174242994482,107.23366855315332,108.54028356020817,108.54028356020817,8510696.0,sample,2026-09-24 19:05:19.661930+00:00
NVDA,2025-01-05 07:30:00+00:00,108.57847707649947,110.10763902370176,108.22393025301596,109.21540600282299,109.21540600282299,7991146.0,sample,2026-09-24 19:05:19.661930+00:00
NVDA,2025-01-05 07:35:00+00:00,109.2956948644813,109.47727137413496,108.38124694967341,108.9927053564699,108.9927053564699,6475081.0,sample,2026-09-24 19:05:19.661930+00:00
NVDA,2025-01-05 07:40:00+00:00,108.88518383531799,109.3373445349165,108.60031581134842,109.1003673192493,109.1003673192493,15135451.0,sample,2026-09-24 19:05:19.661930+00:00
NVDA,2025-01-05 07:45:00+00:00,108.88920764509783,110.34152096672665,108.65202028673771,109.29353548896542,109.29353548896542,8651493.0,sample,2026-09-24 19:05:19.661930+00:00
NVDA,2025-01-05 07:50:00+00:00,108.96672617519302,110.2039469500562,108.44976940899873,108.86625761575584,108.86625761575584,8493464.0,sample,2026-09-24 19:05:19.661930+00:00
NVDA,2025-01-05 07:55:00+00:00,108.85848064038164,109.14527791862534,107.56390456535668,108.56516163260473,108.56516163260473,13463412.0,sample,2026-09-24 19:05:19.661930+00:00
NVDA,2025-01-05 08:00:00+00:00,108.53878871389709,109.22705414328543,107.97438370298347,108.47928948428279,108.47928948428279,17472445.0,sample,2026-09-24 19:05:19.661930+00:00
NVDA,2025-01-05 08:05:00+00:00,108.5521588045996,109.80375421821157,107.26019180293959,108.33664762925105,108.33664762925105,12451274.0,sample,2026-09-24 19:05:19.661930+00:00
NVDA,2025-01-05 08:10:00+00:00,108.29608283306335,109.61446753784767,107.44320973771758,108.3524400584731,108.3524400584731,13642167.0,sample,2026-09-24 19:05:19.661930+00:00
NVDA,2025-01-05 08:15:00+00:00,108.22469819689259,109.50539009279034,108.04535077382516,108.44337298948712,108.44337298948712,5900916.0,sample,2026-09-24 19:05:19.661930+00:00
NVDA,2025-01-05 08:20:00+00:00,108.31221830772402,109.72253277126326,108.06838805352545,108.56135157428444,108.56135157428444,9011849.0,sample,2026-09-24 19:05:19.661930+00:00
NVDA,2025-01-05 08:25:00+00:00,108.66302664361395,109.75821778380035,107.54765839906665,108.61138739106362,108.61138739106362,6990256.0,sample,2026-09-24 19:05:19.661930+00:00
NVDA,2025-01-05 08:30:00+00:00,108.59814644046746,109.74485219282883,107.75481619124433,108.43091380678388,108.43091380678388,6248599.0,sample,2026-09-24 19:05:19.661930+00:00
NVDA,2025-01-05 08:35:00+00:00,108.51598004191924,109.49721654757411,107.98634563328616,109.01737610068105,109.01737610068105,12022928.0,sample,2026-09-24 19:05:19.661930+00:00
NVDA,2025-01-05 08:40:00+00:00,109.20101915264047,110.3032942611906,108.01958322537668,108.61235910685593,108.61235910685593,5861164.0,sample,2026-09-24 19:05:19.661930+00:00
NVDA,2025-01-05 08:45:00+00:00,108.71710877249805,109.8871651345473,107.5672196224511,108.8482204644982,108.8482204644982,12844876.0,sample,2026-09-24 19:05:19.661930+00:00
NVDA,2025-01-05 08:50:00+00:00,108.82223956494487,109.752811526696,108.15610719985023,108.43927039549814,108.43927039549814,9597790.0,sample,2026-09-24 19:05:19.661930+00:00
NVDA,2025-01-05 08:55:00+00:00,108.28321453147362,109.3409169301974,107.90060461670485,108.7614310073021,108.7614310073021,7181072.0,sample,2026-09-24 19:05:19.661930+00:00
NVDA,2025-01-05 09:00:00+00:00,108.4987208587311,109.21789351181545,108.0428582552657,108.9462919739732,108.9462919739732,17079861.0,sample,2026-09-24 19:05:19.661930+00:00
NVDA,2025-01-05 09:05:00+00:00,109.0727056305558,109.79925025750353,107.78409416405891,109.38272039274463,109.38272039274463,4836954.0,sample,2026-09-24 19:05:19.661930+00:00
NVDA,2025-01-05 09:10:00+00:00,109.22019559224356,109.62425663315189,108.02098394125612,108.83612123884264,108.83612123884264,8630175.0,sample,2026-09-24 19:05:19.661930+00:00
NVDA,2025-01-05 09:15:00+00:00,108.51336677783968,109.74692375724335,107.25291639378854,109.05306123402352,109.05306123402352,11077148.0,sample,2026-09-24 19:05:19.661930+00:00
NVDA,2025-01-05 09:20:00+00:00,108.99477029792577,109.46869860315738,108.3278484585406,109.33978650867304,109.33978650867304,1706122.0,sample,2026-09-24 19:05:19.661930+00:00
NVDA,2025-01-05 09:25:00+00:00,109.25646021032328,110.19401305394915,108.65628269521119,109.74329615375571,109.74329615375571,11529138.0,sample,2026-09-24 19:05:19.661930+00:00
NVDA,2025-01-05 09:30:00+00:00,109.90701762337541,110.4952720125998,108.93281219421887,109.62849480998821,109.62849480998821,12295682.0,sample,2026-09-24 19:05:19.661930+00:00
NVDA,2025-01-05 09:35:00+00:00,109.73071263324209,110.5119838387148,109.35677509762043,110.1404345705751,110.1404345705751,5856838.0,sample,2026-09-24 19:05:19.661930+00:00
NVDA,2025-01-05 09:40:00+00:00,110.21845456526091,110.78544178064513,109.09835818982144,109.98686677766318,109.98686677766318,13255192.0,sample,2026-09-24 19:05:19.661930+00:00
NVDA,2025-01-05 09:45:00+00:00,110.22987510535937,110.39662214961787,109.05996914195043,109.48432928470208,109.48432928470208,10616708.0,sample,2026-09-24 19:05:19.661930+00:00
NVDA,2025-01-05 09:50:00+00:00,109.8554152521017,110.12029585113999,108.80109550902176,109.66736882339397,109.66736882339397,4320537.0,sample,2026-09-24 19:05:19.661930+00:00
NVDA,2025-01-05 09:55:00+00:00,109.79455322611618,110.70424061980928,109.45533343495855,110.24642326597608,110.24642326597608,9394825.0,sample,2026-09-24 19:05:19.661930+00:00
NVDA,2025-01-05 10:00:00+00:00,110.6312200446032,111.8076562519762,110.06487571937187,110.60820312777983,110.60820312777983,16438401.0,sample,2026-09-24 19:05:19.661930+00:00
NVDA,2025-01-05 10:05:00+00:00,110.62465831322919,111.34087243838353,109.55240260283894,110.07157617444267,110.07157617444267,14487239.0,sample,2026-09-24 19:05:19.661930+00:00
NVDA,2025-01-05 10:10:00+00:00,110.13991136116796,111.18528384289783,108.548630428474,109.24707134123452,109.24707134123452,4972737.0,sample,2026-09-24 19:05:19.661930+00:00
NVDA,2025-01-05 10:15:00+00:00,109.0464637224838,109.25515280514666,108.61712777765204,108.72657565391947,108.72657565391947,17668309.0,sample,2026-09-24 19:05:19.661930+00:00
NVDA,2025-01-05 10:20:00+00:00,108.97985908484381,109.58690600245492,108.13591267922865,108.97398747456255,108.97398747456255,14461691.0,sample,2026-09-24 19:05:19.661930+00:00
NVDA,2025-01-05 10:25:00+00:00,108.94414632790001,109.09642029338386,108.34927267357368,108.58090519786535,108.58090519786535,3194316.0,sample,2026-09-24 19:05:19.661930+00:00
NVDA,2025-01-05 10:30:00+00:00,108.69552531416979,108.9461929606095,107.10359708767444,108.36994515131671,108.36994515131671,8066493.0,sample,2026-09-24 19:05:19.661930+00:00
NVDA,2025-01-05 10:35:00+00:00,108.39193194302032,109.45994652767243,107.61080883133707,108.00250522769522,108.00250522769522,16182580.0,sample,2026-09-24 19:05:19.661930+00:00
NVDA,2025-01-05 10:40:00+00:00,108.54694801700282,108.8623760643164,107.61155588061916,108.14998827884531,108.14998827884531,10934713.0,sample,2026-09-24 19:05:19.661930+00:00
NVDA,2025-01-05 10:45:00+00:00,107.89368593718578,108.91675357522323,107.75913509273227,108.03116373482976,108.03116373482976,12034982.0,sample,2026-09-24 19:05:19.661930+00:00
NVDA,2025-01-05 10:50:00+00:00,107.81012131185277,107.93416039928792,106.38940893397296,107.60735018737297,107.60735018737297,16259650.0,sample,2026-09-24 19:05:19.661930+00:00
NVDA,2025-01-05 10:55:00+00:00,107.51062422112122,109.31286125306798,107.12869272159288,108.15864901581061,108.15864901581061,8619199.0,sample,2026-09-24 19:05:19.661930+00:00
NVDA,2025-01-05 11:00:00+00:00,107.96030101885181,108.19255480845202,107.12644437768535,107.81087673120632,107.81087673120632,4895913.0,sample,2026-09-24 19:05:19.661930+00:00
NVDA,2025-01-05 11:05:00+00:00,107.67939712816175,107.98667574300367,106.97444835625511,107.54085220729104,107.54085220729104,11382923.0,sample,2026-09-24 19:05:19.661930+00:00
NVDA,2025-01-05 11:10:00+00:00,107.9359192960606,109.16527201814144,106.47403662618966,106.79364752318651,106.79364752318651,12509724.0,sample,2026-09-24 19:05:19.661930+00:00
NVDA,2025-01-05 11:15:00+00:00,106.86327351284011,108.17019493595166,106.41309320112221,106.93755493541899,106.93755493541899,17084053.0,sample,2026-09-24 19:05:19.661930+00:00
NVDA,2025-01-05 11:20:00+00:00,106.82076251350576,108.00472005036664,106.29987365378406,107.24470817585997,107.24470817585997,8916663.0,sample,2026-09-24 19:05:19.661930+00:00
NVDA,2025-01-05 11:25:00+00:00,107.18588125170189,107.5962241964591,106.53049719108871,107.23280698246008,107.23280698246008,9656553.0,sample,2026-09-24 19:05:19.661930+00:00
NVDA,2025-01-05 11:30:00+00:00,107.28880349664146,108.57568741608456,106.21974507097804,107.45345595035847,107.45345595035847,8565885.0,sample,2026-09-24 19:05:19.661930+00:00
NVDA,2025-01-05 11:35:00+00:00,107.42140004911471,108.0173171310236,107.04854995790528,107.59731115947248,107.59731115947248,12841571.0,sample,2026-09-24 19:05:19.661930+00:00
NVDA,2025-01-05 11:40:00+00:00,107.49868055989413,109.07446701539882,106.22318541473197,107.90660293376433,107.90660293376433,15730330.0,sample,2026-09-24 19:05:19.661930+00:00
NVDA,2025-01-05 11:45:00+00:00,107.90192505122168,109.12976793500404,106.19099729033621,107.19187739004379,107.19187739004379,6882980.0,sample,2026-09-24 19:05:19.661930+00:00
NVDA,2025-01-05 11:50:00+00:00,107.49360635273399,108.74796980979728,107.19448133691203,108.14226956841158,108.14226956841158,7055546.0,sample,2026-09-24 19:05:19.661930+00:00
NVDA,2025-01-05 11:55:00+00:00,107.91954550620315,109.1682475236175,107.64015685259366,108.00752882321017,108.00752882321017,17797031.0,sample,2026-09-24 19:05:19.661930+00:00
NVDA,2025-01-05 12:00:00+00:00,108.06570204329462,108.73929032620778,107.2578638534987,108.19043393552586,108.19043393552586,7098248.0,sample,2026-09-24 19:05:19.661930+00:00
NVDA,2025-01-05 12:05:00+00:00,108.05679857281973,108.43876759916876,107.3712027348087,108.18708444250373,108.18708444250373,1983796.0,sample,2026-09-24 19:05:19.661930+00:00
NVDA,2025-01-05 12:10:00+00:00,108.17881879225388,109.47717405005729,106.9066647849151,108.43313804874036,108.43313804874036,1749292.0,sample,2026-09-24 19:05:19.661930+00:00
NVDA,2025-01-05 12:15:00+00:00,108.19533274375331,108.95642725640914,108.04571242554276,108.44974101097444,108.44974101097444,4886421.0,sample,2026-09-24 19:05:19.661930+00:00
NVDA,2025-01-05 12:20:00+00:00,108.46321431630705,108.81279857491664,107.35514949128586,107.86595613566178,107.86595613566178,11635156.0,sample,2026-09-24 19:05:19.661930+00:00
NVDA,2025-01-05 12:25:00+00:00,108.05552128296392,108.68375617973129,107.10586433873374,107.51946654931285,107.51946654931285,12899523.0,sample,2026-09-24 19:05:19.661930+00:00
NVDA,2025-01-05 12:30:00+00:00,107.6392175772701,108.68083298544744,107.52009779120328,107.98776309627009,107.98776309627009,2690678.0,sample,2026-09-24 19:05:19.661930+00:00
NVDA,2025-01-05 12:35:00+00:00,108.12287315577898,108.88289244976026,106.61091542396888,107.15298005904592,107.15298005904592,17054457.0,sample,2026-09-24 19:05:19.661930+00:00
NVDA,2025-01-05 12:40:00+00:00,106.86703823387127,107.5066385321035,105.27302375445599,106.45553095890854,106.45553095890854,9576359.0,sample,2026-09-24 19:05:19.661930+00:00
NVDA,2025-01-05 12:45:00+00:00,106.80865823184092,107.5183928182933,105.81818887746209,106.78970773071163,106.78970773071163,15867621.0,sample,2026-09-24 19:05:19.661930+00:00
NVDA,2025-01-05 12:50:00+00:00,107.04764793069869,107.46468262521148,105.53092710154662,106.77195805822991,106.77195805822991,10421540.0,sample,2026-09-24 19:05:19.661930+00:00
NVDA,2025-01-05 12:55:00+00:00,106.89072487093452,108.04309774511492,106.00671049430929,106.4875863416515,106.4875863416515,7984291.0,sample,2026-09-24 19:05:19.661930+00:00
NVDA,2025-01-05 13:00:00+00:00,106.71303364909707,107.23300754464975,105.15897475474635,106.31322168029182,106.31322168029182,6207867.0,sample,2026-09-24 19:05:19.661930+00:00
NVDA,2025-01-05 13:05:00+00:00,105.97070182785963,107.7390956448827,105.58342104573126,107.21335873848992,107.21335873848992,13121667.0,sample,2026-09-24 19:05:19.661930+00:00
NVDA,2025-01-05 13:10:00+00:00,107.24914954300932,109.03083910601389,107.02396764105232,107.95688294584664,107.95688294584664,5612027.0,sample,2026-09-24 19:05:19.661930+00:00
NVDA,2025-01-05 13:15:00+00:00,107.86144203370367,109.44707977189105,106.90589230149108,108.17330305321033,108.17330305321033,2587802.0,sample,2026-09-24 19:05:19.661930+00:00
NVDA,2025-01-05 13:20:00+00:00,107.90051222908991,109.31910737125246,106.67136686605281,108.11368308362252,108.11368308362252,9270182.0,sample,2026-09-24 19:05:19.661930+00:00
NVDA,2025-01-05 13:25:00+00:00,108.1791039031153,108.43040119097273,108.0337568424168,108.25224054570009,108.25224054570009,15595292.0,sample,2026-09-24 19:05:19.661930+00:00
NVDA,2025-01-05 13:30:00+00:00,108.31436251711385,108.59151940116952,107.39191834670012,107.83320611835367,107.83320611835367,4853575.0,sample,2026-09-24 19:05:19.661930+00:00
NVDA,2025-01-05 13:35:00+00:00,107.62680911946767,108.18417952392576,106.61037010042207,107.51267842042999,107.51267842042999,3936354.0,sample,2026-09-24 19:05:19.661930+00:00
NVDA,2025-01-05 13:40:00+00:00,107.60549827501526,108.1753111331839,106.1213548684284,107.34121441233954,107.34121441233954,7296595.0,sample,2026-09-24 19:05:19.661930+00:00
NVDA,2025-01-05 13:45:00+00:00,107.46728697180583,108.26000311232039,107.16094350332138,107.92517135199094,107.92517135199094,12408882.0,sample,2026-09-24 19:05:19.661930+00:00
NVDA,2025-01-05 13:50:00+00:00,107.80099998155868,109.14103101363611,107.53498115340564,107.91464830898136,107.91464830898136,13677402.0,sample,2026-09-24 19:05:19.661930+00:00
NVDA,2025-01-05 13:55:00+00:00,108.10689356642958,108.79851730409148,107.05813305746712,107.19552009967083,107.19552009967083,4434488.0,sample,2026-09-24 19:05:19.661930+00:00
NVDA,2025-01-05 14:00:00+00:00,107.42621663861088,108.80857326838914,106.50657027715826,107.68132093657641,107.68132093657641,3915000.0,sample,2026-09-24 19:05:19.661930+00:00
NVDA,2025-01-05 14:05:00+00:00,107.67537630899122,108.59576697290612,106.98773318340874,107.77460476218117,107.77460476218117,15621225.0,sample,2026-09-24 19:05:19.661930+00:00
NVDA,2025-01-05 14:10:00+00:00,107.95582391708022,108.92883937819049,106.84697933696468,107.93206067388623,107.93206067388623,1795514.0,sample,2026-09-24 19:05:19.661930+00:00
NVDA,2025-01-05 14:15:00+00:00,107.93446514248116,108.88487875069923,107.06022023260952,107.64988289974255,107.64988289974255,1878254.0,sample,2026-09-24 19:05:19.661930+00:00
NVDA,2025-01-05 14:20:00+00:00,107.52197059871504,108.70348169931714,106.52102102556162,107.96309744950784,107.96309744950784,8110175.0,sample,2026-09-24 19:05:19.661930+00:00
NVDA,2025-01-05 14:25:00+00:00,108.14706925197672,109.23879554488231,107.82897793613984,108.35822780871521,108.35822780871521,17624509.0,sample,2026-09-24 19:05:19.661930+00:00
NVDA,2025-01-05 14:30:00+00:00,108.30860233843869,109.24823162592187,106.5116471148807,107.78623743632686,107.78623743632686,4594280.0,sample,2026-09-24 19:05:19.661930+00:00
NVDA,2025-01-05 14:35:00+00:00,108.02468696489726,108.42303849338921,107.58407639652202,107.92159635337474,107.92159635337474,8857338.0,sample,2026-09-24 19:05:19.661930+00:00
NVDA,2025-01-05 14:40:00+00:00,107.5034214746461,108.73071101330234,107.27340960295636,107.94782352071053,107.94782352071053,5603492.0,sample,2026-09-24 19:05:19.661930+00:00
NVDA,2025-01-05 14:45:00+00:00,108.0030508585898,109.972164404628,107.7889044471496,108.70022799723355,108.70022799723355,3051739.0,sample,2026-09-24 19:05:19.661930+00:00
NVDA,2025-01-05 14:50:00+00:00,108.5811974669783,109.1286839044328,108.43073075241435,108.84854260829977,108.84854260829977,5321137.0,sample,2026-09-24 19:05:19.661930+00:00
NVDA,2025-01-05 14:55:00+00:00,108.59692076537414,110.70114624892665,107.3834718455616,110.12419064438335,110.12419064438335,15145801.0,sample,2026-09-24 19:05:19.661930+00:00
NVDA,2025-01-05 15:00:00+00:00,109.9230095642576,110.68327972341301,108.86739037583501,110.21447122049034,110.21447122049034,7485979.0,sample,2026-09-24 19:05:19.661930+00:00
NVDA,2025-01-05 15:05:00+00:00,110.39271450212578,111.0570456986559,109.54997461378221,110.37732388476174,110.37732388476174,2997602.0,sample,2026-09-24 19:05:19.661930+00:00
NVDA,2025-01-05 15:10:00+00:00,110.67851795033481,110.98648181900444,109.50159780786672,110.59932959234256,110.59932959234256,10310359.0,sample,2026-09-24 19:05:19.661930+00:00
NVDA,2025-01-05 15:15:00+00:00,110.59533769759895,110.91373984434445,109.37145737449568,109.99563128439395,109.99563128439395,14032806.0,sample,2026-09-24 19:05:19.661930+00:00
NVDA,2025-01-05 15:20:00+00:00,110.34432127158146,111.59411156198999,109.3297537271127,109.81654202941847,109.81654202941847,3679002.0,sample,2026-09-24 19:05:19.661930+00:00
NVDA,2025-01-05 15:25:00+00:00,109.86661530921974,111.07852573458693,108.73202201461662,109.38961505412132,109.38961505412132,4497841.0,sample,2026-09-24 19:05:19.661930+00:00
NVDA,2025-01-05 15:30:00+00:00,109.31870119177577,110.80860771100848,109.08721657047087,109.5090134052798,109.5090134052798,12162299.0,sample,2026-09-24 19:05:19.661930+00:00
NVDA,2025-01-05 15:35:00+00:00,109.84877528458273,110.21986874602753,108.89561371226746,109.83158312526412,109.83158312526412,10431264.0,sample,2026-09-24 19:05:19.661930+00:00
NVDA,2025-01-05 15:40:00+00:00,109.68565790709724,110.64933786369336,109.03141368931641,110.0449742055125,110.0449742055125,11576585.0,sample,2026-09-24 19:05:19.661930+00:00
NVDA,2025-01-05 15:45:00+00:00,110.03155089061384,111.90577437514183,109.54659916856058,110.65481912730044,110.65481912730044,17866853.0,sample,2026-09-24 19:05:19.661930+00:00
NVDA,2025-01-05 15:50:00+00:00,110.53948857364956,111.45009998282204,109.14817483222535,109.98027259109287,109.98027259109287,13538971.0,sample,2026-09-24 19:05:19.661930+00:00
NVDA,2025-01-05 15:55:00+00:00,109.85464692850923,111.30014281408107,109.54499451083811,110.43675303061372,110.43675303061372,12424299.0,sample,2026-09-24 19:05:19.661930+00:00
NVDA,2025-01-05 16:00:00+00:00,110.7748152884924,111.89971049789574,110.19454201297143,110.85000290281604,110.85000290281604,12803485.0,sample,2026-09-24 19:05:19.661930+00:00
NVDA,2025-01-05 16:05:00+00:00,110.91545465107129,111.47490137847178,110.26836349152845,110.85786517358234,110.85786517358234,16933373.0,sample,2026-09-24 19:05:19.661930+00:00
NVDA,2025-01-05 16:10:00+00:00,111.09789396416483,111.55188373454726,110.09995313618799,110.62621246247369,110.62621246247369,7582349.0,sample,2026-09-24 19:05:19.661930+00:00
NVDA,2025-01-05 16:15:00+00:00,110.45749055003358,111.95946839843663,109.3429183218952,110.93397323215586,110.93397323215586,1740351.0,sample,2026-09-24 19:05:19.661930+00:00
NVDA,2025-01-05 16:20:00+00:00,111.2143431965165,111.71301119246446,111.00923555907346,111.58906427262141,111.58906427262141,5086933.0,sample,2026-09-24 19:05:19.661930+00:00
NVDA,2025-01-05 16:25:00+00:00,111.39760227218319,111.59730585350695,110.42324990521288,111.27848195327492,111.27848195327492,12799973.0,sample,2026-09-24 19:05:19.661930+00:00
NVDA,2025-01-05 16:30:00+00:00,111.12485529426915,111.83559998692223,110.14114396585789,110.85870938099194,110.85870938099194,10511111.0,sample,2026-09-24 19:05:19.661930+00:00
NVDA,2025-01-05 16:35:00+00:00,110.38434445219161,111.68802702314667,109.17420706043896,110.70413365668826,110.70413365668826,13567123.0,sample,2026-09-24 19:05:19.661930+00:00
NVDA,2025-01-05 16:40:00+00:00,110.60901242167583,111.93514955212295,109.41225144504446,110.78969556062405,110.78969556062405,3766444.0,sample,2026-09-24 19:05:19.661930+00:00
NVDA,2025-01-05 16:45:00+00:00,110.44716346429391,111.3414839814862,110.08370288914529,110.4107960979271,110.4107960979271,13592557.0,sample,2026-09-24 19:05:19.661930+00:00
NVDA,2025-01-05 16:50:00+00:00,110.3724202708877,111.02409662029582,110.026273514711,110.35702112984522,110.35702112984522,15998396.0,sample,2026-09-24 19:05:19.661930+00:00
NVDA,2025-01-05 16:55:00+00:00,110.27590335557726,111.30487368489922,109.14337735189577,110.63307570391437,110.63307570391437,8801416.0,sample,2026-09-24 19:05:19.661930+00:00
NVDA,2025-01-05 17:00:00+00:00,110.48744254291466,111.33128757539521,109.77892366872173,110.38326512220641,110.38326512220641,17207961.0,sample,2026-09-24 19:05:19.661930+00:00
NVDA,2025-01-05 17:05:00+00:00,110.11853988939964,110.48094294090514,109.90730588577979,110.0812744826071,110.0812744826071,6800804.0,sample,2026-09-24 19:05:19.661930+00:00
NVDA,2025-01-05 17:10:00+00:00,110.2638567811574,111.22190250376725,110.09572716920187,110.45506418108826,110.45506418108826,15374480.0,sample,2026-09-24 19:05:19.661930+00:00
NVDA,2025-01-05 17:15:00+00:00,110.58986239159881,111.63059141503327,109.31147634167806,110.33283114027316,110.33283114027316,6989725.0,sample,2026-09-24 19:05:19.661930+00:00
NVDA,2025-01-05 17:20:00+00:00,110.26585722891221,111.33342665301431,109.86412776753802,110.39354000391634,110.39354000391634,13959488.0,sample,2026-09-24 19:05:19.661930+00:00
NVDA,2025-01-05 17:25:00+00:00,110.29666987392763,111.53939380980744,109.87902283705785,110.55852711923391,110.55852711923391,7686498.0,sample,2026-09-24 19:05:19.661930+00:00
NVDA,2025-01-05 17:30:00+00:00,110.75809002748554,111.91999157767442,109.95237226860755,110.56717167041431,110.56717167041431,3862417.0,sample,2026-09-24 19:05:19.661930+00:00
NVDA,2025-01-05 17:35:00+00:00,110.95235218580767,112.50044057700687,109.94837747624115,111.35605284158035,111.35605284158035,4995008.0,sample,2026-09-24 19:05:19.661930+00:00
NVDA,2025-01-05 17:40:00+00:00,111.19615828689486,111.54267789829741,110.6872626352429,111.08365677235277,111.08365677235277,9205778.0,sample,2026-09-24 19:05:19.661930+00:00
NVDA,2025-01-05 17:45:00+00:00,111.19810811644254,112.0691027224006,110.4774838432331,111.60594524653834,111.60594524653834,15177918.0,sample,2026-09-24 19:05:19.661930+00:00
NVDA,2025-01-05 17:50:00+00:00,111.48569279681934,112.46433731977143,110.82127343153215,111.80047840286353,111.80047840286353,11632792.0,sample,2026-09-24 19:05:19.661930+00:00
NVDA,2025-01-05 17:55:00+00:00,111.98653604805665,113.43764361633256,111.26989689907704,112.33301700051697,112.33301700051697,17429516.0,sample,2026-09-24 19:05:19.661930+00:00
NVDA,2025-01-05 18:00:00+00:00,112.20967395480893,113.19308962259002,110.539046181864,111.33753364330288,111.33753364330288,16860690.0,sample,2026-09-24 19:05:19.661930+00:00
NVDA,2025-01-05 18:05:00+00:00,111.86525795805679,112.04019370006613,110.1863947757974,110.5162200885051,110.5162200885051,6491132.0,sample,2026-09-24 19:05:19.661930+00:00
NVDA,2025-01-05 18:10:00+00:00,110.43981261572007,111.29195881800885,110.07015610102123,110.40407281208019,110.40407281208019,3666872.0,sample,2026-09-24 19:05:19.661930+00:00
NVDA,2025-01-05 18:15:00+00:00,110.28327547796668,111.66395196277807,109.9885035267991,110.884885406522,110.884885406522,14674053.0,sample,2026-09-24 19:05:19.661930+00:00
NVDA,2025-01-05 18:20:00+00:00,111.17461336754893,112.37979579838085,109.30823126423046,110.60690965636307,110.60690965636307,16908805.0,sample,2026-09-24 19:05:19.661930+00:00
NVDA,2025-01-05 18:25:00+00:00,110.64637140977756,110.99110487600109,109.22509946895838,109.71025917733407,109.71025917733407,4919054.0,sample,2026-09-24 19:05:19.661930+00:00
NVDA,2025-01-05 18:30:00+00:00,110.07748638393397,111.14298975696862,108.93775765342687,109.57112169573186,109.57112169573186,2033671.0,sample,2026-09-24 19:05:19.661930+00:00
NVDA,2025-01-05 18:35:00+00:00,109.65398299985736,110.92735676810169,108.11093665664929,109.04854306876864,109.04854306876864,11915055.0,sample,2026-09-24 19:05:19.661930+00:00
NVDA,2025-01-05 18:40:00+00:00,109.23119010316329,109.56397850074964,107.88253952935915,108.64688734337774,108.64688734337774,16496721.0,sample,2026-09-24 19:05:19.661930+00:00
NVDA,2025-01-05 18:45:00+00:00,108.6979116796459,109.45991887398823,106.94099895933503,108.10362499966153,108.10362499966153,8145386.0,sample,2026-09-24 19:05:19.661930+00:00
NVDA,2025-01-05 18:50:00+00:00,108.24619668830317,109.19458630135426,106.88352769339137,107.87258983052313,107.87258983052313,3384767.0,sample,2026-09-24 19:05:19.661930+00:00
NVDA,2025-01-05 18:55:00+00:00,107.77238683549041,108.60097027225677,107.36531461261686,107.82285727841366,107.82285727841366,9742145.0,sample,2026-09-24 19:05:19.661930+00:00
NVDA,2025-01-05 19:00:00+00:00,107.8291382254375,108.49762486587765,107.4581674854147,108.15843897735938,108.15843897735938,7358868.0,sample,2026-09-24 19:05:19.661930+00:00
NVDA,2025-01-05 19:05:00+00:00,107.90439627335688,109.10814361720969,106.72911796537574,107.69743529262473,107.69743529262473,9737144.0,sample,2026-09-24 19:05:19.661930+00:00
NVDA,2025-01-05 19:10:00+00:00,107.49977358353009,107.73109342405118,107.16124134981683,107.5700061660028,107.5700061660028,6078170.0,sample,2026-09-24 19:05:19.661930+00:00
NVDA,2025-01-05 19:15:00+00:00,107.50612261940428,108.46521164072735,106.68715472294384,107.52707895048253,107.52707895048253,7996028.0,sample,2026-09-24 19:05:19.661930+00:00
NVDA,2025-01-05 19:20:00+00:00,107.0003871502334,108.19581711565392,106.62357522842244,107.54954285987091,107.54954285987091,6558091.0,sample,2026-09-24 19:05:19.661930+00:00
NVDA,2025-01-05 19:25:00+00:00,107.59981785725832,109.43492259179177,106.5641255329329,108.4262515333313,108.4262515333313,16318290.0,sample,2026-09-24 19:05:19.661930+00:00
NVDA,2025-01-05 19:30:00+00:00,108.40330655874489,109.23944751365211,107.71196591809912,108.73745078202384,108.73745078202384,16499382.0,sample,2026-09-24 19:05:19.661930+00:00
NVDA,2025-01-05 19:35:00+00:00,108.94954860939401,109.82126794271404,108.44322108950213,108.79149865892248,108.79149865892248,3107344.0,sample,2026-09-24 19:05:19.661930+00:00
NVDA,2025-01-05 19:40:00+00:00,108.58887496635246,109.2331766404763,107.34056904611717,108.32992120684334,108.32992120684334,17055807.0,sample,2026-09-24 19:05:19.661930+00:00
NVDA,2025-01-05 19:45:00+00:00,108.34439958107525,108.71010934505651,106.62072751925513,107.70492299029479,107.70492299029479,12196329.0,sample,2026-09-24 19:05:19.661930+00:00
NVDA,2025-01-05 19:50:00+00:00,107.52583447343784,108.87488921176536,106.6006228388766,108.14871332003021,108.14871332003021,7438936.0,sample,2026-09-24 19:05:19.661930+00:00
NVDA,2025-01-05 19:55:00+00:00,107.86482556890813,109.58157425790928,106.71107743695407,108.43951968944017,108.43951968944017,5762420.0,sample,2026-09-24 19:05:19.661930+00:00
NVDA,2025-01-05 20:00:00+00:00,108.094462750445,109.41729531161894,107.363380074351,108.87505796347729,108.87505796347729,2855579.0,sample,2026-09-24 19:05:19.661930+00:00
NVDA,2025-01-05 20:05:00+00:00,108.86178109083049,109.56119933636927,107.93069182497028,109.25930594846447,109.25930594846447,4732723.0,sample,2026-09-24 19:05:19.661930+00:00
NVDA,2025-01-05 20:10:00+00:00,109.07400689070084,110.56773269756015,108.19226674367134,109.72710775334201,109.72710775334201,11959403.0,sample,2026-09-24 19:05:19.661930+00:00
NVDA,2025-01-05 20:15:00+00:00,109.65991596866155,110.82975617213327,108.62614923793193,110.05462451850751,110.05462451850751,7645324.0,sample,2026-09-24 19:05:19.661930+00:00
NVDA,2025-01-05 20:20:00+00:00,109.93637407723746,111.31166304543171,109.65151797050432,110.98423289769968,110.98423289769968,5164515.0,sample,2026-09-24 19:05:19.661930+00:00
NVDA,2025-01-05 20:25:00+00:00,110.86790112775921,112.13198310393165,110.01953117740216,110.77639861379546,110.77639861379546,16269983.0,sample,2026-09-24 19:05:19.661930+00:00
NVDA,2025-01-05 20:30:00+00:00,110.16555398603772,111.53274536164811,109.36443812950859,111.25798295055033,111.25798295055033,12046625.0,sample,2026-09-24 19:05:19.661930+00:00
NVDA,2025-01-05 20:35:00+00:00,111.06579693644001,111.96989268965932,110.60757646195576,111.54580815045506,111.54580815045506,17937164.0,sample,2026-09-24 19:05:19.661930+00:00
NVDA,2025-01-05 20:40:00+00:00,111.99209857470599,112.85397352714227,111.1223293812392,111.5325541024962,111.5325541024962,15609312.0,sample,2026-09-24 19:05:19.661930+00:00
NVDA,2025-01-05 20:45:00+00:00,111.59453855994171,112.56221332373738,111.2968648615506,111.4650980938084,111.4650980938084,16717715.0,sample,2026-09-24 19:05:19.661930+00:00
NVDA,2025-01-05 20:50:00+00:00,111.46730291561128,112.01211740776031,110.80403348652848,111.78321232663184,111.78321232663184,10443561.0,sample,2026-09-24 19:05:19.661930+00:00
NVDA,2025-01-05 20:55:00+00:00,111.88647558595389,112.82214458141426,110.64706239978747,111.51459395871139,111.51459395871139,16385413.0,sample,2026-09-24 19:05:19.661930+00:00
NVDA,2025-01-05 21:00:00+00:00,111.55117376685357,112.34910812858318,110.37502949982711,111.79548327541397,111.79548327541397,13525666.0,sample,2026-09-24 19:05:19.661930+00:00
NVDA,2025-01-05 21:05:00+00:00,111.65252776940203,112.64818093609743,110.4712926944563,111.9462507796872,111.9462507796872,14362278.0,sample,2026-09-24 19:05:19.661930+00:00
NVDA,2025-01-05 21:10:00+00:00,112.07122745680037,112.56517059245296,110.765145917742,111.69595664357276,111.69595664357276,14621528.0,sample,2026-09-24 19:05:19.661930+00:00
NVDA,2025-01-05 21:15:00+00:00,111.6971223726225,112.86517373369986,110.61042443725768,111.3033721525415,111.3033721525415,7611922.0,sample,2026-09-24 19:05:19.661930+00:00
NVDA,2025-01-05 21:20:00+00:00,111.35357332985234,111.81172032349473,111.00624147454731,111.62549236389478,111.62549236389478,6751643.0,sample,2026-09-24 19:05:19.661930+00:00
NVDA,2025-01-05 21:25:00+00:00,111.7063257506473,112.19610458790115,110.59322056029792,111.33252787281882,111.33252787281882,17923357.0,sample,2026-09-24 19:05:19.661930+00:00
NVDA,2025-01-05 21:30:00+00:00,111.46018605583784,112.13655925881693,111.3421083222054,111.67304833196462,111.67304833196462,16052782.0,sample,2026-09-24 19:05:19.661930+00:00
NVDA,2025-01-05 21:35:00+00:00,111.92450623650983,112.76087803925356,111.28794221122446,112.10061577754664,112.10061577754664,9682749.0,sample,2026-09-24 19:05:19.661930+00:00
NVDA,2025-01-05 21:40:00+00:00,111.97556158432607,112.15862365958137,111.01455864828272,111.57540369501469,111.57540369501469,2706643.0,sample,2026-09-24 19:05:19.661930+00:00
NVDA,2025-01-05 21:45:00+00:00,111.60521800142824,113.26130786394481,111.3786586388061,112.05759754329397,112.05759754329397,6211663.0,sample,2026-09-24 19:05:19.661930+00:00
NVDA,2025-01-05 21:50:00+00:00,111.88456327795103,112.69277561392677,110.33925538213241,111.43304885362919,111.43304885362919,8347861.0,sample,2026-09-24 19:05:19.661930+00:00
NVDA,2025-01-05 21:55:00+00:00,111.2977935459696,112.78077598755463,110.28110120936674,111.85543270716076,111.85543270716076,3732921.0,sample,2026-09-24 19:05:19.661930+00:00
NVDA,2025-01-05 22:00:00+00:00,112.22648366117306,112.94239379008509,110.9307996044809,112.42274081389961,112.42274081389961,11449774.0,sample,2026-09-24 19:05:19.661930+00:00
NVDA,2025-01-05 22:05:00+00:00,112.61094557525358,113.90677834180659,111.35583023454156,112.50635213593256,112.50635213593256,15036676.0,sample,2026-09-24 19:05:19.661930+00:00
NVDA,2025-01-05 22:10:00+00:00,112.34657083445438,113.58920397612023,111.39189233893639,112.20135116495989,112.20135116495989,15032297.0,sample,2026-09-24 19:05:19.661930+00:00
NVDA,2025-01-05 22:15:00+00:00,111.91854370415072,114.17617329641604,111.00727069323491,112.96836723078155,112.96836723078155,3432720.0,sample,2026-09-24 19:05:19.661930+00:00
NVDA,2025-01-05 22:20:00+00:00,112.92906085823114,113.82252199633663,112.33130432104431,112.90021632514173,112.90021632514173,14343249.0,sample,2026-09-24 19:05:19.661930+00:00
NVDA,2025-01-05 22:25:00+00:00,113.30097738001618,114.4704174730031,112.62795715993498,113.02812543906118,113.02812543906118,13853276.0,sample,2026-09-24 19:05:19.661930+00:00
NVDA,2025-01-05 22:30:00+00:00,112.78113578927403,113.42607706084675,112.35760633552484,112.930594630169,112.930594630169,12431610.0,sample,2026-09-24 19:05:19.661930+00:00
NVDA,2025-01-05 22:35:00+00:00,112.8337179862822,114.01044173345792,111.18978840771635,112.2282411213542,112.2282411213542,15958737.0,sample,2026-09-24 19:05:19.661930+00:00
NVDA,2025-01-05 22:40:00+00:00,112.23206159738947,112.8502284044918,111.74496694865546,112.05745187532906,112.05745187532906,5407771.0,sample,2026-09-24 19:05:19.661930+00:00
NVDA,2025-01-05 22:45:00+00:00,111.93007482315234,113.41139754975345,111.74449650858477,112.38099600668234,112.38099600668234,5920373.0,sample,2026-09-24 19:05:19.661930+00:00
NVDA,2025-01-05 22:50:00+00:00,112.32103676884034,113.58463813371687,111.36880558676428,112.31211130538978,112.31211130538978,4488157.0,sample,2026-09-24 19:05:19.661930+00:00
NVDA,2025-01-05 22:55:00+00:00,112.35370741469579,113.37818043133063,111.66654811797845,112.37172788414085,112.37172788414085,16667067.0,sample,2026-09-24 19:05:19.661930+00:00
NVDA,2025-01-05 23:00:00+00:00,112.36164413843828,113.26958643607624,111.51498708231436,112.2289764041034,112.2289764041034,8827488.0,sample,2026-09-24 19:05:19.661930+00:00
NVDA,2025-01-05 23:05:00+00:00,112.26387089867922,112.52607464826973,111.25159685402177,111.83464395037852,111.83464395037852,10406385.0,sample,2026-09-24 19:05:19.661930+00:00
NVDA,2025-01-05 23:10:00+00:00,111.8801283325586,112.71647231231076,111.02913966963212,112.4671675686861,112.4671675686861,17252057.0,sample,2026-09-24 19:05:19.661930+00:00
NVDA,2025-01-05 23:15:00+00:00,112.39916419136867,112.78545084991912,111.57217986653876,112.56385698466751,112.56385698466751,12214967.0,sample,2026-09-24 19:05:19.661930+00:00
NVDA,2025-01-05 23:20:00+00:00,112.39350049808768,113.99838024171935,111.86452609596063,112.6910505518891,112.6910505518891,2404923.0,sample,2026-09-24 19:05:19.661930+00:00
NVDA,2025-01-05 23:25:00+00:00,112.74541869742585,113.53365821511056,111.09598905859245,112.30821058527793,112.30821058527793,16020101.0,sample,2026-09-24 19:05:19.661930+00:00
NVDA,2025-01-05 23:30:00+00:00,112.30355697109542,112.75139173449348,111.01707439914466,111.13841388833337,111.13841388833337,17820396.0,sample,2026-09-24 19:05:19.661930+00:00
NVDA,2025-01-05 23:35:00+00:00,110.9221219078161,111.36167748906158,109.25905544739587,110.21590582476253,110.21590582476253,8850727.0,sample,2026-09-24 19:05:19.661930+00:00
NVDA,2025-01-05 23:40:00+00:00,110.09107845158823,110.82079530769627,108.98995818335989,110.23773534844,110.23773534844,1545997.0,sample,2026-09-24 19:05:19.661930+00:00
NVDA,2025-01-05 23:45:00+00:00,110.11730841788501,110.53155102488951,108.93301799109508,109.83212261804253,109.83212261804253,16028637.0,sample,2026-09-24 19:05:19.661930+00:00
NVDA,2025-01-05 23:50:00+00:00,110.27927141875304,110.4655545155546,109.48345082421064,109.635975997914,109.635975997914,6743940.0,sample,2026-09-24 19:05:19.661930+00:00
NVDA,2025-01-05 23:55:00+00:00,109.66432732041551,110.91033313220203,109.42116128656039,109.7581073345222,109.7581073345222,2185387.0,sample,2026-09-24 19:05:19.661930+00:00
NVDA,2025-01-06 00:00:00+00:00,109.80556260079267,110.56897110507471,109.65621786167114,110.22660964072429,110.22660964072429,16963233.0,sample,2026-09-24 19:05:19.661930+00:00
NVDA,2025-01-06 00:05:00+00:00,110.09389896788048,110.59604199533393,109.82597210114984,109.95991819804487,109.95991819804487,4552270.0,sample,2026-09-24 19:05:19.661930+00:00
NVDA,2025-01-06 00:10:00+00:00,110.07120175501211,111.50383089800727,109.73223437107923,110.25506530065668,110.25506530065668,10379918.0,sample,2026-09-24 19:05:19.661930+00:00
NVDA,2025-01-06 00:15:00+00:00,110.44190121037713,111.46740720361824,109.21353480775282,109.97890188518485,109.97890188518485,17026395.0,sample,2026-09-24 19:05:19.661930+00:00
NVDA,2025-01-06 00:20:00+00:00,110.2551587962957,111.80999413047218,109.50763376328294,110.62840075391748,110.62840075391748,15825001.0,sample,2026-09-24 19:05:19.661930+00:00
NVDA,2025-01-06 00:25:00+00:00,110.37930857680794,111.75979332480956,109.16188299200022,111.56465973077589,111.56465973077589,10196546.0,sample,2026-09-24 19:05:19.661930+00:00
NVDA,2025-01-06 00:30:00+00:00,111.63932632227213,112.90717999006095,110.80271187285867,111.42723495416115,111.42723495416115,15611976.0,sample,2026-09-24 19:05:19.661930+00:00
NVDA,2025-01-06 00:35:00+00:00,111.53578959329859,111.77211151579131,110.24657063650668,111.39445192478426,111.39445192478426,10891386.0,sample,2026-09-24 19:05:19.661930+00:00
NVDA,2025-01-06 00:40:00+00:00,111.43012347595652,111.96109646380864,110.40613399395485,111.166890820853,111.166890820853,5221553.0,sample,2026-09-24 19:05:19.661930+00:00
NVDA,2025-01-06 00:45:00+00:00,111.11393099843221,112.44909127577954,110.17416538645391,111.13438457170713,111.13438457170713,3739598.0,sample,2026-09-24 19:05:19.661930+00:00
NVDA,2025-01-06 00:50:00+00:00,111.25841233572838,112.22527345608134,110.20351338895907,110.8769514635316,110.8769514635316,7950814.0,sample,2026-09-24 19:05:19.661930+00:00
NVDA,2025-01-06 00:55:00+00:00,110.89395239055797,111.22676756427077,109.95317641781048,110.6471395570864,110.6471395570864,17691417.0,sample,2026-09-24 19:05:19.661930+00:00
NVDA,2025-01-06 01:00:00+00:00,110.75209653221816,112.0205629103804,109.77409863329667,110.63312153512007,110.63312153512007,12952052.0,sample,2026-09-24 19:05:19.661930+00:00
NVDA,2025-01-06 01:05:00+00:00,110.82663782087813,111.69758763946645,109.54904869610003,111.26211454275473,111.26211454275473,4603932.0,sample,2026-09-24 19:05:19.661930+00:00
NVDA,2025-01-06 01:10:00+00:00,111.18686086981451,113.5425171688839,110.06789816491631,112.20022690977386,112.20022690977386,14387901.0,sample,2026-09-24 19:05:19.661930+00:00
NVDA,2025-01-06 01:15:00+00:00,112.32400359384019,112.75051237490818,111.34233902910698,112.22181198894178,112.22181198894178,9291286.0,sample,2026-09-24 19:05:19.661930+00:00
NVDA,2025-01-06 01:20:00+00:00,112.4448458922896,113.07177792561487,111.87695525478227,112.73811038293975,112.73811038293975,9695505.0,sample,2026-09-24 19:05:19.661930+00:00
NVDA,2025-01-06 01:25:00+00:00,112.51598291352053,112.7125205278004,111.97799404247533,112.18595550413556,112.18595550413556,10271949.0,sample,2026-09-24 19:05:19.661930+00:00
NVDA,2025-01-06 01:30:00+00:00,112.25318693287946,112.97768863544786,110.46582748502425,111.54358432091752,111.54358432091752,1577098.0,sample,2026-09-24 19:05:19.661930+00:00
NVDA,2025-01-06 01:35:00+00:00,111.0296510939518,112.30864894500758,110.56624989755275,111.56635886524082,111.56635886524082,10563049.0,sample,2026-09-24 19:05:19.661930+00:00
NVDA,2025-01-06 01:40:00+00:00,111.70628207282837,112.50049991527248,110.3905703706178,111.81215271127216,111.81215271127216,10336068.0,sample,2026-09-24 19:05:19.661930+00:00
NVDA,2025-01-06 01:45:00+00:00,112.04364881578745,113.26172026866855,111.01128594696873,112.01704597893173,112.01704597893173,14774883.0,sample,2026-09-24 19:05:19.661930+00:00
NVDA,2025-01-06 01:50:00+00:00,112.18610367378128,112.45414785986014,111.37061184455048,111.6028617861904,111.6028617861904,3717415.0,sample,2026-09-24 19:05:19.661930+00:00
NVDA,2025-01-06 01:55:00+00:00,111.23213102939867,113.00471108071412,110.66291441422588,111.90776582009002,111.90776582009002,10249685.0,sample,2026-09-24 19:05:19.661930+00:00
NVDA,2025-01-06 02:00:00+00:00,112.16566642885219,113.55485201061342,111.9513719898987,112.76282637842603,112.76282637842603,5568027.0,sample,2026-09-24 19:05:19.661930+00:00
NVDA,2025-01-06 02:05:00+00:00,112.70132627805137,113.82930070031773,111.70575546072335,113.4068687703651,113.4068687703651,14437011.0,sample,2026-09-24 19:05:19.661930+00:00
NVDA,2025-01-06 02:10:00+00:00,113.0539206264441,114.36633637229401,112.08015679880997,113.63563085864612,113.63563085864612,8902113.0,sample,2026-09-24 19:05:19.661930+00:00
NVDA,2025-01-06 02:15:00+00:00,113.67073438938013,113.99260477698326,113.33446653373781,113.72247726924572,113.72247726924572,16122564.0,sample,2026-09-24 19:05:19.661930+00:00
NVDA,2025-01-06 02:20:00+00:00,113.58749721490742,114.55913791557282,112.91339983156686,113.34850016072046,113.34850016072046,8755418.0,sample,2026-09-24 19:05:19.661930+00:00
NVDA,2025-01-06 02:25:00+00:00,113.69365500566757,115.05108613771098,111.80439596166762,112.88762120777248,112.88762120777248,2879974.0,sample,2026-09-24 19:05:19.661930+00:00
NVDA,2025-01-06 02:30:00+00:00,113.03156536917037,113.20344494873918,110.96154750604224,112.29284966257818,112.29284966257818,17209554.0,sample,2026-09-24 19:05:19.661930+00:00
NVDA,2025-01-06 02:35:00+00:00,112.43239276116513,113.33130791439078,111.09071859009713,112.27227620434572,112.27227620434572,10138993.0,sample,2026-09-24 19:05:19.661930+00:00
NVDA,2025-01-06 02:40:00+00:00,112.22786048980966,113.94900261285257,111.74490779549505,112.66410694375534,112.66410694375534,3109724.0,sample,2026-09-24 19:05:19.661930+00:00
NVDA,2025-01-06 02:45:00+00:00,112.60913353197354,114.14394047697381,111.53294118305831,112.96530510510824,112.96530510510824,7818004.0,sample,2026-09-24 19:05:19.661930+00:00
NVDA,2025-01-06 02:50:00+00:00,113.54021960941519,113.7226028861756,111.87697090549068,113.07097606204866,113.07097606204866,16059937.0,sample,2026-09-24 19:05:19.661930+00:00
NVDA,2025-01-06 02:55:00+00:00,113.43336764210558,114.10204694546645,112.95037648203012,113.76113612013972,113.76113612013972,13198260.0,sample,2026-09-24 19:05:19.661930+00:00
NVDA,2025-01-06 03:00:00+00:00,113.54549144688497,114.63439126817055,112.50859236128538,113.26524525068915,113.26524525068915,16538993.0,sample,2026-09-24 19:05:19.661930+00:00
NVDA,2025-01-06 03:05:00+00:00,113.3903275813151,114.7542833344192,113.26014808092155,113.68130864517214,113.68130864517214,16883056.0,sample,2026-09-24 19:05:19.661930+00:00
NVDA,2025-01-06 03:10:00+00:00,113.82378158811946,114.42194548510896,112.37239137971987,113.28107699991348,113.28107699991348,15093755.0,sample,2026-09-24 19:05:19.661930+00:00
NVDA,2025-01-06 03:15:00+00:00,113.04222247104306,114.13442629073855,111.83449652232558,112.8035169415856,112.8035169415856,13051416.0,sample,2026-09-24 19:05:19.661930+00:00
NVDA,2025-01-06 03:20:00+00:00,112.81999673141273,113.28952253466124,111.19988097867797,111.84553583964167,111.84553583964167,14164317.0,sample,2026-09-24 19:05:19.661930+00:00
NVDA,2025-01-06 03:25:00+00:00,112.28936490711517,112.51196139869147,111.71997686074938,111.93803894904077,111.93803894904077,4633978.0,sample,2026-09-24 19:05:19.661930+00:00
NVDA,2025-01-06 03:30:00+00:00,112.0091907065609,112.6610082451167,111.04371688592718,111.36168578581665,111.36168578581665,12332737.0,sample,2026-09-24 19:05:19.661930+00:00
NVDA,2025-01-06 03:35:00+00:00,110.93089472366813,112.27535712640525,110.64608023913634,111.65826331451032,111.65826331451032,12450171.0,sample,2026-09-24 19:05:19.661930+00:00
NVDA,2025-01-06 03:40:00+00:00,111.44765803106047,111.68469685374644,110.27111136237754,111.27285630853838,111.27285630853838,8988568.0,sample,2026-09-24 19:05:19.661930+00:00
NVDA,2025-01-06 03:45:00+00:00,111.27478469750811,112.57081153075177,110.50927400328116,110.9460293510927,110.9460293510927,11332126.0,sample,2026-09-24 19:05:19.661930+00:00
NVDA,2025-01-06 03:50:00+00:00,110.93233449264307,111.2037971280691,110.20388716521525,110.76643662714487,110.76643662714487,14458665.0,sample,2026-09-24 19:05:19.661930+00:00
NVDA,2025-01-06 03:55:00+00:00,110.71781555785955,111.09079623065854,110.50997697219479,110.87054912670175,110.87054912670175,4178544.0,sample,2026-09-24 19:05:19.661930+00:00
NVDA,2025-01-06 04:00:00+00:00,110.47828112463225,111.56660272071717,109.22793169193098,111.18984167224724,111.18984167224724,4473440.0,sample,2026-09-24 19:05:19.661930+00:00
NVDA,2025-01-06 04:05:00+00:00,110.88556058004701,111.85183255035503,110.46502906552746,111.04312925056236,111.04312925056236,4178230.0,sample,2026-09-24 19:05:19.661930+00:00
NVDA,2025-01-06 04:10:00+00:00,110.59638468044311,113.12223364625045,109.91576488490075,111.79178534876431,111.79178534876431,11160072.0,sample,2026-09-24 19:05:19.661930+00:00
NVDA,2025-01-06 04:15:00+00:00,111.80740980052389,112.23749387299166,110.8820862729683,112.04903432904679,112.04903432904679,17440387.0,sample,2026-09-24 19:05:19.661930+00:00
NVDA,2025-01-06 04:20:00+00:00,111.76146073937619,113.28652691983018,110.71288305172642,112.45235626396564,112.45235626396564,7834869.0,sample,2026-09-24 19:05:19.661930+00:00
NVDA,2025-01-06 04:25:00+00:00,112.29248450653446,113.3623664796988,111.05741229356171,112.44699152429197,112.44699152429197,14273966.0,sample,2026-09-24 19:05:19.661930+00:00
NVDA,2025-01-06 04:30:00+00:00,112.14681073288331,113.58735874479052,110.99329355232393,112.3451924354563,112.3451924354563,11971399.0,sample,2026-09-24 19:05:19.661930+00:00
NVDA,2025-01-06 04:35:00+00:00,112.60736111283394,113.56608074915388,111.27894715227573,112.3338300063222,112.3338300063222,8026694.0,sample,2026-09-24 19:05:19.661930+00:00
NVDA,2025-01-06 04:40:00+00:00,112.24100171459884,113.90269934861654,111.18713942824144,113.02956042044843,113.02956042044843,13256218.0,sample,2026-09-24 19:05:19.661930+00:00
NVDA,2025-01-06 04:45:00+00:00,112.90944159606863,114.46870805505695,111.91358810823881,113.13859871677955,113.13859871677955,12094338.0,sample,2026-09-24 19:05:19.661930+00:00
NVDA,2025-01-06 04:50:00+00:00,113.24083225317037,114.60673057894797,112.34136980716988,113.56830360725935,113.56830360725935,15194366.0,sample,2026-09-24 19:05:19.661930+00:00
NVDA,2025-01-06 04:55:00+00:00,113.46687206486729,114.36317737552056,112.11938472616991,113.36795191966546,113.36795191966546,1548554.0,sample,2026-09-24 19:05:19.661930+00:00
NVDA,2025-01-06 05:00:00+00:00,113.07003097107189,114.13842523441345,112.24400343874593,113.79433320520958,113.79433320520958,1535252.0,sample,2026-09-24 19:05:19.661930+00:00
NVDA,2025-01-06 05:05:00+00:00,114.0537621819178,114.89049519964033,113.64722738058893,114.27665188164195,114.27665188164195,15873763.0,sample,2026-09-24 19:05:19.661930+00:00
NVDA,2025-01-06 05:10:00+00:00,114.25578896459905,114.80064851330518,113.85304251728112,114.06937871080646,114.06937871080646,17824922.0,sample,2026-09-24 19:05:19.661930+00:00
NVDA,2025-01-06 05:15:00+00:00,113.84755838347925,115.0050139073356,113.14765896545897,114.5056545170162,114.5056545170162,12251042.0,sample,2026-09-24 19:05:19.661930+00:00
NVDA,2025-01-06 05:20:00+00:00,114.36841746471612,114.70043497565808,113.70935984279859,114.07948724760365,114.07948724760365,12919535.0,sample,2026-09-24 19:05:19.661930+00:00
NVDA,2025-01-06 05:25:00+00:00,113.69391979542581,114.49096214999196,112.9467437755059,113.9849496131445,113.9849496131445,9745475.0,sample,2026-09-24 19:05:19.661930+00:00
NVDA,2025-01-06 05:30:00+00:00,113.85933156799403,114.29906899246835,112.07609394579683,113.42697957675908,113.42697957675908,16121978.0,sample,2026-09-24 19:05:19.661930+00:00
NVDA,2025-01-06 05:35:00+00:00,113.39041378308657,113.94772752203116,113.15466056429617,113.75376199328964,113.75376199328964,2126514.0,sample,2026-09-24 19:05:19.661930+00:00
NVDA,2025-01-06 05:40:00+00:00,113.57011698907186,114.84760057244749,112.84492217713101,113.63358153912583,113.63358153912583,9063241.0,sample,2026-09-24 19:05:19.661930+00:00
NVDA,2025-01-06 05:45:00+00:00,113.94299706856506,114.1178624641116,112.26950745960644,113.39478233984427,113.39478233984427,8358299.0,sample,2026-09-24 19:05:19.661930+00:00
NVDA,2025-01-06 05:50:00+00:00,113.15932890199777,113.347540628015,112.7143521721994,113.10211285988522,113.10211285988522,13600303.0,sample,2026-09-24 19:05:19.661930+00:00
NVDA,2025-01-06 05:55:00+00:00,113.49292577030617,114.79018265829667,112.08794013553427,113.28133649292029,113.28133649292029,16871900.0,sample,2026-09-24 19:05:19.661930+00:00
NVDA,2025-01-06 06:00:00+00:00,113.33392345615822,114.20110748230674,112.38910123348424,113.49565641003261,113.49565641003261,14134259.0,sample,2026-09-24 19:05:19.661930+00:00
NVDA,2025-01-06 06:05:00+00:00,113.29923484290548,114.62328812850951,112.81670790148365,113.70478596163008,113.70478596163008,11057144.0,sample,2026-09-24 19:05:19.661930+00:00
NVDA,2025-01-06 06:10:00+00:00,113.45192424249186,114.91640711844569,112.64103030361333,114.2725260785063,114.2725260785063,3178528.0,sample,2026-09-24 19:05:19.661930+00:00
NVDA,2025-01-06 06:15:00+00:00,114.4728275331058,115.45137175255375,113.53457635884068,114.51396638283494,114.51396638283494,7904241.0,sample,2026-09-24 19:05:19.661930+00:00
NVDA,2025-01-06 06:20:00+00:00,114.66630867422772,115.84168298026731,113.98860689065991,114.38659688301448,114.38659688301448,10126796.0,sample,2026-09-24 19:05:19.661930+00:00
NVDA,2025-01-06 06:25:00+00:00,114.60985194037673,115.23087904594415,113.38505542862028,114.53542025466025,114.53542025466025,10539644.0,sample,2026-09-24 19:05:19.661930+00:00
NVDA,2025-01-06 06:30:00+00:00,114.65917370758106,115.96608553416104,113.28875719605664,113.71528904572814,113.71528904572814,4822584.0,sample,2026-09-24 19:05:19.661930+00:00
NVDA,2025-01-06 06:35:00+00:00,113.75063661946241,114.38691535669425,112.97538800127126,113.85318588005056,113.85318588005056,16401344.0,sample,2026-09-24 19:05:19.661930+00:00
NVDA,2025-01-06 06:40:00+00:00,113.90141955259011,114.93831717989697,112.9268062251906,113.51659750807906,113.51659750807906,11679480.0,sample,2026-09-24 19:05:19.661930+00:00
NVDA,2025-01-06 06:45:00+00:00,113.34658443714935,114.65762545766333,113.05132589303263,114.37074118156676,114.37074118156676,7470121.0,sample,2026-09-24 19:05:19.661930+00:00
NVDA,2025-01-06 06:50:00+00:00,113.98591223837212,115.11171160122807,112.88614078874551,114.28822866162889,114.28822866162889,12240448.0,sample,2026-09-24 19:05:19.661930+00:00
NVDA,2025-01-06 06:55:00+00:00,114.48319403705035,115.2922273675205,113.7070715156466,114.1612325717844,114.1612325717844,5266558.0,sample,2026-09-24 19:05:19.661930+00:00
NVDA,2025-01-06 07:00:00+00:00,114.1520995649444,115.47263127176616,113.46163753536585,114.24245244265305,114.24245244265305,14650042.0,sample,2026-09-24 19:05:19.661930+00:00
NVDA,2025-01-06 07:05:00+00:00,114.43823669139428,115.60125250988918,113.90506828291531,114.29429369418054,114.29429369418054,1526300.0,sample,2026-09-24 19:05:19.661930+00:00
NVDA,2025-01-06 07:10:00+00:00,114.1916344055862,115.88750754851434,113.6623040394223,114.64882846019663,114.64882846019663,5516664.0,sample,2026-09-24 19:05:19.661930+00:00
NVDA,2025-01-06 07:15:00+00:00,115.20523242146463,115.39213644816068,114.46206869690036,114.99763012839601,114.99763012839601,17407473.0,sample,2026-09-24 19:05:19.661930+00:00
NVDA,2025-01-06 07:20:00+00:00,115.03891412546677,115.37072749266123,113.87686037535826,114.78075373596673,114.78075373596673,3463763.0,sample,2026-09-24 19:05:19.661930+00:00
NVDA,2025-01-06 07:25:00+00:00,114.63233391376842,115.95747421375142,113.94324720580747,114.49373213582683,114.49373213582683,15512604.0,sample,2026-09-24 19:05:19.661930+00:00
NVDA,2025-01-06 07:30:00+00:00,114.24068052637845,116.05822323677047,113.88295772625858,115.06288178312847,115.06288178312847,9288656.0,sample,2026-09-24 19:05:19.661930+00:00
NVDA,2025-01-06 07:35:00+00:00,115.33454182779988,116.27719303672157,114.1610211517177,115.57820003929912,115.57820003929912,8277402.0,sample,2026-09-24 19:05:19.661930+00:00
NVDA,2025-01-06 07:40:00+00:00,115.94605862743425,116.4637596714541,114.06164150262119,114.83657671509104,114.83657671509104,11891237.0,sample,2026-09-24 19:05:19.661930+00:00
NVDA,2025-01-06 07:45:00+00:00,114.9989011850731,115.6573733381015,113.58788392798658,114.53566652620367,114.53566652620367,11822076.0,sample,2026-09-24 19:05:19.661930+00:00
NVDA,2025-01-06 07:50:00+00:00,114.52727409164558,115.76013343209354,113.66703546890055,114.47495444908377,114.47495444908377,16752129.0,sample,2026-09-24 19:05:19.661930+00:00
NVDA,2025-01-06 07:55:00+00:00,114.28038566041354,115.13947304765482,113.74243188003575,114.43910835236524,114.43910835236524,8626484.0,sample,2026-09-24 19:05:19.661930+00:00
NVDA,2025-01-06 08:00:00+00:00,114.496055629677,115.73243627370304,112.74193580668643,114.00671590430441,114.00671590430441,13353567.0,sample,2026-09-24 19:05:19.661930+00:00
NVDA,2025-01-06 08:05:00+00:00,113.60719460529798,115.38480742358803,112.46864510967339,114.74032367162658,114.74032367162658,4456783.0,sample,2026-09-24 19:05:19.661930+00:00
NVDA,2025-01-06 08:10:00+00:00,114.62829024391627,115.45064037023761,113.27518689390702,114.20340949078354,114.20340949078354,11314604.0,sample,2026-09-24 19:05:19.661930+00:00
NVDA,2025-01-06 08:15:00+00:00,114.23629048704028,114.95593123583303,112.82257710828357,113.67252529135915,113.67252529135915,7851861.0,sample,2026-09-24 19:05:19.661930+00:00
NVDA,2025-01-06 08:20:00+00:00,113.34887642461743,114.90156083480632,112.77890271508528,113.9474832355112,113.9474832355112,4672979.0,sample,2026-09-24 19:05:19.661930+00:00
NVDA,2025-01-06 08:25:00+00:00,113.81858440579204,115.01569694621043,112.78838717906953,114.31570221107437,114.31570221107437,9462341.0,sample,2026-09-24 19:05:19.661930+00:00
NVDA,2025-01-06 08:30:00+00:00,114.52794144867507,115.16950194918081,113.48823333583931,114.6335680104149,114.6335680104149,14822376.0,sample,2026-09-24 19:05:19.661930+00:00
NVDA,2025-01-06 08:35:00+00:00,114.7529586008347,115.44853978265286,114.44845435493325,114.61812921486397,114.61812921486397,16357425.0,sample,2026-09-24 19:05:19.661930+00:00
NVDA,2025-01-06 08:40:00+00:00,114.57451325674741,115.13065619989088,113.71627319791912,114.2052376841732,114.2052376841732,4783457.0,sample,2026-09-24 19:05:19.661930+00:00
NVDA,2025-01-06 08:45:00+00:00,114.07330344850429,114.94147716189869,113.3414070872975,113.92555930471644,113.92555930471644,12144560.0,sample,2026-09-24 19:05:19.661930+00:00
NVDA,2025-01-06 08:50:00+00:00,114.29515780441133,114.45638864335163,112.73768870369749,113.66632711549441,113.66632711549441,17888299.0,sample,2026-09-24 19:05:19.661930+00:00
NVDA,2025-01-06 08:55:00+00:00,113.6643151740239,114.88035742867082,112.39491715383599,113.78682504317597,113.78682504317597,7068925.0,sample,2026-09-24 19:05:19.661930+00:00
NVDA,2025-01-06 09:00:00+00:00,113.90900997619158,114.87239499024147,112.95290892242743,114.67715301549443,114.67715301549443,8910225.0,sample,2026-09-24 19:05:19.661930+00:00
NVDA,2025-01-06 09:05:00+00:00,114.40071597415219,115.27390059297277,113.41638916787684,114.90888486528529,114.90888486528529,10859085.0,sample,2026-09-24 19:05:19.661930+00:00
NVDA,2025-01-06 09:10:00+00:00,114.97686328469038,116.00487992361154,114.63804542830395,115.2418237226896,115.2418237226896,11156407.0,sample,2026-09-24 19:05:19.661930+00:00
NVDA,2025-01-06 09:15:00+00:00,115.36396029227885,115.88290339528025,114.43231642387968,115.7364657960831,115.7364657960831,17829300.0,sample,2026-09-24 19:05:19.661930+00:00
NVDA,2025-01-06 09:20:00+00:00,116.07868279743475,117.40056895069816,115.29872119767766,115.46616703628847,115.46616703628847,9602772.0,sample,2026-09-24 19:05:19.661930+00:00
NVDA,2025-01-06 09:25:00+00:00,115.68640002448576,116.06314843432554,115.40089787612887,115.94168848175337,115.94168848175337,13301792.0,sample,2026-09-24 19:05:19.661930+00:00
NVDA,2025-01-06 09:30:00+00:00,115.93868492937253,116.56951197790448,115.35983271384897,116.08385486840693,116.08385486840693,16881394.0,sample,2026-09-24 19:05:19.661930+00:00
NVDA,2025-01-06 09:35:00+00:00,115.85187155233577,116.99211990093714,115.20254768699265,115.85631061930793,115.85631061930793,9323236.0,sample,2026-09-24 19:05:19.661930+00:00
NVDA,2025-01-06 09:40:00+00:00,115.91237661810669,116.76331481981855,114.38953926204478,115.71643486983366,115.71643486983366,13114087.0,sample,2026-09-24 19:05:19.661930+00:00
NVDA,2025-01-06 09:45:00+00:00,115.92856035126412,117.42874378184598,115.45637698388116,116.2922586637931,116.2922586637931,7104555.0,sample,2026-09-24 19:05:19.661930+00:00
NVDA,2025-01-06 09:50:00+00:00,116.44542234174943,117.04396794473394,115.09707428828384,116.82102348847691,116.82102348847691,8394091.0,sample,2026-09-24 19:05:19.661930+00:00
NVDA,2025-01-06 09:55:00+00:00,116.57074715557587,117.23058747583819,115.86501418011267,117.04615377945166,117.04615377945166,10303312.0,sample,2026-09-24 19:05:19.661930+00:00
NVDA,2025-01-06 10:00:00+00:00,117.15707566285928,118.46383805422188,116.25545042405238,117.965535929857,117.965535929857,13962729.0,sample,2026-09-24 19:05:19.661930+00:00
NVDA,2025-01-06 10:05:00+00:00,118.34841660116038,119.81108471452188,117.27746566196618,118.68690713390983,118.68690713390983,10652794.0,sample,2026-09-24 19:05:19.661930+00:00
