symbol,timestamp,open,high,low,close,adj_close,volume,source,ingestion_time
NVDA,2025-01-02 14:30:00+00:00,89.28757549926397,89.87469085379982,88.6716882971521,89.47792540556262,89.47792540556262,12821882.0,sample,2026-09-24 19:05:19.660933+00:00
NVDA,2025-01-02 15:30:00+00:00,89.64178145798897,90.03105640901462,88.53961337851825,89.33232450716596,89.33232450716596,14272541.0,sample,2026-09-24 19:05:19.660933+00:00
NVDA,2025-01-02 16:30:00+00:00,89.3283732516304,90.25315568598349,88.87627655209923,89.3222952832635,89.3222952832635,5948838.0,sample,2026-09-24 19:05:19.660933+00:00
NVDA,2025-01-02 17:30:00+00:00,89.18622876341409,89.70491980578885,88.91644589171679,89.46722111984683,89.46722111984683,7293004.0,sample,2026-09-24 19:05:19.660933+00:00
NVDA,2025-01-02 18:30:00+00:00,89.45729587996142,89.6083684808273,88.54061112140867,89.10217325754667,89.10217325754667,6861656.0,sample,2026-09-24 19:05:19.660933+00:00
NVDA,2025-01-02 19:30:00+00:00,89.34761486162189,89.82959891632416,88.63079997612427,89.53083388560322,89.53083388560322,3789075.0,sample,2026-09-24 19:05:19.660933+00:00
NVDA,2025-01-02 20:30:00+00:00,89.41210501237993,89.98735749105127,88.95259155755873,89.61323586163229,89.61323586163229,12096166.0,sample,2026-09-24 19:05:19.660933+00:00
NVDA,2025-01-02 21:30:00+00:00,89.8036920684484,90.80699960256011,88.56970170031047,89.42698003550852,89.42698003550852,14781785.0,sample,2026-09-24 19:05:19.660933+00:00
NVDA,2025-01-02 22:30:00+00:00,89.1907130139711,89.46429036006033,88.19882486975557,88.88636096831533,88.88636096831533,5840098.0,sample,2026-09-24 19:05:19.660933+00:00
NVDA,2025-01-02 23:30:00+00:00,88.71275433168816,89.21123281667003,87.87242914551851,88.6531120344814,88.6531120344814,6381941.0,sample,2026-09-24 19:05:19.660933+00:00
NVDA,2025-01-03 00:30:00+00:00,88.51531839505537,89.93909127760952,87.65919246963439,88.90626380486171,88.90626380486171,14978125.0,sample,2026-09-24 19:05:19.660933+00:00
NVDA,2025-01-03 01:30:00+00:00,88.92344063907454,89.43372397182922,87.88157115933622,89.10429568287186,89.10429568287186,8047901.0,sample,2026-09-24 19:05:19.660933+00:00
NVDA,2025-01-03 02:30:00+00:00,89.15120673608025,90.20188954838318,88.87269664366265,89.42468170942614,89.42468170942614,9618573.0,sample,2026-09-24 19:05:19.660933+00:00
NVDA,2025-01-03 03:30:00+00:00,89.33597156495955,89.98575270054147,88.4305552471064,89.2444095375742,89.2444095375742,12359100.0,sample,2026-09-24 19:05:19.660933+00:00
NVDA,2025-01-03 04:30:00+00:00,89.37414004480893,89.7453527522338,88.75797262002489,89.51950869892008,89.51950869892008,4982937.0,sample,2026-09-24 19:05:19.660933+00:00
NVDA,2025-01-03 05:30:00+00:00,89.44973975494064,90.21628341331372,89.10284311648478,89.45364382445392,89.45364382445392,13616925.0,sample,2026-09-24 19:05:19.660933+00:00
NVDA,2025-01-03 06:30:00+00:00,89.38440415601984,90.82895810785077,88.48324544945906,89.97712099004197,89.97712099004197,4860624.0,sample,2026-09-24 19:05:19.660933+00:00
NVDA,2025-01-03 07:30:00+00:00,90.23502468426675,91.23327600083968,89.13404905583245,90.01654925449881,90.01654925449881,16683081.0,sample,2026-09-24 19:05:19.660933+00:00
NVDA,2025-01-03 08:30:00+00:00,90.09578127678702,90.70985333370594,88.94900348886385,89.66354624012513,89.66354624012513,2393957.0,sample,2026-09-24 19:05:19.660933+00:00
NVDA,2025-01-03 09:30:00+00:00,89.78706226441737,90.16601925362869,88.64339668229042,89.55598278231786,89.55598278231786,7048307.0,sample,2026-09-24 19:05:19.660933+00:00
NVDA,2025-01-03 10:30:00+00:00,89.70466689219808,89.94554485235342,89.04773189628072,89.64264364404936,89.64264364404936,15240237.0,sample,2026-09-24 19:05:19.660933+00:00
NVDA,2025-01-03 11:30:00+00:00,89.37759859907518,89.9986349939424,88.75560476444184,89.76269784762297,89.76269784762297,11326336.0,sample,2026-09-24 19:05:19.660933+00:00
NVDA,2025-01-03 12:30:00+00:00,89.63074554359788,90.09566612728435,88.78765287368715,89.94889277088181,89.94889277088181,9983289.0,sample,2026-09-24 19:05:19.660933+00:00
NVDA,2025-01-03 13:30:00+00:00,89.86153436989731,90.7314738086453,89.71939211676383,89.81841597990609,89.81841597990609,17679414.0,sample,2026-09-24 19:05:19.660933+00:00
NVDA,2025-01-03 14:30:00+00:00,89.79608310318662,90.83558850371949,89.3693557085342,89.89464482144062,89.89464482144062,9066982.0,sample,2026-09-24 19:05:19.660933+00:00
NVDA,2025-01-03 15:30:00+00:00,89.7909253096641,90.60343349563452,88.86529451217339,90.3219689440511,90.3219689440511,2854513.0,sample,2026-09-24 19:05:19.660933+00:00
NVDA,2025-01-03 16:30:00+00:00,90.27266132663875,91.1788120025885,89.83978711806347,90.71160383010648,90.71160383010648,17043599.0,sample,2026-09-24 19:05:19.660933+00:00
NVDA,2025-01-03 17:30:00+00:00,90.44624830927678,91.95307910282845,89.87850314660248,90.87659628912013,90.87659628912013,6770395.0,sample,2026-09-24 19:05:19.660933+00:00
NVDA,2025-01-03 18:30:00+00:00,90.88215435218437,91.86998810792747,90.55493641813173,91.14445485457931,91.14445485457931,15683838.0,sample,2026-09-24 19:05:19.660933+00:00
NVDA,2025-01-03 19:30:00+00:00,91.27902840561936,91.97878131722942,90.47016253490136,90.56636922065826,90.56636922065826,16292717.0,sample,2026-09-24 19:05:19.660933+00:00
NVDA,2025-01-03 20:30:00+00:00,90.67397985909798,90.91599789973822,90.51121912161736,90.66868677564422,90.66868677564422,16947603.0,sample,2026-09-24 19:05:19.660933+00:00
NVDA,2025-01-03 21:30:00+00:00,90.66802978388004,91.04075518718265,90.46228099437256,90.7090640913172,90.7090640913172,17977562.0,sample,2026-09-24 19:05:19.660933+00:00
NVDA,2025-01-03 22:30:00+00:00,90.63726063036317,91.57201098747571,89.9809137613894,90.59170578765907,90.59170578765907,6981366.0,sample,2026-09-24 19:05:19.660933+00:00
NVDA,2025-01-03 23:30:00+00:00,90.47913594601302,91.12254921575746,89.7595596826177,90.68140808118757,90.68140808118757,14459413.0,sample,2026-09-24 19:05:19.660933+00:00
NVDA,2025-01-04 00:30:00+00:00,90.67159050497666,91.30391217028519,89.46313456701115,90.47099818294188,90.47099818294188,17688195.0,sample,2026-09-24 19:05:19.660933+00:00
NVDA,2025-01-04 01:30:00+00:00,89.98482822962961,90.54762113223573,89.36486132810853,90.40114251521332,90.40114251521332,16859026.0,sample,2026-09-24 19:05:19.660933+00:00
NVDA,2025-01-04 02:30:00+00:00,90.43017815766879,90.96538862814741,89.86103673166706,90.52133001117346,90.52133001117346,12967538.0,sample,2026-09-24 19:05:19.660933+00:00
NVDA,2025-01-04 03:30:00+00:00,90.65125494015584,90.89481490246294,89.4546326205447,90.41473960711177,90.41473960711177,14025827.0,sample,2026-09-24 19:05:19.660933+00:00
NVDA,2025-01-04 04:30:00+00:00,90.21685909554151,90.87127614243342,89.83614913073608,90.49639361236662,90.49639361236662,7721217.0,sample,2026-09-24 19:05:19.660933+00:00
NVDA,2025-01-04 05:30:00+00:00,90.69642343434447,91.36926590264734,90.47521947737903,90.80995377629348,90.80995377629348,8985793.0,sample,2026-09-24 19:05:19.660933+00:00
NVDA,2025-01-04 06:30:00+00:00,90.56162121213396,90.68356655957069,90.0364700108217,90.30697096960417,90.30697096960417,2273747.0,sample,2026-09-24 19:05:19.660933+00:00
NVDA,2025-01-04 07:30:00+00:00,90.29192816150761,90.41972586455708,89.08612346084425,90.10954279794474,90.10954279794474,15511216.0,sample,2026-09-24 19:05:19.660933+00:00
NVDA,2025-01-04 08:30:00+00:00,89.93352808034302,90.99619320339428,88.50324654732141,89.44531144286685,89.44531144286685,1645950.0,sample,2026-09-24 19:05:19.660933+00:00
NVDA,2025-01-04 09:30:00+00:00,89.35138894724368,90.70175263090748,88.59934015301403,89.7640534541737,89.7640534541737,10116173.0,sample,2026-09-24 19:05:19.660933+00:00
NVDA,2025-01-04 10:30:00+00:00,89.98558502472638,90.30731748176136,89.31996333204269,90.11565923527861,90.11565923527861,4337442.0,sample,2026-09-24 19:05:19.660933+00:00
NVDA,2025-01-04 11:30:00+00:00,90.12355835843728,91.01630937108693,89.08042591724157,90.3481908529586,90.3481908529586,2180858.0,sample,2026-09-24 19:05:19.660933+00:00
NVDA,2025-01-04 12:30:00+00:00,90.63648080448166,91.5931632417108,90.25471618475288,90.58945625080726,90.58945625080726,5785230.0,sample,2026-09-24 19:05:19.660933+00:00
NVDA,2025-01-04 13:30:00+00:00,90.64514168994423,91.70175060646234,89.69339603477832,90.43199256495598,90.43199256495598,7708183.0,sample,2026-09-24 19:05:19.660933+00:00
NVDA,2025-01-04 14:30:00+00:00,90.44760558859683,92.05667410588732,89.48597665924066,90.99302703238317,90.99302703238317,11432774.0,sample,2026-09-24 19:05:19.660933+00:00
NVDA,2025-01-04 15:30:00+00:00,90.82863425187358,92.00503587815585,89.79819169434494,91.33285531902047,91.33285531902047,9644999.0,sample,2026-09-24 19:05:19.660933+00:00
NVDA,2025-01-04 16:30:00+00:00,91.20273769609001,91.46637703167515,89.47861981205614,90.35188738410712,90.35188738410712,2788110.0,sample,2026-09-24 19:05:19.660933+00:00
NVDA,2025-01-04 17:30:00+00:00,90.51001780412125,91.06250114190117,89.49589356431406,90.49632863925972,90.49632863925972,5020418.0,sample,2026-09-24 19:05:19.660933+00:00
NVDA,2025-01-04 18:30:00+00:00,90.36482747453894,91.59793874834571,90.06745888382198,90.81322899977843,90.81322899977843,11283101.0,sample,2026-09-24 19:05:19.660933+00:00
NVDA,2025-01-04 19:30:00+00:00,90.9016313670494,91.88592488019664,89.90670818982268,90.38134395105354,90.38134395105354,11295977.0,sample,2026-09-24 19:05:19.660933+00:00
NVDA,2025-01-04 20:30:00+00:00,89.95276218124407,91.67562391331441,89.761533159073,90.70792018913626,90.70792018913626,13725188.0,sample,2026-09-24 19:05:19.660933+00:00
NVDA,2025-01-04 21:30:00+00:00,90.93546397796675,91.73057844508877,90.22729885837548,90.43851608127078,90.43851608127078,7292026.0,sample,2026-09-24 19:05:19.660933+00:00
NVDA,2025-01-04 22:30:00+00:00,90.43144400199542,91.22377296835563,89.24471294055506,90.08030946387177,90.08030946387177,1787435.0,sample,2026-09-24 19:05:19.660933+00:00
NVDA,2025-01-04 23:30:00+00:00,90.04331839137384,91.06288871225736,88.81657095669779,89.8540935649462,89.8540935649462,12506484.0,sample,2026-09-24 19:05:19.660933+00:00
NVDA,2025-01-05 00:30:00+00:00,89.53352965882574,91.29168717598499,88.76033106604113,90.30130150551855,90.30130150551855,13374375.0,sample,2026-09-24 19:05:19.660933+00:00
NVDA,2025-01-05 01:30:00+00:00,90.43814984888128,91.02540629412401,90.08650457138921,90.22675690380622,90.22675690380622,15106420.0,sample,2026-09-24 19:05:19.660933+00:00
NVDA,2025-01-05 02:30:00+00:00,90.07185475450257,91.28257973473907,89.78746856375454,90.46638348715163,90.46638348715163,13718457.0,sample,2026-09-24 19:05:19.660933+00:00
NVDA,2025-01-05 03:30:00+00:00,90.03944879123034,90.82625280054887,89.10149319397743,90.39397509992395,90.39397509992395,7347811.0,sample,2026-09-24 19:05:19.660933+00:00
NVDA,2025-01-05 04:30:00+00:00,90.29718631896111,91.92694972288729,89.42857387889751,91.11046808091174,91.11046808091174,1886643.0,sample,2026-09-24 19:05:19.660933+00:00
NVDA,2025-01-05 05:30:00+00:00,91.07172336796475,91.96224862176044,90.6449223919101,90.73595021847386,90.73595021847386,2997850.0,sample,2026-09-24 19:05:19.660933+00:00
NVDA,2025-01-05 06:30:00+00:00,90.840056466527,91.12987131474318,89.67887342144984,90.6110144756124,90.6110144756124,7767520.0,sample,2026-09-24 19:05:19.660933+00:00
NVDA,2025-01-05 07:30:00+00:00,90.37222180567035,91.04541712334775,89.63349833748221,90.79490518490493,90.79490518490493,11214441.0,sample,2026-09-24 19:05:19.660933+00:00
NVDA,2025-01-05 08:30:00+00:00,90.83433104776765,91.4147911501535,90.20700816601837,90.95059550416697,90.95059550416697,16249540.0,sample,2026-09-24 19:05:19.660933+00:00
NVDA,2025-01-05 09:30:00+00:00,91.03232373123966,91.47484250688343,89.95857634162174,90.39912876993155,90.39912876993155,4429674.0,sample,2026-09-24 19:05:19.660933+00:00
NVDA,2025-01-05 10:30:00+00:00,90.25723324594163,91.68009428389563,89.42641098272466,90.92367003524684,90.92367003524684,14685003.0,sample,2026-09-24 19:05:19.660933+00:00
NVDA,2025-01-05 11:30:00+00:00,91.09867698294765,91.21072461550176,90.23176220354108,90.89921719049875,90.89921719049875,2470522.0,sample,2026-09-24 19:05:19.660933+00:00
NVDA,2025-01-05 12:30:00+00:00,91.00826665547753,91.11501169177251,89.84234022844188,90.29621618860466,90.29621618860466,3901281.0,sample,2026-09-24 19:05:19.660933+00:00
NVDA,2025-01-05 13:30:00+00:00,90.54086137283255,90.94286771665709,90.15827920155319,90.33281482315977,90.33281482315977,12428686.0,sample,2026-09-24 19:05:19.660933+00:00
NVDA,2025-01-05 14:30:00+00:00,90.22499764052277,91.13031243730386,89.75114883485614,90.33782512435413,90.33782512435413,4171815.0,sample,2026-09-24 19:05:19.660933+00:00
NVDA,2025-01-05 15:30:00+00:00,90.43586558627514,90.72845733852996,88.64847325296212,89.41837756247136,89.41837756247136,2055642.0,sample,2026-09-24 19:05:19.660933+00:00
NVDA,2025-01-05 16:30:00+00:00,89.40878528106786,90.33684295954939,88.85401316337104,89.87227440456113,89.87227440456113,7115349.0,sample,2026-09-24 19:05:19.660933+00:00
NVDA,2025-01-05 17:30:00+00:00,89.72277355889035,90.32828060767534,89.30300207184924,90.03573332524917,90.03573332524917,13893347.0,sample,2026-09-24 19:05:19.660933+00:00
NVDA,2025-01-05 18:30:00+00:00,90.02586414312313,90.2663371386449,89.36392645836189,89.76342380498639,89.76342380498639,8720217.0,sample,2026-09-24 19:05:19.660933+00:00
NVDA,2025-01-05 19:30:00+00:00,89.83455970923707,90.44396076334445,88.85359487526185,89.5540439796296,89.5540439796296,5817820.0,sample,2026-09-24 19:05:19.660933+00:00
NVDA,2025-01-05 20:30:00+00:00,89.37537238506161,90.35295942898442,88.4755979399881,89.64735182352116,89.64735182352116,7076124.0,sample,2026-09-24 19:05:19.660933+00:00
NVDA,2025-01-05 21:30:00+00:00,89.64420742857558,89.82087271716019,89.14755554566742,89.5880814095638,89.5880814095638,14975874.0,sample,2026-09-24 19:05:19.660933+00:00
NVDA,2025-01-05 22:30:00+00:00,89.40651762383575,90.56702634662294,89.0112602791897,89.56658931224615,89.56658931224615,1951839.0,sample,2026-09-24 19:05:19.660933+00:00
NVDA,2025-01-05 23:30:00+00:00,89.72741430001334,89.95713553018903,88.48300612981858,89.17381816203779,89.17381816203779,10988528.0,sample,2026-09-24 19:05:19.660933+00:00
NVDA,2025-01-06 00:30:00+00:00,89.51203343979176,90.1760681332304,88.52692354621698,89.52280258215853,89.52280258215853,4518227.0,sample,2026-09-24 19:05:19.660933+00:00
NVDA,2025-01-06 01:30:00+00:00,89.71114015724709,90.7827461286195,88.50698164879353,89.55235570976207,89.55235570976207,14634936.0,sample,2026-09-24 19:05:19.660933+00:00
NVDA,2025-01-06 02:30:00+00:00,89.79265738685844,90.86399974368086,88.91824600061973,89.02641324783475,89.02641324783475,17527552.0,sample,2026-09-24 19:05:19.660933+00:00
NVDA,2025-01-06 03:30:00+00:00,89.013882106063,89.91404864200588,87.73912859493811,88.62360191172303,88.62360191172303,14158833.0,sample,2026-09-24 19:05:19.660933+00:00
NVDA,2025-01-06 04:30:00+00:00,88.5704262373365,89.81705629717389,87.95187605205808,88.9563686537683,88.9563686537683,3436438.0,sample,2026-09-24 19:05:19.660933+00:00
NVDA,2025-01-06 05:30:00+00:00,89.2000155480617,89.39996604348183,88.54736392961331,88.81164964946791,88.81164964946791,2735860.0,sample,2026-09-24 19:05:19.660933+00:00
NVDA,2025-01-06 06:30:00+00:00,88.33667799094631,89.88356834470333,87.78096146352365,89.12311472089905,89.12311472089905,9365647.0,sample,2026-09-24 19:05:19.660933+00:00
NVDA,2025-01-06 07:30:00+00:00,89.1601669303075,89.91835572951916,88.05368865395211,88.94498281069205,88.94498281069205,10751260.0,sample,2026-09-24 19:05:19.660933+00:00
NVDA,2025-01-06 08:30:00+00:00,89.04303435843053,89.58786954236231,88.59228960621972,89.2574239426284,89.2574239426284,15508441.0,sample,2026-09-24 19:05:19.660933+00:00
NVDA,2025-01-06 09:30:00+00:00,89.29238454237628,90.19423655673197,88.76073875427755,89.51540320491351,89.51540320491351,8489209.0,sample,2026-09-24 19:05:19.660933+00:00
NVDA,2025-01-06 10:30:00+00:00,89.84582519771745,90.13749903386166,89.0566528924048,89.37200738873487,89.37200738873487,15615116.0,sample,2026-09-24 19:05:19.660933+00:00
NVDA,2025-01-06 11:30:00+00:00,89.57962764319026,90.23049514594936,88.080886976016,89.0962161265897,89.0962161265897,10469776.0,sample,2026-09-24 19:05:19.660933+00:00
NVDA,2025-01-06 12:30:00+00:00,89.31845056589262,89.84196638190618,88.90377979726692,89.28581434298076,89.28581434298076,8338983.0,sample,2026-09-24 19:05:19.660933+00:00
NVDA,2025-01-06 13:30:00+00:00,89.43505765417522,90.30491172830438,89.08147547529882,89.40504146466941,89.40504146466941,11876275.0,sample,2026-09-24 19:05:19.660933+00:00
NVDA,2025-01-06 14:30:00+00:00,89.69884967254285,90.15374786004917,88.09019452740537,89.04583825193993,89.04583825193993,4739886.0,sample,2026-09-24 19:05:19.660933+00:00
NVDA,2025-01-06 15:30:00+00:00,89.0395730146953,89.482193926451,87.6538680328416,88.3432176955185,88.3432176955185,3773231.0,sample,2026-09-24 19:05:19.660933+00:00
NVDA,2025-01-06 16:30:00+00:00,88.48888317520054,89.27230923594513,88.11114320195937,88.93244227922983,88.93244227922983,16313625.0,sample,2026-09-24 19:05:19.660933+00:00
NVDA,2025-01-06 17:30:00+00:00,89.05829215542657,89.73047075981489,88.59918517345113,89.10799423555142,89.10799423555142,15185726.0,sample,2026-09-24 19:05:19.660933+00:00
NVDA,2025-01-06 18:30:00+00:00,88.95525467024375,89.46121255124868,88.62063603269961,89.1244223180836,89.1244223180836,11000162.0,sample,2026-09-24 19:05:19.660933+00:00
NVDA,2025-01-06 19:30:00+00:00,89.11432072731488,89.61436959639525,88.24722739498701,89.32365034266576,89.32365034266576,10167027.0,sample,2026-09-24 19:05:19.660933+00:00
NVDA,2025-01-06 20:30:00+00:00,89.41442752382007,90.35003389738215,88.4072184576779,89.15767122696931,89.15767122696931,8397546.0,sample,2026-09-24 19:05:19.660933+00:00
NVDA,2025-01-06 21:30:00+00:00,89.10791029219116,90.2789696018992,88.52493301999,89.80937666575636,89.80937666575636,5420924.0,sample,2026-09-24 19:05:19.660933+00:00
NVDA,2025-01-06 22:30:00+00:00,89.8341542591638,90.05492119797383,88.75054084836758,89.36659514261096,89.36659514261096,1886540.0,sample,2026-09-24 19:05:19.660933+00:00
NVDA,2025-01-06 23:30:00+00:00,89.35856619143804,90.27417884786618,88.36073992398141,89.82089111246039,89.82089111246039,17564966.0,sample,2026-09-24 19:05:19.660933+00:00
NVDA,2025-01-07 00:30:00+00:00,89.78453939693183,90.46393533416538,89.44143938719725,89.58849004423139,89.58849004423139,9885224.0,sample,2026-09-24 19:05:19.660933+00:00
NVDA,2025-01-07 01:30:00+00:00,89.58076719910756,89.8086139590892,88.19406400298237,89.074306640962,89.074306640962,12328996.0,sample,2026-09-24 19:05:19.660933+00:00
NVDA,2025-01-07 02:30:00+00:00,88.99311647502472,89.79337357489659,88.73492824575155,89.08120185078508,89.08120185078508,1677855.0,sample,2026-09-24 19:05:19.660933+00:00
NVDA,2025-01-07 03:30:00+00:00,88.98847254840321,89.41756640659311,88.1421447778655,88.95713776216735,88.95713776216735,17461657.0,sample,2026-09-24 19:05:19.660933+00:00
NVDA,2025-01-07 04:30:00+00:00,89.07117018489697,89.49443647528058,88.39116547665323,89.29285142716347,89.29285142716347,7176222.0,sample,2026-09-24 19:05:19.660933+00:00
NVDA,2025-01-07 05:30:00+00:00,89.7725412896678,89.94093190529706,89.20108008832715,89.63595689389156,89.63595689389156,10152934.0,sample,2026-09-24 19:05:19.660933+00:00
NVDA,2025-01-07 06:30:00+00:00,89.97152648759496,90.35530486540871,88.50892933338609,88.83494767677325,88.83494767677325,16008111.0,sample,2026-09-24 19:05:19.660933+00:00
NVDA,2025-01-07 07:30:00+00:00,88.76723437867163,89.42009961741924,88.43608802252305,89.15007914634444,89.15007914634444,15719729.0,sample,2026-09-24 19:05:19.660933+00:00
NVDA,2025-01-07 08:30:00+00:00,89.36742320160269,89.7677383472389,88.76788709381387,89.4062088900151,89.4062088900151,5898610.0,sample,2026-09-24 19:05:19.660933+00:00
NVDA,2025-01-07 09:30:00+00:00,89.39124757733755,90.54989479526327,88.98248706632556,90.37025242165784,90.37025242165784,15553940.0,sample,2026-09-24 19:05:19.660933+00:00
NVDA,2025-01-07 10:30:00+00:00,90.63040825447574,91.632973875548,89.8406024071775,90.31456614484634,90.31456614484634,3029378.0,sample,2026-09-24 19:05:19.660933+00:00
NVDA,2025-01-07 11:30:00+00:00,90.06077404002578,90.70078190800072,89.00571777019462,89.29746897946627,89.29746897946627,13755516.0,sample,2026-09-24 19:05:19.660933+00:00
NVDA,2025-01-07 12:30:00+00:00,89.37396324399985,89.72753402594063,88.5790918897465,89.56913474717254,89.56913474717254,8824225.0,sample,2026-09-24 19:05:19.660933+00:00
NVDA,2025-01-07 13:30:00+00:00,89.75899912070042,90.83210699024596,88.84841526123935,89.64958000104801,89.64958000104801,17989435.0,sample,2026-09-24 19:05:19.660933+00:00
NVDA,2025-01-07 14:30:00+00:00,89.80052348903726,90.33568196724681,89.62162642944932,89.79511043891107,89.79511043891107,4686230.0,sample,2026-09-24 19:05:19.660933+00:00
NVDA,2025-01-07 15:30:00+00:00,90.14587407219446,90.5398432831569,88.9269842267579,89.72335375127147,89.72335375127147,11467077.0,sample,2026-09-24 19:05:19.660933+00:00
NVDA,2025-01-07 16:30:00+00:00,89.63829507702854,90.15896144600815,88.44823052803493,89.4600699841721,89.4600699841721,12179234.0,sample,2026-09-24 19:05:19.660933+00:00
NVDA,2025-01-07 17:30:00+00:00,89.61699099085581,90.04731782499731,88.52201407756078,89.49860322757948,89.49860322757948,14375825.0,sample,2026-09-24 19:05:19.660933+00:00
NVDA,2025-01-07 18:30:00+00:00,89.67393267688738,90.25014939474956,88.73629621664101,89.63892364625862,89.63892364625862,3946605.0,sample,2026-09-24 19:05:19.660933+00:00
NVDA,2025-01-07 19:30:00+00:00,89.6311743096538,90.39398003547792,88.67205301662219,89.31324119614223,89.31324119614223,6347772.0,sample,2026-09-24 19:05:19.660933+00:00
NVDA,2025-01-07 20:30:00+00:00,89.22209492788419,90.84459093816372,88.6584636820492,90.08410817403282,90.08410817403282,15034405.0,sample,2026-09-24 19:05:19.660933+00:00
NVDA,2025-01-07 21:30:00+00:00,89.79102774548512,90.91276845623543,89.34022239234507,89.85647896470667,89.85647896470667,15194457.0,sample,2026-09-24 19:05:19.660933+00:00
NVDA,2025-01-07 22:30:00+00:00,89.95312846352515,90.90069135136342,89.0651998070666,89.68477476763745,89.68477476763745,15171706.0,sample,2026-09-24 19:05:19.660933+00:00
NVDA,2025-01-07 23:30:00+00:00,89.8383381160351,90.47718413235303,88.66489698198268,89.01295862768683,89.01295862768683,9735172.0,sample,2026-09-24 19:05:19.660933+00:00
NVDA,2025-01-08 00:30:00+00:00,88.89847856766649,90.37934520661189,88.7365137018493,89.63087989876013,89.63087989876013,3559563.0,sample,2026-09-24 19:05:19.660933+00:00
NVDA,2025-01-08 01:30:00+00:00,89.8815462047871,90.56812015340651,88.77599598799381,89.34953172808275,89.34953172808275,17381652.0,sample,2026-09-24 19:05:19.660933+00:00
NVDA,2025-01-08 02:30:00+00:00,89.41554804356493,90.77101935054242,89.11732836839197,89.73005745536169,89.73005745536169,12568379.0,sample,2026-09-24 19:05:19.660933+00:00
NVDA,2025-01-08 03:30:00+00:00,89.86348795109326,90.41352189524702,89.64653898963101,90.00722090371255,90.00722090371255,15132198.0,sample,2026-09-24 19:05:19.660933+00:00
NVDA,2025-01-08 04:30:00+00:00,90.14990308143102,90.57570309252424,88.57375944439302,89.56435193145893,89.56435193145893,10698468.0,sample,2026-09-24 19:05:19.660933+00:00
NVDA,2025-01-08 05:30:00+00:00,89.5204826276976,89.9379232757646,89.19269038159922,89.47737269964847,89.47737269964847,14474585.0,sample,2026-09-24 19:05:19.660933+00:00
NVDA,2025-01-08 06:30:00+00:00,89.59691843819888,90.09753793122304,88.41541551761694,88.88457204646126,88.88457204646126,10747979.0,sample,2026-09-24 19:05:19.660933+00:00
NVDA,2025-01-08 07:30:00+00:00,88.94852841486073,90.18894820073676,88.7681195932826,89.35369150910785,89.35369150910785,16452645.0,sample,2026-09-24 19:05:19.660933+00:00
NVDA,2025-01-08 08:30:00+00:00,89.43101995353676,90.32256852091741,89.06382877858526,89.16826138728412,89.16826138728412,11142263.0,sample,2026-09-24 19:05:19.660933+00:00
NVDA,2025-01-08 09:30:00+00:00,88.85503196256194,89.70440907267016,88.38269997218944,89.08592209512709,89.08592209512709,3064182.0,sample,2026-09-24 19:05:19.660933+00:00
NVDA,2025-01-08 10:30:00+00:00,89.14332211794236,89.74280873580344,87.9874001225799,88.58981478143508,88.58981478143508,11588599.0,sample,2026-09-24 19:05:19.660933+00:00
NVDA,2025-01-08 11:30:00+00:00,88.77575022952176,89.77268697644566,88.11784524842962,88.7480773574714,88.7480773574714,14068491.0,sample,2026-09-24 19:05:19.660933+00:00
NVDA,2025-01-08 12:30:00+00:00,88.94426968803539,89.21374593937033,88.41309623802564,88.94337896022031,88.94337896022031,1954739.0,sample,2026-09-24 19:05:19.660933+00:00
NVDA,2025-01-08 13:30:00+00:00,89.07896055264199,89.34340754295273,87.75344603428033,88.53181213517001,88.53181213517001,17851732.0,sample,2026-09-24 19:05:19.660933+00:00
NVDA,2025-01-08 14:30:00+00:00,88.41789430043823,89.59034474533557,87.53307170784703,88.7017797962167,88.7017797962167,15199917.0,sample,2026-09-24 19:05:19.660933+00:00
NVDA,2025-01-08 15:30:00+00:00,88.82013229350996,89.81794397420227,87.64482174722735,88.23328505094065,88.23328505094065,5386340.0,sample,2026-09-24 19:05:19.660933+00:00
NVDA,2025-01-08 16:30:00+00:00,88.22887985421133,88.66212928182928,87.25719318567289,88.56207830749977,88.56207830749977,17622065.0,sample,2026-09-24 19:05:19.660933+00:00
NVDA,2025-01-08 17:30:00+00:00,88.75592507448334,89.41216484200267,87.70171569414707,88.6554940551371,88.6554940551371,3940358.0,sample,2026-09-24 19:05:19.660933+00:00
NVDA,2025-01-08 18:30:00+00:00,88.67396304323317,89.83452538980855,87.94065008577653,88.93639446020576,88.93639446020576,13502146.0,sample,2026-09-24 19:05:19.660933+00:00
NVDA,2025-01-08 19:30:00+00:00,89.11710037631,90.09261202275268,88.52804914477227,88.9167618096211,88.9167618096211,5314845.0,sample,2026-09-24 19:05:19.660933+00:00
NVDA,2025-01-08 20:30:00+00:00,88.91925032052373,90.13660617912804,88.19655981901755,89.13172586878683,89.13172586878683,5861036.0,sample,2026-09-24 19:05:19.660933+00:00
NVDA,2025-01-08 21:30:00+00:00,88.95087792180182,90.00813477086055,88.02205696141014,88.9017409232702,88.9017409232702,13313608.0,sample,2026-09-24 19:05:19.660933+00:00
NVDA,2025-01-08 22:30:00+00:00,88.73644230578488,89.72858624413232,88.2948473447751,89.32059888009216,89.32059888009216,13636861.0,sample,2026-09-24 19:05:19.660933+00:00
NVDA,2025-01-08 23:30:00+00:00,89.41508718982011,90.4683790050882,88.02609695206942,88.99182192507938,88.99182192507938,13476755.0,sample,2026-09-24 19:05:19.660933+00:00
NVDA,2025-01-09 00:30:00+00:00,88.99852347273509,90.10754126695845,88.45347353585358,89.17460688426613,89.17460688426613,4707305.0,sample,2026-09-24 19:05:19.660933+00:00
NVDA,2025-01-09 01:30:00+00:00,89.38526467059786,90.07466978515957,88.47453454066607,89.02395016376224,89.02395016376224,9302773.0,sample,2026-09-24 19:05:19.660933+00:00
NVDA,2025-01-09 02:30:00+00:00,88.96406439518347,89.61334915561562,88.28659294574167,88.90869436863967,88.90869436863967,5098941.0,sample,2026-09-24 19:05:19.660933+00:00
NVDA,2025-01-09 03:30:00+00:00,88.94891474793832,89.79005770012773,88.38759669144099,88.83352688826805,88.83352688826805,6217799.0,sample,2026-09-24 19:05:19.660933+00:00
NVDA,2025-01-09 04:30:00+00:00,89.14170212385261,89.80268122701807,88.67169677749564,88.8538326858993,88.8538326858993,4758420.0,sample,2026-09-24 19:05:19.660933+00:00
NVDA,2025-01-09 05:30:00+00:00,88.62713816644843,90.1531414932361,87.8213126451936,89.39631695798711,89.39631695798711,8171503.0,sample,2026-09-24 19:05:19.660933+00:00
NVDA,2025-01-09 06:30:00+00:00,89.36881803846114,89.6739989953977,88.27724229486296,89.29961095696883,89.29961095696883,9170783.0,sample,2026-09-24 19:05:19.660933+00:00
NVDA,2025-01-09 07:30:00+00:00,89.0483579465479,89.64460431641334,88.12775071300987,89.25998511522707,89.25998511522707,13879345.0,sample,2026-09-24 19:05:19.660933+00:00
NVDA,2025-01-09 08:30:00+00:00,89.28819802545618,90.26744931836083,88.83987612989363,89.07687610392087,89.07687610392087,15992971.0,sample,2026-09-24 19:05:19.660933+00:00
NVDA,2025-01-09 09:30:00+00:00,89.15853435500958,90.60206585697647,88.59663379114455,89.58186220153746,89.58186220153746,15020142.0,sample,2026-09-24 19:05:19.660933+00:00
NVDA,2025-01-09 10:30:00+00:00,89.17650976580022,90.19056437891038,88.82480175101813,89.77874784942058,89.77874784942058,9406485.0,sample,2026-09-24 19:05:19.660933+00:00
NVDA,2025-01-09 11:30:00+00:00,89.67288817113908,89.78835679972326,89.043857906808,89.37253774443701,89.37253774443701,15105503.0,sample,2026-09-24 19:05:19.660933+00:00
NVDA,2025-01-09 12:30:00+00:00,89.51142391560595,90.40697545908021,88.52805699520027,89.50430987196242,89.50430987196242,9283921.0,sample,2026-09-24 19:05:19.660933+00:00
NVDA,2025-01-09 13:30:00+00:00,89.61263016529936,90.40872862559716,88.7770185619745,89.2732614799362,89.2732614799362,16352690.0,sample,2026-09-24 19:05:19.660933+00:00
NVDA,2025-01-09 14:30:00+00:00,89.2029527821172,89.9327264269146,88.64144490254459,89.40323302836256,89.40323302836256,12378725.0,sample,2026-09-24 19:05:19.660933+00:00
NVDA,2025-01-09 15:30:00+00:00,89.31037684971518,90.15598699263035,88.83574356113381,89.268241445517,89.268241445517,9152738.0,sample,2026-09-24 19:05:19.660933+00:00
NVDA,2025-01-09 16:30:00+00:00,89.55780410676815,89.95746991702462,88.95644580256112,89.5869057037015,89.5869057037015,6611308.0,sample,2026-09-24 19:05:19.660933+00:00
NVDA,2025-01-09 17:30:00+00:00,89.8570373451343,90.34187945676118,88.68295904697669,89.66300429063494,89.66300429063494,1977742.0,sample,2026-09-24 19:05:19.660933+00:00
NVDA,2025-01-09 18:30:00+00:00,89.49955729706974,90.3012344225056,89.25312630721221,89.69253074805877,89.69253074805877,12022808.0,sample,2026-09-24 19:05:19.660933+00:00
NVDA,2025-01-09 19:30:00+00:00,89.62467101452197,89.99174252403628,89.33828313297198,89.5782451636688,89.5782451636688,3681572.0,sample,2026-09-24 19:05:19.660933+00:00
NVDA,2025-01-09 20:30:00+00:00,89.45602380589065,90.7629842191406,88.72121216146647,90.28983661161993,90.28983661161993,16638950.0,sample,2026-09-24 19:05:19.660933+00:00
NVDA,2025-01-09 21:30:00+00:00,90.57374845501977,90.95697228496614,89.16641501033672,89.96730023743795,89.96730023743795,7271353.0,sample,2026-09-24 19:05:19.660933+00:00
NVDA,2025-01-09 22:30:00+00:00,90.28630685552771,91.17128130206689,88.61623265436506,89.3665911287022,89.3665911287022,16910469.0,sample,2026-09-24 19:05:19.660933+00:00
NVDA,2025-01-09 23:30:00+00:00,89.31653599497568,89.82828602939907,88.35233049780915,88.90089383276896,88.90089383276896,12163896.0,sample,2026-09-24 19:05:19.660933+00:00
NVDA,2025-01-10 00:30:00+00:00,88.87085095351343,89.45469673602872,88.66248424208673,89.06777784483788,89.06777784483788,14515898.0,sample,2026-09-24 19:05:19.660933+00:00
NVDA,2025-01-10 01:30:00+00:00,89.05860058336313,89.57264189260275,88.36661754853348,89.46601896059668,89.46601896059668,9195843.0,sample,2026-09-24 19:05:19.660933+00:00
NVDA,2025-01-10 02:30:00+00:00,89.42466470871481,90.26836607089835,89.24328598859081,89.42868793680167,89.42868793680167,5588962.0,sample,2026-09-24 19:05:19.660933+00:00
NVDA,2025-01-10 03:30:00+00:00,89.45223046295031,89.5697780864858,88.71652874941016,89.35066719234229,89.35066719234229,8818553.0,sample,2026-09-24 19:05:19.660933+00:00
NVDA,2025-01-10 04:30:00+00:00,89.34920870379402,90.21322618756992,88.47298406166124,89.60697805390505,89.60697805390505,9210109.0,sample,2026-09-24 19:05:19.660933+00:00
NVDA,2025-01-10 05:30:00+00:00,89.68665202471722,90.18436151038134,88.58231211040207,89.18254150926465,89.18254150926465,7246178.0,sample,2026-09-24 19:05:19.660933+00:00
NVDA,2025-01-10 06:30:00+00:00,89.18936350593589,90.42536120883615,88.63597342447896,89.43292822975029,89.43292822975029,9992500.0,sample,2026-09-24 19:05:19.660933+00:00
NVDA,2025-01-10 07:30:00+00:00,89.4272692804491,89.7286834957396,89.31143917087148,89.4797214963063,89.4797214963063,8515512.0,sample,2026-09-24 19:05:19.660933+00:00
NVDA,2025-01-10 08:30:00+00:00,89.47540708722812,90.83398508638034,88.60238623414651,89.82679128022517,89.82679128022517,10867519.0,sample,2026-09-24 19:05:19.660933+00:00
NVDA,2025-01-10 09:30:00+00:00,89.56056661066293,90.61811522100828,88.93259839392135,89.9037541410522,89.9037541410522,4527681.0,sample,2026-09-24 19:05:19.660933+00:00
NVDA,2025-01-10 10:30:00+00:00,90.05979544458346,90.89840739679867,89.57991061288598,89.96929073322691,89.96929073322691,14058095.0,sample,2026-09-24 19:05:19.660933+00:00
NVDA,2025-01-10 11:30:00+00:00,90.05895957006375,90.97599405951684,89.14825058887172,89.61221052805244,89.61221052805244,7662425.0,sample,2026-09-24 19:05:19.660933+00:00
NVDA,2025-01-10 12:30:00+00:00,89.59437506997666,90.85832735980838,88.74617748812416,89.85537519828965,89.85537519828965,16470290.0,sample,2026-09-24 19:05:19.660933+00:00
NVDA,2025-01-10 13:30:00+00:00,90.00519996813392,90.58116976010172,88.80292134730912,89.63736473672549,89.63736473672549,12089214.0,sample,2026-09-24 19:05:19.660933+00:00
NVDA,2025-01-10 14:30:00+00:00,89.5882335287289,90.38963893621766,88.96059991068057,89.2540982046813,89.2540982046813,5152147.0,sample,2026-09-24 19:05:19.660933+00:00
NVDA,2025-01-10 15:30:00+00:00,89.2828077661492,90.26291240153984,88.62046378402468,89.39184103949967,89.39184103949967,15060893.0,sample,2026-09-24 19:05:19.660933+00:00
NVDA,2025-01-10 16:30:00+00:00,89.22419763451813,90.41678358067924,88.61738191225591,89.61248203434162,89.61248203434162,13533594.0,sample,2026-09-24 19:05:19.660933+00:00
NVDA,2025-01-10 17:30:00+00:00,89.6410752410129,90.19701470820726,88.9776438533152,89.83736957808256,89.83736957808256,14848177.0,sample,2026-09-24 19:05:19.660933+00:00
NVDA,2025-01-10 18:30:00+00:00,89.92067081527196,90.06295166626185,88.76534005173482,89.78032269759491,89.78032269759491,9602998.0,sample,2026-09-24 19:05:19.660933+00:00
NVDA,2025-01-10 19:30:00+00:00,90.10727006130578,90.89083244432626,88.61678258333903,89.59045142029508,89.59045142029508,9870407.0,sample,2026-09-24 19:05:19.660933+00:00
NVDA,2025-01-10 20:30:00+00:00,89.69152092587312,90.88955057853566,88.61825162720959,89.9060634459936,89.9060634459936,5298034.0,sample,2026-09-24 19:05:19.660933+00:00
NVDA,2025-01-10 21:30:00+00:00,89.97084657948808,91.14503570909929,89.59531261376677,90.09495292946742,90.09495292946742,13306100.0,sample,2026-09-24 19:05:19.660933+00:00
NVDA,2025-01-10 22:30:00+00:00,90.12260005415789,91.13707857658363,89.38659503778891,89.8180197226249,89.8180197226249,9017556.0,sample,2026-09-24 19:05:19.660933+00:00
NVDA,2025-01-10 23:30:00+00:00,89.91091299602184,90.89312486996675,88.72969034171543,89.32862189122051,89.32862189122051,2167472.0,sample,2026-09-24 19:05:19.660933+00:00
NVDA,2025-01-11 00:30:00+00:00,89.57536004692744,90.526750792648,88.51383813203516,89.71786046810463,89.71786046810463,8746333.0,sample,2026-09-24 19:05:19.660933+00:00
NVDA,2025-01-11 01:30:00+00:00,89.64066087651128,91.28000360112658,88.94568160871887,90.39387760773681,90.39387760773681,3580287.0,sample,2026-09-24 19:05:19.660933+00:00
NVDA,2025-01-11 02:30:00+00:00,90.63292070187963,91.06595721404447,89.25971226990754,90.25810494021998,90.25810494021998,11248841.0,sample,2026-09-24 19:05:19.660933+00:00
NVDA,2025-01-11 03:30:00+00:00,90.27279529121306,91.03663466680253,89.15471870220563,89.81798336743879,89.81798336743879,8761599.0,sample,2026-09-24 19:05:19.660933+00:00
NVDA,2025-01-11 04:30:00+00:00,89.9069661337013,90.42350911490139,89.11078811228293,89.30545680287858,89.30545680287858,2589497.0,sample,2026-09-24 19:05:19.660933+00:00
NVDA,2025-01-11 05:30:00+00:00,89.38398976781377,89.50279067334053,88.6023582315854,88.98215641624151,88.98215641624151,16604978.0,sample,2026-09-24 19:05:19.660933+00:00
NVDA,2025-01-11 06:30:00+00:00,88.87629427758922,89.90427439226092,88.56998055208247,89.19489118893519,89.19489118893519,16192651.0,sample,2026-09-24 19:05:19.660933+00:00
NVDA,2025-01-11 07:30:00+00:00,89.08437364774036,89.3458397051303,87.89180118370835,88.78402104758806,88.78402104758806,7997644.0,sample,2026-09-24 19:05:19.660933+00:00
NVDA,2025-01-11 08:30:00+00:00,88.686707184162,89.08151722471275,87.44759580720012,88.27024990815626,88.27024990815626,1810255.0,sample,2026-09-24 19:05:19.660933+00:00
NVDA,2025-01-11 09:30:00+00:00,88.60392832063472,89.33100602950044,86.85394286429336,87.87106429978297,87.87106429978297,11617943.0,sample,2026-09-24 19:05:19.660933+00:00
NVDA,2025-01-11 10:30:00+00:00,88.03481207444817,88.86522130441998,86.92894106143437,87.31101150984951,87.31101150984951,17879042.0,sample,2026-09-24 19:05:19.660933+00:00
NVDA,2025-01-11 11:30:00+00:00,87.16407216155125,88.11672202035186,86.15814411928042,86.79050947544994,86.79050947544994,7841601.0,sample,2026-09-24 19:05:19.660933+00:00
NVDA,2025-01-11 12:30:00+00:00,87.04332812864622,87.5166310914399,86.31136806454231,86.75641143759358,86.75641143759358,13407999.0,sample,2026-09-24 19:05:19.660933+00:00
NVDA,2025-01-11 13:30:00+00:00,86.85685673048454,87.6969201126001,86.54990814096806,86.74331406014875,86.74331406014875,14192817.0,sample,2026-09-24 19:05:19.660933+00:00
NVDA,2025-01-11 14:30:00+00:00,86.76002753692822,87.5910895144215,85.86040501096348,86.95810080188,86.95810080188,8273537.0,sample,2026-09-24 19:05:19.660933+00:00
NVDA,2025-01-11 15:30:00+00:00,86.88269826814337,87.24276376342884,86.21105142517906,87.00196631926794,87.00196631926794,8653829.0,sample,2026-09-24 19:05:19.660933+00:00
NVDA,2025-01-11 16:30:00+00:00,86.83500919685854,87.29605103358577,85.1915664320592,86.11997196731596,86.11997196731596,13658851.0,sample,2026-09-24 19:05:19.660933+00:00
NVDA,2025-01-11 17:30:00+00:00,86.38001149191575,87.1825590538998,85.90275194014141,86.61483986058877,86.61483986058877,7233777.0,sample,2026-09-24 19:05:19.660933+00:00
NVDA,2025-01-11 18:30:00+00:00,86.74403093395445,87.5346330392819,85.89962161310027,86.60257698334323,86.60257698334323,9980679.0,sample,2026-09-24 19:05:19.660933+00:00
NVDA,2025-01-11 19:30:00+00:00,86.29149511897458,87.31387142890502,85.53338147430077,86.66771980371371,86.66771980371371,13067017.0,sample,2026-09-24 19:05:19.660933+00:00
NVDA,2025-01-11 20:30:00+00:00,86.69813633920516,87.60035020747362,85.86401291335451,86.65367776116484,86.65367776116484,5774152.0,sample,2026-09-24 19:05:19.660933+00:00
NVDA,2025-01-11 21:30:00+00:00,86.62327335338065,87.30860999112602,86.20667262636977,86.83899969337484,86.83899969337484,15797551.0,sample,2026-09-24 19:05:19.660933+00:00
NVDA,2025-01-11 22:30:00+00:00,86.76730325992823,87.51901151226706,86.27299992305547,86.45287098590462,86.45287098590462,8648476.0,sample,2026-09-24 19:05:19.660933+00:00
NVDA,2025-01-11 23:30:00+00:00,86.44869550459657,87.1342805806462,85.35994167836556,86.21045212812234,86.21045212812234,14598809.0,sample,2026-09-24 19:05:19.660933+00:00
NVDA,2025-01-12 00:30:00+00:00,86.19179176975469,86.47152599647715,86.05971161970672,86.36920410377795,86.36920410377795,7017663.0,sample,2026-09-24 19:05:19.660933+00:00
NVDA,2025-01-12 01:30:00+00:00,86.18951047555137,87.26523416709962,85.19425235411671,86.91356807339557,86.91356807339557,8272986.0,sample,2026-09-24 19:05:19.660933+00:00
NVDA,2025-01-12 02:30:00+00:00,86.64166178442049,87.50532528684447,86.2708329667399,87.12230134100373,87.12230134100373,8061697.0,sample,2026-09-24 19:05:19.660933+00:00
NVDA,2025-01-12 03:30:00+00:00,87.02593019209824,88.0469939707909,85.65560249292419,86.41560084993426,86.41560084993426,15825383.0,sample,2026-09-24 19:05:19.660933+00:00
NVDA,2025-01-12 04:30:00+00:00,86.1119542474136,87.83198649166965,85.78930482244897,86.93064519369086,86.93064519369086,1722618.0,sample,2026-09-24 19:05:19.660933+00:00
NVDA,2025-01-12 05:30:00+00:00,86.92143074428839,87.72902521295708,85.96334704071036,86.86458995670648,86.86458995670648,5260494.0,sample,2026-09-24 19:05:19.660933+00:00
NVDA,2025-01-12 06:30:00+00:00,86.74577580218175,87.18574898579027,85.74426473215904,86.8859737568533,86.8859737568533,16508716.0,sample,2026-09-24 19:05:19.660933+00:00
NVDA,2025-01-12 07:30:00+00:00,87.09225467338365,87.87503343552028,86.83452854275995,87.01423705201337,87.01423705201337,12346001.0,sample,2026-09-24 19:05:19.660933+00:00
NVDA,2025-01-12 08:30:00+00:00,86.92990542192402,88.19446639053965,86.68182377457767,87.59418504332821,87.59418504332821,8363349.0,sample,2026-09-24 19:05:19.660933+00:00
NVDA,2025-01-12 09:30:00+00:00,87.7385853337182,88.72791582039677,86.76300383384805,87.46150191341884,87.46150191341884,16278270.0,sample,2026-09-24 19:05:19.660933+00:00
NVDA,2025-01-12 10:30:00+00:00,87.47710363534681,88.2766147809283,86.98247333999575,87.53748987246368,87.53748987246368,17535011.0,sample,2026-09-24 19:05:19.660933+00:00
NVDA,2025-01-12 11:30:00+00:00,87.44156177629999,88.68837126477537,86.89598597116611,88.36513364195369,88.36513364195369,1899480.0,sample,2026-09-24 19:05:19.660933+00:00
NVDA,2025-01-12 12:30:00+00:00,88.20905226595521,89.94993504857288,87.35625152052985,88.94395110741442,88.94395110741442,3771529.0,sample,2026-09-24 19:05:19.660933+00:00
NVDA,2025-01-12 13:30:00+00:00,89.0980337361883,89.70709814287135,88.69378949506854,89.29123313291578,89.29123313291578,13976703.0,sample,2026-09-24 19:05:19.660933+00:00
NVDA,2025-01-12 14:30:00+00:00,88.99258682443813,89.77967705351988,88.29344780188362,89.38004744464146,89.38004744464146,14790962.0,sample,2026-09-24 19:05:19.660933+00:00
NVDA,2025-01-12 15:30:00+00:00,89.32430850396331,90.10568550626726,88.65461881395234,89.48742133337292,89.48742133337292,15577836.0,sample,2026-09-24 19:05:19.660933+00:00
NVDA,2025-01-12 16:30:00+00:00,89.32702447296467,90.46862725653195,88.7994241546431,89.75891023546464,89.75891023546464,10638667.0,sample,2026-09-24 19:05:19.660933+00:00
NVDA,2025-01-12 17:30:00+00:00,89.72869102539535,90.63743507922815,89.1247571845676,89.78187828927237,89.78187828927237,9804880.0,sample,2026-09-24 19:05:19.660933+00:00
NVDA,2025-01-12 18:30:00+00:00,89.59882782310102,90.53015731933665,88.66858195091238,89.5017264872286,89.5017264872286,12061668.0,sample,2026-09-24 19:05:19.660933+00:00
NVDA,2025-01-12 19:30:00+00:00,89.6259905101999,89.96280359118238,89.25996626258957,89.42227925958471,89.42227925958471,5763828.0,sample,2026-09-24 19:05:19.660933+00:00
NVDA,2025-01-12 20:30:00+00:00,89.40473038944344,89.92478308578254,89.03519401528452,89.48446971464169,89.48446971464169,13418385.0,sample,2026-09-24 19:05:19.660933+00:00
NVDA,2025-01-12 21:30:00+00:00,89.34730295524783,90.3882486759397,88.31232087148985,89.81905515248286,89.81905515248286,3649251.0,sample,2026-09-24 19:05:19.660933+00:00
NVDA,2025-01-12 22:30:00+00:00,89.77053248346958,91.01787663372916,88.74737968556016,89.99311120204766,89.99311120204766,3765282.0,sample,2026-09-24 19:05:19.660933+00:00
NVDA,2025-01-12 23:30:00+00:00,89.62387810553828,90.92941541282015,88.71225713809034,90.06011763314903,90.06011763314903,5377248.0,sample,2026-09-24 19:05:19.660933+00:00
NVDA,2025-01-13 00:30:00+00:00,90.12843224149893,90.2598765490697,89.16747011989146,90.02378081570964,90.02378081570964,17925692.0,sample,2026-09-24 19:05:19.660933+00:00
NVDA,2025-01-13 01:30:00+00:00,89.70901653908025,91.06028138640278,89.17861043105673,90.69822383973403,90.69822383973403,16468004.0,sample,2026-09-24 19:05:19.660933+00:00
NVDA,2025-01-13 02:30:00+00:00,90.7864329818414,91.7996957775247,89.88156581009456,91.24399530945145,91.24399530945145,10149080.0,sample,2026-09-24 19:05:19.660933+00:00
NVDA,2025-01-13 03:30:00+00:00,91.14504135692982,91.64428788479296,90.40153294568475,91.55116897603344,91.55116897603344,5919651.0,sample,2026-09-24 19:05:19.660933+00:00
NVDA,2025-01-13 04:30:00+00:00,91.63423492057336,92.15224335602659,91.43226202508215,91.81458583872516,91.81458583872516,11947530.0,sample,2026-09-24 19:05:19.660933+00:00
NVDA,2025-01-13 05:30:00+00:00,91.99152638513472,92.6547936180098,91.11384636650176,92.01049877626983,92.01049877626983,11802888.0,sample,2026-09-24 19:05:19.660933+00:00
NVDA,2025-01-13 06:30:00+00:00,92.0970396181527,92.90207873593205,91.16856025839743,91.90835546517295,91.90835546517295,9859358.0,sample,2026-09-24 19:05:19.660933+00:00
NVDA,2025-01-13 07:30:00+00:00,92.20207176249309,92.50952562695751,90.91508859145641,91.80246034256129,91.80246034256129,12811198.0,sample,2026-09-24 19:05:19.660933+00:00
NVDA,2025-01-13 08:30:00+00:00,91.91984945954015,92.3647346181568,91.737977364429,91.84674744887832,91.84674744887832,9903991.0,sample,2026-09-24 19:05:19.660933+00:00
NVDA,2025-01-13 09:30:00+00:00,92.00096377481485,93.04002021657882,91.7398842161742,91.94395065331115,91.94395065331115,6015373.0,sample,2026-09-24 19:05:19.660933+00:00
NVDA,2025-01-13 10:30:00+00:00,91.94924233025765,92.88157550832685,91.34462598954185,92.2426423233293,92.2426423233293,12658331.0,sample,2026-09-24 19:05:19.660933+00:00
NVDA,2025-01-13 11:30:00+00:00,92.51975435117832,93.48916925518932,91.28474954276751,91.96500934686132,91.96500934686132,11715812.0,sample,2026-09-24 19:05:19.660933+00:00
NVDA,2025-01-13 12:30:00+00:00,92.09080327930648,93.18668007988764,91.95320661031788,92.46525711446058,92.46525711446058,11096681.0,sample,2026-09-24 19:05:19.660933+00:00
NVDA,2025-01-13 13:30:00+00:00,92.50494829447784,93.2389561051902,91.99899015311951,92.10932758511966,92.10932758511966,3862346.0,sample,2026-09-24 19:05:19.660933+00:00
NVDA,2025-01-13 14:30:00+00:00,91.87971536377442,92.46401610080126,91.08294352851856,92.2679927227862,92.2679927227862,3771370.0,sample,2026-09-24 19:05:19.660933+00:00
NVDA,2025-01-13 15:30:00+00:00,92.10045888259695,93.37976764659646,91.69276591908088,92.37718538169764,92.37718538169764,6219621.0,sample,2026-09-24 19:05:19.660933+00:00
NVDA,2025-01-13 16:30:00+00:00,92.30544221902781,92.6909358931289,91.2771350801517,92.59237568008763,92.59237568008763,12971743.0,sample,2026-09-24 19:05:19.660933+00:00
NVDA,2025-01-13 17:30:00+00:00,92.65477680536566,93.2881843378008,92.55904598701396,92.66614220416416,92.66614220416416,10430653.0,sample,2026-09-24 19:05:19.660933+00:00
NVDA,2025-01-13 18:30:00+00:00,92.9909756629779,94.56528008032299,92.55155686327561,93.62711240696787,93.62711240696787,12268565.0,sample,2026-09-24 19:05:19.660933+00:00
NVDA,2025-01-13 19:30:00+00:00,93.60950123058741,94.18731565554022,93.17998902861204,93.87563723921208,93.87563723921208,17008392.0,sample,2026-09-24 19:05:19.660933+00:00
NVDA,2025-01-13 20:30:00+00:00,93.97457325925076,94.25408812519034,92.7619115213612,93.58552729422095,93.58552729422095,2900387.0,sample,2026-09-24 19:05:19.660933+00:00
NVDA,2025-01-13 21:30:00+00:00,93.60681984950945,94.15636676717777,92.67584104903742,93.51953698068455,93.51953698068455,7397704.0,sample,2026-09-24 19:05:19.660933+00:00
NVDA,2025-01-13 22:30:00+00:00,93.10882841494912,94.23044426263698,92.42501074971652,93.64815919583707,93.64815919583707,15010806.0,sample,2026-09-24 19:05:19.660933+00:00
NVDA,2025-01-13 23:30:00+00:00,93.57710967715504,93.78304497716148,92.04032104727011,93.0287537991501,93.0287537991501,12425711.0,sample,2026-09-24 19:05:19.660933+00:00
NVDA,2025-01-14 00:30:00+00:00,92.7438738149528,93.87973874246065,92.07813683390435,93.19049374065693,93.19049374065693,7469104.0,sample,2026-09-24 19:05:19.660933+00:00
NVDA,2025-01-14 01:30:00+00:00,93.02714803076493,94.04389855300413,91.9872757856531,93.21393433164562,93.21393433164562,12820550.0,sample,2026-09-24 19:05:19.660933+00:00
NVDA,2025-01-14 02:30:00+00:00,93.16386738794193,93.45743489919013,92.16560093675932,93.2964764104506,93.2964764104506,12777766.0,sample,2026-09-24 19:05:19.660933+00:00
NVDA,2025-01-14 03:30:00+00:00,93.4833471987951,94.37668084652732,93.26449905265048,93.54017789718395,93.54017789718395,7537110.0,sample,2026-09-24 19:05:19.660933+00:00
NVDA,2025-01-14 04:30:00+00:00,93.38902192050648,93.7240936737895,92.96081988472909,93.43231788463135,93.43231788463135,9145652.0,sample,2026-09-24 19:05:19.660933+00:00
NVDA,2025-01-14 05:30:00+00:00,93.65163493815115,93.83534593096265,91.23442556727994,92.27343485201087,92.27343485201087,9876965.0,sample,2026-09-24 19:05:19.660933+00:00
NVDA,2025-01-14 06:30:00+00:00,92.12863847257564,92.51152653639002,90.94813045367732,91.92536950976991,91.92536950976991,9775921.0,sample,2026-09-24 19:05:19.660933+00:00
NVDA,2025-01-14 07:30:00+00:00,91.93607206661291,93.03883810820864,90.63530912921871,91.62134993500781,91.62134993500781,2029739.0,sample,2026-09-24 19:05:19.660933+00:00
NVDA,2025-01-14 08:30:00+00:00,91.25590263922844,93.1931056807748,90.61894437577011,92.22598073927588,92.22598073927588,10677847.0,sample,2026-09-24 19:05:19.660933+00:00
NVDA,2025-01-14 09:30:00+00:00,92.04509684096243,92.86514944970311,90.7958183803825,91.83036805389132,91.83036805389132,9817275.0,sample,2026-09-24 19:05:19.660933+00:00
NVDA,2025-01-14 10:30:00+00:00,91.74520099919476,92.90709077641566,91.60533913764708,92.04727644314242,92.04727644314242,7778276.0,sample,2026-09-24 19:05:19.660933+00:00
NVDA,2025-01-14 11:30:00+00:00,92.05365981319451,92.80572551804983,91.14815989515783,92.02414943156018,92.02414943156018,11019590.0,sample,2026-09-24 19:05:19.660933+00:00
NVDA,2025-01-14 12:30:00+00:00,92.22214252341229,92.41914394802743,91.5511160491597,91.69616236250614,91.69616236250614,12458980.0,sample,2026-09-24 19:05:19.660933+00:00
NVDA,2025-01-14 13:30:00+00:00,91.87683663802989,92.81322815718387,90.71841605728837,91.72104549699617,91.72104549699617,16069976.0,sample,2026-09-24 19:05:19.660933+00:00
NVDA,2025-01-14 14:30:00+00:00,91.67109293103081,91.813641152977,90.6417625320263,91.67869225141875,91.67869225141875,7452379.0,sample,2026-09-24 19:05:19.660933+00:00
NVDA,2025-01-14 15:30:00+00:00,91.77811649624702,93.33010662169899,91.54750499024907,92.22436730229187,92.22436730229187,4252365.0,sample,2026-09-24 19:05:19.660933+00:00
NVDA,2025-01-14 16:30:00+00:00,92.2136771926341,92.79202826034452,92.04755427541785,92.51109776280651,92.51109776280651,9525752.0,sample,2026-09-24 19:05:19.660933+00:00
NVDA,2025-01-14 17:30:00+00:00,92.371174244461,93.59289346954642,91.9634817197681,92.63760629770941,92.63760629770941,14080530.0,sample,2026-09-24 19:05:19.660933+00:00
NVDA,2025-01-14 18:30:00+00:00,92.60453185267777,93.45102729178836,92.26246916010022,92.501863903301,92.501863903301,11384910.0,sample,2026-09-24 19:05:19.660933+00:00
NVDA,2025-01-14 19:30:00+00:00,92.47809388396324,93.14533326463032,92.14765553954098,92.64857984401839,92.64857984401839,10144666.0,sample,2026-09-24 19:05:19.660933+00:00
NVDA,2025-01-14 20:30:00+00:00,92.56393028215317,93.69738884526355,91.55420302321907,92.9310100807088,92.9310100807088,14092938.0,sample,2026-09-24 19:05:19.660933+00:00
NVDA,2025-01-14 21:30:00+00:00,93.16914897771865,94.30799647066952,92.90392331834552,93.2826398531227,93.2826398531227,6027928.0,sample,2026-09-24 19:05:19.660933+00:00
NVDA,2025-01-14 22:30:00+00:00,92.96161718585623,94.00864978209547,92.61033895313895,93.55842590102296,93.55842590102296,11436400.0,sample,2026-09-24 19:05:19.660933+00:00
NVDA,2025-01-14 23:30:00+00:00,93.54787873290566,93.67216824130857,92.32510301121003,93.33329696593114,93.33329696593114,12542536.0,sample,2026-09-24 19:05:19.660933+00:00
NVDA,2025-01-15 00:30:00+00:00,93.3500933891289,94.01663428500238,93.06737148067369,93.33262757723904,93.33262757723904,11931504.0,sample,2026-09-24 19:05:19.660933+00:00
NVDA,2025-01-15 01:30:00+00:00,93.2513095287413,94.3732895798529,92.42278190182492,93.35886459628594,93.35886459628594,8803703.0,sample,2026-09-24 19:05:19.660933+00:00
NVDA,2025-01-15 02:30:00+00:00,93.41774006118754,93.77518860564295,92.59866470084327,93.38960999922772,93.38960999922772,2549071.0,sample,2026-09-24 19:05:19.660933+00:00
NVDA,2025-01-15 03:30:00+00:00,93.43142939148845,93.79839032636157,92.78073160307669,92.9965325943092,92.9965325943092,14377443.0,sample,2026-09-24 19:05:19.660933+00:00
NVDA,2025-01-15 04:30:00+00:00,92.91258101902245,93.09568466396743,92.5120458275339,92.94880615718048,92.94880615718048,16618791.0,sample,2026-09-24 19:05:19.660933+00:00
NVDA,2025-01-15 05:30:00+00:00,93.23784012265351,94.23832509046487,92.13232451039724,92.53898785005607,92.53898785005607,16805165.0,sample,2026-09-24 19:05:19.660933+00:00
NVDA,2025-01-15 06:30:00+00:00,92.41638480359065,93.74529847052078,91.99846223593984,92.92515683397133,92.92515683397133,2263587.0,sample,2026-09-24 19:05:19.660933+00:00
NVDA,2025-01-15 07:30:00+00:00,92.91300104320406,93.79416741724778,92.23775615576146,93.30306797404076,93.30306797404076,1813296.0,sample,2026-09-24 19:05:19.660933+00:00
NVDA,2025-01-15 08:30:00+00:00,93.36594176028412,93.89326048593198,92.9831702210453,93.3971769459999,93.3971769459999,10753630.0,sample,2026-09-24 19:05:19.660933+00:00
NVDA,2025-01-15 09:30:00+00:00,93.62624304380545,93.9537209397632,92.76585227418568,93.6030974301916,93.6030974301916,11866383.0,sample,2026-09-24 19:05:19.660933+00:00
NVDA,2025-01-15 10:30:00+00:00,93.70086305452398,94.3482120610571,93.1873753885561,94.03975167310529,94.03975167310529,16511653.0,sample,2026-09-24 19:05:19.660933+00:00
NVDA,2025-01-15 11:30:00+00:00,94.05692662920777,95.01826967807003,93.03393801346348,93.67470576194448,93.67470576194448,5616775.0,sample,2026-09-24 19:05:19.660933+00:00
NVDA,2025-01-15 12:30:00+00:00,93.64705869312947,94.42069754939853,93.03857725343211,93.95603195465955,93.95603195465955,3370895.0,sample,2026-09-24 19:05:19.660933+00:00
NVDA,2025-01-15 13:30:00+00:00,93.99207545678684,94.8171315461372,92.91735600322416,93.75724102307383,93.75724102307383,13805999.0,sample,2026-09-24 19:05:19.660933+00:00
NVDA,2025-01-15 14:30:00+00:00,93.75933637643685,95.05182533645197,92.68706334672721,94.08714147760193,94.08714147760193,6568081.0,sample,2026-09-24 19:05:19.660933+00:00
NVDA,2025-01-15 15:30:00+00:00,94.19060856252804,95.32532634353932,94.05231115151695,94.34061398036997,94.34061398036997,5499816.0,sample,2026-09-24 19:05:19.660933+00:00
NVDA,2025-01-15 16:30:00+00:00,94.50069913906601,95.48973443388815,93.7828253593735,94.3888834392931,94.3888834392931,3879306.0,sample,2026-09-24 19:05:19.660933+00:00
NVDA,2025-01-15 17:30:00+00:00,94.49504896970844,95.23893457154583,93.69329661116163,94.696244570144,94.696244570144,8509247.0,sample,2026-09-24 19:05:19.660933+00:00
NVDA,2025-01-15 18:30:00+00:00,94.58861220600164,95.42645833124506,93.75722198503314,94.79255987747663,94.79255987747663,17154622.0,sample,2026-09-24 19:05:19.660933+00:00
NVDA,2025-01-15 19:30:00+00:00,94.51757858239043,95.66412496267736,94.34491629210308,94.96554342134719,94.96554342134719,5885194.0,sample,2026-09-24 19:05:19.660933+00:00
NVDA,2025-01-15 20:30:00+00:00,94.79089376682735,96.29068599144534,94.31415578202244,95.32309918287378,95.32309918287378,2576134.0,sample,2026-09-24 19:05:19.660933+00:00
NVDA,2025-01-15 21:30:00+00:00,95.11813283892161,95.34841251988229,94.492009944357,95.1748154759233,95.1748154759233,4183555.0,sample,2026-09-24 19:05:19.660933+00:00
NVDA,2025-01-15 22:30:00+00:00,95.14594843370882,95.90203719193167,93.87309752927175,94.86812342834264,94.86812342834264,14099209.0,sample,2026-09-24 19:05:19.660933+00:00
NVDA,2025-01-15 23:30:00+00:00,94.72129774433208,95.05276467246769,94.04113162152115,94.489389305549,94.489389305549,7149676.0,sample,2026-09-24 19:05:19.660933+00:00
NVDA,2025-01-16 00:30:00+00:00,94.61836754394797,94.98658249448604,93.34990812658707,93.8273754723074,93.8273754723074,4202927.0,sample,2026-09-24 19:05:19.660933+00:00
NVDA,2025-01-16 01:30:00+00:00,93.83477543514265,94.52835913141712,92.96882475871166,94.32490510435146,94.32490510435146,10027616.0,sample,2026-09-24 19:05:19.660933+00:00
NVDA,2025-01-16 02:30:00+00:00,94.4299909948407,94.6889426603412,94.10477850518834,94.2891816676522,94.2891816676522,15596376.0,sample,2026-09-24 19:05:19.660933+00:00
NVDA,2025-01-16 03:30:00+00:00,94.18245619854673,95.09789706437554,92.84866473827948,93.91149514554036,93.91149514554036,9136806.0,sample,2026-09-24 19:05:19.660933+00:00
NVDA,2025-01-16 04:30:00+00:00,93.88425841878268,94.68182984680787,93.10941914647101,93.80456669057912,93.80456669057912,3473954.0,sample,2026-09-24 19:05:19.660933+00:00
NVDA,2025-01-16 05:30:00+00:00,94.0434073951684,94.29306951684754,93.33235836198311,93.92102970813163,93.92102970813163,17012192.0,sample,2026-09-24 19:05:19.660933+00:00
NVDA,2025-01-16 06:30:00+00:00,94.22560647370835,94.8346898331657,93.30374264794051,93.65751551929763,93.65751551929763,8738306.0,sample,2026-09-24 19:05:19.660933+00:00
NVDA,2025-01-16 07:30:00+00:00,93.3583399212509,95.36965220420218,93.06738587422367,94.50960807914015,94.50960807914015,17020051.0,sample,2026-09-24 19:05:19.660933+00:00
NVDA,2025-01-16 08:30:00+00:00,94.51233193831757,95.91716029849728,93.58788248018448,95.00380828171981,95.00380828171981,5216192.0,sample,2026-09-24 19:05:19.660933+00:00
NVDA,2025-01-16 09:30:00+00:00,95.04700501860799,96.16511211899955,94.25200475917026,95.24142557995955,95.24142557995955,17695774.0,sample,2026-09-24 19:05:19.660933+00:00
NVDA,2025-01-16 10:30:00+00:00,95.4184438332117,95.66953275030781,94.21227772371945,95.25746045942788,95.25746045942788,2067576.0,sample,2026-09-24 19:05:19.660933+00:00
NVDA,2025-01-16 11:30:00+00:00,95.36169366382781,95.95917734019494,94.15650397833565,95.27342512956179,95.27342512956179,13357779.0,sample,2026-09-24 19:05:19.660933+00:00
NVDA,2025-01-16 12:30:00+00:00,95.01698866354957,95.85267847455219,94.079762788039,94.80153478513873,94.80153478513873,17881775.0,sample,2026-09-24 19:05:19.660933+00:00
NVDA,2025-01-16 13:30:00+00:00,94.76488878755127,95.65432907872788,93.9349935287294,95.30045744945866,95.30045744945866,11868179.0,sample,2026-09-24 19:05:19.660933+00:00
NVDA,2025-01-16 14:30:00+00:00,95.41293891502959,95.73385084433646,94.2942644194862,95.44350743605538,95.44350743605538,17313871.0,sample,2026-09-24 19:05:19.660933+00:00
NVDA,2025-01-16 15:30:00+00:00,95.15718970803778,96.3049905287927,94.04398145450259,95.53012269134263,95.53012269134263,2975983.0,sample,2026-09-24 19:05:19.660933+00:00
NVDA,2025-01-16 16:30:00+00:00,95.73327697014525,96.865072697496,95.2278487539963,95.61470950312584,95.61470950312584,5702636.0,sample,2026-09-24 19:05:19.660933+00:00
NVDA,2025-01-16 17:30:00+00:00,95.71131257553792,96.9802804616385,94.59413499493786,96.24062466746607,96.24062466746607,12002883.0,sample,2026-09-24 19:05:19.660933+00:00
NVDA,2025-01-16 18:30:00+00:00,95.88528807458646,96.53407187549777,95.61132550911697,96.34477044224815,96.34477044224815,16106814.0,sample,2026-09-24 19:05:19.660933+00:00
NVDA,2025-01-16 19:30:00+00:00,96.54839246651461,97.33687344065991,96.23777072871356,96.59934782987705,96.59934782987705,12918798.0,sample,2026-09-24 19:05:19.660933+00:00
NVDA,2025-01-16 20:30:00+00:00,96.6106324503804,97.47951809416841,95.86413761771722,96.25959875052915,96.25959875052915,11839523.0,sample,2026-09-24 19:05:19.660933+00:00
NVDA,2025-01-16 21:30:00+00:00,96.41650752031236,97.41300003873776,95.41092594972432,96.26814160150175,96.26814160150175,17655090.0,sample,2026-09-24 19:05:19.660933+00:00
NVDA,2025-01-16 22:30:00+00:00,96.59093792285387,97.21037509749067,95.97797617032276,96.23220671165254,96.23220671165254,4628541.0,sample,2026-09-24 19:05:19.660933+00:00
NVDA,2025-01-16 23:30:00+00:00,96.4119387226255,97.1985706216233,94.88187311453095,95.60085068493407,95.60085068493407,11354726.0,sample,2026-09-24 19:05:19.660933+00:00
NVDA,2025-01-17 00:30:00+00:00,95.61357376915939,96.26082727637463,94.5358995654181,95.56179686019483,95.56179686019483,16478859.0,sample,2026-09-24 19:05:19.660933+00:00
NVDA,2025-01-17 01:30:00+00:00,95.45989031042245,96.41820439355597,95.17202398290199,95.38830676086815,95.38830676086815,7576953.0,sample,2026-09-24 19:05:19.660933+00:00
NVDA,2025-01-17 02:30:00+00:00,95.16825139400726,96.43233347362262,94.77743763627241,95.96499568726982,95.96499568726982,13236167.0,sample,2026-09-24 19:05:19.660933+00:00
NVDA,2025-01-17 03:30:00+00:00,96.37853289667399,97.2656049278249,95.36419979267674,96.11252549628004,96.11252549628004,9294016.0,sample,2026-09-24 19:05:19.660933+00:00
NVDA,2025-01-17 04:30:00+00:00,96.45554465332677,97.47007090424688,94.98516097096702,95.84974381339856,95.84974381339856,10116640.0,sample,2026-09-24 19:05:19.660933+00:00
NVDA,2025-01-17 05:30:00+00:00,95.79488890492892,96.44421980169412,94.63785682404844,95.48132512173045,95.48132512173045,10690128.0,sample,2026-09-24 19:05:19.660933+00:00
NVDA,2025-01-17 06:30:00+00:00,95.4545350664292,96.93859286569685,94.88587864689968,96.18108463790715,96.18108463790715,3744124.0,sample,2026-09-24 19:05:19.660933+00:00
NVDA,2025-01-17 07:30:00+00:00,96.30394378824306,96.55812658678362,95.22179582577736,96.39402831625381,96.39402831625381,9726181.0,sample,2026-09-24 19:05:19.660933+00:00
NVDA,2025-01-17 08:30:00+00:00,96.31256601854972,96.78289933112801,95.719329180025,95.87350386211114,95.87350386211114,7297824.0,sample,2026-09-24 19:05:19.660933+00:00
NVDA,2025-01-17 09:30:00+00:00,95.93262577573478,96.54076420752698,95.047819460787,96.20710337235873,96.20710337235873,10208026.0,sample,2026-09-24 19:05:19.660933+00:00
NVDA,2025-01-17 10:30:00+00:00,96.07762994133881,96.79305271430276,95.33722345813213,95.91355488697897,95.91355488697897,7369624.0,sample,2026-09-24 19:05:19.660933+00:00
NVDA,2025-01-17 11:30:00+00:00,95.97500847825098,96.29352323509171,95.4830035541648,95.57968834458107,95.57968834458107,9031698.0,sample,2026-09-24 19:05:19.660933+00:00
NVDA,2025-01-17 12:30:00+00:00,95.71538910156458,96.51477530859827,94.70949866514276,95.36897467651511,95.36897467651511,9617326.0,sample,2026-09-24 19:05:19.660933+00:00
NVDA,2025-01-17 13:30:00+00:00,95.23239332007037,95.49336998065807,94.10180352610428,94.9397859186227,94.9397859186227,16212094.0,sample,2026-09-24 19:05:19.660933+00:00
NVDA,2025-01-17 14:30:00+00:00,94.97597367413448,96.04550362984438,94.63466677580831,94.80289023774056,94.80289023774056,9825882.0,sample,2026-09-24 19:05:19.660933+00:00
NVDA,2025-01-17 15:30:00+00:00,95.04594109979763,96.06100777171135,94.6107856841586,94.92009186059654,94.92009186059654,2256645.0,sample,2026-09-24 19:05:19.660933+00:00
NVDA,2025-01-17 16:30:00+00:00,94.8762570546838,95.59867655641604,93.66756120148588,94.69908448766488,94.69908448766488,6570999.0,sample,2026-09-24 19:05:19.660933+00:00
NVDA,2025-01-17 17:30:00+00:00,94.7310218950479,95.32265986774189,93.66367749552346,94.62560816976539,94.62560816976539,6776918.0,sample,2026-09-24 19:05:19.660933+00:00
NVDA,2025-01-17 18:30:00+00:00,94.477375791458,95.55263103746428,94.37248955920518,94.66520485005776,94.66520485005776,12972814.0,sample,2026-09-24 19:05:19.660933+00:00
NVDA,2025-01-17 19:30:00+00:00,94.76250661044942,94.97731549030124,93.02518612672593,93.97936150644898,93.97936150644898,11255937.0,sample,2026-09-24 19:05:19.660933+00:00
NVDA,2025-01-17 20:30:00+00:00,93.86159504552785,94.07596867368362,93.7560679430709,93.87631430873333,93.87631430873333,16281026.0,sample,2026-09-24 19:05:19.660933+00:00
NVDA,2025-01-17 21:30:00+00:00,94.04213588083722,94.43257463051455,93.01257973771804,93.56739855615547,93.56739855615547,8284613.0,sample,2026-09-24 19:05:19.660933+00:00
NVDA,2025-01-17 22:30:00+00:00,93.22030597818637,94.67606129276822,92.44019389135556,93.69748082356716,93.69748082356716,5945732.0,sample,2026-09-24 19:05:19.660933+00:00
NVDA,2025-01-17 23:30:00+00:00,93.76394804215042,94.3706446129199,92.86824896425327,94.16204645013073,94.16204645013073,11238468.0,sample,2026-09-24 19:05:19.660933+00:00
NVDA,2025-01-18 00:30:00+00:00,94.16545291815285,95.16958364458955,93.74555254113929,93.91524586372631,93.91524586372631,12453160.0,sample,2026-09-24 19:05:19.660933+00:00
NVDA,2025-01-18 01:30:00+00:00,94.04648771478404,94.66145253920662,93.535698480011,94.19122140374238,94.19122140374238,11692443.0,sample,2026-09-24 19:05:19.660933+00:00
NVDA,2025-01-18 02:30:00+00:00,94.0764378279098,95.20142111567134,93.59808373503058,93.8683777308615,93.8683777308615,2960035.0,sample,2026-09-24 19:05:19.660933+00:00
NVDA,2025-01-18 03:30:00+00:00,93.8185150975003,94.64200500494847,92.51828068110827,93.31577524983523,93.31577524983523,13757951.0,sample,2026-09-24 19:05:19.660933+00:00
NVDA,2025-01-18 04:30:00+00:00,92.97776979392287,93.25672830971043,92.80502998849148,93.0000846582895,93.0000846582895,3475842.0,sample,2026-09-24 19:05:19.660933+00:00
NVDA,2025-01-18 05:30:00+00:00,92.92454308803195,93.8808127056242,92.08980842100772,92.91920801135446,92.91920801135446,4167140.0,sample,2026-09-24 19:05:19.660933+00:00
NVDA,2025-01-18 06:30:00+00:00,93.0797614708764,93.34706807792459,92.71134711910906,92.92758838384272,92.92758838384272,6853438.0,sample,2026-09-24 19:05:19.660933+00:00
NVDA,2025-01-18 07:30:00+00:00,93.4825132049767,94.0338821698145,92.60567498489814,92.83573983683294,92.83573983683294,3928628.0,sample,2026-09-24 19:05:19.660933+00:00
NVDA,2025-01-18 08:30:00+00:00,93.21088191650301,93.53375746876507,92.08545016809313,92.67312399913155,92.67312399913155,14984913.0,sample,2026-09-24 19:05:19.660933+00:00
NVDA,2025-01-18 09:30:00+00:00,92.7741896896738,93.21388238031517,92.58135166892865,93.00155551557695,93.00155551557695,4575751.0,sample,2026-09-24 19:05:19.660933+00:00
NVDA,2025-01-18 10:30:00+00:00,93.1094774250189,94.18483820089003,92.26181985852428,93.05146522328398,93.05146522328398,3521708.0,sample,2026-09-24 19:05:19.660933+00:00
NVDA,2025-01-18 11:30:00+00:00,93.16900010139182,94.26094949307193,92.69789966628592,92.87435221141712,92.87435221141712,16827688.0,sample,2026-09-24 19:05:19.660933+00:00
NVDA,2025-01-18 12:30:00+00:00,92.68553515355956,93.56694721947686,91.77915281751554,92.97920073445337,92.97920073445337,16474643.0,sample,2026-09-24 19:05:19.660933+00:00
NVDA,2025-01-18 13:30:00+00:00,92.59177296801295,92.94331875310084,92.11909536282643,92.7798042149789,92.7798042149789,13517324.0,sample,2026-09-24 19:05:19.660933+00:00
NVDA,2025-01-18 14:30:00+00:00,92.99455935499189,94.03260918286911,92.47087621605925,93.54051907765756,93.54051907765756,14127495.0,sample,2026-09-24 19:05:19.660933+00:00
NVDA,2025-01-18 15:30:00+00:00,93.25499887745606,95.17581141151108,92.85082221943208,94.11975590273289,94.11975590273289,8367276.0,sample,2026-09-24 19:05:19.660933+00:00
NVDA,2025-01-18 16:30:00+00:00,94.19543311891897,94.64682774361495,92.9334242426525,93.82125659414345,93.82125659414345,2252172.0,sample,2026-09-24 19:05:19.660933+00:00
NVDA,2025-01-18 17:30:00+00:00,93.83145052892037,93.95457526554924,92.97955854609899,93.4668940907236,93.4668940907236,14221808.0,sample,2026-09-24 19:05:19.660933+00:00
NVDA,2025-01-18 18:30:00+00:00,93.37505421375747,94.21466244043224,93.15769635143225,93.73747483645244,93.73747483645244,11478348.0,sample,2026-09-24 19:05:19.660933+00:00
NVDA,2025-01-18 19:30:00+00:00,93.62703031815309,94.0676693246456,93.37711367534645,93.64889552302509,93.64889552302509,13935632.0,sample,2026-09-24 19:05:19.660933+00:00
NVDA,2025-01-18 20:30:00+00:00,93.70644105119864,94.37805707733237,92.47496443911564,93.51156300759622,93.51156300759622,5408063.0,sample,2026-09-24 19:05:19.660933+00:00
NVDA,2025-01-18 21:30:00+00:00,93.25705647374197,93.86708269774645,92.86085483067278,93.21286138767634,93.21286138767634,11697766.0,sample,2026-09-24 19:05:19.660933+00:00
NVDA,2025-01-18 22:30:00+00:00,93.31757938717261,94.11792492481892,92.64442208870473,93.80006128261513,93.80006128261513,16786123.0,sample,2026-09-24 19:05:19.660933+00:00
NVDA,2025-01-18 23:30:00+00:00,94.10935311658152,94.78111470139608,93.09345400185317,93.22286974309553,93.22286974309553,2015932.0,sample,2026-09-24 19:05:19.660933+00:00
NVDA,2025-01-19 00:30:00+00:00,93.25080721833066,94.0334843987535,92.78372646641114,93.42345462276782,93.42345462276782,9256966.0,sample,2026-09-24 19:05:19.660933+00:00
NVDA,2025-01-19 01:30:00+00:00,93.45919916930593,94.23147412013208,93.14585469881693,93.8847532964192,93.8847532964192,8110275.0,sample,2026-09-24 19:05:19.660933+00:00
NVDA,2025-01-19 02:30:00+00:00,93.71088428932615,94.88089777582493,93.11929676579926,93.8138030120876,93.8138030120876,15613060.0,sample,2026-09-24 19:05:19.660933+00:00
NVDA,2025-01-19 03:30:00+00:00,93.554123307473,94.58907994218333,92.7264740297176,93.3694476843781,93.3694476843781,7598149.0,sample,2026-09-24 19:05:19.660933+00:00
NVDA,2025-01-19 04:30:00+00:00,93.28727350810223,93.89742750589286,92.50066522569864,93.35502995488488,93.35502995488488,4874236.0,sample,2026-09-24 19:05:19.660933+00:00
NVDA,2025-01-19 05:30:00+00:00,93.67557456168974,94.26314423566818,93.45801736226115,93.79025001407635,93.79025001407635,1590187.0,sample,2026-09-24 19:05:19.660933+00:00
NVDA,2025-01-19 06:30:00+00:00,93.67582017977777,94.16757236458822,92.94888620373413,94.07216316036569,94.07216316036569,15539991.0,sample,2026-09-24 19:05:19.660933+00:00
NVDA,2025-01-19 07:30:00+00:00,93.93875793377752,94.64739504935977,93.68095752833422,94.23302243895407,94.23302243895407,12580336.0,sample,2026-09-24 19:05:19.660933+00:00
NVDA,2025-01-19 08:30:00+00:00,94.393253175832,95.18299516841219,93.38482285456041,94.47139153997963,94.47139153997963,12078941.0,sample,2026-09-24 19:05:19.660933+00:00
NVDA,2025-01-19 09:30:00+00:00,94.69919919538948,95.54385295051553,93.47410769394531,94.02441657573488,94.02441657573488,1809163.0,sample,2026-09-24 19:05:19.660933+00:00
NVDA,2025-01-19 10:30:00+00:00,94.13141477927658,94.47970324317971,93.37771466572576,93.97038891316754,93.97038891316754,11589480.0,sample,2026-09-24 19:05:19.660933+00:00
NVDA,2025-01-19 11:30:00+00:00,93.86823167234125,94.77388160776606,92.47478732314285,93.5297282091396,93.5297282091396,14639080.0,sample,2026-09-24 19:05:19.660933+00:00
NVDA,2025-01-19 12:30:00+00:00,93.51218069699728,94.98057164018246,92.90513595531003,94.02144374142904,94.02144374142904,4627068.0,sample,2026-09-24 19:05:19.660933+00:00
NVDA,2025-01-19 13:30:00+00:00,94.43209207712135,95.22107171835037,93.32546996969198,94.18047260283146,94.18047260283146,8470962.0,sample,2026-09-24 19:05:19.660933+00:00
NVDA,2025-01-19 14:30:00+00:00,94.39425939535903,94.72771607195648,92.42033536540654,93.21094443550088,93.21094443550088,16607615.0,sample,2026-09-24 19:05:19.660933+00:00
NVDA,2025-01-19 15:30:00+00:00,93.30576714367548,93.81280322518303,92.34072614963762,93.53053150646389,93.53053150646389,10288374.0,sample,2026-09-24 19:05:19.660933+00:00
NVDA,2025-01-19 16:30:00+00:00,93.59285647236875,94.6821765554838,92.49497498704241,93.55818980145526,93.55818980145526,4420189.0,sample,2026-09-24 19:05:19.660933+00:00
NVDA,2025-01-19 17:30:00+00:00,93.37711709807891,94.58874308757474,92.31698515657318,93.90787669687272,93.90787669687272,15930960.0,sample,2026-09-24 19:05:19.660933+00:00
NVDA,2025-01-19 18:30:00+00:00,93.68362339130505,94.3481294289357,93.01641093483697,93.3041692557079,93.3041692557079,10896393.0,sample,2026-09-24 19:05:19.660933+00:00
NVDA,2025-01-19 19:30:00+00:00,93.00888284073191,94.0617181986652,92.34921208098542,93.48626306601841,93.48626306601841,14770825.0,sample,2026-09-24 19:05:19.660933+00:00
NVDA,2025-01-19 20:30:00+00:00,93.4410342427155,93.84139273990961,92.382808256437,93.24350459601432,93.24350459601432,15786247.0,sample,2026-09-24 19:05:19.660933+00:00
NVDA,2025-01-19 21:30:00+00:00,92.88762010843307,94.54789755529842,92.7303705075886,93.54268465932324,93.54268465932324,8376393.0,sample,2026-09-24 19:05:19.660933+00:00
NVDA,2025-01-19 22:30:00+00:00,93.56627884307942,93.95536506819211,93.27112398777047,93.7678596556373,93.7678596556373,4672833.0,sample,2026-09-24 19:05:19.660933+00:00
NVDA,2025-01-19 23:30:00+00:00,93.79949026359633,94.68347799774271,93.22476798486994,93.78858279460145,93.78858279460145,12267195.0,sample,2026-09-24 19:05:19.660933+00:00
NVDA,2025-01-20 00:30:00+00:00,93.69987753450063,94.43402704221437,93.00387418276215,93.83638276977842,93.83638276977842,5781265.0,sample,2026-09-24 19:05:19.660933+00:00
NVDA,2025-01-20 01:30:00+00:00,93.59514176290574,94.57090445369742,93.02544586669796,93.81601772580103,93.81601772580103,9199122.0,sample,2026-09-24 19:05:19.660933+00:00
NVDA,2025-01-20 02:30:00+00:00,93.86127599008043,94.81615258634586,93.13615275888476,93.55579839498459,93.55579839498459,2357657.0,sample,2026-09-24 19:05:19.660933+00:00
NVDA,2025-01-20 03:30:00+00:00,93.2826630786325,95.03716807666183,92.25564014328954,94.2913854119955,94.2913854119955,11937365.0,sample,2026-09-24 19:05:19.660933+00:00
NVDA,2025-01-20 04:30:00+00:00,94.20769608064369,95.35290210369769,93.76189331956991,94.83251645410269,94.83251645410269,11839034.0,sample,2026-09-24 19:05:19.660933+00:00
NVDA,2025-01-20 05:30:00+00:00,94.51238936632465,95.63884647484711,93.74969731257407,94.67547490535512,94.67547490535512,1549565.0,sample,2026-09-24 19:05:19.660933+00:00
NVDA,2025-01-20 06:30:00+00:00,94.82561803978199,95.29888933870359,94.53579526905673,94.63063683939649,94.63063683939649,7353143.0,sample,2026-09-24 19:05:19.660933+00:00
NVDA,2025-01-20 07:30:00+00:00,94.48802189266078,95.52124332913735,94.30797901899986,94.57563217187978,94.57563217187978,13069490.0,sample,2026-09-24 19:05:19.660933+00:00
NVDA,2025-01-20 08:30:00+00:00,94.81899343142693,96.22045586220365,94.0807052295351,95.33504778015845,95.33504778015845,4525095.0,sample,2026-09-24 19:05:19.660933+00:00
NVDA,2025-01-20 09:30:00+00:00,94.951267031324,95.68858974539174,93.96599354940415,95.38887560356558,95.38887560356558,16677783.0,sample,2026-09-24 19:05:19.660933+00:00
NVDA,2025-01-20 10:30:00+00:00,95.22926643840398,96.05727730428866,94.17118649383482,95.0552579252,95.0552579252,4324591.0,sample,2026-09-24 19:05:19.660933+00:00
NVDA,2025-01-20 11:30:00+00:00,94.77443343700692,96.04822165229531,94.09760749454144,95.08886397297216,95.08886397297216,16059985.0,sample,2026-09-24 19:05:19.660933+00:00
NVDA,2025-01-20 12:30:00+00:00,94.67655481599515,95.35250502783204,94.04602577574073,94.35762070000851,94.35762070000851,4817564.0,sample,2026-09-24 19:05:19.660933+00:00
NVDA,2025-01-20 13:30:00+00:00,94.13964492728495,94.91868262817235,93.34550343474679,93.8273553039175,93.8273553039175,8307398.0,sample,2026-09-24 19:05:19.660933+00:00
NVDA,2025-01-20 14:30:00+00:00,94.12869831889195,94.48519353990034,93.46826564827924,93.84956659784201,93.84956659784201,6230849.0,sample,2026-09-24 19:05:19.660933+00:00
NVDA,2025-01-20 15:30:00+00:00,93.52738429712274,94.10086829958867,93.14800318355853,93.4436318462718,93.4436318462718,2810240.0,sample,2026-09-24 19:05:19.660933+00:00
NVDA,2025-01-20 16:30:00+00:00,93.25495605916099,93.87077426484736,93.03579656739474,93.25912995103828,93.25912995103828,13879888.0,sample,2026-09-24 19:05:19.660933+00:00
NVDA,2025-01-20 17:30:00+00:00,93.2067380712327,93.65626041627297,92.97492691460336,93.16651739363553,93.16651739363553,17670801.0,sample,2026-09-24 19:05:19.660933+00:00
NVDA,2025-01-20 18:30:00+00:00,93.0451797605181,93.37046026522601,92.88298538946447,93.12378481695187,93.12378481695187,11164862.0,sample,2026-09-24 19:05:19.660933+00:00
NVDA,2025-01-20 19:30:00+00:00,93.20211112671639,94.0760460446428,92.71039143223639,92.87931208736497,92.87931208736497,12859561.0,sample,2026-09-24 19:05:19.660933+00:00
NVDA,2025-01-20 20:30:00+00:00,92.91241257753524,93.24279020669711,91.64871966199752,92.50452344840144,92.50452344840144,17055891.0,sample,2026-09-24 19:05:19.660933+00:00
NVDA,2025-01-20 21:30:00+00:00,92.5682820120943,92.76706569504574,91.7819063546147,92.252594781195,92.252594781195,14109493.0,sample,2026-09-24 19:05:19.660933+00:00
NVDA,2025-01-20 22:30:00+00:00,92.15808742278712,92.31962745544119,90.95279406836868,91.90296896768422,91.90296896768422,5466020.0,sample,2026-09-24 19:05:19.660933+00:00
NVDA,2025-01-20 23:30:00+00:00,91.48063193425723,93.12557879844391,90.58967795496821,92.12199738065792,92.12199738065792,14894100.0,sample,2026-09-24 19:05:19.660933+00:00
NVDA,2025-01-21 00:30:00+00:00,92.08068213041956,93.1286461377319,91.15806225064783,91.95274004919844,91.95274004919844,4811415.0,sample,2026-09-24 19:05:19.660933+00:00
NVDA,2025-01-21 01:30:00+00:00,91.76285175440766,92.82260735062962,90.66526629614934,92.02879490386825,92.02879490386825,2772198.0,sample,2026-09-24 19:05:19.660933+00:00
NVDA,2025-01-21 02:30:00+00:00,91.98851836437953,92.9476691238614,91.47802851922863,91.96277441725455,91.96277441725455,15065642.0,sample,2026-09-24 19:05:19.660933+00:00
NVDA,2025-01-21 03:30:00+00:00,91.99935507636492,92.55014330677555,91.41746774353145,92.26341572947071,92.26341572947071,16782412.0,sample,2026-09-24 19:05:19.660933+00:00
NVDA,2025-01-21 04:30:00+00:00,92.28117319588182,92.69340548664353,91.25810796299685,92.43743929004368,92.43743929004368,10671361.0,sample,2026-09-24 19:05:19.660933+00:00
NVDA,2025-01-21 05:30:00+00:00,92.54902886340278,93.63414500662091,91.59971125732866,92.66663559158495,92.66663559158495,15929279.0,sample,2026-09-24 19:05:19.660933+00:00
NVDA,2025-01-21 06:30:00+00:00,92.88586459030104,93.69593047243814,91.99725596250637,92.10568223584544,92.10568223584544,14289400.0,sample,2026-09-24 19:05:19.660933+00:00
NVDA,2025-01-21 07:30:00+00:00,92.54213869308155,93.6438307176621,92.3356632625857,92.49900764785393,92.49900764785393,8604649.0,sample,2026-09-24 19:05:19.660933+00:00
NVDA,2025-01-21 08:30:00+00:00,92.39464389287676,93.49666119959068,91.6524056658335,93.22865338693828,93.22865338693828,15438780.0,sample,2026-09-24 19:05:19.660933+00:00
NVDA,2025-01-21 09:30:00+00:00,93.28656524377223,94.56330673108805,92.33616323488837,93.48682882565704,93.48682882565704,12425830.0,sample,2026-09-24 19:05:19.660933+00:00
NVDA,2025-01-21 10:30:00+00:00,93.827378015176,94.19487017244262,92.93095769683198,93.98089116773914,93.98089116773914,6995985.0,sample,2026-09-24 19:05:19.660933+00:00
NVDA,2025-01-21 11:30:00+00:00,93.73722605505483,94.68771688110544,92.92083163135061,93.52855240402317,93.52855240402317,15971429.0,sample,2026-09-24 19:05:19.660933+00:00
NVDA,2025-01-21 12:30:00+00:00,93.6041870833049,94.59585390218422,93.27021595495972,93.54257770883491,93.54257770883491,3103505.0,sample,2026-09-24 19:05:19.660933+00:00
NVDA,2025-01-21 13:30:00+00:00,93.77667837896185,94.60657531919102,92.75707630072283,93.19781241445217,93.19781241445217,2475064.0,sample,2026-09-24 19:05:19.660933+00:00
NVDA,2025-01-21 14:30:00+00:00,93.51832287062204,94.49223890708068,92.60926336897775,93.53006720950879,93.53006720950879,13772062.0,sample,2026-09-24 19:05:19.660933+00:00
NVDA,2025-01-21 15:30:00+00:00,93.86276377970144,93.97247178180554,92.72359235004016,93.31889375717701,93.31889375717701,9645498.0,sample,2026-09-24 19:05:19.660933+00:00
NVDA,2025-01-21 16:30:00+00:00,93.49007276163498,93.64118655287538,93.02836630351466,93.41593742443433,93.41593742443433,4919266.0,sample,2026-09-24 19:05:19.660933+00:00
NVDA,2025-01-21 17:30:00+00:00,93.40530418373056,94.56763344357722,92.3695507603184,93.99224447575865,93.99224447575865,3435809.0,sample,2026-09-24 19:05:19.660933+00:00
NVDA,2025-01-21 18:30:00+00:00,94.02789602188501,94.87205353782149,93.03078630825644,94.45500812324289,94.45500812324289,10336308.0,sample,2026-09-24 19:05:19.660933+00:00
NVDA,2025-01-21 19:30:00+00:00,94.5454615629036,94.84773212093656,94.1581427978901,94.25850043456383,94.25850043456383,9820002.0,sample,2026-09-24 19:05:19.660933+00:00
NVDA,2025-01-21 20:30:00+00:00,94.43510454473737,95.01234331679349,93.3190116453477,94.31150620898077,94.31150620898077,16266335.0,sample,2026-09-24 19:05:19.660933+00:00
NVDA,2025-01-21 21:30:00+00:00,94.33729898880055,95.19472212394777,94.2035305234182,94.64825987058988,94.64825987058988,14265690.0,sample,2026-09-24 19:05:19.660933+00:00
NVDA,2025-01-21 22:30:00+00:00,94.57783477627204,95.66592433770886,93.59890772894843,95.0682346081277,95.0682346081277,11792889.0,sample,2026-09-24 19:05:19.660933+00:00
NVDA,2025-01-21 23:30:00+00:00,94.94225352455763,95.04376494508405,94.07385509648248,94.75351620642368,94.75351620642368,6938219.0,sample,2026-09-24 19:05:19.660933+00:00
NVDA,2025-01-22 00:30:00+00:00,94.73740660940865,95.79776733237793,94.39365204169704,94.91625902874691,94.91625902874691,16076772.0,sample,2026-09-24 19:05:19.660933+00:00
NVDA,2025-01-22 01:30:00+00:00,95.06376591013489,95.76597739620388,94.59934556775805,95.30093471362575,95.30093471362575,10671862.0,sample,2026-09-24 19:05:19.660933+00:00
NVDA,2025-01-22 02:30:00+00:00,95.27201499125148,96.21456647509164,94.9990487693987,95.21649189698181,95.21649189698181,15863133.0,sample,2026-09-24 19:05:19.660933+00:00
NVDA,2025-01-22 03:30:00+00:00,95.20294554360166,95.55437890003716,94.06248367825108,95.3228116153698,95.3228116153698,8552376.0,sample,2026-09-24 19:05:19.660933+00:00
NVDA,2025-01-22 04:30:00+00:00,95.3028546669574,96.17585230587962,94.14041542806582,94.85343422935965,94.85343422935965,3343501.0,sample,2026-09-24 19:05:19.660933+00:00
NVDA,2025-01-22 05:30:00+00:00,94.955186302874,95.79189034567786,93.91272596187069,94.36766398595051,94.36766398595051,12525434.0,sample,2026-09-24 19:05:19.660933+00:00
NVDA,2025-01-22 06:30:00+00:00,94.74303026640005,95.69345776886392,93.28591340527746,93.95703109149306,93.95703109149306,3868760.0,sample,2026-09-24 19:05:19.660933+00:00
NVDA,2025-01-22 07:30:00+00:00,94.24907335722484,95.21107929466626,93.59627448901414,93.96004551450145,93.96004551450145,14441030.0,sample,2026-09-24 19:05:19.660933+00:00
NVDA,2025-01-22 08:30:00+00:00,93.9222397926409,94.44463664722029,92.91752949042963,93.87161554166542,93.87161554166542,5500218.0,sample,2026-09-24 19:05:19.660933+00:00
NVDA,2025-01-22 09:30:00+00:00,94.10045344505095,94.33046329679607,92.88649033379352,93.81071985507295,93.81071985507295,13456104.0,sample,2026-09-24 19:05:19.660933+00:00
NVDA,2025-01-22 10:30:00+00:00,93.80801639847367,94.03899419819207,93.37217786853695,93.86319012795384,93.86319012795384,3049073.0,sample,2026-09-24 19:05:19.660933+00:00
NVDA,2025-01-22 11:30:00+00:00,93.62256871932561,94.80646918027705,92.58104484466794,94.32252003029915,94.32252003029915,7860591.0,sample,2026-09-24 19:05:19.660933+00:00
NVDA,2025-01-22 12:30:00+00:00,94.26785509386377,94.4772514346515,93.72901575850887,94.22224075176558,94.22224075176558,3484212.0,sample,2026-09-24 19:05:19.660933+00:00
NVDA,2025-01-22 13:30:00+00:00,94.31657827842287,94.85626221599033,93.94559905438616,94.13333008369116,94.13333008369116,4490867.0,sample,2026-09-24 19:05:19.660933+00:00
NVDA,2025-01-22 14:30:00+00:00,94.2240586229369,94.34529500952529,93.4196958179695,94.18598105563488,94.18598105563488,11741640.0,sample,2026-09-24 19:05:19.660933+00:00
NVDA,2025-01-22 15:30:00+00:00,94.06357641485613,94.6058658429253,93.41070931896533,94.09596196408764,94.09596196408764,16739306.0,sample,2026-09-24 19:05:19.660933+00:00
NVDA,2025-01-22 16:30:00+00:00,93.84088886294009,94.69095269464042,92.61495496933553,93.66511262986741,93.66511262986741,10689139.0,sample,2026-09-24 19:05:19.660933+00:00
NVDA,2025-01-22 17:30:00+00:00,94.05629959059172,94.52533262119469,93.40093952374797,93.87288876904161,93.87288876904161,7353501.0,sample,2026-09-24 19:05:19.660933+00:00
NVDA,2025-01-22 18:30:00+00:00,93.70160193047083,94.52654048735818,92.84528391911866,93.58016619732688,93.58016619732688,3409842.0,sample,2026-09-24 19:05:19.660933+00:00
NVDA,2025-01-22 19:30:00+00:00,93.82431398874306,94.81257750399492,93.1554796256083,94.05541282718612,94.05541282718612,9374587.0,sample,2026-09-24 19:05:19.660933+00:00
NVDA,2025-01-22 20:30:00+00:00,94.08064146051441,94.90444312430874,93.04127079260826,93.71152989209435,93.71152989209435,11362096.0,sample,2026-09-24 19:05:19.660933+00:00
NVDA,2025-01-22 21:30:00+00:00,93.77501582732688,94.8701414749468,93.13138682100261,94.02320028144435,94.02320028144435,2509255.0,sample,2026-09-24 19:05:19.660933+00:00
NVDA,2025-01-22 22:30:00+00:00,94.0344007552055,94.14563602825011,93.41016200005905,93.75573620886941,93.75573620886941,7153090.0,sample,2026-09-24 19:05:19.660933+00:00
NVDA,2025-01-22 23:30:00+00:00,93.57740148481165,95.10587365823032,93.2126008229103,94.27790038915765,94.27790038915765,12551770.0,sample,2026-09-24 19:05:19.660933+00:00
NVDA,2025-01-23 00:30:00+00:00,94.18466115031292,94.6648526182192,93.5353204381713,94.45735655299245,94.45735655299245,2377175.0,sample,2026-09-24 19:05:19.660933+00:00
NVDA,2025-01-23 01:30:00+00:00,94.36554019288924,95.36062669000059,93.61169390091253,94.18338182996358,94.18338182996358,9395015.0,sample,2026-09-24 19:05:19.660933+00:00
NVDA,2025-01-23 02:30:00+00:00,94.11500035392706,94.85636347787161,93.41992649244243,94.69880291227777,94.69880291227777,11115518.0,sample,2026-09-24 19:05:19.660933+00:00
NVDA,2025-01-23 03:30:00+00:00,94.6568497838733,95.47974099253997,94.02835844595279,94.38205597344826,94.38205597344826,14571411.0,sample,2026-09-24 19:05:19.660933+00:00
NVDA,2025-01-23 04:30:00+00:00,94.42515507733022,95.06333204056891,94.15983023331779,94.35464345558934,94.35464345558934,5524149.0,sample,2026-09-24 19:05:19.660933+00:00
NVDA,2025-01-23 05:30:00+00:00,94.65450870897446,95.4712492318388,94.27344889291115,94.86973786780929,94.86973786780929,4437968.0,sample,2026-09-24 19:05:19.660933+00:00
NVDA,2025-01-23 06:30:00+00:00,94.6229680376923,94.93241042354535,93.81518654986593,94.72925099451817,94.72925099451817,4441072.0,sample,2026-09-24 19:05:19.660933+00:00
NVDA,2025-01-23 07:30:00+00:00,94.76621850694713,95.73321984189785,94.55624399043148,95.2761577643957,95.2761577643957,11795716.0,sample,2026-09-24 19:05:19.660933+00:00
NVDA,2025-01-23 08:30:00+00:00,95.56728086572807,96.60459949081188,94.26123261813589,94.91779975802744,94.91779975802744,10273604.0,sample,2026-09-24 19:05:19.660933+00:00
NVDA,2025-01-23 09:30:00+00:00,94.98143815260943,95.12015348448458,93.39257052295343,94.41564069087642,94.41564069087642,11603959.0,sample,2026-09-24 19:05:19.660933+00:00
NVDA,2025-01-23 10:30:00+00:00,94.43336740564116,95.07570826492736,93.80997888047267,94.91896482313383,94.91896482313383,2469973.0,sample,2026-09-24 19:05:19.660933+00:00
NVDA,2025-01-23 11:30:00+00:00,94.8794768691391,95.50352016896609,94.20239918597363,95.29475555411936,95.29475555411936,2347479.0,sample,2026-09-24 19:05:19.660933+00:00
NVDA,2025-01-23 12:30:00+00:00,95.29588100467929,95.76077640923633,95.14154101607987,95.30774078717606,95.30774078717606,1750030.0,sample,2026-09-24 19:05:19.660933+00:00
NVDA,2025-01-23 13:30:00+00:00,95.474924258328,96.05881443339022,94.78205890569107,95.5912504475615,95.5912504475615,13224051.0,sample,2026-09-24 19:05:19.660933+00:00
NVDA,2025-01-23 14:30:00+00:00,95.36598030741803,95.76419868779992,95.13098481297645,95.2774385687811,95.2774385687811,2282179.0,sample,2026-09-24 19:05:19.660933+00:00
NVDA,2025-01-23 15:30:00+00:00,95.34426149372584,96.51587397621384,94.43365092077134,95.39520258561747,95.39520258561747,16017969.0,sample,2026-09-24 19:05:19.660933+00:00
NVDA,2025-01-23 16:30:00+00:00,95.34282145176456,96.57665793003616,95.15430728854965,95.74335434873906,95.74335434873906,2444565.0,sample,2026-09-24 19:05:19.660933+00:00
NVDA,2025-01-23 17:30:00+00:00,96.05582017913609,96.52274868902252,95.3586228300197,96.06625361062589,96.06625361062589,15360543.0,sample,2026-09-24 19:05:19.660933+00:00
NVDA,2025-01-23 18:30:00+00:00,96.07879229956372,96.79048745125036,95.70569989805719,96.4434381587938,96.4434381587938,3521155.0,sample,2026-09-24 19:05:19.660933+00:00
NVDA,2025-01-23 19:30:00+00:00,96.72483559748581,97.25693682313593,95.76614613989568,96.72122178159813,96.72122178159813,5362966.0,sample,2026-09-24 19:05:19.660933+00:00
NVDA,2025-01-23 20:30:00+00:00,96.68323514680384,97.45998331880996,95.79998095227793,97.26641615472877,97.26641615472877,14269768.0,sample,2026-09-24 19:05:19.660933+00:00
NVDA,2025-01-23 21:30:00+00:00,97.54000815661142,98.29143379714448,96.31739413308487,96.71366914133488,96.71366914133488,13549353.0,sample,2026-09-24 19:05:19.660933+00:00
NVDA,2025-01-23 22:30:00+00:00,96.44963110235183,98.09674127483457,95.32710896507166,97.12562212293508,97.12562212293508,8167693.0,sample,2026-09-24 19:05:19.660933+00:00
NVDA,2025-01-23 23:30:00+00:00,97.40648738030627,98.01893265149747,96.93677991591942,97.6839708031505,97.6839708031505,6319683.0,sample,2026-09-24 19:05:19.660933+00:00
NVDA,2025-01-24 00:30:00+00:00,97.75717322547706,98.21615508091706,95.85634852212601,96.98833448723146,96.98833448723146,6644632.0,sample,2026-09-24 19:05:19.660933+00:00
NVDA,2025-01-24 01:30:00+00:00,97.19164264223359,97.83569985684332,96.0827536142671,97.28361345946965,97.28361345946965,14695000.0,sample,2026-09-24 19:05:19.660933+00:00
NVDA,2025-01-24 02:30:00+00:00,97.17394638652466,98.63876489045562,96.78451982900185,97.9884801034281,97.9884801034281,16128158.0,sample,2026-09-24 19:05:19.660933+00:00
NVDA,2025-01-24 03:30:00+00:00,97.96417045064015,98.96461826253046,97.1466200251678,98.58349457443906,98.58349457443906,2265530.0,sample,2026-09-24 19:05:19.660933+00:00
NVDA,2025-01-24 04:30:00+00:00,98.48328185889838,98.63306459804558,97.1965222232796,98.29050872737574,98.29050872737574,5652609.0,sample,2026-09-24 19:05:19.660933+00:00
NVDA,2025-01-24 05:30:00+00:00,98.1401762791895,99.65698515731597,97.03528136803824,98.7215431248942,98.7215431248942,7247484.0,sample,2026-09-24 19:05:19.660933+00:00
NVDA,2025-01-24 06:30:00+00:00,98.4954614132953,98.91343944942373,97.77141781998867,98.63730335744793,98.63730335744793,5668769.0,sample,2026-09-24 19:05:19.660933+00:00
NVDA,2025-01-24 07:30:00+00:00,98.61859744549514,99.32165333678147,97.23060686380444,98.32840323734561,98.32840323734561,16499153.0,sample,2026-09-24 19:05:19.660933+00:00
NVDA,2025-01-24 08:30:00+00:00,98.58876122027272,99.00691223622704,97.6723468567297,98.00677677623062,98.00677677623062,13267796.0,sample,2026-09-24 19:05:19.660933+00:00
NVDA,2025-01-24 09:30:00+00:00,98.2209617660793,99.37876326471152,97.92118422231934,98.22891146665074,98.22891146665074,7722978.0,sample,2026-09-24 19:05:19.660933+00:00
NVDA,2025-01-24 10:30:00+00:00,98.36998574988672,99.14137962326463,97.2565387766581,97.84638181260513,97.84638181260513,15813127.0,sample,2026-09-24 19:05:19.660933+00:00
NVDA,2025-01-24 11:30:00+00:00,97.75404431331269,99.39248119968431,97.47433065900516,98.4675489155104,98.4675489155104,5136752.0,sample,2026-09-24 19:05:19.660933+00:00
NVDA,2025-01-24 12:30:00+00:00,98.6496864512963,100.2722035369665,97.8125067387255,99.2164654702007,99.2164654702007,14615096.0,sample,2026-09-24 19:05:19.660933+00:00
NVDA,2025-01-24 13:30:00+00:00,99.05112292464472,100.25927355370195,97.91289693349307,99.38729314969571,99.38729314969571,17166641.0,sample,2026-09-24 19:05:19.660933+00:00
NVDA,2025-01-24 14:30:00+00:00,99.32380378043794,99.66364591130386,98.31152575703354,99.30093952440261,99.30093952440261,6782640.0,sample,2026-09-24 19:05:19.660933+00:00
NVDA,2025-01-24 15:30:00+00:00,99.55354995546723,100.20664557206473,98.82234836678542,98.99346434642963,98.99346434642963,4046661.0,sample,2026-09-24 19:05:19.660933+00:00
NVDA,2025-01-24 16:30:00+00:00,99.20298257247457,100.71243527641641,98.28422708910571,99.6882797219402,99.6882797219402,5845045.0,sample,2026-09-24 19:05:19.660933+00:00
NVDA,2025-01-24 17:30:00+00:00,99.37553808050788,99.84737872742922,98.64859657517621,99.09991347623267,99.09991347623267,5279285.0,sample,2026-09-24 19:05:19.660933+00:00
NVDA,2025-01-24 18:30:00+00:00,99.0423527978664,100.54334960928524,98.73761059016276,99.38737146859077,99.38737146859077,1645522.0,sample,2026-09-24 19:05:19.660933+00:00
NVDA,2025-01-24 19:30:00+00:00,99.41656159535538,100.45658525239166,98.52063324475797,99.41422585391325,99.41422585391325,4770814.0,sample,2026-09-24 19:05:19.660933+00:00
NVDA,2025-01-24 20:30:00+00:00,99.504057067906,99.87949769865493,98.77776561329725,99.41577239290372,99.41577239290372,13837971.0,sample,2026-09-24 19:05:19.660933+00:00
NVDA,2025-01-24 21:30:00+00:00,99.2561248704365,100.52370284312376,99.12270426410007,99.6831602375804,99.6831602375804,11051537.0,sample,2026-09-24 19:05:19.660933+00:00
NVDA,2025-01-24 22:30:00+00:00,99.79000038391237,100.4104165220208,99.14870715028448,99.60245940241057,99.60245940241057,13060926.0,sample,2026-09-24 19:05:19.660933+00:00
NVDA,2025-01-24 23:30:00+00:00,99.54628214996396,100.48766048010194,98.66925421945422,99.35520568481232,99.35520568481232,14363339.0,sample,2026-09-24 19:05:19.660933+00:00
NVDA,2025-01-25 00:30:00+00:00,99.08001553898976,100.00789544932417,98.11471914352545,99.74728600178246,99.74728600178246,12308831.0,sample,2026-09-24 19:05:19.660933+00:00
NVDA,2025-01-25 01:30:00+00:00,99.72638302487599,100.54430598691883,98.90943510946342,100.00128148483495,100.00128148483495,16897683.0,sample,2026-09-24 19:05:19.660933+00:00
NVDA,2025-01-25 02:30:00+00:00,100.16879713919533,100.80695088406979,99.01643656455519,99.33101490561324,99.33101490561324,3679860.0,sample,2026-09-24 19:05:19.660933+00:00
NVDA,2025-01-25 03:30:00+00:00,99.5545348849841,100.41553547354899,98.34398733184294,99.25123040913209,99.25123040913209,4333832.0,sample,2026-09-24 19:05:19.660933+00:00
NVDA,2025-01-25 04:30:00+00:00,99.47597554494502,100.85980421888881,99.32099102079272,99.71071569354162,99.71071569354162,11746998.0,sample,2026-09-24 19:05:19.660933+00:00
NVDA,2025-01-25 05:30:00+00:00,99.62884898889529,100.01834004914244,99.03903065755789,99.5416686366193,99.5416686366193,16868423.0,sample,2026-09-24 19:05:19.660933+00:00
NVDA,2025-01-25 06:30:00+00:00,99.39681547269507,100.29868060616396,98.5753825976029,99.5733817472101,99.5733817472101,3969116.0,sample,2026-09-24 19:05:19.660933+00:00
NVDA,2025-01-25 07:30:00+00:00,99.61417619812528,101.48675684572642,98.78525933906967,100.68118947083529,100.68118947083529,8461663.0,sample,2026-09-24 19:05:19.660933+00:00
NVDA,2025-01-25 08:30:00+00:00,100.49301094660439,100.79804082047265,99.4666525087338,100.62144052260335,100.62144052260335,10072068.0,sample,2026-09-24 19:05:19.660933+00:00
NVDA,2025-01-25 09:30:00+00:00,101.04948567769358,101.56496758429736,99.9939910407548,100.88820370848349,100.88820370848349,9564616.0,sample,2026-09-24 19:05:19.660933+00:00
NVDA,2025-01-25 10:30:00+00:00,101.26801468296405,101.61755719048243,100.32727174197217,100.99861515073526,100.99861515073526,4559988.0,sample,2026-09-24 19:05:19.660933+00:00
NVDA,2025-01-25 11:30:00+00:00,101.16595406038601,101.42593183258276,99.78903465610466,100.58794046892984,100.58794046892984,13255383.0,sample,2026-09-24 19:05:19.660933+00:00
NVDA,2025-01-25 12:30:00+00:00,100.53785744363525,101.97696183756311,99.47911807005565,100.8982690546022,100.8982690546022,17535074.0,sample,2026-09-24 19:05:19.660933+00:00
NVDA,2025-01-25 13:30:00+00:00,100.85742195545814,101.63851124887343,100.55915027716027,101.03425438881716,101.03425438881716,17155645.0,sample,2026-09-24 19:05:19.660933+00:00
NVDA,2025-01-25 14:30:00+00:00,101.22068840967516,102.20684337850173,100.20591738255645,100.75375508051272,100.75375508051272,13096925.0,sample,2026-09-24 19:05:19.660933+00:00
NVDA,2025-01-25 15:30:00+00:00,100.68497795826747,101.6764054563977,99.48089605135212,101.27694628327069,101.27694628327069,15567585.0,sample,2026-09-24 19:05:19.660933+00:00
NVDA,2025-01-25 16:30:00+00:00,101.53862736457569,101.70705748055927,99.53656514320379,100.7076024995045,100.7076024995045,4158012.0,sample,2026-09-24 19:05:19.660933+00:00
NVDA,2025-01-25 17:30:00+00:00,100.79698338438351,100.98778969409412,99.35030833206655,100.4245305202716,100.4245305202716,4781867.0,sample,2026-09-24 19:05:19.660933+00:00
NVDA,2025-01-25 18:30:00+00:00,100.2990995132072,100.73443719286755,99.23185173297983,100.20741041358997,100.20741041358997,7142016.0,sample,2026-09-24 19:05:19.660933+00:00
NVDA,2025-01-25 19:30:00+00:00,99.9619901687818,101.59170171659629,98.79213320515724,100.57891682231438,100.57891682231438,15458277.0,sample,2026-09-24 19:05:19.660933+00:00
NVDA,2025-01-25 20:30:00+00:00,100.84031102271702,101.00534364462087,99.6002206792681,100.56110450386302,100.56110450386302,12777259.0,sample,2026-09-24 19:05:19.660933+00:00
NVDA,2025-01-25 21:30:00+00:00,100.59851986132435,102.12817397928755,99.4331805085726,101.01404981346914,101.01404981346914,5304464.0,sample,2026-09-24 19:05:19.660933+00:00
NVDA,2025-01-25 22:30:00+00:00,100.71005651931826,101.89038532470981,99.80464615600755,101.17908533628831,101.17908533628831,1793036.0,sample,2026-09-24 19:05:19.660933+00:00
NVDA,2025-01-25 23:30:00+00:00,101.22275711651388,102.4828631549871,100.81923087941486,101.92555347049507,101.92555347049507,2751389.0,sample,2026-09-24 19:05:19.660933+00:00
NVDA,2025-01-26 00:30:00+00:00,101.78623982552281,103.34906257997795,101.43843196527943,102.23312410446844,102.23312410446844,5673640.0,sample,2026-09-24 19:05:19.660933+00:00
NVDA,2025-01-26 01:30:00+00:00,102.08476504585767,102.58791704853553,101.59295908538708,102.3082356069546,102.3082356069546,11663702.0,sample,2026-09-24 19:05:19.660933+00:00
NVDA,2025-01-26 02:30:00+00:00,102.47331109757167,102.80399333025228,101.78801721128178,102.65869522260712,102.65869522260712,15117790.0,sample,2026-09-24 19:05:19.660933+00:00
NVDA,2025-01-26 03:30:00+00:00,102.50677385556799,103.57715793268105,101.6137101014367,102.66850242839062,102.66850242839062,5000545.0,sample,2026-09-24 19:05:19.660933+00:00
NVDA,2025-01-26 04:30:00+00:00,102.77573389588338,103.05744499805522,101.44299692005565,102.16603748777656,102.16603748777656,15899096.0,sample,2026-09-24 19:05:19.660933+00:00
NVDA,2025-01-26 05:30:00+00:00,102.339047105912,103.37759994158058,101.5647219813013,101.70307158777392,101.70307158777392,3318753.0,sample,2026-09-24 19:05:19.660933+00:00
NVDA,2025-01-26 06:30:00+00:00,101.85449578413494,102.4136620582349,101.02928700778781,101.53788129081687,101.53788129081687,5924428.0,sample,2026-09-24 19:05:19.660933+00:00
NVDA,2025-01-26 07:30:00+00:00,101.23802304673346,102.29607305558766,100.19999075028193,101.32462913625051,101.32462913625051,4530942.0,sample,2026-09-24 19:05:19.660933+00:00
NVDA,2025-01-26 08:30:00+00:00,101.56139162084885,102.52508509071566,101.38583347339484,101.69810538961859,101.69810538961859,12637793.0,sample,2026-09-24 19:05:19.660933+00:00
NVDA,2025-01-26 09:30:00+00:00,101.7461411046726,102.8781991158426,100.89428125824914,101.85108210269112,101.85108210269112,2548696.0,sample,2026-09-24 19:05:19.660933+00:00
NVDA,2025-01-26 10:30:00+00:00,101.45635693838652,102.36271980712621,101.18549789548955,101.62116915612218,101.62116915612218,4497510.0,sample,2026-09-24 19:05:19.660933+00:00
NVDA,2025-01-26 11:30:00+00:00,101.45251414062467,102.48032768411424,100.68995946719572,101.39554844542442,101.39554844542442,13749662.0,sample,2026-09-24 19:05:19.660933+00:00
NVDA,2025-01-26 12:30:00+00:00,101.56633254142675,103.08587560224925,100.61848563538656,102.05940293042181,102.05940293042181,12145468.0,sample,2026-09-24 19:05:19.660933+00:00
NVDA,2025-01-26 13:30:00+00:00,102.09538061380253,102.6072462551737,101.59550325454934,102.42612766261549,102.42612766261549,10338604.0,sample,2026-09-24 19:05:19.660933+00:00
NVDA,2025-01-26 14:30:00+00:00,102.26217445484421,102.92668626257941,101.62243433980963,102.57856787782052,102.57856787782052,3562649.0,sample,2026-09-24 19:05:19.660933+00:00
NVDA,2025-01-26 15:30:00+00:00,103.09497088481062,103.65537431142086,100.517336565678,101.71425743398967,101.71425743398967,10937744.0,sample,2026-09-24 19:05:19.660933+00:00
NVDA,2025-01-26 16:30:00+00:00,101.34627324595746,102.53653924156835,100.76954716866722,102.12350305167561,102.12350305167561,9027590.0,sample,2026-09-24 19:05:19.660933+00:00
NVDA,2025-01-26 17:30:00+00:00,102.49946944662717,102.62693069807324,101.975467390336,102.1472073146524,102.1472073146524,1895089.0,sample,2026-09-24 19:05:19.660933+00:00
NVDA,2025-01-26 18:30:00+00:00,101.98224271060062,103.30936967148632,100.76300885253298,102.46677736418907,102.46677736418907,8199373.0,sample,2026-09-24 19:05:19.660933+00:00
NVDA,2025-01-26 19:30:00+00:00,102.29996750797928,103.22522437263467,101.3214681904169,102.1410094338691,102.1410094338691,10215164.0,sample,2026-09-24 19:05:19.660933+00:00
NVDA,2025-01-26 20:30:00+00:00,101.81487701811392,102.52925948181934,100.94171808898247,101.83194925667016,101.83194925667016,12294415.0,sample,2026-09-24 19:05:19.660933+00:00
NVDA,2025-01-26 21:30:00+00:00,101.98572343682471,103.16293435037633,100.34197494977987,101.04758075485125,101.04758075485125,5145612.0,sample,2026-09-24 19:05:19.660933+00:00
NVDA,2025-01-26 22:30:00+00:00,101.30236975095052,102.3081873738224,100.16708202065048,101.01996740954944,101.01996740954944,7055524.0,sample,2026-09-24 19:05:19.660933+00:00
NVDA,2025-01-26 23:30:00+00:00,101.011751936786,102.37194544376139,100.00049379864193,101.24120510993438,101.24120510993438,4785039.0,sample,2026-09-24 19:05:19.660933+00:00
NVDA,2025-01-27 00:30:00+00:00,101.02827787546208,102.35232874624737,100.52792227168055,101.29146057643206,101.29146057643206,2471731.0,sample,2026-09-24 19:05:19.660933+00:00
NVDA,2025-01-27 01:30:00+00:00,101.45548843637121,102.11050207039804,101.2524919496546,101.53723922677644,101.53723922677644,4548991.0,sample,2026-09-24 19:05:19.660933+00:00
NVDA,2025-01-27 02:30:00+00:00,101.56257885519659,102.25540793905782,100.09902051374546,101.28890812957366,101.28890812957366,6809153.0,sample,2026-09-24 19:05:19.660933+00:00
NVDA,2025-01-27 03:30:00+00:00,101.52443846014349,102.74093153124178,100.99381404111959,101.3578961779178,101.3578961779178,9040444.0,sample,2026-09-24 19:05:19.660933+00:00
NVDA,2025-01-27 04:30:00+00:00,101.3986977573837,102.40360488174477,100.27450004878212,101.18532520569197,101.18532520569197,11336655.0,sample,2026-09-24 19:05:19.660933+00:00
NVDA,2025-01-27 05:30:00+00:00,101.30017981036308,101.6365081543095,99.93997653667589,100.67514457075843,100.67514457075843,5062712.0,sample,2026-09-24 19:05:19.660933+00:00
NVDA,2025-01-27 06:30:00+00:00,100.83774791430602,101.4157585765642,100.7128165740329,101.2329866818022,101.2329866818022,17656485.0,sample,2026-09-24 19:05:19.660933+00:00
NVDA,2025-01-27 07:30:00+00:00,101.10308059538184,101.64116334110592,100.3342334929201,100.88265905708414,100.88265905708414,10396134.0,sample,2026-09-24 19:05:19.660933+00:00
NVDA,2025-01-27 08:30:00+00:00,100.90316911521576,101.8840442656605,100.09511317198043,101.45694094902207,101.45694094902207,4853836.0,sample,2026-09-24 19:05:19.660933+00:00
NVDA,2025-01-27 09:30:00+00:00,101.5358393884365,102.67554757289872,100.59078971695332,101.2350844162107,101.2350844162107,14410637.0,sample,2026-09-24 19:05:19.660933+00:00
NVDA,2025-01-27 10:30:00+00:00,101.71593728574726,102.53101065006857,101.0022898651281,102.23004987352454,102.23004987352454,10134457.0,sample,2026-09-24 19:05:19.660933+00:00
NVDA,2025-01-27 11:30:00+00:00,102.34947795549374,103.32401539790648,101.15016927613193,102.53738611238192,102.53738611238192,5957209.0,sample,2026-09-24 19:05:19.660933+00:00
NVDA,2025-01-27 12:30:00+00:00,102.331085668571,103.04270570251107,101.21141503290066,102.61529768240436,102.61529768240436,2162925.0,sample,2026-09-24 19:05:19.660933+00:00
NVDA,2025-01-27 13:30:00+00:00,102.51703771028752,103.54616883544223,101.8960986162155,102.60621135381865,102.60621135381865,9448008.0,sample,2026-09-24 19:05:19.660933+00:00
NVDA,2025-01-27 14:30:00+00:00,102.49862037144146,103.0897760746551,101.10616600908037,102.16987597729721,102.16987597729721,12183589.0,sample,2026-09-24 19:05:19.660933+00:00
NVDA,2025-01-27 15:30:00+00:00,102.53720245810895,102.76285106802634,101.83428743514786,102.01576070616372,102.01576070616372,17441717.0,sample,2026-09-24 19:05:19.660933+00:00
NVDA,2025-01-27 16:30:00+00:00,102.02509665458012,102.15154782308957,100.9861163321313,102.00842335650343,102.00842335650343,11604547.0,sample,2026-09-24 19:05:19.660933+00:00
NVDA,2025-01-27 17:30:00+00:00,101.76589053035777,102.58384927336807,100.90810090137033,102.12458021188333,102.12458021188333,4876067.0,sample,2026-09-24 19:05:19.660933+00:00
NVDA,2025-01-27 18:30:00+00:00,102.15500585981431,102.93555682437628,101.79587450682706,102.06202731164159,102.06202731164159,5676109.0,sample,2026-09-24 19:05:19.660933+00:00
NVDA,2025-01-27 19:30:00+00:00,101.86612086888549,102.44621648716762,101.51898464604585,102.0291918446419,102.0291918446419,7363140.0,sample,2026-09-24 19:05:19.660933+00:00
NVDA,2025-01-27 20:30:00+00:00,101.88340879101835,102.79959873553896,100.89001002891068,102.55604993182436,102.55604993182436,2744530.0,sample,2026-09-24 19:05:19.660933+00:00
NVDA,2025-01-27 21:30:00+00:00,102.24826896030231,103.24902243008215,101.45681420052748,102.10739358171668,102.10739358171668,11490942.0,sample,2026-09-24 19:05:19.660933+00:00
NVDA,2025-01-27 22:30:00+00:00,102.2628322510528,103.4724184678553,102.12291045444945,102.31969127170093,102.31969127170093,14003123.0,sample,2026-09-24 19:05:19.660933+00:00
NVDA,2025-01-27 23:30:00+00:00,102.56987256772966,103.60998738687346,100.94539319395264,102.06532680957469,102.06532680957469,8417337.0,sample,2026-09-24 19:05:19.660933+00:00
NVDA,2025-01-28 00:30:00+00:00,102.19658369039632,102.70839144936559,101.68149850225778,102.0890664872374,102.0890664872374,4445555.0,sample,2026-09-24 19:05:19.660933+00:00
NVDA,2025-01-28 01:30:00+00:00,102.34760821940715,102.85378508043102,101.1114173282446,102.1191437934515,102.1191437934515,8244983.0,sample,2026-09-24 19:05:19.660933+00:00
NVDA,2025-01-28 02:30:00+00:00,102.04763586115408,103.40733039470378,101.01504943207257,102.79343148854372,102.79343148854372,9202214.0,sample,2026-09-24 19:05:19.660933+00:00
NVDA,2025-01-28 03:30:00+00:00,102.95777591202237,103.94249954361524,101.96950612540647,103.51710268077713,103.51710268077713,5292072.0,sample,2026-09-24 19:05:19.660933+00:00
NVDA,2025-01-28 04:30:00+00:00,103.3361658659385,104.34774924732241,102.59546374924022,102.85729473591336,102.85729473591336,5765318.0,sample,2026-09-24 19:05:19.660933+00:00
NVDA,2025-01-28 05:30:00+00:00,102.58196365927603,104.22324139874904,101.48843306656859,103.01954712040596,103.01954712040596,14833990.0,sample,2026-09-24 19:05:19.660933+00:00
NVDA,2025-01-28 06:30:00+00:00,102.64836261434577,103.5302582258942,101.69413559681657,102.6459077215897,102.6459077215897,12715127.0,sample,2026-09-24 19:05:19.660933+00:00
NVDA,2025-01-28 07:30:00+00:00,102.82559662679824,102.93762669178778,101.36098644207735,102.52139073573493,102.52139073573493,6987392.0,sample,2026-09-24 19:05:19.660933+00:00
NVDA,2025-01-28 08:30:00+00:00,102.43404232586053,103.3722520430785,101.39622212726077,102.83243016532646,102.83243016532646,5664169.0,sample,2026-09-24 19:05:19.660933+00:00
NVDA,2025-01-28 09:30:00+00:00,102.94099575115881,103.80531211868569,102.61049331914204,103.11020583640506,103.11020583640506,1667517.0,sample,2026-09-24 19:05:19.660933+00:00
NVDA,2025-01-28 10:30:00+00:00,103.45482128229705,104.03654822118813,102.3152257470653,103.28585481525137,103.28585481525137,14604916.0,sample,2026-09-24 19:05:19.660933+00:00
NVDA,2025-01-28 11:30:00+00:00,103.38247663738578,104.55584600758394,102.59485380181118,103.34491932505593,103.34491932505593,14277147.0,sample,2026-09-24 19:05:19.660933+00:00
NVDA,2025-01-28 12:30:00+00:00,103.3220000157752,104.21395898077735,102.18833189530369,103.99635919634483,103.99635919634483,15917642.0,sample,2026-09-24 19:05:19.660933+00:00
NVDA,2025-01-28 13:30:00+00:00,104.24514343400213,104.81528391836306,103.87888923412277,104.22811755240923,104.22811755240923,1855474.0,sample,2026-09-24 19:05:19.660933+00:00
NVDA,2025-01-28 14:30:00+00:00,104.43540272788077,105.12530549514672,104.08351354491762,104.19262134347592,104.19262134347592,3402056.0,sample,2026-09-24 19:05:19.660933+00:00
NVDA,2025-01-28 15:30:00+00:00,104.41593030991439,104.83105032311173,103.17697252132348,104.28129063315475,104.28129063315475,17854648.0,sample,2026-09-24 19:05:19.660933+00:00
NVDA,2025-01-28 16:30:00+00:00,104.50941960990731,105.4018256630152,103.05197032188707,103.56560598889318,103.56560598889318,10581088.0,sample,2026-09-24 19:05:19.660933+00:00
NVDA,2025-01-28 17:30:00+00:00,103.86542578363827,104.88244011168331,103.01057504247895,103.80034494688302,103.80034494688302,14025012.0,sample,2026-09-24 19:05:19.660933+00:00
NVDA,2025-01-28 18:30:00+00:00,103.78486421383899,104.06858445901146,102.58070867657361,103.67452863800254,103.67452863800254,15434608.0,sample,2026-09-24 19:05:19.660933+00:00
NVDA,2025-01-28 19:30:00+00:00,103.64472407539446,104.98727485007882,103.31156785244269,103.86885087471947,103.86885087471947,11704173.0,sample,2026-09-24 19:05:19.660933+00:00
NVDA,2025-01-28 20:30:00+00:00,104.01580758605812,104.19699112880694,103.14899871173111,103.69525512940955,103.69525512940955,9874659.0,sample,2026-09-24 19:05:19.660933+00:00
NVDA,2025-01-28 21:30:00+00:00,103.71796340252784,103.82904494803053,102.19496933813389,103.3770944996323,103.3770944996323,16335690.0,sample,2026-09-24 19:05:19.660933+00:00
NVDA,2025-01-28 22:30:00+00:00,103.4038659656093,104.62374723996541,102.81426699937904,103.75807562090968,103.75807562090968,17044419.0,sample,2026-09-24 19:05:19.660933+00:00
NVDA,2025-01-28 23:30:00+00:00,103.67045684302451,104.29222816623088,102.53838716005248,103.64663645194935,103.64663645194935,3207528.0,sample,2026-09-24 19:05:19.660933+00:00
NVDA,2025-01-29 00:30:00+00:00,104.00097955368497,105.20048845303135,103.00166823737156,103.77691907080312,103.77691907080312,17645257.0,sample,2026-09-24 19:05:19.660933+00:00
NVDA,2025-01-29 01:30:00+00:00,103.86435505236348,104.2666228596717,103.54245252437586,103.94732830575093,103.94732830575093,7823063.0,sample,2026-09-24 19:05:19.660933+00:00
NVDA,2025-01-29 02:30:00+00:00,103.99819480836118,104.56544907018403,103.43624908245847,104.34623511149067,104.34623511149067,8902657.0,sample,2026-09-24 19:05:19.660933+00:00
NVDA,2025-01-29 03:30:00+00:00,104.4145741204668,104.62890629655253,102.89102141684546,103.75301822792731,103.75301822792731,8772967.0,sample,2026-09-24 19:05:19.660933+00:00
NVDA,2025-01-29 04:30:00+00:00,103.92554573044194,105.39723544687764,102.75489222537495,104.28829202863501,104.28829202863501,12696246.0,sample,2026-09-24 19:05:19.660933+00:00
NVDA,2025-01-29 05:30:00+00:00,104.08976073623195,104.98310840497982,102.93676650040776,104.31665172156667,104.31665172156667,6093268.0,sample,2026-09-24 19:05:19.660933+00:00
NVDA,2025-01-29 06:30:00+00:00,104.02984324344207,105.54744233568097,103.51242319556823,104.40589256696211,104.40589256696211,8033140.0,sample,2026-09-24 19:05:19.660933+00:00
NVDA,2025-01-29 07:30:00+00:00,104.49281903671174,105.34712993855972,103.92041346594789,104.52331484907225,104.52331484907225,7898822.0,sample,2026-09-24 19:05:19.660933+00:00
NVDA,2025-01-29 08:30:00+00:00,104.70396192322816,106.1560584990396,103.75765811029322,105.0030941606249,105.0030941606249,3037069.0,sample,2026-09-24 19:05:19.660933+00:00
NVDA,2025-01-29 09:30:00+00:00,104.92007003256838,105.88444821175267,103.50784450627313,104.53952448592214,104.53952448592214,3906927.0,sample,2026-09-24 19:05:19.660933+00:00
NVDA,2025-01-29 10:30:00+00:00,104.89906639666074,105.77208780998984,104.43608560674689,104.56139149878268,104.56139149878268,14860451.0,sample,2026-09-24 19:05:19.660933+00:00
NVDA,2025-01-29 11:30:00+00:00,104.53662117063551,104.89878937584378,103.752686998123,104.12092629333947,104.12092629333947,6059270.0,sample,2026-09-24 19:05:19.660933+00:00
NVDA,2025-01-29 12:30:00+00:00,104.35930072360973,105.12875500724999,103.48498461754313,103.66009047242497,103.66009047242497,16882123.0,sample,2026-09-24 19:05:19.660933+00:00
NVDA,2025-01-29 13:30:00+00:00,103.84275232046193,104.80647343068581,103.59791362912857,104.25626231815201,104.25626231815201,8478961.0,sample,2026-09-24 19:05:19.660933+00:00
NVDA,2025-01-29 14:30:00+00:00,104.22135105205126,105.0613977194586,102.7704936538799,103.73620852487063,103.73620852487063,4395102.0,sample,2026-09-24 19:05:19.660933+00:00
NVDA,2025-01-29 15:30:00+00:00,104.01180942320325,105.55008670012758,103.04094306096668,104.3754555709983,104.3754555709983,2433210.0,sample,2026-09-24 19:05:19.660933+00:00
NVDA,2025-01-29 16:30:00+00:00,104.01216598687557,105.45472008942299,103.07034611515964,104.33426256890428,104.33426256890428,7573132.0,sample,2026-09-24 19:05:19.660933+00:00
NVDA,2025-01-29 17:30:00+00:00,104.2941957760444,105.52778884182015,104.11707340372801,104.58141584179896,104.58141584179896,16733480.0,sample,2026-09-24 19:05:19.660933+00:00
NVDA,2025-01-29 18:30:00+00:00,104.54900205567715,105.7482189422521,104.33873944706274,104.45021511542997,104.45021511542997,12213031.0,sample,2026-09-24 19:05:19.660933+00:00
NVDA,2025-01-29 19:30:00+00:00,104.20008148110553,105.40808570516212,103.52492656113013,104.26107823563545,104.26107823563545,13162927.0,sample,2026-09-24 19:05:19.660933+00:00
NVDA,2025-01-29 20:30:00+00:00,104.11906304056315,105.1636884363662,103.55505436156366,104.67702423942508,104.67702423942508,3951460.0,sample,2026-09-24 19:05:19.660933+00:00
NVDA,2025-01-29 21:30:00+00:00,104.62819163348681,105.44980332059613,103.18899554257399,104.18159797469193,104.18159797469193,2036756.0,sample,2026-09-24 19:05:19.660933+00:00
NVDA,2025-01-29 22:30:00+00:00,103.844966134688,104.53558421882416,103.07844148180452,104.34425350791632,104.34425350791632,10191384.0,sample,2026-09-24 19:05:19.660933+00:00
NVDA,2025-01-29 23:30:00+00:00,104.18336828208797,105.06936845772603,103.93634829756122,104.50713631478611,104.50713631478611,5552460.0,sample,2026-09-24 19:05:19.660933+00:00
NVDA,2025-01-30 00:30:00+00:00,104.28989809984432,105.72890722473207,103.44862664920272,104.77330638149641,104.77330638149641,15847085.0,sample,2026-09-24 19:05:19.660933+00:00
NVDA,2025-01-30 01:30:00+00:00,105.07897339120446,105.62862971652386,104.19197334421827,104.76144384247326,104.76144384247326,11218823.0,sample,2026-09-24 19:05:19.660933+00:00
NVDA,2025-01-30 02:30:00+00:00,104.8340974781931,105.14058903010954,103.07041504755529,103.9829936066621,103.9829936066621,5557234.0,sample,2026-09-24 19:05:19.660933+00:00
NVDA,2025-01-30 03:30:00+00:00,104.19509123961353,105.82941024586655,103.44975799525965,105.00446208372331,105.00446208372331,7709860.0,sample,2026-09-24 19:05:19.660933+00:00
NVDA,2025-01-30 04:30:00+00:00,104.82720992010552,106.50943818313957,104.31253258288353,105.35223781203162,105.35223781203162,10721241.0,sample,2026-09-24 19:05:19.660933+00:00
NVDA,2025-01-30 05:30:00+00:00,105.32498844777412,106.58168525146903,104.62300215805345,104.9350319161242,104.9350319161242,6770398.0,sample,2026-09-24 19:05:19.660933+00:00
NVDA,2025-01-30 06:30:00+00:00,105.2216789497123,106.32757309711585,104.38883474449254,104.67993106422229,104.67993106422229,17550706.0,sample,2026-09-24 19:05:19.660933+00:00
NVDA,2025-01-30 07:30:00+00:00,104.66492783444411,105.72843281006546,103.95893840390093,105.35235755665656,105.35235755665656,16498341.0,sample,2026-09-24 19:05:19.660933+00:00
NVDA,2025-01-30 08:30:00+00:00,105.3421493296433,105.77706032539116,104.50352076036974,104.91266650895358,104.91266650895358,15214216.0,sample,2026-09-24 19:05:19.660933+00:00
NVDA,2025-01-30 09:30:00+00:00,105.01302775157782,106.06932121735818,103.92472839913977,104.08470831673476,104.08470831673476,17720896.0,sample,2026-09-24 19:05:19.660933+00:00
NVDA,2025-01-30 10:30:00+00:00,103.87703659615991,104.54353545821408,103.59929376324126,104.33987104200924,104.33987104200924,13759223.0,sample,2026-09-24 19:05:19.660933+00:00
NVDA,2025-01-30 11:30:00+00:00,104.51006396208095,104.72473166075082,104.04983338028121,104.42645765098464,104.42645765098464,4098612.0,sample,2026-09-24 19:05:19.660933+00:00
NVDA,2025-01-30 12:30:00+00:00,104.25690224016635,105.76472033443022,103.2460429912183,104.71167774024822,104.71167774024822,8303841.0,sample,2026-09-24 19:05:19.660933+00:00
NVDA,2025-01-30 13:30:00+00:00,104.86329703393615,106.08960168988416,103.64591531158545,103.94391459470609,103.94391459470609,13981468.0,sample,2026-09-24 19:05:19.660933+00:00
NVDA,2025-01-30 14:30:00+00:00,103.65068736486818,104.73192685554719,102.82351907458172,103.71669339639222,103.71669339639222,7984511.0,sample,2026-09-24 19:05:19.660933+00:00
NVDA,2025-01-30 15:30:00+00:00,103.71314730170359,104.27707605398096,102.28921569304437,103.41629454654522,103.41629454654522,2748337.0,sample,2026-09-24 19:05:19.660933+00:00
NVDA,2025-01-30 16:30:00+00:00,103.5532958163222,104.24623517202451,103.09119897641577,103.40991481679623,103.40991481679623,14735261.0,sample,2026-09-24 19:05:19.660933+00:00
NVDA,2025-01-30 17:30:00+00:00,103.7058055742415,104.68609941513537,102.65357783098447,102.99076200283558,102.99076200283558,15783110.0,sample,2026-09-24 19:05:19.660933+00:00
NVDA,2025-01-30 18:30:00+00:00,103.05938736503067,103.94945527976546,102.32538373629082,102.76866213437208,102.76866213437208,9970798.0,sample,2026-09-24 19:05:19.660933+00:00
NVDA,2025-01-30 19:30:00+00:00,102.69601309675842,103.6838629291871,102.27183977101747,102.75251100221223,102.75251100221223,1725777.0,sample,2026-09-24 19:05:19.660933+00:00
NVDA,2025-01-30 20:30:00+00:00,102.616711987567,103.31504031638515,102.28716611547372,102.76514925143125,102.76514925143125,4737610.0,sample,2026-09-24 19:05:19.660933+00:00
NVDA,2025-01-30 21:30:00+00:00,102.82770684144216,103.38378417285126,101.77350477742375,102.58827489973882,102.58827489973882,14694649.0,sample,2026-09-24 19:05:19.660933+00:00
NVDA,2025-01-30 22:30:00+00:00,102.48074267091542,104.19873148826998,101.9740720670173,103.26426797998874,103.26426797998874,12789673.0,sample,2026-09-24 19:05:19.660933+00:00
NVDA,2025-01-30 23:30:00+00:00,103.53942249916031,104.42295840113518,102.2625689168949,102.89255243241094,102.89255243241094,7197641.0,sample,2026-09-24 19:05:19.660933+00:00
NVDA,2025-01-31 00:30:00+00:00,102.85041945330859,103.18248922279153,101.3484732606699,102.21073753988757,102.21073753988757,16455982.0,sample,2026-09-24 19:05:19.660933+00:00
NVDA,2025-01-31 01:30:00+00:00,102.45191590540183,103.86759164535067,101.47223323866437,102.95708683205893,102.95708683205893,7642270.0,sample,2026-09-24 19:05:19.660933+00:00
NVDA,2025-01-31 02:30:00+00:00,103.01977330012296,103.51988228027504,101.96039925943998,102.50239668951183,102.50239668951183,16262258.0,sample,2026-09-24 19:05:19.660933+00:00
NVDA,2025-01-31 03:30:00+00:00,102.58560031176839,102.81909188300266,101.75077725761733,102.3191124031165,102.3191124031165,17942473.0,sample,2026-09-24 19:05:19.660933+00:00
NVDA,2025-01-31 04:30:00+00:00,102.30201089729923,103.27106685324564,101.08547662247271,102.12339155488857,102.12339155488857,4872120.0,sample,2026-09-24 19:05:19.660933+00:00
NVDA,2025-01-31 05:30:00+00:00,102.15128542809771,103.03750011130477,101.10284194130487,102.24014573579674,102.24014573579674,5545518.0,sample,2026-09-24 19:05:19.660933+00:00
NVDA,2025-01-31 06:30:00+00:00,102.17794745373786,103.72935125493014,101.8150712091198,102.59381665240345,102.59381665240345,1646436.0,sample,2026-09-24 19:05:19.660933+00:00
NVDA,2025-01-31 07:30:00+00:00,102.82931450981694,103.85611115646083,102.23036868479264,102.93674232423697,102.93674232423697,2373628.0,sample,2026-09-24 19:05:19.660933+00:00
NVDA,2025-01-31 08:30:00+00:00,102.99970842935701,103.30255229835889,102.57583912778547,102.8596888232081,102.8596888232081,5582970.0,sample,2026-09-24 19:05:19.660933+00:00
NVDA,2025-01-31 09:30:00+00:00,102.46894494270366,103.93753921993346,102.33646406683886,102.97211304110122,102.97211304110122,4280461.0,sample,2026-09-24 19:05:19.660933+00:00
NVDA,2025-01-31 10:30:00+00:00,103.05027086122875,103.23564913064871,101.76296736239475,101.99595612086237,101.99595612086237,7492988.0,sample,2026-09-24 19:05:19.660933+00:00
NVDA,2025-01-31 11:30:00+00:00,102.12329707334516,103.73887457840057,101.41856147640753,102.63845371504597,102.63845371504597,9619302.0,sample,2026-09-24 19:05:19.660933+00:00
NVDA,2025-01-31 12:30:00+00:00,102.87543654060269,103.91772003146326,100.3377266768475,101.54300349562182,101.54300349562182,11027803.0,sample,2026-09-24 19:05:19.660933+00:00
NVDA,2025-01-31 13:30:00+00:00,101.27023017925832,103.06126106316898,100.52043066584545,101.9233373051087,101.9233373051087,8300181.0,sample,2026-09-24 19:05:19.660933+00:00
NVDA,2025-01-31 14:30:00+00:00,101.78116752863201,102.86531375685858,101.62433179630511,102.00570406261089,102.00570406261089,17740369.0,sample,2026-09-24 19:05:19.660933+00:00
NVDA,2025-01-31 15:30:00+00:00,101.93480857038097,102.32612069965505,101.39483141088456,101.73774455560222,101.73774455560222,3561766.0,sample,2026-09-24 19:05:19.660933+00:00
NVDA,2025-01-31 16:30:00+00:00,101.96013030253035,102.13825949782546,100.8064051159405,101.87393928832876,101.87393928832876,1852998.0,sample,2026-09-24 19:05:19.660933+00:00
NVDA,2025-01-31 17:30:00+00:00,102.06365820175164,102.17117575332709,101.29380830288157,101.66022909193752,101.66022909193752,7301064.0,sample,2026-09-24 19:05:19.660933+00:00
NVDA,2025-01-31 18:30:00+00:00,101.89294962492704,102.80007925830755,101.50278844100697,101.84072050762191,101.84072050762191,2001413.0,sample,2026-09-24 19:05:19.660933+00:00
NVDA,2025-01-31 19:30:00+00:00,101.6317896790873,102.68386299324834,99.51625463137806,100.69277730342135,100.69277730342135,3680249.0,sample,2026-09-24 19:05:19.660933+00:00
NVDA,2025-01-31 20:30:00+00:00,100.48266421175465,100.96868826806757,99.19645264841112,100.13153423229762,100.13153423229762,13995290.0,sample,2026-09-24 19:05:19.660933+00:00
NVDA,2025-01-31 21:30:00+00:00,100.05496388983835,100.30727326685073,99.10598563419957,100.02761629554251,100.02761629554251,17286158.0,sample,2026-09-24 19:05:19.660933+00:00
NVDA,2025-01-31 22:30:00+00:00,99.83792668241854,100.44971912589129,98.64485068660967,99.61975061903775,99.61975061903775,4472996.0,sample,2026-09-24 19:05:19.660933+00:00
NVDA,2025-01-31 23:30:00+00:00,99.60089633053384,100.64505495023424,99.23532667112475,99.78943098757333,99.78943098757333,16801528.0,sample,2026-09-24 19:05:19.660933+00:00
NVDA,2025-02-01 00:30:00+00:00,99.79820793214,101.13759609667274,99.09502747773053,100.25460746887505,100.25460746887505,9829527.0,sample,2026-09-24 19:05:19.660933+00:00
NVDA,2025-02-01 01:30:00+00:00,100.24835621125447,100.7112892022896,100.00893177318657,100.27254579883352,100.27254579883352,3470667.0,sample,2026-09-24 19:05:19.660933+00:00
NVDA,2025-02-01 02:30:00+00:00,100.1212618662442,101.4418156451719,99.11878417975927,100.4813045950609,100.4813045950609,3154513.0,sample,2026-09-24 19:05:19.660933+00:00
NVDA,2025-02-01 03:30:00+00:00,100.58599211837428,101.55166380027615,99.96130304350731,100.74459537319403,100.74459537319403,4601085.0,sample,2026-09-24 19:05:19.660933+00:00
NVDA,2025-02-01 04:30:00+00:00,100.60631899965814,102.51087059433512,100.08399300304723,101.46232902778604,101.46232902778604,12446695.0,sample,2026-09-24 19:05:19.660933+00:00
NVDA,2025-02-01 05:30:00+00:00,101.34808816035948,101.99037564677342,100.31166927912763,100.90015797142613,100.90015797142613,2281328.0,sample,2026-09-24 19:05:19.660933+00:00
NVDA,2025-02-01 06:30:00+00:00,100.64488648466279,100.8832567636288,99.91390420250514,100.40279623115502,100.40279623115502,2954874.0,sample,2026-09-24 19:05:19.660933+00:00
NVDA,2025-02-01 07:30:00+00:00,100.03799673533814,101.35214394283756,99.18281099013447,100.49158767436697,100.49158767436697,15439526.0,sample,2026-09-24 19:05:19.660933+00:00
NVDA,2025-02-01 08:30:00+00:00,100.63506320222918,101.83600616477868,99.86959187050425,100.51209452000347,100.51209452000347,8370494.0,sample,2026-09-24 19:05:19.660933+00:00
NVDA,2025-02-01 09:30:00+00:00,100.33753278554167,100.95149222766116,99.68493572142,100.24201666585171,100.24201666585171,14104015.0,sample,2026-09-24 19:05:19.660933+00:00
NVDA,2025-02-01 10:30:00+00:00,100.46963386472716,101.4923122648843,99.55112807040655,100.03716650980633,100.03716650980633,3798739.0,sample,2026-09-24 19:05:19.660933+00:00
NVDA,2025-02-01 11:30:00+00:00,99.63955466636406,101.48347126682131,98.8884027652444,100.38150865168416,100.38150865168416,5216776.0,sample,2026-09-24 19:05:19.660933+00:00
NVDA,2025-02-01 12:30:00+00:00,100.34753816580472,100.94105491436434,100.03366442621774,100.77117003090248,100.77117003090248,17832614.0,sample,2026-09-24 19:05:19.660933+00:00
NVDA,2025-02-01 13:30:00+00:00,100.69061136625879,101.79176654675463,99.94729458708444,100.23216990432606,100.23216990432606,13318900.0,sample,2026-09-24 19:05:19.660933+00:00
NVDA,2025-02-01 14:30:00+00:00,100.38329207812998,100.85929089204015,99.15208799840292,100.09590217951305,100.09590217951305,16094661.0,sample,2026-09-24 19:05:19.660933+00:00
NVDA,2025-02-01 15:30:00+00:00,99.74081218702385,100.48028430652306,98.84134716756286,100.05540155494981,100.05540155494981,9171384.0,sample,2026-09-24 19:05:19.660933+00:00
NVDA,2025-02-01 16:30:00+00:00,100.10606620071268,100.8962573963548,99.59674121037827,100.05157289666809,100.05157289666809,14509345.0,sample,2026-09-24 19:05:19.660933+00:00
NVDA,2025-02-01 17:30:00+00:00,99.97495827501085,100.98474757255747,99.57825656005159,100.43365480616019,100.43365480616019,6279563.0,sample,2026-09-24 19:05:19.660933+00:00
NVDA,2025-02-01 18:30:00+00:00,100.31919483351433,101.31327249555096,98.98748678228677,99.87239516299657,99.87239516299657,11945501.0,sample,2026-09-24 19:05:19.660933+00:00
NVDA,2025-02-01 19:30:00+00:00,99.99889848124887,101.16838063022132,98.99945617139147,99.97863229880093,99.97863229880093,12607025.0,sample,2026-09-24 19:05:19.660933+00:00
NVDA,2025-02-01 20:30:00+00:00,99.83681758426647,100.04093904545444,99.49865635210963,99.7257140526363,99.7257140526363,2689989.0,sample,2026-09-24 19:05:19.660933+00:00
NVDA,2025-02-01 21:30:00+00:00,99.78861792231035,100.75748127612513,98.6086093743892,99.57214501368114,99.57214501368114,9762930.0,sample,2026-09-24 19:05:19.660933+00:00
NVDA,2025-02-01 22:30:00+00:00,99.3962685976571,99.6706382297313,98.52113925473505,99.29947036489573,99.29947036489573,7605105.0,sample,2026-09-24 19:05:19.660933+00:00
NVDA,2025-02-01 23:30:00+00:00,99.32300323846209,99.44695846753527,98.31934338987637,98.73396327694083,98.73396327694083,3296577.0,sample,2026-09-24 19:05:19.660933+00:00
NVDA,2025-02-02 00:30:00+00:00,98.78448538428718,99.75474674879753,97.91169858821316,98.47307197572086,98.47307197572086,5123910.0,sample,2026-09-24 19:05:19.660933+00:00
NVDA,2025-02-02 01:30:00+00:00,98.8628465121263,99.03397067243137,97.67226522210139,98.33935165846614,98.33935165846614,11050074.0,sample,2026-09-24 19:05:19.660933+00:00
NVDA,2025-02-02 02:30:00+00:00,98.49783059887118,99.3290689076986,98.12617938443937,98.6207406209641,98.6207406209641,2703356.0,sample,2026-09-24 19:05:19.660933+00:00
NVDA,2025-02-02 03:30:00+00:00,98.66334521386447,99.4414309319999,97.34964467546875,98.41352889089549,98.41352889089549,2737661.0,sample,2026-09-24 19:05:19.660933+00:00
NVDA,2025-02-02 04:30:00+00:00,98.18739893220415,99.19546801668511,97.04739016136052,98.87156879294179,98.87156879294179,11695711.0,sample,2026-09-24 19:05:19.660933+00:00
NVDA,2025-02-02 05:30:00+00:00,98.91799407808558,99.59281400192314,97.64102438985422,98.4932991957704,98.4932991957704,16020114.0,sample,2026-09-24 19:05:19.660933+00:00
NVDA,2025-02-02 06:30:00+00:00,98.29701678558162,98.95458342404663,97.13484421642302,98.39606848241849,98.39606848241849,15904467.0,sample,2026-09-24 19:05:19.660933+00:00
NVDA,2025-02-02 07:30:00+00:00,98.2301326742288,98.81809675796042,97.51416264838117,98.1047812963001,98.1047812963001,15990983.0,sample,2026-09-24 19:05:19.660933+00:00
NVDA,2025-02-02 08:30:00+00:00,98.05896366559445,99.40719180806289,97.21990465492141,98.54640939340233,98.54640939340233,12387961.0,sample,2026-09-24 19:05:19.660933+00:00
NVDA,2025-02-02 09:30:00+00:00,98.76196162744866,98.92483884800076,97.84994272074947,98.37293164321281,98.37293164321281,13777062.0,sample,2026-09-24 19:05:19.660933+00:00
NVDA,2025-02-02 10:30:00+00:00,98.26667314319477,99.05028561531154,97.08356238383044,97.89812361608818,97.89812361608818,16753411.0,sample,2026-09-24 19:05:19.660933+00:00
NVDA,2025-02-02 11:30:00+00:00,98.05931045410584,98.90952614274224,97.23409507212364,98.12253135087361,98.12253135087361,9901301.0,sample,2026-09-24 19:05:19.660933+00:00
NVDA,2025-02-02 12:30:00+00:00,98.05772191077921,99.0282943459516,97.37859259280226,98.27581169319961,98.27581169319961,1553147.0,sample,2026-09-24 19:05:19.660933+00:00
NVDA,2025-02-02 13:30:00+00:00,98.07580794721632,98.59540231309197,97.52637346168284,98.23955789465595,98.23955789465595,17479013.0,sample,2026-09-24 19:05:19.660933+00:00
NVDA,2025-02-02 14:30:00+00:00,97.91879159724468,98.63417205805082,97.39350798543776,97.97627771714637,97.97627771714637,9308194.0,sample,2026-09-24 19:05:19.660933+00:00
NVDA,2025-02-02 15:30:00+00:00,98.11378313388363,99.04653911614051,96.4214929172919,97.1529886217079,97.1529886217079,14819538.0,sample,2026-09-24 19:05:19.660933+00:00
NVDA,2025-02-02 16:30:00+00:00,97.09983233171117,97.58674794233718,96.09381790737365,97.30528472146504,97.30528472146504,9142913.0,sample,2026-09-24 19:05:19.660933+00:00
NVDA,2025-02-02 17:30:00+00:00,96.98761790397332,98.04780378695459,96.7960274331525,96.95650123995551,96.95650123995551,10872932.0,sample,2026-09-24 19:05:19.660933+00:00
NVDA,2025-02-02 18:30:00+00:00,96.92770241827327,98.4223575699058,96.39230358082887,97.25559537488124,97.25559537488124,14202772.0,sample,2026-09-24 19:05:19.660933+00:00
NVDA,2025-02-02 19:30:00+00:00,97.30036079502153,97.86041450300007,96.3154023710759,97.20998675976627,97.20998675976627,13802402.0,sample,2026-09-24 19:05:19.660933+00:00
NVDA,2025-02-02 20:30:00+00:00,97.19246904593554,97.478153860021,95.8270317058968,96.58367494993213,96.58367494993213,1646155.0,sample,2026-09-24 19:05:19.660933+00:00
NVDA,2025-02-02 21:30:00+00:00,96.78005123530471,97.77700554506464,96.32945753658869,96.42691714088741,96.42691714088741,10295082.0,sample,2026-09-24 19:05:19.660933+00:00
NVDA,2025-02-02 22:30:00+00:00,96.55805692927454,97.30996049016402,96.00944506058337,96.44222263455809,96.44222263455809,5024666.0,sample,2026-09-24 19:05:19.660933+00:00
NVDA,2025-02-02 23:30:00+00:00,96.48509475774482,96.88789026114874,95.79913375617119,96.02089723363142,96.02089723363142,17224398.0,sample,2026-09-24 19:05:19.660933+00:00
NVDA,2025-02-03 00:30:00+00:00,95.77439764340706,96.45649261942499,95.34127064218468,95.74664104836758,95.74664104836758,14542328.0,sample,2026-09-24 19:05:19.660933+00:00
NVDA,2025-02-03 01:30:00+00:00,95.92936844469021,96.08411657217852,94.66280895086093,95.34848160950524,95.34848160950524,12871410.0,sample,2026-09-24 19:05:19.660933+00:00
NVDA,2025-02-03 02:30:00+00:00,95.20081022082383,96.06791826922027,93.79454329711376,94.74496381218844,94.74496381218844,10620321.0,sample,2026-09-24 19:05:19.660933+00:00
NVDA,2025-02-03 03:30:00+00:00,94.83769056932623,95.25443080674177,94.26549162780442,94.44427407692703,94.44427407692703,5638534.0,sample,2026-09-24 19:05:19.660933+00:00
NVDA,2025-02-03 04:30:00+00:00,94.17877783944631,95.64033085146777,93.8044973853664,94.66298539764982,94.66298539764982,7712824.0,sample,2026-09-24 19:05:19.660933+00:00
NVDA,2025-02-03 05:30:00+00:00,94.62653517481898,95.51912949878903,93.72002221878282,94.43683078188607,94.43683078188607,8228008.0,sample,2026-09-24 19:05:19.660933+00:00
NVDA,2025-02-03 06:30:00+00:00,94.43655524715328,96.44118717427831,94.24515928225462,95.37943536657387,95.37943536657387,11696240.0,sample,2026-09-24 19:05:19.660933+00:00
NVDA,2025-02-03 07:30:00+00:00,95.49196124092072,96.54855669815916,95.2151046980007,95.32583734372378,95.32583734372378,10714800.0,sample,2026-09-24 19:05:19.660933+00:00
NVDA,2025-02-03 08:30:00+00:00,95.54709842933536,96.16322081924324,94.33079867618231,94.57264973455433,94.57264973455433,17503820.0,sample,2026-09-24 19:05:19.660933+00:00
NVDA,2025-02-03 09:30:00+00:00,94.76831336411824,95.78284627486401,93.42482499298963,94.46843227743237,94.46843227743237,11789567.0,sample,2026-09-24 19:05:19.660933+00:00
NVDA,2025-02-03 10:30:00+00:00,94.17452126511827,95.71432140674321,93.20248657847894,94.85078685206778,94.85078685206778,10100796.0,sample,2026-09-24 19:05:19.660933+00:00
NVDA,2025-02-03 11:30:00+00:00,94.75056539400525,95.39316295128961,94.23814725649743,94.39206265526973,94.39206265526973,10030372.0,sample,2026-09-24 19:05:19.660933+00:00
NVDA,2025-02-03 12:30:00+00:00,94.39245680440152,95.38417147287501,94.12301956519337,94.67084329989412,94.67084329989412,5055684.0,sample,2026-09-24 19:05:19.660933+00:00
NVDA,2025-02-03 13:30:00+00:00,94.52578607108242,95.30054942358105,94.39818441940619,94.96164385960597,94.96164385960597,7092512.0,sample,2026-09-24 19:05:19.660933+00:00
NVDA,2025-02-03 14:30:00+00:00,94.97789501643432,95.58226253065813,93.7032806972863,94.42010176654077,94.42010176654077,3006104.0,sample,2026-09-24 19:05:19.660933+00:00
NVDA,2025-02-03 15:30:00+00:00,94.19138210303808,94.94504752647376,93.6362492038079,94.55759602857435,94.55759602857435,17310414.0,sample,2026-09-24 19:05:19.660933+00:00
NVDA,2025-02-03 16:30:00+00:00,94.76300507095935,95.47588534151133,93.97588230870923,94.58774140112195,94.58774140112195,12436184.0,sample,2026-09-24 19:05:19.660933+00:00
NVDA,2025-02-03 17:30:00+00:00,94.54913269176443,94.90508715987036,93.86671160289319,94.72018977319922,94.72018977319922,3058856.0,sample,2026-09-24 19:05:19.660933+00:00
NVDA,2025-02-03 18:30:00+00:00,94.5156812725454,96.04392756865049,94.18977331449136,95.07231859500659,95.07231859500659,7466727.0,sample,2026-09-24 19:05:19.660933+00:00
NVDA,2025-02-03 19:30:00+00:00,95.15670535865354,96.09298693972453,94.909881883104,95.54728597926338,95.54728597926338,2175358.0,sample,2026-09-24 19:05:19.660933+00:00
NVDA,2025-02-03 20:30:00+00:00,95.65308922232603,96.04436498009203,95.19403087061762,95.5305261242012,95.5305261242012,4538520.0,sample,2026-09-24 19:05:19.660933+00:00
NVDA,2025-02-03 21:30:00+00:00,95.53221825061833,96.10815651724306,95.43228923990857,95.70904670952756,95.70904670952756,15317956.0,sample,2026-09-24 19:05:19.660933+00:00
NVDA,2025-02-03 22:30:00+00:00,96.02677541103763,97.02851286132699,95.05019468418385,95.8615751072878,95.8615751072878,14881334.0,sample,2026-09-24 19:05:19.660933+00:00
NVDA,2025-02-03 23:30:00+00:00,96.34323154578378,96.58707414673061,94.52341538381688,95.5278169323822,95.5278169323822,14007397.0,sample,2026-09-24 19:05:19.660933+00:00
NVDA,2025-02-04 00:30:00+00:00,95.37768936786313,96.5754649156838,95.19668600859578,95.75503853000082,95.75503853000082,9433369.0,sample,2026-09-24 19:05:19.660933+00:00
NVDA,2025-02-04 01:30:00+00:00,95.93502455533823,96.6028547299123,95.54922312846539,96.14199103058682,96.14199103058682,5919066.0,sample,2026-09-24 19:05:19.660933+00:00
NVDA,2025-02-04 02:30:00+00:00,96.0768382492778,97.0950525090333,95.41655340288354,96.2917224940075,96.2917224940075,3115813.0,sample,2026-09-24 19:05:19.660933+00:00
NVDA,2025-02-04 03:30:00+00:00,96.35593045946821,97.33665922969976,96.12887274622496,96.22802042436939,96.22802042436939,14055886.0,sample,2026-09-24 19:05:19.660933+00:00
NVDA,2025-02-04 04:30:00+00:00,96.11909149910566,97.51009467383703,95.86754071832728,97.13679746541969,97.13679746541969,17932259.0,sample,2026-09-24 19:05:19.660933+00:00
NVDA,2025-02-04 05:30:00+00:00,96.99916849768042,97.77466614549303,95.84533995941399,97.55308008361983,97.55308008361983,16916052.0,sample,2026-09-24 19:05:19.660933+00:00
NVDA,2025-02-04 06:30:00+00:00,97.462675473984,98.08265923742506,97.24281692275954,97.52064193726959,97.52064193726959,16787383.0,sample,2026-09-24 19:05:19.660933+00:00
NVDA,2025-02-04 07:30:00+00:00,97.60985211754043,97.83487675415978,95.74588982072126,96.88270050570263,96.88270050570263,2498362.0,sample,2026-09-24 19:05:19.660933+00:00
NVDA,2025-02-04 08:30:00+00:00,96.63280406428777,97.06490987595413,96.52137704604657,96.95610187610438,96.95610187610438,17111581.0,sample,2026-09-24 19:05:19.660933+00:00
NVDA,2025-02-04 09:30:00+00:00,96.97257938198075,97.9148885815343,95.93272576385884,97.11747159746537,97.11747159746537,9133183.0,sample,2026-09-24 19:05:19.660933+00:00
NVDA,2025-02-04 10:30:00+00:00,96.78477030881322,98.03507786657005,95.97384272108188,97.5549410776427,97.5549410776427,8017262.0,sample,2026-09-24 19:05:19.660933+00:00
NVDA,2025-02-04 11:30:00+00:00,97.76087040143672,99.03046884854041,97.65671931606406,98.16765431034197,98.16765431034197,3329912.0,sample,2026-09-24 19:05:19.660933+00:00
NVDA,2025-02-04 12:30:00+00:00,98.0925185493513,98.76305428509261,97.61930623034948,97.86429869226974,97.86429869226974,17380236.0,sample,2026-09-24 19:05:19.660933+00:00
NVDA,2025-02-04 13:30:00+00:00,98.15116938316599,98.47908274048855,97.0662396487895,97.46305374031864,97.46305374031864,12873736.0,sample,2026-09-24 19:05:19.660933+00:00
NVDA,2025-02-04 14:30:00+00:00,97.53336478496372,97.91910448412274,95.82850175461444,96.84700890103763,96.84700890103763,7961016.0,sample,2026-09-24 19:05:19.660933+00:00
NVDA,2025-02-04 15:30:00+00:00,96.91878322843213,97.09930608936963,96.68584652492522,97.00034048954963,97.00034048954963,8386011.0,sample,2026-09-24 19:05:19.660933+00:00
NVDA,2025-02-04 16:30:00+00:00,96.89876302758046,98.13084914536604,95.89377612523617,97.66979440332372,97.66979440332372,1951392.0,sample,2026-09-24 19:05:19.660933+00:00
NVDA,2025-02-04 17:30:00+00:00,97.61238158468403,98.52347368028485,96.54098224240145,97.63905737267339,97.63905737267339,8880895.0,sample,2026-09-24 19:05:19.660933+00:00
NVDA,2025-02-04 18:30:00+00:00,97.60809376402487,98.17619775757275,97.11105150886272,97.77606124198594,97.77606124198594,3930761.0,sample,2026-09-24 19:05:19.660933+00:00
NVDA,2025-02-04 19:30:00+00:00,97.54514332316857,97.7357606840175,97.17491291780378,97.6114649843805,97.6114649843805,13053357.0,sample,2026-09-24 19:05:19.660933+00:00
NVDA,2025-02-04 20:30:00+00:00,97.49399696087424,98.13597001267577,96.6538227934785,97.18760155279762,97.18760155279762,6931135.0,sample,2026-09-24 19:05:19.660933+00:00
NVDA,2025-02-04 21:30:00+00:00,97.0757973812074,97.63963023600944,95.97293532861211,97.01636917835629,97.01636917835629,14940285.0,sample,2026-09-24 19:05:19.660933+00:00
NVDA,2025-02-04 22:30:00+00:00,96.93519915634911,98.01065030512487,96.70171281289154,97.56544801217636,97.56544801217636,16993916.0,sample,2026-09-24 19:05:19.660933+00:00
NVDA,2025-02-04 23:30:00+00:00,97.76889877169626,98.91185795459104,97.23806817385369,97.3770750864197,97.3770750864197,6009064.0,sample,2026-09-24 19:05:19.660933+00:00
NVDA,2025-02-05 00:30:00+00:00,97.47285250502749,97.6975428376655,96.22127082216936,96.9810067590046,96.9810067590046,9752819.0,sample,2026-09-24 19:05:19.660933+00:00
NVDA,2025-02-05 01:30:00+00:00,96.77863286349313,97.36428677567866,96.31861125335921,97.14177068006586,97.14177068006586,10773411.0,sample,2026-09-24 19:05:19.660933+00:00
NVDA,2025-02-05 02:30:00+00:00,97.21607361825372,98.00109548362606,96.45012538584668,97.75077897337741,97.75077897337741,3838525.0,sample,2026-09-24 19:05:19.660933+00:00
NVDA,2025-02-05 03:30:00+00:00,97.59518950375654,98.34717027339815,96.39179576311784,97.51462952877611,97.51462952877611,13429555.0,sample,2026-09-24 19:05:19.660933+00:00
NVDA,2025-02-05 04:30:00+00:00,97.64880524991999,98.55233960775637,96.80060474610616,96.98466813820386,96.98466813820386,5136378.0,sample,2026-09-24 19:05:19.660933+00:00
NVDA,2025-02-05 05:30:00+00:00,96.48470083184061,97.31262867968881,95.37528663182832,96.75511021103055,96.75511021103055,11928169.0,sample,2026-09-24 19:05:19.660933+00:00
NVDA,2025-02-05 06:30:00+00:00,96.4705161706957,97.96052594734033,95.88345199753154,96.94462886214014,96.94462886214014,17201478.0,sample,2026-09-24 19:05:19.660933+00:00
NVDA,2025-02-05 07:30:00+00:00,96.73059028029083,97.00290491692319,95.75129501972407,96.89165370902585,96.89165370902585,12192937.0,sample,2026-09-24 19:05:19.660933+00:00
NVDA,2025-02-05 08:30:00+00:00,96.50751641425961,96.85009878553464,95.4031588887606,96.64214257573487,96.64214257573487,13351851.0,sample,2026-09-24 19:05:19.660933+00:00
NVDA,2025-02-05 09:30:00+00:00,96.74047866186137,98.34958493446223,95.77581733271825,97.21019463159432,97.21019463159432,17409882.0,sample,2026-09-24 19:05:19.660933+00:00
NVDA,2025-02-05 10:30:00+00:00,96.95397229067223,98.30537325440066,96.50440106270047,97.58408448808844,97.58408448808844,16353598.0,sample,2026-09-24 19:05:19.660933+00:00
NVDA,2025-02-05 11:30:00+00:00,97.9525938602288,98.92847372798738,97.26597671626692,97.38357668631477,97.38357668631477,1891952.0,sample,2026-09-24 19:05:19.660933+00:00
NVDA,2025-02-05 12:30:00+00:00,97.57349310639262,97.99183670549692,96.42596840919306,97.31723866887116,97.31723866887116,7597520.0,sample,2026-09-24 19:05:19.660933+00:00
NVDA,2025-02-05 13:30:00+00:00,97.1242373939485,98.19382970914059,96.43462906209243,97.34004386559117,97.34004386559117,9738533.0,sample,2026-09-24 19:05:19.660933+00:00
NVDA,2025-02-05 14:30:00+00:00,97.14772347746457,98.46270479774539,96.31574335320886,97.6306878704016,97.6306878704016,17718876.0,sample,2026-09-24 19:05:19.660933+00:00
NVDA,2025-02-05 15:30:00+00:00,97.38670573881582,98.34952103286385,96.24624319087903,97.59935087025555,97.59935087025555,14225667.0,sample,2026-09-24 19:05:19.660933+00:00
NVDA,2025-02-05 16:30:00+00:00,97.66668918569947,97.80661726210091,96.91547012372035,97.69824068083628,97.69824068083628,6464054.0,sample,2026-09-24 19:05:19.660933+00:00
NVDA,2025-02-05 17:30:00+00:00,97.8088684815303,99.04540296533186,97.27891434446087,98.2318319065512,98.2318319065512,15868224.0,sample,2026-09-24 19:05:19.660933+00:00
NVDA,2025-02-05 18:30:00+00:00,98.61566235343533,99.16577640542187,97.2335228083271,98.21519484849615,98.21519484849615,14848697.0,sample,2026-09-24 19:05:19.660933+00:00
NVDA,2025-02-05 19:30:00+00:00,97.76985898857968,99.30391637964604,97.33791209837204,98.21013807522462,98.21013807522462,5588104.0,sample,2026-09-24 19:05:19.660933+00:00
NVDA,2025-02-05 20:30:00+00:00,98.33045701288233,98.70836360998983,97.2662307089185,98.21020013160636,98.21020013160636,7974987.0,sample,2026-09-24 19:05:19.660933+00:00
NVDA,2025-02-05 21:30:00+00:00,98.0112599994559,99.45198017976256,97.1591591913713,98.28120233291556,98.28120233291556,12317450.0,sample,2026-09-24 19:05:19.660933+00:00
NVDA,2025-02-05 22:30:00+00:00,98.31064537250754,99.11752040712709,97.84137078306986,98.01577310112042,98.01577310112042,15043681.0,sample,2026-09-24 19:05:19.660933+00:00
NVDA,2025-02-05 23:30:00+00:00,98.28639461966827,98.64589595557327,97.34816402882763,98.52182475293789,98.52182475293789,7733215.0,sample,2026-09-24 19:05:19.660933+00:00
NVDA,2025-02-06 00:30:00+00:00,98.58484584296379,99.21966740022087,97.33540010766446,97.74699723472291,97.74699723472291,14592729.0,sample,2026-09-24 19:05:19.660933+00:00
NVDA,2025-02-06 01:30:00+00:00,97.94948676716687,98.7575938475042,96.63080898776516,97.2350493401139,97.2350493401139,7245422.0,sample,2026-09-24 19:05:19.660933+00:00
NVDA,2025-02-06 02:30:00+00:00,97.30322220790902,98.39859266436,96.77621141226496,97.82537925706485,97.82537925706485,3372389.0,sample,2026-09-24 19:05:19.660933+00:00
NVDA,2025-02-06 03:30:00+00:00,97.7753193987578,97.9775638776643,96.73527243680478,97.66392308444854,97.66392308444854,8759738.0,sample,2026-09-24 19:05:19.660933+00:00
NVDA,2025-02-06 04:30:00+00:00,97.76695195623951,98.55929935321082,96.63045827389628,97.31922591928766,97.31922591928766,7743344.0,sample,2026-09-24 19:05:19.660933+00:00
NVDA,2025-02-06 05:30:00+00:00,97.30210720099807,97.73319661392442,96.73978177241723,97.13871619023382,97.13871619023382,11053299.0,sample,2026-09-24 19:05:19.660933+00:00
NVDA,2025-02-06 06:30:00+00:00,97.40309098560387,98.53240003543098,96.66238207665674,96.87718206105984,96.87718206105984,2345854.0,sample,2026-09-24 19:05:19.660933+00:00
NVDA,2025-02-06 07:30:00+00:00,96.91147373440049,97.47542514933785,96.23723290120044,96.98853414707746,96.98853414707746,7913057.0,sample,2026-09-24 19:05:19.660933+00:00
NVDA,2025-02-06 08:30:00+00:00,96.91178195867256,97.8188441889393,96.58496575118001,96.88523561765822,96.88523561765822,4300324.0,sample,2026-09-24 19:05:19.660933+00:00
NVDA,2025-02-06 09:30:00+00:00,96.88744172728393,97.19449242946784,95.95077470973533,96.96456237002668,96.96456237002668,15901674.0,sample,2026-09-24 19:05:19.660933+00:00
NVDA,2025-02-06 10:30:00+00:00,96.87151642530277,97.72992793311263,96.22733469360402,96.51932749445487,96.51932749445487,14682843.0,sample,2026-09-24 19:05:19.660933+00:00
NVDA,2025-02-06 11:30:00+00:00,96.57104925340472,97.44239227095835,96.23241662406869,96.89738011685745,96.89738011685745,13709417.0,sample,2026-09-24 19:05:19.660933+00:00
NVDA,2025-02-06 12:30:00+00:00,96.51624500903387,96.8953586323948,95.751729161714,96.59745262525045,96.59745262525045,15322665.0,sample,2026-09-24 19:05:19.660933+00:00
NVDA,2025-02-06 13:30:00+00:00,96.50565198957959,96.70427427267272,95.46900188170389,96.26908514211124,96.26908514211124,13879459.0,sample,2026-09-24 19:05:19.660933+00:00
NVDA,2025-02-06 14:30:00+00:00,96.08968811929145,97.38970059312928,95.85525472115243,96.66862095182292,96.66862095182292,15294292.0,sample,2026-09-24 19:05:19.660933+00:00
NVDA,2025-02-06 15:30:00+00:00,96.52648534872377,98.10820446978812,95.80512589272287,97.86212143253582,97.86212143253582,3586460.0,sample,2026-09-24 19:05:19.660933+00:00
NVDA,2025-02-06 16:30:00+00:00,97.8798760767091,98.23087646115621,97.31087129358625,97.54973219093095,97.54973219093095,1961155.0,sample,2026-09-24 19:05:19.660933+00:00
NVDA,2025-02-06 17:30:00+00:00,97.52695546056911,98.5334742920144,96.21679067177934,97.31724677251115,97.31724677251115,3844427.0,sample,2026-09-24 19:05:19.660933+00:00
NVDA,2025-02-06 18:30:00+00:00,97.2158775766802,97.33922135772698,96.29883546979072,96.81529753952236,96.81529753952236,4644404.0,sample,2026-09-24 19:05:19.660933+00:00
NVDA,2025-02-06 19:30:00+00:00,97.19103535657769,97.59348648340512,96.01977267554928,96.89691426482496,96.89691426482496,9987173.0,sample,2026-09-24 19:05:19.660933+00:00
NVDA,2025-02-06 20:30:00+00:00,97.06638991007034,97.69701726545868,95.9184809088832,96.2478860653858,96.2478860653858,7741563.0,sample,2026-09-24 19:05:19.660933+00:00
NVDA,2025-02-06 21:30:00+00:00,96.10747128893321,96.6562177017336,94.90640688028883,95.74355144186616,95.74355144186616,7728218.0,sample,2026-09-24 19:05:19.660933+00:00
NVDA,2025-02-06 22:30:00+00:00,95.4836622543082,96.14614458504879,95.34425849136612,95.56015488016224,95.56015488016224,17186631.0,sample,2026-09-24 19:05:19.660933+00:00
NVDA,2025-02-06 23:30:00+00:00,95.4530831840287,96.0934091888015,94.54664844594514,95.1593772310685,95.1593772310685,11942570.0,sample,2026-09-24 19:05:19.660933+00:00
NVDA,2025-02-07 00:30:00+00:00,95.20042288042293,95.77456848389959,94.15812570677696,95.30666462427715,95.30666462427715,7217042.0,sample,2026-09-24 19:05:19.660933+00:00
NVDA,2025-02-07 01:30:00+00:00,95.1510467508141,95.69693987082164,94.31963984955108,95.48186097034669,95.48186097034669,6683805.0,sample,2026-09-24 19:05:19.660933+00:00
NVDA,2025-02-07 02:30:00+00:00,95.54263281234549,96.19203660574102,94.55988728375763,95.08803068676893,95.08803068676893,17700009.0,sample,2026-09-24 19:05:19.660933+00:00
NVDA,2025-02-07 03:30:00+00:00,94.90312332342761,96.46653599889052,94.33764543324529,95.33948793011052,95.33948793011052,16977378.0,sample,2026-09-24 19:05:19.660933+00:00
NVDA,2025-02-07 04:30:00+00:00,95.5316429183611,95.63967999859949,94.16562138980287,94.99798231906577,94.99798231906577,10098244.0,sample,2026-09-24 19:05:19.660933+00:00
NVDA,2025-02-07 05:30:00+00:00,95.08725677626603,95.72829149616797,94.55611739642175,94.86117284156894,94.86117284156894,4432458.0,sample,2026-09-24 19:05:19.660933+00:00
NVDA,2025-02-07 06:30:00+00:00,94.7923647842414,95.45995556408471,94.14533022692272,95.2201682292818,95.2201682292818,6218819.0,sample,2026-09-24 19:05:19.660933+00:00
NVDA,2025-02-07 07:30:00+00:00,95.20015772466188,96.4446323107741,94.93991370316797,95.59566482031397,95.59566482031397,14710808.0,sample,2026-09-24 19:05:19.660933+00:00
NVDA,2025-02-07 08:30:00+00:00,95.85818800659597,96.60301179049593,95.16317230367495,95.57739951805746,95.57739951805746,3871721.0,sample,2026-09-24 19:05:19.660933+00:00
NVDA,2025-02-07 09:30:00+00:00,95.4830441804626,96.93262980100128,94.99078946520174,95.88873638957239,95.88873638957239,5489477.0,sample,2026-09-24 19:05:19.660933+00:00
NVDA,2025-02-07 10:30:00+00:00,95.51231259531525,96.06422554407195,95.06646332180729,95.57560237618038,95.57560237618038,2338436.0,sample,2026-09-24 19:05:19.660933+00:00
NVDA,2025-02-07 11:30:00+00:00,95.59774732529023,96.74643081073135,95.07048679767438,96.05299753254249,96.05299753254249,13532924.0,sample,2026-09-24 19:05:19.660933+00:00
NVDA,2025-02-07 12:30:00+00:00,96.12604318726851,97.20699862516649,94.94685579577772,95.54649712268973,95.54649712268973,16268672.0,sample,2026-09-24 19:05:19.660933+00:00
NVDA,2025-02-07 13:30:00+00:00,95.5532376584696,96.36883950801398,94.79733926239808,95.31540963171751,95.31540963171751,9575584.0,sample,2026-09-24 19:05:19.660933+00:00
NVDA,2025-02-07 14:30:00+00:00,95.2825682108173,96.75530903033088,95.18385878055474,95.68480171183027,95.68480171183027,13309243.0,sample,2026-09-24 19:05:19.660933+00:00
NVDA,2025-02-07 15:30:00+00:00,95.93849360199587,96.35403071936632,94.03513879812206,95.11447989291682,95.11447989291682,11008814.0,sample,2026-09-24 19:05:19.660933+00:00
NVDA,2025-02-07 16:30:00+00:00,95.10909285283034,95.55161435734306,94.06894615905213,95.16969095806031,95.16969095806031,6736579.0,sample,2026-09-24 19:05:19.660933+00:00
NVDA,2025-02-07 17:30:00+00:00,94.99480234326215,96.06302505254942,94.65478771634946,95.05057037843419,95.05057037843419,15655824.0,sample,2026-09-24 19:05:19.660933+00:00
NVDA,2025-02-07 18:30:00+00:00,94.70861017441982,96.04014635980104,94.58083196573345,95.54921965949337,95.54921965949337,1622465.0,sample,2026-09-24 19:05:19.660933+00:00
NVDA,2025-02-07 19:30:00+00:00,95.51377510209221,96.54065308935688,94.3757372498765,95.28382983099281,95.28382983099281,9882489.0,sample,2026-09-24 19:05:19.660933+00:00
NVDA,2025-02-07 20:30:00+00:00,95.15122837241348,95.4317980280219,93.65987502894532,94.55571469116819,94.55571469116819,5174716.0,sample,2026-09-24 19:05:19.660933+00:00
NVDA,2025-02-07 21:30:00+00:00,94.35029617825884,95.3637299790897,94.15370749366609,95.13658385892484,95.13658385892484,6302113.0,sample,2026-09-24 19:05:19.660933+00:00
NVDA,2025-02-07 22:30:00+00:00,94.79684095292231,95.54930064759573,93.87159832949786,94.67417392704651,94.67417392704651,17649598.0,sample,2026-09-24 19:05:19.660933+00:00
NVDA,2025-02-07 23:30:00+00:00,94.45363680257583,95.18026089010486,93.5502601249433,95.00922289367368,95.00922289367368,13880704.0,sample,2026-09-24 19:05:19.660933+00:00
NVDA,2025-02-08 00:30:00+00:00,94.69042359057879,95.53673686678587,93.5823988110247,94.69226264812986,94.69226264812986,17395738.0,sample,2026-09-24 19:05:19.660933+00:00
NVDA,2025-02-08 01:30:00+00:00,94.66373105505237,95.1482406991275,93.20911985994618,94.28384935822433,94.28384935822433,7314048.0,sample,2026-09-24 19:05:19.660933+00:00
NVDA,2025-02-08 02:30:00+00:00,93.8717497530354,95.15255470875198,93.30798025913363,94.99471819431065,94.99471819431065,13397655.0,sample,2026-09-24 19:05:19.660933+00:00
NVDA,2025-02-08 03:30:00+00:00,95.03228144363307,95.34496917251761,93.98982682530186,94.43355790004343,94.43355790004343,11723798.0,sample,2026-09-24 19:05:19.660933+00:00
NVDA,2025-02-08 04:30:00+00:00,94.58660551891502,94.81430896805644,94.1001919724536,94.38329094713157,94.38329094713157,9772799.0,sample,2026-09-24 19:05:19.660933+00:00
NVDA,2025-02-08 05:30:00+00:00,94.64376713585447,95.31289315509088,94.03386211526744,94.44427473209193,94.44427473209193,11994672.0,sample,2026-09-24 19:05:19.660933+00:00
NVDA,2025-02-08 06:30:00+00:00,94.32230008407699,95.45472418623676,93.30163451967164,94.48598610937545,94.48598610937545,16497346.0,sample,2026-09-24 19:05:19.660933+00:00
NVDA,2025-02-08 07:30:00+00:00,94.53892229843343,95.32778926012331,93.57960215506012,94.55539362733519,94.55539362733519,2160511.0,sample,2026-09-24 19:05:19.660933+00:00
NVDA,2025-02-08 08:30:00+00:00,94.43486143035985,95.5043492946834,93.38625282838547,94.95814869610427,94.95814869610427,16374555.0,sample,2026-09-24 19:05:19.660933+00:00
NVDA,2025-02-08 09:30:00+00:00,94.98453461004834,96.19070380128748,93.96033898498438,95.42923950782817,95.42923950782817,6344997.0,sample,2026-09-24 19:05:19.660933+00:00
NVDA,2025-02-08 10:30:00+00:00,95.36639987804223,96.18262959445444,94.74118838094647,95.87765158730917,95.87765158730917,3152716.0,sample,2026-09-24 19:05:19.660933+00:00
NVDA,2025-02-08 11:30:00+00:00,96.27991810413171,96.96341420221769,96.16606758182225,96.28637501050898,96.28637501050898,14969352.0,sample,2026-09-24 19:05:19.660933+00:00
NVDA,2025-02-08 12:30:00+00:00,96.48043552321386,97.39665269182295,95.47955159328988,96.38332569889933,96.38332569889933,12589380.0,sample,2026-09-24 19:05:19.660933+00:00
NVDA,2025-02-08 13:30:00+00:00,96.58750743633328,97.71926586072225,95.56748956448857,96.65273790747955,96.65273790747955,16020153.0,sample,2026-09-24 19:05:19.660933+00:00
NVDA,2025-02-08 14:30:00+00:00,96.64857816307247,96.91688569736493,95.35828113675669,96.41419473519288,96.41419473519288,16121887.0,sample,2026-09-24 19:05:19.660933+00:00
NVDA,2025-02-08 15:30:00+00:00,96.217103614691,96.80693504520143,95.5552015385374,96.30767750261302,96.30767750261302,12262078.0,sample,2026-09-24 19:05:19.660933+00:00
NVDA,2025-02-08 16:30:00+00:00,96.05675861578517,96.68162998051146,95.11210664380599,95.45198703901228,95.45198703901228,11437599.0,sample,2026-09-24 19:05:19.660933+00:00
NVDA,2025-02-08 17:30:00+00:00,95.53202937927594,96.7966055702738,94.85048757363825,96.52128768054344,96.52128768054344,15496262.0,sample,2026-09-24 19:05:19.660933+00:00
NVDA,2025-02-08 18:30:00+00:00,96.43945099283158,97.59022292456253,95.42020199135715,96.90214245259085,96.90214245259085,10564496.0,sample,2026-09-24 19:05:19.660933+00:00
NVDA,2025-02-08 19:30:00+00:00,96.7298675285711,97.52992771392927,96.35634138207027,96.95190988984027,96.95190988984027,14079224.0,sample,2026-09-24 19:05:19.660933+00:00
NVDA,2025-02-08 20:30:00+00:00,96.80110721411877,97.54960432670435,95.99736679634637,97.12357883631151,97.12357883631151,14353440.0,sample,2026-09-24 19:05:19.660933+00:00
NVDA,2025-02-08 21:30:00+00:00,97.10433975240771,97.73494802696175,96.43439840803272,96.66700388178492,96.66700388178492,16147016.0,sample,2026-09-24 19:05:19.660933+00:00
NVDA,2025-02-08 22:30:00+00:00,96.2709540449687,97.81452417478359,96.09829067816133,96.89625316697895,96.89625316697895,5195623.0,sample,2026-09-24 19:05:19.660933+00:00
NVDA,2025-02-08 23:30:00+00:00,96.86241236583021,97.42609555506955,95.54326831765857,96.23751946458798,96.23751946458798,1903841.0,sample,2026-09-24 19:05:19.660933+00:00
NVDA,2025-02-09 00:30:00+00:00,96.00065148023495,97.67576933871474,94.98690554561708,97.0460217856505,97.0460217856505,15675372.0,sample,2026-09-24 19:05:19.660933+00:00
NVDA,2025-02-09 01:30:00+00:00,97.06953572303162,98.17328512060008,96.30005755040253,96.63929810079146,96.63929810079146,17694672.0,sample,2026-09-24 19:05:19.660933+00:00
NVDA,2025-02-09 02:30:00+00:00,96.65663754369601,96.9766457139412,95.96054738429537,96.59149495403275,96.59149495403275,7646240.0,sample,2026-09-24 19:05:19.660933+00:00
NVDA,2025-02-09 03:30:00+00:00,96.72094283582962,97.96065554976819,95.96337125157685,97.18102602013172,97.18102602013172,4545557.0,sample,2026-09-24 19:05:19.660933+00:00
NVDA,2025-02-09 04:30:00+00:00,97.15364518465611,98.09327461425639,96.28049244374914,96.89726260441404,96.89726260441404,2479013.0,sample,2026-09-24 19:05:19.660933+00:00
NVDA,2025-02-09 05:30:00+00:00,96.53266929378113,97.09832991922413,96.0961699226191,96.46654667957486,96.46654667957486,2174958.0,sample,2026-09-24 19:05:19.660933+00:00
NVDA,2025-02-09 06:30:00+00:00,96.69043636504948,97.5588776781094,96.04697002752714,96.4693384345792,96.4693384345792,5897731.0,sample,2026-09-24 19:05:19.660933+00:00
NVDA,2025-02-09 07:30:00+00:00,96.49502377715812,97.22976356799998,95.42832064000926,96.64362757784414,96.64362757784414,13389434.0,sample,2026-09-24 19:05:19.660933+00:00
NVDA,2025-02-09 08:30:00+00:00,96.43797923730096,97.11677530366046,96.10727125300558,96.73047749902635,96.73047749902635,7072827.0,sample,2026-09-24 19:05:19.660933+00:00
NVDA,2025-02-09 09:30:00+00:00,96.7994592065241,97.39943878339972,96.11073536089734,97.0394156093855,97.0394156093855,16330374.0,sample,2026-09-24 19:05:19.660933+00:00
NVDA,2025-02-09 10:30:00+00:00,96.858655806579,98.57698284153562,96.26479904040352,97.88269846942465,97.88269846942465,12093444.0,sample,2026-09-24 19:05:19.660933+00:00
NVDA,2025-02-09 11:30:00+00:00,98.10289996903238,98.88174438881246,97.51328481957589,98.27257317609981,98.27257317609981,10375845.0,sample,2026-09-24 19:05:19.660933+00:00
NVDA,2025-02-09 12:30:00+00:00,98.7029252445071,99.79594354490409,98.37656659590283,98.50035759637174,98.50035759637174,13924470.0,sample,2026-09-24 19:05:19.660933+00:00
NVDA,2025-02-09 13:30:00+00:00,98.35820005167965,99.67526440026663,97.43323443608544,98.79253985682487,98.79253985682487,11687126.0,sample,2026-09-24 19:05:19.660933+00:00
NVDA,2025-02-09 14:30:00+00:00,98.56507357556619,99.30538314006938,97.80700172025632,98.83437340295579,98.83437340295579,7164823.0,sample,2026-09-24 19:05:19.660933+00:00
NVDA,2025-02-09 15:30:00+00:00,98.81367901403374,99.79604826001878,97.80493731642798,98.66891118832719,98.66891118832719,8524986.0,sample,2026-09-24 19:05:19.660933+00:00
NVDA,2025-02-09 16:30:00+00:00,98.79671257517197,99.21055193634196,98.63637514087578,99.06858238206073,99.06858238206073,12422341.0,sample,2026-09-24 19:05:19.660933+00:00
NVDA,2025-02-09 17:30:00+00:00,99.4337583947281,100.600391436053,98.11959183066674,98.79372308167343,98.79372308167343,1569014.0,sample,2026-09-24 19:05:19.660933+00:00
NVDA,2025-02-09 18:30:00+00:00,98.7656575172169,99.59966266326718,97.8836116313617,98.5277121162884,98.5277121162884,6483253.0,sample,2026-09-24 19:05:19.660933+00:00
NVDA,2025-02-09 19:30:00+00:00,98.48139249042609,98.6216407433507,97.27961075063313,98.40844669930995,98.40844669930995,13353697.0,sample,2026-09-24 19:05:19.660933+00:00
NVDA,2025-02-09 20:30:00+00:00,98.44440626292234,99.44433857263786,97.39936636990033,98.49295190733028,98.49295190733028,7887673.0,sample,2026-09-24 19:05:19.660933+00:00
NVDA,2025-02-09 21:30:00+00:00,98.5274642272849,100.00121576650525,97.47678638587394,98.91063871666226,98.91063871666226,15323657.0,sample,2026-09-24 19:05:19.660933+00:00
NVDA,2025-02-09 22:30:00+00:00,99.02687298966241,100.09461451626194,97.8960594237554,99.29833740971691,99.29833740971691,14414491.0,sample,2026-09-24 19:05:19.660933+00:00
NVDA,2025-02-09 23:30:00+00:00,99.1246462575631,99.69964357320957,98.26650184229128,99.07488785953996,99.07488785953996,4395426.0,sample,2026-09-24 19:05:19.660933+00:00
NVDA,2025-02-10 00:30:00+00:00,99.07433738410926,100.40536996989692,98.89957145667506,99.43218849650701,99.43218849650701,14611092.0,sample,2026-09-24 19:05:19.660933+00:00
NVDA,2025-02-10 01:30:00+00:00,99.53339942626386,100.61630238621302,98.99941244845927,99.23497093386216,99.23497093386216,17076334.0,sample,2026-09-24 19:05:19.660933+00:00
NVDA,2025-02-10 02:30:00+00:00,99.12893140999263,99.49323899438421,98.08565028675208,99.24200878472116,99.24200878472116,9708114.0,sample,2026-09-24 19:05:19.660933+00:00
NVDA,2025-02-10 03:30:00+00:00,99.24717543904053,99.88243899903199,98.6679910495541,99.76060431618527,99.76060431618527,17574828.0,sample,2026-09-24 19:05:19.660933+00:00
NVDA,2025-02-10 04:30:00+00:00,99.81387070896379,100.83551076937385,98.97150820035887,99.66461760420954,99.66461760420954,8646784.0,sample,2026-09-24 19:05:19.660933+00:00
NVDA,2025-02-10 05:30:00+00:00,99.7626156057721,100.02872114023556,99.49052227653985,99.78249977384397,99.78249977384397,9501813.0,sample,2026-09-24 19:05:19.660933+00:00
NVDA,2025-02-10 06:30:00+00:00,99.98017665627128,100.69903142096798,99.07285815368941,99.66155309131521,99.66155309131521,13032594.0,sample,2026-09-24 19:05:19.660933+00:00
NVDA,2025-02-10 07:30:00+00:00,99.60241236905811,100.2478310222084,98.65899776497656,99.64328475199174,99.64328475199174,13269383.0,sample,2026-09-24 19:05:19.660933+00:00
NVDA,2025-02-10 08:30:00+00:00,99.74296361611016,100.34020048392551,99.42384625132168,99.77105845054561,99.77105845054561,5189035.0,sample,2026-09-24 19:05:19.660933+00:00
NVDA,2025-02-10 09:30:00+00:00,99.73207602840547,101.49353431332365,98.79919400174116,100.29185919429318,100.29185919429318,9047312.0,sample,2026-09-24 19:05:19.660933+00:00
NVDA,2025-02-10 10:30:00+00:00,100.19457453369994,101.24926494578092,99.18776856323248,100.51687819305411,100.51687819305411,5880297.0,sample,2026-09-24 19:05:19.660933+00:00
NVDA,2025-02-10 11:30:00+00:00,100.61589193630115,101.88873633990067,99.66885451437425,100.9516184440897,100.9516184440897,13444890.0,sample,2026-09-24 19:05:19.660933+00:00
NVDA,2025-02-10 12:30:00+00:00,100.77910301105992,102.17453799993174,100.55636826782062,101.47995380943709,101.47995380943709,14939773.0,sample,2026-09-24 19:05:19.660933+00:00
NVDA,2025-02-10 13:30:00+00:00,101.74839902350391,102.85615741367263,100.9103391551115,101.74458098752764,101.74458098752764,7490684.0,sample,2026-09-24 19:05:19.660933+00:00
NVDA,2025-02-10 14:30:00+00:00,101.86358712193768,102.64610717506312,101.26317861018853,101.67002992940525,101.67002992940525,9217529.0,sample,2026-09-24 19:05:19.660933+00:00
NVDA,2025-02-10 15:30:00+00:00,101.45858200747448,102.42082357074096,100.38004508775727,101.1543908335967,101.1543908335967,17431368.0,sample,2026-09-24 19:05:19.660933+00:00
NVDA,2025-02-10 16:30:00+00:00,101.29798903008593,101.79355164929723,100.69023108918233,101.399825627138,101.399825627138,10569850.0,sample,2026-09-24 19:05:19.660933+00:00
NVDA,2025-02-10 17:30:00+00:00,101.1036147463176,103.04775973011586,100.33466588489219,101.94597655006527,101.94597655006527,7166743.0,sample,2026-09-24 19:05:19.660933+00:00
NVDA,2025-02-10 18:30:00+00:00,102.3888951853766,102.94750952747407,101.1371366360688,101.6594314840761,101.6594314840761,2025759.0,sample,2026-09-24 19:05:19.660933+00:00
NVDA,2025-02-10 19:30:00+00:00,101.7409163751756,101.92271803812531,100.91311976434707,101.05898078027458,101.05898078027458,3951093.0,sample,2026-09-24 19:05:19.660933+00:00
NVDA,2025-02-10 20:30:00+00:00,101.02982561866172,102.1583219855972,100.69742928135885,100.80694368968658,100.80694368968658,11399615.0,sample,2026-09-24 19:05:19.660933+00:00
NVDA,2025-02-10 21:30:00+00:00,101.19503633884516,101.84090764388431,100.43784724959055,100.77163688348209,100.77163688348209,3120585.0,sample,2026-09-24 19:05:19.660933+00:00
NVDA,2025-02-10 22:30:00+00:00,101.10651898154654,101.26064755137354,99.01285194993766,100.06682984573621,100.06682984573621,12085948.0,sample,2026-09-24 19:05:19.660933+00:00
NVDA,2025-02-10 23:30:00+00:00,99.77642648181286,100.55559839895702,98.60435244370358,100.2805956067577,100.2805956067577,12023837.0,sample,2026-09-24 19:05:19.660933+00:00
NVDA,2025-02-11 00:30:00+00:00,100.29688749540416,101.21921604513317,99.34688953976075,99.97007698916043,99.97007698916043,3871065.0,sample,2026-09-24 19:05:19.660933+00:00
NVDA,2025-02-11 01:30:00+00:00,100.07553585768454,100.94384396467585,99.35152249927309,99.74513534800272,99.74513534800272,15100372.0,sample,2026-09-24 19:05:19.660933+00:00
NVDA,2025-02-11 02:30:00+00:00,99.7831918858575,100.4728318301408,99.49759181167752,99.76867525517001,99.76867525517001,1790608.0,sample,2026-09-24 19:05:19.660933+00:00
NVDA,2025-02-11 03:30:00+00:00,99.60003821155865,100.10791860452254,98.73978856644273,99.32550211195267,99.32550211195267,7490178.0,sample,2026-09-24 19:05:19.660933+00:00
NVDA,2025-02-11 04:30:00+00:00,99.31034819529802,100.24379628024461,98.90545927100167,99.60796278772675,99.60796278772675,12002013.0,sample,2026-09-24 19:05:19.660933+00:00
NVDA,2025-02-11 05:30:00+00:00,99.5301550686937,100.07798026126449,99.1160162754742,99.55010132937437,99.55010132937437,12599038.0,sample,2026-09-24 19:05:19.660933+00:00
NVDA,2025-02-11 06:30:00+00:00,99.76893056953998,100.06874931046019,98.36095874815128,99.51802026877084,99.51802026877084,10078280.0,sample,2026-09-24 19:05:19.660933+00:00
NVDA,2025-02-11 07:30:00+00:00,99.37944820638894,101.24656228401615,98.73322803841253,100.38266776056136,100.38266776056136,3698994.0,sample,2026-09-24 19:05:19.660933+00:00
NVDA,2025-02-11 08:30:00+00:00,100.34950693374324,100.61947301635097,99.96160716467618,100.1176560424949,100.1176560424949,10249293.0,sample,2026-09-24 19:05:19.660933+00:00
NVDA,2025-02-11 09:30:00+00:00,100.15091477495875,101.25117017526829,99.59417757977057,100.53845692215756,100.53845692215756,6780425.0,sample,2026-09-24 19:05:19.660933+00:00
NVDA,2025-02-11 10:30:00+00:00,100.50725613607264,100.8895137952532,99.90390954927877,100.61936893508276,100.61936893508276,13918170.0,sample,2026-09-24 19:05:19.660933+00:00
NVDA,2025-02-11 11:30:00+00:00,100.51172130273397,101.19781224427258,99.4778429621054,100.72076699215461,100.72076699215461,6534941.0,sample,2026-09-24 19:05:19.660933+00:00
NVDA,2025-02-11 12:30:00+00:00,100.60356798443254,101.52008372369359,99.40305200101037,99.66288795006689,99.66288795006689,5068800.0,sample,2026-09-24 19:05:19.660933+00:00
NVDA,2025-02-11 13:30:00+00:00,99.45130829134149,100.17019902985561,98.36860544308998,99.3307298318582,99.3307298318582,9142402.0,sample,2026-09-24 19:05:19.660933+00:00
NVDA,2025-02-11 14:30:00+00:00,99.20502497442654,99.8655462325436,98.7814330783457,99.63606077549608,99.63606077549608,10453803.0,sample,2026-09-24 19:05:19.660933+00:00
NVDA,2025-02-11 15:30:00+00:00,99.5429822287576,100.20435619447397,98.68456482331591,99.3341457625342,99.3341457625342,17141854.0,sample,2026-09-24 19:05:19.660933+00:00
NVDA,2025-02-11 16:30:00+00:00,99.23435747286744,100.25816811021014,98.15474330047753,98.7802509801893,98.7802509801893,1520073.0,sample,2026-09-24 19:05:19.660933+00:00
NVDA,2025-02-11 17:30:00+00:00,98.88410322227165,99.68373857315713,97.25827843161812,98.3216316853816,98.3216316853816,2929377.0,sample,2026-09-24 19:05:19.660933+00:00
NVDA,2025-02-11 18:30:00+00:00,98.23639416690806,98.62938260521074,98.07573800436987,98.52808369524818,98.52808369524818,4300565.0,sample,2026-09-24 19:05:19.660933+00:00
NVDA,2025-02-11 19:30:00+00:00,98.43717707848829,100.30882687167777,97.71860358366204,99.28504538869637,99.28504538869637,15472854.0,sample,2026-09-24 19:05:19.660933+00:00
NVDA,2025-02-11 20:30:00+00:00,99.05463750827086,99.47745873731618,98.12187459728786,98.93943670996462,98.93943670996462,17964861.0,sample,2026-09-24 19:05:19.660933+00:00
NVDA,2025-02-11 21:30:00+00:00,99.15637745941653,99.79016743710751,98.34234117135234,99.36537773784852,99.36537773784852,7596392.0,sample,2026-09-24 19:05:19.660933+00:00
NVDA,2025-02-11 22:30:00+00:00,99.25261214794068,99.73437036272185,98.3470118221505,99.41091268109999,99.41091268109999,4059582.0,sample,2026-09-24 19:05:19.660933+00:00
NVDA,2025-02-11 23:30:00+00:00,99.52180591164561,99.74214934553876,98.79919193082961,99.35627973064791,99.35627973064791,5912693.0,sample,2026-09-24 19:05:19.660933+00:00
NVDA,2025-02-12 00:30:00+00:00,99.13372683362942,100.94577339265604,98.30131743813895,99.75498962611233,99.75498962611233,15490518.0,sample,2026-09-24 19:05:19.660933+00:00
NVDA,2025-02-12 01:30:00+00:00,99.69797844135246,100.6623069510959,99.3662332456982,99.9914015279123,99.9914015279123,5387317.0,sample,2026-09-24 19:05:19.660933+00:00
NVDA,2025-02-12 02:30:00+00:00,99.7795024258291,100.98684154931905,98.89175263254205,100.5575537371312,100.5575537371312,12997903.0,sample,2026-09-24 19:05:19.660933+00:00
NVDA,2025-02-12 03:30:00+00:00,100.5688169315507,101.2755308813125,100.37162504662412,100.92506393876623,100.92506393876623,3794314.0,sample,2026-09-24 19:05:19.660933+00:00
NVDA,2025-02-12 04:30:00+00:00,100.92683981709914,101.50079642804755,100.30451024497815,101.00444689014019,101.00444689014019,15437373.0,sample,2026-09-24 19:05:19.660933+00:00
NVDA,2025-02-12 05:30:00+00:00,100.89269546170868,101.58565738452693,99.8864523900271,101.28694168631472,101.28694168631472,9010357.0,sample,2026-09-24 19:05:19.660933+00:00
NVDA,2025-02-12 06:30:00+00:00,101.37433605644546,101.89796746795368,101.13383398367867,101.44699149750649,101.44699149750649,2980917.0,sample,2026-09-24 19:05:19.660933+00:00
NVDA,2025-02-12 07:30:00+00:00,101.3658391345,102.70722395329348,100.52753394105463,101.51694765469333,101.51694765469333,17874269.0,sample,2026-09-24 19:05:19.660933+00:00
NVDA,2025-02-12 08:30:00+00:00,101.15768163117863,102.81084697575396,100.09618148863193,101.69905141653324,101.69905141653324,14937185.0,sample,2026-09-24 19:05:19.660933+00:00
NVDA,2025-02-12 09:30:00+00:00,101.93066930235658,102.97899530687845,100.88783437762544,101.43799044319549,101.43799044319549,4630052.0,sample,2026-09-24 19:05:19.660933+00:00
NVDA,2025-02-12 10:30:00+00:00,101.3726926103581,101.95717211350548,100.77630253585258,101.21325747487847,101.21325747487847,17664269.0,sample,2026-09-24 19:05:19.660933+00:00
NVDA,2025-02-12 11:30:00+00:00,100.79695367009505,101.23490858067564,99.21021915762195,100.26347458478726,100.26347458478726,15915527.0,sample,2026-09-24 19:05:19.660933+00:00
NVDA,2025-02-12 12:30:00+00:00,100.58844317830004,101.11712318769398,99.95433829112498,100.96437861653477,100.96437861653477,3826914.0,sample,2026-09-24 19:05:19.660933+00:00
NVDA,2025-02-12 13:30:00+00:00,101.37410638255244,102.03092741705288,99.66701513736346,100.82835184957759,100.82835184957759,5976288.0,sample,2026-09-24 19:05:19.660933+00:00
NVDA,2025-02-12 14:30:00+00:00,100.94701043218292,102.11093924664134,99.91253545955475,100.75369414481182,100.75369414481182,16952732.0,sample,2026-09-24 19:05:19.660933+00:00
NVDA,2025-02-12 15:30:00+00:00,100.94985763435281,101.24550763618157,99.16173162714513,99.31716260492091,99.31716260492091,5793807.0,sample,2026-09-24 19:05:19.660933+00:00
NVDA,2025-02-12 16:30:00+00:00,99.22080862983383,99.50186786778039,97.95265030375042,98.82253623126812,98.82253623126812,6599624.0,sample,2026-09-24 19:05:19.660933+00:00
NVDA,2025-02-12 17:30:00+00:00,98.9031582739274,99.64612777358226,98.09247514654633,99.33122630278055,99.33122630278055,5450592.0,sample,2026-09-24 19:05:19.660933+00:00
NVDA,2025-02-12 18:30:00+00:00,99.4573329205896,100.49481203179329,98.18691621436916,99.24948133378605,99.24948133378605,14171629.0,sample,2026-09-24 19:05:19.660933+00:00
NVDA,2025-02-12 19:30:00+00:00,99.32642627997429,100.16800443132995,98.60738845731608,99.64302524427723,99.64302524427723,17828460.0,sample,2026-09-24 19:05:19.660933+00:00
NVDA,2025-02-12 20:30:00+00:00,99.86914079237108,100.0635867273234,98.24503765313285,99.18914165360573,99.18914165360573,15883468.0,sample,2026-09-24 19:05:19.660933+00:00
NVDA,2025-02-12 21:30:00+00:00,99.18569032268569,99.72200722231922,98.24391424746848,99.39131965871806,99.39131965871806,12555411.0,sample,2026-09-24 19:05:19.660933+00:00
NVDA,2025-02-12 22:30:00+00:00,99.52796792980466,100.8939422419345,98.99842737149893,99.9678552005601,99.9678552005601,14654270.0,sample,2026-09-24 19:05:19.660933+00:00
NVDA,2025-02-12 23:30:00+00:00,100.18744381163923,101.23958808557978,99.46391763394715,99.83638560806975,99.83638560806975,7195117.0,sample,2026-09-24 19:05:19.660933+00:00
NVDA,2025-02-13 00:30:00+00:00,99.94697391437163,100.57244234122744,99.13774997879203,100.27188857405643,100.27188857405643,17912560.0,sample,2026-09-24 19:05:19.660933+00:00
NVDA,2025-02-13 01:30:00+00:00,100.23971920145027,101.35518886133048,100.03838039858766,100.14694856154014,100.14694856154014,1753360.0,sample,2026-09-24 19:05:19.660933+00:00
NVDA,2025-02-13 02:30:00+00:00,100.21654445607531,101.40717595041298,99.02834011382905,99.71960810002228,99.71960810002228,4866444.0,sample,2026-09-24 19:05:19.660933+00:00
NVDA,2025-02-13 03:30:00+00:00,99.66219991921976,100.42527234858126,99.51712378156319,100.09051100913508,100.09051100913508,15809083.0,sample,2026-09-24 19:05:19.660933+00:00
NVDA,2025-02-13 04:30:00+00:00,100.212090383215,101.17524185679633,99.14999851176327,100.29350413990294,100.29350413990294,10724361.0,sample,2026-09-24 19:05:19.660933+00:00
NVDA,2025-02-13 05:30:00+00:00,100.33925826753898,100.97634135740199,99.22681797267892,100.70965055175598,100.70965055175598,9834559.0,sample,2026-09-24 19:05:19.660933+00:00
NVDA,2025-02-13 06:30:00+00:00,100.43567159189399,101.36890244454104,99.43700352575692,100.93472948579993,100.93472948579993,17075635.0,sample,2026-09-24 19:05:19.660933+00:00
NVDA,2025-02-13 07:30:00+00:00,100.79255678134629,101.25820146753193,100.40527349302941,100.91430369135264,100.91430369135264,15323212.0,sample,2026-09-24 19:05:19.660933+00:00
NVDA,2025-02-13 08:30:00+00:00,100.88643949537467,101.75201797133296,99.84266693257798,100.89321616002039,100.89321616002039,2336433.0,sample,2026-09-24 19:05:19.660933+00:00
NVDA,2025-02-13 09:30:00+00:00,100.90266208718587,101.3285456517091,100.19336812269557,100.94518823623518,100.94518823623518,12440406.0,sample,2026-09-24 19:05:19.660933+00:00
NVDA,2025-02-13 10:30:00+00:00,101.0317535802025,101.6306826309478,100.36887778810961,101.46718662351768,101.46718662351768,7813922.0,sample,2026-09-24 19:05:19.660933+00:00
NVDA,2025-02-13 11:30:00+00:00,101.36349499540857,101.92708115623391,100.8252550489964,101.46571749252954,101.46571749252954,2610588.0,sample,2026-09-24 19:05:19.660933+00:00
NVDA,2025-02-13 12:30:00+00:00,101.30474333093339,101.70865932385509,100.62756329691872,100.92862928318723,100.92862928318723,6364730.0,sample,2026-09-24 19:05:19.660933+00:00
NVDA,2025-02-13 13:30:00+00:00,101.01890100867277,101.94324843717966,100.69595617801681,101.40429237137478,101.40429237137478,4753056.0,sample,2026-09-24 19:05:19.660933+00:00
NVDA,2025-02-13 14:30:00+00:00,101.17606721666975,102.32660441540068,100.87167220828333,101.0281115188981,101.0281115188981,15459558.0,sample,2026-09-24 19:05:19.660933+00:00
NVDA,2025-02-13 15:30:00+00:00,101.008704486604,101.93414211252876,99.64475468871538,100.8099569113886,100.8099569113886,4510039.0,sample,2026-09-24 19:05:19.660933+00:00
NVDA,2025-02-13 16:30:00+00:00,100.64526121657738,101.82444970537165,99.9285090851184,100.87921300387114,100.87921300387114,16586749.0,sample,2026-09-24 19:05:19.660933+00:00
NVDA,2025-02-13 17:30:00+00:00,101.12907031572739,101.94999854897173,100.66612026682537,101.25281924090862,101.25281924090862,11591748.0,sample,2026-09-24 19:05:19.660933+00:00
NVDA,2025-02-13 18:30:00+00:00,101.1252455400949,102.04154973556852,99.92105293681777,100.70343949072489,100.70343949072489,14196163.0,sample,2026-09-24 19:05:19.660933+00:00
NVDA,2025-02-13 19:30:00+00:00,100.66605131363696,100.86640209052263,99.70487932957847,100.52544059654625,100.52544059654625,17468849.0,sample,2026-09-24 19:05:19.660933+00:00
NVDA,2025-02-13 20:30:00+00:00,100.19668027248771,101.12287254835239,99.36406751335535,100.58880948432503,100.58880948432503,10819452.0,sample,2026-09-24 19:05:19.660933+00:00
NVDA,2025-02-13 21:30:00+00:00,100.78502489305603,101.50404313183108,99.84326605503458,101.21237042695618,101.21237042695618,6417298.0,sample,2026-09-24 19:05:19.660933+00:00
NVDA,2025-02-13 22:30:00+00:00,101.06971255805338,102.01318978733447,100.25775658712818,101.06125250865493,101.06125250865493,16583733.0,sample,2026-09-24 19:05:19.660933+00:00
NVDA,2025-02-13 23:30:00+00:00,101.2341779424708,101.57816153724237,99.9833852326017,100.91751531975783,100.91751531975783,15380659.0,sample,2026-09-24 19:05:19.660933+00:00
NVDA,2025-02-14 00:30:00+00:00,101.06091119044417,102.46924536256188,100.2965056597044,101.55330455012472,101.55330455012472,7927283.0,sample,2026-09-24 19:05:19.660933+00:00
NVDA,2025-02-14 01:30:00+00:00,101.60850936649733,102.09140055584703,100.67319293053745,101.746493152503,101.746493152503,7628762.0,sample,2026-09-24 19:05:19.660933+00:00
NVDA,2025-02-14 02:30:00+00:00,101.90674955583762,103.11961150608118,101.03870993935695,101.93853573533943,101.93853573533943,16244303.0,sample,2026-09-24 19:05:19.660933+00:00
NVDA,2025-02-14 03:30:00+00:00,101.87243670412641,102.89146098697233,101.12657634921833,102.05948047638724,102.05948047638724,1530910.0,sample,2026-09-24 19:05:19.660933+00:00
NVDA,2025-02-14 04:30:00+00:00,102.10655486706848,102.29155694575492,101.213559481607,101.85789699903037,101.85789699903037,2726483.0,sample,2026-09-24 19:05:19.660933+00:00
NVDA,2025-02-14 05:30:00+00:00,101.66647531200823,102.70316383220168,101.41219911312807,101.65515359831429,101.65515359831429,15627549.0,sample,2026-09-24 19:05:19.660933+00:00
NVDA,2025-02-14 06:30:00+00:00,101.75451157134916,102.19528511693234,101.57355137496165,102.08797398928425,102.08797398928425,9448518.0,sample,2026-09-24 19:05:19.660933+00:00
NVDA,2025-02-14 07:30:00+00:00,101.99195421517548,102.63592950059721,101.17695782702543,102.51186899323956,102.51186899323956,9417607.0,sample,2026-09-24 19:05:19.660933+00:00
NVDA,2025-02-14 08:30:00+00:00,102.44937661672898,103.65329941986496,100.81880087333393,101.87754532333942,101.87754532333942,13709832.0,sample,2026-09-24 19:05:19.660933+00:00
NVDA,2025-02-14 09:30:00+00:00,101.65036638113587,102.36386723902568,100.55224169978501,101.66648922787286,101.66648922787286,5435711.0,sample,2026-09-24 19:05:19.660933+00:00
NVDA,2025-02-14 10:30:00+00:00,101.72850220105691,102.27780373880704,100.74603554298943,101.57611268056006,101.57611268056006,2515818.0,sample,2026-09-24 19:05:19.660933+00:00
NVDA,2025-02-14 11:30:00+00:00,101.56600618038786,102.41732324343143,100.85412382007988,101.7555029351778,101.7555029351778,15626143.0,sample,2026-09-24 19:05:19.660933+00:00
NVDA,2025-02-14 12:30:00+00:00,101.38678982242752,101.96402674289186,100.3572333373252,100.72133119188246,100.72133119188246,2910548.0,sample,2026-09-24 19:05:19.660933+00:00
NVDA,2025-02-14 13:30:00+00:00,100.5799498534171,101.45311909856642,99.87744082469418,101.07392785028786,101.07392785028786,2447990.0,sample,2026-09-24 19:05:19.660933+00:00
NVDA,2025-02-14 14:30:00+00:00,100.96046501284083,102.07951539367566,99.95359087584221,101.35239063883769,101.35239063883769,13949263.0,sample,2026-09-24 19:05:19.660933+00:00
NVDA,2025-02-14 15:30:00+00:00,101.79595813857996,102.58706984678062,100.87606241670287,101.59371052984051,101.59371052984051,12921225.0,sample,2026-09-24 19:05:19.660933+00:00
NVDA,2025-02-14 16:30:00+00:00,101.4727932344735,102.25727364326032,99.94716851048909,101.1142077163694,101.1142077163694,7684995.0,sample,2026-09-24 19:05:19.660933+00:00
NVDA,2025-02-14 17:30:00+00:00,101.0154450926622,101.62374619129716,99.81627258024001,101.05431604943215,101.05431604943215,11745157.0,sample,2026-09-24 19:05:19.660933+00:00
NVDA,2025-02-14 18:30:00+00:00,100.77859954269152,103.17730283408652,100.08635205670548,102.02064264663933,102.02064264663933,14092521.0,sample,2026-09-24 19:05:19.660933+00:00
NVDA,2025-02-14 19:30:00+00:00,102.30905047908216,103.64776438171249,102.05344552946806,102.50575569092257,102.50575569092257,5428853.0,sample,2026-09-24 19:05:19.660933+00:00
NVDA,2025-02-14 20:30:00+00:00,102.69869274233095,103.73487521636737,101.52173458735719,102.87087424812242,102.87087424812242,16047822.0,sample,2026-09-24 19:05:19.660933+00:00
NVDA,2025-02-14 21:30:00+00:00,102.79124297492874,102.93188627323414,101.71647374122914,102.45852077900894,102.45852077900894,3695520.0,sample,2026-09-24 19:05:19.660933+00:00
NVDA,2025-02-14 22:30:00+00:00,102.36025852454169,103.39452445777623,102.16457982746738,102.87672744943652,102.87672744943652,1585212.0,sample,2026-09-24 19:05:19.660933+00:00
NVDA,2025-02-14 23:30:00+00:00,102.94724052970153,103.51117237910003,101.66991926424711,102.17561827709723,102.17561827709723,9402814.0,sample,2026-09-24 19:05:19.660933+00:00
NVDA,2025-02-15 00:30:00+00:00,102.11099218660152,102.87942167330837,101.39059620858191,102.42067885324987,102.42067885324987,15610510.0,sample,2026-09-24 19:05:19.660933+00:00
NVDA,2025-02-15 01:30:00+00:00,102.22285122855999,102.36190187605017,101.01437614472414,102.21396159248361,102.21396159248361,5251594.0,sample,2026-09-24 19:05:19.660933+00:00
NVDA,2025-02-15 02:30:00+00:00,102.42775205286515,103.36594822208102,101.5475319372404,102.68721326685726,102.68721326685726,12573606.0,sample,2026-09-24 19:05:19.660933+00:00
NVDA,2025-02-15 03:30:00+00:00,102.78275826357508,103.86626580791162,101.61703462972991,101.92507740293209,101.92507740293209,14367133.0,sample,2026-09-24 19:05:19.660933+00:00
NVDA,2025-02-15 04:30:00+00:00,101.75755267162707,101.91829513257954,100.67954532700226,101.42159919591369,101.42159919591369,1970092.0,sample,2026-09-24 19:05:19.660933+00:00
NVDA,2025-02-15 05:30:00+00:00,101.02541343267075,102.23191771731646,100.44299198688985,100.89702912194042,100.89702912194042,9434068.0,sample,2026-09-24 19:05:19.660933+00:00
NVDA,2025-02-15 06:30:00+00:00,101.00968354951162,101.81292606541392,100.48156050931568,100.73604287393613,100.73604287393613,14324783.0,sample,2026-09-24 19:05:19.660933+00:00
NVDA,2025-02-15 07:30:00+00:00,100.88273659695028,102.1247745533579,100.17258047252652,100.91409730375385,100.91409730375385,7881965.0,sample,2026-09-24 19:05:19.660933+00:00
NVDA,2025-02-15 08:30:00+00:00,100.75222679996118,101.40149648608256,98.98311297109946,100.13047808652637,100.13047808652637,17456249.0,sample,2026-09-24 19:05:19.660933+00:00
NVDA,2025-02-15 09:30:00+00:00,100.16492745872215,101.25250754074692,99.21146252953481,99.96781558332525,99.96781558332525,4415553.0,sample,2026-09-24 19:05:19.660933+00:00
NVDA,2025-02-15 10:30:00+00:00,99.97241332635195,101.09934209898802,98.83799178032348,99.54138870280174,99.54138870280174,16434631.0,sample,2026-09-24 19:05:19.660933+00:00
NVDA,2025-02-15 11:30:00+00:00,99.43474005058391,99.86031473334748,98.54053841896204,99.31534952009045,99.31534952009045,11250445.0,sample,2026-09-24 19:05:19.660933+00:00
NVDA,2025-02-15 12:30:00+00:00,99.32337307732193,100.00352535029631,98.60203671202768,98.87797830209941,98.87797830209941,16500035.0,sample,2026-09-24 19:05:19.660933+00:00
NVDA,2025-02-15 13:30:00+00:00,98.73568298176953,99.39318794275657,97.61732061250652,98.59737498354832,98.59737498354832,14015588.0,sample,2026-09-24 19:05:19.660933+00:00
NVDA,2025-02-15 14:30:00+00:00,98.90525900867432,99.1634304919759,97.9891439718417,98.68368515417306,98.68368515417306,11010934.0,sample,2026-09-24 19:05:19.660933+00:00
NVDA,2025-02-15 15:30:00+00:00,98.43576740705801,99.38151143963375,98.17381009691474,98.7711782629741,98.7711782629741,11363175.0,sample,2026-09-24 19:05:19.660933+00:00
NVDA,2025-02-15 16:30:00+00:00,98.70643388331405,99.62933565263337,97.66293668070864,98.73791975501,98.73791975501,4788034.0,sample,2026-09-24 19:05:19.660933+00:00
NVDA,2025-02-15 17:30:00+00:00,98.67926685399426,99.04171338685234,98.16488709848261,98.77095468393611,98.77095468393611,12160068.0,sample,2026-09-24 19:05:19.660933+00:00
NVDA,2025-02-15 18:30:00+00:00,98.82018394032964,99.05418844797497,97.59067614322446,98.43409120543272,98.43409120543272,3825634.0,sample,2026-09-24 19:05:19.660933+00:00
NVDA,2025-02-15 19:30:00+00:00,98.42579426603822,99.15555085214021,97.87568732865383,98.22522216561022,98.22522216561022,7116163.0,sample,2026-09-24 19:05:19.660933+00:00
NVDA,2025-02-15 20:30:00+00:00,98.16050109150105,99.43349461105485,98.03359007483863,98.4108942240266,98.4108942240266,15166218.0,sample,2026-09-24 19:05:19.660933+00:00
NVDA,2025-02-15 21:30:00+00:00,98.22722287783405,98.37810966616173,97.82198069962789,98.21873037124318,98.21873037124318,8116208.0,sample,2026-09-24 19:05:19.660933+00:00
NVDA,2025-02-15 22:30:00+00:00,98.31212773516107,98.47278403960286,96.71463449051394,97.66489185997872,97.66489185997872,11233678.0,sample,2026-09-24 19:05:19.660933+00:00
NVDA,2025-02-15 23:30:00+00:00,97.62879635015419,97.96639224247495,97.47108588636779,97.6179947000359,97.6179947000359,3836897.0,sample,2026-09-24 19:05:19.660933+00:00
NVDA,2025-02-16 00:30:00+00:00,97.43194513772215,97.96599119430755,96.65598099128259,96.80174770949489,96.80174770949489,2029906.0,sample,2026-09-24 19:05:19.660933+00:00
NVDA,2025-02-16 01:30:00+00:00,96.58594683755958,96.82986440744402,96.10149237120207,96.42007433708332,96.42007433708332,9773234.0,sample,2026-09-24 19:05:19.660933+00:00
NVDA,2025-02-16 02:30:00+00:00,96.40530651519454,97.06719047956861,95.72707423441929,96.69745023485962,96.69745023485962,9586913.0,sample,2026-09-24 19:05:19.660933+00:00
NVDA,2025-02-16 03:30:00+00:00,96.63118375005696,96.79349011569207,95.30321252826111,96.04964064002705,96.04964064002705,6804119.0,sample,2026-09-24 19:05:19.660933+00:00
NVDA,2025-02-16 04:30:00+00:00,95.90442183306261,96.3648721856919,95.06276385309502,95.66519540897154,95.66519540897154,15340373.0,sample,2026-09-24 19:05:19.660933+00:00
NVDA,2025-02-16 05:30:00+00:00,95.70210780824388,97.00718703570894,95.30185066396348,96.69622183337628,96.69622183337628,13134083.0,sample,2026-09-24 19:05:19.660933+00:00
NVDA,2025-02-16 06:30:00+00:00,97.1572734874004,97.72035134426457,94.88417144420312,95.6777704621888,95.6777704621888,7741998.0,sample,2026-09-24 19:05:19.660933+00:00
NVDA,2025-02-16 07:30:00+00:00,95.85011187127712,97.27615875595266,95.34469361192627,96.28403080600415,96.28403080600415,16680214.0,sample,2026-09-24 19:05:19.660933+00:00
NVDA,2025-02-16 08:30:00+00:00,96.14745164422749,97.11782364941796,95.2123649236059,96.78523647058064,96.78523647058064,16915676.0,sample,2026-09-24 19:05:19.660933+00:00
NVDA,2025-02-16 09:30:00+00:00,97.12005619609491,97.62251026776855,95.75525525530809,96.37928898576418,96.37928898576418,7334643.0,sample,2026-09-24 19:05:19.660933+00:00
NVDA,2025-02-16 10:30:00+00:00,96.26054198931165,96.54532016068562,94.76672923652102,95.5485488611029,95.5485488611029,13199831.0,sample,2026-09-24 19:05:19.660933+00:00
NVDA,2025-02-16 11:30:00+00:00,95.412734561181,96.33645315082838,94.79063164264855,95.35180888775658,95.35180888775658,17413160.0,sample,2026-09-24 19:05:19.660933+00:00
NVDA,2025-02-16 12:30:00+00:00,95.41174817079204,96.34618592861392,94.80816194390889,95.45860887369233,95.45860887369233,5286262.0,sample,2026-09-24 19:05:19.660933+00:00
NVDA,2025-02-16 13:30:00+00:00,95.28609704197808,95.73973072252512,94.60439747447501,94.96892199583687,94.96892199583687,3372027.0,sample,2026-09-24 19:05:19.660933+00:00
NVDA,2025-02-16 14:30:00+00:00,94.92411125258661,95.54162402139468,93.83085339484322,95.24482440305009,95.24482440305009,6514242.0,sample,2026-09-24 19:05:19.660933+00:00
NVDA,2025-02-16 15:30:00+00:00,95.4935844989536,96.24554743698646,94.18028478419136,95.15101362184524,95.15101362184524,13707960.0,sample,2026-09-24 19:05:19.660933+00:00
NVDA,2025-02-16 16:30:00+00:00,95.38035256752667,97.06242812032849,94.74584239975378,96.34793007538866,96.34793007538866,14253936.0,sample,2026-09-24 19:05:19.660933+00:00
NVDA,2025-02-16 17:30:00+00:00,96.11402992817793,97.10836120002014,95.82269245938464,95.98064465437282,95.98064465437282,13007485.0,sample,2026-09-24 19:05:19.660933+00:00
NVDA,2025-02-16 18:30:00+00:00,95.95075135948403,96.91309473586783,95.85224713506648,96.46214234838129,96.46214234838129,2997993.0,sample,2026-09-24 19:05:19.660933+00:00
NVDA,2025-02-16 19:30:00+00:00,96.65460909127289,97.15676609147592,95.1904015167403,96.14697287917971,96.14697287917971,4202152.0,sample,2026-09-24 19:05:19.660933+00:00
NVDA,2025-02-16 20:30:00+00:00,95.94363959836605,96.7599697810138,95.37713335681157,96.25060124497031,96.25060124497031,8712786.0,sample,2026-09-24 19:05:19.660933+00:00
NVDA,2025-02-16 21:30:00+00:00,96.20228577251198,97.18143734460565,96.08432825312644,96.21840815909113,96.21840815909113,17566677.0,sample,2026-09-24 19:05:19.660933+00:00
NVDA,2025-02-16 22:30:00+00:00,96.48412305955192,97.46015836742318,95.37362718987167,95.56953295615997,95.56953295615997,9221392.0,sample,2026-09-24 19:05:19.660933+00:00
NVDA,2025-02-16 23:30:00+00:00,95.49280378483323,97.17540515917678,95.11399423629682,96.54049107804798,96.54049107804798,9177347.0,sample,2026-09-24 19:05:19.660933+00:00
NVDA,2025-02-17 00:30:00+00:00,96.71518206346991,97.50484862277754,96.48208692849329,97.02785105253703,97.02785105253703,10093418.0,sample,2026-09-24 19:05:19.660933+00:00
NVDA,2025-02-17 01:30:00+00:00,97.08293267899859,97.63753511909114,96.74566198179126,97.40323188597048,97.40323188597048,1759868.0,sample,2026-09-24 19:05:19.660933+00:00
NVDA,2025-02-17 02:30:00+00:00,97.37625666511556,97.7243550754139,96.10670959161597,97.11762709081839,97.11762709081839,15907546.0,sample,2026-09-24 19:05:19.660933+00:00
NVDA,2025-02-17 03:30:00+00:00,97.13203364941677,97.94166703076186,96.08767354050435,97.24882374507466,97.24882374507466,3724289.0,sample,2026-09-24 19:05:19.660933+00:00
NVDA,2025-02-17 04:30:00+00:00,97.1882587292943,98.2311168008505,96.0420294985301,97.73901890806691,97.73901890806691,16252790.0,sample,2026-09-24 19:05:19.660933+00:00
NVDA,2025-02-17 05:30:00+00:00,97.809133385148,98.98118786451897,97.05676702441899,97.64180256779058,97.64180256779058,3960674.0,sample,2026-09-24 19:05:19.660933+00:00
NVDA,2025-02-17 06:30:00+00:00,97.94269212271648,98.55851668838389,96.06349863453433,97.13157351004661,97.13157351004661,3197579.0,sample,2026-09-24 19:05:19.660933+00:00
NVDA,2025-02-17 07:30:00+00:00,97.40197882793717,97.56975769271327,96.69067818836884,97.37008936429511,97.37008936429511,4545962.0,sample,2026-09-24 19:05:19.660933+00:00
NVDA,2025-02-17 08:30:00+00:00,97.42215690434031,98.35434161391834,96.31353404004452,97.82036281568188,97.82036281568188,13837172.0,sample,2026-09-24 19:05:19.660933+00:00
NVDA,2025-02-17 09:30:00+00:00,97.96960522113234,98.16747447018886,97.10204616829145,97.59945456560726,97.59945456560726,3101378.0,sample,2026-09-24 19:05:19.660933+00:00
