symbol,timestamp,open,high,low,close,adj_close,volume,source,ingestion_time
TSLA,2021-01-04 00:00:00+00:00,176.92157173348792,178.02796769574226,175.48497154471414,176.82260185070774,176.82260185070774,7372692.0,sample,2026-09-24 19:05:19.563581+00:00
TSLA,2021-01-05 00:00:00+00:00,176.34117746779296,178.74251791643226,174.54306816259472,176.7767473375829,176.7767473375829,4759473.0,sample,2026-09-24 19:05:19.563581+00:00
TSLA,2021-01-06 00:00:00+00:00,176.75792423151302,179.24446890880012,174.8915943870517,178.6949399156102,178.6949399156102,1769333.0,sample,2026-09-24 19:05:19.563581+00:00
TSLA,2021-01-07 00:00:00+00:00,179.15338493963057,180.0616687076683,172.20434635241745,173.3933312152295,173.3933312152295,17228300.0,sample,2026-09-24 19:05:19.563581+00:00
TSLA,2021-01-08 00:00:00+00:00,173.50276633857334,174.7933327823909,167.96040650729626,169.1293184778866,169.1293184778866,14855897.0,sample,2026-09-24 19:05:19.563581+00:00
TSLA,2021-01-11 00:00:00+00:00,169.81749349471713,171.41667012607087,164.79902950035287,166.28036566082815,166.28036566082815,12120247.0,sample,2026-09-24 19:05:19.563581+00:00
TSLA,2021-01-12 00:00:00+00:00,166.13433608170462,170.9677796359428,165.44392222787425,169.35133640050992,169.35133640050992,11623374.0,sample,2026-09-24 19:05:19.563581+00:00
TSLA,2021-01-13 00:00:00+00:00,169.36807366535064,173.1748158077623,168.8525124067452,172.8207672700955,172.8207672700955,2396858.0,sample,2026-09-24 19:05:19.563581+00:00
TSLA,2021-01-14 00:00:00+00:00,173.10256035391637,175.7989171302256,172.25259475160377,173.8649483112605,173.8649483112605,13404778.0,sample,2026-09-24 19:05:19.563581+00:00
TSLA,2021-01-15 00:00:00+00:00,173.9486572877665,176.55640491391705,173.6129015777126,175.3177925872624,175.3177925872624,5343845.0,sample,2026-09-24 19:05:19.563581+00:00
TSLA,2021-01-18 00:00:00+00:00,174.54725815492156,175.27567770841904,172.81263531591023,173.46026738478545,173.46026738478545,1829642.0,sample,2026-09-24 19:05:19.563581+00:00
TSLA,2021-01-19 00:00:00+00:00,173.5522718738634,175.34169929802036,168.31987547505474,169.87225385511303,169.87225385511303,12713668.0,sample,2026-09-24 19:05:19.563581+00:00
TSLA,2021-01-20 00:00:00+00:00,169.86199742782563,171.95527689796268,169.52988502186506,171.37885108801595,171.37885108801595,15033021.0,sample,2026-09-24 19:05:19.563581+00:00
TSLA,2021-01-21 00:00:00+00:00,171.40862646893518,174.6444320569788,170.02071820083174,173.76238317272328,173.76238317272328,12503228.0,sample,2026-09-24 19:05:19.563581+00:00
TSLA,2021-01-22 00:00:00+00:00,173.8084553264602,174.96235451643574,172.17911320450472,173.5298237771735,173.5298237771735,2292652.0,sample,2026-09-24 19:05:19.563581+00:00
TSLA,2021-01-25 00:00:00+00:00,173.70550634703207,175.34535699880814,166.47498763101035,167.50163335562672,167.50163335562672,8293180.0,sample,2026-09-24 19:05:19.563581+00:00
TSLA,2021-01-26 00:00:00+00:00,167.63675086564754,169.30388159632156,165.65950885011048,168.32618702936236,168.32618702936236,4724235.0,sample,2026-09-24 19:05:19.563581+00:00
TSLA,2021-01-27 00:00:00+00:00,168.5961049142537,170.1411286295802,167.92449925598456,168.74220851867793,168.74220851867793,3041912.0,sample,2026-09-24 19:05:19.563581+00:00
TSLA,2021-01-28 00:00:00+00:00,168.3973233745301,169.90729273337874,166.22238761320267,166.48069114178682,166.48069114178682,17356298.0,sample,2026-09-24 19:05:19.563581+00:00
TSLA,2021-01-29 00:00:00+00:00,165.9767279187508,170.08435335113805,164.39313135610183,168.90062564123346,168.90062564123346,13193326.0,sample,2026-09-24 19:05:19.563581+00:00
TSLA,2021-02-01 00:00:00+00:00,169.0242904615421,174.86631382080375,167.04467355251253,173.3900319341784,173.3900319341784,10072612.0,sample,2026-09-24 19:05:19.563581+00:00
TSLA,2021-02-02 00:00:00+00:00,173.90208302057604,176.3685244501093,173.3613801545467,176.08664776503753,176.08664776503753,7702827.0,sample,2026-09-24 19:05:19.563581+00:00
TSLA,2021-02-03 00:00:00+00:00,176.2419628678876,177.19761366669277,175.37772831833314,176.53191746103948,176.53191746103948,17327701.0,sample,2026-09-24 19:05:19.563581+00:00
TSLA,2021-02-04 00:00:00+00:00,175.79824212096278,177.65089109370942,173.0015305924243,174.73075586256076,174.73075586256076,9420045.0,sample,2026-09-24 19:05:19.563581+00:00
TSLA,2021-02-05 00:00:00+00:00,174.29646021989157,178.17492475440696,172.90188096889887,176.44192422255978,176.44192422255978,8333359.0,sample,2026-09-24 19:05:19.563581+00:00
TSLA,2021-02-08 00:00:00+00:00,176.6854520036817,177.28272013027853,171.293362398215,172.45054870057243,172.45054870057243,3594070.0,sample,2026-09-24 19:05:19.563581+00:00
TSLA,2021-02-09 00:00:00+00:00,172.57997893199538,176.39068912377294,172.09060225863053,175.11763760000858,175.11763760000858,17598268.0,sample,2026-09-24 19:05:19.563581+00:00
TSLA,2021-02-10 00:00:00+00:00,174.54344565049436,177.8571244659673,173.93056765990133,177.54600574377815,177.54600574377815,9876978.0,sample,2026-09-24 19:05:19.563581+00:00
TSLA,2021-02-11 00:00:00+00:00,177.27738505591662,178.59256618601532,176.7252050586055,177.84233473226266,177.84233473226266,13465947.0,sample,2026-09-24 19:05:19.563581+00:00
TSLA,2021-02-12 00:00:00+00:00,178.36380672883027,183.09175817504783,177.61615735607253,181.10232880576044,181.10232880576044,13423673.0,sample,2026-09-24 19:05:19.563581+00:00
TSLA,2021-02-15 00:00:00+00:00,180.6992531592386,181.5981840723783,178.96619504121972,179.58366684450175,179.58366684450175,14550079.0,sample,2026-09-24 19:05:19.563581+00:00
TSLA,2021-02-16 00:00:00+00:00,180.23077731673715,182.49442858560712,179.82084577987774,182.28886241811335,182.28886241811335,6002780.0,sample,2026-09-24 19:05:19.563581+00:00
TSLA,2021-02-17 00:00:00+00:00,182.42268508089376,185.40017550377001,181.29087525492574,183.93551505388226,183.93551505388226,14441590.0,sample,2026-09-24 19:05:19.563581+00:00
TSLA,2021-02-18 00:00:00+00:00,183.9858992031683,185.82477603126625,182.6519786999323,183.75518942666102,183.75518942666102,15571505.0,sample,2026-09-24 19:05:19.563581+00:00
TSLA,2021-02-19 00:00:00+00:00,183.7165450621362,186.59609209130892,183.36623049063456,186.25317495591383,186.25317495591383,14273985.0,sample,2026-09-24 19:05:19.563581+00:00
TSLA,2021-02-22 00:00:00+00:00,186.0288431508776,187.92239544216935,182.28566050866223,184.10733534996393,184.10733534996393,5073876.0,sample,2026-09-24 19:05:19.563581+00:00
TSLA,2021-02-23 00:00:00+00:00,184.56812110046508,185.3205079180062,181.44292115602138,183.06830645804078,183.06830645804078,3870896.0,sample,2026-09-24 19:05:19.563581+00:00
TSLA,2021-02-24 00:00:00+00:00,182.27544324406523,183.17143672589398,175.94340156491188,178.02265298413334,178.02265298413334,17890663.0,sample,2026-09-24 19:05:19.563581+00:00
TSLA,2021-02-25 00:00:00+00:00,178.0993097473945,179.8261563607407,176.142689522341,178.25147740772852,178.25147740772852,9699979.0,sample,2026-09-24 19:05:19.563581+00:00
TSLA,2021-02-26 00:00:00+00:00,177.95269667690022,181.46942095472335,177.64191224684103,180.22149540116817,180.22149540116817,8746479.0,sample,2026-09-24 19:05:19.563581+00:00
TSLA,2021-03-01 00:00:00+00:00,180.48854072229196,182.80725284858966,178.3329674593758,182.54996808059585,182.54996808059585,7409718.0,sample,2026-09-24 19:05:19.563581+00:00
TSLA,2021-03-02 00:00:00+00:00,182.69960010375186,184.78455212344522,181.59711697867277,183.9792846103234,183.9792846103234,6138779.0,sample,2026-09-24 19:05:19.563581+00:00
TSLA,2021-03-03 00:00:00+00:00,184.22648980207754,187.24553090234747,183.4953549428086,186.28154484336636,186.28154484336636,13798716.0,sample,2026-09-24 19:05:19.563581+00:00
TSLA,2021-03-04 00:00:00+00:00,185.97584703107944,191.4207097312752,184.00500580045534,189.45073867694464,189.45073867694464,11522051.0,sample,2026-09-24 19:05:19.563581+00:00
TSLA,2021-03-05 00:00:00+00:00,188.8675945840215,189.85123263052478,184.0101757208501,184.51390587561173,184.51390587561173,7480613.0,sample,2026-09-24 19:05:19.563581+00:00
TSLA,2021-03-08 00:00:00+00:00,184.46220777085907,185.76329537077672,181.91341275212594,183.3004134741363,183.3004134741363,10341000.0,sample,2026-09-24 19:05:19.563581+00:00
TSLA,2021-03-09 00:00:00+00:00,183.48670297860377,184.94529319324624,180.20316134041613,180.5640763730647,180.5640763730647,5108131.0,sample,2026-09-24 19:05:19.563581+00:00
TSLA,2021-03-10 00:00:00+00:00,181.0678801176583,181.33880505214208,177.48172276968563,179.31520462643883,179.31520462643883,16421960.0,sample,2026-09-24 19:05:19.563581+00:00
TSLA,2021-03-11 00:00:00+00:00,179.33956239462674,181.8876005795274,178.8943982811843,179.87692132967967,179.87692132967967,5862865.0,sample,2026-09-24 19:05:19.563581+00:00
TSLA,2021-03-12 00:00:00+00:00,179.7514850424824,185.0995652234164,179.35360425838138,183.23787790235068,183.23787790235068,14317290.0,sample,2026-09-24 19:05:19.563581+00:00
TSLA,2021-03-15 00:00:00+00:00,182.98831862071142,184.00737415543685,180.30910786890271,181.81073849085277,181.81073849085277,17396712.0,sample,2026-09-24 19:05:19.563581+00:00
TSLA,2021-03-16 00:00:00+00:00,181.66489078894074,181.94383883956544,178.72556280556125,179.53826943998484,179.53826943998484,10882610.0,sample,2026-09-24 19:05:19.563581+00:00
TSLA,2021-03-17 00:00:00+00:00,179.57985193036936,180.0223294993872,171.64518147509287,173.02464303800178,173.02464303800178,1984604.0,sample,2026-09-24 19:05:19.563581+00:00
TSLA,2021-03-18 00:00:00+00:00,173.01068195148588,177.17204840217144,171.98499540628328,176.84345100662122,176.84345100662122,6518128.0,sample,2026-09-24 19:05:19.563581+00:00
TSLA,2021-03-19 00:00:00+00:00,176.54220869591035,177.42550562308878,173.3049529330135,175.09065121801999,175.09065121801999,1686296.0,sample,2026-09-24 19:05:19.563581+00:00
TSLA,2021-03-22 00:00:00+00:00,175.72929204972297,180.46113224710138,174.41267192247344,179.34326537670077,179.34326537670077,10214197.0,sample,2026-09-24 19:05:19.563581+00:00
TSLA,2021-03-23 00:00:00+00:00,179.52149696720602,182.3116678034935,178.72068347900506,180.81155917825095,180.81155917825095,16297707.0,sample,2026-09-24 19:05:19.563581+00:00
TSLA,2021-03-24 00:00:00+00:00,181.36576335663366,182.75337074731004,177.6133107754262,178.8350051489787,178.8350051489787,17091340.0,sample,2026-09-24 19:05:19.563581+00:00
TSLA,2021-03-25 00:00:00+00:00,179.01785517518107,179.34903920602918,172.70234224762314,173.88316338718317,173.88316338718317,12973706.0,sample,2026-09-24 19:05:19.563581+00:00
TSLA,2021-03-26 00:00:00+00:00,173.8624785858123,174.05696956261687,171.49992294076955,171.98247639639737,171.98247639639737,11618224.0,sample,2026-09-24 19:05:19.563581+00:00
TSLA,2021-03-29 00:00:00+00:00,171.66363083607416,172.53483715502458,171.20367697618755,171.46519681701767,171.46519681701767,10677745.0,sample,2026-09-24 19:05:19.563581+00:00
TSLA,2021-03-30 00:00:00+00:00,171.15631837392442,173.30451090264597,169.5885801110807,171.56571912918665,171.56571912918665,7510073.0,sample,2026-09-24 19:05:19.563581+00:00
TSLA,2021-03-31 00:00:00+00:00,171.77040715539934,174.6504809983956,170.40845965569378,173.72540226078115,173.72540226078115,16644045.0,sample,2026-09-24 19:05:19.563581+00:00
TSLA,2021-04-01 00:00:00+00:00,173.90703511050253,175.58712131629642,168.48856894998718,169.96941380310275,169.96941380310275,8470323.0,sample,2026-09-24 19:05:19.563581+00:00
TSLA,2021-04-02 00:00:00+00:00,169.65480711349517,170.0655600244269,168.37276631061576,168.69858135181238,168.69858135181238,12321452.0,sample,2026-09-24 19:05:19.563581+00:00
TSLA,2021-04-05 00:00:00+00:00,169.06194606766886,170.83855388718771,166.17469757030176,167.79291314223036,167.79291314223036,7296267.0,sample,2026-09-24 19:05:19.563581+00:00
TSLA,2021-04-06 00:00:00+00:00,167.49592964417636,172.25025440915644,166.08460802157862,171.0234714639598,171.0234714639598,14632736.0,sample,2026-09-24 19:05:19.563581+00:00
TSLA,2021-04-07 00:00:00+00:00,170.39517438142164,174.1577649067156,168.8415979322973,172.696789222102,172.696789222102,7673138.0,sample,2026-09-24 19:05:19.563581+00:00
TSLA,2021-04-08 00:00:00+00:00,172.35261134676412,173.06705616292984,171.2923457599681,172.86106215211348,172.86106215211348,5489537.0,sample,2026-09-24 19:05:19.563581+00:00
TSLA,2021-04-09 00:00:00+00:00,172.2621995316073,172.7300698929873,171.03315878137388,172.34224697944606,172.34224697944606,4859369.0,sample,2026-09-24 19:05:19.563581+00:00
TSLA,2021-04-12 00:00:00+00:00,172.82404886997378,173.93644383724597,167.60174960031986,168.70994310697142,168.70994310697142,16702485.0,sample,2026-09-24 19:05:19.563581+00:00
TSLA,2021-04-13 00:00:00+00:00,168.7855762224548,170.49493464441434,167.18698485984825,168.84267374290238,168.84267374290238,17280254.0,sample,2026-09-24 19:05:19.563581+00:00
TSLA,2021-04-14 00:00:00+00:00,168.4119957715878,169.18381011011385,160.6609089782016,161.87448774547923,161.87448774547923,11229549.0,sample,2026-09-24 19:05:19.563581+00:00
TSLA,2021-04-15 00:00:00+00:00,161.664021289989,162.51509757212617,157.33362970630262,157.74928431397652,157.74928431397652,5027490.0,sample,2026-09-24 19:05:19.563581+00:00
TSLA,2021-04-16 00:00:00+00:00,158.6723942394056,159.6401479667361,154.3018246392834,155.24757536841145,155.24757536841145,14889312.0,sample,2026-09-24 19:05:19.563581+00:00
TSLA,2021-04-19 00:00:00+00:00,154.93169456777437,157.57962888405643,154.5749979603349,156.0818814164766,156.0818814164766,11818375.0,sample,2026-09-24 19:05:19.563581+00:00
TSLA,2021-04-20 00:00:00+00:00,155.80695594260098,157.90135439328034,155.07510866103874,157.0799902418824,157.0799902418824,10387734.0,sample,2026-09-24 19:05:19.563581+00:00
TSLA,2021-04-21 00:00:00+00:00,157.4350363260134,158.52709108589784,155.86960042675702,158.1348977266696,158.1348977266696,15163106.0,sample,2026-09-24 19:05:19.563581+00:00
TSLA,2021-04-22 00:00:00+00:00,158.00220941082748,160.65277147161356,157.62818950606703,160.00958275578031,160.00958275578031,11196480.0,sample,2026-09-24 19:05:19.563581+00:00
TSLA,2021-04-23 00:00:00+00:00,160.68937450196464,161.55867472056096,156.7578764135264,158.0709891954217,158.0709891954217,2550310.0,sample,2026-09-24 19:05:19.563581+00:00
TSLA,2021-04-26 00:00:00+00:00,158.3921307936919,159.09895492355315,155.55294468070196,157.14192706913317,157.14192706913317,4713242.0,sample,2026-09-24 19:05:19.563581+00:00
TSLA,2021-04-27 00:00:00+00:00,157.83063243841232,159.2989977840257,153.88374638566142,154.32837377992635,154.32837377992635,8363014.0,sample,2026-09-24 19:05:19.563581+00:00
TSLA,2021-04-28 00:00:00+00:00,154.64093403189054,155.30788563855197,153.26772738550238,155.06663967551734,155.06663967551734,15890527.0,sample,2026-09-24 19:05:19.563581+00:00
TSLA,2021-04-29 00:00:00+00:00,155.12978461612434,156.3902261912346,150.17840617256002,151.7753211421958,151.7753211421958,6254665.0,sample,2026-09-24 19:05:19.563581+00:00
TSLA,2021-04-30 00:00:00+00:00,152.4325259259389,153.09953921471697,152.075202601293,152.58638087955225,152.58638087955225,2727424.0,sample,2026-09-24 19:05:19.563581+00:00
TSLA,2021-05-03 00:00:00+00:00,152.70994738191635,161.57313606149944,152.19270274844527,159.7117854450979,159.7117854450979,12861527.0,sample,2026-09-24 19:05:19.563581+00:00
TSLA,2021-05-04 00:00:00+00:00,159.85781317774067,165.99282689397435,158.98906757989855,164.8069323748918,164.8069323748918,10869174.0,sample,2026-09-24 19:05:19.563581+00:00
TSLA,2021-05-05 00:00:00+00:00,164.68598454991428,166.34477320189717,163.5416739183417,163.74417131904602,163.74417131904602,5580140.0,sample,2026-09-24 19:05:19.563581+00:00
TSLA,2021-05-06 00:00:00+00:00,162.71474493529715,163.7312625486591,159.52501445000257,161.4066368120142,161.4066368120142,8384156.0,sample,2026-09-24 19:05:19.563581+00:00
TSLA,2021-05-07 00:00:00+00:00,161.52649684434417,163.72258120499356,160.42266274047185,162.3376310768392,162.3376310768392,17566972.0,sample,2026-09-24 19:05:19.563581+00:00
TSLA,2021-05-10 00:00:00+00:00,162.57509814250997,163.85453402958862,160.08112062897902,160.91189142554003,160.91189142554003,16430266.0,sample,2026-09-24 19:05:19.563581+00:00
TSLA,2021-05-11 00:00:00+00:00,160.8949321555588,162.6051621632301,158.60123391877605,159.71884351497988,159.71884351497988,4499400.0,sample,2026-09-24 19:05:19.563581+00:00
TSLA,2021-05-12 00:00:00+00:00,159.73478849587482,165.82607042939725,158.9464162819956,165.60013149421218,165.60013149421218,17973168.0,sample,2026-09-24 19:05:19.563581+00:00
TSLA,2021-05-13 00:00:00+00:00,165.38311491601078,166.77578200559878,162.28498831922732,163.01296671503917,163.01296671503917,8563655.0,sample,2026-09-24 19:05:19.563581+00:00
TSLA,2021-05-14 00:00:00+00:00,162.62845575350863,165.18468673152154,161.59844031483402,163.7625849595443,163.7625849595443,16705684.0,sample,2026-09-24 19:05:19.563581+00:00
TSLA,2021-05-17 00:00:00+00:00,163.91158280296267,165.60130872692812,162.7519894306243,163.17561606777417,163.17561606777417,14205627.0,sample,2026-09-24 19:05:19.563581+00:00
TSLA,2021-05-18 00:00:00+00:00,162.974013990068,169.14589456788153,162.70458275149676,167.55466963954245,167.55466963954245,11657703.0,sample,2026-09-24 19:05:19.563581+00:00
TSLA,2021-05-19 00:00:00+00:00,167.59418357913933,169.29818162526948,167.24161800687767,168.67446822924703,168.67446822924703,13211550.0,sample,2026-09-24 19:05:19.563581+00:00
TSLA,2021-05-20 00:00:00+00:00,168.8245376036156,170.61222915311677,164.9957890079796,166.6611621019105,166.6611621019105,4199803.0,sample,2026-09-24 19:05:19.563581+00:00
TSLA,2021-05-21 00:00:00+00:00,167.20010938511427,171.08521436967482,166.24560525659828,170.10976015145712,170.10976015145712,7962959.0,sample,2026-09-24 19:05:19.563581+00:00
TSLA,2021-05-24 00:00:00+00:00,170.25671737827165,172.1944630918506,169.04642203887292,170.82602018637252,170.82602018637252,3835408.0,sample,2026-09-24 19:05:19.563581+00:00
TSLA,2021-05-25 00:00:00+00:00,170.52711664593286,172.08682394095987,166.0627057629758,167.99497425566358,167.99497425566358,14886136.0,sample,2026-09-24 19:05:19.563581+00:00
TSLA,2021-05-26 00:00:00+00:00,167.52938887020636,168.73227742177045,164.99479412348222,165.8005188741778,165.8005188741778,13067756.0,sample,2026-09-24 19:05:19.563581+00:00
TSLA,2021-05-27 00:00:00+00:00,166.46157134107915,168.43289869286974,159.477856536062,160.3857407349419,160.3857407349419,6397806.0,sample,2026-09-24 19:05:19.563581+00:00
TSLA,2021-05-28 00:00:00+00:00,160.09948533839128,161.1407451726364,158.4500436886765,158.91785931610244,158.91785931610244,8258496.0,sample,2026-09-24 19:05:19.563581+00:00
TSLA,2021-05-31 00:00:00+00:00,158.96155190778057,160.05859717995153,157.85868442889117,158.82167223856874,158.82167223856874,17654993.0,sample,2026-09-24 19:05:19.563581+00:00
TSLA,2021-06-01 00:00:00+00:00,158.75501505665298,160.06965687877053,157.44260110727765,157.67732218234195,157.67732218234195,12331114.0,sample,2026-09-24 19:05:19.563581+00:00
TSLA,2021-06-02 00:00:00+00:00,157.7243024143691,159.4025708721647,153.9605736396389,155.2931069758548,155.2931069758548,12135330.0,sample,2026-09-24 19:05:19.563581+00:00
TSLA,2021-06-03 00:00:00+00:00,154.92169260144044,156.24995274414337,153.27980502354973,155.09454793486051,155.09454793486051,14819112.0,sample,2026-09-24 19:05:19.563581+00:00
TSLA,2021-06-04 00:00:00+00:00,155.08712050271586,155.4210671142803,152.6674295453078,153.91128168708497,153.91128168708497,13732367.0,sample,2026-09-24 19:05:19.563581+00:00
TSLA,2021-06-07 00:00:00+00:00,154.24367859461404,154.9235870074309,152.3091760443101,154.04534137332618,154.04534137332618,3355805.0,sample,2026-09-24 19:05:19.563581+00:00
TSLA,2021-06-08 00:00:00+00:00,154.01058367548282,155.62708264487338,152.49298054359699,155.4443738715735,155.4443738715735,13331444.0,sample,2026-09-24 19:05:19.563581+00:00
TSLA,2021-06-09 00:00:00+00:00,156.03168943187308,157.83698306144206,154.99033762320582,155.51973823529573,155.51973823529573,11421275.0,sample,2026-09-24 19:05:19.563581+00:00
TSLA,2021-06-10 00:00:00+00:00,155.86352538547678,156.58433462672153,152.04170318781829,153.5120645325545,153.5120645325545,7378563.0,sample,2026-09-24 19:05:19.563581+00:00
TSLA,2021-06-11 00:00:00+00:00,153.27892769795713,153.6466482369468,150.0216822995484,151.09918055539035,151.09918055539035,2031636.0,sample,2026-09-24 19:05:19.563581+00:00
TSLA,2021-06-14 00:00:00+00:00,151.29900238493735,153.45937091536018,150.9223645703116,151.89368664912843,151.89368664912843,13000938.0,sample,2026-09-24 19:05:19.563581+00:00
TSLA,2021-06-15 00:00:00+00:00,151.53189872665376,152.18526426697082,146.15480674621526,147.1876487629736,147.1876487629736,9760779.0,sample,2026-09-24 19:05:19.563581+00:00
TSLA,2021-06-16 00:00:00+00:00,146.9243982114962,149.40359416596692,145.604845302397,147.64065964449827,147.64065964449827,6195114.0,sample,2026-09-24 19:05:19.563581+00:00
TSLA,2021-06-17 00:00:00+00:00,147.5337972805731,149.62046086508468,146.81227462195793,147.88901987221237,147.88901987221237,12141141.0,sample,2026-09-24 19:05:19.563581+00:00
TSLA,2021-06-18 00:00:00+00:00,147.7530470199101,149.45065741759726,138.62155579983315,138.86635499200875,138.86635499200875,11672181.0,sample,2026-09-24 19:05:19.563581+00:00
TSLA,2021-06-21 00:00:00+00:00,138.40041517109375,138.86474658890737,133.60720575275266,134.72391442052253,134.72391442052253,4921189.0,sample,2026-09-24 19:05:19.563581+00:00
TSLA,2021-06-22 00:00:00+00:00,134.97586408243998,136.4319457491173,133.79698284091728,134.0314046877081,134.0314046877081,16241583.0,sample,2026-09-24 19:05:19.563581+00:00
TSLA,2021-06-23 00:00:00+00:00,133.9838787656073,134.1459053939727,129.83652219292702,130.11031155506404,130.11031155506404,8496669.0,sample,2026-09-24 19:05:19.563581+00:00
TSLA,2021-06-24 00:00:00+00:00,130.24828795926592,132.69835262814922,129.87538320522188,131.29402399477019,131.29402399477019,4323443.0,sample,2026-09-24 19:05:19.563581+00:00
TSLA,2021-06-25 00:00:00+00:00,131.15302055911704,133.54197084003238,130.15052683685408,132.86060097084322,132.86060097084322,7526846.0,sample,2026-09-24 19:05:19.563581+00:00
TSLA,2021-06-28 00:00:00+00:00,132.73665262858623,133.30910035289446,132.17339369887557,132.9207424062739,132.9207424062739,15636704.0,sample,2026-09-24 19:05:19.563581+00:00
TSLA,2021-06-29 00:00:00+00:00,132.52158326377938,133.62663328449264,131.6839406678253,132.6051852655217,132.6051852655217,8883931.0,sample,2026-09-24 19:05:19.563581+00:00
TSLA,2021-06-30 00:00:00+00:00,132.6789753395291,133.55961723016927,131.10696905022442,133.23364973354097,133.23364973354097,11365013.0,sample,2026-09-24 19:05:19.563581+00:00
TSLA,2021-07-01 00:00:00+00:00,133.4170388204475,135.60826255959404,132.0131551896818,134.5372262309713,134.5372262309713,10602708.0,sample,2026-09-24 19:05:19.563581+00:00
TSLA,2021-07-02 00:00:00+00:00,134.65228033974176,136.69001831673603,133.12974078065028,135.51835769533264,135.51835769533264,11448773.0,sample,2026-09-24 19:05:19.563581+00:00
TSLA,2021-07-05 00:00:00+00:00,135.41875686892257,137.2235138688844,134.57685091119464,135.92018934630087,135.92018934630087,10744351.0,sample,2026-09-24 19:05:19.563581+00:00
TSLA,2021-07-06 00:00:00+00:00,135.81346603745482,137.89329577679644,134.25914118598575,137.44145858892122,137.44145858892122,16631457.0,sample,2026-09-24 19:05:19.563581+00:00
TSLA,2021-07-07 00:00:00+00:00,137.2219008067316,139.71235312293578,136.77558973476872,138.98540597779242,138.98540597779242,16224359.0,sample,2026-09-24 19:05:19.563581+00:00
TSLA,2021-07-08 00:00:00+00:00,139.2912767059254,140.65535127944253,137.11984636832076,137.52869541520795,137.52869541520795,6452539.0,sample,2026-09-24 19:05:19.563581+00:00
TSLA,2021-07-09 00:00:00+00:00,137.51552485952863,143.1281185478145,136.82591820779092,141.55363269222443,141.55363269222443,17013874.0,sample,2026-09-24 19:05:19.563581+00:00
TSLA,2021-07-12 00:00:00+00:00,141.52275195541233,141.97442827802774,136.56257912470113,137.9616806783827,137.9616806783827,3881117.0,sample,2026-09-24 19:05:19.563581+00:00
TSLA,2021-07-13 00:00:00+00:00,137.92541012349605,140.01348571028046,137.27103426719867,139.41730123542015,139.41730123542015,11471788.0,sample,2026-09-24 19:05:19.563581+00:00
TSLA,2021-07-14 00:00:00+00:00,139.23893110567502,139.8656752912341,135.98349377383994,137.54442293985727,137.54442293985727,11534734.0,sample,2026-09-24 19:05:19.563581+00:00
TSLA,2021-07-15 00:00:00+00:00,137.362670708338,139.05774887224246,136.86967926147514,138.61020522225985,138.61020522225985,14383022.0,sample,2026-09-24 19:05:19.563581+00:00
TSLA,2021-07-16 00:00:00+00:00,138.36789153326941,140.14018259777365,137.46957972310457,139.5920872457378,139.5920872457378,17668191.0,sample,2026-09-24 19:05:19.563581+00:00
TSLA,2021-07-19 00:00:00+00:00,139.39332240491328,141.88517991227525,138.88528938921678,141.59112256955385,141.59112256955385,10331924.0,sample,2026-09-24 19:05:19.563581+00:00
TSLA,2021-07-20 00:00:00+00:00,141.39223462988085,143.20568405719806,140.26119457988048,143.01515531962218,143.01515531962218,17826633.0,sample,2026-09-24 19:05:19.563581+00:00
TSLA,2021-07-21 00:00:00+00:00,142.9802341064488,146.4159983094088,141.5995018795225,145.26208726860176,145.26208726860176,14864060.0,sample,2026-09-24 19:05:19.563581+00:00
TSLA,2021-07-22 00:00:00+00:00,145.46973259183324,152.5940190362953,144.31146444239081,151.38881150568758,151.38881150568758,9247105.0,sample,2026-09-24 19:05:19.563581+00:00
TSLA,2021-07-23 00:00:00+00:00,150.88251574120963,152.6128590708575,148.8751620125374,149.9662161575369,149.9662161575369,1896273.0,sample,2026-09-24 19:05:19.563581+00:00
TSLA,2021-07-26 00:00:00+00:00,150.32823731557767,151.93996623891096,141.2819140485962,142.87714224933143,142.87714224933143,12920869.0,sample,2026-09-24 19:05:19.563581+00:00
TSLA,2021-07-27 00:00:00+00:00,142.48514735537535,147.86464193179953,142.02605811322897,147.08669841070372,147.08669841070372,5949715.0,sample,2026-09-24 19:05:19.563581+00:00
TSLA,2021-07-28 00:00:00+00:00,147.07554528049704,151.08776653107577,146.7560478222011,150.02947278957615,150.02947278957615,11924939.0,sample,2026-09-24 19:05:19.563581+00:00
TSLA,2021-07-29 00:00:00+00:00,150.43116861646212,150.89655409371406,147.5774258678096,149.03149085227193,149.03149085227193,4498487.0,sample,2026-09-24 19:05:19.563581+00:00
TSLA,2021-07-30 00:00:00+00:00,148.98314146789303,149.76720321035674,147.18892261307684,148.0970006766682,148.0970006766682,13287849.0,sample,2026-09-24 19:05:19.563581+00:00
TSLA,2021-08-02 00:00:00+00:00,148.1776595560701,149.67157529063974,144.48231654330326,145.90351902774256,145.90351902774256,11799481.0,sample,2026-09-24 19:05:19.563581+00:00
TSLA,2021-08-03 00:00:00+00:00,145.8254795770789,146.71533546848426,144.31789387152878,145.17566005287787,145.17566005287787,11856865.0,sample,2026-09-24 19:05:19.563581+00:00
TSLA,2021-08-04 00:00:00+00:00,145.6153443194615,146.10115403255008,141.20574141284573,142.78080035270045,142.78080035270045,7646550.0,sample,2026-09-24 19:05:19.563581+00:00
TSLA,2021-08-05 00:00:00+00:00,143.2422282280051,145.3356521376133,141.5821372522814,144.90692990873677,144.90692990873677,3308747.0,sample,2026-09-24 19:05:19.563581+00:00
TSLA,2021-08-06 00:00:00+00:00,144.96567121206297,146.3545617840356,143.65194990993854,146.06894857372473,146.06894857372473,5347042.0,sample,2026-09-24 19:05:19.563581+00:00
TSLA,2021-08-09 00:00:00+00:00,146.4693450355627,147.40361011131733,146.11390211941188,147.2356286291861,147.2356286291861,17691030.0,sample,2026-09-24 19:05:19.563581+00:00
TSLA,2021-08-10 00:00:00+00:00,147.98415566488273,149.0680228372145,144.9285919249278,146.15242536484064,146.15242536484064,11702499.0,sample,2026-09-24 19:05:19.563581+00:00
TSLA,2021-08-11 00:00:00+00:00,146.17251891315667,150.43886240814868,145.04819340064452,150.16127092661864,150.16127092661864,16883859.0,sample,2026-09-24 19:05:19.563581+00:00
TSLA,2021-08-12 00:00:00+00:00,150.2930504284038,157.63011160262988,148.95768223710675,156.3556211668344,156.3556211668344,9869282.0,sample,2026-09-24 19:05:19.563581+00:00
TSLA,2021-08-13 00:00:00+00:00,156.5532244188691,157.09140328156184,156.31950336207558,156.77890007580817,156.77890007580817,7115213.0,sample,2026-09-24 19:05:19.563581+00:00
TSLA,2021-08-16 00:00:00+00:00,156.49165872556182,157.5472159178956,155.33839816585896,155.51410134434255,155.51410134434255,11346122.0,sample,2026-09-24 19:05:19.563581+00:00
TSLA,2021-08-17 00:00:00+00:00,155.3348233923523,157.0320049905678,154.619967343877,155.22386897360417,155.22386897360417,6305128.0,sample,2026-09-24 19:05:19.563581+00:00
TSLA,2021-08-18 00:00:00+00:00,155.48806878543763,155.819746627446,151.73520530914428,152.4883232200573,152.4883232200573,5305219.0,sample,2026-09-24 19:05:19.563581+00:00
TSLA,2021-08-19 00:00:00+00:00,152.65820363827942,154.27577994119605,151.29725417701277,152.16649942985953,152.16649942985953,9375179.0,sample,2026-09-24 19:05:19.563581+00:00
TSLA,2021-08-20 00:00:00+00:00,152.13970689118497,153.01569895748628,151.019628977498,151.27692750553894,151.27692750553894,3175358.0,sample,2026-09-24 19:05:19.563581+00:00
TSLA,2021-08-23 00:00:00+00:00,151.28043141730228,154.21992233323914,150.6681514557069,152.8648670112766,152.8648670112766,16348312.0,sample,2026-09-24 19:05:19.563581+00:00
TSLA,2021-08-24 00:00:00+00:00,153.30339944665673,154.73306885690545,151.47829012257705,153.76378828404273,153.76378828404273,8476176.0,sample,2026-09-24 19:05:19.563581+00:00
TSLA,2021-08-25 00:00:00+00:00,154.21342467152235,157.02355244845427,152.41284738758736,156.35767673676946,156.35767673676946,3381321.0,sample,2026-09-24 19:05:19.563581+00:00
TSLA,2021-08-26 00:00:00+00:00,156.26867704533558,157.30908788041899,154.56657863841596,154.80429209373952,154.80429209373952,12479388.0,sample,2026-09-24 19:05:19.563581+00:00
TSLA,2021-08-27 00:00:00+00:00,154.4099762617193,155.83533638714582,148.02426349546158,149.40160116737727,149.40160116737727,14221900.0,sample,2026-09-24 19:05:19.563581+00:00
TSLA,2021-08-30 00:00:00+00:00,149.07226721192922,155.36255915191413,148.06650202330465,153.61152710640684,153.61152710640684,16405938.0,sample,2026-09-24 19:05:19.563581+00:00
TSLA,2021-08-31 00:00:00+00:00,153.71338791505164,158.8224842430492,153.22652573683777,158.25359583834205,158.25359583834205,14465255.0,sample,2026-09-24 19:05:19.563581+00:00
TSLA,2021-09-01 00:00:00+00:00,158.42098091449822,158.7570511240208,157.30271207378476,157.8819388648869,157.8819388648869,7534987.0,sample,2026-09-24 19:05:19.563581+00:00
TSLA,2021-09-02 00:00:00+00:00,157.69964108674495,159.03960699666578,155.99489275906407,158.10051585012974,158.10051585012974,17784102.0,sample,2026-09-24 19:05:19.563581+00:00
TSLA,2021-09-03 00:00:00+00:00,157.4296503094468,167.61159794451814,155.74579843777454,165.98159175535193,165.98159175535193,16289891.0,sample,2026-09-24 19:05:19.563581+00:00
TSLA,2021-09-06 00:00:00+00:00,166.0425691966657,172.48368623115323,165.82308360729223,170.57999519569245,170.57999519569245,14727634.0,sample,2026-09-24 19:05:19.563581+00:00
TSLA,2021-09-07 00:00:00+00:00,170.17605261640898,171.94333016428203,168.6877096286123,169.64308185261686,169.64308185261686,16421499.0,sample,2026-09-24 19:05:19.563581+00:00
TSLA,2021-09-08 00:00:00+00:00,169.68477581686687,171.09417922856485,164.65037329702503,165.79102305246954,165.79102305246954,6967005.0,sample,2026-09-24 19:05:19.563581+00:00
TSLA,2021-09-09 00:00:00+00:00,165.91325618907032,167.17557673731935,164.68545039991113,166.46360635483012,166.46360635483012,10691133.0,sample,2026-09-24 19:05:19.563581+00:00
TSLA,2021-09-10 00:00:00+00:00,166.9407458700668,168.52613083381286,165.33839723577256,167.25084237063444,167.25084237063444,11091197.0,sample,2026-09-24 19:05:19.563581+00:00
TSLA,2021-09-13 00:00:00+00:00,166.7559414442949,170.81721064862813,165.2537318395037,169.44636871021123,169.44636871021123,5843504.0,sample,2026-09-24 19:05:19.563581+00:00
TSLA,2021-09-14 00:00:00+00:00,170.06205161591066,173.24121028778745,168.2965229571059,171.36195485340104,171.36195485340104,15591517.0,sample,2026-09-24 19:05:19.563581+00:00
TSLA,2021-09-15 00:00:00+00:00,171.6619610680981,180.2730561862384,171.10856771932194,179.12844897484817,179.12844897484817,8432812.0,sample,2026-09-24 19:05:19.563581+00:00
TSLA,2021-09-16 00:00:00+00:00,179.33234594133322,181.01816208247723,178.03863577607007,178.40176410985077,178.40176410985077,8661554.0,sample,2026-09-24 19:05:19.563581+00:00
TSLA,2021-09-17 00:00:00+00:00,177.93410851813184,179.29856035091916,172.71955497414987,174.68261842801746,174.68261842801746,6142912.0,sample,2026-09-24 19:05:19.563581+00:00
TSLA,2021-09-20 00:00:00+00:00,174.83347372830346,175.41901975361068,173.18068449059027,174.00236855894246,174.00236855894246,3704378.0,sample,2026-09-24 19:05:19.563581+00:00
TSLA,2021-09-21 00:00:00+00:00,174.3116956022725,175.82694396669203,171.5090317410797,173.24178357182106,173.24178357182106,10390231.0,sample,2026-09-24 19:05:19.563581+00:00
TSLA,2021-09-22 00:00:00+00:00,173.7957535144321,175.0800185011478,169.91650902805793,171.978433230416,171.978433230416,14237757.0,sample,2026-09-24 19:05:19.563581+00:00
TSLA,2021-09-23 00:00:00+00:00,171.5603280636424,173.16159536951392,169.80165880107216,172.14147929050367,172.14147929050367,13101531.0,sample,2026-09-24 19:05:19.563581+00:00
TSLA,2021-09-24 00:00:00+00:00,172.93411234370413,175.33770054938975,172.01490961925458,173.9620406100485,173.9620406100485,9204567.0,sample,2026-09-24 19:05:19.563581+00:00
TSLA,2021-09-27 00:00:00+00:00,173.36721269958912,174.3802180913176,172.05761470881356,172.94037683223257,172.94037683223257,2676191.0,sample,2026-09-24 19:05:19.563581+00:00
TSLA,2021-09-28 00:00:00+00:00,172.15915994212725,176.23171083031804,171.75169391436387,174.8681469952737,174.8681469952737,5301189.0,sample,2026-09-24 19:05:19.563581+00:00
TSLA,2021-09-29 00:00:00+00:00,174.56263881954908,176.13243024668716,174.35547032209033,174.68939102725133,174.68939102725133,14483358.0,sample,2026-09-24 19:05:19.563581+00:00
TSLA,2021-09-30 00:00:00+00:00,174.67246300950814,175.56487053462996,167.3429583252382,167.53288459308277,167.53288459308277,14535372.0,sample,2026-09-24 19:05:19.563581+00:00
TSLA,2021-10-01 00:00:00+00:00,167.8977853469089,169.09033658792168,165.98217519208046,166.94333686657106,166.94333686657106,15182545.0,sample,2026-09-24 19:05:19.563581+00:00
TSLA,2021-10-04 00:00:00+00:00,166.7573800102299,169.11855243656163,165.65384261251344,167.2931582976569,167.2931582976569,9646680.0,sample,2026-09-24 19:05:19.563581+00:00
TSLA,2021-10-05 00:00:00+00:00,167.45661281366552,171.60128958363165,165.86220436984624,169.61849457988157,169.61849457988157,2611563.0,sample,2026-09-24 19:05:19.563581+00:00
TSLA,2021-10-06 00:00:00+00:00,169.3160338688841,171.13936309035626,167.13888077937332,167.85435924978393,167.85435924978393,14429715.0,sample,2026-09-24 19:05:19.563581+00:00
TSLA,2021-10-07 00:00:00+00:00,167.7456177153745,173.04736858891158,165.78736235580047,172.55267186396037,172.55267186396037,8337036.0,sample,2026-09-24 19:05:19.563581+00:00
TSLA,2021-10-08 00:00:00+00:00,172.4065571265191,173.17904998550898,167.0538198837561,167.87161327825228,167.87161327825228,15451994.0,sample,2026-09-24 19:05:19.563581+00:00
TSLA,2021-10-11 00:00:00+00:00,167.91774901305052,169.074346076618,164.51279746019435,165.432608757522,165.432608757522,7459347.0,sample,2026-09-24 19:05:19.563581+00:00
TSLA,2021-10-12 00:00:00+00:00,165.1035492361758,165.89245231515434,163.6003319536854,164.05614387092925,164.05614387092925,11095754.0,sample,2026-09-24 19:05:19.563581+00:00
TSLA,2021-10-13 00:00:00+00:00,164.04200695906093,169.51451585787947,163.08914262578006,169.00844123095973,169.00844123095973,17292806.0,sample,2026-09-24 19:05:19.563581+00:00
TSLA,2021-10-14 00:00:00+00:00,169.30797379976528,172.41464688876846,168.40974408013,171.2148549088833,171.2148549088833,12795643.0,sample,2026-09-24 19:05:19.563581+00:00
TSLA,2021-10-15 00:00:00+00:00,171.3413808477081,173.46041185966538,169.6193475039041,172.13985613173875,172.13985613173875,7133898.0,sample,2026-09-24 19:05:19.563581+00:00
TSLA,2021-10-18 00:00:00+00:00,172.3324162660609,177.57530468846227,170.3897035951157,177.09984476528734,177.09984476528734,17285906.0,sample,2026-09-24 19:05:19.563581+00:00
TSLA,2021-10-19 00:00:00+00:00,177.8205921919496,178.1016473762234,172.70314297863118,173.28255200825924,173.28255200825924,10203038.0,sample,2026-09-24 19:05:19.563581+00:00
TSLA,2021-10-20 00:00:00+00:00,173.2593763515145,174.37498615336773,170.68114272002393,172.26850047514338,172.26850047514338,6641433.0,sample,2026-09-24 19:05:19.563581+00:00
TSLA,2021-10-21 00:00:00+00:00,172.6967689970534,175.08273761569453,172.48612404723696,173.56648886398239,173.56648886398239,16700400.0,sample,2026-09-24 19:05:19.563581+00:00
TSLA,2021-10-22 00:00:00+00:00,173.54855497655134,174.42761239296507,171.27109252363314,173.0985787708816,173.0985787708816,16126419.0,sample,2026-09-24 19:05:19.563581+00:00
TSLA,2021-10-25 00:00:00+00:00,173.01599518960887,174.4136475471014,166.8362739333858,167.90636260745245,167.90636260745245,3166951.0,sample,2026-09-24 19:05:19.563581+00:00
TSLA,2021-10-26 00:00:00+00:00,168.06339905687102,168.40407473551846,167.10079085258917,167.97486566298346,167.97486566298346,6237051.0,sample,2026-09-24 19:05:19.563581+00:00
TSLA,2021-10-27 00:00:00+00:00,167.7277765122353,171.6338971564679,167.36768900996964,170.41421235588865,170.41421235588865,9256466.0,sample,2026-09-24 19:05:19.563581+00:00
TSLA,2021-10-28 00:00:00+00:00,170.31154574113108,176.10940027307777,169.67543061291678,174.9597386184471,174.9597386184471,11008412.0,sample,2026-09-24 19:05:19.563581+00:00
TSLA,2021-10-29 00:00:00+00:00,175.31801956848238,178.93265741262854,173.86850124197966,178.07997962550812,178.07997962550812,3928361.0,sample,2026-09-24 19:05:19.563581+00:00
TSLA,2021-11-01 00:00:00+00:00,178.45170952061315,180.27731594921622,174.20878182294803,174.91429823009994,174.91429823009994,3237614.0,sample,2026-09-24 19:05:19.563581+00:00
TSLA,2021-11-02 00:00:00+00:00,175.2958433448089,177.64594597792936,174.22193413104313,175.72755361862664,175.72755361862664,15103218.0,sample,2026-09-24 19:05:19.563581+00:00
TSLA,2021-11-03 00:00:00+00:00,175.96486108527088,176.57159466913322,174.20337506362057,175.54883104696958,175.54883104696958,2139487.0,sample,2026-09-24 19:05:19.563581+00:00
TSLA,2021-11-04 00:00:00+00:00,175.59503612348777,179.8314413814331,174.28975001772397,178.75992109198327,178.75992109198327,16474721.0,sample,2026-09-24 19:05:19.563581+00:00
TSLA,2021-11-05 00:00:00+00:00,178.89600803394853,179.3268897287395,174.910140893579,177.02736275623673,177.02736275623673,9554114.0,sample,2026-09-24 19:05:19.563581+00:00
TSLA,2021-11-08 00:00:00+00:00,176.54761511377185,180.1970520518815,175.29153127532055,179.769124025396,179.769124025396,10458971.0,sample,2026-09-24 19:05:19.563581+00:00
TSLA,2021-11-09 00:00:00+00:00,179.61821421425262,182.40854494234063,177.90219110072474,180.24906315298472,180.24906315298472,11049933.0,sample,2026-09-24 19:05:19.563581+00:00
TSLA,2021-11-10 00:00:00+00:00,179.97358626509643,181.97771058833553,178.96188996954223,181.61692010746845,181.61692010746845,2415084.0,sample,2026-09-24 19:05:19.563581+00:00
TSLA,2021-11-11 00:00:00+00:00,181.99431715914037,184.02211291420315,171.9514170006123,172.4601302472237,172.4601302472237,5339724.0,sample,2026-09-24 19:05:19.563581+00:00
TSLA,2021-11-12 00:00:00+00:00,172.86755138963292,173.48402458241878,170.31978434215094,171.61679914132748,171.61679914132748,8047800.0,sample,2026-09-24 19:05:19.563581+00:00
TSLA,2021-11-15 00:00:00+00:00,172.04655912634078,175.90221548641875,171.64811192716098,174.45084755694734,174.45084755694734,1845025.0,sample,2026-09-24 19:05:19.563581+00:00
TSLA,2021-11-16 00:00:00+00:00,174.34906503422195,175.80338420869407,174.04730343098683,175.23322256344673,175.23322256344673,2834901.0,sample,2026-09-24 19:05:19.563581+00:00
TSLA,2021-11-17 00:00:00+00:00,175.17419499835822,180.35318594151275,174.0069837446566,179.52040984799805,179.52040984799805,6546014.0,sample,2026-09-24 19:05:19.563581+00:00
TSLA,2021-11-18 00:00:00+00:00,179.72261420899312,180.44007016778082,177.06604551531694,178.51074771004707,178.51074771004707,16879773.0,sample,2026-09-24 19:05:19.563581+00:00
TSLA,2021-11-19 00:00:00+00:00,179.08162227807398,182.02449974226442,177.32497119145023,180.66524136579116,180.66524136579116,13194640.0,sample,2026-09-24 19:05:19.563581+00:00
TSLA,2021-11-22 00:00:00+00:00,181.0871465788336,187.2901876908097,179.97321810232154,186.5532707493053,186.5532707493053,17839803.0,sample,2026-09-24 19:05:19.563581+00:00
TSLA,2021-11-23 00:00:00+00:00,186.00991761826396,192.75568551201482,185.81911537751532,192.44199029887207,192.44199029887207,4275424.0,sample,2026-09-24 19:05:19.563581+00:00
TSLA,2021-11-24 00:00:00+00:00,193.32066699919068,194.80520238417955,191.03944848403577,193.69803035834562,193.69803035834562,3916000.0,sample,2026-09-24 19:05:19.563581+00:00
TSLA,2021-11-25 00:00:00+00:00,194.05580277770378,199.20983160894815,191.86855835543082,197.7168028103823,197.7168028103823,4944638.0,sample,2026-09-24 19:05:19.563581+00:00
TSLA,2021-11-26 00:00:00+00:00,197.88066935525453,200.13739221539066,197.14761708987663,197.80132475396707,197.80132475396707,4690771.0,sample,2026-09-24 19:05:19.563581+00:00
TSLA,2021-11-29 00:00:00+00:00,198.71844776722355,203.05582341066395,198.01280484123697,202.17655684309096,202.17655684309096,1696402.0,sample,2026-09-24 19:05:19.563581+00:00
TSLA,2021-11-30 00:00:00+00:00,202.48797737267412,202.92087462471383,200.35671471090603,200.66231218152117,200.66231218152117,2976572.0,sample,2026-09-24 19:05:19.563581+00:00
TSLA,2021-12-01 00:00:00+00:00,200.6428252171259,202.16613366087478,197.8527440021494,198.52412411627733,198.52412411627733,10371034.0,sample,2026-09-24 19:05:19.563581+00:00
TSLA,2021-12-02 00:00:00+00:00,198.81458209208384,200.69243701567873,198.45106746398142,200.19029673985258,200.19029673985258,8647140.0,sample,2026-09-24 19:05:19.563581+00:00
TSLA,2021-12-03 00:00:00+00:00,200.6656446505306,203.0267011816009,195.42355375865412,197.58142531035773,197.58142531035773,6971333.0,sample,2026-09-24 19:05:19.563581+00:00
TSLA,2021-12-06 00:00:00+00:00,197.2906237916106,202.492234620356,196.78726525160903,200.96664867424903,200.96664867424903,14528906.0,sample,2026-09-24 19:05:19.563581+00:00
TSLA,2021-12-07 00:00:00+00:00,201.57254891635603,203.23736277584362,199.64229546018308,200.38855564514728,200.38855564514728,15102945.0,sample,2026-09-24 19:05:19.563581+00:00
TSLA,2021-12-08 00:00:00+00:00,200.36335842740698,202.42672081361923,195.54304968178874,196.72328095667433,196.72328095667433,12501309.0,sample,2026-09-24 19:05:19.563581+00:00
TSLA,2021-12-09 00:00:00+00:00,196.5491879748566,198.01057276718586,195.02950790130302,197.49933788444469,197.49933788444469,8607434.0,sample,2026-09-24 19:05:19.563581+00:00
TSLA,2021-12-10 00:00:00+00:00,197.62225934756452,200.30730048190208,195.5985806277518,199.54126475976759,199.54126475976759,10593053.0,sample,2026-09-24 19:05:19.563581+00:00
TSLA,2021-12-13 00:00:00+00:00,199.1703300011287,203.52314952573673,197.5748899700839,202.06893596917314,202.06893596917314,17175194.0,sample,2026-09-24 19:05:19.563581+00:00
TSLA,2021-12-14 00:00:00+00:00,201.48343774465306,201.87076122357144,198.70199818177124,199.2754843064572,199.2754843064572,12984179.0,sample,2026-09-24 19:05:19.563581+00:00
TSLA,2021-12-15 00:00:00+00:00,199.58407109881682,200.16366353424883,194.08633016740768,194.79372681390322,194.79372681390322,8636347.0,sample,2026-09-24 19:05:19.563581+00:00
TSLA,2021-12-16 00:00:00+00:00,193.96289078827766,195.8205515808532,193.40110087564747,194.0696808207826,194.0696808207826,16887116.0,sample,2026-09-24 19:05:19.563581+00:00
TSLA,2021-12-17 00:00:00+00:00,194.27367165205402,195.4481656351508,192.04118220372334,193.02818474014333,193.02818474014333,3711681.0,sample,2026-09-24 19:05:19.563581+00:00
TSLA,2021-12-20 00:00:00+00:00,192.92787974206848,193.548004409558,188.57145207576704,190.04988758712915,190.04988758712915,3077254.0,sample,2026-09-24 19:05:19.563581+00:00
TSLA,2021-12-21 00:00:00+00:00,189.48999479779604,191.27506210043282,183.91755597001548,184.37324216638507,184.37324216638507,2242262.0,sample,2026-09-24 19:05:19.563581+00:00
TSLA,2021-12-22 00:00:00+00:00,184.58815980039535,186.11976021930235,180.1163948659967,181.00233472145652,181.00233472145652,16872031.0,sample,2026-09-24 19:05:19.563581+00:00
TSLA,2021-12-23 00:00:00+00:00,180.8081831952078,185.7387480149069,179.99348650147172,184.08022512897824,184.08022512897824,2307640.0,sample,2026-09-24 19:05:19.563581+00:00
TSLA,2021-12-24 00:00:00+00:00,184.09168497234953,186.2809096038704,182.70793987518758,184.27632109628243,184.27632109628243,8590422.0,sample,2026-09-24 19:05:19.563581+00:00
TSLA,2021-12-27 00:00:00+00:00,184.0784652504123,185.86042233880352,179.62574151662275,181.46797501163826,181.46797501163826,7768851.0,sample,2026-09-24 19:05:19.563581+00:00
TSLA,2021-12-28 00:00:00+00:00,181.516607328497,181.95684492199302,173.8633078391112,174.50371334471822,174.50371334471822,4741863.0,sample,2026-09-24 19:05:19.563581+00:00
TSLA,2021-12-29 00:00:00+00:00,174.2268585326791,174.75622006537947,169.41963074495405,170.02439526002223,170.02439526002223,8397531.0,sample,2026-09-24 19:05:19.563581+00:00
TSLA,2021-12-30 00:00:00+00:00,169.8612088070535,171.02534095901473,169.64043153867712,170.53510242555276,170.53510242555276,9061159.0,sample,2026-09-24 19:05:19.563581+00:00
TSLA,2021-12-31 00:00:00+00:00,170.1021788021287,175.29912521422256,169.3364521718115,173.51153887618048,173.51153887618048,5906045.0,sample,2026-09-24 19:05:19.563581+00:00
TSLA,2022-01-03 00:00:00+00:00,173.8729056880835,180.54820769079672,172.53804055191378,179.66279656681573,179.66279656681573,5899588.0,sample,2026-09-24 19:05:19.563581+00:00
TSLA,2022-01-04 00:00:00+00:00,179.77635248412304,179.97712368685737,173.24815479737896,175.01861170819865,175.01861170819865,11082762.0,sample,2026-09-24 19:05:19.563581+00:00
TSLA,2022-01-05 00:00:00+00:00,175.30323486877973,176.33410242610267,171.51668090472268,173.54732742430568,173.54732742430568,3051059.0,sample,2026-09-24 19:05:19.563581+00:00
TSLA,2022-01-06 00:00:00+00:00,172.80570353931978,173.78577472475945,170.40411193033978,170.92954952844565,170.92954952844565,15312039.0,sample,2026-09-24 19:05:19.563581+00:00
TSLA,2022-01-07 00:00:00+00:00,170.78903580841853,172.64697940972533,166.64350144842888,167.7796683216205,167.7796683216205,5031041.0,sample,2026-09-24 19:05:19.563581+00:00
TSLA,2022-01-10 00:00:00+00:00,167.74163324593354,168.11682385432957,162.68638797334364,164.3333738786611,164.3333738786611,1752009.0,sample,2026-09-24 19:05:19.563581+00:00
TSLA,2022-01-11 00:00:00+00:00,164.73317126768956,169.3964921045468,163.48260376159772,167.9971528066889,167.9971528066889,3168537.0,sample,2026-09-24 19:05:19.563581+00:00
TSLA,2022-01-12 00:00:00+00:00,168.03969808186633,169.7695449481779,165.660910839939,166.364826998611,166.364826998611,2692813.0,sample,2026-09-24 19:05:19.563581+00:00
TSLA,2022-01-13 00:00:00+00:00,166.7777841545612,167.15741836850071,165.46453696373746,165.96347212019873,165.96347212019873,8855640.0,sample,2026-09-24 19:05:19.563581+00:00
TSLA,2022-01-14 00:00:00+00:00,166.12388496348615,175.5536173935441,165.18817222240395,174.05132765355077,174.05132765355077,4366038.0,sample,2026-09-24 19:05:19.563581+00:00
TSLA,2022-01-17 00:00:00+00:00,173.8546237141995,180.2793015813674,172.92056761622496,178.9094373544157,178.9094373544157,6631249.0,sample,2026-09-24 19:05:19.563581+00:00
TSLA,2022-01-18 00:00:00+00:00,179.0517586904199,180.2268727229863,176.30434934316278,177.47255593184389,177.47255593184389,8126484.0,sample,2026-09-24 19:05:19.563581+00:00
TSLA,2022-01-19 00:00:00+00:00,177.3067606110223,178.63964298010274,170.85804751619335,172.79723700832812,172.79723700832812,10832760.0,sample,2026-09-24 19:05:19.563581+00:00
TSLA,2022-01-20 00:00:00+00:00,172.76869672764792,175.22142898016614,172.134687719215,173.89903365706877,173.89903365706877,6655416.0,sample,2026-09-24 19:05:19.563581+00:00
TSLA,2022-01-21 00:00:00+00:00,174.06189820228772,175.13785822395195,172.92054854474247,174.757542281016,174.757542281016,8551048.0,sample,2026-09-24 19:05:19.563581+00:00
TSLA,2022-01-24 00:00:00+00:00,175.1242476652821,176.41726835901972,172.00272717418105,172.90162170829277,172.90162170829277,13224088.0,sample,2026-09-24 19:05:19.563581+00:00
TSLA,2022-01-25 00:00:00+00:00,173.40257015203736,180.85484195114236,171.40362309115403,178.79581029708507,178.79581029708507,17266195.0,sample,2026-09-24 19:05:19.563581+00:00
TSLA,2022-01-26 00:00:00+00:00,178.6827962964325,180.04618250971194,176.52840481277684,178.4354819934436,178.4354819934436,16635051.0,sample,2026-09-24 19:05:19.563581+00:00
TSLA,2022-01-27 00:00:00+00:00,178.42388731216866,179.8863956964085,175.94621544850986,177.2357294831007,177.2357294831007,4763539.0,sample,2026-09-24 19:05:19.563581+00:00
TSLA,2022-01-28 00:00:00+00:00,177.17306813181378,179.63162032369945,176.23022537692427,178.95423000962842,178.95423000962842,16683211.0,sample,2026-09-24 19:05:19.563581+00:00
TSLA,2022-01-31 00:00:00+00:00,178.78090920858403,183.37447322837033,178.15959306776537,182.7022187686452,182.7022187686452,16386601.0,sample,2026-09-24 19:05:19.563581+00:00
TSLA,2022-02-01 00:00:00+00:00,182.98411520107996,186.3450095508923,182.05483410618268,184.2920040150199,184.2920040150199,4551745.0,sample,2026-09-24 19:05:19.563581+00:00
TSLA,2022-02-02 00:00:00+00:00,184.1051979787359,186.07903283641963,183.83670941587036,185.23479694809444,185.23479694809444,5512610.0,sample,2026-09-24 19:05:19.563581+00:00
TSLA,2022-02-03 00:00:00+00:00,184.9764684459929,185.91920449630558,182.98665221331737,183.26342395126701,183.26342395126701,11414719.0,sample,2026-09-24 19:05:19.563581+00:00
TSLA,2022-02-04 00:00:00+00:00,183.4179065545588,186.00686190558397,182.72580791813658,184.0966278110522,184.0966278110522,1873718.0,sample,2026-09-24 19:05:19.563581+00:00
TSLA,2022-02-07 00:00:00+00:00,183.92447723477386,185.66393057806846,176.88097986529127,178.17567603680988,178.17567603680988,17262637.0,sample,2026-09-24 19:05:19.563581+00:00
TSLA,2022-02-08 00:00:00+00:00,178.26607806019246,181.54510567055937,176.95409414481117,180.07872227718494,180.07872227718494,17210271.0,sample,2026-09-24 19:05:19.563581+00:00
TSLA,2022-02-09 00:00:00+00:00,180.45236620985352,182.4106964940785,177.97371761662444,179.07344544525128,179.07344544525128,3105427.0,sample,2026-09-24 19:05:19.563581+00:00
TSLA,2022-02-10 00:00:00+00:00,178.28023424860913,178.53516666357882,174.92775096553592,176.93684523200005,176.93684523200005,5176865.0,sample,2026-09-24 19:05:19.563581+00:00
TSLA,2022-02-11 00:00:00+00:00,176.55821946743185,179.6463643673126,174.65492776625248,178.22698371231465,178.22698371231465,3558052.0,sample,2026-09-24 19:05:19.563581+00:00
TSLA,2022-02-14 00:00:00+00:00,178.414917801487,179.8560059329361,178.17773348128418,178.4701335781014,178.4701335781014,14191868.0,sample,2026-09-24 19:05:19.563581+00:00
TSLA,2022-02-15 00:00:00+00:00,178.62254660805576,180.41715685135634,173.2605762282633,174.0443028694271,174.0443028694271,11033574.0,sample,2026-09-24 19:05:19.563581+00:00
TSLA,2022-02-16 00:00:00+00:00,174.4148359415541,175.57177908741468,171.62011576260738,172.59565626698833,172.59565626698833,13699352.0,sample,2026-09-24 19:05:19.563581+00:00
TSLA,2022-02-17 00:00:00+00:00,172.8958323873084,173.74723854210853,168.56870358550876,169.41366015871745,169.41366015871745,15686793.0,sample,2026-09-24 19:05:19.563581+00:00
TSLA,2022-02-18 00:00:00+00:00,169.6105785192637,171.8298769462165,168.25724900812827,171.17096402466711,171.17096402466711,4438201.0,sample,2026-09-24 19:05:19.563581+00:00
TSLA,2022-02-21 00:00:00+00:00,171.57370596442067,171.91995353110065,170.3788769600455,170.57201341987184,170.57201341987184,16137964.0,sample,2026-09-24 19:05:19.563581+00:00
TSLA,2022-02-22 00:00:00+00:00,170.87774095077827,172.60781136164147,167.36929119131588,168.41114623717593,168.41114623717593,4283152.0,sample,2026-09-24 19:05:19.563581+00:00
TSLA,2022-02-23 00:00:00+00:00,168.98408947608718,169.7906761841576,166.63488572151908,168.57884530875376,168.57884530875376,5172653.0,sample,2026-09-24 19:05:19.563581+00:00
TSLA,2022-02-24 00:00:00+00:00,169.02200499458644,170.07023005680233,166.93499714031466,167.1856451617483,167.1856451617483,17032841.0,sample,2026-09-24 19:05:19.563581+00:00
TSLA,2022-02-25 00:00:00+00:00,167.36774053872475,168.7891263086614,164.07374015798584,165.39331423026803,165.39331423026803,15631387.0,sample,2026-09-24 19:05:19.563581+00:00
TSLA,2022-02-28 00:00:00+00:00,165.4171626334666,167.17651894213336,163.37782203991128,164.57215223696625,164.57215223696625,15667713.0,sample,2026-09-24 19:05:19.563581+00:00
TSLA,2022-03-01 00:00:00+00:00,164.31522703173005,164.93716492088953,161.93120222373318,163.52137021438753,163.52137021438753,14320083.0,sample,2026-09-24 19:05:19.563581+00:00
TSLA,2022-03-02 00:00:00+00:00,163.4946829756208,168.99076843724896,162.617121406802,168.29068753568916,168.29068753568916,17234383.0,sample,2026-09-24 19:05:19.563581+00:00
TSLA,2022-03-03 00:00:00+00:00,167.5339917663641,168.92538263163533,166.8164498226296,168.68766866505746,168.68766866505746,9167430.0,sample,2026-09-24 19:05:19.563581+00:00
TSLA,2022-03-04 00:00:00+00:00,169.00599393121135,178.07391362951856,167.2215776108534,177.36846990940649,177.36846990940649,4952955.0,sample,2026-09-24 19:05:19.563581+00:00
TSLA,2022-03-07 00:00:00+00:00,177.71414730410737,182.6063225400693,177.11453885793875,181.3126309876347,181.3126309876347,16467252.0,sample,2026-09-24 19:05:19.563581+00:00
TSLA,2022-03-08 00:00:00+00:00,181.7127745771908,182.30917103634593,179.75621828574864,180.3368862544388,180.3368862544388,3529647.0,sample,2026-09-24 19:05:19.563581+00:00
TSLA,2022-03-09 00:00:00+00:00,180.55401222337008,182.5578069069733,179.5947039007587,179.87900003388168,179.87900003388168,10558714.0,sample,2026-09-24 19:05:19.563581+00:00
TSLA,2022-03-10 00:00:00+00:00,180.49199660268943,182.76052247107654,178.92113922678834,182.07850032874666,182.07850032874666,7270572.0,sample,2026-09-24 19:05:19.563581+00:00
TSLA,2022-03-11 00:00:00+00:00,182.02833138144834,184.15408614238544,180.4064412192765,180.97862851997456,180.97862851997456,17801033.0,sample,2026-09-24 19:05:19.563581+00:00
TSLA,2022-03-14 00:00:00+00:00,181.15805066892037,181.83626318907787,175.60354820893266,176.64204918395316,176.64204918395316,11474166.0,sample,2026-09-24 19:05:19.563581+00:00
TSLA,2022-03-15 00:00:00+00:00,176.70236454351345,177.471753085341,173.34651765065377,175.13448330996104,175.13448330996104,16456387.0,sample,2026-09-24 19:05:19.563581+00:00
TSLA,2022-03-16 00:00:00+00:00,174.58756534256867,181.56808878464517,173.53870027092086,179.92628499484863,179.92628499484863,1903275.0,sample,2026-09-24 19:05:19.563581+00:00
TSLA,2022-03-17 00:00:00+00:00,180.0311579384468,180.6474743325859,179.50819420114487,179.81623018650714,179.81623018650714,15090192.0,sample,2026-09-24 19:05:19.563581+00:00
TSLA,2022-03-18 00:00:00+00:00,179.58315322526292,180.20643634301715,174.6794065955715,176.53135683048797,176.53135683048797,3682401.0,sample,2026-09-24 19:05:19.563581+00:00
TSLA,2022-03-21 00:00:00+00:00,176.84353413593195,178.71208483045544,176.0926295811782,178.00618313509705,178.00618313509705,2963621.0,sample,2026-09-24 19:05:19.563581+00:00
TSLA,2022-03-22 00:00:00+00:00,177.97790069424892,182.51459529182466,177.3795304164195,182.07013635250658,182.07013635250658,3769152.0,sample,2026-09-24 19:05:19.563581+00:00
TSLA,2022-03-23 00:00:00+00:00,182.35184801458163,188.45391811842651,182.16343571956534,187.69858629459415,187.69858629459415,5435549.0,sample,2026-09-24 19:05:19.563581+00:00
TSLA,2022-03-24 00:00:00+00:00,187.50015204903775,191.44251129446116,186.32007827066556,190.0005299458594,190.0005299458594,4752322.0,sample,2026-09-24 19:05:19.563581+00:00
TSLA,2022-03-25 00:00:00+00:00,189.89261151136336,192.77750815163907,189.2442581065471,190.9654729438192,190.9654729438192,2389446.0,sample,2026-09-24 19:05:19.563581+00:00
TSLA,2022-03-28 00:00:00+00:00,190.6947919077511,191.8532109580058,186.03589833281012,186.80794768901842,186.80794768901842,13954534.0,sample,2026-09-24 19:05:19.563581+00:00
TSLA,2022-03-29 00:00:00+00:00,187.21997669043057,189.84161808074674,186.67571043994207,189.05929163667727,189.05929163667727,2819961.0,sample,2026-09-24 19:05:19.563581+00:00
TSLA,2022-03-30 00:00:00+00:00,189.16223534396244,192.18746970600452,187.02337620877455,190.01232763311705,190.01232763311705,14440817.0,sample,2026-09-24 19:05:19.563581+00:00
TSLA,2022-03-31 00:00:00+00:00,189.91781904894285,194.44494336449176,187.80350027532745,192.80276288572156,192.80276288572156,5242203.0,sample,2026-09-24 19:05:19.563581+00:00
TSLA,2022-04-01 00:00:00+00:00,192.6977651542004,194.70954661034187,191.21987512875782,193.57369454917136,193.57369454917136,15164895.0,sample,2026-09-24 19:05:19.563581+00:00
TSLA,2022-04-04 00:00:00+00:00,193.21875050583614,193.540123044873,191.81305386938564,192.6739994019727,192.6739994019727,12420502.0,sample,2026-09-24 19:05:19.563581+00:00
TSLA,2022-04-05 00:00:00+00:00,192.3967979657104,196.51528817462213,191.6283324982137,195.68545309314553,195.68545309314553,16616961.0,sample,2026-09-24 19:05:19.563581+00:00
TSLA,2022-04-06 00:00:00+00:00,195.66478340400698,199.45155050189575,194.5365967439757,198.18326719138514,198.18326719138514,9706169.0,sample,2026-09-24 19:05:19.563581+00:00
TSLA,2022-04-07 00:00:00+00:00,198.5633181726319,200.76601847236313,195.78347205027097,197.7127938272073,197.7127938272073,3536178.0,sample,2026-09-24 19:05:19.563581+00:00
TSLA,2022-04-08 00:00:00+00:00,197.25368136895082,199.4300073406687,192.94587650469566,193.50127316547153,193.50127316547153,10675893.0,sample,2026-09-24 19:05:19.563581+00:00
TSLA,2022-04-11 00:00:00+00:00,193.5970027866817,194.51203194558164,192.31157572327774,194.11743484461,194.11743484461,9570718.0,sample,2026-09-24 19:05:19.563581+00:00
TSLA,2022-04-12 00:00:00+00:00,194.50471583293452,196.2815810965744,187.94439175432237,189.33467876562221,189.33467876562221,6577586.0,sample,2026-09-24 19:05:19.563581+00:00
TSLA,2022-04-13 00:00:00+00:00,189.4908619875259,191.12153201432926,185.83811310687673,186.60162216388233,186.60162216388233,5177812.0,sample,2026-09-24 19:05:19.563581+00:00
TSLA,2022-04-14 00:00:00+00:00,187.02719275143383,190.56146526372717,185.54702310920473,188.35818128007992,188.35818128007992,16065441.0,sample,2026-09-24 19:05:19.563581+00:00
TSLA,2022-04-15 00:00:00+00:00,188.9422962788157,191.04570049937809,188.04283471017735,188.50764895739448,188.50764895739448,11650549.0,sample,2026-09-24 19:05:19.563581+00:00
TSLA,2022-04-18 00:00:00+00:00,188.50808412156294,190.22743413047024,185.28200618430552,187.05168729519343,187.05168729519343,10152912.0,sample,2026-09-24 19:05:19.563581+00:00
TSLA,2022-04-19 00:00:00+00:00,187.2875087456934,190.8331631623374,186.74856021899672,190.09475527536995,190.09475527536995,17519658.0,sample,2026-09-24 19:05:19.563581+00:00
TSLA,2022-04-20 00:00:00+00:00,190.0751427125669,192.29038109284707,185.8285908961717,187.54197899913453,187.54197899913453,9964128.0,sample,2026-09-24 19:05:19.563581+00:00
TSLA,2022-04-21 00:00:00+00:00,187.38933378424935,187.64858917643204,184.59707231223877,185.4170140004672,185.4170140004672,12174124.0,sample,2026-09-24 19:05:19.563581+00:00
TSLA,2022-04-22 00:00:00+00:00,185.464718598728,188.2027829493207,183.6926563844091,187.6693378744484,187.6693378744484,5912605.0,sample,2026-09-24 19:05:19.563581+00:00
TSLA,2022-04-25 00:00:00+00:00,187.01665856969365,188.59874280363098,185.5894372786048,187.80121148339597,187.80121148339597,4722124.0,sample,2026-09-24 19:05:19.563581+00:00
TSLA,2022-04-26 00:00:00+00:00,187.87348004122077,189.86540976016462,187.52125043615945,188.02302278897747,188.02302278897747,16990696.0,sample,2026-09-24 19:05:19.563581+00:00
TSLA,2022-04-27 00:00:00+00:00,187.27752394575842,190.22326993598335,185.92528643453548,188.5252791712347,188.5252791712347,1504354.0,sample,2026-09-24 19:05:19.563581+00:00
TSLA,2022-04-28 00:00:00+00:00,188.73981985089364,189.70507407810848,187.80125131996797,188.55249286498548,188.55249286498548,1646788.0,sample,2026-09-24 19:05:19.563581+00:00
TSLA,2022-04-29 00:00:00+00:00,188.41708079268466,189.03017702946346,185.6596879812509,187.01518471960532,187.01518471960532,15952075.0,sample,2026-09-24 19:05:19.563581+00:00
TSLA,2022-05-02 00:00:00+00:00,186.84163500893635,189.7863095617941,185.17627953052795,188.77870133885565,188.77870133885565,3444531.0,sample,2026-09-24 19:05:19.563581+00:00
TSLA,2022-05-03 00:00:00+00:00,188.59700071704393,192.6348886334335,186.37336498691332,191.54588215620566,191.54588215620566,6112440.0,sample,2026-09-24 19:05:19.563581+00:00
TSLA,2022-05-04 00:00:00+00:00,192.15463978656757,194.24599493959184,189.8718765137384,190.6239886331192,190.6239886331192,8390529.0,sample,2026-09-24 19:05:19.563581+00:00
TSLA,2022-05-05 00:00:00+00:00,191.05445225509862,192.13121160408787,185.96364107800272,186.60499580589044,186.60499580589044,7686934.0,sample,2026-09-24 19:05:19.563581+00:00
TSLA,2022-05-06 00:00:00+00:00,186.07278655268752,187.21673079312677,182.37505396452832,183.06375647799555,183.06375647799555,16994161.0,sample,2026-09-24 19:05:19.563581+00:00
TSLA,2022-05-09 00:00:00+00:00,183.14168454675658,192.5603815277435,181.26076403904054,190.73219742278025,190.73219742278025,13312018.0,sample,2026-09-24 19:05:19.563581+00:00
TSLA,2022-05-10 00:00:00+00:00,190.23458554728063,199.47442075506655,188.635435126956,198.714556519681,198.714556519681,13757963.0,sample,2026-09-24 19:05:19.563581+00:00
TSLA,2022-05-11 00:00:00+00:00,199.594319463762,201.25327166203655,191.23020603726036,193.43752150152068,193.43752150152068,14140017.0,sample,2026-09-24 19:05:19.563581+00:00
TSLA,2022-05-12 00:00:00+00:00,193.56571369040483,193.77624781683136,187.94623667497345,188.3493179618099,188.3493179618099,17780467.0,sample,2026-09-24 19:05:19.563581+00:00
TSLA,2022-05-13 00:00:00+00:00,188.25674686924333,191.13305424977526,186.73920233292657,188.9271643112516,188.9271643112516,3513559.0,sample,2026-09-24 19:05:19.563581+00:00
TSLA,2022-05-16 00:00:00+00:00,189.2841636383832,192.74669896662974,188.77965487574582,192.07814862608262,192.07814862608262,14976435.0,sample,2026-09-24 19:05:19.563581+00:00
TSLA,2022-05-17 00:00:00+00:00,192.27500198158674,195.29355271591135,191.34491314022375,194.1623130685316,194.1623130685316,11886462.0,sample,2026-09-24 19:05:19.563581+00:00
TSLA,2022-05-18 00:00:00+00:00,194.19634953121025,195.3813298929711,191.1222730162832,192.81048230633414,192.81048230633414,13451194.0,sample,2026-09-24 19:05:19.563581+00:00
TSLA,2022-05-19 00:00:00+00:00,192.64064168878122,193.9015839037615,189.23912042954873,190.9620481517168,190.9620481517168,14850626.0,sample,2026-09-24 19:05:19.563581+00:00
TSLA,2022-05-20 00:00:00+00:00,191.0979005361169,191.30839938917006,184.89527923882557,186.97700891222422,186.97700891222422,4222215.0,sample,2026-09-24 19:05:19.563581+00:00
TSLA,2022-05-23 00:00:00+00:00,186.49999821964238,188.58433272576465,184.23660329676136,186.1090675198211,186.1090675198211,13636501.0,sample,2026-09-24 19:05:19.563581+00:00
TSLA,2022-05-24 00:00:00+00:00,186.1687668866379,190.81977938433698,184.35713886893814,188.825249919916,188.825249919916,13721694.0,sample,2026-09-24 19:05:19.563581+00:00
TSLA,2022-05-25 00:00:00+00:00,189.22327720137346,190.50497626062196,186.18176042577232,186.6092935969774,186.6092935969774,10211012.0,sample,2026-09-24 19:05:19.563581+00:00
TSLA,2022-05-26 00:00:00+00:00,186.12778332462898,188.04315383735698,180.7438005371716,181.43515927847315,181.43515927847315,17600049.0,sample,2026-09-24 19:05:19.563581+00:00
TSLA,2022-05-27 00:00:00+00:00,181.41072936021382,182.2907247038078,177.45619399878382,179.40401964834913,179.40401964834913,13175188.0,sample,2026-09-24 19:05:19.563581+00:00
TSLA,2022-05-30 00:00:00+00:00,179.25899231793133,181.01387428096047,178.6037135188389,180.53747517108883,180.53747517108883,16788544.0,sample,2026-09-24 19:05:19.563581+00:00
TSLA,2022-05-31 00:00:00+00:00,180.7163298158331,181.635412436566,179.66016576028886,181.35450584898558,181.35450584898558,11477345.0,sample,2026-09-24 19:05:19.563581+00:00
TSLA,2022-06-01 00:00:00+00:00,181.45274390704242,182.5040695965484,178.13841420548192,179.6598794950183,179.6598794950183,15113745.0,sample,2026-09-24 19:05:19.563581+00:00
TSLA,2022-06-02 00:00:00+00:00,179.53278938052227,179.72005792276383,176.67303658453176,177.8153722398926,177.8153722398926,7258941.0,sample,2026-09-24 19:05:19.563581+00:00
TSLA,2022-06-03 00:00:00+00:00,178.09226775784646,183.6502002785154,176.26290442686525,182.59151407765543,182.59151407765543,16902685.0,sample,2026-09-24 19:05:19.563581+00:00
TSLA,2022-06-06 00:00:00+00:00,182.26462634181775,183.0237487727866,178.5130788596783,179.25193481875021,179.25193481875021,9078288.0,sample,2026-09-24 19:05:19.563581+00:00
TSLA,2022-06-07 00:00:00+00:00,179.29465376600413,181.80767614781217,177.67520371559024,179.88974962987177,179.88974962987177,14498472.0,sample,2026-09-24 19:05:19.563581+00:00
TSLA,2022-06-08 00:00:00+00:00,180.02908817071005,180.45609450900835,178.13548476446073,178.72404807741603,178.72404807741603,17609121.0,sample,2026-09-24 19:05:19.563581+00:00
TSLA,2022-06-09 00:00:00+00:00,178.63840347471765,179.2440819353762,176.20708564328604,177.54555454338356,177.54555454338356,15937107.0,sample,2026-09-24 19:05:19.563581+00:00
TSLA,2022-06-10 00:00:00+00:00,177.46997578237045,177.9086687053785,172.5425591112802,174.27024827666025,174.27024827666025,13815093.0,sample,2026-09-24 19:05:19.563581+00:00
TSLA,2022-06-13 00:00:00+00:00,174.50112100443997,175.13330229973485,172.38924003448878,173.56170936202153,173.56170936202153,8280933.0,sample,2026-09-24 19:05:19.563581+00:00
TSLA,2022-06-14 00:00:00+00:00,173.42532575590477,174.40091759552558,172.71987436317764,173.68280888907134,173.68280888907134,5064460.0,sample,2026-09-24 19:05:19.563581+00:00
TSLA,2022-06-15 00:00:00+00:00,173.42082276239307,173.99347053225566,166.23880618376788,167.50456889446198,167.50456889446198,9770736.0,sample,2026-09-24 19:05:19.563581+00:00
TSLA,2022-06-16 00:00:00+00:00,167.282604805008,169.03552054178616,166.92050010259314,168.62536668753893,168.62536668753893,13822401.0,sample,2026-09-24 19:05:19.563581+00:00
TSLA,2022-06-17 00:00:00+00:00,168.81872577859406,169.85677298757213,167.29533070971948,167.75258733540312,167.75258733540312,3746232.0,sample,2026-09-24 19:05:19.563581+00:00
TSLA,2022-06-20 00:00:00+00:00,167.7546998126496,168.5992864216841,164.95218729127112,166.62476239968976,166.62476239968976,1671099.0,sample,2026-09-24 19:05:19.563581+00:00
TSLA,2022-06-21 00:00:00+00:00,166.9341987462931,168.65179234201062,160.49382413199297,161.68034920292746,161.68034920292746,2253267.0,sample,2026-09-24 19:05:19.563581+00:00
TSLA,2022-06-22 00:00:00+00:00,161.8392956793177,164.90791002537006,161.14339509767484,163.59640142411,163.59640142411,13297901.0,sample,2026-09-24 19:05:19.563581+00:00
TSLA,2022-06-23 00:00:00+00:00,162.7578673084632,169.53788038406816,161.10185148434152,167.97078538737966,167.97078538737966,7724437.0,sample,2026-09-24 19:05:19.563581+00:00
TSLA,2022-06-24 00:00:00+00:00,168.21807504784093,169.55684380818303,162.1264831736015,163.6735040774592,163.6735040774592,9735277.0,sample,2026-09-24 19:05:19.563581+00:00
TSLA,2022-06-27 00:00:00+00:00,163.69867981724346,165.3883177536211,160.17969540341988,161.46710408835483,161.46710408835483,2894581.0,sample,2026-09-24 19:05:19.563581+00:00
TSLA,2022-06-28 00:00:00+00:00,161.13442618583872,162.01358076873862,160.5539728960327,160.87879010466114,160.87879010466114,5344216.0,sample,2026-09-24 19:05:19.563581+00:00
TSLA,2022-06-29 00:00:00+00:00,160.43460822758547,162.70851999927183,158.56020971355923,162.25816564530615,162.25816564530615,11470958.0,sample,2026-09-24 19:05:19.563581+00:00
TSLA,2022-06-30 00:00:00+00:00,162.63359403554472,164.77417731297777,160.7399166903142,163.67162397257763,163.67162397257763,5036070.0,sample,2026-09-24 19:05:19.563581+00:00
TSLA,2022-07-01 00:00:00+00:00,163.06240527076827,164.0094303255852,161.81890457308754,162.11945368228336,162.11945368228336,7973140.0,sample,2026-09-24 19:05:19.563581+00:00
TSLA,2022-07-04 00:00:00+00:00,161.94313790672547,162.74714025288864,159.79642478950032,160.90414823924402,160.90414823924402,2676898.0,sample,2026-09-24 19:05:19.563581+00:00
TSLA,2022-07-05 00:00:00+00:00,160.7264261797786,161.58611632033154,156.82409341773396,158.22348114581752,158.22348114581752,14021858.0,sample,2026-09-24 19:05:19.563581+00:00
TSLA,2022-07-06 00:00:00+00:00,157.93933195323243,159.53147086305208,155.49364961441654,156.49942120809416,156.49942120809416,3945043.0,sample,2026-09-24 19:05:19.563581+00:00
TSLA,2022-07-07 00:00:00+00:00,157.12965673720024,158.47851395014368,155.1653294514847,155.51814283974602,155.51814283974602,15501521.0,sample,2026-09-24 19:05:19.563581+00:00
TSLA,2022-07-08 00:00:00+00:00,155.19913699498207,157.24898288314884,153.8956807587727,157.01928918640985,157.01928918640985,6456213.0,sample,2026-09-24 19:05:19.563581+00:00
TSLA,2022-07-11 00:00:00+00:00,156.6042715652754,157.7271152737973,155.42241656000445,155.628264654426,155.628264654426,10495532.0,sample,2026-09-24 19:05:19.563581+00:00
TSLA,2022-07-12 00:00:00+00:00,155.69496359625617,156.8286308789665,153.238666228592,154.84327333732236,154.84327333732236,4764820.0,sample,2026-09-24 19:05:19.563581+00:00
TSLA,2022-07-13 00:00:00+00:00,154.42567196086566,154.73072741228003,146.1402063803363,146.88603755602793,146.88603755602793,6050679.0,sample,2026-09-24 19:05:19.563581+00:00
TSLA,2022-07-14 00:00:00+00:00,147.0752605107742,148.29603633088942,141.48513671946682,142.9634682754147,142.9634682754147,15031410.0,sample,2026-09-24 19:05:19.563581+00:00
TSLA,2022-07-15 00:00:00+00:00,143.26966903277182,144.01294618372552,140.76075406958026,141.30312327003787,141.30312327003787,10475060.0,sample,2026-09-24 19:05:19.563581+00:00
TSLA,2022-07-18 00:00:00+00:00,141.49079092711818,145.4448733494267,139.96906569590482,144.3091337229761,144.3091337229761,3803085.0,sample,2026-09-24 19:05:19.563581+00:00
TSLA,2022-07-19 00:00:00+00:00,144.21344451953064,146.66312032360983,143.03988066144746,146.22850336406748,146.22850336406748,7985100.0,sample,2026-09-24 19:05:19.563581+00:00
TSLA,2022-07-20 00:00:00+00:00,145.92741443573487,147.82290977167483,144.98065506888094,146.3659346280887,146.3659346280887,10503721.0,sample,2026-09-24 19:05:19.563581+00:00
TSLA,2022-07-21 00:00:00+00:00,146.5417403884874,148.04834230294026,145.05831782977822,146.41929382100818,146.41929382100818,10060526.0,sample,2026-09-24 19:05:19.563581+00:00
TSLA,2022-07-22 00:00:00+00:00,146.69445882543155,148.4336890329665,145.76392271350514,146.48787709259372,146.48787709259372,13725221.0,sample,2026-09-24 19:05:19.563581+00:00
TSLA,2022-07-25 00:00:00+00:00,146.9346516488645,148.25527994673413,146.71974868540303,147.27837635700706,147.27837635700706,2941716.0,sample,2026-09-24 19:05:19.563581+00:00
TSLA,2022-07-26 00:00:00+00:00,146.98717927449255,147.3306117350899,142.15945706346014,143.29590878579418,143.29590878579418,5912282.0,sample,2026-09-24 19:05:19.563581+00:00
TSLA,2022-07-27 00:00:00+00:00,143.19062451629154,146.8829132253398,141.85779752968065,145.512906884604,145.512906884604,13609525.0,sample,2026-09-24 19:05:19.563581+00:00
TSLA,2022-07-28 00:00:00+00:00,145.84998324340148,146.0656826220708,144.953894610565,145.64844307584934,145.64844307584934,17878777.0,sample,2026-09-24 19:05:19.563581+00:00
TSLA,2022-07-29 00:00:00+00:00,145.57318364072881,146.97748286619404,142.2428307023514,143.0633790693817,143.0633790693817,8076166.0,sample,2026-09-24 19:05:19.563581+00:00
TSLA,2022-08-01 00:00:00+00:00,142.9431936160565,143.33903445823776,140.05211960215505,140.2654464853657,140.2654464853657,17599495.0,sample,2026-09-24 19:05:19.563581+00:00
TSLA,2022-08-02 00:00:00+00:00,140.09079162902486,142.403645023137,139.4916116957899,141.73258835189972,141.73258835189972,10578268.0,sample,2026-09-24 19:05:19.563581+00:00
TSLA,2022-08-03 00:00:00+00:00,141.4272705309811,143.37808722706038,141.2728734365938,143.1851083680411,143.1851083680411,17997841.0,sample,2026-09-24 19:05:19.563581+00:00
TSLA,2022-08-04 00:00:00+00:00,143.38237697139678,148.17788345827847,142.81618881943672,147.50746119756093,147.50746119756093,8018617.0,sample,2026-09-24 19:05:19.563581+00:00
TSLA,2022-08-05 00:00:00+00:00,146.8822820740842,147.56864467966562,142.01755443311086,143.52093027634695,143.52093027634695,6333307.0,sample,2026-09-24 19:05:19.563581+00:00
TSLA,2022-08-08 00:00:00+00:00,143.7526311718206,145.2011920235169,140.3422454135846,141.0194246079212,141.0194246079212,1655286.0,sample,2026-09-24 19:05:19.563581+00:00
TSLA,2022-08-09 00:00:00+00:00,141.14907287044917,143.96913670342903,140.22720391567552,142.82701135764773,142.82701135764773,4019315.0,sample,2026-09-24 19:05:19.563581+00:00
TSLA,2022-08-10 00:00:00+00:00,143.19439427092155,144.09955848275243,136.90946540893964,138.5434631176283,138.5434631176283,9282080.0,sample,2026-09-24 19:05:19.563581+00:00
TSLA,2022-08-11 00:00:00+00:00,138.302872113209,140.8292906212231,137.93800635255226,139.60203424472152,139.60203424472152,2705649.0,sample,2026-09-24 19:05:19.563581+00:00
TSLA,2022-08-12 00:00:00+00:00,139.1458037488619,141.37600901408126,137.51305004503737,140.1902513492617,140.1902513492617,8888433.0,sample,2026-09-24 19:05:19.563581+00:00
TSLA,2022-08-15 00:00:00+00:00,139.9810081951503,142.7665071152071,138.56326601755248,141.68608353308943,141.68608353308943,10843799.0,sample,2026-09-24 19:05:19.563581+00:00
TSLA,2022-08-16 00:00:00+00:00,141.9157063698722,144.16082404914505,141.27585955208662,143.7474515457518,143.7474515457518,15686186.0,sample,2026-09-24 19:05:19.563581+00:00
TSLA,2022-08-17 00:00:00+00:00,143.60328230280913,144.1884461621152,141.96891372908624,143.75643880711092,143.75643880711092,9413354.0,sample,2026-09-24 19:05:19.563581+00:00
TSLA,2022-08-18 00:00:00+00:00,143.9681762400609,146.18235466958697,143.79298770345503,144.75612782613723,144.75612782613723,10583074.0,sample,2026-09-24 19:05:19.563581+00:00
TSLA,2022-08-19 00:00:00+00:00,144.21115202750713,147.1998209151661,142.85653201213236,146.48852792058125,146.48852792058125,16717724.0,sample,2026-09-24 19:05:19.563581+00:00
TSLA,2022-08-22 00:00:00+00:00,146.66073399355727,148.05498823320292,145.43312982768558,147.65314670924906,147.65314670924906,6608597.0,sample,2026-09-24 19:05:19.563581+00:00
TSLA,2022-08-23 00:00:00+00:00,147.69768667724526,147.91186658791122,145.1711605342211,146.28467661871755,146.28467661871755,9607251.0,sample,2026-09-24 19:05:19.563581+00:00
TSLA,2022-08-24 00:00:00+00:00,146.26741989996572,146.70227656658017,142.60417823146554,144.33482900129871,144.33482900129871,17369646.0,sample,2026-09-24 19:05:19.563581+00:00
TSLA,2022-08-25 00:00:00+00:00,144.09132236719418,145.72662358326775,143.45533363850564,145.57572860529268,145.57572860529268,10472521.0,sample,2026-09-24 19:05:19.563581+00:00
TSLA,2022-08-26 00:00:00+00:00,145.42075865975167,148.54239737536787,144.8952881754333,147.66609472127,147.66609472127,4725075.0,sample,2026-09-24 19:05:19.563581+00:00
TSLA,2022-08-29 00:00:00+00:00,147.4437837889849,148.63063142639888,145.95378642235812,147.89634719144158,147.89634719144158,5829156.0,sample,2026-09-24 19:05:19.563581+00:00
TSLA,2022-08-30 00:00:00+00:00,148.1340889958752,149.3173361109375,145.19714921079867,146.93471252090575,146.93471252090575,8390379.0,sample,2026-09-24 19:05:19.563581+00:00
TSLA,2022-08-31 00:00:00+00:00,146.92753838660505,148.44292185787805,140.58429926276878,141.688861884876,141.688861884876,7203114.0,sample,2026-09-24 19:05:19.563581+00:00
TSLA,2022-09-01 00:00:00+00:00,141.33007914508326,144.91349453895,140.68544951164603,143.3454845896031,143.3454845896031,6777908.0,sample,2026-09-24 19:05:19.563581+00:00
TSLA,2022-09-02 00:00:00+00:00,143.32175812302646,144.07236986040593,138.96023410965333,139.16256590975078,139.16256590975078,10347075.0,sample,2026-09-24 19:05:19.563581+00:00
TSLA,2022-09-05 00:00:00+00:00,139.18484600929077,139.72315510586634,137.190277660322,137.7471861127381,137.7471861127381,16626319.0,sample,2026-09-24 19:05:19.563581+00:00
TSLA,2022-09-06 00:00:00+00:00,137.93704166971784,139.3960178592091,136.79954109169307,139.15885983991848,139.15885983991848,6796328.0,sample,2026-09-24 19:05:19.563581+00:00
TSLA,2022-09-07 00:00:00+00:00,139.05123362194126,139.65203824401885,133.62384139668393,134.89520662510395,134.89520662510395,6412704.0,sample,2026-09-24 19:05:19.563581+00:00
TSLA,2022-09-08 00:00:00+00:00,134.48088168345808,134.85003080322485,130.40956369927832,131.10142723681545,131.10142723681545,10446828.0,sample,2026-09-24 19:05:19.563581+00:00
TSLA,2022-09-09 00:00:00+00:00,130.98633055875942,134.86655471825563,130.25210141060563,134.5254687499434,134.5254687499434,15630770.0,sample,2026-09-24 19:05:19.563581+00:00
TSLA,2022-09-12 00:00:00+00:00,134.79764171854663,136.09832648039182,131.22378070999332,131.91308637163797,131.91308637163797,12262071.0,sample,2026-09-24 19:05:19.563581+00:00
TSLA,2022-09-13 00:00:00+00:00,131.63179156831168,133.12831207814335,130.6234258878256,131.19527844518336,131.19527844518336,4487903.0,sample,2026-09-24 19:05:19.563581+00:00
TSLA,2022-09-14 00:00:00+00:00,131.313863036474,139.27663965448204,131.16302916830307,137.78121792375944,137.78121792375944,7347201.0,sample,2026-09-24 19:05:19.563581+00:00
TSLA,2022-09-15 00:00:00+00:00,137.60704884380195,140.65215344240045,136.2634404008726,139.1125092370374,139.1125092370374,5633010.0,sample,2026-09-24 19:05:19.563581+00:00
TSLA,2022-09-16 00:00:00+00:00,139.107706748796,139.58015156830183,134.58386596236818,134.96244639143316,134.96244639143316,7556991.0,sample,2026-09-24 19:05:19.563581+00:00
TSLA,2022-09-19 00:00:00+00:00,135.20176723713607,136.25487398115249,133.3653165618116,133.74683588480002,133.74683588480002,5752659.0,sample,2026-09-24 19:05:19.563581+00:00
TSLA,2022-09-20 00:00:00+00:00,133.4673942085796,135.8312703343389,132.47008532808886,135.13912270896833,135.13912270896833,9203401.0,sample,2026-09-24 19:05:19.563581+00:00
TSLA,2022-09-21 00:00:00+00:00,135.47021413530933,138.39890662431563,134.96597184409978,137.17199801753523,137.17199801753523,6559476.0,sample,2026-09-24 19:05:19.563581+00:00
TSLA,2022-09-22 00:00:00+00:00,137.11978535592098,140.52276113523996,135.48698001827404,139.34765030913815,139.34765030913815,17528993.0,sample,2026-09-24 19:05:19.563581+00:00
TSLA,2022-09-23 00:00:00+00:00,138.99632670906018,139.37762218711183,135.88045781639087,137.2308617306098,137.2308617306098,14063287.0,sample,2026-09-24 19:05:19.563581+00:00
TSLA,2022-09-26 00:00:00+00:00,136.949803313423,137.97908354688775,135.96198211887744,137.32771581406877,137.32771581406877,17745836.0,sample,2026-09-24 19:05:19.563581+00:00
TSLA,2022-09-27 00:00:00+00:00,137.47154898678795,140.43361282902097,136.46489787431474,139.83917277219123,139.83917277219123,1848369.0,sample,2026-09-24 19:05:19.563581+00:00
TSLA,2022-09-28 00:00:00+00:00,139.7938539747827,140.10226120793175,136.03797836611588,136.43331066132137,136.43331066132137,13893212.0,sample,2026-09-24 19:05:19.563581+00:00
TSLA,2022-09-29 00:00:00+00:00,136.3822617044422,137.427841054895,135.02094042588917,137.2065877989384,137.2065877989384,3654618.0,sample,2026-09-24 19:05:19.563581+00:00
TSLA,2022-09-30 00:00:00+00:00,137.1035766534205,138.6210620293155,135.46483479992108,137.17627822848965,137.17627822848965,9830161.0,sample,2026-09-24 19:05:19.563581+00:00
TSLA,2022-10-03 00:00:00+00:00,137.0217606862346,139.058112725879,136.77559807974416,137.62037063776296,137.62037063776296,9510094.0,sample,2026-09-24 19:05:19.563581+00:00
TSLA,2022-10-04 00:00:00+00:00,137.19959879746452,140.44299792404217,135.61990913325232,138.88173877490982,138.88173877490982,8083553.0,sample,2026-09-24 19:05:19.563581+00:00
TSLA,2022-10-05 00:00:00+00:00,138.59162462362454,140.84337906824982,137.4286010913508,139.26075133666157,139.26075133666157,11538445.0,sample,2026-09-24 19:05:19.563581+00:00
TSLA,2022-10-06 00:00:00+00:00,139.51340187441215,140.20850022877008,137.93673088468216,139.9915891471109,139.9915891471109,16874316.0,sample,2026-09-24 19:05:19.563581+00:00
TSLA,2022-10-07 00:00:00+00:00,140.26586285192332,140.69527173577492,139.23586665822222,139.66902240967607,139.66902240967607,14789170.0,sample,2026-09-24 19:05:19.563581+00:00
TSLA,2022-10-10 00:00:00+00:00,139.7472475373874,141.54108085896465,138.900277713497,140.89370223315018,140.89370223315018,16671540.0,sample,2026-09-24 19:05:19.563581+00:00
TSLA,2022-10-11 00:00:00+00:00,140.73214576002817,145.61215547214968,140.46349901089496,143.94330572946552,143.94330572946552,7135723.0,sample,2026-09-24 19:05:19.563581+00:00
TSLA,2022-10-12 00:00:00+00:00,144.14748670691884,146.6120510438432,142.93962668586826,145.14300785882546,145.14300785882546,6347938.0,sample,2026-09-24 19:05:19.563581+00:00
TSLA,2022-10-13 00:00:00+00:00,145.20997156642537,146.53331824221482,137.45126491809077,139.05189607605573,139.05189607605573,3402260.0,sample,2026-09-24 19:05:19.563581+00:00
TSLA,2022-10-14 00:00:00+00:00,139.31399403162035,144.83945052422303,137.7247344081905,143.35721908511897,143.35721908511897,9642704.0,sample,2026-09-24 19:05:19.563581+00:00
TSLA,2022-10-17 00:00:00+00:00,143.60280980255544,143.84787750804983,142.3033768055844,142.6937867457266,142.6937867457266,5809511.0,sample,2026-09-24 19:05:19.563581+00:00
TSLA,2022-10-18 00:00:00+00:00,142.82274326196378,144.21913605512273,142.11849533054428,142.88780347733464,142.88780347733464,7067305.0,sample,2026-09-24 19:05:19.563581+00:00
TSLA,2022-10-19 00:00:00+00:00,142.72397842182784,143.02607962218957,138.14456715220618,139.52512442889736,139.52512442889736,6436328.0,sample,2026-09-24 19:05:19.563581+00:00
TSLA,2022-10-20 00:00:00+00:00,139.06852207039105,139.31767781690962,136.3176548346709,137.65607796688113,137.65607796688113,2300683.0,sample,2026-09-24 19:05:19.563581+00:00
TSLA,2022-10-21 00:00:00+00:00,137.39043938786713,138.30293909421826,136.67661959503482,137.17870391540563,137.17870391540563,2961419.0,sample,2026-09-24 19:05:19.563581+00:00
TSLA,2022-10-24 00:00:00+00:00,137.06956124893452,137.92503455428934,131.43715011022823,132.92758757821926,132.92758757821926,15030267.0,sample,2026-09-24 19:05:19.563581+00:00
TSLA,2022-10-25 00:00:00+00:00,132.40333361384407,135.80098322317147,131.64119454096556,135.35604699705422,135.35604699705422,4061660.0,sample,2026-09-24 19:05:19.563581+00:00
TSLA,2022-10-26 00:00:00+00:00,135.32048900010858,136.23169478294577,133.78805572029145,135.23987586194363,135.23987586194363,9042262.0,sample,2026-09-24 19:05:19.563581+00:00
TSLA,2022-10-27 00:00:00+00:00,135.19556522974017,143.47117564066298,134.13681341588267,142.71540023104794,142.71540023104794,3670441.0,sample,2026-09-24 19:05:19.563581+00:00
TSLA,2022-10-28 00:00:00+00:00,142.46758639944645,146.87709343082238,141.27915500896862,146.3623350825505,146.3623350825505,10711118.0,sample,2026-09-24 19:05:19.563581+00:00
TSLA,2022-10-31 00:00:00+00:00,146.27797412601714,150.89476057835344,145.18878119933555,149.4037054105996,149.4037054105996,9100497.0,sample,2026-09-24 19:05:19.563581+00:00
TSLA,2022-11-01 00:00:00+00:00,149.73302511419,155.730653804315,149.40886732617614,154.7584527371189,154.7584527371189,4898878.0,sample,2026-09-24 19:05:19.563581+00:00
TSLA,2022-11-02 00:00:00+00:00,155.3944826311144,157.56714174671893,154.0384163221917,156.7212432646737,156.7212432646737,17982340.0,sample,2026-09-24 19:05:19.563581+00:00
TSLA,2022-11-03 00:00:00+00:00,156.29698455149645,157.3561779388347,154.71700137559614,154.93445388144025,154.93445388144025,10950420.0,sample,2026-09-24 19:05:19.563581+00:00
TSLA,2022-11-04 00:00:00+00:00,154.869774043157,156.01139934904666,153.522775211234,154.88160342658801,154.88160342658801,17580777.0,sample,2026-09-24 19:05:19.563581+00:00
TSLA,2022-11-07 00:00:00+00:00,154.62714664732505,155.46831783702262,151.71430559277914,152.36201487415318,152.36201487415318,11690874.0,sample,2026-09-24 19:05:19.563581+00:00
TSLA,2022-11-08 00:00:00+00:00,152.2084152253745,153.57991937424342,147.9852314801252,149.3276913741706,149.3276913741706,8929000.0,sample,2026-09-24 19:05:19.563581+00:00
TSLA,2022-11-09 00:00:00+00:00,149.259200794929,150.99918641481122,148.77564426554204,149.48160953769386,149.48160953769386,3401135.0,sample,2026-09-24 19:05:19.563581+00:00
TSLA,2022-11-10 00:00:00+00:00,149.57144232988102,150.60744399184426,149.13298147976218,149.42099718800188,149.42099718800188,10457764.0,sample,2026-09-24 19:05:19.563581+00:00
TSLA,2022-11-11 00:00:00+00:00,149.0519513134647,150.22186845682702,147.21690040155514,148.71312118539947,148.71312118539947,16258454.0,sample,2026-09-24 19:05:19.563581+00:00
TSLA,2022-11-14 00:00:00+00:00,148.69941324853713,150.2365134089704,144.07687141459232,144.57675241157858,144.57675241157858,3626937.0,sample,2026-09-24 19:05:19.563581+00:00
TSLA,2022-11-15 00:00:00+00:00,144.56298345963376,146.0616611838072,141.80581726453454,143.38720950405602,143.38720950405602,6287168.0,sample,2026-09-24 19:05:19.563581+00:00
TSLA,2022-11-16 00:00:00+00:00,143.31245862900894,145.6244833300885,142.80812584388224,145.29032371628395,145.29032371628395,2172626.0,sample,2026-09-24 19:05:19.563581+00:00
TSLA,2022-11-17 00:00:00+00:00,145.60058431848856,147.09517918358637,145.40592078687393,146.08468980818552,146.08468980818552,15853139.0,sample,2026-09-24 19:05:19.563581+00:00
TSLA,2022-11-18 00:00:00+00:00,145.92581039977674,147.5259362912368,145.53776140034617,146.53230610973338,146.53230610973338,8292948.0,sample,2026-09-24 19:05:19.563581+00:00
TSLA,2022-11-21 00:00:00+00:00,146.5656021352494,147.98452845397273,145.79954150265198,146.70055539671947,146.70055539671947,4704767.0,sample,2026-09-24 19:05:19.563581+00:00
TSLA,2022-11-22 00:00:00+00:00,146.62448198900063,147.4224454279818,144.8590294716355,146.5804046157163,146.5804046157163,10602918.0,sample,2026-09-24 19:05:19.563581+00:00
TSLA,2022-11-23 00:00:00+00:00,146.58018025628988,150.15168896470323,146.08224321842098,149.6163065372735,149.6163065372735,6565634.0,sample,2026-09-24 19:05:19.563581+00:00
TSLA,2022-11-24 00:00:00+00:00,149.20182319065157,150.60497360941227,148.4989266844991,148.9771797974393,148.9771797974393,12028997.0,sample,2026-09-24 19:05:19.563581+00:00
TSLA,2022-11-25 00:00:00+00:00,148.70706857916497,150.44306493293544,148.36507967803135,149.62549110063324,149.62549110063324,8098927.0,sample,2026-09-24 19:05:19.563581+00:00
TSLA,2022-11-28 00:00:00+00:00,149.3999011880826,149.5657880763708,148.2411836615749,148.77615184271062,148.77615184271062,11385946.0,sample,2026-09-24 19:05:19.563581+00:00
TSLA,2022-11-29 00:00:00+00:00,149.33786976072585,151.06063844654003,148.5130682765107,149.74831930543627,149.74831930543627,10641401.0,sample,2026-09-24 19:05:19.563581+00:00
TSLA,2022-11-30 00:00:00+00:00,150.34012374717517,152.99601317702346,149.85031267654884,152.0610016931099,152.0610016931099,1956557.0,sample,2026-09-24 19:05:19.563581+00:00
TSLA,2022-12-01 00:00:00+00:00,151.71073771423232,151.87898650906166,149.3628603400962,151.0022950712657,151.0022950712657,7118664.0,sample,2026-09-24 19:05:19.563581+00:00
TSLA,2022-12-02 00:00:00+00:00,151.1238535966476,152.7029245575342,146.99092608644514,147.16134597982727,147.16134597982727,10734635.0,sample,2026-09-24 19:05:19.563581+00:00
TSLA,2022-12-05 00:00:00+00:00,146.5482782893545,149.04438591037314,145.22462245707376,148.40762258290394,148.40762258290394,6698417.0,sample,2026-09-24 19:05:19.563581+00:00
TSLA,2022-12-06 00:00:00+00:00,148.67911669536417,149.87684057142997,146.8438911447045,147.99646042481723,147.99646042481723,6174055.0,sample,2026-09-24 19:05:19.563581+00:00
TSLA,2022-12-07 00:00:00+00:00,147.9898060632881,150.6263476496868,146.55547879375436,149.7173277553877,149.7173277553877,10727329.0,sample,2026-09-24 19:05:19.563581+00:00
TSLA,2022-12-08 00:00:00+00:00,150.07805237129298,151.19305604952163,147.33910597969765,148.0170756050781,148.0170756050781,12953567.0,sample,2026-09-24 19:05:19.563581+00:00
TSLA,2022-12-09 00:00:00+00:00,148.02642635007746,149.17232395721197,142.64961748519613,144.36847088990274,144.36847088990274,8291040.0,sample,2026-09-24 19:05:19.563581+00:00
TSLA,2022-12-12 00:00:00+00:00,144.20075148711632,145.87139562523706,142.75399385630442,145.08003747271928,145.08003747271928,16435579.0,sample,2026-09-24 19:05:19.563581+00:00
TSLA,2022-12-13 00:00:00+00:00,144.99049740051169,145.4188950028541,140.28915094991163,141.97777506079225,141.97777506079225,8969845.0,sample,2026-09-24 19:05:19.563581+00:00
TSLA,2022-12-14 00:00:00+00:00,142.0741490916371,143.56710319623028,141.35354216283352,142.75510770546188,142.75510770546188,4953898.0,sample,2026-09-24 19:05:19.563581+00:00
TSLA,2022-12-15 00:00:00+00:00,142.4699872453414,143.75978903323286,140.43852759801763,141.74584004906876,141.74584004906876,7084118.0,sample,2026-09-24 19:05:19.563581+00:00
TSLA,2022-12-16 00:00:00+00:00,141.8313084288201,142.66990917790113,137.74087440930188,138.0250439715479,138.0250439715479,10762636.0,sample,2026-09-24 19:05:19.563581+00:00
TSLA,2022-12-19 00:00:00+00:00,137.6782976382582,142.2145877067377,136.8630980815486,141.52420625659065,141.52420625659065,9963826.0,sample,2026-09-24 19:05:19.563581+00:00
TSLA,2022-12-20 00:00:00+00:00,141.66177979325525,144.60899022915584,140.16437002268847,143.86298732155558,143.86298732155558,17216314.0,sample,2026-09-24 19:05:19.563581+00:00
TSLA,2022-12-21 00:00:00+00:00,143.89836332634445,145.57996860957581,141.30276613136186,142.12164504485693,142.12164504485693,3415316.0,sample,2026-09-24 19:05:19.563581+00:00
TSLA,2022-12-22 00:00:00+00:00,142.0864888003923,145.50925986324674,140.4369329363244,144.28578960184177,144.28578960184177,8986668.0,sample,2026-09-24 19:05:19.563581+00:00
TSLA,2022-12-23 00:00:00+00:00,144.1132959890308,145.18739382659487,143.2192117448974,143.64338379533945,143.64338379533945,11986421.0,sample,2026-09-24 19:05:19.563581+00:00
TSLA,2022-12-26 00:00:00+00:00,144.07143925751896,146.3808687877967,142.79931717146513,146.14412024963525,146.14412024963525,8315352.0,sample,2026-09-24 19:05:19.563581+00:00
TSLA,2022-12-27 00:00:00+00:00,145.71922110410466,147.21057492677855,143.81371512323463,144.27595602878188,144.27595602878188,11114621.0,sample,2026-09-24 19:05:19.563581+00:00
TSLA,2022-12-28 00:00:00+00:00,144.47502962330495,145.13194200120216,143.80613317358714,144.40321248935152,144.40321248935152,2427045.0,sample,2026-09-24 19:05:19.563581+00:00
TSLA,2022-12-29 00:00:00+00:00,144.9340100114544,146.21078806929984,143.46946036792392,145.40700017748682,145.40700017748682,9957871.0,sample,2026-09-24 19:05:19.563581+00:00
TSLA,2022-12-30 00:00:00+00:00,145.18732093179423,146.650241494577,142.96967635801406,144.30535437630587,144.30535437630587,2834987.0,sample,2026-09-24 19:05:19.563581+00:00
TSLA,2023-01-02 00:00:00+00:00,144.75588010071414,147.17352646106406,144.27802252637426,146.6911170022749,146.6911170022749,4629174.0,sample,2026-09-24 19:05:19.563581+00:00
TSLA,2023-01-03 00:00:00+00:00,147.57313658263908,148.62791607923825,147.3830846796851,147.7469593389985,147.7469593389985,1749641.0,sample,2026-09-24 19:05:19.563581+00:00
TSLA,2023-01-04 00:00:00+00:00,147.68111951630817,148.83136605158654,142.53087933281512,143.13098637028017,143.13098637028017,10745602.0,sample,2026-09-24 19:05:19.563581+00:00
TSLA,2023-01-05 00:00:00+00:00,143.1053140103789,146.82405758469233,142.3494385839366,145.16576163293917,145.16576163293917,7741382.0,sample,2026-09-24 19:05:19.563581+00:00
TSLA,2023-01-06 00:00:00+00:00,145.01249729989527,146.4437416289304,142.60392016480185,143.17899721768055,143.17899721768055,16116851.0,sample,2026-09-24 19:05:19.563581+00:00
TSLA,2023-01-09 00:00:00+00:00,142.61453227372718,143.32486912233477,138.15333622709073,139.7992831517231,139.7992831517231,10001340.0,sample,2026-09-24 19:05:19.563581+00:00
TSLA,2023-01-10 00:00:00+00:00,139.91972690558228,140.82377661469255,134.44079600215446,135.92635446244012,135.92635446244012,15387992.0,sample,2026-09-24 19:05:19.563581+00:00
TSLA,2023-01-11 00:00:00+00:00,135.88761071986173,137.18989142055307,132.82855389572026,133.37424149731444,133.37424149731444,6597825.0,sample,2026-09-24 19:05:19.563581+00:00
TSLA,2023-01-12 00:00:00+00:00,133.3874434481928,134.62176797364478,130.93148349553232,132.50879349242496,132.50879349242496,12548264.0,sample,2026-09-24 19:05:19.563581+00:00
TSLA,2023-01-13 00:00:00+00:00,132.66459479693572,133.98194526804326,131.52421488890457,132.42298028110798,132.42298028110798,4091141.0,sample,2026-09-24 19:05:19.563581+00:00
TSLA,2023-01-16 00:00:00+00:00,132.0683644222253,133.52499507362305,131.0426097351974,131.98374513687588,131.98374513687588,11689814.0,sample,2026-09-24 19:05:19.563581+00:00
TSLA,2023-01-17 00:00:00+00:00,131.69007140461088,133.54295804921696,130.17689056324195,132.0443875683926,132.0443875683926,1818896.0,sample,2026-09-24 19:05:19.563581+00:00
TSLA,2023-01-18 00:00:00+00:00,131.63098398946295,132.12839066512092,129.29114602537,130.37274908181064,130.37274908181064,17258272.0,sample,2026-09-24 19:05:19.563581+00:00
TSLA,2023-01-19 00:00:00+00:00,130.72381428845807,132.2709069749726,129.9372067417796,130.491692364191,130.491692364191,4820960.0,sample,2026-09-24 19:05:19.563581+00:00
TSLA,2023-01-20 00:00:00+00:00,130.66445473772956,131.7988513075434,126.90439785122979,128.0089281503391,128.0089281503391,3659746.0,sample,2026-09-24 19:05:19.563581+00:00
TSLA,2023-01-23 00:00:00+00:00,127.55124752600635,128.7730084773654,126.95955502032552,127.2907068579374,127.2907068579374,2671188.0,sample,2026-09-24 19:05:19.563581+00:00
TSLA,2023-01-24 00:00:00+00:00,127.16160375547678,129.51253321073412,126.41180932043545,128.06984175998184,128.06984175998184,5537427.0,sample,2026-09-24 19:05:19.563581+00:00
TSLA,2023-01-25 00:00:00+00:00,128.1135991463356,130.6770795191568,127.90324523268735,129.83392869825164,129.83392869825164,3712874.0,sample,2026-09-24 19:05:19.563581+00:00
TSLA,2023-01-26 00:00:00+00:00,129.9800791521569,132.29211718362862,128.75436928835808,132.04604861551326,132.04604861551326,12537594.0,sample,2026-09-24 19:05:19.563581+00:00
TSLA,2023-01-27 00:00:00+00:00,132.2408830581358,133.30078498359677,129.33430943016765,130.82467853647097,130.82467853647097,7180590.0,sample,2026-09-24 19:05:19.563581+00:00
TSLA,2023-01-30 00:00:00+00:00,130.53986464409388,132.07010050049666,123.92577860821505,125.27721751440941,125.27721751440941,15287810.0,sample,2026-09-24 19:05:19.563581+00:00
TSLA,2023-01-31 00:00:00+00:00,125.00027698042042,126.05464000523597,123.46444268898546,124.21126203757902,124.21126203757902,1664776.0,sample,2026-09-24 19:05:19.563581+00:00
TSLA,2023-02-01 00:00:00+00:00,124.60557504083778,126.68009078543172,124.20759310883267,126.3793911695294,126.3793911695294,11182866.0,sample,2026-09-24 19:05:19.563581+00:00
TSLA,2023-02-02 00:00:00+00:00,126.40397865397173,127.13937037352508,120.9808485408249,122.14218327851444,122.14218327851444,3342245.0,sample,2026-09-24 19:05:19.563581+00:00
TSLA,2023-02-03 00:00:00+00:00,122.34223944207383,124.0260746167616,121.31600463530363,122.62257604161188,122.62257604161188,14664911.0,sample,2026-09-24 19:05:19.563581+00:00
TSLA,2023-02-06 00:00:00+00:00,122.7285634956933,123.97292591019912,122.28235812826306,122.6962589085226,122.6962589085226,16368163.0,sample,2026-09-24 19:05:19.563581+00:00
TSLA,2023-02-07 00:00:00+00:00,123.05365889692672,124.46737834030267,121.75535299305108,124.19206154489746,124.19206154489746,12987383.0,sample,2026-09-24 19:05:19.563581+00:00
TSLA,2023-02-08 00:00:00+00:00,124.34090994643833,125.1455165166747,121.14475587932151,121.57384132806368,121.57384132806368,11747166.0,sample,2026-09-24 19:05:19.563581+00:00
TSLA,2023-02-09 00:00:00+00:00,121.066335885087,122.47672699328936,120.00991778322371,122.26217524281628,122.26217524281628,13690470.0,sample,2026-09-24 19:05:19.563581+00:00
TSLA,2023-02-10 00:00:00+00:00,122.17713129618413,122.9646570873851,120.65615394182136,121.63568324079331,121.63568324079331,3942426.0,sample,2026-09-24 19:05:19.563581+00:00
TSLA,2023-02-13 00:00:00+00:00,121.80177782925904,123.21562710502765,120.92539382942095,122.87591083640588,122.87591083640588,11494520.0,sample,2026-09-24 19:05:19.563581+00:00
TSLA,2023-02-14 00:00:00+00:00,122.92665159935656,124.86545894611835,122.77594018931445,124.11088430875333,124.11088430875333,8058678.0,sample,2026-09-24 19:05:19.563581+00:00
TSLA,2023-02-15 00:00:00+00:00,123.82351359392158,125.85727652151643,122.93271675867881,124.70286302042527,124.70286302042527,11712335.0,sample,2026-09-24 19:05:19.563581+00:00
TSLA,2023-02-16 00:00:00+00:00,124.77247930028378,125.53037715437932,119.19862506028035,119.38382940647165,119.38382940647165,6986810.0,sample,2026-09-24 19:05:19.563581+00:00
TSLA,2023-02-17 00:00:00+00:00,119.2323194035118,120.0692276785041,118.60698999417758,118.86850749340921,118.86850749340921,13872844.0,sample,2026-09-24 19:05:19.563581+00:00
TSLA,2023-02-20 00:00:00+00:00,118.77349958486195,123.16958386898007,117.86840411158079,121.80012530332847,121.80012530332847,17801622.0,sample,2026-09-24 19:05:19.563581+00:00
TSLA,2023-02-21 00:00:00+00:00,121.65417845237637,123.43683146797999,121.10471075068878,123.03434674883769,123.03434674883769,5475396.0,sample,2026-09-24 19:05:19.563581+00:00
TSLA,2023-02-22 00:00:00+00:00,123.32175166753046,124.79883151607586,123.00877179907525,123.43063484572451,123.43063484572451,15632387.0,sample,2026-09-24 19:05:19.563581+00:00
TSLA,2023-02-23 00:00:00+00:00,123.468247322793,126.9954185943976,123.3146216503821,126.25085881910753,126.25085881910753,14378813.0,sample,2026-09-24 19:05:19.563581+00:00
TSLA,2023-02-24 00:00:00+00:00,125.98060478993531,126.37584748321953,125.18135463824238,125.42982064780387,125.42982064780387,12237786.0,sample,2026-09-24 19:05:19.563581+00:00
TSLA,2023-02-27 00:00:00+00:00,125.18626711009537,126.85174760965508,124.2484079919898,126.72418657535192,126.72418657535192,17617112.0,sample,2026-09-24 19:05:19.563581+00:00
TSLA,2023-02-28 00:00:00+00:00,126.77504349621813,129.60400276135093,126.33581853157703,128.1816848214755,128.1816848214755,15668008.0,sample,2026-09-24 19:05:19.563581+00:00
TSLA,2023-03-01 00:00:00+00:00,128.0196904806627,128.42239957688625,127.05088386249413,127.49392629967215,127.49392629967215,17846465.0,sample,2026-09-24 19:05:19.563581+00:00
TSLA,2023-03-02 00:00:00+00:00,127.80430271815816,128.58589179333893,126.82981588140376,128.0519260837558,128.0519260837558,11975416.0,sample,2026-09-24 19:05:19.563581+00:00
TSLA,2023-03-03 00:00:00+00:00,128.1838986282537,129.37573679724278,127.06280605597003,128.48194794568798,128.48194794568798,17673826.0,sample,2026-09-24 19:05:19.563581+00:00
TSLA,2023-03-06 00:00:00+00:00,128.25679451272825,129.36988665563578,126.24033175122123,126.4628828046052,126.4628828046052,4245716.0,sample,2026-09-24 19:05:19.563581+00:00
TSLA,2023-03-07 00:00:00+00:00,126.63266943128086,127.88708554969904,125.84217778706959,127.03598767040164,127.03598767040164,10750230.0,sample,2026-09-24 19:05:19.563581+00:00
TSLA,2023-03-08 00:00:00+00:00,127.19149067090288,128.2588590811304,123.04575763664565,123.4337132277215,123.4337132277215,11979122.0,sample,2026-09-24 19:05:19.563581+00:00
TSLA,2023-03-09 00:00:00+00:00,123.49429817167537,126.48900633620458,122.92816454020358,125.40516030505108,125.40516030505108,9919274.0,sample,2026-09-24 19:05:19.563581+00:00
TSLA,2023-03-10 00:00:00+00:00,125.48139828545159,126.8540163304347,125.09098070139508,125.40735311351024,125.40735311351024,2901923.0,sample,2026-09-24 19:05:19.563581+00:00
TSLA,2023-03-13 00:00:00+00:00,125.59653683723857,130.1676742178783,124.4921362914197,128.9236856014758,128.9236856014758,13949073.0,sample,2026-09-24 19:05:19.563581+00:00
TSLA,2023-03-14 00:00:00+00:00,129.03553818150016,129.49573568477777,127.60093035200556,128.29549571964674,128.29549571964674,14936275.0,sample,2026-09-24 19:05:19.563581+00:00
TSLA,2023-03-15 00:00:00+00:00,128.2492870416775,128.42682518967115,126.40186610674887,126.98324702031482,126.98324702031482,17116015.0,sample,2026-09-24 19:05:19.563581+00:00
TSLA,2023-03-16 00:00:00+00:00,126.90919302068728,129.84432526928532,125.55548125134226,128.42312299273465,128.42312299273465,9395633.0,sample,2026-09-24 19:05:19.563581+00:00
TSLA,2023-03-17 00:00:00+00:00,128.49780225595399,129.9405266485254,125.30688392515233,126.38721926521231,126.38721926521231,10242063.0,sample,2026-09-24 19:05:19.563581+00:00
TSLA,2023-03-20 00:00:00+00:00,126.50717396805379,128.96748184963553,125.37174305124385,127.65850028268389,127.65850028268389,6148064.0,sample,2026-09-24 19:05:19.563581+00:00
TSLA,2023-03-21 00:00:00+00:00,127.512831673273,134.45024263749391,126.65800561522971,132.96312091118884,132.96312091118884,8540997.0,sample,2026-09-24 19:05:19.563581+00:00
TSLA,2023-03-22 00:00:00+00:00,133.20716883189027,134.0985187922382,128.83941093623628,129.98954508128836,129.98954508128836,17061592.0,sample,2026-09-24 19:05:19.563581+00:00
TSLA,2023-03-23 00:00:00+00:00,129.956941268269,131.18590708420308,125.76018214814842,126.63741243112516,126.63741243112516,14497581.0,sample,2026-09-24 19:05:19.563581+00:00
TSLA,2023-03-24 00:00:00+00:00,126.5346290705959,126.96932106422364,125.08189984938319,125.69880746076709,125.69880746076709,6733007.0,sample,2026-09-24 19:05:19.563581+00:00
TSLA,2023-03-27 00:00:00+00:00,126.27258877574504,129.7244825065753,125.64895005652619,128.6629124539381,128.6629124539381,14356608.0,sample,2026-09-24 19:05:19.563581+00:00
TSLA,2023-03-28 00:00:00+00:00,128.62655125278724,131.16529844868597,128.062878836623,130.21586133278922,130.21586133278922,5061253.0,sample,2026-09-24 19:05:19.563581+00:00
TSLA,2023-03-29 00:00:00+00:00,129.99437271740655,131.5120175125146,129.43741263231877,131.19714252642936,131.19714252642936,14620055.0,sample,2026-09-24 19:05:19.563581+00:00
TSLA,2023-03-30 00:00:00+00:00,130.96863853463321,131.80273282975708,128.7162994077176,129.9493753282866,129.9493753282866,16784482.0,sample,2026-09-24 19:05:19.563581+00:00
TSLA,2023-03-31 00:00:00+00:00,130.18643619322373,131.99142100668251,130.05381106735277,131.44861469688254,131.44861469688254,12918230.0,sample,2026-09-24 19:05:19.563581+00:00
TSLA,2023-04-03 00:00:00+00:00,131.28558577771693,135.15764595815358,130.6613581989215,134.24326559721246,134.24326559721246,1833152.0,sample,2026-09-24 19:05:19.563581+00:00
TSLA,2023-04-04 00:00:00+00:00,134.35525253135708,138.29716525711444,132.81867329935218,136.66949267716237,136.66949267716237,10615910.0,sample,2026-09-24 19:05:19.563581+00:00
TSLA,2023-04-05 00:00:00+00:00,136.59119665142177,140.89737088550808,135.6205167871931,139.52652755970854,139.52652755970854,13177930.0,sample,2026-09-24 19:05:19.563581+00:00
TSLA,2023-04-06 00:00:00+00:00,139.62848413747824,140.1791327160128,138.58503412088547,139.82084515617592,139.82084515617592,10164071.0,sample,2026-09-24 19:05:19.563581+00:00
TSLA,2023-04-07 00:00:00+00:00,139.83906922834677,141.65768165667248,138.66381801966284,140.68272379117778,140.68272379117778,17826581.0,sample,2026-09-24 19:05:19.563581+00:00
TSLA,2023-04-10 00:00:00+00:00,140.12069226990963,140.28467193624624,136.21800390759762,137.2470524682089,137.2470524682089,7008831.0,sample,2026-09-24 19:05:19.563581+00:00
TSLA,2023-04-11 00:00:00+00:00,137.45915787106463,141.58641213711323,137.04957840987433,140.12707697042188,140.12707697042188,8075463.0,sample,2026-09-24 19:05:19.563581+00:00
TSLA,2023-04-12 00:00:00+00:00,140.1487327398812,144.1184566245758,139.21008898796745,143.15744278540535,143.15744278540535,8230228.0,sample,2026-09-24 19:05:19.563581+00:00
TSLA,2023-04-13 00:00:00+00:00,143.24476786982822,144.73597230913026,141.65693957840793,142.27953267005887,142.27953267005887,16725314.0,sample,2026-09-24 19:05:19.563581+00:00
TSLA,2023-04-14 00:00:00+00:00,142.4690125951465,142.91345452558377,138.91273904056737,140.0359877087336,140.0359877087336,11810485.0,sample,2026-09-24 19:05:19.563581+00:00
TSLA,2023-04-17 00:00:00+00:00,139.95611464061102,140.76305797157335,136.8366848223157,137.96967378621412,137.96967378621412,14254264.0,sample,2026-09-24 19:05:19.563581+00:00
TSLA,2023-04-18 00:00:00+00:00,138.1704925825909,139.52970355334713,137.64204725078676,139.14074302065228,139.14074302065228,7770275.0,sample,2026-09-24 19:05:19.563581+00:00
TSLA,2023-04-19 00:00:00+00:00,139.05579492149857,139.830314205718,136.8178688562102,137.7812014977435,137.7812014977435,1794096.0,sample,2026-09-24 19:05:19.563581+00:00
TSLA,2023-04-20 00:00:00+00:00,137.51257940098324,139.68451603920076,137.10873033205868,138.42292453350547,138.42292453350547,10578523.0,sample,2026-09-24 19:05:19.563581+00:00
TSLA,2023-04-21 00:00:00+00:00,137.8786172618776,142.96294019924804,136.5887733556262,141.92893278399197,141.92893278399197,7981554.0,sample,2026-09-24 19:05:19.563581+00:00
TSLA,2023-04-24 00:00:00+00:00,141.90322760627194,142.81933761704116,140.88389555759355,141.74309092966996,141.74309092966996,3246932.0,sample,2026-09-24 19:05:19.563581+00:00
TSLA,2023-04-25 00:00:00+00:00,141.77165587871542,143.14561611231173,139.1179393925755,140.73288693078123,140.73288693078123,17272331.0,sample,2026-09-24 19:05:19.563581+00:00
TSLA,2023-04-26 00:00:00+00:00,140.89692940842195,141.76458713902636,138.75313745869386,140.4184849499344,140.4184849499344,12668189.0,sample,2026-09-24 19:05:19.563581+00:00
TSLA,2023-04-27 00:00:00+00:00,139.8628163703634,141.49959021739048,138.93852165578332,140.44551827545342,140.44551827545342,11796418.0,sample,2026-09-24 19:05:19.563581+00:00
TSLA,2023-04-28 00:00:00+00:00,140.40292895156193,146.7955490005656,139.6746955845381,146.14181586169562,146.14181586169562,12503745.0,sample,2026-09-24 19:05:19.563581+00:00
TSLA,2023-05-01 00:00:00+00:00,146.18358588907188,146.8515330839839,144.73948777813715,145.9971976574193,145.9971976574193,2042978.0,sample,2026-09-24 19:05:19.563581+00:00
TSLA,2023-05-02 00:00:00+00:00,145.95626389715676,147.81522305857396,145.67537574108317,146.87805501736318,146.87805501736318,13282027.0,sample,2026-09-24 19:05:19.563581+00:00
TSLA,2023-05-03 00:00:00+00:00,146.60911669532396,147.61870180814398,144.968484102061,146.68361682301202,146.68361682301202,7498685.0,sample,2026-09-24 19:05:19.563581+00:00
TSLA,2023-05-04 00:00:00+00:00,146.6994275066041,148.78645217276508,146.50922476742343,147.24345408582772,147.24345408582772,10657288.0,sample,2026-09-24 19:05:19.563581+00:00
TSLA,2023-05-05 00:00:00+00:00,146.93778864671384,147.73476440092506,143.87210165984484,144.93089282845503,144.93089282845503,17941794.0,sample,2026-09-24 19:05:19.563581+00:00
TSLA,2023-05-08 00:00:00+00:00,144.81360695005094,149.95450067905728,144.03442929347875,149.48837563082373,149.48837563082373,3423931.0,sample,2026-09-24 19:05:19.563581+00:00
TSLA,2023-05-09 00:00:00+00:00,149.68254320749057,150.22203392054283,148.39817579877035,148.84261391872772,148.84261391872772,1935806.0,sample,2026-09-24 19:05:19.563581+00:00
TSLA,2023-05-10 00:00:00+00:00,148.82569301137124,150.17848708445376,142.4686518562935,143.44126650983233,143.44126650983233,17404327.0,sample,2026-09-24 19:05:19.563581+00:00
TSLA,2023-05-11 00:00:00+00:00,143.27460881569053,144.14339260990425,141.38481070820424,142.68052182075803,142.68052182075803,6768001.0,sample,2026-09-24 19:05:19.563581+00:00
TSLA,2023-05-12 00:00:00+00:00,142.54181233232964,142.97496998057525,139.78313418880006,140.0863154492286,140.0863154492286,9634278.0,sample,2026-09-24 19:05:19.563581+00:00
TSLA,2023-05-15 00:00:00+00:00,140.6172097560399,141.5444136217112,137.49750987610358,138.76897565810557,138.76897565810557,16971279.0,sample,2026-09-24 19:05:19.563581+00:00
TSLA,2023-05-16 00:00:00+00:00,138.8073663405862,144.7658921601712,137.7512968030096,144.05673571632968,144.05673571632968,2351216.0,sample,2026-09-24 19:05:19.563581+00:00
TSLA,2023-05-17 00:00:00+00:00,143.80689573594626,144.58038799278376,141.795029813264,143.35858380355452,143.35858380355452,5135949.0,sample,2026-09-24 19:05:19.563581+00:00
TSLA,2023-05-18 00:00:00+00:00,142.79105330462858,143.79349061495455,141.0850444916449,142.60008324847865,142.60008324847865,3199566.0,sample,2026-09-24 19:05:19.563581+00:00
TSLA,2023-05-19 00:00:00+00:00,142.93046843045454,143.66070142372533,141.2810598811432,142.1079687000164,142.1079687000164,10199226.0,sample,2026-09-24 19:05:19.563581+00:00
TSLA,2023-05-22 00:00:00+00:00,142.1945343905417,145.705626492896,141.75049733860035,145.40541697724723,145.40541697724723,6294605.0,sample,2026-09-24 19:05:19.563581+00:00
TSLA,2023-05-23 00:00:00+00:00,145.15300330873464,149.22264079103343,143.60876944134745,148.89189861796092,148.89189861796092,11175526.0,sample,2026-09-24 19:05:19.563581+00:00
TSLA,2023-05-24 00:00:00+00:00,148.50120592066753,152.38933480000642,147.18822201856264,151.98233638473002,151.98233638473002,13817896.0,sample,2026-09-24 19:05:19.563581+00:00
TSLA,2023-05-25 00:00:00+00:00,151.88943306734907,152.60607313374706,148.9791149399738,149.28141127032637,149.28141127032637,11610877.0,sample,2026-09-24 19:05:19.563581+00:00
TSLA,2023-05-26 00:00:00+00:00,149.3540406513472,149.59858332649543,146.49703535492543,147.30473330702313,147.30473330702313,10733399.0,sample,2026-09-24 19:05:19.563581+00:00
TSLA,2023-05-29 00:00:00+00:00,147.29687880567403,148.38094192299786,146.94182813691108,147.52851454040723,147.52851454040723,2691986.0,sample,2026-09-24 19:05:19.563581+00:00
TSLA,2023-05-30 00:00:00+00:00,147.67538726065737,150.1053741469969,146.64681189625625,149.02006602905212,149.02006602905212,9585018.0,sample,2026-09-24 19:05:19.563581+00:00
TSLA,2023-05-31 00:00:00+00:00,148.87269284589,149.22798207207984,145.86096862378608,146.7806700450384,146.7806700450384,17392784.0,sample,2026-09-24 19:05:19.563581+00:00
TSLA,2023-06-01 00:00:00+00:00,146.66952863325926,149.3555292726152,145.57205562607842,148.8897097268911,148.8897097268911,9115482.0,sample,2026-09-24 19:05:19.563581+00:00
TSLA,2023-06-02 00:00:00+00:00,148.50005466886893,153.15270734727267,146.7260622972298,151.91816314764674,151.91816314764674,14444920.0,sample,2026-09-24 19:05:19.563581+00:00
TSLA,2023-06-05 00:00:00+00:00,151.8019080178109,157.46530443787995,150.60944125751584,156.49459961119243,156.49459961119243,14072131.0,sample,2026-09-24 19:05:19.563581+00:00
TSLA,2023-06-06 00:00:00+00:00,156.33246477041564,160.27152307369695,155.85504908281825,158.39380560024006,158.39380560024006,9754383.0,sample,2026-09-24 19:05:19.563581+00:00
TSLA,2023-06-07 00:00:00+00:00,158.24976551666256,159.68145468509434,157.3275328112293,157.6579093326791,157.6579093326791,10245558.0,sample,2026-09-24 19:05:19.563581+00:00
TSLA,2023-06-08 00:00:00+00:00,157.73953476813,160.55332553060845,156.6323289999841,159.62514430561427,159.62514430561427,1967171.0,sample,2026-09-24 19:05:19.563581+00:00
TSLA,2023-06-09 00:00:00+00:00,159.75449013252407,161.09520394711535,154.20927572538722,155.511991612408,155.511991612408,12062360.0,sample,2026-09-24 19:05:19.563581+00:00
TSLA,2023-06-12 00:00:00+00:00,155.08720124416834,155.5847613966685,151.7549009710005,152.5059953712839,152.5059953712839,11634047.0,sample,2026-09-24 19:05:19.563581+00:00
TSLA,2023-06-13 00:00:00+00:00,152.10003519824178,154.06962863951475,150.61642029161075,152.95491694820066,152.95491694820066,13743990.0,sample,2026-09-24 19:05:19.563581+00:00
TSLA,2023-06-14 00:00:00+00:00,152.76211771897218,157.81808202497507,151.80095671345177,156.7890575843447,156.7890575843447,17386386.0,sample,2026-09-24 19:05:19.563581+00:00
TSLA,2023-06-15 00:00:00+00:00,156.22980712376435,158.54270077077823,155.1519935108807,157.97428836846996,157.97428836846996,10148460.0,sample,2026-09-24 19:05:19.563581+00:00
TSLA,2023-06-16 00:00:00+00:00,157.59297341623147,159.09129210435555,155.58610707948,157.32065388681852,157.32065388681852,14564542.0,sample,2026-09-24 19:05:19.563581+00:00
TSLA,2023-06-19 00:00:00+00:00,156.90354265735198,157.8893034909014,155.24217042900605,155.99363699653946,155.99363699653946,8922572.0,sample,2026-09-24 19:05:19.563581+00:00
TSLA,2023-06-20 00:00:00+00:00,156.00727967015868,157.53555766081212,155.17763861855798,157.12646177234234,157.12646177234234,2454926.0,sample,2026-09-24 19:05:19.563581+00:00
TSLA,2023-06-21 00:00:00+00:00,157.08201777940067,160.29493493780413,156.1753866742415,159.93513089225132,159.93513089225132,10382139.0,sample,2026-09-24 19:05:19.563581+00:00
TSLA,2023-06-22 00:00:00+00:00,160.40687354613155,162.4495722935278,159.01212154106986,161.7267032164726,161.7267032164726,14547898.0,sample,2026-09-24 19:05:19.563581+00:00
TSLA,2023-06-23 00:00:00+00:00,161.38481040981878,167.12819892058533,159.79805610995126,166.0215461311308,166.0215461311308,14916228.0,sample,2026-09-24 19:05:19.563581+00:00
TSLA,2023-06-26 00:00:00+00:00,165.88709311713956,166.42588596535234,157.42693495054266,158.96351220792204,158.96351220792204,2051383.0,sample,2026-09-24 19:05:19.563581+00:00
TSLA,2023-06-27 00:00:00+00:00,158.452639304796,159.91069814321236,157.7617316947503,159.17380793628473,159.17380793628473,2054183.0,sample,2026-09-24 19:05:19.563581+00:00
TSLA,2023-06-28 00:00:00+00:00,159.04417648149982,160.4453262132394,156.6716900252433,158.50905756290422,158.50905756290422,16293974.0,sample,2026-09-24 19:05:19.563581+00:00
TSLA,2023-06-29 00:00:00+00:00,158.59863621845886,160.87464596665714,157.68917581477066,159.04860616714922,159.04860616714922,4595333.0,sample,2026-09-24 19:05:19.563581+00:00
TSLA,2023-06-30 00:00:00+00:00,158.9325697084124,162.0879063054213,158.60399721151708,161.05590855568366,161.05590855568366,17477078.0,sample,2026-09-24 19:05:19.563581+00:00
TSLA,2023-07-03 00:00:00+00:00,160.6599940739227,162.34235335818934,156.5260926159437,156.99271202447864,156.99271202447864,6125474.0,sample,2026-09-24 19:05:19.563581+00:00
TSLA,2023-07-04 00:00:00+00:00,157.28438784364357,157.73371650645484,156.23807055759914,156.41620437048627,156.41620437048627,12839938.0,sample,2026-09-24 19:05:19.563581+00:00
TSLA,2023-07-05 00:00:00+00:00,156.03197452844836,158.34302319060305,155.7098694012046,157.88513299014343,157.88513299014343,5240570.0,sample,2026-09-24 19:05:19.563581+00:00
TSLA,2023-07-06 00:00:00+00:00,157.80842463069402,159.08460436798762,153.1078381515089,154.14076040813794,154.14076040813794,5298755.0,sample,2026-09-24 19:05:19.563581+00:00
TSLA,2023-07-07 00:00:00+00:00,153.87410507844328,160.88904652349507,152.82930933811488,159.17173499876787,159.17173499876787,6383435.0,sample,2026-09-24 19:05:19.563581+00:00
TSLA,2023-07-10 00:00:00+00:00,158.8282081034742,161.54163021943123,157.90168955646456,160.07192523721173,160.07192523721173,14863218.0,sample,2026-09-24 19:05:19.563581+00:00
TSLA,2023-07-11 00:00:00+00:00,159.5429853378887,160.24454714815815,156.37032512006678,157.4984680609753,157.4984680609753,10039098.0,sample,2026-09-24 19:05:19.563581+00:00
TSLA,2023-07-12 00:00:00+00:00,157.4434560773314,157.64489809302648,156.38562291281585,156.9588361839483,156.9588361839483,7159876.0,sample,2026-09-24 19:05:19.563581+00:00
TSLA,2023-07-13 00:00:00+00:00,156.99551664009783,157.6214723557572,155.1721636369174,155.99895163838823,155.99895163838823,2925632.0,sample,2026-09-24 19:05:19.563581+00:00
TSLA,2023-07-14 00:00:00+00:00,156.20904557136288,157.03971538739265,155.51437001443216,156.79625025713878,156.79625025713878,12294253.0,sample,2026-09-24 19:05:19.563581+00:00
TSLA,2023-07-17 00:00:00+00:00,156.3406818313169,159.3839045982826,155.5883449136738,157.66476648100178,157.66476648100178,6762182.0,sample,2026-09-24 19:05:19.563581+00:00
TSLA,2023-07-18 00:00:00+00:00,157.9452292223729,159.03138289406226,155.7237119520324,156.35742039932387,156.35742039932387,8217415.0,sample,2026-09-24 19:05:19.563581+00:00
TSLA,2023-07-19 00:00:00+00:00,156.84124025591998,157.8061056408944,150.50459933114328,151.43557577459143,151.43557577459143,6519269.0,sample,2026-09-24 19:05:19.563581+00:00
TSLA,2023-07-20 00:00:00+00:00,151.33729794518868,151.5600020470074,145.3704915013264,145.94406102979468,145.94406102979468,11500911.0,sample,2026-09-24 19:05:19.563581+00:00
TSLA,2023-07-21 00:00:00+00:00,146.53302583735052,148.28346119889503,140.0558576576406,141.19355434826562,141.19355434826562,11372126.0,sample,2026-09-24 19:05:19.563581+00:00
TSLA,2023-07-24 00:00:00+00:00,141.59505460082318,142.94046371440436,136.55900037626537,137.3534322979507,137.3534322979507,8299399.0,sample,2026-09-24 19:05:19.563581+00:00
TSLA,2023-07-25 00:00:00+00:00,137.2702474329283,138.1915201215346,130.18769093669042,130.6693415854633,130.6693415854633,3306285.0,sample,2026-09-24 19:05:19.563581+00:00
TSLA,2023-07-26 00:00:00+00:00,130.7307180415383,134.76122392045426,129.50009641711762,133.38807385489716,133.38807385489716,13408351.0,sample,2026-09-24 19:05:19.563581+00:00
TSLA,2023-07-27 00:00:00+00:00,133.3833386031521,135.27626134932524,131.90941782701717,134.8165024494807,134.8165024494807,7831954.0,sample,2026-09-24 19:05:19.563581+00:00
TSLA,2023-07-28 00:00:00+00:00,134.75084315797022,137.18981239335093,134.02236118701055,136.4468291401901,136.4468291401901,8072789.0,sample,2026-09-24 19:05:19.563581+00:00
TSLA,2023-07-31 00:00:00+00:00,136.73308945962825,137.18037129289846,134.2485515334901,135.32341734243244,135.32341734243244,10576628.0,sample,2026-09-24 19:05:19.563581+00:00
TSLA,2023-08-01 00:00:00+00:00,135.33495971928812,136.50134177615297,134.30571597409192,135.7261588260464,135.7261588260464,13074320.0,sample,2026-09-24 19:05:19.563581+00:00
TSLA,2023-08-02 00:00:00+00:00,135.84000099813034,138.58351252022942,134.2480500942636,137.76857926916162,137.76857926916162,9371485.0,sample,2026-09-24 19:05:19.563581+00:00
TSLA,2023-08-03 00:00:00+00:00,137.6013782940488,142.38279090785028,136.20196428429114,142.00007053559955,142.00007053559955,16443471.0,sample,2026-09-24 19:05:19.563581+00:00
TSLA,2023-08-04 00:00:00+00:00,142.23580242115335,143.30364091796773,141.27891338095714,141.6576046616517,141.6576046616517,17193079.0,sample,2026-09-24 19:05:19.563581+00:00
TSLA,2023-08-07 00:00:00+00:00,141.6408705952317,144.79254652409094,140.6091418377064,143.8106137056414,143.8106137056414,13159405.0,sample,2026-09-24 19:05:19.563581+00:00
TSLA,2023-08-08 00:00:00+00:00,143.7469488586594,145.19927604256915,139.6783254377158,141.03279464050294,141.03279464050294,2421559.0,sample,2026-09-24 19:05:19.563581+00:00
TSLA,2023-08-09 00:00:00+00:00,141.07109045712272,144.9642495955925,139.44089315972113,143.79466185555117,143.79466185555117,5436376.0,sample,2026-09-24 19:05:19.563581+00:00
TSLA,2023-08-10 00:00:00+00:00,143.55181497291042,144.47455297906026,142.6211429932282,143.74161370849365,143.74161370849365,5127950.0,sample,2026-09-24 19:05:19.563581+00:00
TSLA,2023-08-11 00:00:00+00:00,143.55264400173422,144.19708051291443,139.33664058489526,140.92841428330064,140.92841428330064,12617517.0,sample,2026-09-24 19:05:19.563581+00:00
TSLA,2023-08-14 00:00:00+00:00,141.3295917493848,141.6611593326299,139.6715801918689,141.01984597083114,141.01984597083114,2320751.0,sample,2026-09-24 19:05:19.563581+00:00
TSLA,2023-08-15 00:00:00+00:00,140.90593343716242,141.83753457563958,139.72693165161579,140.22145477600134,140.22145477600134,3194467.0,sample,2026-09-24 19:05:19.563581+00:00
TSLA,2023-08-16 00:00:00+00:00,140.61318795963436,140.9079472703759,139.20528071096896,140.3300179069177,140.3300179069177,1961715.0,sample,2026-09-24 19:05:19.563581+00:00
TSLA,2023-08-17 00:00:00+00:00,140.5202346159307,142.31162328058838,140.252281451705,141.12033527405345,141.12033527405345,4996747.0,sample,2026-09-24 19:05:19.563581+00:00
TSLA,2023-08-18 00:00:00+00:00,141.39338493693086,142.11261138291667,136.07268075200304,137.22625651670367,137.22625651670367,14112174.0,sample,2026-09-24 19:05:19.563581+00:00
TSLA,2023-08-21 00:00:00+00:00,137.2693141675717,138.64741371873617,134.19006241526623,135.30824018674872,135.30824018674872,11564830.0,sample,2026-09-24 19:05:19.563581+00:00
TSLA,2023-08-22 00:00:00+00:00,135.48599620004893,139.50746410209155,135.1698122992032,138.64477720029365,138.64477720029365,9433254.0,sample,2026-09-24 19:05:19.563581+00:00
TSLA,2023-08-23 00:00:00+00:00,138.5258152413428,142.2567927267565,137.76872988354125,140.7236350403075,140.7236350403075,5371255.0,sample,2026-09-24 19:05:19.563581+00:00
TSLA,2023-08-24 00:00:00+00:00,140.60337492269005,144.65101869579374,139.5351802059188,144.20907080905496,144.20907080905496,9508973.0,sample,2026-09-24 19:05:19.563581+00:00
TSLA,2023-08-25 00:00:00+00:00,144.02561825277985,147.5648660373517,142.65794159885763,146.85137048941237,146.85137048941237,6958371.0,sample,2026-09-24 19:05:19.563581+00:00
TSLA,2023-08-28 00:00:00+00:00,146.81665704000727,148.37012015350226,146.11457765523062,147.92651472198833,147.92651472198833,9372013.0,sample,2026-09-24 19:05:19.563581+00:00
TSLA,2023-08-29 00:00:00+00:00,148.4107352119511,150.75793511767762,146.81980891926443,149.71187981982192,149.71187981982192,10472336.0,sample,2026-09-24 19:05:19.563581+00:00
TSLA,2023-08-30 00:00:00+00:00,149.5374090733354,151.4258247097734,149.06877102063328,150.04713349774394,150.04713349774394,13451790.0,sample,2026-09-24 19:05:19.563581+00:00
TSLA,2023-08-31 00:00:00+00:00,149.6880884003832,150.04109122832034,147.1954044681852,147.90416653229423,147.90416653229423,13125584.0,sample,2026-09-24 19:05:19.563581+00:00
TSLA,2023-09-01 00:00:00+00:00,147.68286370590923,148.76000753501629,146.71228358138615,147.99036820505918,147.99036820505918,12848104.0,sample,2026-09-24 19:05:19.563581+00:00
TSLA,2023-09-04 00:00:00+00:00,147.74624590465407,149.0677864686753,147.27304480775436,148.18754360374035,148.18754360374035,11973384.0,sample,2026-09-24 19:05:19.563581+00:00
TSLA,2023-09-05 00:00:00+00:00,148.17194097538143,148.45877325859706,143.7174432431883,144.39423894109737,144.39423894109737,5024423.0,sample,2026-09-24 19:05:19.563581+00:00
TSLA,2023-09-06 00:00:00+00:00,144.57430773075023,145.9646519977249,141.5005637694539,142.21693107291418,142.21693107291418,9899235.0,sample,2026-09-24 19:05:19.563581+00:00
TSLA,2023-09-07 00:00:00+00:00,142.47826023698443,144.64940487435993,141.39586089274553,143.08998731828865,143.08998731828865,1861653.0,sample,2026-09-24 19:05:19.563581+00:00
TSLA,2023-09-08 00:00:00+00:00,143.35262083858314,144.39060746665885,142.54721671672908,143.18304045577074,143.18304045577074,10248744.0,sample,2026-09-24 19:05:19.563581+00:00
TSLA,2023-09-11 00:00:00+00:00,143.00763096967978,144.0894005759435,142.09689968271815,142.53712182520675,142.53712182520675,10254865.0,sample,2026-09-24 19:05:19.563581+00:00
TSLA,2023-09-12 00:00:00+00:00,142.21409426714632,145.46051242862006,141.62726182740292,143.92109025946502,143.92109025946502,15730610.0,sample,2026-09-24 19:05:19.563581+00:00
TSLA,2023-09-13 00:00:00+00:00,143.94416553650612,144.7645801546007,140.92188245304703,141.308352318338,141.308352318338,5272514.0,sample,2026-09-24 19:05:19.563581+00:00
TSLA,2023-09-14 00:00:00+00:00,141.32722776280738,145.67665768306503,140.0293383384499,145.31122853842498,145.31122853842498,9096765.0,sample,2026-09-24 19:05:19.563581+00:00
TSLA,2023-09-15 00:00:00+00:00,145.39296708951758,146.0683274449981,143.33669542616624,145.0413322506861,145.0413322506861,6560259.0,sample,2026-09-24 19:05:19.563581+00:00
TSLA,2023-09-18 00:00:00+00:00,145.34071010869118,147.08047638524727,142.09224783184337,143.73220236978355,143.73220236978355,15806418.0,sample,2026-09-24 19:05:19.563581+00:00
TSLA,2023-09-19 00:00:00+00:00,143.64708963133344,144.63629125717824,142.15106748724324,143.25979770642817,143.25979770642817,7306049.0,sample,2026-09-24 19:05:19.563581+00:00
TSLA,2023-09-20 00:00:00+00:00,143.27089898174162,144.8817723967264,142.06076104050445,143.0329363688278,143.0329363688278,3047968.0,sample,2026-09-24 19:05:19.563581+00:00
TSLA,2023-09-21 00:00:00+00:00,143.50220281713965,143.75977859101363,142.10703370503913,143.18615747126918,143.18615747126918,6378426.0,sample,2026-09-24 19:05:19.563581+00:00
TSLA,2023-09-22 00:00:00+00:00,143.10128528438702,143.68449798445846,139.45942283213284,140.14225359435687,140.14225359435687,2317892.0,sample,2026-09-24 19:05:19.563581+00:00
TSLA,2023-09-25 00:00:00+00:00,140.2711803853387,142.84639544906125,139.22231268006198,141.31361094251312,141.31361094251312,16988106.0,sample,2026-09-24 19:05:19.563581+00:00
TSLA,2023-09-26 00:00:00+00:00,141.05225513540196,141.99959834741145,136.90765652976472,138.46183266521336,138.46183266521336,8247215.0,sample,2026-09-24 19:05:19.563581+00:00
TSLA,2023-09-27 00:00:00+00:00,138.27259170372233,139.9372096944674,136.88542096797264,138.50213693488087,138.50213693488087,2930534.0,sample,2026-09-24 19:05:19.563581+00:00
TSLA,2023-09-28 00:00:00+00:00,138.35959816757492,138.92694229171792,136.24901561512695,136.46204861720216,136.46204861720216,14970581.0,sample,2026-09-24 19:05:19.563581+00:00
TSLA,2023-09-29 00:00:00+00:00,135.90148835517417,137.3763945660444,134.50633927705505,136.87885630638485,136.87885630638485,7051605.0,sample,2026-09-24 19:05:19.563581+00:00
TSLA,2023-10-02 00:00:00+00:00,136.67200039602082,138.27667630905253,134.8975783563629,136.41807642422415,136.41807642422415,2224669.0,sample,2026-09-24 19:05:19.563581+00:00
TSLA,2023-10-03 00:00:00+00:00,136.6842602415179,137.5994698003945,135.9458688352327,136.49108781094998,136.49108781094998,3180371.0,sample,2026-09-24 19:05:19.563581+00:00
TSLA,2023-10-04 00:00:00+00:00,136.5046112604257,138.278362906075,135.71594040155912,137.7797551950034,137.7797551950034,13835526.0,sample,2026-09-24 19:05:19.563581+00:00
TSLA,2023-10-05 00:00:00+00:00,137.5751708007023,142.9552636966968,136.15290208034378,141.43987984438624,141.43987984438624,4656837.0,sample,2026-09-24 19:05:19.563581+00:00
TSLA,2023-10-06 00:00:00+00:00,141.70775529460548,144.19568848728673,141.37547825763886,142.74670483803985,142.74670483803985,2782481.0,sample,2026-09-24 19:05:19.563581+00:00
TSLA,2023-10-09 00:00:00+00:00,143.25484229917348,144.62665501008107,140.48209840041267,141.11017727382858,141.11017727382858,4548160.0,sample,2026-09-24 19:05:19.563581+00:00
TSLA,2023-10-10 00:00:00+00:00,140.92076677091393,146.00902513771484,140.37798423062284,145.04841536601705,145.04841536601705,14424751.0,sample,2026-09-24 19:05:19.563581+00:00
TSLA,2023-10-11 00:00:00+00:00,145.252433757959,149.02014928593988,144.59944211008658,147.79273363456926,147.79273363456926,10744493.0,sample,2026-09-24 19:05:19.563581+00:00
TSLA,2023-10-12 00:00:00+00:00,147.7511601609253,150.23851648949926,146.97376613919718,149.22805337799664,149.22805337799664,11607815.0,sample,2026-09-24 19:05:19.563581+00:00
TSLA,2023-10-13 00:00:00+00:00,149.496158742321,149.67700626137812,146.99743025749686,148.01604243125126,148.01604243125126,13147173.0,sample,2026-09-24 19:05:19.563581+00:00
TSLA,2023-10-16 00:00:00+00:00,148.16372206550497,149.0213858915614,144.45075272753516,146.10621514588308,146.10621514588308,11959491.0,sample,2026-09-24 19:05:19.563581+00:00
TSLA,2023-10-17 00:00:00+00:00,146.32592739655337,146.54626340594626,143.7573272656946,145.29134301464632,145.29134301464632,11319066.0,sample,2026-09-24 19:05:19.563581+00:00
TSLA,2023-10-18 00:00:00+00:00,145.51798060549294,146.8269968975016,143.2172625114124,143.7135149477214,143.7135149477214,12925697.0,sample,2026-09-24 19:05:19.563581+00:00
TSLA,2023-10-19 00:00:00+00:00,143.8633151627461,147.95919801235598,142.39111381603962,147.3697216822064,147.3697216822064,16925699.0,sample,2026-09-24 19:05:19.563581+00:00
TSLA,2023-10-20 00:00:00+00:00,147.00349077756715,147.44437684831271,143.54606305380636,144.76019528361846,144.76019528361846,3859895.0,sample,2026-09-24 19:05:19.563581+00:00
TSLA,2023-10-23 00:00:00+00:00,144.60064883606302,149.21025569001137,144.22497034547473,147.72170369622205,147.72170369622205,9266522.0,sample,2026-09-24 19:05:19.563581+00:00
TSLA,2023-10-24 00:00:00+00:00,147.22162350905003,149.08774185260125,146.86207345589264,148.66056663782132,148.66056663782132,6360447.0,sample,2026-09-24 19:05:19.563581+00:00
TSLA,2023-10-25 00:00:00+00:00,149.01475164934573,150.56719740970863,146.95991067382963,147.20776072254648,147.20776072254648,9212794.0,sample,2026-09-24 19:05:19.563581+00:00
TSLA,2023-10-26 00:00:00+00:00,147.42957274900536,148.85906658924063,145.5001645367638,147.03112639233922,147.03112639233922,15043719.0,sample,2026-09-24 19:05:19.563581+00:00
TSLA,2023-10-27 00:00:00+00:00,146.87861300014626,151.59305990704698,146.2434357686885,150.70766270551906,150.70766270551906,16188345.0,sample,2026-09-24 19:05:19.563581+00:00
TSLA,2023-10-30 00:00:00+00:00,151.25407433501599,154.57095850710783,150.61038765613952,153.54812576068514,153.54812576068514,3193611.0,sample,2026-09-24 19:05:19.563581+00:00
TSLA,2023-10-31 00:00:00+00:00,153.74709158859827,155.54868910610494,150.6430121839875,151.04046175870712,151.04046175870712,14880200.0,sample,2026-09-24 19:05:19.563581+00:00
TSLA,2023-11-01 00:00:00+00:00,150.83450852804143,153.78619952356635,149.28423936453316,152.73020220677452,152.73020220677452,9624697.0,sample,2026-09-24 19:05:19.563581+00:00
TSLA,2023-11-02 00:00:00+00:00,152.8049110347785,153.36272734647028,151.27134292586953,151.48096229528605,151.48096229528605,16904738.0,sample,2026-09-24 19:05:19.563581+00:00
TSLA,2023-11-03 00:00:00+00:00,151.41753332996458,152.98601388024312,150.5730315600291,152.05464283838086,152.05464283838086,8554581.0,sample,2026-09-24 19:05:19.563581+00:00
TSLA,2023-11-06 00:00:00+00:00,152.34095368148377,153.0989366236276,143.7972595392168,144.6803242203063,144.6803242203063,11772122.0,sample,2026-09-24 19:05:19.563581+00:00
TSLA,2023-11-07 00:00:00+00:00,145.29188014732284,150.59859395003573,144.18033129425285,149.67166656883427,149.67166656883427,4906265.0,sample,2026-09-24 19:05:19.563581+00:00
TSLA,2023-11-08 00:00:00+00:00,148.95658772585818,151.41542149112192,147.95278411355852,150.0766796380458,150.0766796380458,4303491.0,sample,2026-09-24 19:05:19.563581+00:00
TSLA,2023-11-09 00:00:00+00:00,149.76392510022288,153.64197246593088,148.76356384372818,152.0538547832119,152.0538547832119,1801046.0,sample,2026-09-24 19:05:19.563581+00:00
TSLA,2023-11-10 00:00:00+00:00,151.73098826548375,154.98931378838552,150.62902756984482,153.42939425785724,153.42939425785724,4904758.0,sample,2026-09-24 19:05:19.563581+00:00
TSLA,2023-11-13 00:00:00+00:00,152.83804038093854,154.6421647650722,150.01245427968962,150.9739803544245,150.9739803544245,16332844.0,sample,2026-09-24 19:05:19.563581+00:00
TSLA,2023-11-14 00:00:00+00:00,150.58634429525537,155.52350688348744,148.9659365438161,154.58351727709277,154.58351727709277,14119553.0,sample,2026-09-24 19:05:19.563581+00:00
TSLA,2023-11-15 00:00:00+00:00,154.8114044104609,156.41669238266772,153.8325193322454,155.42449040330985,155.42449040330985,6501945.0,sample,2026-09-24 19:05:19.563581+00:00
TSLA,2023-11-16 00:00:00+00:00,155.27456135433843,159.76508711800315,154.94451621317523,158.6157863248404,158.6157863248404,5057109.0,sample,2026-09-24 19:05:19.563581+00:00
TSLA,2023-11-17 00:00:00+00:00,158.848941644234,163.1565039613232,157.63481076827904,162.71094385696162,162.71094385696162,3824225.0,sample,2026-09-24 19:05:19.563581+00:00
TSLA,2023-11-20 00:00:00+00:00,162.28394483911327,163.25543725949842,154.37343855961615,156.13565500788198,156.13565500788198,8975933.0,sample,2026-09-24 19:05:19.563581+00:00
TSLA,2023-11-21 00:00:00+00:00,156.0472297264944,156.5161857514391,152.96025236960355,153.65285030225203,153.65285030225203,12014844.0,sample,2026-09-24 19:05:19.563581+00:00
TSLA,2023-11-22 00:00:00+00:00,154.11336398189053,155.32144738550335,152.3242420262941,154.5181972906649,154.5181972906649,16852688.0,sample,2026-09-24 19:05:19.563581+00:00
TSLA,2023-11-23 00:00:00+00:00,154.43233804415985,156.18492852119914,153.9207048834267,154.95843264795033,154.95843264795033,10853808.0,sample,2026-09-24 19:05:19.563581+00:00
TSLA,2023-11-24 00:00:00+00:00,154.68892384271467,156.36001173976192,153.99416492464954,155.2729746326456,155.2729746326456,8021984.0,sample,2026-09-24 19:05:19.563581+00:00
TSLA,2023-11-27 00:00:00+00:00,156.18784732110328,156.38870383631604,149.09259725552408,150.41494346837248,150.41494346837248,3691549.0,sample,2026-09-24 19:05:19.563581+00:00
TSLA,2023-11-28 00:00:00+00:00,150.33347530870867,150.73719724826773,149.00013242608904,149.27067973079193,149.27067973079193,17541573.0,sample,2026-09-24 19:05:19.563581+00:00
TSLA,2023-11-29 00:00:00+00:00,149.164880661239,149.35261827685002,145.9514725000522,147.49440798945278,147.49440798945278,8939487.0,sample,2026-09-24 19:05:19.563581+00:00
TSLA,2023-11-30 00:00:00+00:00,147.12939518881595,151.5996017444636,145.44533699343555,149.88800237276527,149.88800237276527,7769964.0,sample,2026-09-24 19:05:19.563581+00:00
TSLA,2023-12-01 00:00:00+00:00,150.01696987454963,150.77648513123938,147.5840138598024,148.51305213235062,148.51305213235062,14690483.0,sample,2026-09-24 19:05:19.563581+00:00
TSLA,2023-12-04 00:00:00+00:00,148.39569852802404,151.38506818067287,147.2540519615601,150.27304823537432,150.27304823537432,2114711.0,sample,2026-09-24 19:05:19.563581+00:00
TSLA,2023-12-05 00:00:00+00:00,150.08909642203994,150.78308020218776,148.91568374606223,149.2527154778232,149.2527154778232,13159037.0,sample,2026-09-24 19:05:19.563581+00:00
TSLA,2023-12-06 00:00:00+00:00,149.35358442032506,149.92194060754431,146.56514698262544,146.785718290611,146.785718290611,11213214.0,sample,2026-09-24 19:05:19.563581+00:00
TSLA,2023-12-07 00:00:00+00:00,147.36447289224932,148.8197421602181,144.82362722948704,146.44118532422632,146.44118532422632,2933755.0,sample,2026-09-24 19:05:19.563581+00:00
TSLA,2023-12-08 00:00:00+00:00,146.76108407749507,147.97046078120874,142.94858064762445,143.91308859253428,143.91308859253428,5991947.0,sample,2026-09-24 19:05:19.563581+00:00
TSLA,2023-12-11 00:00:00+00:00,144.01344479317603,144.57937788857643,142.41604617498473,144.22425901660617,144.22425901660617,9555124.0,sample,2026-09-24 19:05:19.563581+00:00
TSLA,2023-12-12 00:00:00+00:00,144.29103842438286,146.3494105884178,144.07307179451067,145.08965792512456,145.08965792512456,3743128.0,sample,2026-09-24 19:05:19.563581+00:00
TSLA,2023-12-13 00:00:00+00:00,144.33925957487628,151.2310153539932,143.5513995865866,150.46466895728557,150.46466895728557,14814155.0,sample,2026-09-24 19:05:19.563581+00:00
TSLA,2023-12-14 00:00:00+00:00,150.05128541366327,151.67766315768205,149.50618336145754,149.89321369283692,149.89321369283692,6581848.0,sample,2026-09-24 19:05:19.563581+00:00
TSLA,2023-12-15 00:00:00+00:00,149.39434843880667,153.2254412059886,148.09630306832506,152.24733266527164,152.24733266527164,5423518.0,sample,2026-09-24 19:05:19.563581+00:00
TSLA,2023-12-18 00:00:00+00:00,152.62694494995017,155.14312101375606,152.446375945093,154.83207807897182,154.83207807897182,11234372.0,sample,2026-09-24 19:05:19.563581+00:00
TSLA,2023-12-19 00:00:00+00:00,154.909193494107,160.19911126175958,153.4050652967961,159.77972164925777,159.77972164925777,5280453.0,sample,2026-09-24 19:05:19.563581+00:00
TSLA,2023-12-20 00:00:00+00:00,159.74392933925827,161.09916192712717,158.32334713262034,160.39541302512862,160.39541302512862,2310083.0,sample,2026-09-24 19:05:19.563581+00:00
TSLA,2023-12-21 00:00:00+00:00,159.96805279286164,161.53518077351993,152.73229855788637,153.04076287043557,153.04076287043557,2718241.0,sample,2026-09-24 19:05:19.563581+00:00
TSLA,2023-12-22 00:00:00+00:00,152.89727400851243,154.41058602472648,151.73347111769718,153.61417667453048,153.61417667453048,5960480.0,sample,2026-09-24 19:05:19.563581+00:00
TSLA,2023-12-25 00:00:00+00:00,153.3579916428703,157.36912033460007,152.6776030847109,156.09003419325924,156.09003419325924,5350698.0,sample,2026-09-24 19:05:19.563581+00:00
TSLA,2023-12-26 00:00:00+00:00,155.85810465543847,165.5041826217578,154.66577510723963,164.6195529805778,164.6195529805778,12246345.0,sample,2026-09-24 19:05:19.563581+00:00
TSLA,2023-12-27 00:00:00+00:00,164.74935522418622,166.5690436411548,159.3816545259695,159.77059976458665,159.77059976458665,5989196.0,sample,2026-09-24 19:05:19.563581+00:00
TSLA,2023-12-28 00:00:00+00:00,159.88882543428275,161.02802376875837,157.24231909678326,158.71289228395224,158.71289228395224,5736425.0,sample,2026-09-24 19:05:19.563581+00:00
TSLA,2023-12-29 00:00:00+00:00,158.72966366432823,160.22424646202197,155.95078788281495,156.38052123834888,156.38052123834888,3016242.0,sample,2026-09-24 19:05:19.563581+00:00
TSLA,2024-01-01 00:00:00+00:00,156.63122531780525,158.51000145699095,153.1203303408679,154.56584675681384,154.56584675681384,13246676.0,sample,2026-09-24 19:05:19.563581+00:00
TSLA,2024-01-02 00:00:00+00:00,154.63245443293795,157.28622640848698,153.96622032370252,156.56712409006877,156.56712409006877,8372917.0,sample,2026-09-24 19:05:19.563581+00:00
TSLA,2024-01-03 00:00:00+00:00,156.58819624107946,158.7266035956515,154.8917481232243,157.94358534034038,157.94358534034038,9095558.0,sample,2026-09-24 19:05:19.563581+00:00
TSLA,2024-01-04 00:00:00+00:00,158.10943705049957,161.36835253306654,156.85836699020976,159.61244448645755,159.61244448645755,12982692.0,sample,2026-09-24 19:05:19.563581+00:00
TSLA,2024-01-05 00:00:00+00:00,160.35857331896577,160.81566116963413,157.45618619639382,158.31703466883042,158.31703466883042,14157142.0,sample,2026-09-24 19:05:19.563581+00:00
TSLA,2024-01-08 00:00:00+00:00,158.38885584559077,159.313223262324,154.20767934043897,154.40822115854522,154.40822115854522,4827372.0,sample,2026-09-24 19:05:19.563581+00:00
TSLA,2024-01-09 00:00:00+00:00,154.24552480951505,157.82816129126547,153.12284607902595,156.69410716050015,156.69410716050015,9831516.0,sample,2026-09-24 19:05:19.563581+00:00
TSLA,2024-01-10 00:00:00+00:00,156.6080220774034,158.16365867755255,152.69481403625247,152.90343984703694,152.90343984703694,14559680.0,sample,2026-09-24 19:05:19.563581+00:00
TSLA,2024-01-11 00:00:00+00:00,152.61792674657133,153.07765885173663,150.29051682803336,151.15111128531532,151.15111128531532,17815567.0,sample,2026-09-24 19:05:19.563581+00:00
TSLA,2024-01-12 00:00:00+00:00,151.02404092700206,154.23373238783333,149.2560280696458,153.2452657085526,153.2452657085526,11474007.0,sample,2026-09-24 19:05:19.563581+00:00
TSLA,2024-01-15 00:00:00+00:00,153.1744086621613,154.4826504772774,151.18086226767193,152.39047792164402,152.39047792164402,10171022.0,sample,2026-09-24 19:05:19.563581+00:00
TSLA,2024-01-16 00:00:00+00:00,152.32115859563854,153.0171504353761,150.61202575295655,151.5564082932492,151.5564082932492,15060044.0,sample,2026-09-24 19:05:19.563581+00:00
TSLA,2024-01-17 00:00:00+00:00,151.87840085071136,156.30513366996632,151.00695359801966,155.5252510399754,155.5252510399754,14420787.0,sample,2026-09-24 19:05:19.563581+00:00
TSLA,2024-01-18 00:00:00+00:00,155.4621404622926,161.27219496360493,155.000784799825,159.41704731311685,159.41704731311685,12411408.0,sample,2026-09-24 19:05:19.563581+00:00
TSLA,2024-01-19 00:00:00+00:00,159.2308060577696,162.75168922982982,158.47563237404785,161.24140143567703,161.24140143567703,10357872.0,sample,2026-09-24 19:05:19.563581+00:00
TSLA,2024-01-22 00:00:00+00:00,161.37353224976093,161.93718636481282,160.26834045337307,161.7558480103557,161.7558480103557,8773630.0,sample,2026-09-24 19:05:19.563581+00:00
TSLA,2024-01-23 00:00:00+00:00,161.78918449835902,163.0464457879028,158.20358875248215,159.3157630593572,159.3157630593572,1568476.0,sample,2026-09-24 19:05:19.563581+00:00
TSLA,2024-01-24 00:00:00+00:00,158.9299345226841,159.09367969460268,153.18009703351984,154.69632158838442,154.69632158838442,13640555.0,sample,2026-09-24 19:05:19.563581+00:00
TSLA,2024-01-25 00:00:00+00:00,154.65983100810783,164.75732430166235,153.61769224514376,163.2556217332897,163.2556217332897,9945098.0,sample,2026-09-24 19:05:19.563581+00:00
TSLA,2024-01-26 00:00:00+00:00,163.3034010153059,168.78313604747837,161.41533124490988,167.410268696402,167.410268696402,12894893.0,sample,2026-09-24 19:05:19.563581+00:00
TSLA,2024-01-29 00:00:00+00:00,167.8289711940699,169.5537958680103,164.06079558177106,165.6928540745991,165.6928540745991,16953380.0,sample,2026-09-24 19:05:19.563581+00:00
TSLA,2024-01-30 00:00:00+00:00,165.96084331992697,167.45828182679924,159.57877919496968,161.12389641502227,161.12389641502227,8507823.0,sample,2026-09-24 19:05:19.563581+00:00
TSLA,2024-01-31 00:00:00+00:00,160.73160887844543,163.53642592085777,158.8657199473525,161.71507256067912,161.71507256067912,16653159.0,sample,2026-09-24 19:05:19.563581+00:00
TSLA,2024-02-01 00:00:00+00:00,161.14118081777355,161.92743854488637,159.72732496073257,161.67222330827283,161.67222330827283,12994911.0,sample,2026-09-24 19:05:19.563581+00:00
TSLA,2024-02-02 00:00:00+00:00,161.83876676444078,163.03459308025523,158.92123200554738,159.82630438728796,159.82630438728796,14140441.0,sample,2026-09-24 19:05:19.563581+00:00
TSLA,2024-02-05 00:00:00+00:00,160.0362973688856,162.28955712508392,159.05768824457664,161.5478875031543,161.5478875031543,6628354.0,sample,2026-09-24 19:05:19.563581+00:00
TSLA,2024-02-06 00:00:00+00:00,161.7013480683162,163.64024092336936,158.9496887782011,160.66636859817214,160.66636859817214,2192511.0,sample,2026-09-24 19:05:19.563581+00:00
TSLA,2024-02-07 00:00:00+00:00,160.69059837032157,160.9230255977228,158.26056351365796,159.6818418000401,159.6818418000401,12931997.0,sample,2026-09-24 19:05:19.563581+00:00
TSLA,2024-02-08 00:00:00+00:00,160.1052651040074,161.97554559706805,159.5216224438718,161.44856015209317,161.44856015209317,3817682.0,sample,2026-09-24 19:05:19.563581+00:00
TSLA,2024-02-09 00:00:00+00:00,161.55354262237552,162.13446043328358,157.0476111250795,157.6339763285091,157.6339763285091,14684266.0,sample,2026-09-24 19:05:19.563581+00:00
TSLA,2024-02-12 00:00:00+00:00,157.4684504928946,161.83590050349622,156.8551036686851,161.1570444914477,161.1570444914477,15081459.0,sample,2026-09-24 19:05:19.563581+00:00
TSLA,2024-02-13 00:00:00+00:00,160.41016008059816,164.09528480091063,159.43361609435928,163.73213894486116,163.73213894486116,3889338.0,sample,2026-09-24 19:05:19.563581+00:00
TSLA,2024-02-14 00:00:00+00:00,163.66218566351105,164.46434850210042,160.1874572276719,160.5207029152161,160.5207029152161,3180865.0,sample,2026-09-24 19:05:19.563581+00:00
TSLA,2024-02-15 00:00:00+00:00,160.50108949310433,164.0935078090992,160.33478075163822,162.2708901457622,162.2708901457622,17845238.0,sample,2026-09-24 19:05:19.563581+00:00
TSLA,2024-02-16 00:00:00+00:00,162.32653122912734,163.8098024386064,158.44320743987947,160.2253986202635,160.2253986202635,14943795.0,sample,2026-09-24 19:05:19.563581+00:00
TSLA,2024-02-19 00:00:00+00:00,160.52991013429983,160.92403190086253,159.58383795168217,160.6858802193744,160.6858802193744,12345546.0,sample,2026-09-24 19:05:19.563581+00:00
TSLA,2024-02-20 00:00:00+00:00,160.3706262629403,162.7154255598329,159.10447809432083,161.2631108031927,161.2631108031927,6178366.0,sample,2026-09-24 19:05:19.563581+00:00
TSLA,2024-02-21 00:00:00+00:00,161.68860763292125,164.51997780352744,160.61493359039963,162.91193668537665,162.91193668537665,4774272.0,sample,2026-09-24 19:05:19.563581+00:00
TSLA,2024-02-22 00:00:00+00:00,162.88503046922384,164.017416464445,160.96665372015312,162.59997848691447,162.59997848691447,9146815.0,sample,2026-09-24 19:05:19.563581+00:00
TSLA,2024-02-23 00:00:00+00:00,162.5123634793158,168.98794234414623,161.5088625522337,168.46374574201445,168.46374574201445,15819381.0,sample,2026-09-24 19:05:19.563581+00:00
TSLA,2024-02-26 00:00:00+00:00,168.26816755751508,169.54931935051883,166.65313907645069,166.89159218778656,166.89159218778656,15340025.0,sample,2026-09-24 19:05:19.563581+00:00
TSLA,2024-02-27 00:00:00+00:00,167.03582450169623,171.66717409834047,166.34045721049333,170.58854766048316,170.58854766048316,2584271.0,sample,2026-09-24 19:05:19.563581+00:00
TSLA,2024-02-28 00:00:00+00:00,170.5246287603006,171.4748245876519,169.11251595442218,169.9153056247381,169.9153056247381,10161423.0,sample,2026-09-24 19:05:19.563581+00:00
TSLA,2024-02-29 00:00:00+00:00,169.9502280234246,171.50369937034742,168.0503213997123,169.49418895038525,169.49418895038525,16821365.0,sample,2026-09-24 19:05:19.563581+00:00
TSLA,2024-03-01 00:00:00+00:00,169.8466818706385,170.43943410485494,166.29115057509952,167.1105945825802,167.1105945825802,6863868.0,sample,2026-09-24 19:05:19.563581+00:00
TSLA,2024-03-04 00:00:00+00:00,167.24594772491682,168.14799470961702,163.83661660343463,164.30007470694292,164.30007470694292,3191185.0,sample,2026-09-24 19:05:19.563581+00:00
TSLA,2024-03-05 00:00:00+00:00,164.15854220861556,168.3333656960534,163.22634717499557,167.92203756372214,167.92203756372214,14999590.0,sample,2026-09-24 19:05:19.563581+00:00
TSLA,2024-03-06 00:00:00+00:00,168.08656228912113,170.1075410364271,166.14783295232985,168.559784748114,168.559784748114,10119790.0,sample,2026-09-24 19:05:19.563581+00:00
TSLA,2024-03-07 00:00:00+00:00,168.17239998845199,171.48153750604203,167.78335460556275,170.0894068425604,170.0894068425604,10786361.0,sample,2026-09-24 19:05:19.563581+00:00
TSLA,2024-03-08 00:00:00+00:00,170.30584634157017,171.413809029611,169.59994875428612,169.8603629455458,169.8603629455458,9754111.0,sample,2026-09-24 19:05:19.563581+00:00
TSLA,2024-03-11 00:00:00+00:00,169.62175429158137,172.79065627330993,167.97528687687972,172.0304076590523,172.0304076590523,15226352.0,sample,2026-09-24 19:05:19.563581+00:00
TSLA,2024-03-12 00:00:00+00:00,172.10640996820482,178.80259424547276,170.8924911121007,177.36712812990552,177.36712812990552,9685756.0,sample,2026-09-24 19:05:19.563581+00:00
TSLA,2024-03-13 00:00:00+00:00,177.3582637843704,181.1215182060258,175.6064810743862,179.11094684602008,179.11094684602008,16577231.0,sample,2026-09-24 19:05:19.563581+00:00
TSLA,2024-03-14 00:00:00+00:00,179.4084891887823,181.2767813702094,178.3013875304163,179.41595778239298,179.41595778239298,5694895.0,sample,2026-09-24 19:05:19.563581+00:00
TSLA,2024-03-15 00:00:00+00:00,179.73902329582572,180.23380234126782,177.05163007383706,177.92525195056976,177.92525195056976,13974730.0,sample,2026-09-24 19:05:19.563581+00:00
TSLA,2024-03-18 00:00:00+00:00,178.42890425552758,179.16462471286627,174.00738117318113,174.75809859728457,174.75809859728457,12828803.0,sample,2026-09-24 19:05:19.563581+00:00
TSLA,2024-03-19 00:00:00+00:00,175.09139235653186,175.29922378432985,169.30871184960506,169.4896887151425,169.4896887151425,11485277.0,sample,2026-09-24 19:05:19.563581+00:00
TSLA,2024-03-20 00:00:00+00:00,169.50373011423312,171.48980391910638,166.23112344299668,167.7901412373529,167.7901412373529,6245209.0,sample,2026-09-24 19:05:19.563581+00:00
TSLA,2024-03-21 00:00:00+00:00,167.54882705755233,168.07855134154065,161.92552680793847,163.67501128857123,163.67501128857123,7771457.0,sample,2026-09-24 19:05:19.563581+00:00
TSLA,2024-03-22 00:00:00+00:00,163.85647911853613,164.81948489380946,160.38923420434386,161.91020761007948,161.91020761007948,15489178.0,sample,2026-09-24 19:05:19.563581+00:00
TSLA,2024-03-25 00:00:00+00:00,161.2180162186629,162.06346562371226,160.6722348033296,161.3345129971303,161.3345129971303,4141490.0,sample,2026-09-24 19:05:19.563581+00:00
TSLA,2024-03-26 00:00:00+00:00,161.27464168903032,163.1150190991209,159.80462768652043,161.3284963643956,161.3284963643956,8426775.0,sample,2026-09-24 19:05:19.563581+00:00
TSLA,2024-03-27 00:00:00+00:00,161.55226812777127,163.33694442690913,154.8403081578113,156.105145839266,156.105145839266,3710650.0,sample,2026-09-24 19:05:19.563581+00:00
TSLA,2024-03-28 00:00:00+00:00,155.60800363583556,156.76964076518885,155.07931834452305,155.66509650977895,155.66509650977895,11768404.0,sample,2026-09-24 19:05:19.563581+00:00
TSLA,2024-03-29 00:00:00+00:00,155.89115786671456,159.8448838429054,155.07989123529688,158.55340336106343,158.55340336106343,8864002.0,sample,2026-09-24 19:05:19.563581+00:00
TSLA,2024-04-01 00:00:00+00:00,158.95043238488117,160.40672689143193,155.47025585765354,155.81060760218202,155.81060760218202,12495801.0,sample,2026-09-24 19:05:19.563581+00:00
TSLA,2024-04-02 00:00:00+00:00,155.69764944946778,158.54295831948178,155.16861203128698,157.8661837350476,157.8661837350476,16461062.0,sample,2026-09-24 19:05:19.563581+00:00
TSLA,2024-04-03 00:00:00+00:00,157.64442179820176,158.68865745889912,156.65300804168407,157.89164563390662,157.89164563390662,16595903.0,sample,2026-09-24 19:05:19.563581+00:00
TSLA,2024-04-04 00:00:00+00:00,157.66070520165175,158.74883952517763,154.77603650767742,156.0145124718644,156.0145124718644,16395293.0,sample,2026-09-24 19:05:19.563581+00:00
TSLA,2024-04-05 00:00:00+00:00,156.09477366224007,162.20190647785088,155.27121400269982,161.886224583782,161.886224583782,14704130.0,sample,2026-09-24 19:05:19.563581+00:00
TSLA,2024-04-08 00:00:00+00:00,161.45144857547024,163.90598681298977,160.92598159695405,162.44712600038125,162.44712600038125,13084493.0,sample,2026-09-24 19:05:19.563581+00:00
TSLA,2024-04-09 00:00:00+00:00,162.27694024240998,164.11553201736993,158.5054188990477,159.48720464934723,159.48720464934723,4565581.0,sample,2026-09-24 19:05:19.563581+00:00
TSLA,2024-04-10 00:00:00+00:00,159.5869974024023,162.87221289213213,159.3295954312132,162.44923394423222,162.44923394423222,4025945.0,sample,2026-09-24 19:05:19.563581+00:00
TSLA,2024-04-11 00:00:00+00:00,162.23708627150592,164.8284270642962,160.98713798941867,163.45775419831398,163.45775419831398,9855087.0,sample,2026-09-24 19:05:19.563581+00:00
TSLA,2024-04-12 00:00:00+00:00,163.5126923784999,165.25502600751153,159.66978333786165,160.47937685379978,160.47937685379978,5553805.0,sample,2026-09-24 19:05:19.563581+00:00
TSLA,2024-04-15 00:00:00+00:00,161.07211406388896,166.64525951006766,160.1560546115936,166.06235012274732,166.06235012274732,4616582.0,sample,2026-09-24 19:05:19.563581+00:00
TSLA,2024-04-16 00:00:00+00:00,166.1466529528768,167.66723590662377,162.69446794050472,164.0096873082249,164.0096873082249,15845554.0,sample,2026-09-24 19:05:19.563581+00:00
TSLA,2024-04-17 00:00:00+00:00,164.33648876632657,164.83204882867872,159.55399301879615,161.31071916291842,161.31071916291842,5013728.0,sample,2026-09-24 19:05:19.563581+00:00
TSLA,2024-04-18 00:00:00+00:00,161.75299005274903,163.59741883982284,159.19764090655252,159.94818540916225,159.94818540916225,8148567.0,sample,2026-09-24 19:05:19.563581+00:00
TSLA,2024-04-19 00:00:00+00:00,159.95897278557297,161.5964673749872,150.69627065478184,152.1132736444515,152.1132736444515,7976196.0,sample,2026-09-24 19:05:19.563581+00:00
TSLA,2024-04-22 00:00:00+00:00,152.19967828529616,156.9874324532823,150.78984275915855,155.85304661475578,155.85304661475578,5113520.0,sample,2026-09-24 19:05:19.563581+00:00
TSLA,2024-04-23 00:00:00+00:00,155.763318575337,156.11988432895632,148.33825764259373,149.60693261452562,149.60693261452562,3105235.0,sample,2026-09-24 19:05:19.563581+00:00
TSLA,2024-04-24 00:00:00+00:00,149.38831158130554,150.35646604281453,145.6213503015066,146.17813221479418,146.17813221479418,13287661.0,sample,2026-09-24 19:05:19.563581+00:00
TSLA,2024-04-25 00:00:00+00:00,146.3947729402423,147.8666564873673,144.1984779397632,145.5899226929619,145.5899226929619,17941195.0,sample,2026-09-24 19:05:19.563581+00:00
TSLA,2024-04-26 00:00:00+00:00,145.62954255071833,146.75686141302913,143.65472173172117,144.81294579103255,144.81294579103255,6026642.0,sample,2026-09-24 19:05:19.563581+00:00
TSLA,2024-04-29 00:00:00+00:00,144.68005213229293,145.2919013285788,141.63601662802157,143.21146472946324,143.21146472946324,3141739.0,sample,2026-09-24 19:05:19.563581+00:00
TSLA,2024-04-30 00:00:00+00:00,143.2576258657877,145.29406570974317,142.66226530177983,143.9765428571509,143.9765428571509,4712203.0,sample,2026-09-24 19:05:19.563581+00:00
TSLA,2024-05-01 00:00:00+00:00,143.651639497509,148.02366405568583,143.15794053696698,147.5752112268826,147.5752112268826,10802114.0,sample,2026-09-24 19:05:19.563581+00:00
TSLA,2024-05-02 00:00:00+00:00,147.2115148596735,148.44556858875316,143.10192778598102,144.27056128455678,144.27056128455678,4557383.0,sample,2026-09-24 19:05:19.563581+00:00
TSLA,2024-05-03 00:00:00+00:00,144.2509960367125,145.53998091330496,138.97697890996332,140.21929628042957,140.21929628042957,3971471.0,sample,2026-09-24 19:05:19.563581+00:00
TSLA,2024-05-06 00:00:00+00:00,140.39103657661602,141.28372636005875,137.42761233581876,138.0978874930633,138.0978874930633,10206176.0,sample,2026-09-24 19:05:19.563581+00:00
TSLA,2024-05-07 00:00:00+00:00,137.9774267539398,144.42547225047255,137.09128569222594,142.91189968450567,142.91189968450567,14969819.0,sample,2026-09-24 19:05:19.563581+00:00
TSLA,2024-05-08 00:00:00+00:00,142.74779620004128,143.37633538599323,141.93960324600351,143.05147976257686,143.05147976257686,10525479.0,sample,2026-09-24 19:05:19.563581+00:00
TSLA,2024-05-09 00:00:00+00:00,143.25783367181631,144.70277009976536,141.83408734681998,144.3735848042289,144.3735848042289,16147874.0,sample,2026-09-24 19:05:19.563581+00:00
TSLA,2024-05-10 00:00:00+00:00,144.38154572330527,145.9268723320569,143.5620611008811,144.25091158588967,144.25091158588967,14199915.0,sample,2026-09-24 19:05:19.563581+00:00
TSLA,2024-05-13 00:00:00+00:00,144.19743187896057,145.3268999394953,142.9035490055104,143.79250371776612,143.79250371776612,9531237.0,sample,2026-09-24 19:05:19.563581+00:00
TSLA,2024-05-14 00:00:00+00:00,143.76336644283313,144.1161892613847,141.45197738513335,141.71893064064497,141.71893064064497,15800708.0,sample,2026-09-24 19:05:19.563581+00:00
TSLA,2024-05-15 00:00:00+00:00,141.594373206037,141.9105832522012,136.69572241647666,138.07579733633654,138.07579733633654,13776913.0,sample,2026-09-24 19:05:19.563581+00:00
TSLA,2024-05-16 00:00:00+00:00,137.861943835145,143.7664866150432,136.2481775579085,142.6415434575726,142.6415434575726,17398878.0,sample,2026-09-24 19:05:19.563581+00:00
TSLA,2024-05-17 00:00:00+00:00,142.67774194858774,143.10928551551714,140.6045008608983,142.26535127934312,142.26535127934312,14519170.0,sample,2026-09-24 19:05:19.563581+00:00
TSLA,2024-05-20 00:00:00+00:00,141.9218589734918,142.41134996492875,140.28243226600753,141.8566382169675,141.8566382169675,5700551.0,sample,2026-09-24 19:05:19.563581+00:00
TSLA,2024-05-21 00:00:00+00:00,141.83212601122153,143.93255512883823,140.96671775615167,143.5358368002612,143.5358368002612,12831972.0,sample,2026-09-24 19:05:19.563581+00:00
TSLA,2024-05-22 00:00:00+00:00,143.57447223059899,145.2169856378582,142.83460735151155,143.71395618017587,143.71395618017587,10652060.0,sample,2026-09-24 19:05:19.563581+00:00
TSLA,2024-05-23 00:00:00+00:00,143.61640020478785,144.48045451559582,137.39778875748604,137.66544127548562,137.66544127548562,13395817.0,sample,2026-09-24 19:05:19.563581+00:00
TSLA,2024-05-24 00:00:00+00:00,137.37972976176889,144.04932400294862,137.1539030221252,143.33989386849478,143.33989386849478,9931023.0,sample,2026-09-24 19:05:19.563581+00:00
TSLA,2024-05-27 00:00:00+00:00,143.6241181494475,146.56672419773506,143.42398321431003,146.02750002565776,146.02750002565776,3508315.0,sample,2026-09-24 19:05:19.563581+00:00
TSLA,2024-05-28 00:00:00+00:00,145.87261888879817,147.3768157924837,143.7793140601441,145.2187468153747,145.2187468153747,2563432.0,sample,2026-09-24 19:05:19.563581+00:00
TSLA,2024-05-29 00:00:00+00:00,145.0397975992286,149.09943127485923,144.18576584648162,147.42677826260893,147.42677826260893,3820893.0,sample,2026-09-24 19:05:19.563581+00:00
TSLA,2024-05-30 00:00:00+00:00,147.34624136554672,148.54030779365243,146.34826642798174,146.782443030814,146.782443030814,5724149.0,sample,2026-09-24 19:05:19.563581+00:00
TSLA,2024-05-31 00:00:00+00:00,147.11347295712852,147.94068537536344,142.6607049649753,144.32709441953773,144.32709441953773,15436060.0,sample,2026-09-24 19:05:19.563581+00:00
TSLA,2024-06-03 00:00:00+00:00,144.48658378891903,144.98830262068228,142.68494276244408,143.803606654561,143.803606654561,13049969.0,sample,2026-09-24 19:05:19.563581+00:00
TSLA,2024-06-04 00:00:00+00:00,144.12675763690865,146.98849229128808,143.33015972490608,146.51140358494038,146.51140358494038,6956561.0,sample,2026-09-24 19:05:19.563581+00:00
TSLA,2024-06-05 00:00:00+00:00,146.68773961857494,153.4410788530723,146.03832862546918,151.96963112117177,151.96963112117177,13703651.0,sample,2026-09-24 19:05:19.563581+00:00
TSLA,2024-06-06 00:00:00+00:00,152.63331308365244,154.17369740802258,147.52823849896006,149.1230807211105,149.1230807211105,10300638.0,sample,2026-09-24 19:05:19.563581+00:00
TSLA,2024-06-07 00:00:00+00:00,148.97760707523884,149.72138163085182,147.36193596905832,147.55335300179473,147.55335300179473,13678892.0,sample,2026-09-24 19:05:19.563581+00:00
TSLA,2024-06-10 00:00:00+00:00,147.97386137393818,149.7279869248402,144.36373176484838,145.1679728374626,145.1679728374626,6601745.0,sample,2026-09-24 19:05:19.563581+00:00
TSLA,2024-06-11 00:00:00+00:00,145.54641577971324,147.21958137625623,143.5834920235048,144.09988802681818,144.09988802681818,9637646.0,sample,2026-09-24 19:05:19.563581+00:00
TSLA,2024-06-12 00:00:00+00:00,144.08218439304756,145.83842362926598,142.91030421574405,145.19836532650007,145.19836532650007,16760121.0,sample,2026-09-24 19:05:19.563581+00:00
TSLA,2024-06-13 00:00:00+00:00,145.09825263732336,148.06327260516872,144.07812280114655,147.62887110903802,147.62887110903802,13853862.0,sample,2026-09-24 19:05:19.563581+00:00
TSLA,2024-06-14 00:00:00+00:00,147.3145024042472,148.1333222411075,146.13135440134877,147.4842099287131,147.4842099287131,17971161.0,sample,2026-09-24 19:05:19.563581+00:00
TSLA,2024-06-17 00:00:00+00:00,147.35889119956946,148.37210776583214,143.62167565644145,144.9446802679251,144.9446802679251,17081158.0,sample,2026-09-24 19:05:19.563581+00:00
TSLA,2024-06-18 00:00:00+00:00,144.90740483336762,147.21932095065432,144.34214389192812,146.57215519094382,146.57215519094382,8228903.0,sample,2026-09-24 19:05:19.563581+00:00
TSLA,2024-06-19 00:00:00+00:00,146.21075494641389,147.9817440974228,145.9992125912456,147.27624794039545,147.27624794039545,7028224.0,sample,2026-09-24 19:05:19.563581+00:00
TSLA,2024-06-20 00:00:00+00:00,146.894291559919,148.66803040090085,146.71828286569624,147.1241891918912,147.1241891918912,16731339.0,sample,2026-09-24 19:05:19.563581+00:00
TSLA,2024-06-21 00:00:00+00:00,147.1044437217868,148.58153612218337,143.5189325630005,144.3063292071951,144.3063292071951,6527345.0,sample,2026-09-24 19:05:19.563581+00:00
TSLA,2024-06-24 00:00:00+00:00,144.39489485124537,145.75430072025333,140.8603247788153,141.560765806224,141.560765806224,13927697.0,sample,2026-09-24 19:05:19.563581+00:00
TSLA,2024-06-25 00:00:00+00:00,141.89173510544344,143.06147027810533,135.95530083469708,136.70645199678006,136.70645199678006,10261395.0,sample,2026-09-24 19:05:19.563581+00:00
TSLA,2024-06-26 00:00:00+00:00,136.36583078316013,137.95413380241743,127.1924009337602,128.40528680598715,128.40528680598715,15881533.0,sample,2026-09-24 19:05:19.563581+00:00
TSLA,2024-06-27 00:00:00+00:00,128.72643209179495,132.0910301469603,128.43733631762683,131.26355512823213,131.26355512823213,14238501.0,sample,2026-09-24 19:05:19.563581+00:00
TSLA,2024-06-28 00:00:00+00:00,131.6817601870478,132.06149792535632,128.40656358558232,129.58765676908945,129.58765676908945,8803967.0,sample,2026-09-24 19:05:19.563581+00:00
TSLA,2024-07-01 00:00:00+00:00,129.12600853310144,130.14654950608733,128.73044587763755,129.2875666981034,129.2875666981034,15457088.0,sample,2026-09-24 19:05:19.563581+00:00
TSLA,2024-07-02 00:00:00+00:00,129.63108263863145,131.9151003422387,128.18967909069517,130.88831822556554,130.88831822556554,16421479.0,sample,2026-09-24 19:05:19.563581+00:00
TSLA,2024-07-03 00:00:00+00:00,130.72930322284657,133.74974786613348,129.3848304223718,133.5132192495862,133.5132192495862,6876650.0,sample,2026-09-24 19:05:19.563581+00:00
TSLA,2024-07-04 00:00:00+00:00,133.38764658060794,133.7876634174115,130.18704360689594,131.35133081354783,131.35133081354783,16069470.0,sample,2026-09-24 19:05:19.563581+00:00
TSLA,2024-07-05 00:00:00+00:00,131.1459469015265,132.17142758051813,128.34154124122105,129.1084962401426,129.1084962401426,6297875.0,sample,2026-09-24 19:05:19.563581+00:00
TSLA,2024-07-08 00:00:00+00:00,129.043197428595,129.9454292744329,126.86624915027987,128.12494842135678,128.12494842135678,8751036.0,sample,2026-09-24 19:05:19.563581+00:00
TSLA,2024-07-09 00:00:00+00:00,128.579518717649,129.9267998951043,126.64677281571419,126.88402634016003,126.88402634016003,8055918.0,sample,2026-09-24 19:05:19.563581+00:00
TSLA,2024-07-10 00:00:00+00:00,127.45857080532113,127.86691138892058,126.05366977056582,127.0508458902011,127.0508458902011,16428040.0,sample,2026-09-24 19:05:19.563581+00:00
TSLA,2024-07-11 00:00:00+00:00,126.87468030515682,127.79902180383282,126.38571679775175,127.29138271942922,127.29138271942922,3966796.0,sample,2026-09-24 19:05:19.563581+00:00
TSLA,2024-07-12 00:00:00+00:00,128.1694226680886,129.81569476813556,127.66665997926384,128.91799647770677,128.91799647770677,2736202.0,sample,2026-09-24 19:05:19.563581+00:00
TSLA,2024-07-15 00:00:00+00:00,129.3240692183662,131.1222704184106,128.4729292004502,130.03349576335344,130.03349576335344,16240967.0,sample,2026-09-24 19:05:19.563581+00:00
TSLA,2024-07-16 00:00:00+00:00,129.72348945011393,132.47602736977967,128.85893849548296,131.01678256384903,131.01678256384903,17646354.0,sample,2026-09-24 19:05:19.563581+00:00
TSLA,2024-07-17 00:00:00+00:00,131.23987939376997,131.74959895816275,124.33194934417824,125.29070028768265,125.29070028768265,14045187.0,sample,2026-09-24 19:05:19.563581+00:00
TSLA,2024-07-18 00:00:00+00:00,125.49893440537518,126.72606217336441,123.35036294662484,124.28465776763883,124.28465776763883,14607781.0,sample,2026-09-24 19:05:19.563581+00:00
TSLA,2024-07-19 00:00:00+00:00,123.98885125722462,124.43496365862251,123.51185795347628,123.97892080993863,123.97892080993863,3179525.0,sample,2026-09-24 19:05:19.563581+00:00
TSLA,2024-07-22 00:00:00+00:00,124.37581906017309,125.26089440311048,122.7107043936709,123.68717209675643,123.68717209675643,11256563.0,sample,2026-09-24 19:05:19.563581+00:00
TSLA,2024-07-23 00:00:00+00:00,123.61912042720117,129.41385936328086,122.15563032346513,128.1980336624123,128.1980336624123,13128743.0,sample,2026-09-24 19:05:19.563581+00:00
TSLA,2024-07-24 00:00:00+00:00,128.5512169050303,129.9222050620626,128.13535727006524,129.62576921377527,129.62576921377527,2436072.0,sample,2026-09-24 19:05:19.563581+00:00
TSLA,2024-07-25 00:00:00+00:00,129.64608931365862,130.54118359435938,124.43330696586969,125.67484620812589,125.67484620812589,16454975.0,sample,2026-09-24 19:05:19.563581+00:00
TSLA,2024-07-26 00:00:00+00:00,125.43969506224295,129.25876307076396,125.27926881353368,127.81274625393392,127.81274625393392,13093425.0,sample,2026-09-24 19:05:19.563581+00:00
TSLA,2024-07-29 00:00:00+00:00,127.76089713359617,133.12443215466908,126.98073600020342,132.03730202941384,132.03730202941384,12404840.0,sample,2026-09-24 19:05:19.563581+00:00
TSLA,2024-07-30 00:00:00+00:00,131.98678883882198,140.28968146595142,130.76601348057932,139.05898587861816,139.05898587861816,15512360.0,sample,2026-09-24 19:05:19.563581+00:00
TSLA,2024-07-31 00:00:00+00:00,138.8399497428814,142.19984884684317,137.82050372393007,140.89456832316523,140.89456832316523,17606205.0,sample,2026-09-24 19:05:19.563581+00:00
TSLA,2024-08-01 00:00:00+00:00,140.76990525075396,144.28018952911526,139.8467302066092,143.76371714171987,143.76371714171987,16365367.0,sample,2026-09-24 19:05:19.563581+00:00
TSLA,2024-08-02 00:00:00+00:00,143.19327968801105,146.49335386486302,142.51408733161853,145.51287038579397,145.51287038579397,14181753.0,sample,2026-09-24 19:05:19.563581+00:00
TSLA,2024-08-05 00:00:00+00:00,145.76310236106923,151.8385436857682,144.43886852097555,150.3629487727977,150.3629487727977,9272719.0,sample,2026-09-24 19:05:19.563581+00:00
TSLA,2024-08-06 00:00:00+00:00,150.40469087128676,151.08647513857235,143.13978935672884,144.60869639101543,144.60869639101543,4615260.0,sample,2026-09-24 19:05:19.563581+00:00
TSLA,2024-08-07 00:00:00+00:00,144.1918490370972,148.52370707030033,143.0883248482747,148.03303184989403,148.03303184989403,17252302.0,sample,2026-09-24 19:05:19.563581+00:00
TSLA,2024-08-08 00:00:00+00:00,148.11469506775717,149.5188286628813,142.8243744987756,143.02379009476246,143.02379009476246,8066605.0,sample,2026-09-24 19:05:19.563581+00:00
TSLA,2024-08-09 00:00:00+00:00,142.74922906470098,143.71590781163863,141.51118010919075,143.3033937846103,143.3033937846103,11733208.0,sample,2026-09-24 19:05:19.563581+00:00
TSLA,2024-08-12 00:00:00+00:00,143.45179399272817,151.07910713269035,142.7342066200551,149.6688414300744,149.6688414300744,9817205.0,sample,2026-09-24 19:05:19.563581+00:00
TSLA,2024-08-13 00:00:00+00:00,149.34378871401404,150.63777547277132,148.3840425337989,149.84371669094708,149.84371669094708,8614254.0,sample,2026-09-24 19:05:19.563581+00:00
TSLA,2024-08-14 00:00:00+00:00,149.983366780622,155.0961922816608,148.5869032028128,154.67775555283075,154.67775555283075,9963346.0,sample,2026-09-24 19:05:19.563581+00:00
TSLA,2024-08-15 00:00:00+00:00,154.34659920051968,155.1676924449084,152.8942293112711,153.53226584850955,153.53226584850955,8611729.0,sample,2026-09-24 19:05:19.563581+00:00
TSLA,2024-08-16 00:00:00+00:00,152.93069395460117,156.8632283774262,151.30882652582966,155.77809225281143,155.77809225281143,2228059.0,sample,2026-09-24 19:05:19.563581+00:00
TSLA,2024-08-19 00:00:00+00:00,155.78656785678356,156.90080283468833,152.62345473308437,153.30390035836854,153.30390035836854,1553385.0,sample,2026-09-24 19:05:19.563581+00:00
TSLA,2024-08-20 00:00:00+00:00,153.30684718265888,154.7013897207801,151.34322788289325,151.59305998840108,151.59305998840108,4304850.0,sample,2026-09-24 19:05:19.563581+00:00
TSLA,2024-08-21 00:00:00+00:00,152.05438951456406,152.991702839298,146.45817010764878,147.44830476773302,147.44830476773302,2329367.0,sample,2026-09-24 19:05:19.563581+00:00
TSLA,2024-08-22 00:00:00+00:00,147.20298226397543,150.71065495437247,146.46005522980334,149.98283405552144,149.98283405552144,13820124.0,sample,2026-09-24 19:05:19.563581+00:00
TSLA,2024-08-23 00:00:00+00:00,150.0778084568997,153.50246016992767,148.4049816506486,152.48196468110075,152.48196468110075,2641134.0,sample,2026-09-24 19:05:19.563581+00:00
TSLA,2024-08-26 00:00:00+00:00,152.57024593566496,154.32486821958372,149.02647551717567,150.52816959182852,150.52816959182852,11332860.0,sample,2026-09-24 19:05:19.563581+00:00
TSLA,2024-08-27 00:00:00+00:00,150.06461602874563,151.75824774726107,148.7670603594146,150.3866208370244,150.3866208370244,2712080.0,sample,2026-09-24 19:05:19.563581+00:00
TSLA,2024-08-28 00:00:00+00:00,150.65185339376094,153.46844994353782,150.14620074988616,153.23976650365466,153.23976650365466,5130466.0,sample,2026-09-24 19:05:19.563581+00:00
TSLA,2024-08-29 00:00:00+00:00,152.98969435808723,154.12047102176737,152.2950371496478,153.2902024842698,153.2902024842698,7059387.0,sample,2026-09-24 19:05:19.563581+00:00
TSLA,2024-08-30 00:00:00+00:00,153.06271207043665,154.26301225038264,147.50611038465,147.9454202342855,147.9454202342855,6094890.0,sample,2026-09-24 19:05:19.563581+00:00
TSLA,2024-09-02 00:00:00+00:00,147.6453322022657,152.47649018681463,147.1458996051619,151.5112128587666,151.5112128587666,10551252.0,sample,2026-09-24 19:05:19.563581+00:00
TSLA,2024-09-03 00:00:00+00:00,151.94794961494532,153.46763383943303,146.9852594717218,148.08187313964999,148.08187313964999,13605621.0,sample,2026-09-24 19:05:19.563581+00:00
TSLA,2024-09-04 00:00:00+00:00,148.17049092980022,149.93817282374832,147.54553099031654,148.98270773992408,148.98270773992408,13009110.0,sample,2026-09-24 19:05:19.563581+00:00
TSLA,2024-09-05 00:00:00+00:00,149.0334876368388,150.43513182096655,144.33020910428496,145.04612519381374,145.04612519381374,11560054.0,sample,2026-09-24 19:05:19.563581+00:00
TSLA,2024-09-06 00:00:00+00:00,144.910989033316,146.14720340839216,141.07500953471924,141.24655232876898,141.24655232876898,7406779.0,sample,2026-09-24 19:05:19.563581+00:00
TSLA,2024-09-09 00:00:00+00:00,140.8606079934465,142.16123169019465,138.6806848791777,140.24126303141236,140.24126303141236,15503016.0,sample,2026-09-24 19:05:19.563581+00:00
TSLA,2024-09-10 00:00:00+00:00,140.3747723727357,141.358692565155,136.4115592822788,136.66094698730052,136.66094698730052,2011136.0,sample,2026-09-24 19:05:19.563581+00:00
TSLA,2024-09-11 00:00:00+00:00,136.74684033323655,138.27830206210996,135.57562318091448,135.85409954910318,135.85409954910318,15226691.0,sample,2026-09-24 19:05:19.563581+00:00
TSLA,2024-09-12 00:00:00+00:00,135.5554333947756,139.52763038962576,134.93383838436608,138.1158137795922,138.1158137795922,10424190.0,sample,2026-09-24 19:05:19.563581+00:00
TSLA,2024-09-13 00:00:00+00:00,137.52302630455463,138.76609356151076,135.68298189211868,136.6790100621081,136.6790100621081,4622675.0,sample,2026-09-24 19:05:19.563581+00:00
TSLA,2024-09-16 00:00:00+00:00,137.22702796142408,137.56120459699957,134.09480957108119,135.6440788372688,135.6440788372688,17548683.0,sample,2026-09-24 19:05:19.563581+00:00
TSLA,2024-09-17 00:00:00+00:00,135.06554520493358,136.58120842162126,132.4257322961642,134.00921343400023,134.00921343400023,17941036.0,sample,2026-09-24 19:05:19.563581+00:00
TSLA,2024-09-18 00:00:00+00:00,134.21814083214448,135.68938473410907,133.0647263455934,133.74865825140444,133.74865825140444,12953309.0,sample,2026-09-24 19:05:19.563581+00:00
TSLA,2024-09-19 00:00:00+00:00,133.939490713091,136.20798800457598,133.46179176586537,135.60858761629336,135.60858761629336,11009754.0,sample,2026-09-24 19:05:19.563581+00:00
TSLA,2024-09-20 00:00:00+00:00,135.67350405259873,136.55084803850687,133.87771555700047,134.9467750257853,134.9467750257853,8423138.0,sample,2026-09-24 19:05:19.563581+00:00
TSLA,2024-09-23 00:00:00+00:00,134.69127722394185,138.52353761027632,133.6134239617818,137.03222438108918,137.03222438108918,7677099.0,sample,2026-09-24 19:05:19.563581+00:00
TSLA,2024-09-24 00:00:00+00:00,137.0781034336222,138.39716078047977,136.48100112388033,137.15073851689186,137.15073851689186,1827545.0,sample,2026-09-24 19:05:19.563581+00:00
TSLA,2024-09-25 00:00:00+00:00,137.0804969572587,139.92317285162608,136.76294550071535,138.4056114346687,138.4056114346687,4159301.0,sample,2026-09-24 19:05:19.563581+00:00
TSLA,2024-09-26 00:00:00+00:00,138.23607910183426,139.07659104253284,137.360152429522,137.75365308195268,137.75365308195268,12867584.0,sample,2026-09-24 19:05:19.563581+00:00
TSLA,2024-09-27 00:00:00+00:00,137.23789739890125,141.24503160304525,135.65457903360232,139.8313868852261,139.8313868852261,11918341.0,sample,2026-09-24 19:05:19.563581+00:00
TSLA,2024-09-30 00:00:00+00:00,139.76802081690283,140.5357326239834,133.2150197871582,134.78780337021794,134.78780337021794,17665178.0,sample,2026-09-24 19:05:19.563581+00:00
TSLA,2024-10-01 00:00:00+00:00,135.16658523130872,137.73975708755265,133.82397006203846,136.89603680507454,136.89603680507454,13529429.0,sample,2026-09-24 19:05:19.563581+00:00
TSLA,2024-10-02 00:00:00+00:00,136.87601491506052,137.419743004367,136.45846341854596,136.9521261631328,136.9521261631328,5796402.0,sample,2026-09-24 19:05:19.563581+00:00
TSLA,2024-10-03 00:00:00+00:00,136.99123506623857,139.01079573946473,136.3343768655265,137.64962567440534,137.64962567440534,7143650.0,sample,2026-09-24 19:05:19.563581+00:00
TSLA,2024-10-04 00:00:00+00:00,137.18909335212686,145.24059084772233,136.15203255321177,145.04455544857134,145.04455544857134,6197084.0,sample,2026-09-24 19:05:19.563581+00:00
TSLA,2024-10-07 00:00:00+00:00,145.0727405311001,145.43732549614978,144.02247094655206,144.98204398914112,144.98204398914112,15692616.0,sample,2026-09-24 19:05:19.563581+00:00
TSLA,2024-10-08 00:00:00+00:00,145.09575386605087,145.2854702559076,143.64306379803918,144.06837355267268,144.06837355267268,11587407.0,sample,2026-09-24 19:05:19.563581+00:00
TSLA,2024-10-09 00:00:00+00:00,144.2273930245723,144.44462392875826,140.3025938306685,141.82324497250048,141.82324497250048,14308114.0,sample,2026-09-24 19:05:19.563581+00:00
TSLA,2024-10-10 00:00:00+00:00,141.82354738514977,142.4561063701227,141.08887181615347,141.35922454707242,141.35922454707242,10868619.0,sample,2026-09-24 19:05:19.563581+00:00
TSLA,2024-10-11 00:00:00+00:00,141.36837016003292,141.89391417231528,137.67647343606276,138.51287284239456,138.51287284239456,5881648.0,sample,2026-09-24 19:05:19.563581+00:00
TSLA,2024-10-14 00:00:00+00:00,138.14521667438956,140.0286549783308,137.84505591831902,139.19455818303837,139.19455818303837,1810054.0,sample,2026-09-24 19:05:19.563581+00:00
TSLA,2024-10-15 00:00:00+00:00,139.47005080506906,140.8478822490285,134.62646299558318,136.24857880601567,136.24857880601567,8487765.0,sample,2026-09-24 19:05:19.563581+00:00
TSLA,2024-10-16 00:00:00+00:00,136.2668505390017,136.45353422617018,133.57874809220397,134.2064800829182,134.2064800829182,9618336.0,sample,2026-09-24 19:05:19.563581+00:00
TSLA,2024-10-17 00:00:00+00:00,134.37345471975598,135.60541908059577,129.3322513345924,130.48090241073876,130.48090241073876,10753499.0,sample,2026-09-24 19:05:19.563581+00:00
TSLA,2024-10-18 00:00:00+00:00,130.61244476267126,130.76499287911886,127.21992232920283,128.26501613469785,128.26501613469785,6649623.0,sample,2026-09-24 19:05:19.563581+00:00
TSLA,2024-10-21 00:00:00+00:00,128.60944759241974,128.94616628361584,127.58923605421481,128.43415617976916,128.43415617976916,17553709.0,sample,2026-09-24 19:05:19.563581+00:00
TSLA,2024-10-22 00:00:00+00:00,128.37942259808196,131.29777218677862,127.91291941147996,130.14795902188465,130.14795902188465,4195635.0,sample,2026-09-24 19:05:19.563581+00:00
TSLA,2024-10-23 00:00:00+00:00,130.2111911470498,130.8254474515245,129.27724171691065,130.07255594163502,130.07255594163502,6348249.0,sample,2026-09-24 19:05:19.563581+00:00
TSLA,2024-10-24 00:00:00+00:00,130.07934469645886,132.35953442061572,129.06583821393417,130.84317403498108,130.84317403498108,11540538.0,sample,2026-09-24 19:05:19.563581+00:00
TSLA,2024-10-25 00:00:00+00:00,130.8933834512019,133.50322716176407,129.88832095242142,133.04005574117738,133.04005574117738,14268293.0,sample,2026-09-24 19:05:19.563581+00:00
TSLA,2024-10-28 00:00:00+00:00,133.31540961781866,139.2865895430153,132.07946404870626,139.0473082363768,139.0473082363768,15436040.0,sample,2026-09-24 19:05:19.563581+00:00
TSLA,2024-10-29 00:00:00+00:00,139.11319563846456,140.41847222862108,137.69383829475035,138.62348349250925,138.62348349250925,3389682.0,sample,2026-09-24 19:05:19.563581+00:00
TSLA,2024-10-30 00:00:00+00:00,138.53458492035307,139.0009070508737,134.4219863427943,135.1337793217895,135.1337793217895,10785140.0,sample,2026-09-24 19:05:19.563581+00:00
TSLA,2024-10-31 00:00:00+00:00,135.65896430140907,136.4125780521688,131.37490319628373,132.92951583156278,132.92951583156278,8559901.0,sample,2026-09-24 19:05:19.563581+00:00
TSLA,2024-11-01 00:00:00+00:00,132.72486934486327,133.27979243745227,130.09095479554026,130.6742776968109,130.6742776968109,2986446.0,sample,2026-09-24 19:05:19.563581+00:00
TSLA,2024-11-04 00:00:00+00:00,130.36469178902755,133.2430704524942,129.8566556987837,132.86049108447884,132.86049108447884,7455206.0,sample,2026-09-24 19:05:19.563581+00:00
TSLA,2024-11-05 00:00:00+00:00,132.88774222800606,134.27985861550948,132.24544690597918,133.85606357103592,133.85606357103592,14356821.0,sample,2026-09-24 19:05:19.563581+00:00
TSLA,2024-11-06 00:00:00+00:00,133.67891286604336,137.21986607154938,133.46081944027833,136.30941598341866,136.30941598341866,11898888.0,sample,2026-09-24 19:05:19.563581+00:00
TSLA,2024-11-07 00:00:00+00:00,136.260020329294,138.29872048917392,135.83940326068299,137.2221654547888,137.2221654547888,4253891.0,sample,2026-09-24 19:05:19.563581+00:00
TSLA,2024-11-08 00:00:00+00:00,137.37827361632304,137.54253407512385,136.19740327341935,136.56029841641327,136.56029841641327,15398313.0,sample,2026-09-24 19:05:19.563581+00:00
TSLA,2024-11-11 00:00:00+00:00,136.48218809494975,140.21082170874288,136.25828593498463,139.54660675782068,139.54660675782068,5993763.0,sample,2026-09-24 19:05:19.563581+00:00
TSLA,2024-11-12 00:00:00+00:00,139.52156777548424,141.6606545952319,138.41040844507418,140.26811923714092,140.26811923714092,16048284.0,sample,2026-09-24 19:05:19.563581+00:00
TSLA,2024-11-13 00:00:00+00:00,140.12194504708262,140.75895426592362,139.02225565846996,140.35725272993034,140.35725272993034,1946573.0,sample,2026-09-24 19:05:19.563581+00:00
TSLA,2024-11-14 00:00:00+00:00,140.5604407423653,142.38545823699113,139.3252008125506,142.0193264484472,142.0193264484472,11469289.0,sample,2026-09-24 19:05:19.563581+00:00
TSLA,2024-11-15 00:00:00+00:00,141.95098902587998,142.47776337751841,138.33112676335205,139.63335503031843,139.63335503031843,15560103.0,sample,2026-09-24 19:05:19.563581+00:00
TSLA,2024-11-18 00:00:00+00:00,139.41330789631732,142.80729192604176,138.4477192806578,142.6641861558644,142.6641861558644,7595580.0,sample,2026-09-24 19:05:19.563581+00:00
TSLA,2024-11-19 00:00:00+00:00,142.67219146798834,143.62215435890607,139.03081061010403,140.04178178911255,140.04178178911255,6443309.0,sample,2026-09-24 19:05:19.563581+00:00
TSLA,2024-11-20 00:00:00+00:00,140.52511053050694,142.6116842330878,140.03432266270875,141.05897179729746,141.05897179729746,8064646.0,sample,2026-09-24 19:05:19.563581+00:00
TSLA,2024-11-21 00:00:00+00:00,141.44277151369954,142.81123498721666,141.23895591586967,141.8801049692914,141.8801049692914,10085551.0,sample,2026-09-24 19:05:19.563581+00:00
TSLA,2024-11-22 00:00:00+00:00,141.5832671332551,146.04238081695567,140.71341563808377,145.36174865509156,145.36174865509156,15689480.0,sample,2026-09-24 19:05:19.563581+00:00
TSLA,2024-11-25 00:00:00+00:00,145.1552635401616,147.09685894898394,144.39059911321232,145.3855313014883,145.3855313014883,16828991.0,sample,2026-09-24 19:05:19.563581+00:00
TSLA,2024-11-26 00:00:00+00:00,145.13758183123474,150.2452791681786,143.4190893598115,149.19828370223908,149.19828370223908,16610046.0,sample,2026-09-24 19:05:19.563581+00:00
TSLA,2024-11-27 00:00:00+00:00,149.53499814834052,150.51307645496954,149.09325306518002,149.6286180716915,149.6286180716915,11209405.0,sample,2026-09-24 19:05:19.563581+00:00
TSLA,2024-11-28 00:00:00+00:00,149.58883539542313,151.1494154430159,145.63698432871277,146.506336904273,146.506336904273,14003020.0,sample,2026-09-24 19:05:19.563581+00:00
TSLA,2024-11-29 00:00:00+00:00,146.2501981989321,152.47479911002506,145.39851582046737,151.30259770825327,151.30259770825327,5598998.0,sample,2026-09-24 19:05:19.563581+00:00
TSLA,2024-12-02 00:00:00+00:00,151.43924532531815,154.97129745216927,150.21202133048686,154.17493470091833,154.17493470091833,10279743.0,sample,2026-09-24 19:05:19.563581+00:00
TSLA,2024-12-03 00:00:00+00:00,154.19438433415326,162.14613791044053,153.88495238546702,161.37807585507593,161.37807585507593,10509770.0,sample,2026-09-24 19:05:19.563581+00:00
TSLA,2024-12-04 00:00:00+00:00,161.76417090038981,165.90597134892994,160.0956392939635,164.56030195086547,164.56030195086547,16583630.0,sample,2026-09-24 19:05:19.563581+00:00
TSLA,2024-12-05 00:00:00+00:00,164.10684582775198,165.4606942292107,161.85469298624056,163.47617821723762,163.47617821723762,3310562.0,sample,2026-09-24 19:05:19.563581+00:00
TSLA,2024-12-06 00:00:00+00:00,163.41863933199974,163.97444541195884,157.93668292364794,159.32649682021977,159.32649682021977,2989553.0,sample,2026-09-24 19:05:19.563581+00:00
TSLA,2024-12-09 00:00:00+00:00,159.200095249376,164.17405075557076,158.3885139705162,163.2384238308411,163.2384238308411,5103090.0,sample,2026-09-24 19:05:19.563581+00:00
TSLA,2024-12-10 00:00:00+00:00,163.30725558777965,164.9092051430057,161.00435800097023,161.22797082501143,161.22797082501143,16205122.0,sample,2026-09-24 19:05:19.563581+00:00
TSLA,2024-12-11 00:00:00+00:00,161.37772590837966,163.7610933196462,159.87833291341585,163.21225041771243,163.21225041771243,5220531.0,sample,2026-09-24 19:05:19.563581+00:00
TSLA,2024-12-12 00:00:00+00:00,162.80245590391826,167.49861378351534,162.07821806262777,166.08912154102623,166.08912154102623,12652976.0,sample,2026-09-24 19:05:19.563581+00:00
TSLA,2024-12-13 00:00:00+00:00,166.51343787612078,170.3345945977643,165.0269969894226,170.057973010294,170.057973010294,7985886.0,sample,2026-09-24 19:05:19.563581+00:00
TSLA,2024-12-16 00:00:00+00:00,169.72421154205912,175.83522909802832,168.44081631337608,174.12721650767418,174.12721650767418,3557718.0,sample,2026-09-24 19:05:19.563581+00:00
TSLA,2024-12-17 00:00:00+00:00,174.31239563004686,180.9482046597539,174.11202637037223,180.14418289669982,180.14418289669982,14546002.0,sample,2026-09-24 19:05:19.563581+00:00
TSLA,2024-12-18 00:00:00+00:00,180.83987132944264,182.74482529946326,179.7418215624394,180.6784941856915,180.6784941856915,15252776.0,sample,2026-09-24 19:05:19.563581+00:00
TSLA,2024-12-19 00:00:00+00:00,181.07477102152714,183.17088683421508,176.06109131106908,178.18621534189074,178.18621534189074,8886456.0,sample,2026-09-24 19:05:19.563581+00:00
TSLA,2024-12-20 00:00:00+00:00,177.2557878157598,177.66515263808282,172.65307880977824,173.53276952586344,173.53276952586344,16062839.0,sample,2026-09-24 19:05:19.563581+00:00
TSLA,2024-12-23 00:00:00+00:00,173.61174919758074,174.8618348728841,170.95738304887223,172.50706826121714,172.50706826121714,3732975.0,sample,2026-09-24 19:05:19.563581+00:00
TSLA,2024-12-24 00:00:00+00:00,172.10910438963197,174.14761986037846,169.7193087885386,170.27234891686896,170.27234891686896,4613443.0,sample,2026-09-24 19:05:19.563581+00:00
TSLA,2024-12-25 00:00:00+00:00,170.96502371964033,172.09153790163495,164.9708354018301,165.66740311019248,165.66740311019248,17625406.0,sample,2026-09-24 19:05:19.563581+00:00
TSLA,2024-12-26 00:00:00+00:00,165.65239732891598,166.53948303745653,161.33759462447804,162.61644278001677,162.61644278001677,11848523.0,sample,2026-09-24 19:05:19.563581+00:00
TSLA,2024-12-27 00:00:00+00:00,162.61299713707197,166.8057657734383,161.05281526985584,165.8768644117771,165.8768644117771,10586922.0,sample,2026-09-24 19:05:19.563581+00:00
TSLA,2024-12-30 00:00:00+00:00,166.3897621425729,168.92883153332167,165.2618496861371,167.81934987693043,167.81934987693043,17575726.0,sample,2026-09-24 19:05:19.563581+00:00
TSLA,2024-12-31 00:00:00+00:00,168.04779570529277,172.86471723278902,166.09547668474474,172.09574201501798,172.09574201501798,5254152.0,sample,2026-09-24 19:05:19.563581+00:00
TSLA,2025-01-01 00:00:00+00:00,171.82657846835266,172.39003078055143,168.29383557272087,169.71549484362993,169.71549484362993,3012534.0,sample,2026-09-24 19:05:19.563581+00:00
TSLA,2025-01-02 00:00:00+00:00,170.51665450227014,171.92455662936774,166.26765093078797,166.53800361880405,166.53800361880405,14725969.0,sample,2026-09-24 19:05:19.563581+00:00
TSLA,2025-01-03 00:00:00+00:00,166.27945077035602,169.9313623593615,164.3854473249317,168.19670241376937,168.19670241376937,6964896.0,sample,2026-09-24 19:05:19.563581+00:00
TSLA,2025-01-06 00:00:00+00:00,167.869580255982,172.2140062762988,167.45764538416958,170.36883158097956,170.36883158097956,4104793.0,sample,2026-09-24 19:05:19.563581+00:00
TSLA,2025-01-07 00:00:00+00:00,171.03050612146086,171.5684853018919,167.690014634367,168.37300346009704,168.37300346009704,15737249.0,sample,2026-09-24 19:05:19.563581+00:00
TSLA,2025-01-08 00:00:00+00:00,168.0316150623658,169.81212509367182,163.7485586439627,164.59474958234983,164.59474958234983,16291192.0,sample,2026-09-24 19:05:19.563581+00:00
TSLA,2025-01-09 00:00:00+00:00,164.75887140131604,166.59111720431548,163.08449210770385,165.99114571340013,165.99114571340013,7572721.0,sample,2026-09-24 19:05:19.563581+00:00
TSLA,2025-01-10 00:00:00+00:00,165.66198407151953,166.99106001853858,162.68632028039113,163.24654377805507,163.24654377805507,11961159.0,sample,2026-09-24 19:05:19.563581+00:00
TSLA,2025-01-13 00:00:00+00:00,163.6682670167493,166.17447778290847,163.05434852589298,164.8804717176392,164.8804717176392,5410544.0,sample,2026-09-24 19:05:19.563581+00:00
TSLA,2025-01-14 00:00:00+00:00,164.97562135450406,166.337426023969,161.47435045067095,162.0258111680813,162.0258111680813,2731224.0,sample,2026-09-24 19:05:19.563581+00:00
TSLA,2025-01-15 00:00:00+00:00,161.77790625101105,162.2689957254364,161.11117847747673,162.05748014374663,162.05748014374663,4090626.0,sample,2026-09-24 19:05:19.563581+00:00
TSLA,2025-01-16 00:00:00+00:00,162.03250976114754,164.009359635561,161.03670525516452,162.3553359447582,162.3553359447582,8037760.0,sample,2026-09-24 19:05:19.563581+00:00
TSLA,2025-01-17 00:00:00+00:00,163.0046638406297,163.38105690906227,157.55480725312574,157.99127428496485,157.99127428496485,15235960.0,sample,2026-09-24 19:05:19.563581+00:00
TSLA,2025-01-20 00:00:00+00:00,158.03008863127423,159.35907380019296,153.2715362387692,154.96741605705705,154.96741605705705,17461873.0,sample,2026-09-24 19:05:19.563581+00:00
TSLA,2025-01-21 00:00:00+00:00,155.02631063994022,155.47343794945928,150.38928465022684,151.91636217603002,151.91636217603002,4007659.0,sample,2026-09-24 19:05:19.563581+00:00
TSLA,2025-01-22 00:00:00+00:00,152.53692982955516,153.22860446876484,149.18318118465237,149.61998489806695,149.61998489806695,7532621.0,sample,2026-09-24 19:05:19.563581+00:00
TSLA,2025-01-23 00:00:00+00:00,149.51943533874197,151.22792671621565,146.32677614472075,147.40158340828984,147.40158340828984,14740351.0,sample,2026-09-24 19:05:19.563581+00:00
TSLA,2025-01-24 00:00:00+00:00,147.26511877191967,147.44439476687805,146.64184378881347,147.17692872583848,147.17692872583848,17830011.0,sample,2026-09-24 19:05:19.563581+00:00
TSLA,2025-01-27 00:00:00+00:00,147.10231229432384,148.4801294405474,146.23371157268812,147.24687945571696,147.24687945571696,8962421.0,sample,2026-09-24 19:05:19.563581+00:00
TSLA,2025-01-28 00:00:00+00:00,147.15858685362107,147.98141313056283,146.57750767609184,147.20052891178915,147.20052891178915,2147145.0,sample,2026-09-24 19:05:19.563581+00:00
TSLA,2025-01-29 00:00:00+00:00,147.30290457554173,154.435992177015,146.70522665676077,153.1242173552767,153.1242173552767,12121016.0,sample,2026-09-24 19:05:19.563581+00:00
TSLA,2025-01-30 00:00:00+00:00,152.6251574428687,153.09481071498791,151.62209571437168,152.30945143605527,152.30945143605527,17542510.0,sample,2026-09-24 19:05:19.563581+00:00
TSLA,2025-01-31 00:00:00+00:00,152.40855322747367,153.4684266295672,150.63094637841237,151.0299309219197,151.0299309219197,12937164.0,sample,2026-09-24 19:05:19.563581+00:00
TSLA,2025-02-03 00:00:00+00:00,151.0159432213499,155.9105933293997,150.31386785958196,154.48225878728599,154.48225878728599,11230151.0,sample,2026-09-24 19:05:19.563581+00:00
TSLA,2025-02-04 00:00:00+00:00,153.51288560980228,155.10918774956434,151.32652387362387,151.69100071651715,151.69100071651715,16301219.0,sample,2026-09-24 19:05:19.563581+00:00
TSLA,2025-02-05 00:00:00+00:00,151.33204373285588,157.2167822325006,149.72970980721402,156.69579618227374,156.69579618227374,17102744.0,sample,2026-09-24 19:05:19.563581+00:00
TSLA,2025-02-06 00:00:00+00:00,156.23214178977767,158.88701393930782,154.47586920900022,157.56097680509245,157.56097680509245,2135555.0,sample,2026-09-24 19:05:19.563581+00:00
TSLA,2025-02-07 00:00:00+00:00,157.79461476227357,158.08094030110462,153.7470351833704,154.66149100343847,154.66149100343847,1791701.0,sample,2026-09-24 19:05:19.563581+00:00
TSLA,2025-02-10 00:00:00+00:00,154.38640578409556,155.2804084945493,152.27356470625764,153.73599723568816,153.73599723568816,16375843.0,sample,2026-09-24 19:05:19.563581+00:00
TSLA,2025-02-11 00:00:00+00:00,153.4552657533747,155.0549534140119,149.1904925800071,149.4052377679524,149.4052377679524,11924368.0,sample,2026-09-24 19:05:19.563581+00:00
TSLA,2025-02-12 00:00:00+00:00,149.8824339823396,150.85786668610174,148.94354645200556,150.5726623736643,150.5726623736643,14727731.0,sample,2026-09-24 19:05:19.563581+00:00
TSLA,2025-02-13 00:00:00+00:00,151.0266838815569,151.2951124354478,149.89215684973772,151.10718981919626,151.10718981919626,9013679.0,sample,2026-09-24 19:05:19.563581+00:00
TSLA,2025-02-14 00:00:00+00:00,151.39622197913636,152.70888700475922,149.21276591626645,149.80536999054831,149.80536999054831,15356061.0,sample,2026-09-24 19:05:19.563581+00:00
TSLA,2025-02-17 00:00:00+00:00,150.06034455018695,151.16776819305886,148.50062158527112,150.08005809302253,150.08005809302253,2074138.0,sample,2026-09-24 19:05:19.563581+00:00
TSLA,2025-02-18 00:00:00+00:00,149.7438064704035,150.05973701157978,148.21518948837826,149.5558434778619,149.5558434778619,15087902.0,sample,2026-09-24 19:05:19.563581+00:00
TSLA,2025-02-19 00:00:00+00:00,149.87539487446367,153.73933928516252,149.58964049219296,152.34289154366786,152.34289154366786,8054700.0,sample,2026-09-24 19:05:19.563581+00:00
TSLA,2025-02-20 00:00:00+00:00,152.28114298521086,153.23716904725438,149.48931819486896,150.059318734421,150.059318734421,2724060.0,sample,2026-09-24 19:05:19.563581+00:00
TSLA,2025-02-21 00:00:00+00:00,149.70965775427007,153.79307843350605,149.5125744104049,153.10468925015752,153.10468925015752,16600732.0,sample,2026-09-24 19:05:19.563581+00:00
TSLA,2025-02-24 00:00:00+00:00,153.47917544098806,158.82864000648183,153.1009399425188,157.10778029127795,157.10778029127795,10180239.0,sample,2026-09-24 19:05:19.563581+00:00
TSLA,2025-02-25 00:00:00+00:00,156.81876779385289,160.12668059903615,155.43422658661467,158.6982124184481,158.6982124184481,12902028.0,sample,2026-09-24 19:05:19.563581+00:00
TSLA,2025-02-26 00:00:00+00:00,158.7007978262565,160.0842935240338,155.91385342707827,156.27426073596575,156.27426073596575,3378115.0,sample,2026-09-24 19:05:19.563581+00:00
TSLA,2025-02-27 00:00:00+00:00,156.43971710238753,158.5386240734937,154.97378139261298,158.33632075007807,158.33632075007807,14773797.0,sample,2026-09-24 19:05:19.563581+00:00
TSLA,2025-02-28 00:00:00+00:00,158.18484769727698,161.62726506158762,157.1138810238991,161.16750702900347,161.16750702900347,8524727.0,sample,2026-09-24 19:05:19.563581+00:00
TSLA,2025-03-03 00:00:00+00:00,161.79471380823855,162.4582445363311,160.92777762286642,161.99896045541712,161.99896045541712,2418093.0,sample,2026-09-24 19:05:19.563581+00:00
TSLA,2025-03-04 00:00:00+00:00,161.97280040960334,163.59634782989517,156.14354741229042,157.4345972309469,157.4345972309469,3135830.0,sample,2026-09-24 19:05:19.563581+00:00
TSLA,2025-03-05 00:00:00+00:00,157.98836082723886,159.6733733307634,153.18509987595777,153.87659712186797,153.87659712186797,12714719.0,sample,2026-09-24 19:05:19.563581+00:00
TSLA,2025-03-06 00:00:00+00:00,154.02448686911734,155.59050142064814,152.58411526517708,152.97507862976084,152.97507862976084,14661609.0,sample,2026-09-24 19:05:19.563581+00:00
TSLA,2025-03-07 00:00:00+00:00,152.97330648911895,154.12545523004374,150.7359379580667,151.12780475817368,151.12780475817368,15115524.0,sample,2026-09-24 19:05:19.563581+00:00
TSLA,2025-03-10 00:00:00+00:00,150.951115929464,154.66152803770947,149.2543602256607,152.97228667705878,152.97228667705878,16634216.0,sample,2026-09-24 19:05:19.563581+00:00
TSLA,2025-03-11 00:00:00+00:00,152.65469166439192,154.12850482453882,151.9228584476358,153.20162311784225,153.20162311784225,16768738.0,sample,2026-09-24 19:05:19.563581+00:00
TSLA,2025-03-12 00:00:00+00:00,153.0293273977487,158.33578503914478,151.40392309014638,156.90838844682762,156.90838844682762,16733461.0,sample,2026-09-24 19:05:19.563581+00:00
TSLA,2025-03-13 00:00:00+00:00,157.38932393478066,158.81984727485536,153.1611506089054,153.76763642788407,153.76763642788407,4645547.0,sample,2026-09-24 19:05:19.563581+00:00
TSLA,2025-03-14 00:00:00+00:00,153.87946115464547,154.80928358154551,151.59570777382095,153.32312339783164,153.32312339783164,12595718.0,sample,2026-09-24 19:05:19.563581+00:00
TSLA,2025-03-17 00:00:00+00:00,153.58465887341148,154.57152944043,150.41538799876471,151.2792569467478,151.2792569467478,3181374.0,sample,2026-09-24 19:05:19.563581+00:00
TSLA,2025-03-18 00:00:00+00:00,150.6109644608798,151.7731143465279,149.56790130121004,150.07720438686573,150.07720438686573,10936608.0,sample,2026-09-24 19:05:19.563581+00:00
TSLA,2025-03-19 00:00:00+00:00,150.20879758775055,151.5090451619088,149.2507099411198,150.36364787963453,150.36364787963453,14099725.0,sample,2026-09-24 19:05:19.563581+00:00
TSLA,2025-03-20 00:00:00+00:00,149.92805490475513,150.82962767092786,144.04776279422794,145.25020592657984,145.25020592657984,12422983.0,sample,2026-09-24 19:05:19.563581+00:00
TSLA,2025-03-21 00:00:00+00:00,145.5394819865053,148.40784201274064,144.39848684680297,148.21781156973924,148.21781156973924,3987191.0,sample,2026-09-24 19:05:19.563581+00:00
TSLA,2025-03-24 00:00:00+00:00,148.2503458820925,148.4275036807355,146.49178054759628,147.69643878245967,147.69643878245967,12240001.0,sample,2026-09-24 19:05:19.563581+00:00
TSLA,2025-03-25 00:00:00+00:00,147.81362391555746,148.9666268947364,144.4584610927813,145.75376051656292,145.75376051656292,11374804.0,sample,2026-09-24 19:05:19.563581+00:00
TSLA,2025-03-26 00:00:00+00:00,145.84761030285597,150.2869024280686,145.34418678776456,149.5907090056587,149.5907090056587,14437620.0,sample,2026-09-24 19:05:19.563581+00:00
TSLA,2025-03-27 00:00:00+00:00,149.4188854810414,150.11230861887856,146.6131524078317,147.50701507386947,147.50701507386947,17350364.0,sample,2026-09-24 19:05:19.563581+00:00
TSLA,2025-03-28 00:00:00+00:00,147.0911626377295,150.5917298724328,146.0243107252399,149.32453127837897,149.32453127837897,1617249.0,sample,2026-09-24 19:05:19.563581+00:00
TSLA,2025-03-31 00:00:00+00:00,149.55042560426878,150.15594433405204,145.35823371177048,146.9834417866981,146.9834417866981,12958125.0,sample,2026-09-24 19:05:19.563581+00:00
TSLA,2025-04-01 00:00:00+00:00,147.1894417440473,150.03545081997927,146.26555524697883,148.51703207881033,148.51703207881033,5153576.0,sample,2026-09-24 19:05:19.563581+00:00
TSLA,2025-04-02 00:00:00+00:00,148.71539561227365,149.643690464586,147.09664814413026,147.55802229871702,147.55802229871702,7692480.0,sample,2026-09-24 19:05:19.563581+00:00
TSLA,2025-04-03 00:00:00+00:00,147.87269168287474,150.05279616292094,147.1611755975632,149.7411656032292,149.7411656032292,3830211.0,sample,2026-09-24 19:05:19.563581+00:00
TSLA,2025-04-04 00:00:00+00:00,149.76255815810285,157.14352710720487,149.0264833052902,155.7779241513081,155.7779241513081,2879221.0,sample,2026-09-24 19:05:19.563581+00:00
TSLA,2025-04-07 00:00:00+00:00,155.90157768715997,157.6117712900381,149.0678447036237,149.59188260525903,149.59188260525903,11851236.0,sample,2026-09-24 19:05:19.563581+00:00
TSLA,2025-04-08 00:00:00+00:00,149.8767379827808,155.23880565787132,149.56355009834763,154.58502265533807,154.58502265533807,4280998.0,sample,2026-09-24 19:05:19.563581+00:00
TSLA,2025-04-09 00:00:00+00:00,154.32442417084505,155.1632675919384,154.1584551957202,154.91900167358588,154.91900167358588,5389909.0,sample,2026-09-24 19:05:19.563581+00:00
TSLA,2025-04-10 00:00:00+00:00,154.47639551942336,156.00086724886629,150.96950996630176,152.74398794263607,152.74398794263607,1914879.0,sample,2026-09-24 19:05:19.563581+00:00
TSLA,2025-04-11 00:00:00+00:00,152.61762163839268,156.42570558277103,152.1831429174056,155.64739406223393,155.64739406223393,4279018.0,sample,2026-09-24 19:05:19.563581+00:00
TSLA,2025-04-14 00:00:00+00:00,155.403767644177,156.57236561458825,154.30021614279147,154.62369421738202,154.62369421738202,6579853.0,sample,2026-09-24 19:05:19.563581+00:00
TSLA,2025-04-15 00:00:00+00:00,154.25193666516276,157.3726909062472,153.008255417148,156.56138463413558,156.56138463413558,4221538.0,sample,2026-09-24 19:05:19.563581+00:00
TSLA,2025-04-16 00:00:00+00:00,156.5100139505515,158.06801695793152,153.527470298138,153.87576873674638,153.87576873674638,13803649.0,sample,2026-09-24 19:05:19.563581+00:00
TSLA,2025-04-17 00:00:00+00:00,153.60917267401942,153.82191453892852,151.5489989523432,153.17765630338153,153.17765630338153,3188728.0,sample,2026-09-24 19:05:19.563581+00:00
TSLA,2025-04-18 00:00:00+00:00,153.7038539004456,155.78523229729583,151.94038714637801,154.1522213386847,154.1522213386847,15592342.0,sample,2026-09-24 19:05:19.563581+00:00
TSLA,2025-04-21 00:00:00+00:00,154.08644543181302,157.95471642756107,153.66971129577595,156.71100579779895,156.71100579779895,2013321.0,sample,2026-09-24 19:05:19.563581+00:00
TSLA,2025-04-22 00:00:00+00:00,156.83970419446473,157.57970137840152,154.80437668625333,156.24142992543625,156.24142992543625,7687021.0,sample,2026-09-24 19:05:19.563581+00:00
TSLA,2025-04-23 00:00:00+00:00,155.84979696110892,157.98474691488593,155.14641148272725,156.92171646332164,156.92171646332164,3908504.0,sample,2026-09-24 19:05:19.563581+00:00
TSLA,2025-04-24 00:00:00+00:00,157.42802896430598,158.20385839231966,153.84901775868812,155.15815721392875,155.15815721392875,6999004.0,sample,2026-09-24 19:05:19.563581+00:00
TSLA,2025-04-25 00:00:00+00:00,155.03213280936745,156.56786943524227,152.8743680817818,153.79581826952796,153.79581826952796,5115864.0,sample,2026-09-24 19:05:19.563581+00:00
TSLA,2025-04-28 00:00:00+00:00,154.2009797327134,157.74072552835457,153.4173595636538,156.30055441187537,156.30055441187537,13533230.0,sample,2026-09-24 19:05:19.563581+00:00
TSLA,2025-04-29 00:00:00+00:00,156.1430494408213,157.90301855732704,149.87713113758903,150.882939447816,150.882939447816,9286979.0,sample,2026-09-24 19:05:19.563581+00:00
TSLA,2025-04-30 00:00:00+00:00,151.00737111963142,151.55574399723022,146.44768421474987,147.76612166056816,147.76612166056816,16743906.0,sample,2026-09-24 19:05:19.563581+00:00
TSLA,2025-05-01 00:00:00+00:00,147.9109079322041,149.6518519242066,144.64756842320216,146.32148781700354,146.32148781700354,11948467.0,sample,2026-09-24 19:05:19.563581+00:00
TSLA,2025-05-02 00:00:00+00:00,146.1076537210552,147.19999955281648,144.25757520756676,145.40028950293217,145.40028950293217,16969640.0,sample,2026-09-24 19:05:19.563581+00:00
TSLA,2025-05-05 00:00:00+00:00,145.61431272061625,148.24140614421546,144.29849848801987,147.61398332639166,147.61398332639166,5612730.0,sample,2026-09-24 19:05:19.563581+00:00
TSLA,2025-05-06 00:00:00+00:00,147.2918919025145,148.54932262619647,144.9565452422964,145.72139990824255,145.72139990824255,12601821.0,sample,2026-09-24 19:05:19.563581+00:00
TSLA,2025-05-07 00:00:00+00:00,146.20907226218603,147.1596032318615,143.2363323328878,143.83060905648495,143.83060905648495,13796814.0,sample,2026-09-24 19:05:19.563581+00:00
TSLA,2025-05-08 00:00:00+00:00,143.38557355728835,145.28005386201616,143.17810557009722,144.59771267617194,144.59771267617194,16869524.0,sample,2026-09-24 19:05:19.563581+00:00
TSLA,2025-05-09 00:00:00+00:00,144.87847446755538,149.758321149179,143.727107570881,149.17854360574307,149.17854360574307,16425475.0,sample,2026-09-24 19:05:19.563581+00:00
TSLA,2025-05-12 00:00:00+00:00,149.34912522528714,150.8684472363216,145.8368406530574,146.2620100638673,146.2620100638673,12397916.0,sample,2026-09-24 19:05:19.563581+00:00
TSLA,2025-05-13 00:00:00+00:00,145.98441888460866,150.66360159339445,144.28577698709606,149.03223521088157,149.03223521088157,15468116.0,sample,2026-09-24 19:05:19.563581+00:00
TSLA,2025-05-14 00:00:00+00:00,148.69569738964717,151.17730496601268,148.19503922511782,150.6527896917671,150.6527896917671,10150421.0,sample,2026-09-24 19:05:19.563581+00:00
TSLA,2025-05-15 00:00:00+00:00,151.14537154036248,152.35148297074048,145.07744472685528,146.82559871127262,146.82559871127262,7010097.0,sample,2026-09-24 19:05:19.563581+00:00
TSLA,2025-05-16 00:00:00+00:00,147.01428198636182,147.76204438183433,144.5221180638134,145.11567113358524,145.11567113358524,14085765.0,sample,2026-09-24 19:05:19.563581+00:00
TSLA,2025-05-19 00:00:00+00:00,144.97238015015895,146.06522788520354,141.86879791541497,142.96992223916325,142.96992223916325,1705664.0,sample,2026-09-24 19:05:19.563581+00:00
TSLA,2025-05-20 00:00:00+00:00,142.62839574580437,142.98648114956524,139.7735697271008,141.12230332404923,141.12230332404923,13003809.0,sample,2026-09-24 19:05:19.563581+00:00
TSLA,2025-05-21 00:00:00+00:00,141.36850282067536,142.39793777263668,139.11572641509727,140.58276780271044,140.58276780271044,10970468.0,sample,2026-09-24 19:05:19.563581+00:00
TSLA,2025-05-22 00:00:00+00:00,140.62521632957703,142.18017960961893,138.43971385552078,139.23659194601146,139.23659194601146,10671245.0,sample,2026-09-24 19:05:19.563581+00:00
TSLA,2025-05-23 00:00:00+00:00,138.7818399617965,142.30781712261785,137.97635722964964,141.48043626470337,141.48043626470337,16809349.0,sample,2026-09-24 19:05:19.563581+00:00
TSLA,2025-05-26 00:00:00+00:00,141.68257257566412,143.1134648632605,137.331865701291,137.53094591682245,137.53094591682245,9626670.0,sample,2026-09-24 19:05:19.563581+00:00
TSLA,2025-05-27 00:00:00+00:00,137.14606270640522,137.47707904045404,134.33087018962198,135.00000226229932,135.00000226229932,8470176.0,sample,2026-09-24 19:05:19.563581+00:00
TSLA,2025-05-28 00:00:00+00:00,135.23028539884768,136.68161653872394,134.50604469086673,136.5076297601089,136.5076297601089,2406544.0,sample,2026-09-24 19:05:19.563581+00:00
TSLA,2025-05-29 00:00:00+00:00,136.97940045180445,138.5289506613885,136.8292905382407,137.64334929916657,137.64334929916657,14987063.0,sample,2026-09-24 19:05:19.563581+00:00
TSLA,2025-05-30 00:00:00+00:00,136.65273844259352,136.99643300188092,135.97685885123104,136.18753437193897,136.18753437193897,8376397.0,sample,2026-09-24 19:05:19.563581+00:00
TSLA,2025-06-02 00:00:00+00:00,136.25469834210023,137.84844489748608,133.65987913956857,134.98407025060936,134.98407025060936,9690700.0,sample,2026-09-24 19:05:19.563581+00:00
TSLA,2025-06-03 00:00:00+00:00,134.756256300766,136.1569109430865,131.58449291541288,132.5809527241415,132.5809527241415,11755252.0,sample,2026-09-24 19:05:19.563581+00:00
TSLA,2025-06-04 00:00:00+00:00,132.70201168504474,137.28018841753118,131.15754207645543,136.2126446563201,136.2126446563201,7727608.0,sample,2026-09-24 19:05:19.563581+00:00
TSLA,2025-06-05 00:00:00+00:00,136.30007027178243,136.8412973754842,129.72329733930482,131.29758440921776,131.29758440921776,13927454.0,sample,2026-09-24 19:05:19.563581+00:00
TSLA,2025-06-06 00:00:00+00:00,131.60126799953122,134.27940326871627,131.0046366020663,133.92015452432645,133.92015452432645,10855336.0,sample,2026-09-24 19:05:19.563581+00:00
TSLA,2025-06-09 00:00:00+00:00,134.12724571583743,135.30141539732304,130.64796361287483,131.74684434918692,131.74684434918692,8911061.0,sample,2026-09-24 19:05:19.563581+00:00
TSLA,2025-06-10 00:00:00+00:00,131.89095014670983,134.53507871339437,131.61960559394106,134.1616425145232,134.1616425145232,8743770.0,sample,2026-09-24 19:05:19.563581+00:00
TSLA,2025-06-11 00:00:00+00:00,133.94521041855256,137.4658571911429,132.55640715468095,136.87080127432245,136.87080127432245,9884663.0,sample,2026-09-24 19:05:19.563581+00:00
TSLA,2025-06-12 00:00:00+00:00,136.76697314794387,138.37751825507343,133.2490177812312,134.43697065322502,134.43697065322502,11331392.0,sample,2026-09-24 19:05:19.563581+00:00
TSLA,2025-06-13 00:00:00+00:00,134.38263802985944,135.8348830211305,133.84054238813295,134.59078796998486,134.59078796998486,7923271.0,sample,2026-09-24 19:05:19.563581+00:00
TSLA,2025-06-16 00:00:00+00:00,134.91840567838895,139.809446690625,133.77245464396768,139.6060381653652,139.6060381653652,11820423.0,sample,2026-09-24 19:05:19.563581+00:00
TSLA,2025-06-17 00:00:00+00:00,139.26172646124192,139.6955365582428,138.07647594559862,138.47507366065727,138.47507366065727,17571334.0,sample,2026-09-24 19:05:19.563581+00:00
TSLA,2025-06-18 00:00:00+00:00,138.6399817785347,140.28694974793754,136.86635741136973,137.18256043172437,137.18256043172437,7315982.0,sample,2026-09-24 19:05:19.563581+00:00
TSLA,2025-06-19 00:00:00+00:00,137.36382270188398,138.1558538120663,135.92953160436133,136.4581169954849,136.4581169954849,2332306.0,sample,2026-09-24 19:05:19.563581+00:00
TSLA,2025-06-20 00:00:00+00:00,136.36144708584087,137.85642611815453,134.31716832109947,135.23742258191217,135.23742258191217,16870909.0,sample,2026-09-24 19:05:19.563581+00:00
TSLA,2025-06-23 00:00:00+00:00,135.43527394680132,135.83961076331042,132.08524530064904,133.19040935732076,133.19040935732076,15099349.0,sample,2026-09-24 19:05:19.563581+00:00
TSLA,2025-06-24 00:00:00+00:00,133.0740290625747,133.97184644536185,132.75329916030338,133.27114007617078,133.27114007617078,5949140.0,sample,2026-09-24 19:05:19.563581+00:00
TSLA,2025-06-25 00:00:00+00:00,133.11049641258396,140.0329447707875,132.94893930852933,138.45099248257014,138.45099248257014,16928078.0,sample,2026-09-24 19:05:19.563581+00:00
TSLA,2025-06-26 00:00:00+00:00,138.48914417050395,139.18704333853356,134.82646404487667,135.03703290085278,135.03703290085278,3603213.0,sample,2026-09-24 19:05:19.563581+00:00
TSLA,2025-06-27 00:00:00+00:00,135.5305163670819,137.99534505867285,135.23599048210482,137.772343731362,137.772343731362,7481587.0,sample,2026-09-24 19:05:19.563581+00:00
TSLA,2025-06-30 00:00:00+00:00,137.6211024381901,137.7673201684882,134.57948813461115,135.35152187242934,135.35152187242934,4918547.0,sample,2026-09-24 19:05:19.563581+00:00
TSLA,2025-07-01 00:00:00+00:00,135.5062946289108,135.96956848134587,134.36924870725204,134.90651562866964,134.90651562866964,7518262.0,sample,2026-09-24 19:05:19.563581+00:00
TSLA,2025-07-02 00:00:00+00:00,134.84197814078786,135.1421020364348,132.6955096118159,134.20016403960832,134.20016403960832,17566227.0,sample,2026-09-24 19:05:19.563581+00:00
TSLA,2025-07-03 00:00:00+00:00,134.17466597787674,135.69174762999722,129.798758251973,129.93817135978023,129.93817135978023,12891097.0,sample,2026-09-24 19:05:19.563581+00:00
TSLA,2025-07-04 00:00:00+00:00,129.34509250380574,131.00036854556285,127.83872682877599,130.7353105715638,130.7353105715638,14624770.0,sample,2026-09-24 19:05:19.563581+00:00
TSLA,2025-07-07 00:00:00+00:00,131.13078437115325,132.64509036483446,129.52965226987718,130.3849804356399,130.3849804356399,5379331.0,sample,2026-09-24 19:05:19.563581+00:00
TSLA,2025-07-08 00:00:00+00:00,130.83195902592988,131.38450086361735,126.49322955685831,126.92175397909463,126.92175397909463,13514957.0,sample,2026-09-24 19:05:19.563581+00:00
TSLA,2025-07-09 00:00:00+00:00,126.82059766060215,129.898882425581,126.25398980410944,129.01279556318997,129.01279556318997,8579943.0,sample,2026-09-24 19:05:19.563581+00:00
TSLA,2025-07-10 00:00:00+00:00,129.75208728002124,130.7586703344288,127.32139787290426,128.1625178544504,128.1625178544504,16325681.0,sample,2026-09-24 19:05:19.563581+00:00
TSLA,2025-07-11 00:00:00+00:00,128.1232030456832,129.3491689164822,126.61031799774834,127.15422575125916,127.15422575125916,16101077.0,sample,2026-09-24 19:05:19.563581+00:00
TSLA,2025-07-14 00:00:00+00:00,127.34976299766558,130.27265472742408,126.92214456980967,130.03237409724807,130.03237409724807,12375294.0,sample,2026-09-24 19:05:19.563581+00:00
TSLA,2025-07-15 00:00:00+00:00,129.80445240740383,130.2765459828419,128.40753912817274,128.7334319553126,128.7334319553126,15910242.0,sample,2026-09-24 19:05:19.563581+00:00
TSLA,2025-07-16 00:00:00+00:00,128.21469575835562,136.04437119640434,127.01739437265789,135.07243239209697,135.07243239209697,12792287.0,sample,2026-09-24 19:05:19.563581+00:00
TSLA,2025-07-17 00:00:00+00:00,134.66711303063497,138.1300492875534,133.86389416788842,137.49141311126954,137.49141311126954,9085325.0,sample,2026-09-24 19:05:19.563581+00:00
TSLA,2025-07-18 00:00:00+00:00,137.79751453306275,139.26038113166186,135.8832422235625,136.51049862616628,136.51049862616628,5615738.0,sample,2026-09-24 19:05:19.563581+00:00
TSLA,2025-07-21 00:00:00+00:00,136.53559940413876,136.72958020079992,132.60242876089018,133.95690084633364,133.95690084633364,8234333.0,sample,2026-09-24 19:05:19.563581+00:00
TSLA,2025-07-22 00:00:00+00:00,134.4104827683701,134.96827598476125,133.41769958505859,133.94869845834882,133.94869845834882,4837181.0,sample,2026-09-24 19:05:19.563581+00:00
TSLA,2025-07-23 00:00:00+00:00,134.08997489536236,137.8354003514181,133.6182482656412,136.3028520593512,136.3028520593512,6201169.0,sample,2026-09-24 19:05:19.563581+00:00
TSLA,2025-07-24 00:00:00+00:00,136.38195242687758,137.68681676710455,132.5083688796006,133.28571539538228,133.28571539538228,5551735.0,sample,2026-09-24 19:05:19.563581+00:00
TSLA,2025-07-25 00:00:00+00:00,132.90741017461377,133.24712623510712,128.44626981015944,129.49773991108185,129.49773991108185,7758852.0,sample,2026-09-24 19:05:19.563581+00:00
TSLA,2025-07-28 00:00:00+00:00,129.62000812150364,133.45041582148576,128.94733127402455,132.2357023816174,132.2357023816174,13110504.0,sample,2026-09-24 19:05:19.563581+00:00
TSLA,2025-07-29 00:00:00+00:00,131.99643491933773,133.04081407321604,130.38377934528222,131.7338423527167,131.7338423527167,9662737.0,sample,2026-09-24 19:05:19.563581+00:00
TSLA,2025-07-30 00:00:00+00:00,131.40587378563578,133.13778312132797,130.86180424175606,132.20692127632483,132.20692127632483,10433407.0,sample,2026-09-24 19:05:19.563581+00:00
TSLA,2025-07-31 00:00:00+00:00,131.94055525951399,132.52878227873907,130.53228857615437,131.86230136041272,131.86230136041272,15046358.0,sample,2026-09-24 19:05:19.563581+00:00
TSLA,2025-08-01 00:00:00+00:00,131.3061424415891,133.9960711373045,130.1920917644767,133.14985418358017,133.14985418358017,8522021.0,sample,2026-09-24 19:05:19.563581+00:00
TSLA,2025-08-04 00:00:00+00:00,132.9689770365149,134.55179783794364,132.32972658399143,133.92637370504957,133.92637370504957,17103212.0,sample,2026-09-24 19:05:19.563581+00:00
TSLA,2025-08-05 00:00:00+00:00,133.5690282274906,137.45840073026653,132.37021817346078,135.86664757034004,135.86664757034004,3891488.0,sample,2026-09-24 19:05:19.563581+00:00
TSLA,2025-08-06 00:00:00+00:00,136.1543555167928,136.58571153843297,133.45523687884614,134.2085978055786,134.2085978055786,2166048.0,sample,2026-09-24 19:05:19.563581+00:00
TSLA,2025-08-07 00:00:00+00:00,134.57683350982364,135.85002256497282,132.65139261179738,133.16503119403487,133.16503119403487,16325165.0,sample,2026-09-24 19:05:19.563581+00:00
TSLA,2025-08-08 00:00:00+00:00,133.6655089290634,136.18220553483724,132.837812879411,136.0417328290959,136.0417328290959,8152738.0,sample,2026-09-24 19:05:19.563581+00:00
TSLA,2025-08-11 00:00:00+00:00,136.44035957227803,136.70909361018326,134.89248559136487,135.38180534122256,135.38180534122256,8123020.0,sample,2026-09-24 19:05:19.563581+00:00
TSLA,2025-08-12 00:00:00+00:00,135.43638061657143,136.8118424338501,131.61321396362104,133.07176456859926,133.07176456859926,4637682.0,sample,2026-09-24 19:05:19.563581+00:00
TSLA,2025-08-13 00:00:00+00:00,133.07298313111318,133.32580970309425,131.38376292996523,132.8861382334052,132.8861382334052,13493591.0,sample,2026-09-24 19:05:19.563581+00:00
TSLA,2025-08-14 00:00:00+00:00,132.7661032938319,136.42111085723448,131.3951804830695,135.27235231014268,135.27235231014268,14260878.0,sample,2026-09-24 19:05:19.563581+00:00
TSLA,2025-08-15 00:00:00+00:00,135.72518678638392,137.3496032471961,133.82957303892732,135.43684457318628,135.43684457318628,10373993.0,sample,2026-09-24 19:05:19.563581+00:00
TSLA,2025-08-18 00:00:00+00:00,135.2743018483469,137.96570894185982,134.4777121216337,136.35998489925038,136.35998489925038,15975323.0,sample,2026-09-24 19:05:19.563581+00:00
TSLA,2025-08-19 00:00:00+00:00,136.4171030090888,138.3988148093899,136.04466151628324,137.49436740071602,137.49436740071602,10992170.0,sample,2026-09-24 19:05:19.563581+00:00
TSLA,2025-08-20 00:00:00+00:00,137.81765890913945,139.46257183614262,131.7467964862297,132.46013496400744,132.46013496400744,3701126.0,sample,2026-09-24 19:05:19.563581+00:00
TSLA,2025-08-21 00:00:00+00:00,132.2107921008827,135.01946307425465,131.64983323975216,133.80260655042395,133.80260655042395,16503221.0,sample,2026-09-24 19:05:19.563581+00:00
TSLA,2025-08-22 00:00:00+00:00,133.97888889341627,134.96199955197233,131.9582687017941,132.37114149895842,132.37114149895842,5011098.0,sample,2026-09-24 19:05:19.563581+00:00
TSLA,2025-08-25 00:00:00+00:00,132.42069167168282,135.49550189282635,131.8670577999059,135.13400357699453,135.13400357699453,3013532.0,sample,2026-09-24 19:05:19.563581+00:00
TSLA,2025-08-26 00:00:00+00:00,134.6427903867993,138.00439511747052,133.70851867360633,137.440338405718,137.440338405718,9861359.0,sample,2026-09-24 19:05:19.563581+00:00
TSLA,2025-08-27 00:00:00+00:00,137.38941871388965,137.79993093002713,134.94170917447687,135.1266661997972,135.1266661997972,8197627.0,sample,2026-09-24 19:05:19.563581+00:00
TSLA,2025-08-28 00:00:00+00:00,134.6374013968137,136.92616870920241,134.43012207517347,136.25482045646504,136.25482045646504,3064858.0,sample,2026-09-24 19:05:19.563581+00:00
TSLA,2025-08-29 00:00:00+00:00,136.32305099485905,139.1157420860689,135.2522813224635,138.29995415947892,138.29995415947892,13344046.0,sample,2026-09-24 19:05:19.563581+00:00
TSLA,2025-09-01 00:00:00+00:00,138.41677079927987,139.80492549132055,135.51228179231802,136.47216847168883,136.47216847168883,15591936.0,sample,2026-09-24 19:05:19.563581+00:00
TSLA,2025-09-02 00:00:00+00:00,136.24787507086177,141.3802908208536,134.80194539343148,139.81766935704144,139.81766935704144,11221381.0,sample,2026-09-24 19:05:19.563581+00:00
TSLA,2025-09-03 00:00:00+00:00,140.0719390457664,140.8797271860792,137.75524346345185,139.19871593134184,139.19871593134184,6274749.0,sample,2026-09-24 19:05:19.563581+00:00
TSLA,2025-09-04 00:00:00+00:00,139.0749811575308,141.94019099323714,138.63512194065046,140.6175034282403,140.6175034282403,17833110.0,sample,2026-09-24 19:05:19.563581+00:00
TSLA,2025-09-05 00:00:00+00:00,140.9096544718218,142.3233892015529,138.60560486422787,140.16029835319588,140.16029835319588,17642843.0,sample,2026-09-24 19:05:19.563581+00:00
TSLA,2025-09-08 00:00:00+00:00,140.50014922078148,141.44154071697062,138.11288505041756,139.2125895473654,139.2125895473654,14309951.0,sample,2026-09-24 19:05:19.563581+00:00
TSLA,2025-09-09 00:00:00+00:00,139.63578705677756,142.83885743778023,139.3721839785669,142.2328183891626,142.2328183891626,12002331.0,sample,2026-09-24 19:05:19.563581+00:00
TSLA,2025-09-10 00:00:00+00:00,141.1329537774397,142.98383360026028,140.3799917507535,141.6731092130672,141.6731092130672,11402878.0,sample,2026-09-24 19:05:19.563581+00:00
TSLA,2025-09-11 00:00:00+00:00,141.25845292594096,142.38633242159605,137.84313692102413,138.44070856484646,138.44070856484646,4524589.0,sample,2026-09-24 19:05:19.563581+00:00
TSLA,2025-09-12 00:00:00+00:00,138.61965842627322,139.22890661007023,137.89082370032128,138.30691971610992,138.30691971610992,10204445.0,sample,2026-09-24 19:05:19.563581+00:00
TSLA,2025-09-15 00:00:00+00:00,138.35125402771112,141.0953752693095,137.9412109492211,140.26083711728992,140.26083711728992,7050432.0,sample,2026-09-24 19:05:19.563581+00:00
TSLA,2025-09-16 00:00:00+00:00,140.28679567893136,141.747758071535,139.3782603083455,140.04789880224538,140.04789880224538,5119257.0,sample,2026-09-24 19:05:19.563581+00:00
TSLA,2025-09-17 00:00:00+00:00,140.1141885184654,146.19883819564276,138.83540450575177,145.09180598631457,145.09180598631457,4576865.0,sample,2026-09-24 19:05:19.563581+00:00
TSLA,2025-09-18 00:00:00+00:00,145.66119212357358,146.64017103937502,144.77913565779681,145.1068679412258,145.1068679412258,6002914.0,sample,2026-09-24 19:05:19.563581+00:00
TSLA,2025-09-19 00:00:00+00:00,145.57645446148257,150.68560538764655,144.80298942016864,148.9012901596908,148.9012901596908,17756823.0,sample,2026-09-24 19:05:19.563581+00:00
TSLA,2025-09-22 00:00:00+00:00,148.91454901015427,150.58465897245037,142.1119016376476,143.5735047790887,143.5735047790887,10180536.0,sample,2026-09-24 19:05:19.563581+00:00
TSLA,2025-09-23 00:00:00+00:00,143.95616094227512,146.14057511730834,143.60524248229987,144.52860407526998,144.52860407526998,7208341.0,sample,2026-09-24 19:05:19.563581+00:00
TSLA,2025-09-24 00:00:00+00:00,144.4657647331572,145.3714011092543,140.3109523110856,140.72095710046042,140.72095710046042,8460435.0,sample,2026-09-24 19:05:19.563581+00:00
TSLA,2025-09-25 00:00:00+00:00,140.39924956797898,141.2751346964096,136.42900862037277,136.84138338964746,136.84138338964746,8511850.0,sample,2026-09-24 19:05:19.563581+00:00
TSLA,2025-09-26 00:00:00+00:00,136.7130670013968,137.6879974858062,134.73517804474258,136.2541523059623,136.2541523059623,7974557.0,sample,2026-09-24 19:05:19.563581+00:00
TSLA,2025-09-29 00:00:00+00:00,135.966291660034,136.51867146477807,135.06242433608952,135.5263154336197,135.5263154336197,3640097.0,sample,2026-09-24 19:05:19.563581+00:00
TSLA,2025-09-30 00:00:00+00:00,135.61774953926977,136.7994573863031,134.64353063346425,134.84397154525826,134.84397154525826,10178686.0,sample,2026-09-24 19:05:19.563581+00:00
TSLA,2025-10-01 00:00:00+00:00,134.59281083449275,135.4321914475954,131.52205036649855,132.0159727945977,132.0159727945977,9300507.0,sample,2026-09-24 19:05:19.563581+00:00
TSLA,2025-10-02 00:00:00+00:00,131.95082090479244,132.8248819915704,129.6199176160608,131.07454841691904,131.07454841691904,8588163.0,sample,2026-09-24 19:05:19.563581+00:00
TSLA,2025-10-03 00:00:00+00:00,130.79425452644548,131.86067908855892,130.29590202307338,130.9843170688806,130.9843170688806,15039145.0,sample,2026-09-24 19:05:19.563581+00:00
TSLA,2025-10-06 00:00:00+00:00,130.9771410490986,131.96138153765713,128.22728856845788,129.48250303068025,129.48250303068025,3078152.0,sample,2026-09-24 19:05:19.563581+00:00
TSLA,2025-10-07 00:00:00+00:00,129.4011661942716,130.41920738513602,126.23632137451109,127.2041329100161,127.2041329100161,10308674.0,sample,2026-09-24 19:05:19.563581+00:00
TSLA,2025-10-08 00:00:00+00:00,127.04485978821542,127.50744890267698,123.60168437761611,124.73060211645534,124.73060211645534,3939057.0,sample,2026-09-24 19:05:19.563581+00:00
TSLA,2025-10-09 00:00:00+00:00,125.01005001526342,126.10924351781522,124.6211375356442,125.09490411942515,125.09490411942515,2346011.0,sample,2026-09-24 19:05:19.563581+00:00
TSLA,2025-10-10 00:00:00+00:00,124.9768958980678,126.3161826030228,120.71546666998253,121.48619444451181,121.48619444451181,16797195.0,sample,2026-09-24 19:05:19.563581+00:00
TSLA,2025-10-13 00:00:00+00:00,121.32125942288414,121.69400110131043,120.4992079816492,120.83449196382377,120.83449196382377,14269911.0,sample,2026-09-24 19:05:19.563581+00:00
TSLA,2025-10-14 00:00:00+00:00,120.8012210176282,123.09146623406109,120.13231916594931,122.44294912223353,122.44294912223353,7598605.0,sample,2026-09-24 19:05:19.563581+00:00
TSLA,2025-10-15 00:00:00+00:00,122.21237935300995,122.6922965734224,115.9512995587093,116.19496382144753,116.19496382144753,12321200.0,sample,2026-09-24 19:05:19.563581+00:00
TSLA,2025-10-16 00:00:00+00:00,116.75679847878725,121.06846447664121,116.61964525647755,120.54366289856567,120.54366289856567,6485015.0,sample,2026-09-24 19:05:19.563581+00:00
TSLA,2025-10-17 00:00:00+00:00,120.54739918712949,121.48864045689174,118.81278687341579,119.02381960587587,119.02381960587587,16958689.0,sample,2026-09-24 19:05:19.563581+00:00
TSLA,2025-10-20 00:00:00+00:00,118.81684744771766,119.51669096438951,117.63385011372573,118.26478114118389,118.26478114118389,5099245.0,sample,2026-09-24 19:05:19.563581+00:00
TSLA,2025-10-21 00:00:00+00:00,117.7817196739694,118.80964635137627,116.08109995125078,116.38390006997281,116.38390006997281,5894369.0,sample,2026-09-24 19:05:19.563581+00:00
TSLA,2025-10-22 00:00:00+00:00,116.78035248222494,117.8645291961643,113.38896008331038,113.83974345184747,113.83974345184747,10976354.0,sample,2026-09-24 19:05:19.563581+00:00
TSLA,2025-10-23 00:00:00+00:00,113.85023530560845,115.54889394252737,113.23431745535679,114.34676697673828,114.34676697673828,17750733.0,sample,2026-09-24 19:05:19.563581+00:00
TSLA,2025-10-24 00:00:00+00:00,114.62013647599389,114.80392333934088,112.6207705765519,113.82012655337617,113.82012655337617,6002744.0,sample,2026-09-24 19:05:19.563581+00:00
TSLA,2025-10-27 00:00:00+00:00,113.94208123817084,115.94480699790793,113.75549717203295,115.28423240420032,115.28423240420032,5941084.0,sample,2026-09-24 19:05:19.563581+00:00
TSLA,2025-10-28 00:00:00+00:00,115.47862909251651,116.34812571681871,114.8224105528023,115.11661721466379,115.11661721466379,9565642.0,sample,2026-09-24 19:05:19.563581+00:00
TSLA,2025-10-29 00:00:00+00:00,115.18511113438294,117.01121620266454,114.0223879544228,115.84394494416236,115.84394494416236,10660647.0,sample,2026-09-24 19:05:19.563581+00:00
TSLA,2025-10-30 00:00:00+00:00,115.80745479790201,116.05670465397911,114.41577242999139,114.80169395793864,114.80169395793864,3976148.0,sample,2026-09-24 19:05:19.563581+00:00
TSLA,2025-10-31 00:00:00+00:00,114.83899154355184,119.11350659328698,114.63635993234571,117.74017595949542,117.74017595949542,15611560.0,sample,2026-09-24 19:05:19.563581+00:00
