symbol,timestamp,open,high,low,close,adj_close,volume,source,ingestion_time
TSLA,2025-01-02 14:30:00+00:00,179.00174846383555,181.3717899775041,176.87330623023166,179.22349945019965,179.22349945019965,3737219.0,sample,2026-09-24 19:05:19.564596+00:00
TSLA,2025-01-02 15:30:00+00:00,178.40911536366352,181.7896170271503,176.9138054924571,179.791164226463,179.791164226463,1830523.0,sample,2026-09-24 19:05:19.564596+00:00
TSLA,2025-01-02 16:30:00+00:00,179.58730110033153,181.2648388221643,178.54218414345362,179.525909005289,179.525909005289,6409865.0,sample,2026-09-24 19:05:19.564596+00:00
TSLA,2025-01-02 17:30:00+00:00,179.59136605593176,180.5954792341919,178.35680099701466,179.74748803982664,179.74748803982664,7716022.0,sample,2026-09-24 19:05:19.564596+00:00
TSLA,2025-01-02 18:30:00+00:00,179.6963613732562,181.55646458573136,177.73751940741744,179.9985491727487,179.9985491727487,11499753.0,sample,2026-09-24 19:05:19.564596+00:00
TSLA,2025-01-02 19:30:00+00:00,180.0140989478764,180.878004187265,178.37358557335884,178.61124780548036,178.61124780548036,15488188.0,sample,2026-09-24 19:05:19.564596+00:00
TSLA,2025-01-02 20:30:00+00:00,178.9535250407917,179.8279312322711,177.589543157025,178.97876122620747,178.97876122620747,11762935.0,sample,2026-09-24 19:05:19.564596+00:00
TSLA,2025-01-02 21:30:00+00:00,178.81045486452618,179.9444545971083,177.43762910655002,178.2973049846666,178.2973049846666,16036901.0,sample,2026-09-24 19:05:19.564596+00:00
TSLA,2025-01-02 22:30:00+00:00,178.53053972936684,179.84772302836936,176.90673632124054,177.42105137394688,177.42105137394688,13975758.0,sample,2026-09-24 19:05:19.564596+00:00
TSLA,2025-01-02 23:30:00+00:00,177.20252502230989,178.8277537132106,175.71417773058792,178.22383240109835,178.22383240109835,1993647.0,sample,2026-09-24 19:05:19.564596+00:00
TSLA,2025-01-03 00:30:00+00:00,178.19587480793956,179.7556056215115,175.18688952007443,177.0866119892329,177.0866119892329,11929616.0,sample,2026-09-24 19:05:19.564596+00:00
TSLA,2025-01-03 01:30:00+00:00,176.8901940259146,178.63042987235335,174.94101586870772,175.9735229434381,175.9735229434381,5023038.0,sample,2026-09-24 19:05:19.564596+00:00
TSLA,2025-01-03 02:30:00+00:00,175.80723726681143,176.93681179565056,174.2102252937473,175.39104296276923,175.39104296276923,3730951.0,sample,2026-09-24 19:05:19.564596+00:00
TSLA,2025-01-03 03:30:00+00:00,175.1103009422597,176.70943850560076,174.73606300884512,176.38904516306243,176.38904516306243,5014964.0,sample,2026-09-24 19:05:19.564596+00:00
TSLA,2025-01-03 04:30:00+00:00,176.70080320820747,178.78709177708294,175.13304732903768,177.0513423981437,177.0513423981437,3556704.0,sample,2026-09-24 19:05:19.564596+00:00
TSLA,2025-01-03 05:30:00+00:00,177.2213575253771,178.2247038430339,174.87117946647768,176.94222700395676,176.94222700395676,12036555.0,sample,2026-09-24 19:05:19.564596+00:00
TSLA,2025-01-03 06:30:00+00:00,176.38895917678792,180.12823155867028,175.40406837922373,178.2347309194484,178.2347309194484,17620374.0,sample,2026-09-24 19:05:19.564596+00:00
TSLA,2025-01-03 07:30:00+00:00,178.01765716133036,179.00662294540803,176.05379172612618,177.7026215238241,177.7026215238241,2927831.0,sample,2026-09-24 19:05:19.564596+00:00
TSLA,2025-01-03 08:30:00+00:00,178.1054028313665,179.19773301626347,175.11823099913693,176.43989043740083,176.43989043740083,12964935.0,sample,2026-09-24 19:05:19.564596+00:00
TSLA,2025-01-03 09:30:00+00:00,176.20928782410513,178.8325951668103,175.13426496144405,176.9219979169151,176.9219979169151,17568407.0,sample,2026-09-24 19:05:19.564596+00:00
TSLA,2025-01-03 10:30:00+00:00,176.68263356046913,178.94885451611134,175.31989173901763,177.08413746180958,177.08413746180958,5164478.0,sample,2026-09-24 19:05:19.564596+00:00
TSLA,2025-01-03 11:30:00+00:00,177.25564014909074,177.6717052060916,175.7609097340076,177.33789678903935,177.33789678903935,12621044.0,sample,2026-09-24 19:05:19.564596+00:00
TSLA,2025-01-03 12:30:00+00:00,177.500487023469,178.72982409475733,174.62108898862715,176.57143123168586,176.57143123168586,12385694.0,sample,2026-09-24 19:05:19.564596+00:00
TSLA,2025-01-03 13:30:00+00:00,176.7465806908955,178.65395045731992,175.53194902321087,176.97914321569317,176.97914321569317,9183506.0,sample,2026-09-24 19:05:19.564596+00:00
TSLA,2025-01-03 14:30:00+00:00,177.23392150753088,177.84988623260753,175.97132068365076,177.20554049971705,177.20554049971705,11755321.0,sample,2026-09-24 19:05:19.564596+00:00
TSLA,2025-01-03 15:30:00+00:00,176.7796699236452,177.09475445612782,175.16349854987087,176.32958150854478,176.32958150854478,9698042.0,sample,2026-09-24 19:05:19.564596+00:00
TSLA,2025-01-03 16:30:00+00:00,176.54803653269158,178.66578101466982,176.19371084260445,176.71750681999234,176.71750681999234,13103468.0,sample,2026-09-24 19:05:19.564596+00:00
TSLA,2025-01-03 17:30:00+00:00,176.16971224862283,178.3806166328249,175.08272473658448,176.92352938817072,176.92352938817072,6468663.0,sample,2026-09-24 19:05:19.564596+00:00
TSLA,2025-01-03 18:30:00+00:00,177.18482024863278,178.9828557621814,175.16336359408015,177.9433664565006,177.9433664565006,4711338.0,sample,2026-09-24 19:05:19.564596+00:00
TSLA,2025-01-03 19:30:00+00:00,178.0310475707825,178.60690623581092,176.7078264892521,177.67106009564426,177.67106009564426,8426205.0,sample,2026-09-24 19:05:19.564596+00:00
TSLA,2025-01-03 20:30:00+00:00,178.0666743339183,178.30757833313478,176.1510894116415,177.86158836692752,177.86158836692752,16704892.0,sample,2026-09-24 19:05:19.564596+00:00
TSLA,2025-01-03 21:30:00+00:00,177.95608831929647,179.7525467644345,177.36290194545137,178.53338363861027,178.53338363861027,3824456.0,sample,2026-09-24 19:05:19.564596+00:00
TSLA,2025-01-03 22:30:00+00:00,178.62807888908037,179.29963903521255,175.99299449732567,177.6661275225217,177.6661275225217,8966637.0,sample,2026-09-24 19:05:19.564596+00:00
TSLA,2025-01-03 23:30:00+00:00,178.33623254698486,179.04753787194102,175.98571449684934,177.30228704589925,177.30228704589925,7087273.0,sample,2026-09-24 19:05:19.564596+00:00
TSLA,2025-01-04 00:30:00+00:00,176.76683468079204,177.7784946527578,174.56344864112677,176.61385006393684,176.61385006393684,6814117.0,sample,2026-09-24 19:05:19.564596+00:00
TSLA,2025-01-04 01:30:00+00:00,177.36062415421475,178.37003789936514,174.6531916466142,176.23189974378607,176.23189974378607,15065287.0,sample,2026-09-24 19:05:19.564596+00:00
TSLA,2025-01-04 02:30:00+00:00,175.6727515140264,177.9037289000763,174.98096930855223,177.19272875064317,177.19272875064317,4896416.0,sample,2026-09-24 19:05:19.564596+00:00
TSLA,2025-01-04 03:30:00+00:00,177.87763613130366,179.41231717072137,176.06402915578545,177.69890908620835,177.69890908620835,8567724.0,sample,2026-09-24 19:05:19.564596+00:00
TSLA,2025-01-04 04:30:00+00:00,177.96596513019844,179.76320264024721,177.06185071347767,178.00001540451032,178.00001540451032,11752465.0,sample,2026-09-24 19:05:19.564596+00:00
TSLA,2025-01-04 05:30:00+00:00,177.61758017674518,180.28385851353093,176.93609456075052,178.2409801879327,178.2409801879327,13530106.0,sample,2026-09-24 19:05:19.564596+00:00
TSLA,2025-01-04 06:30:00+00:00,178.59733087727167,179.97173445860568,176.82245614333922,178.64591748676432,178.64591748676432,6865936.0,sample,2026-09-24 19:05:19.564596+00:00
TSLA,2025-01-04 07:30:00+00:00,178.7957870356087,180.83779217672867,177.55639397456753,179.67237477832876,179.67237477832876,5554238.0,sample,2026-09-24 19:05:19.564596+00:00
TSLA,2025-01-04 08:30:00+00:00,179.27494483266423,180.8945651146935,179.0005949787664,180.14257605241946,180.14257605241946,14005047.0,sample,2026-09-24 19:05:19.564596+00:00
TSLA,2025-01-04 09:30:00+00:00,180.3115054056117,182.1905644350364,178.7160803559875,181.22546732100025,181.22546732100025,10782772.0,sample,2026-09-24 19:05:19.564596+00:00
TSLA,2025-01-04 10:30:00+00:00,180.54589851981916,182.6427772252278,178.61315514974413,181.42996124307044,181.42996124307044,4309174.0,sample,2026-09-24 19:05:19.564596+00:00
TSLA,2025-01-04 11:30:00+00:00,180.8633565969571,182.9066930800638,179.25850481809098,181.47187660459167,181.47187660459167,10170027.0,sample,2026-09-24 19:05:19.564596+00:00
TSLA,2025-01-04 12:30:00+00:00,181.53121347265977,183.21021083943566,180.93364514652603,181.73889018022206,181.73889018022206,5533899.0,sample,2026-09-24 19:05:19.564596+00:00
TSLA,2025-01-04 13:30:00+00:00,181.8619512948778,182.19811865739482,181.3116414210043,181.5535804857035,181.5535804857035,6377349.0,sample,2026-09-24 19:05:19.564596+00:00
TSLA,2025-01-04 14:30:00+00:00,181.1371129962825,182.1911652408773,179.05894367033417,181.94557919987946,181.94557919987946,13399544.0,sample,2026-09-24 19:05:19.564596+00:00
TSLA,2025-01-04 15:30:00+00:00,182.10382318012202,183.1044111364756,179.90661005862967,180.11424832667524,180.11424832667524,12148446.0,sample,2026-09-24 19:05:19.564596+00:00
TSLA,2025-01-04 16:30:00+00:00,179.85200205138887,180.29409484979945,178.01856816828197,179.81623510433914,179.81623510433914,14883274.0,sample,2026-09-24 19:05:19.564596+00:00
TSLA,2025-01-04 17:30:00+00:00,179.98763549111138,181.2520427646073,177.6578357135544,179.417467155875,179.417467155875,4017651.0,sample,2026-09-24 19:05:19.564596+00:00
TSLA,2025-01-04 18:30:00+00:00,179.85827201774146,180.13304426272094,177.4015890943605,178.73379592373894,178.73379592373894,5201338.0,sample,2026-09-24 19:05:19.564596+00:00
TSLA,2025-01-04 19:30:00+00:00,179.17468507147706,180.80930371641128,178.2210071218974,179.22065782229862,179.22065782229862,7992830.0,sample,2026-09-24 19:05:19.564596+00:00
TSLA,2025-01-04 20:30:00+00:00,178.4153324020832,181.75247001576656,176.62480830126933,179.9613719408829,179.9613719408829,1681255.0,sample,2026-09-24 19:05:19.564596+00:00
TSLA,2025-01-04 21:30:00+00:00,180.52966949507075,181.0012612970245,179.15934715655575,180.77768669835896,180.77768669835896,10028361.0,sample,2026-09-24 19:05:19.564596+00:00
TSLA,2025-01-04 22:30:00+00:00,180.61803996198555,182.28254957866633,178.0671155967476,180.19024170088784,180.19024170088784,14232560.0,sample,2026-09-24 19:05:19.564596+00:00
TSLA,2025-01-04 23:30:00+00:00,180.76503576787812,182.44466746277607,179.6868764269251,180.54886249865302,180.54886249865302,1714145.0,sample,2026-09-24 19:05:19.564596+00:00
TSLA,2025-01-05 00:30:00+00:00,180.8122097487799,182.78670961137814,177.39429553282014,179.39385393278164,179.39385393278164,14617049.0,sample,2026-09-24 19:05:19.564596+00:00
TSLA,2025-01-05 01:30:00+00:00,179.62074457338903,180.18965405673717,177.08928675145842,179.10179284983556,179.10179284983556,3383973.0,sample,2026-09-24 19:05:19.564596+00:00
TSLA,2025-01-05 02:30:00+00:00,178.63298193225864,180.05936681457146,176.7906648987564,178.96707372502442,178.96707372502442,10436613.0,sample,2026-09-24 19:05:19.564596+00:00
TSLA,2025-01-05 03:30:00+00:00,179.5128949827661,180.23624779774013,178.31836780199612,178.8541312283124,178.8541312283124,6261472.0,sample,2026-09-24 19:05:19.564596+00:00
TSLA,2025-01-05 04:30:00+00:00,178.98108025522075,180.5265937630718,178.3939498160536,178.6870780370203,178.6870780370203,9575415.0,sample,2026-09-24 19:05:19.564596+00:00
TSLA,2025-01-05 05:30:00+00:00,178.84984711530126,180.91791963661612,178.60169536192004,179.30690071173453,179.30690071173453,3887467.0,sample,2026-09-24 19:05:19.564596+00:00
TSLA,2025-01-05 06:30:00+00:00,179.4182936820075,180.96471304278373,175.94959353907132,178.00465660985574,178.00465660985574,4838815.0,sample,2026-09-24 19:05:19.564596+00:00
TSLA,2025-01-05 07:30:00+00:00,177.7010710825279,178.56808746857337,176.00557224228893,178.13506704322361,178.13506704322361,11707500.0,sample,2026-09-24 19:05:19.564596+00:00
TSLA,2025-01-05 08:30:00+00:00,177.8629364176311,178.9690837545399,176.17911175760972,177.6528627525699,177.6528627525699,12058988.0,sample,2026-09-24 19:05:19.564596+00:00
TSLA,2025-01-05 09:30:00+00:00,177.53883026233282,178.09906168274523,175.50545193958877,177.50777458387353,177.50777458387353,9831727.0,sample,2026-09-24 19:05:19.564596+00:00
TSLA,2025-01-05 10:30:00+00:00,177.67614378218525,178.99534134423095,177.19778181396242,178.52522299973768,178.52522299973768,12447562.0,sample,2026-09-24 19:05:19.564596+00:00
TSLA,2025-01-05 11:30:00+00:00,178.00870102463725,180.46304650273333,176.72861114271774,179.42582928389336,179.42582928389336,7076352.0,sample,2026-09-24 19:05:19.564596+00:00
TSLA,2025-01-05 12:30:00+00:00,179.55263478466472,180.02376813264524,177.68178817807004,179.5607625822529,179.5607625822529,2277322.0,sample,2026-09-24 19:05:19.564596+00:00
TSLA,2025-01-05 13:30:00+00:00,180.38457384442614,182.56049918693378,180.05882445391228,181.27552602513492,181.27552602513492,4759115.0,sample,2026-09-24 19:05:19.564596+00:00
TSLA,2025-01-05 14:30:00+00:00,181.2648003498182,181.6431295339397,179.77592014645285,181.3415351217863,181.3415351217863,11511080.0,sample,2026-09-24 19:05:19.564596+00:00
TSLA,2025-01-05 15:30:00+00:00,181.23860170080656,182.80277844976655,180.38071897325128,181.63234266549748,181.63234266549748,16496358.0,sample,2026-09-24 19:05:19.564596+00:00
TSLA,2025-01-05 16:30:00+00:00,182.0770311143128,183.64021525280987,181.79139091890804,182.4177411833955,182.4177411833955,3902484.0,sample,2026-09-24 19:05:19.564596+00:00
TSLA,2025-01-05 17:30:00+00:00,182.02281528633307,182.93559122790424,180.0388742106011,182.068158990653,182.068158990653,13734984.0,sample,2026-09-24 19:05:19.564596+00:00
TSLA,2025-01-05 18:30:00+00:00,181.68765838113552,182.01221951205852,180.39906305706776,181.82064030048065,181.82064030048065,9456225.0,sample,2026-09-24 19:05:19.564596+00:00
TSLA,2025-01-05 19:30:00+00:00,181.8662928616719,184.61684279214242,179.82855599489346,182.46438444144016,182.46438444144016,16603826.0,sample,2026-09-24 19:05:19.564596+00:00
TSLA,2025-01-05 20:30:00+00:00,182.88328754636026,184.98190678349317,179.95499592203092,181.37238406883122,181.37238406883122,4687804.0,sample,2026-09-24 19:05:19.564596+00:00
TSLA,2025-01-05 21:30:00+00:00,180.81011999047664,183.00995607525422,180.12391645622324,180.95163820617537,180.95163820617537,7065066.0,sample,2026-09-24 19:05:19.564596+00:00
TSLA,2025-01-05 22:30:00+00:00,181.33914135644523,182.43243953005899,178.56908591377734,179.55891086159576,179.55891086159576,4941043.0,sample,2026-09-24 19:05:19.564596+00:00
TSLA,2025-01-05 23:30:00+00:00,179.18544731957653,182.34785443188673,177.2799847852736,181.17017837969212,181.17017837969212,11655294.0,sample,2026-09-24 19:05:19.564596+00:00
TSLA,2025-01-06 00:30:00+00:00,181.04948916890038,181.73658005481056,179.23782029520302,180.8347308317395,180.8347308317395,15553692.0,sample,2026-09-24 19:05:19.564596+00:00
TSLA,2025-01-06 01:30:00+00:00,181.079534061944,182.36632536959104,179.01895884330102,181.2697843482272,181.2697843482272,1588999.0,sample,2026-09-24 19:05:19.564596+00:00
TSLA,2025-01-06 02:30:00+00:00,181.2881096940846,181.87464592076392,179.3921103199599,180.31368171718756,180.31368171718756,14160558.0,sample,2026-09-24 19:05:19.564596+00:00
TSLA,2025-01-06 03:30:00+00:00,180.2937204930505,182.081199057762,178.9584239140726,181.77738276258293,181.77738276258293,5198300.0,sample,2026-09-24 19:05:19.564596+00:00
TSLA,2025-01-06 04:30:00+00:00,181.12337331855414,182.71377724315596,180.04763778306435,180.83501881888057,180.83501881888057,10333190.0,sample,2026-09-24 19:05:19.564596+00:00
TSLA,2025-01-06 05:30:00+00:00,180.9617378764617,181.3695116388213,179.7721035676221,180.5551251227291,180.5551251227291,3631587.0,sample,2026-09-24 19:05:19.564596+00:00
TSLA,2025-01-06 06:30:00+00:00,180.78227454714582,182.60450169436632,178.63823337418575,182.2760072034465,182.2760072034465,16353300.0,sample,2026-09-24 19:05:19.564596+00:00
TSLA,2025-01-06 07:30:00+00:00,182.17699951970386,184.19081812095442,180.10232464786887,182.81051460771118,182.81051460771118,3452142.0,sample,2026-09-24 19:05:19.564596+00:00
TSLA,2025-01-06 08:30:00+00:00,182.49698564998548,184.35663510645742,181.85965800107584,182.5652264356296,182.5652264356296,5379573.0,sample,2026-09-24 19:05:19.564596+00:00
TSLA,2025-01-06 09:30:00+00:00,182.40375398638756,184.24134108226716,181.53892668359427,183.53158043109553,183.53158043109553,3053026.0,sample,2026-09-24 19:05:19.564596+00:00
TSLA,2025-01-06 10:30:00+00:00,183.56142689174374,185.51844907776916,182.25170209772358,183.66876685096418,183.66876685096418,12621609.0,sample,2026-09-24 19:05:19.564596+00:00
TSLA,2025-01-06 11:30:00+00:00,183.45411293740133,185.46844770790327,181.53109559817094,183.71080985984287,183.71080985984287,14773049.0,sample,2026-09-24 19:05:19.564596+00:00
TSLA,2025-01-06 12:30:00+00:00,184.31992359971184,186.49175422673525,182.3238115032476,183.28840855600745,183.28840855600745,16412553.0,sample,2026-09-24 19:05:19.564596+00:00
TSLA,2025-01-06 13:30:00+00:00,184.03308039349088,184.2287905402912,181.28582823583247,182.6045174382277,182.6045174382277,13130642.0,sample,2026-09-24 19:05:19.564596+00:00
TSLA,2025-01-06 14:30:00+00:00,181.80278475785065,182.29633633937317,180.31150513980927,181.9859873058194,181.9859873058194,11028932.0,sample,2026-09-24 19:05:19.564596+00:00
TSLA,2025-01-06 15:30:00+00:00,182.19871549927768,183.18521531437193,181.18674497157903,181.4240768714606,181.4240768714606,3573423.0,sample,2026-09-24 19:05:19.564596+00:00
TSLA,2025-01-06 16:30:00+00:00,180.98543108183318,182.66615755816085,180.03761909781244,180.96362726833215,180.96362726833215,4594424.0,sample,2026-09-24 19:05:19.564596+00:00
TSLA,2025-01-06 17:30:00+00:00,180.8661428941157,181.96559019743142,179.51524646308485,181.10626917394498,181.10626917394498,8572186.0,sample,2026-09-24 19:05:19.564596+00:00
TSLA,2025-01-06 18:30:00+00:00,181.2408560024525,182.39842794280793,179.6288269706666,181.19856604674874,181.19856604674874,9992032.0,sample,2026-09-24 19:05:19.564596+00:00
TSLA,2025-01-06 19:30:00+00:00,181.1809541159138,182.85431112882557,180.4437276775045,181.1195976739843,181.1195976739843,10328108.0,sample,2026-09-24 19:05:19.564596+00:00
TSLA,2025-01-06 20:30:00+00:00,181.42498150923294,183.2312923402691,180.84439592587597,181.1599817569063,181.1599817569063,16195337.0,sample,2026-09-24 19:05:19.564596+00:00
TSLA,2025-01-06 21:30:00+00:00,180.982544048958,182.97318437475977,180.39662755114216,180.96965582070678,180.96965582070678,14497211.0,sample,2026-09-24 19:05:19.564596+00:00
TSLA,2025-01-06 22:30:00+00:00,181.41010394473318,182.5246582552701,180.78710441187133,181.54272565628756,181.54272565628756,10312141.0,sample,2026-09-24 19:05:19.564596+00:00
TSLA,2025-01-06 23:30:00+00:00,181.70602960307775,183.91288750397197,180.49612096688793,181.8507372359024,181.8507372359024,2495606.0,sample,2026-09-24 19:05:19.564596+00:00
TSLA,2025-01-07 00:30:00+00:00,182.38293546938306,183.3476915289154,181.63305349046405,183.0187427320688,183.0187427320688,4545176.0,sample,2026-09-24 19:05:19.564596+00:00
TSLA,2025-01-07 01:30:00+00:00,183.04952253190172,184.8205279586798,181.79600331369642,182.83502953094137,182.83502953094137,6487043.0,sample,2026-09-24 19:05:19.564596+00:00
TSLA,2025-01-07 02:30:00+00:00,182.65071869110272,185.9162441140892,180.50687708885764,184.5488642680601,184.5488642680601,6602092.0,sample,2026-09-24 19:05:19.564596+00:00
TSLA,2025-01-07 03:30:00+00:00,184.97516464395636,185.67789585756586,183.32211862060643,184.79503670483797,184.79503670483797,13944150.0,sample,2026-09-24 19:05:19.564596+00:00
TSLA,2025-01-07 04:30:00+00:00,184.98782829622192,185.41195433141135,183.9604951241156,185.03412424034585,185.03412424034585,4493653.0,sample,2026-09-24 19:05:19.564596+00:00
TSLA,2025-01-07 05:30:00+00:00,184.84506076206605,186.5076345427224,182.89237399172234,185.7629947746561,185.7629947746561,7325293.0,sample,2026-09-24 19:05:19.564596+00:00
TSLA,2025-01-07 06:30:00+00:00,186.25632315040008,187.8194009780706,185.16847347829847,185.4198400427411,185.4198400427411,6960973.0,sample,2026-09-24 19:05:19.564596+00:00
TSLA,2025-01-07 07:30:00+00:00,185.46034793569655,186.72186471111056,184.0317160775491,185.79027929503593,185.79027929503593,9611272.0,sample,2026-09-24 19:05:19.564596+00:00
TSLA,2025-01-07 08:30:00+00:00,186.0724703222423,188.53201576091115,185.50176024936653,186.3284825227122,186.3284825227122,9243087.0,sample,2026-09-24 19:05:19.564596+00:00
TSLA,2025-01-07 09:30:00+00:00,186.64336515498252,188.35871827024735,185.3808576659113,186.59516083275784,186.59516083275784,17392947.0,sample,2026-09-24 19:05:19.564596+00:00
TSLA,2025-01-07 10:30:00+00:00,186.54025919680325,188.7238360326141,184.58736910272603,186.92131580527823,186.92131580527823,14642717.0,sample,2026-09-24 19:05:19.564596+00:00
TSLA,2025-01-07 11:30:00+00:00,186.78174348510237,187.25928707049502,185.1256435508942,185.93684751802584,185.93684751802584,2531199.0,sample,2026-09-24 19:05:19.564596+00:00
TSLA,2025-01-07 12:30:00+00:00,185.77558137293394,189.43575425022365,183.76571974642312,187.29314384670653,187.29314384670653,5349860.0,sample,2026-09-24 19:05:19.564596+00:00
TSLA,2025-01-07 13:30:00+00:00,187.1885418218637,189.00631813846135,185.25247291599035,187.1934102084084,187.1934102084084,13613913.0,sample,2026-09-24 19:05:19.564596+00:00
TSLA,2025-01-07 14:30:00+00:00,187.47300532429597,188.39316046533366,183.246375838198,185.33479148863518,185.33479148863518,12073890.0,sample,2026-09-24 19:05:19.564596+00:00
TSLA,2025-01-07 15:30:00+00:00,185.53193345476808,188.1085902945069,183.6703791925376,186.6821146348389,186.6821146348389,14990146.0,sample,2026-09-24 19:05:19.564596+00:00
TSLA,2025-01-07 16:30:00+00:00,187.1292312095847,188.79960345366362,186.58802185005135,187.16269087927364,187.16269087927364,11582055.0,sample,2026-09-24 19:05:19.564596+00:00
TSLA,2025-01-07 17:30:00+00:00,187.50708971333518,188.43801398781915,186.31791124917288,187.4801431896949,187.4801431896949,6933185.0,sample,2026-09-24 19:05:19.564596+00:00
TSLA,2025-01-07 18:30:00+00:00,187.35110701934758,189.22075719147173,186.69162348802988,187.39516120403601,187.39516120403601,8606828.0,sample,2026-09-24 19:05:19.564596+00:00
TSLA,2025-01-07 19:30:00+00:00,187.4514547158805,188.63552216354273,186.4920282031946,187.1346902443076,187.1346902443076,7826601.0,sample,2026-09-24 19:05:19.564596+00:00
TSLA,2025-01-07 20:30:00+00:00,186.8840707096497,189.17847838400988,186.47410389532442,187.60627030497076,187.60627030497076,12406649.0,sample,2026-09-24 19:05:19.564596+00:00
TSLA,2025-01-07 21:30:00+00:00,187.217405245836,189.89508616342297,186.49594066551737,189.43323037009117,189.43323037009117,14890538.0,sample,2026-09-24 19:05:19.564596+00:00
TSLA,2025-01-07 22:30:00+00:00,189.50462025245466,190.77557014964313,188.44706494396334,189.96742509821942,189.96742509821942,10891995.0,sample,2026-09-24 19:05:19.564596+00:00
TSLA,2025-01-07 23:30:00+00:00,189.97045616398884,191.5625424862151,189.77764783833211,190.7356458947033,190.7356458947033,10174763.0,sample,2026-09-24 19:05:19.564596+00:00
TSLA,2025-01-08 00:30:00+00:00,190.13864065401356,192.03651543442572,189.74709838690958,190.8571997217064,190.8571997217064,11778205.0,sample,2026-09-24 19:05:19.564596+00:00
TSLA,2025-01-08 01:30:00+00:00,190.83122352045595,191.6235253217433,189.05713248385976,189.9456189079189,189.9456189079189,3824959.0,sample,2026-09-24 19:05:19.564596+00:00
TSLA,2025-01-08 02:30:00+00:00,189.2999160673524,190.3905673439549,187.84011455281586,189.83841372620958,189.83841372620958,10884374.0,sample,2026-09-24 19:05:19.564596+00:00
TSLA,2025-01-08 03:30:00+00:00,189.33956796941882,191.35460071221928,188.84675663352942,189.7451838084214,189.7451838084214,13233126.0,sample,2026-09-24 19:05:19.564596+00:00
TSLA,2025-01-08 04:30:00+00:00,190.4786675321225,191.97109669677087,188.40374758422655,190.21371342739457,190.21371342739457,8659530.0,sample,2026-09-24 19:05:19.564596+00:00
TSLA,2025-01-08 05:30:00+00:00,190.71240505288335,192.64781279910727,188.3795389498913,190.56055719089326,190.56055719089326,15892775.0,sample,2026-09-24 19:05:19.564596+00:00
TSLA,2025-01-08 06:30:00+00:00,189.99056177816973,191.53411872808883,188.81133238309067,190.56719530474666,190.56719530474666,7185036.0,sample,2026-09-24 19:05:19.564596+00:00
TSLA,2025-01-08 07:30:00+00:00,190.44612922832448,191.80360180420183,187.49699485968225,189.47489533594697,189.47489533594697,10490701.0,sample,2026-09-24 19:05:19.564596+00:00
TSLA,2025-01-08 08:30:00+00:00,190.03052687266464,190.85642045593409,186.68756479411275,188.37408322983512,188.37408322983512,7778152.0,sample,2026-09-24 19:05:19.564596+00:00
TSLA,2025-01-08 09:30:00+00:00,188.38076410972764,189.71562601129492,186.1394060251741,187.66450112688904,187.66450112688904,15281316.0,sample,2026-09-24 19:05:19.564596+00:00
TSLA,2025-01-08 10:30:00+00:00,188.01430302721084,189.90191661913974,183.99183085335147,186.06079457776934,186.06079457776934,14804950.0,sample,2026-09-24 19:05:19.564596+00:00
TSLA,2025-01-08 11:30:00+00:00,185.99307203672325,187.53414165289468,183.78831727555152,185.13967209102478,185.13967209102478,17180358.0,sample,2026-09-24 19:05:19.564596+00:00
TSLA,2025-01-08 12:30:00+00:00,185.28301441843095,187.029100582935,183.73608730614004,185.92220488918412,185.92220488918412,11991800.0,sample,2026-09-24 19:05:19.564596+00:00
TSLA,2025-01-08 13:30:00+00:00,186.13590645404472,188.10831076293186,185.18089889693906,185.62917829973895,185.62917829973895,5144151.0,sample,2026-09-24 19:05:19.564596+00:00
TSLA,2025-01-08 14:30:00+00:00,184.46748852081163,186.3605439414048,183.0646255171495,184.60513346201608,184.60513346201608,17177806.0,sample,2026-09-24 19:05:19.564596+00:00
TSLA,2025-01-08 15:30:00+00:00,184.64264112184372,184.93017003527638,181.79596195199463,183.47459266990293,183.47459266990293,2704226.0,sample,2026-09-24 19:05:19.564596+00:00
TSLA,2025-01-08 16:30:00+00:00,183.75415150658182,185.3852469024118,182.63076754644334,183.6026644128663,183.6026644128663,15009165.0,sample,2026-09-24 19:05:19.564596+00:00
TSLA,2025-01-08 17:30:00+00:00,184.1775043634209,184.61754279935394,182.7153305552528,183.75031081190195,183.75031081190195,10881411.0,sample,2026-09-24 19:05:19.564596+00:00
TSLA,2025-01-08 18:30:00+00:00,184.35831778384087,185.0044769366963,182.60219048592484,183.8196169998156,183.8196169998156,11986110.0,sample,2026-09-24 19:05:19.564596+00:00
TSLA,2025-01-08 19:30:00+00:00,183.8768868777954,185.89632238617935,183.31087287555752,184.10794839720023,184.10794839720023,10743866.0,sample,2026-09-24 19:05:19.564596+00:00
TSLA,2025-01-08 20:30:00+00:00,184.48637194347063,185.60193172535946,182.39282249192814,183.9494506044354,183.9494506044354,4127653.0,sample,2026-09-24 19:05:19.564596+00:00
TSLA,2025-01-08 21:30:00+00:00,183.26072185653533,184.3487419006417,182.82570132238095,183.97427837401736,183.97427837401736,1726599.0,sample,2026-09-24 19:05:19.564596+00:00
TSLA,2025-01-08 22:30:00+00:00,183.53625981005268,184.88904622586907,182.59672679128988,183.10506218136874,183.10506218136874,6426988.0,sample,2026-09-24 19:05:19.564596+00:00
TSLA,2025-01-08 23:30:00+00:00,182.1046935894092,184.7806604418653,181.63830115616292,182.7854747330961,182.7854747330961,9824025.0,sample,2026-09-24 19:05:19.564596+00:00
TSLA,2025-01-09 00:30:00+00:00,182.88735254680591,184.72147898879547,181.41745324853446,182.7474289058623,182.7474289058623,7332506.0,sample,2026-09-24 19:05:19.564596+00:00
TSLA,2025-01-09 01:30:00+00:00,182.7477298947757,182.9815247083927,179.61800034748867,181.54522830567154,181.54522830567154,1564344.0,sample,2026-09-24 19:05:19.564596+00:00
TSLA,2025-01-09 02:30:00+00:00,180.73641913888557,182.02794882189005,179.2359112134295,181.03993022534183,181.03993022534183,12476593.0,sample,2026-09-24 19:05:19.564596+00:00
TSLA,2025-01-09 03:30:00+00:00,181.3365367332364,183.2126921268022,180.02838418755158,180.77776854487593,180.77776854487593,14847932.0,sample,2026-09-24 19:05:19.564596+00:00
TSLA,2025-01-09 04:30:00+00:00,181.14731195946166,183.12984284881892,179.03774162748212,182.2055748162834,182.2055748162834,4031110.0,sample,2026-09-24 19:05:19.564596+00:00
TSLA,2025-01-09 05:30:00+00:00,182.70610244148426,183.44927154412025,180.8955591534008,182.52295474205837,182.52295474205837,4168820.0,sample,2026-09-24 19:05:19.564596+00:00
TSLA,2025-01-09 06:30:00+00:00,182.87362989945493,183.1361699323027,180.85203885541415,182.8439198227461,182.8439198227461,17674703.0,sample,2026-09-24 19:05:19.564596+00:00
TSLA,2025-01-09 07:30:00+00:00,182.5390526890327,185.5400347556263,180.67291893913443,183.62667326160062,183.62667326160062,9656144.0,sample,2026-09-24 19:05:19.564596+00:00
TSLA,2025-01-09 08:30:00+00:00,183.89032322825096,184.87505205410852,183.03746783684846,183.62071653144108,183.62071653144108,3392994.0,sample,2026-09-24 19:05:19.564596+00:00
TSLA,2025-01-09 09:30:00+00:00,183.95491152335967,186.69894155879646,181.89586823366304,185.0704179601517,185.0704179601517,15686283.0,sample,2026-09-24 19:05:19.564596+00:00
TSLA,2025-01-09 10:30:00+00:00,184.42161633242276,185.13092795010692,184.15822676380577,184.51073309225956,184.51073309225956,9654204.0,sample,2026-09-24 19:05:19.564596+00:00
TSLA,2025-01-09 11:30:00+00:00,183.92057442747947,186.11265984921644,182.7805118441011,183.65606568491071,183.65606568491071,5016030.0,sample,2026-09-24 19:05:19.564596+00:00
TSLA,2025-01-09 12:30:00+00:00,183.62992786685243,185.69060183061552,182.9209236130254,183.8084447285803,183.8084447285803,5306868.0,sample,2026-09-24 19:05:19.564596+00:00
TSLA,2025-01-09 13:30:00+00:00,184.62143059942355,184.81018656967464,181.74868075030585,183.46353145869608,183.46353145869608,6358764.0,sample,2026-09-24 19:05:19.564596+00:00
TSLA,2025-01-09 14:30:00+00:00,183.23865672671855,185.3980483752274,182.07204399230358,182.7857194604628,182.7857194604628,16949067.0,sample,2026-09-24 19:05:19.564596+00:00
TSLA,2025-01-09 15:30:00+00:00,182.2950183856986,183.8789205895401,181.55404930858222,182.8080988722844,182.8080988722844,2692841.0,sample,2026-09-24 19:05:19.564596+00:00
TSLA,2025-01-09 16:30:00+00:00,183.10688923188536,184.07852300013587,179.75809528613038,181.13839714345923,181.13839714345923,9108704.0,sample,2026-09-24 19:05:19.564596+00:00
TSLA,2025-01-09 17:30:00+00:00,180.61141607414615,182.37138655887216,179.81324883066154,181.38626134824636,181.38626134824636,17961674.0,sample,2026-09-24 19:05:19.564596+00:00
TSLA,2025-01-09 18:30:00+00:00,181.76889867181765,183.5948498821748,179.00489838863174,180.91575026176366,180.91575026176366,16660709.0,sample,2026-09-24 19:05:19.564596+00:00
TSLA,2025-01-09 19:30:00+00:00,180.7659738423587,183.05626527549768,180.06384673893984,181.03741284729563,181.03741284729563,10018604.0,sample,2026-09-24 19:05:19.564596+00:00
TSLA,2025-01-09 20:30:00+00:00,181.0578431494089,182.30679771023568,178.8707678022937,180.4041100569567,180.4041100569567,17665123.0,sample,2026-09-24 19:05:19.564596+00:00
TSLA,2025-01-09 21:30:00+00:00,179.8481271202549,180.5771578567095,179.29743770581672,180.07624133918802,180.07624133918802,10705736.0,sample,2026-09-24 19:05:19.564596+00:00
TSLA,2025-01-09 22:30:00+00:00,179.70657908011478,182.49130684096247,178.3015884903277,180.76518088956766,180.76518088956766,9534429.0,sample,2026-09-24 19:05:19.564596+00:00
TSLA,2025-01-09 23:30:00+00:00,180.06250525036515,182.16698395404484,178.03702763935223,180.03241269487827,180.03241269487827,5668694.0,sample,2026-09-24 19:05:19.564596+00:00
TSLA,2025-01-10 00:30:00+00:00,179.71899472927274,182.5529864077991,178.106878606595,180.86685820933525,180.86685820933525,2174750.0,sample,2026-09-24 19:05:19.564596+00:00
TSLA,2025-01-10 01:30:00+00:00,180.5614155677171,180.82206181715992,178.53168252780642,180.6222642224396,180.6222642224396,9620510.0,sample,2026-09-24 19:05:19.564596+00:00
TSLA,2025-01-10 02:30:00+00:00,181.26924108637454,184.09046118009275,179.41569430193866,182.3348739234357,182.3348739234357,9976303.0,sample,2026-09-24 19:05:19.564596+00:00
TSLA,2025-01-10 03:30:00+00:00,182.59575389868294,183.68097803640563,179.41261065067928,181.27885435938094,181.27885435938094,2446469.0,sample,2026-09-24 19:05:19.564596+00:00
TSLA,2025-01-10 04:30:00+00:00,181.3723846070828,184.30261113353237,180.40258912248893,182.154249625069,182.154249625069,17635376.0,sample,2026-09-24 19:05:19.564596+00:00
TSLA,2025-01-10 05:30:00+00:00,181.88020318242545,183.73890584741397,181.37473744042438,181.9251918839517,181.9251918839517,9380324.0,sample,2026-09-24 19:05:19.564596+00:00
TSLA,2025-01-10 06:30:00+00:00,181.6862603101451,184.81664996913733,179.99931033900586,183.0518204302824,183.0518204302824,6030154.0,sample,2026-09-24 19:05:19.564596+00:00
TSLA,2025-01-10 07:30:00+00:00,183.08840754011436,183.72425774675173,181.00177978944976,182.5347337163044,182.5347337163044,11158188.0,sample,2026-09-24 19:05:19.564596+00:00
TSLA,2025-01-10 08:30:00+00:00,182.06806839253363,183.5615207562054,179.84096409625724,181.54878583681023,181.54878583681023,3135642.0,sample,2026-09-24 19:05:19.564596+00:00
TSLA,2025-01-10 09:30:00+00:00,181.81661875830716,182.90318687016995,180.36093332033897,181.47212407252087,181.47212407252087,9285920.0,sample,2026-09-24 19:05:19.564596+00:00
TSLA,2025-01-10 10:30:00+00:00,181.1437950661497,182.055266670563,179.7285950713721,181.5995961649648,181.5995961649648,2476562.0,sample,2026-09-24 19:05:19.564596+00:00
TSLA,2025-01-10 11:30:00+00:00,181.37476549754896,182.07949178143443,179.1579347714561,181.32971830646392,181.32971830646392,2464394.0,sample,2026-09-24 19:05:19.564596+00:00
TSLA,2025-01-10 12:30:00+00:00,181.8666546343836,183.28785992399082,179.24037663812592,181.31675675016376,181.31675675016376,5926570.0,sample,2026-09-24 19:05:19.564596+00:00
TSLA,2025-01-10 13:30:00+00:00,181.59326969556503,182.4891030701012,180.06968319426872,181.1083478745247,181.1083478745247,14503563.0,sample,2026-09-24 19:05:19.564596+00:00
TSLA,2025-01-10 14:30:00+00:00,181.1234746419438,181.78394147053106,179.7851480591331,180.6772567279605,180.6772567279605,2601528.0,sample,2026-09-24 19:05:19.564596+00:00
TSLA,2025-01-10 15:30:00+00:00,181.04247795203352,182.24425774618632,177.96101763688372,179.5564654923391,179.5564654923391,12660954.0,sample,2026-09-24 19:05:19.564596+00:00
TSLA,2025-01-10 16:30:00+00:00,179.7817663162195,181.34207926142,179.23717614002706,180.07502069187782,180.07502069187782,6180601.0,sample,2026-09-24 19:05:19.564596+00:00
TSLA,2025-01-10 17:30:00+00:00,180.42947000130124,181.29133851557367,179.74201518877325,180.53719826083454,180.53719826083454,12272090.0,sample,2026-09-24 19:05:19.564596+00:00
TSLA,2025-01-10 18:30:00+00:00,180.97466354728326,183.00728819915085,179.693273172833,179.93411728000697,179.93411728000697,6731369.0,sample,2026-09-24 19:05:19.564596+00:00
TSLA,2025-01-10 19:30:00+00:00,179.7408257495165,181.7059113663668,178.41502248074192,180.76998692009693,180.76998692009693,16671865.0,sample,2026-09-24 19:05:19.564596+00:00
TSLA,2025-01-10 20:30:00+00:00,180.98443598818042,182.1281452330044,179.69272148452302,180.71710176927428,180.71710176927428,15475213.0,sample,2026-09-24 19:05:19.564596+00:00
TSLA,2025-01-10 21:30:00+00:00,180.61238203328443,182.47992275926828,178.55506542273983,181.00145699477258,181.00145699477258,16879623.0,sample,2026-09-24 19:05:19.564596+00:00
TSLA,2025-01-10 22:30:00+00:00,181.09987291600316,181.4769400529485,180.43271438377525,180.64491054607285,180.64491054607285,13269603.0,sample,2026-09-24 19:05:19.564596+00:00
TSLA,2025-01-10 23:30:00+00:00,180.29478244545876,182.884042754863,179.60951429831314,181.32488438984043,181.32488438984043,9769397.0,sample,2026-09-24 19:05:19.564596+00:00
TSLA,2025-01-11 00:30:00+00:00,180.93537185573106,184.656277530415,179.9043516644268,182.67926600825507,182.67926600825507,12896781.0,sample,2026-09-24 19:05:19.564596+00:00
TSLA,2025-01-11 01:30:00+00:00,182.36264849975692,183.70260484965306,181.4954027406369,183.1346664151829,183.1346664151829,10266188.0,sample,2026-09-24 19:05:19.564596+00:00
TSLA,2025-01-11 02:30:00+00:00,183.6336205829238,185.73264215605556,182.31535171869797,183.40934519226593,183.40934519226593,10058820.0,sample,2026-09-24 19:05:19.564596+00:00
TSLA,2025-01-11 03:30:00+00:00,183.89154007527014,184.27524380096077,180.68528652872948,182.50154008914777,182.50154008914777,15525070.0,sample,2026-09-24 19:05:19.564596+00:00
TSLA,2025-01-11 04:30:00+00:00,182.38497725051528,183.96076707339705,181.87115294407357,182.97291044020875,182.97291044020875,16306140.0,sample,2026-09-24 19:05:19.564596+00:00
TSLA,2025-01-11 05:30:00+00:00,182.79740332161884,183.85748041120493,181.64740353377186,182.44447237213802,182.44447237213802,5386820.0,sample,2026-09-24 19:05:19.564596+00:00
TSLA,2025-01-11 06:30:00+00:00,182.32737283932428,184.06792822703497,180.19055936573795,181.98136085815028,181.98136085815028,9384543.0,sample,2026-09-24 19:05:19.564596+00:00
TSLA,2025-01-11 07:30:00+00:00,182.2945239647837,184.10262547434485,180.021572421783,182.04854388732358,182.04854388732358,8755640.0,sample,2026-09-24 19:05:19.564596+00:00
TSLA,2025-01-11 08:30:00+00:00,182.0138472965216,184.3120805315228,180.65113131804435,182.63452323290664,182.63452323290664,14910886.0,sample,2026-09-24 19:05:19.564596+00:00
TSLA,2025-01-11 09:30:00+00:00,181.7778436506276,184.42783869692397,181.0074894533283,182.51094137301195,182.51094137301195,2337837.0,sample,2026-09-24 19:05:19.564596+00:00
TSLA,2025-01-11 10:30:00+00:00,182.84110246013373,184.6220123531968,181.72085075626697,183.74787843511916,183.74787843511916,7223027.0,sample,2026-09-24 19:05:19.564596+00:00
TSLA,2025-01-11 11:30:00+00:00,183.65946852343032,184.78688988337365,183.2288356696965,184.4187584108767,184.4187584108767,3793947.0,sample,2026-09-24 19:05:19.564596+00:00
TSLA,2025-01-11 12:30:00+00:00,184.4507823663632,185.5939692864046,183.37351334092472,183.86988190508205,183.86988190508205,13547439.0,sample,2026-09-24 19:05:19.564596+00:00
TSLA,2025-01-11 13:30:00+00:00,184.12310978186724,184.33180314934506,182.0816409987071,183.95963363319657,183.95963363319657,16389580.0,sample,2026-09-24 19:05:19.564596+00:00
TSLA,2025-01-11 14:30:00+00:00,183.81678163908222,186.51882887049976,182.74077946980074,184.82691803193237,184.82691803193237,6532907.0,sample,2026-09-24 19:05:19.564596+00:00
TSLA,2025-01-11 15:30:00+00:00,184.6352183619184,186.18858568213776,183.78431708489066,184.94897246015077,184.94897246015077,3001126.0,sample,2026-09-24 19:05:19.564596+00:00
TSLA,2025-01-11 16:30:00+00:00,185.16389567133,186.56847707663894,183.64294826793082,185.00250162717182,185.00250162717182,8550160.0,sample,2026-09-24 19:05:19.564596+00:00
TSLA,2025-01-11 17:30:00+00:00,185.55032738128878,188.71630230894135,185.0070509299631,186.5211025053804,186.5211025053804,10162176.0,sample,2026-09-24 19:05:19.564596+00:00
TSLA,2025-01-11 18:30:00+00:00,186.2514703294607,190.39464012635906,185.40548433218817,188.96915236211262,188.96915236211262,17913911.0,sample,2026-09-24 19:05:19.564596+00:00
TSLA,2025-01-11 19:30:00+00:00,189.02157718686874,190.60965295648748,188.7681625343696,190.2190588636796,190.2190588636796,8674651.0,sample,2026-09-24 19:05:19.564596+00:00
TSLA,2025-01-11 20:30:00+00:00,190.25913461863834,191.26573675319943,187.67835901019527,189.02705514525346,189.02705514525346,10369747.0,sample,2026-09-24 19:05:19.564596+00:00
TSLA,2025-01-11 21:30:00+00:00,188.991698888228,189.69146608127633,186.82852715015065,189.1245695730091,189.1245695730091,14636487.0,sample,2026-09-24 19:05:19.564596+00:00
TSLA,2025-01-11 22:30:00+00:00,189.41018548024638,189.79211751806403,187.67025301183617,188.64407753147904,188.64407753147904,6861246.0,sample,2026-09-24 19:05:19.564596+00:00
TSLA,2025-01-11 23:30:00+00:00,188.56534450140552,189.27175970501008,187.21383593757392,187.67196815291334,187.67196815291334,14090480.0,sample,2026-09-24 19:05:19.564596+00:00
TSLA,2025-01-12 00:30:00+00:00,187.2661750488558,188.64291413631943,186.55337049155764,187.03219954429954,187.03219954429954,8568064.0,sample,2026-09-24 19:05:19.564596+00:00
TSLA,2025-01-12 01:30:00+00:00,186.57433408881823,188.06762606838382,185.0809193030372,186.07123079786254,186.07123079786254,14588781.0,sample,2026-09-24 19:05:19.564596+00:00
TSLA,2025-01-12 02:30:00+00:00,186.64698948492546,187.92853578236046,183.8335625049601,185.68237631357636,185.68237631357636,14046470.0,sample,2026-09-24 19:05:19.564596+00:00
TSLA,2025-01-12 03:30:00+00:00,185.51617414654524,187.51570473033428,183.6922638133688,185.71364009201656,185.71364009201656,13243706.0,sample,2026-09-24 19:05:19.564596+00:00
TSLA,2025-01-12 04:30:00+00:00,185.65862338684263,187.3390582360079,183.43841818424394,185.64944688280823,185.64944688280823,9462769.0,sample,2026-09-24 19:05:19.564596+00:00
TSLA,2025-01-12 05:30:00+00:00,185.3606937395039,186.29046869037572,185.05482834844787,185.71908117175388,185.71908117175388,16286299.0,sample,2026-09-24 19:05:19.564596+00:00
TSLA,2025-01-12 06:30:00+00:00,186.29148362227497,187.89906430728573,183.72130271837054,185.26518569305293,185.26518569305293,16044007.0,sample,2026-09-24 19:05:19.564596+00:00
TSLA,2025-01-12 07:30:00+00:00,185.56421948176856,186.2060393868564,183.39690736298888,184.65282886532265,184.65282886532265,12900850.0,sample,2026-09-24 19:05:19.564596+00:00
TSLA,2025-01-12 08:30:00+00:00,184.67141741106227,187.40404631161252,183.14027133490944,186.10217831692398,186.10217831692398,7779928.0,sample,2026-09-24 19:05:19.564596+00:00
TSLA,2025-01-12 09:30:00+00:00,186.06098208426704,187.5167441237345,184.56193789960977,186.3223085881252,186.3223085881252,15059886.0,sample,2026-09-24 19:05:19.564596+00:00
TSLA,2025-01-12 10:30:00+00:00,186.52660782245812,188.70143315821676,184.7687182339866,186.32125627481844,186.32125627481844,9340322.0,sample,2026-09-24 19:05:19.564596+00:00
TSLA,2025-01-12 11:30:00+00:00,185.68439256141073,188.86961942739362,184.83723091096027,186.95340827438844,186.95340827438844,15839503.0,sample,2026-09-24 19:05:19.564596+00:00
TSLA,2025-01-12 12:30:00+00:00,187.0051410465042,189.9171409744568,185.7307924652092,187.79195454567235,187.79195454567235,14471272.0,sample,2026-09-24 19:05:19.564596+00:00
TSLA,2025-01-12 13:30:00+00:00,187.60173747007912,188.59884389360292,185.13359980320953,187.346911524726,187.346911524726,3983936.0,sample,2026-09-24 19:05:19.564596+00:00
TSLA,2025-01-12 14:30:00+00:00,187.7695696799024,189.1500590235099,185.61850583188163,186.6712237361296,186.6712237361296,9456315.0,sample,2026-09-24 19:05:19.564596+00:00
TSLA,2025-01-12 15:30:00+00:00,186.68180074625795,187.46023933909572,186.3384586957099,186.5504710286796,186.5504710286796,2296062.0,sample,2026-09-24 19:05:19.564596+00:00
TSLA,2025-01-12 16:30:00+00:00,186.53766692056328,187.0552460903802,184.04886590414011,186.07393953888038,186.07393953888038,5466984.0,sample,2026-09-24 19:05:19.564596+00:00
TSLA,2025-01-12 17:30:00+00:00,186.4353579992423,187.88384593649602,184.11654731816066,186.0593358520761,186.0593358520761,8045021.0,sample,2026-09-24 19:05:19.564596+00:00
TSLA,2025-01-12 18:30:00+00:00,185.18062401255912,187.30095597370712,183.63304672269774,186.98142143012362,186.98142143012362,14997937.0,sample,2026-09-24 19:05:19.564596+00:00
TSLA,2025-01-12 19:30:00+00:00,186.77864817503166,188.9320256420084,185.72295475610815,187.19152504132174,187.19152504132174,14875250.0,sample,2026-09-24 19:05:19.564596+00:00
TSLA,2025-01-12 20:30:00+00:00,186.91698194412442,189.29486073534383,185.98878990115676,187.18225627174823,187.18225627174823,7122655.0,sample,2026-09-24 19:05:19.564596+00:00
TSLA,2025-01-12 21:30:00+00:00,187.0489563970341,188.63276645278435,186.75562835212267,187.19377494662746,187.19377494662746,11697749.0,sample,2026-09-24 19:05:19.564596+00:00
TSLA,2025-01-12 22:30:00+00:00,187.22693274571523,188.22855972887203,185.6001744279807,186.49040007425359,186.49040007425359,6097550.0,sample,2026-09-24 19:05:19.564596+00:00
TSLA,2025-01-12 23:30:00+00:00,186.28259171125526,187.68231234697808,184.6897863103833,186.10446407514908,186.10446407514908,16901263.0,sample,2026-09-24 19:05:19.564596+00:00
TSLA,2025-01-13 00:30:00+00:00,185.60491310066348,188.53697884388527,185.34850360835893,187.91031324443202,187.91031324443202,5225226.0,sample,2026-09-24 19:05:19.564596+00:00
TSLA,2025-01-13 01:30:00+00:00,188.202613791594,188.68603439501928,186.541785373615,188.04319408797082,188.04319408797082,2038238.0,sample,2026-09-24 19:05:19.564596+00:00
TSLA,2025-01-13 02:30:00+00:00,187.76195718298433,189.36826321592383,187.02287976556656,187.82404089934573,187.82404089934573,12432225.0,sample,2026-09-24 19:05:19.564596+00:00
TSLA,2025-01-13 03:30:00+00:00,187.60181692457215,190.8612458497979,186.51429653899882,189.24779669523625,189.24779669523625,10605529.0,sample,2026-09-24 19:05:19.564596+00:00
TSLA,2025-01-13 04:30:00+00:00,189.60688918220535,192.21236953085076,187.92982208592625,190.20245329704744,190.20245329704744,6608501.0,sample,2026-09-24 19:05:19.564596+00:00
TSLA,2025-01-13 05:30:00+00:00,190.6976526875795,192.63567000075048,189.86579998559176,190.27026150360123,190.27026150360123,14863515.0,sample,2026-09-24 19:05:19.564596+00:00
TSLA,2025-01-13 06:30:00+00:00,190.35250543389182,192.31051088412403,187.38317663688332,189.56665284836689,189.56665284836689,15321865.0,sample,2026-09-24 19:05:19.564596+00:00
TSLA,2025-01-13 07:30:00+00:00,190.13095060926483,191.71898581722817,188.35012260438702,189.03867573929713,189.03867573929713,16243961.0,sample,2026-09-24 19:05:19.564596+00:00
TSLA,2025-01-13 08:30:00+00:00,189.38024592212452,192.08058350012826,187.21589657998328,190.17619085776158,190.17619085776158,13196209.0,sample,2026-09-24 19:05:19.564596+00:00
TSLA,2025-01-13 09:30:00+00:00,189.95324644891704,193.1788119970728,188.55424416104896,191.02997652699793,191.02997652699793,7664687.0,sample,2026-09-24 19:05:19.564596+00:00
TSLA,2025-01-13 10:30:00+00:00,190.82195912186774,191.90866935178207,189.75528385065792,191.65709360289046,191.65709360289046,7605029.0,sample,2026-09-24 19:05:19.564596+00:00
TSLA,2025-01-13 11:30:00+00:00,191.47473900249693,193.36920915390198,191.2260977935509,192.60728765353412,192.60728765353412,16673678.0,sample,2026-09-24 19:05:19.564596+00:00
TSLA,2025-01-13 12:30:00+00:00,192.6265703677685,194.83575347772774,192.19679608265687,193.16892742670353,193.16892742670353,2172172.0,sample,2026-09-24 19:05:19.564596+00:00
TSLA,2025-01-13 13:30:00+00:00,192.81788951458645,195.5848605785316,190.8160048779342,193.52042204663152,193.52042204663152,14071500.0,sample,2026-09-24 19:05:19.564596+00:00
TSLA,2025-01-13 14:30:00+00:00,193.4761394409368,194.2067554069401,193.0037926851455,193.610552004349,193.610552004349,16093413.0,sample,2026-09-24 19:05:19.564596+00:00
TSLA,2025-01-13 15:30:00+00:00,192.97166951036988,195.92658290678534,191.21384138430835,193.7316297936478,193.7316297936478,8297004.0,sample,2026-09-24 19:05:19.564596+00:00
TSLA,2025-01-13 16:30:00+00:00,193.5330645553617,193.96614232827952,191.17175060199767,193.072749948747,193.072749948747,14167599.0,sample,2026-09-24 19:05:19.564596+00:00
TSLA,2025-01-13 17:30:00+00:00,192.53878808922695,194.7895777815318,191.6000442363894,192.9652824954073,192.9652824954073,12506580.0,sample,2026-09-24 19:05:19.564596+00:00
TSLA,2025-01-13 18:30:00+00:00,192.9870699193179,194.07063406808325,189.7458851904128,191.56970936822282,191.56970936822282,2999289.0,sample,2026-09-24 19:05:19.564596+00:00
TSLA,2025-01-13 19:30:00+00:00,191.73637843140085,193.15774600190397,189.72028255821982,189.94627180053314,189.94627180053314,1718283.0,sample,2026-09-24 19:05:19.564596+00:00
TSLA,2025-01-13 20:30:00+00:00,190.24855929014458,191.8099753916573,188.70962854321692,190.09633802436585,190.09633802436585,14658484.0,sample,2026-09-24 19:05:19.564596+00:00
TSLA,2025-01-13 21:30:00+00:00,190.18116348454555,190.43110427631802,188.18391607863126,189.33060677041425,189.33060677041425,5864699.0,sample,2026-09-24 19:05:19.564596+00:00
TSLA,2025-01-13 22:30:00+00:00,189.20362034187735,191.97173772341202,188.8309219934188,190.17663342991,190.17663342991,13362368.0,sample,2026-09-24 19:05:19.564596+00:00
TSLA,2025-01-13 23:30:00+00:00,190.47820566283275,191.15959152786166,189.7545357371713,190.53376490100212,190.53376490100212,9525445.0,sample,2026-09-24 19:05:19.564596+00:00
TSLA,2025-01-14 00:30:00+00:00,190.68133013526116,193.634192967071,188.52808670169188,191.73977463435392,191.73977463435392,1541588.0,sample,2026-09-24 19:05:19.564596+00:00
TSLA,2025-01-14 01:30:00+00:00,191.8901531743105,193.7560547502856,191.21439831030935,193.10447115317785,193.10447115317785,5599972.0,sample,2026-09-24 19:05:19.564596+00:00
TSLA,2025-01-14 02:30:00+00:00,192.6299787697028,194.58383621380383,190.33959808996013,193.86567681079467,193.86567681079467,1557562.0,sample,2026-09-24 19:05:19.564596+00:00
TSLA,2025-01-14 03:30:00+00:00,193.76003733012166,194.07816004835774,192.05886445103084,193.44428460803732,193.44428460803732,16356539.0,sample,2026-09-24 19:05:19.564596+00:00
TSLA,2025-01-14 04:30:00+00:00,193.09754673879922,195.34633927478035,192.37044913610177,192.57814785025298,192.57814785025298,6185309.0,sample,2026-09-24 19:05:19.564596+00:00
TSLA,2025-01-14 05:30:00+00:00,192.35962218418138,194.23048491527075,190.19246473561023,193.44458796455615,193.44458796455615,7981356.0,sample,2026-09-24 19:05:19.564596+00:00
TSLA,2025-01-14 06:30:00+00:00,193.78366339769997,195.63096057109843,191.46691510539867,193.8493546464154,193.8493546464154,11691643.0,sample,2026-09-24 19:05:19.564596+00:00
TSLA,2025-01-14 07:30:00+00:00,193.62451279314845,195.4339634678415,189.71808584912702,192.00362942549893,192.00362942549893,10289747.0,sample,2026-09-24 19:05:19.564596+00:00
TSLA,2025-01-14 08:30:00+00:00,191.96256494098614,192.79720310903718,190.11574799133837,191.6080987071484,191.6080987071484,4175037.0,sample,2026-09-24 19:05:19.564596+00:00
TSLA,2025-01-14 09:30:00+00:00,191.64118052440907,192.24351515425099,190.437553368715,191.6063678149623,191.6063678149623,6224515.0,sample,2026-09-24 19:05:19.564596+00:00
TSLA,2025-01-14 10:30:00+00:00,192.19316802742648,192.60753697965148,190.82395993953546,192.01053935310705,192.01053935310705,2797437.0,sample,2026-09-24 19:05:19.564596+00:00
TSLA,2025-01-14 11:30:00+00:00,191.77767335051212,195.36261127929583,191.45430775283984,194.09171107296163,194.09171107296163,17662998.0,sample,2026-09-24 19:05:19.564596+00:00
TSLA,2025-01-14 12:30:00+00:00,194.13459959281738,195.13661988099545,192.94378835450433,194.80402916892518,194.80402916892518,12426848.0,sample,2026-09-24 19:05:19.564596+00:00
TSLA,2025-01-14 13:30:00+00:00,194.5902533001116,195.19348125730968,192.38686323267942,194.28113356290788,194.28113356290788,6607060.0,sample,2026-09-24 19:05:19.564596+00:00
TSLA,2025-01-14 14:30:00+00:00,195.1193559738248,198.04969280811642,194.35586779710303,196.09670223547116,196.09670223547116,1565772.0,sample,2026-09-24 19:05:19.564596+00:00
TSLA,2025-01-14 15:30:00+00:00,196.1288144669715,198.2550358479747,195.10459518154158,196.71202522588052,196.71202522588052,13166786.0,sample,2026-09-24 19:05:19.564596+00:00
TSLA,2025-01-14 16:30:00+00:00,196.58182074002156,197.86293485266432,196.16893388790783,196.55812133431465,196.55812133431465,12348397.0,sample,2026-09-24 19:05:19.564596+00:00
TSLA,2025-01-14 17:30:00+00:00,196.76357095057242,198.95748856331807,195.04940326633616,197.2074576592764,197.2074576592764,2288304.0,sample,2026-09-24 19:05:19.564596+00:00
TSLA,2025-01-14 18:30:00+00:00,197.4734958756796,199.51672319418307,196.08835844110885,198.18942064732826,198.18942064732826,8987315.0,sample,2026-09-24 19:05:19.564596+00:00
TSLA,2025-01-14 19:30:00+00:00,198.01602964745243,200.73853636375884,196.8660651204445,198.9565969967357,198.9565969967357,13141500.0,sample,2026-09-24 19:05:19.564596+00:00
TSLA,2025-01-14 20:30:00+00:00,198.16671278582672,199.39561920779292,197.6651626058131,199.11104869650282,199.11104869650282,15957905.0,sample,2026-09-24 19:05:19.564596+00:00
TSLA,2025-01-14 21:30:00+00:00,199.23782166502426,201.1531560552825,196.2823289549484,198.60796175468198,198.60796175468198,10634436.0,sample,2026-09-24 19:05:19.564596+00:00
TSLA,2025-01-14 22:30:00+00:00,198.65266444455784,200.718984914657,197.02899492601617,197.95234946540427,197.95234946540427,8635602.0,sample,2026-09-24 19:05:19.564596+00:00
TSLA,2025-01-14 23:30:00+00:00,197.9047177477624,200.14247202159558,196.9611889292951,197.767924219979,197.767924219979,2851107.0,sample,2026-09-24 19:05:19.564596+00:00
TSLA,2025-01-15 00:30:00+00:00,198.03015744781555,200.1438586834084,196.47610221199847,198.74511487603104,198.74511487603104,15427828.0,sample,2026-09-24 19:05:19.564596+00:00
TSLA,2025-01-15 01:30:00+00:00,198.3633456653479,200.0951449550222,196.95767763485586,197.6392154166415,197.6392154166415,13730669.0,sample,2026-09-24 19:05:19.564596+00:00
TSLA,2025-01-15 02:30:00+00:00,197.8151498510173,200.01545965744342,195.47810643062394,196.45995111446462,196.45995111446462,16000619.0,sample,2026-09-24 19:05:19.564596+00:00
TSLA,2025-01-15 03:30:00+00:00,196.95622863240465,199.49239636018166,195.4381742306459,197.38738735305247,197.38738735305247,7435497.0,sample,2026-09-24 19:05:19.564596+00:00
TSLA,2025-01-15 04:30:00+00:00,196.73219373900253,198.44441181667875,195.31773564255116,197.27443824746183,197.27443824746183,6308310.0,sample,2026-09-24 19:05:19.564596+00:00
TSLA,2025-01-15 05:30:00+00:00,196.94711335415747,197.53275012549327,195.48809546253617,197.23723295321378,197.23723295321378,4732284.0,sample,2026-09-24 19:05:19.564596+00:00
TSLA,2025-01-15 06:30:00+00:00,197.2826837712899,198.75337228066672,196.25049330345084,197.3315680087596,197.3315680087596,1997813.0,sample,2026-09-24 19:05:19.564596+00:00
TSLA,2025-01-15 07:30:00+00:00,197.30841036763147,198.6128165707415,194.2996895459915,196.63874481665644,196.63874481665644,2014707.0,sample,2026-09-24 19:05:19.564596+00:00
TSLA,2025-01-15 08:30:00+00:00,197.10985940745533,198.60134658182025,196.68939295529998,197.67280298510892,197.67280298510892,11214364.0,sample,2026-09-24 19:05:19.564596+00:00
TSLA,2025-01-15 09:30:00+00:00,197.60008519646865,199.87223439930762,197.15238188237151,198.51301416589217,198.51301416589217,13631920.0,sample,2026-09-24 19:05:19.564596+00:00
TSLA,2025-01-15 10:30:00+00:00,198.7509701290768,200.21627629410236,196.20936063770603,198.5339857282072,198.5339857282072,9690797.0,sample,2026-09-24 19:05:19.564596+00:00
TSLA,2025-01-15 11:30:00+00:00,198.35719456458727,199.71783407933142,194.7802366019634,197.10057953812617,197.10057953812617,8499359.0,sample,2026-09-24 19:05:19.564596+00:00
TSLA,2025-01-15 12:30:00+00:00,196.76746003270742,198.1584931873027,195.9342883631173,197.39512936222715,197.39512936222715,13371614.0,sample,2026-09-24 19:05:19.564596+00:00
TSLA,2025-01-15 13:30:00+00:00,197.6175593627928,200.33232441081782,196.9437800926396,199.12671809539773,199.12671809539773,15715428.0,sample,2026-09-24 19:05:19.564596+00:00
TSLA,2025-01-15 14:30:00+00:00,198.56705446300288,202.12779877136893,197.00634287171033,200.76121843437303,200.76121843437303,8938442.0,sample,2026-09-24 19:05:19.564596+00:00
TSLA,2025-01-15 15:30:00+00:00,200.07161489301,201.70533849502272,198.0034936587015,200.41663744591608,200.41663744591608,13356399.0,sample,2026-09-24 19:05:19.564596+00:00
TSLA,2025-01-15 16:30:00+00:00,199.84841499637076,200.19908956176587,198.08269615432954,199.7051813985698,199.7051813985698,10533645.0,sample,2026-09-24 19:05:19.564596+00:00
TSLA,2025-01-15 17:30:00+00:00,200.05666981245847,203.42397404288036,199.02250609948013,201.04932953950293,201.04932953950293,17747068.0,sample,2026-09-24 19:05:19.564596+00:00
TSLA,2025-01-15 18:30:00+00:00,201.67979130642982,203.98263063216206,199.44573503162815,202.1552838551331,202.1552838551331,10463521.0,sample,2026-09-24 19:05:19.564596+00:00
TSLA,2025-01-15 19:30:00+00:00,201.89856146927377,205.00973379519215,200.15271332984156,202.79249222037075,202.79249222037075,16260492.0,sample,2026-09-24 19:05:19.564596+00:00
TSLA,2025-01-15 20:30:00+00:00,203.0526406777534,204.94041214482039,201.01049456192112,202.17364407695058,202.17364407695058,16770705.0,sample,2026-09-24 19:05:19.564596+00:00
TSLA,2025-01-15 21:30:00+00:00,201.82025041306247,202.7582773110149,201.3955819551314,202.3894093387598,202.3894093387598,13806393.0,sample,2026-09-24 19:05:19.564596+00:00
TSLA,2025-01-15 22:30:00+00:00,203.04305290818925,203.5584755184383,200.2109689828288,200.62068002527627,200.62068002527627,8034619.0,sample,2026-09-24 19:05:19.564596+00:00
TSLA,2025-01-15 23:30:00+00:00,200.25666175886084,202.08288753331252,199.64319745889827,200.15124090476888,200.15124090476888,7131016.0,sample,2026-09-24 19:05:19.564596+00:00
TSLA,2025-01-16 00:30:00+00:00,199.73888510084686,201.94177770858852,199.21833355447131,200.04734786298286,200.04734786298286,9094944.0,sample,2026-09-24 19:05:19.564596+00:00
TSLA,2025-01-16 01:30:00+00:00,200.08541165290012,201.4258464847813,199.17500030780857,199.8817548374745,199.8817548374745,6095100.0,sample,2026-09-24 19:05:19.564596+00:00
TSLA,2025-01-16 02:30:00+00:00,200.02491345554174,201.3943894742187,198.56452208919652,199.2918611038472,199.2918611038472,2242579.0,sample,2026-09-24 19:05:19.564596+00:00
TSLA,2025-01-16 03:30:00+00:00,200.10310090788428,200.44896993823744,196.2970790107582,198.3887663424223,198.3887663424223,17883421.0,sample,2026-09-24 19:05:19.564596+00:00
TSLA,2025-01-16 04:30:00+00:00,199.01012570551242,199.9337827796835,197.51579802798759,198.74325809951478,198.74325809951478,9394379.0,sample,2026-09-24 19:05:19.564596+00:00
TSLA,2025-01-16 05:30:00+00:00,198.72718748799295,198.93990517660822,196.62517688652855,197.90447469939403,197.90447469939403,8183176.0,sample,2026-09-24 19:05:19.564596+00:00
TSLA,2025-01-16 06:30:00+00:00,197.6262247712373,198.49370618474504,196.5867306451072,197.33931784083353,197.33931784083353,7739301.0,sample,2026-09-24 19:05:19.564596+00:00
TSLA,2025-01-16 07:30:00+00:00,196.97481948410285,197.63413648131242,194.94505206563215,196.799417900404,196.799417900404,9270441.0,sample,2026-09-24 19:05:19.564596+00:00
TSLA,2025-01-16 08:30:00+00:00,196.68235515566911,198.53018178264156,195.21685213710336,197.4960255905824,197.4960255905824,9187442.0,sample,2026-09-24 19:05:19.564596+00:00
TSLA,2025-01-16 09:30:00+00:00,196.917725938286,198.01502480504382,196.44942725728103,197.0964339488004,197.0964339488004,9235342.0,sample,2026-09-24 19:05:19.564596+00:00
TSLA,2025-01-16 10:30:00+00:00,197.18717081459937,199.51543415701295,195.0458585939582,196.65938105158403,196.65938105158403,14871559.0,sample,2026-09-24 19:05:19.564596+00:00
TSLA,2025-01-16 11:30:00+00:00,197.15494881585636,198.40949292520054,194.4464282624575,195.89898702484248,195.89898702484248,13668891.0,sample,2026-09-24 19:05:19.564596+00:00
TSLA,2025-01-16 12:30:00+00:00,195.32710156857422,195.61826590511714,193.4130729228019,194.67868705364242,194.67868705364242,13723605.0,sample,2026-09-24 19:05:19.564596+00:00
TSLA,2025-01-16 13:30:00+00:00,195.08645744918255,195.76415422396127,194.27306053701838,195.31549794796447,195.31549794796447,3120751.0,sample,2026-09-24 19:05:19.564596+00:00
TSLA,2025-01-16 14:30:00+00:00,195.3132976361532,196.9836826830459,193.22167099467924,196.35695461682482,196.35695461682482,12349525.0,sample,2026-09-24 19:05:19.564596+00:00
TSLA,2025-01-16 15:30:00+00:00,196.3848782151002,197.48927987882354,194.0548725459816,195.01802902107917,195.01802902107917,3363089.0,sample,2026-09-24 19:05:19.564596+00:00
TSLA,2025-01-16 16:30:00+00:00,194.93538388285,195.20112464204,192.97471227150012,193.94938848673763,193.94938848673763,15358881.0,sample,2026-09-24 19:05:19.564596+00:00
TSLA,2025-01-16 17:30:00+00:00,194.35860580286527,195.65766429759395,193.5285515830353,194.19924951809784,194.19924951809784,17275040.0,sample,2026-09-24 19:05:19.564596+00:00
TSLA,2025-01-16 18:30:00+00:00,194.27639721933005,195.9784347576605,193.67384289844807,195.38241462754715,195.38241462754715,16140558.0,sample,2026-09-24 19:05:19.564596+00:00
TSLA,2025-01-16 19:30:00+00:00,195.35173243564498,196.6315576549546,194.8672843642298,195.57499838927293,195.57499838927293,4694410.0,sample,2026-09-24 19:05:19.564596+00:00
TSLA,2025-01-16 20:30:00+00:00,195.6824978057196,195.97201769019958,191.8754002233903,193.81745317619544,193.81745317619544,6793123.0,sample,2026-09-24 19:05:19.564596+00:00
TSLA,2025-01-16 21:30:00+00:00,194.6456292756749,197.1387111658538,192.62193785181518,195.2503403779735,195.2503403779735,16371188.0,sample,2026-09-24 19:05:19.564596+00:00
TSLA,2025-01-16 22:30:00+00:00,195.59732011809996,197.1045752284794,193.5394954039703,195.80958200501644,195.80958200501644,15067364.0,sample,2026-09-24 19:05:19.564596+00:00
TSLA,2025-01-16 23:30:00+00:00,195.73219039468293,196.01231654097148,193.935380700087,194.37946059506436,194.37946059506436,13586921.0,sample,2026-09-24 19:05:19.564596+00:00
TSLA,2025-01-17 00:30:00+00:00,194.05252667397872,196.32960312033399,192.66648175923908,194.13062568243632,194.13062568243632,16323722.0,sample,2026-09-24 19:05:19.564596+00:00
TSLA,2025-01-17 01:30:00+00:00,194.4119842428239,194.92207451377047,192.23662292021444,194.32245463658109,194.32245463658109,2549892.0,sample,2026-09-24 19:05:19.564596+00:00
TSLA,2025-01-17 02:30:00+00:00,194.3631803528881,196.0866767208613,193.64273115996997,194.22941589761683,194.22941589761683,5288035.0,sample,2026-09-24 19:05:19.564596+00:00
TSLA,2025-01-17 03:30:00+00:00,194.3585932744201,195.76371630477337,193.27629872149345,194.48846854053193,194.48846854053193,2316956.0,sample,2026-09-24 19:05:19.564596+00:00
TSLA,2025-01-17 04:30:00+00:00,194.4679796191955,196.06071564451958,192.76227102069606,193.87244258447262,193.87244258447262,5113204.0,sample,2026-09-24 19:05:19.564596+00:00
TSLA,2025-01-17 05:30:00+00:00,194.23150234015498,194.89587034496319,193.62414320779803,193.8735423420539,193.8735423420539,8827670.0,sample,2026-09-24 19:05:19.564596+00:00
TSLA,2025-01-17 06:30:00+00:00,193.64751762759667,194.28754242074217,191.93218295009177,193.68856907368547,193.68856907368547,10606773.0,sample,2026-09-24 19:05:19.564596+00:00
TSLA,2025-01-17 07:30:00+00:00,193.419022263564,193.63668215527167,192.77791470753382,193.13518662587768,193.13518662587768,11541959.0,sample,2026-09-24 19:05:19.564596+00:00
TSLA,2025-01-17 08:30:00+00:00,192.94872132383372,194.2118869582395,190.88299623491463,193.09949512620244,193.09949512620244,2593401.0,sample,2026-09-24 19:05:19.564596+00:00
TSLA,2025-01-17 09:30:00+00:00,192.93781072636077,193.2383127927255,190.67999826162034,192.89158586287684,192.89158586287684,15396520.0,sample,2026-09-24 19:05:19.564596+00:00
TSLA,2025-01-17 10:30:00+00:00,192.75962025248208,194.72909298845232,191.34494300821882,193.29294414384694,193.29294414384694,1723475.0,sample,2026-09-24 19:05:19.564596+00:00
TSLA,2025-01-17 11:30:00+00:00,192.50481577728044,193.52751749912267,191.49911603425983,192.81866741797694,192.81866741797694,8176119.0,sample,2026-09-24 19:05:19.564596+00:00
TSLA,2025-01-17 12:30:00+00:00,192.24985400069343,194.1131602549308,191.12297098569923,192.48412340036438,192.48412340036438,15969790.0,sample,2026-09-24 19:05:19.564596+00:00
TSLA,2025-01-17 13:30:00+00:00,192.1346594593895,195.82193992737177,190.28535546439656,194.2517101483723,194.2517101483723,5943565.0,sample,2026-09-24 19:05:19.564596+00:00
TSLA,2025-01-17 14:30:00+00:00,193.50654749117606,195.58599788456533,192.59239713393097,195.05483503791555,195.05483503791555,13022501.0,sample,2026-09-24 19:05:19.564596+00:00
TSLA,2025-01-17 15:30:00+00:00,195.18348814459145,195.4468607785646,194.02636892904988,194.78821439699067,194.78821439699067,12060488.0,sample,2026-09-24 19:05:19.564596+00:00
TSLA,2025-01-17 16:30:00+00:00,195.76855661337873,198.06515125829725,194.18932487769652,195.66502345399684,195.66502345399684,8933740.0,sample,2026-09-24 19:05:19.564596+00:00
TSLA,2025-01-17 17:30:00+00:00,195.14183383243045,197.04583266864194,194.51161101138317,196.04281297450729,196.04281297450729,16214570.0,sample,2026-09-24 19:05:19.564596+00:00
TSLA,2025-01-17 18:30:00+00:00,196.65542222358425,198.92915685419857,194.60191330394758,195.0755322361157,195.0755322361157,13520124.0,sample,2026-09-24 19:05:19.564596+00:00
TSLA,2025-01-17 19:30:00+00:00,194.73909209182722,196.5853092799173,192.4055105575851,195.62768931004555,195.62768931004555,16687119.0,sample,2026-09-24 19:05:19.564596+00:00
TSLA,2025-01-17 20:30:00+00:00,195.19091277580063,198.30277695748262,194.91849353966273,196.0282070955595,196.0282070955595,15145591.0,sample,2026-09-24 19:05:19.564596+00:00
TSLA,2025-01-17 21:30:00+00:00,195.52880507053865,197.44377592540573,193.40028640704344,195.3799401405714,195.3799401405714,16204789.0,sample,2026-09-24 19:05:19.564596+00:00
TSLA,2025-01-17 22:30:00+00:00,195.30098714804413,196.63412496673894,193.73482120213077,195.213212005925,195.213212005925,8648337.0,sample,2026-09-24 19:05:19.564596+00:00
TSLA,2025-01-17 23:30:00+00:00,195.4965988792062,195.71303881281042,194.36608040971132,195.01343449801595,195.01343449801595,17753814.0,sample,2026-09-24 19:05:19.564596+00:00
TSLA,2025-01-18 00:30:00+00:00,195.20741555533388,196.57820078449552,194.07734355122773,195.55870771543965,195.55870771543965,2486176.0,sample,2026-09-24 19:05:19.564596+00:00
TSLA,2025-01-18 01:30:00+00:00,195.97270085461525,196.6195540354831,192.83678438025697,195.13611968255682,195.13611968255682,6021169.0,sample,2026-09-24 19:05:19.564596+00:00
TSLA,2025-01-18 02:30:00+00:00,195.23625089868446,196.2759634828749,192.3316649388938,194.22105502537363,194.22105502537363,16295980.0,sample,2026-09-24 19:05:19.564596+00:00
TSLA,2025-01-18 03:30:00+00:00,193.59917604095438,196.80164943037826,191.6897188519878,195.5443581641058,195.5443581641058,14488443.0,sample,2026-09-24 19:05:19.564596+00:00
TSLA,2025-01-18 04:30:00+00:00,195.45198485386777,196.6369853315877,195.14768446663138,196.41899012119907,196.41899012119907,10848388.0,sample,2026-09-24 19:05:19.564596+00:00
TSLA,2025-01-18 05:30:00+00:00,195.96858972657515,198.40956798606373,194.46627673420733,196.14579167586714,196.14579167586714,6016577.0,sample,2026-09-24 19:05:19.564596+00:00
TSLA,2025-01-18 06:30:00+00:00,195.8067874732897,196.4456036803999,194.5926853053412,196.15702926136115,196.15702926136115,13736292.0,sample,2026-09-24 19:05:19.564596+00:00
TSLA,2025-01-18 07:30:00+00:00,195.66788449639802,196.01416385635937,193.9480987012642,195.30370149390433,195.30370149390433,15527170.0,sample,2026-09-24 19:05:19.564596+00:00
TSLA,2025-01-18 08:30:00+00:00,194.60450483799772,195.76513291315115,193.09593784094704,195.13118477321282,195.13118477321282,2557271.0,sample,2026-09-24 19:05:19.564596+00:00
TSLA,2025-01-18 09:30:00+00:00,195.29557545695548,196.5766639978195,193.01429733475476,195.49077853756845,195.49077853756845,8236929.0,sample,2026-09-24 19:05:19.564596+00:00
TSLA,2025-01-18 10:30:00+00:00,195.18718417935713,195.55078520352993,194.7139553923503,195.10247430981713,195.10247430981713,16358783.0,sample,2026-09-24 19:05:19.564596+00:00
TSLA,2025-01-18 11:30:00+00:00,195.80005007329723,196.23949453171048,195.20611887327203,195.53161351597188,195.53161351597188,3956456.0,sample,2026-09-24 19:05:19.564596+00:00
TSLA,2025-01-18 12:30:00+00:00,195.33947718910238,198.0931213107648,193.89824477191775,196.07820503849823,196.07820503849823,15361813.0,sample,2026-09-24 19:05:19.564596+00:00
TSLA,2025-01-18 13:30:00+00:00,196.24633021964814,197.56241878490243,195.15085358119038,195.98264750253173,195.98264750253173,17375789.0,sample,2026-09-24 19:05:19.564596+00:00
TSLA,2025-01-18 14:30:00+00:00,196.27498220544035,198.75591474173945,194.05579315675752,197.13243676696723,197.13243676696723,2360928.0,sample,2026-09-24 19:05:19.564596+00:00
TSLA,2025-01-18 15:30:00+00:00,197.0122850246158,197.74238595195675,195.2833453196275,195.93347077091008,195.93347077091008,16309023.0,sample,2026-09-24 19:05:19.564596+00:00
TSLA,2025-01-18 16:30:00+00:00,196.27384665435937,197.15199730401093,194.4730821098047,196.02781755552112,196.02781755552112,4491996.0,sample,2026-09-24 19:05:19.564596+00:00
TSLA,2025-01-18 17:30:00+00:00,196.4605324988112,196.92892714146404,193.4384046764184,194.73211524941556,194.73211524941556,15418281.0,sample,2026-09-24 19:05:19.564596+00:00
TSLA,2025-01-18 18:30:00+00:00,194.91649072031106,196.54295567051827,193.84007201979705,194.48048639132386,194.48048639132386,6949278.0,sample,2026-09-24 19:05:19.564596+00:00
TSLA,2025-01-18 19:30:00+00:00,194.55173270008078,195.426255504786,192.78967443556138,193.48994145187027,193.48994145187027,15608572.0,sample,2026-09-24 19:05:19.564596+00:00
TSLA,2025-01-18 20:30:00+00:00,193.56417126883764,195.3406423565884,192.5225263662358,194.0288185052509,194.0288185052509,5249285.0,sample,2026-09-24 19:05:19.564596+00:00
TSLA,2025-01-18 21:30:00+00:00,193.77446781594693,195.98924508815577,192.90816383031503,193.70252046088908,193.70252046088908,14621489.0,sample,2026-09-24 19:05:19.564596+00:00
TSLA,2025-01-18 22:30:00+00:00,194.22756998645264,195.48144370323195,190.54649871979768,192.26888000151973,192.26888000151973,8708828.0,sample,2026-09-24 19:05:19.564596+00:00
TSLA,2025-01-18 23:30:00+00:00,191.67352861005494,193.82386817711588,191.03387600229786,191.6678088103677,191.6678088103677,9878863.0,sample,2026-09-24 19:05:19.564596+00:00
TSLA,2025-01-19 00:30:00+00:00,191.59471449338446,192.82772720989718,190.05220762164777,191.9225082883367,191.9225082883367,2552828.0,sample,2026-09-24 19:05:19.564596+00:00
TSLA,2025-01-19 01:30:00+00:00,191.98370596003147,192.3036715230068,190.24913527064146,191.80912799224978,191.80912799224978,3801608.0,sample,2026-09-24 19:05:19.564596+00:00
TSLA,2025-01-19 02:30:00+00:00,192.49448282908796,193.95101517989463,189.56550706888672,191.7175165272363,191.7175165272363,10721954.0,sample,2026-09-24 19:05:19.564596+00:00
TSLA,2025-01-19 03:30:00+00:00,191.71051062982946,192.32038795692975,189.5311189888651,191.76330986067168,191.76330986067168,10469551.0,sample,2026-09-24 19:05:19.564596+00:00
TSLA,2025-01-19 04:30:00+00:00,192.193077057914,194.05528253351446,190.7880371111062,192.75103608997557,192.75103608997557,9806965.0,sample,2026-09-24 19:05:19.564596+00:00
TSLA,2025-01-19 05:30:00+00:00,193.06362713661483,194.13660664068394,192.0315974771718,192.81900122102857,192.81900122102857,13120962.0,sample,2026-09-24 19:05:19.564596+00:00
TSLA,2025-01-19 06:30:00+00:00,193.19885745052432,195.40560232813016,191.19524393483027,194.0844183125678,194.0844183125678,15700618.0,sample,2026-09-24 19:05:19.564596+00:00
TSLA,2025-01-19 07:30:00+00:00,194.04416329757368,196.12608925780077,192.32503332261277,194.48045301672627,194.48045301672627,11251220.0,sample,2026-09-24 19:05:19.564596+00:00
TSLA,2025-01-19 08:30:00+00:00,194.49495258037769,196.65589977559628,192.66625590147393,194.05603751010435,194.05603751010435,11596265.0,sample,2026-09-24 19:05:19.564596+00:00
TSLA,2025-01-19 09:30:00+00:00,194.28089553923024,194.63708310047153,192.14872742448316,193.9880643919487,193.9880643919487,9401701.0,sample,2026-09-24 19:05:19.564596+00:00
TSLA,2025-01-19 10:30:00+00:00,194.23648815824347,195.36390837384155,191.90798793450733,194.477140158383,194.477140158383,4165402.0,sample,2026-09-24 19:05:19.564596+00:00
TSLA,2025-01-19 11:30:00+00:00,193.59614562955636,195.60611987650512,192.00867621183076,194.0093543093847,194.0093543093847,7257724.0,sample,2026-09-24 19:05:19.564596+00:00
TSLA,2025-01-19 12:30:00+00:00,193.98007464537616,196.26091802442184,191.94146578980812,193.15247829600847,193.15247829600847,16870348.0,sample,2026-09-24 19:05:19.564596+00:00
TSLA,2025-01-19 13:30:00+00:00,192.99259602667587,194.5053613313811,192.3066145441344,192.85024762660046,192.85024762660046,13061968.0,sample,2026-09-24 19:05:19.564596+00:00
TSLA,2025-01-19 14:30:00+00:00,192.66551968197035,193.3722411542085,192.11946340347976,192.5288829594353,192.5288829594353,8221534.0,sample,2026-09-24 19:05:19.564596+00:00
TSLA,2025-01-19 15:30:00+00:00,191.9240784975123,194.15665103376355,191.07830856147737,192.05693066002405,192.05693066002405,1658631.0,sample,2026-09-24 19:05:19.564596+00:00
TSLA,2025-01-19 16:30:00+00:00,192.25170837689592,193.14481740968955,191.2280164149245,192.4018898433767,192.4018898433767,8195669.0,sample,2026-09-24 19:05:19.564596+00:00
TSLA,2025-01-19 17:30:00+00:00,192.70546733774773,194.3331420387983,190.7159720631165,191.194952689034,191.194952689034,17101593.0,sample,2026-09-24 19:05:19.564596+00:00
TSLA,2025-01-19 18:30:00+00:00,191.65231578096453,193.51131876015847,189.772057328521,190.70383163016302,190.70383163016302,15699602.0,sample,2026-09-24 19:05:19.564596+00:00
TSLA,2025-01-19 19:30:00+00:00,191.18735240242228,192.54723851008006,189.30977715919357,191.5336394010636,191.5336394010636,11372514.0,sample,2026-09-24 19:05:19.564596+00:00
TSLA,2025-01-19 20:30:00+00:00,191.7621377197673,193.0931935120672,190.04252042564477,191.194055313819,191.194055313819,15870655.0,sample,2026-09-24 19:05:19.564596+00:00
TSLA,2025-01-19 21:30:00+00:00,190.95251794206683,191.98585006252998,189.33538562608356,190.65032529420375,190.65032529420375,3339334.0,sample,2026-09-24 19:05:19.564596+00:00
TSLA,2025-01-19 22:30:00+00:00,190.39878260145218,191.61985321523468,188.28517651097505,190.25022370544397,190.25022370544397,7474184.0,sample,2026-09-24 19:05:19.564596+00:00
TSLA,2025-01-19 23:30:00+00:00,190.28291533304443,192.37275652389377,188.99839718356245,190.41215326295898,190.41215326295898,15199981.0,sample,2026-09-24 19:05:19.564596+00:00
TSLA,2025-01-20 00:30:00+00:00,191.1330664498066,193.0041574719717,189.4635256077069,190.28616620937143,190.28616620937143,3521441.0,sample,2026-09-24 19:05:19.564596+00:00
TSLA,2025-01-20 01:30:00+00:00,190.16726383859722,192.97802255118737,189.42402263280016,191.2698432132506,191.2698432132506,15606680.0,sample,2026-09-24 19:05:19.564596+00:00
TSLA,2025-01-20 02:30:00+00:00,190.97360424173345,194.47243042495273,189.40033093843363,192.36821749412755,192.36821749412755,2940463.0,sample,2026-09-24 19:05:19.564596+00:00
TSLA,2025-01-20 03:30:00+00:00,192.4320140104291,194.158184308013,190.52249337330696,191.5034417137658,191.5034417137658,15765073.0,sample,2026-09-24 19:05:19.564596+00:00
TSLA,2025-01-20 04:30:00+00:00,191.1947998603019,192.35615351459802,188.7968618277778,190.949389857344,190.949389857344,8197992.0,sample,2026-09-24 19:05:19.564596+00:00
TSLA,2025-01-20 05:30:00+00:00,190.83118910867114,192.15236843742744,189.52955078838542,190.25304380023414,190.25304380023414,3879697.0,sample,2026-09-24 19:05:19.564596+00:00
TSLA,2025-01-20 06:30:00+00:00,190.48648866418657,191.52357430829633,187.94390672726834,189.89668242267626,189.89668242267626,15840832.0,sample,2026-09-24 19:05:19.564596+00:00
TSLA,2025-01-20 07:30:00+00:00,190.36055864380035,192.33896863566363,188.16118639636113,188.87028184429022,188.87028184429022,5358991.0,sample,2026-09-24 19:05:19.564596+00:00
TSLA,2025-01-20 08:30:00+00:00,188.76720543099208,190.73164040905672,186.5415839740964,188.47474785883912,188.47474785883912,7268675.0,sample,2026-09-24 19:05:19.564596+00:00
TSLA,2025-01-20 09:30:00+00:00,188.69933270104994,190.45487732817259,187.97223172920073,188.38046945375302,188.38046945375302,5461973.0,sample,2026-09-24 19:05:19.564596+00:00
TSLA,2025-01-20 10:30:00+00:00,188.59718309664893,189.6157101991262,186.42639100074055,188.74518134800658,188.74518134800658,4787938.0,sample,2026-09-24 19:05:19.564596+00:00
TSLA,2025-01-20 11:30:00+00:00,188.48704355937724,190.07234286094283,186.48013283844665,189.51213913767123,189.51213913767123,7668674.0,sample,2026-09-24 19:05:19.564596+00:00
TSLA,2025-01-20 12:30:00+00:00,189.53834912049243,191.33567302589708,187.44686660042393,190.01761035071797,190.01761035071797,17686179.0,sample,2026-09-24 19:05:19.564596+00:00
TSLA,2025-01-20 13:30:00+00:00,190.14787579234635,191.03742917120135,188.25396401792645,190.31009418065443,190.31009418065443,8279976.0,sample,2026-09-24 19:05:19.564596+00:00
TSLA,2025-01-20 14:30:00+00:00,190.36562256484046,191.42075778622038,188.0801694226483,189.9325546701795,189.9325546701795,3261023.0,sample,2026-09-24 19:05:19.564596+00:00
TSLA,2025-01-20 15:30:00+00:00,190.04895984447913,191.1621308987052,188.02215433081116,189.9747347136831,189.9747347136831,7361971.0,sample,2026-09-24 19:05:19.564596+00:00
TSLA,2025-01-20 16:30:00+00:00,190.57275404310275,192.2811592393747,189.61042870787585,189.98006863383344,189.98006863383344,6870004.0,sample,2026-09-24 19:05:19.564596+00:00
TSLA,2025-01-20 17:30:00+00:00,190.33476565176116,191.01443576509655,186.62647910143752,188.65393518062558,188.65393518062558,7102178.0,sample,2026-09-24 19:05:19.564596+00:00
TSLA,2025-01-20 18:30:00+00:00,188.21600196108744,190.1290747778708,186.73239067933108,189.58755877746748,189.58755877746748,6623568.0,sample,2026-09-24 19:05:19.564596+00:00
TSLA,2025-01-20 19:30:00+00:00,190.57238650572907,191.34205193341762,189.47666136234437,190.35036687129517,190.35036687129517,9626610.0,sample,2026-09-24 19:05:19.564596+00:00
TSLA,2025-01-20 20:30:00+00:00,189.9996996914222,191.60186757287377,189.35635632936695,190.30523413124328,190.30523413124328,2376674.0,sample,2026-09-24 19:05:19.564596+00:00
TSLA,2025-01-20 21:30:00+00:00,190.44296890469093,192.32711802638897,188.2536239852344,190.4856187889771,190.4856187889771,16928359.0,sample,2026-09-24 19:05:19.564596+00:00
TSLA,2025-01-20 22:30:00+00:00,191.03043424244416,192.7656448019806,189.5636243603076,190.56622452510766,190.56622452510766,7268610.0,sample,2026-09-24 19:05:19.564596+00:00
TSLA,2025-01-20 23:30:00+00:00,189.96092305779106,192.67677584372555,189.13399379764883,191.02193065440093,191.02193065440093,16883612.0,sample,2026-09-24 19:05:19.564596+00:00
TSLA,2025-01-21 00:30:00+00:00,191.3552607278175,193.03717923244585,190.22049488208236,191.66940503917306,191.66940503917306,9121326.0,sample,2026-09-24 19:05:19.564596+00:00
TSLA,2025-01-21 01:30:00+00:00,191.5094660350544,193.81292191502834,189.72045621260082,192.44330022434977,192.44330022434977,9537330.0,sample,2026-09-24 19:05:19.564596+00:00
TSLA,2025-01-21 02:30:00+00:00,192.64081414423944,193.40833637697975,192.16174491669372,192.4412885878137,192.4412885878137,10511533.0,sample,2026-09-24 19:05:19.564596+00:00
TSLA,2025-01-21 03:30:00+00:00,192.4689918927348,192.96007248528366,190.6757849381644,191.09185567817568,191.09185567817568,11054911.0,sample,2026-09-24 19:05:19.564596+00:00
TSLA,2025-01-21 04:30:00+00:00,191.4020346591236,192.27604306776183,188.61622027431167,190.41333670372438,190.41333670372438,17076547.0,sample,2026-09-24 19:05:19.564596+00:00
TSLA,2025-01-21 05:30:00+00:00,190.56882228438576,193.46800256540138,189.39692527077509,191.19827606420796,191.19827606420796,10852181.0,sample,2026-09-24 19:05:19.564596+00:00
TSLA,2025-01-21 06:30:00+00:00,190.6978759433094,193.51634901633273,189.00088435811477,192.28675712161325,192.28675712161325,17018345.0,sample,2026-09-24 19:05:19.564596+00:00
TSLA,2025-01-21 07:30:00+00:00,192.12813895763526,193.95043522680973,190.19786039090664,192.42115165658308,192.42115165658308,16128038.0,sample,2026-09-24 19:05:19.564596+00:00
TSLA,2025-01-21 08:30:00+00:00,192.05134802197384,193.73888696577046,190.71393136544347,192.08274769815873,192.08274769815873,8340779.0,sample,2026-09-24 19:05:19.564596+00:00
TSLA,2025-01-21 09:30:00+00:00,191.84823851222055,193.49849353647033,190.53873046733733,192.34962117753162,192.34962117753162,5375612.0,sample,2026-09-24 19:05:19.564596+00:00
TSLA,2025-01-21 10:30:00+00:00,191.8120680399951,194.93632434631354,191.42441339049273,192.68367709961493,192.68367709961493,12982026.0,sample,2026-09-24 19:05:19.564596+00:00
TSLA,2025-01-21 11:30:00+00:00,192.6258188937715,194.28066751255605,192.13810095191494,192.35643126495768,192.35643126495768,9305310.0,sample,2026-09-24 19:05:19.564596+00:00
TSLA,2025-01-21 12:30:00+00:00,192.0444665784899,193.39614649440932,190.10495300392427,191.9303311185459,191.9303311185459,4787330.0,sample,2026-09-24 19:05:19.564596+00:00
TSLA,2025-01-21 13:30:00+00:00,191.91766878569004,193.5268790145038,190.15620336644528,192.05596935711839,192.05596935711839,16561286.0,sample,2026-09-24 19:05:19.564596+00:00
TSLA,2025-01-21 14:30:00+00:00,192.2398160995422,194.230329721262,190.0633674685931,193.68844933687464,193.68844933687464,15118934.0,sample,2026-09-24 19:05:19.564596+00:00
TSLA,2025-01-21 15:30:00+00:00,193.87013706417017,194.6041959078155,193.1314378676204,193.6459768452147,193.6459768452147,14464253.0,sample,2026-09-24 19:05:19.564596+00:00
TSLA,2025-01-21 16:30:00+00:00,194.04964651930916,194.7165405272748,193.3000989186229,193.59471936913354,193.59471936913354,7182002.0,sample,2026-09-24 19:05:19.564596+00:00
TSLA,2025-01-21 17:30:00+00:00,193.55274364752103,194.965590097485,191.27243518650647,194.2156133013429,194.2156133013429,17460173.0,sample,2026-09-24 19:05:19.564596+00:00
TSLA,2025-01-21 18:30:00+00:00,194.48503368188796,197.05592569258584,193.69960477620913,195.44092630533706,195.44092630533706,9198521.0,sample,2026-09-24 19:05:19.564596+00:00
TSLA,2025-01-21 19:30:00+00:00,195.2781909374514,196.9941296964883,194.07381357199966,196.3881148635417,196.3881148635417,17445038.0,sample,2026-09-24 19:05:19.564596+00:00
TSLA,2025-01-21 20:30:00+00:00,196.14550671726496,198.61009189502911,194.24721935680728,196.82040758565782,196.82040758565782,6797882.0,sample,2026-09-24 19:05:19.564596+00:00
TSLA,2025-01-21 21:30:00+00:00,197.20724801905567,199.26738211636703,195.15630221329155,198.15997877396913,198.15997877396913,16784847.0,sample,2026-09-24 19:05:19.564596+00:00
TSLA,2025-01-21 22:30:00+00:00,197.86145408072906,200.43183763678505,195.8081083923206,200.07804031067388,200.07804031067388,9623534.0,sample,2026-09-24 19:05:19.564596+00:00
TSLA,2025-01-21 23:30:00+00:00,200.04195543582415,201.82336456837166,197.8034237681021,200.3533876996143,200.3533876996143,14523868.0,sample,2026-09-24 19:05:19.564596+00:00
TSLA,2025-01-22 00:30:00+00:00,199.905359090074,202.28519080461643,197.77138566227683,199.5934007362212,199.5934007362212,11356115.0,sample,2026-09-24 19:05:19.564596+00:00
TSLA,2025-01-22 01:30:00+00:00,199.57193077510018,201.86978789322575,197.7481878909851,199.72668494828835,199.72668494828835,16906529.0,sample,2026-09-24 19:05:19.564596+00:00
TSLA,2025-01-22 02:30:00+00:00,199.84407084886547,200.68322682035412,198.42965013455225,199.3741585650413,199.3741585650413,8952373.0,sample,2026-09-24 19:05:19.564596+00:00
TSLA,2025-01-22 03:30:00+00:00,198.80909719414413,200.02312485152666,196.86010539252325,198.99955773046804,198.99955773046804,17337023.0,sample,2026-09-24 19:05:19.564596+00:00
TSLA,2025-01-22 04:30:00+00:00,199.45944293139294,201.75521005321795,198.83718479535264,199.38614518398964,199.38614518398964,9547158.0,sample,2026-09-24 19:05:19.564596+00:00
TSLA,2025-01-22 05:30:00+00:00,199.16493499640728,201.5291220648083,197.57071545266822,199.7061167930653,199.7061167930653,7042745.0,sample,2026-09-24 19:05:19.564596+00:00
TSLA,2025-01-22 06:30:00+00:00,199.55991943565257,201.31186738853557,198.13441009797137,199.11405876898834,199.11405876898834,6049603.0,sample,2026-09-24 19:05:19.564596+00:00
TSLA,2025-01-22 07:30:00+00:00,199.28612024054192,201.68412353336572,198.81117340456638,199.39754594179536,199.39754594179536,2900864.0,sample,2026-09-24 19:05:19.564596+00:00
TSLA,2025-01-22 08:30:00+00:00,199.59098409576018,203.54730211711467,197.78937002404015,202.05250611010592,202.05250611010592,5011232.0,sample,2026-09-24 19:05:19.564596+00:00
TSLA,2025-01-22 09:30:00+00:00,201.7739692750522,205.29514683520205,201.33729947542162,202.99210038428947,202.99210038428947,15585027.0,sample,2026-09-24 19:05:19.564596+00:00
TSLA,2025-01-22 10:30:00+00:00,202.91804198280036,203.71823956290152,202.63776330774073,203.15862470861668,203.15862470861668,15658767.0,sample,2026-09-24 19:05:19.564596+00:00
TSLA,2025-01-22 11:30:00+00:00,203.38890310111074,205.4729364312284,200.39288455658073,202.56965690444454,202.56965690444454,10538317.0,sample,2026-09-24 19:05:19.564596+00:00
TSLA,2025-01-22 12:30:00+00:00,202.82782569563932,204.43795268080726,199.98290358675274,202.27037610612234,202.27037610612234,16150840.0,sample,2026-09-24 19:05:19.564596+00:00
TSLA,2025-01-22 13:30:00+00:00,202.8029016207361,203.10261293033778,201.4141662962247,202.85570489391537,202.85570489391537,17241647.0,sample,2026-09-24 19:05:19.564596+00:00
TSLA,2025-01-22 14:30:00+00:00,203.30168539228492,203.76423706510198,200.49269367320096,202.51234417005648,202.51234417005648,6950733.0,sample,2026-09-24 19:05:19.564596+00:00
TSLA,2025-01-22 15:30:00+00:00,203.30201127131517,205.39310329624482,200.86054142407335,202.76782703780728,202.76782703780728,12440787.0,sample,2026-09-24 19:05:19.564596+00:00
TSLA,2025-01-22 16:30:00+00:00,202.466064291248,203.82957697709264,201.12763387788053,202.91395771470917,202.91395771470917,5890115.0,sample,2026-09-24 19:05:19.564596+00:00
TSLA,2025-01-22 17:30:00+00:00,203.84388090328926,205.19855550193745,201.2697040570422,203.13999002459093,203.13999002459093,6196815.0,sample,2026-09-24 19:05:19.564596+00:00
TSLA,2025-01-22 18:30:00+00:00,203.64428937690374,205.72976505781452,202.99906898819106,203.20737241541298,203.20737241541298,2382075.0,sample,2026-09-24 19:05:19.564596+00:00
TSLA,2025-01-22 19:30:00+00:00,202.97154212561423,204.88614770294697,200.06978456164848,202.2351781731759,202.2351781731759,5171760.0,sample,2026-09-24 19:05:19.564596+00:00
TSLA,2025-01-22 20:30:00+00:00,202.150744121456,204.18423638749184,200.5407225980872,202.405387338777,202.405387338777,7078393.0,sample,2026-09-24 19:05:19.564596+00:00
TSLA,2025-01-22 21:30:00+00:00,202.02660606966379,203.70733326943017,201.1512612871356,202.96199930871083,202.96199930871083,10487800.0,sample,2026-09-24 19:05:19.564596+00:00
TSLA,2025-01-22 22:30:00+00:00,201.93600533035269,204.09435415471464,200.90663294464022,203.7760056607352,203.7760056607352,3641484.0,sample,2026-09-24 19:05:19.564596+00:00
TSLA,2025-01-22 23:30:00+00:00,203.76020234159873,205.18397382612451,202.5450357691308,203.22570940156908,203.22570940156908,3394959.0,sample,2026-09-24 19:05:19.564596+00:00
TSLA,2025-01-23 00:30:00+00:00,203.36591270233384,205.11881465489444,200.35584831436887,202.7081157934402,202.7081157934402,14146979.0,sample,2026-09-24 19:05:19.564596+00:00
TSLA,2025-01-23 01:30:00+00:00,202.69089452645056,204.4359482107336,201.20318323249376,202.69008474642084,202.69008474642084,11799332.0,sample,2026-09-24 19:05:19.564596+00:00
TSLA,2025-01-23 02:30:00+00:00,202.57263079626625,204.178209898405,201.46604122936367,202.67265331148283,202.67265331148283,2113096.0,sample,2026-09-24 19:05:19.564596+00:00
TSLA,2025-01-23 03:30:00+00:00,202.405678007775,203.53513639986164,201.81721983227612,202.75723793472898,202.75723793472898,1822147.0,sample,2026-09-24 19:05:19.564596+00:00
TSLA,2025-01-23 04:30:00+00:00,202.85541851318385,203.55066441404432,201.03285819742098,201.35715075520966,201.35715075520966,4660192.0,sample,2026-09-24 19:05:19.564596+00:00
TSLA,2025-01-23 05:30:00+00:00,200.93351548049102,202.54476943962928,200.6773420334253,201.78516467652764,201.78516467652764,13427877.0,sample,2026-09-24 19:05:19.564596+00:00
TSLA,2025-01-23 06:30:00+00:00,201.77903685758378,205.2320254157814,201.075602598683,203.06802086941497,203.06802086941497,4239327.0,sample,2026-09-24 19:05:19.564596+00:00
TSLA,2025-01-23 07:30:00+00:00,203.15922646415942,204.77642567047795,200.96429489898304,203.43356975695423,203.43356975695423,17113867.0,sample,2026-09-24 19:05:19.564596+00:00
TSLA,2025-01-23 08:30:00+00:00,204.09785498849774,204.41456136537218,203.59331092829126,203.82351579356236,203.82351579356236,6452627.0,sample,2026-09-24 19:05:19.564596+00:00
TSLA,2025-01-23 09:30:00+00:00,204.13707252801072,204.94968178160966,201.32826181539568,203.566701724002,203.566701724002,8094408.0,sample,2026-09-24 19:05:19.564596+00:00
TSLA,2025-01-23 10:30:00+00:00,203.3683890003674,205.8251647887486,201.81077498042643,204.41576139804118,204.41576139804118,9876921.0,sample,2026-09-24 19:05:19.564596+00:00
TSLA,2025-01-23 11:30:00+00:00,204.94950336560552,206.22224261354978,204.24586677380267,205.4650865172199,205.4650865172199,1843910.0,sample,2026-09-24 19:05:19.564596+00:00
TSLA,2025-01-23 12:30:00+00:00,205.9745752091682,207.793564605153,203.81748673846008,205.78203276768662,205.78203276768662,3099328.0,sample,2026-09-24 19:05:19.564596+00:00
TSLA,2025-01-23 13:30:00+00:00,204.9566680328102,208.7136847401775,203.6837278563813,206.74251005182802,206.74251005182802,11582649.0,sample,2026-09-24 19:05:19.564596+00:00
TSLA,2025-01-23 14:30:00+00:00,206.59906862857653,207.35357643027115,205.22322319089827,205.79479031358645,205.79479031358645,15735456.0,sample,2026-09-24 19:05:19.564596+00:00
TSLA,2025-01-23 15:30:00+00:00,205.8205380890643,206.24018092628745,204.81870865916696,205.36634050222625,205.36634050222625,12002786.0,sample,2026-09-24 19:05:19.564596+00:00
TSLA,2025-01-23 16:30:00+00:00,205.4307113301438,207.56356432627203,203.05849944258298,205.252873115081,205.252873115081,7771173.0,sample,2026-09-24 19:05:19.564596+00:00
TSLA,2025-01-23 17:30:00+00:00,205.37336388483752,207.7865327236779,203.20745106738528,204.21217392397833,204.21217392397833,3748102.0,sample,2026-09-24 19:05:19.564596+00:00
TSLA,2025-01-23 18:30:00+00:00,204.09473900777203,205.56307132260227,201.73660213228092,202.7451744522771,202.7451744522771,3799557.0,sample,2026-09-24 19:05:19.564596+00:00
TSLA,2025-01-23 19:30:00+00:00,203.4026115161849,204.94313047311928,202.13538961355056,202.38065325651266,202.38065325651266,7905418.0,sample,2026-09-24 19:05:19.564596+00:00
TSLA,2025-01-23 20:30:00+00:00,202.5682308044248,203.83472154504898,201.42455101355046,201.7204643400983,201.7204643400983,8006635.0,sample,2026-09-24 19:05:19.564596+00:00
TSLA,2025-01-23 21:30:00+00:00,201.70310003987464,205.07042672088116,199.43748150719156,202.88786341511906,202.88786341511906,11175578.0,sample,2026-09-24 19:05:19.564596+00:00
TSLA,2025-01-23 22:30:00+00:00,203.32631485264537,204.93111958781412,199.3651424552017,201.5365765544563,201.5365765544563,3967180.0,sample,2026-09-24 19:05:19.564596+00:00
TSLA,2025-01-23 23:30:00+00:00,201.90343011817018,204.03086983609649,201.01555756551753,201.94291118391166,201.94291118391166,4754546.0,sample,2026-09-24 19:05:19.564596+00:00
TSLA,2025-01-24 00:30:00+00:00,202.72342897253665,203.8062594430163,200.73660497326674,201.74970156067695,201.74970156067695,2515446.0,sample,2026-09-24 19:05:19.564596+00:00
TSLA,2025-01-24 01:30:00+00:00,201.69727075566138,202.8437679328809,201.09918879778618,202.3110908172154,202.3110908172154,8914562.0,sample,2026-09-24 19:05:19.564596+00:00
TSLA,2025-01-24 02:30:00+00:00,202.56591474760478,203.78837274226936,202.18229850029815,202.952051926337,202.952051926337,5005229.0,sample,2026-09-24 19:05:19.564596+00:00
TSLA,2025-01-24 03:30:00+00:00,203.0336505502642,203.7845012091388,201.91817365811298,202.81388878681372,202.81388878681372,11671910.0,sample,2026-09-24 19:05:19.564596+00:00
TSLA,2025-01-24 04:30:00+00:00,203.18790127929714,204.5352587183628,201.48138237140992,202.83633636616855,202.83633636616855,16926828.0,sample,2026-09-24 19:05:19.564596+00:00
TSLA,2025-01-24 05:30:00+00:00,202.22053305068255,203.54054180199515,200.5364301476549,203.22665138590673,203.22665138590673,6518111.0,sample,2026-09-24 19:05:19.564596+00:00
TSLA,2025-01-24 06:30:00+00:00,202.46576549251665,204.74190980898504,200.9710538236506,203.19690918014098,203.19690918014098,14795067.0,sample,2026-09-24 19:05:19.564596+00:00
TSLA,2025-01-24 07:30:00+00:00,203.32870262334572,204.09851240059177,200.9020437526712,203.1221457715767,203.1221457715767,15363655.0,sample,2026-09-24 19:05:19.564596+00:00
TSLA,2025-01-24 08:30:00+00:00,202.55421582447977,206.51045500232502,201.74441342277183,204.6457886893264,204.6457886893264,5724004.0,sample,2026-09-24 19:05:19.564596+00:00
TSLA,2025-01-24 09:30:00+00:00,205.0237969235748,207.33368991517798,202.80562095186303,205.24520677613165,205.24520677613165,7229758.0,sample,2026-09-24 19:05:19.564596+00:00
TSLA,2025-01-24 10:30:00+00:00,205.16526657709423,205.84703397238155,204.02257773068098,205.24544783522586,205.24544783522586,3917057.0,sample,2026-09-24 19:05:19.564596+00:00
TSLA,2025-01-24 11:30:00+00:00,205.59926412209123,207.09227553934522,203.29020110686378,204.87587702657856,204.87587702657856,7090447.0,sample,2026-09-24 19:05:19.564596+00:00
TSLA,2025-01-24 12:30:00+00:00,204.85186299560766,206.2200765126515,204.4594731039444,205.41358990549986,205.41358990549986,3100560.0,sample,2026-09-24 19:05:19.564596+00:00
TSLA,2025-01-24 13:30:00+00:00,205.44658464755665,207.1106362256111,204.28977200621864,205.97898587337713,205.97898587337713,2208264.0,sample,2026-09-24 19:05:19.564596+00:00
TSLA,2025-01-24 14:30:00+00:00,205.61685444718054,207.6873541046108,204.94954488343188,205.87677552653676,205.87677552653676,7509997.0,sample,2026-09-24 19:05:19.564596+00:00
TSLA,2025-01-24 15:30:00+00:00,206.1389974505428,208.04133721683655,204.29328587976846,205.1381784336176,205.1381784336176,17996679.0,sample,2026-09-24 19:05:19.564596+00:00
TSLA,2025-01-24 16:30:00+00:00,204.53825477222912,205.05094141097894,204.047761724725,204.69002887509964,204.69002887509964,4753337.0,sample,2026-09-24 19:05:19.564596+00:00
TSLA,2025-01-24 17:30:00+00:00,204.67085050728792,206.8475351328234,203.84749515420657,204.91255889202895,204.91255889202895,17887731.0,sample,2026-09-24 19:05:19.564596+00:00
TSLA,2025-01-24 18:30:00+00:00,204.2553226385398,206.21832128515885,203.3035188860272,204.88511880802713,204.88511880802713,2385863.0,sample,2026-09-24 19:05:19.564596+00:00
TSLA,2025-01-24 19:30:00+00:00,204.295865188604,204.73338369249785,203.5393089095324,204.2314730168235,204.2314730168235,10363209.0,sample,2026-09-24 19:05:19.564596+00:00
TSLA,2025-01-24 20:30:00+00:00,204.58321616351023,205.83200337627912,203.6700756689182,204.92612933362372,204.92612933362372,2488426.0,sample,2026-09-24 19:05:19.564596+00:00
TSLA,2025-01-24 21:30:00+00:00,204.8110776405622,206.36516152221975,203.27442721575542,205.45473717942411,205.45473717942411,17566869.0,sample,2026-09-24 19:05:19.564596+00:00
TSLA,2025-01-24 22:30:00+00:00,205.82747272816314,206.52377302436318,203.99807304693348,204.82056879159987,204.82056879159987,17642394.0,sample,2026-09-24 19:05:19.564596+00:00
TSLA,2025-01-24 23:30:00+00:00,205.34122872157567,207.7686060254064,204.41546211746675,204.79001164632712,204.79001164632712,7507152.0,sample,2026-09-24 19:05:19.564596+00:00
TSLA,2025-01-25 00:30:00+00:00,204.2546353579316,206.46524032538537,202.3281840158808,204.54711660589552,204.54711660589552,5733690.0,sample,2026-09-24 19:05:19.564596+00:00
TSLA,2025-01-25 01:30:00+00:00,204.005006362934,207.27596473175683,202.50129342255335,205.0305272272542,205.0305272272542,11102631.0,sample,2026-09-24 19:05:19.564596+00:00
TSLA,2025-01-25 02:30:00+00:00,204.33307418020578,206.21194734058312,203.8896183114933,204.50791626469666,204.50791626469666,10978416.0,sample,2026-09-24 19:05:19.564596+00:00
TSLA,2025-01-25 03:30:00+00:00,204.59853962612075,206.2948431330969,202.3856773653647,205.18362131729248,205.18362131729248,8950312.0,sample,2026-09-24 19:05:19.564596+00:00
TSLA,2025-01-25 04:30:00+00:00,205.1104543305629,205.57543377383624,204.56015648649307,205.06016501074697,205.06016501074697,17964834.0,sample,2026-09-24 19:05:19.564596+00:00
TSLA,2025-01-25 05:30:00+00:00,204.57963114896742,205.5849682259865,202.94383399690597,205.19969783804436,205.19969783804436,6093966.0,sample,2026-09-24 19:05:19.564596+00:00
TSLA,2025-01-25 06:30:00+00:00,205.03384471894492,206.37020513289707,202.87595568610135,204.94783230219653,204.94783230219653,14057579.0,sample,2026-09-24 19:05:19.564596+00:00
TSLA,2025-01-25 07:30:00+00:00,204.79198542906818,209.3051294054316,204.12143253681205,206.97712483613194,206.97712483613194,13360858.0,sample,2026-09-24 19:05:19.564596+00:00
TSLA,2025-01-25 08:30:00+00:00,206.44121805105286,208.48931360138604,205.05660004829627,207.61175353787348,207.61175353787348,11062554.0,sample,2026-09-24 19:05:19.564596+00:00
TSLA,2025-01-25 09:30:00+00:00,207.54005360553631,208.1099672614128,204.90441870970494,207.25907056657852,207.25907056657852,12327771.0,sample,2026-09-24 19:05:19.564596+00:00
TSLA,2025-01-25 10:30:00+00:00,206.9607413272889,209.19698934625134,205.73176691727838,208.1802271255365,208.1802271255365,3312970.0,sample,2026-09-24 19:05:19.564596+00:00
TSLA,2025-01-25 11:30:00+00:00,208.31923633211514,210.28119135167648,205.29737291355357,207.45257447852757,207.45257447852757,10967944.0,sample,2026-09-24 19:05:19.564596+00:00
TSLA,2025-01-25 12:30:00+00:00,207.45470720191946,209.5709898536039,207.04611165426252,207.49553947038004,207.49553947038004,17985159.0,sample,2026-09-24 19:05:19.564596+00:00
TSLA,2025-01-25 13:30:00+00:00,206.9834406773507,209.72316722460434,204.91001223916908,207.63224902874276,207.63224902874276,10782738.0,sample,2026-09-24 19:05:19.564596+00:00
TSLA,2025-01-25 14:30:00+00:00,208.16189410649412,209.52022377711987,206.8726450473298,208.22371484782934,208.22371484782934,2183590.0,sample,2026-09-24 19:05:19.564596+00:00
TSLA,2025-01-25 15:30:00+00:00,208.56730867484845,210.63655191353757,206.7244566182281,209.1358618636049,209.1358618636049,9645187.0,sample,2026-09-24 19:05:19.564596+00:00
TSLA,2025-01-25 16:30:00+00:00,209.8618377371401,211.09390710947866,208.3803127690676,209.50698456191842,209.50698456191842,6706707.0,sample,2026-09-24 19:05:19.564596+00:00
TSLA,2025-01-25 17:30:00+00:00,209.1199645668586,211.5340071799563,207.05032647319808,210.74858467893793,210.74858467893793,5038503.0,sample,2026-09-24 19:05:19.564596+00:00
TSLA,2025-01-25 18:30:00+00:00,211.42961235188764,213.15913796345114,210.9689763250836,211.91259530796398,211.91259530796398,2232396.0,sample,2026-09-24 19:05:19.564596+00:00
TSLA,2025-01-25 19:30:00+00:00,211.42085071891128,212.35452191412276,210.63199275404958,212.090338783995,212.090338783995,13348048.0,sample,2026-09-24 19:05:19.564596+00:00
TSLA,2025-01-25 20:30:00+00:00,212.6601203519699,215.0702280403249,211.66908924606844,212.1072629912847,212.1072629912847,9147302.0,sample,2026-09-24 19:05:19.564596+00:00
TSLA,2025-01-25 21:30:00+00:00,211.70895603818153,213.66759866514195,209.4465711016155,212.96331231395146,212.96331231395146,3675479.0,sample,2026-09-24 19:05:19.564596+00:00
TSLA,2025-01-25 22:30:00+00:00,213.16419301755414,214.0051696001555,210.37347968368175,212.20672253293,212.20672253293,17776880.0,sample,2026-09-24 19:05:19.564596+00:00
TSLA,2025-01-25 23:30:00+00:00,212.52054885154027,212.95939800603398,209.74236707501012,212.25843118619193,212.25843118619193,8297554.0,sample,2026-09-24 19:05:19.564596+00:00
TSLA,2025-01-26 00:30:00+00:00,213.08180958571918,213.44614359048256,211.9473059989858,212.41761117441638,212.41761117441638,4867022.0,sample,2026-09-24 19:05:19.564596+00:00
TSLA,2025-01-26 01:30:00+00:00,212.7975823343782,215.57971862796725,212.45048374123917,213.76837455939685,213.76837455939685,6751910.0,sample,2026-09-24 19:05:19.564596+00:00
TSLA,2025-01-26 02:30:00+00:00,212.83111048764326,214.29888976647118,210.9167403751952,213.51225929585095,213.51225929585095,13221319.0,sample,2026-09-24 19:05:19.564596+00:00
TSLA,2025-01-26 03:30:00+00:00,213.76590426218618,215.2089542335874,213.39091826959205,213.7666046896529,213.7666046896529,5242000.0,sample,2026-09-24 19:05:19.564596+00:00
TSLA,2025-01-26 04:30:00+00:00,214.04840175931818,214.75098250429622,212.51739119628076,213.70120957499768,213.70120957499768,3405532.0,sample,2026-09-24 19:05:19.564596+00:00
TSLA,2025-01-26 05:30:00+00:00,213.45562286625164,214.19590453248586,211.8966010357544,212.86648528793955,212.86648528793955,2264030.0,sample,2026-09-24 19:05:19.564596+00:00
TSLA,2025-01-26 06:30:00+00:00,212.90497977645038,214.27055420603023,212.1449038927131,213.96482700856328,213.96482700856328,5627367.0,sample,2026-09-24 19:05:19.564596+00:00
TSLA,2025-01-26 07:30:00+00:00,214.41336144654605,216.6826582264193,213.5875152095876,214.65826933101988,214.65826933101988,15729403.0,sample,2026-09-24 19:05:19.564596+00:00
TSLA,2025-01-26 08:30:00+00:00,213.81902578281785,215.72040105101496,212.41691883779222,214.8471270135561,214.8471270135561,9072447.0,sample,2026-09-24 19:05:19.564596+00:00
TSLA,2025-01-26 09:30:00+00:00,214.67013260237397,216.51013718329057,210.54328206750554,212.9513373548963,212.9513373548963,15091888.0,sample,2026-09-24 19:05:19.564596+00:00
TSLA,2025-01-26 10:30:00+00:00,212.45789933211572,214.28747872358358,211.24503933467432,213.98966565107642,213.98966565107642,10051794.0,sample,2026-09-24 19:05:19.564596+00:00
TSLA,2025-01-26 11:30:00+00:00,214.08800108820347,216.53212550265712,213.07688040499002,214.90505540438056,214.90505540438056,11251011.0,sample,2026-09-24 19:05:19.564596+00:00
TSLA,2025-01-26 12:30:00+00:00,215.64468220994306,216.37648063750314,212.7905257709519,215.31691989104044,215.31691989104044,9244336.0,sample,2026-09-24 19:05:19.564596+00:00
TSLA,2025-01-26 13:30:00+00:00,215.45411932171538,216.81425519896362,213.64058032720024,214.94433084465487,214.94433084465487,4119318.0,sample,2026-09-24 19:05:19.564596+00:00
TSLA,2025-01-26 14:30:00+00:00,214.843232438811,215.26639839526968,213.68294787302,214.8350334607863,214.8350334607863,8365359.0,sample,2026-09-24 19:05:19.564596+00:00
TSLA,2025-01-26 15:30:00+00:00,215.26952400292672,216.23631702303547,213.0592980896391,215.88334588315743,215.88334588315743,12824974.0,sample,2026-09-24 19:05:19.564596+00:00
TSLA,2025-01-26 16:30:00+00:00,216.01806127627847,217.78571746362132,214.56476555205165,215.8180770834133,215.8180770834133,10074208.0,sample,2026-09-24 19:05:19.564596+00:00
TSLA,2025-01-26 17:30:00+00:00,215.88382258189634,218.1112280014204,214.8071536972283,216.03014255147946,216.03014255147946,2635093.0,sample,2026-09-24 19:05:19.564596+00:00
TSLA,2025-01-26 18:30:00+00:00,216.51848775246575,218.1721099547355,215.11602613818798,215.93955382748663,215.93955382748663,11152575.0,sample,2026-09-24 19:05:19.564596+00:00
TSLA,2025-01-26 19:30:00+00:00,215.9203191326433,218.18880292333637,212.10064106588985,214.34570327773883,214.34570327773883,14938712.0,sample,2026-09-24 19:05:19.564596+00:00
TSLA,2025-01-26 20:30:00+00:00,213.8206919971045,214.11313577784253,212.77350831632202,213.22478297381872,213.22478297381872,7265777.0,sample,2026-09-24 19:05:19.564596+00:00
TSLA,2025-01-26 21:30:00+00:00,212.54069032655164,213.3071954461185,212.12549044673065,212.62867209916442,212.62867209916442,9625556.0,sample,2026-09-24 19:05:19.564596+00:00
TSLA,2025-01-26 22:30:00+00:00,212.4444621662402,214.9182073064107,211.57790795380737,212.2096381614144,212.2096381614144,15338213.0,sample,2026-09-24 19:05:19.564596+00:00
TSLA,2025-01-26 23:30:00+00:00,212.04791998827437,216.08833859402137,209.79186954042166,213.56546702018926,213.56546702018926,9564467.0,sample,2026-09-24 19:05:19.564596+00:00
TSLA,2025-01-27 00:30:00+00:00,213.44499302784286,214.61211273790806,210.9712225955531,214.0174815857708,214.0174815857708,16891556.0,sample,2026-09-24 19:05:19.564596+00:00
TSLA,2025-01-27 01:30:00+00:00,214.71928019197415,214.97848285345316,212.02441399148955,213.7281977250554,213.7281977250554,10301420.0,sample,2026-09-24 19:05:19.564596+00:00
TSLA,2025-01-27 02:30:00+00:00,213.2885673149794,215.28594072491157,212.31262534195693,214.43511114923263,214.43511114923263,13952106.0,sample,2026-09-24 19:05:19.564596+00:00
TSLA,2025-01-27 03:30:00+00:00,214.47489649691443,215.17877245453164,213.5807197086914,214.84827132041636,214.84827132041636,10297748.0,sample,2026-09-24 19:05:19.564596+00:00
TSLA,2025-01-27 04:30:00+00:00,214.39786705327012,214.66616894742702,213.73869398854526,214.07374687843637,214.07374687843637,3965443.0,sample,2026-09-24 19:05:19.564596+00:00
TSLA,2025-01-27 05:30:00+00:00,213.69659693945565,216.8508162465803,213.22703703363507,214.38381067585135,214.38381067585135,11196867.0,sample,2026-09-24 19:05:19.564596+00:00
TSLA,2025-01-27 06:30:00+00:00,215.0894834221595,216.83614979835818,212.60442714734629,214.306289906543,214.306289906543,12106680.0,sample,2026-09-24 19:05:19.564596+00:00
TSLA,2025-01-27 07:30:00+00:00,214.15085830375884,215.3247525502395,211.58846908322906,213.8450902872841,213.8450902872841,14378115.0,sample,2026-09-24 19:05:19.564596+00:00
TSLA,2025-01-27 08:30:00+00:00,214.1872377155932,217.98030884044218,212.15138037149188,215.45847819769048,215.45847819769048,5693611.0,sample,2026-09-24 19:05:19.564596+00:00
TSLA,2025-01-27 09:30:00+00:00,215.15118195257162,217.8583678759572,214.66012590220717,215.49743309991783,215.49743309991783,12659654.0,sample,2026-09-24 19:05:19.564596+00:00
TSLA,2025-01-27 10:30:00+00:00,215.39465756313078,218.14257934279937,213.5608815676807,215.78549691555057,215.78549691555057,4344884.0,sample,2026-09-24 19:05:19.564596+00:00
TSLA,2025-01-27 11:30:00+00:00,215.63285755681824,217.6209757638186,213.7375861289925,216.2767696738712,216.2767696738712,14223787.0,sample,2026-09-24 19:05:19.564596+00:00
TSLA,2025-01-27 12:30:00+00:00,216.09142169720272,217.42255033317812,213.79494986789047,215.1695237811729,215.1695237811729,8047989.0,sample,2026-09-24 19:05:19.564596+00:00
TSLA,2025-01-27 13:30:00+00:00,214.53547127374364,217.194673683207,214.11831440411768,215.99142296089536,215.99142296089536,2544603.0,sample,2026-09-24 19:05:19.564596+00:00
TSLA,2025-01-27 14:30:00+00:00,215.89367107751752,218.83919880390155,214.99978541543857,216.54499282680237,216.54499282680237,11599172.0,sample,2026-09-24 19:05:19.564596+00:00
TSLA,2025-01-27 15:30:00+00:00,215.87875360613265,217.2886156115721,214.31760932486435,215.7123954166057,215.7123954166057,9830895.0,sample,2026-09-24 19:05:19.564596+00:00
TSLA,2025-01-27 16:30:00+00:00,216.37720397946111,218.35559216107555,213.82178849263212,215.1905844633078,215.1905844633078,9382800.0,sample,2026-09-24 19:05:19.564596+00:00
TSLA,2025-01-27 17:30:00+00:00,215.30628610908374,218.09434366750733,214.17319605834538,215.75476608347986,215.75476608347986,10868802.0,sample,2026-09-24 19:05:19.564596+00:00
TSLA,2025-01-27 18:30:00+00:00,215.45793515501057,219.94960429908875,213.91594128680998,217.9623176643616,217.9623176643616,2853084.0,sample,2026-09-24 19:05:19.564596+00:00
TSLA,2025-01-27 19:30:00+00:00,217.8305521555259,218.1481375783113,214.75790490496397,216.28556335234586,216.28556335234586,4694172.0,sample,2026-09-24 19:05:19.564596+00:00
TSLA,2025-01-27 20:30:00+00:00,215.72982391890164,218.4484706018646,214.85076842944173,217.2869663594267,217.2869663594267,8089069.0,sample,2026-09-24 19:05:19.564596+00:00
TSLA,2025-01-27 21:30:00+00:00,216.78154516702685,219.26284895583052,214.31402452859885,218.00928173537395,218.00928173537395,3802257.0,sample,2026-09-24 19:05:19.564596+00:00
TSLA,2025-01-27 22:30:00+00:00,217.60138067893774,219.1160497628681,216.30231139447076,218.47976091920833,218.47976091920833,16789011.0,sample,2026-09-24 19:05:19.564596+00:00
TSLA,2025-01-27 23:30:00+00:00,218.13199518547125,219.1848633652605,215.7681555469286,218.20687336435162,218.20687336435162,4231214.0,sample,2026-09-24 19:05:19.564596+00:00
TSLA,2025-01-28 00:30:00+00:00,218.82950381581182,219.6883518675033,217.15837570516985,217.5666307551408,217.5666307551408,13022729.0,sample,2026-09-24 19:05:19.564596+00:00
TSLA,2025-01-28 01:30:00+00:00,216.56903562178425,218.31570447730147,215.50692727555128,216.34423732348887,216.34423732348887,6917603.0,sample,2026-09-24 19:05:19.564596+00:00
TSLA,2025-01-28 02:30:00+00:00,216.73264101447188,219.10377615437193,215.22683946531902,216.148796305159,216.148796305159,3530677.0,sample,2026-09-24 19:05:19.564596+00:00
TSLA,2025-01-28 03:30:00+00:00,215.87732578740227,217.98381103333656,215.19839109066572,216.35262757777957,216.35262757777957,16279724.0,sample,2026-09-24 19:05:19.564596+00:00
TSLA,2025-01-28 04:30:00+00:00,216.73857289381624,217.19967336216035,214.94873724382103,215.96157262038136,215.96157262038136,10227442.0,sample,2026-09-24 19:05:19.564596+00:00
TSLA,2025-01-28 05:30:00+00:00,215.6277324607143,219.08292678081295,214.27914439984258,216.56592993168243,216.56592993168243,5126011.0,sample,2026-09-24 19:05:19.564596+00:00
TSLA,2025-01-28 06:30:00+00:00,215.97421665867705,218.39200903192824,212.99413159908121,214.78918213051233,214.78918213051233,9702145.0,sample,2026-09-24 19:05:19.564596+00:00
TSLA,2025-01-28 07:30:00+00:00,214.54174630220297,215.85968368148193,212.2016220822026,215.10698508661233,215.10698508661233,5598961.0,sample,2026-09-24 19:05:19.564596+00:00
TSLA,2025-01-28 08:30:00+00:00,215.03198640454264,216.8705287376684,213.20008265809344,214.91507130343527,214.91507130343527,9697681.0,sample,2026-09-24 19:05:19.564596+00:00
TSLA,2025-01-28 09:30:00+00:00,214.8957080238709,215.5452271501918,212.676713574809,214.32334431531982,214.32334431531982,12096509.0,sample,2026-09-24 19:05:19.564596+00:00
TSLA,2025-01-28 10:30:00+00:00,214.4343668514081,216.59909972176536,212.7751091026138,214.5638966872859,214.5638966872859,13684230.0,sample,2026-09-24 19:05:19.564596+00:00
TSLA,2025-01-28 11:30:00+00:00,214.93722460648615,217.03420387379143,214.3018007065407,216.07237279637,216.07237279637,9673068.0,sample,2026-09-24 19:05:19.564596+00:00
TSLA,2025-01-28 12:30:00+00:00,216.07063230671892,217.29547037251078,214.92240370553162,216.11698472186484,216.11698472186484,1647941.0,sample,2026-09-24 19:05:19.564596+00:00
TSLA,2025-01-28 13:30:00+00:00,215.368491472061,217.3093993661898,213.48138058319088,214.9265513334121,214.9265513334121,15629138.0,sample,2026-09-24 19:05:19.564596+00:00
TSLA,2025-01-28 14:30:00+00:00,215.13570521538182,216.2491342016211,212.38063115557188,214.52145998088304,214.52145998088304,12664730.0,sample,2026-09-24 19:05:19.564596+00:00
TSLA,2025-01-28 15:30:00+00:00,214.7693457468465,217.13703546358067,212.3711232423285,215.6544569406283,215.6544569406283,17292885.0,sample,2026-09-24 19:05:19.564596+00:00
TSLA,2025-01-28 16:30:00+00:00,215.29410198016234,218.4880348182888,214.65249810330752,215.90430549219718,215.90430549219718,8974373.0,sample,2026-09-24 19:05:19.564596+00:00
TSLA,2025-01-28 17:30:00+00:00,216.23750043675085,216.9496711171494,215.67055939369368,215.94647969826758,215.94647969826758,3125213.0,sample,2026-09-24 19:05:19.564596+00:00
TSLA,2025-01-28 18:30:00+00:00,216.23919523680667,217.22746622017436,215.1256259430867,216.27690032654007,216.27690032654007,11363937.0,sample,2026-09-24 19:05:19.564596+00:00
TSLA,2025-01-28 19:30:00+00:00,216.14746172362274,217.4296060240895,214.5476213503144,216.37028928897539,216.37028928897539,7551368.0,sample,2026-09-24 19:05:19.564596+00:00
TSLA,2025-01-28 20:30:00+00:00,215.3332556448566,217.71804919660033,213.44507540449064,216.44796910885356,216.44796910885356,17435727.0,sample,2026-09-24 19:05:19.564596+00:00
TSLA,2025-01-28 21:30:00+00:00,216.59219612509833,218.6135475691121,214.50109679584486,216.3904177725296,216.3904177725296,17854498.0,sample,2026-09-24 19:05:19.564596+00:00
TSLA,2025-01-28 22:30:00+00:00,217.04051105322804,218.17316942180054,215.9717772929027,217.89024881782453,217.89024881782453,13440919.0,sample,2026-09-24 19:05:19.564596+00:00
TSLA,2025-01-28 23:30:00+00:00,217.84834350620534,219.83669187781973,217.48085595160353,217.9673662152899,217.9673662152899,15685149.0,sample,2026-09-24 19:05:19.564596+00:00
TSLA,2025-01-29 00:30:00+00:00,218.361393812471,218.70784390266797,216.15674168426042,218.4856840615958,218.4856840615958,6190877.0,sample,2026-09-24 19:05:19.564596+00:00
TSLA,2025-01-29 01:30:00+00:00,218.32542829233554,219.02396619494806,216.2080567532857,217.9125775003618,217.9125775003618,4002633.0,sample,2026-09-24 19:05:19.564596+00:00
TSLA,2025-01-29 02:30:00+00:00,217.64682613686338,218.0807298936844,216.463329622139,217.69621720258792,217.69621720258792,6481856.0,sample,2026-09-24 19:05:19.564596+00:00
TSLA,2025-01-29 03:30:00+00:00,216.84278577076356,218.37617702005105,216.0246320181439,217.7162607538366,217.7162607538366,2659714.0,sample,2026-09-24 19:05:19.564596+00:00
TSLA,2025-01-29 04:30:00+00:00,217.47246180710582,221.56870827694414,215.22972211096263,218.97822049282055,218.97822049282055,13366413.0,sample,2026-09-24 19:05:19.564596+00:00
TSLA,2025-01-29 05:30:00+00:00,218.87797725164444,221.65027907331918,218.15122658747222,219.64788785565753,219.64788785565753,17493162.0,sample,2026-09-24 19:05:19.564596+00:00
TSLA,2025-01-29 06:30:00+00:00,219.04233571140674,221.25754446004746,217.7960337492079,218.89113566248383,218.89113566248383,3891750.0,sample,2026-09-24 19:05:19.564596+00:00
TSLA,2025-01-29 07:30:00+00:00,218.94051244952936,222.38103357951468,218.69867492583532,219.86266864767043,219.86266864767043,7910700.0,sample,2026-09-24 19:05:19.564596+00:00
TSLA,2025-01-29 08:30:00+00:00,220.6763106756453,222.60020911815238,219.98168861329262,220.28892367524787,220.28892367524787,6225052.0,sample,2026-09-24 19:05:19.564596+00:00
TSLA,2025-01-29 09:30:00+00:00,219.59509550072096,221.04617495158533,218.87987381753092,220.2195581843458,220.2195581843458,12505450.0,sample,2026-09-24 19:05:19.564596+00:00
TSLA,2025-01-29 10:30:00+00:00,221.46819159291755,224.0372646082977,220.01405193391832,221.07843762200443,221.07843762200443,4740400.0,sample,2026-09-24 19:05:19.564596+00:00
TSLA,2025-01-29 11:30:00+00:00,220.57904049721182,222.82761548853966,220.24592606571008,220.9980099441645,220.9980099441645,12762075.0,sample,2026-09-24 19:05:19.564596+00:00
TSLA,2025-01-29 12:30:00+00:00,221.13808364194844,223.7409875316111,219.10701000612457,220.79742825125123,220.79742825125123,11089156.0,sample,2026-09-24 19:05:19.564596+00:00
TSLA,2025-01-29 13:30:00+00:00,221.73205943533307,224.31041150427814,219.78687635755455,220.22305446713304,220.22305446713304,4959669.0,sample,2026-09-24 19:05:19.564596+00:00
TSLA,2025-01-29 14:30:00+00:00,220.1270893146683,223.0973611442884,218.92083346159336,220.47781787152977,220.47781787152977,16849943.0,sample,2026-09-24 19:05:19.564596+00:00
TSLA,2025-01-29 15:30:00+00:00,220.60461695910664,221.54813160325276,219.52361641470154,220.6419569844429,220.6419569844429,3685225.0,sample,2026-09-24 19:05:19.564596+00:00
TSLA,2025-01-29 16:30:00+00:00,220.8286137858079,221.39637050139538,218.3874847688851,221.07989125202926,221.07989125202926,8563938.0,sample,2026-09-24 19:05:19.564596+00:00
TSLA,2025-01-29 17:30:00+00:00,221.03090445871308,221.69791907402504,218.42049990198444,220.09615603956527,220.09615603956527,10511212.0,sample,2026-09-24 19:05:19.564596+00:00
TSLA,2025-01-29 18:30:00+00:00,219.90182985243814,221.74128334897944,218.35540923746169,220.6772770521641,220.6772770521641,9061878.0,sample,2026-09-24 19:05:19.564596+00:00
TSLA,2025-01-29 19:30:00+00:00,221.04153513863935,223.0634903667983,220.1304161986509,220.71127307073903,220.71127307073903,16657227.0,sample,2026-09-24 19:05:19.564596+00:00
TSLA,2025-01-29 20:30:00+00:00,221.75073948455062,222.46360491041216,218.1890229354365,219.34213140283023,219.34213140283023,11225329.0,sample,2026-09-24 19:05:19.564596+00:00
TSLA,2025-01-29 21:30:00+00:00,219.38618798895203,220.78326490531975,217.23918463774012,219.76448327205924,219.76448327205924,11502780.0,sample,2026-09-24 19:05:19.564596+00:00
TSLA,2025-01-29 22:30:00+00:00,219.62751890819976,222.48365924662463,218.5622606015205,221.55632977855385,221.55632977855385,13670415.0,sample,2026-09-24 19:05:19.564596+00:00
TSLA,2025-01-29 23:30:00+00:00,221.51313578617567,223.40115661321693,220.55196830174117,221.16232019640705,221.16232019640705,5605014.0,sample,2026-09-24 19:05:19.564596+00:00
TSLA,2025-01-30 00:30:00+00:00,220.87801934978484,222.69836264534203,218.31440312190105,220.86144791986422,220.86144791986422,13195548.0,sample,2026-09-24 19:05:19.564596+00:00
TSLA,2025-01-30 01:30:00+00:00,220.4275613626145,222.15833770404888,218.38200229428347,220.49188040274288,220.49188040274288,15461552.0,sample,2026-09-24 19:05:19.564596+00:00
TSLA,2025-01-30 02:30:00+00:00,220.72927044740985,223.2016912141189,218.36754932242602,219.99248766273047,219.99248766273047,10844307.0,sample,2026-09-24 19:05:19.564596+00:00
TSLA,2025-01-30 03:30:00+00:00,220.2656386780548,221.89223685779544,218.19676935123846,219.064488990898,219.064488990898,16809297.0,sample,2026-09-24 19:05:19.564596+00:00
TSLA,2025-01-30 04:30:00+00:00,218.31055843456892,220.38343173508636,216.92992036768138,219.23638884250792,219.23638884250792,13906869.0,sample,2026-09-24 19:05:19.564596+00:00
TSLA,2025-01-30 05:30:00+00:00,220.24575787090254,220.73037809912358,216.94880837135176,218.78029892106846,218.78029892106846,7413337.0,sample,2026-09-24 19:05:19.564596+00:00
TSLA,2025-01-30 06:30:00+00:00,218.38800432235266,220.15568218586276,216.61501171603695,218.31839371084516,218.31839371084516,6856840.0,sample,2026-09-24 19:05:19.564596+00:00
TSLA,2025-01-30 07:30:00+00:00,218.5775637723613,221.1226250539995,215.97051274153955,218.13102982041477,218.13102982041477,5370854.0,sample,2026-09-24 19:05:19.564596+00:00
TSLA,2025-01-30 08:30:00+00:00,218.50372048070668,219.0595639943861,217.329936850426,217.9822019016275,217.9822019016275,17307544.0,sample,2026-09-24 19:05:19.564596+00:00
TSLA,2025-01-30 09:30:00+00:00,217.6806824961016,220.623133119158,217.22337545713063,218.58888221104274,218.58888221104274,14746724.0,sample,2026-09-24 19:05:19.564596+00:00
TSLA,2025-01-30 10:30:00+00:00,218.384668565005,220.27373248482527,217.06807693482534,220.02989541512517,220.02989541512517,1813487.0,sample,2026-09-24 19:05:19.564596+00:00
TSLA,2025-01-30 11:30:00+00:00,219.9420012871814,222.71404932637935,217.373039604295,221.51304869738166,221.51304869738166,14163958.0,sample,2026-09-24 19:05:19.564596+00:00
TSLA,2025-01-30 12:30:00+00:00,222.0896626997493,224.2458924932525,221.5004054880325,221.95736449471795,221.95736449471795,11086293.0,sample,2026-09-24 19:05:19.564596+00:00
TSLA,2025-01-30 13:30:00+00:00,222.46234726931704,222.84680244138235,218.85285357285292,221.15373799644286,221.15373799644286,3893181.0,sample,2026-09-24 19:05:19.564596+00:00
TSLA,2025-01-30 14:30:00+00:00,221.1625521201788,223.52974318692918,218.6758701057105,222.35791887585,222.35791887585,6253747.0,sample,2026-09-24 19:05:19.564596+00:00
TSLA,2025-01-30 15:30:00+00:00,222.54055490481605,225.0028670799817,220.9312935366218,221.7547344931916,221.7547344931916,4758386.0,sample,2026-09-24 19:05:19.564596+00:00
TSLA,2025-01-30 16:30:00+00:00,222.52329641421957,224.38986257392256,220.58730792454776,221.4328812233439,221.4328812233439,12397121.0,sample,2026-09-24 19:05:19.564596+00:00
TSLA,2025-01-30 17:30:00+00:00,221.23726466403605,223.7072850500432,219.68910833352984,221.603319724064,221.603319724064,10918020.0,sample,2026-09-24 19:05:19.564596+00:00
TSLA,2025-01-30 18:30:00+00:00,221.16846609743544,223.24288642254263,219.01318504892012,222.08209999503381,222.08209999503381,4469256.0,sample,2026-09-24 19:05:19.564596+00:00
TSLA,2025-01-30 19:30:00+00:00,222.96623810579456,224.5916611582865,220.4459806359206,221.80443969954825,221.80443969954825,11531474.0,sample,2026-09-24 19:05:19.564596+00:00
TSLA,2025-01-30 20:30:00+00:00,221.81308108116738,223.86651894497007,220.56356773448707,221.44479329556845,221.44479329556845,8291075.0,sample,2026-09-24 19:05:19.564596+00:00
TSLA,2025-01-30 21:30:00+00:00,221.6238084372525,223.22172916418958,218.26731708363616,220.31840520385265,220.31840520385265,12641245.0,sample,2026-09-24 19:05:19.564596+00:00
TSLA,2025-01-30 22:30:00+00:00,219.78646162580964,221.52935215618393,217.2538159724584,219.499431815694,219.499431815694,2840705.0,sample,2026-09-24 19:05:19.564596+00:00
TSLA,2025-01-30 23:30:00+00:00,219.32373159219466,221.00308094112867,217.72309419514153,219.6309734508563,219.6309734508563,17195867.0,sample,2026-09-24 19:05:19.564596+00:00
TSLA,2025-01-31 00:30:00+00:00,220.21794601703118,221.694229433592,216.633449926206,218.93813730445123,218.93813730445123,4498069.0,sample,2026-09-24 19:05:19.564596+00:00
TSLA,2025-01-31 01:30:00+00:00,218.8463456921689,219.7242511224617,216.52046635339357,218.90898235059518,218.90898235059518,13022722.0,sample,2026-09-24 19:05:19.564596+00:00
TSLA,2025-01-31 02:30:00+00:00,218.44027948589493,221.97026032268872,217.17172171575808,219.84464693858078,219.84464693858078,15143649.0,sample,2026-09-24 19:05:19.564596+00:00
TSLA,2025-01-31 03:30:00+00:00,220.60976928194196,223.15658899457898,218.2165547386018,219.17966173240043,219.17966173240043,12227138.0,sample,2026-09-24 19:05:19.564596+00:00
TSLA,2025-01-31 04:30:00+00:00,219.03176967321141,219.35831154198536,216.35631207681325,218.44012480019694,218.44012480019694,12106433.0,sample,2026-09-24 19:05:19.564596+00:00
TSLA,2025-01-31 05:30:00+00:00,218.4867759709402,219.73696353282364,217.06401263422708,217.3352809160532,217.3352809160532,16711876.0,sample,2026-09-24 19:05:19.564596+00:00
TSLA,2025-01-31 06:30:00+00:00,217.56253495158765,218.86844932973037,217.05029220382696,217.766731787497,217.766731787497,15255741.0,sample,2026-09-24 19:05:19.564596+00:00
TSLA,2025-01-31 07:30:00+00:00,217.6003123805321,218.6124830463404,215.43246332054787,217.25394278971703,217.25394278971703,3164032.0,sample,2026-09-24 19:05:19.564596+00:00
TSLA,2025-01-31 08:30:00+00:00,217.6226370661816,218.50812422979382,216.28326169221634,217.9815824868504,217.9815824868504,4008796.0,sample,2026-09-24 19:05:19.564596+00:00
TSLA,2025-01-31 09:30:00+00:00,217.57182215865905,218.29935169530881,214.05954918196042,216.3713856005658,216.3713856005658,15498091.0,sample,2026-09-24 19:05:19.564596+00:00
TSLA,2025-01-31 10:30:00+00:00,216.6103951504289,217.37269016232327,214.73785792494695,216.55737439657162,216.55737439657162,13724713.0,sample,2026-09-24 19:05:19.564596+00:00
TSLA,2025-01-31 11:30:00+00:00,215.92676767239595,219.71642429017675,213.74753954283528,218.8212525721239,218.8212525721239,6828839.0,sample,2026-09-24 19:05:19.564596+00:00
TSLA,2025-01-31 12:30:00+00:00,218.81318513858594,221.37550804756916,215.36094382530595,217.86993337467703,217.86993337467703,14570139.0,sample,2026-09-24 19:05:19.564596+00:00
TSLA,2025-01-31 13:30:00+00:00,217.8890751946133,219.68378626277416,215.68978307427795,216.35480561604953,216.35480561604953,6098098.0,sample,2026-09-24 19:05:19.564596+00:00
TSLA,2025-01-31 14:30:00+00:00,217.19475603089862,219.74929885195715,213.49753121579965,215.82203898807757,215.82203898807757,7115599.0,sample,2026-09-24 19:05:19.564596+00:00
TSLA,2025-01-31 15:30:00+00:00,215.24492811927755,218.58385886372128,213.0498755510618,217.18749166988582,217.18749166988582,16791816.0,sample,2026-09-24 19:05:19.564596+00:00
TSLA,2025-01-31 16:30:00+00:00,217.6365430141367,219.6524768451247,214.68137224296967,216.6482725392552,216.6482725392552,15954750.0,sample,2026-09-24 19:05:19.564596+00:00
TSLA,2025-01-31 17:30:00+00:00,216.42043417668555,218.0642061817521,213.96268577381184,216.4308346857323,216.4308346857323,5997883.0,sample,2026-09-24 19:05:19.564596+00:00
TSLA,2025-01-31 18:30:00+00:00,216.15002435002927,219.09257416782697,214.38764573165057,217.2166768430592,217.2166768430592,12432086.0,sample,2026-09-24 19:05:19.564596+00:00
TSLA,2025-01-31 19:30:00+00:00,216.7388339232433,218.25780361675007,215.61850714274854,216.84947296932998,216.84947296932998,10814258.0,sample,2026-09-24 19:05:19.564596+00:00
TSLA,2025-01-31 20:30:00+00:00,217.1889460984191,219.2484542466478,214.46442081067732,216.13993995225005,216.13993995225005,3569998.0,sample,2026-09-24 19:05:19.564596+00:00
TSLA,2025-01-31 21:30:00+00:00,216.47562406832003,218.70580009109153,213.53971496078333,216.0670370328375,216.0670370328375,9266305.0,sample,2026-09-24 19:05:19.564596+00:00
TSLA,2025-01-31 22:30:00+00:00,216.3998673361535,218.92592267701605,215.6609051809678,216.87896733093314,216.87896733093314,15386648.0,sample,2026-09-24 19:05:19.564596+00:00
TSLA,2025-01-31 23:30:00+00:00,217.09452842520307,219.05972902988353,214.91130187357857,217.1924060979217,217.1924060979217,6018998.0,sample,2026-09-24 19:05:19.564596+00:00
TSLA,2025-02-01 00:30:00+00:00,216.55263786175541,219.36708533532405,215.58275489133067,217.10895841921402,217.10895841921402,3119680.0,sample,2026-09-24 19:05:19.564596+00:00
TSLA,2025-02-01 01:30:00+00:00,216.72215928811696,217.97645782739858,214.8389062352017,216.96005462876195,216.96005462876195,1745088.0,sample,2026-09-24 19:05:19.564596+00:00
TSLA,2025-02-01 02:30:00+00:00,217.4701963560481,219.1219433844667,215.18033247279647,217.1216506988914,217.1216506988914,9399473.0,sample,2026-09-24 19:05:19.564596+00:00
TSLA,2025-02-01 03:30:00+00:00,218.00233699228488,219.89864686613708,215.2388643047007,216.11295806246784,216.11295806246784,14422069.0,sample,2026-09-24 19:05:19.564596+00:00
TSLA,2025-02-01 04:30:00+00:00,215.92895613570965,216.78257647252195,213.48952727425126,216.56098309040536,216.56098309040536,2045065.0,sample,2026-09-24 19:05:19.564596+00:00
TSLA,2025-02-01 05:30:00+00:00,216.64547595930495,219.20880324859422,214.23083933159043,216.29737884527285,216.29737884527285,8098949.0,sample,2026-09-24 19:05:19.564596+00:00
TSLA,2025-02-01 06:30:00+00:00,216.2445882813029,216.76698874074046,215.27568437425901,215.86867004969142,215.86867004969142,15591854.0,sample,2026-09-24 19:05:19.564596+00:00
TSLA,2025-02-01 07:30:00+00:00,216.3351425095678,216.89314719007226,215.31541358169582,216.23893582273217,216.23893582273217,3796614.0,sample,2026-09-24 19:05:19.564596+00:00
TSLA,2025-02-01 08:30:00+00:00,215.95749678520977,218.34202790724967,214.4303209719624,215.7370853619081,215.7370853619081,6564317.0,sample,2026-09-24 19:05:19.564596+00:00
TSLA,2025-02-01 09:30:00+00:00,214.970033671904,217.31951474696658,213.28829314773117,215.07748792835983,215.07748792835983,7752962.0,sample,2026-09-24 19:05:19.564596+00:00
TSLA,2025-02-01 10:30:00+00:00,214.91210562754083,216.3015116096657,212.00285195042608,214.28388710888328,214.28388710888328,11241708.0,sample,2026-09-24 19:05:19.564596+00:00
TSLA,2025-02-01 11:30:00+00:00,215.03803475724368,216.83743461558436,211.32483034205399,213.313893162753,213.313893162753,6829020.0,sample,2026-09-24 19:05:19.564596+00:00
TSLA,2025-02-01 12:30:00+00:00,213.17845846353075,214.1949525038066,211.5454915971219,212.50902776021394,212.50902776021394,11763967.0,sample,2026-09-24 19:05:19.564596+00:00
TSLA,2025-02-01 13:30:00+00:00,212.31274990533686,213.5165461826298,209.84083460716678,212.83512652427265,212.83512652427265,9691602.0,sample,2026-09-24 19:05:19.564596+00:00
TSLA,2025-02-01 14:30:00+00:00,212.96731665978473,214.96360782917435,212.10944984135793,213.69115361382762,213.69115361382762,14997172.0,sample,2026-09-24 19:05:19.564596+00:00
TSLA,2025-02-01 15:30:00+00:00,213.28691742564905,216.08667754129925,211.10724157411704,214.80286059995368,214.80286059995368,7993085.0,sample,2026-09-24 19:05:19.564596+00:00
TSLA,2025-02-01 16:30:00+00:00,215.28917941341547,217.35477665821327,213.83018752155883,214.47604699524464,214.47604699524464,7748259.0,sample,2026-09-24 19:05:19.564596+00:00
TSLA,2025-02-01 17:30:00+00:00,214.38354948832566,215.8450560539344,212.02976924706982,213.9282436428348,213.9282436428348,13267396.0,sample,2026-09-24 19:05:19.564596+00:00
TSLA,2025-02-01 18:30:00+00:00,213.95690056208034,215.54803579546711,212.0383356077837,214.56714586467047,214.56714586467047,9312250.0,sample,2026-09-24 19:05:19.564596+00:00
TSLA,2025-02-01 19:30:00+00:00,214.29515708678844,218.4165440394431,212.1609320857304,216.57596916924467,216.57596916924467,6077653.0,sample,2026-09-24 19:05:19.564596+00:00
TSLA,2025-02-01 20:30:00+00:00,216.34559508304997,218.65705633196148,214.9138451744089,217.4522008343717,217.4522008343717,16226344.0,sample,2026-09-24 19:05:19.564596+00:00
TSLA,2025-02-01 21:30:00+00:00,217.28950637255048,217.90647347586835,215.30551593288598,217.16335994226822,217.16335994226822,5290474.0,sample,2026-09-24 19:05:19.564596+00:00
TSLA,2025-02-01 22:30:00+00:00,217.69713960206997,218.66733510497022,216.16270206203131,217.6505048988994,217.6505048988994,11366427.0,sample,2026-09-24 19:05:19.564596+00:00
TSLA,2025-02-01 23:30:00+00:00,218.1998188825806,219.55572709481086,214.92322026864747,217.0678756260458,217.0678756260458,17362910.0,sample,2026-09-24 19:05:19.564596+00:00
TSLA,2025-02-02 00:30:00+00:00,216.86723057493228,218.9347251544049,213.6740061523933,215.82598535844713,215.82598535844713,5632845.0,sample,2026-09-24 19:05:19.564596+00:00
TSLA,2025-02-02 01:30:00+00:00,215.78851038480204,217.71799215134007,214.17424807780017,215.53229579694906,215.53229579694906,11454000.0,sample,2026-09-24 19:05:19.564596+00:00
TSLA,2025-02-02 02:30:00+00:00,215.98875078903262,217.44915681318048,214.44831332600316,216.04701000305218,216.04701000305218,17811842.0,sample,2026-09-24 19:05:19.564596+00:00
TSLA,2025-02-02 03:30:00+00:00,216.20088810140717,218.92080841156857,214.8816319641518,216.7571533061607,216.7571533061607,9193734.0,sample,2026-09-24 19:05:19.564596+00:00
TSLA,2025-02-02 04:30:00+00:00,215.94315849063133,217.21441815340324,215.1693035981917,216.80562887798263,216.80562887798263,8480817.0,sample,2026-09-24 19:05:19.564596+00:00
TSLA,2025-02-02 05:30:00+00:00,216.63169578612445,217.94336954632126,216.08183505320102,217.29066776322193,217.29066776322193,6009919.0,sample,2026-09-24 19:05:19.564596+00:00
TSLA,2025-02-02 06:30:00+00:00,216.74857928943578,218.16305593146456,214.1028273981032,215.31083089013285,215.31083089013285,3536263.0,sample,2026-09-24 19:05:19.564596+00:00
TSLA,2025-02-02 07:30:00+00:00,215.15086900945934,216.90472120596706,213.83558784588206,215.3954078692326,215.3954078692326,4591835.0,sample,2026-09-24 19:05:19.564596+00:00
TSLA,2025-02-02 08:30:00+00:00,215.89234124903933,217.85303904095693,213.65595638163344,215.7254987991176,215.7254987991176,14368361.0,sample,2026-09-24 19:05:19.564596+00:00
TSLA,2025-02-02 09:30:00+00:00,216.49650944084456,217.30113402643548,212.46855025157026,214.3280141769272,214.3280141769272,14908365.0,sample,2026-09-24 19:05:19.564596+00:00
TSLA,2025-02-02 10:30:00+00:00,214.14015205092147,214.39321270234305,213.28996187430425,214.05555497260207,214.05555497260207,7958215.0,sample,2026-09-24 19:05:19.564596+00:00
TSLA,2025-02-02 11:30:00+00:00,214.02860619241952,216.68266431687974,213.44612229842878,214.18079947045334,214.18079947045334,14712757.0,sample,2026-09-24 19:05:19.564596+00:00
TSLA,2025-02-02 12:30:00+00:00,213.3658109700198,214.86348171523062,211.5300624570295,213.48270603150706,213.48270603150706,5017796.0,sample,2026-09-24 19:05:19.564596+00:00
TSLA,2025-02-02 13:30:00+00:00,213.30469854557094,214.3747525513424,212.03173369180232,212.26126910607883,212.26126910607883,13788208.0,sample,2026-09-24 19:05:19.564596+00:00
TSLA,2025-02-02 14:30:00+00:00,211.31681570943755,213.91056751930913,210.19620182724177,212.43849688244075,212.43849688244075,16334888.0,sample,2026-09-24 19:05:19.564596+00:00
TSLA,2025-02-02 15:30:00+00:00,212.45342103571667,214.15607926532266,212.13641399602022,213.49871116892186,213.49871116892186,8062810.0,sample,2026-09-24 19:05:19.564596+00:00
TSLA,2025-02-02 16:30:00+00:00,213.12727354724151,216.61791510154484,212.07926070806624,214.41210218849017,214.41210218849017,4324665.0,sample,2026-09-24 19:05:19.564596+00:00
TSLA,2025-02-02 17:30:00+00:00,215.18194548002853,216.32505548926716,212.06996795421378,213.7336768082658,213.7336768082658,7501137.0,sample,2026-09-24 19:05:19.564596+00:00
TSLA,2025-02-02 18:30:00+00:00,213.82662855214946,215.08557671022885,212.0688110996507,213.48383089594458,213.48383089594458,2124240.0,sample,2026-09-24 19:05:19.564596+00:00
TSLA,2025-02-02 19:30:00+00:00,213.86729267870956,215.57807884861435,212.90806794285615,214.13279922796707,214.13279922796707,14495166.0,sample,2026-09-24 19:05:19.564596+00:00
TSLA,2025-02-02 20:30:00+00:00,215.05018629155418,217.2434766919792,212.97489581470126,213.21052970594783,213.21052970594783,7040160.0,sample,2026-09-24 19:05:19.564596+00:00
TSLA,2025-02-02 21:30:00+00:00,213.00030006610638,215.2093421989614,212.76288439551982,213.40658877283238,213.40658877283238,6086133.0,sample,2026-09-24 19:05:19.564596+00:00
TSLA,2025-02-02 22:30:00+00:00,213.8229095962419,215.00537476777671,212.60092790126097,214.2093367136722,214.2093367136722,14821206.0,sample,2026-09-24 19:05:19.564596+00:00
TSLA,2025-02-02 23:30:00+00:00,214.34786638920107,216.77696964746735,212.14173110250047,214.65380844574446,214.65380844574446,7264564.0,sample,2026-09-24 19:05:19.564596+00:00
TSLA,2025-02-03 00:30:00+00:00,214.4679005764718,216.24364922525587,214.24079125608407,214.81936324352583,214.81936324352583,10137481.0,sample,2026-09-24 19:05:19.564596+00:00
TSLA,2025-02-03 01:30:00+00:00,214.8329627627398,216.43929249438318,213.68417539150468,215.68611533622615,215.68611533622615,15694197.0,sample,2026-09-24 19:05:19.564596+00:00
TSLA,2025-02-03 02:30:00+00:00,215.48738463392644,218.0103183606218,211.97392362904338,214.41954815837704,214.41954815837704,12734587.0,sample,2026-09-24 19:05:19.564596+00:00
TSLA,2025-02-03 03:30:00+00:00,213.88075349335554,216.68288439565487,212.30620507915447,215.0884884091696,215.0884884091696,8439272.0,sample,2026-09-24 19:05:19.564596+00:00
TSLA,2025-02-03 04:30:00+00:00,214.6702523096252,215.8517283720658,213.4300304685329,215.5555221980917,215.5555221980917,11437208.0,sample,2026-09-24 19:05:19.564596+00:00
TSLA,2025-02-03 05:30:00+00:00,215.78131105668285,217.1838723257043,215.16218535400216,215.8462872127032,215.8462872127032,15959332.0,sample,2026-09-24 19:05:19.564596+00:00
TSLA,2025-02-03 06:30:00+00:00,215.73317754938864,217.25355610989203,215.2843544925602,215.50303275898457,215.50303275898457,4922384.0,sample,2026-09-24 19:05:19.564596+00:00
TSLA,2025-02-03 07:30:00+00:00,216.21040937831026,217.539201361556,215.6796611202428,217.07071193660585,217.07071193660585,16726260.0,sample,2026-09-24 19:05:19.564596+00:00
TSLA,2025-02-03 08:30:00+00:00,217.758061655106,218.76486245976804,215.53602018676202,217.3798727080242,217.3798727080242,16117520.0,sample,2026-09-24 19:05:19.564596+00:00
TSLA,2025-02-03 09:30:00+00:00,216.93339902161728,218.19052552807025,215.8794336264138,216.69282086926034,216.69282086926034,3169410.0,sample,2026-09-24 19:05:19.564596+00:00
TSLA,2025-02-03 10:30:00+00:00,216.6151407175633,218.6646306382904,215.58117421838162,216.1887440580061,216.1887440580061,11782237.0,sample,2026-09-24 19:05:19.564596+00:00
TSLA,2025-02-03 11:30:00+00:00,216.28039480706863,217.57066913216377,214.53729416026283,216.66144455436097,216.66144455436097,17361386.0,sample,2026-09-24 19:05:19.564596+00:00
TSLA,2025-02-03 12:30:00+00:00,216.16730266316415,217.8347394199148,214.5441459965853,216.32003416531154,216.32003416531154,6590237.0,sample,2026-09-24 19:05:19.564596+00:00
TSLA,2025-02-03 13:30:00+00:00,216.93928418532983,217.49644532279112,213.5324891155199,214.2616366290149,214.2616366290149,9257986.0,sample,2026-09-24 19:05:19.564596+00:00
TSLA,2025-02-03 14:30:00+00:00,214.62440774157415,215.2436336572303,211.50373389672805,213.89290365963805,213.89290365963805,2216497.0,sample,2026-09-24 19:05:19.564596+00:00
TSLA,2025-02-03 15:30:00+00:00,214.19228649609911,215.62020253272905,212.19810469319378,215.0780472247493,215.0780472247493,12218502.0,sample,2026-09-24 19:05:19.564596+00:00
TSLA,2025-02-03 16:30:00+00:00,215.22299848313588,216.14719443227415,213.64311587464317,214.1866827310359,214.1866827310359,3927260.0,sample,2026-09-24 19:05:19.564596+00:00
TSLA,2025-02-03 17:30:00+00:00,214.28481034005702,216.79146178776145,212.0989377865197,214.4381431675209,214.4381431675209,10094208.0,sample,2026-09-24 19:05:19.564596+00:00
TSLA,2025-02-03 18:30:00+00:00,213.84566194530123,214.32747238083715,210.70584328381057,212.82151517834413,212.82151517834413,9074910.0,sample,2026-09-24 19:05:19.564596+00:00
TSLA,2025-02-03 19:30:00+00:00,212.52816726690418,214.98140170150498,210.9614298853608,214.35920427222285,214.35920427222285,15839729.0,sample,2026-09-24 19:05:19.564596+00:00
TSLA,2025-02-03 20:30:00+00:00,214.388429490569,216.78620375140372,211.74556846940825,213.62011995109006,213.62011995109006,16982511.0,sample,2026-09-24 19:05:19.564596+00:00
TSLA,2025-02-03 21:30:00+00:00,213.61168372964661,215.09338914255613,211.89677306298825,214.6761968080687,214.6761968080687,14107901.0,sample,2026-09-24 19:05:19.564596+00:00
TSLA,2025-02-03 22:30:00+00:00,214.71350521111603,217.58309542582313,212.86014152939228,215.08819430370662,215.08819430370662,13787946.0,sample,2026-09-24 19:05:19.564596+00:00
TSLA,2025-02-03 23:30:00+00:00,215.37311798933948,216.26011499307907,214.10895050873953,214.82148112683976,214.82148112683976,8489011.0,sample,2026-09-24 19:05:19.564596+00:00
TSLA,2025-02-04 00:30:00+00:00,215.1655940304507,216.99129725169632,214.0953859144658,215.28633929612252,215.28633929612252,2775025.0,sample,2026-09-24 19:05:19.564596+00:00
TSLA,2025-02-04 01:30:00+00:00,215.29875337412233,217.03532083049618,213.39226624742193,214.2724666521874,214.2724666521874,9998051.0,sample,2026-09-24 19:05:19.564596+00:00
TSLA,2025-02-04 02:30:00+00:00,214.95655815937786,216.0034131132816,212.7476547844087,213.79681934995472,213.79681934995472,12467462.0,sample,2026-09-24 19:05:19.564596+00:00
TSLA,2025-02-04 03:30:00+00:00,213.5876213284893,214.1318852046879,211.61190753036533,212.8956397331914,212.8956397331914,15166313.0,sample,2026-09-24 19:05:19.564596+00:00
TSLA,2025-02-04 04:30:00+00:00,213.02531919001086,215.24297703583895,212.00777328721594,212.63372873527555,212.63372873527555,14533137.0,sample,2026-09-24 19:05:19.564596+00:00
TSLA,2025-02-04 05:30:00+00:00,213.14755293542817,215.07943726400185,211.44464253586352,212.88917162828082,212.88917162828082,10186251.0,sample,2026-09-24 19:05:19.564596+00:00
TSLA,2025-02-04 06:30:00+00:00,212.8150386182857,215.67591526665998,211.05171998173685,213.45754604146077,213.45754604146077,5475188.0,sample,2026-09-24 19:05:19.564596+00:00
TSLA,2025-02-04 07:30:00+00:00,213.37613313455978,214.81521650602303,211.10092316077927,213.08194135818928,213.08194135818928,7158911.0,sample,2026-09-24 19:05:19.564596+00:00
TSLA,2025-02-04 08:30:00+00:00,213.39798353395875,215.4905367131838,211.18317206296504,211.9828523965423,211.9828523965423,7374701.0,sample,2026-09-24 19:05:19.564596+00:00
TSLA,2025-02-04 09:30:00+00:00,212.57991575367052,214.7698826828042,209.82477130701602,212.32266505049424,212.32266505049424,7832269.0,sample,2026-09-24 19:05:19.564596+00:00
TSLA,2025-02-04 10:30:00+00:00,212.39318151705257,213.4016852674827,210.74110997615756,211.04419806787695,211.04419806787695,12826978.0,sample,2026-09-24 19:05:19.564596+00:00
TSLA,2025-02-04 11:30:00+00:00,211.0390035790114,213.05819096670857,209.06436043986912,211.11255922832646,211.11255922832646,4311348.0,sample,2026-09-24 19:05:19.564596+00:00
TSLA,2025-02-04 12:30:00+00:00,210.99626581291326,212.40046169456937,208.80186929132347,212.01054874935946,212.01054874935946,9121265.0,sample,2026-09-24 19:05:19.564596+00:00
TSLA,2025-02-04 13:30:00+00:00,212.32552843798234,212.88422608035577,210.16864255203288,212.35890549559247,212.35890549559247,9673615.0,sample,2026-09-24 19:05:19.564596+00:00
TSLA,2025-02-04 14:30:00+00:00,212.43835126904327,214.41680849791499,210.98621620885692,212.59610723896822,212.59610723896822,15965587.0,sample,2026-09-24 19:05:19.564596+00:00
TSLA,2025-02-04 15:30:00+00:00,213.00711378403122,213.53907453855686,210.62773037378093,212.48203083626584,212.48203083626584,4419717.0,sample,2026-09-24 19:05:19.564596+00:00
TSLA,2025-02-04 16:30:00+00:00,212.34628611298598,214.6271539448772,210.33178777302015,212.22047499516452,212.22047499516452,2678567.0,sample,2026-09-24 19:05:19.564596+00:00
TSLA,2025-02-04 17:30:00+00:00,211.6938696653783,213.29783232527444,210.68692038279661,211.69638334991302,211.69638334991302,5101094.0,sample,2026-09-24 19:05:19.564596+00:00
TSLA,2025-02-04 18:30:00+00:00,211.58778667912765,212.52063358147473,209.45358913506593,212.24668768585127,212.24668768585127,14702709.0,sample,2026-09-24 19:05:19.564596+00:00
TSLA,2025-02-04 19:30:00+00:00,212.23045628328768,214.88356097845855,210.51503482942138,212.44250284299147,212.44250284299147,6529750.0,sample,2026-09-24 19:05:19.564596+00:00
TSLA,2025-02-04 20:30:00+00:00,212.4400523235081,214.27454309274992,209.99262843314798,212.7084768385608,212.7084768385608,11998769.0,sample,2026-09-24 19:05:19.564596+00:00
TSLA,2025-02-04 21:30:00+00:00,212.38146209847503,213.74206866995584,209.85086051949912,212.04917681058097,212.04917681058097,7529378.0,sample,2026-09-24 19:05:19.564596+00:00
TSLA,2025-02-04 22:30:00+00:00,212.23811818918722,213.80196710431096,209.97071988255257,211.9285816911173,211.9285816911173,16933515.0,sample,2026-09-24 19:05:19.564596+00:00
TSLA,2025-02-04 23:30:00+00:00,212.11261115968827,214.42633326012444,209.64118359246746,212.4061737812233,212.4061737812233,16485661.0,sample,2026-09-24 19:05:19.564596+00:00
TSLA,2025-02-05 00:30:00+00:00,213.0037681478161,214.55156903767656,211.294096186247,211.75208142259305,211.75208142259305,9240881.0,sample,2026-09-24 19:05:19.564596+00:00
TSLA,2025-02-05 01:30:00+00:00,212.02293036821516,212.342480034892,210.45196065184422,210.99803479325843,210.99803479325843,8422952.0,sample,2026-09-24 19:05:19.564596+00:00
TSLA,2025-02-05 02:30:00+00:00,211.3344750119486,212.47758015414016,208.42349527249766,210.33179559015977,210.33179559015977,6761012.0,sample,2026-09-24 19:05:19.564596+00:00
TSLA,2025-02-05 03:30:00+00:00,210.2140883185845,213.31521252613146,209.53279441132673,210.96841672468292,210.96841672468292,8020621.0,sample,2026-09-24 19:05:19.564596+00:00
TSLA,2025-02-05 04:30:00+00:00,210.76725887217344,212.91636744587012,208.71835432956453,211.42736117789437,211.42736117789437,7534321.0,sample,2026-09-24 19:05:19.564596+00:00
TSLA,2025-02-05 05:30:00+00:00,211.78284886443834,212.96592757002006,210.44275522866306,212.73051456192655,212.73051456192655,13134191.0,sample,2026-09-24 19:05:19.564596+00:00
TSLA,2025-02-05 06:30:00+00:00,212.67941234747576,214.55450028006484,211.04639163608147,212.38951270789227,212.38951270789227,14227196.0,sample,2026-09-24 19:05:19.564596+00:00
TSLA,2025-02-05 07:30:00+00:00,212.40212102948692,213.16912764214266,211.4126593304056,211.8438670013756,211.8438670013756,10747505.0,sample,2026-09-24 19:05:19.564596+00:00
TSLA,2025-02-05 08:30:00+00:00,211.76911296375508,212.23534715097387,210.70283804310424,211.2060037458647,211.2060037458647,6854251.0,sample,2026-09-24 19:05:19.564596+00:00
TSLA,2025-02-05 09:30:00+00:00,210.83117417271868,212.89105455285022,209.198220954948,210.32582351769665,210.32582351769665,9722406.0,sample,2026-09-24 19:05:19.564596+00:00
TSLA,2025-02-05 10:30:00+00:00,210.52349790738742,211.7004826955732,208.97697079143026,210.665752735236,210.665752735236,11809679.0,sample,2026-09-24 19:05:19.564596+00:00
TSLA,2025-02-05 11:30:00+00:00,210.11656735203715,213.06846823359464,208.71863093653906,210.883325685219,210.883325685219,5776969.0,sample,2026-09-24 19:05:19.564596+00:00
TSLA,2025-02-05 12:30:00+00:00,210.33333696650647,213.20173201352387,209.91148777229105,211.27551914730293,211.27551914730293,16948309.0,sample,2026-09-24 19:05:19.564596+00:00
TSLA,2025-02-05 13:30:00+00:00,211.1179323675264,211.66742553313728,210.0107439382357,210.64170384481832,210.64170384481832,2816019.0,sample,2026-09-24 19:05:19.564596+00:00
TSLA,2025-02-05 14:30:00+00:00,210.4498171942691,211.92878978881043,209.1890936187872,209.7274674712058,209.7274674712058,10329585.0,sample,2026-09-24 19:05:19.564596+00:00
TSLA,2025-02-05 15:30:00+00:00,210.12887399866332,211.5542738417827,208.20666980219482,209.22719048132245,209.22719048132245,8079346.0,sample,2026-09-24 19:05:19.564596+00:00
TSLA,2025-02-05 16:30:00+00:00,208.65117509148916,210.8156815360695,206.1918807358554,206.88825419130444,206.88825419130444,6489822.0,sample,2026-09-24 19:05:19.564596+00:00
TSLA,2025-02-05 17:30:00+00:00,207.56179148635485,209.08656102275955,204.17375976953898,206.58294449771617,206.58294449771617,7358820.0,sample,2026-09-24 19:05:19.564596+00:00
TSLA,2025-02-05 18:30:00+00:00,205.66896963120016,207.85101838591078,203.5806003284559,206.5448074086686,206.5448074086686,8645359.0,sample,2026-09-24 19:05:19.564596+00:00
TSLA,2025-02-05 19:30:00+00:00,206.33525780242164,206.90309337669356,204.42121016857655,206.65928998264664,206.65928998264664,13111481.0,sample,2026-09-24 19:05:19.564596+00:00
TSLA,2025-02-05 20:30:00+00:00,206.54939389043568,208.76084173024515,205.2857393807904,206.52817613401325,206.52817613401325,17581769.0,sample,2026-09-24 19:05:19.564596+00:00
TSLA,2025-02-05 21:30:00+00:00,206.67089170842897,208.35393780413997,206.03656868664947,207.25546113395373,207.25546113395373,10965540.0,sample,2026-09-24 19:05:19.564596+00:00
TSLA,2025-02-05 22:30:00+00:00,208.21906768982086,210.06242440507373,204.22768374134756,206.03829511653927,206.03829511653927,10884333.0,sample,2026-09-24 19:05:19.564596+00:00
TSLA,2025-02-05 23:30:00+00:00,206.1221156880418,207.80167571570635,204.1254842315221,206.4105068892399,206.4105068892399,6512663.0,sample,2026-09-24 19:05:19.564596+00:00
TSLA,2025-02-06 00:30:00+00:00,206.42778607895076,208.41682046901707,206.00956520280235,206.83726616221256,206.83726616221256,7435558.0,sample,2026-09-24 19:05:19.564596+00:00
TSLA,2025-02-06 01:30:00+00:00,206.60235622468792,207.63860717667885,206.00678661761177,206.94720180389686,206.94720180389686,2359792.0,sample,2026-09-24 19:05:19.564596+00:00
TSLA,2025-02-06 02:30:00+00:00,206.24487147184018,206.4817212049555,205.80059506283052,206.18450573713196,206.18450573713196,4946105.0,sample,2026-09-24 19:05:19.564596+00:00
TSLA,2025-02-06 03:30:00+00:00,206.4993323347479,208.21290949389152,204.67652711966525,206.0533880322958,206.0533880322958,11514492.0,sample,2026-09-24 19:05:19.564596+00:00
TSLA,2025-02-06 04:30:00+00:00,205.27925603961367,208.50110325943174,203.4763599747993,206.63630633340966,206.63630633340966,17010671.0,sample,2026-09-24 19:05:19.564596+00:00
TSLA,2025-02-06 05:30:00+00:00,207.09886340579996,208.2925731045378,202.73830401748555,204.69446659613956,204.69446659613956,17872843.0,sample,2026-09-24 19:05:19.564596+00:00
TSLA,2025-02-06 06:30:00+00:00,204.50748684717868,206.2473700030503,201.8945209285514,204.012245103864,204.012245103864,10492790.0,sample,2026-09-24 19:05:19.564596+00:00
TSLA,2025-02-06 07:30:00+00:00,204.2921898207393,205.37545642076591,203.0493919067234,204.61758984189623,204.61758984189623,17000957.0,sample,2026-09-24 19:05:19.564596+00:00
TSLA,2025-02-06 08:30:00+00:00,205.07432637241703,207.45969894887182,202.99414440946924,204.84873773928203,204.84873773928203,17602007.0,sample,2026-09-24 19:05:19.564596+00:00
TSLA,2025-02-06 09:30:00+00:00,204.38701379073376,205.7252020414201,202.12016446772674,204.56384441729057,204.56384441729057,5660160.0,sample,2026-09-24 19:05:19.564596+00:00
TSLA,2025-02-06 10:30:00+00:00,204.38548809180583,208.6368169752098,202.85402551025496,206.5011693652174,206.5011693652174,3499732.0,sample,2026-09-24 19:05:19.564596+00:00
TSLA,2025-02-06 11:30:00+00:00,206.45413391875599,208.3169776741359,203.08708902419426,204.91290575828847,204.91290575828847,14402453.0,sample,2026-09-24 19:05:19.564596+00:00
TSLA,2025-02-06 12:30:00+00:00,204.7977134707475,207.257607994458,203.54756468981847,205.05849677528488,205.05849677528488,7897561.0,sample,2026-09-24 19:05:19.564596+00:00
TSLA,2025-02-06 13:30:00+00:00,205.39887360120053,206.44585018045854,204.37240068768529,204.94327439634543,204.94327439634543,15947495.0,sample,2026-09-24 19:05:19.564596+00:00
TSLA,2025-02-06 14:30:00+00:00,204.561962761695,206.41562269545716,202.83227983026802,204.1580360854987,204.1580360854987,6148690.0,sample,2026-09-24 19:05:19.564596+00:00
TSLA,2025-02-06 15:30:00+00:00,204.6375044019111,205.40412751550758,202.8026258011922,204.72114547203927,204.72114547203927,8688185.0,sample,2026-09-24 19:05:19.564596+00:00
TSLA,2025-02-06 16:30:00+00:00,204.61037328835647,207.43128456584125,204.3241343714959,205.15622121664805,205.15622121664805,17381612.0,sample,2026-09-24 19:05:19.564596+00:00
TSLA,2025-02-06 17:30:00+00:00,205.00111163819096,205.75270008234602,203.50151456611303,205.06509221097372,205.06509221097372,13971703.0,sample,2026-09-24 19:05:19.564596+00:00
TSLA,2025-02-06 18:30:00+00:00,204.49768978273798,207.60338098540294,203.21754990751597,205.85388748312596,205.85388748312596,12841908.0,sample,2026-09-24 19:05:19.564596+00:00
TSLA,2025-02-06 19:30:00+00:00,205.60911789846912,207.99390366220186,203.57074559770277,204.58457389662397,204.58457389662397,5495315.0,sample,2026-09-24 19:05:19.564596+00:00
TSLA,2025-02-06 20:30:00+00:00,203.9458745570368,205.3087680983035,203.02425333243443,205.05284686539454,205.05284686539454,4380535.0,sample,2026-09-24 19:05:19.564596+00:00
TSLA,2025-02-06 21:30:00+00:00,204.8255501455089,205.55212928535715,201.82971678138776,203.80243236244587,203.80243236244587,9291389.0,sample,2026-09-24 19:05:19.564596+00:00
TSLA,2025-02-06 22:30:00+00:00,204.55090250086897,206.90017649355707,203.58273871895287,205.17386331234155,205.17386331234155,4638428.0,sample,2026-09-24 19:05:19.564596+00:00
TSLA,2025-02-06 23:30:00+00:00,205.2977941619612,207.38138424881254,204.51140518869863,205.6009241798251,205.6009241798251,10276591.0,sample,2026-09-24 19:05:19.564596+00:00
TSLA,2025-02-07 00:30:00+00:00,206.0152490483105,207.67113939462044,203.31606498568527,204.50879727189886,204.50879727189886,4958144.0,sample,2026-09-24 19:05:19.564596+00:00
TSLA,2025-02-07 01:30:00+00:00,204.76798645201,205.73914917728035,204.4482689427245,205.51157798932297,205.51157798932297,11781421.0,sample,2026-09-24 19:05:19.564596+00:00
TSLA,2025-02-07 02:30:00+00:00,205.92323699439402,207.91685290612102,204.0216123958683,206.29501429972208,206.29501429972208,1985911.0,sample,2026-09-24 19:05:19.564596+00:00
TSLA,2025-02-07 03:30:00+00:00,206.650527581519,209.1152179664501,205.07795255052824,205.60932747626873,205.60932747626873,17198385.0,sample,2026-09-24 19:05:19.564596+00:00
TSLA,2025-02-07 04:30:00+00:00,205.75012091892634,207.26406638228522,203.41436569968263,206.43631195645258,206.43631195645258,12710714.0,sample,2026-09-24 19:05:19.564596+00:00
TSLA,2025-02-07 05:30:00+00:00,205.60273537402742,208.6492405331625,203.5199418193256,206.73872982833055,206.73872982833055,11431158.0,sample,2026-09-24 19:05:19.564596+00:00
TSLA,2025-02-07 06:30:00+00:00,206.50025886646134,207.5582146604863,203.27277663481175,204.8624759491672,204.8624759491672,8990707.0,sample,2026-09-24 19:05:19.564596+00:00
TSLA,2025-02-07 07:30:00+00:00,203.8658049535347,205.48618519830816,203.44115152559897,203.90301095733471,203.90301095733471,4737475.0,sample,2026-09-24 19:05:19.564596+00:00
TSLA,2025-02-07 08:30:00+00:00,203.22367309439363,204.62390223254013,202.35271939196355,204.3425793760644,204.3425793760644,5006107.0,sample,2026-09-24 19:05:19.564596+00:00
TSLA,2025-02-07 09:30:00+00:00,204.7014457589124,207.02382503571647,202.86983683480912,204.1921068239241,204.1921068239241,10561253.0,sample,2026-09-24 19:05:19.564596+00:00
TSLA,2025-02-07 10:30:00+00:00,204.445933362295,206.753625251758,202.48261474626133,203.57791616438857,203.57791616438857,3306305.0,sample,2026-09-24 19:05:19.564596+00:00
TSLA,2025-02-07 11:30:00+00:00,202.6817614623485,206.1358367821669,202.0753963375845,205.67968745771216,205.67968745771216,3748288.0,sample,2026-09-24 19:05:19.564596+00:00
TSLA,2025-02-07 12:30:00+00:00,205.81390960095305,207.4004130473295,203.7319460664975,206.42360497511234,206.42360497511234,5958204.0,sample,2026-09-24 19:05:19.564596+00:00
TSLA,2025-02-07 13:30:00+00:00,205.6763015287124,207.22067407190949,204.84879030423747,205.70109638548809,205.70109638548809,1918729.0,sample,2026-09-24 19:05:19.564596+00:00
TSLA,2025-02-07 14:30:00+00:00,205.37301508789318,206.71337028451163,203.24620342282063,205.9468360921603,205.9468360921603,16039314.0,sample,2026-09-24 19:05:19.564596+00:00
TSLA,2025-02-07 15:30:00+00:00,205.909604636475,206.25989852951338,204.03351134747712,205.7062700631234,205.7062700631234,10022232.0,sample,2026-09-24 19:05:19.564596+00:00
TSLA,2025-02-07 16:30:00+00:00,205.68008817034138,207.89882272172616,203.89369711328243,207.0157579155531,207.0157579155531,17273554.0,sample,2026-09-24 19:05:19.564596+00:00
TSLA,2025-02-07 17:30:00+00:00,206.99840385363385,209.4072029221253,206.6196873954047,207.08243914797654,207.08243914797654,7332424.0,sample,2026-09-24 19:05:19.564596+00:00
TSLA,2025-02-07 18:30:00+00:00,206.87385831734602,208.49851402304947,205.35247234741723,207.19990971359445,207.19990971359445,10649769.0,sample,2026-09-24 19:05:19.564596+00:00
TSLA,2025-02-07 19:30:00+00:00,206.15251449564346,210.1231145442143,205.49779980197064,208.11139793987917,208.11139793987917,8175993.0,sample,2026-09-24 19:05:19.564596+00:00
TSLA,2025-02-07 20:30:00+00:00,208.41276252764538,210.08719728529297,205.97874359723707,209.06394479581132,209.06394479581132,8860006.0,sample,2026-09-24 19:05:19.564596+00:00
TSLA,2025-02-07 21:30:00+00:00,208.5782073109777,210.97222581345036,207.16800324894018,208.24922935192006,208.24922935192006,11038711.0,sample,2026-09-24 19:05:19.564596+00:00
TSLA,2025-02-07 22:30:00+00:00,208.68355350031234,208.95270190989766,206.27768112267304,208.45616590625934,208.45616590625934,14696526.0,sample,2026-09-24 19:05:19.564596+00:00
TSLA,2025-02-07 23:30:00+00:00,209.57192203980077,211.5976625918781,208.65106202083092,209.22515177231037,209.22515177231037,3362507.0,sample,2026-09-24 19:05:19.564596+00:00
TSLA,2025-02-08 00:30:00+00:00,209.68285164753888,211.8506658411027,209.10982573031515,209.91546304318098,209.91546304318098,10966707.0,sample,2026-09-24 19:05:19.564596+00:00
TSLA,2025-02-08 01:30:00+00:00,209.8286838074275,211.91364583465958,207.86366373677427,210.71001079115823,210.71001079115823,6035311.0,sample,2026-09-24 19:05:19.564596+00:00
TSLA,2025-02-08 02:30:00+00:00,210.04571952151832,212.27764459647574,207.50770892366344,209.24876349571548,209.24876349571548,16011607.0,sample,2026-09-24 19:05:19.564596+00:00
TSLA,2025-02-08 03:30:00+00:00,208.98697859340896,211.17983011799873,206.1114907297336,208.20271890970128,208.20271890970128,10567104.0,sample,2026-09-24 19:05:19.564596+00:00
TSLA,2025-02-08 04:30:00+00:00,208.75111555454464,210.2051791891073,205.90901701495943,207.55363850676972,207.55363850676972,15486274.0,sample,2026-09-24 19:05:19.564596+00:00
TSLA,2025-02-08 05:30:00+00:00,208.0719557445657,208.44027405069954,204.30962590743727,206.63869722160055,206.63869722160055,2844704.0,sample,2026-09-24 19:05:19.564596+00:00
TSLA,2025-02-08 06:30:00+00:00,206.7700713423725,209.9346759178047,206.1045839064709,207.58247098981627,207.58247098981627,13456364.0,sample,2026-09-24 19:05:19.564596+00:00
TSLA,2025-02-08 07:30:00+00:00,207.28350811197245,208.2455557277716,205.5118522489807,206.3648487209266,206.3648487209266,1988729.0,sample,2026-09-24 19:05:19.564596+00:00
TSLA,2025-02-08 08:30:00+00:00,206.56424750042984,207.1945222349329,203.6835652953728,205.0130538860971,205.0130538860971,12250041.0,sample,2026-09-24 19:05:19.564596+00:00
TSLA,2025-02-08 09:30:00+00:00,204.91462786513293,207.19511184225405,203.7181195036426,205.48969983889063,205.48969983889063,15769948.0,sample,2026-09-24 19:05:19.564596+00:00
TSLA,2025-02-08 10:30:00+00:00,205.41400117621973,207.22715410877314,202.42163644975815,204.09463347804834,204.09463347804834,5019259.0,sample,2026-09-24 19:05:19.564596+00:00
TSLA,2025-02-08 11:30:00+00:00,203.98948115824186,206.391704101519,203.0115702293853,204.46023776246741,204.46023776246741,12611851.0,sample,2026-09-24 19:05:19.564596+00:00
TSLA,2025-02-08 12:30:00+00:00,204.36933022282977,205.58791270661033,202.48333612247453,203.96086115071478,203.96086115071478,14201511.0,sample,2026-09-24 19:05:19.564596+00:00
TSLA,2025-02-08 13:30:00+00:00,204.16867131832268,204.56933536806463,202.73215127704538,204.1073422072529,204.1073422072529,5153029.0,sample,2026-09-24 19:05:19.564596+00:00
TSLA,2025-02-08 14:30:00+00:00,203.98639348759036,205.17175256733123,203.16047881978906,204.37564984663024,204.37564984663024,5104002.0,sample,2026-09-24 19:05:19.564596+00:00
TSLA,2025-02-08 15:30:00+00:00,204.14590088077807,205.24916348538395,203.7809561137139,205.03355643550412,205.03355643550412,2177407.0,sample,2026-09-24 19:05:19.564596+00:00
TSLA,2025-02-08 16:30:00+00:00,205.37120913324017,206.71896324492016,202.4781172880224,204.30011464121304,204.30011464121304,12521565.0,sample,2026-09-24 19:05:19.564596+00:00
TSLA,2025-02-08 17:30:00+00:00,204.04675879745554,205.10546229055083,203.1124344031299,204.2558900582175,204.2558900582175,11102419.0,sample,2026-09-24 19:05:19.564596+00:00
TSLA,2025-02-08 18:30:00+00:00,204.56080640284512,206.54002368775133,203.82834463328672,204.04037966542032,204.04037966542032,7016715.0,sample,2026-09-24 19:05:19.564596+00:00
TSLA,2025-02-08 19:30:00+00:00,203.99415322094728,206.22530070131234,201.9437509894068,203.92977574175512,203.92977574175512,14015706.0,sample,2026-09-24 19:05:19.564596+00:00
TSLA,2025-02-08 20:30:00+00:00,204.0290613107781,207.40089358099596,203.48807628988558,205.23921836321287,205.23921836321287,12783711.0,sample,2026-09-24 19:05:19.564596+00:00
TSLA,2025-02-08 21:30:00+00:00,204.17490516638387,207.21497777400413,202.43075556634489,205.4227287033886,205.4227287033886,13947137.0,sample,2026-09-24 19:05:19.564596+00:00
TSLA,2025-02-08 22:30:00+00:00,205.8671431703392,207.1516887271074,204.27209367400894,205.11886682542547,205.11886682542547,6858908.0,sample,2026-09-24 19:05:19.564596+00:00
TSLA,2025-02-08 23:30:00+00:00,204.37519510136156,205.7174617100305,203.00066457039432,204.32455833243066,204.32455833243066,16308564.0,sample,2026-09-24 19:05:19.564596+00:00
TSLA,2025-02-09 00:30:00+00:00,204.4767394591685,208.8081269059054,203.33568416953432,206.7868067475236,206.7868067475236,3958063.0,sample,2026-09-24 19:05:19.564596+00:00
TSLA,2025-02-09 01:30:00+00:00,207.2060757448008,208.35766829690988,204.73476630119,206.82835310659402,206.82835310659402,6041617.0,sample,2026-09-24 19:05:19.564596+00:00
TSLA,2025-02-09 02:30:00+00:00,207.11646796814486,208.11178959815012,206.8821318945302,207.4230742013167,207.4230742013167,9169556.0,sample,2026-09-24 19:05:19.564596+00:00
TSLA,2025-02-09 03:30:00+00:00,206.1851108818508,208.3035619469606,205.03671437806076,207.04822722475987,207.04822722475987,1747217.0,sample,2026-09-24 19:05:19.564596+00:00
TSLA,2025-02-09 04:30:00+00:00,207.02178619851801,208.8812832726622,205.34199543394155,208.1885622248659,208.1885622248659,10172213.0,sample,2026-09-24 19:05:19.564596+00:00
TSLA,2025-02-09 05:30:00+00:00,208.3035389154215,210.03768396749328,206.50156442798283,207.05898866959285,207.05898866959285,5164686.0,sample,2026-09-24 19:05:19.564596+00:00
TSLA,2025-02-09 06:30:00+00:00,205.9532257053698,208.0313376020361,205.13666995033793,206.73835647110653,206.73835647110653,17916198.0,sample,2026-09-24 19:05:19.564596+00:00
TSLA,2025-02-09 07:30:00+00:00,207.2694054302897,208.47808146552845,206.09338443391226,208.25559068075194,208.25559068075194,17937642.0,sample,2026-09-24 19:05:19.564596+00:00
TSLA,2025-02-09 08:30:00+00:00,208.58358743754388,210.45727113512396,207.21470955226187,209.02166389187244,209.02166389187244,6819930.0,sample,2026-09-24 19:05:19.564596+00:00
TSLA,2025-02-09 09:30:00+00:00,208.97503476142438,210.97691373142294,207.26550116009022,208.69071037939756,208.69071037939756,12288066.0,sample,2026-09-24 19:05:19.564596+00:00
TSLA,2025-02-09 10:30:00+00:00,208.70664331937562,211.4713179945143,207.70576671981667,209.14407866125606,209.14407866125606,5579145.0,sample,2026-09-24 19:05:19.564596+00:00
TSLA,2025-02-09 11:30:00+00:00,209.63989582836314,210.56488304557197,207.39864219899357,210.09052849703386,210.09052849703386,10770605.0,sample,2026-09-24 19:05:19.564596+00:00
TSLA,2025-02-09 12:30:00+00:00,209.95942397094635,212.55431448422036,207.82788695572273,211.48809652063838,211.48809652063838,11158031.0,sample,2026-09-24 19:05:19.564596+00:00
TSLA,2025-02-09 13:30:00+00:00,211.2811805458264,212.74979692114164,209.87105130072945,211.85840910009819,211.85840910009819,2675649.0,sample,2026-09-24 19:05:19.564596+00:00
TSLA,2025-02-09 14:30:00+00:00,211.84246284404495,213.9032015400226,210.31727789013783,212.441983445934,212.441983445934,1952691.0,sample,2026-09-24 19:05:19.564596+00:00
TSLA,2025-02-09 15:30:00+00:00,211.81616940090007,213.26367572773165,211.5487884070971,212.41646496361315,212.41646496361315,2072970.0,sample,2026-09-24 19:05:19.564596+00:00
TSLA,2025-02-09 16:30:00+00:00,212.66617505991331,215.0618141858259,210.9716745616082,212.23184756189946,212.23184756189946,12852441.0,sample,2026-09-24 19:05:19.564596+00:00
TSLA,2025-02-09 17:30:00+00:00,211.9339524576953,213.90810581215413,209.4114352537857,211.42922139546127,211.42922139546127,4060505.0,sample,2026-09-24 19:05:19.564596+00:00
TSLA,2025-02-09 18:30:00+00:00,211.67919074136208,213.6015782206392,210.62858306749547,211.09721236241904,211.09721236241904,9209322.0,sample,2026-09-24 19:05:19.564596+00:00
TSLA,2025-02-09 19:30:00+00:00,210.91618877486533,211.750150327965,210.42982104999183,210.93486901388334,210.93486901388334,4483659.0,sample,2026-09-24 19:05:19.564596+00:00
TSLA,2025-02-09 20:30:00+00:00,210.98847416535642,213.66973727322096,210.15272844370827,211.81388349049035,211.81388349049035,15087385.0,sample,2026-09-24 19:05:19.564596+00:00
TSLA,2025-02-09 21:30:00+00:00,211.2203640617401,212.57101394933792,210.34547635046545,210.56779899808643,210.56779899808643,4341560.0,sample,2026-09-24 19:05:19.564596+00:00
TSLA,2025-02-09 22:30:00+00:00,210.96431288727402,213.38961568367642,209.5340179004679,210.10274788490145,210.10274788490145,13043189.0,sample,2026-09-24 19:05:19.564596+00:00
TSLA,2025-02-09 23:30:00+00:00,210.13725115986858,211.1008710380948,207.11689831398678,209.45379438141543,209.45379438141543,3680283.0,sample,2026-09-24 19:05:19.564596+00:00
TSLA,2025-02-10 00:30:00+00:00,209.39771615531336,209.812557429829,207.5621492146682,208.10054893659282,208.10054893659282,3146806.0,sample,2026-09-24 19:05:19.564596+00:00
TSLA,2025-02-10 01:30:00+00:00,208.11986915246524,208.72288118302095,205.35158206863966,207.52160682378587,207.52160682378587,7685789.0,sample,2026-09-24 19:05:19.564596+00:00
TSLA,2025-02-10 02:30:00+00:00,207.74965016751958,207.99257668801823,204.8609250165336,207.2795869848262,207.2795869848262,17539281.0,sample,2026-09-24 19:05:19.564596+00:00
TSLA,2025-02-10 03:30:00+00:00,207.42912455810142,209.3637944312391,204.71521265509423,206.3597406452293,206.3597406452293,11192605.0,sample,2026-09-24 19:05:19.564596+00:00
TSLA,2025-02-10 04:30:00+00:00,205.79688006359873,208.20286638028617,203.77920880226384,205.8479088411394,205.8479088411394,7809831.0,sample,2026-09-24 19:05:19.564596+00:00
TSLA,2025-02-10 05:30:00+00:00,205.94087505725295,207.16967257023325,204.77981523601247,206.41229407921642,206.41229407921642,15823465.0,sample,2026-09-24 19:05:19.564596+00:00
TSLA,2025-02-10 06:30:00+00:00,205.86573704540135,208.85924524020203,203.78289016090744,207.32884086024498,207.32884086024498,14361734.0,sample,2026-09-24 19:05:19.564596+00:00
TSLA,2025-02-10 07:30:00+00:00,207.34830213543725,207.81449266532508,205.5136647282673,206.12522746482597,206.12522746482597,6682107.0,sample,2026-09-24 19:05:19.564596+00:00
TSLA,2025-02-10 08:30:00+00:00,206.18260432188217,208.78295754048884,205.07516689576713,206.3511337222531,206.3511337222531,17375767.0,sample,2026-09-24 19:05:19.564596+00:00
TSLA,2025-02-10 09:30:00+00:00,206.33017962194373,208.81402425427788,206.0034578187867,206.78869606246434,206.78869606246434,11245572.0,sample,2026-09-24 19:05:19.564596+00:00
TSLA,2025-02-10 10:30:00+00:00,207.2285893874844,207.47661726523788,204.1100004181059,204.85231091955185,204.85231091955185,8224651.0,sample,2026-09-24 19:05:19.564596+00:00
TSLA,2025-02-10 11:30:00+00:00,204.84379708532228,207.1753061084989,203.28185426036504,204.96793874709718,204.96793874709718,11759279.0,sample,2026-09-24 19:05:19.564596+00:00
TSLA,2025-02-10 12:30:00+00:00,205.0385388590291,206.82845915821136,204.33591775215325,205.12200445208194,205.12200445208194,2715342.0,sample,2026-09-24 19:05:19.564596+00:00
TSLA,2025-02-10 13:30:00+00:00,204.88293149852146,206.05047490143653,204.45585630317836,204.80240684851353,204.80240684851353,4605067.0,sample,2026-09-24 19:05:19.564596+00:00
TSLA,2025-02-10 14:30:00+00:00,204.45373526408184,207.2775202859288,202.33481071814813,205.88682600583365,205.88682600583365,14990488.0,sample,2026-09-24 19:05:19.564596+00:00
TSLA,2025-02-10 15:30:00+00:00,205.96652688088415,207.88659566144875,203.7138058816186,206.25942927596975,206.25942927596975,12005760.0,sample,2026-09-24 19:05:19.564596+00:00
TSLA,2025-02-10 16:30:00+00:00,206.71856963011967,209.19059327979815,204.33373668265156,205.86670588126114,205.86670588126114,3782140.0,sample,2026-09-24 19:05:19.564596+00:00
TSLA,2025-02-10 17:30:00+00:00,205.62287515736236,208.1949885981028,204.3972788282429,205.81849215317877,205.81849215317877,11192446.0,sample,2026-09-24 19:05:19.564596+00:00
TSLA,2025-02-10 18:30:00+00:00,206.28201667624526,208.35866897013716,203.48120761766256,204.9232844101189,204.9232844101189,12783822.0,sample,2026-09-24 19:05:19.564596+00:00
TSLA,2025-02-10 19:30:00+00:00,204.73173239338556,205.61508340634862,202.32067627723904,204.70541724079885,204.70541724079885,14020668.0,sample,2026-09-24 19:05:19.564596+00:00
TSLA,2025-02-10 20:30:00+00:00,204.59378179775806,205.2811680225539,204.00071732082708,204.95840070579501,204.95840070579501,5626772.0,sample,2026-09-24 19:05:19.564596+00:00
TSLA,2025-02-10 21:30:00+00:00,204.73224668199816,206.76605768632305,202.77127481080836,203.69120835566252,203.69120835566252,9399073.0,sample,2026-09-24 19:05:19.564596+00:00
TSLA,2025-02-10 22:30:00+00:00,204.05542904709415,206.469844117715,200.35886551887836,202.55838100771453,202.55838100771453,5835878.0,sample,2026-09-24 19:05:19.564596+00:00
TSLA,2025-02-10 23:30:00+00:00,202.87736513832667,203.97538659251796,198.92982984461582,201.18912426497252,201.18912426497252,4018864.0,sample,2026-09-24 19:05:19.564596+00:00
TSLA,2025-02-11 00:30:00+00:00,200.08692814637854,203.9390858369825,198.81636694874743,202.44360262211802,202.44360262211802,5298765.0,sample,2026-09-24 19:05:19.564596+00:00
TSLA,2025-02-11 01:30:00+00:00,202.3796478704686,202.73454151333834,201.1755636146901,202.00310817228112,202.00310817228112,17864278.0,sample,2026-09-24 19:05:19.564596+00:00
TSLA,2025-02-11 02:30:00+00:00,202.09774350431096,205.72821162704238,201.20240966708263,203.6058518834143,203.6058518834143,7903159.0,sample,2026-09-24 19:05:19.564596+00:00
TSLA,2025-02-11 03:30:00+00:00,203.19632791439443,206.6218537962502,201.69372977338992,205.21887165883047,205.21887165883047,11297774.0,sample,2026-09-24 19:05:19.564596+00:00
TSLA,2025-02-11 04:30:00+00:00,205.04754152986536,206.30385111607333,204.4366097632994,205.73949467578302,205.73949467578302,10551317.0,sample,2026-09-24 19:05:19.564596+00:00
TSLA,2025-02-11 05:30:00+00:00,205.52121675098704,206.62741270725428,202.31423138614716,204.7087433186073,204.7087433186073,17759409.0,sample,2026-09-24 19:05:19.564596+00:00
TSLA,2025-02-11 06:30:00+00:00,204.23892693861995,206.91120968270513,203.8976977387888,204.5471831088983,204.5471831088983,6150380.0,sample,2026-09-24 19:05:19.564596+00:00
TSLA,2025-02-11 07:30:00+00:00,204.11158238202282,205.35993054688547,201.75994957494328,204.0630779914264,204.0630779914264,10536873.0,sample,2026-09-24 19:05:19.564596+00:00
TSLA,2025-02-11 08:30:00+00:00,203.60091216582185,206.88764843034323,202.8463375428686,204.62824114803914,204.62824114803914,14245824.0,sample,2026-09-24 19:05:19.564596+00:00
TSLA,2025-02-11 09:30:00+00:00,204.18042402517494,206.93871805293847,202.961399481884,205.74643301822803,205.74643301822803,5286754.0,sample,2026-09-24 19:05:19.564596+00:00
TSLA,2025-02-11 10:30:00+00:00,206.0169433016487,208.55450102255074,204.81313949433826,206.24969999040007,206.24969999040007,11378256.0,sample,2026-09-24 19:05:19.564596+00:00
TSLA,2025-02-11 11:30:00+00:00,206.59922034887362,208.42558122992878,203.97093049877867,206.25006628112973,206.25006628112973,13338593.0,sample,2026-09-24 19:05:19.564596+00:00
TSLA,2025-02-11 12:30:00+00:00,206.2515083913961,208.70606348914072,204.38508560842402,206.3105928231062,206.3105928231062,1923224.0,sample,2026-09-24 19:05:19.564596+00:00
TSLA,2025-02-11 13:30:00+00:00,206.48576051213362,208.69899478789597,203.11910175978088,204.89873818624685,204.89873818624685,5352582.0,sample,2026-09-24 19:05:19.564596+00:00
TSLA,2025-02-11 14:30:00+00:00,204.70326766702456,205.41410657015825,203.17215991655806,204.63514442749593,204.63514442749593,14798831.0,sample,2026-09-24 19:05:19.564596+00:00
TSLA,2025-02-11 15:30:00+00:00,203.93778360005712,206.40241702282617,202.17168963644525,204.1890538149443,204.1890538149443,9550934.0,sample,2026-09-24 19:05:19.564596+00:00
TSLA,2025-02-11 16:30:00+00:00,203.53245622167304,205.0727067762046,201.46125091435246,203.50971543965713,203.50971543965713,12299007.0,sample,2026-09-24 19:05:19.564596+00:00
TSLA,2025-02-11 17:30:00+00:00,203.62820295524926,206.03988154012848,201.23352502325167,204.8138352372932,204.8138352372932,14452852.0,sample,2026-09-24 19:05:19.564596+00:00
TSLA,2025-02-11 18:30:00+00:00,205.0116854793024,207.3381450039831,203.49162811854848,204.87919314266375,204.87919314266375,16766454.0,sample,2026-09-24 19:05:19.564596+00:00
TSLA,2025-02-11 19:30:00+00:00,204.84523711363204,206.4482451870477,202.5475335435642,204.55472627135603,204.55472627135603,14614537.0,sample,2026-09-24 19:05:19.564596+00:00
TSLA,2025-02-11 20:30:00+00:00,205.3419665007978,208.63547664463837,203.97302716762826,206.261135423267,206.261135423267,9630017.0,sample,2026-09-24 19:05:19.564596+00:00
TSLA,2025-02-11 21:30:00+00:00,206.14030983641263,209.91988051704064,205.61423985285293,207.7000936831345,207.7000936831345,9419285.0,sample,2026-09-24 19:05:19.564596+00:00
TSLA,2025-02-11 22:30:00+00:00,207.4653844365768,212.4291593376158,207.14153797329365,210.0480974326263,210.0480974326263,5352265.0,sample,2026-09-24 19:05:19.564596+00:00
TSLA,2025-02-11 23:30:00+00:00,210.77197961781528,212.63525215348488,210.38700783647894,211.76235003667364,211.76235003667364,2800161.0,sample,2026-09-24 19:05:19.564596+00:00
TSLA,2025-02-12 00:30:00+00:00,211.19657936218468,212.06212736428913,207.70665155363145,210.10425770758278,210.10425770758278,17485358.0,sample,2026-09-24 19:05:19.564596+00:00
TSLA,2025-02-12 01:30:00+00:00,210.11239169648468,212.5628563965561,209.66364955214416,209.98243184609794,209.98243184609794,13037472.0,sample,2026-09-24 19:05:19.564596+00:00
TSLA,2025-02-12 02:30:00+00:00,209.66508677586492,211.23798392677418,208.90107333460116,210.13337145713174,210.13337145713174,12247397.0,sample,2026-09-24 19:05:19.564596+00:00
TSLA,2025-02-12 03:30:00+00:00,210.2579527655874,212.65182485981566,208.2139010555607,209.2461271222306,209.2461271222306,13126085.0,sample,2026-09-24 19:05:19.564596+00:00
TSLA,2025-02-12 04:30:00+00:00,208.85691208344497,212.96353554178023,206.65547558615492,210.82546812153652,210.82546812153652,7542741.0,sample,2026-09-24 19:05:19.564596+00:00
TSLA,2025-02-12 05:30:00+00:00,210.64071480111673,212.3890376088174,209.79376258152038,210.7703123824963,210.7703123824963,6994959.0,sample,2026-09-24 19:05:19.564596+00:00
TSLA,2025-02-12 06:30:00+00:00,210.50299148531963,212.1507486047731,209.75120737240331,210.3953793795418,210.3953793795418,9310031.0,sample,2026-09-24 19:05:19.564596+00:00
TSLA,2025-02-12 07:30:00+00:00,210.55985198942076,212.36263098030537,207.88703197990915,209.81063776580925,209.81063776580925,17153747.0,sample,2026-09-24 19:05:19.564596+00:00
TSLA,2025-02-12 08:30:00+00:00,210.12488633394963,212.2814750236285,207.5834253826173,209.04750335521936,209.04750335521936,9618732.0,sample,2026-09-24 19:05:19.564596+00:00
TSLA,2025-02-12 09:30:00+00:00,208.54110095497347,210.0638030620622,206.1461349332377,209.20505896246675,209.20505896246675,16308356.0,sample,2026-09-24 19:05:19.564596+00:00
TSLA,2025-02-12 10:30:00+00:00,209.4130584993357,210.28017839476038,207.45075772637023,209.70079756856376,209.70079756856376,13517934.0,sample,2026-09-24 19:05:19.564596+00:00
TSLA,2025-02-12 11:30:00+00:00,209.5834855388617,211.4517688503556,207.95666770910694,208.95651068375938,208.95651068375938,7058611.0,sample,2026-09-24 19:05:19.564596+00:00
TSLA,2025-02-12 12:30:00+00:00,208.64013649376605,209.63153806155128,206.33651290685845,208.7873542366578,208.7873542366578,13173020.0,sample,2026-09-24 19:05:19.564596+00:00
TSLA,2025-02-12 13:30:00+00:00,209.31737199341114,210.0410434641837,207.51449994236512,209.52270370861797,209.52270370861797,16636781.0,sample,2026-09-24 19:05:19.564596+00:00
TSLA,2025-02-12 14:30:00+00:00,209.93550202414505,211.27831434628132,207.06902755830689,208.82853296130054,208.82853296130054,11920358.0,sample,2026-09-24 19:05:19.564596+00:00
TSLA,2025-02-12 15:30:00+00:00,209.23836313392636,209.47206744254257,206.91503342694512,208.17768229434375,208.17768229434375,9336727.0,sample,2026-09-24 19:05:19.564596+00:00
TSLA,2025-02-12 16:30:00+00:00,208.22384354346588,211.25068551334476,207.7229666323191,209.13670956898792,209.13670956898792,16035576.0,sample,2026-09-24 19:05:19.564596+00:00
TSLA,2025-02-12 17:30:00+00:00,208.8279121674493,209.58838646219147,207.0825214136852,208.6226936580021,208.6226936580021,3718306.0,sample,2026-09-24 19:05:19.564596+00:00
TSLA,2025-02-12 18:30:00+00:00,208.83866490260016,210.23643107493606,205.5452139599324,207.20527648767185,207.20527648767185,15097283.0,sample,2026-09-24 19:05:19.564596+00:00
TSLA,2025-02-12 19:30:00+00:00,207.13381154059763,209.23096429453412,206.9230693290349,207.50242353657453,207.50242353657453,13013342.0,sample,2026-09-24 19:05:19.564596+00:00
TSLA,2025-02-12 20:30:00+00:00,208.4267750607661,210.8755268532282,205.75200011754373,207.09356425678405,207.09356425678405,1918283.0,sample,2026-09-24 19:05:19.564596+00:00
TSLA,2025-02-12 21:30:00+00:00,206.6987274192274,209.03850887637702,204.29651422539087,208.71764541349913,208.71764541349913,4835519.0,sample,2026-09-24 19:05:19.564596+00:00
TSLA,2025-02-12 22:30:00+00:00,209.14167686763273,211.030455730116,205.38657585435192,207.6936080880279,207.6936080880279,9969162.0,sample,2026-09-24 19:05:19.564596+00:00
TSLA,2025-02-12 23:30:00+00:00,208.24910158011969,210.7910791000151,207.30500950272213,208.73099206218257,208.73099206218257,10473190.0,sample,2026-09-24 19:05:19.564596+00:00
TSLA,2025-02-13 00:30:00+00:00,208.55756460737834,210.35184250413994,206.36801788187594,208.1807610701945,208.1807610701945,5783450.0,sample,2026-09-24 19:05:19.564596+00:00
TSLA,2025-02-13 01:30:00+00:00,207.8597518022858,208.82532543193454,205.84981400459966,207.66655804763073,207.66655804763073,15291143.0,sample,2026-09-24 19:05:19.564596+00:00
TSLA,2025-02-13 02:30:00+00:00,207.7604401471258,208.69348029092242,206.90858269730913,208.1353612235685,208.1353612235685,17355059.0,sample,2026-09-24 19:05:19.564596+00:00
TSLA,2025-02-13 03:30:00+00:00,208.15475302759086,209.84891828222973,206.03736326738363,208.39205619010707,208.39205619010707,1603274.0,sample,2026-09-24 19:05:19.564596+00:00
TSLA,2025-02-13 04:30:00+00:00,208.0675531063227,210.50445548002278,205.9485595775699,208.16115371560844,208.16115371560844,14748774.0,sample,2026-09-24 19:05:19.564596+00:00
TSLA,2025-02-13 05:30:00+00:00,207.79068189806662,210.15363649787065,206.60956443589495,209.24016485792154,209.24016485792154,6199761.0,sample,2026-09-24 19:05:19.564596+00:00
TSLA,2025-02-13 06:30:00+00:00,208.63936327855438,208.90112223992952,205.7517143938845,208.11505726314783,208.11505726314783,2583567.0,sample,2026-09-24 19:05:19.564596+00:00
TSLA,2025-02-13 07:30:00+00:00,208.41135381816727,210.86254837511075,206.29188784201065,208.82100047429637,208.82100047429637,4334008.0,sample,2026-09-24 19:05:19.564596+00:00
TSLA,2025-02-13 08:30:00+00:00,208.72937179063558,210.27385185271407,207.49673264781842,207.90856032348862,207.90856032348862,8995859.0,sample,2026-09-24 19:05:19.564596+00:00
TSLA,2025-02-13 09:30:00+00:00,208.013610124775,208.86653863005287,205.0064444734181,206.68901182734336,206.68901182734336,7589074.0,sample,2026-09-24 19:05:19.564596+00:00
TSLA,2025-02-13 10:30:00+00:00,206.8045771515276,208.8798001174851,206.3014029088559,208.20267845863677,208.20267845863677,15928039.0,sample,2026-09-24 19:05:19.564596+00:00
TSLA,2025-02-13 11:30:00+00:00,208.93714259220766,209.76915774469123,206.88001995847173,208.95464407872538,208.95464407872538,7848110.0,sample,2026-09-24 19:05:19.564596+00:00
TSLA,2025-02-13 12:30:00+00:00,208.94331425922994,211.12921659993017,206.40459387806288,208.37420129905098,208.37420129905098,11060592.0,sample,2026-09-24 19:05:19.564596+00:00
TSLA,2025-02-13 13:30:00+00:00,208.14542037215634,208.44617197602253,206.51252509409977,207.56719214797693,207.56719214797693,16475847.0,sample,2026-09-24 19:05:19.564596+00:00
TSLA,2025-02-13 14:30:00+00:00,207.58786174798036,209.77837822076265,205.65108077233393,206.98063395555639,206.98063395555639,8263357.0,sample,2026-09-24 19:05:19.564596+00:00
TSLA,2025-02-13 15:30:00+00:00,206.6023559796572,209.19588701535378,206.39276394980848,207.01685208635803,207.01685208635803,1681969.0,sample,2026-09-24 19:05:19.564596+00:00
TSLA,2025-02-13 16:30:00+00:00,207.2393255956114,209.6519606245689,204.99230140585163,208.94659885886497,208.94659885886497,11715439.0,sample,2026-09-24 19:05:19.564596+00:00
TSLA,2025-02-13 17:30:00+00:00,208.62694531487418,210.6611342297776,207.97325211637124,208.90338892712927,208.90338892712927,9962665.0,sample,2026-09-24 19:05:19.564596+00:00
TSLA,2025-02-13 18:30:00+00:00,209.04606219542242,209.79810148655926,205.94634324745124,207.9761274420828,207.9761274420828,4664228.0,sample,2026-09-24 19:05:19.564596+00:00
TSLA,2025-02-13 19:30:00+00:00,207.6136737717885,210.1609302973926,205.87932081819446,208.75902737888137,208.75902737888137,4690331.0,sample,2026-09-24 19:05:19.564596+00:00
TSLA,2025-02-13 20:30:00+00:00,208.14203945094886,211.22293245896023,207.30164177523957,209.0993229942679,209.0993229942679,10737021.0,sample,2026-09-24 19:05:19.564596+00:00
TSLA,2025-02-13 21:30:00+00:00,208.3633404967111,209.5001230172889,206.7831936332826,208.77847133949416,208.77847133949416,10940239.0,sample,2026-09-24 19:05:19.564596+00:00
TSLA,2025-02-13 22:30:00+00:00,208.81092000622007,210.55545632677033,205.94623467495347,207.5554671936928,207.5554671936928,6359218.0,sample,2026-09-24 19:05:19.564596+00:00
TSLA,2025-02-13 23:30:00+00:00,207.88442396075982,209.83491625414467,205.69746804737323,207.13241931515913,207.13241931515913,10520556.0,sample,2026-09-24 19:05:19.564596+00:00
TSLA,2025-02-14 00:30:00+00:00,207.05664014393085,209.5843117612794,205.51138998092912,207.24007098075563,207.24007098075563,12809886.0,sample,2026-09-24 19:05:19.564596+00:00
TSLA,2025-02-14 01:30:00+00:00,207.10637304997073,208.48215025682808,204.69409760712972,206.74375026835074,206.74375026835074,12036777.0,sample,2026-09-24 19:05:19.564596+00:00
TSLA,2025-02-14 02:30:00+00:00,207.059166296744,207.2804232474031,203.96597439528608,206.14614320546156,206.14614320546156,14279931.0,sample,2026-09-24 19:05:19.564596+00:00
TSLA,2025-02-14 03:30:00+00:00,206.27953698379596,207.3058199350794,203.9653881765936,206.19920092928263,206.19920092928263,12973168.0,sample,2026-09-24 19:05:19.564596+00:00
TSLA,2025-02-14 04:30:00+00:00,206.1903945443476,206.41895843433886,205.56847772481433,205.84690664381193,205.84690664381193,7230514.0,sample,2026-09-24 19:05:19.564596+00:00
TSLA,2025-02-14 05:30:00+00:00,206.3576286321487,207.45547106497014,204.27801421526596,206.34965421652507,206.34965421652507,12202584.0,sample,2026-09-24 19:05:19.564596+00:00
TSLA,2025-02-14 06:30:00+00:00,206.0230501411112,208.8551651954997,204.39105972850126,206.47441935417467,206.47441935417467,3520878.0,sample,2026-09-24 19:05:19.564596+00:00
TSLA,2025-02-14 07:30:00+00:00,206.11304804755076,208.2776832900571,204.060392319173,207.2752825168366,207.2752825168366,10601454.0,sample,2026-09-24 19:05:19.564596+00:00
TSLA,2025-02-14 08:30:00+00:00,207.37272698066127,209.0023057426569,205.27938148807212,207.58363215371287,207.58363215371287,2029688.0,sample,2026-09-24 19:05:19.564596+00:00
TSLA,2025-02-14 09:30:00+00:00,207.76548584774224,211.00692825676646,207.14113628533713,209.16565516110578,209.16565516110578,17872363.0,sample,2026-09-24 19:05:19.564596+00:00
TSLA,2025-02-14 10:30:00+00:00,209.11241617409632,211.16399050450823,207.6988788387069,209.27872440417366,209.27872440417366,14501588.0,sample,2026-09-24 19:05:19.564596+00:00
TSLA,2025-02-14 11:30:00+00:00,208.79827134787638,211.56593506021508,207.55675430128704,209.818912045426,209.818912045426,11992422.0,sample,2026-09-24 19:05:19.564596+00:00
TSLA,2025-02-14 12:30:00+00:00,209.82909545033215,211.90485334087714,209.4538671376385,209.78292641716692,209.78292641716692,13858158.0,sample,2026-09-24 19:05:19.564596+00:00
TSLA,2025-02-14 13:30:00+00:00,209.7325891478645,211.073741051271,208.73808684050763,210.79993377466297,210.79993377466297,5055967.0,sample,2026-09-24 19:05:19.564596+00:00
TSLA,2025-02-14 14:30:00+00:00,211.4416005814213,212.45809346812973,209.69213630078934,210.44989353259956,210.44989353259956,4254362.0,sample,2026-09-24 19:05:19.564596+00:00
TSLA,2025-02-14 15:30:00+00:00,210.54242054049115,212.0030270895617,209.06996264493435,210.22466551428684,210.22466551428684,2615723.0,sample,2026-09-24 19:05:19.564596+00:00
TSLA,2025-02-14 16:30:00+00:00,210.1088450751321,212.8607847094467,207.841599616343,212.0080386419943,212.0080386419943,2204028.0,sample,2026-09-24 19:05:19.564596+00:00
TSLA,2025-02-14 17:30:00+00:00,212.02433722475004,214.88114633324733,210.56319565784588,212.72323594632567,212.72323594632567,15516005.0,sample,2026-09-24 19:05:19.564596+00:00
TSLA,2025-02-14 18:30:00+00:00,212.78234149021824,214.09736229604638,210.92961877377763,213.12707771413085,213.12707771413085,8738828.0,sample,2026-09-24 19:05:19.564596+00:00
TSLA,2025-02-14 19:30:00+00:00,212.93595804311775,214.37353479321288,212.6732937779431,213.58117000731215,213.58117000731215,6926218.0,sample,2026-09-24 19:05:19.564596+00:00
TSLA,2025-02-14 20:30:00+00:00,213.9451385734937,215.86867050971009,211.4286785381653,214.1821656250872,214.1821656250872,12541344.0,sample,2026-09-24 19:05:19.564596+00:00
TSLA,2025-02-14 21:30:00+00:00,214.68839499926057,216.75263270355296,212.75967121889897,214.79467580286064,214.79467580286064,8938546.0,sample,2026-09-24 19:05:19.564596+00:00
TSLA,2025-02-14 22:30:00+00:00,214.3739366823613,215.95361909234992,212.1446958863551,213.95137439224396,213.95137439224396,8731677.0,sample,2026-09-24 19:05:19.564596+00:00
TSLA,2025-02-14 23:30:00+00:00,213.5452112588853,214.58988440298666,212.19033182648073,213.1742903422454,213.1742903422454,4507294.0,sample,2026-09-24 19:05:19.564596+00:00
TSLA,2025-02-15 00:30:00+00:00,212.93016390974267,215.37331987727003,211.83026501643707,212.53120148061888,212.53120148061888,7153288.0,sample,2026-09-24 19:05:19.564596+00:00
TSLA,2025-02-15 01:30:00+00:00,212.56555303416206,212.92695352401807,210.16942444754997,210.73955746160038,210.73955746160038,12000055.0,sample,2026-09-24 19:05:19.564596+00:00
TSLA,2025-02-15 02:30:00+00:00,211.22756160908892,212.31001881334925,209.7283283314122,211.51725558641496,211.51725558641496,1818887.0,sample,2026-09-24 19:05:19.564596+00:00
TSLA,2025-02-15 03:30:00+00:00,211.15294568809557,213.03124791416258,210.05180006972842,211.57120743253387,211.57120743253387,10006724.0,sample,2026-09-24 19:05:19.564596+00:00
TSLA,2025-02-15 04:30:00+00:00,211.59817159681654,214.97460810781305,211.29644012463967,212.49683736769612,212.49683736769612,17411352.0,sample,2026-09-24 19:05:19.564596+00:00
TSLA,2025-02-15 05:30:00+00:00,212.5079433086266,215.00762643082956,209.66880930313474,211.95697261314217,211.95697261314217,4476870.0,sample,2026-09-24 19:05:19.564596+00:00
TSLA,2025-02-15 06:30:00+00:00,212.45214420110577,214.14468501828023,210.23928134342333,211.38186736099107,211.38186736099107,6292858.0,sample,2026-09-24 19:05:19.564596+00:00
TSLA,2025-02-15 07:30:00+00:00,212.08560430941364,213.73213815634392,208.65474392287624,210.98713730153654,210.98713730153654,6054278.0,sample,2026-09-24 19:05:19.564596+00:00
TSLA,2025-02-15 08:30:00+00:00,211.37905476302484,212.08063944503104,209.26311643415144,211.06430596269968,211.06430596269968,6772125.0,sample,2026-09-24 19:05:19.564596+00:00
TSLA,2025-02-15 09:30:00+00:00,210.63048143902975,213.513912791143,210.1164123117715,211.4017759777325,211.4017759777325,8583111.0,sample,2026-09-24 19:05:19.564596+00:00
TSLA,2025-02-15 10:30:00+00:00,210.87558646050815,212.19289340375295,209.2224100354866,211.43192093653295,211.43192093653295,16530377.0,sample,2026-09-24 19:05:19.564596+00:00
TSLA,2025-02-15 11:30:00+00:00,211.05588962329296,212.42752074704205,210.76760662078283,211.52506468086983,211.52506468086983,8333841.0,sample,2026-09-24 19:05:19.564596+00:00
TSLA,2025-02-15 12:30:00+00:00,211.0030632356898,212.04637103119623,209.52490827188427,211.2291276498875,211.2291276498875,3083142.0,sample,2026-09-24 19:05:19.564596+00:00
TSLA,2025-02-15 13:30:00+00:00,211.2286646354902,212.9994697842228,210.3668416485401,211.527619279974,211.527619279974,4403277.0,sample,2026-09-24 19:05:19.564596+00:00
TSLA,2025-02-15 14:30:00+00:00,211.8722790372402,212.53800388192772,210.41945120019955,211.6165557650602,211.6165557650602,8812147.0,sample,2026-09-24 19:05:19.564596+00:00
TSLA,2025-02-15 15:30:00+00:00,211.15528281786803,212.39742563482892,209.2654515230515,210.86109322782934,210.86109322782934,8830950.0,sample,2026-09-24 19:05:19.564596+00:00
TSLA,2025-02-15 16:30:00+00:00,210.68205435391113,213.725290156084,209.93144508434463,212.4053135963776,212.4053135963776,15989928.0,sample,2026-09-24 19:05:19.564596+00:00
TSLA,2025-02-15 17:30:00+00:00,212.0379333979601,213.18693695869172,211.46781825505286,212.0647545379309,212.0647545379309,1615884.0,sample,2026-09-24 19:05:19.564596+00:00
TSLA,2025-02-15 18:30:00+00:00,211.8407049123594,215.91249062625744,210.15226928780277,213.47734884483182,213.47734884483182,1677572.0,sample,2026-09-24 19:05:19.564596+00:00
TSLA,2025-02-15 19:30:00+00:00,214.00052879997125,215.61851972044798,211.85102652271328,213.9258121178919,213.9258121178919,7866977.0,sample,2026-09-24 19:05:19.564596+00:00
TSLA,2025-02-15 20:30:00+00:00,214.2611915232272,215.21771230164597,213.363172153748,213.9392743478299,213.9392743478299,14277111.0,sample,2026-09-24 19:05:19.564596+00:00
TSLA,2025-02-15 21:30:00+00:00,214.02451611146805,215.64687790849783,212.91371416457534,213.8587774944769,213.8587774944769,4673959.0,sample,2026-09-24 19:05:19.564596+00:00
TSLA,2025-02-15 22:30:00+00:00,214.23095544627117,216.5264155381362,212.99977628897963,213.86563579420408,213.86563579420408,3127025.0,sample,2026-09-24 19:05:19.564596+00:00
TSLA,2025-02-15 23:30:00+00:00,214.26319794414655,215.82692565581968,211.0038259440936,213.31542996889937,213.31542996889937,10994599.0,sample,2026-09-24 19:05:19.564596+00:00
TSLA,2025-02-16 00:30:00+00:00,213.52917091941887,214.8690965087364,211.03828122999954,212.18403393702113,212.18403393702113,5377604.0,sample,2026-09-24 19:05:19.564596+00:00
TSLA,2025-02-16 01:30:00+00:00,211.63580820692528,213.00253073106907,210.58161516267356,211.7485082494479,211.7485082494479,1611497.0,sample,2026-09-24 19:05:19.564596+00:00
TSLA,2025-02-16 02:30:00+00:00,211.2166264548988,212.24338601258287,210.05161579457013,210.66774370869982,210.66774370869982,2093202.0,sample,2026-09-24 19:05:19.564596+00:00
TSLA,2025-02-16 03:30:00+00:00,211.1118630813448,212.5761410127266,209.8443243500263,210.48516171798292,210.48516171798292,2232549.0,sample,2026-09-24 19:05:19.564596+00:00
TSLA,2025-02-16 04:30:00+00:00,210.50781120384633,212.15374708575095,209.96021387815478,210.25988942983065,210.25988942983065,15736888.0,sample,2026-09-24 19:05:19.564596+00:00
TSLA,2025-02-16 05:30:00+00:00,210.01770378279264,212.02072929153414,209.06279598904726,211.50117098235975,211.50117098235975,15285437.0,sample,2026-09-24 19:05:19.564596+00:00
TSLA,2025-02-16 06:30:00+00:00,211.53838398833747,212.29222541295272,209.8983799316438,210.34055374341673,210.34055374341673,8913701.0,sample,2026-09-24 19:05:19.564596+00:00
TSLA,2025-02-16 07:30:00+00:00,210.45513194672975,211.11462628207377,208.12009469122864,210.57536615234284,210.57536615234284,3569264.0,sample,2026-09-24 19:05:19.564596+00:00
TSLA,2025-02-16 08:30:00+00:00,210.47193412066386,211.84757649102474,207.32965730593074,209.74136437249896,209.74136437249896,14420440.0,sample,2026-09-24 19:05:19.564596+00:00
TSLA,2025-02-16 09:30:00+00:00,208.75934473881833,211.78491910203783,207.59628610451728,210.24459317934986,210.24459317934986,11033490.0,sample,2026-09-24 19:05:19.564596+00:00
TSLA,2025-02-16 10:30:00+00:00,210.4867595087342,211.52354195027618,207.81140369043945,210.11196788286455,210.11196788286455,5908820.0,sample,2026-09-24 19:05:19.564596+00:00
TSLA,2025-02-16 11:30:00+00:00,209.1369675842519,211.3945487640048,208.18869728816517,209.56539966057332,209.56539966057332,9873872.0,sample,2026-09-24 19:05:19.564596+00:00
TSLA,2025-02-16 12:30:00+00:00,209.58972762021818,211.26000443109265,207.16102577419366,208.97695025684382,208.97695025684382,7484228.0,sample,2026-09-24 19:05:19.564596+00:00
TSLA,2025-02-16 13:30:00+00:00,209.2801066863391,210.7363436816785,208.05678448972188,209.20594028333872,209.20594028333872,12391625.0,sample,2026-09-24 19:05:19.564596+00:00
TSLA,2025-02-16 14:30:00+00:00,209.1724630761018,210.77942840266098,206.741512948823,209.77427580095426,209.77427580095426,14160523.0,sample,2026-09-24 19:05:19.564596+00:00
TSLA,2025-02-16 15:30:00+00:00,210.00439666821177,211.4703342402161,206.01884002657286,207.80850194485592,207.80850194485592,17377637.0,sample,2026-09-24 19:05:19.564596+00:00
TSLA,2025-02-16 16:30:00+00:00,207.27754457790488,209.44586373702734,206.4637309913682,208.63765616212515,208.63765616212515,2402458.0,sample,2026-09-24 19:05:19.564596+00:00
TSLA,2025-02-16 17:30:00+00:00,208.4160033054454,209.76185810736706,206.99639183152496,208.75340322836638,208.75340322836638,11862821.0,sample,2026-09-24 19:05:19.564596+00:00
TSLA,2025-02-16 18:30:00+00:00,208.6118971256551,210.9729106346487,207.18960722134247,207.81926487453038,207.81926487453038,14422375.0,sample,2026-09-24 19:05:19.564596+00:00
TSLA,2025-02-16 19:30:00+00:00,207.92535236142908,210.04927031097526,206.08326134785332,208.90836251526585,208.90836251526585,12748573.0,sample,2026-09-24 19:05:19.564596+00:00
TSLA,2025-02-16 20:30:00+00:00,209.09422097164077,211.14115507403,205.34028666933102,207.68090066703436,207.68090066703436,10298518.0,sample,2026-09-24 19:05:19.564596+00:00
TSLA,2025-02-16 21:30:00+00:00,207.4402592788537,208.2777658098309,206.38224746466258,207.88056601025693,207.88056601025693,12148243.0,sample,2026-09-24 19:05:19.564596+00:00
TSLA,2025-02-16 22:30:00+00:00,207.788627044682,209.42373183966603,206.941514068082,208.94035761484665,208.94035761484665,10760359.0,sample,2026-09-24 19:05:19.564596+00:00
TSLA,2025-02-16 23:30:00+00:00,208.1172695457882,210.01478749391603,206.7188881169589,208.31217089276805,208.31217089276805,9882036.0,sample,2026-09-24 19:05:19.564596+00:00
TSLA,2025-02-17 00:30:00+00:00,208.77117033014935,211.40796312413352,206.99342541677856,209.50552846301628,209.50552846301628,15626773.0,sample,2026-09-24 19:05:19.564596+00:00
TSLA,2025-02-17 01:30:00+00:00,209.0005165033783,210.59386868738252,207.57851669871604,208.24638686445294,208.24638686445294,9088412.0,sample,2026-09-24 19:05:19.564596+00:00
TSLA,2025-02-17 02:30:00+00:00,207.89965184997078,208.25572994400608,206.23733959162544,207.07480069071954,207.07480069071954,9028960.0,sample,2026-09-24 19:05:19.564596+00:00
TSLA,2025-02-17 03:30:00+00:00,207.80664064355372,209.93740755478592,206.33534802676533,207.06584272395295,207.06584272395295,5935806.0,sample,2026-09-24 19:05:19.564596+00:00
TSLA,2025-02-17 04:30:00+00:00,207.08749976837598,208.5527493389503,205.00736694756446,207.1465722045379,207.1465722045379,1896655.0,sample,2026-09-24 19:05:19.564596+00:00
TSLA,2025-02-17 05:30:00+00:00,206.80978306117967,209.1706770764902,206.55816867114854,207.87869262907387,207.87869262907387,4596471.0,sample,2026-09-24 19:05:19.564596+00:00
TSLA,2025-02-17 06:30:00+00:00,207.82701804871255,210.76045456348058,206.27066606778405,208.2768159679297,208.2768159679297,10934106.0,sample,2026-09-24 19:05:19.564596+00:00
TSLA,2025-02-17 07:30:00+00:00,208.60346042722395,210.4238230774636,205.84650519781627,208.3124751010554,208.3124751010554,13441609.0,sample,2026-09-24 19:05:19.564596+00:00
TSLA,2025-02-17 08:30:00+00:00,207.99265722397246,209.45353627054138,205.26290757026692,207.3776875508749,207.3776875508749,1647982.0,sample,2026-09-24 19:05:19.564596+00:00
TSLA,2025-02-17 09:30:00+00:00,207.16021474636926,207.90144084994142,206.511819701135,207.01798538686592,207.01798538686592,10597492.0,sample,2026-09-24 19:05:19.564596+00:00
