symbol,timestamp,open,high,low,close,adj_close,volume,source,ingestion_time
TSLA,2025-01-02 14:30:00+00:00,179.99170154260435,181.6166052542751,179.68583961338302,180.18656830817653,180.18656830817653,15650427.0,sample,2026-09-24 19:05:19.565601+00:00
TSLA,2025-01-02 14:45:00+00:00,180.2115763841977,181.65801077865817,178.1671445036679,180.3444889807137,180.3444889807137,10335596.0,sample,2026-09-24 19:05:19.565601+00:00
TSLA,2025-01-02 15:00:00+00:00,179.9623849332043,181.46130959206454,179.39931914392824,180.88581538127195,180.88581538127195,6060872.0,sample,2026-09-24 19:05:19.565601+00:00
TSLA,2025-01-02 15:15:00+00:00,180.50003230214287,181.86416331356259,178.9641213425602,180.72947744787322,180.72947744787322,5609872.0,sample,2026-09-24 19:05:19.565601+00:00
TSLA,2025-01-02 15:30:00+00:00,180.38802887488993,181.96356714247295,179.02909337877364,180.11453292094805,180.11453292094805,7867420.0,sample,2026-09-24 19:05:19.565601+00:00
TSLA,2025-01-02 15:45:00+00:00,180.72974110510208,182.10999101709228,178.60745637553273,179.89196132191435,179.89196132191435,5649657.0,sample,2026-09-24 19:05:19.565601+00:00
TSLA,2025-01-02 16:00:00+00:00,179.41127237922046,180.5510353861555,178.19743341021035,179.931315493624,179.931315493624,5545184.0,sample,2026-09-24 19:05:19.565601+00:00
TSLA,2025-01-02 16:15:00+00:00,180.1566983880698,180.42706959134674,178.87819840921568,180.06681035707823,180.06681035707823,15927424.0,sample,2026-09-24 19:05:19.565601+00:00
TSLA,2025-01-02 16:30:00+00:00,180.55389403977767,181.7015621652831,178.34085905342639,179.93484673016056,179.93484673016056,3439600.0,sample,2026-09-24 19:05:19.565601+00:00
TSLA,2025-01-02 16:45:00+00:00,179.4336459648986,182.68964632400676,177.60585208871748,180.53049018189074,180.53049018189074,13378240.0,sample,2026-09-24 19:05:19.565601+00:00
TSLA,2025-01-02 17:00:00+00:00,181.28584589556277,183.41058057774933,180.56690341302323,181.65708688378967,181.65708688378967,2155489.0,sample,2026-09-24 19:05:19.565601+00:00
TSLA,2025-01-02 17:15:00+00:00,181.79093285557852,183.48330309762824,181.15613612870084,182.39361115642347,182.39361115642347,5189607.0,sample,2026-09-24 19:05:19.565601+00:00
TSLA,2025-01-02 17:30:00+00:00,182.27309452906118,183.1556236353286,180.02233083598418,182.1741877942989,182.1741877942989,17206078.0,sample,2026-09-24 19:05:19.565601+00:00
TSLA,2025-01-02 17:45:00+00:00,182.46350364227322,183.79405494896676,180.20519532040788,182.237037102071,182.237037102071,2663699.0,sample,2026-09-24 19:05:19.565601+00:00
TSLA,2025-01-02 18:00:00+00:00,182.50613193837006,182.7759857155878,181.36124307771635,182.50497004521196,182.50497004521196,17998845.0,sample,2026-09-24 19:05:19.565601+00:00
TSLA,2025-01-02 18:15:00+00:00,182.69145463784687,184.22838136377007,182.50232934867958,182.69566375320287,182.69566375320287,12032545.0,sample,2026-09-24 19:05:19.565601+00:00
TSLA,2025-01-02 18:30:00+00:00,182.5086983101917,184.1051817775096,180.076343732916,181.93444795166036,181.93444795166036,6373639.0,sample,2026-09-24 19:05:19.565601+00:00
TSLA,2025-01-02 18:45:00+00:00,181.80546421767207,183.80589962285316,180.21472407591114,180.8942269476976,180.8942269476976,9013093.0,sample,2026-09-24 19:05:19.565601+00:00
TSLA,2025-01-02 19:00:00+00:00,181.379959406179,182.29666535095453,179.8183204367674,180.97343758570977,180.97343758570977,6182060.0,sample,2026-09-24 19:05:19.565601+00:00
TSLA,2025-01-02 19:15:00+00:00,180.84981490801894,183.5542782012782,180.40591562382605,182.04622942195206,182.04622942195206,1878611.0,sample,2026-09-24 19:05:19.565601+00:00
TSLA,2025-01-02 19:30:00+00:00,182.28809824241768,183.90817987945482,181.9574011943335,182.2578018504606,182.2578018504606,7912236.0,sample,2026-09-24 19:05:19.565601+00:00
TSLA,2025-01-02 19:45:00+00:00,181.40929448830727,183.09564695462785,179.71619693026378,182.90012596929253,182.90012596929253,12923548.0,sample,2026-09-24 19:05:19.565601+00:00
TSLA,2025-01-02 20:00:00+00:00,182.70504913110344,185.23941952914348,181.7922336907185,183.0588069560392,183.0588069560392,1827483.0,sample,2026-09-24 19:05:19.565601+00:00
TSLA,2025-01-02 20:15:00+00:00,183.22524903876518,185.31395812363286,182.29037942688876,183.14805942555748,183.14805942555748,12299610.0,sample,2026-09-24 19:05:19.565601+00:00
TSLA,2025-01-02 20:30:00+00:00,183.49311085333363,184.9848773783619,180.65256788444978,182.43791625178451,182.43791625178451,3666490.0,sample,2026-09-24 19:05:19.565601+00:00
TSLA,2025-01-02 20:45:00+00:00,182.67107835812243,184.1825276631345,180.72110699434947,183.40112093936895,183.40112093936895,13851615.0,sample,2026-09-24 19:05:19.565601+00:00
TSLA,2025-01-02 21:00:00+00:00,183.66887183285652,185.39112404162128,181.49171774569274,182.83394901962913,182.83394901962913,13482626.0,sample,2026-09-24 19:05:19.565601+00:00
TSLA,2025-01-02 21:15:00+00:00,182.96129589566186,184.25493330176639,181.82488028141805,183.11754695424045,183.11754695424045,15886475.0,sample,2026-09-24 19:05:19.565601+00:00
TSLA,2025-01-02 21:30:00+00:00,183.03595564651272,185.1773146900786,181.35383903637108,183.25148457340742,183.25148457340742,12209565.0,sample,2026-09-24 19:05:19.565601+00:00
TSLA,2025-01-02 21:45:00+00:00,182.93469400972216,184.65785524507976,181.46565895665907,182.33732903740824,182.33732903740824,13346479.0,sample,2026-09-24 19:05:19.565601+00:00
TSLA,2025-01-02 22:00:00+00:00,182.7835152229108,183.33125642682407,182.23858877947825,182.68593682177647,182.68593682177647,8859244.0,sample,2026-09-24 19:05:19.565601+00:00
TSLA,2025-01-02 22:15:00+00:00,182.1617450998101,183.01032704890508,181.52855171612893,182.10859100356637,182.10859100356637,15556252.0,sample,2026-09-24 19:05:19.565601+00:00
TSLA,2025-01-02 22:30:00+00:00,182.01569489176472,184.86796143826808,181.56839464894355,183.03221797331685,183.03221797331685,9280164.0,sample,2026-09-24 19:05:19.565601+00:00
TSLA,2025-01-02 22:45:00+00:00,183.0125982252216,185.172801322711,182.66286161853063,183.63417634592756,183.63417634592756,9714965.0,sample,2026-09-24 19:05:19.565601+00:00
TSLA,2025-01-02 23:00:00+00:00,183.2675738087958,184.52554457806377,181.27891627818667,183.4688704389909,183.4688704389909,17245860.0,sample,2026-09-24 19:05:19.565601+00:00
TSLA,2025-01-02 23:15:00+00:00,183.41789265764504,183.85541536335205,182.3395987641499,183.22886528567517,183.22886528567517,12272779.0,sample,2026-09-24 19:05:19.565601+00:00
TSLA,2025-01-02 23:30:00+00:00,183.50418834832112,184.23106104475852,181.54541504920792,183.14748644395826,183.14748644395826,2972852.0,sample,2026-09-24 19:05:19.565601+00:00
TSLA,2025-01-02 23:45:00+00:00,182.86120163848733,184.48177654896213,181.94130929098162,183.6984420955794,183.6984420955794,14199695.0,sample,2026-09-24 19:05:19.565601+00:00
TSLA,2025-01-03 00:00:00+00:00,183.8550154156324,184.57912008895957,182.32023388639436,183.6675716975725,183.6675716975725,1598759.0,sample,2026-09-24 19:05:19.565601+00:00
TSLA,2025-01-03 00:15:00+00:00,183.45193745460932,187.06854199417216,182.9870124457069,185.19885694691664,185.19885694691664,15905446.0,sample,2026-09-24 19:05:19.565601+00:00
TSLA,2025-01-03 00:30:00+00:00,185.21747244581772,186.1056088729991,183.0242681797852,184.27670473162388,184.27670473162388,7689225.0,sample,2026-09-24 19:05:19.565601+00:00
TSLA,2025-01-03 00:45:00+00:00,184.34826346507162,185.83114345910388,183.03835936669802,184.49459658196892,184.49459658196892,13835837.0,sample,2026-09-24 19:05:19.565601+00:00
TSLA,2025-01-03 01:00:00+00:00,184.54058265206095,187.22069960037865,182.9668571495315,186.08506434976604,186.08506434976604,5112938.0,sample,2026-09-24 19:05:19.565601+00:00
TSLA,2025-01-03 01:15:00+00:00,186.37350401038654,188.3811663622362,182.28164008717974,184.48010444068822,184.48010444068822,5058309.0,sample,2026-09-24 19:05:19.565601+00:00
TSLA,2025-01-03 01:30:00+00:00,184.87029500696082,186.0957555576641,183.52373351496317,184.1515714528994,184.1515714528994,8492903.0,sample,2026-09-24 19:05:19.565601+00:00
TSLA,2025-01-03 01:45:00+00:00,184.1144728544042,185.9004935398216,182.12491814985097,184.4778436950617,184.4778436950617,14636021.0,sample,2026-09-24 19:05:19.565601+00:00
TSLA,2025-01-03 02:00:00+00:00,184.4621361538803,186.0335266938636,181.48078365242702,183.17785936152626,183.17785936152626,10702054.0,sample,2026-09-24 19:05:19.565601+00:00
TSLA,2025-01-03 02:15:00+00:00,182.8940945082103,185.4281903981869,181.6929776518124,184.0082385453141,184.0082385453141,14939565.0,sample,2026-09-24 19:05:19.565601+00:00
TSLA,2025-01-03 02:30:00+00:00,184.14505661475224,186.29595682387452,182.03692329667683,182.6144285363889,182.6144285363889,12449171.0,sample,2026-09-24 19:05:19.565601+00:00
TSLA,2025-01-03 02:45:00+00:00,182.73220247705578,183.5874045738905,182.02821317122473,182.68128446631863,182.68128446631863,16679126.0,sample,2026-09-24 19:05:19.565601+00:00
TSLA,2025-01-03 03:00:00+00:00,182.55642698300034,183.4460280693101,181.73833923953254,182.5028973065115,182.5028973065115,17933245.0,sample,2026-09-24 19:05:19.565601+00:00
TSLA,2025-01-03 03:15:00+00:00,181.70022595163934,183.78859430494762,181.44327864743892,181.83386489266957,181.83386489266957,9338373.0,sample,2026-09-24 19:05:19.565601+00:00
TSLA,2025-01-03 03:30:00+00:00,181.8148978496286,185.2447924537408,180.09418281135066,183.65338074863106,183.65338074863106,6101206.0,sample,2026-09-24 19:05:19.565601+00:00
TSLA,2025-01-03 03:45:00+00:00,183.3704893034442,184.87013844005187,181.45587479344601,182.89437389580928,182.89437389580928,2393475.0,sample,2026-09-24 19:05:19.565601+00:00
TSLA,2025-01-03 04:00:00+00:00,183.24809741602553,185.21062532909846,181.97957992800545,184.43273395317146,184.43273395317146,17091190.0,sample,2026-09-24 19:05:19.565601+00:00
TSLA,2025-01-03 04:15:00+00:00,183.80907361245877,187.03344655476994,183.44825226422535,185.02656278719152,185.02656278719152,4916400.0,sample,2026-09-24 19:05:19.565601+00:00
TSLA,2025-01-03 04:30:00+00:00,184.81329164764827,186.96569247738142,182.98741139793458,186.39031249523381,186.39031249523381,10714217.0,sample,2026-09-24 19:05:19.565601+00:00
TSLA,2025-01-03 04:45:00+00:00,187.04692547327465,187.59297118063688,186.06646004263524,186.4357809651054,186.4357809651054,5622910.0,sample,2026-09-24 19:05:19.565601+00:00
TSLA,2025-01-03 05:00:00+00:00,186.4776252754481,188.50545903194487,184.04068840896088,185.84966299950185,185.84966299950185,6897445.0,sample,2026-09-24 19:05:19.565601+00:00
TSLA,2025-01-03 05:15:00+00:00,186.34066945854536,187.94297747668895,185.02526287499865,185.74097783825977,185.74097783825977,6787530.0,sample,2026-09-24 19:05:19.565601+00:00
TSLA,2025-01-03 05:30:00+00:00,185.88080837251718,187.25251620292374,185.66626992175387,186.95802618404386,186.95802618404386,15023478.0,sample,2026-09-24 19:05:19.565601+00:00
TSLA,2025-01-03 05:45:00+00:00,187.01912814165124,188.21670132460548,184.5379301198032,185.68778212378731,185.68778212378731,6064009.0,sample,2026-09-24 19:05:19.565601+00:00
TSLA,2025-01-03 06:00:00+00:00,185.4454200584457,186.2602107018926,184.29268125628852,186.03811088484676,186.03811088484676,3698634.0,sample,2026-09-24 19:05:19.565601+00:00
TSLA,2025-01-03 06:15:00+00:00,185.37534901595834,188.25094482775916,184.83444380058566,186.8082117693255,186.8082117693255,12616023.0,sample,2026-09-24 19:05:19.565601+00:00
TSLA,2025-01-03 06:30:00+00:00,186.87965958906253,187.58964160690584,186.65110110799796,186.88947976642976,186.88947976642976,13444193.0,sample,2026-09-24 19:05:19.565601+00:00
TSLA,2025-01-03 06:45:00+00:00,186.59902218594252,188.50579992261717,184.8635454553594,186.17652860924542,186.17652860924542,17134832.0,sample,2026-09-24 19:05:19.565601+00:00
TSLA,2025-01-03 07:00:00+00:00,186.06784106521837,187.6173153121074,184.55244050240807,186.93727395701188,186.93727395701188,10008674.0,sample,2026-09-24 19:05:19.565601+00:00
TSLA,2025-01-03 07:15:00+00:00,187.49208540605986,189.67408601702863,185.8608123460019,187.49086086604996,187.49086086604996,10767277.0,sample,2026-09-24 19:05:19.565601+00:00
TSLA,2025-01-03 07:30:00+00:00,187.17742856536276,189.07463703966434,185.07251520244944,188.4278523203036,188.4278523203036,9164358.0,sample,2026-09-24 19:05:19.565601+00:00
TSLA,2025-01-03 07:45:00+00:00,188.46062194618202,190.06401721221167,188.0173439883809,189.30475311307242,189.30475311307242,17026859.0,sample,2026-09-24 19:05:19.565601+00:00
TSLA,2025-01-03 08:00:00+00:00,189.30929102522026,190.83051449687716,187.30601977737268,188.51713952720144,188.51713952720144,2724956.0,sample,2026-09-24 19:05:19.565601+00:00
TSLA,2025-01-03 08:15:00+00:00,188.99847890429146,189.90197401625514,187.38576621130105,188.28655464108232,188.28655464108232,12667400.0,sample,2026-09-24 19:05:19.565601+00:00
TSLA,2025-01-03 08:30:00+00:00,188.51475955215713,189.10772686884235,187.1630008386814,187.91671833532703,187.91671833532703,4954966.0,sample,2026-09-24 19:05:19.565601+00:00
TSLA,2025-01-03 08:45:00+00:00,188.0355827828583,190.18886969004322,185.82112334872917,187.42635340247008,187.42635340247008,15214104.0,sample,2026-09-24 19:05:19.565601+00:00
TSLA,2025-01-03 09:00:00+00:00,187.22219629707453,189.49647796764862,186.9305118200743,187.27489550970108,187.27489550970108,3612802.0,sample,2026-09-24 19:05:19.565601+00:00
TSLA,2025-01-03 09:15:00+00:00,187.09059160272886,187.34625769454772,184.98830009883167,186.75310757938652,186.75310757938652,7270033.0,sample,2026-09-24 19:05:19.565601+00:00
TSLA,2025-01-03 09:30:00+00:00,186.25695660056994,188.7192020119705,185.1492906655841,188.20550925510167,188.20550925510167,9705766.0,sample,2026-09-24 19:05:19.565601+00:00
TSLA,2025-01-03 09:45:00+00:00,188.31378196546433,190.8364737324593,186.87456269431752,189.06579336697303,189.06579336697303,1865151.0,sample,2026-09-24 19:05:19.565601+00:00
TSLA,2025-01-03 10:00:00+00:00,188.5522756374857,189.49983867023468,186.92870213092888,189.01309383834962,189.01309383834962,4754535.0,sample,2026-09-24 19:05:19.565601+00:00
TSLA,2025-01-03 10:15:00+00:00,188.84941013031673,190.6659846894121,188.4882837319328,188.9177194569655,188.9177194569655,11107515.0,sample,2026-09-24 19:05:19.565601+00:00
TSLA,2025-01-03 10:30:00+00:00,189.0764255581089,192.45561580387658,186.9305493162376,190.62468979768155,190.62468979768155,5451101.0,sample,2026-09-24 19:05:19.565601+00:00
TSLA,2025-01-03 10:45:00+00:00,191.03390764765004,192.62124706587247,188.99575660587607,190.13492207862816,190.13492207862816,17805982.0,sample,2026-09-24 19:05:19.565601+00:00
TSLA,2025-01-03 11:00:00+00:00,190.2983401824427,192.6522245309652,188.4174138631897,190.9915707072648,190.9915707072648,17442654.0,sample,2026-09-24 19:05:19.565601+00:00
TSLA,2025-01-03 11:15:00+00:00,190.34781936314485,191.22279889872507,189.24378332368806,190.01265032168862,190.01265032168862,11777500.0,sample,2026-09-24 19:05:19.565601+00:00
TSLA,2025-01-03 11:30:00+00:00,190.04826906151496,191.22181258194394,189.52528504940392,190.07601259427634,190.07601259427634,10017620.0,sample,2026-09-24 19:05:19.565601+00:00
TSLA,2025-01-03 11:45:00+00:00,189.05805620126037,192.73681510137635,187.74748633703052,191.29566358259834,191.29566358259834,8086635.0,sample,2026-09-24 19:05:19.565601+00:00
TSLA,2025-01-03 12:00:00+00:00,191.41832168643066,193.53152677668018,190.04552304663216,192.2194869041217,192.2194869041217,17595252.0,sample,2026-09-24 19:05:19.565601+00:00
TSLA,2025-01-03 12:15:00+00:00,192.08379433122718,194.22773845599787,189.595645091411,191.7614149516304,191.7614149516304,12406409.0,sample,2026-09-24 19:05:19.565601+00:00
TSLA,2025-01-03 12:30:00+00:00,191.95860135117792,192.80499069261822,191.19290664981895,191.69683975892636,191.69683975892636,12777262.0,sample,2026-09-24 19:05:19.565601+00:00
TSLA,2025-01-03 12:45:00+00:00,191.77211279630276,192.29582316661617,189.50144565505363,191.95383299783217,191.95383299783217,11563071.0,sample,2026-09-24 19:05:19.565601+00:00
TSLA,2025-01-03 13:00:00+00:00,192.303432597664,192.80840564775326,190.5023259632033,190.83082745717468,190.83082745717468,5950028.0,sample,2026-09-24 19:05:19.565601+00:00
TSLA,2025-01-03 13:15:00+00:00,190.3336194353057,192.22809560259608,187.44146762128824,189.18545366952188,189.18545366952188,9055380.0,sample,2026-09-24 19:05:19.565601+00:00
TSLA,2025-01-03 13:30:00+00:00,189.3460867092574,190.32041126761104,187.076086831652,189.47914084880304,189.47914084880304,8301971.0,sample,2026-09-24 19:05:19.565601+00:00
TSLA,2025-01-03 13:45:00+00:00,189.54195823492665,191.20658339476424,186.79262470840777,188.55153941647015,188.55153941647015,7848886.0,sample,2026-09-24 19:05:19.565601+00:00
TSLA,2025-01-03 14:00:00+00:00,188.86802454877386,189.90952488522498,186.344227362939,188.12981512837027,188.12981512837027,3911419.0,sample,2026-09-24 19:05:19.565601+00:00
TSLA,2025-01-03 14:15:00+00:00,188.3620274593632,191.47141052553457,187.4185116464153,189.75435958449862,189.75435958449862,7105648.0,sample,2026-09-24 19:05:19.565601+00:00
TSLA,2025-01-03 14:30:00+00:00,189.42868375594952,191.21837767399492,186.89706950092886,188.4314345945295,188.4314345945295,3329515.0,sample,2026-09-24 19:05:19.565601+00:00
TSLA,2025-01-03 14:45:00+00:00,188.5555726582627,189.5455565585055,186.92659500931256,188.03760244469765,188.03760244469765,16096206.0,sample,2026-09-24 19:05:19.565601+00:00
TSLA,2025-01-03 15:00:00+00:00,188.40724504033733,189.34119782377192,186.41103079199894,187.81897699124943,187.81897699124943,3408283.0,sample,2026-09-24 19:05:19.565601+00:00
TSLA,2025-01-03 15:15:00+00:00,187.99044217356933,189.60565293023913,187.67442282596954,188.3036402105317,188.3036402105317,17983500.0,sample,2026-09-24 19:05:19.565601+00:00
TSLA,2025-01-03 15:30:00+00:00,187.78325952358827,189.80767631286133,186.52396673647274,187.78544060178646,187.78544060178646,14587810.0,sample,2026-09-24 19:05:19.565601+00:00
TSLA,2025-01-03 15:45:00+00:00,187.31687977240856,191.09745494098456,186.75940179793676,188.8973201504578,188.8973201504578,14042454.0,sample,2026-09-24 19:05:19.565601+00:00
TSLA,2025-01-03 16:00:00+00:00,188.9214950211288,189.34417494850592,186.62853838294492,188.19119413624514,188.19119413624514,15610861.0,sample,2026-09-24 19:05:19.565601+00:00
TSLA,2025-01-03 16:15:00+00:00,187.85622302538363,189.10247856937414,187.15964978531701,188.80571250009478,188.80571250009478,3187973.0,sample,2026-09-24 19:05:19.565601+00:00
TSLA,2025-01-03 16:30:00+00:00,190.0944283539887,190.78454809491325,187.6825082546095,189.78256558967314,189.78256558967314,16792210.0,sample,2026-09-24 19:05:19.565601+00:00
TSLA,2025-01-03 16:45:00+00:00,189.90568324277203,191.71389437802114,187.65724642546692,190.18738136000198,190.18738136000198,4755550.0,sample,2026-09-24 19:05:19.565601+00:00
TSLA,2025-01-03 17:00:00+00:00,190.0197383133432,191.19020798738657,187.75366775095182,190.66867215818917,190.66867215818917,8441641.0,sample,2026-09-24 19:05:19.565601+00:00
TSLA,2025-01-03 17:15:00+00:00,191.25504900990325,194.02193442619026,190.92227020844885,191.81224685838487,191.81224685838487,3968353.0,sample,2026-09-24 19:05:19.565601+00:00
TSLA,2025-01-03 17:30:00+00:00,191.25849239453456,192.73438743595523,190.88182766576736,191.7432918167832,191.7432918167832,9544703.0,sample,2026-09-24 19:05:19.565601+00:00
TSLA,2025-01-03 17:45:00+00:00,191.98996643291355,194.1990652480614,190.48325168941867,192.7584966538288,192.7584966538288,1612700.0,sample,2026-09-24 19:05:19.565601+00:00
TSLA,2025-01-03 18:00:00+00:00,192.45500802182886,195.02421937176075,190.97026203206968,192.9003170236627,192.9003170236627,16866227.0,sample,2026-09-24 19:05:19.565601+00:00
TSLA,2025-01-03 18:15:00+00:00,193.9234816701049,195.32198280404262,191.68996508533033,193.7586557610282,193.7586557610282,10249619.0,sample,2026-09-24 19:05:19.565601+00:00
TSLA,2025-01-03 18:30:00+00:00,193.92272899722022,195.69176647980112,191.17937320600072,193.36964955818388,193.36964955818388,9803022.0,sample,2026-09-24 19:05:19.565601+00:00
TSLA,2025-01-03 18:45:00+00:00,193.53537710985307,194.56868191631406,191.23170089741967,192.81936798698356,192.81936798698356,9908019.0,sample,2026-09-24 19:05:19.565601+00:00
TSLA,2025-01-03 19:00:00+00:00,192.67093886063827,194.49204236050255,190.81819070400675,192.54628156842648,192.54628156842648,2991838.0,sample,2026-09-24 19:05:19.565601+00:00
TSLA,2025-01-03 19:15:00+00:00,192.62389929584984,194.14143026455363,191.06360799624468,193.20722727615254,193.20722727615254,6928028.0,sample,2026-09-24 19:05:19.565601+00:00
TSLA,2025-01-03 19:30:00+00:00,193.50526500365663,195.82664990528139,192.12654216897306,194.39656707979734,194.39656707979734,12402556.0,sample,2026-09-24 19:05:19.565601+00:00
TSLA,2025-01-03 19:45:00+00:00,194.0169324938625,195.7309097106124,192.20139963381968,194.11367340913606,194.11367340913606,6582567.0,sample,2026-09-24 19:05:19.565601+00:00
TSLA,2025-01-03 20:00:00+00:00,193.69778195069406,197.30088400259243,192.47990816274228,195.11795103511656,195.11795103511656,3248998.0,sample,2026-09-24 19:05:19.565601+00:00
TSLA,2025-01-03 20:15:00+00:00,195.4170986570207,196.57664470549577,193.64812936933,194.93340734502385,194.93340734502385,16225836.0,sample,2026-09-24 19:05:19.565601+00:00
TSLA,2025-01-03 20:30:00+00:00,195.00927915883304,195.45318364319763,192.9997791517217,195.21566496482563,195.21566496482563,13237562.0,sample,2026-09-24 19:05:19.565601+00:00
TSLA,2025-01-03 20:45:00+00:00,194.98204396274,196.84220804264035,193.55180364766994,194.98706285900255,194.98706285900255,11152572.0,sample,2026-09-24 19:05:19.565601+00:00
TSLA,2025-01-03 21:00:00+00:00,195.62846170120073,197.44412428425886,194.32507239167563,194.88356932301036,194.88356932301036,10031899.0,sample,2026-09-24 19:05:19.565601+00:00
TSLA,2025-01-03 21:15:00+00:00,195.01411193001042,196.57615707865475,193.5933606787226,194.75771527659228,194.75771527659228,6218063.0,sample,2026-09-24 19:05:19.565601+00:00
TSLA,2025-01-03 21:30:00+00:00,195.2124717925005,197.18898388694734,193.1906006115279,193.94547903349138,193.94547903349138,5982259.0,sample,2026-09-24 19:05:19.565601+00:00
TSLA,2025-01-03 21:45:00+00:00,193.7496555085465,196.49423070769114,191.6824484242455,194.16987560660203,194.16987560660203,9656839.0,sample,2026-09-24 19:05:19.565601+00:00
TSLA,2025-01-03 22:00:00+00:00,193.97603091334457,194.53672052386398,192.38513409683446,193.77394621154022,193.77394621154022,1881038.0,sample,2026-09-24 19:05:19.565601+00:00
TSLA,2025-01-03 22:15:00+00:00,193.69583108171602,196.78226022476002,191.95423485682826,194.92267969851486,194.92267969851486,7017292.0,sample,2026-09-24 19:05:19.565601+00:00
TSLA,2025-01-03 22:30:00+00:00,194.56121800473326,195.5292846313999,194.18788000945705,195.08549096298296,195.08549096298296,13586327.0,sample,2026-09-24 19:05:19.565601+00:00
TSLA,2025-01-03 22:45:00+00:00,195.6889278527631,196.46043978575526,193.50887930247782,195.7296652047399,195.7296652047399,2526915.0,sample,2026-09-24 19:05:19.565601+00:00
TSLA,2025-01-03 23:00:00+00:00,195.6540461405577,196.42610611758764,193.68430949277544,196.02643279057506,196.02643279057506,7663697.0,sample,2026-09-24 19:05:19.565601+00:00
TSLA,2025-01-03 23:15:00+00:00,196.50634987409276,197.78805373589603,194.91332980033317,195.81668583167914,195.81668583167914,1791850.0,sample,2026-09-24 19:05:19.565601+00:00
TSLA,2025-01-03 23:30:00+00:00,195.20551823431248,197.6886802099507,193.00417782109548,196.62589705052397,196.62589705052397,9822344.0,sample,2026-09-24 19:05:19.565601+00:00
TSLA,2025-01-03 23:45:00+00:00,196.63086301387685,197.07581929640403,195.94559352099526,196.22881304894133,196.22881304894133,9977126.0,sample,2026-09-24 19:05:19.565601+00:00
TSLA,2025-01-04 00:00:00+00:00,196.52144218105764,197.54579406578546,195.1128760297914,196.41470143867835,196.41470143867835,15553443.0,sample,2026-09-24 19:05:19.565601+00:00
TSLA,2025-01-04 00:15:00+00:00,196.27099289486546,198.10635856481014,194.40458716974638,197.2394677084199,197.2394677084199,4826560.0,sample,2026-09-24 19:05:19.565601+00:00
TSLA,2025-01-04 00:30:00+00:00,197.47851396674105,198.46175426106373,195.8762264762816,197.82901906877794,197.82901906877794,10924506.0,sample,2026-09-24 19:05:19.565601+00:00
TSLA,2025-01-04 00:45:00+00:00,198.72775852267495,199.77098565351466,196.20205045882088,198.5778903233131,198.5778903233131,8763464.0,sample,2026-09-24 19:05:19.565601+00:00
TSLA,2025-01-04 01:00:00+00:00,198.01290236481012,199.61421571011104,197.0621970039636,199.157205401464,199.157205401464,15382197.0,sample,2026-09-24 19:05:19.565601+00:00
TSLA,2025-01-04 01:15:00+00:00,199.13036992413092,199.55038497980667,198.84819181552115,199.29063159036784,199.29063159036784,8651860.0,sample,2026-09-24 19:05:19.565601+00:00
TSLA,2025-01-04 01:30:00+00:00,199.0476541466694,200.23058980532008,197.61311790684684,198.67679391170617,198.67679391170617,6571789.0,sample,2026-09-24 19:05:19.565601+00:00
TSLA,2025-01-04 01:45:00+00:00,199.2882253714746,200.55788898458414,198.21904899051435,199.1199361179928,199.1199361179928,6401413.0,sample,2026-09-24 19:05:19.565601+00:00
TSLA,2025-01-04 02:00:00+00:00,199.0405109128168,202.4120410918076,198.01388349550734,200.81254493387416,200.81254493387416,7368545.0,sample,2026-09-24 19:05:19.565601+00:00
TSLA,2025-01-04 02:15:00+00:00,201.11129737580035,201.81718022211683,199.25231489617184,201.544187973626,201.544187973626,17748201.0,sample,2026-09-24 19:05:19.565601+00:00
TSLA,2025-01-04 02:30:00+00:00,201.30522862270917,203.72978377554082,200.78433297568745,201.3570985832536,201.3570985832536,9183722.0,sample,2026-09-24 19:05:19.565601+00:00
TSLA,2025-01-04 02:45:00+00:00,201.84538666225953,202.05731262213507,198.56174979066384,199.96618312133876,199.96618312133876,9674054.0,sample,2026-09-24 19:05:19.565601+00:00
TSLA,2025-01-04 03:00:00+00:00,199.96226127219006,202.4874902506384,199.2360836392889,200.8932080784994,200.8932080784994,6040751.0,sample,2026-09-24 19:05:19.565601+00:00
TSLA,2025-01-04 03:15:00+00:00,200.98825635756285,202.8505829104221,199.46288506421934,201.194878005122,201.194878005122,13667340.0,sample,2026-09-24 19:05:19.565601+00:00
TSLA,2025-01-04 03:30:00+00:00,201.16114543296393,203.4700303359683,198.73524504828475,200.553756262484,200.553756262484,17667836.0,sample,2026-09-24 19:05:19.565601+00:00
TSLA,2025-01-04 03:45:00+00:00,200.2879881570331,200.5386638525744,199.9522361936448,200.28738448151847,200.28738448151847,6166856.0,sample,2026-09-24 19:05:19.565601+00:00
TSLA,2025-01-04 04:00:00+00:00,201.2723439424762,201.70826655114996,197.94156369951796,199.94305866117057,199.94305866117057,1930168.0,sample,2026-09-24 19:05:19.565601+00:00
TSLA,2025-01-04 04:15:00+00:00,200.34754322445553,201.85584722886003,198.02793428269828,200.72343330865743,200.72343330865743,2325623.0,sample,2026-09-24 19:05:19.565601+00:00
TSLA,2025-01-04 04:30:00+00:00,201.0664036513367,201.75819280907632,198.45990166020567,200.39459813241518,200.39459813241518,13784722.0,sample,2026-09-24 19:05:19.565601+00:00
TSLA,2025-01-04 04:45:00+00:00,200.42157127464924,202.71920527314978,198.0583954834202,200.85500476716305,200.85500476716305,14307703.0,sample,2026-09-24 19:05:19.565601+00:00
TSLA,2025-01-04 05:00:00+00:00,201.00206838127093,202.77086271764813,199.00020199560058,201.12100285652306,201.12100285652306,5949966.0,sample,2026-09-24 19:05:19.565601+00:00
TSLA,2025-01-04 05:15:00+00:00,200.94537968336203,201.8151715459751,199.62645502219928,201.15826825587465,201.15826825587465,11920906.0,sample,2026-09-24 19:05:19.565601+00:00
TSLA,2025-01-04 05:30:00+00:00,201.20090495461824,203.2137013328204,199.29258243307504,200.81358734136413,200.81358734136413,3651334.0,sample,2026-09-24 19:05:19.565601+00:00
TSLA,2025-01-04 05:45:00+00:00,200.27874357061538,201.84492265804067,198.0162905750679,200.9100235892419,200.9100235892419,10144313.0,sample,2026-09-24 19:05:19.565601+00:00
TSLA,2025-01-04 06:00:00+00:00,201.3217066872699,203.00833095017038,200.0290010982874,201.28164977267738,201.28164977267738,10396658.0,sample,2026-09-24 19:05:19.565601+00:00
TSLA,2025-01-04 06:15:00+00:00,201.05223121100852,203.2498023827222,198.71878569136143,201.61614838672935,201.61614838672935,14374458.0,sample,2026-09-24 19:05:19.565601+00:00
TSLA,2025-01-04 06:30:00+00:00,202.29454361429737,203.65391356074716,199.42134376065775,201.83306946432165,201.83306946432165,4793165.0,sample,2026-09-24 19:05:19.565601+00:00
TSLA,2025-01-04 06:45:00+00:00,201.49056813603272,202.1685185376666,201.25122970928805,201.88968223497102,201.88968223497102,12738417.0,sample,2026-09-24 19:05:19.565601+00:00
TSLA,2025-01-04 07:00:00+00:00,202.1801653928575,203.42537267562108,200.13241456311525,201.3973902866304,201.3973902866304,14908950.0,sample,2026-09-24 19:05:19.565601+00:00
TSLA,2025-01-04 07:15:00+00:00,201.73971144199245,203.0423302370296,199.26564421432963,200.97099920535487,200.97099920535487,15638995.0,sample,2026-09-24 19:05:19.565601+00:00
TSLA,2025-01-04 07:30:00+00:00,200.95857886385005,201.9089769359492,198.25166160145739,200.25683807116064,200.25683807116064,3735829.0,sample,2026-09-24 19:05:19.565601+00:00
TSLA,2025-01-04 07:45:00+00:00,200.08572286401338,201.04701442295084,199.23745758450323,200.48005983964688,200.48005983964688,15277404.0,sample,2026-09-24 19:05:19.565601+00:00
TSLA,2025-01-04 08:00:00+00:00,199.95985725072725,202.11392053181137,199.28080876772555,201.47358042362762,201.47358042362762,13181896.0,sample,2026-09-24 19:05:19.565601+00:00
TSLA,2025-01-04 08:15:00+00:00,201.47733016700258,201.8430003676873,198.33721734839847,200.32496726175606,200.32496726175606,3484123.0,sample,2026-09-24 19:05:19.565601+00:00
TSLA,2025-01-04 08:30:00+00:00,199.71566559933225,202.61072101457094,198.5934696914304,200.51584082563687,200.51584082563687,8233557.0,sample,2026-09-24 19:05:19.565601+00:00
TSLA,2025-01-04 08:45:00+00:00,200.55636216460525,202.316406933483,199.44534648711934,200.0477677161134,200.0477677161134,15678435.0,sample,2026-09-24 19:05:19.565601+00:00
TSLA,2025-01-04 09:00:00+00:00,200.29564651339342,202.27755776252664,198.81749380639687,200.28495209921377,200.28495209921377,13355200.0,sample,2026-09-24 19:05:19.565601+00:00
TSLA,2025-01-04 09:15:00+00:00,200.7591453658521,202.33533897669054,199.5800919975472,200.15794497375376,200.15794497375376,12772485.0,sample,2026-09-24 19:05:19.565601+00:00
TSLA,2025-01-04 09:30:00+00:00,200.07082721418183,202.7722356301053,198.18485513959934,200.72401749387743,200.72401749387743,14877759.0,sample,2026-09-24 19:05:19.565601+00:00
TSLA,2025-01-04 09:45:00+00:00,200.93433640676471,202.25895272388212,199.75738965628787,200.30670959100502,200.30670959100502,14404357.0,sample,2026-09-24 19:05:19.565601+00:00
TSLA,2025-01-04 10:00:00+00:00,200.53537581517864,201.49601622437112,199.37821045422172,199.99394943252656,199.99394943252656,1736086.0,sample,2026-09-24 19:05:19.565601+00:00
TSLA,2025-01-04 10:15:00+00:00,199.37716796120208,201.50609949912408,198.2047214956473,199.41758637552712,199.41758637552712,4835054.0,sample,2026-09-24 19:05:19.565601+00:00
TSLA,2025-01-04 10:30:00+00:00,199.5750629218504,202.73804177664832,198.31471122523976,200.476253608169,200.476253608169,13158399.0,sample,2026-09-24 19:05:19.565601+00:00
TSLA,2025-01-04 10:45:00+00:00,200.55948438866096,201.619606378241,198.65415564158215,201.16353745076464,201.16353745076464,2677826.0,sample,2026-09-24 19:05:19.565601+00:00
TSLA,2025-01-04 11:00:00+00:00,201.1160135580953,203.18623922079314,199.73323854353842,200.67791186357638,200.67791186357638,11368460.0,sample,2026-09-24 19:05:19.565601+00:00
TSLA,2025-01-04 11:15:00+00:00,200.6383424930357,202.87955629440458,198.4001738199437,199.65897747346034,199.65897747346034,9032559.0,sample,2026-09-24 19:05:19.565601+00:00
TSLA,2025-01-04 11:30:00+00:00,199.23948556132584,201.06473261990078,198.43663251572184,198.7183508649995,198.7183508649995,13833564.0,sample,2026-09-24 19:05:19.565601+00:00
TSLA,2025-01-04 11:45:00+00:00,198.98176546170228,201.287569694364,196.55747340286752,197.18347558517993,197.18347558517993,16247981.0,sample,2026-09-24 19:05:19.565601+00:00
TSLA,2025-01-04 12:00:00+00:00,197.13377956362908,199.9649590333263,196.71564148900018,198.21358648657247,198.21358648657247,4890694.0,sample,2026-09-24 19:05:19.565601+00:00
TSLA,2025-01-04 12:15:00+00:00,198.3097732457949,199.89829775341232,197.16095179007266,198.48066820670584,198.48066820670584,12522068.0,sample,2026-09-24 19:05:19.565601+00:00
TSLA,2025-01-04 12:30:00+00:00,199.0623977334038,200.27641291998495,196.9099141161438,199.75285231727725,199.75285231727725,1742036.0,sample,2026-09-24 19:05:19.565601+00:00
TSLA,2025-01-04 12:45:00+00:00,199.50214354255095,201.99649784494787,198.56688599466864,201.58747988986417,201.58747988986417,7030580.0,sample,2026-09-24 19:05:19.565601+00:00
TSLA,2025-01-04 13:00:00+00:00,201.738184656284,202.95038684464336,199.63346276350987,201.7304673423455,201.7304673423455,1644406.0,sample,2026-09-24 19:05:19.565601+00:00
TSLA,2025-01-04 13:15:00+00:00,201.30546096292554,201.8953117288109,199.53782500839182,200.83112244690676,200.83112244690676,10185325.0,sample,2026-09-24 19:05:19.565601+00:00
TSLA,2025-01-04 13:30:00+00:00,201.45012324775158,203.1302588383126,198.53994803253136,200.75606479997955,200.75606479997955,13529393.0,sample,2026-09-24 19:05:19.565601+00:00
TSLA,2025-01-04 13:45:00+00:00,200.45622162124457,201.21438085560078,197.7077636863366,200.00857031481874,200.00857031481874,12062647.0,sample,2026-09-24 19:05:19.565601+00:00
TSLA,2025-01-04 14:00:00+00:00,199.60547874575465,201.05866416810034,199.18067454685595,199.57098568799222,199.57098568799222,3512881.0,sample,2026-09-24 19:05:19.565601+00:00
TSLA,2025-01-04 14:15:00+00:00,200.0347929911195,202.58782005554892,197.84117250756938,201.06435299968055,201.06435299968055,4200713.0,sample,2026-09-24 19:05:19.565601+00:00
TSLA,2025-01-04 14:30:00+00:00,201.25679958624988,202.8427840280672,200.33056293646405,202.09344794782226,202.09344794782226,5581844.0,sample,2026-09-24 19:05:19.565601+00:00
TSLA,2025-01-04 14:45:00+00:00,202.2022794667912,204.09004943053418,201.70628640589106,203.79467457275916,203.79467457275916,11460328.0,sample,2026-09-24 19:05:19.565601+00:00
TSLA,2025-01-04 15:00:00+00:00,204.16387460921462,205.8477764900583,202.11109076700313,202.9558777187775,202.9558777187775,14158008.0,sample,2026-09-24 19:05:19.565601+00:00
TSLA,2025-01-04 15:15:00+00:00,203.07627184337096,203.81593329740716,201.27035079374255,202.9607091385975,202.9607091385975,5952152.0,sample,2026-09-24 19:05:19.565601+00:00
TSLA,2025-01-04 15:30:00+00:00,203.29018672537637,205.12386042307494,200.01009151595449,202.389648396635,202.389648396635,5843227.0,sample,2026-09-24 19:05:19.565601+00:00
TSLA,2025-01-04 15:45:00+00:00,202.22772562832492,203.07394635652022,200.8164307505342,202.31528664442246,202.31528664442246,6156885.0,sample,2026-09-24 19:05:19.565601+00:00
TSLA,2025-01-04 16:00:00+00:00,201.40048596086586,204.47907946247526,201.09306448187903,202.62759103309804,202.62759103309804,13686560.0,sample,2026-09-24 19:05:19.565601+00:00
TSLA,2025-01-04 16:15:00+00:00,202.21540364689153,203.48067462741926,199.89198771382078,202.53382910337632,202.53382910337632,4517973.0,sample,2026-09-24 19:05:19.565601+00:00
TSLA,2025-01-04 16:30:00+00:00,202.61974440827092,203.14456808641015,201.4865613527179,202.35880774486228,202.35880774486228,12035323.0,sample,2026-09-24 19:05:19.565601+00:00
TSLA,2025-01-04 16:45:00+00:00,201.83098884929984,205.64396617514214,201.5731760320625,203.39992672011908,203.39992672011908,14009556.0,sample,2026-09-24 19:05:19.565601+00:00
TSLA,2025-01-04 17:00:00+00:00,203.6615227842233,205.88767492801392,203.45140585502924,204.30157055835608,204.30157055835608,2102231.0,sample,2026-09-24 19:05:19.565601+00:00
TSLA,2025-01-04 17:15:00+00:00,204.4838655035872,206.29376450206763,203.41690570820617,204.7367947020191,204.7367947020191,2005998.0,sample,2026-09-24 19:05:19.565601+00:00
TSLA,2025-01-04 17:30:00+00:00,204.6403248989806,206.01454629646895,203.75268945326457,205.1464375895062,205.1464375895062,5921145.0,sample,2026-09-24 19:05:19.565601+00:00
TSLA,2025-01-04 17:45:00+00:00,204.63184027748392,205.56602024205338,204.17107485439777,204.38199567899238,204.38199567899238,1754523.0,sample,2026-09-24 19:05:19.565601+00:00
TSLA,2025-01-04 18:00:00+00:00,204.08750792821556,206.53948028602193,203.5362076972879,204.5214487084068,204.5214487084068,11986452.0,sample,2026-09-24 19:05:19.565601+00:00
TSLA,2025-01-04 18:15:00+00:00,205.15516902626615,206.39345588626878,201.27229268449807,203.28677392791272,203.28677392791272,9830417.0,sample,2026-09-24 19:05:19.565601+00:00
TSLA,2025-01-04 18:30:00+00:00,203.9436218577773,205.75390993123546,201.37314274324208,202.85969878918488,202.85969878918488,7441742.0,sample,2026-09-24 19:05:19.565601+00:00
TSLA,2025-01-04 18:45:00+00:00,203.31041141892794,204.44190303207588,201.40555665550713,202.9973377178399,202.9973377178399,9750901.0,sample,2026-09-24 19:05:19.565601+00:00
TSLA,2025-01-04 19:00:00+00:00,202.53948462842882,204.04744119582193,201.88331968678764,203.5855069171808,203.5855069171808,2052933.0,sample,2026-09-24 19:05:19.565601+00:00
TSLA,2025-01-04 19:15:00+00:00,203.92094484423936,205.20574662313354,201.81340122856875,203.98225940410055,203.98225940410055,10510163.0,sample,2026-09-24 19:05:19.565601+00:00
TSLA,2025-01-04 19:30:00+00:00,203.4956580155015,204.2015599139326,201.7514243355166,202.79843572124133,202.79843572124133,6550136.0,sample,2026-09-24 19:05:19.565601+00:00
TSLA,2025-01-04 19:45:00+00:00,202.67870364170903,203.46625448603538,200.70681479107296,202.78081871849196,202.78081871849196,9854628.0,sample,2026-09-24 19:05:19.565601+00:00
TSLA,2025-01-04 20:00:00+00:00,202.6849495071277,204.80819676011654,202.2241758787717,203.36702372013963,203.36702372013963,2987269.0,sample,2026-09-24 19:05:19.565601+00:00
TSLA,2025-01-04 20:15:00+00:00,203.5571657454266,205.27184383588076,202.28417122355674,204.07593672346545,204.07593672346545,11749363.0,sample,2026-09-24 19:05:19.565601+00:00
TSLA,2025-01-04 20:30:00+00:00,204.19848888478984,204.4694445770835,202.54772667652995,203.97494667144062,203.97494667144062,15542315.0,sample,2026-09-24 19:05:19.565601+00:00
TSLA,2025-01-04 20:45:00+00:00,203.11026009211514,204.88728931021967,201.55149841806943,203.24470533261803,203.24470533261803,3631921.0,sample,2026-09-24 19:05:19.565601+00:00
TSLA,2025-01-04 21:00:00+00:00,202.65760571791722,206.4101387653287,200.45024114873584,204.5248284912264,204.5248284912264,13484608.0,sample,2026-09-24 19:05:19.565601+00:00
TSLA,2025-01-04 21:15:00+00:00,204.5328260628061,207.75932514902766,203.1919637390347,205.45679709601202,205.45679709601202,3309237.0,sample,2026-09-24 19:05:19.565601+00:00
TSLA,2025-01-04 21:30:00+00:00,205.79272820147105,207.2162913232053,204.04055128477077,205.28092858154096,205.28092858154096,4184313.0,sample,2026-09-24 19:05:19.565601+00:00
TSLA,2025-01-04 21:45:00+00:00,205.56966305208684,205.79074315089997,204.06117101490582,204.37073250565538,204.37073250565538,16653566.0,sample,2026-09-24 19:05:19.565601+00:00
TSLA,2025-01-04 22:00:00+00:00,204.9162247706244,205.17408774743566,203.43037593863988,204.00558257329152,204.00558257329152,16645218.0,sample,2026-09-24 19:05:19.565601+00:00
TSLA,2025-01-04 22:15:00+00:00,203.87188263405542,205.51395199067227,202.54437622436595,204.02742838661297,204.02742838661297,13120725.0,sample,2026-09-24 19:05:19.565601+00:00
TSLA,2025-01-04 22:30:00+00:00,204.10248652146058,207.94647906552797,202.16336742739506,205.71484348389856,205.71484348389856,15040981.0,sample,2026-09-24 19:05:19.565601+00:00
TSLA,2025-01-04 22:45:00+00:00,205.5757097439601,208.35493675819865,205.13624720671964,206.10768654001532,206.10768654001532,17196921.0,sample,2026-09-24 19:05:19.565601+00:00
TSLA,2025-01-04 23:00:00+00:00,206.06344557195288,207.99622186184982,204.49088164875562,205.97917203844062,205.97917203844062,7398514.0,sample,2026-09-24 19:05:19.565601+00:00
TSLA,2025-01-04 23:15:00+00:00,206.4864297828649,206.83374350027375,203.53583949102833,205.1770777159186,205.1770777159186,16847621.0,sample,2026-09-24 19:05:19.565601+00:00
TSLA,2025-01-04 23:30:00+00:00,205.23262894894467,207.243956356327,202.85340616999383,205.7041263296312,205.7041263296312,15691767.0,sample,2026-09-24 19:05:19.565601+00:00
TSLA,2025-01-04 23:45:00+00:00,205.51480575539549,208.13881033500115,204.71821486985363,206.04350808217362,206.04350808217362,12377883.0,sample,2026-09-24 19:05:19.565601+00:00
TSLA,2025-01-05 00:00:00+00:00,205.40387419035494,208.3842621008582,204.59606139905256,205.94420749505,205.94420749505,5623202.0,sample,2026-09-24 19:05:19.565601+00:00
TSLA,2025-01-05 00:15:00+00:00,205.43347537165673,207.70883881756603,204.6702288955932,205.69106852930628,205.69106852930628,14391769.0,sample,2026-09-24 19:05:19.565601+00:00
TSLA,2025-01-05 00:30:00+00:00,205.60469292172203,206.40736027386149,203.8285051499481,204.7742846330014,204.7742846330014,10633320.0,sample,2026-09-24 19:05:19.565601+00:00
TSLA,2025-01-05 00:45:00+00:00,204.62471246449985,205.9732831766223,204.3336713984292,205.64411678138833,205.64411678138833,1564312.0,sample,2026-09-24 19:05:19.565601+00:00
TSLA,2025-01-05 01:00:00+00:00,205.47834439280888,206.05423707748412,204.5164697623209,205.39687848881096,205.39687848881096,2503853.0,sample,2026-09-24 19:05:19.565601+00:00
TSLA,2025-01-05 01:15:00+00:00,206.3268538636048,206.75165745616778,205.04838240112346,206.3244121509363,206.3244121509363,5715684.0,sample,2026-09-24 19:05:19.565601+00:00
TSLA,2025-01-05 01:30:00+00:00,206.16329848445898,207.91818984866916,203.0330657279511,204.03811670490802,204.03811670490802,7334225.0,sample,2026-09-24 19:05:19.565601+00:00
TSLA,2025-01-05 01:45:00+00:00,204.50222613775,205.76945119948002,201.58847703693283,202.04341998892895,202.04341998892895,9784680.0,sample,2026-09-24 19:05:19.565601+00:00
TSLA,2025-01-05 02:00:00+00:00,202.29321193976457,203.07943552784891,200.88453449868047,202.80943529680258,202.80943529680258,5136498.0,sample,2026-09-24 19:05:19.565601+00:00
TSLA,2025-01-05 02:15:00+00:00,203.3119388177498,203.72358041461936,199.7371965449163,201.83828047511736,201.83828047511736,4421334.0,sample,2026-09-24 19:05:19.565601+00:00
TSLA,2025-01-05 02:30:00+00:00,201.9710888775137,204.48784475234902,201.7548833299121,203.37390638426012,203.37390638426012,8872215.0,sample,2026-09-24 19:05:19.565601+00:00
TSLA,2025-01-05 02:45:00+00:00,203.78003391847935,204.940685961762,202.48240112049658,203.67597377589567,203.67597377589567,12310850.0,sample,2026-09-24 19:05:19.565601+00:00
TSLA,2025-01-05 03:00:00+00:00,203.89957585275212,205.55691126419197,201.33537237772484,203.543183768833,203.543183768833,14462520.0,sample,2026-09-24 19:05:19.565601+00:00
TSLA,2025-01-05 03:15:00+00:00,202.8085654312684,205.81005802736178,202.23144054243352,205.14365067992978,205.14365067992978,6131181.0,sample,2026-09-24 19:05:19.565601+00:00
TSLA,2025-01-05 03:30:00+00:00,205.12159249380713,207.35011552342934,202.49675178572542,204.7392984841803,204.7392984841803,12754712.0,sample,2026-09-24 19:05:19.565601+00:00
TSLA,2025-01-05 03:45:00+00:00,204.92458813958223,206.10604954405864,202.80886856810233,204.32387915612924,204.32387915612924,9745408.0,sample,2026-09-24 19:05:19.565601+00:00
TSLA,2025-01-05 04:00:00+00:00,204.62497502209456,205.0101500940913,201.50674051813363,203.78565969097488,203.78565969097488,16832418.0,sample,2026-09-24 19:05:19.565601+00:00
TSLA,2025-01-05 04:15:00+00:00,203.43789948540604,206.24558426191976,201.652616528791,204.06332211693206,204.06332211693206,15895125.0,sample,2026-09-24 19:05:19.565601+00:00
TSLA,2025-01-05 04:30:00+00:00,203.56952136382432,205.85690247468926,203.17178101298686,204.52985745439554,204.52985745439554,14101455.0,sample,2026-09-24 19:05:19.565601+00:00
TSLA,2025-01-05 04:45:00+00:00,204.80319775599608,205.56934832416465,202.6224017061873,203.56131184527476,203.56131184527476,9032526.0,sample,2026-09-24 19:05:19.565601+00:00
TSLA,2025-01-05 05:00:00+00:00,204.18773479773267,205.7490880924914,203.8417765157918,204.4716991889173,204.4716991889173,16396383.0,sample,2026-09-24 19:05:19.565601+00:00
TSLA,2025-01-05 05:15:00+00:00,204.46426949435389,206.22427118018183,204.02971165081988,205.07590860475838,205.07590860475838,4541094.0,sample,2026-09-24 19:05:19.565601+00:00
TSLA,2025-01-05 05:30:00+00:00,205.0002039835505,205.6371953117405,203.23181185962196,204.20433595652662,204.20433595652662,16191001.0,sample,2026-09-24 19:05:19.565601+00:00
TSLA,2025-01-05 05:45:00+00:00,204.06221394951362,206.42847941515365,203.0180471171743,204.9264459753484,204.9264459753484,15324706.0,sample,2026-09-24 19:05:19.565601+00:00
TSLA,2025-01-05 06:00:00+00:00,204.88450981327773,206.58884209837976,201.75437739461756,203.91167373966036,203.91167373966036,5080827.0,sample,2026-09-24 19:05:19.565601+00:00
TSLA,2025-01-05 06:15:00+00:00,204.10051971660567,204.60859447789312,202.0663640048385,202.6168474534596,202.6168474534596,4836402.0,sample,2026-09-24 19:05:19.565601+00:00
TSLA,2025-01-05 06:30:00+00:00,203.27589909100155,203.67200698828194,202.06688453642113,202.96243598048954,202.96243598048954,10550385.0,sample,2026-09-24 19:05:19.565601+00:00
TSLA,2025-01-05 06:45:00+00:00,203.2977255528967,204.09499840908393,202.92931478582594,203.56317413896474,203.56317413896474,16380361.0,sample,2026-09-24 19:05:19.565601+00:00
TSLA,2025-01-05 07:00:00+00:00,202.51604794341023,204.9892325968785,201.96410730503166,203.6259844895412,203.6259844895412,2696003.0,sample,2026-09-24 19:05:19.565601+00:00
TSLA,2025-01-05 07:15:00+00:00,202.42286731240986,204.58637234839404,200.19600271374597,203.0362245430338,203.0362245430338,4610162.0,sample,2026-09-24 19:05:19.565601+00:00
TSLA,2025-01-05 07:30:00+00:00,203.0046320783471,204.8080340308991,200.59097775079346,202.37034822393153,202.37034822393153,11795733.0,sample,2026-09-24 19:05:19.565601+00:00
TSLA,2025-01-05 07:45:00+00:00,202.89778495404525,204.2408143483044,201.45792386078168,201.7382877302873,201.7382877302873,13224185.0,sample,2026-09-24 19:05:19.565601+00:00
TSLA,2025-01-05 08:00:00+00:00,201.60411414013203,204.21728203259266,199.82949016096634,203.4833365531982,203.4833365531982,11430517.0,sample,2026-09-24 19:05:19.565601+00:00
TSLA,2025-01-05 08:15:00+00:00,202.53049658154262,203.92873391328797,202.07296936279687,203.0381922499284,203.0381922499284,16839190.0,sample,2026-09-24 19:05:19.565601+00:00
TSLA,2025-01-05 08:30:00+00:00,202.38286609409704,204.78895977898824,200.31016228807957,202.05026308683813,202.05026308683813,16752412.0,sample,2026-09-24 19:05:19.565601+00:00
TSLA,2025-01-05 08:45:00+00:00,202.50532351174968,203.9224945481858,200.21774917672573,202.9530983163878,202.9530983163878,10198756.0,sample,2026-09-24 19:05:19.565601+00:00
TSLA,2025-01-05 09:00:00+00:00,203.26942833852266,205.19729538651129,199.90250614962088,201.549314268187,201.549314268187,4725776.0,sample,2026-09-24 19:05:19.565601+00:00
TSLA,2025-01-05 09:15:00+00:00,201.51789578925658,202.51534165606188,199.1264583592126,202.20676374027443,202.20676374027443,4802481.0,sample,2026-09-24 19:05:19.565601+00:00
TSLA,2025-01-05 09:30:00+00:00,201.8028733456098,202.4451911386902,200.32486135124705,201.27358279366211,201.27358279366211,12923091.0,sample,2026-09-24 19:05:19.565601+00:00
TSLA,2025-01-05 09:45:00+00:00,201.60679446199228,204.4298928730714,199.98586391544922,202.25604970782715,202.25604970782715,9014037.0,sample,2026-09-24 19:05:19.565601+00:00
TSLA,2025-01-05 10:00:00+00:00,201.89534276638443,205.42561215454566,199.85981548343804,203.29877534125848,203.29877534125848,1902214.0,sample,2026-09-24 19:05:19.565601+00:00
TSLA,2025-01-05 10:15:00+00:00,204.1504429842821,204.38013472609902,201.77034211075494,203.74211110892185,203.74211110892185,5948155.0,sample,2026-09-24 19:05:19.565601+00:00
TSLA,2025-01-05 10:30:00+00:00,204.2199577354642,205.34609530663255,202.31680456207147,203.5577228900992,203.5577228900992,16101324.0,sample,2026-09-24 19:05:19.565601+00:00
TSLA,2025-01-05 10:45:00+00:00,203.90295267149614,206.24908527258575,201.4075216968581,203.04332413034373,203.04332413034373,5443902.0,sample,2026-09-24 19:05:19.565601+00:00
TSLA,2025-01-05 11:00:00+00:00,203.46486236456352,204.89294930003524,202.58115187062822,203.06388521434275,203.06388521434275,7245214.0,sample,2026-09-24 19:05:19.565601+00:00
TSLA,2025-01-05 11:15:00+00:00,203.3570740888316,204.8582554930092,199.0875615296614,201.41481790479398,201.41481790479398,5596160.0,sample,2026-09-24 19:05:19.565601+00:00
TSLA,2025-01-05 11:30:00+00:00,201.9708031979341,203.60800224738898,200.90212948578045,201.92778336872678,201.92778336872678,14696780.0,sample,2026-09-24 19:05:19.565601+00:00
TSLA,2025-01-05 11:45:00+00:00,202.0477526839949,204.07737986602612,200.03541581446086,201.63320941983295,201.63320941983295,9162801.0,sample,2026-09-24 19:05:19.565601+00:00
TSLA,2025-01-05 12:00:00+00:00,201.28767641955454,202.42163165231634,200.98783501878327,201.93742570022778,201.93742570022778,1517124.0,sample,2026-09-24 19:05:19.565601+00:00
TSLA,2025-01-05 12:15:00+00:00,202.74143139966392,203.39893550130085,198.4153782020487,200.5574005501079,200.5574005501079,6721693.0,sample,2026-09-24 19:05:19.565601+00:00
TSLA,2025-01-05 12:30:00+00:00,201.0198270232076,203.55213618551716,200.24427745003214,201.44536789682445,201.44536789682445,13233973.0,sample,2026-09-24 19:05:19.565601+00:00
TSLA,2025-01-05 12:45:00+00:00,201.48089381617066,202.74646698384922,199.3560715558617,201.4013984016471,201.4013984016471,5265806.0,sample,2026-09-24 19:05:19.565601+00:00
TSLA,2025-01-05 13:00:00+00:00,200.94397449611532,201.2554972680566,199.63286071022972,200.51577197781222,200.51577197781222,16317075.0,sample,2026-09-24 19:05:19.565601+00:00
TSLA,2025-01-05 13:15:00+00:00,200.97406163329393,201.7573695148094,200.02367427009796,200.49912683788293,200.49912683788293,15328382.0,sample,2026-09-24 19:05:19.565601+00:00
TSLA,2025-01-05 13:30:00+00:00,200.05668973718807,201.67232863319694,197.6947075743133,201.21048519343765,201.21048519343765,13426873.0,sample,2026-09-24 19:05:19.565601+00:00
TSLA,2025-01-05 13:45:00+00:00,201.39482829785126,201.7189214873345,198.30157877918813,200.53819388003996,200.53819388003996,2256922.0,sample,2026-09-24 19:05:19.565601+00:00
TSLA,2025-01-05 14:00:00+00:00,200.19133114550442,203.09585392221413,198.26823716525323,201.14239356658507,201.14239356658507,11669773.0,sample,2026-09-24 19:05:19.565601+00:00
TSLA,2025-01-05 14:15:00+00:00,200.79055472178212,203.23071130528933,198.62065001443884,202.7674677938488,202.7674677938488,14635701.0,sample,2026-09-24 19:05:19.565601+00:00
TSLA,2025-01-05 14:30:00+00:00,202.4546042831668,202.69860448958013,199.58201966869436,201.7265122428734,201.7265122428734,3788746.0,sample,2026-09-24 19:05:19.565601+00:00
TSLA,2025-01-05 14:45:00+00:00,201.36007972498663,202.3763972738992,200.03996010588293,201.06845928449064,201.06845928449064,16473227.0,sample,2026-09-24 19:05:19.565601+00:00
TSLA,2025-01-05 15:00:00+00:00,200.4117513191187,201.78587314940953,199.43172196651145,201.4008729861713,201.4008729861713,13657958.0,sample,2026-09-24 19:05:19.565601+00:00
TSLA,2025-01-05 15:15:00+00:00,201.12081562036337,202.77800183309907,200.21004457749768,201.70128008482922,201.70128008482922,5013303.0,sample,2026-09-24 19:05:19.565601+00:00
TSLA,2025-01-05 15:30:00+00:00,201.7765917747863,202.07841443545544,197.32683048208096,199.4393606556707,199.4393606556707,5121686.0,sample,2026-09-24 19:05:19.565601+00:00
TSLA,2025-01-05 15:45:00+00:00,199.98957795987275,201.7165192348958,198.62744777314285,198.97333186616018,198.97333186616018,2093257.0,sample,2026-09-24 19:05:19.565601+00:00
TSLA,2025-01-05 16:00:00+00:00,199.6056611962099,201.45755513420133,196.24438332573058,198.56378528162955,198.56378528162955,8379118.0,sample,2026-09-24 19:05:19.565601+00:00
TSLA,2025-01-05 16:15:00+00:00,198.1478317975228,198.5276588384471,196.3936253118553,197.89851086595965,197.89851086595965,6339519.0,sample,2026-09-24 19:05:19.565601+00:00
TSLA,2025-01-05 16:30:00+00:00,198.1395798798699,201.05109067611107,196.3729342951559,199.24702252012926,199.24702252012926,10287341.0,sample,2026-09-24 19:05:19.565601+00:00
TSLA,2025-01-05 16:45:00+00:00,199.94190211784723,200.55884457406162,198.56719167717975,198.79479823730964,198.79479823730964,15364948.0,sample,2026-09-24 19:05:19.565601+00:00
TSLA,2025-01-05 17:00:00+00:00,198.48208198693314,200.1963898233597,197.73286050749942,199.1390022182455,199.1390022182455,4271320.0,sample,2026-09-24 19:05:19.565601+00:00
TSLA,2025-01-05 17:15:00+00:00,199.81424436273974,202.02319881047956,196.61865710530546,197.88997066672488,197.88997066672488,5474015.0,sample,2026-09-24 19:05:19.565601+00:00
TSLA,2025-01-05 17:30:00+00:00,198.2029818049135,198.8060793826115,197.81888911998703,198.03674160237483,198.03674160237483,11647304.0,sample,2026-09-24 19:05:19.565601+00:00
TSLA,2025-01-05 17:45:00+00:00,197.6874330089396,200.15579240372602,196.34091092429446,198.07937469537436,198.07937469537436,2571992.0,sample,2026-09-24 19:05:19.565601+00:00
TSLA,2025-01-05 18:00:00+00:00,197.878727721496,198.12303348628606,196.48743875517292,197.07371548374283,197.07371548374283,6546050.0,sample,2026-09-24 19:05:19.565601+00:00
TSLA,2025-01-05 18:15:00+00:00,196.6373669923968,198.58436626044292,195.05261313057764,197.8615054035949,197.8615054035949,2494807.0,sample,2026-09-24 19:05:19.565601+00:00
TSLA,2025-01-05 18:30:00+00:00,197.80919301298636,199.4544935667118,196.32819152660898,197.51231855524154,197.51231855524154,16940924.0,sample,2026-09-24 19:05:19.565601+00:00
TSLA,2025-01-05 18:45:00+00:00,197.7007020756497,199.33151500849527,196.2383033596792,198.11958191222868,198.11958191222868,7147766.0,sample,2026-09-24 19:05:19.565601+00:00
TSLA,2025-01-05 19:00:00+00:00,197.64360817058974,198.42788548978407,196.04187297818729,198.06418975341126,198.06418975341126,15622318.0,sample,2026-09-24 19:05:19.565601+00:00
TSLA,2025-01-05 19:15:00+00:00,197.98322129595127,200.95964348562876,196.55448042366226,198.6176510017698,198.6176510017698,6043366.0,sample,2026-09-24 19:05:19.565601+00:00
TSLA,2025-01-05 19:30:00+00:00,198.678261861709,198.96350725934138,195.825792188593,198.16765704995268,198.16765704995268,13572842.0,sample,2026-09-24 19:05:19.565601+00:00
TSLA,2025-01-05 19:45:00+00:00,197.91066324765123,199.9709105650182,195.81755614852793,198.73686420815753,198.73686420815753,17776632.0,sample,2026-09-24 19:05:19.565601+00:00
TSLA,2025-01-05 20:00:00+00:00,199.07180407719156,200.75403694971862,196.98199787606652,198.6908169581151,198.6908169581151,10358868.0,sample,2026-09-24 19:05:19.565601+00:00
TSLA,2025-01-05 20:15:00+00:00,198.69413008205342,199.68277904100307,195.0655223008346,196.9932835660731,196.9932835660731,17270994.0,sample,2026-09-24 19:05:19.565601+00:00
TSLA,2025-01-05 20:30:00+00:00,197.00237552005575,197.484113376652,194.48445947612097,195.3578878322091,195.3578878322091,13233368.0,sample,2026-09-24 19:05:19.565601+00:00
TSLA,2025-01-05 20:45:00+00:00,195.14931310011767,198.3613240772079,194.49663464712438,196.00965916943935,196.00965916943935,3310214.0,sample,2026-09-24 19:05:19.565601+00:00
TSLA,2025-01-05 21:00:00+00:00,195.62561256133242,197.81881884706578,194.60812652383888,196.48606338761573,196.48606338761573,15338945.0,sample,2026-09-24 19:05:19.565601+00:00
TSLA,2025-01-05 21:15:00+00:00,196.4274170840413,196.90542688896286,194.7610749076156,196.49431623463914,196.49431623463914,17907925.0,sample,2026-09-24 19:05:19.565601+00:00
TSLA,2025-01-05 21:30:00+00:00,195.62354988982779,197.98864288772018,193.514541024027,197.7330432223805,197.7330432223805,2537724.0,sample,2026-09-24 19:05:19.565601+00:00
TSLA,2025-01-05 21:45:00+00:00,196.9177387852213,199.7357473017062,194.62859566793153,198.51481051330242,198.51481051330242,9633470.0,sample,2026-09-24 19:05:19.565601+00:00
TSLA,2025-01-05 22:00:00+00:00,198.96995399339156,200.0303033691768,196.72101689510097,199.34947256230842,199.34947256230842,5373365.0,sample,2026-09-24 19:05:19.565601+00:00
TSLA,2025-01-05 22:15:00+00:00,199.93155814925794,202.00789540514157,197.76377922063372,198.35352401794725,198.35352401794725,2342414.0,sample,2026-09-24 19:05:19.565601+00:00
TSLA,2025-01-05 22:30:00+00:00,198.18857853460787,198.96658452862835,197.41558290462854,198.22975394333184,198.22975394333184,5750903.0,sample,2026-09-24 19:05:19.565601+00:00
TSLA,2025-01-05 22:45:00+00:00,198.10502796963758,199.51576306764213,195.17468409310976,197.40584889525636,197.40584889525636,14442844.0,sample,2026-09-24 19:05:19.565601+00:00
TSLA,2025-01-05 23:00:00+00:00,197.18133381849256,199.44564070118304,195.59073726901977,197.89086782830458,197.89086782830458,12733454.0,sample,2026-09-24 19:05:19.565601+00:00
TSLA,2025-01-05 23:15:00+00:00,197.80130476498368,199.79882147059712,196.69317323300763,198.92876627455314,198.92876627455314,5845981.0,sample,2026-09-24 19:05:19.565601+00:00
TSLA,2025-01-05 23:30:00+00:00,198.846863454536,199.89660011358947,196.80370871340074,198.1916684735378,198.1916684735378,2988289.0,sample,2026-09-24 19:05:19.565601+00:00
TSLA,2025-01-05 23:45:00+00:00,197.8271091196651,200.07912405494758,196.66903783819706,198.58971566895704,198.58971566895704,9078636.0,sample,2026-09-24 19:05:19.565601+00:00
TSLA,2025-01-06 00:00:00+00:00,198.12851397561835,201.51063368978294,196.28095511293893,200.32519906105662,200.32519906105662,10902718.0,sample,2026-09-24 19:05:19.565601+00:00
TSLA,2025-01-06 00:15:00+00:00,200.38058905365097,202.1844264491295,198.9044286450365,200.76008467619613,200.76008467619613,2381631.0,sample,2026-09-24 19:05:19.565601+00:00
TSLA,2025-01-06 00:30:00+00:00,200.91508310968354,201.7285338792192,199.2761281141408,200.46565561848612,200.46565561848612,8148016.0,sample,2026-09-24 19:05:19.565601+00:00
TSLA,2025-01-06 00:45:00+00:00,200.70546818412066,202.38897696747048,197.92183505476748,199.34481096371286,199.34481096371286,4537198.0,sample,2026-09-24 19:05:19.565601+00:00
TSLA,2025-01-06 01:00:00+00:00,200.04755454242078,201.26960175853418,199.39268793082687,200.1290487248485,200.1290487248485,7149871.0,sample,2026-09-24 19:05:19.565601+00:00
TSLA,2025-01-06 01:15:00+00:00,200.5319848048212,201.67054518928595,199.11790235026942,200.01207692259698,200.01207692259698,12092111.0,sample,2026-09-24 19:05:19.565601+00:00
TSLA,2025-01-06 01:30:00+00:00,200.4189172337122,202.3278507966332,198.2617502774553,199.11063418001552,199.11063418001552,14528988.0,sample,2026-09-24 19:05:19.565601+00:00
TSLA,2025-01-06 01:45:00+00:00,198.9420487811352,200.5256496373542,197.79919218419235,198.8118513841978,198.8118513841978,16672465.0,sample,2026-09-24 19:05:19.565601+00:00
TSLA,2025-01-06 02:00:00+00:00,197.74830916248635,200.54072891361167,195.74087589638813,199.26950175461064,199.26950175461064,3322495.0,sample,2026-09-24 19:05:19.565601+00:00
TSLA,2025-01-06 02:15:00+00:00,199.34208877272553,200.878511022207,196.84172016378707,197.60916810207567,197.60916810207567,9875466.0,sample,2026-09-24 19:05:19.565601+00:00
TSLA,2025-01-06 02:30:00+00:00,197.91532555147677,199.20285824878928,194.1418353055421,196.17478500418,196.17478500418,12556909.0,sample,2026-09-24 19:05:19.565601+00:00
TSLA,2025-01-06 02:45:00+00:00,195.9911173937902,198.62957250269832,193.8813876862414,196.6614191786873,196.6614191786873,13809940.0,sample,2026-09-24 19:05:19.565601+00:00
TSLA,2025-01-06 03:00:00+00:00,196.73549637800653,199.60809532517982,194.95613333694504,197.57365345873163,197.57365345873163,8431220.0,sample,2026-09-24 19:05:19.565601+00:00
TSLA,2025-01-06 03:15:00+00:00,197.5979333950469,197.9756043761078,194.82319924288913,196.9959559724731,196.9959559724731,7497868.0,sample,2026-09-24 19:05:19.565601+00:00
TSLA,2025-01-06 03:30:00+00:00,196.86857491869682,198.74408034909553,195.9052464983782,197.13323357734413,197.13323357734413,9517806.0,sample,2026-09-24 19:05:19.565601+00:00
TSLA,2025-01-06 03:45:00+00:00,198.54846212649792,198.8385201109462,195.90187479997167,197.86440225682878,197.86440225682878,15970464.0,sample,2026-09-24 19:05:19.565601+00:00
TSLA,2025-01-06 04:00:00+00:00,198.09284612450273,199.24535407903193,196.3882970752155,197.71558569297963,197.71558569297963,3296029.0,sample,2026-09-24 19:05:19.565601+00:00
TSLA,2025-01-06 04:15:00+00:00,197.48508018881088,200.52767581406346,196.2595315379181,198.16517177791548,198.16517177791548,4193848.0,sample,2026-09-24 19:05:19.565601+00:00
TSLA,2025-01-06 04:30:00+00:00,198.2192237796512,200.6151451925937,197.76523689674852,199.23026660300812,199.23026660300812,5303395.0,sample,2026-09-24 19:05:19.565601+00:00
TSLA,2025-01-06 04:45:00+00:00,200.21032485367442,200.54592763791683,197.782718626292,199.04975311445745,199.04975311445745,14383391.0,sample,2026-09-24 19:05:19.565601+00:00
TSLA,2025-01-06 05:00:00+00:00,198.96000033323114,201.4479410021847,196.82446127212555,199.49439019095172,199.49439019095172,7890362.0,sample,2026-09-24 19:05:19.565601+00:00
TSLA,2025-01-06 05:15:00+00:00,199.34494719945593,201.00757132344225,196.37643270822596,198.15155229195327,198.15155229195327,3544287.0,sample,2026-09-24 19:05:19.565601+00:00
TSLA,2025-01-06 05:30:00+00:00,198.1341670032551,199.28132281518566,195.58163576401873,196.7084926607377,196.7084926607377,6978738.0,sample,2026-09-24 19:05:19.565601+00:00
TSLA,2025-01-06 05:45:00+00:00,196.46598879104303,197.83758624596615,194.76880743338853,196.60195130625584,196.60195130625584,1905886.0,sample,2026-09-24 19:05:19.565601+00:00
TSLA,2025-01-06 06:00:00+00:00,196.8164491389922,197.7380702048851,195.0717831157309,197.1277924493615,197.1277924493615,12139064.0,sample,2026-09-24 19:05:19.565601+00:00
TSLA,2025-01-06 06:15:00+00:00,197.24503242392132,199.4169655367174,195.70881835642348,195.93938880049254,195.93938880049254,15929781.0,sample,2026-09-24 19:05:19.565601+00:00
TSLA,2025-01-06 06:30:00+00:00,195.45066085982302,197.5484436019762,194.43874937671075,195.9389372483894,195.9389372483894,1510992.0,sample,2026-09-24 19:05:19.565601+00:00
TSLA,2025-01-06 06:45:00+00:00,195.93018058640067,197.74719322143875,193.0306557577302,195.1600398888992,195.1600398888992,11392124.0,sample,2026-09-24 19:05:19.565601+00:00
TSLA,2025-01-06 07:00:00+00:00,194.8311236854913,195.3553071746945,192.44443245955992,194.64103511354168,194.64103511354168,8234878.0,sample,2026-09-24 19:05:19.565601+00:00
TSLA,2025-01-06 07:15:00+00:00,194.12552738047054,196.29666423196315,191.93624463342806,195.933193440037,195.933193440037,14249481.0,sample,2026-09-24 19:05:19.565601+00:00
TSLA,2025-01-06 07:30:00+00:00,195.72810962514666,197.78088783606944,194.61859187579367,195.81351275615103,195.81351275615103,13739862.0,sample,2026-09-24 19:05:19.565601+00:00
TSLA,2025-01-06 07:45:00+00:00,195.46183708245607,197.46176884606385,193.93507270968055,195.65387456044053,195.65387456044053,8208605.0,sample,2026-09-24 19:05:19.565601+00:00
TSLA,2025-01-06 08:00:00+00:00,195.57084716126622,197.72064739960422,193.58724719817445,194.44176350393704,194.44176350393704,5836649.0,sample,2026-09-24 19:05:19.565601+00:00
TSLA,2025-01-06 08:15:00+00:00,194.97137521622622,196.79033704831227,191.68201420569818,193.91830642097824,193.91830642097824,16631383.0,sample,2026-09-24 19:05:19.565601+00:00
TSLA,2025-01-06 08:30:00+00:00,192.93990136947866,196.6876889125505,191.6929504452248,194.39701182926672,194.39701182926672,12286177.0,sample,2026-09-24 19:05:19.565601+00:00
TSLA,2025-01-06 08:45:00+00:00,194.4972377741181,195.18363194382727,191.16157563263772,193.04957883836005,193.04957883836005,16524681.0,sample,2026-09-24 19:05:19.565601+00:00
TSLA,2025-01-06 09:00:00+00:00,192.86483282384438,194.22381122949224,190.77115098019362,193.1494963995669,193.1494963995669,13723238.0,sample,2026-09-24 19:05:19.565601+00:00
TSLA,2025-01-06 09:15:00+00:00,193.1999191139249,193.9394062600399,192.14997013043435,193.20938644585902,193.20938644585902,7013724.0,sample,2026-09-24 19:05:19.565601+00:00
TSLA,2025-01-06 09:30:00+00:00,192.9061819612154,195.85887702178886,191.80554203538543,194.3525196393294,194.3525196393294,14778791.0,sample,2026-09-24 19:05:19.565601+00:00
TSLA,2025-01-06 09:45:00+00:00,194.429761926946,194.70486374044785,192.6064497723196,194.16331631347916,194.16331631347916,13335832.0,sample,2026-09-24 19:05:19.565601+00:00
TSLA,2025-01-06 10:00:00+00:00,194.42905794428495,194.82921312934363,192.6138329021414,194.20785735725792,194.20785735725792,10492009.0,sample,2026-09-24 19:05:19.565601+00:00
TSLA,2025-01-06 10:15:00+00:00,193.84288989013157,196.1488941881597,192.42255831220484,195.3391473922945,195.3391473922945,10038436.0,sample,2026-09-24 19:05:19.565601+00:00
TSLA,2025-01-06 10:30:00+00:00,195.48211621619612,196.70044482104714,194.55135811703528,195.95588015636207,195.95588015636207,15245482.0,sample,2026-09-24 19:05:19.565601+00:00
TSLA,2025-01-06 10:45:00+00:00,195.44093237806487,196.3077788575999,193.21966306925657,195.77956892000697,195.77956892000697,14453630.0,sample,2026-09-24 19:05:19.565601+00:00
TSLA,2025-01-06 11:00:00+00:00,195.45991888048556,195.77142951712696,194.0494746488296,194.8136330027772,194.8136330027772,12019869.0,sample,2026-09-24 19:05:19.565601+00:00
TSLA,2025-01-06 11:15:00+00:00,194.89780138712277,196.0437193348656,193.98982202523672,195.67805523117676,195.67805523117676,2669618.0,sample,2026-09-24 19:05:19.565601+00:00
TSLA,2025-01-06 11:30:00+00:00,195.8346189020293,198.9983847339857,195.44569169090758,197.3384396878435,197.3384396878435,2345151.0,sample,2026-09-24 19:05:19.565601+00:00
TSLA,2025-01-06 11:45:00+00:00,197.02637975158643,198.39397139294513,194.80038818006562,197.5312870452568,197.5312870452568,11558488.0,sample,2026-09-24 19:05:19.565601+00:00
TSLA,2025-01-06 12:00:00+00:00,197.5129234374211,199.45196443107264,196.2934106423852,199.11349280015813,199.11349280015813,17291600.0,sample,2026-09-24 19:05:19.565601+00:00
TSLA,2025-01-06 12:15:00+00:00,199.14752722961296,200.0169864931234,195.61107616670148,197.95783905282588,197.95783905282588,15550398.0,sample,2026-09-24 19:05:19.565601+00:00
TSLA,2025-01-06 12:30:00+00:00,197.39648483202274,200.2462324993972,195.18215342777953,198.5803157163516,198.5803157163516,17510265.0,sample,2026-09-24 19:05:19.565601+00:00
TSLA,2025-01-06 12:45:00+00:00,198.6935892672307,202.21420775423064,198.34272081915526,199.83388261680815,199.83388261680815,13910426.0,sample,2026-09-24 19:05:19.565601+00:00
TSLA,2025-01-06 13:00:00+00:00,199.8950271663899,200.9421425124451,199.4870719157134,200.01944489317984,200.01944489317984,11306895.0,sample,2026-09-24 19:05:19.565601+00:00
TSLA,2025-01-06 13:15:00+00:00,200.55989854145434,203.55166412934398,200.02586062156067,201.7266147453699,201.7266147453699,10897919.0,sample,2026-09-24 19:05:19.565601+00:00
TSLA,2025-01-06 13:30:00+00:00,201.67267740596867,203.33785995052332,199.37789536586573,202.04628789255545,202.04628789255545,17622901.0,sample,2026-09-24 19:05:19.565601+00:00
TSLA,2025-01-06 13:45:00+00:00,202.38563680822116,205.16194187743977,201.9922836143105,202.81772129008863,202.81772129008863,7885580.0,sample,2026-09-24 19:05:19.565601+00:00
TSLA,2025-01-06 14:00:00+00:00,202.3404269357324,204.2779612576373,201.79726633722933,203.5044197672294,203.5044197672294,4590549.0,sample,2026-09-24 19:05:19.565601+00:00
TSLA,2025-01-06 14:15:00+00:00,204.05328639476642,204.94237280553818,201.8934085361604,202.80276215906557,202.80276215906557,2704264.0,sample,2026-09-24 19:05:19.565601+00:00
TSLA,2025-01-06 14:30:00+00:00,203.18851913278087,206.47041140845977,202.2977461018874,204.12633935958593,204.12633935958593,2404767.0,sample,2026-09-24 19:05:19.565601+00:00
TSLA,2025-01-06 14:45:00+00:00,204.55409415158954,206.8193721422337,203.92819805800755,204.8710738144849,204.8710738144849,8833204.0,sample,2026-09-24 19:05:19.565601+00:00
TSLA,2025-01-06 15:00:00+00:00,204.5120718159485,206.05929086332645,203.6788545497846,205.13589999830373,205.13589999830373,4440678.0,sample,2026-09-24 19:05:19.565601+00:00
TSLA,2025-01-06 15:15:00+00:00,204.69648109496072,206.83544761232577,202.84398053422035,205.6834073164715,205.6834073164715,7216428.0,sample,2026-09-24 19:05:19.565601+00:00
TSLA,2025-01-06 15:30:00+00:00,205.85789590891608,207.01264379792212,203.58049847454512,204.0960374127996,204.0960374127996,14914580.0,sample,2026-09-24 19:05:19.565601+00:00
TSLA,2025-01-06 15:45:00+00:00,204.141574139206,206.02571579895272,201.726823926029,203.77506119312972,203.77506119312972,17407505.0,sample,2026-09-24 19:05:19.565601+00:00
TSLA,2025-01-06 16:00:00+00:00,204.04391821432066,204.56936746047845,203.10633548861503,203.88005449371354,203.88005449371354,15418994.0,sample,2026-09-24 19:05:19.565601+00:00
TSLA,2025-01-06 16:15:00+00:00,204.08879720832627,205.4687468175215,202.01390914626037,203.99687828927247,203.99687828927247,11947559.0,sample,2026-09-24 19:05:19.565601+00:00
TSLA,2025-01-06 16:30:00+00:00,204.18808429011364,206.69788476633437,202.27844706604998,204.62696499550603,204.62696499550603,13349874.0,sample,2026-09-24 19:05:19.565601+00:00
TSLA,2025-01-06 16:45:00+00:00,204.85457181231152,207.14456591982292,200.9368336411124,203.30341001710022,203.30341001710022,9189091.0,sample,2026-09-24 19:05:19.565601+00:00
TSLA,2025-01-06 17:00:00+00:00,203.08779430543626,204.26575007698906,200.6650042218151,203.1978105104394,203.1978105104394,14379273.0,sample,2026-09-24 19:05:19.565601+00:00
TSLA,2025-01-06 17:15:00+00:00,202.6483617785439,205.3344091471296,202.09489676863916,203.7041965081433,203.7041965081433,17018785.0,sample,2026-09-24 19:05:19.565601+00:00
TSLA,2025-01-06 17:30:00+00:00,203.70402784069515,205.50865549381012,200.54791108323548,202.1864715522282,202.1864715522282,2251784.0,sample,2026-09-24 19:05:19.565601+00:00
TSLA,2025-01-06 17:45:00+00:00,201.61747066564092,203.8593045181011,200.84807318228133,202.99167680231568,202.99167680231568,6191752.0,sample,2026-09-24 19:05:19.565601+00:00
TSLA,2025-01-06 18:00:00+00:00,201.71717626347274,203.62095500113608,200.26703571758006,202.8143021189605,202.8143021189605,10990320.0,sample,2026-09-24 19:05:19.565601+00:00
TSLA,2025-01-06 18:15:00+00:00,203.5210695787797,206.01684448760844,202.6531450805985,203.64191897120634,203.64191897120634,11614253.0,sample,2026-09-24 19:05:19.565601+00:00
TSLA,2025-01-06 18:30:00+00:00,204.06510349230882,206.48762134198697,200.8224355471372,202.93332483033686,202.93332483033686,4310648.0,sample,2026-09-24 19:05:19.565601+00:00
TSLA,2025-01-06 18:45:00+00:00,202.78346477017584,205.0442795270179,201.25193271562753,202.6154748521599,202.6154748521599,2887914.0,sample,2026-09-24 19:05:19.565601+00:00
TSLA,2025-01-06 19:00:00+00:00,202.74763273153852,204.4955197937406,200.7053961978967,203.87508394487887,203.87508394487887,11251264.0,sample,2026-09-24 19:05:19.565601+00:00
TSLA,2025-01-06 19:15:00+00:00,203.62114600397626,205.97863200894287,200.18015604383535,202.26024343441816,202.26024343441816,10227993.0,sample,2026-09-24 19:05:19.565601+00:00
TSLA,2025-01-06 19:30:00+00:00,203.24289979971974,204.21455018429944,201.6643018367654,202.11158633468912,202.11158633468912,14767251.0,sample,2026-09-24 19:05:19.565601+00:00
TSLA,2025-01-06 19:45:00+00:00,202.278827735548,203.60048751738597,199.09155773536273,201.0541575119069,201.0541575119069,15745045.0,sample,2026-09-24 19:05:19.565601+00:00
TSLA,2025-01-06 20:00:00+00:00,201.7896461628288,202.7563431443286,198.46146406587437,200.56407541094842,200.56407541094842,13544026.0,sample,2026-09-24 19:05:19.565601+00:00
TSLA,2025-01-06 20:15:00+00:00,200.57957086290105,202.39908210772262,198.5856395930962,201.3670512904368,201.3670512904368,2529777.0,sample,2026-09-24 19:05:19.565601+00:00
TSLA,2025-01-06 20:30:00+00:00,200.9581960287224,202.62839982144385,200.6201496297895,201.6982016394544,201.6982016394544,17940661.0,sample,2026-09-24 19:05:19.565601+00:00
TSLA,2025-01-06 20:45:00+00:00,201.82896339361238,202.20236897367198,198.0901160145287,200.48030485994445,200.48030485994445,11456551.0,sample,2026-09-24 19:05:19.565601+00:00
TSLA,2025-01-06 21:00:00+00:00,199.49818768956288,202.20754178320726,197.53376348351748,199.99118174173114,199.99118174173114,8104312.0,sample,2026-09-24 19:05:19.565601+00:00
TSLA,2025-01-06 21:15:00+00:00,199.7535517248052,200.67294557920573,198.1286321409961,199.32637565510356,199.32637565510356,5184742.0,sample,2026-09-24 19:05:19.565601+00:00
TSLA,2025-01-06 21:30:00+00:00,199.5892283927288,201.8541593451683,197.1806529605453,198.97094321057583,198.97094321057583,10879871.0,sample,2026-09-24 19:05:19.565601+00:00
TSLA,2025-01-06 21:45:00+00:00,198.07489382543397,198.46964017011797,195.97147722650433,197.72470301297432,197.72470301297432,2640484.0,sample,2026-09-24 19:05:19.565601+00:00
TSLA,2025-01-06 22:00:00+00:00,197.24217386768504,199.6645592710594,195.208390971736,199.04229740388723,199.04229740388723,13997570.0,sample,2026-09-24 19:05:19.565601+00:00
TSLA,2025-01-06 22:15:00+00:00,198.44516391662313,198.97568611685375,196.86493805913432,198.65131836290445,198.65131836290445,3592947.0,sample,2026-09-24 19:05:19.565601+00:00
TSLA,2025-01-06 22:30:00+00:00,198.546231208637,199.18969644139577,197.29690905601973,198.49055046552698,198.49055046552698,6955257.0,sample,2026-09-24 19:05:19.565601+00:00
TSLA,2025-01-06 22:45:00+00:00,198.19942407028697,199.55945225891645,197.53173800974434,198.56711347707432,198.56711347707432,7299994.0,sample,2026-09-24 19:05:19.565601+00:00
TSLA,2025-01-06 23:00:00+00:00,199.35367382486214,200.09424404414347,196.2602337584919,197.9660826697322,197.9660826697322,11491369.0,sample,2026-09-24 19:05:19.565601+00:00
TSLA,2025-01-06 23:15:00+00:00,198.3177785411613,199.10934258571908,197.21381039158615,198.34809687634188,198.34809687634188,17586205.0,sample,2026-09-24 19:05:19.565601+00:00
TSLA,2025-01-06 23:30:00+00:00,197.55011162976533,200.7633972921919,195.6858391790005,199.27631308242928,199.27631308242928,11372891.0,sample,2026-09-24 19:05:19.565601+00:00
TSLA,2025-01-06 23:45:00+00:00,198.99956037374196,201.0929105023318,197.80445251782515,199.81511694162194,199.81511694162194,17890024.0,sample,2026-09-24 19:05:19.565601+00:00
TSLA,2025-01-07 00:00:00+00:00,199.19793338484988,201.2897803548318,198.55977027685785,200.1655956578705,200.1655956578705,13777128.0,sample,2026-09-24 19:05:19.565601+00:00
TSLA,2025-01-07 00:15:00+00:00,199.36673338380893,201.7198752539701,198.7918808283492,200.038580163617,200.038580163617,11557854.0,sample,2026-09-24 19:05:19.565601+00:00
TSLA,2025-01-07 00:30:00+00:00,200.20088435408923,201.1236014332511,198.17046594441584,199.2404787289136,199.2404787289136,4015555.0,sample,2026-09-24 19:05:19.565601+00:00
TSLA,2025-01-07 00:45:00+00:00,198.6650660691389,200.53706948432884,197.7220418925375,199.88984888654358,199.88984888654358,14368452.0,sample,2026-09-24 19:05:19.565601+00:00
TSLA,2025-01-07 01:00:00+00:00,200.11688395860517,203.60289691650027,198.39660737433462,201.3580830619079,201.3580830619079,16734541.0,sample,2026-09-24 19:05:19.565601+00:00
TSLA,2025-01-07 01:15:00+00:00,200.87943275126534,201.22830798964048,198.42386552815134,200.77136059399848,200.77136059399848,12686021.0,sample,2026-09-24 19:05:19.565601+00:00
TSLA,2025-01-07 01:30:00+00:00,200.3292005497946,204.12461128807948,198.94840604824526,201.86468689719814,201.86468689719814,5512092.0,sample,2026-09-24 19:05:19.565601+00:00
TSLA,2025-01-07 01:45:00+00:00,201.9036081038961,202.7441228807782,199.4200148891006,201.6573458096895,201.6573458096895,14325933.0,sample,2026-09-24 19:05:19.565601+00:00
TSLA,2025-01-07 02:00:00+00:00,201.2396945401886,202.13537230986907,199.54050632357055,200.97197408671283,200.97197408671283,7218293.0,sample,2026-09-24 19:05:19.565601+00:00
TSLA,2025-01-07 02:15:00+00:00,201.56009453278006,203.72881141058494,200.2819612752858,201.07712878390248,201.07712878390248,13270704.0,sample,2026-09-24 19:05:19.565601+00:00
TSLA,2025-01-07 02:30:00+00:00,200.9935893492031,204.12561989508293,199.99648375208832,202.02262424082315,202.02262424082315,17863047.0,sample,2026-09-24 19:05:19.565601+00:00
TSLA,2025-01-07 02:45:00+00:00,202.2872739635631,204.4343817065713,199.01733730279608,201.3963765059004,201.3963765059004,15252017.0,sample,2026-09-24 19:05:19.565601+00:00
TSLA,2025-01-07 03:00:00+00:00,201.2690273639584,202.61417703263726,199.97898055689285,200.59285876293512,200.59285876293512,12730360.0,sample,2026-09-24 19:05:19.565601+00:00
TSLA,2025-01-07 03:15:00+00:00,200.77553082216804,201.70507350308918,199.55779139705666,200.6871311183882,200.6871311183882,12858295.0,sample,2026-09-24 19:05:19.565601+00:00
TSLA,2025-01-07 03:30:00+00:00,200.6186714497609,201.1521117251768,199.40183300896942,200.71284129019543,200.71284129019543,10993896.0,sample,2026-09-24 19:05:19.565601+00:00
TSLA,2025-01-07 03:45:00+00:00,200.87737516335977,201.66835545855014,198.87000579876425,200.52080030265392,200.52080030265392,12661421.0,sample,2026-09-24 19:05:19.565601+00:00
TSLA,2025-01-07 04:00:00+00:00,200.41674497581585,202.7919506604864,199.01892326884166,199.4787183197016,199.4787183197016,12804358.0,sample,2026-09-24 19:05:19.565601+00:00
TSLA,2025-01-07 04:15:00+00:00,199.30211888322185,202.2897031920945,196.94029729925452,200.22292954517633,200.22292954517633,2944029.0,sample,2026-09-24 19:05:19.565601+00:00
TSLA,2025-01-07 04:30:00+00:00,199.84371812427116,202.71451777925915,197.8699856109017,200.65924567169472,200.65924567169472,6645695.0,sample,2026-09-24 19:05:19.565601+00:00
TSLA,2025-01-07 04:45:00+00:00,201.264610401885,203.17503491477734,198.5238784245293,200.92248545675358,200.92248545675358,15320322.0,sample,2026-09-24 19:05:19.565601+00:00
TSLA,2025-01-07 05:00:00+00:00,201.38975562426995,202.00624309197107,199.9366552145157,200.15017389399148,200.15017389399148,17425212.0,sample,2026-09-24 19:05:19.565601+00:00
TSLA,2025-01-07 05:15:00+00:00,200.34572979777687,201.24463660765124,198.90946206838927,199.38095813039158,199.38095813039158,6547380.0,sample,2026-09-24 19:05:19.565601+00:00
TSLA,2025-01-07 05:30:00+00:00,199.66084142150729,201.1737529911054,197.40806294351168,199.52985372969337,199.52985372969337,10027489.0,sample,2026-09-24 19:05:19.565601+00:00
TSLA,2025-01-07 05:45:00+00:00,199.2016428484985,201.75056308957704,197.12439576207422,200.3504468406889,200.3504468406889,6589292.0,sample,2026-09-24 19:05:19.565601+00:00
TSLA,2025-01-07 06:00:00+00:00,200.49959892420483,201.90549545313925,198.1421829599495,199.58603100076368,199.58603100076368,11976351.0,sample,2026-09-24 19:05:19.565601+00:00
TSLA,2025-01-07 06:15:00+00:00,198.84517368029313,201.90469444785464,197.49916676853385,200.7319016877183,200.7319016877183,8229260.0,sample,2026-09-24 19:05:19.565601+00:00
TSLA,2025-01-07 06:30:00+00:00,200.3054135222683,203.19914815207227,198.32568300262184,201.45513711510134,201.45513711510134,7342840.0,sample,2026-09-24 19:05:19.565601+00:00
TSLA,2025-01-07 06:45:00+00:00,201.6604325203923,201.99710418083282,199.21198746712997,200.57700662528734,200.57700662528734,16467492.0,sample,2026-09-24 19:05:19.565601+00:00
TSLA,2025-01-07 07:00:00+00:00,200.23273612078165,202.2737691175582,199.98080302926184,200.96176061381001,200.96176061381001,2043470.0,sample,2026-09-24 19:05:19.565601+00:00
TSLA,2025-01-07 07:15:00+00:00,200.88409155815245,202.9414482706707,199.797106079199,201.2713026474232,201.2713026474232,16466688.0,sample,2026-09-24 19:05:19.565601+00:00
TSLA,2025-01-07 07:30:00+00:00,201.51678272948294,203.00893140552793,199.78455580239213,200.4932983228778,200.4932983228778,16099358.0,sample,2026-09-24 19:05:19.565601+00:00
TSLA,2025-01-07 07:45:00+00:00,200.69119207049013,203.03253335356314,199.20096170917625,200.2034515499406,200.2034515499406,15597831.0,sample,2026-09-24 19:05:19.565601+00:00
TSLA,2025-01-07 08:00:00+00:00,199.687319399276,201.51768976478465,199.39889065102443,200.17465812538742,200.17465812538742,12390040.0,sample,2026-09-24 19:05:19.565601+00:00
TSLA,2025-01-07 08:15:00+00:00,200.65466115814877,202.12527277942948,198.55949451122163,200.06664943730058,200.06664943730058,15708015.0,sample,2026-09-24 19:05:19.565601+00:00
TSLA,2025-01-07 08:30:00+00:00,200.07198402490468,202.71000469107707,197.71921410861071,200.89672860454553,200.89672860454553,12984401.0,sample,2026-09-24 19:05:19.565601+00:00
TSLA,2025-01-07 08:45:00+00:00,200.8320006756407,201.5728154264551,198.18985250300574,199.47277318442343,199.47277318442343,6831376.0,sample,2026-09-24 19:05:19.565601+00:00
TSLA,2025-01-07 09:00:00+00:00,199.88587997124043,201.77408396375225,197.65943565958435,198.261260736608,198.261260736608,10332541.0,sample,2026-09-24 19:05:19.565601+00:00
TSLA,2025-01-07 09:15:00+00:00,198.008334495247,201.34490881901957,197.38720792355485,199.35541922179974,199.35541922179974,10754455.0,sample,2026-09-24 19:05:19.565601+00:00
TSLA,2025-01-07 09:30:00+00:00,198.40609329415946,200.7076527538994,196.72326905162282,199.3494128982406,199.3494128982406,7036809.0,sample,2026-09-24 19:05:19.565601+00:00
TSLA,2025-01-07 09:45:00+00:00,199.48888350592333,200.51940274792116,197.62267844776682,199.10787036278052,199.10787036278052,13336591.0,sample,2026-09-24 19:05:19.565601+00:00
TSLA,2025-01-07 10:00:00+00:00,198.7418246158227,201.1140252341447,196.6568944743267,198.07710327936562,198.07710327936562,15064201.0,sample,2026-09-24 19:05:19.565601+00:00
TSLA,2025-01-07 10:15:00+00:00,197.13384912488027,198.4968875448108,196.8032369800474,197.27939293050747,197.27939293050747,8129183.0,sample,2026-09-24 19:05:19.565601+00:00
TSLA,2025-01-07 10:30:00+00:00,197.3463992104324,199.3219481855154,194.6164992329126,195.90560349805244,195.90560349805244,1830328.0,sample,2026-09-24 19:05:19.565601+00:00
TSLA,2025-01-07 10:45:00+00:00,195.50957763256662,198.01427142937155,194.98748739144764,195.9857550342707,195.9857550342707,6671402.0,sample,2026-09-24 19:05:19.565601+00:00
TSLA,2025-01-07 11:00:00+00:00,195.27617922907527,197.42602092401737,193.2529837291014,195.66959411595667,195.66959411595667,3619265.0,sample,2026-09-24 19:05:19.565601+00:00
TSLA,2025-01-07 11:15:00+00:00,195.71318134204665,198.00466873002122,193.06983949195836,195.29961207230295,195.29961207230295,11234163.0,sample,2026-09-24 19:05:19.565601+00:00
TSLA,2025-01-07 11:30:00+00:00,194.77700677199385,195.84328532549517,193.60894387893975,195.43864274415768,195.43864274415768,5001450.0,sample,2026-09-24 19:05:19.565601+00:00
TSLA,2025-01-07 11:45:00+00:00,194.9736008536229,196.09911417763922,194.34991928986315,194.83198368407017,194.83198368407017,11572009.0,sample,2026-09-24 19:05:19.565601+00:00
TSLA,2025-01-07 12:00:00+00:00,194.52344288866678,196.5784518798097,193.3265715012216,194.5803764001056,194.5803764001056,12414031.0,sample,2026-09-24 19:05:19.565601+00:00
TSLA,2025-01-07 12:15:00+00:00,194.47308031102693,195.03113456126724,193.39517469325372,194.00835337294112,194.00835337294112,9183824.0,sample,2026-09-24 19:05:19.565601+00:00
TSLA,2025-01-07 12:30:00+00:00,194.08381210381114,196.9446709461842,193.08972623646642,194.87707351363923,194.87707351363923,6104117.0,sample,2026-09-24 19:05:19.565601+00:00
TSLA,2025-01-07 12:45:00+00:00,194.8278605004374,196.16156742357532,192.76854013202535,194.79590915372066,194.79590915372066,17760323.0,sample,2026-09-24 19:05:19.565601+00:00
TSLA,2025-01-07 13:00:00+00:00,195.13684516235023,197.8959198712172,194.77277539535788,195.58216460548417,195.58216460548417,9330429.0,sample,2026-09-24 19:05:19.565601+00:00
TSLA,2025-01-07 13:15:00+00:00,195.2010430219532,198.16119618581425,193.6906825895046,196.9641806385643,196.9641806385643,4540901.0,sample,2026-09-24 19:05:19.565601+00:00
TSLA,2025-01-07 13:30:00+00:00,197.49813456916812,199.77769125931337,195.73522545895162,197.95570378862305,197.95570378862305,10774420.0,sample,2026-09-24 19:05:19.565601+00:00
TSLA,2025-01-07 13:45:00+00:00,197.38231167948248,197.7586850316959,196.39746824237642,197.47614187559373,197.47614187559373,2349135.0,sample,2026-09-24 19:05:19.565601+00:00
TSLA,2025-01-07 14:00:00+00:00,197.39852570484624,198.35019892375652,196.9679091641275,198.04293560551235,198.04293560551235,6087305.0,sample,2026-09-24 19:05:19.565601+00:00
TSLA,2025-01-07 14:15:00+00:00,198.5237556088709,198.8845994889345,195.90326105377196,197.9738289490508,197.9738289490508,10130779.0,sample,2026-09-24 19:05:19.565601+00:00
TSLA,2025-01-07 14:30:00+00:00,197.8827927368315,198.24678320899858,196.91496497806986,197.32367818115034,197.32367818115034,7445048.0,sample,2026-09-24 19:05:19.565601+00:00
TSLA,2025-01-07 14:45:00+00:00,197.6600183652373,198.16234022035295,193.85468983068859,196.18019735864954,196.18019735864954,12678010.0,sample,2026-09-24 19:05:19.565601+00:00
TSLA,2025-01-07 15:00:00+00:00,196.37447639612878,198.0533018945216,194.2792812620238,196.72707041458636,196.72707041458636,3583452.0,sample,2026-09-24 19:05:19.565601+00:00
TSLA,2025-01-07 15:15:00+00:00,196.72886475266515,198.7921770698929,195.74620313552444,195.95229846705323,195.95229846705323,16615780.0,sample,2026-09-24 19:05:19.565601+00:00
TSLA,2025-01-07 15:30:00+00:00,196.38173326790007,197.8749216816953,193.8219901792107,195.00756293842622,195.00756293842622,12667140.0,sample,2026-09-24 19:05:19.565601+00:00
TSLA,2025-01-07 15:45:00+00:00,195.20183630184354,196.44685526217515,192.3478512174934,194.53554822117314,194.53554822117314,16747670.0,sample,2026-09-24 19:05:19.565601+00:00
TSLA,2025-01-07 16:00:00+00:00,195.33442818887784,197.34305715787988,192.0733795445439,194.24195158517196,194.24195158517196,2938267.0,sample,2026-09-24 19:05:19.565601+00:00
TSLA,2025-01-07 16:15:00+00:00,194.29860452574135,196.08475939886367,192.8771939238853,195.77839733739287,195.77839733739287,9837777.0,sample,2026-09-24 19:05:19.565601+00:00
TSLA,2025-01-07 16:30:00+00:00,196.05708509636335,198.1747120053141,193.72505613140848,195.55783891418372,195.55783891418372,15736223.0,sample,2026-09-24 19:05:19.565601+00:00
TSLA,2025-01-07 16:45:00+00:00,195.19644466038974,196.64782983197446,192.94390883176203,195.86248616085584,195.86248616085584,17938939.0,sample,2026-09-24 19:05:19.565601+00:00
TSLA,2025-01-07 17:00:00+00:00,196.23801268711827,197.82818653553932,194.68495389485585,195.75549218736987,195.75549218736987,9095903.0,sample,2026-09-24 19:05:19.565601+00:00
TSLA,2025-01-07 17:15:00+00:00,196.24110776565965,197.40897756257903,192.64045207804116,194.2940851993363,194.2940851993363,14696057.0,sample,2026-09-24 19:05:19.565601+00:00
TSLA,2025-01-07 17:30:00+00:00,193.9962610263654,194.30106041734945,193.58721883461638,194.05396832330922,194.05396832330922,12053721.0,sample,2026-09-24 19:05:19.565601+00:00
TSLA,2025-01-07 17:45:00+00:00,194.2186518671252,194.72417012003706,191.8660033972368,194.03286939621765,194.03286939621765,12509079.0,sample,2026-09-24 19:05:19.565601+00:00
TSLA,2025-01-07 18:00:00+00:00,194.33342679642107,195.2153987434176,192.67126475771332,194.53518176852296,194.53518176852296,10406795.0,sample,2026-09-24 19:05:19.565601+00:00
TSLA,2025-01-07 18:15:00+00:00,194.36847152923693,197.00320625411877,192.08198897434488,195.02045471574874,195.02045471574874,15257144.0,sample,2026-09-24 19:05:19.565601+00:00
TSLA,2025-01-07 18:30:00+00:00,194.76619824502856,197.35064687629205,193.62540195418148,196.00827381762602,196.00827381762602,13415678.0,sample,2026-09-24 19:05:19.565601+00:00
TSLA,2025-01-07 18:45:00+00:00,195.73389265292326,198.5745581148197,193.9387899196929,197.69980853268274,197.69980853268274,6581132.0,sample,2026-09-24 19:05:19.565601+00:00
TSLA,2025-01-07 19:00:00+00:00,198.51348630432702,200.57996849870665,196.4833350681262,197.38221346672438,197.38221346672438,6902680.0,sample,2026-09-24 19:05:19.565601+00:00
TSLA,2025-01-07 19:15:00+00:00,197.24803557999869,198.19437558639234,196.55936638461162,197.451505715928,197.451505715928,17257382.0,sample,2026-09-24 19:05:19.565601+00:00
TSLA,2025-01-07 19:30:00+00:00,197.8207867023735,199.75592906841442,196.87383195778241,197.54417794958013,197.54417794958013,5654482.0,sample,2026-09-24 19:05:19.565601+00:00
TSLA,2025-01-07 19:45:00+00:00,197.3968965119597,197.70535324275883,194.80129652829382,197.01611090867468,197.01611090867468,9669964.0,sample,2026-09-24 19:05:19.565601+00:00
TSLA,2025-01-07 20:00:00+00:00,197.5116178871117,199.73788136712093,196.4127956783389,197.6136500294206,197.6136500294206,11435959.0,sample,2026-09-24 19:05:19.565601+00:00
TSLA,2025-01-07 20:15:00+00:00,198.00350233991819,199.91069512124878,194.5251921974271,196.76446701765866,196.76446701765866,2185798.0,sample,2026-09-24 19:05:19.565601+00:00
TSLA,2025-01-07 20:30:00+00:00,196.57575049866944,196.89557424587846,195.57721427751358,196.6839737885572,196.6839737885572,11049912.0,sample,2026-09-24 19:05:19.565601+00:00
TSLA,2025-01-07 20:45:00+00:00,197.12305477627342,197.49660852246336,194.85639460284557,196.55462619727086,196.55462619727086,6837534.0,sample,2026-09-24 19:05:19.565601+00:00
TSLA,2025-01-07 21:00:00+00:00,197.19448436319882,199.22240221731104,195.5068084620929,197.26422418250007,197.26422418250007,5312728.0,sample,2026-09-24 19:05:19.565601+00:00
TSLA,2025-01-07 21:15:00+00:00,197.03901348019312,199.25419628862463,196.06080664455834,197.39823925550255,197.39823925550255,2223388.0,sample,2026-09-24 19:05:19.565601+00:00
TSLA,2025-01-07 21:30:00+00:00,197.1076154873272,199.20810102467897,195.68421142620832,196.34698584910976,196.34698584910976,5733585.0,sample,2026-09-24 19:05:19.565601+00:00
TSLA,2025-01-07 21:45:00+00:00,196.1487774692718,198.68471383609713,195.40944271599813,197.27625092116344,197.27625092116344,17390134.0,sample,2026-09-24 19:05:19.565601+00:00
TSLA,2025-01-07 22:00:00+00:00,196.82100868922078,199.52941319397195,196.17378334946585,197.18281215214012,197.18281215214012,15371178.0,sample,2026-09-24 19:05:19.565601+00:00
TSLA,2025-01-07 22:15:00+00:00,197.2018964603799,198.5811098392675,194.9971459482107,197.16683658776478,197.16683658776478,15354572.0,sample,2026-09-24 19:05:19.565601+00:00
TSLA,2025-01-07 22:30:00+00:00,196.85508413084267,197.84907005816117,194.63259897985466,196.24054817430016,196.24054817430016,5908001.0,sample,2026-09-24 19:05:19.565601+00:00
TSLA,2025-01-07 22:45:00+00:00,196.7782078893628,199.99275171637217,195.465627668845,197.69351237653387,197.69351237653387,6497069.0,sample,2026-09-24 19:05:19.565601+00:00
TSLA,2025-01-07 23:00:00+00:00,197.43166388275912,199.9841123836901,196.27858082031628,198.6165935116466,198.6165935116466,14131062.0,sample,2026-09-24 19:05:19.565601+00:00
TSLA,2025-01-07 23:15:00+00:00,198.5076208107143,198.79860691259722,195.73826770061402,198.11411030990462,198.11411030990462,7482572.0,sample,2026-09-24 19:05:19.565601+00:00
TSLA,2025-01-07 23:30:00+00:00,198.150209059713,198.81864366406728,196.41876190046486,198.44094050061696,198.44094050061696,5436713.0,sample,2026-09-24 19:05:19.565601+00:00
TSLA,2025-01-07 23:45:00+00:00,198.51840769537387,199.91578189763456,196.7235474511052,198.6662465343565,198.6662465343565,2047441.0,sample,2026-09-24 19:05:19.565601+00:00
TSLA,2025-01-08 00:00:00+00:00,199.06452423569266,200.87415527635815,196.51975629910973,198.87829749153278,198.87829749153278,10724472.0,sample,2026-09-24 19:05:19.565601+00:00
TSLA,2025-01-08 00:15:00+00:00,199.11533972226292,200.269820695248,198.4729648914492,199.9099671884278,199.9099671884278,3608468.0,sample,2026-09-24 19:05:19.565601+00:00
TSLA,2025-01-08 00:30:00+00:00,200.40293719323907,204.2154123458319,200.03967269383804,201.85944913031489,201.85944913031489,4033171.0,sample,2026-09-24 19:05:19.565601+00:00
TSLA,2025-01-08 00:45:00+00:00,201.60108287405438,203.96670305013447,200.72098314449872,201.39473702258755,201.39473702258755,13467932.0,sample,2026-09-24 19:05:19.565601+00:00
TSLA,2025-01-08 01:00:00+00:00,201.4445410137363,201.9147409666817,201.2369982595961,201.69415358239533,201.69415358239533,9197684.0,sample,2026-09-24 19:05:19.565601+00:00
TSLA,2025-01-08 01:15:00+00:00,202.0792460181433,203.6469089130586,199.24950319592935,201.3019690696993,201.3019690696993,9039970.0,sample,2026-09-24 19:05:19.565601+00:00
TSLA,2025-01-08 01:30:00+00:00,201.23014137948013,204.19496549246486,200.5408998961086,201.94485153675046,201.94485153675046,2739913.0,sample,2026-09-24 19:05:19.565601+00:00
TSLA,2025-01-08 01:45:00+00:00,201.68174646745885,204.26463785259293,200.14924623811294,202.57166389984408,202.57166389984408,17606677.0,sample,2026-09-24 19:05:19.565601+00:00
TSLA,2025-01-08 02:00:00+00:00,202.92243026815882,205.08303260880558,202.5742893197015,202.86719037984355,202.86719037984355,13654917.0,sample,2026-09-24 19:05:19.565601+00:00
TSLA,2025-01-08 02:15:00+00:00,202.2650557875693,203.24031075848168,200.5624668409928,202.81321573519395,202.81321573519395,14456994.0,sample,2026-09-24 19:05:19.565601+00:00
TSLA,2025-01-08 02:30:00+00:00,202.76215686320708,205.6600073224216,202.14134082553596,203.7876177557817,203.7876177557817,14150102.0,sample,2026-09-24 19:05:19.565601+00:00
TSLA,2025-01-08 02:45:00+00:00,203.60576710201062,206.43014039423014,202.18346580734888,204.74433221320479,204.74433221320479,11359100.0,sample,2026-09-24 19:05:19.565601+00:00
TSLA,2025-01-08 03:00:00+00:00,204.5889088205206,206.6116168546333,202.43661895710852,205.71039613648918,205.71039613648918,9715614.0,sample,2026-09-24 19:05:19.565601+00:00
TSLA,2025-01-08 03:15:00+00:00,206.2465769660215,207.9084986411852,205.5355847479744,205.98715437802366,205.98715437802366,10577671.0,sample,2026-09-24 19:05:19.565601+00:00
TSLA,2025-01-08 03:30:00+00:00,206.0503646259816,207.07649024442438,204.78398711847416,205.7354130465812,205.7354130465812,9007760.0,sample,2026-09-24 19:05:19.565601+00:00
TSLA,2025-01-08 03:45:00+00:00,206.25544976414133,207.68728945690827,205.76340347151546,206.15411837607758,206.15411837607758,16693192.0,sample,2026-09-24 19:05:19.565601+00:00
TSLA,2025-01-08 04:00:00+00:00,206.02172471925306,207.66943771644495,204.43405614709127,206.45147885013674,206.45147885013674,7146738.0,sample,2026-09-24 19:05:19.565601+00:00
TSLA,2025-01-08 04:15:00+00:00,206.25280716727465,209.04384481074814,204.7436715696057,206.66038601903077,206.66038601903077,4431428.0,sample,2026-09-24 19:05:19.565601+00:00
TSLA,2025-01-08 04:30:00+00:00,206.84083018131244,208.97492066870643,205.50450681745974,206.7886143687445,206.7886143687445,2958020.0,sample,2026-09-24 19:05:19.565601+00:00
TSLA,2025-01-08 04:45:00+00:00,207.2814349620272,209.76087911537485,206.0554646669526,208.56669604974869,208.56669604974869,3639932.0,sample,2026-09-24 19:05:19.565601+00:00
TSLA,2025-01-08 05:00:00+00:00,207.9469301673005,209.27982711342443,206.4812677570932,207.15034308860817,207.15034308860817,2171174.0,sample,2026-09-24 19:05:19.565601+00:00
TSLA,2025-01-08 05:15:00+00:00,207.2062049338259,209.6898700914244,206.2794687458435,207.96337498799284,207.96337498799284,3105016.0,sample,2026-09-24 19:05:19.565601+00:00
TSLA,2025-01-08 05:30:00+00:00,207.9668726675939,209.89889426536823,207.07182971603206,208.6205944051605,208.6205944051605,17754006.0,sample,2026-09-24 19:05:19.565601+00:00
TSLA,2025-01-08 05:45:00+00:00,208.47519368134076,209.41943521188557,205.86369178366064,208.03558985455032,208.03558985455032,15530474.0,sample,2026-09-24 19:05:19.565601+00:00
TSLA,2025-01-08 06:00:00+00:00,207.84799859718146,209.2188203059341,206.6043550356172,206.834789041481,206.834789041481,7123370.0,sample,2026-09-24 19:05:19.565601+00:00
TSLA,2025-01-08 06:15:00+00:00,206.47421956268957,208.51502391890037,205.57842794560767,206.6248107695957,206.6248107695957,13028488.0,sample,2026-09-24 19:05:19.565601+00:00
TSLA,2025-01-08 06:30:00+00:00,206.73283915510106,208.55049305493586,206.15109533867096,206.7426742482025,206.7426742482025,13257874.0,sample,2026-09-24 19:05:19.565601+00:00
TSLA,2025-01-08 06:45:00+00:00,206.86348236335175,208.45102084294712,206.35043127525145,207.508933284625,207.508933284625,5902869.0,sample,2026-09-24 19:05:19.565601+00:00
TSLA,2025-01-08 07:00:00+00:00,207.31949574568029,208.49827483379394,206.53019692316994,207.1085699089304,207.1085699089304,4619410.0,sample,2026-09-24 19:05:19.565601+00:00
TSLA,2025-01-08 07:15:00+00:00,206.9047919641628,209.38073790522094,205.48633890751142,206.68563142009532,206.68563142009532,3472198.0,sample,2026-09-24 19:05:19.565601+00:00
TSLA,2025-01-08 07:30:00+00:00,207.00752353068177,209.47882693839423,204.86023854763175,207.8762268513885,207.8762268513885,9202194.0,sample,2026-09-24 19:05:19.565601+00:00
TSLA,2025-01-08 07:45:00+00:00,207.85568193660916,209.55795283532396,206.26529301857389,208.91884451703783,208.91884451703783,2094954.0,sample,2026-09-24 19:05:19.565601+00:00
TSLA,2025-01-08 08:00:00+00:00,208.5783952974314,212.33427027653028,207.58730652944587,209.92458560054854,209.92458560054854,13477035.0,sample,2026-09-24 19:05:19.565601+00:00
TSLA,2025-01-08 08:15:00+00:00,209.61328774381914,211.652388169013,207.8930211165548,209.59122620217795,209.59122620217795,17590383.0,sample,2026-09-24 19:05:19.565601+00:00
TSLA,2025-01-08 08:30:00+00:00,209.42333543680982,211.95644901575386,209.10080503703827,209.85069755987968,209.85069755987968,11854043.0,sample,2026-09-24 19:05:19.565601+00:00
TSLA,2025-01-08 08:45:00+00:00,210.2178088679725,212.3556952319912,206.73587006803635,209.12253426675832,209.12253426675832,12285642.0,sample,2026-09-24 19:05:19.565601+00:00
TSLA,2025-01-08 09:00:00+00:00,208.37883078152208,211.4840536731417,206.93131846840234,209.14490580204244,209.14490580204244,15956782.0,sample,2026-09-24 19:05:19.565601+00:00
TSLA,2025-01-08 09:15:00+00:00,209.3099279725416,211.519206966472,206.23725102877123,208.69459293974305,208.69459293974305,16853779.0,sample,2026-09-24 19:05:19.565601+00:00
TSLA,2025-01-08 09:30:00+00:00,208.73514104871398,211.09048980248815,207.6013289880194,209.46325576283772,209.46325576283772,15488892.0,sample,2026-09-24 19:05:19.565601+00:00
TSLA,2025-01-08 09:45:00+00:00,209.48626360303751,211.28118618072818,207.76826235189924,209.0087129361021,209.0087129361021,17778771.0,sample,2026-09-24 19:05:19.565601+00:00
TSLA,2025-01-08 10:00:00+00:00,209.08922360267795,210.42905400419102,206.8174590016409,209.43695355878276,209.43695355878276,6830750.0,sample,2026-09-24 19:05:19.565601+00:00
TSLA,2025-01-08 10:15:00+00:00,209.59500800964977,211.65580614422035,207.6445470805601,209.70655373062021,209.70655373062021,7700321.0,sample,2026-09-24 19:05:19.565601+00:00
TSLA,2025-01-08 10:30:00+00:00,210.05997367886678,211.69113047195802,207.63009555082513,209.4672125647959,209.4672125647959,15939492.0,sample,2026-09-24 19:05:19.565601+00:00
TSLA,2025-01-08 10:45:00+00:00,208.97750157795596,210.67250044941616,206.83456657281113,208.76316249358658,208.76316249358658,8181925.0,sample,2026-09-24 19:05:19.565601+00:00
TSLA,2025-01-08 11:00:00+00:00,209.02192532029724,209.80211056594257,206.1785531782124,207.73498621907024,207.73498621907024,17019391.0,sample,2026-09-24 19:05:19.565601+00:00
TSLA,2025-01-08 11:15:00+00:00,207.99179378759248,209.3307271340596,206.40369811410955,208.85908308925184,208.85908308925184,12920161.0,sample,2026-09-24 19:05:19.565601+00:00
TSLA,2025-01-08 11:30:00+00:00,208.72495146903452,210.90802636012748,206.5234694792385,208.7969279290374,208.7969279290374,11574815.0,sample,2026-09-24 19:05:19.565601+00:00
TSLA,2025-01-08 11:45:00+00:00,208.30762277563267,209.72771090079343,207.18598272126812,208.76036916573247,208.76036916573247,9465110.0,sample,2026-09-24 19:05:19.565601+00:00
TSLA,2025-01-08 12:00:00+00:00,209.55903761995293,211.3482169677171,207.55172815238456,208.85773597865466,208.85773597865466,4388360.0,sample,2026-09-24 19:05:19.565601+00:00
TSLA,2025-01-08 12:15:00+00:00,208.50712287580936,209.0731990016672,206.42188308984865,207.6770765187212,207.6770765187212,16947003.0,sample,2026-09-24 19:05:19.565601+00:00
TSLA,2025-01-08 12:30:00+00:00,207.5462983378883,209.95419283479563,206.13860168242493,208.7411771840324,208.7411771840324,15117854.0,sample,2026-09-24 19:05:19.565601+00:00
TSLA,2025-01-08 12:45:00+00:00,208.20772358072674,210.78634662873912,207.1179816957044,209.09364230544273,209.09364230544273,4592751.0,sample,2026-09-24 19:05:19.565601+00:00
TSLA,2025-01-08 13:00:00+00:00,208.97802131628617,210.4495729759995,208.0068470647426,208.3969759008167,208.3969759008167,10387241.0,sample,2026-09-24 19:05:19.565601+00:00
TSLA,2025-01-08 13:15:00+00:00,208.95841304819174,209.7469303879166,206.7427332357605,207.89169856747156,207.89169856747156,3537116.0,sample,2026-09-24 19:05:19.565601+00:00
TSLA,2025-01-08 13:30:00+00:00,207.9800833251594,210.30065094509658,206.95829186974,208.29386522375202,208.29386522375202,3876766.0,sample,2026-09-24 19:05:19.565601+00:00
TSLA,2025-01-08 13:45:00+00:00,208.01840943877195,211.0648683005849,206.07801564478854,209.0072821632164,209.0072821632164,1926718.0,sample,2026-09-24 19:05:19.565601+00:00
TSLA,2025-01-08 14:00:00+00:00,208.96966808023134,210.55985009711344,207.9756377238382,208.60808139198915,208.60808139198915,11477223.0,sample,2026-09-24 19:05:19.565601+00:00
TSLA,2025-01-08 14:15:00+00:00,208.8644341287634,209.41584632324953,207.2051429358332,208.86475832538557,208.86475832538557,5526112.0,sample,2026-09-24 19:05:19.565601+00:00
TSLA,2025-01-08 14:30:00+00:00,208.84381622615206,209.96938851030848,206.98432828323956,209.58142240850847,209.58142240850847,16080904.0,sample,2026-09-24 19:05:19.565601+00:00
TSLA,2025-01-08 14:45:00+00:00,208.3725040725826,211.53395065675514,207.16050889622392,209.3133371348212,209.3133371348212,16992694.0,sample,2026-09-24 19:05:19.565601+00:00
TSLA,2025-01-08 15:00:00+00:00,209.40943313811317,211.54520813325666,206.90621767405875,208.31287413073719,208.31287413073719,10582081.0,sample,2026-09-24 19:05:19.565601+00:00
TSLA,2025-01-08 15:15:00+00:00,208.1104994065275,210.33036634568893,205.26761873858663,207.63515635153664,207.63515635153664,11302466.0,sample,2026-09-24 19:05:19.565601+00:00
TSLA,2025-01-08 15:30:00+00:00,207.3172887754893,209.33469435020305,204.4570899335321,206.16884694049452,206.16884694049452,14443956.0,sample,2026-09-24 19:05:19.565601+00:00
TSLA,2025-01-08 15:45:00+00:00,206.05246209413946,208.88583618809866,204.07295113691416,206.55827880992015,206.55827880992015,6265890.0,sample,2026-09-24 19:05:19.565601+00:00
TSLA,2025-01-08 16:00:00+00:00,206.79106219710425,207.32805037271385,204.59531539617117,206.1940532552165,206.1940532552165,10731024.0,sample,2026-09-24 19:05:19.565601+00:00
TSLA,2025-01-08 16:15:00+00:00,205.49288605620356,207.26852987717677,204.3455222370896,205.50365815259104,205.50365815259104,13558130.0,sample,2026-09-24 19:05:19.565601+00:00
TSLA,2025-01-08 16:30:00+00:00,205.4865354501925,207.12537978088815,204.299404548549,205.17731436268332,205.17731436268332,16830406.0,sample,2026-09-24 19:05:19.565601+00:00
TSLA,2025-01-08 16:45:00+00:00,204.54500026556167,206.31953313644732,202.2158623781147,205.79556525630804,205.79556525630804,7582012.0,sample,2026-09-24 19:05:19.565601+00:00
TSLA,2025-01-08 17:00:00+00:00,204.58193755143765,208.05464744175882,204.1302977243303,206.30958799792072,206.30958799792072,8012756.0,sample,2026-09-24 19:05:19.565601+00:00
TSLA,2025-01-08 17:15:00+00:00,206.7897272897881,208.62356932378682,205.5469403128265,206.63121784788285,206.63121784788285,9853228.0,sample,2026-09-24 19:05:19.565601+00:00
TSLA,2025-01-08 17:30:00+00:00,206.25653452242742,208.3168028603106,204.967929142988,206.34838276464845,206.34838276464845,2585961.0,sample,2026-09-24 19:05:19.565601+00:00
TSLA,2025-01-08 17:45:00+00:00,205.985147714317,207.47708060471274,205.05714662548647,205.57890949750632,205.57890949750632,10762790.0,sample,2026-09-24 19:05:19.565601+00:00
TSLA,2025-01-08 18:00:00+00:00,205.1076419789854,205.38361879154095,203.51838256529064,204.2066458699753,204.2066458699753,15708770.0,sample,2026-09-24 19:05:19.565601+00:00
TSLA,2025-01-08 18:15:00+00:00,203.3780927420683,205.31442374802177,201.44768127520845,204.41469065592088,204.41469065592088,10772256.0,sample,2026-09-24 19:05:19.565601+00:00
TSLA,2025-01-08 18:30:00+00:00,203.757594440763,205.23115718998977,203.35282398474888,204.84321663746564,204.84321663746564,11659317.0,sample,2026-09-24 19:05:19.565601+00:00
TSLA,2025-01-08 18:45:00+00:00,204.91314301906039,205.37359682996455,201.97027928377898,203.6014195769026,203.6014195769026,13225486.0,sample,2026-09-24 19:05:19.565601+00:00
TSLA,2025-01-08 19:00:00+00:00,203.5137434980578,205.8634488410076,201.04560401015104,202.3152990750645,202.3152990750645,6911632.0,sample,2026-09-24 19:05:19.565601+00:00
TSLA,2025-01-08 19:15:00+00:00,201.89858920202613,205.10840074034874,200.47253787055058,202.75354337340036,202.75354337340036,17078295.0,sample,2026-09-24 19:05:19.565601+00:00
TSLA,2025-01-08 19:30:00+00:00,203.04909615535254,203.91532469983395,201.71626256498575,202.9946044678784,202.9946044678784,12565926.0,sample,2026-09-24 19:05:19.565601+00:00
TSLA,2025-01-08 19:45:00+00:00,203.33206966909063,205.59977712642208,202.28375569970024,203.5960522226527,203.5960522226527,6463974.0,sample,2026-09-24 19:05:19.565601+00:00
TSLA,2025-01-08 20:00:00+00:00,203.1192359119068,205.40842885675633,201.2515313167757,203.23527987737705,203.23527987737705,3794306.0,sample,2026-09-24 19:05:19.565601+00:00
TSLA,2025-01-08 20:15:00+00:00,203.27602054078253,206.10805467245308,200.9989832823831,204.45565494289025,204.45565494289025,3790182.0,sample,2026-09-24 19:05:19.565601+00:00
TSLA,2025-01-08 20:30:00+00:00,205.05860768176962,206.5504272633101,204.3833920531619,205.3430089163001,205.3430089163001,8114036.0,sample,2026-09-24 19:05:19.565601+00:00
TSLA,2025-01-08 20:45:00+00:00,205.33228010079802,207.0533791631674,203.36481974468924,206.01452691701837,206.01452691701837,16586429.0,sample,2026-09-24 19:05:19.565601+00:00
TSLA,2025-01-08 21:00:00+00:00,205.5847028037079,206.61354951390476,205.27586613887243,205.6582604950136,205.6582604950136,9690333.0,sample,2026-09-24 19:05:19.565601+00:00
TSLA,2025-01-08 21:15:00+00:00,204.9997068008679,207.67089211005455,203.8620110425414,205.6539460735966,205.6539460735966,7869165.0,sample,2026-09-24 19:05:19.565601+00:00
TSLA,2025-01-08 21:30:00+00:00,205.69662861853655,206.02876991678488,203.13959688120386,205.241496346016,205.241496346016,2858613.0,sample,2026-09-24 19:05:19.565601+00:00
TSLA,2025-01-08 21:45:00+00:00,204.43367405844478,209.1989483595434,204.2267784064244,206.80443749366069,206.80443749366069,10821403.0,sample,2026-09-24 19:05:19.565601+00:00
TSLA,2025-01-08 22:00:00+00:00,206.55423937589796,209.03771278515362,205.93940401807396,207.07043309104336,207.07043309104336,10489296.0,sample,2026-09-24 19:05:19.565601+00:00
TSLA,2025-01-08 22:15:00+00:00,207.43414812312216,209.86928632417184,206.27875465311553,207.1237138365461,207.1237138365461,9757609.0,sample,2026-09-24 19:05:19.565601+00:00
TSLA,2025-01-08 22:30:00+00:00,207.55205746582814,210.12637486199165,206.46197701251057,208.3740312233236,208.3740312233236,11477935.0,sample,2026-09-24 19:05:19.565601+00:00
TSLA,2025-01-08 22:45:00+00:00,208.64009731676413,211.45419825742556,208.09373363766568,209.28374195170971,209.28374195170971,8940575.0,sample,2026-09-24 19:05:19.565601+00:00
TSLA,2025-01-08 23:00:00+00:00,209.8670403780714,210.85630601922296,207.4747179038224,209.80973781509343,209.80973781509343,6217860.0,sample,2026-09-24 19:05:19.565601+00:00
TSLA,2025-01-08 23:15:00+00:00,209.95940135445323,212.66937705274896,208.38775130369325,210.38135997967223,210.38135997967223,4262020.0,sample,2026-09-24 19:05:19.565601+00:00
TSLA,2025-01-08 23:30:00+00:00,211.18241527226496,212.44889703639174,208.57444417198937,210.61150912216956,210.61150912216956,11653449.0,sample,2026-09-24 19:05:19.565601+00:00
TSLA,2025-01-08 23:45:00+00:00,211.2211596239342,212.2087475185509,210.18793162862934,210.77446175839586,210.77446175839586,3145999.0,sample,2026-09-24 19:05:19.565601+00:00
TSLA,2025-01-09 00:00:00+00:00,210.41130933642924,210.63808929188042,209.1085665702537,210.42725289662573,210.42725289662573,4431558.0,sample,2026-09-24 19:05:19.565601+00:00
TSLA,2025-01-09 00:15:00+00:00,210.85897958864976,211.56280675513318,210.09811264310446,210.8976985865035,210.8976985865035,17459341.0,sample,2026-09-24 19:05:19.565601+00:00
TSLA,2025-01-09 00:30:00+00:00,211.47654869322164,213.0777169130868,208.3316126571077,210.0760632789857,210.0760632789857,15316157.0,sample,2026-09-24 19:05:19.565601+00:00
TSLA,2025-01-09 00:45:00+00:00,209.8415397888569,210.47703446058176,207.94566514452688,210.11671470578074,210.11671470578074,8326567.0,sample,2026-09-24 19:05:19.565601+00:00
TSLA,2025-01-09 01:00:00+00:00,209.71755815455842,211.74968955804877,209.30325274933233,209.64422724348475,209.64422724348475,16736865.0,sample,2026-09-24 19:05:19.565601+00:00
TSLA,2025-01-09 01:15:00+00:00,210.30163495361205,211.91001348044708,207.86100967774075,210.21859953961155,210.21859953961155,12532089.0,sample,2026-09-24 19:05:19.565601+00:00
TSLA,2025-01-09 01:30:00+00:00,210.57683848146587,211.21434863315315,208.6656341831673,210.31383994281532,210.31383994281532,6061323.0,sample,2026-09-24 19:05:19.565601+00:00
TSLA,2025-01-09 01:45:00+00:00,210.48518397634496,211.67877511988712,207.9126538063743,209.14310879071814,209.14310879071814,4440869.0,sample,2026-09-24 19:05:19.565601+00:00
TSLA,2025-01-09 02:00:00+00:00,209.1588440042784,210.82348373203462,208.84316800721177,209.6533978339319,209.6533978339319,3487670.0,sample,2026-09-24 19:05:19.565601+00:00
TSLA,2025-01-09 02:15:00+00:00,210.0534825266219,210.64998876229728,208.9205317886392,210.0448272958942,210.0448272958942,6352763.0,sample,2026-09-24 19:05:19.565601+00:00
TSLA,2025-01-09 02:30:00+00:00,210.89809332881447,213.72220246461853,210.4244523765751,211.94353462477576,211.94353462477576,17823299.0,sample,2026-09-24 19:05:19.565601+00:00
TSLA,2025-01-09 02:45:00+00:00,211.96804493069922,214.26023488776372,209.84336131880596,211.359160592731,211.359160592731,12280611.0,sample,2026-09-24 19:05:19.565601+00:00
TSLA,2025-01-09 03:00:00+00:00,211.8465817767955,213.33942025633402,209.08598360824806,209.9540125556378,209.9540125556378,4450160.0,sample,2026-09-24 19:05:19.565601+00:00
TSLA,2025-01-09 03:15:00+00:00,208.98020941642494,212.1668057912452,206.70410146496118,210.4842962760035,210.4842962760035,6162226.0,sample,2026-09-24 19:05:19.565601+00:00
TSLA,2025-01-09 03:30:00+00:00,211.15800496008725,212.34117876379605,207.53795237489385,209.6433322903024,209.6433322903024,7902065.0,sample,2026-09-24 19:05:19.565601+00:00
TSLA,2025-01-09 03:45:00+00:00,209.51196774640061,212.6775657803396,207.203595775511,210.70838802017406,210.70838802017406,9352772.0,sample,2026-09-24 19:05:19.565601+00:00
TSLA,2025-01-09 04:00:00+00:00,210.61634225128512,212.40204869595107,208.09533114531223,212.14398845405424,212.14398845405424,4983631.0,sample,2026-09-24 19:05:19.565601+00:00
TSLA,2025-01-09 04:15:00+00:00,212.06108395886554,213.55859287692033,210.3210963837153,212.20722733442338,212.20722733442338,4996525.0,sample,2026-09-24 19:05:19.565601+00:00
TSLA,2025-01-09 04:30:00+00:00,211.50483531252723,216.05425158547484,209.26638379727143,214.48945980264335,214.48945980264335,15918102.0,sample,2026-09-24 19:05:19.565601+00:00
TSLA,2025-01-09 04:45:00+00:00,214.48446476440856,215.06494385763733,212.3116261445565,212.5986357920968,212.5986357920968,4036065.0,sample,2026-09-24 19:05:19.565601+00:00
TSLA,2025-01-09 05:00:00+00:00,212.129122567657,214.6514341296494,210.69040884271072,212.01718614834078,212.01718614834078,9476382.0,sample,2026-09-24 19:05:19.565601+00:00
TSLA,2025-01-09 05:15:00+00:00,212.13200662447494,213.46525118296123,208.88034509697505,210.1531667020987,210.1531667020987,7533628.0,sample,2026-09-24 19:05:19.565601+00:00
TSLA,2025-01-09 05:30:00+00:00,209.78836870214022,212.54894179268533,208.0997739242901,211.87453228933956,211.87453228933956,13109867.0,sample,2026-09-24 19:05:19.565601+00:00
TSLA,2025-01-09 05:45:00+00:00,212.3700982117528,213.1465517359426,208.34035846429356,210.10836751966377,210.10836751966377,6180188.0,sample,2026-09-24 19:05:19.565601+00:00
TSLA,2025-01-09 06:00:00+00:00,210.28227770055418,211.4694550772386,208.35662207217206,209.81622569629099,209.81622569629099,17726454.0,sample,2026-09-24 19:05:19.565601+00:00
TSLA,2025-01-09 06:15:00+00:00,209.61537399635046,211.6849229234733,207.70205112780846,209.99356732960382,209.99356732960382,2894288.0,sample,2026-09-24 19:05:19.565601+00:00
TSLA,2025-01-09 06:30:00+00:00,210.51673732305255,211.33398413164662,207.5608483272116,209.11257447817127,209.11257447817127,8894090.0,sample,2026-09-24 19:05:19.565601+00:00
TSLA,2025-01-09 06:45:00+00:00,209.57000153892903,212.1249885163628,208.42565034456595,210.84492948255223,210.84492948255223,4374036.0,sample,2026-09-24 19:05:19.565601+00:00
TSLA,2025-01-09 07:00:00+00:00,210.59073370068117,212.81839283106467,209.39667193204835,210.22515525328848,210.22515525328848,2173198.0,sample,2026-09-24 19:05:19.565601+00:00
TSLA,2025-01-09 07:15:00+00:00,210.4150534638566,212.02042167610315,208.398560367243,209.20293559466205,209.20293559466205,5279094.0,sample,2026-09-24 19:05:19.565601+00:00
TSLA,2025-01-09 07:30:00+00:00,208.3117890201543,213.41870073212954,205.83638957196234,211.4693329555991,211.4693329555991,17643576.0,sample,2026-09-24 19:05:19.565601+00:00
TSLA,2025-01-09 07:45:00+00:00,211.4691308286759,213.6728591764804,210.4246223607745,210.69012430943908,210.69012430943908,14246787.0,sample,2026-09-24 19:05:19.565601+00:00
TSLA,2025-01-09 08:00:00+00:00,210.35116937650008,211.44956996409897,209.38100019838802,210.71116011971236,210.71116011971236,11931828.0,sample,2026-09-24 19:05:19.565601+00:00
TSLA,2025-01-09 08:15:00+00:00,210.88125532595143,211.5668092446488,208.89583497662125,211.25210800787022,211.25210800787022,3943220.0,sample,2026-09-24 19:05:19.565601+00:00
TSLA,2025-01-09 08:30:00+00:00,211.0325690119851,211.73795804299468,208.47575104066811,210.19889918180198,210.19889918180198,13926992.0,sample,2026-09-24 19:05:19.565601+00:00
TSLA,2025-01-09 08:45:00+00:00,210.40542579189986,213.93832920279513,210.19450733302253,211.56963046015412,211.56963046015412,7875849.0,sample,2026-09-24 19:05:19.565601+00:00
TSLA,2025-01-09 09:00:00+00:00,212.1517690348091,212.77257241510858,210.42887531942966,211.92272064009734,211.92272064009734,13016222.0,sample,2026-09-24 19:05:19.565601+00:00
TSLA,2025-01-09 09:15:00+00:00,211.96993399763463,213.43388797374377,209.5940845094684,212.09002882610986,212.09002882610986,7187833.0,sample,2026-09-24 19:05:19.565601+00:00
TSLA,2025-01-09 09:30:00+00:00,212.06257810639096,217.19172888015243,210.32690395647637,214.73688255369515,214.73688255369515,9172741.0,sample,2026-09-24 19:05:19.565601+00:00
TSLA,2025-01-09 09:45:00+00:00,215.3920442605152,216.5729878650939,213.82832525338625,214.44611280659538,214.44611280659538,12367053.0,sample,2026-09-24 19:05:19.565601+00:00
TSLA,2025-01-09 10:00:00+00:00,214.6225182916839,215.14457955491048,213.32466518916988,214.68430833183322,214.68430833183322,7700763.0,sample,2026-09-24 19:05:19.565601+00:00
TSLA,2025-01-09 10:15:00+00:00,214.72630254203295,216.60104614740243,213.75375355319377,215.12687204553396,215.12687204553396,8899561.0,sample,2026-09-24 19:05:19.565601+00:00
TSLA,2025-01-09 10:30:00+00:00,215.36328779721669,215.91341992726964,211.8226241624626,213.98648655626562,213.98648655626562,16883357.0,sample,2026-09-24 19:05:19.565601+00:00
TSLA,2025-01-09 10:45:00+00:00,213.44932261788605,216.21693113313984,212.80006956960176,213.90601376877342,213.90601376877342,4034193.0,sample,2026-09-24 19:05:19.565601+00:00
TSLA,2025-01-09 11:00:00+00:00,214.25362593930618,215.51646630976086,211.47856383721552,213.5630787724629,213.5630787724629,11266146.0,sample,2026-09-24 19:05:19.565601+00:00
TSLA,2025-01-09 11:15:00+00:00,213.92839859841408,215.38100267712363,210.4102034315718,211.9240414770036,211.9240414770036,17352257.0,sample,2026-09-24 19:05:19.565601+00:00
TSLA,2025-01-09 11:30:00+00:00,212.28605107656676,214.5082347221936,210.05140702004738,210.99739481578484,210.99739481578484,17996916.0,sample,2026-09-24 19:05:19.565601+00:00
TSLA,2025-01-09 11:45:00+00:00,210.9803426161075,212.91149632639218,209.3514203225401,211.8117941982966,211.8117941982966,8579119.0,sample,2026-09-24 19:05:19.565601+00:00
TSLA,2025-01-09 12:00:00+00:00,212.61977552719688,214.03814388305653,211.8854059693828,212.09844986993696,212.09844986993696,6390918.0,sample,2026-09-24 19:05:19.565601+00:00
TSLA,2025-01-09 12:15:00+00:00,211.93998363185673,213.5376554057239,209.4120158696795,212.4735621396059,212.4735621396059,12041755.0,sample,2026-09-24 19:05:19.565601+00:00
TSLA,2025-01-09 12:30:00+00:00,212.145233898114,214.388493923256,211.17181576151927,212.0800116015048,212.0800116015048,4248744.0,sample,2026-09-24 19:05:19.565601+00:00
TSLA,2025-01-09 12:45:00+00:00,212.5956988099695,214.53185121263783,209.7298804842862,212.1553073962657,212.1553073962657,16977349.0,sample,2026-09-24 19:05:19.565601+00:00
TSLA,2025-01-09 13:00:00+00:00,212.30343914703082,213.43903008839374,211.5207617109673,212.35435102261286,212.35435102261286,2240768.0,sample,2026-09-24 19:05:19.565601+00:00
TSLA,2025-01-09 13:15:00+00:00,211.6382311870423,214.15808031749495,211.30095390890168,212.28525704296135,212.28525704296135,14017897.0,sample,2026-09-24 19:05:19.565601+00:00
TSLA,2025-01-09 13:30:00+00:00,212.26413491246768,213.4180614602894,211.2066830096089,211.4768490276508,211.4768490276508,6683919.0,sample,2026-09-24 19:05:19.565601+00:00
TSLA,2025-01-09 13:45:00+00:00,211.49302377936388,213.55619007160306,209.06370495991433,211.90040319552972,211.90040319552972,8379272.0,sample,2026-09-24 19:05:19.565601+00:00
TSLA,2025-01-09 14:00:00+00:00,211.17157283828362,212.81822259212188,208.6037037500037,211.08452297754488,211.08452297754488,5152892.0,sample,2026-09-24 19:05:19.565601+00:00
TSLA,2025-01-09 14:15:00+00:00,211.25802245391043,214.58725717258457,211.0203793865915,212.3659047480534,212.3659047480534,7970244.0,sample,2026-09-24 19:05:19.565601+00:00
TSLA,2025-01-09 14:30:00+00:00,212.7216516405558,215.11614291913244,209.82518710091705,210.96203708299188,210.96203708299188,1583495.0,sample,2026-09-24 19:05:19.565601+00:00
TSLA,2025-01-09 14:45:00+00:00,211.19361924210082,212.35227235232605,209.20172310779176,210.86049708509861,210.86049708509861,6421315.0,sample,2026-09-24 19:05:19.565601+00:00
TSLA,2025-01-09 15:00:00+00:00,210.52907392414403,211.13089641237661,209.31920511989378,210.42850277490604,210.42850277490604,14256134.0,sample,2026-09-24 19:05:19.565601+00:00
TSLA,2025-01-09 15:15:00+00:00,209.80334071380247,211.4187380892952,209.23734072716582,210.64487399607532,210.64487399607532,17215837.0,sample,2026-09-24 19:05:19.565601+00:00
TSLA,2025-01-09 15:30:00+00:00,210.6764469303638,211.38646501279453,209.70670118164958,210.4613672757871,210.4613672757871,6024740.0,sample,2026-09-24 19:05:19.565601+00:00
TSLA,2025-01-09 15:45:00+00:00,210.60096587189312,211.80154909915535,208.8389101852108,210.77854513713834,210.77854513713834,13519614.0,sample,2026-09-24 19:05:19.565601+00:00
TSLA,2025-01-09 16:00:00+00:00,210.6027111161776,211.5319971673414,209.4407409068014,210.38831908779264,210.38831908779264,10296213.0,sample,2026-09-24 19:05:19.565601+00:00
TSLA,2025-01-09 16:15:00+00:00,210.0695303439791,211.0796223166518,208.2049278908792,210.28576713381784,210.28576713381784,13175223.0,sample,2026-09-24 19:05:19.565601+00:00
TSLA,2025-01-09 16:30:00+00:00,209.6667240687589,212.3751780405594,208.50147613637805,210.13095830352972,210.13095830352972,13048290.0,sample,2026-09-24 19:05:19.565601+00:00
TSLA,2025-01-09 16:45:00+00:00,210.3405622139809,213.48130033980527,207.8286516161906,211.06074404282325,211.06074404282325,15498617.0,sample,2026-09-24 19:05:19.565601+00:00
TSLA,2025-01-09 17:00:00+00:00,211.2614721123726,212.75649325751397,208.69744631216454,210.42531607830085,210.42531607830085,15851661.0,sample,2026-09-24 19:05:19.565601+00:00
TSLA,2025-01-09 17:15:00+00:00,210.3424195459381,210.737285689365,209.09886555421932,209.6696429923102,209.6696429923102,13138829.0,sample,2026-09-24 19:05:19.565601+00:00
TSLA,2025-01-09 17:30:00+00:00,209.0267046733508,210.2488285959088,208.14507076420495,209.88064333951192,209.88064333951192,3907447.0,sample,2026-09-24 19:05:19.565601+00:00
TSLA,2025-01-09 17:45:00+00:00,210.52346316727176,211.65439501694678,208.1250830619615,209.86265060474483,209.86265060474483,14254291.0,sample,2026-09-24 19:05:19.565601+00:00
TSLA,2025-01-09 18:00:00+00:00,209.54237218817946,211.8697714988883,208.6268425502636,209.8527568884059,209.8527568884059,6142828.0,sample,2026-09-24 19:05:19.565601+00:00
TSLA,2025-01-09 18:15:00+00:00,209.7131442943981,212.21009372448682,208.67949574335535,210.82976166075517,210.82976166075517,5373229.0,sample,2026-09-24 19:05:19.565601+00:00
TSLA,2025-01-09 18:30:00+00:00,211.34176508246415,212.88719159364084,208.66789761898627,210.64487402185588,210.64487402185588,2356406.0,sample,2026-09-24 19:05:19.565601+00:00
TSLA,2025-01-09 18:45:00+00:00,210.74001592015856,213.04203433968462,208.36820348075307,211.3681337784941,211.3681337784941,15285800.0,sample,2026-09-24 19:05:19.565601+00:00
TSLA,2025-01-09 19:00:00+00:00,211.52415939770322,211.9409882303131,208.378709735991,210.8876291249233,210.8876291249233,5507412.0,sample,2026-09-24 19:05:19.565601+00:00
TSLA,2025-01-09 19:15:00+00:00,210.77417929240355,211.2111710208345,209.46207141199062,210.76107695980753,210.76107695980753,9408238.0,sample,2026-09-24 19:05:19.565601+00:00
TSLA,2025-01-09 19:30:00+00:00,210.45657560282862,213.9920455304198,208.9342669394804,211.66668415316815,211.66668415316815,14320528.0,sample,2026-09-24 19:05:19.565601+00:00
TSLA,2025-01-09 19:45:00+00:00,211.04640368149862,213.2657157992962,208.95384118467504,211.57885171238567,211.57885171238567,8401509.0,sample,2026-09-24 19:05:19.565601+00:00
TSLA,2025-01-09 20:00:00+00:00,211.6507371118179,213.92345839242128,211.4215077006942,212.13430349381605,212.13430349381605,2421659.0,sample,2026-09-24 19:05:19.565601+00:00
TSLA,2025-01-09 20:15:00+00:00,212.65195550781684,213.2982788597682,210.83954240963413,211.7013326556811,211.7013326556811,12261344.0,sample,2026-09-24 19:05:19.565601+00:00
TSLA,2025-01-09 20:30:00+00:00,211.6076288201907,214.0346307611494,210.36797533074088,211.4251048955792,211.4251048955792,16983007.0,sample,2026-09-24 19:05:19.565601+00:00
TSLA,2025-01-09 20:45:00+00:00,211.3951768146925,213.29399587678697,209.6218834157793,211.20363699763965,211.20363699763965,1712590.0,sample,2026-09-24 19:05:19.565601+00:00
TSLA,2025-01-09 21:00:00+00:00,211.11739464279066,213.95465605364373,209.8398519564169,212.082890792337,212.082890792337,9514321.0,sample,2026-09-24 19:05:19.565601+00:00
TSLA,2025-01-09 21:15:00+00:00,211.79472632538506,214.1166221140498,209.8946097792777,210.81525407657458,210.81525407657458,9259351.0,sample,2026-09-24 19:05:19.565601+00:00
TSLA,2025-01-09 21:30:00+00:00,210.45501164626845,212.7128609648479,208.10537017487232,209.32869856944305,209.32869856944305,11820709.0,sample,2026-09-24 19:05:19.565601+00:00
TSLA,2025-01-09 21:45:00+00:00,210.26352088431648,212.4351810279604,207.49699176189796,209.94099120411406,209.94099120411406,11102632.0,sample,2026-09-24 19:05:19.565601+00:00
TSLA,2025-01-09 22:00:00+00:00,209.3452113358305,212.44470252426268,207.48327055508966,210.07363668831545,210.07363668831545,17922526.0,sample,2026-09-24 19:05:19.565601+00:00
TSLA,2025-01-09 22:15:00+00:00,209.91915291946998,211.3853462962322,208.62736062536382,210.57050926159008,210.57050926159008,5066753.0,sample,2026-09-24 19:05:19.565601+00:00
TSLA,2025-01-09 22:30:00+00:00,210.53252240864697,212.7736822453563,207.22482048862622,208.8636796933046,208.8636796933046,13518778.0,sample,2026-09-24 19:05:19.565601+00:00
TSLA,2025-01-09 22:45:00+00:00,208.88183521643288,210.36376142463433,206.38150441285958,208.34367461781457,208.34367461781457,11774472.0,sample,2026-09-24 19:05:19.565601+00:00
TSLA,2025-01-09 23:00:00+00:00,208.43281606141036,210.12212380073095,207.37869015232613,208.5351128616625,208.5351128616625,7472709.0,sample,2026-09-24 19:05:19.565601+00:00
TSLA,2025-01-09 23:15:00+00:00,208.2003647746937,212.01483851084797,206.65060053652095,210.21328864595512,210.21328864595512,6565573.0,sample,2026-09-24 19:05:19.565601+00:00
TSLA,2025-01-09 23:30:00+00:00,210.4393370029369,212.79931629347314,208.01768877283575,210.05949770603706,210.05949770603706,8394107.0,sample,2026-09-24 19:05:19.565601+00:00
TSLA,2025-01-09 23:45:00+00:00,210.0739497679641,212.06245699948968,208.61547340204248,210.0771853432276,210.0771853432276,15099772.0,sample,2026-09-24 19:05:19.565601+00:00
TSLA,2025-01-10 00:00:00+00:00,210.25270308072712,214.25462420700123,207.9049776177614,211.8127031950811,211.8127031950811,4667755.0,sample,2026-09-24 19:05:19.565601+00:00
TSLA,2025-01-10 00:15:00+00:00,211.65908651134987,214.40617390148344,209.45314422862936,213.02232587126352,213.02232587126352,5158932.0,sample,2026-09-24 19:05:19.565601+00:00
TSLA,2025-01-10 00:30:00+00:00,213.40037688836927,213.96874415260038,212.0333428273124,212.88173654143714,212.88173654143714,10093055.0,sample,2026-09-24 19:05:19.565601+00:00
TSLA,2025-01-10 00:45:00+00:00,212.75158273425816,214.47302600602774,212.2629704915854,213.35268441920155,213.35268441920155,4447321.0,sample,2026-09-24 19:05:19.565601+00:00
TSLA,2025-01-10 01:00:00+00:00,212.10178981197095,215.74300715118017,209.98406668944605,214.06521347819154,214.06521347819154,10370100.0,sample,2026-09-24 19:05:19.565601+00:00
TSLA,2025-01-10 01:15:00+00:00,214.44022066130816,215.44075457330015,211.8454000000983,213.45333058588355,213.45333058588355,8901404.0,sample,2026-09-24 19:05:19.565601+00:00
TSLA,2025-01-10 01:30:00+00:00,213.77904663930607,215.36400705011377,210.48942892815586,212.18673884026157,212.18673884026157,3696614.0,sample,2026-09-24 19:05:19.565601+00:00
TSLA,2025-01-10 01:45:00+00:00,211.70127581742236,214.64808556453463,209.42240861514165,213.07275201274012,213.07275201274012,11573119.0,sample,2026-09-24 19:05:19.565601+00:00
TSLA,2025-01-10 02:00:00+00:00,212.56310490455448,214.10410932634653,210.41743932442847,213.4911333082369,213.4911333082369,14133239.0,sample,2026-09-24 19:05:19.565601+00:00
TSLA,2025-01-10 02:15:00+00:00,213.50551583587588,215.7130309646975,213.13397534637252,213.9703384871716,213.9703384871716,13057543.0,sample,2026-09-24 19:05:19.565601+00:00
TSLA,2025-01-10 02:30:00+00:00,213.64216435650843,214.8870003484926,213.20199567754523,214.63151271173427,214.63151271173427,13642684.0,sample,2026-09-24 19:05:19.565601+00:00
TSLA,2025-01-10 02:45:00+00:00,214.66496528343595,217.54160874225104,213.15816284536785,215.1288417452652,215.1288417452652,7531500.0,sample,2026-09-24 19:05:19.565601+00:00
TSLA,2025-01-10 03:00:00+00:00,215.78434028142595,216.20496738058927,212.18756075306356,213.6380610546442,213.6380610546442,8096178.0,sample,2026-09-24 19:05:19.565601+00:00
TSLA,2025-01-10 03:15:00+00:00,213.68230616713618,214.45903322760788,212.68490411262874,213.31823508144905,213.31823508144905,1971782.0,sample,2026-09-24 19:05:19.565601+00:00
TSLA,2025-01-10 03:30:00+00:00,213.46229797859453,215.0080739741986,212.5562073093876,212.7853507776019,212.7853507776019,5166750.0,sample,2026-09-24 19:05:19.565601+00:00
TSLA,2025-01-10 03:45:00+00:00,212.41110848851224,216.2686486646019,210.7231869160752,214.48876560115679,214.48876560115679,14393965.0,sample,2026-09-24 19:05:19.565601+00:00
TSLA,2025-01-10 04:00:00+00:00,214.46713108761264,215.34596726680027,213.91037104133383,214.20861135815937,214.20861135815937,11519856.0,sample,2026-09-24 19:05:19.565601+00:00
TSLA,2025-01-10 04:15:00+00:00,214.363333199985,215.74037690889477,213.95801327630954,215.2551883376951,215.2551883376951,13628505.0,sample,2026-09-24 19:05:19.565601+00:00
TSLA,2025-01-10 04:30:00+00:00,214.79377471942044,215.66737859143285,213.99533661571868,214.36995026893624,214.36995026893624,2962565.0,sample,2026-09-24 19:05:19.565601+00:00
TSLA,2025-01-10 04:45:00+00:00,213.51565295799725,216.45882721630258,211.92424885665818,214.34674338484504,214.34674338484504,10643578.0,sample,2026-09-24 19:05:19.565601+00:00
TSLA,2025-01-10 05:00:00+00:00,214.50051328782516,216.31030114772088,213.68423190464577,215.5563976244261,215.5563976244261,3845016.0,sample,2026-09-24 19:05:19.565601+00:00
TSLA,2025-01-10 05:15:00+00:00,215.45672147412057,218.70085208143735,214.56532739487156,216.98183618503523,216.98183618503523,16781284.0,sample,2026-09-24 19:05:19.565601+00:00
TSLA,2025-01-10 05:30:00+00:00,216.89918840922505,217.4840877198254,214.72051724590992,215.74349257840848,215.74349257840848,6821478.0,sample,2026-09-24 19:05:19.565601+00:00
TSLA,2025-01-10 05:45:00+00:00,215.35097134935413,217.4091199009313,213.0797819721165,215.8682157018606,215.8682157018606,5666135.0,sample,2026-09-24 19:05:19.565601+00:00
TSLA,2025-01-10 06:00:00+00:00,215.7347990327596,216.3393618853843,212.41868752102314,214.81300089731644,214.81300089731644,3028017.0,sample,2026-09-24 19:05:19.565601+00:00
TSLA,2025-01-10 06:15:00+00:00,214.7378916200466,216.27921865887862,213.11555050312637,214.227891219484,214.227891219484,8866948.0,sample,2026-09-24 19:05:19.565601+00:00
TSLA,2025-01-10 06:30:00+00:00,213.7626620794424,216.29562893931757,212.71949747439584,213.60132595373028,213.60132595373028,2019303.0,sample,2026-09-24 19:05:19.565601+00:00
TSLA,2025-01-10 06:45:00+00:00,213.3655639887789,216.91920936864787,211.19711558841803,214.54956874268834,214.54956874268834,9232835.0,sample,2026-09-24 19:05:19.565601+00:00
TSLA,2025-01-10 07:00:00+00:00,214.85106259486503,216.63886636214966,213.36727911790223,214.43250442023657,214.43250442023657,16021090.0,sample,2026-09-24 19:05:19.565601+00:00
TSLA,2025-01-10 07:15:00+00:00,213.31310910411483,213.83988009676355,212.35406352782496,213.55194158946622,213.55194158946622,11816560.0,sample,2026-09-24 19:05:19.565601+00:00
TSLA,2025-01-10 07:30:00+00:00,213.1722963620719,214.198451302719,211.1558531752769,213.74101775554993,213.74101775554993,8113488.0,sample,2026-09-24 19:05:19.565601+00:00
TSLA,2025-01-10 07:45:00+00:00,214.52823621602144,217.01013281091855,213.20237448362332,213.98949892039988,213.98949892039988,4001123.0,sample,2026-09-24 19:05:19.565601+00:00
TSLA,2025-01-10 08:00:00+00:00,214.01607774639942,215.3959324571998,213.3920858877084,214.56017556563302,214.56017556563302,6959161.0,sample,2026-09-24 19:05:19.565601+00:00
TSLA,2025-01-10 08:15:00+00:00,214.3469710799506,216.48716715251882,211.47598662487556,213.44069202504804,213.44069202504804,15868152.0,sample,2026-09-24 19:05:19.565601+00:00
TSLA,2025-01-10 08:30:00+00:00,212.33090783037068,213.78103653476967,211.50042682751405,213.20931824428618,213.20931824428618,10325338.0,sample,2026-09-24 19:05:19.565601+00:00
TSLA,2025-01-10 08:45:00+00:00,212.8037850985239,214.65709226403004,212.21614357811575,213.33350811647963,213.33350811647963,6770617.0,sample,2026-09-24 19:05:19.565601+00:00
TSLA,2025-01-10 09:00:00+00:00,213.5344103269489,214.86802240150794,212.30382185204178,213.98877424126923,213.98877424126923,10845295.0,sample,2026-09-24 19:05:19.565601+00:00
TSLA,2025-01-10 09:15:00+00:00,214.03865868546984,214.92700133668913,213.44860608335946,214.43972981996737,214.43972981996737,10199892.0,sample,2026-09-24 19:05:19.565601+00:00
TSLA,2025-01-10 09:30:00+00:00,214.66222839656746,217.05339004327774,213.29429244650774,216.21464810571376,216.21464810571376,4613147.0,sample,2026-09-24 19:05:19.565601+00:00
TSLA,2025-01-10 09:45:00+00:00,215.97507148987927,216.9969911891049,214.63167125805163,215.7431441182438,215.7431441182438,17597752.0,sample,2026-09-24 19:05:19.565601+00:00
TSLA,2025-01-10 10:00:00+00:00,215.25310081861198,217.63912272969415,214.27974251959853,217.02721916338038,217.02721916338038,4583275.0,sample,2026-09-24 19:05:19.565601+00:00
TSLA,2025-01-10 10:15:00+00:00,217.239455389606,219.215340982561,215.97874085422202,216.81154157023948,216.81154157023948,8999314.0,sample,2026-09-24 19:05:19.565601+00:00
TSLA,2025-01-10 10:30:00+00:00,217.31067914133658,219.64582465496665,215.17900649420636,215.60176943808187,215.60176943808187,3361430.0,sample,2026-09-24 19:05:19.565601+00:00
TSLA,2025-01-10 10:45:00+00:00,215.40134199842024,215.68411738739536,214.43622975263463,215.27318947275307,215.27318947275307,4776168.0,sample,2026-09-24 19:05:19.565601+00:00
TSLA,2025-01-10 11:00:00+00:00,214.63081022710972,214.93171884058785,211.94633925441485,214.4777041435279,214.4777041435279,10717675.0,sample,2026-09-24 19:05:19.565601+00:00
TSLA,2025-01-10 11:15:00+00:00,214.4350312502585,215.07309842098437,212.25860737703835,213.7073410858316,213.7073410858316,16843313.0,sample,2026-09-24 19:05:19.565601+00:00
TSLA,2025-01-10 11:30:00+00:00,213.29047118964763,216.75411070209103,211.4762275039373,214.26631483499867,214.26631483499867,12456354.0,sample,2026-09-24 19:05:19.565601+00:00
TSLA,2025-01-10 11:45:00+00:00,214.4858010513726,215.15382661647396,213.79419048397108,214.5817800362732,214.5817800362732,10356661.0,sample,2026-09-24 19:05:19.565601+00:00
TSLA,2025-01-10 12:00:00+00:00,214.46412766476269,215.9247826851325,211.8922799584546,214.4848702819912,214.4848702819912,11557679.0,sample,2026-09-24 19:05:19.565601+00:00
TSLA,2025-01-10 12:15:00+00:00,215.6118466454231,217.05045459701708,213.00802703510533,213.82200242899836,213.82200242899836,16616865.0,sample,2026-09-24 19:05:19.565601+00:00
TSLA,2025-01-10 12:30:00+00:00,214.18455484595898,215.03350574490153,212.03616517735003,214.04696077725706,214.04696077725706,4222306.0,sample,2026-09-24 19:05:19.565601+00:00
TSLA,2025-01-10 12:45:00+00:00,213.25420994485603,214.03672393044604,211.95127930323923,213.383952181616,213.383952181616,8544739.0,sample,2026-09-24 19:05:19.565601+00:00
TSLA,2025-01-10 13:00:00+00:00,213.78759594639578,215.48372560273398,212.57846655316368,213.89838107053743,213.89838107053743,8913681.0,sample,2026-09-24 19:05:19.565601+00:00
TSLA,2025-01-10 13:15:00+00:00,213.82238740835777,214.77704138239187,210.34294459689283,212.80535734871597,212.80535734871597,9775987.0,sample,2026-09-24 19:05:19.565601+00:00
TSLA,2025-01-10 13:30:00+00:00,213.0872644931331,216.10335148342463,212.32016536853712,213.80425722262748,213.80425722262748,15814010.0,sample,2026-09-24 19:05:19.565601+00:00
TSLA,2025-01-10 13:45:00+00:00,214.0278956241318,214.3170383374959,211.60155847654235,213.31317268639017,213.31317268639017,7061876.0,sample,2026-09-24 19:05:19.565601+00:00
TSLA,2025-01-10 14:00:00+00:00,213.53483743940038,215.41483025495523,211.4857845025667,212.4171410522177,212.4171410522177,11915858.0,sample,2026-09-24 19:05:19.565601+00:00
TSLA,2025-01-10 14:15:00+00:00,213.3121272135574,214.40341189506137,211.45895000496915,212.5852807670935,212.5852807670935,13687860.0,sample,2026-09-24 19:05:19.565601+00:00
TSLA,2025-01-10 14:30:00+00:00,211.70148852180915,213.6641834257133,210.7931064075124,211.67211089717634,211.67211089717634,7813667.0,sample,2026-09-24 19:05:19.565601+00:00
TSLA,2025-01-10 14:45:00+00:00,211.45914474882713,214.67962319888844,209.15015459838173,212.16813366171584,212.16813366171584,12644231.0,sample,2026-09-24 19:05:19.565601+00:00
TSLA,2025-01-10 15:00:00+00:00,211.57300354021115,213.27018765589727,211.3202076762417,212.08889817343766,212.08889817343766,10293364.0,sample,2026-09-24 19:05:19.565601+00:00
TSLA,2025-01-10 15:15:00+00:00,212.67364542608996,215.14553384653934,210.0910664083384,211.12938810513,211.12938810513,7952546.0,sample,2026-09-24 19:05:19.565601+00:00
TSLA,2025-01-10 15:30:00+00:00,210.15127339199518,211.2956703059744,209.76475203525325,210.02578347208123,210.02578347208123,17774604.0,sample,2026-09-24 19:05:19.565601+00:00
TSLA,2025-01-10 15:45:00+00:00,209.40517387972065,211.66806799268846,207.6616149263792,210.4950035110266,210.4950035110266,2780580.0,sample,2026-09-24 19:05:19.565601+00:00
TSLA,2025-01-10 16:00:00+00:00,210.89425309887946,211.57649466868767,208.33983943174167,210.76980145939746,210.76980145939746,10406716.0,sample,2026-09-24 19:05:19.565601+00:00
TSLA,2025-01-10 16:15:00+00:00,210.76363223218536,212.09976314480534,210.4924023571023,211.5223031008154,211.5223031008154,14169828.0,sample,2026-09-24 19:05:19.565601+00:00
TSLA,2025-01-10 16:30:00+00:00,210.24067388237327,210.7347263176839,207.45389673172033,209.21736665632375,209.21736665632375,5542535.0,sample,2026-09-24 19:05:19.565601+00:00
TSLA,2025-01-10 16:45:00+00:00,209.4818322836899,211.82915029029203,208.13392005194805,208.78504279487964,208.78504279487964,2477881.0,sample,2026-09-24 19:05:19.565601+00:00
TSLA,2025-01-10 17:00:00+00:00,208.66538216968806,211.040821132561,207.58939567209296,210.16929952642903,210.16929952642903,4396004.0,sample,2026-09-24 19:05:19.565601+00:00
TSLA,2025-01-10 17:15:00+00:00,210.12825912867797,212.93911086081573,207.75324227908436,210.8131414389232,210.8131414389232,12432539.0,sample,2026-09-24 19:05:19.565601+00:00
TSLA,2025-01-10 17:30:00+00:00,210.9847749810076,211.63642487926347,208.91199600115215,210.86620474914437,210.86620474914437,2440814.0,sample,2026-09-24 19:05:19.565601+00:00
TSLA,2025-01-10 17:45:00+00:00,210.88907270933674,212.04481746910992,209.52945702955566,210.46052177761018,210.46052177761018,1636430.0,sample,2026-09-24 19:05:19.565601+00:00
TSLA,2025-01-10 18:00:00+00:00,210.69390233094765,212.55763903497055,208.99740674076364,209.5702741873371,209.5702741873371,15123707.0,sample,2026-09-24 19:05:19.565601+00:00
TSLA,2025-01-10 18:15:00+00:00,209.58806684890615,210.15569366478377,208.35741657916168,209.43469693342215,209.43469693342215,17983038.0,sample,2026-09-24 19:05:19.565601+00:00
TSLA,2025-01-10 18:30:00+00:00,209.99352893567274,212.28974413778133,207.36346662713981,208.2617114793564,208.2617114793564,8082652.0,sample,2026-09-24 19:05:19.565601+00:00
TSLA,2025-01-10 18:45:00+00:00,208.8490148276182,210.0921758828319,205.97511271111398,207.38761987740133,207.38761987740133,1954254.0,sample,2026-09-24 19:05:19.565601+00:00
TSLA,2025-01-10 19:00:00+00:00,206.79240229959737,210.65662252110465,204.958118551566,208.24274954926366,208.24274954926366,15311924.0,sample,2026-09-24 19:05:19.565601+00:00
TSLA,2025-01-10 19:15:00+00:00,208.2649058535226,210.8264666763658,206.6385861389361,208.45883340483456,208.45883340483456,3147336.0,sample,2026-09-24 19:05:19.565601+00:00
TSLA,2025-01-10 19:30:00+00:00,208.62806328264094,209.94450901473547,207.70275924877495,208.88208628201414,208.88208628201414,8259791.0,sample,2026-09-24 19:05:19.565601+00:00
TSLA,2025-01-10 19:45:00+00:00,208.59114116693482,210.68395487614103,207.68418297888513,209.0795378803888,209.0795378803888,7889919.0,sample,2026-09-24 19:05:19.565601+00:00
TSLA,2025-01-10 20:00:00+00:00,209.44134553767802,211.71685680440143,206.3181198083597,207.75468603868592,207.75468603868592,2552128.0,sample,2026-09-24 19:05:19.565601+00:00
TSLA,2025-01-10 20:15:00+00:00,207.70689409354722,208.203278860636,207.36890759953909,207.85176453353952,207.85176453353952,4794481.0,sample,2026-09-24 19:05:19.565601+00:00
TSLA,2025-01-10 20:30:00+00:00,207.0021103981175,210.047005000097,205.07627860348134,207.56161965952128,207.56161965952128,10231300.0,sample,2026-09-24 19:05:19.565601+00:00
TSLA,2025-01-10 20:45:00+00:00,208.11124809019614,208.4730138336883,206.60378327090228,207.87725569348783,207.87725569348783,11118919.0,sample,2026-09-24 19:05:19.565601+00:00
TSLA,2025-01-10 21:00:00+00:00,208.50146270672187,210.16901916168555,204.14578082075414,206.023589109759,206.023589109759,5904269.0,sample,2026-09-24 19:05:19.565601+00:00
TSLA,2025-01-10 21:15:00+00:00,206.04013262052717,207.0644436668597,205.79397388782218,206.3167883821613,206.3167883821613,14861550.0,sample,2026-09-24 19:05:19.565601+00:00
TSLA,2025-01-10 21:30:00+00:00,206.73151909993305,208.35368555525895,204.6643911317621,205.95067463686019,205.95067463686019,7439098.0,sample,2026-09-24 19:05:19.565601+00:00
TSLA,2025-01-10 21:45:00+00:00,205.6066155604204,208.407715938174,204.57403910822197,206.43504129091488,206.43504129091488,4029809.0,sample,2026-09-24 19:05:19.565601+00:00
TSLA,2025-01-10 22:00:00+00:00,205.9261170963852,207.94761568543797,203.89875614720464,206.85950078888553,206.85950078888553,7776380.0,sample,2026-09-24 19:05:19.565601+00:00
TSLA,2025-01-10 22:15:00+00:00,206.99453732629107,208.76701804163685,206.0858272714181,206.39208302182732,206.39208302182732,6454436.0,sample,2026-09-24 19:05:19.565601+00:00
TSLA,2025-01-10 22:30:00+00:00,206.2302094344922,208.51551780995712,204.3243647666004,206.5637990016472,206.5637990016472,14446945.0,sample,2026-09-24 19:05:19.565601+00:00
TSLA,2025-01-10 22:45:00+00:00,206.3862456241417,209.33385277487753,204.0053177051141,208.4915022706113,208.4915022706113,7878196.0,sample,2026-09-24 19:05:19.565601+00:00
TSLA,2025-01-10 23:00:00+00:00,209.4063077379066,211.74537538890158,206.6109899980341,208.2336454212255,208.2336454212255,5858857.0,sample,2026-09-24 19:05:19.565601+00:00
TSLA,2025-01-10 23:15:00+00:00,207.87260515999765,211.98080615673624,207.626230060277,209.65650075850814,209.65650075850814,15385848.0,sample,2026-09-24 19:05:19.565601+00:00
TSLA,2025-01-10 23:30:00+00:00,209.68668438478076,211.45974404633066,207.55523820096033,210.16106758610863,210.16106758610863,4931279.0,sample,2026-09-24 19:05:19.565601+00:00
TSLA,2025-01-10 23:45:00+00:00,210.10613377256553,213.36957278940875,209.69415320161826,210.89024227147976,210.89024227147976,14933404.0,sample,2026-09-24 19:05:19.565601+00:00
TSLA,2025-01-11 00:00:00+00:00,211.29528704586824,214.29992755773574,210.19627827910162,212.2902478494891,212.2902478494891,6305729.0,sample,2026-09-24 19:05:19.565601+00:00
TSLA,2025-01-11 00:15:00+00:00,212.1704490971716,214.35027767569875,210.77259931651767,211.58015701180372,211.58015701180372,16667665.0,sample,2026-09-24 19:05:19.565601+00:00
TSLA,2025-01-11 00:30:00+00:00,211.46960901547422,213.5845608380888,209.98078860615206,210.94955496236753,210.94955496236753,11671873.0,sample,2026-09-24 19:05:19.565601+00:00
TSLA,2025-01-11 00:45:00+00:00,211.22684917114285,212.08593857675163,208.61352222781807,209.07951055293188,209.07951055293188,11530842.0,sample,2026-09-24 19:05:19.565601+00:00
TSLA,2025-01-11 01:00:00+00:00,209.00732187764376,209.4288986050554,207.75787192682094,208.8393418731085,208.8393418731085,16238068.0,sample,2026-09-24 19:05:19.565601+00:00
TSLA,2025-01-11 01:15:00+00:00,209.33180171142507,210.1724906347564,208.90526417757494,209.86162470260834,209.86162470260834,8963627.0,sample,2026-09-24 19:05:19.565601+00:00
TSLA,2025-01-11 01:30:00+00:00,210.42113182821203,211.5392006130837,209.73147557453083,209.97942815828833,209.97942815828833,6240804.0,sample,2026-09-24 19:05:19.565601+00:00
TSLA,2025-01-11 01:45:00+00:00,209.33825301543195,210.4804101365526,208.46716798561474,209.78386035504136,209.78386035504136,3870341.0,sample,2026-09-24 19:05:19.565601+00:00
TSLA,2025-01-11 02:00:00+00:00,209.87246495247652,212.70303407855272,209.61782107423755,211.22303274096262,211.22303274096262,4298158.0,sample,2026-09-24 19:05:19.565601+00:00
TSLA,2025-01-11 02:15:00+00:00,211.0533169126448,212.33312721521887,210.08637168211553,211.26299678165626,211.26299678165626,3699356.0,sample,2026-09-24 19:05:19.565601+00:00
TSLA,2025-01-11 02:30:00+00:00,211.70266135613664,213.2363409716459,208.90004733413457,211.23612081922215,211.23612081922215,8690833.0,sample,2026-09-24 19:05:19.565601+00:00
TSLA,2025-01-11 02:45:00+00:00,211.43182131959742,213.95015116375973,209.30591094852488,211.61682031368858,211.61682031368858,11163239.0,sample,2026-09-24 19:05:19.565601+00:00
TSLA,2025-01-11 03:00:00+00:00,211.92874879243175,212.89432527263153,208.7956365129803,210.32443430561472,210.32443430561472,6875788.0,sample,2026-09-24 19:05:19.565601+00:00
TSLA,2025-01-11 03:15:00+00:00,209.68009660984302,212.31218072870143,208.9089225450924,211.7824882747967,211.7824882747967,2210335.0,sample,2026-09-24 19:05:19.565601+00:00
TSLA,2025-01-11 03:30:00+00:00,211.6391776600243,213.28072806858708,210.60816378590738,211.35556625229427,211.35556625229427,14016065.0,sample,2026-09-24 19:05:19.565601+00:00
TSLA,2025-01-11 03:45:00+00:00,211.28001459745036,212.03437889744845,208.88817768266495,211.22035066905264,211.22035066905264,1814547.0,sample,2026-09-24 19:05:19.565601+00:00
TSLA,2025-01-11 04:00:00+00:00,211.33411766066777,212.5743108986988,209.04966985253168,210.75078514810994,210.75078514810994,11394177.0,sample,2026-09-24 19:05:19.565601+00:00
TSLA,2025-01-11 04:15:00+00:00,210.57525409695384,212.79976548300135,208.87750053197664,210.55866247723023,210.55866247723023,3606927.0,sample,2026-09-24 19:05:19.565601+00:00
TSLA,2025-01-11 04:30:00+00:00,211.9429247042473,213.48459373827328,208.00476392119842,210.30850824085397,210.30850824085397,4178748.0,sample,2026-09-24 19:05:19.565601+00:00
TSLA,2025-01-11 04:45:00+00:00,210.61031323134836,212.79328523471176,209.26738482520753,210.07754798229283,210.07754798229283,7752137.0,sample,2026-09-24 19:05:19.565601+00:00
TSLA,2025-01-11 05:00:00+00:00,210.0596927175807,211.0484717249607,209.06511201977233,209.33881851930366,209.33881851930366,17577791.0,sample,2026-09-24 19:05:19.565601+00:00
TSLA,2025-01-11 05:15:00+00:00,209.40088783626678,210.26613063953894,208.55079487412803,209.35803291546313,209.35803291546313,15948848.0,sample,2026-09-24 19:05:19.565601+00:00
TSLA,2025-01-11 05:30:00+00:00,209.50129504932116,210.77908273445624,207.0573278289331,209.94864161598065,209.94864161598065,15431484.0,sample,2026-09-24 19:05:19.565601+00:00
TSLA,2025-01-11 05:45:00+00:00,210.2527415869534,212.14579246295366,208.94439307689044,209.26472921590752,209.26472921590752,7865593.0,sample,2026-09-24 19:05:19.565601+00:00
TSLA,2025-01-11 06:00:00+00:00,209.50251259801982,211.3197546901099,207.1190498181758,208.56531727838293,208.56531727838293,9311698.0,sample,2026-09-24 19:05:19.565601+00:00
TSLA,2025-01-11 06:15:00+00:00,208.86352221831692,209.94507048243364,207.44575911378834,207.67217749869414,207.67217749869414,17862130.0,sample,2026-09-24 19:05:19.565601+00:00
TSLA,2025-01-11 06:30:00+00:00,207.49943318394892,209.58466459002253,204.8835961425269,207.1027966739339,207.1027966739339,16356366.0,sample,2026-09-24 19:05:19.565601+00:00
TSLA,2025-01-11 06:45:00+00:00,207.32715034875025,207.89546332033004,205.8593142785492,206.90086487518204,206.90086487518204,14205265.0,sample,2026-09-24 19:05:19.565601+00:00
TSLA,2025-01-11 07:00:00+00:00,206.36564304395898,208.73056520848652,205.45479719905174,206.505120333059,206.505120333059,11274442.0,sample,2026-09-24 19:05:19.565601+00:00
TSLA,2025-01-11 07:15:00+00:00,206.12638340084206,208.3319899120907,204.33727453571402,205.84044918861025,205.84044918861025,10538713.0,sample,2026-09-24 19:05:19.565601+00:00
TSLA,2025-01-11 07:30:00+00:00,205.90330879160405,208.0841963558081,204.011456561541,204.8162288219978,204.8162288219978,9145655.0,sample,2026-09-24 19:05:19.565601+00:00
TSLA,2025-01-11 07:45:00+00:00,204.88728967379015,207.01779199196426,203.02121535257723,203.8664315209811,203.8664315209811,17475690.0,sample,2026-09-24 19:05:19.565601+00:00
TSLA,2025-01-11 08:00:00+00:00,203.28825975344415,204.03215764336503,201.89657190699964,203.50297769040787,203.50297769040787,13926260.0,sample,2026-09-24 19:05:19.565601+00:00
TSLA,2025-01-11 08:15:00+00:00,203.5130071760044,204.39190813173795,202.38085617861907,203.3074390749101,203.3074390749101,3802925.0,sample,2026-09-24 19:05:19.565601+00:00
TSLA,2025-01-11 08:30:00+00:00,203.3054158187089,203.89691228061224,199.9299293483117,202.1806379126279,202.1806379126279,5494511.0,sample,2026-09-24 19:05:19.565601+00:00
TSLA,2025-01-11 08:45:00+00:00,202.2604014539156,204.80526866653219,200.6754560866903,203.0543030624368,203.0543030624368,9289341.0,sample,2026-09-24 19:05:19.565601+00:00
TSLA,2025-01-11 09:00:00+00:00,202.71457013200228,203.46815583299843,200.54713810511552,202.87393152679897,202.87393152679897,12972848.0,sample,2026-09-24 19:05:19.565601+00:00
TSLA,2025-01-11 09:15:00+00:00,202.40489194777564,203.58363499761728,200.44702934614756,202.1393651734283,202.1393651734283,14664850.0,sample,2026-09-24 19:05:19.565601+00:00
TSLA,2025-01-11 09:30:00+00:00,202.26460026639165,205.23711323012645,200.2787950236452,203.74282083398563,203.74282083398563,5803990.0,sample,2026-09-24 19:05:19.565601+00:00
TSLA,2025-01-11 09:45:00+00:00,204.10178061806718,206.35016839119876,201.0352478701386,203.00170705768164,203.00170705768164,14091705.0,sample,2026-09-24 19:05:19.565601+00:00
TSLA,2025-01-11 10:00:00+00:00,203.71685773881433,205.28290734056404,199.592847604299,201.08195823779081,201.08195823779081,8611143.0,sample,2026-09-24 19:05:19.565601+00:00
TSLA,2025-01-11 10:15:00+00:00,200.69515609357194,202.78378998842373,198.9647091623588,201.83680741779906,201.83680741779906,8219523.0,sample,2026-09-24 19:05:19.565601+00:00
TSLA,2025-01-11 10:30:00+00:00,201.48044937140875,202.53962935730922,198.59804982770564,200.9828799520878,200.9828799520878,9122417.0,sample,2026-09-24 19:05:19.565601+00:00
TSLA,2025-01-11 10:45:00+00:00,201.06976757549575,202.8907322682495,200.48758357808973,201.46483681418647,201.46483681418647,4407550.0,sample,2026-09-24 19:05:19.565601+00:00
TSLA,2025-01-11 11:00:00+00:00,201.5246781954212,202.98125445800497,200.42022925318736,200.86343274294018,200.86343274294018,8824843.0,sample,2026-09-24 19:05:19.565601+00:00
TSLA,2025-01-11 11:15:00+00:00,200.42357240732912,201.8581713092491,199.8652422379528,201.28206577031648,201.28206577031648,12221008.0,sample,2026-09-24 19:05:19.565601+00:00
TSLA,2025-01-11 11:30:00+00:00,202.0461203698291,202.37844129970264,199.80480075701203,201.79503362379776,201.79503362379776,6094876.0,sample,2026-09-24 19:05:19.565601+00:00
TSLA,2025-01-11 11:45:00+00:00,201.69504529981864,202.88377386598066,199.37417410447514,201.43796045595283,201.43796045595283,7048577.0,sample,2026-09-24 19:05:19.565601+00:00
TSLA,2025-01-11 12:00:00+00:00,201.56702833191457,203.16188570258325,200.15347618231849,200.85338234485982,200.85338234485982,11781226.0,sample,2026-09-24 19:05:19.565601+00:00
TSLA,2025-01-11 12:15:00+00:00,200.33670501731785,202.8434394168766,198.55610994534277,202.0491846998557,202.0491846998557,17384489.0,sample,2026-09-24 19:05:19.565601+00:00
TSLA,2025-01-11 12:30:00+00:00,202.19827419523895,202.93960953214443,200.18198246026154,202.4013400654703,202.4013400654703,2885185.0,sample,2026-09-24 19:05:19.565601+00:00
TSLA,2025-01-11 12:45:00+00:00,201.98293243616973,202.80895776892032,200.89014411544235,202.4080071683703,202.4080071683703,3218099.0,sample,2026-09-24 19:05:19.565601+00:00
TSLA,2025-01-11 13:00:00+00:00,201.67845685183576,203.78221737404434,200.18326067203188,202.3460537267962,202.3460537267962,16656384.0,sample,2026-09-24 19:05:19.565601+00:00
TSLA,2025-01-11 13:15:00+00:00,202.67579770243708,204.9285208088067,201.00793756698948,202.3894331987747,202.3894331987747,11099436.0,sample,2026-09-24 19:05:19.565601+00:00
TSLA,2025-01-11 13:30:00+00:00,201.98713855658627,202.31173784431135,199.86520811918248,202.00839237894974,202.00839237894974,5916093.0,sample,2026-09-24 19:05:19.565601+00:00
TSLA,2025-01-11 13:45:00+00:00,202.16291543364568,204.64676710484338,201.01306813108442,202.42875796541188,202.42875796541188,8469860.0,sample,2026-09-24 19:05:19.565601+00:00
TSLA,2025-01-11 14:00:00+00:00,202.26690369336868,204.71372209564868,201.7565291680355,203.3189501059018,203.3189501059018,9346689.0,sample,2026-09-24 19:05:19.565601+00:00
TSLA,2025-01-11 14:15:00+00:00,202.7884035173178,205.49907471219393,201.88664679593515,203.1393486039423,203.1393486039423,7807281.0,sample,2026-09-24 19:05:19.565601+00:00
TSLA,2025-01-11 14:30:00+00:00,202.90704504460714,204.04580002500637,200.1927603348893,202.28405026893637,202.28405026893637,2695596.0,sample,2026-09-24 19:05:19.565601+00:00
TSLA,2025-01-11 14:45:00+00:00,202.02315808237745,204.41531294132687,200.39460476513054,201.72147241593518,201.72147241593518,16475795.0,sample,2026-09-24 19:05:19.565601+00:00
TSLA,2025-01-11 15:00:00+00:00,200.97194338233382,203.35098530418173,200.28661981254808,202.12532439047686,202.12532439047686,12581219.0,sample,2026-09-24 19:05:19.565601+00:00
TSLA,2025-01-11 15:15:00+00:00,201.25710925834898,202.59533204622352,198.17963145096562,200.15611985687033,200.15611985687033,9475405.0,sample,2026-09-24 19:05:19.565601+00:00
TSLA,2025-01-11 15:30:00+00:00,200.2278882066702,202.55074680845445,197.06653051163536,199.08015284620163,199.08015284620163,3820467.0,sample,2026-09-24 19:05:19.565601+00:00
TSLA,2025-01-11 15:45:00+00:00,199.38468203342254,201.60731019572947,197.64455057004562,200.08498688537063,200.08498688537063,3512771.0,sample,2026-09-24 19:05:19.565601+00:00
TSLA,2025-01-11 16:00:00+00:00,199.96033863478382,202.7639591210778,198.010245876873,200.35985450773885,200.35985450773885,2818748.0,sample,2026-09-24 19:05:19.565601+00:00
TSLA,2025-01-11 16:15:00+00:00,200.289548696425,202.038481555248,198.70571016490206,200.8516590002153,200.8516590002153,11163759.0,sample,2026-09-24 19:05:19.565601+00:00
TSLA,2025-01-11 16:30:00+00:00,200.4961366796567,204.01333461836745,199.58344573823825,201.8632835099993,201.8632835099993,2639198.0,sample,2026-09-24 19:05:19.565601+00:00
TSLA,2025-01-11 16:45:00+00:00,202.0046795816815,203.15493692247287,200.61252065608053,202.2695697956151,202.2695697956151,10546913.0,sample,2026-09-24 19:05:19.565601+00:00
TSLA,2025-01-11 17:00:00+00:00,201.941806614706,203.58646853765853,200.29620470506873,201.97313045356495,201.97313045356495,1672843.0,sample,2026-09-24 19:05:19.565601+00:00
TSLA,2025-01-11 17:15:00+00:00,202.02323372063105,202.43414866441475,201.54504039736824,202.18763449820233,202.18763449820233,14087429.0,sample,2026-09-24 19:05:19.565601+00:00
TSLA,2025-01-11 17:30:00+00:00,202.34293420458283,204.71475428794622,199.0789992625743,201.19997094342204,201.19997094342204,1776813.0,sample,2026-09-24 19:05:19.565601+00:00
TSLA,2025-01-11 17:45:00+00:00,201.40523563570116,202.69782751049982,199.09970579943433,201.60640776785158,201.60640776785158,5876605.0,sample,2026-09-24 19:05:19.565601+00:00
TSLA,2025-01-11 18:00:00+00:00,202.00747423107126,202.28910589324545,198.57744555710002,200.01722221047063,200.01722221047063,11087965.0,sample,2026-09-24 19:05:19.565601+00:00
TSLA,2025-01-11 18:15:00+00:00,200.2835454551075,202.54059655817653,198.15528775303991,199.7453386426866,199.7453386426866,11450947.0,sample,2026-09-24 19:05:19.565601+00:00
TSLA,2025-01-11 18:30:00+00:00,199.70676311225563,203.17792841753322,197.99286291369947,202.55957658741016,202.55957658741016,13526610.0,sample,2026-09-24 19:05:19.565601+00:00
TSLA,2025-01-11 18:45:00+00:00,202.55249402153652,203.20437803927467,199.27632912953717,201.44314159463784,201.44314159463784,10341257.0,sample,2026-09-24 19:05:19.565601+00:00
TSLA,2025-01-11 19:00:00+00:00,201.53131210300643,203.21195062901825,199.98166622563036,201.45854498531557,201.45854498531557,14627853.0,sample,2026-09-24 19:05:19.565601+00:00
TSLA,2025-01-11 19:15:00+00:00,201.40336333943603,203.58356757859926,199.46147472004057,201.0606728985856,201.0606728985856,5481987.0,sample,2026-09-24 19:05:19.565601+00:00
TSLA,2025-01-11 19:30:00+00:00,201.2540704061387,202.54548255936976,199.73621526061572,200.9107517918444,200.9107517918444,16502518.0,sample,2026-09-24 19:05:19.565601+00:00
TSLA,2025-01-11 19:45:00+00:00,200.849824301914,201.11407297591154,199.5804456750845,200.80326721055357,200.80326721055357,4018922.0,sample,2026-09-24 19:05:19.565601+00:00
TSLA,2025-01-11 20:00:00+00:00,200.9806490483495,201.39786918309977,197.58108658835866,199.7414668038588,199.7414668038588,12643472.0,sample,2026-09-24 19:05:19.565601+00:00
TSLA,2025-01-11 20:15:00+00:00,199.629681961366,200.68050125227703,198.7494484825244,199.28713683339853,199.28713683339853,13327700.0,sample,2026-09-24 19:05:19.565601+00:00
TSLA,2025-01-11 20:30:00+00:00,199.4453045433378,201.18971289580307,196.42693833402527,198.2981924352998,198.2981924352998,11807987.0,sample,2026-09-24 19:05:19.565601+00:00
TSLA,2025-01-11 20:45:00+00:00,198.81030067887818,201.06981495188907,198.12117399435826,199.5617193819144,199.5617193819144,11776270.0,sample,2026-09-24 19:05:19.565601+00:00
TSLA,2025-01-11 21:00:00+00:00,199.10930468721114,200.95553221626497,198.61252183419396,199.81588120755455,199.81588120755455,4201227.0,sample,2026-09-24 19:05:19.565601+00:00
TSLA,2025-01-11 21:15:00+00:00,199.66228515836215,200.34313296246324,197.9951699307753,199.652628319574,199.652628319574,9875677.0,sample,2026-09-24 19:05:19.565601+00:00
TSLA,2025-01-11 21:30:00+00:00,199.26906591532313,202.59797668410755,198.253174316084,200.6548893209037,200.6548893209037,10425746.0,sample,2026-09-24 19:05:19.565601+00:00
TSLA,2025-01-11 21:45:00+00:00,200.8540209427122,202.31895173833317,197.9736545884764,200.24624002635545,200.24624002635545,16168542.0,sample,2026-09-24 19:05:19.565601+00:00
TSLA,2025-01-11 22:00:00+00:00,199.7671401347722,202.50200839175346,197.7536575909427,200.3205333425054,200.3205333425054,8340950.0,sample,2026-09-24 19:05:19.565601+00:00
TSLA,2025-01-11 22:15:00+00:00,200.50566104540016,200.75829046904613,198.07781402054033,199.56719701732575,199.56719701732575,5815660.0,sample,2026-09-24 19:05:19.565601+00:00
TSLA,2025-01-11 22:30:00+00:00,199.37538614784296,200.99394650893495,198.59329582963983,199.32915509296168,199.32915509296168,16327651.0,sample,2026-09-24 19:05:19.565601+00:00
TSLA,2025-01-11 22:45:00+00:00,199.5648895576537,202.5422506836872,197.66478281447593,200.17248369765983,200.17248369765983,4383157.0,sample,2026-09-24 19:05:19.565601+00:00
TSLA,2025-01-11 23:00:00+00:00,201.0400696127281,202.01090492373123,198.24952693358608,199.36069170898713,199.36069170898713,7971615.0,sample,2026-09-24 19:05:19.565601+00:00
TSLA,2025-01-11 23:15:00+00:00,199.20316924064284,201.16163340963723,197.67997756027913,198.3788800988871,198.3788800988871,5589029.0,sample,2026-09-24 19:05:19.565601+00:00
TSLA,2025-01-11 23:30:00+00:00,197.59280944516848,201.98717468905565,197.1517358037441,199.60964029901402,199.60964029901402,12682378.0,sample,2026-09-24 19:05:19.565601+00:00
TSLA,2025-01-11 23:45:00+00:00,199.58352352139798,201.58692958622052,197.67467382973456,199.41209360261544,199.41209360261544,3868140.0,sample,2026-09-24 19:05:19.565601+00:00
TSLA,2025-01-12 00:00:00+00:00,198.77201457491208,201.48487003154506,197.5210333862884,199.9008433131721,199.9008433131721,5908509.0,sample,2026-09-24 19:05:19.565601+00:00
TSLA,2025-01-12 00:15:00+00:00,199.868828246788,200.56450958145908,198.31910383155602,199.92379976813447,199.92379976813447,7032220.0,sample,2026-09-24 19:05:19.565601+00:00
TSLA,2025-01-12 00:30:00+00:00,200.16832568898005,201.1312637602434,197.8314043523935,199.34629362107876,199.34629362107876,15196718.0,sample,2026-09-24 19:05:19.565601+00:00
TSLA,2025-01-12 00:45:00+00:00,200.19358854482826,200.8653825316947,199.84526116085647,200.14329797030462,200.14329797030462,17198189.0,sample,2026-09-24 19:05:19.565601+00:00
TSLA,2025-01-12 01:00:00+00:00,199.98782487343942,202.9437738332628,198.12390675810738,200.89713561270406,200.89713561270406,17511897.0,sample,2026-09-24 19:05:19.565601+00:00
TSLA,2025-01-12 01:15:00+00:00,201.20304705035352,202.9357122727505,200.99881745862385,201.581034192505,201.581034192505,9343025.0,sample,2026-09-24 19:05:19.565601+00:00
TSLA,2025-01-12 01:30:00+00:00,202.06962867184393,202.6727401295364,201.11982713525404,201.51064897317582,201.51064897317582,2222000.0,sample,2026-09-24 19:05:19.565601+00:00
TSLA,2025-01-12 01:45:00+00:00,202.02706193645201,204.03040417992503,200.49212301190911,201.74952628965386,201.74952628965386,9456755.0,sample,2026-09-24 19:05:19.565601+00:00
TSLA,2025-01-12 02:00:00+00:00,201.45995053973283,202.3940780454722,199.8223463574101,200.45156650189116,200.45156650189116,15022176.0,sample,2026-09-24 19:05:19.565601+00:00
TSLA,2025-01-12 02:15:00+00:00,200.23723827846268,202.17164739574955,197.50457108037276,199.6837892304255,199.6837892304255,7688585.0,sample,2026-09-24 19:05:19.565601+00:00
TSLA,2025-01-12 02:30:00+00:00,200.41345292134446,202.62922890121504,198.03120046875821,198.45089184107673,198.45089184107673,13029849.0,sample,2026-09-24 19:05:19.565601+00:00
TSLA,2025-01-12 02:45:00+00:00,198.26924459012017,199.0040292061925,197.18265909061486,197.81371900397798,197.81371900397798,5153470.0,sample,2026-09-24 19:05:19.565601+00:00
TSLA,2025-01-12 03:00:00+00:00,197.43118750243576,200.32482589097202,197.0418687526768,198.37258556235403,198.37258556235403,15655778.0,sample,2026-09-24 19:05:19.565601+00:00
TSLA,2025-01-12 03:15:00+00:00,198.51256852016067,199.1293714789352,195.54996563225748,197.63059314855283,197.63059314855283,6316987.0,sample,2026-09-24 19:05:19.565601+00:00
TSLA,2025-01-12 03:30:00+00:00,197.70750821141903,200.0081823582658,195.77748765233787,198.93685644570252,198.93685644570252,15176762.0,sample,2026-09-24 19:05:19.565601+00:00
TSLA,2025-01-12 03:45:00+00:00,198.89812210019286,199.7574136684463,196.41207958179973,197.93785101552268,197.93785101552268,8940146.0,sample,2026-09-24 19:05:19.565601+00:00
TSLA,2025-01-12 04:00:00+00:00,197.77508885237756,199.17250926774673,195.87838715481627,198.71805052437998,198.71805052437998,12542439.0,sample,2026-09-24 19:05:19.565601+00:00
TSLA,2025-01-12 04:15:00+00:00,199.46348667280932,200.1539240834008,198.45901013978022,198.8360458558341,198.8360458558341,7706687.0,sample,2026-09-24 19:05:19.565601+00:00
TSLA,2025-01-12 04:30:00+00:00,198.1309948320146,201.69126864227684,196.17492475253593,200.2045807381794,200.2045807381794,5890473.0,sample,2026-09-24 19:05:19.565601+00:00
TSLA,2025-01-12 04:45:00+00:00,200.3585099617123,203.5943335150573,198.59386642526044,201.25413974079214,201.25413974079214,17785052.0,sample,2026-09-24 19:05:19.565601+00:00
TSLA,2025-01-12 05:00:00+00:00,201.51718740219977,203.88253107345562,199.91904872850662,202.7171756758708,202.7171756758708,15905279.0,sample,2026-09-24 19:05:19.565601+00:00
TSLA,2025-01-12 05:15:00+00:00,202.53614159274014,205.74567483332373,202.3334102047674,203.41252175695425,203.41252175695425,10863264.0,sample,2026-09-24 19:05:19.565601+00:00
TSLA,2025-01-12 05:30:00+00:00,204.09842798318118,204.69536272715797,203.28851341777772,204.05266824763385,204.05266824763385,5060650.0,sample,2026-09-24 19:05:19.565601+00:00
TSLA,2025-01-12 05:45:00+00:00,203.76342294570512,206.15118468873342,203.1587007404309,203.91697894920534,203.91697894920534,16779945.0,sample,2026-09-24 19:05:19.565601+00:00
TSLA,2025-01-12 06:00:00+00:00,203.70561186262498,205.97946763720225,200.83886527682287,202.92728037628174,202.92728037628174,14371248.0,sample,2026-09-24 19:05:19.565601+00:00
TSLA,2025-01-12 06:15:00+00:00,202.3973316208763,204.66153296137486,200.73212408824185,202.73608552634732,202.73608552634732,8881606.0,sample,2026-09-24 19:05:19.565601+00:00
TSLA,2025-01-12 06:30:00+00:00,203.39566556422432,204.4389562754823,201.51352904541284,202.69348750455623,202.69348750455623,15081128.0,sample,2026-09-24 19:05:19.565601+00:00
TSLA,2025-01-12 06:45:00+00:00,202.42786873379575,204.71139849945882,201.4912176601478,203.65139588693035,203.65139588693035,12669900.0,sample,2026-09-24 19:05:19.565601+00:00
TSLA,2025-01-12 07:00:00+00:00,203.94317162670905,204.1956218062103,202.92873964393294,203.7202787188183,203.7202787188183,6404017.0,sample,2026-09-24 19:05:19.565601+00:00
TSLA,2025-01-12 07:15:00+00:00,203.08755339406198,204.1208387690383,202.32804748376336,203.16012703256382,203.16012703256382,11863841.0,sample,2026-09-24 19:05:19.565601+00:00
TSLA,2025-01-12 07:30:00+00:00,202.65492777885711,204.57368185405846,200.6271957633011,203.81711616424357,203.81711616424357,12218894.0,sample,2026-09-24 19:05:19.565601+00:00
TSLA,2025-01-12 07:45:00+00:00,203.7697594231225,206.9252452250384,201.39213181993054,204.97295361264398,204.97295361264398,3016798.0,sample,2026-09-24 19:05:19.565601+00:00
TSLA,2025-01-12 08:00:00+00:00,204.33108790596987,206.53081750130045,203.6804221286915,204.81436251350823,204.81436251350823,9815549.0,sample,2026-09-24 19:05:19.565601+00:00
TSLA,2025-01-12 08:15:00+00:00,204.8109130964314,206.6277593288339,204.3293907254473,205.0775535197612,205.0775535197612,15383677.0,sample,2026-09-24 19:05:19.565601+00:00
TSLA,2025-01-12 08:30:00+00:00,205.084916893525,206.61689600781747,202.63499214226135,204.96418949845852,204.96418949845852,13460824.0,sample,2026-09-24 19:05:19.565601+00:00
TSLA,2025-01-12 08:45:00+00:00,204.95681874252728,207.73305969292258,203.96190687037537,206.99173821004197,206.99173821004197,6842864.0,sample,2026-09-24 19:05:19.565601+00:00
TSLA,2025-01-12 09:00:00+00:00,207.36689424451723,208.88486510424408,204.7478393165331,206.64716044894004,206.64716044894004,2709450.0,sample,2026-09-24 19:05:19.565601+00:00
TSLA,2025-01-12 09:15:00+00:00,206.56304558622097,208.913293491819,204.0183935093021,204.61404106482487,204.61404106482487,5995992.0,sample,2026-09-24 19:05:19.565601+00:00
TSLA,2025-01-12 09:30:00+00:00,204.41673834432012,206.67655406566774,203.05077493984524,204.11863850777056,204.11863850777056,14833631.0,sample,2026-09-24 19:05:19.565601+00:00
TSLA,2025-01-12 09:45:00+00:00,204.07651243533448,208.35370966124944,202.20728147851105,206.0407866864903,206.0407866864903,8233673.0,sample,2026-09-24 19:05:19.565601+00:00
TSLA,2025-01-12 10:00:00+00:00,205.9898394406312,207.56316815783939,203.0436170095048,205.2464241223469,205.2464241223469,6157591.0,sample,2026-09-24 19:05:19.565601+00:00
TSLA,2025-01-12 10:15:00+00:00,204.8436328077847,206.87850177597505,203.42756447636833,203.80549426956964,203.80549426956964,3386300.0,sample,2026-09-24 19:05:19.565601+00:00
TSLA,2025-01-12 10:30:00+00:00,203.5125888746732,206.73053297739514,202.65267782005438,204.42045938457252,204.42045938457252,7161504.0,sample,2026-09-24 19:05:19.565601+00:00
TSLA,2025-01-12 10:45:00+00:00,204.1853120457051,208.39742198475128,201.79175984647887,206.87049155646997,206.87049155646997,4365061.0,sample,2026-09-24 19:05:19.565601+00:00
TSLA,2025-01-12 11:00:00+00:00,206.75253519250552,208.53999344070468,206.49593013261543,208.06165553449347,208.06165553449347,5130469.0,sample,2026-09-24 19:05:19.565601+00:00
TSLA,2025-01-12 11:15:00+00:00,207.849713624513,210.13999353911382,204.86319389449048,207.30844274665301,207.30844274665301,8287365.0,sample,2026-09-24 19:05:19.565601+00:00
TSLA,2025-01-12 11:30:00+00:00,206.41254582535933,207.77484495606714,204.27300205497352,207.33696977823087,207.33696977823087,6735786.0,sample,2026-09-24 19:05:19.565601+00:00
TSLA,2025-01-12 11:45:00+00:00,207.8775352440146,209.63603894246788,204.2700914940291,206.37054686202632,206.37054686202632,3643615.0,sample,2026-09-24 19:05:19.565601+00:00
TSLA,2025-01-12 12:00:00+00:00,206.13176050513684,207.50850443790054,205.24524047823505,206.68205367405002,206.68205367405002,6383928.0,sample,2026-09-24 19:05:19.565601+00:00
TSLA,2025-01-12 12:15:00+00:00,206.71679932632503,211.0022200246365,204.42373334032504,208.80377569055076,208.80377569055076,3598628.0,sample,2026-09-24 19:05:19.565601+00:00
TSLA,2025-01-12 12:30:00+00:00,208.46053157532316,210.6204141952444,207.93030994867593,208.8289863685331,208.8289863685331,13832155.0,sample,2026-09-24 19:05:19.565601+00:00
TSLA,2025-01-12 12:45:00+00:00,209.5008879250357,211.9049319891731,207.53536130574992,210.17622358203673,210.17622358203673,9453232.0,sample,2026-09-24 19:05:19.565601+00:00
TSLA,2025-01-12 13:00:00+00:00,210.64636917082393,212.88893934780052,207.87705097444277,210.29212405608357,210.29212405608357,13093488.0,sample,2026-09-24 19:05:19.565601+00:00
TSLA,2025-01-12 13:15:00+00:00,209.87806305132787,210.51246366754575,208.56897574426236,210.27896231132777,210.27896231132777,17622739.0,sample,2026-09-24 19:05:19.565601+00:00
TSLA,2025-01-12 13:30:00+00:00,210.34396465828482,212.10467780528995,209.22072058076517,210.9505523516251,210.9505523516251,2748540.0,sample,2026-09-24 19:05:19.565601+00:00
TSLA,2025-01-12 13:45:00+00:00,210.96052936606594,211.90449678762312,209.47939556366978,209.930948607397,209.930948607397,9784934.0,sample,2026-09-24 19:05:19.565601+00:00
TSLA,2025-01-12 14:00:00+00:00,209.055762144925,209.58310348764329,207.22570491831894,207.90697920429346,207.90697920429346,17965839.0,sample,2026-09-24 19:05:19.565601+00:00
TSLA,2025-01-12 14:15:00+00:00,207.96948413400509,210.73734173544997,205.78372014412247,208.59514407555457,208.59514407555457,12072650.0,sample,2026-09-24 19:05:19.565601+00:00
TSLA,2025-01-12 14:30:00+00:00,208.11018336694858,210.11808417066675,207.2176346845783,209.58927532567893,209.58927532567893,4932957.0,sample,2026-09-24 19:05:19.565601+00:00
TSLA,2025-01-12 14:45:00+00:00,209.86936571233989,210.6761997118709,208.64549725833822,210.21860265391237,210.21860265391237,10737889.0,sample,2026-09-24 19:05:19.565601+00:00
TSLA,2025-01-12 15:00:00+00:00,210.29493511639208,212.19460952194672,207.14294803357646,208.91018974437267,208.91018974437267,17208711.0,sample,2026-09-24 19:05:19.565601+00:00
TSLA,2025-01-12 15:15:00+00:00,209.21149680499903,210.34070639046334,208.02617708007625,209.51610871699413,209.51610871699413,13988997.0,sample,2026-09-24 19:05:19.565601+00:00
TSLA,2025-01-12 15:30:00+00:00,209.814287555804,212.3071421108124,209.03134247229178,210.32778781572378,210.32778781572378,16357167.0,sample,2026-09-24 19:05:19.565601+00:00
TSLA,2025-01-12 15:45:00+00:00,210.71419720046148,212.44560633659577,207.1900426359129,209.156517307165,209.156517307165,5566359.0,sample,2026-09-24 19:05:19.565601+00:00
TSLA,2025-01-12 16:00:00+00:00,207.6563341436915,211.3567001838665,207.03278255232215,209.3309033384945,209.3309033384945,12756977.0,sample,2026-09-24 19:05:19.565601+00:00
TSLA,2025-01-12 16:15:00+00:00,210.03355240946604,210.51736740020266,208.18487991805375,209.3882224273407,209.3882224273407,3978359.0,sample,2026-09-24 19:05:19.565601+00:00
TSLA,2025-01-12 16:30:00+00:00,209.09552581862224,210.31744327539636,207.53777461017123,209.61000204323113,209.61000204323113,5931752.0,sample,2026-09-24 19:05:19.565601+00:00
TSLA,2025-01-12 16:45:00+00:00,208.7482180878598,210.29791402786654,208.35490642550366,208.99635456152626,208.99635456152626,13043222.0,sample,2026-09-24 19:05:19.565601+00:00
TSLA,2025-01-12 17:00:00+00:00,209.2262872617571,212.2733268839684,208.4865570454125,210.10359232341312,210.10359232341312,6801330.0,sample,2026-09-24 19:05:19.565601+00:00
TSLA,2025-01-12 17:15:00+00:00,210.28071754272923,212.9379160941668,208.4358477377271,210.42223542928454,210.42223542928454,15149378.0,sample,2026-09-24 19:05:19.565601+00:00
TSLA,2025-01-12 17:30:00+00:00,210.31726587523468,212.28112844707675,208.20033159069567,209.2214594435805,209.2214594435805,17862853.0,sample,2026-09-24 19:05:19.565601+00:00
TSLA,2025-01-12 17:45:00+00:00,209.32182043521433,211.17900009722186,207.37430292047972,209.34088257299882,209.34088257299882,4899731.0,sample,2026-09-24 19:05:19.565601+00:00
TSLA,2025-01-12 18:00:00+00:00,209.65055243470707,210.4812496717821,207.2867770094477,209.44411820937265,209.44411820937265,16489818.0,sample,2026-09-24 19:05:19.565601+00:00
TSLA,2025-01-12 18:15:00+00:00,209.6765665962737,211.6131287487931,207.49813156490038,208.18464074800696,208.18464074800696,2442305.0,sample,2026-09-24 19:05:19.565601+00:00
TSLA,2025-01-12 18:30:00+00:00,208.1586114946645,209.04215624804206,206.13651148067362,206.93978825170265,206.93978825170265,16857416.0,sample,2026-09-24 19:05:19.565601+00:00
TSLA,2025-01-12 18:45:00+00:00,206.6606126182885,208.51822441572145,206.28648232228358,207.17628813506434,207.17628813506434,16909204.0,sample,2026-09-24 19:05:19.565601+00:00
TSLA,2025-01-12 19:00:00+00:00,207.6536830875295,209.542754797542,206.65863919612724,207.69537278367514,207.69537278367514,15694393.0,sample,2026-09-24 19:05:19.565601+00:00
TSLA,2025-01-12 19:15:00+00:00,207.67488170850618,208.2340890886075,205.41532533200981,206.70977858268697,206.70977858268697,4531030.0,sample,2026-09-24 19:05:19.565601+00:00
TSLA,2025-01-12 19:30:00+00:00,206.6881362898625,207.89788175367335,205.10590695975844,207.21662380607077,207.21662380607077,8951042.0,sample,2026-09-24 19:05:19.565601+00:00
TSLA,2025-01-12 19:45:00+00:00,206.93942663347983,208.24835451944398,206.60978337976374,207.06269576661424,207.06269576661424,6972671.0,sample,2026-09-24 19:05:19.565601+00:00
TSLA,2025-01-12 20:00:00+00:00,206.97283738342054,209.20435601452238,203.7680228646651,205.3642072365206,205.3642072365206,7292263.0,sample,2026-09-24 19:05:19.565601+00:00
TSLA,2025-01-12 20:15:00+00:00,205.4180870098358,208.97548010211696,203.16944177227714,206.69631776991517,206.69631776991517,2764514.0,sample,2026-09-24 19:05:19.565601+00:00
TSLA,2025-01-12 20:30:00+00:00,206.41915597599305,208.30281401281135,205.6386672679314,206.2739326275443,206.2739326275443,13489434.0,sample,2026-09-24 19:05:19.565601+00:00
TSLA,2025-01-12 20:45:00+00:00,206.50286274643784,208.41222400012296,203.46211285612628,205.48930845178222,205.48930845178222,8219167.0,sample,2026-09-24 19:05:19.565601+00:00
TSLA,2025-01-12 21:00:00+00:00,204.99696937115704,206.4805378790507,203.14756457873966,205.948152569405,205.948152569405,17425818.0,sample,2026-09-24 19:05:19.565601+00:00
TSLA,2025-01-12 21:15:00+00:00,206.0017618848604,207.87081153711472,205.3804032832835,205.6132062794039,205.6132062794039,7805124.0,sample,2026-09-24 19:05:19.565601+00:00
TSLA,2025-01-12 21:30:00+00:00,204.85833156256805,205.07388496989137,202.0491328855925,204.08747546469542,204.08747546469542,13486383.0,sample,2026-09-24 19:05:19.565601+00:00
TSLA,2025-01-12 21:45:00+00:00,203.9875339710454,207.79944315202226,201.88916806141748,205.8199110787705,205.8199110787705,14897807.0,sample,2026-09-24 19:05:19.565601+00:00
TSLA,2025-01-12 22:00:00+00:00,205.7028079679749,209.22436762585897,203.57572982671712,207.79714609656233,207.79714609656233,14321406.0,sample,2026-09-24 19:05:19.565601+00:00
TSLA,2025-01-12 22:15:00+00:00,207.78040939045732,210.25024965215488,205.43503132853655,208.70948508392888,208.70948508392888,1647112.0,sample,2026-09-24 19:05:19.565601+00:00
TSLA,2025-01-12 22:30:00+00:00,208.97133303188542,209.9739989328606,206.56097843039325,209.26085370924466,209.26085370924466,15886878.0,sample,2026-09-24 19:05:19.565601+00:00
TSLA,2025-01-12 22:45:00+00:00,209.27046296507453,210.98002063326703,208.18384538764354,208.90666892758395,208.90666892758395,6705671.0,sample,2026-09-24 19:05:19.565601+00:00
TSLA,2025-01-12 23:00:00+00:00,208.7027475901919,212.35278179623728,207.29559673487003,210.45040918845572,210.45040918845572,15678071.0,sample,2026-09-24 19:05:19.565601+00:00
TSLA,2025-01-12 23:15:00+00:00,210.62223216528767,212.52361099860062,209.7140674479813,210.42491061215523,210.42491061215523,3825724.0,sample,2026-09-24 19:05:19.565601+00:00
TSLA,2025-01-12 23:30:00+00:00,210.38444147556183,212.2590595674527,208.1665137470616,209.57136257099742,209.57136257099742,3280882.0,sample,2026-09-24 19:05:19.565601+00:00
TSLA,2025-01-12 23:45:00+00:00,209.03871760207656,212.4627266025248,208.321925348672,209.97006012356243,209.97006012356243,9422762.0,sample,2026-09-24 19:05:19.565601+00:00
TSLA,2025-01-13 00:00:00+00:00,209.88169836821373,210.40240312225495,208.21529035192918,209.42822483444743,209.42822483444743,11658072.0,sample,2026-09-24 19:05:19.565601+00:00
TSLA,2025-01-13 00:15:00+00:00,209.04169613781693,211.2683215255861,206.62711637437548,210.20386913536174,210.20386913536174,14970052.0,sample,2026-09-24 19:05:19.565601+00:00
TSLA,2025-01-13 00:30:00+00:00,209.55369415347977,211.571843670535,207.26452918063728,210.5620591192842,210.5620591192842,17179430.0,sample,2026-09-24 19:05:19.565601+00:00
TSLA,2025-01-13 00:45:00+00:00,211.4368617922187,213.6429898698706,210.74565502727754,211.52005400572037,211.52005400572037,3088947.0,sample,2026-09-24 19:05:19.565601+00:00
TSLA,2025-01-13 01:00:00+00:00,211.80913697731376,212.5504688461516,210.1200145037495,211.49505448330964,211.49505448330964,9268358.0,sample,2026-09-24 19:05:19.565601+00:00
TSLA,2025-01-13 01:15:00+00:00,211.56991885258884,214.3468058440064,210.4495160489291,212.2624196406627,212.2624196406627,14029746.0,sample,2026-09-24 19:05:19.565601+00:00
TSLA,2025-01-13 01:30:00+00:00,212.6204778709606,214.09131125324734,210.95474649988768,212.37117968976634,212.37117968976634,4571741.0,sample,2026-09-24 19:05:19.565601+00:00
TSLA,2025-01-13 01:45:00+00:00,212.24616074490768,215.63372184368038,210.6829286790001,213.26046318848344,213.26046318848344,11386738.0,sample,2026-09-24 19:05:19.565601+00:00
TSLA,2025-01-13 02:00:00+00:00,213.08740567185447,215.56420843097354,212.4707007770827,213.2669349996226,213.2669349996226,2934474.0,sample,2026-09-24 19:05:19.565601+00:00
TSLA,2025-01-13 02:15:00+00:00,212.82509814236025,214.440007682839,211.7001824336,214.05642174833733,214.05642174833733,2499552.0,sample,2026-09-24 19:05:19.565601+00:00
TSLA,2025-01-13 02:30:00+00:00,214.22937620267362,215.38625204389388,213.0977633125135,214.86602865929106,214.86602865929106,2453284.0,sample,2026-09-24 19:05:19.565601+00:00
TSLA,2025-01-13 02:45:00+00:00,214.96602693579254,217.7567077886616,212.47832000917506,215.24636900515412,215.24636900515412,1597739.0,sample,2026-09-24 19:05:19.565601+00:00
TSLA,2025-01-13 03:00:00+00:00,215.01593460361704,215.77442251461116,211.26516075250603,213.71780217971704,213.71780217971704,13612931.0,sample,2026-09-24 19:05:19.565601+00:00
TSLA,2025-01-13 03:15:00+00:00,213.26791718977728,214.2449230784761,212.8604091625981,213.130924863644,213.130924863644,16752344.0,sample,2026-09-24 19:05:19.565601+00:00
TSLA,2025-01-13 03:30:00+00:00,213.78129678161824,216.20044922164288,211.72137352413148,212.0745183824842,212.0745183824842,3482493.0,sample,2026-09-24 19:05:19.565601+00:00
TSLA,2025-01-13 03:45:00+00:00,212.4719565880854,213.34307419722268,210.9075770456714,212.09866639502232,212.09866639502232,13903326.0,sample,2026-09-24 19:05:19.565601+00:00
TSLA,2025-01-13 04:00:00+00:00,212.47601734648006,214.62555216934032,210.97836546620383,212.66871556965768,212.66871556965768,17860164.0,sample,2026-09-24 19:05:19.565601+00:00
TSLA,2025-01-13 04:15:00+00:00,212.84432718482967,213.75176080440363,210.40152154420815,213.03647517060162,213.03647517060162,7517951.0,sample,2026-09-24 19:05:19.565601+00:00
TSLA,2025-01-13 04:30:00+00:00,212.49525209088083,214.5380321137243,210.62868887669478,212.65697598123265,212.65697598123265,6944174.0,sample,2026-09-24 19:05:19.565601+00:00
TSLA,2025-01-13 04:45:00+00:00,211.655163405055,212.0913079938618,210.47523451650727,211.55802376897736,211.55802376897736,1808184.0,sample,2026-09-24 19:05:19.565601+00:00
TSLA,2025-01-13 05:00:00+00:00,211.76834686240164,212.62253447748307,210.4729321509045,211.85744362405347,211.85744362405347,4775079.0,sample,2026-09-24 19:05:19.565601+00:00
TSLA,2025-01-13 05:15:00+00:00,212.1506381563702,213.03799411992122,209.97540309315494,211.01939950018007,211.01939950018007,9878943.0,sample,2026-09-24 19:05:19.565601+00:00
TSLA,2025-01-13 05:30:00+00:00,210.42539573874572,211.81801025678,208.62951336130217,210.3489854604337,210.3489854604337,11928117.0,sample,2026-09-24 19:05:19.565601+00:00
TSLA,2025-01-13 05:45:00+00:00,211.09352587480848,212.06762320220977,206.7531050535329,209.22408258744244,209.22408258744244,9604079.0,sample,2026-09-24 19:05:19.565601+00:00
TSLA,2025-01-13 06:00:00+00:00,208.7117661276088,209.26147771292008,208.3830041927733,208.6576162221534,208.6576162221534,14167954.0,sample,2026-09-24 19:05:19.565601+00:00
TSLA,2025-01-13 06:15:00+00:00,208.52077185008753,209.03837786492238,206.26935468890414,208.29732688481155,208.29732688481155,12962221.0,sample,2026-09-24 19:05:19.565601+00:00
TSLA,2025-01-13 06:30:00+00:00,208.42318455996758,209.77457252018402,207.15433004873117,209.28202928688182,209.28202928688182,14252871.0,sample,2026-09-24 19:05:19.565601+00:00
TSLA,2025-01-13 06:45:00+00:00,209.65420625385147,210.56307206656092,206.8791158215042,209.0770329571622,209.0770329571622,12182603.0,sample,2026-09-24 19:05:19.565601+00:00
TSLA,2025-01-13 07:00:00+00:00,209.97145044826405,211.73414662936574,207.75416146934018,208.24728293549296,208.24728293549296,14590307.0,sample,2026-09-24 19:05:19.565601+00:00
TSLA,2025-01-13 07:15:00+00:00,208.3280790609508,208.92023016280208,205.17071057829338,207.6308620965149,207.6308620965149,5103812.0,sample,2026-09-24 19:05:19.565601+00:00
TSLA,2025-01-13 07:30:00+00:00,207.06601939191071,209.54268070752474,206.85011081362876,207.59064908956398,207.59064908956398,2367414.0,sample,2026-09-24 19:05:19.565601+00:00
TSLA,2025-01-13 07:45:00+00:00,207.7847788911597,210.1440653158295,206.4514377142456,207.37044814413326,207.37044814413326,4960653.0,sample,2026-09-24 19:05:19.565601+00:00
TSLA,2025-01-13 08:00:00+00:00,207.34482389892818,210.8372469976023,206.52753977827743,208.8823228703832,208.8823228703832,10467867.0,sample,2026-09-24 19:05:19.565601+00:00
TSLA,2025-01-13 08:15:00+00:00,209.3024547712896,212.91208924896029,208.54872337884206,210.96020594209645,210.96020594209645,16076053.0,sample,2026-09-24 19:05:19.565601+00:00
TSLA,2025-01-13 08:30:00+00:00,210.7472086083945,214.17980845072785,208.81892982099353,211.9372279163943,211.9372279163943,5966179.0,sample,2026-09-24 19:05:19.565601+00:00
TSLA,2025-01-13 08:45:00+00:00,210.84541575337596,214.68932923190198,209.54865183029438,213.15856856614076,213.15856856614076,8960513.0,sample,2026-09-24 19:05:19.565601+00:00
TSLA,2025-01-13 09:00:00+00:00,213.13177040463646,214.31121473743804,212.03482382812817,213.98255656414202,213.98255656414202,2707504.0,sample,2026-09-24 19:05:19.565601+00:00
TSLA,2025-01-13 09:15:00+00:00,214.04439458042933,216.0004949297522,212.16270472018837,212.3882811140932,212.3882811140932,6883859.0,sample,2026-09-24 19:05:19.565601+00:00
TSLA,2025-01-13 09:30:00+00:00,212.90342518227496,214.35057691075582,211.31305338414433,211.7715451839041,211.7715451839041,14134218.0,sample,2026-09-24 19:05:19.565601+00:00
TSLA,2025-01-13 09:45:00+00:00,211.8184651746034,214.2143299071245,209.43698201667115,212.9399088517956,212.9399088517956,9829768.0,sample,2026-09-24 19:05:19.565601+00:00
TSLA,2025-01-13 10:00:00+00:00,213.10810473521133,215.2508341360498,211.44302172671746,212.9560714315958,212.9560714315958,17717677.0,sample,2026-09-24 19:05:19.565601+00:00
TSLA,2025-01-13 10:15:00+00:00,213.2530289677455,213.83146285295803,211.37909596778232,212.88266708315456,212.88266708315456,12880408.0,sample,2026-09-24 19:05:19.565601+00:00
TSLA,2025-01-13 10:30:00+00:00,213.2723182986755,214.46552952902286,209.99945203794005,212.50688492995943,212.50688492995943,15826809.0,sample,2026-09-24 19:05:19.565601+00:00
TSLA,2025-01-13 10:45:00+00:00,211.91672736943065,214.98893273422405,211.18857330095605,213.84370754044372,213.84370754044372,8807845.0,sample,2026-09-24 19:05:19.565601+00:00
TSLA,2025-01-13 11:00:00+00:00,214.04607634207562,216.97399628284222,213.54868911467693,215.01446468487586,215.01446468487586,6250604.0,sample,2026-09-24 19:05:19.565601+00:00
TSLA,2025-01-13 11:15:00+00:00,215.26248181173216,218.11362757388085,213.39864412103046,216.49144834970426,216.49144834970426,7648673.0,sample,2026-09-24 19:05:19.565601+00:00
TSLA,2025-01-13 11:30:00+00:00,215.69242032899942,217.47526530330086,214.32337770429336,216.6686779705482,216.6686779705482,6504217.0,sample,2026-09-24 19:05:19.565601+00:00
TSLA,2025-01-13 11:45:00+00:00,216.95283122644625,219.73645687866153,215.7457473155196,217.63972310727576,217.63972310727576,5133427.0,sample,2026-09-24 19:05:19.565601+00:00
TSLA,2025-01-13 12:00:00+00:00,218.0809913889408,218.42432636740136,216.83347363358803,218.14251493551302,218.14251493551302,8233401.0,sample,2026-09-24 19:05:19.565601+00:00
TSLA,2025-01-13 12:15:00+00:00,217.42821240109095,219.1860051280871,216.1834390368259,217.7249795770771,217.7249795770771,16478852.0,sample,2026-09-24 19:05:19.565601+00:00
TSLA,2025-01-13 12:30:00+00:00,217.28854982835796,220.21306175084908,216.55206284202652,218.44049955550057,218.44049955550057,14550059.0,sample,2026-09-24 19:05:19.565601+00:00
TSLA,2025-01-13 12:45:00+00:00,218.52596628587997,219.78362648649264,216.48442540275875,219.51576412073743,219.51576412073743,12616915.0,sample,2026-09-24 19:05:19.565601+00:00
TSLA,2025-01-13 13:00:00+00:00,219.61629442259988,222.88030467178913,218.24829787626527,221.0650467871056,221.0650467871056,2644027.0,sample,2026-09-24 19:05:19.565601+00:00
TSLA,2025-01-13 13:15:00+00:00,220.98612738289515,223.04067797350135,219.39234029818368,220.98942960242866,220.98942960242866,14493383.0,sample,2026-09-24 19:05:19.565601+00:00
TSLA,2025-01-13 13:30:00+00:00,220.7190545070764,222.28523701419834,218.27545500703545,220.90314631447708,220.90314631447708,2454071.0,sample,2026-09-24 19:05:19.565601+00:00
TSLA,2025-01-13 13:45:00+00:00,220.44040753872991,220.7948457642794,218.23768259665655,219.81230558842734,219.81230558842734,2177238.0,sample,2026-09-24 19:05:19.565601+00:00
TSLA,2025-01-13 14:00:00+00:00,219.4914817627681,222.5169104407541,218.68027910843406,220.03824860652682,220.03824860652682,3000497.0,sample,2026-09-24 19:05:19.565601+00:00
TSLA,2025-01-13 14:15:00+00:00,221.2152646265871,223.48792993065518,220.4141135195001,221.13437917417815,221.13437917417815,9490913.0,sample,2026-09-24 19:05:19.565601+00:00
TSLA,2025-01-13 14:30:00+00:00,220.91478809612275,225.25072159551092,218.95268279714182,222.94388049697088,222.94388049697088,16674490.0,sample,2026-09-24 19:05:19.565601+00:00
TSLA,2025-01-13 14:45:00+00:00,223.42239552144412,225.6092196378155,221.3219187595798,221.85913654929897,221.85913654929897,15695339.0,sample,2026-09-24 19:05:19.565601+00:00
TSLA,2025-01-13 15:00:00+00:00,222.27578341327168,222.91872330732036,219.46577577268923,221.65236974777764,221.65236974777764,4803175.0,sample,2026-09-24 19:05:19.565601+00:00
TSLA,2025-01-13 15:15:00+00:00,221.74497363330605,224.07383935834622,221.24496233426024,222.50773020953852,222.50773020953852,3049792.0,sample,2026-09-24 19:05:19.565601+00:00
TSLA,2025-01-13 15:30:00+00:00,221.93747833588688,224.48944456798554,221.55910796438752,223.15253358616732,223.15253358616732,7966497.0,sample,2026-09-24 19:05:19.565601+00:00
TSLA,2025-01-13 15:45:00+00:00,223.9009514911093,225.34699583861183,220.03195427747426,222.63706688466678,222.63706688466678,6947827.0,sample,2026-09-24 19:05:19.565601+00:00
TSLA,2025-01-13 16:00:00+00:00,223.30099302916653,223.62899669397385,220.95388584785366,221.30320430399652,221.30320430399652,10518754.0,sample,2026-09-24 19:05:19.565601+00:00
TSLA,2025-01-13 16:15:00+00:00,221.6600405207403,223.63573653308083,220.09390046615354,221.8213119056706,221.8213119056706,6418892.0,sample,2026-09-24 19:05:19.565601+00:00
TSLA,2025-01-13 16:30:00+00:00,222.23096393250913,223.8227655673527,220.69279456876788,222.7929696557429,222.7929696557429,14551661.0,sample,2026-09-24 19:05:19.565601+00:00
TSLA,2025-01-13 16:45:00+00:00,222.80066154253592,223.62973746350343,220.42398010363203,222.25128833208615,222.25128833208615,12026212.0,sample,2026-09-24 19:05:19.565601+00:00
TSLA,2025-01-13 17:00:00+00:00,222.4635662738606,222.99512868457413,220.36430357476826,221.58102672551482,221.58102672551482,9553463.0,sample,2026-09-24 19:05:19.565601+00:00
TSLA,2025-01-13 17:15:00+00:00,221.34501468981443,223.03563584342396,220.67250228053285,221.38376173972995,221.38376173972995,1769125.0,sample,2026-09-24 19:05:19.565601+00:00
TSLA,2025-01-13 17:30:00+00:00,220.7192984671277,222.47224472873344,219.24204124460536,220.34886950716975,220.34886950716975,15366006.0,sample,2026-09-24 19:05:19.565601+00:00
TSLA,2025-01-13 17:45:00+00:00,219.86310620784207,223.36706549622562,218.6889673947443,221.2503136551566,221.2503136551566,6467507.0,sample,2026-09-24 19:05:19.565601+00:00
TSLA,2025-01-13 18:00:00+00:00,221.74120431698745,223.91110190588262,218.6419622629144,220.74830647207315,220.74830647207315,11975619.0,sample,2026-09-24 19:05:19.565601+00:00
TSLA,2025-01-13 18:15:00+00:00,220.2600389742346,223.47429505476083,218.49410199957154,220.8983802040673,220.8983802040673,16685391.0,sample,2026-09-24 19:05:19.565601+00:00
TSLA,2025-01-13 18:30:00+00:00,220.20500806027167,221.55271234123245,219.33390879161442,220.0735788903815,220.0735788903815,8312254.0,sample,2026-09-24 19:05:19.565601+00:00
TSLA,2025-01-13 18:45:00+00:00,220.10001089509527,220.6944402183286,219.3117659559319,220.4374442576352,220.4374442576352,17271440.0,sample,2026-09-24 19:05:19.565601+00:00
TSLA,2025-01-13 19:00:00+00:00,220.713823400054,221.83579278325095,218.27351365176597,220.57140188978948,220.57140188978948,12420150.0,sample,2026-09-24 19:05:19.565601+00:00
TSLA,2025-01-13 19:15:00+00:00,220.95573184000276,222.61502813661625,220.23416654202293,220.8921509483262,220.8921509483262,8846718.0,sample,2026-09-24 19:05:19.565601+00:00
TSLA,2025-01-13 19:30:00+00:00,220.58807423843604,222.00113288631024,218.48619892644777,221.38065909028657,221.38065909028657,17748793.0,sample,2026-09-24 19:05:19.565601+00:00
TSLA,2025-01-13 19:45:00+00:00,221.7805014483975,224.13662111265063,220.92995485486028,221.58653584242177,221.58653584242177,5225479.0,sample,2026-09-24 19:05:19.565601+00:00
TSLA,2025-01-13 20:00:00+00:00,221.18328717262594,224.07096530403945,220.74503462194275,221.76831058267524,221.76831058267524,4400424.0,sample,2026-09-24 19:05:19.565601+00:00
TSLA,2025-01-13 20:15:00+00:00,221.78272788897868,225.41636875334098,219.9862604572502,223.27307458304932,223.27307458304932,10527711.0,sample,2026-09-24 19:05:19.565601+00:00
TSLA,2025-01-13 20:30:00+00:00,223.54111050054556,223.78799488131517,222.13823786701144,223.19752475992027,223.19752475992027,2636875.0,sample,2026-09-24 19:05:19.565601+00:00
TSLA,2025-01-13 20:45:00+00:00,222.79144657271567,224.37345336926617,222.1940986391807,222.99223217592504,222.99223217592504,15903233.0,sample,2026-09-24 19:05:19.565601+00:00
TSLA,2025-01-13 21:00:00+00:00,223.1318155112762,224.8647316362065,220.492111741341,222.6074987723588,222.6074987723588,3534379.0,sample,2026-09-24 19:05:19.565601+00:00
TSLA,2025-01-13 21:15:00+00:00,223.2430078626434,225.67893629054495,220.02000217506568,222.07525874657136,222.07525874657136,11568382.0,sample,2026-09-24 19:05:19.565601+00:00
TSLA,2025-01-13 21:30:00+00:00,222.38754218533586,224.78976032550696,220.85777743630456,222.77733337102916,222.77733337102916,16750962.0,sample,2026-09-24 19:05:19.565601+00:00
TSLA,2025-01-13 21:45:00+00:00,223.20428958040773,224.71541031695395,220.48736133445252,221.7624804279462,221.7624804279462,10701351.0,sample,2026-09-24 19:05:19.565601+00:00
TSLA,2025-01-13 22:00:00+00:00,221.45721221424603,223.61956545804296,219.71434722208986,221.12456829607348,221.12456829607348,9964055.0,sample,2026-09-24 19:05:19.565601+00:00
TSLA,2025-01-13 22:15:00+00:00,220.9218840910201,222.7183821815911,220.3329411324264,221.761317053059,221.761317053059,2230044.0,sample,2026-09-24 19:05:19.565601+00:00
TSLA,2025-01-13 22:30:00+00:00,221.48549185226787,223.5677320159532,220.07342309021467,222.58257236134543,222.58257236134543,17035951.0,sample,2026-09-24 19:05:19.565601+00:00
TSLA,2025-01-13 22:45:00+00:00,222.8807377117645,224.67785826024095,220.80884037101828,222.28419572210956,222.28419572210956,9396203.0,sample,2026-09-24 19:05:19.565601+00:00
TSLA,2025-01-13 23:00:00+00:00,222.32812045742764,224.1369440988712,219.82514412212572,221.30670810083967,221.30670810083967,4423065.0,sample,2026-09-24 19:05:19.565601+00:00
TSLA,2025-01-13 23:15:00+00:00,222.16268122320653,224.6306233375938,221.57104244548992,222.0368593974497,222.0368593974497,10825912.0,sample,2026-09-24 19:05:19.565601+00:00
TSLA,2025-01-13 23:30:00+00:00,222.06445291554013,224.04341360494627,220.41846199337994,221.4967737138519,221.4967737138519,5397588.0,sample,2026-09-24 19:05:19.565601+00:00
TSLA,2025-01-13 23:45:00+00:00,221.06907440717313,222.3539027673664,218.76303312803748,220.62728508195485,220.62728508195485,3459882.0,sample,2026-09-24 19:05:19.565601+00:00
TSLA,2025-01-14 00:00:00+00:00,220.48139944447055,225.16640486721184,218.56330737194304,222.5135172199223,222.5135172199223,13703557.0,sample,2026-09-24 19:05:19.565601+00:00
TSLA,2025-01-14 00:15:00+00:00,222.91563376923827,224.4743180371307,220.87248157713842,221.54615981723168,221.54615981723168,8032598.0,sample,2026-09-24 19:05:19.565601+00:00
TSLA,2025-01-14 00:30:00+00:00,221.11682189557962,223.02473842120506,219.5918411510136,221.52727132216347,221.52727132216347,5781628.0,sample,2026-09-24 19:05:19.565601+00:00
TSLA,2025-01-14 00:45:00+00:00,220.89320504867342,221.2642987966358,219.62324761903497,220.37207375292363,220.37207375292363,10006882.0,sample,2026-09-24 19:05:19.565601+00:00
TSLA,2025-01-14 01:00:00+00:00,220.65964768770297,222.86915188223512,219.09901193178976,222.05732797678635,222.05732797678635,8217492.0,sample,2026-09-24 19:05:19.565601+00:00
TSLA,2025-01-14 01:15:00+00:00,221.986505966252,224.14999674592653,219.72150121880205,221.28075455065522,221.28075455065522,2139335.0,sample,2026-09-24 19:05:19.565601+00:00
